"Index","Mass","Calibrated_Mass","Calculated_Mass","Peak_Height","Peak_Area","Resolving_Power","S_N","Ion_Charge","Error_ppm","Error_Score","Isotopologue_Similarity","Confidence_Score","DBE","OtoC_ratio","HtoC_ratio","Heteroatom_Class","Ion_Type","Is_Isotopologue","Mono_Isotopic_Index","Molecular_Formula","C","H","O","N","P","S","13C","15N","17O","18O","33S","34S"
"16","242.176039","242.17625786","242.176167217","1200829.8","-9999","875829.3","19.22","-1","0.374288268","0.974900898","0","0.584940539","2","0.230769231","1.923076923","N1 O3","de-protonated","0","-9999","C13 H25 O3 N1","13","25","3","1","-9999","-9999","-9999","-9999","-9999","-9999","-9999","-9999"
"18","253.144421","253.144622371","253.144532735","880507.6","-9999","946331.8","13.39","-1","0.35409167","0.977506633","0","0.58650398","4","0.285714286","1.571428571","O4","de-protonated","0","-9999","C14 H22 O4","14","22","4","-9999","-9999","-9999","-9999","-9999","-9999","-9999","-9999","-9999"
"26","262.975821","262.976006695","262.975967805","815754.5","-9999","824827.9","12.11","-1","0.147887538","0.99603945","0","0.59762367","9","0.083333333","0.75","S2 P1 O1","de-protonated","0","-9999","C12 H9 O1 P1 S2","12","9","1","-9999","1","2","-9999","-9999","-9999","-9999","-9999","-9999"
"27","262.99114","262.991325671","262.99142065","1067084.3","-9999","546749.1","16.46","-1","-0.361149946","0.976611627","0","0.585966976","5","0.666666667","1.333333333","N4 S2 O4","de-protonated","0","-9999","C6 H8 O4 N4 S2","6","8","4","4","-9999","2","-9999","-9999","-9999","-9999","-9999","-9999"
"31","265.147323","265.147505233","265.147523916","2929210.8","-9999","844301.2","48.54","-1","-0.070462021","0.999099532","0","0.599459719","5","0.071428571","1.642857143","N2 P1 O1","de-protonated","0","-9999","C14 H23 O1 N2 P1","14","23","1","2","1","-9999","-9999","-9999","-9999","-9999","-9999","-9999"
"32","265.147752","265.147934232","265.147904038","8609851","-9999","715139.4","146.6","-1","0.113875936","0.99680439","0.985884874","0.992436584","0","0.333333333","2.166666667","S1 O4","de-protonated","0","-9999","C12 H26 O4 S1","12","26","4","-9999","-9999","1","-9999","-9999","-9999","-9999","-9999","-9999"
"33","266.151118","266.151298632","266.151258873","964774.1","-9999","620563.9","14.63","-1","0.149385157","0.995958992","0.985884874","0.991929344","0","0.333333333","2.166666667","13C1 S1 O4","de-protonated","1","32","C11 H26 O4 S1 13C1","11","26","4","-9999","-9999","1","1","-9999","-9999","-9999","-9999","-9999"
"42","269.131046","269.131221881","269.131205146","4423128.5","-9999","718764.3","74.06","-1","0.062181264","0.999298673","0","0.599579204","4","0.214285714","1.642857143","P1 O3","de-protonated","0","-9999","C14 H23 O3 P1","14","23","3","-9999","1","-9999","-9999","-9999","-9999","-9999","-9999","-9999"
"44","269.139297","269.139472868","269.139447355","2750169.3","-9999","727283.3","45.29","-1","0.094795738","0.998370789","0","0.599022473","4","0.357142857","1.571428571","O5","de-protonated","0","-9999","C14 H22 O5","14","22","5","-9999","-9999","-9999","-9999","-9999","-9999","-9999","-9999","-9999"
"45","270.134401","270.134575281","270.134696327","903227.5","-9999","894191.4","13.52","-1","-0.448093502","0.964223003","0","0.578533802","4","0.384615385","1.615384615","N1 O5","de-protonated","0","-9999","C13 H21 O5 N1","13","21","5","1","-9999","-9999","-9999","-9999","-9999","-9999","-9999","-9999"
"52","279.162973","279.163132885","279.16317398","1119592.3","-9999","695104.3","17.1","-1","-0.147207739","0.996075706","0","0.597645423","5","0.066666667","1.666666667","N2 P1 O1","de-protonated","0","-9999","C15 H25 O1 N2 P1","15","25","1","2","1","-9999","-9999","-9999","-9999","-9999","-9999","-9999"
"53","279.163394","279.163553885","279.163554103","1501544.4","-9999","728033","23.62","-1","-7.81516e-4","0.999999889","0","0.599999934","0","0.307692308","2.153846154","S1 O4","de-protonated","0","-9999","C13 H28 O4 S1","13","28","4","-9999","-9999","1","-9999","-9999","-9999","-9999","-9999","-9999"
"57","285.125922","285.126072377","285.126119766","5738306","-9999","680269","95.58","-1","-0.166200765","0.994180666","0.95875119","0.980008875","4","0.285714286","1.642857143","P1 O4","de-protonated","0","-9999","C14 H23 O4 P1","14","23","4","-9999","1","-9999","-9999","-9999","-9999","-9999","-9999","-9999"
"58","286.129271","286.129419778","286.129474601","1198349.9","-9999","729840.2","18.36","-1","-0.191602316","0.993360893","0.95875119","0.979517012","4","0.285714286","1.642857143","13C1 P1 O4","de-protonated","1","57","C13 H23 O4 P1 13C1","13","23","4","-9999","1","-9999","1","-9999","-9999","-9999","-9999","-9999"
"58","286.129271","286.129419778","286.129610946","1198349.9","-9999","729840.2","18.36","-1","-0.668119212","0.922197694","0","0.553318616","4","0.461538462","1.615384615","N1 O6","de-protonated","0","-9999","C13 H21 O6 N1","13","21","6","1","-9999","-9999","-9999","-9999","-9999","-9999","-9999","-9999"
"60","289.129032","289.129175995","289.129276594","897643.6","-9999","735223.4","13.19","-1","-0.347938208","0.978273145","0","0.586963887","3","0.538461538","1.692307692","O7","de-protonated","0","-9999","C13 H22 O7","13","22","7","-9999","-9999","-9999","-9999","-9999","-9999","-9999","-9999","-9999"
"62","293.175613","293.175750542","293.175832864","3038092.5","-9999","716033.8","49.24","-1","-0.280792344","0.985795645","0","0.591477387","5","0.235294118","1.529411765","O4","de-protonated","0","-9999","C17 H26 O4","17","26","4","-9999","-9999","-9999","-9999","-9999","-9999","-9999","-9999","-9999"
"63","293.178525","293.178662538","293.178824045","2022284.8","-9999","790295.9","32.11","-1","-0.550882122","0.946424164","0","0.567854498","5","0.0625","1.6875","N2 P1 O1","de-protonated","0","-9999","C16 H27 O1 N2 P1","16","27","1","2","1","-9999","-9999","-9999","-9999","-9999","-9999","-9999"
"64","293.179004","293.179141537","293.179204167","4654989","-9999","696452.8","76.52","-1","-0.213624484","0.991753702","0","0.595052221","0","0.285714286","2.142857143","S1 O4","de-protonated","0","-9999","C14 H30 O4 S1","14","30","4","-9999","-9999","1","-9999","-9999","-9999","-9999","-9999","-9999"
"66","297.152756","297.152887201","297.152989419","6919841","-9999","574247.1","114.24","-1","-0.343990613","0.980694392","0.979832697","0.980349714","4","0.1875","1.625","S1 O3","de-protonated","0","-9999","C16 H26 O3 S1","16","26","3","-9999","-9999","1","-9999","-9999","-9999","-9999","-9999","-9999"
"68","298.156122","298.156251601","298.156344254","1009893.9","-9999","651102.3","14.96","-1","-0.310752257","0.982630668","0.979832697","0.981511479","4","0.1875","1.625","13C1 S1 O3","de-protonated","1","66","C15 H26 O3 S1 13C1","15","26","3","-9999","-9999","1","1","-9999","-9999","-9999","-9999","-9999"
"68","298.156122","298.156251601","298.156100477","1009893.9","-9999","651102.3","14.96","-1","0.506862488","0.954453927","0","0.572672356","9","0.117647059","1.235294118","N3 O2","de-protonated","0","-9999","C17 H21 O2 N3","17","21","2","3","-9999","-9999","-9999","-9999","-9999","-9999","-9999","-9999"
"69","305.051851","305.051969606","305.051909452","895486.9","-9999","462763.1","12.97","-1","0.197192745","0.992969204","0","0.595781523","9","0.142857143","1.071428571","N2 S1 P1 O2","de-protonated","0","-9999","C14 H15 O2 N2 P1 S1","14","15","2","2","1","1","-9999","-9999","-9999","-9999","-9999","-9999"
"70","307.194101","307.19421619","307.194474109","948307.4","-9999","820153.6","13.79","-1","-0.839595193","0.879935364","0","0.527961219","5","0.058823529","1.705882353","N2 P1 O1","de-protonated","0","-9999","C17 H29 O1 N2 P1","17","29","1","2","1","-9999","-9999","-9999","-9999","-9999","-9999","-9999"
"71","307.19461","307.194725189","307.194854232","1992531.5","-9999","654940.1","31.18","-1","-0.420066722","0.968489422","0","0.581093653","0","0.266666667","2.133333333","S1 O4","de-protonated","0","-9999","C15 H32 O4 S1","15","32","4","-9999","-9999","1","-9999","-9999","-9999","-9999","-9999","-9999"
"71","307.19461","307.194725189","307.194474109","1992531.5","-9999","654940.1","31.18","-1","0.817333011","0.885844585","0","0.531506751","5","0.058823529","1.705882353","N2 P1 O1","de-protonated","0","-9999","C17 H29 O1 N2 P1","17","29","1","2","1","-9999","-9999","-9999","-9999","-9999","-9999","-9999"
"73","309.173374","309.173486034","309.173738664","1080542.3","-9999","753717","15.99","-1","-0.817113472","0.885902263","0","0.531541358","5","0.125","1.6875","N2 P1 O2","de-protonated","0","-9999","C16 H27 O2 N2 P1","16","27","2","2","1","-9999","-9999","-9999","-9999","-9999","-9999","-9999"
"74","309.173896","309.174008033","309.174118787","2212318.3","-9999","654768.9","34.84","-1","-0.358223321","0.976984774","0","0.586190864","0","0.357142857","2.142857143","S1 O5","de-protonated","0","-9999","C14 H30 O5 S1","14","30","5","-9999","-9999","1","-9999","-9999","-9999","-9999","-9999","-9999"
"74","309.173896","309.174008033","309.173738664","2212318.3","-9999","654768.9","34.84","-1","0.871254918","0.871329563","0","0.522797738","5","0.125","1.6875","N2 P1 O2","de-protonated","0","-9999","C16 H27 O2 N2 P1","16","27","2","2","1","-9999","-9999","-9999","-9999","-9999","-9999","-9999"
"78","311.168382","311.168490853","311.168639483","26838636","-9999","634491.2","444.92","-1","-0.477650801","0.961616236","0.995901374","0.975330291","4","0.176470588","1.647058824","S1 O3","de-protonated","0","-9999","C17 H28 O3 S1","17","28","3","-9999","-9999","1","-9999","-9999","-9999","-9999","-9999","-9999"
"80","312.171726","312.171833253","312.171994318","5064372.5","-9999","607700","81.95","-1","-0.515949015","0.959415614","0.995901374","0.974009918","4","0.176470588","1.647058824","13C1 S1 O3","de-protonated","1","78","C16 H28 O3 S1 13C1","16","28","3","-9999","-9999","1","1","-9999","-9999","-9999","-9999","-9999"
"80","312.171726","312.171833253","312.171750541","5064372.5","-9999","607700","81.95","-1","0.264956925","0.493671347","0.837042051","0.631019629","9","0.111111111","1.277777778","N3 O2","de-protonated","0","-9999","C18 H23 O2 N3","18","23","2","3","-9999","-9999","-9999","-9999","-9999","-9999","-9999","-9999"
"84","313.164207","313.164312671","313.164435313","1065468.8","-9999","692642.9","15.66","-1","-0.391621274","0.965985486","0.995901374","0.977951841","4","0.176470588","1.647058824","34S1 O3","de-protonated","1","78","C17 H28 O3 34S1","17","28","3","-9999","-9999","-9999","-9999","-9999","-9999","-9999","-9999","1"
"97","323.076989","323.077078865","323.07724102","1080833.9","-9999","721625.3","15.71","-1","-0.501906876","0.955320081","0","0.573192048","8","0.533333333","1.066666667","O8","de-protonated","0","-9999","C15 H16 O8","15","16","8","-9999","-9999","-9999","-9999","-9999","-9999","-9999","-9999","-9999"
"97","323.076989","323.077078865","323.077078829","1080833.9","-9999","721625.3","15.71","-1","1.13413e-4","0.999999998","0","0.599999999","3","0.2","2.1","N4 S2 P1 O2","de-protonated","0","-9999","C10 H21 O2 N4 P1 S2","10","21","2","4","1","2","-9999","-9999","-9999","-9999","-9999","-9999"
"101","325.09205","325.092136652","325.091859513","2970285.5","-9999","748527.8","46.64","-1","0.852494661","0.87645728","0","0.525874368","3","0.777777778","2.111111111","N4 P1 O7","de-protonated","0","-9999","C9 H19 O7 N4 P1","9","19","7","4","1","-9999","-9999","-9999","-9999","-9999","-9999","-9999"
"102","325.09256800000003","325.092654651","325.092891084","4773549.5","-9999","527998.7","76.17","-1","-0.727278135","0.908487377","0","0.545092426","7","0.533333333","1.2","O8","de-protonated","0","-9999","C15 H18 O8","15","18","8","-9999","-9999","-9999","-9999","-9999","-9999","-9999","-9999","-9999"
"102","325.09256800000003","325.092654651","325.092728893","4773549.5","-9999","527998.7","76.17","-1","-0.2283706","0.990581517","0","0.59434891","2","0.2","2.3","N4 S2 P1 O2","de-protonated","0","-9999","C10 H23 O2 N4 P1 S2","10","23","2","4","1","2","-9999","-9999","-9999","-9999","-9999","-9999"
"104","325.183952","325.184038506","325.184289548","32610998","-9999","546101.8","531.97","-1","-0.771999077","0.912440329","0.998129264","0.946715903","4","0.166666667","1.666666667","S1 O3","de-protonated","0","-9999","C18 H30 O3 S1","18","30","3","-9999","-9999","1","-9999","-9999","-9999","-9999","-9999","-9999"
"107","326.187352","326.187436906","326.187644383","6433549.5","-9999","585752.9","103.35","-1","-0.636066226","0.923012846","0.998129264","0.953059413","4","0.166666667","1.666666667","13C1 S1 O3","de-protonated","1","104","C17 H30 O3 S1 13C1","17","30","3","-9999","-9999","1","1","-9999","-9999","-9999","-9999","-9999"
"107","326.187352","326.187436906","326.187400606","6433549.5","-9999","585752.9","103.35","-1","0.111285586","0.498877688","0.829532115","0.631139458","9","0.105263158","1.315789474","N3 O2","de-protonated","0","-9999","C19 H25 O2 N3","19","25","2","3","-9999","-9999","-9999","-9999","-9999","-9999","-9999","-9999"
"110","327.179767","327.179850323","327.180085377","1468262.1","-9999","641601.4","22.05","-1","-0.718423496","0.916806434","0.998129264","0.949335566","4","0.166666667","1.666666667","34S1 O3","de-protonated","1","104","C18 H30 O3 34S1","18","30","3","-9999","-9999","-9999","-9999","-9999","-9999","-9999","-9999","1"
"118","337.205136","337.205203338","337.205418916","1716547.5","-9999","644153.5","25.6","-1","-0.6393064","0.928522768","0","0.557113661","0","0.3125","2.125","S1 O5","de-protonated","0","-9999","C16 H34 O5 S1","16","34","5","-9999","-9999","1","-9999","-9999","-9999","-9999","-9999","-9999"
"118","337.205136","337.205203338","337.20503879300003","1716547.5","-9999","644153.5","25.6","-1","0.487967019","0.957714966","0","0.57462898","5","0.111111111","1.722222222","N2 P1 O2","de-protonated","0","-9999","C18 H31 O2 N2 P1","18","31","2","2","1","-9999","-9999","-9999","-9999","-9999","-9999","-9999"
"120","339.199613","339.199677158","339.199939612","21188638","-9999","583888","338.3","-1","-0.773744649","0.592789693","0.964213641","0.741359272","4","0.157894737","1.684210526","S1 O3","de-protonated","0","-9999","C19 H32 O3 S1","19","32","3","-9999","-9999","1","-9999","-9999","-9999","-9999","-9999","-9999"
"122","340.202948","340.203010558","340.203294447","4281486.5","-9999","564852.4","66.78","-1","-0.834468718","0.587537779","0.964213641","0.738208123","4","0.157894737","1.684210526","13C1 S1 O3","de-protonated","1","120","C18 H32 O3 S1 13C1","18","32","3","-9999","-9999","1","1","-9999","-9999","-9999","-9999","-9999"
"122","340.202948","340.203010558","340.20305067","4281486.5","-9999","564852.4","66.78","-1","-0.117906371","0.498740348","0.822155738","0.628106504","9","0.1","1.35","N3 O2","de-protonated","0","-9999","C20 H27 O2 N3","20","27","2","3","-9999","-9999","-9999","-9999","-9999","-9999","-9999","-9999"
"126","343.084395","343.084452964","343.084666132","994268","-9999","640042.7","13.85","-1","-0.621329633","0.932348732","0","0.559409239","2","0.666666667","2.333333333","N4 S1 P1 O6","de-protonated","0","-9999","C9 H21 O6 N4 P1 S1","9","21","6","4","1","1","-9999","-9999","-9999","-9999","-9999","-9999"
"133","349.105623","349.105671363","349.105778244","1241800.1","-9999","586912.1","17.58","-1","-0.306156159","0.983136336","0","0.589881802","4","0.571428571","1.642857143","P1 O8","de-protonated","0","-9999","C14 H23 O8 P1","14","23","8","-9999","1","-9999","-9999","-9999","-9999","-9999","-9999","-9999"
"135","351.134079","351.134124129","351.134379231","1507796.1","-9999","591643.9","21.76","-1","-0.726508209","0.908671906","0","0.545203144","3","0.5","2","N4 S1 O6","de-protonated","0","-9999","C12 H24 O6 N4 S1","12","24","6","4","-9999","1","-9999","-9999","-9999","-9999","-9999","-9999"
"137","353.199965","353.200006835","353.200333535","1465837.4","-9999","583544.1","21.1","-1","-0.924972527","0.856207256","0","0.513724354","0","0.375","2.125","S1 O6","de-protonated","0","-9999","C16 H34 O6 S1","16","34","6","-9999","-9999","1","-9999","-9999","-9999","-9999","-9999","-9999"
"137","353.199965","353.200006835","353.199953413","1465837.4","-9999","583544.1","21.1","-1","0.151251195","0.995857616","0","0.597514569","5","0.166666667","1.722222222","N2 P1 O3","de-protonated","0","-9999","C18 H31 O3 N2 P1","18","31","3","2","1","-9999","-9999","-9999","-9999","-9999","-9999","-9999"
"143","362.96929","362.969316258","362.969361596","26598550","-9999","524135.6","407.49","-1","-0.124908199","0.950242329","0.957774289","0.953255113","8","0.9","0.9","N2 S1 P1 O9","de-protonated","0","-9999","C10 H9 O9 N2 P1 S1","10","9","9","2","1","1","-9999","-9999","-9999","-9999","-9999","-9999"
"144","363.968861","363.968885664","363.96863332","4987189","-9999","482911.8","74.82","-1","0.693312913","0.916476125","0","0.549885675","12","0.5","0.571428571","N1 S1 P1 O7","de-protonated","0","-9999","C14 H8 O7 N1 P1 S1","14","8","7","1","1","1","-9999","-9999","-9999","-9999","-9999","-9999"
"145","363.972642","363.972666658","363.972716431","1529141.4","-9999","593785","21.59","-1","-0.136748561","0.950055529","0.957774289","0.953143033","8","0.9","0.9","13C1 N2 S1 P1 O9","de-protonated","1","143","C9 H9 O9 N2 P1 S1 13C1","9","9","9","2","1","1","1","-9999","-9999","-9999","-9999","-9999"
"147","364.965471","364.965494075","364.965157425","1513941.9","-9999","706231.3","21.36","-1","0.922415937","0.903498428","0.957774289","0.925208773","8","0.9","0.9","N2 34S1 P1 O9","de-protonated","1","143","C10 H9 O9 N2 P1 34S1","10","9","9","2","1","-9999","-9999","-9999","-9999","-9999","-9999","1"
"147","364.965471","364.965494075","364.965599825","1513941.9","-9999","706231.3","21.36","-1","-0.289753781","0.984881516","0","0.59092891","12","0.5","0.5","N4 S2 O6","de-protonated","0","-9999","C12 H6 O6 N4 S2","12","6","6","4","-9999","2","-9999","-9999","-9999","-9999","-9999","-9999"
"152","369.126823","369.12683944","369.12718585","2034829.6","-9999","592346.2","29.37","-1","-0.938458078","0.8523121","0","0.51138726","2","0.416666667","2.166666667","N4 S2 O5","de-protonated","0","-9999","C12 H26 O5 N4 S2","12","26","5","4","-9999","2","-9999","-9999","-9999","-9999","-9999","-9999"
"164","377.12369","377.123693689","377.123539765","1042738.4","-9999","550513.4","13.91","-1","0.408153167","0.970224921","0","0.582134953","0","0.909090909","2.363636364","N2 S1 O10","de-protonated","0","-9999","C11 H26 O10 N2 S1","11","26","10","2","-9999","1","-9999","-9999","-9999","-9999","-9999","-9999"
"164","377.12369","377.123693689","377.124029022","1042738.4","-9999","550513.4","13.91","-1","-0.889185406","0.866353263","0","0.519811958","4","0.142857143","1.928571429","N4 S2 P1 O2","de-protonated","0","-9999","C14 H27 O2 N4 P1 S2","14","27","2","4","1","2","-9999","-9999","-9999","-9999","-9999","-9999"
"168","380.211282","380.211280766","380.211232572","2196615.3","-9999","464224.7","31.09","-1","0.126755066","0.997088937","0","0.598253362","1","0.352941176","2.058823529","N1 S1 O6","de-protonated","0","-9999","C17 H35 O6 N1 S1","17","35","6","1","-9999","1","-9999","-9999","-9999","-9999","-9999","-9999"
"173","382.208358","382.208353581","382.208255192","949525","-9999","495981.3","12.33","-1","0.257423927","0.988047926","0","0.592828756","1","0.5625","2.0625","N1 O9","de-protonated","0","-9999","C16 H33 O9 N1","16","33","9","1","-9999","-9999","-9999","-9999","-9999","-9999","-9999","-9999"
"176","383.141732","383.141726093","383.14176983","1004754.1","-9999","1060362.4","13.16","-1","-0.11415356","0.997638329","0","0.598582997","11","0.181818182","1.136363636","P1 O4","de-protonated","0","-9999","C22 H25 O4 P1","22","25","4","-9999","1","-9999","-9999","-9999","-9999","-9999","-9999","-9999"
"176","383.141732","383.141726093","383.141966535","1004754.1","-9999","1060362.4","13.16","-1","-0.627551947","0.931035023","0","0.558621014","3","0.833333333","2","N4 O10","de-protonated","0","-9999","C12 H24 O10 N4","12","24","10","4","-9999","-9999","-9999","-9999","-9999","-9999","-9999","-9999"
"177","383.142461","383.142455092","383.142835914","2377426.3","-9999","562221.9","33.8","-1","-0.993943991","0.83589052","0","0.501534312","2","0.384615385","2.153846154","N4 S2 O5","de-protonated","0","-9999","C13 H28 O5 N4 S2","13","28","5","4","-9999","2","-9999","-9999","-9999","-9999","-9999","-9999"
"184","387.041955","387.041942874","387.042132614","1888255","-9999","470794.2","26.01","-1","-0.490230761","0.957330236","0","0.574398141","8","0.5","1.214285714","N2 S1 P1 O7","de-protonated","0","-9999","C14 H17 O7 N2 P1 S1","14","17","7","2","1","1","-9999","-9999","-9999","-9999","-9999","-9999"
"190","391.139333","391.139314341","391.139189829","1001340.4","-9999","460247","12.87","-1","0.318331766","0.981780889","0","0.589068533","0","0.833333333","2.333333333","N2 S1 O10","de-protonated","0","-9999","C12 H28 O10 N2 S1","12","28","10","2","-9999","1","-9999","-9999","-9999","-9999","-9999","-9999"
"190","391.139333","391.139314341","391.139679086","1001340.4","-9999","460247","12.87","-1","-0.932519354","0.854032193","0","0.512419316","4","0.133333333","1.933333333","N4 S2 P1 O2","de-protonated","0","-9999","C15 H29 O2 N4 P1 S2","15","29","2","4","1","2","-9999","-9999","-9999","-9999","-9999","-9999"
"192","393.118582","393.118560185","393.118943642","1066042.8","-9999","437266.6","13.82","-1","-0.975420575","0.841441742","0","0.504865045","4","0.214285714","1.928571429","N4 S2 P1 O3","de-protonated","0","-9999","C14 H27 O3 N4 P1 S2","14","27","3","4","1","2","-9999","-9999","-9999","-9999","-9999","-9999"
"194","396.217494","396.217467244","396.217380581","1346569.3","-9999","446648.2","17.29","-1","0.218726491","0.991356832","0","0.594814099","1","0.375","2.1875","N3 S1 O6","de-protonated","0","-9999","C16 H35 O6 N3 S1","16","35","6","3","-9999","1","-9999","-9999","-9999","-9999","-9999","-9999"
"195","397.158007","397.157978744","397.157616599","1704680.1","-9999","531441.6","22.39","-1","0.911842936","0.859962171","0","0.515977302","3","0.769230769","2","N4 O10","de-protonated","0","-9999","C13 H26 O10 N4","13","26","10","4","-9999","-9999","-9999","-9999","-9999","-9999","-9999","-9999"
"205","407.134256","407.134211838","407.134104449","1430967","-9999","389018.7","17.76","-1","0.263767774","0.98745534","0","0.592473204","0","0.916666667","2.333333333","N2 S1 O11","de-protonated","0","-9999","C12 H28 O11 N2 S1","12","28","11","2","-9999","1","-9999","-9999","-9999","-9999","-9999","-9999"
"205","407.134256","407.134211838","407.134593706","1430967","-9999","389018.7","17.76","-1","-0.937941652","0.852461973","0","0.511477184","4","0.2","1.933333333","N4 S2 P1 O3","de-protonated","0","-9999","C15 H29 O3 N4 P1 S2","15","29","3","4","1","2","-9999","-9999","-9999","-9999","-9999","-9999"
"209","409.010989","409.010941845","409.011093467","6982320.5","-9999","408072.3","93.87","-1","-0.370703121","0.48768674","0.800793265","0.61292935","20","0.086956522","0.434782609","N2 S2 O2","de-protonated","0","-9999","C23 H10 O2 N2 S2","23","10","2","2","-9999","2","-9999","-9999","-9999","-9999","-9999","-9999"
"209","409.010989","409.010941845","409.011226409","6982320.5","-9999","408072.3","93.87","-1","-0.695734984","0.457958412","0.885121231","0.628823539","7","0.833333333","1.25","N2 S1 P1 O10","de-protonated","0","-9999","C12 H15 O10 N2 P1 S1","12","15","10","2","1","1","-9999","-9999","-9999","-9999","-9999","-9999"
"210","409.113506","409.113458682","409.113858261","1123788.6","-9999","374991","13.54","-1","-0.97669505","0.841061975","0","0.504637185","4","0.285714286","1.928571429","N4 S2 P1 O4","de-protonated","0","-9999","C14 H27 O4 N4 P1 S2","14","27","4","4","1","2","-9999","-9999","-9999","-9999","-9999","-9999"
"211","410.010549","410.010500251","410.010498133","1671618.6","-9999","440885.2","21.05","-1","0.005167189","0.999995155","0","0.599997093","11","0.5","0.875","N1 S1 P1 O8","de-protonated","0","-9999","C16 H14 O8 N1 P1 S1","16","14","8","1","1","1","-9999","-9999","-9999","-9999","-9999","-9999"
"213","411.129194","411.129143468","411.129508326","1012473.3","-9999","489484","12.01","-1","-0.887452516","0.866837369","0","0.520102421","3","0.285714286","2.071428571","N4 S2 P1 O4","de-protonated","0","-9999","C14 H29 O4 N4 P1 S2","14","29","4","4","1","2","-9999","-9999","-9999","-9999","-9999","-9999"
"215","413.123557","413.123503288","413.123539765","1448749.9","-9999","512497.6","17.98","-1","-0.088295479","0.998586409","0","0.599151846","3","0.714285714","1.857142857","N2 S1 O10","de-protonated","0","-9999","C14 H26 O10 N2 S1","14","26","10","2","-9999","1","-9999","-9999","-9999","-9999","-9999","-9999"
"215","413.123557","413.123503288","413.123159642","1448749.9","-9999","512497.6","17.98","-1","0.831823564","0.882011778","0","0.529207067","8","0.4375","1.4375","N4 P1 O7","de-protonated","0","-9999","C16 H23 O7 N4 P1","16","23","7","4","1","-9999","-9999","-9999","-9999","-9999","-9999","-9999"
"219","419.097708","419.097644762","419.097338817","1049377","-9999","482824.5","12.01","-1","0.730009952","0.907831363","0","0.544698818","7","0.642857143","1.5","N4 P1 O9","de-protonated","0","-9999","C14 H21 O9 N4 P1","14","21","9","4","1","-9999","-9999","-9999","-9999","-9999","-9999","-9999"
"220","419.134174","419.134110704","419.134104449","1455660.3","-9999","502145.4","17.37","-1","0.014924134","0.999959587","0","0.599975752","1","0.846153846","2.153846154","N2 S1 O11","de-protonated","0","-9999","C13 H28 O11 N2 S1","13","28","11","2","-9999","1","-9999","-9999","-9999","-9999","-9999","-9999"
"220","419.134174","419.134110704","419.133724326","1455660.3","-9999","502145.4","17.37","-1","0.921848354","0.857104107","0","0.514262464","6","0.533333333","1.666666667","N4 P1 O8","de-protonated","0","-9999","C15 H25 O8 N4 P1","15","25","8","4","1","-9999","-9999","-9999","-9999","-9999","-9999","-9999"
"222","421.112734","421.112667549","421.112520851","1056664.6","-9999","778138.9","12.1","-1","0.348359381","0.97822109","0","0.586932654","0","0.571428571","2.214285714","S2 P1 O8","de-protonated","0","-9999","C14 H31 O8 P1 S2","14","31","8","-9999","1","2","-9999","-9999","-9999","-9999","-9999","-9999"
"222","421.112734","421.112667549","421.11285594","1056664.6","-9999","778138.9","12.1","-1","-0.447363267","0.964337413","0","0.578602448","19","0.04","0.72","N4 S1 O1","de-protonated","0","-9999","C25 H18 O1 N4 S1","25","18","1","4","-9999","1","-9999","-9999","-9999","-9999","-9999","-9999"
"222","421.112734","421.112667549","421.112988881","1056664.6","-9999","778138.9","12.1","-1","-0.76305448","0.899740504","0","0.539844303","6","0.642857143","1.642857143","N4 P1 O9","de-protonated","0","-9999","C14 H23 O9 N4 P1","14","23","9","4","1","-9999","-9999","-9999","-9999","-9999","-9999","-9999"
"223","421.11346","421.113393548","421.112988881","1414808.9","-9999","481031.2","16.82","-1","0.960945638","0.845732034","0","0.50743922","6","0.642857143","1.642857143","N4 P1 O9","de-protonated","0","-9999","C14 H23 O9 N4 P1","14","23","9","4","1","-9999","-9999","-9999","-9999","-9999","-9999","-9999"
"224","421.149817","421.14975049","421.149754513","1400740.4","-9999","451794.2","16.64","-1","-0.00955278","0.999983442","0","0.599990065","0","0.846153846","2.307692308","N2 S1 O11","de-protonated","0","-9999","C13 H30 O11 N2 S1","13","30","11","2","-9999","1","-9999","-9999","-9999","-9999","-9999","-9999"
"224","421.149817","421.14975049","421.149374391","1400740.4","-9999","451794.2","16.64","-1","0.893030815","0.865276595","0","0.519165957","5","0.533333333","1.8","N4 P1 O8","de-protonated","0","-9999","C15 H27 O8 N4 P1","15","27","8","4","1","-9999","-9999","-9999","-9999","-9999","-9999","-9999"
"225","421.154638","421.154571482","421.154266522","2620070","-9999","388901.8","32.72","-1","0.724104767","0.909246927","0","0.545548156","8","0.047619048","1.476190476","N2 S2 P1 O1","de-protonated","0","-9999","C21 H31 O1 N2 P1 S2","21","31","1","2","1","2","-9999","-9999","-9999","-9999","-9999","-9999"
"226","421.207172","421.207105399","421.206756326","1094838.6","-9999","415514.7","12.6","-1","0.828743206","0.882830784","0","0.52969847","12","0.041666667","1.25","N4 S1 O1","de-protonated","0","-9999","C24 H30 O1 N4 S1","24","30","1","4","-9999","1","-9999","-9999","-9999","-9999","-9999","-9999"
"227","421.225929","421.225862369","421.226168161","3173564.5","-9999","386964.4","40.02","-1","-0.725958436","0.908803575","0","0.545282145","7","0.181818182","1.590909091","N2 P1 O4","de-protonated","0","-9999","C22 H35 O4 N2 P1","22","35","4","2","1","-9999","-9999","-9999","-9999","-9999","-9999","-9999"
"232","423.092597","423.092527392","423.092120495","1159189.6","-9999","525177.5","13.44","-1","0.961723448","0.845502574","0","0.507301545","19","0.083333333","0.666666667","N4 S1 O2","de-protonated","0","-9999","C24 H16 O2 N4 S1","24","16","2","4","-9999","1","-9999","-9999","-9999","-9999","-9999","-9999"
"232","423.092597","423.092527392","423.092253436","1159189.6","-9999","525177.5","13.44","-1","0.647508625","0.926746214","0","0.556047728","6","0.769230769","1.615384615","N4 P1 O10","de-protonated","0","-9999","C13 H21 O10 N4 P1","13","21","10","4","1","-9999","-9999","-9999","-9999","-9999","-9999","-9999"
"233","423.129066","423.128996334","423.128638946","2090273.5","-9999","400855.7","25.72","-1","0.844632934","0.878581712","0","0.527149027","5","0.642857143","1.785714286","N4 P1 O9","de-protonated","0","-9999","C14 H25 O9 N4 P1","14","25","9","4","1","-9999","-9999","-9999","-9999","-9999","-9999","-9999"
"234","423.935381","423.935310048","423.935619114","8029226","-9999","353474.1","100.08","-1","-0.729038293","0.454032461","0.860410506","0.616583679","13","0.533333333","0.533333333","N1 S2 P1 O8","de-protonated","0","-9999","C15 H8 O8 N1 P1 S2","15","8","8","1","1","2","-9999","-9999","-9999","-9999","-9999","-9999"
"239","425.14474","425.14466712","425.14428901","1629115.6","-9999","362832.2","18.88","-1","0.889368573","0.866302054","0","0.519781232","4","0.642857143","1.928571429","N4 P1 O9","de-protonated","0","-9999","C14 H27 O9 N4 P1","14","27","9","4","1","-9999","-9999","-9999","-9999","-9999","-9999","-9999"
"251","431.13413","431.13404757","431.134104449","1168867.3","-9999","390259.3","13.02","-1","-0.131927604","0.996846887","0","0.598108132","2","0.785714286","2","N2 S1 O11","de-protonated","0","-9999","C14 H28 O11 N2 S1","14","28","11","2","-9999","1","-9999","-9999","-9999","-9999","-9999","-9999"
"251","431.13413","431.13404757","431.133724326","1168867.3","-9999","390259.3","13.02","-1","0.749753527","0.903031526","0","0.541818915","7","0.5","1.5625","N4 P1 O8","de-protonated","0","-9999","C16 H25 O8 N4 P1","16","25","8","4","1","-9999","-9999","-9999","-9999","-9999","-9999","-9999"
"252","431.228046","431.22796342","431.227624713","2994693.3","-9999","402029.2","36.18","-1","0.785449503","0.894096735","0","0.536458041","0","0.533333333","2.466666667","N4 P1 O8","de-protonated","0","-9999","C15 H37 O8 N4 P1","15","37","8","4","1","-9999","-9999","-9999","-9999","-9999","-9999","-9999"
"257","433.149802","433.149716356","433.149754513","1469640.1","-9999","438498.8","16.82","-1","-0.088091705","0.998592922","0","0.599155753","1","0.785714286","2.142857143","N2 S1 O11","de-protonated","0","-9999","C14 H30 O11 N2 S1","14","30","11","2","-9999","1","-9999","-9999","-9999","-9999","-9999","-9999"
"257","433.149802","433.149716356","433.149374391","1469640.1","-9999","438498.8","16.82","-1","0.789486583","0.893065831","0","0.535839499","6","0.5","1.6875","N4 P1 O8","de-protonated","0","-9999","C16 H27 O8 N4 P1","16","27","8","4","1","-9999","-9999","-9999","-9999","-9999","-9999","-9999"
"262","435.092608","435.092519258","435.092120495","1286053.5","-9999","436893.6","13.93","-1","0.916504352","0.858633327","0","0.515179996","20","0.08","0.64","N4 S1 O2","de-protonated","0","-9999","C25 H16 O2 N4 S1","25","16","2","4","-9999","1","-9999","-9999","-9999","-9999","-9999","-9999"
"262","435.092608","435.092519258","435.092253436","1286053.5","-9999","436893.6","13.93","-1","0.6109557","0.934513896","0","0.560708337","7","0.714285714","1.5","N4 P1 O10","de-protonated","0","-9999","C14 H21 O10 N4 P1","14","21","10","4","1","-9999","-9999","-9999","-9999","-9999","-9999","-9999"
"263","435.129071","435.1289822","435.129019068","1647539.5","-9999","455162.3","18.33","-1","-0.084728703","0.998698236","0","0.599218942","1","0.923076923","2.153846154","N2 S1 O12","de-protonated","0","-9999","C13 H28 O12 N2 S1","13","28","12","2","-9999","1","-9999","-9999","-9999","-9999","-9999","-9999"
"263","435.129071","435.1289822","435.128638946","1647539.5","-9999","455162.3","18.33","-1","0.788857758","0.893226676","0","0.535936006","6","0.6","1.666666667","N4 P1 O9","de-protonated","0","-9999","C15 H25 O9 N4 P1","15","25","9","4","1","-9999","-9999","-9999","-9999","-9999","-9999","-9999"
"264","435.165438","435.165349142","435.165404578","1475521.4","-9999","430372.6","16.24","-1","-0.127388927","0.997059793","0","0.59823587600000006","0","0.785714286","2.285714286","N2 S1 O11","de-protonated","0","-9999","C14 H32 O11 N2 S1","14","32","11","2","-9999","1","-9999","-9999","-9999","-9999","-9999","-9999"
"264","435.165438","435.165349142","435.165024455","1475521.4","-9999","430372.6","16.24","-1","0.746124454","0.90392147","0","0.542352882","5","0.5","1.8125","N4 P1 O8","de-protonated","0","-9999","C16 H29 O8 N4 P1","16","29","8","4","1","-9999","-9999","-9999","-9999","-9999","-9999","-9999"
"265","435.222896","435.222807051","435.222406391","2760663.3","-9999","406863.5","31.91","-1","0.920586726","0.857465685","0","0.514479411","12","0.04","1.28","N4 S1 O1","de-protonated","0","-9999","C25 H32 O1 N4 S1","25","32","1","4","-9999","1","-9999","-9999","-9999","-9999","-9999","-9999"
"267","436.273742","436.273651375","436.27383283","6511980.5","-9999","386678.4","77.66","-1","-0.415919223","0.962523404","0.973594119","0.96695169","1","0.285714286","2.047619048","N1 S1 O6","de-protonated","0","-9999","C21 H43 O6 N1 S1","21","43","6","1","-9999","1","-9999","-9999","-9999","-9999","-9999","-9999"
"267","436.273742","436.273651375","436.273452707","6511980.5","-9999","386678.4","77.66","-1","0.455374594","0.96920315","0.987710244","0.976605988","6","0.130434783","1.739130435","N3 P1 O3","de-protonated","0","-9999","C23 H40 O3 N3 P1","23","40","3","3","1","-9999","-9999","-9999","-9999","-9999","-9999","-9999"
"271","437.108248","437.108156045","437.107770559","1841330.8","-9999","383651.8","20.69","-1","0.881900273","0.86838391","0","0.521030346","19","0.08","0.72","N4 S1 O2","de-protonated","0","-9999","C25 H18 O2 N4 S1","25","18","2","4","-9999","1","-9999","-9999","-9999","-9999","-9999","-9999"
"271","437.108248","437.108156045","437.107903501","1841330.8","-9999","383651.8","20.69","-1","0.577760618","0.941228914","0","0.564737349","6","0.714285714","1.642857143","N4 P1 O10","de-protonated","0","-9999","C14 H23 O10 N4 P1","14","23","10","4","1","-9999","-9999","-9999","-9999","-9999","-9999","-9999"
"272","437.143868","437.143775988","437.144156068","1502400.8","-9999","528550.9","16.55","-1","-0.869463032","0.871822849","0","0.523093709","18","0.038461538","0.846153846","N4 S1 O1","de-protonated","0","-9999","C26 H22 O1 N4 S1","26","22","1","4","-9999","1","-9999","-9999","-9999","-9999","-9999","-9999"
"273","437.14473","437.144637986","437.144669133","1952449","-9999","383299.3","22.04","-1","-0.071249428","0.999079303","0","0.599447582","0","0.923076923","2.307692308","N2 S1 O12","de-protonated","0","-9999","C13 H30 O12 N2 S1","13","30","12","2","-9999","1","-9999","-9999","-9999","-9999","-9999","-9999"
"273","437.14473","437.144637986","437.14428901","1952449","-9999","383299.3","22.04","-1","0.798308982","0.89079875100000006","0","0.534479251","5","0.6","1.8","N4 P1 O9","de-protonated","0","-9999","C15 H27 O9 N4 P1","15","27","9","4","1","-9999","-9999","-9999","-9999","-9999","-9999","-9999"
"274","437.180933","437.180840929","437.18067452","1168847.3","-9999","396182.4","12.49","-1","0.380641568","0.974052829","0","0.584431697","4","0.5","1.9375","N4 P1 O8","de-protonated","0","-9999","C16 H31 O8 N4 P1","16","31","8","4","1","-9999","-9999","-9999","-9999","-9999","-9999","-9999"
"275","437.238515","437.238422837","437.238056455","2120422","-9999","402620.6","24.09","-1","0.837945459","0.880377342","0","0.528226405","11","0.04","1.36","N4 S1 O1","de-protonated","0","-9999","C25 H34 O1 N4 S1","25","34","1","4","-9999","1","-9999","-9999","-9999","-9999","-9999","-9999"
"276","437.277062","437.276969775","437.277187665","1746677.1","-9999","425066.8","19.53","-1","-0.498286956","0.955947891","0.973594119","0.963006382","1","0.285714286","2.047619048","13C1 N1 S1 O6","de-protonated","1","267","C20 H43 O6 N1 S1 13C1","20","43","6","1","-9999","1","1","-9999","-9999","-9999","-9999","-9999"
"276","437.277062","437.276969775","437.276807542","1746677.1","-9999","425066.8","19.53","-1","0.37100756","0.975333518","0.987710244","0.980284209","6","0.130434783","1.739130435","13C1 N3 P1 O3","de-protonated","1","267","C22 H40 O3 N3 P1 13C1","22","40","3","3","1","-9999","1","-9999","-9999","-9999","-9999","-9999"
"276","437.277062","437.276969775","437.276943888","1746677.1","-9999","425066.8","19.53","-1","0.059201341","0.999364261","0","0.599618557","6","0.227272727","1.727272727","N4 O5","de-protonated","0","-9999","C22 H38 O5 N4","22","38","5","4","-9999","-9999","-9999","-9999","-9999","-9999","-9999","-9999"
"277","438.270739","438.270645191","438.27085545","2154111","-9999","420677.4","24.5","-1","-0.479746018","0.959098453","0","0.575459072","1","0.45","2.05","N1 O9","de-protonated","0","-9999","C20 H41 O9 N1","20","41","9","1","-9999","-9999","-9999","-9999","-9999","-9999","-9999","-9999"
"280","439.124007","439.12391183","439.123553565","1692117.4","-9999","430749.2","18.86","-1","0.815864191","0.886230253","0","0.531738152","5","0.714285714","1.785714286","N4 P1 O10","de-protonated","0","-9999","C14 H25 O10 N4 P1","14","25","10","4","1","-9999","-9999","-9999","-9999","-9999","-9999","-9999"
"281","439.160365","439.160269772","439.159939075","1649124","-9999","469264.9","18.33","-1","0.753023741","0.902226641","0","0.541335984","4","0.6","1.933333333","N4 P1 O9","de-protonated","0","-9999","C15 H29 O9 N4 P1","15","29","9","4","1","-9999","-9999","-9999","-9999","-9999","-9999","-9999"
"282","439.320431","439.320335517","439.320737253","2868516.8","-9999","389671.9","33.21","-1","-0.914448187","0.859220066","0","0.515532039","4","0.086956522","1.956521739","N4 P1 O2","de-protonated","0","-9999","C23 H45 O2 N4 P1","23","45","2","4","1","-9999","-9999","-9999","-9999","-9999","-9999","-9999"
"283","439.321098","439.321002516","439.320737253","3942949","-9999","370508","46.31","-1","0.60380233","0.916202","0.963244221","0.935018888","4","0.086956522","1.956521739","N4 P1 O2","de-protonated","0","-9999","C23 H45 O2 N4 P1","23","45","2","4","1","-9999","-9999","-9999","-9999","-9999","-9999","-9999"
"284","440.324531","440.324433916","440.324092088","1217725.8","-9999","403053","13.07","-1","0.77630969","0.896415476","0.963244221","0.923146974","4","0.086956522","1.956521739","13C1 N4 P1 O2","de-protonated","1","283","C22 H45 O2 N4 P1 13C1","22","45","2","4","1","-9999","1","-9999","-9999","-9999","-9999","-9999"
"288","441.139554","441.139455617","441.139070688","1145869.9","-9999","421405.3","12.19","-1","0.872579026","0.870964579","0","0.522578748","17","0.08","0.88","N4 S1 O2","de-protonated","0","-9999","C25 H22 O2 N4 S1","25","22","2","4","-9999","1","-9999","-9999","-9999","-9999","-9999","-9999"
"288","441.139554","441.139455617","441.13920363","1145869.9","-9999","421405.3","12.19","-1","0.571218719","0.942513495","0","0.565508097","4","0.714285714","1.928571429","N4 P1 O10","de-protonated","0","-9999","C14 H27 O10 N4 P1","14","27","10","4","1","-9999","-9999","-9999","-9999","-9999","-9999","-9999"
"289","441.201676","441.201577518","441.201610639","1903911.6","-9999","447861","21.43","-1","-0.075070808","0.998977946","0","0.599386767","1","0.222222222","2.166666667","N2 S2 P1 O4","de-protonated","0","-9999","C18 H39 O4 N2 P1 S2","18","39","4","2","1","2","-9999","-9999","-9999","-9999","-9999","-9999"
"290","441.202485","441.202386516","441.202262088","2756392","-9999","360795.3","31.83","-1","0.282021828","0.985671879","0","0.591403128","10","0.076923077","1.346153846","S1 P1 O2","de-protonated","0","-9999","C26 H35 O2 P1 S1","26","35","2","-9999","1","1","-9999","-9999","-9999","-9999","-9999","-9999"
"290","441.202485","441.202386516","441.202458792","2756392","-9999","360795.3","31.83","-1","-0.163815545","0.995142564","0","0.597085538","2","0.5","2.125","N4 S1 O8","de-protonated","0","-9999","C16 H34 O8 N4 S1","16","34","8","4","-9999","1","-9999","-9999","-9999","-9999","-9999","-9999"
"293","442.971648","442.971546695","442.971455795","14782479","-9999","363488.7","178.5","-1","0.205205709","0.496194212","0.829532115","0.629529373","16","0.578947368","0.421052632","S1 O11","de-protonated","0","-9999","C19 H8 O11 S1","19","8","11","-9999","-9999","1","-9999","-9999","-9999","-9999","-9999","-9999"
"293","442.971648","442.971546695","442.971945053","14782479","-9999","363488.7","178.5","-1","-0.899282862","0.287839687","0.753335889","0.474038168","20","0.136363636","0.409090909","N2 S2 P1 O3","de-protonated","0","-9999","C22 H9 O3 N2 P1 S2","22","9","3","2","1","2","-9999","-9999","-9999","-9999","-9999","-9999"
"294","443.097064","443.096962495","443.096870786","1211716.3","-9999","470935.1","12.98","-1","0.206973608","0.992257219","0","0.595354331","3","0.5","1.8125","S2 P1 O8","de-protonated","0","-9999","C16 H29 O8 P1 S2","16","29","8","-9999","1","2","-9999","-9999","-9999","-9999","-9999","-9999"
"294","443.097064","443.096962495","443.097205875","1211716.3","-9999","470935.1","12.98","-1","-0.549269006","0.946728972","0","0.568037383","22","0.037037037","0.592592593","N4 S1 O1","de-protonated","0","-9999","C27 H16 O1 N4 S1","27","16","1","4","-9999","1","-9999","-9999","-9999","-9999","-9999","-9999"
"294","443.097064","443.096962495","443.097338817","1211716.3","-9999","470935.1","12.98","-1","-0.849297116","0.877323089","0","0.526393853","9","0.5625","1.3125","N4 P1 O9","de-protonated","0","-9999","C16 H21 O9 N4 P1","16","21","9","4","1","-9999","-9999","-9999","-9999","-9999","-9999","-9999"
"295","443.097824","443.097722494","443.097718939","1291588.6","-9999","428929.2","13.95","-1","0.008023008","0.99998832","0","0.599992992","4","0.857142857","1.714285714","N2 S1 O12","de-protonated","0","-9999","C14 H24 O12 N2 S1","14","24","12","2","-9999","1","-9999","-9999","-9999","-9999","-9999","-9999"
"295","443.097824","443.097722494","443.097338817","1291588.6","-9999","428929.2","13.95","-1","0.865898896","0.87280182","0","0.523681092","9","0.5625","1.3125","N4 P1 O9","de-protonated","0","-9999","C16 H21 O9 N4 P1","16","21","9","4","1","-9999","-9999","-9999","-9999","-9999","-9999","-9999"
"296","443.134036","443.133934437","443.134104449","2917460","-9999","331641.9","33.78","-1","-0.383658381","0.973645394","0","0.584187237","3","0.733333333","1.866666667","N2 S1 O11","de-protonated","0","-9999","C15 H28 O11 N2 S1","15","28","11","2","-9999","1","-9999","-9999","-9999","-9999","-9999","-9999"
"296","443.134036","443.133934437","443.133724326","2917460","-9999","331641.9","33.78","-1","0.474146732","0.960028403","0","0.576017042","8","0.470588235","1.470588235","N4 P1 O8","de-protonated","0","-9999","C17 H25 O8 N4 P1","17","25","8","4","1","-9999","-9999","-9999","-9999","-9999","-9999","-9999"
"297","443.170467","443.170365378","443.170489958","2523235.5","-9999","390059.2","28.98","-1","-0.281109763","0.985763743","0","0.591458246","2","0.625","2","N2 S1 O10","de-protonated","0","-9999","C16 H32 O10 N2 S1","16","32","10","2","-9999","1","-9999","-9999","-9999","-9999","-9999","-9999"
"297","443.170467","443.170365378","443.170109835","2523235.5","-9999","390059.2","28.98","-1","0.576625009","0.941452828","0","0.564871697","7","0.388888889","1.611111111","N4 P1 O7","de-protonated","0","-9999","C18 H29 O7 N4 P1","18","29","7","4","1","-9999","-9999","-9999","-9999","-9999","-9999","-9999"
"303","445.113359","445.113254281","445.113369004","1248170","-9999","434356.5","12.89","-1","-0.257739318","0.988018797","0","0.592811278","3","0.857142857","1.857142857","N2 S1 O12","de-protonated","0","-9999","C14 H26 O12 N2 S1","14","26","12","2","-9999","1","-9999","-9999","-9999","-9999","-9999","-9999"
"303","445.113359","445.113254281","445.11285594","1248170","-9999","434356.5","12.89","-1","0.894921431","0.864746035","0","0.518847621","21","0.037037037","0.666666667","N4 S1 O1","de-protonated","0","-9999","C27 H18 O1 N4 S1","27","18","1","4","-9999","1","-9999","-9999","-9999","-9999","-9999","-9999"
"303","445.113359","445.113254281","445.112988881","1248170","-9999","434356.5","12.89","-1","0.596251537","0.937528715","0","0.562517229","8","0.5625","1.4375","N4 P1 O9","de-protonated","0","-9999","C16 H23 O9 N4 P1","16","23","9","4","1","-9999","-9999","-9999","-9999","-9999","-9999","-9999"
"304","445.149761","445.149656223","445.149754513","2191290","-9999","452000.1","23.94","-1","-0.220803465","0.991192634","0","0.59471558","2","0.733333333","2","N2 S1 O11","de-protonated","0","-9999","C15 H30 O11 N2 S1","15","30","11","2","-9999","1","-9999","-9999","-9999","-9999","-9999","-9999"
"304","445.149761","445.149656223","445.149374391","2191290","-9999","452000.1","23.94","-1","0.633117618","0.929850449","0","0.557910269","7","0.470588235","1.588235294","N4 P1 O8","de-protonated","0","-9999","C17 H27 O8 N4 P1","17","27","8","4","1","-9999","-9999","-9999","-9999","-9999","-9999","-9999"
"305","445.186105","445.186000165","445.186140022","6034378","-9999","362889.1","68.98","-1","-0.314156025","0.958222178","0.910232772","0.939026416","1","0.625","2.125","N2 S1 O10","de-protonated","0","-9999","C16 H34 O10 N2 S1","16","34","10","2","-9999","1","-9999","-9999","-9999","-9999","-9999","-9999"
"305","445.186105","445.186000165","445.1857599","6034378","-9999","362889.1","68.98","-1","0.539695187","0.969086934","0.925668102","0.951719401","6","0.388888889","1.722222222","N4 P1 O7","de-protonated","0","-9999","C18 H31 O7 N4 P1","18","31","7","4","1","-9999","-9999","-9999","-9999","-9999","-9999","-9999"
"306","445.24355","445.243445073","445.243274777","1434851","-9999","366608.3","15.08","-1","0.382477662","0.973805219","0","0.584283131","0","0.5","2.4375","N4 P1 O8","de-protonated","0","-9999","C16 H39 O8 N4 P1","16","39","8","4","1","-9999","-9999","-9999","-9999","-9999","-9999","-9999"
"307","446.189328","446.189221565","446.189054376","1877379.8","-9999","377995.7","20.26","-1","0.374703929","0.974845827","0","0.584907496","14","0.111111111","1.111111111","N1 P1 O3","de-protonated","0","-9999","C27 H30 O3 N1 P1","27","30","3","1","1","-9999","-9999","-9999","-9999","-9999","-9999","-9999"
"307","446.189328","446.189221565","446.18878305","1877379.8","-9999","377995.7","20.26","-1","0.98280138","0.839237931","0","0.503542759","0","0.470588235","2.176470588","N1 S2 O8","de-protonated","0","-9999","C17 H37 O8 N1 S2","17","37","8","1","-9999","2","-9999","-9999","-9999","-9999","-9999","-9999"
"307","446.189328","446.189221565","446.189494858","1877379.8","-9999","377995.7","20.26","-1","-0.612503435","0.934192861","0.910232772","0.924608826","1","0.625","2.125","13C1 N2 S1 O10","de-protonated","1","305","C15 H34 O10 N2 S1 13C1","15","34","10","2","-9999","1","1","-9999","-9999","-9999","-9999","-9999"
"307","446.189328","446.189221565","446.189114735","1877379.8","-9999","377995.7","20.26","-1","0.239427449","0.989652273","0.925668102","0.964058604","6","0.388888889","1.722222222","13C1 N4 P1 O7","de-protonated","1","305","C17 H31 O7 N4 P1 13C1","17","31","7","4","1","-9999","1","-9999","-9999","-9999","-9999","-9999"
"312","447.00855","447.008442259","447.008116087","2573041.3","-9999","409349","28.41","-1","0.729678178","0.90791114","0","0.544746684","23","0.2","0.32","N2 S1 O5","de-protonated","0","-9999","C25 H8 O5 N2 S1","25","8","5","2","-9999","1","-9999","-9999","-9999","-9999","-9999","-9999"
"312","447.00855","447.008442259","447.008249028","2573041.3","-9999","409349","28.41","-1","0.432274657","0.966662607","0","0.579997564","10","0.928571429","0.928571429","N2 P1 O13","de-protonated","0","-9999","C14 H13 O13 N2 P1","14","13","13","2","1","-9999","-9999","-9999","-9999","-9999","-9999","-9999"
"313","447.128954","447.128846067","447.129019068","1680679.1","-9999","417917.7","17.95","-1","-0.386916297","0.973201979","0","0.583921188","2","0.857142857","2","N2 S1 O12","de-protonated","0","-9999","C14 H28 O12 N2 S1","14","28","12","2","-9999","1","-9999","-9999","-9999","-9999","-9999","-9999"
"313","447.128954","447.128846067","447.128506004","1680679.1","-9999","417917.7","17.95","-1","0.760548122","0.900364148","0","0.540218489","20","0.037037037","0.740740741","N4 S1 O1","de-protonated","0","-9999","C27 H20 O1 N4 S1","27","20","1","4","-9999","1","-9999","-9999","-9999","-9999","-9999","-9999"
"313","447.128954","447.128846067","447.128638946","1680679.1","-9999","417917.7","17.95","-1","0.463224669","0.961813483","0","0.57708809","7","0.5625","1.5625","N4 P1 O9","de-protonated","0","-9999","C16 H25 O9 N4 P1","16","25","9","4","1","-9999","-9999","-9999","-9999","-9999","-9999","-9999"
"314","447.133634","447.133526059","447.133531078","6917929","-9999","379209.7","79.33","-1","-0.011223306","0.999894212","0.995358531","0.998079939","10","0.090909091","1.318181818","N2 S2 P1 O2","de-protonated","0","-9999","C22 H29 O2 N2 P1 S2","22","29","2","2","1","2","-9999","-9999","-9999","-9999","-9999","-9999"
"315","447.16533","447.165222009","447.165404578","3245879.5","-9999","359723.1","36.29","-1","-0.408280366","0.970206639","0","0.582123984","1","0.733333333","2.133333333","N2 S1 O11","de-protonated","0","-9999","C15 H32 O11 N2 S1","15","32","11","2","-9999","1","-9999","-9999","-9999","-9999","-9999","-9999"
"315","447.16533","447.165222009","447.165024455","3245879.5","-9999","359723.1","36.29","-1","0.441791406","0.965204686","0","0.579122812","6","0.470588235","1.705882353","N4 P1 O8","de-protonated","0","-9999","C17 H29 O8 N4 P1","17","29","8","4","1","-9999","-9999","-9999","-9999","-9999","-9999","-9999"
"316","447.201696","447.201587951","447.201790087","1469255.9","-9999","414426.2","15.47","-1","-0.452002193","0.963607667","0","0.5781646","0","0.625","2.25","N2 S1 O10","de-protonated","0","-9999","C16 H36 O10 N2 S1","16","36","10","2","-9999","1","-9999","-9999","-9999","-9999","-9999","-9999"
"316","447.201696","447.201587951","447.201409964","1469255.9","-9999","414426.2","15.47","-1","0.398000378","0.971666877","0","0.583000126","5","0.388888889","1.833333333","N4 P1 O7","de-protonated","0","-9999","C18 H33 O7 N4 P1","18","33","7","4","1","-9999","-9999","-9999","-9999","-9999","-9999","-9999"
"317","447.222876","447.222767917","447.222406391","3445585.3","-9999","390947.5","38.63","-1","0.808381297","0.444093423","0.780512821","0.578661182","13","0.038461538","1.230769231","N4 S1 O1","de-protonated","0","-9999","C26 H32 O1 N4 S1","26","32","1","4","-9999","1","-9999","-9999","-9999","-9999","-9999","-9999"
"317","447.222876","447.222767917","447.222539332","3445585.3","-9999","390947.5","38.63","-1","0.511120256","0.953703583","0","0.57222215","0","0.6","2.466666667","N4 P1 O9","de-protonated","0","-9999","C15 H37 O9 N4 P1","15","37","9","4","1","-9999","-9999","-9999","-9999","-9999","-9999","-9999"
"319","448.136981","448.136871459","448.136885913","1597166.9","-9999","427947.5","16.96","-1","-0.032251762","0.999811279","0.995358531","0.99803018","10","0.090909091","1.318181818","13C1 N2 S2 P1 O2","de-protonated","1","314","C21 H29 O2 N2 P1 S2 13C1","21","29","2","2","1","2","1","-9999","-9999","-9999","-9999","-9999"
"319","448.136981","448.136871459","448.137022258","1597166.9","-9999","427947.5","16.96","-1","-0.336501598","0.979663593","0","0.587798156","10","0.19047619","1.285714286","N3 S2 O4","de-protonated","0","-9999","C21 H27 O4 N3 S2","21","27","4","3","-9999","2","-9999","-9999","-9999","-9999","-9999","-9999"
"322","449.108293","449.108181911","449.107770559","1496747.8","-9999","382139.7","15.78","-1","0.91593075","0.8587971","0","0.51527826","20","0.076923077","0.692307692","N4 S1 O2","de-protonated","0","-9999","C26 H18 O2 N4 S1","26","18","2","4","-9999","1","-9999","-9999","-9999","-9999","-9999","-9999"
"322","449.108293","449.108181911","449.107903501","1496747.8","-9999","382139.7","15.78","-1","0.619917585","0.932645289","0","0.559587174","7","0.666666667","1.533333333","N4 P1 O10","de-protonated","0","-9999","C15 H23 O10 N4 P1","15","23","10","4","1","-9999","-9999","-9999","-9999","-9999","-9999","-9999"
"323","449.143553","449.143441854","449.14382098","1852604","-9999","488896.3","19.95","-1","-0.84410609","0.878723558","0","0.527234135","0","0.5","2.1875","S2 P1 O8","de-protonated","0","-9999","C16 H35 O8 P1 S2","16","35","8","-9999","1","2","-9999","-9999","-9999","-9999","-9999","-9999"
"324","449.144631","449.144519853","449.144669133","2534076.5","-9999","256119.6","27.94","-1","-0.3323649","0.980155557","0","0.588093334","1","0.857142857","2.142857143","N2 S1 O12","de-protonated","0","-9999","C14 H30 O12 N2 S1","14","30","12","2","-9999","1","-9999","-9999","-9999","-9999","-9999","-9999"
"324","449.144631","449.144519853","449.144156068","2534076.5","-9999","256119.6","27.94","-1","0.809950039","0.887777795","0","0.532666677","19","0.037037037","0.814814815","N4 S1 O1","de-protonated","0","-9999","C27 H22 O1 N4 S1","27","22","1","4","-9999","1","-9999","-9999","-9999","-9999","-9999","-9999"
"324","449.144631","449.144519853","449.14428901","2534076.5","-9999","256119.6","27.94","-1","0.513960886","0.953199821","0","0.571919893","6","0.5625","1.6875","N4 P1 O9","de-protonated","0","-9999","C16 H27 O9 N4 P1","16","27","9","4","1","-9999","-9999","-9999","-9999","-9999","-9999","-9999"
"325","449.14925","449.149138845","449.148691885","15870655","-9999","380139.4","184.25","-1","0.995128607","0.839003555","0.996261677","0.901906803","5","0.526315789","1.578947368","S1 O10","de-protonated","0","-9999","C19 H30 O10 S1","19","30","10","-9999","-9999","1","-9999","-9999","-9999","-9999","-9999","-9999"
"325","449.14925","449.149138845","449.149181142","15870655","-9999","380139.4","184.25","-1","-0.094170578","0.665332912","0.92006545","0.767225928","9","0.090909091","1.409090909","N2 S2 P1 O2","de-protonated","0","-9999","C22 H31 O2 N2 P1 S2","22","31","2","2","1","2","-9999","-9999","-9999","-9999","-9999","-9999"
"326","449.181023","449.180911795","449.181054642","2103501.3","-9999","390828.5","22.89","-1","-0.318017196","0.981816549","0","0.58908993","0","0.733333333","2.266666667","N2 S1 O11","de-protonated","0","-9999","C15 H34 O11 N2 S1","15","34","11","2","-9999","1","-9999","-9999","-9999","-9999","-9999","-9999"
"326","449.181023","449.180911795","449.18067452","2103501.3","-9999","390828.5","22.89","-1","0.528240047","0.950629392","0","0.570377635","5","0.470588235","1.823529412","N4 P1 O8","de-protonated","0","-9999","C17 H31 O8 N4 P1","17","31","8","4","1","-9999","-9999","-9999","-9999","-9999","-9999","-9999"
"327","449.238535","449.238423703","449.238056455","4536040","-9999","379760.5","51.4","-1","0.817490489","0.442901602","0.780512821","0.57794609","12","0.038461538","1.307692308","N4 S1 O1","de-protonated","0","-9999","C26 H34 O1 N4 S1","26","34","1","4","-9999","1","-9999","-9999","-9999","-9999","-9999","-9999"
"328","450.152597","450.152484246","450.15204672","3175568.5","-9999","369627.9","35.45","-1","0.971951205","0.842473893","0.996261677","0.903989007","5","0.526315789","1.578947368","13C1 S1 O10","de-protonated","1","325","C18 H30 O10 S1 13C1","18","30","10","-9999","-9999","1","1","-9999","-9999","-9999","-9999","-9999"
"328","450.152597","450.152484246","450.152535977","3175568.5","-9999","369627.9","35.45","-1","-0.114919992","0.665071032","0.92006545","0.767068799","9","0.090909091","1.409090909","13C1 N2 S2 P1 O2","de-protonated","1","325","C21 H31 O2 N2 P1 S2 13C1","21","31","2","2","1","2","1","-9999","-9999","-9999","-9999","-9999"
"328","450.152597","450.152484246","450.152672323","3175568.5","-9999","369627.9","35.45","-1","-0.417807463","0.968822133","0","0.58129328","9","0.19047619","1.380952381","N3 S2 O4","de-protonated","0","-9999","C21 H29 O4 N3 S2","21","29","4","3","-9999","2","-9999","-9999","-9999","-9999","-9999","-9999"
"331","451.087423","451.087308755","451.087686563","1409608.1","-9999","402561.1","14.75","-1","-0.837548596","0.880483569","0","0.528290141","29","0.03030303","0.363636364","N2 O1","de-protonated","0","-9999","C33 H12 O1 N2","33","12","1","2","-9999","-9999","-9999","-9999","-9999","-9999","-9999","-9999"
"331","451.087423","451.087308755","451.087035114","1409608.1","-9999","402561.1","14.75","-1","0.60662533","0.935408375","0","0.561245025","20","0.12","0.64","N4 S1 O3","de-protonated","0","-9999","C25 H16 O3 N4 S1","25","16","3","4","-9999","1","-9999","-9999","-9999","-9999","-9999","-9999"
"331","451.087423","451.087308755","451.087168056","1409608.1","-9999","402561.1","14.75","-1","0.311911093","0.982502023","0","0.589501214","7","0.785714286","1.5","N4 P1 O11","de-protonated","0","-9999","C14 H21 O11 N4 P1","14","21","11","4","1","-9999","-9999","-9999","-9999","-9999","-9999","-9999"
"332","451.122995","451.122880698","451.123085535","1581145","-9999","572650.1","16.76","-1","-0.454058623","0.963281941","0","0.577969165","0","0.6","2.2","S2 P1 O9","de-protonated","0","-9999","C15 H33 O9 P1 S2","15","33","9","-9999","1","2","-9999","-9999","-9999","-9999","-9999","-9999"
"333","451.123896","451.123781697","451.123420624","2250841.5","-9999","390039.9","24.61","-1","0.800386989","0.890261948","0","0.534157169","19","0.076923077","0.769230769","N4 S1 O2","de-protonated","0","-9999","C26 H20 O2 N4 S1","26","20","2","4","-9999","1","-9999","-9999","-9999","-9999","-9999","-9999"
"333","451.123896","451.123781697","451.123553565","2250841.5","-9999","390039.9","24.61","-1","0.505696465","0.954658422","0","0.572795053","6","0.666666667","1.666666667","N4 P1 O10","de-protonated","0","-9999","C15 H25 O10 N4 P1","15","25","10","4","1","-9999","-9999","-9999","-9999","-9999","-9999","-9999"
"334","451.160218","451.160103639","451.160319197","2493034.5","-9999","336678.4","27.45","-1","-0.477786254","0.959425077","0","0.575655046","0","0.857142857","2.285714286","N2 S1 O12","de-protonated","0","-9999","C14 H32 O12 N2 S1","14","32","12","2","-9999","1","-9999","-9999","-9999","-9999","-9999","-9999"
"334","451.160218","451.160103639","451.159806133","2493034.5","-9999","336678.4","27.45","-1","0.659424992","0.924131052","0","0.554478631","18","0.037037037","0.888888889","N4 S1 O1","de-protonated","0","-9999","C27 H24 O1 N4 S1","27","24","1","4","-9999","1","-9999","-9999","-9999","-9999","-9999","-9999"
"334","451.160218","451.160103639","451.159939075","2493034.5","-9999","336678.4","27.45","-1","0.364758276","0.976147581","0","0.585688549","5","0.5625","1.8125","N4 P1 O9","de-protonated","0","-9999","C16 H29 O9 N4 P1","16","29","9","4","1","-9999","-9999","-9999","-9999","-9999","-9999","-9999"
"335","451.196644","451.196529581","451.196324584","1405819.9","-9999","350526.2","14.7","-1","0.454340782","0.963237142","0","0.577942285","4","0.470588235","1.941176471","N4 P1 O8","de-protonated","0","-9999","C17 H33 O8 N4 P1","17","33","8","4","1","-9999","-9999","-9999","-9999","-9999","-9999","-9999"
"336","451.2177","451.217585547","451.21732101","1565573.9","-9999","315576.7","16.58","-1","0.586274008","0.939537979","0","0.563722787","12","0.08","1.28","N4 S1 O2","de-protonated","0","-9999","C25 H32 O2 N4 S1","25","32","2","4","-9999","1","-9999","-9999","-9999","-9999","-9999","-9999"
"338","451.25418","451.254065489","451.25370652","3200663.3","-9999","384835.1","35.74","-1","0.795493678","0.445762153","0.780512821","0.57966242","11","0.038461538","1.384615385","N4 S1 O1","de-protonated","0","-9999","C26 H36 O1 N4 S1","26","36","1","4","-9999","1","-9999","-9999","-9999","-9999","-9999","-9999"
"339","453.103119","453.103001541","453.103336627","1456398.8","-9999","352372","15.29","-1","-0.739536173","0.90552827","0","0.543316962","28","0.03030303","0.424242424","N2 O1","de-protonated","0","-9999","C33 H14 O1 N2","33","14","1","2","-9999","-9999","-9999","-9999","-9999","-9999","-9999","-9999"
"339","453.103119","453.103001541","453.102685179","1456398.8","-9999","352372","15.29","-1","0.698213413","0.915342843","0","0.549205706","19","0.12","0.72","N4 S1 O3","de-protonated","0","-9999","C25 H18 O3 N4 S1","25","18","3","4","-9999","1","-9999","-9999","-9999","-9999","-9999","-9999"
"339","453.103119","453.103001541","453.10281812","1456398.8","-9999","352372","15.29","-1","0.4048102","0.970703481","0","0.582422089","6","0.785714286","1.642857143","N4 P1 O11","de-protonated","0","-9999","C14 H23 O11 N4 P1","14","23","11","4","1","-9999","-9999","-9999","-9999","-9999","-9999","-9999"
"340","453.139453","453.139335483","453.139070688","2219040.5","-9999","263342","24.22","-1","0.584357222","0.939920583","0","0.56395235","18","0.076923077","0.846153846","N4 S1 O2","de-protonated","0","-9999","C26 H22 O2 N4 S1","26","22","2","4","-9999","1","-9999","-9999","-9999","-9999","-9999","-9999"
"340","453.139453","453.139335483","453.13920363","2219040.5","-9999","263342","24.22","-1","0.290977601","0.984754516","0","0.59085271","5","0.666666667","1.8","N4 P1 O10","de-protonated","0","-9999","C15 H27 O10 N4 P1","15","27","10","4","1","-9999","-9999","-9999","-9999","-9999","-9999","-9999"
"341","453.175902","453.175784425","453.175456197","1660978.1","-9999","365290.6","17.68","-1","0.724283756","0.909204157","0","0.545522494","17","0.037037037","0.962962963","N4 S1 O1","de-protonated","0","-9999","C27 H26 O1 N4 S1","27","26","1","4","-9999","1","-9999","-9999","-9999","-9999","-9999","-9999"
"341","453.175902","453.175784425","453.175589139","1660978.1","-9999","365290.6","17.68","-1","0.430927649","0.966866572","0","0.580119943","4","0.5625","1.9375","N4 P1 O9","de-protonated","0","-9999","C16 H31 O9 N4 P1","16","31","9","4","1","-9999","-9999","-9999","-9999","-9999","-9999","-9999"
"342","453.233391","453.233273333","453.232971075","3013198.3","-9999","364313","33.53","-1","0.666894435","0.461235669","0.787157861","0.591604546","11","0.08","1.36","N4 S1 O2","de-protonated","0","-9999","C25 H34 O2 N4 S1","25","34","2","4","-9999","1","-9999","-9999","-9999","-9999","-9999","-9999"
"343","453.269799","453.269681275","453.269356584","1499231.9","-9999","386868.5","15.79","-1","0.716331558","0.911096074","0","0.546657644","10","0.038461538","1.461538462","N4 S1 O1","de-protonated","0","-9999","C26 H38 O1 N4 S1","26","38","1","4","-9999","1","-9999","-9999","-9999","-9999","-9999","-9999"
"345","455.118714","455.118593327","455.118986692","1426159.1","-9999","363309.2","14.92","-1","-0.864311547","0.87323688","0","0.523942128","27","0.03030303","0.484848485","N2 O1","de-protonated","0","-9999","C33 H16 O1 N2","33","16","1","2","-9999","-9999","-9999","-9999","-9999","-9999","-9999","-9999"
"345","455.118714","455.118593327","455.118335243","1426159.1","-9999","363309.2","14.92","-1","0.567070285","0.943321407","0","0.565992844","18","0.12","0.8","N4 S1 O3","de-protonated","0","-9999","C25 H20 O3 N4 S1","25","20","3","4","-9999","1","-9999","-9999","-9999","-9999","-9999","-9999"
"345","455.118714","455.118593327","455.118468185","1426159.1","-9999","363309.2","14.92","-1","0.274966549","0.986374954","0","0.591824972","5","0.785714286","1.785714286","N4 P1 O11","de-protonated","0","-9999","C14 H25 O11 N4 P1","14","25","11","4","1","-9999","-9999","-9999","-9999","-9999","-9999","-9999"
"346","455.155149","455.155028269","455.154720752","1542657.4","-9999","410485.6","16.29","-1","0.675631","0.9205102","0","0.55230612","17","0.076923077","0.923076923","N4 S1 O2","de-protonated","0","-9999","C26 H24 O2 N4 S1","26","24","2","4","-9999","1","-9999","-9999","-9999","-9999","-9999","-9999"
"346","455.155149","455.155028269","455.154853694","1542657.4","-9999","410485.6","16.29","-1","0.383550583","0.973660005","0","0.584196003","4","0.666666667","1.933333333","N4 P1 O10","de-protonated","0","-9999","C15 H29 O10 N4 P1","15","29","10","4","1","-9999","-9999","-9999","-9999","-9999","-9999","-9999"
"347","455.961381","455.961258984","455.960964482","1407893.9","-9999","371560.3","14.7","-1","0.645891317","0.927098036","0","0.556258821","13","0.933333333","0.533333333","N1 P1 O14","de-protonated","0","-9999","C15 H8 O14 N1 P1","15","8","14","1","1","-9999","-9999","-9999","-9999","-9999","-9999","-9999"
"348","457.113326","457.113202147","457.113369004","1603295.4","-9999","341028.3","16.11","-1","-0.365023095","0.976113352","0","0.585668011","4","0.8","1.733333333","N2 S1 O12","de-protonated","0","-9999","C15 H26 O12 N2 S1","15","26","12","2","-9999","1","-9999","-9999","-9999","-9999","-9999","-9999"
"348","457.113326","457.113202147","457.11285594","1603295.4","-9999","341028.3","16.11","-1","0.757378202","0.901150579","0","0.540690347","22","0.035714286","0.642857143","N4 S1 O1","de-protonated","0","-9999","C28 H18 O1 N4 S1","28","18","1","4","-9999","1","-9999","-9999","-9999","-9999","-9999","-9999"
"348","457.113326","457.113202147","457.112988881","1603295.4","-9999","341028.3","16.11","-1","0.466548946","0.961274224","0","0.576764534","9","0.529411765","1.352941176","N4 P1 O9","de-protonated","0","-9999","C17 H23 O9 N4 P1","17","23","9","4","1","-9999","-9999","-9999","-9999","-9999","-9999","-9999"
"349","457.149658","457.149534089","457.149754513","7635442","-9999","377637.3","83.17","-1","-0.482170701","0.965708849","0.969130736","0.967077604","3","0.6875","1.875","N2 S1 O11","de-protonated","0","-9999","C16 H30 O11 N2 S1","16","30","11","2","-9999","1","-9999","-9999","-9999","-9999","-9999","-9999"
"349","457.149658","457.149534089","457.149374391","7635442","-9999","377637.3","83.17","-1","0.349335056","0.971845272","0.984566066","0.97693359","8","0.444444444","1.5","N4 P1 O8","de-protonated","0","-9999","C18 H27 O8 N4 P1","18","27","8","4","1","-9999","-9999","-9999","-9999","-9999","-9999","-9999"
"350","458.153056","458.152930489","458.152668867","1657847.4","-9999","384920","16.71","-1","0.57103717","0.942548961","0","0.565529376","16","0.148148148","0.962962963","N1 P1 O4","de-protonated","0","-9999","C27 H26 O4 N1 P1","27","26","4","1","1","-9999","-9999","-9999","-9999","-9999","-9999","-9999"
"350","458.153056","458.152930489","458.153109348","1657847.4","-9999","384920","16.71","-1","-0.390391734","0.972725051","0.969130736","0.971287325","3","0.6875","1.875","13C1 N2 S1 O11","de-protonated","1","349","C15 H30 O11 N2 S1 13C1","15","30","11","2","-9999","1","1","-9999","-9999","-9999","-9999","-9999"
"350","458.153056","458.152930489","458.152729226","1657847.4","-9999","384920","16.71","-1","0.439293101","0.965590273","0.984566066","0.97318059","8","0.444444444","1.5","13C1 N4 P1 O8","de-protonated","1","349","C17 H27 O8 N4 P1 13C1","17","27","8","4","1","-9999","1","-9999","-9999","-9999","-9999","-9999"
"352","459.092624","459.092496991","459.092633559","1355745.9","-9999","464295.7","13.35","-1","-0.297473734","0.984071711","0","0.590443027","4","0.928571429","1.714285714","N2 S1 O13","de-protonated","0","-9999","C14 H24 O13 N2 S1","14","24","13","2","-9999","1","-9999","-9999","-9999","-9999","-9999","-9999"
"352","459.092624","459.092496991","459.092120495","1355745.9","-9999","464295.7","13.35","-1","0.820088677","0.885119614","0","0.531071768","22","0.074074074","0.592592593","N4 S1 O2","de-protonated","0","-9999","C27 H16 O2 N4 S1","27","16","2","4","-9999","1","-9999","-9999","-9999","-9999","-9999","-9999"
"352","459.092624","459.092496991","459.092253436","1355745.9","-9999","464295.7","13.35","-1","0.530513242","0.95021434","0","0.570128604","9","0.625","1.3125","N4 P1 O10","de-protonated","0","-9999","C16 H21 O10 N4 P1","16","21","10","4","1","-9999","-9999","-9999","-9999","-9999","-9999","-9999"
"353","459.128941","459.128813933","459.129019068","2907637","-9999","353658.5","30.6","-1","-0.446792183","0.964426768","0","0.578656061","3","0.8","1.866666667","N2 S1 O12","de-protonated","0","-9999","C15 H28 O12 N2 S1","15","28","12","2","-9999","1","-9999","-9999","-9999","-9999","-9999","-9999"
"353","459.128941","459.128813933","459.128506004","2907637","-9999","353658.5","30.6","-1","0.670681496","0.46081193","0.767553728","0.583508649","21","0.035714286","0.714285714","N4 S1 O1","de-protonated","0","-9999","C28 H20 O1 N4 S1","28","20","1","4","-9999","1","-9999","-9999","-9999","-9999","-9999","-9999"
"353","459.128941","459.128813933","459.128638946","2907637","-9999","353658.5","30.6","-1","0.381129052","0.973987198","0","0.584392319","8","0.529411765","1.470588235","N4 P1 O9","de-protonated","0","-9999","C17 H25 O9 N4 P1","17","25","9","4","1","-9999","-9999","-9999","-9999","-9999","-9999","-9999"
"354","459.159996","459.159868883","459.160182799","1295365.3","-9999","416078.4","12.68","-1","-0.683674337","0.918685864","0","0.551211518","20","0.129032258","0.774193548","O4","de-protonated","0","-9999","C31 H24 O4","31","24","4","-9999","-9999","-9999","-9999","-9999","-9999","-9999","-9999","-9999"
"354","459.159996","459.159868883","459.159531351","1295365.3","-9999","416078.4","12.68","-1","0.735109746","0.906601405","0","0.543960843","11","0.260869565","1.217391304","N2 S1 O6","de-protonated","0","-9999","C23 H28 O6 N2 S1","23","28","6","2","-9999","1","-9999","-9999","-9999","-9999","-9999","-9999"
"355","459.162038","459.16191088","459.162033274","1555462.4","-9999","413112.6","15.57","-1","-0.266559625","0.987190093","0","0.592314056","7","0.578947368","1.473684211","N2 O11","de-protonated","0","-9999","C19 H28 O11 N2","19","28","11","2","-9999","-9999","-9999","-9999","-9999","-9999","-9999","-9999"
"356","459.162689","459.162561879","459.162902654","1489926.8","-9999","569176.6","14.84","-1","-0.742165723","0.904888322","0","0.542932993","6","0.3","1.6","N2 S2 O6","de-protonated","0","-9999","C20 H32 O6 N2 S2","20","32","6","2","-9999","2","-9999","-9999","-9999","-9999","-9999","-9999"
"356","459.162689","459.162561879","459.162522532","1489926.8","-9999","569176.6","14.84","-1","0.085694173","0.998668421","0","0.599201052","11","0.136363636","1.318181818","N4 S1 P1 O3","de-protonated","0","-9999","C22 H29 O3 N4 P1 S1","22","29","3","4","1","1","-9999","-9999","-9999","-9999","-9999","-9999"
"357","459.165291","459.165163875","459.165404578","18685448","-9999","357384.7","206.01","-1","-0.524217556","0.634772176","0.95900158","0.764463938","2","0.6875","2","N2 S1 O11","de-protonated","0","-9999","C16 H32 O11 N2 S1","16","32","11","2","-9999","1","-9999","-9999","-9999","-9999","-9999","-9999"
"357","459.165291","459.165163875","459.165024455","18685448","-9999","357384.7","206.01","-1","0.303638009","0.983022087","0.97985687","0.981756","7","0.444444444","1.611111111","N4 P1 O8","de-protonated","0","-9999","C18 H29 O8 N4 P1","18","29","8","4","1","-9999","-9999","-9999","-9999","-9999","-9999","-9999"
"358","459.201753","459.201625817","459.201790087","1300763.3","-9999","378385.2","12.74","-1","-0.35772956","0.977047443","0","0.586228466","1","0.588235294","2.117647059","N2 S1 O10","de-protonated","0","-9999","C17 H36 O10 N2 S1","17","36","10","2","-9999","1","-9999","-9999","-9999","-9999","-9999","-9999"
"358","459.201753","459.201625817","459.201409964","1300763.3","-9999","378385.2","12.74","-1","0.470060546","0.960700722","0","0.576420433","6","0.368421053","1.736842105","N4 P1 O7","de-protonated","0","-9999","C19 H33 O7 N4 P1","19","33","7","4","1","-9999","-9999","-9999","-9999","-9999","-9999","-9999"
"359","460.168651","460.168522275","460.168318931","4188187.3","-9999","337223.5","44.83","-1","0.441890297","0.482594691","0.773979033","0.599148428","15","0.148148148","1.037037037","N1 P1 O4","de-protonated","0","-9999","C27 H28 O4 N1 P1","27","28","4","1","1","-9999","-9999","-9999","-9999","-9999","-9999","-9999"
"359","460.168651","460.168522275","460.168759413","4188187.3","-9999","337223.5","44.83","-1","-0.515327193","0.635304413","0.95900158","0.76478328","2","0.6875","2","13C1 N2 S1 O11","de-protonated","1","357","C15 H32 O11 N2 S1 13C1","15","32","11","2","-9999","1","1","-9999","-9999","-9999","-9999","-9999"
"359","460.168651","460.168522275","460.16837929","4188187.3","-9999","337223.5","44.83","-1","0.310723317","0.982633874","0.97985687","0.981523073","7","0.444444444","1.611111111","13C1 N4 P1 O8","de-protonated","1","357","C17 H29 O8 N4 P1 13C1","17","29","8","4","1","-9999","1","-9999","-9999","-9999","-9999","-9999"
"362","461.071797","461.071666835","461.07138505","1259775.1","-9999","439960.8","12.27","-1","0.611153489","0.934472909","0","0.560683745","22","0.115384615","0.538461538","N4 S1 O3","de-protonated","0","-9999","C26 H14 O3 N4 S1","26","14","3","4","-9999","1","-9999","-9999","-9999","-9999","-9999","-9999"
"362","461.071797","461.071666835","461.071517991","1259775.1","-9999","439960.8","12.27","-1","0.32282119","0.981268255","0","0.588760953","9","0.733333333","1.266666667","N4 P1 O11","de-protonated","0","-9999","C15 H19 O11 N4 P1","15","19","11","4","1","-9999","-9999","-9999","-9999","-9999","-9999","-9999"
"363","461.108066","461.107935777","461.108283623","1657874.6","-9999","363732.6","16.7","-1","-0.754369541","0.901894596","0","0.541136758","3","0.928571429","1.857142857","N2 S1 O13","de-protonated","0","-9999","C14 H26 O13 N2 S1","14","26","13","2","-9999","1","-9999","-9999","-9999","-9999","-9999","-9999"
"363","461.108066","461.107935777","461.107770559","1657874.6","-9999","363732.6","16.7","-1","0.358307138","0.976974127","0","0.586184476","21","0.074074074","0.666666667","N4 S1 O2","de-protonated","0","-9999","C27 H18 O2 N4 S1","27","18","2","4","-9999","1","-9999","-9999","-9999","-9999","-9999","-9999"
"363","461.108066","461.107935777","461.107903501","1657874.6","-9999","363732.6","16.7","-1","0.069997663","0.999111356","0","0.599466814","8","0.625","1.4375","N4 P1 O10","de-protonated","0","-9999","C16 H23 O10 N4 P1","16","23","10","4","1","-9999","-9999","-9999","-9999","-9999","-9999","-9999"
"364","461.143697","461.14356672","461.14382098","2332453.8","-9999","431178.2","24.19","-1","-0.551366029","0.946332571","0","0.567799543","1","0.470588235","2.058823529","S2 P1 O8","de-protonated","0","-9999","C17 H35 O8 P1 S2","17","35","8","-9999","1","2","-9999","-9999","-9999","-9999","-9999","-9999"
"365","461.144581","461.144450719","461.144669133","3595814.3","-9999","379412.4","38.24","-1","-0.473633615","0.960113122","0","0.576067873","2","0.8","2","N2 S1 O12","de-protonated","0","-9999","C15 H30 O12 N2 S1","15","30","12","2","-9999","1","-9999","-9999","-9999","-9999","-9999","-9999"
"365","461.144581","461.144450719","461.144156068","3595814.3","-9999","379412.4","38.24","-1","0.638955583","0.464299161","0.767553728","0.585600988","20","0.035714286","0.785714286","N4 S1 O1","de-protonated","0","-9999","C28 H22 O1 N4 S1","28","22","1","4","-9999","1","-9999","-9999","-9999","-9999","-9999","-9999"
"365","461.144581","461.144450719","461.14428901","3595814.3","-9999","379412.4","38.24","-1","0.350668776","0.977934593","0","0.586760756","7","0.529411765","1.588235294","N4 P1 O9","de-protonated","0","-9999","C17 H27 O9 N4 P1","17","27","9","4","1","-9999","-9999","-9999","-9999","-9999","-9999","-9999"
"366","461.180909","461.180778661","461.181054642","6056506","-9999","333705.7","65.6","-1","-0.598422005","0.900674616","0.946366524","0.918951379","1","0.6875","2.125","N2 S1 O11","de-protonated","0","-9999","C16 H34 O11 N2 S1","16","34","11","2","-9999","1","-9999","-9999","-9999","-9999","-9999","-9999"
"366","461.180909","461.180778661","461.18067452","6056506","-9999","333705.7","65.6","-1","0.225815249","0.994895856","0.961801854","0.981658255","6","0.444444444","1.722222222","N4 P1 O8","de-protonated","0","-9999","C18 H31 O8 N4 P1","18","31","8","4","1","-9999","-9999","-9999","-9999","-9999","-9999","-9999"
"367","461.217218","461.217087603","461.217440151","1296973.5","-9999","345444.5","12.68","-1","-0.764385959","0.899408541","0","0.539645125","0","0.588235294","2.235294118","N2 S1 O10","de-protonated","0","-9999","C17 H38 O10 N2 S1","17","38","10","2","-9999","1","-9999","-9999","-9999","-9999","-9999","-9999"
"367","461.217218","461.217087603","461.217060029","1296973.5","-9999","345444.5","12.68","-1","0.059786134","0.999351643","0","0.599610986","5","0.368421053","1.842105263","N4 P1 O7","de-protonated","0","-9999","C19 H35 O7 N4 P1","19","35","7","4","1","-9999","-9999","-9999","-9999","-9999","-9999","-9999"
"368","461.238484","461.238353569","461.238056455","2239065","-9999","371890.2","23.16","-1","0.644166591","0.927472401","0","0.556483441","13","0.037037037","1.259259259","N4 S1 O1","de-protonated","0","-9999","C27 H34 O1 N4 S1","27","34","1","4","-9999","1","-9999","-9999","-9999","-9999","-9999","-9999"
"368","461.238484","461.238353569","461.238189397","2239065","-9999","371890.2","23.16","-1","0.355938472","0.977274081","0","0.586364449","0","0.5625","2.4375","N4 P1 O9","de-protonated","0","-9999","C16 H39 O9 N4 P1","16","39","9","4","1","-9999","-9999","-9999","-9999","-9999","-9999","-9999"
"369","462.184127","462.183995062","462.183968996","1525082.8","-9999","288273.8","15.21","-1","0.056397059","0.999423046","0","0.599653827","14","0.148148148","1.111111111","N1 P1 O4","de-protonated","0","-9999","C27 H30 O4 N1 P1","27","30","4","1","1","-9999","-9999","-9999","-9999","-9999","-9999","-9999"
"369","462.184127","462.183995062","462.18369767","1525082.8","-9999","288273.8","15.21","-1","0.643449733","0.927627751","0","0.556576651","0","0.529411765","2.176470588","N1 S2 O9","de-protonated","0","-9999","C17 H37 O9 N1 S2","17","37","9","1","-9999","2","-9999","-9999","-9999","-9999","-9999","-9999"
"369","462.184127","462.183995062","462.184409477","1525082.8","-9999","288273.8","15.21","-1","-0.896645505","0.864261517","0.946366524","0.89710352","1","0.6875","2.125","13C1 N2 S1 O11","de-protonated","1","366","C15 H34 O11 N2 S1 13C1","15","34","11","2","-9999","1","1","-9999","-9999","-9999","-9999","-9999"
"369","462.184127","462.183995062","462.184029355","1525082.8","-9999","288273.8","15.21","-1","-0.074197833","0.999001566","0.961801854","0.984121681","6","0.444444444","1.722222222","13C1 N4 P1 O8","de-protonated","1","366","C17 H31 O8 N4 P1 13C1","17","31","8","4","1","-9999","1","-9999","-9999","-9999","-9999","-9999"
"371","463.087424","463.087290621","463.087686563","1405003.5","-9999","412724.8","13.87","-1","-0.855003587","0.875776254","0","0.525465752","30","0.029411765","0.352941176","N2 O1","de-protonated","0","-9999","C34 H12 O1 N2","34","12","1","2","-9999","-9999","-9999","-9999","-9999","-9999","-9999","-9999"
"371","463.087424","463.087290621","463.087035114","1405003.5","-9999","412724.8","13.87","-1","0.551747355","0.946260344","0","0.567756207","21","0.115384615","0.615384615","N4 S1 O3","de-protonated","0","-9999","C26 H16 O3 N4 S1","26","16","3","4","-9999","1","-9999","-9999","-9999","-9999","-9999","-9999"
"371","463.087424","463.087290621","463.087168056","1405003.5","-9999","412724.8","13.87","-1","0.264670078","0.987369912","0","0.592421947","8","0.733333333","1.4","N4 P1 O11","de-protonated","0","-9999","C15 H21 O11 N4 P1","15","21","11","4","1","-9999","-9999","-9999","-9999","-9999","-9999","-9999"
"372","463.123784","463.123650563","463.123933688","2574943.5","-9999","399673.7","26.88","-1","-0.611336422","0.934434991","0","0.560660994","2","0.928571429","2","N2 S1 O13","de-protonated","0","-9999","C14 H28 O13 N2 S1","14","28","13","2","-9999","1","-9999","-9999","-9999","-9999","-9999","-9999"
"372","463.123784","463.123650563","463.123420624","2574943.5","-9999","399673.7","26.88","-1","0.496497718","0.956256676","0","0.573754005","20","0.074074074","0.740740741","N4 S1 O2","de-protonated","0","-9999","C27 H20 O2 N4 S1","27","20","2","4","-9999","1","-9999","-9999","-9999","-9999","-9999","-9999"
"372","463.123784","463.123650563","463.123553565","2574943.5","-9999","399673.7","26.88","-1","0.209443011","0.992072097","0","0.595243258","7","0.625","1.5625","N4 P1 O10","de-protonated","0","-9999","C16 H25 O10 N4 P1","16","25","10","4","1","-9999","-9999","-9999","-9999","-9999","-9999","-9999"
"373","463.160254","463.160120505","463.160319197","3399283.8","-9999","363041.2","36.04","-1","-0.428991909","0.967158645","0","0.580295187","1","0.8","2.133333333","N2 S1 O12","de-protonated","0","-9999","C15 H32 O12 N2 S1","15","32","12","2","-9999","1","-9999","-9999","-9999","-9999","-9999","-9999"
"373","463.160254","463.160120505","463.159806133","3399283.8","-9999","363041.2","36.04","-1","0.678755402","0.45990184","0.767553728","0.582962595","19","0.035714286","0.857142857","N4 S1 O1","de-protonated","0","-9999","C28 H24 O1 N4 S1","28","24","1","4","-9999","1","-9999","-9999","-9999","-9999","-9999","-9999"
"373","463.160254","463.160120505","463.159939075","3399283.8","-9999","363041.2","36.04","-1","0.391723194","0.97254127","0","0.583524762","6","0.529411765","1.705882353","N4 P1 O9","de-protonated","0","-9999","C17 H29 O9 N4 P1","17","29","9","4","1","-9999","-9999","-9999","-9999","-9999","-9999","-9999"
"374","463.196549","463.196415447","463.196704706","2093191.9","-9999","343538.8","21.52","-1","-0.624484691","0.931684013","0","0.559010408","0","0.6875","2.25","N2 S1 O11","de-protonated","0","-9999","C16 H36 O11 N2 S1","16","36","11","2","-9999","1","-9999","-9999","-9999","-9999","-9999","-9999"
"374","463.196549","463.196415447","463.196324584","2093191.9","-9999","343538.8","21.52","-1","0.196165781","0.99304199","0","0.595825194","5","0.444444444","1.833333333","N4 P1 O8","de-protonated","0","-9999","C18 H33 O8 N4 P1","18","33","8","4","1","-9999","-9999","-9999","-9999","-9999","-9999","-9999"
"375","463.217717","463.217583413","463.21732101","2264723.5","-9999","345270.2","23.43","-1","0.566479652","0.943436011","0","0.566061606","13","0.076923077","1.230769231","N4 S1 O2","de-protonated","0","-9999","C26 H32 O2 N4 S1","26","32","2","4","-9999","1","-9999","-9999","-9999","-9999","-9999","-9999"
"375","463.217717","463.217583413","463.217453952","2264723.5","-9999","345270.2","23.43","-1","0.279483115","0.985926861","0","0.591556117","0","0.666666667","2.466666667","N4 P1 O10","de-protonated","0","-9999","C15 H37 O10 N4 P1","15","37","10","4","1","-9999","-9999","-9999","-9999","-9999","-9999","-9999"
"376","463.254086","463.253952355","463.25370652","2494631.8","-9999","374291.5","25.98","-1","0.530672165","0.950185264","0","0.570111158","12","0.037037037","1.333333333","N4 S1 O1","de-protonated","0","-9999","C27 H36 O1 N4 S1","27","36","1","4","-9999","1","-9999","-9999","-9999","-9999","-9999","-9999"
"379","465.102083","465.101946409","465.10235009","1384116.1","-9999","479671.1","13.63","-1","-0.867939775","0.872241604","0","0.523344962","1","0.666666667","2.066666667","S2 P1 O10","de-protonated","0","-9999","C15 H31 O10 P1 S2","15","31","10","-9999","1","2","-9999","-9999","-9999","-9999","-9999","-9999"
"380","465.103044","465.102907407","465.103336627","1903284.6","-9999","347337.8","19.4","-1","-0.922848596","0.856817197","0","0.514090318","29","0.029411765","0.411764706","N2 O1","de-protonated","0","-9999","C34 H14 O1 N2","34","14","1","2","-9999","-9999","-9999","-9999","-9999","-9999","-9999","-9999"
"380","465.103044","465.102907407","465.102685179","1903284.6","-9999","347337.8","19.4","-1","0.47780571","0.95942184","0","0.575653104","20","0.115384615","0.692307692","N4 S1 O3","de-protonated","0","-9999","C26 H18 O3 N4 S1","26","18","3","4","-9999","1","-9999","-9999","-9999","-9999","-9999","-9999"
"380","465.103044","465.102907407","465.10281812","1903284.6","-9999","347337.8","19.4","-1","0.191972582","0.993335294","0","0.596001177","7","0.733333333","1.533333333","N4 P1 O11","de-protonated","0","-9999","C15 H23 O11 N4 P1","15","23","11","4","1","-9999","-9999","-9999","-9999","-9999","-9999","-9999"
"381","465.104077","465.103940406","465.103849692","1777845.3","-9999","413947.5","18","-1","0.195040616","0.993121306","0","0.595872784","11","0.571428571","1.047619048","O12","de-protonated","0","-9999","C21 H22 O12","21","22","12","-9999","-9999","-9999","-9999","-9999","-9999","-9999","-9999","-9999"
"381","465.104077","465.103940406","465.104338949","1777845.3","-9999","413947.5","18","-1","-0.856889896","0.875263263","0","0.525157958","15","0.166666667","0.958333333","N2 S1 P1 O4","de-protonated","0","-9999","C24 H23 O4 N2 P1 S1","24","23","4","2","1","1","-9999","-9999","-9999","-9999","-9999","-9999"
"381","465.104077","465.103940406","465.1036875","1777845.3","-9999","413947.5","18","-1","0.543761484","0.94776365","0","0.56865819","6","0.375","1.6875","N4 S2 P1 O6","de-protonated","0","-9999","C16 H27 O6 N4 P1 S2","16","27","6","4","1","2","-9999","-9999","-9999","-9999","-9999","-9999"
"382","465.13851","465.138373351","465.138735599","1868488.8","-9999","502634.9","19.01","-1","-0.77879616","0.895786761","0","0.537472056","0","0.5625","2.1875","S2 P1 O9","de-protonated","0","-9999","C16 H35 O9 P1 S2","16","35","9","-9999","1","2","-9999","-9999","-9999","-9999","-9999","-9999"
"383","465.139495","465.139358349","465.139583752","3702473.3","-9999","403553.8","39.4","-1","-0.484592173","0.95828551","0","0.574971306","1","0.928571429","2.142857143","N2 S1 O13","de-protonated","0","-9999","C14 H30 O13 N2 S1","14","30","13","2","-9999","1","-9999","-9999","-9999","-9999","-9999","-9999"
"383","465.139495","465.139358349","465.139070688","3702473.3","-9999","403553.8","39.4","-1","0.618441379","0.46647735","0.773979033","0.589478023","19","0.074074074","0.814814815","N4 S1 O2","de-protonated","0","-9999","C27 H22 O2 N4 S1","27","22","2","4","-9999","1","-9999","-9999","-9999","-9999","-9999","-9999"
"383","465.139495","465.139358349","465.13920363","3702473.3","-9999","403553.8","39.4","-1","0.33263057","0.980124138","0","0.588074483","6","0.625","1.6875","N4 P1 O10","de-protonated","0","-9999","C16 H27 O10 N4 P1","16","27","10","4","1","-9999","-9999","-9999","-9999","-9999","-9999","-9999"
"384","465.167809","465.167672304","465.167594111","1775833.4","-9999","365936.8","17.98","-1","0.168095807","0.99488607","0","0.596931642","13","0.076923077","1.153846154","N2 S2 O2","de-protonated","0","-9999","C26 H30 O2 N2 S2","26","30","2","2","-9999","2","-9999","-9999","-9999","-9999","-9999","-9999"
"384","465.167809","465.167672304","465.167727053","1775833.4","-9999","365936.8","17.98","-1","-0.117697348","0.997489608","0","0.598493765","0","0.666666667","2.333333333","N2 S1 P1 O10","de-protonated","0","-9999","C15 H35 O10 N2 P1 S1","15","35","10","2","1","1","-9999","-9999","-9999","-9999","-9999","-9999"
"385","465.175843","465.175706291","465.175969262","2819806","-9999","352634.5","29.59","-1","-0.565313613","0.943661954","0","0.566197172","0","0.8","2.266666667","N2 S1 O12","de-protonated","0","-9999","C15 H34 O12 N2 S1","15","34","12","2","-9999","1","-9999","-9999","-9999","-9999","-9999","-9999"
"385","465.175843","465.175706291","465.175456197","2819806","-9999","352634.5","29.59","-1","0.537633572","0.474451966","0.767553728","0.591692671","18","0.035714286","0.928571429","N4 S1 O1","de-protonated","0","-9999","C28 H26 O1 N4 S1","28","26","1","4","-9999","1","-9999","-9999","-9999","-9999","-9999","-9999"
"385","465.175843","465.175706291","465.175589139","2819806","-9999","352634.5","29.59","-1","0.251845141","0.98855741","0","0.593134446","5","0.529411765","1.823529412","N4 P1 O9","de-protonated","0","-9999","C17 H31 O9 N4 P1","17","31","9","4","1","-9999","-9999","-9999","-9999","-9999","-9999","-9999"
"386","465.212217","465.212080233","465.211974648","1403890.6","-9999","366578.8","13.85","-1","0.226960762","0.990696907","0","0.594418144","4","0.444444444","1.944444444","N4 P1 O8","de-protonated","0","-9999","C18 H35 O8 N4 P1","18","35","8","4","1","-9999","-9999","-9999","-9999","-9999","-9999","-9999"
"387","465.233367","465.2332302","465.232971075","4838142.5","-9999","365326.2","52.03","-1","0.556978605","0.472632509","0.780512821","0.595784634","12","0.076923077","1.307692308","N4 S1 O2","de-protonated","0","-9999","C26 H34 O2 N4 S1","26","34","2","4","-9999","1","-9999","-9999","-9999","-9999","-9999","-9999"
"388","465.269714","465.269577142","465.269356584","1395475.3","-9999","363671.7","13.75","-1","0.474042624","0.960045598","0","0.576027359","11","0.037037037","1.407407407","N4 S1 O1","de-protonated","0","-9999","C27 H38 O1 N4 S1","27","38","1","4","-9999","1","-9999","-9999","-9999","-9999","-9999","-9999"
"389","465.303705","465.303568087","465.30402456","1366310.6","-9999","405332.6","13.43","-1","-0.981020962","0.839770531","0","0.503862319","10","0.034482759","1.482758621","N2 P1 O1","de-protonated","0","-9999","C29 H43 O1 N2 P1","29","43","1","2","1","-9999","-9999","-9999","-9999","-9999","-9999","-9999"
"389","465.303705","465.303568087","465.303373112","1366310.6","-9999","405332.6","13.43","-1","0.419029153","0.968642429","0","0.581185457","1","0.142857143","2.238095238","N4 S1 P1 O3","de-protonated","0","-9999","C21 H47 O3 N4 P1 S1","21","47","3","4","1","1","-9999","-9999","-9999","-9999","-9999","-9999"
"393","467.082304","467.082164251","467.082601182","1564453.9","-9999","403676.6","15.62","-1","-0.935446884","0.853185194","0","0.511911116","29","0.060606061","0.363636364","N2 O2","de-protonated","0","-9999","C33 H12 O2 N2","33","12","2","2","-9999","-9999","-9999","-9999","-9999","-9999","-9999","-9999"
"393","467.082304","467.082164251","467.081949734","1564453.9","-9999","403676.6","15.62","-1","0.459272117","0.96245003","0","0.577470018","20","0.16","0.64","N4 S1 O4","de-protonated","0","-9999","C25 H16 O4 N4 S1","25","16","4","4","-9999","1","-9999","-9999","-9999","-9999","-9999","-9999"
"393","467.082304","467.082164251","467.082082675","1564453.9","-9999","403676.6","15.62","-1","0.174650215","0.994480614","0","0.596688368","7","0.857142857","1.5","N4 P1 O12","de-protonated","0","-9999","C14 H21 O12 N4 P1","14","21","12","4","1","-9999","-9999","-9999","-9999","-9999","-9999","-9999"
"394","467.101854","467.10171422","467.101741691","1939249.3","-9999","357866.6","19.79","-1","-0.05881159","0.999372602","0","0.599623561","10","0.476190476","1.142857143","S1 O10","de-protonated","0","-9999","C21 H24 O10 S1","21","24","10","-9999","-9999","1","-9999","-9999","-9999","-9999","-9999","-9999"
"394","467.101854","467.10171422","467.101361569","1939249.3","-9999","357866.6","19.79","-1","0.754978583","0.901744175","0","0.541046505","15","0.304347826","0.913043478","N2 P1 O7","de-protonated","0","-9999","C23 H21 O7 N2 P1","23","21","7","2","1","-9999","-9999","-9999","-9999","-9999","-9999","-9999"
"395","467.11867","467.118530193","467.118986692","2736955","-9999","355949.4","28.65","-1","-0.977263421","0.420446254","0.73113591","0.544722116","28","0.029411765","0.470588235","N2 O1","de-protonated","0","-9999","C34 H16 O1 N2","34","16","1","2","-9999","-9999","-9999","-9999","-9999","-9999","-9999","-9999"
"395","467.11867","467.118530193","467.118335243","2736955","-9999","355949.4","28.65","-1","0.417346883","0.968889755","0","0.581333853","19","0.115384615","0.769230769","N4 S1 O3","de-protonated","0","-9999","C26 H20 O3 N4 S1","26","20","3","4","-9999","1","-9999","-9999","-9999","-9999","-9999","-9999"
"395","467.11867","467.118530193","467.118468185","2736955","-9999","355949.4","28.65","-1","0.132747162","0.996807652","0","0.598084591","6","0.733333333","1.666666667","N4 P1 O11","de-protonated","0","-9999","C15 H25 O11 N4 P1","15","25","11","4","1","-9999","-9999","-9999","-9999","-9999","-9999","-9999"
"396","467.155116","467.154976135","467.155233817","3098448.3","-9999","352265.6","32.67","-1","-0.551596798","0.946288866","0","0.56777332","0","0.928571429","2.285714286","N2 S1 O13","de-protonated","0","-9999","C14 H32 O13 N2 S1","14","32","13","2","-9999","1","-9999","-9999","-9999","-9999","-9999","-9999"
"396","467.155116","467.154976135","467.154720752","3098448.3","-9999","352265.6","32.67","-1","0.54667738","0.473608505","0.773979033","0.593756716","18","0.074074074","0.888888889","N4 S1 O2","de-protonated","0","-9999","C27 H24 O2 N4 S1","27","24","2","4","-9999","1","-9999","-9999","-9999","-9999","-9999","-9999"
"396","467.155116","467.154976135","467.154853694","3098448.3","-9999","352265.6","32.67","-1","0.262099789","0.987612511","0","0.592567507","5","0.625","1.8125","N4 P1 O10","de-protonated","0","-9999","C16 H29 O10 N4 P1","16","29","10","4","1","-9999","-9999","-9999","-9999","-9999","-9999","-9999"
"397","467.191477","467.191337077","467.191106262","1785701.4","-9999","391220.7","18.08","-1","0.494049627","0.956677525","0","0.574006515","17","0.035714286","1","N4 S1 O1","de-protonated","0","-9999","C28 H28 O1 N4 S1","28","28","1","4","-9999","1","-9999","-9999","-9999","-9999","-9999","-9999"
"397","467.191477","467.191337077","467.191239204","1785701.4","-9999","391220.7","18.08","-1","0.209494215","0.992068235","0","0.595240941","4","0.529411765","1.941176471","N4 P1 O9","de-protonated","0","-9999","C17 H33 O9 N4 P1","17","33","9","4","1","-9999","-9999","-9999","-9999","-9999","-9999","-9999"
"398","467.249001","467.248860986","467.248621139","4711303","-9999","357149.4","50.6","-1","0.513316573","0.476657153","0.780512821","0.59819942","11","0.076923077","1.384615385","N4 S1 O2","de-protonated","0","-9999","C26 H36 O2 N4 S1","26","36","2","4","-9999","1","-9999","-9999","-9999","-9999","-9999","-9999"
"401","468.947198","468.947055278","468.946697598","1386863.8","-9999","400492.9","12.8","-1","0.762729836","0.899821375","0","0.539892825","14","0.933333333","0.4","N2 S1 O14","de-protonated","0","-9999","C15 H6 O14 N2 S1","15","6","14","2","-9999","1","-9999","-9999","-9999","-9999","-9999","-9999"
"401","468.947198","468.947055278","468.947186856","1386863.8","-9999","400492.9","12.8","-1","-0.280581089","0.985816859","0","0.591490115","18","0.333333333","0.388888889","N4 S2 P1 O6","de-protonated","0","-9999","C18 H7 O6 N4 P1 S2","18","7","6","4","1","2","-9999","-9999","-9999","-9999","-9999","-9999"
"402","468.965901","468.965758248","468.965325043","2565754.8","-9999","262217.7","25.11","-1","0.923746774","0.856559381","0","0.513935628","13","0.6875","0.625","N2 S2 O11","de-protonated","0","-9999","C16 H10 O11 N2 S2","16","10","11","2","-9999","2","-9999","-9999","-9999","-9999","-9999","-9999"
"404","469.098014","469.097871037","469.098251247","1421769.6","-9999","317677.6","13.17","-1","-0.810511305","0.887631298","0","0.532578779","28","0.060606061","0.424242424","N2 O2","de-protonated","0","-9999","C33 H14 O2 N2","33","14","2","2","-9999","-9999","-9999","-9999","-9999","-9999","-9999","-9999"
"404","469.098014","469.097871037","469.097599798","1421769.6","-9999","317677.6","13.17","-1","0.578214948","0.941139223","0","0.564683534","19","0.16","0.72","N4 S1 O4","de-protonated","0","-9999","C25 H18 O4 N4 S1","25","18","4","4","-9999","1","-9999","-9999","-9999","-9999","-9999","-9999"
"404","469.098014","469.097871037","469.09773274","1421769.6","-9999","317677.6","13.17","-1","0.294815994","0.98435283","0","0.590611698","6","0.857142857","1.642857143","N4 P1 O12","de-protonated","0","-9999","C14 H23 O12 N4 P1","14","23","12","4","1","-9999","-9999","-9999","-9999","-9999","-9999","-9999"
"405","469.134419","469.134275979","469.134636756","1962463.4","-9999","323135.8","18.81","-1","-0.769026212","0.898248079","0","0.538948847","27","0.029411765","0.529411765","N2 O1","de-protonated","0","-9999","C34 H18 O1 N2","34","18","1","2","-9999","-9999","-9999","-9999","-9999","-9999","-9999","-9999"
"405","469.134419","469.134275979","469.133985308","1962463.4","-9999","323135.8","18.81","-1","0.61959239","0.932713504","0","0.559628103","18","0.115384615","0.846153846","N4 S1 O3","de-protonated","0","-9999","C26 H22 O3 N4 S1","26","22","3","4","-9999","1","-9999","-9999","-9999","-9999","-9999","-9999"
"405","469.134419","469.134275979","469.134118249","1962463.4","-9999","323135.8","18.81","-1","0.336215405","0.979697818","0","0.587818691","5","0.733333333","1.8","N4 P1 O11","de-protonated","0","-9999","C15 H27 O11 N4 P1","15","27","11","4","1","-9999","-9999","-9999","-9999","-9999","-9999","-9999"
"406","469.170739","469.170595922","469.170370817","1505269","-9999","367660.8","14.04","-1","0.479792842","0.959090634","0","0.57545438","17","0.074074074","0.962962963","N4 S1 O2","de-protonated","0","-9999","C27 H26 O2 N4 S1","27","26","2","4","-9999","1","-9999","-9999","-9999","-9999","-9999","-9999"
"406","469.170739","469.170595922","469.170503759","1505269","-9999","367660.8","14.04","-1","0.196437873","0.993022742","0","0.595813645","4","0.625","1.9375","N4 P1 O10","de-protonated","0","-9999","C16 H31 O10 N4 P1","16","31","10","4","1","-9999","-9999","-9999","-9999","-9999","-9999","-9999"
"407","469.183663","469.183519901","469.183638099","1438204.8","-9999","375775.5","13.34","-1","-0.251922918","0.988550382","0","0.593130229","7","0.227272727","1.545454545","N2 S2 O5","de-protonated","0","-9999","C22 H34 O5 N2 S2","22","34","5","2","-9999","2","-9999","-9999","-9999","-9999","-9999","-9999"
"407","469.183663","469.183519901","469.183257976","1438204.8","-9999","375775.5","13.34","-1","0.558256085","0.94502069","0","0.567012414","12","0.083333333","1.291666667","N4 S1 P1 O2","de-protonated","0","-9999","C24 H31 O2 N4 P1 S1","24","31","2","4","1","1","-9999","-9999","-9999","-9999","-9999","-9999"
"408","469.22822","469.22807683","469.228537143","2794007.3","-9999","297699.4","27.49","-1","-0.980999918","0.419888411","0.736963647","0.546718506","20","0.03030303","0.909090909","N2 O1","de-protonated","0","-9999","C33 H30 O1 N2","33","30","1","2","-9999","-9999","-9999","-9999","-9999","-9999","-9999","-9999"
"408","469.22822","469.22807683","469.227885694","2794007.3","-9999","297699.4","27.49","-1","0.407340504","0.970341598","0","0.582204959","11","0.12","1.36","N4 S1 O3","de-protonated","0","-9999","C25 H34 O3 N4 S1","25","34","3","4","-9999","1","-9999","-9999","-9999","-9999","-9999","-9999"
"409","469.264605","469.264461772","469.264271204","1537581.1","-9999","397728.6","14.38","-1","0.406099867","0.970519298","0","0.582311579","10","0.076923077","1.461538462","N4 S1 O2","de-protonated","0","-9999","C26 H38 O2 N4 S1","26","38","2","4","-9999","1","-9999","-9999","-9999","-9999","-9999","-9999"
"410","469.971309","469.971164645","469.9716107","1320405.3","-9999","433518.3","12.1","-1","-0.949110303","0.84920823","0","0.509524938","21","0.166666667","0.416666667","N1 S2 P1 O4","de-protonated","0","-9999","C24 H10 O4 N1 P1 S2","24","10","4","1","1","2","-9999","-9999","-9999","-9999","-9999","-9999"
"411","469.974307","469.97416264","469.974112623","1936855.1","-9999","455016","18.54","-1","0.106424738","0.997946982","0","0.598768189","17","0.45","0.5","N1 S1 P1 O9","de-protonated","0","-9999","C20 H10 O9 N1 P1 S1","20","10","9","1","1","1","-9999","-9999","-9999","-9999","-9999","-9999"
"412","469.977068","469.976923636","469.976614547","18433496","-9999","338626.9","190.78","-1","0.657668935","0.462259482","0.85247738","0.618346642","13","0.875","0.625","N1 P1 O14","de-protonated","0","-9999","C16 H10 O14 N1 P1","16","10","14","1","1","-9999","-9999","-9999","-9999","-9999","-9999","-9999"
"413","469.979949","469.979804631","469.979852908","3290842.5","-9999","415620.3","32.68","-1","-0.102721774","0.499043614","0.793917021","0.616992977","21","0.25","0.375","N1 S2 O6","de-protonated","0","-9999","C24 H9 O6 N1 S2","24","9","6","1","-9999","2","-9999","-9999","-9999","-9999","-9999","-9999"
"417","470.976907","470.976761042","470.976755651","1887286.9","-9999","385044.1","18.02","-1","0.011445841","0.999976229","0","0.599985738","16","0.333333333","0.619047619","S2 P1 O7","de-protonated","0","-9999","C21 H13 O7 P1 S2","21","13","7","-9999","1","2","-9999","-9999","-9999","-9999","-9999","-9999"
"418","470.981707","470.981561034","470.981626556","2134073.8","-9999","327654.3","20.59","-1","-0.139118163","0.996494426","0","0.597896656","21","0.375","0.333333333","S1 O9","de-protonated","0","-9999","C24 H8 O9 S1","24","8","9","-9999","-9999","1","-9999","-9999","-9999","-9999","-9999","-9999"
"419","471.092499","471.092352857","471.092633559","1415293.5","-9999","316687.5","13.09","-1","-0.595852183","0.937609705","0","0.562565823","5","0.866666667","1.6","N2 S1 O13","de-protonated","0","-9999","C15 H24 O13 N2 S1","15","24","13","2","-9999","1","-9999","-9999","-9999","-9999","-9999","-9999"
"419","471.092499","471.092352857","471.092120495","1415293.5","-9999","316687.5","13.09","-1","0.493242543","0.956815855","0","0.574089513","23","0.071428571","0.571428571","N4 S1 O2","de-protonated","0","-9999","C28 H16 O2 N4 S1","28","16","2","4","-9999","1","-9999","-9999","-9999","-9999","-9999","-9999"
"419","471.092499","471.092352857","471.092253436","1415293.5","-9999","316687.5","13.09","-1","0.211043474","0.991950962","0","0.595170577","10","0.588235294","1.235294118","N4 P1 O10","de-protonated","0","-9999","C17 H21 O10 N4 P1","17","21","10","4","1","-9999","-9999","-9999","-9999","-9999","-9999","-9999"
"420","471.128884","471.128737799","471.129019068","7028883.5","-9999","357214.2","71.7","-1","-0.597010432","0.927323038","0.937604447","0.931435602","4","0.75","1.75","N2 S1 O12","de-protonated","0","-9999","C16 H28 O12 N2 S1","16","28","12","2","-9999","1","-9999","-9999","-9999","-9999","-9999","-9999"
"420","471.128884","471.128737799","471.128506004","7028883.5","-9999","357214.2","71.7","-1","0.492000182","0.964428992","0.971152398","0.967118355","22","0.034482759","0.689655172","N4 S1 O1","de-protonated","0","-9999","C29 H20 O1 N4 S1","29","20","1","4","-9999","1","-9999","-9999","-9999","-9999","-9999","-9999"
"420","471.128884","471.128737799","471.128638946","7028883.5","-9999","357214.2","71.7","-1","0.209822907","0.994817867","0.953039777","0.978106631","9","0.5","1.388888889","N4 P1 O9","de-protonated","0","-9999","C18 H25 O9 N4 P1","18","25","9","4","1","-9999","-9999","-9999","-9999","-9999","-9999","-9999"
"421","471.165305","471.165158741","471.165404578","1571497.9","-9999","412804","14.72","-1","-0.521762336","0.951803329","0","0.571081997","3","0.647058824","1.882352941","N2 S1 O11","de-protonated","0","-9999","C17 H32 O11 N2 S1","17","32","11","2","-9999","1","-9999","-9999","-9999","-9999","-9999","-9999"
"421","471.165305","471.165158741","471.165024455","1571497.9","-9999","412804","14.72","-1","0.285008757","0.985369013","0","0.591221408","8","0.421052632","1.526315789","N4 P1 O8","de-protonated","0","-9999","C19 H29 O8 N4 P1","19","29","8","4","1","-9999","-9999","-9999","-9999","-9999","-9999","-9999"
"422","471.19937","471.19922368700003","471.199288163","3011262.8","-9999","321643.5","29.75","-1","-0.13683505","0.99660835","0","0.59796501","6","0.227272727","1.636363636","N2 S2 O5","de-protonated","0","-9999","C22 H36 O5 N2 S2","22","36","5","2","-9999","2","-9999","-9999","-9999","-9999","-9999","-9999"
"422","471.19937","471.19922368700003","471.198908041","3011262.8","-9999","321643.5","29.75","-1","0.669878339","0.921803928","0","0.553082357","11","0.083333333","1.375","N4 S1 P1 O2","de-protonated","0","-9999","C24 H33 O2 N4 P1 S1","24","33","2","4","1","1","-9999","-9999","-9999","-9999","-9999","-9999"
"423","471.973157","471.973009453","471.972852776","1577113.8","-9999","400423.4","14.77","-1","0.331961579","0.98020321","0","0.588121926","17","0.611111111","0.388888889","N3 S1 O11","de-protonated","0","-9999","C18 H7 O11 N3 S1","18","7","11","3","-9999","1","-9999","-9999","-9999","-9999","-9999","-9999"
"425","472.132196","472.1320482","472.131933422","1867515.9","-9999","360688.4","17.8","-1","0.243104968","0.989333671","0","0.593600203","17","0.185185185","0.888888889","N1 P1 O5","de-protonated","0","-9999","C27 H24 O5 N1 P1","27","24","5","1","1","-9999","-9999","-9999","-9999","-9999","-9999","-9999"
"425","472.132196","472.1320482","472.131662096","1867515.9","-9999","360688.4","17.8","-1","0.817788362","0.885724917","0","0.53143495","3","0.588235294","1.823529412","N1 S2 O10","de-protonated","0","-9999","C17 H31 O10 N1 S2","17","31","10","1","-9999","2","-9999","-9999","-9999","-9999","-9999","-9999"
"425","472.132196","472.1320482","472.132373903","1867515.9","-9999","360688.4","17.8","-1","-0.689856891","0.917271397","0.937604447","0.925404617","4","0.75","1.75","13C1 N2 S1 O12","de-protonated","1","420","C15 H28 O12 N2 S1 13C1","15","28","12","2","-9999","1","1","-9999","-9999","-9999","-9999","-9999"
"425","472.132196","472.1320482","472.131860839","1867515.9","-9999","360688.4","17.8","-1","0.396839303","0.9718296","0.971152398","0.971558719","22","0.034482759","0.689655172","13C1 N4 S1 O1","de-protonated","1","420","C28 H20 O1 N4 S1 13C1","28","20","1","4","-9999","1","1","-9999","-9999","-9999","-9999","-9999"
"425","472.132196","472.1320482","472.131993781","1867515.9","-9999","360688.4","17.8","-1","0.115261726","0.997592309","0.953039777","0.979771296","9","0.5","1.388888889","13C1 N4 P1 O9","de-protonated","1","420","C17 H25 O9 N4 P1 13C1","17","25","9","4","1","-9999","1","-9999","-9999","-9999","-9999","-9999"
"427","473.107293","473.107143645","473.10743547","1810265.1","-9999","410171.3","17.2","-1","-0.616826947","0.933292356","0","0.559975414","3","0.529411765","1.823529412","S2 P1 O9","de-protonated","0","-9999","C17 H31 O9 P1 S2","17","31","9","-9999","1","2","-9999","-9999","-9999","-9999","-9999","-9999"
"428","473.108101","473.107951643","473.108283623","2747737.8","-9999","341189.6","26.99","-1","-0.701699558","0.914532644","0","0.548719586","4","0.866666667","1.733333333","N2 S1 O13","de-protonated","0","-9999","C15 H26 O13 N2 S1","15","26","13","2","-9999","1","-9999","-9999","-9999","-9999","-9999","-9999"
"428","473.108101","473.107951643","473.107770559","2747737.8","-9999","341189.6","26.99","-1","0.382755025","0.486883858","0.767553728","0.599151806","22","0.071428571","0.642857143","N4 S1 O2","de-protonated","0","-9999","C28 H18 O2 N4 S1","28","18","2","4","-9999","1","-9999","-9999","-9999","-9999","-9999","-9999"
"428","473.108101","473.107951643","473.107903501","2747737.8","-9999","341189.6","26.99","-1","0.10175828","0.998122909","0","0.598873745","9","0.588235294","1.352941176","N4 P1 O10","de-protonated","0","-9999","C17 H23 O10 N4 P1","17","23","10","4","1","-9999","-9999","-9999","-9999","-9999","-9999","-9999"
"429","473.138775","473.138625595","473.138795906","1625964.8","-9999","433437.5","15.27","-1","-0.35996068","0.976763608","0","0.586058165","12","0.304347826","1.130434783","N2 S1 O7","de-protonated","0","-9999","C23 H26 O7 N2 S1","23","26","7","2","-9999","1","-9999","-9999","-9999","-9999","-9999","-9999"
"429","473.138775","473.138625595","473.138415783","1625964.8","-9999","433437.5","15.27","-1","0.443445618","0.964948257","0","0.578968954","17","0.16","0.92","N4 P1 O4","de-protonated","0","-9999","C25 H23 O4 N4 P1","25","23","4","4","1","-9999","-9999","-9999","-9999","-9999","-9999","-9999"
"430","473.14162","473.14147059","473.141297829","2484846.5","-9999","339212.1","24.24","-1","0.36513543","0.976098824","0","0.585659295","8","0.631578947","1.368421053","N2 O12","de-protonated","0","-9999","C19 H26 O12 N2","19","26","12","2","-9999","-9999","-9999","-9999","-9999","-9999","-9999","-9999"
"430","473.14162","473.14147059","473.141787087","2484846.5","-9999","339212.1","24.24","-1","-0.668925695","0.922017277","0","0.553210366","12","0.181818182","1.227272727","N4 S1 P1 O4","de-protonated","0","-9999","C22 H27 O4 N4 P1 S1","22","27","4","4","1","1","-9999","-9999","-9999","-9999","-9999","-9999"
"431","473.144468","473.144318585","473.144669133","23854448","-9999","326295","247.36","-1","-0.740888005","0.603860271","0.937564285","0.737341876","3","0.75","1.875","N2 S1 O12","de-protonated","0","-9999","C16 H30 O12 N2 S1","16","30","12","2","-9999","1","-9999","-9999","-9999","-9999","-9999","-9999"
"431","473.144468","473.144318585","473.144156068","23854448","-9999","326295","247.36","-1","0.343483139","0.489331243","0.915830796","0.659931064","21","0.034482759","0.75862069","N4 S1 O1","de-protonated","0","-9999","C29 H22 O1 N4 S1","29","22","1","4","-9999","1","-9999","-9999","-9999","-9999","-9999","-9999"
"431","473.144468","473.144318585","473.14428901","23854448","-9999","326295","247.36","-1","0.062508014","0.999254464","0.958419575","0.982920508","8","0.5","1.5","N4 P1 O9","de-protonated","0","-9999","C18 H27 O9 N4 P1","18","27","9","4","1","-9999","-9999","-9999","-9999","-9999","-9999","-9999"
"432","473.180061","473.179911529","473.180206489","1394054.5","-9999","448272.2","12.85","-1","-0.623356891","0.931921954","0","0.559153172","1","0.368421053","2.052631579","S2 P1 O7","de-protonated","0","-9999","C19 H39 O7 P1 S2","19","39","7","-9999","1","2","-9999","-9999","-9999","-9999","-9999","-9999"
"433","473.180929","473.180779527","473.181054642","1812871","-9999","365835","17.22","-1","-0.581415282","0.94050568","0","0.564303408","2","0.647058824","2","N2 S1 O11","de-protonated","0","-9999","C17 H34 O11 N2 S1","17","34","11","2","-9999","1","-9999","-9999","-9999","-9999","-9999","-9999"
"433","473.180929","473.180779527","473.18067452","1812871","-9999","365835","17.22","-1","0.221919088","0.991103808","0","0.594662285","7","0.421052632","1.631578947","N4 P1 O8","de-protonated","0","-9999","C19 H31 O8 N4 P1","19","31","8","4","1","-9999","-9999","-9999","-9999","-9999","-9999","-9999"
"434","473.215067","473.214917473","473.214938228","1445276.4","-9999","337748.4","13.39","-1","-0.043859623","0.999651014","0","0.599790608","5","0.227272727","1.727272727","N2 S2 O5","de-protonated","0","-9999","C22 H38 O5 N2 S2","22","38","5","2","-9999","2","-9999","-9999","-9999","-9999","-9999","-9999"
"434","473.215067","473.214917473","473.214558105","1445276.4","-9999","337748.4","13.39","-1","0.759417657","0.900644905","0","0.540386943","10","0.083333333","1.458333333","N4 S1 P1 O2","de-protonated","0","-9999","C24 H35 O2 N4 P1 S1","24","35","2","4","1","1","-9999","-9999","-9999","-9999","-9999","-9999"
"435","473.276022","473.275872376","473.275606477","5676482.5","-9999","402265.8","57.56","-1","0.561825363","0.945540823","0.967388117","0.95427974","4","0.375","1.75","O9","de-protonated","0","-9999","C24 H42 O9","24","42","9","-9999","-9999","-9999","-9999","-9999","-9999","-9999","-9999","-9999"
"435","473.276022","473.275872376","473.276095735","5676482.5","-9999","402265.8","57.56","-1","-0.471942514","0.959522673","0.987326105","0.970644046","8","0.037037037","1.592592593","N2 S1 P1 O1","de-protonated","0","-9999","C27 H43 O1 N2 P1 S1","27","43","1","2","1","1","-9999","-9999","-9999","-9999","-9999","-9999"
"436","473.27901","473.278860371","473.278597658","7130564.5","-9999","306478.3","72.75","-1","0.555090969","0.961119591","0.955938166","0.959047021","4","0.260869565","1.869565217","N2 P1 O6","de-protonated","0","-9999","C23 H43 O6 N2 P1","23","43","6","2","1","-9999","-9999","-9999","-9999","-9999","-9999","-9999"
"438","474.147826","474.147674986","474.147583486","6133734","-9999","325716.8","62.33","-1","0.19297636","0.496632826","0.773979033","0.607571309","16","0.185185185","0.962962963","N1 P1 O5","de-protonated","0","-9999","C27 H26 O5 N1 P1","27","26","5","1","1","-9999","-9999","-9999","-9999","-9999","-9999","-9999"
"438","474.147826","474.147674986","474.14731216","6133734","-9999","325716.8","62.33","-1","0.765216685","0.449600597","0.844689208","0.607636041","2","0.588235294","1.941176471","N1 S2 O10","de-protonated","0","-9999","C17 H33 O10 N1 S2","17","33","10","1","-9999","2","-9999","-9999","-9999","-9999","-9999","-9999"
"438","474.147826","474.147674986","474.148023968","6133734","-9999","325716.8","62.33","-1","-0.73601934","0.604254205","0.937564285","0.737578237","3","0.75","1.875","13C1 N2 S1 O12","de-protonated","1","431","C15 H30 O12 N2 S1 13C1","15","30","12","2","-9999","1","1","-9999","-9999","-9999","-9999","-9999"
"438","474.147826","474.147674986","474.147510903","6133734","-9999","325716.8","62.33","-1","0.346057146","0.489252449","0.915830796","0.659883788","21","0.034482759","0.75862069","13C1 N4 S1 O1","de-protonated","1","431","C28 H22 O1 N4 S1 13C1","28","22","1","4","-9999","1","1","-9999","-9999","-9999","-9999","-9999"
"438","474.147826","474.147674986","474.147643845","6133734","-9999","325716.8","62.33","-1","0.065676599","0.999217643","0.958419575","0.982898415","8","0.5","1.5","13C1 N4 P1 O9","de-protonated","1","431","C17 H27 O9 N4 P1 13C1","17","27","9","4","1","-9999","1","-9999","-9999","-9999","-9999","-9999"
"440","474.279373","474.279221776","474.278961313","1779768.9","-9999","380126.5","16.87","-1","0.549177523","0.946746235","0.967388117","0.955002988","4","0.375","1.75","13C1 O9","de-protonated","1","435","C23 H42 O9 13C1","23","42","9","-9999","-9999","-9999","1","-9999","-9999","-9999","-9999","-9999"
"440","474.279373","474.279221776","474.27945057","1779768.9","-9999","380126.5","16.87","-1","-0.482403369","0.958653609","0.987326105","0.970122607","8","0.037037037","1.592592593","13C1 N2 S1 P1 O1","de-protonated","1","435","C26 H43 O1 N2 P1 S1 13C1","26","43","1","2","1","1","1","-9999","-9999","-9999","-9999","-9999"
"440","474.279373","474.279221776","474.279586916","1779768.9","-9999","380126.5","16.87","-1","-0.769882649","0.898033293","0","0.538819976","8","0.115384615","1.576923077","N3 S1 O3","de-protonated","0","-9999","C26 H41 O3 N3 S1","26","41","3","3","-9999","1","-9999","-9999","-9999","-9999","-9999","-9999"
"441","474.282275","474.282123771","474.281952493","2292282.5","-9999","347158.9","22.22","-1","0.361131005","0.976614051","0.955938166","0.968343697","4","0.260869565","1.869565217","13C1 N2 P1 O6","de-protonated","1","436","C22 H43 O6 N2 P1 13C1","22","43","6","2","1","-9999","1","-9999","-9999","-9999","-9999","-9999"
"441","474.282275","474.282123771","474.282088839","2292282.5","-9999","347158.9","22.22","-1","0.073652999","0.999016168","0","0.599409701","4","0.363636364","1.863636364","N3 O8","de-protonated","0","-9999","C22 H41 O8 N3","22","41","8","3","-9999","-9999","-9999","-9999","-9999","-9999","-9999","-9999"
"444","475.087361","475.087208488","475.087035114","1389880.9","-9999","370496","12.8","-1","0.36492971","0.976125425","0","0.585675255","22","0.111111111","0.592592593","N4 S1 O3","de-protonated","0","-9999","C27 H16 O3 N4 S1","27","16","3","4","-9999","1","-9999","-9999","-9999","-9999","-9999","-9999"
"444","475.087361","475.087208488","475.087168056","1389880.9","-9999","370496","12.8","-1","0.085103632","0.998686698","0","0.599212019","9","0.6875","1.3125","N4 P1 O11","de-protonated","0","-9999","C16 H21 O11 N4 P1","16","21","11","4","1","-9999","-9999","-9999","-9999","-9999","-9999","-9999"
"445","475.123705","475.12355243","475.123085535","2681424","-9999","371190","26.28","-1","0.982682189","0.839273606","0","0.503564164","2","0.529411765","1.941176471","S2 P1 O9","de-protonated","0","-9999","C17 H33 O9 P1 S2","17","33","9","-9999","1","2","-9999","-9999","-9999","-9999","-9999","-9999"
"445","475.123705","475.12355243","475.123933688","2681424","-9999","371190","26.28","-1","-0.802439425","0.889730699","0","0.533838419","3","0.866666667","1.866666667","N2 S1 O13","de-protonated","0","-9999","C15 H28 O13 N2 S1","15","28","13","2","-9999","1","-9999","-9999","-9999","-9999","-9999","-9999"
"445","475.123705","475.12355243","475.123420624","2681424","-9999","371190","26.28","-1","0.27741439","0.493066491","0.767553728","0.602861386","21","0.071428571","0.714285714","N4 S1 O2","de-protonated","0","-9999","C28 H20 O2 N4 S1","28","20","2","4","-9999","1","-9999","-9999","-9999","-9999","-9999","-9999"
"445","475.123705","475.12355243","475.123553565","2681424","-9999","371190","26.28","-1","-0.002390233","0.999998963","0","0.599999378","8","0.588235294","1.470588235","N4 P1 O10","de-protonated","0","-9999","C17 H25 O10 N4 P1","17","25","10","4","1","-9999","-9999","-9999","-9999","-9999","-9999","-9999"
"446","475.148667","475.14851439","475.148572744","3205728","-9999","382110.6","31.75","-1","-0.122811665","0.498633502","0.755017935","0.601187275","20","0.066666667","0.8","N2 S1 O2","de-protonated","0","-9999","C30 H24 O2 N2 S1","30","24","2","2","-9999","1","-9999","-9999","-9999","-9999","-9999","-9999"
"446","475.148667","475.14851439","475.148705685","3205728","-9999","382110.6","31.75","-1","-0.402601365","0.971017654","0","0.582610593","7","0.526315789","1.526315789","N2 P1 O10","de-protonated","0","-9999","C19 H29 O10 N2 P1","19","29","10","2","1","-9999","-9999","-9999","-9999","-9999","-9999","-9999"
"447","475.1543","475.154147381","475.15444597","8563300","-9999","338786.4","87.69","-1","-0.628405231","0.465426997","0.800793265","0.599573505","11","0.304347826","1.217391304","N2 S1 O7","de-protonated","0","-9999","C23 H28 O7 N2 S1","23","28","7","2","-9999","1","-9999","-9999","-9999","-9999","-9999","-9999"
"447","475.1543","475.154147381","475.154065848","8563300","-9999","338786.4","87.69","-1","0.171592725","0.49733583","0.787157861","0.613264642","16","0.16","1","N4 P1 O4","de-protonated","0","-9999","C25 H25 O4 N4 P1","25","25","4","4","1","-9999","-9999","-9999","-9999","-9999","-9999","-9999"
"447","475.1543","475.154147381","475.153794522","8563300","-9999","338786.4","87.69","-1","0.742620905","0.452388681","0.860410506","0.615597411","2","0.6","2.133333333","N4 S2 O9","de-protonated","0","-9999","C15 H32 O9 N4 S2","15","32","9","4","-9999","2","-9999","-9999","-9999","-9999","-9999","-9999"
"448","475.157331","475.157178376","475.156947894","11178598","-9999","311666.1","115","-1","0.485065364","0.965004698","0.950847883","0.959341972","7","0.631578947","1.473684211","N2 O12","de-protonated","0","-9999","C19 H28 O12 N2","19","28","12","2","-9999","-9999","-9999","-9999","-9999","-9999","-9999","-9999"
"448","475.157331","475.157178376","475.157437151","11178598","-9999","311666.1","115","-1","-0.544609327","0.939008925","0.972590335","0.952441489","11","0.181818182","1.318181818","N4 S1 P1 O4","de-protonated","0","-9999","C22 H29 O4 N4 P1 S1","22","29","4","4","1","1","-9999","-9999","-9999","-9999","-9999","-9999"
"449","475.160056","475.159903372","475.159471044","124125800","-9999","357117.6","1294.3","-1","0.909858078","0.244713805","0.753041226","0.448044773","1","0.444444444","2.055555556","S2 P1 O8","de-protonated","0","-9999","C18 H37 O8 P1 S2","18","37","8","-9999","1","2","-9999","-9999","-9999","-9999","-9999","-9999"
"449","475.160056","475.159903372","475.160319197","124125800","-9999","357117.6","1294.3","-1","-0.87512671","0.458287544","0.940817543","0.651299543","2","0.75","2","N2 S1 O12","de-protonated","0","-9999","C16 H32 O12 N2 S1","16","32","12","2","-9999","1","-9999","-9999","-9999","-9999","-9999","-9999"
"449","475.160056","475.159903372","475.159806133","124125800","-9999","357117.6","1294.3","-1","0.204644336","0.417985519","0.899022729","0.610400403","20","0.034482759","0.827586207","N4 S1 O1","de-protonated","0","-9999","C29 H24 O1 N4 S1","29","24","1","4","-9999","1","-9999","-9999","-9999","-9999","-9999","-9999"
"449","475.160056","475.159903372","475.159939075","124125800","-9999","357117.6","1294.3","-1","-0.075138841","0.796094328","0.967577061","0.864687421","7","0.5","1.611111111","N4 P1 O9","de-protonated","0","-9999","C18 H29 O9 N4 P1","18","29","9","4","1","-9999","-9999","-9999","-9999","-9999","-9999","-9999"
"450","475.288498","475.288345167","475.288754618","3155129","-9999","317295.5","31.23","-1","-0.861479724","0.437005789","0.767553728","0.569224965","7","0.142857143","1.571428571","S1 O4","de-protonated","0","-9999","C28 H44 O4 S1","28","44","4","-9999","-9999","1","-9999","-9999","-9999","-9999","-9999","-9999"
"450","475.288498","475.288345167","475.288374496","3155129","-9999","317295.5","31.23","-1","-0.061708022","0.499654652","0.755017935","0.601799965","12","0.033333333","1.366666667","N2 P1 O1","de-protonated","0","-9999","C30 H41 O1 N2 P1","30","41","1","2","1","-9999","-9999","-9999","-9999","-9999","-9999","-9999"
"452","476.160646","476.160491776","476.160302729","3145959.3","-9999","382646.3","31.12","-1","0.397024573","0.971803664","0.950847883","0.963421352","7","0.631578947","1.473684211","13C1 N2 O12","de-protonated","1","448","C18 H28 O12 N2 13C1","18","28","12","2","-9999","-9999","1","-9999","-9999","-9999","-9999","-9999"
"452","476.160646","476.160491776","476.160080179","3145959.3","-9999","382646.3","31.12","-1","0.864410013","0.87320991","0","0.523925946","10","0.086956522","1.391304348","N3 S2 P1 O2","de-protonated","0","-9999","C23 H32 O2 N3 P1 S2","23","32","2","3","1","2","-9999","-9999","-9999","-9999","-9999","-9999"
"452","476.160646","476.160491776","476.160791986","3145959.3","-9999","382646.3","31.12","-1","-0.630480321","0.930412876","0.972590335","0.94728386","11","0.181818182","1.318181818","13C1 N4 S1 P1 O4","de-protonated","1","448","C21 H29 O4 N4 P1 S1 13C1","21","29","4","4","1","1","1","-9999","-9999","-9999","-9999","-9999"
"453","476.163496","476.163341772","476.163233551","28542186","-9999","348500.8","296.29","-1","0.227276823","0.3302237","0.750139918","0.498190187","15","0.185185185","1.037037037","N1 P1 O5","de-protonated","0","-9999","C27 H28 O5 N1 P1","27","28","5","1","1","-9999","-9999","-9999","-9999","-9999","-9999","-9999"
"453","476.163496","476.163341772","476.162962225","28542186","-9999","348500.8","296.29","-1","0.797094812","0.585269169","0.897678089","0.710232737","1","0.588235294","2.058823529","N1 S2 O10","de-protonated","0","-9999","C17 H35 O10 N1 S2","17","35","10","1","-9999","2","-9999","-9999","-9999","-9999","-9999","-9999"
"453","476.163496","476.163341772","476.163674032","28542186","-9999","348500.8","296.29","-1","-0.697786373","0.463935127","0.940817543","0.654688093","2","0.75","2","13C1 N2 S1 O12","de-protonated","1","449","C15 H32 O12 N2 S1 13C1","15","32","12","2","-9999","1","1","-9999","-9999","-9999","-9999","-9999"
"453","476.163496","476.163341772","476.163160968","28542186","-9999","348500.8","296.29","-1","0.379709607","0.415378123","0.899022729","0.608835965","20","0.034482759","0.827586207","13C1 N4 S1 O1","de-protonated","1","449","C28 H24 O1 N4 S1 13C1","28","24","1","4","-9999","1","1","-9999","-9999","-9999","-9999","-9999"
"453","476.163496","476.163341772","476.16329391","28542186","-9999","348500.8","296.29","-1","0.100515931","0.795932794","0.967577061","0.864590501","7","0.5","1.611111111","13C1 N4 P1 O9","de-protonated","1","449","C17 H29 O9 N4 P1 13C1","17","29","9","4","1","-9999","1","-9999","-9999","-9999","-9999","-9999"
"454","477.066621","477.066465332","477.066299669","1559344.3","-9999","403931.5","14.55","-1","0.347252303","0.97835779","0","0.587014674","22","0.153846154","0.538461538","N4 S1 O4","de-protonated","0","-9999","C26 H14 O4 N4 S1","26","14","4","4","-9999","1","-9999","-9999","-9999","-9999","-9999","-9999"
"454","477.066621","477.066465332","477.066432611","1559344.3","-9999","403931.5","14.55","-1","0.06858718","0.999146793","0","0.599488076","9","0.8","1.266666667","N4 P1 O12","de-protonated","0","-9999","C15 H19 O12 N4 P1","15","19","12","4","1","-9999","-9999","-9999","-9999","-9999","-9999","-9999"
"455","477.102984","477.102828274","477.102685179","2116935.8","-9999","347237.8","20.37","-1","0.299925038","0.983810264","0","0.590286158","21","0.111111111","0.666666667","N4 S1 O3","de-protonated","0","-9999","C27 H18 O3 N4 S1","27","18","3","4","-9999","1","-9999","-9999","-9999","-9999","-9999","-9999"
"455","477.102984","477.102828274","477.10281812","2116935.8","-9999","347237.8","20.37","-1","0.02128118","0.999917827","0","0.599950696","8","0.6875","1.4375","N4 P1 O11","de-protonated","0","-9999","C16 H23 O11 N4 P1","16","23","11","4","1","-9999","-9999","-9999","-9999","-9999","-9999","-9999"
"456","477.139421","477.139265216","477.139583752","3965791.3","-9999","317821.8","39.68","-1","-0.667596376","0.922314559","0","0.553388735","2","0.866666667","2","N2 S1 O13","de-protonated","0","-9999","C15 H30 O13 N2 S1","15","30","13","2","-9999","1","-9999","-9999","-9999","-9999","-9999","-9999"
"456","477.139421","477.139265216","477.139070688","3965791.3","-9999","317821.8","39.68","-1","0.407695795","0.485145307","0.767553728","0.598108676","20","0.071428571","0.785714286","N4 S1 O2","de-protonated","0","-9999","C28 H22 O2 N4 S1","28","22","2","4","-9999","1","-9999","-9999","-9999","-9999","-9999","-9999"
"456","477.139421","477.139265216","477.13920363","3965791.3","-9999","317821.8","39.68","-1","0.129073156","0.996981651","0","0.598188991","7","0.588235294","1.588235294","N4 P1 O10","de-protonated","0","-9999","C17 H27 O10 N4 P1","17","27","10","4","1","-9999","-9999","-9999","-9999","-9999","-9999","-9999"
"457","477.163385","477.163229177","477.163571359","1504110.9","-9999","437042.4","13.97","-1","-0.717116766","0.910910019","0","0.546546011","10","0.181818182","1.363636364","N4 S2 O4","de-protonated","0","-9999","C22 H30 O4 N4 S2","22","30","4","4","-9999","2","-9999","-9999","-9999","-9999","-9999","-9999"
"458","477.164449","477.164293176","477.164735872","2057583.6","-9999","342217.1","19.75","-1","-0.927764754","0.855403927","0","0.513242356","1","0.764705882","2","S1 O13","de-protonated","0","-9999","C17 H34 O13 S1","17","34","13","-9999","-9999","1","-9999","-9999","-9999","-9999","-9999","-9999"
"458","477.164449","477.164293176","477.164222808","2057583.6","-9999","342217.1","19.75","-1","0.147470457","0.996061714","0","0.597637028","19","0.066666667","0.866666667","N2 S1 O2","de-protonated","0","-9999","C30 H26 O2 N2 S1","30","26","2","2","-9999","1","-9999","-9999","-9999","-9999","-9999","-9999"
"458","477.164449","477.164293176","477.16435575","2057583.6","-9999","342217.1","19.75","-1","-0.131137423","0.996884486","0","0.598130692","6","0.526315789","1.631578947","N2 P1 O10","de-protonated","0","-9999","C19 H31 O10 N2 P1","19","31","10","2","1","-9999","-9999","-9999","-9999","-9999","-9999","-9999"
"458","477.164449","477.164293176","477.16456419","2057583.6","-9999","342217.1","19.75","-1","-0.567969133","0.467398244","0.940817543","0.656765964","2","0.75","2","N2 S1 O11 18O1","de-protonated","1","449","C16 H32 O11 N2 S1 18O1","16","32","11","2","-9999","1","-9999","-9999","-9999","1","-9999","-9999"
"458","477.164449","477.164293176","477.164184068","2057583.6","-9999","342217.1","19.75","-1","0.228658771","0.794410679","0.967577061","0.863677232","7","0.5","1.611111111","N4 P1 O8 18O1","de-protonated","1","449","C18 H29 O8 N4 P1 18O1","18","29","8","4","1","-9999","-9999","-9999","-9999","1","-9999","-9999"
"459","477.165889","477.165733173","477.165876578","2025328.5","-9999","289417.4","19.42","-1","-0.300534797","0.983744907","0","0.590246944","14","0.107142857","1.107142857","S1 P1 O3","de-protonated","0","-9999","C28 H31 O3 P1 S1","28","31","3","-9999","1","1","-9999","-9999","-9999","-9999","-9999","-9999"
"459","477.165889","477.165733173","477.166180714","2025328.5","-9999","289417.4","19.42","-1","-0.937913746","0.243562877","0.753041226","0.447354217","1","0.444444444","2.055555556","13C2 S2 P1 O8","de-protonated","1","449","C16 H37 O8 P1 S2 13C2","16","37","8","-9999","1","2","2","-9999","-9999","-9999","-9999","-9999"
"459","477.165889","477.165733173","477.166073283","2025328.5","-9999","289417.4","19.42","-1","-0.712769535","0.911938008","0","0.547162805","6","0.5","1.666666667","N4 S1 O9","de-protonated","0","-9999","C18 H30 O9 N4 S1","18","30","9","4","-9999","1","-9999","-9999","-9999","-9999","-9999","-9999"
"460","477.1669","477.166744172","477.16631706","3612529.3","-9999","380627.1","35.99","-1","0.895101001","0.576463734","0.897678089","0.704949476","1","0.588235294","2.058823529","13C1 N1 S2 O10","de-protonated","1","453","C16 H35 O10 N1 S2 13C1","16","35","10","1","-9999","2","1","-9999","-9999","-9999","-9999","-9999"
"460","477.1669","477.166744172","477.166724732","3612529.3","-9999","380627.1","35.99","-1","0.040741039","0.499849435","0.780512821","0.612114789","15","0.269230769","1","N2 O7","de-protonated","0","-9999","C26 H26 O7 N2","26","26","7","2","-9999","-9999","-9999","-9999","-9999","-9999","-9999","-9999"
"460","477.1669","477.166744172","477.167028867","3612529.3","-9999","380627.1","35.99","-1","-0.596636994","0.466686207","0.940817543","0.656338741","2","0.75","2","13C2 N2 S1 O12","de-protonated","1","449","C14 H32 O12 N2 S1 13C2","14","32","12","2","-9999","1","2","-9999","-9999","-9999","-9999","-9999"
"460","477.1669","477.166744172","477.166515803","3612529.3","-9999","380627.1","35.99","-1","0.478593406","0.413251354","0.899022729","0.607559904","20","0.034482759","0.827586207","13C2 N4 S1 O1","de-protonated","1","449","C27 H24 O1 N4 S1 13C2","27","24","1","4","-9999","1","2","-9999","-9999","-9999","-9999","-9999"
"460","477.1669","477.166744172","477.166648745","3612529.3","-9999","380627.1","35.99","-1","0.199986773","0.794852966","0.967577061","0.863942604","7","0.5","1.611111111","13C2 N4 P1 O9","de-protonated","1","449","C16 H29 O9 N4 P1 13C2","16","29","9","4","1","-9999","2","-9999","-9999","-9999","-9999","-9999"
"461","477.175819","477.175663158","477.175969262","6809463","-9999","350654.7","69.37","-1","-0.641490902","0.464025749","0.85247738","0.619406402","1","0.75","2.125","N2 S1 O12","de-protonated","0","-9999","C16 H34 O12 N2 S1","16","34","12","2","-9999","1","-9999","-9999","-9999","-9999","-9999","-9999"
"461","477.175819","477.175663158","477.175456197","6809463","-9999","350654.7","69.37","-1","0.43371930400000003","0.483221598","0.761234226","0.594426649","19","0.034482759","0.896551724","N4 S1 O1","de-protonated","0","-9999","C29 H26 O1 N4 S1","29","26","1","4","-9999","1","-9999","-9999","-9999","-9999","-9999","-9999"
"461","477.175819","477.175663158","477.175589139","6809463","-9999","350654.7","69.37","-1","0.155117903","0.497821789","0.837042051","0.633509894","6","0.5","1.722222222","N4 P1 O9","de-protonated","0","-9999","C18 H31 O9 N4 P1","18","31","9","4","1","-9999","-9999","-9999","-9999","-9999","-9999","-9999"
"462","477.2122","477.2120441","477.212354771","1950094.6","-9999","330770.5","18.63","-1","-0.651012906","0.925981351","0","0.555588811","0","0.647058824","2.235294118","N2 S1 O11","de-protonated","0","-9999","C17 H38 O11 N2 S1","17","38","11","2","-9999","1","-9999","-9999","-9999","-9999","-9999","-9999"
"462","477.2122","477.2120441","477.211974648","1950094.6","-9999","330770.5","18.63","-1","0.145535154","0.996164205","0","0.597698523","5","0.421052632","1.842105263","N4 P1 O8","de-protonated","0","-9999","C19 H35 O8 N4 P1","19","35","8","4","1","-9999","-9999","-9999","-9999","-9999","-9999","-9999"
"464","477.233325","477.233169066","477.232971075","2085276.3","-9999","348025.1","20.04","-1","0.414873063","0.969251761","0","0.581551056","13","0.074074074","1.259259259","N4 S1 O2","de-protonated","0","-9999","C27 H34 O2 N4 S1","27","34","2","4","-9999","1","-9999","-9999","-9999","-9999","-9999","-9999"
"464","477.233325","477.233169066","477.233104016","2085276.3","-9999","348025.1","20.04","-1","0.136305244","0.996634519","0","0.597980711","0","0.625","2.4375","N4 P1 O10","de-protonated","0","-9999","C16 H39 O10 N4 P1","16","39","10","4","1","-9999","-9999","-9999","-9999","-9999","-9999","-9999"
"465","477.269632","477.269476008","477.269356584","2149299.8","-9999","333382.9","20.71","-1","0.250223196","0.988703489","0","0.593222093","12","0.035714286","1.357142857","N4 S1 O1","de-protonated","0","-9999","C28 H38 O1 N4 S1","28","38","1","4","-9999","1","-9999","-9999","-9999","-9999","-9999","-9999"
"466","479.082262","479.082103118","479.081949734","1918549.9","-9999","401775.8","18.29","-1","0.320162364","0.981572693","0","0.588943616","21","0.153846154","0.615384615","N4 S1 O4","de-protonated","0","-9999","C26 H16 O4 N4 S1","26","16","4","4","-9999","1","-9999","-9999","-9999","-9999","-9999","-9999"
"466","479.082262","479.082103118","479.082082675","1918549.9","-9999","401775.8","18.29","-1","0.042669681","0.999669691","0","0.599801814","8","0.8","1.4","N4 P1 O12","de-protonated","0","-9999","C15 H21 O12 N4 P1","15","21","12","4","1","-9999","-9999","-9999","-9999","-9999","-9999","-9999"
"467","479.118644","479.11848506","479.118335243","2985070","-9999","324018.1","29.42","-1","0.312692373","0.491207516","0.773979033","0.604316123","20","0.111111111","0.740740741","N4 S1 O3","de-protonated","0","-9999","C27 H20 O3 N4 S1","27","20","3","4","-9999","1","-9999","-9999","-9999","-9999","-9999","-9999"
"467","479.118644","479.11848506","479.118468185","2985070","-9999","324018.1","29.42","-1","0.035220765","0.999774938","0","0.599864963","7","0.6875","1.5625","N4 P1 O11","de-protonated","0","-9999","C16 H25 O11 N4 P1","16","25","11","4","1","-9999","-9999","-9999","-9999","-9999","-9999","-9999"
"468","479.146901","479.146742015","479.146858666","2727552.5","-9999","358764.1","26.73","-1","-0.24345727","0.9893029","0","0.59358174","14","0.115384615","1.076923077","N2 S2 O3","de-protonated","0","-9999","C26 H28 O3 N2 S2","26","28","3","2","-9999","2","-9999","-9999","-9999","-9999","-9999","-9999"
"468","479.146901","479.146742015","479.146991608","2727552.5","-9999","358764.1","26.73","-1","-0.520912205","0.951956427","0","0.571173856","1","0.733333333","2.2","N2 S1 P1 O11","de-protonated","0","-9999","C15 H33 O11 N2 P1 S1","15","33","11","2","1","1","-9999","-9999","-9999","-9999","-9999","-9999"
"469","479.155013","479.154854002","479.154385664","3481734","-9999","384319.2","34.61","-1","0.977426574","0.84084385","0","0.50450631","0","0.529411765","2.176470588","S2 P1 O9","de-protonated","0","-9999","C17 H37 O9 P1 S2","17","37","9","-9999","1","2","-9999","-9999","-9999","-9999","-9999","-9999"
"469","479.155013","479.154854002","479.155233817","3481734","-9999","384319.2","34.61","-1","-0.79267618","0.892248448","0","0.535349069","1","0.866666667","2.133333333","N2 S1 O13","de-protonated","0","-9999","C15 H32 O13 N2 S1","15","32","13","2","-9999","1","-9999","-9999","-9999","-9999","-9999","-9999"
"469","479.155013","479.154854002","479.154720752","3481734","-9999","384319.2","34.61","-1","0.278092448","0.493032793","0.767553728","0.602841167","19","0.071428571","0.857142857","N4 S1 O2","de-protonated","0","-9999","C28 H24 O2 N4 S1","28","24","2","4","-9999","1","-9999","-9999","-9999","-9999","-9999","-9999"
"469","479.155013","479.154854002","479.154853694","3481734","-9999","384319.2","34.61","-1","6.41921e-4","0.999999925","0","0.599999955","6","0.588235294","1.705882353","N4 P1 O10","de-protonated","0","-9999","C17 H29 O10 N4 P1","17","29","10","4","1","-9999","-9999","-9999","-9999","-9999","-9999","-9999"
"471","479.191443","479.191283944","479.191619326","2542750","-9999","342735.6","24.8","-1","-0.699891993","0.914953146","0","0.548971888","0","0.75","2.25","N2 S1 O12","de-protonated","0","-9999","C16 H36 O12 N2 S1","16","36","12","2","-9999","1","-9999","-9999","-9999","-9999","-9999","-9999"
"471","479.191443","479.191283944","479.191106262","2542750","-9999","342735.6","24.8","-1","0.37079543","0.975361367","0","0.58521682","18","0.034482759","0.965517241","N4 S1 O1","de-protonated","0","-9999","C29 H28 O1 N4 S1","29","28","1","4","-9999","1","-9999","-9999","-9999","-9999","-9999","-9999"
"471","479.191443","479.191283944","479.191239204","2542750","-9999","342735.6","24.8","-1","0.093365944","0.998419526","0","0.599051716","5","0.5","1.833333333","N4 P1 O9","de-protonated","0","-9999","C18 H33 O9 N4 P1","18","33","9","4","1","-9999","-9999","-9999","-9999","-9999","-9999","-9999"
"472","479.248962","479.248802852","479.248621139","2446020","-9999","304813.2","23.79","-1","0.379161758","0.97425157","0","0.584550942","12","0.074074074","1.333333333","N4 S1 O2","de-protonated","0","-9999","C27 H36 O2 N4 S1","27","36","2","4","-9999","1","-9999","-9999","-9999","-9999","-9999","-9999"
"473","479.355583","479.355423682","479.355408686","1635082.4","-9999","331475","15.33","-1","0.031284542","0.999822428","0","0.599893457","0","0.086956522","2.304347826","N4 S1 P1 O2","de-protonated","0","-9999","C23 H53 O2 N4 P1 S1","23","53","2","4","1","1","-9999","-9999","-9999","-9999","-9999","-9999"
"475","480.983047","480.982885087","480.983083108","1956676.8","-9999","385749.8","18.67","-1","-0.411699815","0.969713162","0","0.581827897","14","0.764705882","0.588235294","N2 S1 O13","de-protonated","0","-9999","C17 H10 O13 N2 S1","17","10","13","2","-9999","1","-9999","-9999","-9999","-9999","-9999","-9999"
"475","480.983047","480.982885087","480.982702985","1956676.8","-9999","385749.8","18.67","-1","0.378603789","0.974326316","0","0.584595789","19","0.526315789","0.368421053","N4 P1 O10","de-protonated","0","-9999","C19 H7 O10 N4 P1","19","7","10","4","1","-9999","-9999","-9999","-9999","-9999","-9999","-9999"
"476","481.097912","481.097749904","481.097599798","2311057.8","-9999","384022.8","22.37","-1","0.312006615","0.982491399","0","0.589494839","20","0.153846154","0.692307692","N4 S1 O4","de-protonated","0","-9999","C26 H18 O4 N4 S1","26","18","4","4","-9999","1","-9999","-9999","-9999","-9999","-9999","-9999"
"476","481.097912","481.097749904","481.09773274","2311057.8","-9999","384022.8","22.37","-1","0.035676542","0.999769076","0","0.599861446","7","0.8","1.533333333","N4 P1 O12","de-protonated","0","-9999","C15 H23 O12 N4 P1","15","23","12","4","1","-9999","-9999","-9999","-9999","-9999","-9999","-9999"
"477","481.134276","481.134113846","481.133650219","3026346","-9999","342047.4","29.84","-1","0.963614209","0.844944273","0","0.506966564","0","0.625","2.1875","S2 P1 O10","de-protonated","0","-9999","C16 H35 O10 P1 S2","16","35","10","-9999","1","2","-9999","-9999","-9999","-9999","-9999","-9999"
"477","481.134276","481.134113846","481.133985308","3026346","-9999","342047.4","29.84","-1","0.267156979","0.493566493","0.773979033","0.605731509","19","0.111111111","0.814814815","N4 S1 O3","de-protonated","0","-9999","C27 H22 O3 N4 S1","27","22","3","4","-9999","1","-9999","-9999","-9999","-9999","-9999","-9999"
"477","481.134276","481.134113846","481.134118249","3026346","-9999","342047.4","29.84","-1","-0.009152184","0.999984802","0","0.599990881","6","0.6875","1.6875","N4 P1 O11","de-protonated","0","-9999","C16 H27 O11 N4 P1","16","27","11","4","1","-9999","-9999","-9999","-9999","-9999","-9999","-9999"
"478","481.162617","481.162454801","481.162508731","24744382","-9999","313725.6","241.1","-1","-0.112083269","0.497625404","0.909490563","0.662371468","13","0.115384615","1.153846154","N2 S2 O3","de-protonated","0","-9999","C26 H30 O3 N2 S2","26","30","3","2","-9999","2","-9999","-9999","-9999","-9999","-9999","-9999"
"478","481.162617","481.162454801","481.162641673","24744382","-9999","313725.6","241.1","-1","-0.388375948","0.644264685","0.932697596","0.759637849","0","0.733333333","2.333333333","N2 S1 P1 O11","de-protonated","0","-9999","C15 H35 O11 N2 P1 S1","15","35","11","2","1","1","-9999","-9999","-9999","-9999","-9999","-9999"
"479","481.170733","481.170570788","481.170883881","2737602.5","-9999","353704.4","25.21","-1","-0.650690718","0.926051819","0","0.555631092","0","0.866666667","2.266666667","N2 S1 O13","de-protonated","0","-9999","C15 H34 O13 N2 S1","15","34","13","2","-9999","1","-9999","-9999","-9999","-9999","-9999","-9999"
"479","481.170733","481.170570788","481.170370817","2737602.5","-9999","353704.4","25.21","-1","0.415592551","0.484573341","0.767553728","0.597765496","18","0.071428571","0.928571429","N4 S1 O2","de-protonated","0","-9999","C28 H26 O2 N4 S1","28","26","2","4","-9999","1","-9999","-9999","-9999","-9999","-9999","-9999"
"479","481.170733","481.170570788","481.170503759","2737602.5","-9999","353704.4","25.21","-1","0.139304241","0.996485058","0","0.597891035","5","0.588235294","1.823529412","N4 P1 O10","de-protonated","0","-9999","C17 H31 O10 N4 P1","17","31","10","4","1","-9999","-9999","-9999","-9999","-9999","-9999","-9999"
"480","481.20713","481.20696773","481.206756326","1411290.9","-9999","350792","12.19","-1","0.439319346","0.965586233","0","0.57935174","17","0.034482759","1.034482759","N4 S1 O1","de-protonated","0","-9999","C29 H30 O1 N4 S1","29","30","1","4","-9999","1","-9999","-9999","-9999","-9999","-9999","-9999"
"480","481.20713","481.20696773","481.206889268","1411290.9","-9999","350792","12.19","-1","0.163051921","0.995187635","0","0.597112581","4","0.5","1.944444444","N4 P1 O9","de-protonated","0","-9999","C18 H35 O9 N4 P1","18","35","9","4","1","-9999","-9999","-9999","-9999","-9999","-9999","-9999"
"481","481.228215","481.228052696","481.227885694","2061801","-9999","315824.5","18.57","-1","0.347032587","0.97838487","0","0.587030922","12","0.115384615","1.307692308","N4 S1 O3","de-protonated","0","-9999","C26 H34 O3 N4 S1","26","34","3","4","-9999","1","-9999","-9999","-9999","-9999","-9999","-9999"
"482","481.264545","481.264382638","481.264271204","1836545.4","-9999","371522.7","16.36","-1","0.231545301","0.990319115","0","0.594191469","11","0.074074074","1.407407407","N4 S1 O2","de-protonated","0","-9999","C27 H38 O2 N4 S1","27","38","2","4","-9999","1","-9999","-9999","-9999","-9999","-9999","-9999"
"483","481.325417","481.325254541","481.325157384","2004010.1","-9999","379523.9","18.01","-1","0.20185251","0.992634237","0","0.595580542","0","0.136363636","2.272727273","N4 S2 O3","de-protonated","0","-9999","C22 H50 O3 N4 S2","22","50","3","4","-9999","2","-9999","-9999","-9999","-9999","-9999","-9999"
"484","481.331415","481.331252532","481.33168206","24101422","-9999","269975.6","234.79","-1","-0.892374922","0.591618279","0.93832996","0.730302952","0","0.260869565","2.173913043","N2 S1 O6","de-protonated","0","-9999","C23 H50 O6 N2 S1","23","50","6","2","-9999","1","-9999","-9999","-9999","-9999","-9999","-9999"
"484","481.331415","481.331252532","481.331301937","24101422","-9999","269975.6","234.79","-1","-0.102644067","0.665777725","0.953134209","0.780720318","5","0.12","1.88","N4 P1 O3","de-protonated","0","-9999","C25 H47 O3 N4 P1","25","47","3","4","1","-9999","-9999","-9999","-9999","-9999","-9999","-9999"
"485","482.165931","482.165767201","482.165863566","6252640","-9999","360588.5","59.68","-1","-0.199858824","0.496389248","0.909490563","0.661629774","13","0.115384615","1.153846154","13C1 N2 S2 O3","de-protonated","1","478","C25 H30 O3 N2 S2 13C1","25","30","3","2","-9999","2","1","-9999","-9999","-9999","-9999","-9999"
"485","482.165931","482.165767201","482.165996508","6252640","-9999","360588.5","59.68","-1","-0.475576532","0.639861259","0.932697596","0.756995794","0","0.733333333","2.333333333","13C1 N2 S1 P1 O11","de-protonated","1","478","C14 H35 O11 N2 P1 S1 13C1","14","35","11","2","1","1","1","-9999","-9999","-9999","-9999","-9999"
"485","482.165931","482.165767201","482.166132853","6252640","-9999","360588.5","59.68","-1","-0.758353662","0.450454426","0.86849267","0.617669723","0","0.928571429","2.357142857","N3 S1 O13","de-protonated","0","-9999","C14 H33 O13 N3 S1","14","33","13","3","-9999","1","-9999","-9999","-9999","-9999","-9999","-9999"
"486","482.334852","482.334687932","482.335036895","8205522","-9999","337859.4","78.84","-1","-0.723487466","0.606262911","0.93832996","0.739089731","0","0.260869565","2.173913043","13C1 N2 S1 O6","de-protonated","1","484","C22 H50 O6 N2 S1 13C1","22","50","6","2","-9999","1","1","-9999","-9999","-9999","-9999","-9999"
"486","482.334852","482.334687932","482.334656772","8205522","-9999","337859.4","78.84","-1","0.06460072","0.666162037","0.953134209","0.780950906","5","0.12","1.88","13C1 N4 P1 O3","de-protonated","1","484","C24 H47 O3 N4 P1 13C1","24","47","3","4","1","-9999","1","-9999","-9999","-9999","-9999","-9999"
"491","483.113583","483.11341769","483.113249863","1955554","-9999","352336.1","17.52","-1","0.347386921","0.97834119","0","0.587004714","19","0.153846154","0.769230769","N4 S1 O4","de-protonated","0","-9999","C26 H20 O4 N4 S1","26","20","4","4","-9999","1","-9999","-9999","-9999","-9999","-9999","-9999"
"491","483.113583","483.11341769","483.113382804","1955554","-9999","352336.1","17.52","-1","0.072209745","0.999054329","0","0.599432597","6","0.8","1.666666667","N4 P1 O12","de-protonated","0","-9999","C15 H25 O12 N4 P1","15","25","12","4","1","-9999","-9999","-9999","-9999","-9999","-9999","-9999"
"492","483.141798","483.141632645","483.141773286","1580277.1","-9999","277142.2","13.84","-1","-0.291097048","0.984742093","0","0.590845256","13","0.16","1.12","N2 S2 O4","de-protonated","0","-9999","C25 H28 O4 N2 S2","25","28","4","2","-9999","2","-9999","-9999","-9999","-9999","-9999","-9999"
"492","483.141798","483.141632645","483.141906228","1580277.1","-9999","277142.2","13.84","-1","-0.566257802","0.94347903","0","0.566087418","0","0.857142857","2.357142857","N2 S1 P1 O12","de-protonated","0","-9999","C14 H33 O12 N2 P1 S1","14","33","12","2","1","1","-9999","-9999","-9999","-9999","-9999","-9999"
"492","483.141798","483.141632645","483.141393164","1580277.1","-9999","277142.2","13.84","-1","0.49567555","0.956398225","0","0.573838935","18","0.037037037","0.925925926","N4 S1 P1 O1","de-protonated","0","-9999","C27 H25 O1 N4 P1 S1","27","25","1","4","1","1","-9999","-9999","-9999","-9999","-9999","-9999"
"493","483.149922","483.149756632","483.149635372","2659066.8","-9999","348905.9","24.42","-1","0.250978007","0.988635622","0","0.593181373","18","0.111111111","0.888888889","N4 S1 O3","de-protonated","0","-9999","C27 H24 O3 N4 S1","27","24","3","4","-9999","1","-9999","-9999","-9999","-9999","-9999","-9999"
"493","483.149922","483.149756632","483.149768314","2659066.8","-9999","348905.9","24.42","-1","-0.024178419","0.999893931","0","0.599936359","5","0.6875","1.8125","N4 P1 O11","de-protonated","0","-9999","C16 H29 O11 N4 P1","16","29","11","4","1","-9999","-9999","-9999","-9999","-9999","-9999","-9999"
"494","483.159662","483.159496616","483.159531351","8093441.5","-9999","327793.3","77.73","-1","-0.07189006","0.998754105","0.989739211","0.995148147","13","0.24","1.12","N2 S1 O6","de-protonated","0","-9999","C25 H28 O6 N2 S1","25","28","6","2","-9999","1","-9999","-9999","-9999","-9999","-9999","-9999"
"494","483.159662","483.159496616","483.159151228","8093441.5","-9999","327793.3","77.73","-1","0.714853794","0.890496453","0.976560383","0.924922025","18","0.111111111","0.925925926","N4 P1 O3","de-protonated","0","-9999","C27 H25 O3 N4 P1","27","25","3","4","1","-9999","-9999","-9999","-9999","-9999","-9999","-9999"
"495","483.186369","483.186203574","483.186020881","1730835.4","-9999","344884.2","15.31","-1","0.378099656","0.97439376","0","0.584636256","17","0.071428571","1","N4 S1 O2","de-protonated","0","-9999","C28 H28 O2 N4 S1","28","28","2","4","-9999","1","-9999","-9999","-9999","-9999","-9999","-9999"
"495","483.186369","483.186203574","483.186153823","1730835.4","-9999","344884.2","15.31","-1","0.102963916","0.998078208","0","0.598846925","4","0.588235294","1.941176471","N4 P1 O10","de-protonated","0","-9999","C17 H33 O10 N4 P1","17","33","10","4","1","-9999","-9999","-9999","-9999","-9999","-9999","-9999"
"496","483.199367","483.199201553","483.199288163","3345180.3","-9999","345116.5","31.15","-1","-0.179243531","0.497093666","0.800793265","0.618573506","7","0.217391304","1.565217391","N2 S2 O5","de-protonated","0","-9999","C23 H36 O5 N2 S2","23","36","5","2","-9999","2","-9999","-9999","-9999","-9999","-9999","-9999"
"496","483.199367","483.199201553","483.198908041","3345180.3","-9999","345116.5","31.15","-1","0.607435506","0.467620722","0.787157861","0.595435578","12","0.08","1.32","N4 S1 P1 O2","de-protonated","0","-9999","C25 H33 O2 N4 P1 S1","25","33","2","4","1","1","-9999","-9999","-9999","-9999","-9999","-9999"
"497","483.243813","483.243647482","483.243535759","2049850.5","-9999","344713.6","18.44","-1","0.23119495","0.990348247","0","0.594208948","11","0.115384615","1.384615385","N4 S1 O3","de-protonated","0","-9999","C26 H36 O3 N4 S1","26","36","3","4","-9999","1","-9999","-9999","-9999","-9999","-9999","-9999"
"499","484.163098","484.162931016","484.162886186","2056109.8","-9999","361905.4","18.5","-1","0.09259405","0.99844553","0.989739211","0.994963003","13","0.24","1.12","13C1 N2 S1 O6","de-protonated","1","494","C24 H28 O6 N2 S1 13C1","24","28","6","2","-9999","1","1","-9999","-9999","-9999","-9999","-9999"
"499","484.163098","484.162931016","484.162506063","2056109.8","-9999","361905.4","18.5","-1","0.877707623","0.869547127","0.976560383","0.912352429","18","0.111111111","0.925925926","13C1 N4 P1 O3","de-protonated","1","494","C26 H25 O3 N4 P1 13C1","26","25","3","4","1","-9999","1","-9999","-9999","-9999","-9999","-9999"
"503","484.933885","484.933716787","484.933370009","1412286.8","-9999","323087.8","12.18","-1","0.715104607","0.911386467","0","0.54683188","14","0.866666667","0.466666667","N2 S1 P1 O13","de-protonated","0","-9999","C15 H7 O13 N2 P1 S1","15","7","13","2","1","1","-9999","-9999","-9999","-9999","-9999","-9999"
"504","484.941791","484.941622775","484.942101475","1574852.3","-9999","303606.4","13.77","-1","-0.987128891","0.837940776","0","0.502764465","18","0.388888889","0.388888889","N4 S2 P1 O7","de-protonated","0","-9999","C18 H7 O7 N4 P1 S2","18","7","7","4","1","2","-9999","-9999","-9999","-9999","-9999","-9999"
"505","485.108038","485.10786951","485.10743547","3238966.8","-9999","332256.7","30.1","-1","0.894728862","0.864800112","0","0.518880067","4","0.5","1.722222222","S2 P1 O9","de-protonated","0","-9999","C18 H31 O9 P1 S2","18","31","9","-9999","1","2","-9999","-9999","-9999","-9999","-9999","-9999"
"505","485.108038","485.10786951","485.108283623","3238966.8","-9999","332256.7","30.1","-1","-0.853651773","0.876143375","0","0.525686025","5","0.8125","1.625","N2 S1 O13","de-protonated","0","-9999","C16 H26 O13 N2 S1","16","26","13","2","-9999","1","-9999","-9999","-9999","-9999","-9999","-9999"
"505","485.108038","485.10786951","485.107770559","3238966.8","-9999","332256.7","30.1","-1","0.203976744","0.496239489","0.761234226","0.602237384","23","0.068965517","0.620689655","N4 S1 O2","de-protonated","0","-9999","C29 H18 O2 N4 S1","29","18","2","4","-9999","1","-9999","-9999","-9999","-9999","-9999","-9999"
"505","485.108038","485.10786951","485.107903501","3238966.8","-9999","332256.7","30.1","-1","-0.070069002","0.999109544","0","0.599465727","10","0.555555556","1.277777778","N4 P1 O10","de-protonated","0","-9999","C18 H23 O10 N4 P1","18","23","10","4","1","-9999","-9999","-9999","-9999","-9999","-9999","-9999"
"506","485.144478","485.144309452","485.144669133","1417807.8","-9999","390229.6","12.23","-1","-0.741389161","0.905077502","0","0.543046501","4","0.705882353","1.764705882","N2 S1 O12","de-protonated","0","-9999","C17 H30 O12 N2 S1","17","30","12","2","-9999","1","-9999","-9999","-9999","-9999","-9999","-9999"
"506","485.144478","485.144309452","485.144156068","1417807.8","-9999","390229.6","12.23","-1","0.316160153","0.982026377","0","0.589215826","22","0.033333333","0.733333333","N4 S1 O1","de-protonated","0","-9999","C30 H22 O1 N4 S1","30","22","1","4","-9999","1","-9999","-9999","-9999","-9999","-9999","-9999"
"506","485.144478","485.144309452","485.14428901","1417807.8","-9999","390229.6","12.23","-1","0.04213493","0.999677917","0","0.59980675","9","0.473684211","1.421052632","N4 P1 O9","de-protonated","0","-9999","C19 H27 O9 N4 P1","19","27","9","4","1","-9999","-9999","-9999","-9999","-9999","-9999","-9999"
"507","485.180463","485.180294394","485.180206489","1512552.5","-9999","284172.2","13.16","-1","0.181181017","0.994061367","0","0.59643682","2","0.35","1.95","S2 P1 O7","de-protonated","0","-9999","C20 H39 O7 P1 S2","20","39","7","-9999","1","2","-9999","-9999","-9999","-9999","-9999","-9999"
"507","485.180463","485.180294394","485.18067452","1512552.5","-9999","284172.2","13.16","-1","-0.78347145","0.894600351","0","0.53676021","8","0.4","1.55","N4 P1 O8","de-protonated","0","-9999","C20 H31 O8 N4 P1","20","31","8","4","1","-9999","-9999","-9999","-9999","-9999","-9999","-9999"
"508","485.214926","485.214757339","485.214938228","3592832.3","-9999","324311.6","33.57","-1","-0.372800924","0.48754874","0.800793265","0.61284655","6","0.217391304","1.652173913","N2 S2 O5","de-protonated","0","-9999","C23 H38 O5 N2 S2","23","38","5","2","-9999","2","-9999","-9999","-9999","-9999","-9999","-9999"
"508","485.214926","485.214757339","485.214558105","3592832.3","-9999","324311.6","33.57","-1","0.410609985","0.48493543","0.787157861","0.605824403","11","0.08","1.4","N4 S1 P1 O2","de-protonated","0","-9999","C25 H35 O2 N4 P1 S1","25","35","2","4","1","1","-9999","-9999","-9999","-9999","-9999","-9999"
"509","485.25937","485.259201268","485.259185823","1486494.9","-9999","325464.9","12.9","-1","0.031828841","0.999816196","0","0.599889717","10","0.115384615","1.461538462","N4 S1 O3","de-protonated","0","-9999","C26 H38 O3 N4 S1","26","38","3","4","-9999","1","-9999","-9999","-9999","-9999","-9999","-9999"
"511","487.08723","487.087058354","487.086700025","1874322","-9999","344172","16.7","-1","0.735656977","0.906469015","0","0.543881409","4","0.588235294","1.705882353","S2 P1 O10","de-protonated","0","-9999","C17 H29 O10 P1 S2","17","29","10","-9999","1","2","-9999","-9999","-9999","-9999","-9999","-9999"
"511","487.08723","487.087058354","487.087035114","1874322","-9999","344172","16.7","-1","0.047711821","0.999587032","0","0.599752219","23","0.107142857","0.571428571","N4 S1 O3","de-protonated","0","-9999","C28 H16 O3 N4 S1","28","16","3","4","-9999","1","-9999","-9999","-9999","-9999","-9999","-9999"
"511","487.08723","487.087058354","487.087168056","1874322","-9999","344172","16.7","-1","-0.225220305","0.990838389","0","0.594503033","10","0.647058824","1.235294118","N4 P1 O11","de-protonated","0","-9999","C17 H21 O11 N4 P1","17","21","11","4","1","-9999","-9999","-9999","-9999","-9999","-9999","-9999"
"512","487.123668","487.123496296","487.123085535","9562539","-9999","351263.6","92.12","-1","0.843239197","0.592239803","0.93031813","0.727471133","3","0.5","1.833333333","S2 P1 O9","de-protonated","0","-9999","C18 H33 O9 P1 S2","18","33","9","-9999","1","2","-9999","-9999","-9999","-9999","-9999","-9999"
"512","487.123668","487.123496296","487.123933688","9562539","-9999","351263.6","92.12","-1","-0.897906796","0.853983015","0.953390901","0.89374617","4","0.8125","1.75","N2 S1 O13","de-protonated","0","-9999","C16 H28 O13 N2 S1","16","28","13","2","-9999","1","-9999","-9999","-9999","-9999","-9999","-9999"
"512","487.123668","487.123496296","487.123420624","9562539","-9999","351263.6","92.12","-1","0.155345353","0.997168324","0.955365944","0.980447372","22","0.068965517","0.689655172","N4 S1 O2","de-protonated","0","-9999","C29 H20 O2 N4 S1","29","20","2","4","-9999","1","-9999","-9999","-9999","-9999","-9999","-9999"
"512","487.123668","487.123496296","487.123553565","9562539","-9999","351263.6","92.12","-1","-0.11756641600000001","0.995555708","0.968826231","0.984863917","9","0.555555556","1.388888889","N4 P1 O10","de-protonated","0","-9999","C18 H25 O10 N4 P1","18","25","10","4","1","-9999","-9999","-9999","-9999","-9999","-9999","-9999"
"513","487.160072","487.159900238","487.159471044","2537412.8","-9999","335463.8","23.2","-1","0.881013117","0.868630377","0","0.521178226","2","0.421052632","1.947368421","S2 P1 O8","de-protonated","0","-9999","C19 H37 O8 P1 S2","19","37","8","-9999","1","2","-9999","-9999","-9999","-9999","-9999","-9999"
"513","487.160072","487.159900238","487.160319197","2537412.8","-9999","335463.8","23.2","-1","-0.860002897","0.874414856","0","0.524648913","3","0.705882353","1.882352941","N2 S1 O12","de-protonated","0","-9999","C17 H32 O12 N2 S1","17","32","12","2","-9999","1","-9999","-9999","-9999","-9999","-9999","-9999"
"513","487.160072","487.159900238","487.159806133","2537412.8","-9999","335463.8","23.2","-1","0.193170625","0.496626066","0.755017935","0.599982814","21","0.033333333","0.8","N4 S1 O1","de-protonated","0","-9999","C30 H24 O1 N4 S1","30","24","1","4","-9999","1","-9999","-9999","-9999","-9999","-9999","-9999"
"513","487.160072","487.159900238","487.159939075","2537412.8","-9999","335463.8","23.2","-1","-0.079720771","0.998847485","0","0.599308491","8","0.473684211","1.526315789","N4 P1 O9","de-protonated","0","-9999","C19 H29 O9 N4 P1","19","29","9","4","1","-9999","-9999","-9999","-9999","-9999","-9999","-9999"
"514","487.194227","487.194055183","487.194474109","4709852.5","-9999","252368.1","44.51","-1","-0.859873885","0.43722503","0.742885034","0.559489032","20","0.03125","0.90625","N2 P1 O1","de-protonated","0","-9999","C32 H29 O1 N2 P1","32","29","1","2","1","-9999","-9999","-9999","-9999","-9999","-9999","-9999"
"514","487.194227","487.194055183","487.194202783","4709852.5","-9999","252368.1","44.51","-1","-0.302958542","0.491741924","0.807789663","0.61816102","6","0.272727273","1.636363636","N2 S2 O6","de-protonated","0","-9999","C22 H36 O6 N2 S2","22","36","6","2","-9999","2","-9999","-9999","-9999","-9999","-9999","-9999"
"514","487.194227","487.194055183","487.193822661","4709852.5","-9999","252368.1","44.51","-1","0.477269751","0.479755478","0.793917021","0.605420095","11","0.125","1.375","N4 S1 P1 O3","de-protonated","0","-9999","C24 H33 O3 N4 P1 S1","24","33","3","4","1","1","-9999","-9999","-9999","-9999","-9999","-9999"
"515","487.230703","487.230531125","487.230588292","2636278","-9999","347393.9","24.17","-1","-0.117330802","0.997505201","0","0.59850312","5","0.217391304","1.739130435","N2 S2 O5","de-protonated","0","-9999","C23 H40 O5 N2 S2","23","40","5","2","-9999","2","-9999","-9999","-9999","-9999","-9999","-9999"
"515","487.230703","487.230531125","487.23020817","2636278","-9999","347393.9","24.17","-1","0.66283937","0.923374325","0","0.554024595","10","0.08","1.48","N4 S1 P1 O2","de-protonated","0","-9999","C25 H37 O2 N4 P1 S1","25","37","2","4","1","1","-9999","-9999","-9999","-9999","-9999","-9999"
"516","488.054393","488.054219812","488.054077023","1613365.8","-9999","422829","14.13","-1","0.292568207","0.984588679","0","0.590753207","19","0.32","0.64","N1 P1 O8","de-protonated","0","-9999","C25 H16 O8 N1 P1","25","16","8","1","1","-9999","-9999","-9999","-9999","-9999","-9999","-9999"
"516","488.054393","488.054219812","488.053805697","1613365.8","-9999","422829","14.13","-1","0.848503303","0.87753766","0","0.526522596","5","0.866666667","1.533333333","N1 S2 O13","de-protonated","0","-9999","C15 H23 O13 N1 S2","15","23","13","1","-9999","2","-9999","-9999","-9999","-9999","-9999","-9999"
"517","488.12699","488.126816696","488.12644037","2303592.5","-9999","268222.8","20.9","-1","0.770960965","0.598508396","0.93031813","0.73123229","3","0.5","1.833333333","13C1 S2 P1 O9","de-protonated","1","512","C17 H33 O9 P1 S2 13C1","17","33","9","-9999","1","2","1","-9999","-9999","-9999","-9999","-9999"
"517","488.12699","488.126816696","488.126848041","2303592.5","-9999","268222.8","20.9","-1","-0.06421558","0.999252051","0","0.59955123","17","0.222222222","0.888888889","N1 P1 O6","de-protonated","0","-9999","C27 H24 O6 N1 P1","27","24","6","1","1","-9999","-9999","-9999","-9999","-9999","-9999","-9999"
"517","488.12699","488.126816696","488.126576715","2303592.5","-9999","268222.8","20.9","-1","0.491636438","0.957090518","0","0.574254311","3","0.647058824","1.823529412","N1 S2 O11","de-protonated","0","-9999","C17 H31 O11 N1 S2","17","31","11","1","-9999","2","-9999","-9999","-9999","-9999","-9999","-9999"
"517","488.12699","488.126816696","488.127288523","2303592.5","-9999","268222.8","20.9","-1","-0.966605944","0.844059393","0.953390901","0.887791996","4","0.8125","1.75","13C1 N2 S1 O13","de-protonated","1","512","C15 H28 O13 N2 S1 13C1","15","28","13","2","-9999","1","1","-9999","-9999","-9999","-9999","-9999"
"517","488.12699","488.126816696","488.126775459","2303592.5","-9999","268222.8","20.9","-1","0.08448115","0.998705827","0.955365944","0.981369874","22","0.068965517","0.689655172","13C1 N4 S1 O2","de-protonated","1","512","C28 H20 O2 N4 S1 13C1","28","20","2","4","-9999","1","1","-9999","-9999","-9999","-9999","-9999"
"517","488.12699","488.126816696","488.1269084","2303592.5","-9999","268222.8","20.9","-1","-0.187869623","0.993616233","0.968826231","0.983700232","9","0.555555556","1.388888889","13C1 N4 P1 O10","de-protonated","1","512","C17 H25 O10 N4 P1 13C1","17","25","10","4","1","-9999","1","-9999","-9999","-9999","-9999","-9999"
"523","489.066305","489.066130198","489.06596458","1486588.6","-9999","283320.9","12.88","-1","0.338641479","0.979406815","0","0.587644089","4","0.6875","1.6875","S2 P1 O11","de-protonated","0","-9999","C16 H27 O11 P1 S2","16","27","11","-9999","1","2","-9999","-9999","-9999","-9999","-9999","-9999"
"523","489.066305","489.066130198","489.066299669","1486588.6","-9999","283320.9","12.88","-1","-0.346519273","0.978448073","0","0.587068844","23","0.148148148","0.518518519","N4 S1 O4","de-protonated","0","-9999","C27 H14 O4 N4 S1","27","14","4","4","-9999","1","-9999","-9999","-9999","-9999","-9999","-9999"
"523","489.066305","489.066130198","489.066432611","1486588.6","-9999","283320.9","12.88","-1","-0.618346728","0.932974518","0","0.559784711","10","0.75","1.1875","N4 P1 O12","de-protonated","0","-9999","C16 H19 O12 N4 P1","16","19","12","4","1","-9999","-9999","-9999","-9999","-9999","-9999","-9999"
"524","489.102948","489.10277314","489.10235009","2007318.5","-9999","365459.5","17.99","-1","0.864952387","0.873061309","0","0.523836785","3","0.588235294","1.823529412","S2 P1 O10","de-protonated","0","-9999","C17 H31 O10 P1 S2","17","31","10","-9999","1","2","-9999","-9999","-9999","-9999","-9999","-9999"
"524","489.102948","489.10277314","489.103198243","2007318.5","-9999","365459.5","17.99","-1","-0.869147711","0.871909577","0","0.523145746","4","0.933333333","1.733333333","N2 S1 O14","de-protonated","0","-9999","C15 H26 O14 N2 S1","15","26","14","2","-9999","1","-9999","-9999","-9999","-9999","-9999","-9999"
"524","489.102948","489.10277314","489.102685179","2007318.5","-9999","365459.5","17.99","-1","0.179842245","0.99414855","0","0.59648913","22","0.107142857","0.642857143","N4 S1 O3","de-protonated","0","-9999","C28 H18 O3 N4 S1","28","18","3","4","-9999","1","-9999","-9999","-9999","-9999","-9999","-9999"
"524","489.102948","489.10277314","489.10281812","2007318.5","-9999","365459.5","17.99","-1","-0.091965132","0.998466559","0","0.599079935","9","0.647058824","1.352941176","N4 P1 O11","de-protonated","0","-9999","C17 H23 O11 N4 P1","17","23","11","4","1","-9999","-9999","-9999","-9999","-9999","-9999","-9999"
"525","489.133253","489.133078092","489.132862372","1552171.9","-9999","356949.5","13.52","-1","0.441024026","0.965323339","0","0.579194004","11","0.16","1.24","S2 P1 O4","de-protonated","0","-9999","C25 H31 O4 P1 S2","25","31","4","-9999","1","2","-9999","-9999","-9999","-9999","-9999","-9999"
"525","489.133253","489.133078092","489.133330403","1552171.9","-9999","356949.5","13.52","-1","-0.515833394","0.952866367","0","0.57171982","17","0.2","0.92","N4 P1 O5","de-protonated","0","-9999","C25 H23 O5 N4 P1","25","23","5","4","1","-9999","-9999","-9999","-9999","-9999","-9999","-9999"
"525","489.133253","489.133078092","489.133059077","1552171.9","-9999","356949.5","13.52","-1","0.038874605","0.999725826","0","0.599835496","3","0.666666667","2","N4 S2 O10","de-protonated","0","-9999","C15 H30 O10 N4 S2","15","30","10","4","-9999","2","-9999","-9999","-9999","-9999","-9999","-9999"
"526","489.135775","489.135600088","489.135231354","1975597.6","-9999","335739.3","17.68","-1","0.753847974","0.902023336","0","0.541214002","20","0.03125","0.8125","S2 O1","de-protonated","0","-9999","C32 H26 O1 S2","32","26","1","-9999","-9999","2","-9999","-9999","-9999","-9999","-9999","-9999"
"526","489.135775","489.135600088","489.135364296","1975597.6","-9999","335739.3","17.68","-1","0.482058526","0.958711463","0","0.575226878","7","0.428571429","1.476190476","S1 P1 O9","de-protonated","0","-9999","C21 H31 O9 P1 S1","21","31","9","-9999","1","1","-9999","-9999","-9999","-9999","-9999","-9999"
"526","489.135775","489.135600088","489.135699385","1975597.6","-9999","335739.3","17.68","-1","-0.203005111","0.992550193","0","0.595530116","26","0.0625","0.5625","N4 O2","de-protonated","0","-9999","C32 H18 O2 N4","32","18","2","4","-9999","-9999","-9999","-9999","-9999","-9999","-9999","-9999"
"527","489.136352","489.136177087","489.136212449","2033454.1","-9999","545033.4","18.24","-1","-0.072295234","0.99905209","0","0.599431254","8","0.684210526","1.368421053","N2 O13","de-protonated","0","-9999","C19 H26 O13 N2","19","26","13","2","-9999","-9999","-9999","-9999","-9999","-9999","-9999","-9999"
"527","489.136352","489.136177087","489.135699385","2033454.1","-9999","545033.4","18.24","-1","0.976624756","0.84108293","0","0.504649758","26","0.0625","0.5625","N4 O2","de-protonated","0","-9999","C32 H18 O2 N4","32","18","2","4","-9999","-9999","-9999","-9999","-9999","-9999","-9999","-9999"
"528","489.139326","489.139151082","489.138735599","20121392","-9999","324855.6","195.69","-1","0.849417273","0.603568081","0.93031813","0.7342681","2","0.5","1.944444444","S2 P1 O9","de-protonated","0","-9999","C18 H35 O9 P1 S2","18","35","9","-9999","1","2","-9999","-9999","-9999","-9999","-9999","-9999"
"528","489.139326","489.139151082","489.139583752","20121392","-9999","324855.6","195.69","-1","-0.884553803","0.289215218","0.821157481","0.501992123","3","0.8125","1.875","N2 S1 O13","de-protonated","0","-9999","C16 H30 O13 N2 S1","16","30","13","2","-9999","1","-9999","-9999","-9999","-9999","-9999","-9999"
"528","489.139326","489.139151082","489.139070688","20121392","-9999","324855.6","195.69","-1","0.164358105","0.498571555","0.906773642","0.661852389","21","0.068965517","0.75862069","N4 S1 O2","de-protonated","0","-9999","C29 H22 O2 N4 S1","29","22","2","4","-9999","1","-9999","-9999","-9999","-9999","-9999","-9999"
"528","489.139326","489.139151082","489.13920363","20121392","-9999","324855.6","195.69","-1","-0.107429048","0.988657468","0.967476729","0.980185172","8","0.555555556","1.5","N4 P1 O10","de-protonated","0","-9999","C18 H27 O10 N4 P1","18","27","10","4","1","-9999","-9999","-9999","-9999","-9999","-9999","-9999"
"529","489.141368","489.141193079","489.141375907","1507121.6","-9999","367983.3","13.08","-1","-0.373773829","0.974968975","0","0.584981385","25","0.028571429","0.657142857","P1 O1","de-protonated","0","-9999","C35 H23 O1 P1","35","23","1","-9999","1","-9999","-9999","-9999","-9999","-9999","-9999","-9999"
"529","489.141368","489.141193079","489.141104581","1507121.6","-9999","367983.3","13.08","-1","0.180925124","0.994078081","0","0.596446849","11","0.24","1.2","S2 O6","de-protonated","0","-9999","C25 H30 O6 S2","25","30","6","-9999","-9999","2","-9999","-9999","-9999","-9999","-9999","-9999"
"529","489.141368","489.141193079","489.140724458","1507121.6","-9999","367983.3","13.08","-1","0.958048291","0.846585684","0","0.50795141","16","0.111111111","1","N2 S1 P1 O3","de-protonated","0","-9999","C27 H27 O3 N2 P1 S1","27","27","3","2","1","1","-9999","-9999","-9999","-9999","-9999","-9999"
"529","489.141368","489.141193079","489.141572611","1507121.6","-9999","367983.3","13.08","-1","-0.775915923","0.896514897","0","0.537908938","17","0.28","0.88","N4 O7","de-protonated","0","-9999","C25 H22 O7 N4","25","22","7","4","-9999","-9999","-9999","-9999","-9999","-9999","-9999","-9999"
"530","489.175739","489.175564024","489.175121108","3159369.8","-9999","340917.1","29.29","-1","0.905433376","0.861781626","0","0.517068976","1","0.421052632","2.052631579","S2 P1 O8","de-protonated","0","-9999","C19 H39 O8 P1 S2","19","39","8","-9999","1","2","-9999","-9999","-9999","-9999","-9999","-9999"
"530","489.175739","489.175564024","489.175969262","3159369.8","-9999","340917.1","29.29","-1","-0.828408823","0.882919553","0","0.529751732","2","0.705882353","2","N2 S1 O12","de-protonated","0","-9999","C17 H34 O12 N2 S1","17","34","12","2","-9999","1","-9999","-9999","-9999","-9999","-9999","-9999"
"530","489.175739","489.175564024","489.175456197","3159369.8","-9999","340917.1","29.29","-1","0.220425125","0.495611329","0.755017935","0.599373971","20","0.033333333","0.866666667","N4 S1 O1","de-protonated","0","-9999","C30 H26 O1 N4 S1","30","26","1","4","-9999","1","-9999","-9999","-9999","-9999","-9999","-9999"
"530","489.175739","489.175564024","489.175589139","3159369.8","-9999","340917.1","29.29","-1","-0.051341828","0.999521819","0","0.599713091","7","0.473684211","1.631578947","N4 P1 O9","de-protonated","0","-9999","C19 H31 O9 N4 P1","19","31","9","4","1","-9999","-9999","-9999","-9999","-9999","-9999","-9999"
"531","489.191279","489.191103999","489.191225403","1842516.8","-9999","342807.1","16.37","-1","-0.248172393","0.988886872","0","0.593332123","6","0.428571429","1.619047619","N2 S1 O9","de-protonated","0","-9999","C21 H34 O9 N2 S1","21","34","9","2","-9999","1","-9999","-9999","-9999","-9999","-9999","-9999"
"531","489.191279","489.191103999","489.19084528","1842516.8","-9999","342807.1","16.37","-1","0.528870819","0.950514383","0","0.57030863","11","0.260869565","1.347826087","N4 P1 O6","de-protonated","0","-9999","C23 H31 O6 N4 P1","23","31","6","4","1","-9999","-9999","-9999","-9999","-9999","-9999","-9999"
"532","489.209896","489.209720969","489.210124174","2481506","-9999","241690.2","22.64","-1","-0.824194332","0.442018032","0.742885034","0.562364833","19","0.03125","0.96875","N2 P1 O1","de-protonated","0","-9999","C32 H31 O1 N2 P1","32","31","1","2","1","-9999","-9999","-9999","-9999","-9999","-9999","-9999"
"532","489.209896","489.209720969","489.209852847","2481506","-9999","241690.2","22.64","-1","-0.26957358","0.986900692","0","0.592140415","5","0.272727273","1.727272727","N2 S2 O6","de-protonated","0","-9999","C22 H38 O6 N2 S2","22","38","6","2","-9999","2","-9999","-9999","-9999","-9999","-9999","-9999"
"532","489.209896","489.209720969","489.209472725","2481506","-9999","241690.2","22.64","-1","0.507440028","0.954352481","0","0.572611489","10","0.125","1.458333333","N4 S1 P1 O3","de-protonated","0","-9999","C24 H35 O3 N4 P1 S1","24","35","3","4","1","1","-9999","-9999","-9999","-9999","-9999","-9999"
"533","489.212187","489.212011966","489.212354771","1555299.5","-9999","269143.5","13.55","-1","-0.700728735","0.914758602","0","0.548855161","1","0.611111111","2.111111111","N2 S1 O11","de-protonated","0","-9999","C18 H38 O11 N2 S1","18","38","11","2","-9999","1","-9999","-9999","-9999","-9999","-9999","-9999"
"533","489.212187","489.212011966","489.211974648","1555299.5","-9999","269143.5","13.55","-1","0.076280564","0.998944757","0","0.599366854","6","0.4","1.75","N4 P1 O8","de-protonated","0","-9999","C20 H35 O8 N4 P1","20","35","8","4","1","-9999","-9999","-9999","-9999","-9999","-9999","-9999"
"534","489.267055","489.266879878","489.266498345","1987978.1","-9999","353871.5","17.8","-1","0.779806651","0.895530805","0","0.537318483","0","0.631578947","2.210526316","N2 O12","de-protonated","0","-9999","C19 H42 O12 N2","19","42","12","2","-9999","-9999","-9999","-9999","-9999","-9999","-9999","-9999"
"534","489.267055","489.266879878","489.266987602","1987978.1","-9999","353871.5","17.8","-1","-0.220174431","0.991242524","0","0.594745514","4","0.181818182","1.954545455","N4 S1 P1 O4","de-protonated","0","-9999","C22 H43 O4 N4 P1 S1","22","43","4","4","1","1","-9999","-9999","-9999","-9999","-9999","-9999"
"535","489.269687","489.269511874","489.269356584","1497228","-9999","248029.7","12.98","-1","0.317391638","0.981887363","0","0.589132418","13","0.034482759","1.310344828","N4 S1 O1","de-protonated","0","-9999","C29 H38 O1 N4 S1","29","38","1","4","-9999","1","-9999","-9999","-9999","-9999","-9999","-9999"
"535","489.269687","489.269511874","489.269489526","1497228","-9999","248029.7","12.98","-1","0.045676817","0.999621502","0","0.599772901","0","0.5","2.388888889","N4 P1 O9","de-protonated","0","-9999","C18 H43 O9 N4 P1","18","43","9","4","1","-9999","-9999","-9999","-9999","-9999","-9999","-9999"
"537","490.142569","490.142392482","490.142090434","4889077","-9999","287227.7","46.25","-1","0.616246135","0.622275764","0.93031813","0.74549271","2","0.5","1.944444444","13C1 S2 P1 O9","de-protonated","1","528","C17 H35 O9 P1 S2 13C1","17","35","9","-9999","1","2","1","-9999","-9999","-9999","-9999","-9999"
"537","490.142569","490.142392482","490.142498106","4889077","-9999","287227.7","46.25","-1","-0.215495721","0.495804607","0.773979033","0.607074377","16","0.222222222","0.962962963","N1 P1 O6","de-protonated","0","-9999","C27 H26 O6 N1 P1","27","26","6","1","1","-9999","-9999","-9999","-9999","-9999","-9999","-9999"
"537","490.142569","490.142392482","490.14222678","4889077","-9999","287227.7","46.25","-1","0.338070339","0.489737751","0.844689208","0.631718334","2","0.647058824","1.941176471","N1 S2 O11","de-protonated","0","-9999","C17 H33 O11 N1 S2","17","33","11","1","-9999","2","-9999","-9999","-9999","-9999","-9999","-9999"
"537","490.142569","490.142392482","490.142425523","4889077","-9999","287227.7","46.25","-1","-0.067410511","0.499587902","0.906773642","0.662462198","21","0.068965517","0.75862069","13C1 N4 S1 O2","de-protonated","1","528","C28 H22 O2 N4 S1 13C1","28","22","2","4","-9999","1","1","-9999","-9999","-9999","-9999","-9999"
"537","490.142569","490.142392482","490.142558465","4889077","-9999","287227.7","46.25","-1","-0.338641234","0.979406844","0.967476729","0.974634798","8","0.555555556","1.5","13C1 N4 P1 O10","de-protonated","1","528","C17 H27 O10 N4 P1 13C1","17","27","10","4","1","-9999","1","-9999","-9999","-9999","-9999","-9999"
"544","491.08213","491.081951984","491.081614645","1735311.9","-9999","322804.4","15.3","-1","0.686931371","0.917942023","0","0.550765214","3","0.6875","1.8125","S2 P1 O11","de-protonated","0","-9999","C16 H29 O11 P1 S2","16","29","11","-9999","1","2","-9999","-9999","-9999","-9999","-9999","-9999"
"544","491.08213","491.081951984","491.081949734","1735311.9","-9999","322804.4","15.3","-1","0.00458263","0.999996189","0","0.599997714","22","0.148148148","0.592592593","N4 S1 O4","de-protonated","0","-9999","C27 H16 O4 N4 S1","27","16","4","4","-9999","1","-9999","-9999","-9999","-9999","-9999","-9999"
"544","491.08213","491.081951984","491.082082675","1735311.9","-9999","322804.4","15.3","-1","-0.266129203","0.987231164","0","0.592338698","9","0.75","1.3125","N4 P1 O12","de-protonated","0","-9999","C16 H21 O12 N4 P1","16","21","12","4","1","-9999","-9999","-9999","-9999","-9999","-9999","-9999"
"545","491.118572","491.118393926","491.118000154","2761898","-9999","332697.1","25.38","-1","0.801786761","0.889899746","0","0.533939848","2","0.588235294","1.941176471","S2 P1 O10","de-protonated","0","-9999","C17 H33 O10 P1 S2","17","33","10","-9999","1","2","-9999","-9999","-9999","-9999","-9999","-9999"
"545","491.118572","491.118393926","491.118848307","2761898","-9999","332697.1","25.38","-1","-0.925196133","0.856142986","0","0.513685792","3","0.933333333","1.866666667","N2 S1 O14","de-protonated","0","-9999","C15 H28 O14 N2 S1","15","28","14","2","-9999","1","-9999","-9999","-9999","-9999","-9999","-9999"
"545","491.118572","491.118393926","491.118335243","2761898","-9999","332697.1","25.38","-1","0.119488495","0.49870636","0.767553728","0.606245307","21","0.107142857","0.714285714","N4 S1 O3","de-protonated","0","-9999","C28 H20 O3 N4 S1","28","20","3","4","-9999","1","-9999","-9999","-9999","-9999","-9999","-9999"
"545","491.118572","491.118393926","491.118468185","2761898","-9999","332697.1","25.38","-1","-0.151203313","0.995860233","0","0.59751614","8","0.647058824","1.470588235","N4 P1 O11","de-protonated","0","-9999","C17 H25 O11 N4 P1","17","25","11","4","1","-9999","-9999","-9999","-9999","-9999","-9999","-9999"
"546","491.154972","491.154793868","491.154385664","10288324","-9999","328173","99.21","-1","0.831112443","0.576807674","0.93031813","0.718211856","1","0.5","2.055555556","S2 P1 O9","de-protonated","0","-9999","C18 H37 O9 P1 S2","18","37","9","-9999","1","2","-9999","-9999","-9999","-9999","-9999","-9999"
"546","491.154972","491.154793868","491.155233817","10288324","-9999","328173","99.21","-1","-0.895742564","0.881152093","0.943807658","0.906214319","2","0.8125","2","N2 S1 O13","de-protonated","0","-9999","C16 H32 O13 N2 S1","16","32","13","2","-9999","1","-9999","-9999","-9999","-9999","-9999","-9999"
"546","491.154972","491.154793868","491.154720752","10288324","-9999","328173","99.21","-1","0.148864703","0.991344654","0.964949187","0.980786467","20","0.068965517","0.827586207","N4 S1 O2","de-protonated","0","-9999","C29 H24 O2 N4 S1","29","24","2","4","-9999","1","-9999","-9999","-9999","-9999","-9999","-9999"
"546","491.154972","491.154793868","491.154853694","10288324","-9999","328173","99.21","-1","-0.12180706","0.998655532","0.959242988","0.982890515","7","0.555555556","1.611111111","N4 P1 O10","de-protonated","0","-9999","C18 H29 O10 N4 P1","18","29","10","4","1","-9999","-9999","-9999","-9999","-9999","-9999","-9999"
"547","491.191301","491.19112281","491.190771173","3068637.5","-9999","297817.7","28.38","-1","0.715887322","0.911201262","0","0.546720757","0","0.421052632","2.157894737","S2 P1 O8","de-protonated","0","-9999","C19 H41 O8 P1 S2","19","41","8","-9999","1","2","-9999","-9999","-9999","-9999","-9999","-9999"
"547","491.191301","491.19112281","491.191106262","3068637.5","-9999","297817.7","28.38","-1","0.033690198","0.499897036","0.755017935","0.601945395","19","0.033333333","0.933333333","N4 S1 O1","de-protonated","0","-9999","C30 H28 O1 N4 S1","30","28","1","4","-9999","1","-9999","-9999","-9999","-9999","-9999","-9999"
"547","491.191301","491.19112281","491.191239204","3068637.5","-9999","297817.7","28.38","-1","-0.236961483","0.989863248","0","0.593917949","6","0.473684211","1.736842105","N4 P1 O9","de-protonated","0","-9999","C19 H33 O9 N4 P1","19","33","9","4","1","-9999","-9999","-9999","-9999","-9999","-9999","-9999"
"548","491.248814","491.248635718","491.248621139","1675526.5","-9999","351250","14.72","-1","0.029677869","0.999840197","0","0.599904118","13","0.071428571","1.285714286","N4 S1 O2","de-protonated","0","-9999","C28 H36 O2 N4 S1","28","36","2","4","-9999","1","-9999","-9999","-9999","-9999","-9999","-9999"
"548","491.248814","491.248635718","491.248754081","1675526.5","-9999","351250","14.72","-1","-0.240942123","0.989521625","0","0.593712975","0","0.588235294","2.411764706","N4 P1 O10","de-protonated","0","-9999","C17 H41 O10 N4 P1","17","41","10","4","1","-9999","-9999","-9999","-9999","-9999","-9999","-9999"
"549","491.285279","491.28510066","491.285006649","1681184.5","-9999","349208.3","14.77","-1","0.19135882","0.993377701","0","0.59602662","12","0.034482759","1.379310345","N4 S1 O1","de-protonated","0","-9999","C29 H40 O1 N4 S1","29","40","1","4","-9999","1","-9999","-9999","-9999","-9999","-9999","-9999"
"550","492.158389","492.158209268","492.157740499","2632079.5","-9999","352549.8","24.09","-1","0.952478207","0.565481313","0.93031813","0.71141603899999994","1","0.5","2.055555556","13C1 S2 P1 O9","de-protonated","1","546","C17 H37 O9 P1 S2 13C1","17","37","9","-9999","1","2","1","-9999","-9999","-9999","-9999","-9999"
"550","492.158389","492.158209268","492.15814817","2632079.5","-9999","352549.8","24.09","-1","0.124142498","0.997207535","0","0.598324521","15","0.222222222","1.037037037","N1 P1 O6","de-protonated","0","-9999","C27 H28 O6 N1 P1","27","28","6","1","1","-9999","-9999","-9999","-9999","-9999","-9999","-9999"
"550","492.158389","492.158209268","492.157876844","2632079.5","-9999","352549.8","24.09","-1","0.675441596","0.920552943","0","0.552331766","1","0.647058824","2.058823529","N1 S2 O11","de-protonated","0","-9999","C17 H35 O11 N1 S2","17","35","11","1","-9999","2","-9999","-9999","-9999","-9999","-9999","-9999"
"550","492.158389","492.158209268","492.158588652","2632079.5","-9999","352549.8","24.09","-1","-0.770856502","0.897788832","0.943807658","0.916196362","2","0.8125","2","13C1 N2 S1 O13","de-protonated","1","546","C15 H32 O13 N2 S1 13C1","15","32","13","2","-9999","1","1","-9999","-9999","-9999","-9999","-9999"
"550","492.158389","492.158209268","492.158075588","2632079.5","-9999","352549.8","24.09","-1","0.271621271","0.986702265","0.964949187","0.978001034","20","0.068965517","0.827586207","13C1 N4 S1 O2","de-protonated","1","546","C28 H24 O2 N4 S1 13C1","28","24","2","4","-9999","1","1","-9999","-9999","-9999","-9999","-9999"
"550","492.158389","492.158209268","492.158208529","2632079.5","-9999","352549.8","24.09","-1","0.00150129","0.999999591","0.959242988","0.98369695","7","0.555555556","1.611111111","13C1 N4 P1 O10","de-protonated","1","546","C17 H29 O10 N4 P1 13C1","17","29","10","4","1","-9999","1","-9999","-9999","-9999","-9999","-9999"
"556","493.050112","493.049930846","493.0499809","6778382","-9999","266370.3","64.77","-1","-0.101517666","0.499065883","0.773979033","0.609031143","22","0.222222222","0.518518519","N2 S1 O6","de-protonated","0","-9999","C27 H14 O6 N2 S1","27","14","6","2","-9999","1","-9999","-9999","-9999","-9999","-9999","-9999"
"556","493.050112","493.049930846","493.050113841","6778382","-9999","266370.3","64.77","-1","-0.371148912","0.487657476","0.85247738","0.633585438","9","0.875","1.1875","N2 P1 O14","de-protonated","0","-9999","C16 H19 O14 N2 P1","16","19","14","2","1","-9999","-9999","-9999","-9999","-9999","-9999","-9999"
"556","493.050112","493.049930846","493.049600777","6778382","-9999","266370.3","64.77","-1","0.669444283","0.460950584","0.761234226","0.581064041","27","0.103448276","0.379310345","N4 P1 O3","de-protonated","0","-9999","C29 H11 O3 N4 P1","29","11","3","4","1","-9999","-9999","-9999","-9999","-9999","-9999","-9999"
"557","493.097787","493.09760577","493.097264709","2524720.3","-9999","265229.6","23.04","-1","0.6916708","0.916854404","0","0.550112643","2","0.6875","1.9375","S2 P1 O11","de-protonated","0","-9999","C16 H31 O11 P1 S2","16","31","11","-9999","1","2","-9999","-9999","-9999","-9999","-9999","-9999"
"557","493.097787","493.09760577","493.097599798","2524720.3","-9999","265229.6","23.04","-1","0.012111314","0.999973385","0","0.599984031","21","0.148148148","0.666666667","N4 S1 O4","de-protonated","0","-9999","C27 H18 O4 N4 S1","27","18","4","4","-9999","1","-9999","-9999","-9999","-9999","-9999","-9999"
"557","493.097787","493.09760577","493.09773274","2524720.3","-9999","265229.6","23.04","-1","-0.257493924","0.988041464","0","0.592824879","8","0.75","1.4375","N4 P1 O12","de-protonated","0","-9999","C16 H23 O12 N4 P1","16","23","12","4","1","-9999","-9999","-9999","-9999","-9999","-9999","-9999"
"558","493.125975","493.125793725","493.126123222","1403076.5","-9999","229623.5","12.03","-1","-0.668178484","0.92218444","0","0.553310664","15","0.153846154","1","N2 S2 O4","de-protonated","0","-9999","C26 H26 O4 N2 S2","26","26","4","2","-9999","2","-9999","-9999","-9999","-9999","-9999","-9999"
"558","493.125975","493.125793725","493.126256163","1403076.5","-9999","229623.5","12.03","-1","-0.937767945","0.852512373","0","0.511507424","2","0.8","2.066666667","N2 S1 P1 O12","de-protonated","0","-9999","C15 H31 O12 N2 P1 S1","15","31","12","2","1","1","-9999","-9999","-9999","-9999","-9999","-9999"
"558","493.125975","493.125793725","493.125743099","1403076.5","-9999","229623.5","12.03","-1","0.102663986","0.998089378","0","0.598853627","20","0.035714286","0.821428571","N4 S1 P1 O1","de-protonated","0","-9999","C28 H23 O1 N4 P1 S1","28","23","1","4","1","1","-9999","-9999","-9999","-9999","-9999","-9999"
"559","493.134195","493.134013712","493.133650219","3186250.3","-9999","306616","29.52","-1","0.737109661","0.906117189","0","0.543670314","1","0.588235294","2.058823529","S2 P1 O10","de-protonated","0","-9999","C17 H35 O10 P1 S2","17","35","10","-9999","1","2","-9999","-9999","-9999","-9999","-9999","-9999"
"559","493.134195","493.134013712","493.134498372","3186250.3","-9999","306616","29.52","-1","-0.98281421","0.839234091","0","0.503540455","2","0.933333333","2","N2 S1 O14","de-protonated","0","-9999","C15 H30 O14 N2 S1","15","30","14","2","-9999","1","-9999","-9999","-9999","-9999","-9999","-9999"
"559","493.134195","493.134013712","493.133985308","3186250.3","-9999","306616","29.52","-1","0.057600284","0.499699086","0.767553728","0.606840943","20","0.107142857","0.785714286","N4 S1 O3","de-protonated","0","-9999","C28 H22 O3 N4 S1","28","22","3","4","-9999","1","-9999","-9999","-9999","-9999","-9999","-9999"
"559","493.134195","493.134013712","493.134118249","3186250.3","-9999","306616","29.52","-1","-0.211985073","0.991879271","0","0.595127563","7","0.647058824","1.588235294","N4 P1 O11","de-protonated","0","-9999","C17 H27 O11 N4 P1","17","27","11","4","1","-9999","-9999","-9999","-9999","-9999","-9999","-9999"
"560","493.170641","493.170459654","493.170035728","3836516.5","-9999","309842.2","35.9","-1","0.859594226","0.874526362","0","0.524715817","0","0.5","2.166666667","S2 P1 O9","de-protonated","0","-9999","C18 H39 O9 P1 S2","18","39","9","-9999","1","2","-9999","-9999","-9999","-9999","-9999","-9999"
"560","493.170641","493.170459654","493.170883881","3836516.5","-9999","309842.2","35.9","-1","-0.860202961","0.874360254","0","0.524616152","1","0.8125","2.125","N2 S1 O13","de-protonated","0","-9999","C16 H34 O13 N2 S1","16","34","13","2","-9999","1","-9999","-9999","-9999","-9999","-9999","-9999"
"560","493.170641","493.170459654","493.170370817","3836516.5","-9999","309842.2","35.9","-1","0.1801349","0.497064773","0.761234226","0.602732554","19","0.068965517","0.896551724","N4 S1 O2","de-protonated","0","-9999","C29 H26 O2 N4 S1","29","26","2","4","-9999","1","-9999","-9999","-9999","-9999","-9999","-9999"
"560","493.170641","493.170459654","493.170503759","3836516.5","-9999","309842.2","35.9","-1","-0.089430601","0.998549856","0","0.599129914","6","0.555555556","1.722222222","N4 P1 O10","de-protonated","0","-9999","C18 H31 O10 N4 P1","18","31","10","4","1","-9999","-9999","-9999","-9999","-9999","-9999","-9999"
"561","493.206063","493.205881598","493.205418916","1472126","-9999","429566.6","12.71","-1","0.938111926","0.852412564","0","0.511447538","13","0.172413793","1.172413793","S1 O5","de-protonated","0","-9999","C29 H34 O5 S1","29","34","5","-9999","-9999","1","-9999","-9999","-9999","-9999","-9999","-9999"
"561","493.206063","493.205881598","493.205551857","1472126","-9999","429566.6","12.71","-1","0.668565377","0.922097906","0","0.553258743","0","0.722222222","2.166666667","P1 O13","de-protonated","0","-9999","C18 H39 O13 P1","18","39","13","-9999","1","-9999","-9999","-9999","-9999","-9999","-9999","-9999"
"562","493.207102","493.206920596","493.207269391","1871486.8","-9999","347356.5","16.63","-1","-0.707196675","0.913248357","0","0.547949014","0","0.705882353","2.235294118","N2 S1 O12","de-protonated","0","-9999","C17 H38 O12 N2 S1","17","38","12","2","-9999","1","-9999","-9999","-9999","-9999","-9999","-9999"
"562","493.207102","493.206920596","493.206756326","1871486.8","-9999","347356.5","16.63","-1","0.333064596","0.980072755","0","0.588043653","18","0.033333333","1","N4 S1 O1","de-protonated","0","-9999","C30 H30 O1 N4 S1","30","30","1","4","-9999","1","-9999","-9999","-9999","-9999","-9999","-9999"
"562","493.207102","493.206920596","493.206889268","1871486.8","-9999","347356.5","16.63","-1","0.06351894","0.999268185","0","0.599560911","5","0.473684211","1.842105263","N4 P1 O9","de-protonated","0","-9999","C19 H35 O9 N4 P1","19","35","9","4","1","-9999","-9999","-9999","-9999","-9999","-9999","-9999"
"563","493.264537","493.264355504","493.264271204","3947176","-9999","350451.9","36.99","-1","0.170903763","0.497357124","0.767553728","0.605435766","12","0.071428571","1.357142857","N4 S1 O2","de-protonated","0","-9999","C28 H38 O2 N4 S1","28","38","2","4","-9999","1","-9999","-9999","-9999","-9999","-9999","-9999"
"564","494.049811","494.049628252","494.049252624","1675484.8","-9999","368669.2","14.7","-1","0.760305806","0.900424356","0","0.540254614","26","0.129032258","0.419354839","N1 S1 O4","de-protonated","0","-9999","C31 H13 O4 N1 S1","31","13","4","1","-9999","1","-9999","-9999","-9999","-9999","-9999","-9999"
"564","494.049811","494.049628252","494.049385566","1675484.8","-9999","368669.2","14.7","-1","0.491219689","0.957161654","0","0.574296992","13","0.6","0.9","N1 P1 O12","de-protonated","0","-9999","C20 H18 O12 N1 P1","20","18","12","1","1","-9999","-9999","-9999","-9999","-9999","-9999","-9999"
"566","495.07628","495.076095616","495.076529264","1586881.6","-9999","407683.9","12.99","-1","-0.87592276","0.870041112","0","0.522024667","2","0.8","1.933333333","S2 P1 O12","de-protonated","0","-9999","C15 H29 O12 P1 S2","15","29","12","-9999","1","2","-9999","-9999","-9999","-9999","-9999","-9999"
"566","495.07628","495.076095616","495.0760162","1586881.6","-9999","407683.9","12.99","-1","0.160410618","0.995341924","0","0.597205154","20","0.035714286","0.75","N2 S2 P1 O1","de-protonated","0","-9999","C28 H21 O1 N2 P1 S2","28","21","1","2","1","2","-9999","-9999","-9999","-9999","-9999","-9999"
"567","495.077082","495.076897614","495.076529264","1536962.3","-9999","394029.5","12.53","-1","0.744026225","0.904434438","0","0.542660663","2","0.8","1.933333333","S2 P1 O12","de-protonated","0","-9999","C15 H29 O12 P1 S2","15","29","12","-9999","1","2","-9999","-9999","-9999","-9999","-9999","-9999"
"567","495.077082","495.076897614","495.076864353","1536962.3","-9999","394029.5","12.53","-1","0.067183509","0.999181344","0","0.599508806","21","0.192307692","0.615384615","N4 S1 O5","de-protonated","0","-9999","C26 H16 O5 N4 S1","26","16","5","4","-9999","1","-9999","-9999","-9999","-9999","-9999","-9999"
"567","495.077082","495.076897614","495.076997295","1536962.3","-9999","394029.5","12.53","-1","-0.201343891","0.992671174","0","0.595602704","8","0.866666667","1.4","N4 P1 O13","de-protonated","0","-9999","C15 H21 O13 N4 P1","15","21","13","4","1","-9999","-9999","-9999","-9999","-9999","-9999","-9999"
"568","495.113388","495.113203556","495.112914774","2667996.5","-9999","258639.8","22.96","-1","0.583266308","0.940137848","0","0.564082709","1","0.6875","2.0625","S2 P1 O11","de-protonated","0","-9999","C16 H33 O11 P1 S2","16","33","11","-9999","1","2","-9999","-9999","-9999","-9999","-9999","-9999"
"568","495.113388","495.113203556","495.113249863","2667996.5","-9999","258639.8","22.96","-1","-0.093526558","0.998414088","0","0.599048453","20","0.148148148","0.740740741","N4 S1 O4","de-protonated","0","-9999","C27 H20 O4 N4 S1","27","20","4","4","-9999","1","-9999","-9999","-9999","-9999","-9999","-9999"
"568","495.113388","495.113203556","495.113382804","2667996.5","-9999","258639.8","22.96","-1","-0.362034181","0.976498317","0","0.58589899","7","0.75","1.5625","N4 P1 O12","de-protonated","0","-9999","C16 H25 O12 N4 P1","16","25","12","4","1","-9999","-9999","-9999","-9999","-9999","-9999","-9999"
"569","495.141787","495.141602511","495.141773286","4522993","-9999","263575.2","40.06","-1","-0.344901014","0.48932337","0.780512821","0.60579915","14","0.153846154","1.076923077","N2 S2 O4","de-protonated","0","-9999","C26 H28 O4 N2 S2","26","28","4","2","-9999","2","-9999","-9999","-9999","-9999","-9999","-9999"
"569","495.141787","495.141602511","495.141906228","4522993","-9999","263575.2","40.06","-1","-0.613393102","0.934008008","0","0.560404805","1","0.8","2.2","N2 S1 P1 O12","de-protonated","0","-9999","C15 H33 O12 N2 P1 S1","15","33","12","2","1","1","-9999","-9999","-9999","-9999","-9999","-9999"
"569","495.141787","495.141602511","495.141393164","4522993","-9999","263575.2","40.06","-1","0.422803714","0.484042054","0.767553728","0.597446723","19","0.035714286","0.892857143","N4 S1 P1 O1","de-protonated","0","-9999","C28 H25 O1 N4 P1 S1","28","25","1","4","1","1","-9999","-9999","-9999","-9999","-9999","-9999"
"570","495.149801","495.149616498","495.149300283","2906614.8","-9999","251496.1","25.16","-1","0.638626111","0.928669249","0","0.557201549","0","0.588235294","2.176470588","S2 P1 O10","de-protonated","0","-9999","C17 H37 O10 P1 S2","17","37","10","-9999","1","2","-9999","-9999","-9999","-9999","-9999","-9999"
"570","495.149801","495.149616498","495.149635372","2906614.8","-9999","251496.1","25.16","-1","-0.038117059","0.499868203","0.767553728","0.606942413","19","0.107142857","0.857142857","N4 S1 O3","de-protonated","0","-9999","C28 H24 O3 N4 S1","28","24","3","4","-9999","1","-9999","-9999","-9999","-9999","-9999","-9999"
"570","495.149801","495.149616498","495.149768314","2906614.8","-9999","251496.1","25.16","-1","-0.306604966","0.983087278","0","0.589852367","6","0.647058824","1.705882353","N4 P1 O11","de-protonated","0","-9999","C17 H29 O11 N4 P1","17","29","11","4","1","-9999","-9999","-9999","-9999","-9999","-9999","-9999"
"571","495.18622","495.18603544","495.186020881","2662929","-9999","291795.9","22.91","-1","0.029400936","0.499921583","0.761234226","0.60444664","18","0.068965517","0.965517241","N4 S1 O2","de-protonated","0","-9999","C29 H28 O2 N4 S1","29","28","2","4","-9999","1","-9999","-9999","-9999","-9999","-9999","-9999"
"571","495.18622","495.18603544","495.186153823","2662929","-9999","291795.9","22.91","-1","-0.239067261","0.989683222","0","0.593809933","5","0.555555556","1.833333333","N4 P1 O10","de-protonated","0","-9999","C18 H33 O10 N4 P1","18","33","10","4","1","-9999","-9999","-9999","-9999","-9999","-9999","-9999"
"572","495.243662","495.243477349","495.243535759","1526074.8","-9999","251978.7","12.43","-1","-0.11794211","0.997479169","0","0.598487502","12","0.111111111","1.333333333","N4 S1 O3","de-protonated","0","-9999","C27 H36 O3 N4 S1","27","36","3","4","-9999","1","-9999","-9999","-9999","-9999","-9999","-9999"
"573","495.280206","495.28002129","495.279921268","2178133","-9999","344591.7","18.44","-1","0.201951077","0.992627068","0","0.595576241","11","0.071428571","1.428571429","N4 S1 O2","de-protonated","0","-9999","C28 H40 O2 N4 S1","28","40","2","4","-9999","1","-9999","-9999","-9999","-9999","-9999","-9999"
"577","497.092679","497.0924914","497.092179329","1682296.6","-9999","320425.3","13.86","-1","0.627794286","0.930983631","0","0.558590178","1","0.8","2.066666667","S2 P1 O12","de-protonated","0","-9999","C15 H31 O12 P1 S2","15","31","12","-9999","1","2","-9999","-9999","-9999","-9999","-9999","-9999"
"577","497.092679","497.0924914","497.092514418","1682296.6","-9999","320425.3","13.86","-1","-0.046303836","0.999611041","0","0.599766625","20","0.192307692","0.692307692","N4 S1 O5","de-protonated","0","-9999","C26 H18 O5 N4 S1","26","18","5","4","-9999","1","-9999","-9999","-9999","-9999","-9999","-9999"
"577","497.092679","497.0924914","497.09264736","1682296.6","-9999","320425.3","13.86","-1","-0.31374236","0.982297789","0","0.589378674","7","0.866666667","1.533333333","N4 P1 O13","de-protonated","0","-9999","C15 H23 O13 N4 P1","15","23","13","4","1","-9999","-9999","-9999","-9999","-9999","-9999","-9999"
"578","497.128082","497.127894344","497.127562517","1900434.4","-9999","427451.4","15.87","-1","0.667489505","0.922338438","0","0.553403063","14","0.307692308","1","S1 O8","de-protonated","0","-9999","C26 H26 O8 S1","26","26","8","-9999","-9999","1","-9999","-9999","-9999","-9999","-9999","-9999"
"579","497.129105","497.128917342","497.128564838","1953171.1","-9999","353052.9","16.35","-1","0.709080556","0.91280634","0","0.547683804","0","0.6875","2.1875","S2 P1 O11","de-protonated","0","-9999","C16 H35 O11 P1 S2","16","35","11","-9999","1","2","-9999","-9999","-9999","-9999","-9999","-9999"
"579","497.129105","497.128917342","497.128899927","1953171.1","-9999","353052.9","16.35","-1","0.035031717","0.999777347","0","0.599866408","19","0.148148148","0.814814815","N4 S1 O4","de-protonated","0","-9999","C27 H22 O4 N4 S1","27","22","4","4","-9999","1","-9999","-9999","-9999","-9999","-9999","-9999"
"579","497.129105","497.128917342","497.129032869","1953171.1","-9999","353052.9","16.35","-1","-0.232387254","0.990248928","0","0.594149357","6","0.75","1.6875","N4 P1 O12","de-protonated","0","-9999","C16 H27 O12 N4 P1","16","27","12","4","1","-9999","-9999","-9999","-9999","-9999","-9999","-9999"
"580","497.157412","497.157224297","497.157423351","10931624","-9999","330689.9","99.14","-1","-0.400382708","0.648829686","0.934716843","0.763184549","13","0.153846154","1.153846154","N2 S2 O4","de-protonated","0","-9999","C26 H30 O4 N2 S2","26","30","4","2","-9999","2","-9999","-9999","-9999","-9999","-9999","-9999"
"580","497.157412","497.157224297","497.157556292","10931624","-9999","330689.9","99.14","-1","-0.667786221","0.925407735","0.910347334","0.919383575","0","0.8","2.333333333","N2 S1 P1 O12","de-protonated","0","-9999","C15 H35 O12 N2 P1 S1","15","35","12","2","1","1","-9999","-9999","-9999","-9999","-9999","-9999"
"580","497.157412","497.157224297","497.157043228","10931624","-9999","330689.9","99.14","-1","0.364209432","0.974450073","0.996795887","0.983388399","18","0.035714286","0.964285714","N4 S1 P1 O1","de-protonated","0","-9999","C28 H27 O1 N4 P1 S1","28","27","1","4","1","1","-9999","-9999","-9999","-9999","-9999","-9999"
"581","497.165432","497.165244284","497.165285436","2005421.6","-9999","261499.4","16.84","-1","-0.082773264","0.998757592","0","0.599254555","18","0.107142857","0.928571429","N4 S1 O3","de-protonated","0","-9999","C28 H26 O3 N4 S1","28","26","3","4","-9999","1","-9999","-9999","-9999","-9999","-9999","-9999"
"581","497.165432","497.165244284","497.165418378","2005421.6","-9999","261499.4","16.84","-1","-0.350172633","0.977996296","0","0.586797778","5","0.647058824","1.823529412","N4 P1 O11","de-protonated","0","-9999","C17 H31 O11 N4 P1","17","31","11","4","1","-9999","-9999","-9999","-9999","-9999","-9999","-9999"
"582","497.214558","497.214370206","497.214068848","1666449.4","-9999","229580.6","13.71","-1","0.60609328","0.935517894","0","0.561310737","8","0.434782609","1.47826087","N2 O10","de-protonated","0","-9999","C23 H34 O10 N2","23","34","10","2","-9999","-9999","-9999","-9999","-9999","-9999","-9999","-9999"
"582","497.214558","497.214370206","497.214558105","1666449.4","-9999","229580.6","13.71","-1","-0.377903746","0.974419946","0","0.584651968","12","0.076923077","1.346153846","N4 S1 P1 O2","de-protonated","0","-9999","C26 H35 O2 N4 P1 S1","26","35","2","4","1","1","-9999","-9999","-9999","-9999","-9999","-9999"
"583","497.289751","497.289563086","497.289363017","1669128.1","-9999","292395","13.73","-1","0.40231981","0.971057585","0","0.582634551","0","0.166666667","2.125","S2 P1 O4","de-protonated","0","-9999","C24 H51 O4 P1 S2","24","51","4","-9999","1","2","-9999","-9999","-9999","-9999","-9999","-9999"
"583","497.289751","497.289563086","497.289831048","1669128.1","-9999","292395","13.73","-1","-0.538843288","0.948679743","0","0.569207846","6","0.208333333","1.791666667","N4 P1 O5","de-protonated","0","-9999","C24 H43 O5 N4 P1","24","43","5","4","1","-9999","-9999","-9999","-9999","-9999","-9999","-9999"
"584","497.32625","497.326062028","497.326216557","1611810.6","-9999","322278","13.2","-1","-0.310719261","0.982634324","0","0.589580594","5","0.16","1.88","N4 P1 O4","de-protonated","0","-9999","C25 H47 O4 N4 P1","25","47","4","4","1","-9999","-9999","-9999","-9999","-9999","-9999","-9999"
"585","498.160782","498.160592697","498.160778186","3251331.3","-9999","307751.5","28.32","-1","-0.372345974","0.650104974","0.934716843","0.763949722","13","0.153846154","1.153846154","13C1 N2 S2 O4","de-protonated","1","580","C25 H30 O4 N2 S2 13C1","25","30","4","2","-9999","2","1","-9999","-9999","-9999","-9999","-9999"
"585","498.160782","498.160592697","498.160911127","3251331.3","-9999","307751.5","28.32","-1","-0.639210912","0.928543336","0.910347334","0.921264936","0","0.8","2.333333333","13C1 N2 S1 P1 O12","de-protonated","1","580","C14 H35 O12 N2 P1 S1 13C1","14","35","12","2","1","1","1","-9999","-9999","-9999","-9999","-9999"
"585","498.160782","498.160592697","498.160398063","3251331.3","-9999","307751.5","28.32","-1","0.390706207","0.972681698","0.996795887","0.982327374","18","0.035714286","0.964285714","13C1 N4 S1 P1 O1","de-protonated","1","580","C27 H27 O1 N4 P1 S1 13C1","27","27","1","4","1","1","1","-9999","-9999","-9999","-9999","-9999"
"590","499.108318","499.108127187","499.107829393","1488184","-9999","298159","12.05","-1","0.596651172","0.937447621","0","0.562468573","0","0.8","2.2","S2 P1 O12","de-protonated","0","-9999","C15 H33 O12 P1 S2","15","33","12","-9999","1","2","-9999","-9999","-9999","-9999","-9999","-9999"
"590","499.108318","499.108127187","499.108164482","1488184","-9999","298159","12.05","-1","-0.074724581","0.998987347","0","0.599392408","19","0.192307692","0.769230769","N4 S1 O5","de-protonated","0","-9999","C26 H20 O5 N4 S1","26","20","5","4","-9999","1","-9999","-9999","-9999","-9999","-9999","-9999"
"590","499.108318","499.108127187","499.108297424","1488184","-9999","298159","12.05","-1","-0.341083046","0.979111929","0","0.587467158","6","0.866666667","1.666666667","N4 P1 O13","de-protonated","0","-9999","C15 H25 O13 N4 P1","15","25","13","4","1","-9999","-9999","-9999","-9999","-9999","-9999","-9999"
"591","499.144485","499.144294129","499.144549992","1508434.6","-9999","321718.6","12.24","-1","-0.512602344","0.953441062","0","0.572064637","18","0.148148148","0.888888889","N4 S1 O4","de-protonated","0","-9999","C27 H24 O4 N4 S1","27","24","4","4","-9999","1","-9999","-9999","-9999","-9999","-9999","-9999"
"591","499.144485","499.144294129","499.144682933","1508434.6","-9999","321718.6","12.24","-1","-0.778941276","0.895750019","0","0.537450011","5","0.75","1.8125","N4 P1 O12","de-protonated","0","-9999","C16 H29 O12 N4 P1","16","29","12","4","1","-9999","-9999","-9999","-9999","-9999","-9999","-9999"
"592","499.154471","499.154280113","499.15444597","3864409.8","-9999","258951.8","33.96","-1","-0.332276633","0.490082995","0.787157861","0.608912942","13","0.28","1.12","N2 S1 O7","de-protonated","0","-9999","C25 H28 O7 N2 S1","25","28","7","2","-9999","1","-9999","-9999","-9999","-9999","-9999","-9999"
"592","499.154471","499.154280113","499.154065848","3864409.8","-9999","258951.8","33.96","-1","0.429256568","0.483559392","0.773979033","0.599727249","18","0.148148148","0.925925926","N4 P1 O4","de-protonated","0","-9999","C27 H25 O4 N4 P1","27","25","4","4","1","-9999","-9999","-9999","-9999","-9999","-9999","-9999"
"592","499.154471","499.154280113","499.153794522","3864409.8","-9999","258951.8","33.96","-1","0.972829069","0.842212953","0","0.505327772","4","0.529411765","1.882352941","N4 S2 O9","de-protonated","0","-9999","C17 H32 O9 N4 S2","17","32","9","4","-9999","2","-9999","-9999","-9999","-9999","-9999","-9999"
"593","499.193616","499.193425051","499.193333403","3395958.5","-9999","274748.7","29.64","-1","0.183591044","0.496951407","0.807789663","0.621286709","8","0.5","1.454545455","N2 O11","de-protonated","0","-9999","C22 H32 O11 N2","22","32","11","2","-9999","-9999","-9999","-9999","-9999","-9999","-9999","-9999"
"593","499.193616","499.193425051","499.193822661","3395958.5","-9999","274748.7","29.64","-1","-0.796504096","0.445632065","0.787157861","0.582242383","12","0.12","1.32","N4 S1 P1 O3","de-protonated","0","-9999","C25 H33 O3 N4 P1 S1","25","33","3","4","1","1","-9999","-9999","-9999","-9999","-9999","-9999"
"594","499.194098","499.19390705","499.194202783","3514230.8","-9999","297019.4","30.73","-1","-0.592421169","0.469151785","0.800793265","0.601808377","7","0.260869565","1.565217391","N2 S2 O6","de-protonated","0","-9999","C23 H36 O6 N2 S2","23","36","6","2","-9999","2","-9999","-9999","-9999","-9999","-9999","-9999"
"594","499.194098","499.19390705","499.193822661","3514230.8","-9999","297019.4","30.73","-1","0.169051184","0.497413963","0.787157861","0.613311522","12","0.12","1.32","N4 S1 P1 O3","de-protonated","0","-9999","C25 H33 O3 N4 P1 S1","25","33","3","4","1","1","-9999","-9999","-9999","-9999","-9999","-9999"
"595","499.230674","499.230482992","499.230588292","1506705.8","-9999","358267.4","12.22","-1","-0.210926344","0.991959858","0","0.595175915","6","0.208333333","1.666666667","N2 S2 O5","de-protonated","0","-9999","C24 H40 O5 N2 S2","24","40","5","2","-9999","2","-9999","-9999","-9999","-9999","-9999","-9999"
"595","499.230674","499.230482992","499.23020817","1506705.8","-9999","358267.4","12.22","-1","0.550490801","0.946498179","0","0.567898908","11","0.076923077","1.423076923","N4 S1 P1 O2","de-protonated","0","-9999","C26 H37 O2 N4 P1 S1","26","37","2","4","1","1","-9999","-9999","-9999","-9999","-9999","-9999"
"596","499.305587","499.305395872","499.305861235","2392008.5","-9999","314350.5","20.39","-1","-0.932018861","0.854176815","0","0.512506089","0","0.363636364","2.181818182","N2 S1 O8","de-protonated","0","-9999","C22 H48 O8 N2 S1","22","48","8","2","-9999","1","-9999","-9999","-9999","-9999","-9999","-9999"
"596","499.305587","499.305395872","499.305481112","2392008.5","-9999","314350.5","20.39","-1","-0.170717053","0.994725761","0","0.596835456","5","0.208333333","1.875","N4 P1 O5","de-protonated","0","-9999","C24 H45 O5 N4 P1","24","45","5","4","1","-9999","-9999","-9999","-9999","-9999","-9999","-9999"
"602","501.066232","501.066038065","501.06596458","1736916.6","-9999","241705.2","14.33","-1","0.146656069","0.996105006","0","0.597663004","5","0.647058824","1.588235294","S2 P1 O11","de-protonated","0","-9999","C17 H27 O11 P1 S2","17","27","11","-9999","1","2","-9999","-9999","-9999","-9999","-9999","-9999"
"602","501.066232","501.066038065","501.066299669","1736916.6","-9999","241705.2","14.33","-1","-0.52209569","0.951743234","0","0.571045941","24","0.142857143","0.5","N4 S1 O4","de-protonated","0","-9999","C28 H14 O4 N4 S1","28","14","4","4","-9999","1","-9999","-9999","-9999","-9999","-9999","-9999"
"602","501.066232","501.066038065","501.066432611","1736916.6","-9999","241705.2","14.33","-1","-0.787413125","0.893595818","0","0.536157491","11","0.705882353","1.117647059","N4 P1 O12","de-protonated","0","-9999","C17 H19 O12 N4 P1","17","19","12","4","1","-9999","-9999","-9999","-9999","-9999","-9999","-9999"
"603","501.102881","501.102687006","501.10235009","3115247.5","-9999","328303.1","27.04","-1","0.672350825","0.921249019","0","0.552749411","4","0.555555556","1.722222222","S2 P1 O10","de-protonated","0","-9999","C18 H31 O10 P1 S2","18","31","10","-9999","1","2","-9999","-9999","-9999","-9999","-9999","-9999"
"603","501.102881","501.102687006","501.102685179","3115247.5","-9999","328303.1","27.04","-1","0.003647273","0.499998793","0.761234226","0.604492966","23","0.103448276","0.620689655","N4 S1 O3","de-protonated","0","-9999","C29 H18 O3 N4 S1","29","18","3","4","-9999","1","-9999","-9999","-9999","-9999","-9999","-9999"
"603","501.102881","501.102687006","501.10281812","3115247.5","-9999","328303.1","27.04","-1","-0.261651036","0.987654631","0","0.592592778","10","0.611111111","1.277777778","N4 P1 O11","de-protonated","0","-9999","C18 H23 O11 N4 P1","18","23","11","4","1","-9999","-9999","-9999","-9999","-9999","-9999","-9999"
"604","501.139355","501.139160948","501.138735599","2574090.3","-9999","336480.8","22.05","-1","0.848765105","0.87746691","0","0.526480146","3","0.473684211","1.842105263","S2 P1 O9","de-protonated","0","-9999","C19 H35 O9 P1 S2","19","35","9","-9999","1","2","-9999","-9999","-9999","-9999","-9999","-9999"
"604","501.139355","501.139160948","501.139583752","2574090.3","-9999","336480.8","22.05","-1","-0.843685297","0.878836803","0","0.527302082","4","0.764705882","1.764705882","N2 S1 O13","de-protonated","0","-9999","C17 H30 O13 N2 S1","17","30","13","2","-9999","1","-9999","-9999","-9999","-9999","-9999","-9999"
"604","501.139355","501.139160948","501.139070688","2574090.3","-9999","336480.8","22.05","-1","0.180109987","0.497065583","0.755017935","0.600246523","22","0.066666667","0.733333333","N4 S1 O2","de-protonated","0","-9999","C30 H22 O2 N4 S1","30","22","2","4","-9999","1","-9999","-9999","-9999","-9999","-9999","-9999"
"604","501.139355","501.139160948","501.13920363","2574090.3","-9999","336480.8","22.05","-1","-0.085169107","0.998684678","0","0.599210807","9","0.526315789","1.421052632","N4 P1 O10","de-protonated","0","-9999","C19 H27 O10 N4 P1","19","27","10","4","1","-9999","-9999","-9999","-9999","-9999","-9999","-9999"
"605","501.17567","501.17547589","501.175121108","2663717","-9999","303478.3","22.88","-1","0.707899899","0.913083471","0","0.547850083","2","0.4","1.95","S2 P1 O8","de-protonated","0","-9999","C20 H39 O8 P1 S2","20","39","8","-9999","1","2","-9999","-9999","-9999","-9999","-9999","-9999"
"605","501.17567","501.17547589","501.175969262","2663717","-9999","303478.3","22.88","-1","-0.984427392","0.838750973","0","0.503250584","3","0.666666667","1.888888889","N2 S1 O12","de-protonated","0","-9999","C18 H34 O12 N2 S1","18","34","12","2","-9999","1","-9999","-9999","-9999","-9999","-9999","-9999"
"605","501.17567","501.17547589","501.175456197","2663717","-9999","303478.3","22.88","-1","0.03929342","0.499859944","0.748902347","0.599476905","21","0.032258065","0.838709677","N4 S1 O1","de-protonated","0","-9999","C31 H26 O1 N4 S1","31","26","1","4","-9999","1","-9999","-9999","-9999","-9999","-9999","-9999"
"605","501.17567","501.17547589","501.175589139","2663717","-9999","303478.3","22.88","-1","-0.225966377","0.990777871","0","0.594466723","8","0.45","1.55","N4 P1 O9","de-protonated","0","-9999","C20 H31 O9 N4 P1","20","31","9","4","1","-9999","-9999","-9999","-9999","-9999","-9999","-9999"
"606","501.191165","501.190970866","501.191225403","1492272.5","-9999","386099.3","12.08","-1","-0.507864735","0.954277814","0","0.572566688","7","0.409090909","1.545454545","N2 S1 O9","de-protonated","0","-9999","C22 H34 O9 N2 S1","22","34","9","2","-9999","1","-9999","-9999","-9999","-9999","-9999","-9999"
"606","501.191165","501.190970866","501.19084528","1492272.5","-9999","386099.3","12.08","-1","0.250573554","0.988672012","0","0.593203207","12","0.25","1.291666667","N4 P1 O6","de-protonated","0","-9999","C24 H31 O6 N4 P1","24","31","6","4","1","-9999","-9999","-9999","-9999","-9999","-9999","-9999"
"607","501.209853","501.209658836","501.210124174","7645502","-9999","331237","68.81","-1","-0.928428805","0.427606317","0.736963647","0.551349249","20","0.03030303","0.939393939","N2 P1 O1","de-protonated","0","-9999","C33 H31 O1 N2 P1","33","31","1","2","1","-9999","-9999","-9999","-9999","-9999","-9999","-9999"
"607","501.209853","501.209658836","501.209852847","7645502","-9999","331237","68.81","-1","-0.387086876","0.950554564","0.987411435","0.965297312","6","0.260869565","1.652173913","N2 S2 O6","de-protonated","0","-9999","C23 H38 O6 N2 S2","23","38","6","2","-9999","2","-9999","-9999","-9999","-9999","-9999","-9999"
"607","501.209853","501.209658836","501.209472725","7645502","-9999","331237","68.81","-1","0.371323316","0.986450876","0.973776031","0.981380938","11","0.12","1.4","N4 S1 P1 O3","de-protonated","0","-9999","C25 H35 O3 N4 P1 S1","25","35","3","4","1","1","-9999","-9999","-9999","-9999","-9999","-9999"
"609","502.134665","502.134469361","502.133984571","1530855","-9999","372721.5","12.43","-1","0.965459187","0.84439879","0","0.506639274","3","0.5","1.888888889","N1 S2 P1 O9","de-protonated","0","-9999","C18 H34 O9 N1 P1 S2","18","34","9","1","1","2","-9999","-9999","-9999","-9999","-9999","-9999"
"609","502.134665","502.134469361","502.134832724","1530855","-9999","372721.5","12.43","-1","-0.723636916","0.909358681","0","0.545615208","4","0.8125","1.8125","N3 S1 O13","de-protonated","0","-9999","C16 H29 O13 N3 S1","16","29","13","3","-9999","1","-9999","-9999","-9999","-9999","-9999","-9999"
"610","502.213081","502.212885236","502.213207683","1754144.9","-9999","256580.2","14.48","-1","-0.642050925","0.927930463","0.987411435","0.951722852","6","0.260869565","1.652173913","13C1 N2 S2 O6","de-protonated","1","607","C22 H38 O6 N2 S2 13C1","22","38","6","2","-9999","2","1","-9999","-9999","-9999","-9999","-9999"
"610","502.213081","502.212885236","502.21282756","1754144.9","-9999","256580.2","14.48","-1","0.114843872","0.997609714","0.973776031","0.988076241","11","0.12","1.4","13C1 N4 S1 P1 O3","de-protonated","1","607","C24 H35 O3 N4 P1 S1 13C1","24","35","3","4","1","1","1","-9999","-9999","-9999","-9999","-9999"
"611","502.365707","502.365510993","502.365030619","2944145.3","-9999","298524.5","25.46","-1","0.956225467","0.423560932","0.761234226","0.55863025","7","0.137931034","1.689655172","N3 O4","de-protonated","0","-9999","C29 H49 O4 N3","29","49","4","3","-9999","-9999","-9999","-9999","-9999","-9999","-9999","-9999"
"612","502.385151","502.384954962","502.385311833","8735904","-9999","261571.8","78.86","-1","-0.71035448","0.456253446","0.767553728","0.580773559","1","0.071428571","2.071428571","N1 S1 P1 O2","de-protonated","0","-9999","C28 H58 O2 N1 P1 S1","28","58","2","1","1","1","-9999","-9999","-9999","-9999","-9999","-9999"
"620","503.082072","503.081874851","503.081614645","2046113.6","-9999","265659.8","17.17","-1","0.517223604","0.952618091","0","0.571570855","4","0.647058824","1.705882353","S2 P1 O11","de-protonated","0","-9999","C17 H29 O11 P1 S2","17","29","11","-9999","1","2","-9999","-9999","-9999","-9999","-9999","-9999"
"620","503.082072","503.081874851","503.081949734","2046113.6","-9999","265659.8","17.17","-1","-0.148848978","0.99598789","0","0.597592734","23","0.142857143","0.571428571","N4 S1 O4","de-protonated","0","-9999","C28 H16 O4 N4 S1","28","16","4","4","-9999","1","-9999","-9999","-9999","-9999","-9999","-9999"
"620","503.082072","503.081874851","503.082082675","2046113.6","-9999","265659.8","17.17","-1","-0.41310349","0.969509473","0","0.581705684","10","0.705882353","1.235294118","N4 P1 O12","de-protonated","0","-9999","C17 H21 O12 N4 P1","17","21","12","4","1","-9999","-9999","-9999","-9999","-9999","-9999","-9999"
"621","503.118471","503.118273792","503.118000154","9995965","-9999","254753.5","90.47","-1","0.54388493","0.623402849","0.93031813","0.746168961","3","0.555555556","1.833333333","S2 P1 O10","de-protonated","0","-9999","C18 H33 O10 P1 S2","18","33","10","-9999","1","2","-9999","-9999","-9999","-9999","-9999","-9999"
"621","503.118471","503.118273792","503.118335243","9995965","-9999","254753.5","90.47","-1","-0.1221395","0.998647956","0.96179024","0.983904869","22","0.103448276","0.689655172","N4 S1 O3","de-protonated","0","-9999","C29 H20 O3 N4 S1","29","20","3","4","-9999","1","-9999","-9999","-9999","-9999","-9999","-9999"
"621","503.118471","503.118273792","503.118468185","9995965","-9999","254753.5","90.47","-1","-0.386374908","0.980472397","0.962401935","0.973244212","9","0.611111111","1.388888889","N4 P1 O11","de-protonated","0","-9999","C18 H25 O11 N4 P1","18","25","11","4","1","-9999","-9999","-9999","-9999","-9999","-9999","-9999"
"622","503.119807","503.11960979","503.119499756","1636541.5","-9999","365838","13.39","-1","0.218704141","0.99135859","0","0.594815154","13","0.5","1","O12","de-protonated","0","-9999","C24 H24 O12","24","24","12","-9999","-9999","-9999","-9999","-9999","-9999","-9999","-9999","-9999"
"622","503.119807","503.11960979","503.119989013","1636541.5","-9999","365838","13.39","-1","-0.753742726","0.902049307","0","0.541229584","17","0.148148148","0.925925926","N2 S1 P1 O4","de-protonated","0","-9999","C27 H25 O4 N2 P1 S1","27","25","4","2","1","1","-9999","-9999","-9999","-9999","-9999","-9999"
"622","503.119807","503.11960979","503.119337565","1636541.5","-9999","365838","13.39","-1","0.5410757","0.948264842","0","0.568958905","8","0.315789474","1.526315789","N4 S2 P1 O6","de-protonated","0","-9999","C19 H29 O6 N4 P1 S2","19","29","6","4","1","2","-9999","-9999","-9999","-9999","-9999","-9999"
"623","503.154795","503.154597735","503.154385664","4664023.5","-9999","260701.9","41.31","-1","0.421483021","0.484139996","0.829532115","0.622296844","2","0.473684211","1.947368421","S2 P1 O9","de-protonated","0","-9999","C19 H37 O9 P1 S2","19","37","9","-9999","1","2","-9999","-9999","-9999","-9999","-9999","-9999"
"623","503.154795","503.154597735","503.154720752","4664023.5","-9999","260701.9","41.31","-1","-0.244493164","0.494606085","0.755017935","0.598770825","21","0.066666667","0.8","N4 S1 O2","de-protonated","0","-9999","C30 H24 O2 N4 S1","30","24","2","4","-9999","1","-9999","-9999","-9999","-9999","-9999","-9999"
"623","503.154795","503.154597735","503.154853694","4664023.5","-9999","260701.9","41.31","-1","-0.508709432","0.47706457","0.829532115","0.618051588","8","0.526315789","1.526315789","N4 P1 O10","de-protonated","0","-9999","C19 H29 O10 N4 P1","19","29","10","4","1","-9999","-9999","-9999","-9999","-9999","-9999","-9999"
"624","503.191203","503.191005677","503.190771173","3276530.3","-9999","261939.3","28.52","-1","0.466033246","0.961358113","0","0.576814868","1","0.4","2.05","S2 P1 O8","de-protonated","0","-9999","C20 H41 O8 P1 S2","20","41","8","-9999","1","2","-9999","-9999","-9999","-9999","-9999","-9999"
"624","503.191203","503.191005677","503.191106262","3276530.3","-9999","261939.3","28.52","-1","-0.199894812","0.496387953","0.748902347","0.59739371","20","0.032258065","0.903225806","N4 S1 O1","de-protonated","0","-9999","C31 H28 O1 N4 S1","31","28","1","4","-9999","1","-9999","-9999","-9999","-9999","-9999","-9999"
"624","503.191203","503.191005677","503.191239204","3276530.3","-9999","261939.3","28.52","-1","-0.464091986","0.961673131","0","0.577003878","7","0.45","1.65","N4 P1 O9","de-protonated","0","-9999","C20 H33 O9 N4 P1","20","33","9","4","1","-9999","-9999","-9999","-9999","-9999","-9999","-9999"
"625","503.206706","503.206508652","503.206027314","2684669.5","-9999","257097","23.06","-1","0.95654184","0.847028853","0","0.508217312","5","0.208333333","1.708333333","S2 P1 O5","de-protonated","0","-9999","C24 H41 O5 P1 S2","24","41","5","-9999","1","2","-9999","-9999","-9999","-9999","-9999","-9999"
"625","503.206706","503.206508652","503.206875467","2684669.5","-9999","257097","23.06","-1","-0.728955761","0.90808475","0","0.54485085","6","0.409090909","1.636363636","N2 S1 O9","de-protonated","0","-9999","C22 H36 O9 N2 S1","22","36","9","2","-9999","1","-9999","-9999","-9999","-9999","-9999","-9999"
"625","503.206706","503.206508652","503.206495345","2684669.5","-9999","257097","23.06","-1","0.026444351","0.99987312","0","0.599923872","11","0.25","1.375","N4 P1 O6","de-protonated","0","-9999","C24 H33 O6 N4 P1","24","33","6","4","1","-9999","-9999","-9999","-9999","-9999","-9999","-9999"
"626","503.225444","503.225246622","503.225502912","4641547.5","-9999","241274.5","41.1","-1","-0.509294614","0.477013006","0.800793265","0.60652511","5","0.260869565","1.739130435","N2 S2 O6","de-protonated","0","-9999","C23 H40 O6 N2 S2","23","40","6","2","-9999","2","-9999","-9999","-9999","-9999","-9999","-9999"
"626","503.225444","503.225246622","503.225122789","4641547.5","-9999","241274.5","41.1","-1","0.246077702","0.494536328","0.787157861","0.611584941","10","0.12","1.48","N4 S1 P1 O3","de-protonated","0","-9999","C25 H37 O3 N4 P1 S1","25","37","3","4","1","1","-9999","-9999","-9999","-9999","-9999","-9999"
"627","503.37887","503.378672377","503.378907035","9422717","-9999","270212.2","85.19","-1","-0.466165824","0.980151057","0.98689192","0.982847402","6","0.034482759","1.793103448","N4 S1 O1","de-protonated","0","-9999","C29 H52 O1 N4 S1","29","52","1","4","-9999","1","-9999","-9999","-9999","-9999","-9999","-9999"
"628","504.121234","504.121035194","504.121354989","2391969","-9999","339464.5","20.35","-1","0.66690945","0.614978657","0.93031813","0.741114446","3","0.555555556","1.833333333","13C1 S2 P1 O10","de-protonated","1","621","C17 H33 O10 P1 S2 13C1","17","33","10","-9999","1","2","1","-9999","-9999","-9999","-9999","-9999"
"628","504.121234","504.121035194","504.121491335","2391969","-9999","339464.5","20.35","-1","-0.904824107","0.861954108","0","0.517172465","3","0.705882353","1.823529412","N1 S2 O12","de-protonated","0","-9999","C17 H31 O12 N1 S2","17","31","12","1","-9999","2","-9999","-9999","-9999","-9999","-9999","-9999"
"628","504.121234","504.121035194","504.120978271","2391969","-9999","339464.5","20.35","-1","0.1129153","0.997689228","0","0.598613537","21","0.033333333","0.766666667","N3 S2 O1","de-protonated","0","-9999","C30 H23 O1 N3 S2","30","23","1","3","-9999","2","-9999","-9999","-9999","-9999","-9999","-9999"
"628","504.121234","504.121035194","504.121111212","2391969","-9999","339464.5","20.35","-1","-0.150794634","0.995882534","0","0.597529521","8","0.473684211","1.473684211","N3 S1 P1 O9","de-protonated","0","-9999","C19 H28 O9 N3 P1 S1","19","28","9","3","1","1","-9999","-9999","-9999","-9999","-9999","-9999"
"629","504.12189","504.121691193","504.121354989","2507681.5","-9999","369835","21.42","-1","0.66690945","0.614978657","0.93031813","0.741114446","3","0.555555556","1.833333333","13C1 S2 P1 O10","de-protonated","1","621","C17 H33 O10 P1 S2 13C1","17","33","10","-9999","1","2","1","-9999","-9999","-9999","-9999","-9999"
"629","504.12189","504.121691193","504.121762661","2507681.5","-9999","369835","21.42","-1","-0.141768298","0.99635984","0","0.597815904","17","0.259259259","0.888888889","N1 P1 O7","de-protonated","0","-9999","C27 H24 O7 N1 P1","27","24","7","1","1","-9999","-9999","-9999","-9999","-9999","-9999","-9999"
"629","504.12189","504.121691193","504.121491335","2507681.5","-9999","369835","21.42","-1","0.396447442","0.971884417","0","0.58313065","3","0.705882353","1.823529412","N1 S2 O12","de-protonated","0","-9999","C17 H31 O12 N1 S2","17","31","12","1","-9999","2","-9999","-9999","-9999","-9999","-9999","-9999"
"629","504.12189","504.121691193","504.121690078","2507681.5","-9999","369835","21.42","-1","0.002210529","0.999999113","0.96179024","0.984715564","22","0.103448276","0.689655172","13C1 N4 S1 O3","de-protonated","1","621","C28 H20 O3 N4 S1 13C1","28","20","3","4","-9999","1","1","-9999","-9999","-9999","-9999","-9999"
"629","504.12189","504.121691193","504.12182302","2507681.5","-9999","369835","21.42","-1","-0.261499004","0.987668884","0.962401935","0.977562105","9","0.611111111","1.388888889","13C1 N4 P1 O11","de-protonated","1","621","C17 H25 O11 N4 P1 13C1","17","25","11","4","1","-9999","1","-9999","-9999","-9999","-9999","-9999"
"630","504.150136","504.149937148","504.149634636","5293494.5","-9999","284813.9","47.11","-1","0.600043632","0.46837866","0.837042051","0.615844016","2","0.5","2","N1 S2 P1 O9","de-protonated","0","-9999","C18 H36 O9 N1 P1 S2","18","36","9","1","1","2","-9999","-9999","-9999","-9999","-9999","-9999"
"632","504.382423","504.382223777","504.382334453","2745954.3","-9999","341347.8","23.61","-1","-0.219429016","0.991301463","0","0.594780878","1","0.185185185","2.074074074","N1 P1 O5","de-protonated","0","-9999","C27 H56 O5 N1 P1","27","56","5","1","1","-9999","-9999","-9999","-9999","-9999","-9999","-9999"
"632","504.382423","504.382223777","504.38226187","2745954.3","-9999","341347.8","23.61","-1","-0.075524582","0.998965559","0.98689192","0.994136103","6","0.034482759","1.793103448","13C1 N4 S1 O1","de-protonated","1","627","C28 H52 O1 N4 S1 13C1","28","52","1","4","-9999","1","1","-9999","-9999","-9999","-9999","-9999"
"637","505.007036","505.006835781","505.007070715","2223664","-9999","316051","18.79","-1","-0.465208482","0.961492099","0","0.57689526","24","0.153846154","0.384615385","N4 S2 O4","de-protonated","0","-9999","C26 H10 O4 N4 S2","26","10","4","4","-9999","2","-9999","-9999","-9999","-9999","-9999","-9999"
"637","505.007036","505.006835781","505.007203657","2223664","-9999","316051","18.79","-1","-0.728455555","0.908204876","0","0.544922926","11","0.8","1","N4 S1 P1 O12","de-protonated","0","-9999","C15 H15 O12 N4 P1 S1","15","15","12","4","1","1","-9999","-9999","-9999","-9999","-9999","-9999"
"638","505.061365","505.061164695","505.0608792","1664088.3","-9999","341487.7","13.63","-1","0.565267757","0.943670831","0","0.566202498","4","0.75","1.6875","S2 P1 O12","de-protonated","0","-9999","C16 H27 O12 P1 S2","16","27","12","-9999","1","2","-9999","-9999","-9999","-9999","-9999","-9999"
"638","505.061365","505.061164695","505.061214289","1664088.3","-9999","341487.7","13.63","-1","-0.098194611","0.998251968","0","0.598951181","23","0.185185185","0.518518519","N4 S1 O5","de-protonated","0","-9999","C27 H14 O5 N4 S1","27","14","5","4","-9999","1","-9999","-9999","-9999","-9999","-9999","-9999"
"638","505.061365","505.061164695","505.061347231","1664088.3","-9999","341487.7","13.63","-1","-0.36141356","0.976577874","0","0.585946724","10","0.8125","1.1875","N4 P1 O13","de-protonated","0","-9999","C16 H19 O13 N4 P1","16","19","13","4","1","-9999","-9999","-9999","-9999","-9999","-9999","-9999"
"639","505.092006","505.091805646","505.091391483","1491438.9","-9999","215325.5","12.04","-1","0.819976743","0.885149098","0","0.531089459","12","0.25","1.125","S2 P1 O6","de-protonated","0","-9999","C24 H27 O6 P1 S2","24","27","6","-9999","1","2","-9999","-9999","-9999","-9999","-9999","-9999"
"639","505.092006","505.091805646","505.092239636","1491438.9","-9999","215325.5","12.04","-1","-0.859229151","0.874625941","0","0.524775564","13","0.454545455","1","N2 S1 O10","de-protonated","0","-9999","C22 H22 O10 N2 S1","22","22","10","2","-9999","1","-9999","-9999","-9999","-9999","-9999","-9999"
"639","505.092006","505.091805646","505.091859513","1491438.9","-9999","215325.5","12.04","-1","-0.10664883","0.997938336","0","0.598763001","18","0.291666667","0.791666667","N4 P1 O7","de-protonated","0","-9999","C24 H19 O7 N4 P1","24","19","7","4","1","-9999","-9999","-9999","-9999","-9999","-9999","-9999"
"639","505.092006","505.091805646","505.091588187","1491438.9","-9999","215325.5","12.04","-1","0.430533212","0.966926186","0","0.580155712","4","0.857142857","1.857142857","N4 S2 O12","de-protonated","0","-9999","C14 H26 O12 N4 S2","14","26","12","4","-9999","2","-9999","-9999","-9999","-9999","-9999","-9999"
"640","505.097796","505.097595636","505.097264709","2036851.3","-9999","357103","17.07","-1","0.655175181","0.925068335","0","0.555041001","3","0.647058824","1.823529412","S2 P1 O11","de-protonated","0","-9999","C17 H31 O11 P1 S2","17","31","11","-9999","1","2","-9999","-9999","-9999","-9999","-9999","-9999"
"640","505.097796","505.097595636","505.097599798","2036851.3","-9999","357103","17.07","-1","-0.008239453","0.999987682","0","0.599992609","22","0.142857143","0.642857143","N4 S1 O4","de-protonated","0","-9999","C28 H18 O4 N4 S1","28","18","4","4","-9999","1","-9999","-9999","-9999","-9999","-9999","-9999"
"640","505.097796","505.097595636","505.09773274","2036851.3","-9999","357103","17.07","-1","-0.271439464","0.986719941","0","0.592031965","9","0.705882353","1.352941176","N4 P1 O12","de-protonated","0","-9999","C17 H23 O12 N4 P1","17","23","12","4","1","-9999","-9999","-9999","-9999","-9999","-9999","-9999"
"641","505.134158","505.133957579","505.133650219","21468302","-9999","298572.6","196.24","-1","0.608472358","0.632016057","0.93031813","0.751336886","2","0.555555556","1.944444444","S2 P1 O10","de-protonated","0","-9999","C18 H35 O10 P1 S2","18","35","10","-9999","1","2","-9999","-9999","-9999","-9999","-9999","-9999"
"641","505.134158","505.133957579","505.133985308","21468302","-9999","298572.6","196.24","-1","-0.054894459","0.498162834","0.909228979","0.662589292","21","0.103448276","0.75862069","N4 S1 O3","de-protonated","0","-9999","C29 H22 O3 N4 S1","29","22","3","4","-9999","1","-9999","-9999","-9999","-9999","-9999","-9999"
"641","505.134158","505.133957579","505.134118249","21468302","-9999","298572.6","196.24","-1","-0.318075499","0.972343222","0.965021392","0.96941449","8","0.611111111","1.5","N4 P1 O11","de-protonated","0","-9999","C18 H27 O11 N4 P1","18","27","11","4","1","-9999","-9999","-9999","-9999","-9999","-9999","-9999"
"642","505.170597","505.17039652","505.170035728","3260585","-9999","247844.4","28.35","-1","0.714199946","0.911600321","0","0.546960193","1","0.473684211","2.052631579","S2 P1 O9","de-protonated","0","-9999","C19 H39 O9 P1 S2","19","39","9","-9999","1","2","-9999","-9999","-9999","-9999","-9999","-9999"
"642","505.170597","505.17039652","505.170883881","3260585","-9999","247844.4","28.35","-1","-0.964744354","0.844610218","0","0.506766131","2","0.764705882","2","N2 S1 O13","de-protonated","0","-9999","C17 H34 O13 N2 S1","17","34","13","2","-9999","1","-9999","-9999","-9999","-9999","-9999","-9999"
"642","505.170597","505.17039652","505.170370817","3260585","-9999","247844.4","28.35","-1","0.050880838","0.499765183","0.755017935","0.601866283","20","0.066666667","0.866666667","N4 S1 O2","de-protonated","0","-9999","C30 H26 O2 N4 S1","30","26","2","4","-9999","1","-9999","-9999","-9999","-9999","-9999","-9999"
"642","505.170597","505.17039652","505.170503759","3260585","-9999","247844.4","28.35","-1","-0.212281274","0.991856654","0","0.595113993","7","0.526315789","1.631578947","N4 P1 O10","de-protonated","0","-9999","C19 H31 O10 N4 P1","19","31","10","4","1","-9999","-9999","-9999","-9999","-9999","-9999","-9999"
"643","505.204555","505.204354466","505.204767467","2182978.3","-9999","193237.4","18.42","-1","-0.817491896","0.885802835","0","0.531481701","5","0.318181818","1.727272727","N2 S2 O7","de-protonated","0","-9999","C22 H38 O7 N2 S2","22","38","7","2","-9999","2","-9999","-9999","-9999","-9999","-9999","-9999"
"643","505.204555","505.204354466","505.203898087","2182978.3","-9999","193237.4","18.42","-1","0.903356186","0.862369336","0","0.517421602","6","0.571428571","1.619047619","N2 O12","de-protonated","0","-9999","C21 H34 O12 N2","21","34","12","2","-9999","-9999","-9999","-9999","-9999","-9999","-9999","-9999"
"643","505.204555","505.204354466","505.204387345","2182978.3","-9999","193237.4","18.42","-1","-0.065079172","0.999231806","0","0.599539084","10","0.166666667","1.458333333","N4 S1 P1 O4","de-protonated","0","-9999","C24 H35 O4 N4 P1 S1","24","35","4","4","1","1","-9999","-9999","-9999","-9999","-9999","-9999"
"644","505.206939","505.206738462","505.206421237","4578500","-9999","230525.7","40.51","-1","0.627911883","0.465479343","0.822155738","0.608149901","0","0.4","2.15","S2 P1 O8","de-protonated","0","-9999","C20 H43 O8 P1 S2","20","43","8","-9999","1","2","-9999","-9999","-9999","-9999","-9999","-9999"
"644","505.206939","505.206738462","505.206756326","4578500","-9999","230525.7","40.51","-1","-0.035359394","0.499886581","0.748902347","0.599492888","19","0.032258065","0.967741935","N4 S1 O1","de-protonated","0","-9999","C31 H30 O1 N4 S1","31","30","1","4","-9999","1","-9999","-9999","-9999","-9999","-9999","-9999"
"644","505.206939","505.206738462","505.206889268","4578500","-9999","230525.7","40.51","-1","-0.29850253","0.491981118","0.822155738","0.624050966","6","0.45","1.75","N4 P1 O9","de-protonated","0","-9999","C20 H35 O9 N4 P1","20","35","9","4","1","-9999","-9999","-9999","-9999","-9999","-9999","-9999"
"645","505.22238","505.222179438","505.221677379","1758415.5","-9999","318951.2","14.5","-1","0.993740426","0.835951892","0","0.501571135","4","0.208333333","1.791666667","S2 P1 O5","de-protonated","0","-9999","C24 H43 O5 P1 S2","24","43","5","-9999","1","2","-9999","-9999","-9999","-9999","-9999","-9999"
"645","505.22238","505.222179438","505.222525532","1758415.5","-9999","318951.2","14.5","-1","-0.685032728","0.918375991","0","0.551025595","5","0.409090909","1.727272727","N2 S1 O9","de-protonated","0","-9999","C22 H38 O9 N2 S1","22","38","9","2","-9999","1","-9999","-9999","-9999","-9999","-9999","-9999"
"645","505.22238","505.222179438","505.222145409","1758415.5","-9999","318951.2","14.5","-1","0.067353649","0.999177194","0","0.599506317","10","0.25","1.458333333","N4 P1 O6","de-protonated","0","-9999","C24 H35 O6 N4 P1","24","35","6","4","1","-9999","-9999","-9999","-9999","-9999","-9999","-9999"
"646","505.264425","505.264224371","505.264271204","2735342.5","-9999","318512.5","23.51","-1","-0.092689861","0.499221157","0.761234226","0.604026385","13","0.068965517","1.310344828","N4 S1 O2","de-protonated","0","-9999","C29 H38 O2 N4 S1","29","38","2","4","-9999","1","-9999","-9999","-9999","-9999","-9999","-9999"
"646","505.264425","505.264224371","505.264404145","2735342.5","-9999","318512.5","23.51","-1","-0.355803028","0.977291176","0","0.586374706","0","0.555555556","2.388888889","N4 P1 O10","de-protonated","0","-9999","C18 H43 O10 N4 P1","18","43","10","4","1","-9999","-9999","-9999","-9999","-9999","-9999","-9999"
"647","505.970465","505.970263245","505.970469994","2025209.3","-9999","397780.1","16.96","-1","-0.408618397","0.970158029","0","0.582094817","11","0.875","0.8125","N1 S2 O14","de-protonated","0","-9999","C16 H13 O14 N1 S2","16","13","14","1","-9999","2","-9999","-9999","-9999","-9999","-9999","-9999"
"647","505.970465","505.970263245","505.970089871","2025209.3","-9999","397780.1","16.96","-1","0.342655981","0.97892088","0","0.587352528","16","0.611111111","0.555555556","N3 S1 P1 O11","de-protonated","0","-9999","C18 H10 O11 N3 P1 S1","18","10","11","3","1","1","-9999","-9999","-9999","-9999","-9999","-9999"
"648","506.129486","506.129283991","506.128899191","1620591","-9999","280923.9","13.23","-1","0.760281881","0.9004303","0","0.54025818","2","0.588235294","2","N1 S2 P1 O10","de-protonated","0","-9999","C17 H34 O10 N1 P1 S2","17","34","10","1","1","2","-9999","-9999","-9999","-9999","-9999","-9999"
"648","506.129486","506.129283991","506.129747344","1620591","-9999","280923.9","13.23","-1","-0.915481733","0.858925252","0","0.515355151","3","0.933333333","1.933333333","N3 S1 O14","de-protonated","0","-9999","C15 H29 O14 N3 S1","15","29","14","3","-9999","1","-9999","-9999","-9999","-9999","-9999","-9999"
"649","506.137444","506.137241979","506.137005054","5298037","-9999","314241.2","47.14","-1","0.468104625","0.64068043","0.93031813","0.75653551","2","0.555555556","1.944444444","13C1 S2 P1 O10","de-protonated","1","641","C17 H35 O10 P1 S2 13C1","17","35","10","-9999","1","2","1","-9999","-9999","-9999","-9999","-9999"
"649","506.137444","506.137241979","506.137412725","5298037","-9999","314241.2","47.14","-1","-0.337352472","0.489780839","0.773979033","0.603460117","16","0.259259259","0.962962963","N1 P1 O7","de-protonated","0","-9999","C27 H26 O7 N1 P1","27","26","7","1","1","-9999","-9999","-9999","-9999","-9999","-9999","-9999"
"649","506.137444","506.137241979","506.137141399","5298037","-9999","314241.2","47.14","-1","0.198719763","0.496430142","0.844689208","0.635733768","2","0.705882353","1.941176471","N1 S2 O12","de-protonated","0","-9999","C17 H33 O12 N1 S2","17","33","12","1","-9999","2","-9999","-9999","-9999","-9999","-9999","-9999"
"649","506.137444","506.137241979","506.136761277","5298037","-9999","314241.2","47.14","-1","0.949747202","0.42451095","0.829532115","0.586519416","7","0.473684211","1.578947368","N3 S1 P1 O9","de-protonated","0","-9999","C19 H30 O9 N3 P1 S1","19","30","9","3","1","1","-9999","-9999","-9999","-9999","-9999","-9999"
"649","506.137444","506.137241979","506.137340143","5298037","-9999","314241.2","47.14","-1","-0.193947056","0.496598982","0.909228979","0.661650981","21","0.103448276","0.75862069","13C1 N4 S1 O3","de-protonated","1","641","C28 H22 O3 N4 S1 13C1","28","22","3","4","-9999","1","1","-9999","-9999","-9999","-9999","-9999"
"649","506.137444","506.137241979","506.137473084","5298037","-9999","314241.2","47.14","-1","-0.456606336","0.962876502","0.965021392","0.963734458","8","0.611111111","1.5","13C1 N4 P1 O11","de-protonated","1","641","C17 H27 O11 N4 P1 13C1","17","27","11","4","1","-9999","1","-9999","-9999","-9999","-9999","-9999"
"654","507.076203","507.075999482","507.075526943","1771308.5","-9999","411629.9","14.61","-1","0.931891058","0.854213737","0","0.512528242","17","0.346153846","0.769230769","S1 O9","de-protonated","0","-9999","C26 H20 O9 S1","26","20","9","-9999","-9999","1","-9999","-9999","-9999","-9999","-9999","-9999"
"654","507.076203","507.075999482","507.0760162","1771308.5","-9999","411629.9","14.61","-1","-0.032969812","0.999802783","0","0.59988167","21","0.034482759","0.724137931","N2 S2 P1 O1","de-protonated","0","-9999","C29 H21 O1 N2 P1 S2","29","21","1","2","1","2","-9999","-9999","-9999","-9999","-9999","-9999"
"655","507.07693","507.076726481","507.076529264","1741228.9","-9999","348165.5","14.33","-1","0.38892825600000003","0.972926373","0","0.583755824","3","0.75","1.8125","S2 P1 O12","de-protonated","0","-9999","C16 H29 O12 P1 S2","16","29","12","-9999","1","2","-9999","-9999","-9999","-9999","-9999","-9999"
"655","507.07693","507.076726481","507.076864353","1741228.9","-9999","348165.5","14.33","-1","-0.271896708","0.986675462","0","0.592005277","22","0.185185185","0.592592593","N4 S1 O5","de-protonated","0","-9999","C27 H16 O5 N4 S1","27","16","5","4","-9999","1","-9999","-9999","-9999","-9999","-9999","-9999"
"655","507.07693","507.076726481","507.076997295","1741228.9","-9999","348165.5","14.33","-1","-0.534069306","0.949561848","0","0.569737109","9","0.8125","1.3125","N4 P1 O13","de-protonated","0","-9999","C16 H21 O13 N4 P1","16","21","13","4","1","-9999","-9999","-9999","-9999","-9999","-9999","-9999"
"656","507.107504","507.107300432","507.107041547","4140611.8","-9999","272234.7","36.46","-1","0.510513638","0.476905417","0.793917021","0.603710059","11","0.25","1.208333333","S2 P1 O6","de-protonated","0","-9999","C24 H29 O6 P1 S2","24","29","6","-9999","1","2","-9999","-9999","-9999","-9999","-9999","-9999"
"656","507.107504","507.107300432","507.107509578","4140611.8","-9999","272234.7","36.46","-1","-0.4124285","0.484803751","0.793917021","0.608449059","17","0.291666667","0.875","N4 P1 O7","de-protonated","0","-9999","C24 H21 O7 N4 P1","24","21","7","4","1","-9999","-9999","-9999","-9999","-9999","-9999","-9999"
"656","507.107504","507.107300432","507.107238251","4140611.8","-9999","272234.7","36.46","-1","0.122618188","0.997275597","0","0.598365358","3","0.857142857","2","N4 S2 O12","de-protonated","0","-9999","C14 H28 O12 N4 S2","14","28","12","4","-9999","2","-9999","-9999","-9999","-9999","-9999","-9999"
"657","507.113447","507.113243423","507.112914774","2500168","-9999","358256.2","21.33","-1","0.648078179","0.926622138","0","0.555973283","2","0.647058824","1.941176471","S2 P1 O11","de-protonated","0","-9999","C17 H33 O11 P1 S2","17","33","11","-9999","1","2","-9999","-9999","-9999","-9999","-9999","-9999"
"657","507.113447","507.113243423","507.113249863","2500168","-9999","358256.2","21.33","-1","-0.012699541","0.999970737","0","0.599982442","21","0.142857143","0.714285714","N4 S1 O4","de-protonated","0","-9999","C28 H20 O4 N4 S1","28","20","4","4","-9999","1","-9999","-9999","-9999","-9999","-9999","-9999"
"657","507.113447","507.113243423","507.113382804","2500168","-9999","358256.2","21.33","-1","-0.274853396","0.986386089","0","0.591831653","8","0.705882353","1.470588235","N4 P1 O12","de-protonated","0","-9999","C17 H25 O12 N4 P1","17","25","12","4","1","-9999","-9999","-9999","-9999","-9999","-9999","-9999"
"658","507.148951","507.148747366","507.148297962","3298402.3","-9999","365760.2","28.69","-1","0.886140121","0.433601777","0.767553728","0.567182558","15","0.25","1","S1 O7","de-protonated","0","-9999","C28 H28 O7 S1","28","28","7","-9999","-9999","1","-9999","-9999","-9999","-9999","-9999","-9999"
"658","507.148951","507.148747366","507.148430903","3298402.3","-9999","365760.2","28.69","-1","0.624004147","0.931785442","0","0.559071265","2","0.882352941","1.941176471","P1 O15","de-protonated","0","-9999","C17 H33 O15 P1","17","33","15","-9999","1","-9999","-9999","-9999","-9999","-9999","-9999","-9999"
"659","507.149885","507.149681364","507.149300283","4188771","-9999","354905","36.9","-1","0.751418497","0.451311041","0.837042051","0.605603445","1","0.555555556","2.055555556","S2 P1 O10","de-protonated","0","-9999","C18 H37 O10 P1 S2","18","37","10","-9999","1","2","-9999","-9999","-9999","-9999","-9999","-9999"
"659","507.149885","507.149681364","507.150148436","4188771","-9999","354905","36.9","-1","-0.920973417","0.857354897","0","0.514412938","2","0.875","2","N2 S1 O14","de-protonated","0","-9999","C16 H32 O14 N2 S1","16","32","14","2","-9999","1","-9999","-9999","-9999","-9999","-9999","-9999"
"659","507.149885","507.149681364","507.149635372","4188771","-9999","354905","36.9","-1","0.090688116","0.499254409","0.761234226","0.604046336","20","0.103448276","0.827586207","N4 S1 O3","de-protonated","0","-9999","C29 H24 O3 N4 S1","29","24","3","4","-9999","1","-9999","-9999","-9999","-9999","-9999","-9999"
"659","507.149885","507.149681364","507.149768314","4188771","-9999","354905","36.9","-1","-0.171446958","0.497340342","0.837042051","0.633221026","7","0.611111111","1.611111111","N4 P1 O11","de-protonated","0","-9999","C18 H29 O11 N4 P1","18","29","11","4","1","-9999","-9999","-9999","-9999","-9999","-9999","-9999"
"660","507.18607","507.185866307","507.185685792","3097214","-9999","275836.2","26.83","-1","0.355913669","0.977277212","0","0.586366327","0","0.473684211","2.157894737","S2 P1 O9","de-protonated","0","-9999","C19 H41 O9 P1 S2","19","41","9","-9999","1","2","-9999","-9999","-9999","-9999","-9999","-9999"
"660","507.18607","507.185866307","507.186020881","3097214","-9999","275836.2","26.83","-1","-0.30476905","0.491643759","0.755017935","0.596993429","19","0.066666667","0.933333333","N4 S1 O2","de-protonated","0","-9999","C30 H28 O2 N4 S1","30","28","2","4","-9999","1","-9999","-9999","-9999","-9999","-9999","-9999"
"660","507.18607","507.185866307","507.186153823","3097214","-9999","275836.2","26.83","-1","-0.566885214","0.943357329","0","0.566014397","6","0.526315789","1.736842105","N4 P1 O10","de-protonated","0","-9999","C19 H33 O10 N4 P1","19","33","10","4","1","-9999","-9999","-9999","-9999","-9999","-9999","-9999"
"661","507.280093","507.279889157","507.279921268","2907331.5","-9999","339429.8","25.08","-1","-0.063300908","0.499636599","0.761234226","0.60427565","12","0.068965517","1.379310345","N4 S1 O2","de-protonated","0","-9999","C29 H40 O2 N4 S1","29","40","2","4","-9999","1","-9999","-9999","-9999","-9999","-9999","-9999"
"663","509.092775","509.092568267","509.092179329","2385923.5","-9999","343264.4","19.05","-1","0.763982868","0.899509088","0","0.539705453","2","0.75","1.9375","S2 P1 O12","de-protonated","0","-9999","C16 H31 O12 P1 S2","16","31","12","-9999","1","2","-9999","-9999","-9999","-9999","-9999","-9999"
"663","509.092775","509.092568267","509.092514418","2385923.5","-9999","343264.4","19.05","-1","0.105774062","0.997971984","0","0.59878319","21","0.185185185","0.666666667","N4 S1 O5","de-protonated","0","-9999","C27 H18 O5 N4 S1","27","18","5","4","-9999","1","-9999","-9999","-9999","-9999","-9999","-9999"
"663","509.092775","509.092568267","509.09264736","2385923.5","-9999","343264.4","19.05","-1","-0.155360615","0.995629964","0","0.597377978","8","0.8125","1.4375","N4 P1 O13","de-protonated","0","-9999","C16 H23 O13 N4 P1","16","23","13","4","1","-9999","-9999","-9999","-9999","-9999","-9999","-9999"
"664","509.121015","509.120808222","509.121037841","5549080.5","-9999","294587.6","46.47","-1","-0.451011857","0.955272594","0.993271466","0.970472143","15","0.192307692","1","N2 S2 O5","de-protonated","0","-9999","C26 H26 O5 N2 S2","26","26","5","2","-9999","2","-9999","-9999","-9999","-9999","-9999","-9999"
"664","509.121015","509.120808222","509.121170783","5549080.5","-9999","294587.6","46.47","-1","-0.712131759","0.899978921","0.913373781","0.905336865","2","0.866666667","2.066666667","N2 S1 P1 O13","de-protonated","0","-9999","C15 H31 O13 N2 P1 S1","15","31","13","2","1","1","-9999","-9999","-9999","-9999","-9999","-9999"
"664","509.121015","509.120808222","509.120657719","5549080.5","-9999","294587.6","46.47","-1","0.295613413","0.988655421","0.993769441","0.990701029","20","0.071428571","0.821428571","N4 S1 P1 O2","de-protonated","0","-9999","C28 H23 O2 N4 P1 S1","28","23","2","4","1","1","-9999","-9999","-9999","-9999","-9999","-9999"
"665","509.129055","509.128848209","509.128564838","3223582.5","-9999","323653.8","26.31","-1","0.556579468","0.945341254","0","0.567204752","1","0.647058824","2.058823529","S2 P1 O11","de-protonated","0","-9999","C17 H35 O11 P1 S2","17","35","11","-9999","1","2","-9999","-9999","-9999","-9999","-9999","-9999"
"665","509.129055","509.128848209","509.128899927","3223582.5","-9999","323653.8","26.31","-1","-0.101582162","0.499064697","0.767553728","0.60646031","20","0.142857143","0.785714286","N4 S1 O4","de-protonated","0","-9999","C28 H22 O4 N4 S1","28","22","4","4","-9999","1","-9999","-9999","-9999","-9999","-9999","-9999"
"665","509.129055","509.128848209","509.129032869","3223582.5","-9999","323653.8","26.31","-1","-0.362698123","0.976413063","0","0.585847838","7","0.705882353","1.588235294","N4 P1 O12","de-protonated","0","-9999","C17 H27 O12 N4 P1","17","27","12","4","1","-9999","-9999","-9999","-9999","-9999","-9999","-9999"
"666","509.165465","509.165258151","509.164950348","3104825.5","-9999","246806.9","25.28","-1","0.604525312","0.935840169","0","0.561504101","0","0.555555556","2.166666667","S2 P1 O10","de-protonated","0","-9999","C18 H39 O10 P1 S2","18","39","10","-9999","1","2","-9999","-9999","-9999","-9999","-9999","-9999"
"666","509.165465","509.165258151","509.165285436","3104825.5","-9999","246806.9","25.28","-1","-0.053589316","0.499739524","0.761234226","0.604337405","19","0.103448276","0.896551724","N4 S1 O3","de-protonated","0","-9999","C29 H26 O3 N4 S1","29","26","3","4","-9999","1","-9999","-9999","-9999","-9999","-9999","-9999"
"666","509.165465","509.165258151","509.165418378","3104825.5","-9999","246806.9","25.28","-1","-0.31468663","0.982192028","0","0.589315217","6","0.611111111","1.722222222","N4 P1 O11","de-protonated","0","-9999","C18 H31 O11 N4 P1","18","31","11","4","1","-9999","-9999","-9999","-9999","-9999","-9999","-9999"
"667","509.201774","509.201567093","509.201670946","2238036.5","-9999","323310.6","17.77","-1","-0.203952716","0.992480744","0","0.595488446","18","0.066666667","1","N4 S1 O2","de-protonated","0","-9999","C30 H30 O2 N4 S1","30","30","2","4","-9999","1","-9999","-9999","-9999","-9999","-9999","-9999"
"667","509.201774","509.201567093","509.201803888","2238036.5","-9999","323310.6","17.77","-1","-0.465031333","0.96152085","0","0.57691251","5","0.526315789","1.842105263","N4 P1 O10","de-protonated","0","-9999","C19 H35 O10 N4 P1","19","35","10","4","1","-9999","-9999","-9999","-9999","-9999","-9999","-9999"
"668","509.259279","509.259072001","509.259185823","4455551","-9999","261212.3","36.99","-1","-0.223505373","0.495488375","0.767553728","0.604314516","12","0.107142857","1.357142857","N4 S1 O3","de-protonated","0","-9999","C28 H38 O3 N4 S1","28","38","3","4","-9999","1","-9999","-9999","-9999","-9999","-9999","-9999"
"669","509.29585","509.295642943","509.295571333","2002074.3","-9999","292542.1","15.72","-1","0.140606316","0.996419161","0","0.597851497","11","0.068965517","1.448275862","N4 S1 O2","de-protonated","0","-9999","C29 H42 O2 N4 S1","29","42","2","4","-9999","1","-9999","-9999","-9999","-9999","-9999","-9999"
"671","510.124321","510.124112622","510.12381381","1622272.8","-9999","293658.7","12.42","-1","0.585762446","0.939640198","0","0.563784119","1","0.6875","2.125","N1 S2 P1 O11","de-protonated","0","-9999","C16 H34 O11 N1 P1 S2","16","34","11","1","1","2","-9999","-9999","-9999","-9999","-9999","-9999"
"671","510.124321","510.124112622","510.124392676","1622272.8","-9999","293658.7","12.42","-1","-0.548992464","0.946781147","0.993271466","0.965377275","15","0.192307692","1","13C1 N2 S2 O5","de-protonated","1","664","C25 H26 O5 N2 S2 13C1","25","26","5","2","-9999","2","1","-9999","-9999","-9999","-9999","-9999"
"671","510.124321","510.124112622","510.124525618","1622272.8","-9999","293658.7","12.42","-1","-0.809598748","0.887869447","0.913373781","0.898071181","2","0.866666667","2.066666667","13C1 N2 S1 P1 O13","de-protonated","1","664","C14 H31 O13 N2 P1 S1 13C1","14","31","13","2","1","1","1","-9999","-9999","-9999","-9999","-9999"
"671","510.124321","510.124112622","510.124012554","1622272.8","-9999","293658.7","12.42","-1","0.196164208","0.993042102","0.993769441","0.993333037","20","0.071428571","0.821428571","13C1 N4 S1 P1 O2","de-protonated","1","664","C27 H23 O2 N4 P1 S1 13C1","27","23","2","4","1","1","1","-9999","-9999","-9999","-9999","-9999"
"675","511.071798","511.071588111","511.071443884","1948351.3","-9999","305459.1","15.24","-1","0.282205317","0.985653364","0","0.591392018","2","0.866666667","1.933333333","S2 P1 O13","de-protonated","0","-9999","C15 H29 O13 P1 S2","15","29","13","-9999","1","2","-9999","-9999","-9999","-9999","-9999","-9999"
"675","511.071798","511.071588111","511.071778973","1948351.3","-9999","305459.1","15.24","-1","-0.373454081","0.975011243","0","0.585006746","21","0.230769231","0.615384615","N4 S1 O6","de-protonated","0","-9999","C26 H16 O6 N4 S1","26","16","6","4","-9999","1","-9999","-9999","-9999","-9999","-9999","-9999"
"675","511.071798","511.071588111","511.071911915","1948351.3","-9999","305459.1","15.24","-1","-0.633577318","0.929752208","0","0.557851325","8","0.933333333","1.4","N4 P1 O14","de-protonated","0","-9999","C15 H21 O14 N4 P1","15","21","14","4","1","-9999","-9999","-9999","-9999","-9999","-9999","-9999"
"676","511.108326","511.108116053","511.107829393","1953242.4","-9999","247538.8","15.29","-1","0.560859116","0.944521307","0","0.566712784","1","0.75","2.0625","S2 P1 O12","de-protonated","0","-9999","C16 H33 O12 P1 S2","16","33","12","-9999","1","2","-9999","-9999","-9999","-9999","-9999","-9999"
"676","511.108326","511.108116053","511.108164482","1953242.4","-9999","247538.8","15.29","-1","-0.094753788","0.998372229","0","0.599023337","20","0.185185185","0.740740741","N4 S1 O5","de-protonated","0","-9999","C27 H20 O5 N4 S1","27","20","5","4","-9999","1","-9999","-9999","-9999","-9999","-9999","-9999"
"676","511.108326","511.108116053","511.108297424","1953242.4","-9999","247538.8","15.29","-1","-0.35485858","0.977410203","0","0.586446122","7","0.8125","1.5625","N4 P1 O13","de-protonated","0","-9999","C16 H25 O13 N4 P1","16","25","13","4","1","-9999","-9999","-9999","-9999","-9999","-9999","-9999"
"677","511.117893","511.117683038","511.117212308","1750753.5","-9999","295653.7","13.53","-1","0.920981919","0.857352461","0","0.514411477","14","0.148148148","1.074074074","S2 P1 O4","de-protonated","0","-9999","C27 H29 O4 P1 S2","27","29","4","-9999","1","2","-9999","-9999","-9999","-9999","-9999","-9999"
"677","511.117893","511.117683038","511.118060461","1750753.5","-9999","295653.7","13.53","-1","-0.738427162","0.905797622","0","0.543478573","15","0.32","0.96","N2 S1 O8","de-protonated","0","-9999","C25 H24 O8 N2 S1","25","24","8","2","-9999","1","-9999","-9999","-9999","-9999","-9999","-9999"
"677","511.117893","511.117683038","511.117680338","1750753.5","-9999","295653.7","13.53","-1","0.005280703","0.99999494","0","0.599996964","20","0.185185185","0.777777778","N4 P1 O5","de-protonated","0","-9999","C27 H21 O5 N4 P1","27","21","5","4","1","-9999","-9999","-9999","-9999","-9999","-9999","-9999"
"677","511.117893","511.117683038","511.117409012","1750753.5","-9999","295653.7","13.53","-1","0.536129696","0.949182005","0","0.569509203","6","0.588235294","1.647058824","N4 S2 O10","de-protonated","0","-9999","C17 H28 O10 N4 S2","17","28","10","4","-9999","2","-9999","-9999","-9999","-9999","-9999","-9999"
"678","511.121141","511.120931032","511.121431764","1836004","-9999","242928.5","14.27","-1","-0.979673179","0.840173293","0","0.504103976","10","0.363636364","1.272727273","N2 S2 O8","de-protonated","0","-9999","C22 H28 O8 N2 S2","22","28","8","2","-9999","2","-9999","-9999","-9999","-9999","-9999","-9999"
"678","511.121141","511.120931032","511.120562384","1836004","-9999","242928.5","14.27","-1","0.721254317","0.909926893","0","0.545956136","11","0.619047619","1.142857143","N2 O13","de-protonated","0","-9999","C21 H24 O13 N2","21","24","13","2","-9999","-9999","-9999","-9999","-9999","-9999","-9999","-9999"
"678","511.121141","511.120931032","511.121051642","1836004","-9999","242928.5","14.27","-1","-0.235970398","0.989947437","0","0.593968462","15","0.208333333","1.041666667","N4 S1 P1 O5","de-protonated","0","-9999","C24 H25 O5 N4 P1 S1","24","25","5","4","1","1","-9999","-9999","-9999","-9999","-9999","-9999"
"679","511.136621","511.136411008","511.136687906","5352943.5","-9999","251134.7","44.76","-1","-0.541729712","0.967959911","0.988156345","0.976038484","14","0.192307692","1.076923077","N2 S2 O5","de-protonated","0","-9999","C26 H28 O5 N2 S2","26","28","5","2","-9999","2","-9999","-9999","-9999","-9999","-9999","-9999"
"679","511.136621","511.136411008","511.136820847","5352943.5","-9999","251134.7","44.76","-1","-0.801819872","0.921012496","0.908258659","0.915910961","1","0.866666667","2.2","N2 S1 P1 O13","de-protonated","0","-9999","C15 H33 O13 N2 P1 S1","15","33","13","2","1","1","-9999","-9999","-9999","-9999","-9999","-9999"
"679","511.136621","511.136411008","511.136307783","5352943.5","-9999","251134.7","44.76","-1","0.201951198","0.975684295","0.998884563","0.984964402","19","0.071428571","0.892857143","N4 S1 P1 O2","de-protonated","0","-9999","C28 H25 O2 N4 P1 S1","28","25","2","4","1","1","-9999","-9999","-9999","-9999","-9999","-9999"
"680","511.144659","511.144448995","511.144214903","2544629.5","-9999","287135.1","20.41","-1","0.457976822","0.962657538","0","0.577594523","0","0.647058824","2.176470588","S2 P1 O11","de-protonated","0","-9999","C17 H37 O11 P1 S2","17","37","11","-9999","1","2","-9999","-9999","-9999","-9999","-9999","-9999"
"680","511.144659","511.144448995","511.144549992","2544629.5","-9999","287135.1","20.41","-1","-0.197589345","0.992940995","0","0.595764597","19","0.142857143","0.857142857","N4 S1 O4","de-protonated","0","-9999","C28 H24 O4 N4 S1","28","24","4","4","-9999","1","-9999","-9999","-9999","-9999","-9999","-9999"
"680","511.144659","511.144448995","511.144682933","2544629.5","-9999","287135.1","20.41","-1","-0.457675595","0.962705718","0","0.577623431","6","0.705882353","1.705882353","N4 P1 O12","de-protonated","0","-9999","C17 H29 O12 N4 P1","17","29","12","4","1","-9999","-9999","-9999","-9999","-9999","-9999","-9999"
"681","511.180965","511.180754937","511.180935501","1935376.3","-9999","302980.8","15.13","-1","-0.35322905","0.977614859","0","0.586568916","18","0.103448276","0.965517241","N4 S1 O3","de-protonated","0","-9999","C29 H28 O3 N4 S1","29","28","3","4","-9999","1","-9999","-9999","-9999","-9999","-9999","-9999"
"681","511.180965","511.180754937","511.181068443","1935376.3","-9999","302980.8","15.13","-1","-0.613296747","0.934028039","0","0.560416824","5","0.611111111","1.833333333","N4 P1 O11","de-protonated","0","-9999","C18 H33 O11 N4 P1","18","33","11","4","1","-9999","-9999","-9999","-9999","-9999","-9999","-9999"
"682","511.230068","511.229857859","511.229718913","2165812.8","-9999","252537.7","17.13","-1","0.271788151","0.986686029","0","0.592011617","8","0.416666667","1.5","N2 O10","de-protonated","0","-9999","C24 H36 O10 N2","24","36","10","2","-9999","-9999","-9999","-9999","-9999","-9999","-9999","-9999"
"682","511.230068","511.229857859","511.23020817","2165812.8","-9999","252537.7","17.13","-1","-0.685231749","0.918330548","0","0.550998329","12","0.074074074","1.37037037","N4 S1 P1 O2","de-protonated","0","-9999","C27 H37 O2 N4 P1 S1","27","37","2","4","1","1","-9999","-9999","-9999","-9999","-9999","-9999"
"683","511.274848","511.274637787","511.274835888","2618966","-9999","267121","21.06","-1","-0.387463644","0.973127135","0","0.583876281","11","0.107142857","1.428571429","N4 S1 O3","de-protonated","0","-9999","C28 H40 O3 N4 S1","28","40","3","4","-9999","1","-9999","-9999","-9999","-9999","-9999","-9999"
"684","512.140121","512.139909408","512.139463875","1610967.3","-9999","323332.8","12.31","-1","0.869944203","0.87169046","0","0.523014276","0","0.6875","2.25","N1 S2 P1 O11","de-protonated","0","-9999","C16 H36 O11 N1 P1 S2","16","36","11","1","1","2","-9999","-9999","-9999","-9999","-9999","-9999"
"684","512.140121","512.139909408","512.140042741","1610967.3","-9999","323332.8","12.31","-1","-0.260344927","0.98777682","0.988156345","0.98792863","14","0.192307692","1.076923077","13C1 N2 S2 O5","de-protonated","1","679","C25 H28 O5 N2 S2 13C1","25","28","5","2","-9999","2","1","-9999","-9999","-9999","-9999","-9999"
"684","512.140121","512.139909408","512.140175682","1610967.3","-9999","323332.8","12.31","-1","-0.519925608","0.952133819","0.908258659","0.934583755","1","0.866666667","2.2","13C1 N2 S1 P1 O13","de-protonated","1","679","C14 H33 O13 N2 P1 S1 13C1","14","33","13","2","1","1","1","-9999","-9999","-9999","-9999","-9999"
"684","512.140121","512.139909408","512.139662618","1610967.3","-9999","323332.8","12.31","-1","0.481879214","0.958741531","0.998884563","0.974798744","19","0.071428571","0.892857143","13C1 N4 S1 P1 O2","de-protonated","1","679","C27 H25 O2 N4 P1 S1 13C1","27","25","2","4","1","1","1","-9999","-9999","-9999","-9999","-9999"
"689","513.12373","513.123516839","513.123479458","1581488.1","-9999","276873.1","12.05","-1","0.072850889","0.99903747","0","0.599422482","0","0.75","2.1875","S2 P1 O12","de-protonated","0","-9999","C16 H35 O12 P1 S2","16","35","12","-9999","1","2","-9999","-9999","-9999","-9999","-9999","-9999"
"689","513.12373","513.123516839","513.123814547","1581488.1","-9999","276873.1","12.05","-1","-0.580186321","0.94074933","0","0.564449598","19","0.185185185","0.814814815","N4 S1 O5","de-protonated","0","-9999","C27 H22 O5 N4 S1","27","22","5","4","-9999","1","-9999","-9999","-9999","-9999","-9999","-9999"
"689","513.12373","513.123516839","513.123947488","1581488.1","-9999","276873.1","12.05","-1","-0.839269245","0.88002274","0","0.528013644","6","0.8125","1.6875","N4 P1 O13","de-protonated","0","-9999","C16 H27 O13 N4 P1","16","27","13","4","1","-9999","-9999","-9999","-9999","-9999","-9999","-9999"
"690","513.133684","513.133470823","513.133710525","2123703.3","-9999","333029","16.75","-1","-0.467133721","0.961178995","0","0.576707397","14","0.32","1.04","N2 S1 O8","de-protonated","0","-9999","C25 H26 O8 N2 S1","25","26","8","2","-9999","1","-9999","-9999","-9999","-9999","-9999","-9999"
"690","513.133684","513.133470823","513.133330403","2123703.3","-9999","333029","16.75","-1","0.273652971","0.986503943","0","0.591902366","19","0.185185185","0.851851852","N4 P1 O5","de-protonated","0","-9999","C27 H23 O5 N4 P1","27","23","5","4","1","-9999","-9999","-9999","-9999","-9999","-9999","-9999"
"690","513.133684","513.133470823","513.133059077","2123703.3","-9999","333029","16.75","-1","0.802416865","0.889736544","0","0.533841926","5","0.588235294","1.764705882","N4 S2 O10","de-protonated","0","-9999","C17 H30 O10 N4 S2","17","30","10","4","-9999","2","-9999","-9999","-9999","-9999","-9999","-9999"
"691","513.152173","513.151959794","513.15233797","16427973","-9999","268020","140.75","-1","-0.736966632","0.619394938","0.934716843","0.7455237","13","0.192307692","1.153846154","N2 S2 O5","de-protonated","0","-9999","C26 H30 O5 N2 S2","26","30","5","2","-9999","2","-9999","-9999","-9999","-9999","-9999","-9999"
"691","513.152173","513.151959794","513.15146859","16427973","-9999","268020","140.75","-1","0.957229493","0.423413308","0.787157861","0.568911129","14","0.4","1.04","N2 O10","de-protonated","0","-9999","C25 H26 O10 N2","25","26","10","2","-9999","-9999","-9999","-9999","-9999","-9999","-9999","-9999"
"691","513.152173","513.151959794","513.152470912","16427973","-9999","268020","140.75","-1","-0.996035114","0.865491083","0.930676803","0.891565371","0","0.866666667","2.333333333","N2 S1 P1 O13","de-protonated","0","-9999","C15 H35 O13 N2 P1 S1","15","35","13","2","1","1","-9999","-9999","-9999","-9999","-9999","-9999"
"691","513.152173","513.151959794","513.151957848","16427973","-9999","268020","140.75","-1","0.00379297","0.995673138","0.976466419","0.98799045","18","0.071428571","0.964285714","N4 S1 P1 O2","de-protonated","0","-9999","C28 H27 O2 N4 P1 S1","28","27","2","4","1","1","-9999","-9999","-9999","-9999","-9999","-9999"
"692","513.209701","513.209487702","513.209852847","2445551.5","-9999","230415.9","19.54","-1","-0.711493135","0.91223887","0","0.547343322","7","0.25","1.583333333","N2 S2 O6","de-protonated","0","-9999","C24 H38 O6 N2 S2","24","38","6","2","-9999","2","-9999","-9999","-9999","-9999","-9999","-9999"
"692","513.209701","513.209487702","513.208983468","2445551.5","-9999","230415.9","19.54","-1","0.982513165","0.839324191","0","0.503594515","8","0.47826087","1.47826087","N2 O11","de-protonated","0","-9999","C23 H34 O11 N2","23","34","11","2","-9999","-9999","-9999","-9999","-9999","-9999","-9999","-9999"
"692","513.209701","513.209487702","513.209472725","2445551.5","-9999","230415.9","19.54","-1","0.029183469","0.999845477","0","0.599907286","12","0.115384615","1.346153846","N4 S1 P1 O3","de-protonated","0","-9999","C26 H35 O3 N4 P1 S1","26","35","3","4","1","1","-9999","-9999","-9999","-9999","-9999","-9999"
"693","513.246329","513.246115644","513.246238357","2382858.8","-9999","288872.6","19","-1","-0.239091942","0.989681103","0","0.593808662","6","0.2","1.68","N2 S2 O5","de-protonated","0","-9999","C25 H42 O5 N2 S2","25","42","5","2","-9999","2","-9999","-9999","-9999","-9999","-9999","-9999"
"693","513.246329","513.246115644","513.245858234","2382858.8","-9999","288872.6","19","-1","0.501532503","0.955385201","0","0.57323112","11","0.074074074","1.444444444","N4 S1 P1 O2","de-protonated","0","-9999","C27 H39 O2 N4 P1 S1","27","39","2","4","1","1","-9999","-9999","-9999","-9999","-9999","-9999"
"694","513.321178","513.320964524","513.321131176","6244418","-9999","287430.3","52.47","-1","-0.3246545","0.984758157","0.960350519","0.974995102","5","0.2","1.88","N4 P1 O5","de-protonated","0","-9999","C25 H47 O5 N4 P1","25","47","5","4","1","-9999","-9999","-9999","-9999","-9999","-9999","-9999"
"695","514.15564","514.155425194","514.155692805","4338348","-9999","317720.1","35.94","-1","-0.520486757","0.634688641","0.934716843","0.754699922","13","0.192307692","1.153846154","13C1 N2 S2 O5","de-protonated","1","691","C25 H30 O5 N2 S2 13C1","25","30","5","2","-9999","2","1","-9999","-9999","-9999","-9999","-9999"
"695","514.15564","514.155425194","514.155825747","4338348","-9999","317720.1","35.94","-1","-0.779049734","0.895722555","0.930676803","0.909704254","0","0.866666667","2.333333333","13C1 N2 S1 P1 O13","de-protonated","1","691","C14 H35 O13 N2 P1 S1 13C1","14","35","13","2","1","1","1","-9999","-9999","-9999","-9999","-9999"
"695","514.15564","514.155425194","514.155312683","4338348","-9999","317720.1","35.94","-1","0.21882744","0.991348886","0.976466419","0.985395899","18","0.071428571","0.964285714","13C1 N4 S1 P1 O2","de-protonated","1","691","C27 H27 O2 N4 P1 S1 13C1","27","27","2","4","1","1","1","-9999","-9999","-9999","-9999","-9999"
"696","514.324571","514.324355925","514.324425653","2109224.8","-9999","331114.1","16.62","-1","-0.135572224","0.996670559","0","0.598002336","13","0.029411765","1.352941176","N1 P1 O1","de-protonated","0","-9999","C34 H46 O1 N1 P1","34","46","1","1","1","-9999","-9999","-9999","-9999","-9999","-9999","-9999"
"696","514.324571","514.324355925","514.324486012","2109224.8","-9999","331114.1","16.62","-1","-0.252927831","0.988459386","0.960350519","0.977215839","5","0.2","1.88","13C1 N4 P1 O5","de-protonated","1","694","C24 H47 O5 N4 P1 13C1","24","47","5","4","1","-9999","1","-9999","-9999","-9999","-9999","-9999"
"702","515.019045","515.018828817","515.019074694","9918762","-9999","255943.3","84.31","-1","-0.477412574","0.479743608","0.787157861","0.60270931","21","0.36","0.48","N2 S1 O9","de-protonated","0","-9999","C25 H12 O9 N2 S1","25","12","9","2","-9999","1","-9999","-9999","-9999","-9999","-9999","-9999"
"702","515.019045","515.018828817","515.018694571","9918762","-9999","255943.3","84.31","-1","0.260662262","0.493873594","0.773979033","0.605915769","26","0.222222222","0.333333333","N4 P1 O6","de-protonated","0","-9999","C27 H9 O6 N4 P1","27","9","6","4","1","-9999","-9999","-9999","-9999","-9999","-9999","-9999"
"702","515.019045","515.018828817","515.018423245","9918762","-9999","255943.3","84.31","-1","0.78749046599999994","0.29785869","0.785329736","0.492847108","12","0.647058824","0.941176471","N4 S2 O11","de-protonated","0","-9999","C17 H16 O11 N4 S2","17","16","11","4","-9999","2","-9999","-9999","-9999","-9999","-9999","-9999"
"703","515.082001","515.081784717","515.081614645","1911640.8","-9999","324635.5","14.9","-1","0.330184617","0.9804125","0","0.5882475","5","0.611111111","1.611111111","S2 P1 O11","de-protonated","0","-9999","C18 H29 O11 P1 S2","18","29","11","-9999","1","2","-9999","-9999","-9999","-9999","-9999","-9999"
"703","515.082001","515.081784717","515.081949734","1911640.8","-9999","324635.5","14.9","-1","-0.320370175","0.981548985","0","0.588929391","24","0.137931034","0.551724138","N4 S1 O4","de-protonated","0","-9999","C29 H16 O4 N4 S1","29","16","4","4","-9999","1","-9999","-9999","-9999","-9999","-9999","-9999"
"703","515.082001","515.081784717","515.082082675","1911640.8","-9999","324635.5","14.9","-1","-0.578468237","0.941089194","0","0.564653516","11","0.666666667","1.166666667","N4 P1 O12","de-protonated","0","-9999","C18 H21 O12 N4 P1","18","21","12","4","1","-9999","-9999","-9999","-9999","-9999","-9999","-9999"
"704","515.118373","515.118156659","515.118000154","1872243.6","-9999","272752.9","14.56","-1","0.303822971","0.983390251","0","0.590034151","4","0.526315789","1.736842105","S2 P1 O10","de-protonated","0","-9999","C19 H33 O10 P1 S2","19","33","10","-9999","1","2","-9999","-9999","-9999","-9999","-9999","-9999"
"704","515.118373","515.118156659","515.118335243","1872243.6","-9999","272752.9","14.56","-1","-0.346685852","0.978427573","0","0.587056544","23","0.1","0.666666667","N4 S1 O3","de-protonated","0","-9999","C30 H20 O3 N4 S1","30","20","3","4","-9999","1","-9999","-9999","-9999","-9999","-9999","-9999"
"704","515.118373","515.118156659","515.118468185","1872243.6","-9999","272752.9","14.56","-1","-0.604765676","0.935790812","0","0.561474487","10","0.578947368","1.315789474","N4 P1 O11","de-protonated","0","-9999","C19 H25 O11 N4 P1","19","25","11","4","1","-9999","-9999","-9999","-9999","-9999","-9999","-9999"
"705","515.149277","515.14906061","515.14936059","5770634.5","-9999","251713","48.35","-1","-0.582317222","0.470163288","0.787157861","0.596961117","13","0.32","1.12","N2 S1 O8","de-protonated","0","-9999","C25 H28 O8 N2 S1","25","28","8","2","-9999","1","-9999","-9999","-9999","-9999","-9999","-9999"
"705","515.149277","515.14906061","515.148980467","5770634.5","-9999","251713","48.35","-1","0.15557087","0.497809077","0.773979033","0.608277059","18","0.185185185","0.925925926","N4 P1 O5","de-protonated","0","-9999","C27 H25 O5 N4 P1","27","25","5","4","1","-9999","-9999","-9999","-9999","-9999","-9999","-9999"
"705","515.149277","515.14906061","515.148709141","5770634.5","-9999","251713","48.35","-1","0.682265779","0.45950332","0.844689208","0.613577675","4","0.588235294","1.882352941","N4 S2 O10","de-protonated","0","-9999","C17 H32 O10 N4 S2","17","32","10","4","-9999","2","-9999","-9999","-9999","-9999","-9999","-9999"
"706","515.154922","515.154705601","515.154385664","2078094.6","-9999","336921","16.34","-1","0.621050822","0.932407334","0","0.5594444","3","0.45","1.85","S2 P1 O9","de-protonated","0","-9999","C20 H37 O9 P1 S2","20","37","9","-9999","1","2","-9999","-9999","-9999","-9999","-9999","-9999"
"706","515.154922","515.154705601","515.154720752","2078094.6","-9999","336921","16.34","-1","-0.029412262","0.999843044","0","0.599905827","22","0.064516129","0.774193548","N4 S1 O2","de-protonated","0","-9999","C31 H24 O2 N4 S1","31","24","2","4","-9999","1","-9999","-9999","-9999","-9999","-9999","-9999"
"706","515.154922","515.154705601","515.154853694","2078094.6","-9999","336921","16.34","-1","-0.28747394","0.985116718","0","0.591070031","9","0.5","1.45","N4 P1 O10","de-protonated","0","-9999","C20 H29 O10 N4 P1","20","29","10","4","1","-9999","-9999","-9999","-9999","-9999","-9999","-9999"
"707","515.188991","515.188774546","515.189117403","2215847.8","-9999","233278.7","17.54","-1","-0.66549608","0.922783247","0","0.553669948","7","0.304347826","1.565217391","N2 S2 O7","de-protonated","0","-9999","C23 H36 O7 N2 S2","23","36","7","2","-9999","2","-9999","-9999","-9999","-9999","-9999","-9999"
"707","515.188991","515.188774546","515.18873728","2215847.8","-9999","233278.7","17.54","-1","0.072335009","0.999051047","0","0.599430628","12","0.16","1.32","N4 S1 P1 O4","de-protonated","0","-9999","C25 H33 O4 N4 P1 S1","25","33","4","4","1","1","-9999","-9999","-9999","-9999","-9999","-9999"
"708","515.191245","515.191028543","515.190771173","1867177.5","-9999","313092.4","14.51","-1","0.499562109","0.95572721","0","0.573436326","2","0.380952381","1.952380952","S2 P1 O8","de-protonated","0","-9999","C21 H41 O8 P1 S2","21","41","8","-9999","1","2","-9999","-9999","-9999","-9999","-9999","-9999"
"708","515.191245","515.191028543","515.191106262","1867177.5","-9999","313092.4","14.51","-1","-0.150854956","0.995879246","0","0.597527548","21","0.03125","0.875","N4 S1 O1","de-protonated","0","-9999","C32 H28 O1 N4 S1","32","28","1","4","-9999","1","-9999","-9999","-9999","-9999","-9999","-9999"
"708","515.191245","515.191028543","515.191239204","1867177.5","-9999","313092.4","14.51","-1","-0.408898377","0.970117737","0","0.582070642","8","0.428571429","1.571428571","N4 P1 O9","de-protonated","0","-9999","C21 H33 O9 N4 P1","21","33","9","4","1","-9999","-9999","-9999","-9999","-9999","-9999","-9999"
"709","515.225451","515.225234488","515.225502912","3125186.8","-9999","237279.4","25.42","-1","-0.520983183","0.475971827","0.793917021","0.603149905","6","0.25","1.666666667","N2 S2 O6","de-protonated","0","-9999","C24 H40 O6 N2 S2","24","40","6","2","-9999","2","-9999","-9999","-9999","-9999","-9999","-9999"
"709","515.225451","515.225234488","515.225122789","3125186.8","-9999","237279.4","25.42","-1","0.216795906","0.495754045","0.780512821","0.609657555","11","0.115384615","1.423076923","N4 S1 P1 O3","de-protonated","0","-9999","C26 H37 O3 N4 P1 S1","26","37","3","4","1","1","-9999","-9999","-9999","-9999","-9999","-9999"
"710","516.018718","516.018500223","516.018346418","2339852.5","-9999","343081.6","18.61","-1","0.298061608","0.9840092","0","0.59040552","25","0.24137931","0.379310345","N1 S1 O7","de-protonated","0","-9999","C29 H11 O7 N1 S1","29","11","7","1","-9999","1","-9999","-9999","-9999","-9999","-9999","-9999"
"710","516.018718","516.018500223","516.01847936","2339852.5","-9999","343081.6","18.61","-1","0.040431746","0.999703425","0","0.599822055","12","0.833333333","0.888888889","N1 P1 O15","de-protonated","0","-9999","C18 H16 O15 N1 P1","18","16","15","1","1","-9999","-9999","-9999","-9999","-9999","-9999","-9999"
"711","516.113771","516.113553072","516.113249126","3184210.8","-9999","241298.7","25.92","-1","0.588912101","0.939009603","0","0.563405762","4","0.555555556","1.777777778","N1 S2 P1 O10","de-protonated","0","-9999","C18 H32 O10 N1 P1 S2","18","32","10","1","1","2","-9999","-9999","-9999","-9999","-9999","-9999"
"715","517.016047","517.015827633","517.016097314","1951980","-9999","304381.4","15.24","-1","-0.521609705","0.951830832","0","0.571098499","21","0.5","0.416666667","N2 O12","de-protonated","0","-9999","C24 H10 O12 N2","24","10","12","2","-9999","-9999","-9999","-9999","-9999","-9999","-9999","-9999"
"715","517.016047","517.015827633","517.015445865","1951980","-9999","304381.4","15.24","-1","0.738407467","0.905802402","0","0.543481441","12","0.875","0.875","N4 S1 O14","de-protonated","0","-9999","C16 H14 O14 N4 S1","16","14","14","4","-9999","1","-9999","-9999","-9999","-9999","-9999","-9999"
"716","517.097657","517.097437503","517.097264709","2757416.3","-9999","246314.6","22.22","-1","0.334160809","0.979942693","0","0.587965616","4","0.611111111","1.722222222","S2 P1 O11","de-protonated","0","-9999","C18 H31 O11 P1 S2","18","31","11","-9999","1","2","-9999","-9999","-9999","-9999","-9999","-9999"
"716","517.097657","517.097437503","517.097599798","2757416.3","-9999","246314.6","22.22","-1","-0.313858119","0.49114242","0.761234226","0.599179143","23","0.137931034","0.620689655","N4 S1 O4","de-protonated","0","-9999","C29 H18 O4 N4 S1","29","18","4","4","-9999","1","-9999","-9999","-9999","-9999","-9999","-9999"
"716","517.097657","517.097437503","517.09773274","2757416.3","-9999","246314.6","22.22","-1","-0.570950114","0.942565963","0","0.565539578","10","0.666666667","1.277777778","N4 P1 O12","de-protonated","0","-9999","C18 H23 O12 N4 P1","18","23","12","4","1","-9999","-9999","-9999","-9999","-9999","-9999","-9999"
"717","517.122719","517.122499463","517.122751918","2180410.5","-9999","365703.8","17.22","-1","-0.488192213","0.957676767","0","0.57460606","22","0.129032258","0.709677419","N2 S1 O4","de-protonated","0","-9999","C31 H22 O4 N2 S1","31","22","4","2","-9999","1","-9999","-9999","-9999","-9999","-9999","-9999"
"717","517.122719","517.122499463","517.12288486","2180410.5","-9999","365703.8","17.22","-1","-0.74527166","0.904130097","0","0.542478058","9","0.6","1.35","N2 P1 O12","de-protonated","0","-9999","C20 H27 O12 N2 P1","20","27","12","2","1","-9999","-9999","-9999","-9999","-9999","-9999","-9999"
"717","517.122719","517.122499463","517.122371796","2180410.5","-9999","365703.8","17.22","-1","0.246880093","0.989001671","0","0.593401003","27","0.03030303","0.575757576","N4 P1 O1","de-protonated","0","-9999","C33 H19 O1 N4 P1","33","19","1","4","1","-9999","-9999","-9999","-9999","-9999","-9999","-9999"
"717","517.122719","517.122499463","517.12210047","2180410.5","-9999","365703.8","17.22","-1","0.771565127","0.897610797","0","0.538566478","13","0.260869565","1.130434783","N4 S2 O6","de-protonated","0","-9999","C23 H26 O6 N4 S2","23","26","6","4","-9999","2","-9999","-9999","-9999","-9999","-9999","-9999"
"718","517.123562","517.123342462","517.123403367","1860027.3","-9999","329335.8","14.44","-1","-0.117777158","0.997486207","0","0.598491724","31","0.051282051","0.461538462","O2","de-protonated","0","-9999","C39 H18 O2","39","18","2","-9999","-9999","-9999","-9999","-9999","-9999","-9999","-9999","-9999"
"718","517.123562","517.123342462","517.123264983","1860027.3","-9999","329335.8","14.44","-1","0.14982715","0.995935092","0","0.597561055","4","0.833333333","1.666666667","S1 O15","de-protonated","0","-9999","C18 H30 O15 S1","18","30","15","-9999","-9999","1","-9999","-9999","-9999","-9999","-9999","-9999"
"718","517.123562","517.123342462","517.12375424","1860027.3","-9999","329335.8","14.44","-1","-0.796285689","0.89132039","0","0.534792234","8","0.333333333","1.476190476","N2 S2 P1 O7","de-protonated","0","-9999","C21 H31 O7 N2 P1 S2","21","31","7","2","1","2","-9999","-9999","-9999","-9999","-9999","-9999"
"718","517.123562","517.123342462","517.12288486","1860027.3","-9999","329335.8","14.44","-1","0.884899196","0.867549442","0","0.520529665","9","0.6","1.35","N2 P1 O12","de-protonated","0","-9999","C20 H27 O12 N2 P1","20","27","12","2","1","-9999","-9999","-9999","-9999","-9999","-9999","-9999"
"719","517.13414","517.133920445","517.133650219","2792259","-9999","299093.3","22.52","-1","0.522545997","0.951662002","0","0.570997201","3","0.526315789","1.842105263","S2 P1 O10","de-protonated","0","-9999","C19 H35 O10 P1 S2","19","35","10","-9999","1","2","-9999","-9999","-9999","-9999","-9999","-9999"
"719","517.13414","517.133920445","517.133985308","2792259","-9999","299093.3","22.52","-1","-0.125427458","0.498574756","0.755017935","0.601152027","22","0.1","0.733333333","N4 S1 O3","de-protonated","0","-9999","C30 H22 O3 N4 S1","30","22","3","4","-9999","1","-9999","-9999","-9999","-9999","-9999","-9999"
"719","517.13414","517.133920445","517.134118249","2792259","-9999","299093.3","22.52","-1","-0.382501413","0.973802008","0","0.584281205","9","0.578947368","1.421052632","N4 P1 O11","de-protonated","0","-9999","C19 H27 O11 N4 P1","19","27","11","4","1","-9999","-9999","-9999","-9999","-9999","-9999","-9999"
"720","517.170487","517.170267387","517.170035728","6528862","-9999","257800.7","54.91","-1","0.447935492","0.979675762","0.969318369","0.975532805","2","0.45","1.95","S2 P1 O9","de-protonated","0","-9999","C20 H39 O9 P1 S2","20","39","9","-9999","1","2","-9999","-9999","-9999","-9999","-9999","-9999"
"720","517.170487","517.170267387","517.170370817","6528862","-9999","257800.7","54.91","-1","-0.199992327","0.975728079","0.957428239","0.968408143","21","0.064516129","0.838709677","N4 S1 O2","de-protonated","0","-9999","C31 H26 O2 N4 S1","31","26","2","4","-9999","1","-9999","-9999","-9999","-9999","-9999","-9999"
"720","517.170487","517.170267387","517.170503759","6528862","-9999","257800.7","54.91","-1","-0.457048177","0.934261306","0.969318369","0.948284131","8","0.5","1.55","N4 P1 O10","de-protonated","0","-9999","C20 H31 O10 N4 P1","20","31","10","4","1","-9999","-9999","-9999","-9999","-9999","-9999","-9999"
"721","517.204721","517.204501332","517.204767467","3452791","-9999","275697.3","28.25","-1","-0.514563782","0.476546289","0.800793265","0.606245079","6","0.304347826","1.652173913","N2 S2 O7","de-protonated","0","-9999","C23 H38 O7 N2 S2","23","38","7","2","-9999","2","-9999","-9999","-9999","-9999","-9999","-9999"
"721","517.204721","517.204501332","517.204387345","3452791","-9999","275697.3","28.25","-1","0.220391941","0.495612644","0.787157861","0.612230731","11","0.16","1.4","N4 S1 P1 O4","de-protonated","0","-9999","C25 H35 O4 N4 P1 S1","25","35","4","4","1","1","-9999","-9999","-9999","-9999","-9999","-9999"
"722","517.20698","517.206760329","517.206421237","1800568.6","-9999","299382.4","13.92","-1","0.655620779","0.9249703","0","0.55498218","1","0.380952381","2.047619048","S2 P1 O8","de-protonated","0","-9999","C21 H43 O8 P1 S2","21","43","8","-9999","1","2","-9999","-9999","-9999","-9999","-9999","-9999"
"722","517.20698","517.206760329","517.207269391","1800568.6","-9999","299382.4","13.92","-1","-0.984251234","0.838803754","0","0.503282253","2","0.631578947","2","N2 S1 O12","de-protonated","0","-9999","C19 H38 O12 N2 S1","19","38","12","2","-9999","1","-9999","-9999","-9999","-9999","-9999","-9999"
"722","517.20698","517.206760329","517.206756326","1800568.6","-9999","299382.4","13.92","-1","0.007738408","0.999989134","0","0.599993481","20","0.03125","0.9375","N4 S1 O1","de-protonated","0","-9999","C32 H30 O1 N4 S1","32","30","1","4","-9999","1","-9999","-9999","-9999","-9999","-9999","-9999"
"722","517.20698","517.206760329","517.206889268","1800568.6","-9999","299382.4","13.92","-1","-0.249299411","0.988786276","0","0.593271766","7","0.428571429","1.666666667","N4 P1 O9","de-protonated","0","-9999","C21 H35 O9 N4 P1","21","35","9","4","1","-9999","-9999","-9999","-9999","-9999","-9999","-9999"
"723","517.241196","517.240976274","517.241424303","2305937.8","-9999","291245.1","18.3","-1","-0.866188377","0.436361208","0.73113591","0.554271089","19","0.029411765","1.029411765","N2 P1 O1","de-protonated","0","-9999","C34 H35 O1 N2 P1","34","35","1","2","1","-9999","-9999","-9999","-9999","-9999","-9999","-9999"
"723","517.241196","517.240976274","517.241152976","2305937.8","-9999","291245.1","18.3","-1","-0.341624693","0.979046236","0","0.587427741","5","0.25","1.75","N2 S2 O6","de-protonated","0","-9999","C24 H42 O6 N2 S2","24","42","6","2","-9999","2","-9999","-9999","-9999","-9999","-9999","-9999"
"723","517.241196","517.240976274","517.240772854","2305937.8","-9999","291245.1","18.3","-1","0.393279456","0.97232571","0","0.583395426","10","0.115384615","1.5","N4 S1 P1 O3","de-protonated","0","-9999","C26 H39 O3 N4 P1 S1","26","39","3","4","1","1","-9999","-9999","-9999","-9999","-9999","-9999"
"724","517.304725","517.304505173","517.304812407","1766336.6","-9999","467932.9","13.63","-1","-0.59391287","0.938002328","0","0.562801397","4","0.28","1.88","N2 P1 O7","de-protonated","0","-9999","C25 H47 O7 N2 P1","25","47","7","2","1","-9999","-9999","-9999","-9999","-9999","-9999","-9999"
"724","517.304725","517.304505173","517.304028016","1766336.6","-9999","467932.9","13.63","-1","0.9223907","0.856948567","0","0.51416914","8","0.035714286","1.642857143","N4 S2 O1","de-protonated","0","-9999","C28 H46 O1 N4 S2","28","46","1","4","-9999","2","-9999","-9999","-9999","-9999","-9999","-9999"
"725","517.307898","517.307678168","517.307181388","19077058","-9999","255898.1","163.68","-1","0.960317685","0.566275718","0.95867743","0.723236403","13","0.125","1.3125","N2 O4","de-protonated","0","-9999","C32 H42 O4 N2","32","42","4","2","-9999","-9999","-9999","-9999","-9999","-9999","-9999","-9999"
"727","518.129314","518.129092858","518.128899191","6456863.5","-9999","268078","54.28","-1","0.373781762","0.487483963","0.837042051","0.627307198","3","0.555555556","1.888888889","N1 S2 P1 O10","de-protonated","0","-9999","C18 H34 O10 N1 P1 S2","18","34","10","1","1","2","-9999","-9999","-9999","-9999","-9999","-9999"
"728","518.173697","518.173475787","518.173390563","1720128","-9999","267908.1","13.22","-1","0.164470323","0.995103751","0.969318369","0.984789598","2","0.45","1.95","13C1 S2 P1 O9","de-protonated","1","720","C19 H39 O9 P1 S2 13C1","19","39","9","-9999","1","2","1","-9999","-9999","-9999","-9999","-9999"
"728","518.173697","518.173475787","518.173798235","1720128","-9999","267908.1","13.22","-1","-0.622276997","0.932149442","0","0.559289665","16","0.206896552","1.034482759","N1 P1 O6","de-protonated","0","-9999","C29 H30 O6 N1 P1","29","30","6","1","1","-9999","-9999","-9999","-9999","-9999","-9999","-9999"
"728","518.173697","518.173475787","518.173526909","1720128","-9999","267908.1","13.22","-1","-0.098657057","0.99823548","0","0.598941288","2","0.578947368","1.947368421","N1 S2 O11","de-protonated","0","-9999","C19 H37 O11 N1 S2","19","37","11","1","-9999","2","-9999","-9999","-9999","-9999","-9999","-9999"
"728","518.173697","518.173475787","518.173146786","1720128","-9999","267908.1","13.22","-1","0.634924922","0.929463867","0","0.55767832","7","0.380952381","1.619047619","N3 S1 P1 O8","de-protonated","0","-9999","C21 H34 O8 N3 P1 S1","21","34","8","3","1","1","-9999","-9999","-9999","-9999","-9999","-9999"
"728","518.173697","518.173475787","518.173725652","1720128","-9999","267908.1","13.22","-1","-0.482202711","0.958687277","0.957428239","0.958183662","21","0.064516129","0.838709677","13C1 N4 S1 O2","de-protonated","1","720","C30 H26 O2 N4 S1 13C1","30","26","2","4","-9999","1","1","-9999","-9999","-9999","-9999","-9999"
"728","518.173697","518.173475787","518.173858594","1720128","-9999","267908.1","13.22","-1","-0.738760744","0.905716637","0.969318369","0.93115733","8","0.5","1.55","13C1 N4 P1 O10","de-protonated","1","720","C19 H31 O10 N4 P1 13C1","19","31","10","4","1","-9999","1","-9999","-9999","-9999","-9999","-9999"
"729","518.311243","518.311021568","518.310536224","6834853","-9999","277589.9","57.56","-1","0.936396844","0.56860664","0.95867743","0.724634956","13","0.125","1.3125","13C1 N2 O4","de-protonated","1","725","C31 H42 O4 N2 13C1","31","42","4","2","-9999","-9999","1","-9999","-9999","-9999","-9999","-9999"
"734","519.076912","519.076689347","519.076529264","2280663.5","-9999","302901.5","18.07","-1","0.308398929","0.982890493","0","0.589734296","4","0.705882353","1.705882353","S2 P1 O12","de-protonated","0","-9999","C17 H29 O12 P1 S2","17","29","12","-9999","1","2","-9999","-9999","-9999","-9999","-9999","-9999"
"734","519.076912","519.076689347","519.076864353","2280663.5","-9999","302901.5","18.07","-1","-0.337149055","0.979586065","0","0.587751639","23","0.178571429","0.571428571","N4 S1 O5","de-protonated","0","-9999","C28 H16 O5 N4 S1","28","16","5","4","-9999","1","-9999","-9999","-9999","-9999","-9999","-9999"
"734","519.076912","519.076689347","519.076997295","2280663.5","-9999","302901.5","18.07","-1","-0.593260742","0.938134104","0","0.562880462","10","0.764705882","1.235294118","N4 P1 O13","de-protonated","0","-9999","C17 H21 O13 N4 P1","17","21","13","4","1","-9999","-9999","-9999","-9999","-9999","-9999","-9999"
"735","519.113387","519.113164289","519.112914774","5997810","-9999","311370.2","50.29","-1","0.48065677","0.479473123","0.837042051","0.622500694","3","0.611111111","1.833333333","S2 P1 O11","de-protonated","0","-9999","C18 H33 O11 P1 S2","18","33","11","-9999","1","2","-9999","-9999","-9999","-9999","-9999","-9999"
"735","519.113387","519.113164289","519.113249863","5997810","-9999","311370.2","50.29","-1","-0.164846078","0.497540704","0.761234226","0.603018113","22","0.137931034","0.689655172","N4 S1 O4","de-protonated","0","-9999","C29 H20 O4 N4 S1","29","20","4","4","-9999","1","-9999","-9999","-9999","-9999","-9999","-9999"
"735","519.113387","519.113164289","519.113382804","5997810","-9999","311370.2","50.29","-1","-0.420939857","0.484180194","0.837042051","0.625324937","9","0.666666667","1.388888889","N4 P1 O12","de-protonated","0","-9999","C18 H25 O12 N4 P1","18","25","12","4","1","-9999","-9999","-9999","-9999","-9999","-9999","-9999"
"736","519.149775","519.149552231","519.149300283","3803404.8","-9999","308466.6","31.27","-1","0.485308883","0.958164648","0","0.574898789","2","0.526315789","1.947368421","S2 P1 O10","de-protonated","0","-9999","C19 H37 O10 P1 S2","19","37","10","-9999","1","2","-9999","-9999","-9999","-9999","-9999","-9999"
"736","519.149775","519.149552231","519.149635372","3803404.8","-9999","308466.6","31.27","-1","-0.160148727","0.497678543","0.755017935","0.6006143","21","0.1","0.8","N4 S1 O3","de-protonated","0","-9999","C30 H24 O3 N4 S1","30","24","3","4","-9999","1","-9999","-9999","-9999","-9999","-9999","-9999"
"736","519.149775","519.149552231","519.149768314","3803404.8","-9999","308466.6","31.27","-1","-0.416224559","0.96905424","0","0.581432544","8","0.578947368","1.526315789","N4 P1 O11","de-protonated","0","-9999","C19 H29 O11 N4 P1","19","29","11","4","1","-9999","-9999","-9999","-9999","-9999","-9999","-9999"
"737","519.186139","519.185916173","519.185685792","8197415.5","-9999","298931.4","69.36","-1","0.443734181","0.977730646","0.946305617","0.965160634","1","0.45","2.05","S2 P1 O9","de-protonated","0","-9999","C20 H41 O9 P1 S2","20","41","9","-9999","1","2","-9999","-9999","-9999","-9999","-9999","-9999"
"737","519.186139","519.185916173","519.186020881","8197415.5","-9999","298931.4","69.36","-1","-0.201678166","0.980902923","0.980440991","0.98071815","20","0.064516129","0.903225806","N4 S1 O2","de-protonated","0","-9999","C31 H28 O2 N4 S1","31","28","2","4","-9999","1","-9999","-9999","-9999","-9999","-9999","-9999"
"737","519.186139","519.185916173","519.186153823","8197415.5","-9999","298931.4","69.36","-1","-0.457736041","0.942116078","0.946305617","0.943791893","7","0.5","1.65","N4 P1 O10","de-protonated","0","-9999","C20 H33 O10 N4 P1","20","33","10","4","1","-9999","-9999","-9999","-9999","-9999","-9999","-9999"
"738","519.220375","519.220152118","519.220417532","4703552.5","-9999","305547.1","39.07","-1","-0.511176399","0.476846826","0.800793265","0.606425401","5","0.304347826","1.739130435","N2 S2 O7","de-protonated","0","-9999","C23 H40 O7 N2 S2","23","40","7","2","-9999","2","-9999","-9999","-9999","-9999","-9999","-9999"
"738","519.220375","519.220152118","519.220037409","4703552.5","-9999","305547.1","39.07","-1","0.220926174","0.495591443","0.787157861","0.61221801","10","0.16","1.48","N4 S1 P1 O4","de-protonated","0","-9999","C25 H37 O4 N4 P1 S1","25","37","4","4","1","1","-9999","-9999","-9999","-9999","-9999","-9999"
"739","519.22265","519.222427115","519.222071302","1965890.1","-9999","337257.2","15.34","-1","0.685280709","0.918319367","0","0.55099162","0","0.380952381","2.142857143","S2 P1 O8","de-protonated","0","-9999","C21 H45 O8 P1 S2","21","45","8","-9999","1","2","-9999","-9999","-9999","-9999","-9999","-9999"
"739","519.22265","519.222427115","519.222919455","1965890.1","-9999","337257.2","15.34","-1","-0.948225285","0.84946701","0","0.509680206","1","0.631578947","2.105263158","N2 S1 O12","de-protonated","0","-9999","C19 H40 O12 N2 S1","19","40","12","2","-9999","1","-9999","-9999","-9999","-9999","-9999","-9999"
"739","519.22265","519.222427115","519.222406391","1965890.1","-9999","337257.2","15.34","-1","0.039913434","0.999710979","0","0.599826587","19","0.03125","1","N4 S1 O1","de-protonated","0","-9999","C32 H32 O1 N4 S1","32","32","1","4","-9999","1","-9999","-9999","-9999","-9999","-9999","-9999"
"739","519.22265","519.222427115","519.222539332","1965890.1","-9999","337257.2","15.34","-1","-0.216126559","0.991560223","0","0.594936134","6","0.428571429","1.761904762","N4 P1 O9","de-protonated","0","-9999","C21 H37 O9 N4 P1","21","37","9","4","1","-9999","-9999","-9999","-9999","-9999","-9999","-9999"
"740","519.304942","519.304718983","519.305073388","6187390.5","-9999","250641.8","51.94","-1","-0.682459603","0.903766871","0.979285286","0.933974237","12","0.0625","1.375","N2 S1 O2","de-protonated","0","-9999","C32 H44 O2 N2 S1","32","44","2","2","-9999","1","-9999","-9999","-9999","-9999","-9999","-9999"
"740","519.304942","519.304718983","519.30442194","6187390.5","-9999","250641.8","51.94","-1","0.572003498","0.953522475","0.928253299","0.943414804","3","0.166666667","2","N4 S2 O4","de-protonated","0","-9999","C24 H48 O4 N4 S2","24","48","4","4","-9999","2","-9999","-9999","-9999","-9999","-9999","-9999"
"741","520.144956","520.144731644","520.144549255","62160868","-9999","296562.1","537.14","-1","0.35065016","0.415954423","0.894348525","0.607312064","2","0.555555556","2","N1 S2 P1 O10","de-protonated","0","-9999","C18 H36 O10 N1 P1 S2","18","36","10","1","1","2","-9999","-9999","-9999","-9999","-9999","-9999"
"742","520.189384","520.189159573","520.189040628","2469894.5","-9999","293113.7","19.71","-1","0.228658624","0.990557858","0.946305617","0.972856961","1","0.45","2.05","13C1 S2 P1 O9","de-protonated","1","737","C19 H41 O9 P1 S2 13C1","19","41","9","-9999","1","2","1","-9999","-9999","-9999","-9999","-9999"
"742","520.189384","520.189159573","520.189448299","2469894.5","-9999","293113.7","19.71","-1","-0.555040228","0.945634797","0","0.567380878","15","0.206896552","1.103448276","N1 P1 O6","de-protonated","0","-9999","C29 H32 O6 N1 P1","29","32","6","1","1","-9999","-9999","-9999","-9999","-9999","-9999","-9999"
"742","520.189384","520.189159573","520.189176973","2469894.5","-9999","293113.7","19.71","-1","-0.033449197","0.999797007","0","0.599878204","1","0.578947368","2.052631579","N1 S2 O11","de-protonated","0","-9999","C19 H39 O11 N1 S2","19","39","11","1","-9999","2","-9999","-9999","-9999","-9999","-9999","-9999"
"742","520.189384","520.189159573","520.188796851","2469894.5","-9999","293113.7","19.71","-1","0.697290315","0.91555682","0","0.549334092","6","0.380952381","1.714285714","N3 S1 P1 O8","de-protonated","0","-9999","C21 H36 O8 N3 P1 S1","21","36","8","3","1","1","-9999","-9999","-9999","-9999","-9999","-9999"
"742","520.189384","520.189159573","520.189375716","2469894.5","-9999","293113.7","19.71","-1","-0.415508698","0.969158938","0.980440991","0.973671759","20","0.064516129","0.903225806","13C1 N4 S1 O2","de-protonated","1","737","C30 H28 O2 N4 S1 13C1","30","28","2","4","-9999","1","1","-9999","-9999","-9999","-9999","-9999"
"742","520.189384","520.189159573","520.189508658","2469894.5","-9999","293113.7","19.71","-1","-0.671072627","0.921536103","0.946305617","0.931443909","7","0.5","1.65","13C1 N4 P1 O10","de-protonated","1","737","C19 H33 O10 N4 P1 13C1","19","33","10","4","1","-9999","1","-9999","-9999","-9999","-9999","-9999"
"743","520.308233","520.308008384","520.308428223","2380381.3","-9999","273464.3","18.93","-1","-0.806905116","0.888571209","0.979285286","0.92485684","12","0.0625","1.375","13C1 N2 S1 O2","de-protonated","1","740","C31 H44 O2 N2 S1 13C1","31","44","2","2","-9999","1","1","-9999","-9999","-9999","-9999","-9999"
"743","520.308233","520.308008384","520.307776775","2380381.3","-9999","273464.3","18.93","-1","0.445138738","0.964684876","0.928253299","0.950112245","3","0.166666667","2","13C1 N4 S2 O4","de-protonated","1","740","C23 H48 O4 N4 S2 13C1","23","48","4","4","-9999","2","1","-9999","-9999","-9999","-9999","-9999"
"749","521.05618","521.055954191","521.05579382","1828223.9","-9999","282176.3","14.14","-1","0.307782069","0.982958283","0","0.58977497","4","0.8125","1.6875","S2 P1 O13","de-protonated","0","-9999","C16 H27 O13 P1 S2","16","27","13","-9999","1","2","-9999","-9999","-9999","-9999","-9999","-9999"
"749","521.05618","521.055954191","521.056128908","1828223.9","-9999","282176.3","14.14","-1","-0.33531376","0.979805457","0","0.587883274","23","0.222222222","0.518518519","N4 S1 O6","de-protonated","0","-9999","C27 H14 O6 N4 S1","27","14","6","4","-9999","1","-9999","-9999","-9999","-9999","-9999","-9999"
"749","521.05618","521.055954191","521.05626185","1828223.9","-9999","282176.3","14.14","-1","-0.590452591","0.938700104","0","0.563220062","10","0.875","1.1875","N4 P1 O14","de-protonated","0","-9999","C16 H19 O14 N4 P1","16","19","14","4","1","-9999","-9999","-9999","-9999","-9999","-9999","-9999"
"750","521.09277","521.092544133","521.092179329","2502298.5","-9999","372468.1","19.98","-1","0.700075634","0.914910465","0","0.548946279","3","0.705882353","1.823529412","S2 P1 O12","de-protonated","0","-9999","C17 H31 O12 P1 S2","17","31","12","-9999","1","2","-9999","-9999","-9999","-9999","-9999","-9999"
"750","521.09277","521.092544133","521.092514418","2502298.5","-9999","372468.1","19.98","-1","0.057024458","0.999410141","0","0.599646085","22","0.178571429","0.642857143","N4 S1 O5","de-protonated","0","-9999","C28 H18 O5 N4 S1","28","18","5","4","-9999","1","-9999","-9999","-9999","-9999","-9999","-9999"
"750","521.09277","521.092544133","521.09264736","2502298.5","-9999","372468.1","19.98","-1","-0.198096658","0.992904829","0","0.595742898","9","0.764705882","1.352941176","N4 P1 O13","de-protonated","0","-9999","C17 H23 O13 N4 P1","17","23","13","4","1","-9999","-9999","-9999","-9999","-9999","-9999","-9999"
"751","521.129137","521.128911075","521.128564838","4128437","-9999","292898.3","34.08","-1","0.664397665","0.923027868","0","0.553816721","2","0.611111111","1.944444444","S2 P1 O11","de-protonated","0","-9999","C18 H35 O11 P1 S2","18","35","11","-9999","1","2","-9999","-9999","-9999","-9999","-9999","-9999"
"751","521.129137","521.128911075","521.129412991","4128437","-9999","292898.3","34.08","-1","-0.963132297","0.845086641","0","0.507051984","3","0.9375","1.875","N2 S1 O15","de-protonated","0","-9999","C16 H30 O15 N2 S1","16","30","15","2","-9999","1","-9999","-9999","-9999","-9999","-9999","-9999"
"751","521.129137","521.128911075","521.128899927","4128437","-9999","292898.3","34.08","-1","0.021391409","0.499958487","0.761234226","0.604468783","21","0.137931034","0.75862069","N4 S1 O4","de-protonated","0","-9999","C29 H22 O4 N4 S1","29","22","4","4","-9999","1","-9999","-9999","-9999","-9999","-9999","-9999"
"751","521.129137","521.128911075","521.129032869","4128437","-9999","292898.3","34.08","-1","-0.233711885","0.990137998","0","0.594082799","8","0.666666667","1.5","N4 P1 O12","de-protonated","0","-9999","C18 H27 O12 N4 P1","18","27","12","4","1","-9999","-9999","-9999","-9999","-9999","-9999","-9999"
"752","521.148331","521.148105044","521.14790409","15864515","-9999","298028.5","135.81","-1","0.385598475","0.415303688","0.894348525","0.606921623","2","0.555555556","2","13C1 N1 S2 P1 O10","de-protonated","1","741","C17 H36 O10 N1 P1 S2 13C1","17","36","10","1","1","2","1","-9999","-9999","-9999","-9999","-9999"
"752","521.148331","521.148105044","521.148311762","15864515","-9999","298028.5","135.81","-1","-0.396658568","0.485927444","0.773979033","0.60114808","16","0.259259259","1","N2 P1 O7","de-protonated","0","-9999","C27 H27 O7 N2 P1","27","27","7","2","1","-9999","-9999","-9999","-9999","-9999","-9999","-9999"
"752","521.148331","521.148105044","521.148040436","15864515","-9999","298028.5","135.81","-1","0.123972868","0.663056506","0.88557773","0.752064996","2","0.705882353","2","N2 S2 O12","de-protonated","0","-9999","C17 H34 O12 N2 S2","17","34","12","2","-9999","2","-9999","-9999","-9999","-9999","-9999","-9999"
"752","521.148331","521.148105044","521.147660313","15864515","-9999","298028.5","135.81","-1","0.853368001","0.864188701","0.929780109","0.890425264","7","0.473684211","1.631578947","N4 S1 P1 O9","de-protonated","0","-9999","C19 H31 O9 N4 P1 S1","19","31","9","4","1","1","-9999","-9999","-9999","-9999","-9999","-9999"
"753","521.165427","521.165201017","521.164950348","3633871.8","-9999","318912","29.79","-1","0.480978983","0.958892332","0","0.575335399","1","0.526315789","2.052631579","S2 P1 O10","de-protonated","0","-9999","C19 H39 O10 P1 S2","19","39","10","-9999","1","2","-9999","-9999","-9999","-9999","-9999","-9999"
"753","521.165427","521.165201017","521.165285436","3633871.8","-9999","318912","29.79","-1","-0.161982263","0.497625209","0.755017935","0.600582299","20","0.1","0.866666667","N4 S1 O3","de-protonated","0","-9999","C30 H26 O3 N4 S1","30","26","3","4","-9999","1","-9999","-9999","-9999","-9999","-9999","-9999"
"753","521.165427","521.165201017","521.165418378","3633871.8","-9999","318912","29.79","-1","-0.4170677","0.96893071","0","0.581358426","7","0.578947368","1.631578947","N4 P1 O11","de-protonated","0","-9999","C19 H31 O11 N4 P1","19","31","11","4","1","-9999","-9999","-9999","-9999","-9999","-9999","-9999"
"754","521.20177","521.201543959","521.201335857","4421354","-9999","332730.4","36.62","-1","0.399273899","0.48574394","0.822155738","0.620308659","0","0.45","2.15","S2 P1 O9","de-protonated","0","-9999","C20 H43 O9 P1 S2","20","43","9","-9999","1","2","-9999","-9999","-9999","-9999","-9999","-9999"
"754","521.20177","521.201543959","521.201670946","4421354","-9999","332730.4","36.62","-1","-0.243642408","0.494643356","0.748902347","0.596346952","19","0.064516129","0.967741935","N4 S1 O2","de-protonated","0","-9999","C31 H30 O2 N4 S1","31","30","2","4","-9999","1","-9999","-9999","-9999","-9999","-9999","-9999"
"754","521.20177","521.201543959","521.201803888","4421354","-9999","332730.4","36.62","-1","-0.498710017","0.477937366","0.822155738","0.615624715","6","0.5","1.75","N4 P1 O10","de-protonated","0","-9999","C20 H35 O10 N4 P1","20","35","10","4","1","-9999","-9999","-9999","-9999","-9999","-9999","-9999"
"755","521.217395","521.217168934","521.217440151","1874165.5","-9999","244242.5","14.54","-1","-0.520353433","0.952056933","0","0.57123416","5","0.454545455","1.727272727","N2 S1 O10","de-protonated","0","-9999","C22 H38 O10 N2 S1","22","38","10","2","-9999","1","-9999","-9999","-9999","-9999","-9999","-9999"
"755","521.217395","521.217168934","521.217060029","1874165.5","-9999","244242.5","14.54","-1","0.208944112","0.992109672","0","0.595265803","10","0.291666667","1.458333333","N4 P1 O7","de-protonated","0","-9999","C24 H35 O7 N4 P1","24","35","7","4","1","-9999","-9999","-9999","-9999","-9999","-9999","-9999"
"756","521.259229","521.259002867","521.259185823","2531604","-9999","266360","20.23","-1","-0.350988266","0.97789481599999994","0","0.58673689","13","0.103448276","1.310344828","N4 S1 O3","de-protonated","0","-9999","C29 H38 O3 N4 S1","29","38","3","4","-9999","1","-9999","-9999","-9999","-9999","-9999","-9999"
"756","521.259229","521.259002867","521.259318765","2531604","-9999","266360","20.23","-1","-0.606027703","0.935531387","0","0.561318832","0","0.611111111","2.388888889","N4 P1 O11","de-protonated","0","-9999","C18 H43 O11 N4 P1","18","43","11","4","1","-9999","-9999","-9999","-9999","-9999","-9999","-9999"
"757","522.124217","522.123989488","522.12381381","2100362.5","-9999","274272.6","16.49","-1","0.336467636","0.979667656","0","0.587800594","2","0.647058824","2","N1 S2 P1 O11","de-protonated","0","-9999","C17 H34 O11 N1 P1 S2","17","34","11","1","1","2","-9999","-9999","-9999","-9999","-9999","-9999"
"758","522.151733","522.151505444","522.151258925","1767582.4","-9999","279731.2","13.61","-1","0.47212155","0.413443762","0.894348525","0.605805667","2","0.555555556","2","13C2 N1 S2 P1 O10","de-protonated","1","741","C16 H36 O10 N1 P1 S2 13C2","16","36","10","1","1","2","2","-9999","-9999","-9999","-9999","-9999"
"758","522.151733","522.151505444","522.151395271","1767582.4","-9999","279731.2","13.61","-1","0.210998654","0.661302911","0.88557773","0.751012839","2","0.705882353","2","13C1 N2 S2 O12","de-protonated","1","752","C16 H34 O12 N2 S2 13C1","16","34","12","2","-9999","2","1","-9999","-9999","-9999","-9999","-9999"
"758","522.151733","522.151505444","522.151802943","1767582.4","-9999","279731.2","13.61","-1","-0.569754881","0.942799172","0","0.565679503","16","0.346153846","0.961538462","N3 O9","de-protonated","0","-9999","C26 H25 O9 N3","26","25","9","3","-9999","-9999","-9999","-9999","-9999","-9999","-9999","-9999"
"758","522.151733","522.151505444","522.151015149","1767582.4","-9999","279731.2","13.61","-1","0.938992259","0.852157015","0.929780109","0.883206252","7","0.473684211","1.631578947","13C1 N4 S1 P1 O9","de-protonated","1","752","C18 H31 O9 N4 P1 S1 13C1","18","31","9","4","1","1","1","-9999","-9999","-9999","-9999","-9999"
"759","522.160638","522.16041043","522.16019932","1942436.8","-9999","304831.5","15.12","-1","0.404301865","0.970775928","0","0.582465557","1","0.555555556","2.111111111","N1 S2 P1 O10","de-protonated","0","-9999","C18 H38 O10 N1 P1 S2","18","38","10","1","1","2","-9999","-9999","-9999","-9999","-9999","-9999"
"766","523.071895","523.071665977","523.071443884","2267195","-9999","352178.9","17.93","-1","0.424594294","0.967817612","0","0.580690567","3","0.8125","1.8125","S2 P1 O13","de-protonated","0","-9999","C16 H29 O13 P1 S2","16","29","13","-9999","1","2","-9999","-9999","-9999","-9999","-9999","-9999"
"766","523.071895","523.071665977","523.071778973","2267195","-9999","352178.9","17.93","-1","-0.216023448","0.99156824","0","0.594940944","22","0.222222222","0.592592593","N4 S1 O6","de-protonated","0","-9999","C27 H16 O6 N4 S1","27","16","6","4","-9999","1","-9999","-9999","-9999","-9999","-9999","-9999"
"766","523.071895","523.071665977","523.071911915","2267195","-9999","352178.9","17.93","-1","-0.470179136","0.960681285","0","0.576408771","9","0.875","1.3125","N4 P1 O14","de-protonated","0","-9999","C16 H21 O14 N4 P1","16","21","14","4","1","-9999","-9999","-9999","-9999","-9999","-9999","-9999"
"767","523.108268","523.108038919","523.107829393","2718805.3","-9999","336685.4","21.85","-1","0.400540372","0.97130934","0","0.582785604","2","0.705882353","1.941176471","S2 P1 O12","de-protonated","0","-9999","C17 H33 O12 P1 S2","17","33","12","-9999","1","2","-9999","-9999","-9999","-9999","-9999","-9999"
"767","523.108268","523.108038919","523.108164482","2718805.3","-9999","336685.4","21.85","-1","-0.240032796","0.494800078","0.767553728","0.603901538","21","0.178571429","0.714285714","N4 S1 O5","de-protonated","0","-9999","C28 H20 O5 N4 S1","28","20","5","4","-9999","1","-9999","-9999","-9999","-9999","-9999","-9999"
"767","523.108268","523.108038919","523.10829742400006","2718805.3","-9999","336685.4","21.85","-1","-0.494170799","0.956656739","0","0.573994043","8","0.764705882","1.470588235","N4 P1 O13","de-protonated","0","-9999","C17 H25 O13 N4 P1","17","25","13","4","1","-9999","-9999","-9999","-9999","-9999","-9999","-9999"
"768","523.144647","523.144417861","523.144214903","3433583.8","-9999","314597.3","28.04","-1","0.38795889","0.973059329","0","0.583835598","1","0.611111111","2.055555556","S2 P1 O11","de-protonated","0","-9999","C18 H37 O11 P1 S2","18","37","11","-9999","1","2","-9999","-9999","-9999","-9999","-9999","-9999"
"768","523.144647","523.144417861","523.144549992","3433583.8","-9999","314597.3","28.04","-1","-0.252569718","0.494245927","0.761234226","0.601041247","20","0.137931034","0.827586207","N4 S1 O4","de-protonated","0","-9999","C29 H24 O4 N4 S1","29","24","4","4","-9999","1","-9999","-9999","-9999","-9999","-9999","-9999"
"768","523.144647","523.144417861","523.144682933","3433583.8","-9999","314597.3","28.04","-1","-0.506690042","0.954484197","0","0.572690518","7","0.666666667","1.611111111","N4 P1 O12","de-protonated","0","-9999","C18 H29 O12 N4 P1","18","29","12","4","1","-9999","-9999","-9999","-9999","-9999","-9999","-9999"
"769","523.180999","523.180769803","523.180600412","3079306.3","-9999","269859.8","24.97","-1","0.323771822","0.981158819","0","0.588695291","0","0.526315789","2.157894737","S2 P1 O10","de-protonated","0","-9999","C19 H41 O10 P1 S2","19","41","10","-9999","1","2","-9999","-9999","-9999","-9999","-9999","-9999"
"769","523.180999","523.180769803","523.180935501","3079306.3","-9999","269859.8","24.97","-1","-0.316712197","0.490982063","0.755017935","0.596596411","19","0.1","0.933333333","N4 S1 O3","de-protonated","0","-9999","C30 H28 O3 N4 S1","30","28","3","4","-9999","1","-9999","-9999","-9999","-9999","-9999","-9999"
"769","523.180999","523.180769803","523.181068443","3079306.3","-9999","269859.8","24.97","-1","-0.570814832","0.942592381","0","0.565555428","6","0.578947368","1.736842105","N4 P1 O11","de-protonated","0","-9999","C19 H33 O11 N4 P1","19","33","11","4","1","-9999","-9999","-9999","-9999","-9999","-9999","-9999"
"770","523.217423","523.217193745","523.21732101","1910436.5","-9999","349151.9","14.84","-1","-0.243235852","0.989322244","0","0.593593347","18","0.064516129","1.032258065","N4 S1 O2","de-protonated","0","-9999","C31 H32 O2 N4 S1","31","32","2","4","-9999","1","-9999","-9999","-9999","-9999","-9999","-9999"
"770","523.217423","523.217193745","523.217453952","1910436.5","-9999","349151.9","14.84","-1","-0.497320835","0.956114749","0","0.573668849","5","0.5","1.85","N4 P1 O10","de-protonated","0","-9999","C20 H37 O10 N4 P1","20","37","10","4","1","-9999","-9999","-9999","-9999","-9999","-9999","-9999"
"771","523.274962","523.274732653","523.274835888","4166862.3","-9999","330603","34.4","-1","-0.197285172","0.496481318","0.761234226","0.602382481","12","0.103448276","1.379310345","N4 S1 O3","de-protonated","0","-9999","C29 H40 O3 N4 S1","29","40","3","4","-9999","1","-9999","-9999","-9999","-9999","-9999","-9999"
"776","525.087504","525.087271763","525.087093948","2246124.3","-9999","262627.5","16.84","-1","0.338638756","0.979407142","0","0.587644285","2","0.8125","1.9375","S2 P1 O13","de-protonated","0","-9999","C16 H31 O13 P1 S2","16","31","13","-9999","1","2","-9999","-9999","-9999","-9999","-9999","-9999"
"776","525.087504","525.087271763","525.087429037","2246124.3","-9999","262627.5","16.84","-1","-0.299519797","0.983853629","0","0.590312177","21","0.222222222","0.666666667","N4 S1 O6","de-protonated","0","-9999","C27 H18 O6 N4 S1","27","18","6","4","-9999","1","-9999","-9999","-9999","-9999","-9999","-9999"
"776","525.087504","525.087271763","525.087561979","2246124.3","-9999","262627.5","16.84","-1","-0.552699837","0.946079741","0","0.567647845","8","0.875","1.4375","N4 P1 O14","de-protonated","0","-9999","C16 H23 O14 N4 P1","16","23","14","4","1","-9999","-9999","-9999","-9999","-9999","-9999","-9999"
"777","525.123949","525.123716705","525.123479458","2523142.5","-9999","309267","19.12","-1","0.451793509","0.963640644","0","0.578184387","1","0.705882353","2.058823529","S2 P1 O12","de-protonated","0","-9999","C17 H35 O12 P1 S2","17","35","12","-9999","1","2","-9999","-9999","-9999","-9999","-9999","-9999"
"777","525.123949","525.123716705","525.123814547","2523142.5","-9999","309267","19.12","-1","-0.186320898","0.99372072","0","0.596232432","20","0.178571429","0.785714286","N4 S1 O5","de-protonated","0","-9999","C28 H22 O5 N4 S1","28","22","5","4","-9999","1","-9999","-9999","-9999","-9999","-9999","-9999"
"777","525.123949","525.123716705","525.123947488","2523142.5","-9999","309267","19.12","-1","-0.439483424","0.96556097","0","0.579336582","7","0.764705882","1.588235294","N4 P1 O13","de-protonated","0","-9999","C17 H27 O13 N4 P1","17","27","13","4","1","-9999","-9999","-9999","-9999","-9999","-9999","-9999"
"778","525.152261","525.15202866","525.15233797","1774618.9","-9999","361905.3","12.96","-1","-0.58899112","0.938993745","0","0.563396247","14","0.185185185","1.111111111","N2 S2 O5","de-protonated","0","-9999","C27 H30 O5 N2 S2","27","30","5","2","-9999","2","-9999","-9999","-9999","-9999","-9999","-9999"
"778","525.152261","525.15202866","525.152470912","1774618.9","-9999","361905.3","12.96","-1","-0.842139794","0.879252376","0","0.527551426","1","0.8125","2.1875","N2 S1 P1 O13","de-protonated","0","-9999","C16 H35 O13 N2 P1 S1","16","35","13","2","1","1","-9999","-9999","-9999","-9999","-9999","-9999"
"778","525.152261","525.15202866","525.151957848","1774618.9","-9999","361905.3","12.96","-1","0.13484184","0.996706278","0","0.598023767","19","0.068965517","0.931034483","N4 S1 P1 O2","de-protonated","0","-9999","C29 H27 O2 N4 P1 S1","29","27","2","4","1","1","-9999","-9999","-9999","-9999","-9999","-9999"
"779","525.160265","525.160032647","525.159864967","2739744.8","-9999","355765.7","20.91","-1","0.319293486","0.981671654","0","0.589002993","0","0.611111111","2.166666667","S2 P1 O11","de-protonated","0","-9999","C18 H39 O11 P1 S2","18","39","11","-9999","1","2","-9999","-9999","-9999","-9999","-9999","-9999"
"779","525.160265","525.160032647","525.160200056","2739744.8","-9999","355765.7","20.91","-1","-0.318776625","0.4908652","0.761234226","0.59901281","19","0.137931034","0.896551724","N4 S1 O4","de-protonated","0","-9999","C29 H26 O4 N4 S1","29","26","4","4","-9999","1","-9999","-9999","-9999","-9999","-9999","-9999"
"779","525.160265","525.160032647","525.160332998","2739744.8","-9999","355765.7","20.91","-1","-0.571921577","0.942376098","0","0.565425659","6","0.666666667","1.722222222","N4 P1 O12","de-protonated","0","-9999","C18 H31 O12 N4 P1","18","31","12","4","1","-9999","-9999","-9999","-9999","-9999","-9999","-9999"
"780","525.188658","525.188425602","525.188723479","2587189.3","-9999","336404.2","19.65","-1","-0.567181729","0.943299771","0","0.565979863","13","0.142857143","1.214285714","N2 S2 O4","de-protonated","0","-9999","C28 H34 O4 N2 S2","28","34","4","2","-9999","2","-9999","-9999","-9999","-9999","-9999","-9999"
"780","525.188658","525.188425602","525.188856421","2587189.3","-9999","336404.2","19.65","-1","-0.82031287","0.885060551","0","0.531036331","0","0.705882353","2.294117647","N2 S1 P1 O12","de-protonated","0","-9999","C17 H39 O12 N2 P1 S1","17","39","12","2","1","1","-9999","-9999","-9999","-9999","-9999","-9999"
"780","525.188658","525.188425602","525.188343357","2587189.3","-9999","336404.2","19.65","-1","0.156601099","0.497780028","0.755017935","0.600675191","18","0.033333333","1.033333333","N4 S1 P1 O1","de-protonated","0","-9999","C30 H31 O1 N4 P1 S1","30","31","1","4","1","1","-9999","-9999","-9999","-9999","-9999","-9999"
"781","525.196603","525.196370589","525.196585565","1961530.9","-9999","306206.1","14.5","-1","-0.409324988","0.970056295","0","0.582033777","18","0.1","1","N4 S1 O3","de-protonated","0","-9999","C30 H30 O3 N4 S1","30","30","3","4","-9999","1","-9999","-9999","-9999","-9999","-9999","-9999"
"781","525.196603","525.196370589","525.196718507","1961530.9","-9999","306206.1","14.5","-1","-0.66245238","0.923460258","0","0.554076155","5","0.578947368","1.842105263","N4 P1 O11","de-protonated","0","-9999","C19 H35 O11 N4 P1","19","35","11","4","1","-9999","-9999","-9999","-9999","-9999","-9999","-9999"
"782","525.24609","525.24585751","525.246238357","1886046.5","-9999","269810.2","13.88","-1","-0.725081694","0.909013384","0","0.545408031","7","0.192307692","1.615384615","N2 S2 O5","de-protonated","0","-9999","C26 H42 O5 N2 S2","26","42","5","2","-9999","2","-9999","-9999","-9999","-9999","-9999","-9999"
"782","525.24609","525.24585751","525.245368977","1886046.5","-9999","269810.2","13.88","-1","0.930105179","0.8547293","0","0.51283758","8","0.4","1.52","N2 O10","de-protonated","0","-9999","C25 H38 O10 N2","25","38","10","2","-9999","-9999","-9999","-9999","-9999","-9999","-9999","-9999"
"782","525.24609","525.24585751","525.245858234","1886046.5","-9999","269810.2","13.88","-1","-0.001378235","0.999999655","0","0.599999793","12","0.071428571","1.392857143","N4 S1 P1 O2","de-protonated","0","-9999","C28 H39 O2 N4 P1 S1","28","39","2","4","1","1","-9999","-9999","-9999","-9999","-9999","-9999"
"783","525.254158","525.253925498","525.254100443","1882212.1","-9999","332149.7","13.85","-1","-0.333067874","0.980072367","0","0.58804342","12","0.142857143","1.357142857","N4 S1 O4","de-protonated","0","-9999","C28 H38 O4 N4 S1","28","38","4","4","-9999","1","-9999","-9999","-9999","-9999","-9999","-9999"
"784","525.290545","525.29031244","525.290485952","2951806.5","-9999","306954.3","22.65","-1","-0.33031749","0.490198444","0.761234226","0.598612757","11","0.103448276","1.448275862","N4 S1 O3","de-protonated","0","-9999","C29 H42 O3 N4 S1","29","42","3","4","-9999","1","-9999","-9999","-9999","-9999","-9999","-9999"
"785","526.14748","526.147246073","526.147586942","9640166","-9999","292858.5","77.71","-1","-0.647858377","0.613822169","0.924177074","0.737964131","14","0.192307692","1.115384615","N3 S2 O5","de-protonated","0","-9999","C26 H29 O5 N3 S2","26","29","5","3","-9999","2","-9999","-9999","-9999","-9999","-9999","-9999"
"785","526.14748","526.147246073","526.147719884","9640166","-9999","292858.5","77.71","-1","-0.900528186","0.85565441","0.9449709","0.891381006","1","0.866666667","2.266666667","N3 S1 P1 O13","de-protonated","0","-9999","C15 H34 O13 N3 P1 S1","15","34","13","3","1","1","-9999","-9999","-9999","-9999","-9999","-9999"
"790","527.109846","527.109610539","527.109603777","1886103.1","-9999","288107.2","13.87","-1","0.012827359","0.999970145","0","0.599982087","20","0.321428571","0.714285714","N2 O9","de-protonated","0","-9999","C28 H20 O9 N2","28","20","9","2","-9999","-9999","-9999","-9999","-9999","-9999","-9999","-9999"
"790","527.109846","527.109610539","527.110093035","1886103.1","-9999","288107.2","13.87","-1","-0.915360818","0.858959754","0","0.515375852","24","0.032258065","0.677419355","N4 S1 P1 O1","de-protonated","0","-9999","C31 H21 O1 N4 P1 S1","31","21","1","4","1","1","-9999","-9999","-9999","-9999","-9999","-9999"
"791","527.116077","527.115841529","527.116346384","3623835.5","-9999","297456.8","28.17","-1","-0.957767967","0.423334093","0.807789663","0.577116321","10","0.409090909","1.272727273","N2 S2 O9","de-protonated","0","-9999","C22 H28 O9 N2 S2","22","28","9","2","-9999","2","-9999","-9999","-9999","-9999","-9999","-9999"
"791","527.116077","527.115841529","527.115477004","3623835.5","-9999","297456.8","28.17","-1","0.691546226","0.458441536","0.81490939","0.601028678","11","0.666666667","1.142857143","N2 O14","de-protonated","0","-9999","C21 H24 O14 N2","21","24","14","2","-9999","-9999","-9999","-9999","-9999","-9999","-9999","-9999"
"791","527.116077","527.115841529","527.115966261","3623835.5","-9999","297456.8","28.17","-1","-0.236632239","0.494945627","0.793917021","0.614534185","15","0.25","1.041666667","N4 S1 P1 O6","de-protonated","0","-9999","C24 H25 O6 N4 P1 S1","24","25","6","4","1","1","-9999","-9999","-9999","-9999","-9999","-9999"
"792","527.139663","527.139427491","527.139129522","1689004.4","-9999","287212.9","12.24","-1","0.565256656","0.94367298","0","0.566203788","0","0.705882353","2.176470588","S2 P1 O12","de-protonated","0","-9999","C17 H37 O12 P1 S2","17","37","12","-9999","1","2","-9999","-9999","-9999","-9999","-9999","-9999"
"792","527.139663","527.139427491","527.139464611","1689004.4","-9999","287212.9","12.24","-1","-0.070417833","0.99910066","0","0.599460396","19","0.178571429","0.857142857","N4 S1 O5","de-protonated","0","-9999","C28 H24 O5 N4 S1","28","24","5","4","-9999","1","-9999","-9999","-9999","-9999","-9999","-9999"
"792","527.139663","527.139427491","527.139597553","1689004.4","-9999","287212.9","12.24","-1","-0.322612358","0.981292254","0","0.588775352","6","0.764705882","1.705882353","N4 P1 O13","de-protonated","0","-9999","C17 H29 O13 N4 P1","17","29","13","4","1","-9999","-9999","-9999","-9999","-9999","-9999","-9999"
"793","527.150808","527.150572473","527.150881418","2329524.3","-9999","351136.3","17.52","-1","-0.586065812","0.469789795","0.725399619","0.572033724","22","0.028571429","0.8","S2 O1","de-protonated","0","-9999","C35 H28 O1 S2","35","28","1","-9999","-9999","2","-9999","-9999","-9999","-9999","-9999","-9999"
"793","527.150808","527.150572473","527.15101436","2329524.3","-9999","351136.3","17.52","-1","-0.838254745","0.880294531","0","0.528176719","9","0.375","1.375","S1 P1 O9","de-protonated","0","-9999","C24 H33 O9 P1 S1","24","33","9","-9999","1","1","-9999","-9999","-9999","-9999","-9999","-9999"
"793","527.150808","527.150572473","527.150362912","2329524.3","-9999","351136.3","17.52","-1","0.397537127","0.971731855","0","0.583039113","0","0.6875","2.3125","N2 S2 P1 O11","de-protonated","0","-9999","C16 H37 O11 N2 P1 S2","16","37","11","2","1","2","-9999","-9999","-9999","-9999","-9999","-9999"
"793","527.150808","527.150572473","527.150941777","2329524.3","-9999","351136.3","17.52","-1","-0.70056591","0.609864316","0.924177074","0.735589419","14","0.192307692","1.115384615","13C1 N3 S2 O5","de-protonated","1","785","C25 H29 O5 N3 S2 13C1","25","29","5","3","-9999","2","1","-9999","-9999","-9999","-9999","-9999"
"793","527.150808","527.150572473","527.151074719","2329524.3","-9999","351136.3","17.52","-1","-0.952754786","0.848140871","0.9449709","0.886872882","1","0.866666667","2.266666667","13C1 N3 S1 P1 O13","de-protonated","1","785","C14 H34 O13 N3 P1 S1 13C1","14","34","13","3","1","1","1","-9999","-9999","-9999","-9999","-9999"
"794","527.167847","527.167611446","527.167988035","2109888.8","-9999","321599.7","15.71","-1","-0.714361164","0.911562227","0","0.546937336","13","0.185185185","1.185185185","N2 S2 O5","de-protonated","0","-9999","C27 H32 O5 N2 S2","27","32","5","2","-9999","2","-9999","-9999","-9999","-9999","-9999","-9999"
"794","527.167847","527.167611446","527.167118655","2109888.8","-9999","321599.7","15.71","-1","0.934791862","0.853374864","0","0.512024918","14","0.384615385","1.076923077","N2 O10","de-protonated","0","-9999","C26 H28 O10 N2","26","28","10","2","-9999","-9999","-9999","-9999","-9999","-9999","-9999","-9999"
"794","527.167847","527.167611446","527.168120976","2109888.8","-9999","321599.7","15.71","-1","-0.966541881","0.84407836","0","0.506447016","0","0.8125","2.3125","N2 S1 P1 O13","de-protonated","0","-9999","C16 H37 O13 N2 P1 S1","16","37","13","2","1","1","-9999","-9999","-9999","-9999","-9999","-9999"
"794","527.167847","527.167611446","527.167607912","2109888.8","-9999","321599.7","15.71","-1","0.006704096","0.999991845","0","0.599995107","18","0.068965517","1","N4 S1 P1 O2","de-protonated","0","-9999","C29 H29 O2 N4 P1 S1","29","29","2","4","1","1","-9999","-9999","-9999","-9999","-9999","-9999"
"795","527.225413","527.225177354","527.225502912","5051369.5","-9999","313162.3","39.92","-1","-0.61749201","0.466576676","0.787157861","0.59480915","7","0.24","1.6","N2 S2 O6","de-protonated","0","-9999","C25 H40 O6 N2 S2","25","40","6","2","-9999","2","-9999","-9999","-9999","-9999","-9999","-9999"
"795","527.225413","527.225177354","527.225122789","5051369.5","-9999","313162.3","39.92","-1","0.10349466","0.499029182","0.773979033","0.609009122","12","0.111111111","1.37037037","N4 S1 P1 O3","de-protonated","0","-9999","C27 H37 O3 N4 P1 S1","27","37","3","4","1","1","-9999","-9999","-9999","-9999","-9999","-9999"
"796","527.261818","527.261582296","527.261888421","1717507.6","-9999","248657.4","12.48","-1","-0.580593704","0.940668614","0","0.564401168","6","0.192307692","1.692307692","N2 S2 O5","de-protonated","0","-9999","C26 H44 O5 N2 S2","26","44","5","2","-9999","2","-9999","-9999","-9999","-9999","-9999","-9999"
"796","527.261818","527.261582296","527.261508299","1717507.6","-9999","248657.4","12.48","-1","0.140343238","0.996432525","0","0.597859515","11","0.071428571","1.464285714","N4 S1 P1 O2","de-protonated","0","-9999","C28 H41 O2 N4 P1 S1","28","41","2","4","1","1","-9999","-9999","-9999","-9999","-9999","-9999"
"797","527.269832","527.269596284","527.269750507","2511881.5","-9999","318672.9","19.02","-1","-0.292494839","0.984596347","0","0.590757808","11","0.142857143","1.428571429","N4 S1 O4","de-protonated","0","-9999","C28 H40 O4 N4 S1","28","40","4","4","-9999","1","-9999","-9999","-9999","-9999","-9999","-9999"
"799","528.144427","528.144189889","528.143761409","3287672.5","-9999","302393.1","25.4","-1","0.811294453","0.89860842","0.830096221","0.87120354","13","0.148148148","1.185185185","N1 S2 P1 O4","de-protonated","0","-9999","C27 H32 O4 N1 P1 S2","27","32","4","1","1","2","-9999","-9999","-9999","-9999","-9999","-9999"
"799","528.144427","528.144189889","528.144609562","3287672.5","-9999","302393.1","25.4","-1","-0.794617721","0.445874827","0.787157861","0.58238804","14","0.32","1.08","N3 S1 O8","de-protonated","0","-9999","C25 H27 O8 N3 S1","25","27","8","3","-9999","1","-9999","-9999","-9999","-9999","-9999","-9999"
"805","528.929287","528.929048638","528.928939534","2879653.8","-9999","272183.7","22.04","-1","0.206273587","0.992309303","0","0.595385582","19","0.6","0.3","N2 S2 O12","de-protonated","0","-9999","C20 H6 O12 N2 S2","20","6","12","2","-9999","2","-9999","-9999","-9999","-9999","-9999","-9999"
"807","529.146973","529.146734291","529.147116244","2154815.8","-9999","234955.8","16.07","-1","-0.72182857","0.909790082","0.830096221","0.877912537","13","0.148148148","1.185185185","13C1 N1 S2 P1 O4","de-protonated","1","799","C26 H32 O4 N1 P1 S2 13C1","26","32","4","1","1","2","1","-9999","-9999","-9999","-9999","-9999"
"807","529.146973","529.146734291","529.14725259","2154815.8","-9999","234955.8","16.07","-1","-0.979498852","0.840225361","0","0.504135217","13","0.230769231","1.153846154","N2 S2 O6","de-protonated","0","-9999","C26 H30 O6 N2 S2","26","30","6","2","-9999","2","-9999","-9999","-9999","-9999","-9999","-9999"
"807","529.146973","529.146734291","529.14638321","2154815.8","-9999","234955.8","16.07","-1","0.663485105","0.923230841","0","0.553938505","14","0.44","1.04","N2 O11","de-protonated","0","-9999","C25 H26 O11 N2","25","26","11","2","-9999","-9999","-9999","-9999","-9999","-9999","-9999","-9999"
"807","529.146973","529.146734291","529.146872467","2154815.8","-9999","234955.8","16.07","-1","-0.261130914","0.98770336","0","0.592622016","18","0.107142857","0.964285714","N4 S1 P1 O3","de-protonated","0","-9999","C28 H27 O3 N4 P1 S1","28","27","3","4","1","1","-9999","-9999","-9999","-9999","-9999","-9999"
"808","529.170359","529.170120253","529.170035728","2129744.3","-9999","294232.6","15.86","-1","0.159731729","0.995381177","0","0.597228706","3","0.428571429","1.857142857","S2 P1 O9","de-protonated","0","-9999","C21 H39 O9 P1 S2","21","39","9","-9999","1","2","-9999","-9999","-9999","-9999","-9999","-9999"
"808","529.170359","529.170120253","529.170370817","2129744.3","-9999","294232.6","15.86","-1","-0.473502843","0.9601347","0","0.57608082","22","0.0625","0.8125","N4 S1 O2","de-protonated","0","-9999","C32 H26 O2 N4 S1","32","26","2","4","-9999","1","-9999","-9999","-9999","-9999","-9999","-9999"
"808","529.170359","529.170120253","529.170503759","2129744.3","-9999","294232.6","15.86","-1","-0.724729369","0.90909764","0","0.545458584","9","0.476190476","1.476190476","N4 P1 O10","de-protonated","0","-9999","C21 H31 O10 N4 P1","21","31","10","4","1","-9999","-9999","-9999","-9999","-9999","-9999","-9999"
"809","529.204668","529.204429199","529.204767467","2289512.5","-9999","243434.3","17.18","-1","-0.639201593","0.928545344","0","0.557127206","7","0.291666667","1.583333333","N2 S2 O7","de-protonated","0","-9999","C24 H38 O7 N2 S2","24","38","7","2","-9999","2","-9999","-9999","-9999","-9999","-9999","-9999"
"809","529.204668","529.204429199","529.204387345","2289512.5","-9999","243434.3","17.18","-1","0.079088516","0.998865683","0","0.59931941","12","0.153846154","1.346153846","N4 S1 P1 O4","de-protonated","0","-9999","C26 H35 O4 N4 P1 S1","26","35","4","4","1","1","-9999","-9999","-9999","-9999","-9999","-9999"
"810","529.206852","529.206613195","529.206421237","1874282.1","-9999","274598","13.76","-1","0.362727472","0.976409291","0","0.585845575","2","0.363636364","1.954545455","S2 P1 O8","de-protonated","0","-9999","C22 H43 O8 P1 S2","22","43","8","-9999","1","2","-9999","-9999","-9999","-9999","-9999","-9999"
"810","529.206852","529.206613195","529.206756326","1874282.1","-9999","274598","13.76","-1","-0.270463691","0.986814617","0","0.59208877","21","0.03030303","0.909090909","N4 S1 O1","de-protonated","0","-9999","C33 H30 O1 N4 S1","33","30","1","4","-9999","1","-9999","-9999","-9999","-9999","-9999","-9999"
"810","529.206852","529.206613195","529.206889268","1874282.1","-9999","274598","13.76","-1","-0.521672994","0.951819429","0","0.571091657","8","0.409090909","1.590909091","N4 P1 O9","de-protonated","0","-9999","C22 H35 O9 N4 P1","22","35","9","4","1","-9999","-9999","-9999","-9999","-9999","-9999","-9999"
"811","529.241008","529.240769141","529.241152976","5820802.5","-9999","293492","46.25","-1","-0.725256949","0.454485731","0.787157861","0.587554583","6","0.24","1.68","N2 S2 O6","de-protonated","0","-9999","C25 H42 O6 N2 S2","25","42","6","2","-9999","2","-9999","-9999","-9999","-9999","-9999","-9999"
"811","529.241008","529.240769141","529.240283597","5820802.5","-9999","293492","46.25","-1","0.91743592","0.928132272","0.979210397","0.948563522","7","0.458333333","1.583333333","N2 O11","de-protonated","0","-9999","C24 H38 O11 N2","24","38","11","2","-9999","-9999","-9999","-9999","-9999","-9999","-9999","-9999"
"811","529.241008","529.240769141","529.240772854","5820802.5","-9999","293492","46.25","-1","-0.007016284","0.943224349","0.999148385","0.965593963","11","0.111111111","1.444444444","N4 S1 P1 O3","de-protonated","0","-9999","C27 H39 O3 N4 P1 S1","27","39","3","4","1","1","-9999","-9999","-9999","-9999","-9999","-9999"
"812","529.31599","529.315751021","529.316045796","3868087.5","-9999","311733","30.17","-1","-0.556897931","0.472640215","0.787157861","0.598447274","5","0.24","1.88","N4 P1 O6","de-protonated","0","-9999","C25 H47 O6 N4 P1","25","47","6","4","1","-9999","-9999","-9999","-9999","-9999","-9999","-9999"
"814","529.94349","529.943250021","529.943600341","24148850","-9999","312885.5","197.12","-1","-0.661052002","0.307923623","0.813928642","0.51032563","14","0.882352941","0.588235294","N1 S1 P1 O15","de-protonated","0","-9999","C17 H10 O15 N1 P1 S1","17","10","15","1","1","1","-9999","-9999","-9999","-9999","-9999","-9999"
"817","530.092807","530.092566782","530.092513681","2087899.6","-9999","329036","15.51","-1","0.100172928","0.998180889","0","0.598908533","5","0.611111111","1.666666667","N1 S2 P1 O11","de-protonated","0","-9999","C18 H30 O11 N1 P1 S2","18","30","11","1","1","2","-9999","-9999","-9999","-9999","-9999","-9999"
"818","530.243936","530.243695541","530.243638432","1708102","-9999","272438.8","12.38","-1","0.107704879","0.997897347","0.979210397","0.990422567","7","0.458333333","1.583333333","13C1 N2 O11","de-protonated","1","811","C23 H38 O11 N2 13C1","23","38","11","2","-9999","-9999","1","-9999","-9999","-9999","-9999","-9999"
"818","530.243936","530.243695541","530.243415881","1708102","-9999","272438.8","12.38","-1","0.527418198","0.950779055","0","0.570467433","10","0.035714286","1.5","N3 S2 P1 O1","de-protonated","0","-9999","C28 H42 O1 N3 P1 S2","28","42","1","3","1","2","-9999","-9999","-9999","-9999","-9999","-9999"
"818","530.243936","530.243695541","530.244127689","1708102","-9999","272438.8","12.38","-1","-0.814997283","0.886457629","0.999148385","0.931533932","11","0.111111111","1.444444444","13C1 N4 S1 P1 O3","de-protonated","1","811","C26 H39 O3 N4 P1 S1 13C1","26","39","3","4","1","1","1","-9999","-9999","-9999","-9999","-9999"
"823","530.940835","530.94059343","530.940370142","15285808","-9999","277281.1","124.15","-1","0.420553299","0.322805849","0.735360997","0.487827908","22","0.32","0.36","S2 P1 O8","de-protonated","0","-9999","C25 H9 O8 P1 S2","25","9","8","-9999","1","2","-9999","-9999","-9999","-9999","-9999","-9999"
"823","530.940835","530.94059343","530.940566846","15285808","-9999","277281.1","124.15","-1","0.050070076","0.333181736","0.798901333","0.519469575","14","0.933333333","0.533333333","N4 S2 O14","de-protonated","0","-9999","C15 H8 O14 N4 S2","15","8","14","4","-9999","2","-9999","-9999","-9999","-9999","-9999","-9999"
"824","530.943385","530.943143426","530.942872065","1997361.4","-9999","433406.4","14.76","-1","0.511093044","0.953708397","0","0.572225038","18","0.619047619","0.428571429","S1 P1 O13","de-protonated","0","-9999","C21 H9 O13 P1 S1","21","9","13","-9999","1","1","-9999","-9999","-9999","-9999","-9999","-9999"
"825","530.946993","530.94675142","530.946243368","1922612","-9999","261977.5","14.15","-1","0.956880554","0.84692925","0","0.50815755","13","0.722222222","0.722222222","S2 P1 O13","de-protonated","0","-9999","C18 H13 O13 P1 S2","18","13","13","-9999","1","2","-9999","-9999","-9999","-9999","-9999","-9999"
"826","530.948475","530.948233418","530.94861235","2178612.8","-9999","387411.9","16.25","-1","-0.713688554","0.911721112","0","0.547032667","22","0.4","0.32","S2 O10","de-protonated","0","-9999","C25 H8 O10 S2","25","8","10","-9999","-9999","2","-9999","-9999","-9999","-9999","-9999","-9999"
"827","531.076801","531.076559213","531.076529264","2178702.8","-9999","276704.9","16.25","-1","0.056393095","0.999423127","0","0.599653876","5","0.666666667","1.611111111","S2 P1 O12","de-protonated","0","-9999","C18 H29 O12 P1 S2","18","29","12","-9999","1","2","-9999","-9999","-9999","-9999","-9999","-9999"
"827","531.076801","531.076559213","531.076864353","2178702.8","-9999","276704.9","16.25","-1","-0.574568186","0.941857395","0","0.565114437","24","0.172413793","0.551724138","N4 S1 O5","de-protonated","0","-9999","C29 H16 O5 N4 S1","29","16","5","4","-9999","1","-9999","-9999","-9999","-9999","-9999","-9999"
"827","531.076801","531.076559213","531.076997295","2178702.8","-9999","276704.9","16.25","-1","-0.824892818","0.883851316","0","0.53031079","11","0.722222222","1.166666667","N4 P1 O13","de-protonated","0","-9999","C18 H21 O13 N4 P1","18","21","13","4","1","-9999","-9999","-9999","-9999","-9999","-9999","-9999"
"828","531.102689","531.102447172","531.102667922","3217057","-9999","296278.2","24.8","-1","-0.415644473","0.484569546","0.703327172","0.572072597","32","0.076923077","0.41025641","O3","de-protonated","0","-9999","C39 H16 O3","39","16","3","-9999","-9999","-9999","-9999","-9999","-9999","-9999","-9999","-9999"
"828","531.102689","531.102447172","531.102529538","3217057","-9999","296278.2","24.8","-1","-0.155083914","0.995645483","0","0.59738729","5","0.888888889","1.555555556","S1 O16","de-protonated","0","-9999","C18 H28 O16 S1","18","28","16","-9999","-9999","1","-9999","-9999","-9999","-9999","-9999","-9999"
"828","531.102689","531.102447172","531.102016473","3217057","-9999","296278.2","24.8","-1","0.810953033","0.443757974","0.748902347","0.565815723","23","0.161290323","0.64516129","N2 S1 O5","de-protonated","0","-9999","C31 H20 O5 N2 S1","31","20","5","2","-9999","1","-9999","-9999","-9999","-9999","-9999","-9999"
"828","531.102689","531.102447172","531.102149415","3217057","-9999","296278.2","24.8","-1","0.56063991","0.94456344","0","0.566738064","10","0.65","1.25","N2 P1 O13","de-protonated","0","-9999","C20 H25 O13 N2 P1","20","25","13","2","1","-9999","-9999","-9999","-9999","-9999","-9999","-9999"
"829","531.113236","531.112994155","531.112914774","2396840.3","-9999","284525.4","18.05","-1","0.149462764","0.9959548","0","0.59757288","4","0.578947368","1.736842105","S2 P1 O11","de-protonated","0","-9999","C19 H33 O11 P1 S2","19","33","11","-9999","1","2","-9999","-9999","-9999","-9999","-9999","-9999"
"829","531.113236","531.112994155","531.113249863","2396840.3","-9999","284525.4","18.05","-1","-0.48145535","0.958812566","0","0.57528754","23","0.133333333","0.666666667","N4 S1 O4","de-protonated","0","-9999","C30 H20 O4 N4 S1","30","20","4","4","-9999","1","-9999","-9999","-9999","-9999","-9999","-9999"
"829","531.113236","531.112994155","531.113382804","2396840.3","-9999","284525.4","18.05","-1","-0.731762856","0.907409379","0","0.544445627","10","0.631578947","1.315789474","N4 P1 O12","de-protonated","0","-9999","C19 H25 O12 N4 P1","19","25","12","4","1","-9999","-9999","-9999","-9999","-9999","-9999","-9999"
"830","531.149506","531.149264098","531.149300283","3168449.8","-9999","284302.9","24.4","-1","-0.068126942","0.9991582","0","0.59949492","3","0.5","1.85","S2 P1 O10","de-protonated","0","-9999","C20 H37 O10 P1 S2","20","37","10","-9999","1","2","-9999","-9999","-9999","-9999","-9999","-9999"
"830","531.149506","531.149264098","531.149635372","3168449.8","-9999","284302.9","24.4","-1","-0.699001699","0.457579966","0.748902347","0.574108918","22","0.096774194","0.774193548","N4 S1 O3","de-protonated","0","-9999","C31 H24 O3 N4 S1","31","24","3","4","-9999","1","-9999","-9999","-9999","-9999","-9999","-9999"
"830","531.149506","531.149264098","531.149768314","3168449.8","-9999","284302.9","24.4","-1","-0.949292003","0.849155081","0","0.509493048","9","0.55","1.45","N4 P1 O11","de-protonated","0","-9999","C20 H29 O11 N4 P1","20","29","11","4","1","-9999","-9999","-9999","-9999","-9999","-9999","-9999"
"831","531.186062","531.185820039","531.185685792","2588379.5","-9999","341631.5","19.62","-1","0.252730426","0.988477289","0","0.593086373","2","0.428571429","1.952380952","S2 P1 O9","de-protonated","0","-9999","C21 H41 O9 P1 S2","21","41","9","-9999","1","2","-9999","-9999","-9999","-9999","-9999","-9999"
"831","531.186062","531.185820039","531.186020881","2588379.5","-9999","341631.5","19.62","-1","-0.37810132","0.487196769","0.742885034","0.589472075","21","0.0625","0.875","N4 S1 O2","de-protonated","0","-9999","C32 H28 O2 N4 S1","32","28","2","4","-9999","1","-9999","-9999","-9999","-9999","-9999","-9999"
"831","531.186062","531.185820039","531.186153823","2588379.5","-9999","341631.5","19.62","-1","-0.62837456","0.930860505","0","0.558516303","8","0.476190476","1.571428571","N4 P1 O10","de-protonated","0","-9999","C21 H33 O10 N4 P1","21","33","10","4","1","-9999","-9999","-9999","-9999","-9999","-9999","-9999"
"832","531.22014","531.219897985","531.220417532","2241011.3","-9999","209919.1","16.76","-1","-0.978024573","0.84066546","0","0.504399276","6","0.291666667","1.666666667","N2 S2 O7","de-protonated","0","-9999","C24 H40 O7 N2 S2","24","40","7","2","-9999","2","-9999","-9999","-9999","-9999","-9999","-9999"
"832","531.22014","531.219897985","531.219548152","2241011.3","-9999","209919.1","16.76","-1","0.658547392","0.924325023","0","0.554595014","7","0.52173913","1.565217391","N2 O12","de-protonated","0","-9999","C23 H36 O12 N2","23","36","12","2","-9999","-9999","-9999","-9999","-9999","-9999","-9999","-9999"
"832","531.22014","531.219897985","531.220037409","2241011.3","-9999","209919.1","16.76","-1","-0.262460172","0.987578635","0","0.592547181","11","0.153846154","1.423076923","N4 S1 P1 O4","de-protonated","0","-9999","C26 H37 O4 N4 P1 S1","26","37","4","4","1","1","-9999","-9999","-9999","-9999","-9999","-9999"
"833","531.222313","531.222070981","531.222071302","1844468.8","-9999","311012","13.5","-1","-6.03075e-4","0.999999934","0","0.59999996","1","0.363636364","2.045454545","S2 P1 O8","de-protonated","0","-9999","C22 H45 O8 P1 S2","22","45","8","-9999","1","2","-9999","-9999","-9999","-9999","-9999","-9999"
"833","531.222313","531.222070981","531.222406391","1844468.8","-9999","311012","13.5","-1","-0.631391453","0.930218796","0","0.558131277","20","0.03030303","0.96969697","N4 S1 O1","de-protonated","0","-9999","C33 H32 O1 N4 S1","33","32","1","4","-9999","1","-9999","-9999","-9999","-9999","-9999","-9999"
"833","531.222313","531.222070981","531.222539332","1844468.8","-9999","311012","13.5","-1","-0.881647487","0.868454156","0","0.521072494","7","0.409090909","1.681818182","N4 P1 O9","de-protonated","0","-9999","C22 H37 O9 N4 P1","22","37","9","4","1","-9999","-9999","-9999","-9999","-9999","-9999","-9999"
"834","531.238012","531.237769956","531.237327443","1810687.9","-9999","243226.9","13.22","-1","0.832986104","0.88170209","0","0.529021254","5","0.192307692","1.730769231","S2 P1 O5","de-protonated","0","-9999","C26 H45 O5 P1 S2","26","45","5","-9999","1","2","-9999","-9999","-9999","-9999","-9999","-9999"
"834","531.238012","531.237769956","531.238175596","1810687.9","-9999","243226.9","13.22","-1","-0.763574376","0.899610939","0","0.539766563","6","0.375","1.666666667","N2 S1 O9","de-protonated","0","-9999","C24 H40 O9 N2 S1","24","40","9","2","-9999","1","-9999","-9999","-9999","-9999","-9999","-9999"
"834","531.238012","531.237769956","531.237795474","1810687.9","-9999","243226.9","13.22","-1","-0.048033741","0.999581442","0","0.599748865","11","0.230769231","1.423076923","N4 P1 O6","de-protonated","0","-9999","C26 H37 O6 N4 P1","26","37","6","4","1","-9999","-9999","-9999","-9999","-9999","-9999","-9999"
"835","531.256364","531.256121927","531.255933661","2283020.8","-9999","227929.5","17.11","-1","0.354379363","0.977470482","0","0.586482289","6","0.458333333","1.666666667","N2 O11","de-protonated","0","-9999","C24 H40 O11 N2","24","40","11","2","-9999","-9999","-9999","-9999","-9999","-9999","-9999","-9999"
"835","531.256364","531.256121927","531.256422918","2283020.8","-9999","227929.5","17.11","-1","-0.566564841","0.943419488","0","0.566051693","10","0.111111111","1.518518519","N4 S1 P1 O3","de-protonated","0","-9999","C27 H41 O3 N4 P1 S1","27","41","3","4","1","1","-9999","-9999","-9999","-9999","-9999","-9999"
"836","531.940335","531.940091837","531.93983857","3658986.5","-9999","256791.7","28.43","-1","0.476118411","0.959702082","0","0.575821249","18","0.631578947","0.368421053","N3 S2 O12","de-protonated","0","-9999","C19 H7 O12 N3 S2","19","7","12","3","-9999","2","-9999","-9999","-9999","-9999","-9999","-9999"
"837","532.108541","532.108297568","532.108163746","4848991.5","-9999","334029.4","38.23","-1","0.251494749","0.95696673","0.888084607","0.929413881","4","0.611111111","1.777777778","N1 S2 P1 O11","de-protonated","0","-9999","C18 H32 O11 N1 P1 S2","18","32","11","1","1","2","-9999","-9999","-9999","-9999","-9999","-9999"
"840","533.09256","533.092314999","533.092179329","3172363.3","-9999","291448.3","24.42","-1","0.254497261","0.988316564","0","0.592989938","4","0.666666667","1.722222222","S2 P1 O12","de-protonated","0","-9999","C18 H31 O12 P1 S2","18","31","12","-9999","1","2","-9999","-9999","-9999","-9999","-9999","-9999"
"840","533.09256","533.092314999","533.092514418","3172363.3","-9999","291448.3","24.42","-1","-0.374078448","0.487464337","0.761234226","0.596972293","23","0.172413793","0.620689655","N4 S1 O5","de-protonated","0","-9999","C29 H18 O5 N4 S1","29","18","5","4","-9999","1","-9999","-9999","-9999","-9999","-9999","-9999"
"840","533.09256","533.092314999","533.09264736","3172363.3","-9999","291448.3","24.42","-1","-0.623456639","0.931900924","0","0.559140555","10","0.722222222","1.277777778","N4 P1 O13","de-protonated","0","-9999","C18 H23 O13 N4 P1","18","23","13","4","1","-9999","-9999","-9999","-9999","-9999","-9999","-9999"
"841","533.111415","533.111169969","533.111518581","1838104.4","-9999","248735.7","13.44","-1","-0.65391895","0.925344414","0.888084607","0.910440491","4","0.611111111","1.777777778","13C1 N1 S2 P1 O11","de-protonated","1","837","C17 H32 O11 N1 P1 S2 13C1","17","32","11","1","1","2","1","-9999","-9999","-9999","-9999","-9999"
"841","533.111415","533.111169969","533.111654927","1838104.4","-9999","248735.7","13.44","-1","-0.909673124","0.860579112","0","0.516347467","4","0.764705882","1.764705882","N2 S2 O13","de-protonated","0","-9999","C17 H30 O13 N2 S2","17","30","13","2","-9999","2","-9999","-9999","-9999","-9999","-9999","-9999"
"841","533.111415","533.111169969","533.111141862","1838104.4","-9999","248735.7","13.44","-1","0.052722412","0.999495763","0","0.599697458","22","0.066666667","0.733333333","N4 S2 O2","de-protonated","0","-9999","C30 H22 O2 N4 S2","30","22","2","4","-9999","2","-9999","-9999","-9999","-9999","-9999","-9999"
"841","533.111415","533.111169969","533.111274804","1838104.4","-9999","248735.7","13.44","-1","-0.196647172","0.993007918","0","0.595804751","9","0.526315789","1.421052632","N4 S1 P1 O10","de-protonated","0","-9999","C19 H27 O10 N4 P1 S1","19","27","10","4","1","1","-9999","-9999","-9999","-9999","-9999","-9999"
"842","533.118421","533.118175958","533.118317987","18363422","-9999","281027.2","149.48","-1","-0.266410646","0.625018304","0.855681032","0.717283395","31","0.076923077","0.461538462","O3","de-protonated","0","-9999","C39 H18 O3","39","18","3","-9999","-9999","-9999","-9999","-9999","-9999","-9999","-9999","-9999"
"842","533.118421","533.118175958","533.118179602","18363422","-9999","281027.2","149.48","-1","-0.006835193","0.648824069","0.963901354","0.774854983","4","0.888888889","1.666666667","S1 O16","de-protonated","0","-9999","C18 H30 O16 S1","18","30","16","-9999","-9999","1","-9999","-9999","-9999","-9999","-9999","-9999"
"842","533.118421","533.118175958","533.117666538","18363422","-9999","281027.2","149.48","-1","0.955549434","0.45432013","0.889912452","0.628557058","22","0.161290323","0.709677419","N2 S1 O5","de-protonated","0","-9999","C31 H22 O5 N2 S1","31","22","5","2","-9999","1","-9999","-9999","-9999","-9999","-9999","-9999"
"842","533.118421","533.118175958","533.118668859","18363422","-9999","281027.2","149.48","-1","-0.924562099","0.285441732","0.759524399","0.475074799","8","0.380952381","1.476190476","N2 S2 P1 O8","de-protonated","0","-9999","C21 H31 O8 N2 P1 S2","21","31","8","2","1","2","-9999","-9999","-9999","-9999","-9999","-9999"
"842","533.118421","533.118175958","533.11779948","18363422","-9999","281027.2","149.48","-1","0.706182677","0.954394037","0.985075353","0.966666564","9","0.65","1.35","N2 P1 O13","de-protonated","0","-9999","C20 H27 O13 N2 P1","20","27","13","2","1","-9999","-9999","-9999","-9999","-9999","-9999","-9999"
"843","533.128918","533.128672941","533.128564838","2720804.5","-9999","260444","20.7","-1","0.20277131","0.992567279","0","0.595540367","3","0.578947368","1.842105263","S2 P1 O11","de-protonated","0","-9999","C19 H35 O11 P1 S2","19","35","11","-9999","1","2","-9999","-9999","-9999","-9999","-9999","-9999"
"843","533.128918","533.128672941","533.128899927","2720804.5","-9999","260444","20.7","-1","-0.425761467","0.483821667","0.755017935","0.592300174","22","0.133333333","0.733333333","N4 S1 O4","de-protonated","0","-9999","C30 H22 O4 N4 S1","30","22","4","4","-9999","1","-9999","-9999","-9999","-9999","-9999","-9999"
"843","533.128918","533.128672941","533.129032869","2720804.5","-9999","260444","20.7","-1","-0.675122626","0.920624902","0","0.552374941","9","0.631578947","1.421052632","N4 P1 O12","de-protonated","0","-9999","C19 H27 O12 N4 P1","19","27","12","4","1","-9999","-9999","-9999","-9999","-9999","-9999","-9999"
"844","533.165331","533.165085883","533.164950348","6192189.5","-9999","322166.3","49.28","-1","0.254209823","0.981601031","0.950404758","0.969122522","2","0.5","1.95","S2 P1 O10","de-protonated","0","-9999","C20 H39 O10 P1 S2","20","39","10","-9999","1","2","-9999","-9999","-9999","-9999","-9999","-9999"
"844","533.165331","533.165085883","533.165285436","6192189.5","-9999","322166.3","49.28","-1","-0.374280093","0.981690696","0.97634185","0.979551158","21","0.096774194","0.838709677","N4 S1 O3","de-protonated","0","-9999","C31 H26 O3 N4 S1","31","26","3","4","-9999","1","-9999","-9999","-9999","-9999","-9999","-9999"
"844","533.165331","533.165085883","533.165418378","6192189.5","-9999","322166.3","49.28","-1","-0.623624247","0.943621015","0.950404758","0.946334512","8","0.55","1.55","N4 P1 O11","de-protonated","0","-9999","C20 H31 O11 N4 P1","20","31","11","4","1","-9999","-9999","-9999","-9999","-9999","-9999","-9999"
"845","533.201746","533.201500825","533.201335857","2690647","-9999","262279.1","20.45","-1","0.309392238","0.982781056","0","0.589668634","1","0.428571429","2.047619048","S2 P1 O9","de-protonated","0","-9999","C21 H43 O9 P1 S2","21","43","9","-9999","1","2","-9999","-9999","-9999","-9999","-9999","-9999"
"845","533.201746","533.201500825","533.201670946","2690647","-9999","262279.1","20.45","-1","-0.319054825","0.490849396","0.742885034","0.591663651","20","0.0625","0.9375","N4 S1 O2","de-protonated","0","-9999","C32 H30 O2 N4 S1","32","30","2","4","-9999","1","-9999","-9999","-9999","-9999","-9999","-9999"
"845","533.201746","533.201500825","533.201803888","2690647","-9999","262279.1","20.45","-1","-0.568381977","0.943066515","0","0.565839909","7","0.476190476","1.666666667","N4 P1 O10","de-protonated","0","-9999","C21 H35 O10 N4 P1","21","35","10","4","1","-9999","-9999","-9999","-9999","-9999","-9999","-9999"
"846","533.235633","533.235387771","533.235198216","2134126.5","-9999","297536.6","15.87","-1","0.355481264","0.977331761","0","0.586399057","6","0.52173913","1.652173913","N2 O12","de-protonated","0","-9999","C23 H38 O12 N2","23","38","12","2","-9999","-9999","-9999","-9999","-9999","-9999","-9999","-9999"
"846","533.235633","533.235387771","533.235687473","2134126.5","-9999","297536.6","15.87","-1","-0.562044579","0.944293197","0","0.566575918","10","0.153846154","1.5","N4 S1 P1 O4","de-protonated","0","-9999","C26 H39 O4 N4 P1 S1","26","39","4","4","1","1","-9999","-9999","-9999","-9999","-9999","-9999"
"847","534.116843","534.116596366","534.116938262","1775822.5","-9999","379254.3","12.92","-1","-0.640114282","0.92834864","0","0.557009184","26","0.085714286","0.6","N1 S1 O3","de-protonated","0","-9999","C35 H21 O3 N1 S1","35","21","3","1","-9999","1","-9999","-9999","-9999","-9999","-9999","-9999"
"847","534.116843","534.116596366","534.117071204","1775822.5","-9999","379254.3","12.92","-1","-0.889014106","0.866401148","0","0.519840689","13","0.458333333","1.083333333","N1 P1 O11","de-protonated","0","-9999","C24 H26 O11 N1 P1","24","26","11","1","1","-9999","-9999","-9999","-9999","-9999","-9999","-9999"
"847","534.116843","534.116596366","534.116286813","1775822.5","-9999","379254.3","12.92","-1","0.579560682","0.940873194","0","0.564523916","17","0.185185185","0.925925926","N3 S2 O5","de-protonated","0","-9999","C27 H25 O5 N3 S2","27","25","5","3","-9999","2","-9999","-9999","-9999","-9999","-9999","-9999"
"847","534.116843","534.116596366","534.116419755","1775822.5","-9999","379254.3","12.92","-1","0.330660251","0.980356586","0","0.588213952","4","0.8125","1.875","N3 S1 P1 O13","de-protonated","0","-9999","C16 H30 O13 N3 P1 S1","16","30","13","3","1","1","-9999","-9999","-9999","-9999","-9999","-9999"
"848","534.121487","534.121240359","534.121672822","4385233.5","-9999","226660.3","34.4","-1","-0.809671011","0.591900398","0.855681032","0.697412651","31","0.076923077","0.461538462","13C1 O3","de-protonated","1","842","C38 H18 O3 13C1","38","18","3","-9999","-9999","-9999","1","-9999","-9999","-9999","-9999","-9999"
"848","534.121487","534.121240359","534.121534437","4385233.5","-9999","226660.3","34.4","-1","-0.550583315","0.630987123","0.963901354","0.764152816","4","0.888888889","1.666666667","13C1 S1 O16","de-protonated","1","842","C17 H30 O16 S1 13C1","17","30","16","-9999","-9999","1","1","-9999","-9999","-9999","-9999","-9999"
"848","534.121487","534.121240359","534.121021373","4385233.5","-9999","226660.3","34.4","-1","0.409992934","0.484979987","0.889912452","0.646952973","22","0.161290323","0.709677419","13C1 N2 S1 O5","de-protonated","1","842","C30 H22 O5 N2 S1 13C1","30","22","5","2","-9999","1","1","-9999","-9999","-9999","-9999","-9999"
"848","534.121487","534.121240359","534.121154315","4385233.5","-9999","226660.3","34.4","-1","0.161094752","0.9953022","0.985075353","0.991211461","9","0.65","1.35","13C1 N2 P1 O13","de-protonated","1","842","C19 H27 O13 N2 P1 13C1","19","27","13","2","1","-9999","1","-9999","-9999","-9999","-9999","-9999"
"848","534.121487","534.121240359","534.12129066","4385233.5","-9999","226660.3","34.4","-1","-0.094176184","0.499195999","0.829532115","0.631330445","9","0.789473684","1.315789474","N3 O15","de-protonated","0","-9999","C19 H25 O15 N3","19","25","15","3","-9999","-9999","-9999","-9999","-9999","-9999","-9999","-9999"
"849","534.124214","534.123967354","534.12381381","18089684","-9999","264018.4","147.22","-1","0.287468921","0.66170398","0.93031813","0.76914964","3","0.611111111","1.888888889","N1 S2 P1 O11","de-protonated","0","-9999","C18 H34 O11 N1 P1 S2","18","34","11","1","1","2","-9999","-9999","-9999","-9999","-9999","-9999"
"850","534.168752","534.168505283","534.168305183","1822962.1","-9999","280388.8","13.31","-1","0.374602461","0.974859276","0.950404758","0.965077469","2","0.5","1.95","13C1 S2 P1 O10","de-protonated","1","844","C19 H39 O10 P1 S2 13C1","19","39","10","-9999","1","2","1","-9999","-9999","-9999","-9999","-9999"
"850","534.168752","534.168505283","534.168712854","1822962.1","-9999","280388.8","13.31","-1","-0.388587001","0.972973215","0","0.583783929","16","0.24137931","1.034482759","N1 P1 O7","de-protonated","0","-9999","C29 H30 O7 N1 P1","29","30","7","1","1","-9999","-9999","-9999","-9999","-9999","-9999","-9999"
"850","534.168752","534.168505283","534.168441528","1822962.1","-9999","280388.8","13.31","-1","0.119354003","0.997418533","0","0.59845112","2","0.631578947","1.947368421","N1 S2 O12","de-protonated","0","-9999","C19 H37 O12 N1 S2","19","37","12","1","-9999","2","-9999","-9999","-9999","-9999","-9999","-9999"
"850","534.168752","534.168505283","534.168061406","1822962.1","-9999","280388.8","13.31","-1","0.830970052","0.882238938","0","0.529343363","7","0.428571429","1.619047619","N3 S1 P1 O9","de-protonated","0","-9999","C21 H34 O9 N3 P1 S1","21","34","9","3","1","1","-9999","-9999","-9999","-9999","-9999","-9999"
"850","534.168752","534.168505283","534.168640272","1822962.1","-9999","280388.8","13.31","-1","-0.252707007","0.988479412","0.97634185","0.983624387","21","0.096774194","0.838709677","13C1 N4 S1 O3","de-protonated","1","844","C30 H26 O3 N4 S1 13C1","30","26","3","4","-9999","1","1","-9999","-9999","-9999","-9999","-9999"
"850","534.168752","534.168505283","534.168773213","1822962.1","-9999","280388.8","13.31","-1","-0.501582836","0.955376448","0.950404758","0.953387772","8","0.55","1.55","13C1 N4 P1 O11","de-protonated","1","844","C19 H31 O11 N4 P1 13C1","19","31","11","4","1","-9999","1","-9999","-9999","-9999","-9999","-9999"
"853","535.071853","535.071604843","535.071443884","2201437.8","-9999","330679.5","16.42","-1","0.300818603","0.983714443","0","0.590228666","4","0.764705882","1.705882353","S2 P1 O13","de-protonated","0","-9999","C17 H29 O13 P1 S2","17","29","13","-9999","1","2","-9999","-9999","-9999","-9999","-9999","-9999"
"853","535.071853","535.071604843","535.071778973","2201437.8","-9999","330679.5","16.42","-1","-0.325431994","0.980966959","0","0.588580175","23","0.214285714","0.571428571","N4 S1 O6","de-protonated","0","-9999","C28 H16 O6 N4 S1","28","16","6","4","-9999","1","-9999","-9999","-9999","-9999","-9999","-9999"
"853","535.071853","535.071604843","535.071911915","2201437.8","-9999","330679.5","16.42","-1","-0.573887732","0.941990957","0","0.565194574","10","0.823529412","1.235294118","N4 P1 O14","de-protonated","0","-9999","C17 H21 O14 N4 P1","17","21","14","4","1","-9999","-9999","-9999","-9999","-9999","-9999","-9999"
"854","535.108069","535.107820786","535.107829393","4058486.8","-9999","253981.7","31.7","-1","-0.016085826","0.999953051","0","0.59997183","3","0.666666667","1.833333333","S2 P1 O12","de-protonated","0","-9999","C18 H33 O12 P1 S2","18","33","12","-9999","1","2","-9999","-9999","-9999","-9999","-9999","-9999"
"854","535.108069","535.107820786","535.107316329","4058486.8","-9999","253981.7","31.7","-1","0.942720429","0.425536487","0.748902347","0.554882831","21","0.032258065","0.806451613","N2 S2 P1 O1","de-protonated","0","-9999","C31 H25 O1 N2 P1 S2","31","25","1","2","1","2","-9999","-9999","-9999","-9999","-9999","-9999"
"854","535.108069","535.107820786","535.108164482","4058486.8","-9999","253981.7","31.7","-1","-0.642293641","0.463938989","0.761234226","0.582857084","22","0.172413793","0.689655172","N4 S1 O5","de-protonated","0","-9999","C29 H20 O5 N4 S1","29","20","5","4","-9999","1","-9999","-9999","-9999","-9999","-9999","-9999"
"854","535.108069","535.107820786","535.10829742400006","4058486.8","-9999","253981.7","31.7","-1","-0.890732407","0.86592052","0","0.519552312","9","0.722222222","1.388888889","N4 P1 O13","de-protonated","0","-9999","C18 H25 O13 N4 P1","18","25","13","4","1","-9999","-9999","-9999","-9999","-9999","-9999","-9999"
"855","535.115323","535.115074774","535.115558538","5251963.5","-9999","247939.4","41.53","-1","-0.904035493","0.43108862","0.748902347","0.558214111","21","0.096774194","0.774193548","N2 S2 O3","de-protonated","0","-9999","C31 H24 O3 N2 S2","31","24","3","2","-9999","2","-9999","-9999","-9999","-9999","-9999","-9999"
"855","535.115323","535.115074774","535.114689158","5251963.5","-9999","247939.4","41.53","-1","0.720623859","0.455038497","0.755017935","0.575030272","22","0.266666667","0.666666667","N2 O8","de-protonated","0","-9999","C30 H20 O8 N2","30","20","8","2","-9999","-9999","-9999","-9999","-9999","-9999","-9999","-9999"
"856","535.127414","535.127165755","535.127168645","4861316","-9999","267962.4","38.31","-1","-0.005401813","0.666663137","0.93031813","0.772125134","3","0.611111111","1.888888889","13C1 N1 S2 P1 O11","de-protonated","1","849","C17 H34 O11 N1 P1 S2 13C1","17","34","11","1","1","2","1","-9999","-9999","-9999","-9999","-9999"
"856","535.127414","535.127165755","535.127576317","4861316","-9999","267962.4","38.31","-1","-0.767223471","0.44934978800000003","0.773979033","0.579201486","17","0.296296296","0.925925926","N2 P1 O8","de-protonated","0","-9999","C27 H25 O8 N2 P1","27","25","8","2","1","-9999","-9999","-9999","-9999","-9999","-9999","-9999"
"856","535.127414","535.127165755","535.127304991","4861316","-9999","267962.4","38.31","-1","-0.260192809","0.493895506","0.844689208","0.634212987","3","0.764705882","1.882352941","N2 S2 O13","de-protonated","0","-9999","C17 H32 O13 N2 S2","17","32","13","2","-9999","2","-9999","-9999","-9999","-9999","-9999","-9999"
"856","535.127414","535.127165755","535.126791927","4861316","-9999","267962.4","38.31","-1","0.698578316","0.457629097","0.755017935","0.576584632","21","0.066666667","0.8","N4 S2 O2","de-protonated","0","-9999","C30 H24 O2 N4 S2","30","24","2","4","-9999","2","-9999","-9999","-9999","-9999","-9999","-9999"
"856","535.127414","535.127165755","535.126924869","4861316","-9999","267962.4","38.31","-1","0.450147866","0.481950103","0.829532115","0.620982908","8","0.526315789","1.526315789","N4 S1 P1 O10","de-protonated","0","-9999","C19 H29 O10 N4 P1 S1","19","29","10","4","1","1","-9999","-9999","-9999","-9999","-9999","-9999"
"857","535.144355","535.144106728","535.144214903","2626703.3","-9999","247969.8","19.92","-1","-0.202141508","0.992613208","0","0.595567925","2","0.578947368","1.947368421","S2 P1 O11","de-protonated","0","-9999","C19 H37 O11 P1 S2","19","37","11","-9999","1","2","-9999","-9999","-9999","-9999","-9999","-9999"
"857","535.144355","535.144106728","535.144549992","2626703.3","-9999","247969.8","19.92","-1","-0.82830663","0.441473338","0.755017935","0.566891177","21","0.133333333","0.8","N4 S1 O4","de-protonated","0","-9999","C30 H24 O4 N4 S1","30","24","4","4","-9999","1","-9999","-9999","-9999","-9999","-9999","-9999"
"858","535.180952","535.180703669","535.180600412","12620200","-9999","252226.6","102.19","-1","0.192939426","0.663858225","0.923686196","0.767789413","1","0.5","2.05","S2 P1 O10","de-protonated","0","-9999","C20 H41 O10 P1 S2","20","41","10","-9999","1","2","-9999","-9999","-9999","-9999","-9999","-9999"
"858","535.180952","535.180703669","535.180935501","12620200","-9999","252226.6","102.19","-1","-0.433183372","0.958571545","0.990873182","0.9714922","20","0.096774194","0.903225806","N4 S1 O3","de-protonated","0","-9999","C31 H28 O3 N4 S1","31","28","3","4","-9999","1","-9999","-9999","-9999","-9999","-9999","-9999"
"858","535.180952","535.180703669","535.181068443","12620200","-9999","252226.6","102.19","-1","-0.681588407","0.907796834","0.935873426","0.919027471","7","0.55","1.65","N4 P1 O11","de-protonated","0","-9999","C20 H33 O11 N4 P1","20","33","11","4","1","-9999","-9999","-9999","-9999","-9999","-9999","-9999"
"859","535.217246","535.216997612","535.216985921","1791169.3","-9999","244142.1","13.04","-1","0.021842016","0.999913439","0","0.599948064","0","0.428571429","2.142857143","S2 P1 O9","de-protonated","0","-9999","C21 H45 O9 P1 S2","21","45","9","-9999","1","2","-9999","-9999","-9999","-9999","-9999","-9999"
"859","535.217246","535.216997612","535.21732101","1791169.3","-9999","244142.1","13.04","-1","-0.60423811","0.935899121","0","0.561539472","19","0.0625","1","N4 S1 O2","de-protonated","0","-9999","C32 H32 O2 N4 S1","32","32","2","4","-9999","1","-9999","-9999","-9999","-9999","-9999","-9999"
"859","535.217246","535.216997612","535.217453952","1791169.3","-9999","244142.1","13.04","-1","-0.852626215","0.876421607","0","0.525852964","6","0.476190476","1.761904762","N4 P1 O10","de-protonated","0","-9999","C21 H37 O10 N4 P1","21","37","10","4","1","-9999","-9999","-9999","-9999","-9999","-9999","-9999"
"860","536.13973","536.139480141","536.139463875","7924789.5","-9999","248681.4","63.53","-1","0.030338812","0.998235891","0.941278776","0.975453045","2","0.611111111","2","N1 S2 P1 O11","de-protonated","0","-9999","C18 H36 O11 N1 P1 S2","18","36","11","1","1","2","-9999","-9999","-9999","-9999","-9999","-9999"
"861","536.184257","536.18400707","536.183955247","4028499.8","-9999","263474.1","31.45","-1","0.096650816","0.665537636","0.923686196","0.76879706","1","0.5","2.05","13C1 S2 P1 O10","de-protonated","1","858","C19 H41 O10 P1 S2 13C1","19","41","10","-9999","1","2","1","-9999","-9999","-9999","-9999","-9999"
"861","536.184257","536.18400707","536.184362919","4028499.8","-9999","263474.1","31.45","-1","-0.663669416","0.461594933","0.761234226","0.58145065","15","0.24137931","1.103448276","N1 P1 O7","de-protonated","0","-9999","C29 H32 O7 N1 P1","29","32","7","1","1","-9999","-9999","-9999","-9999","-9999","-9999","-9999"
"861","536.184257","536.18400707","536.184091593","4028499.8","-9999","263474.1","31.45","-1","-0.157638028","0.497750598","0.829532115","0.630463205","1","0.631578947","2.052631579","N1 S2 O12","de-protonated","0","-9999","C19 H39 O12 N1 S2","19","39","12","1","-9999","2","-9999","-9999","-9999","-9999","-9999","-9999"
"861","536.184257","536.18400707","536.183578528","4028499.8","-9999","263474.1","31.45","-1","0.799243513","0.445278735","0.742885034","0.564321255","19","0.03125","0.96875","N3 S2 O1","de-protonated","0","-9999","C32 H31 O1 N3 S2","32","31","1","3","-9999","2","-9999","-9999","-9999","-9999","-9999","-9999"
"861","536.184257","536.18400707","536.18371147","4028499.8","-9999","263474.1","31.45","-1","0.55130268","0.473172283","0.81490939","0.609867126","6","0.428571429","1.714285714","N3 S1 P1 O9","de-protonated","0","-9999","C21 H36 O9 N3 P1 S1","21","36","9","3","1","1","-9999","-9999","-9999","-9999","-9999","-9999"
"861","536.184257","536.18400707","536.184290336","4028499.8","-9999","263474.1","31.45","-1","-0.528300266","0.950618417","0.990873182","0.966720323","20","0.096774194","0.903225806","13C1 N4 S1 O3","de-protonated","1","858","C30 H28 O3 N4 S1 13C1","30","28","3","4","-9999","1","1","-9999","-9999","-9999","-9999","-9999"
"861","536.184257","536.18400707","536.184423278","4028499.8","-9999","263474.1","31.45","-1","-0.776240441","0.896432963","0.935873426","0.912209148","7","0.55","1.65","13C1 N4 P1 O11","de-protonated","1","858","C19 H33 O11 N4 P1 13C1","19","33","11","4","1","-9999","1","-9999","-9999","-9999","-9999","-9999"
"863","536.979845","536.979593801","536.979437022","1760494.6","-9999","254658.8","12.78","-1","0.291964489","0.984651726","0","0.590791036","16","0.9","0.5","O18","de-protonated","0","-9999","C20 H10 O18","20","10","18","-9999","-9999","-9999","-9999","-9999","-9999","-9999","-9999","-9999"
"863","536.979845","536.979593801","536.97992628","1760494.6","-9999","254658.8","12.78","-1","-0.619163598","0.932803404","0","0.559682042","20","0.434782609","0.47826087","N2 S1 P1 O10","de-protonated","0","-9999","C23 H11 O10 N2 P1 S1","23","11","10","2","1","1","-9999","-9999","-9999","-9999","-9999","-9999"
"863","536.979845","536.979593801","536.979274831","1760494.6","-9999","254658.8","12.78","-1","0.594008506","0.937982992","0","0.562789795","11","0.8","1","N4 S2 P1 O12","de-protonated","0","-9999","C15 H15 O12 N4 P1 S2","15","15","12","4","1","2","-9999","-9999","-9999","-9999","-9999","-9999"
"864","537.087471","537.08721963","537.087093948","2017463.1","-9999","319738.1","14.89","-1","0.234005101","0.99011336","0","0.594068016","3","0.764705882","1.823529412","S2 P1 O13","de-protonated","0","-9999","C17 H31 O13 P1 S2","17","31","13","-9999","1","2","-9999","-9999","-9999","-9999","-9999","-9999"
"864","537.087471","537.08721963","537.087429037","2017463.1","-9999","319738.1","14.89","-1","-0.389895182","0.972793439","0","0.583676063","22","0.214285714","0.642857143","N4 S1 O6","de-protonated","0","-9999","C28 H18 O6 N4 S1","28","18","6","4","-9999","1","-9999","-9999","-9999","-9999","-9999","-9999"
"864","537.087471","537.08721963","537.087561979","2017463.1","-9999","319738.1","14.89","-1","-0.637418467","0.928928954","0","0.557357372","9","0.823529412","1.352941176","N4 P1 O14","de-protonated","0","-9999","C17 H23 O14 N4 P1","17","23","14","4","1","-9999","-9999","-9999","-9999","-9999","-9999","-9999"
"865","537.123856","537.123604572","537.123479458","2294479.8","-9999","241863.8","17.17","-1","0.232932945","0.990203305","0","0.594121983","2","0.666666667","1.944444444","S2 P1 O12","de-protonated","0","-9999","C18 H35 O12 P1 S2","18","35","12","-9999","1","2","-9999","-9999","-9999","-9999","-9999","-9999"
"865","537.123856","537.123604572","537.123814547","2294479.8","-9999","241863.8","17.17","-1","-0.390925072","0.972651506","0","0.583590903","21","0.172413793","0.75862069","N4 S1 O5","de-protonated","0","-9999","C29 H22 O5 N4 S1","29","22","5","4","-9999","1","-9999","-9999","-9999","-9999","-9999","-9999"
"865","537.123856","537.123604572","537.123947488","2294479.8","-9999","241863.8","17.17","-1","-0.63843159","0.928711109","0","0.557226665","8","0.722222222","1.5","N4 P1 O13","de-protonated","0","-9999","C18 H27 O13 N4 P1","18","27","13","4","1","-9999","-9999","-9999","-9999","-9999","-9999","-9999"
"866","537.142997","537.142745541","537.14281871","2257116.5","-9999","250107.8","16.86","-1","-0.136218755","0.996638782","0.941278776","0.974494779","2","0.611111111","2","13C1 N1 S2 P1 O11","de-protonated","1","860","C17 H36 O11 N1 P1 S2 13C1","17","36","11","1","1","2","1","-9999","-9999","-9999","-9999","-9999"
"866","537.142997","537.142745541","537.143226382","2257116.5","-9999","250107.8","16.86","-1","-0.89518155","0.864672976","0","0.518803786","16","0.296296296","1","N2 P1 O8","de-protonated","0","-9999","C27 H27 O8 N2 P1","27","27","8","2","1","-9999","-9999","-9999","-9999","-9999","-9999","-9999"
"866","537.142997","537.142745541","537.142955056","2257116.5","-9999","250107.8","16.86","-1","-0.390053605","0.972771629","0","0.583662977","2","0.764705882","2","N2 S2 O13","de-protonated","0","-9999","C17 H34 O13 N2 S2","17","34","13","2","-9999","2","-9999","-9999","-9999","-9999","-9999","-9999"
"866","537.142997","537.142745541","537.142441991","2257116.5","-9999","250107.8","16.86","-1","0.565119567","0.943699514","0","0.566219708","20","0.066666667","0.866666667","N4 S2 O2","de-protonated","0","-9999","C30 H26 O2 N4 S2","30","26","2","4","-9999","2","-9999","-9999","-9999","-9999","-9999","-9999"
"866","537.142997","537.142745541","537.142574933","2257116.5","-9999","250107.8","16.86","-1","0.317621395","0.98186137","0","0.589116822","7","0.526315789","1.631578947","N4 S1 P1 O10","de-protonated","0","-9999","C19 H31 O10 N4 P1 S1","19","31","10","4","1","1","-9999","-9999","-9999","-9999","-9999","-9999"
"867","537.16004","537.159788514","537.159864967","2522856","-9999","262038.1","19.05","-1","-0.142328747","0.996331055","0","0.597798633","1","0.578947368","2.052631579","S2 P1 O11","de-protonated","0","-9999","C19 H39 O11 P1 S2","19","39","11","-9999","1","2","-9999","-9999","-9999","-9999","-9999","-9999"
"867","537.16004","537.159788514","537.160200056","2522856","-9999","262038.1","19.05","-1","-0.766144272","0.449484731","0.755017935","0.571698013","20","0.133333333","0.866666667","N4 S1 O4","de-protonated","0","-9999","C30 H26 O4 N4 S1","30","26","4","4","-9999","1","-9999","-9999","-9999","-9999","-9999","-9999"
"868","537.196452","537.196200456","537.196250476","2655488.8","-9999","255726.2","20.14","-1","-0.093114386","0.998428024","0","0.599056815","0","0.5","2.15","S2 P1 O10","de-protonated","0","-9999","C20 H43 O10 P1 S2","20","43","10","-9999","1","2","-9999","-9999","-9999","-9999","-9999","-9999"
"868","537.196452","537.196200456","537.196585565","2655488.8","-9999","255726.2","20.14","-1","-0.716887689","0.455482158","0.748902347","0.572850233","19","0.096774194","0.967741935","N4 S1 O3","de-protonated","0","-9999","C31 H30 O3 N4 S1","31","30","3","4","-9999","1","-9999","-9999","-9999","-9999","-9999","-9999"
"868","537.196452","537.196200456","537.196718507","2655488.8","-9999","255726.2","20.14","-1","-0.964360598","0.84472368","0","0.506834208","6","0.55","1.75","N4 P1 O11","de-protonated","0","-9999","C20 H35 O11 N4 P1","20","35","11","4","1","-9999","-9999","-9999","-9999","-9999","-9999","-9999"
"869","537.378522","537.378270165","537.378646054","1786235.3","-9999","388394.1","12.99","-1","-0.699485193","0.915047659","0","0.549028595","1","0.24","2.2","N4 P1 O6","de-protonated","0","-9999","C25 H55 O6 N4 P1","25","55","6","4","1","-9999","-9999","-9999","-9999","-9999","-9999","-9999"
"873","539.103065","539.102810416","539.102744013","1839612.8","-9999","280228.6","13.42","-1","0.123172871","0.997250927","0","0.598350556","2","0.764705882","1.941176471","S2 P1 O13","de-protonated","0","-9999","C17 H33 O13 P1 S2","17","33","13","-9999","1","2","-9999","-9999","-9999","-9999","-9999","-9999"
"873","539.103065","539.102810416","539.103079102","1839612.8","-9999","280228.6","13.42","-1","-0.498394644","0.955929274","0","0.573557565","21","0.214285714","0.714285714","N4 S1 O6","de-protonated","0","-9999","C28 H20 O6 N4 S1","28","20","6","4","-9999","1","-9999","-9999","-9999","-9999","-9999","-9999"
"873","539.103065","539.102810416","539.103212044","1839612.8","-9999","280228.6","13.42","-1","-0.74499244","0.904198364","0","0.542519019","8","0.823529412","1.470588235","N4 P1 O14","de-protonated","0","-9999","C17 H25 O14 N4 P1","17","25","14","4","1","-9999","-9999","-9999","-9999","-9999","-9999","-9999"
"874","539.139358","539.13910335800006","539.139129522","2056725","-9999","294638.5","15.2","-1","-0.048529933","0.999572752","0","0.599743651","1","0.666666667","2.055555556","S2 P1 O12","de-protonated","0","-9999","C18 H37 O12 P1 S2","18","37","12","-9999","1","2","-9999","-9999","-9999","-9999","-9999","-9999"
"874","539.139358","539.13910335800006","539.138616458","2056725","-9999","294638.5","15.2","-1","0.903107011","0.862439773","0","0.517463864","19","0.032258065","0.935483871","N2 S2 P1 O1","de-protonated","0","-9999","C31 H29 O1 N2 P1 S2","31","29","1","2","1","2","-9999","-9999","-9999","-9999","-9999","-9999"
"874","539.139358","539.13910335800006","539.139464611","2056725","-9999","294638.5","15.2","-1","-0.670055393","0.921764248","0","0.553058549","20","0.172413793","0.827586207","N4 S1 O5","de-protonated","0","-9999","C29 H24 O5 N4 S1","29","24","5","4","-9999","1","-9999","-9999","-9999","-9999","-9999","-9999"
"874","539.139358","539.13910335800006","539.139597553","2056725","-9999","294638.5","15.2","-1","-0.916636504","0.858595585","0","0.515157351","7","0.722222222","1.611111111","N4 P1 O13","de-protonated","0","-9999","C18 H29 O13 N4 P1","18","29","13","4","1","-9999","-9999","-9999","-9999","-9999","-9999","-9999"
"875","539.167813","539.167558312","539.167988035","1856295.9","-9999","236599.3","13.55","-1","-0.797009589","0.891133873","0","0.534680324","14","0.178571429","1.142857143","N2 S2 O5","de-protonated","0","-9999","C28 H32 O5 N2 S2","28","32","5","2","-9999","2","-9999","-9999","-9999","-9999","-9999","-9999"
"875","539.167813","539.167558312","539.167118655","1856295.9","-9999","236599.3","13.55","-1","0.815438847","0.886341837","0","0.531805102","15","0.37037037","1.037037037","N2 O10","de-protonated","0","-9999","C27 H28 O10 N2","27","28","10","2","-9999","-9999","-9999","-9999","-9999","-9999","-9999","-9999"
"875","539.167813","539.167558312","539.167607912","1856295.9","-9999","236599.3","13.55","-1","-0.091992798","0.998465637","0","0.599079382","19","0.066666667","0.966666667","N4 S1 P1 O2","de-protonated","0","-9999","C30 H29 O2 N4 P1 S1","30","29","2","4","1","1","-9999","-9999","-9999","-9999","-9999","-9999"
"876","539.176009","539.175754299","539.175515032","1689133.4","-9999","340503.4","12.18","-1","0.443766118","0.964898472","0","0.578939083","0","0.578947368","2.157894737","S2 P1 O11","de-protonated","0","-9999","C19 H41 O11 P1 S2","19","41","11","-9999","1","2","-9999","-9999","-9999","-9999","-9999","-9999"
"876","539.176009","539.175754299","539.175850121","1689133.4","-9999","340503.4","12.18","-1","-0.177717706","0.99428559","0","0.596571354","19","0.133333333","0.933333333","N4 S1 O4","de-protonated","0","-9999","C30 H28 O4 N4 S1","30","28","4","4","-9999","1","-9999","-9999","-9999","-9999","-9999","-9999"
"876","539.176009","539.175754299","539.175983062","1689133.4","-9999","340503.4","12.18","-1","-0.424282298","0.967864123","0","0.580718474","6","0.631578947","1.736842105","N4 P1 O12","de-protonated","0","-9999","C19 H33 O12 N4 P1","19","33","12","4","1","-9999","-9999","-9999","-9999","-9999","-9999","-9999"
"877","539.269784","539.26952915","539.269750507","2537579.5","-9999","300481.4","19.16","-1","-0.410476162","0.969890197","0","0.581934118","12","0.137931034","1.379310345","N4 S1 O4","de-protonated","0","-9999","C29 H40 O4 N4 S1","29","40","4","4","-9999","1","-9999","-9999","-9999","-9999","-9999","-9999"
"878","540.126451","540.126194784","540.125982118","2547363","-9999","254326.8","18.36","-1","0.39373487","0.972262478","0","0.583357487","16","0.44","0.92","N3 O11","de-protonated","0","-9999","C25 H23 O11 N3","25","23","11","3","-9999","-9999","-9999","-9999","-9999","-9999","-9999","-9999"
"884","541.155047","541.154789144","541.154779587","1753415.6","-9999","336664.1","12.12","-1","0.017660708","0.999943408","0","0.599966045","0","0.666666667","2.166666667","S2 P1 O12","de-protonated","0","-9999","C18 H39 O12 P1 S2","18","39","12","-9999","1","2","-9999","-9999","-9999","-9999","-9999","-9999"
"884","541.155047","541.154789144","541.154266522","1753415.6","-9999","336664.1","12.12","-1","0.965753129","0.844311819","0","0.506587091","18","0.032258065","1","N2 S2 P1 O1","de-protonated","0","-9999","C31 H31 O1 N2 P1 S2","31","31","1","2","1","2","-9999","-9999","-9999","-9999","-9999","-9999"
"884","541.155047","541.154789144","541.155114676","1753415.6","-9999","336664.1","12.12","-1","-0.601549787","0.936449754","0","0.561869853","19","0.172413793","0.896551724","N4 S1 O5","de-protonated","0","-9999","C29 H26 O5 N4 S1","29","26","5","4","-9999","1","-9999","-9999","-9999","-9999","-9999","-9999"
"884","541.155047","541.154789144","541.155247617","1753415.6","-9999","336664.1","12.12","-1","-0.847212469","0.877886262","0","0.526731757","6","0.722222222","1.722222222","N4 P1 O13","de-protonated","0","-9999","C18 H31 O13 N4 P1","18","31","13","4","1","-9999","-9999","-9999","-9999","-9999","-9999","-9999"
"885","541.183255","541.182997099","541.182768719","16558426","-9999","244732.3","128.42","-1","0.422001184","0.938207118","0.992702003","0.960005072","14","0.37037037","1.111111111","N2 O10","de-protonated","0","-9999","C27 H30 O10 N2","27","30","10","2","-9999","-9999","-9999","-9999","-9999","-9999","-9999","-9999"
"885","541.183255","541.182997099","541.183257976","16558426","-9999","244732.3","128.42","-1","-0.482050353","0.651079188","0.945806317","0.76897004","18","0.066666667","1.033333333","N4 S1 P1 O2","de-protonated","0","-9999","C30 H31 O2 N4 P1 S1","30","31","2","4","1","1","-9999","-9999","-9999","-9999","-9999","-9999"
"886","541.240726","541.240468007","541.240283597","3462015.8","-9999","256753.8","25.54","-1","0.340718768","0.489578027","0.787157861","0.608609961","8","0.44","1.52","N2 O11","de-protonated","0","-9999","C25 H38 O11 N2","25","38","11","2","-9999","-9999","-9999","-9999","-9999","-9999","-9999","-9999"
"886","541.240726","541.240468007","541.240772854","3462015.8","-9999","256753.8","25.54","-1","-0.563236627","0.472031695","0.767553728","0.590240508","12","0.107142857","1.392857143","N4 S1 P1 O3","de-protonated","0","-9999","C28 H39 O3 N4 P1 S1","28","39","3","4","1","1","-9999","-9999","-9999","-9999","-9999","-9999"
"887","541.285352","541.285093936","541.285400572","1983901.1","-9999","284572.1","13.93","-1","-0.566495277","0.94343298","0","0.566059788","11","0.137931034","1.448275862","N4 S1 O4","de-protonated","0","-9999","C29 H42 O4 N4 S1","29","42","4","4","-9999","1","-9999","-9999","-9999","-9999","-9999","-9999"
"888","542.142277","542.14201757","542.142501562","5923789","-9999","280109.8","44.87","-1","-0.892739625","0.43267912","0.780512821","0.5718126","14","0.230769231","1.115384615","N3 S2 O6","de-protonated","0","-9999","C26 H29 O6 N3 S2","26","29","6","3","-9999","2","-9999","-9999","-9999","-9999","-9999","-9999"
"888","542.142277","542.14201757","542.141632182","5923789","-9999","280109.8","44.87","-1","0.7108618","0.45619376","0.787157861","0.588579401","15","0.44","1","N3 O11","de-protonated","0","-9999","C25 H25 O11 N3","25","25","11","3","-9999","-9999","-9999","-9999","-9999","-9999","-9999","-9999"
"889","542.186778","542.186518499","542.186123554","4635626","-9999","290425.6","34.75","-1","0.728429931","0.908211028","0.992702003","0.942007418","14","0.37037037","1.111111111","13C1 N2 O10","de-protonated","1","885","C26 H30 O10 N2 13C1","26","30","10","2","-9999","-9999","1","-9999","-9999","-9999","-9999","-9999"
"889","542.186778","542.186518499","542.186612812","4635626","-9999","290425.6","34.75","-1","-0.173948871","0.663016488","0.945806317","0.77613242","18","0.066666667","1.033333333","13C1 N4 S1 P1 O2","de-protonated","1","885","C29 H31 O2 N4 P1 S1 13C1","29","31","2","4","1","1","1","-9999","-9999","-9999","-9999","-9999"
"895","543.001896","543.001635199","543.002104475","2212347.8","-9999","239446.2","15.71","-1","-0.864225582","0.873260425","0","0.523956255","13","0.684210526","0.842105263","N2 S2 O13","de-protonated","0","-9999","C19 H16 O13 N2 S2","19","16","13","2","-9999","2","-9999","-9999","-9999","-9999","-9999","-9999"
"895","543.001896","543.001635199","543.001724353","2212347.8","-9999","239446.2","15.71","-1","-0.164186937","0.995120568","0","0.597072341","18","0.476190476","0.619047619","N4 S1 P1 O10","de-protonated","0","-9999","C21 H13 O10 N4 P1 S1","21","13","10","4","1","1","-9999","-9999","-9999","-9999","-9999","-9999"
"896","543.180437","543.180175914","543.179812566","5480047.5","-9999","252960.4","41.38","-1","0.668929039","0.461008264","0.761234226","0.581098649","12","0.137931034","1.275862069","S2 P1 O4","de-protonated","0","-9999","C29 H37 O4 P1 S2","29","37","4","-9999","1","2","-9999","-9999","-9999","-9999","-9999","-9999"
"896","543.180437","543.180175914","543.180660719","5480047.5","-9999","252960.4","41.38","-1","-0.892528867","0.432708661","0.773979033","0.56921681","13","0.296296296","1.185185185","N2 S1 O8","de-protonated","0","-9999","C27 H32 O8 N2 S1","27","32","8","2","-9999","1","-9999","-9999","-9999","-9999","-9999","-9999"
"896","543.180437","543.180175914","543.180280596","5480047.5","-9999","252960.4","41.38","-1","-0.192720361","0.496641723","0.761234226","0.602478724","18","0.172413793","1","N4 P1 O5","de-protonated","0","-9999","C29 H29 O5 N4 P1","29","29","5","4","1","-9999","-9999","-9999","-9999","-9999","-9999","-9999"
"896","543.180437","543.180175914","543.18000927","5480047.5","-9999","252960.4","41.38","-1","0.306793802","0.491533308","0.829532115","0.626732831","4","0.526315789","1.894736842","N4 S2 O10","de-protonated","0","-9999","C19 H36 O10 N4 S2","19","36","10","4","-9999","2","-9999","-9999","-9999","-9999","-9999","-9999"
"897","543.220153","543.21989185100006","543.220417532","4243081","-9999","266134","31.66","-1","-0.967711079","0.421866032","0.787157861","0.567982763","7","0.28","1.6","N2 S2 O7","de-protonated","0","-9999","C25 H40 O7 N2 S2","25","40","7","2","-9999","2","-9999","-9999","-9999","-9999","-9999","-9999"
"897","543.220153","543.21989185100006","543.219548152","4243081","-9999","266134","31.66","-1","0.632708184","0.464968948","0.793917021","0.596548177","8","0.5","1.5","N2 O12","de-protonated","0","-9999","C24 H36 O12 N2","24","36","12","2","-9999","-9999","-9999","-9999","-9999","-9999","-9999","-9999"
"897","543.220153","543.21989185100006","543.220037409","4243081","-9999","266134","31.66","-1","-0.267953842","0.493528307","0.773979033","0.605708597","12","0.148148148","1.37037037","N4 S1 P1 O4","de-protonated","0","-9999","C27 H37 O4 N4 P1 S1","27","37","4","4","1","1","-9999","-9999","-9999","-9999","-9999","-9999"
"898","543.256578","543.256316793","543.256803041","3558048.8","-9999","290117.8","26.28","-1","-0.895060757","0.432353452","0.780512821","0.5716172","6","0.230769231","1.692307692","N2 S2 O6","de-protonated","0","-9999","C26 H44 O6 N2 S2","26","44","6","2","-9999","2","-9999","-9999","-9999","-9999","-9999","-9999"
"898","543.256578","543.256316793","543.255933661","3558048.8","-9999","290117.8","26.28","-1","0.705251431","0.456851881","0.787157861","0.588974273","7","0.44","1.6","N2 O11","de-protonated","0","-9999","C25 H40 O11 N2","25","40","11","2","-9999","-9999","-9999","-9999","-9999","-9999","-9999","-9999"
"898","543.256578","543.256316793","543.256422918","3558048.8","-9999","290117.8","26.28","-1","-0.195350337","0.496549759","0.767553728","0.604951347","11","0.107142857","1.464285714","N4 S1 P1 O3","de-protonated","0","-9999","C28 H41 O3 N4 P1 S1","28","41","3","4","1","1","-9999","-9999","-9999","-9999","-9999","-9999"
"901","544.139377","544.139114385","544.138676029","1918682.9","-9999","233207.8","13.4","-1","0.805597742","0.88891117","0","0.533346702","13","0.185185185","1.185185185","N1 S2 P1 O5","de-protonated","0","-9999","C27 H32 O5 N1 P1 S2","27","32","5","1","1","2","-9999","-9999","-9999","-9999","-9999","-9999"
"901","544.139377","544.139114385","544.139524182","1918682.9","-9999","233207.8","13.4","-1","-0.753108832","0.90220566","0","0.541323396","14","0.36","1.08","N3 S1 O9","de-protonated","0","-9999","C25 H27 O9 N3 S1","25","27","9","3","-9999","1","-9999","-9999","-9999","-9999","-9999","-9999"
"906","544.999098","544.99883401500006","544.999127095","2031363.4","-9999","336001.6","14.28","-1","-0.537763541","0.948879867","0","0.56932792","13","0.888888889","0.777777778","N2 S1 O16","de-protonated","0","-9999","C18 H14 O16 N2 S1","18","14","16","2","-9999","1","-9999","-9999","-9999","-9999","-9999","-9999"
"906","544.999098","544.99883401500006","544.998746973","2031363.4","-9999","336001.6","14.28","-1","0.159710201","0.995382419","0","0.597229451","18","0.65","0.55","N4 P1 O13","de-protonated","0","-9999","C20 H11 O13 N4 P1","20","11","13","4","1","-9999","-9999","-9999","-9999","-9999","-9999","-9999"
"907","545.014131","545.013866991","545.013535083","2282765","-9999","295489.1","16.25","-1","0.608989004","0.934920818","0","0.560952491","16","0.375","0.791666667","S2 P1 O9","de-protonated","0","-9999","C24 H19 O9 P1 S2","24","19","9","-9999","1","2","-9999","-9999","-9999","-9999","-9999","-9999"
"907","545.014131","545.013866991","545.014383237","2282765","-9999","295489.1","16.25","-1","-0.947215223","0.849762154","0","0.509857292","17","0.590909091","0.636363636","N2 S1 O13","de-protonated","0","-9999","C22 H14 O13 N2 S1","22","14","13","2","-9999","1","-9999","-9999","-9999","-9999","-9999","-9999"
"907","545.014131","545.013866991","545.014003114","2282765","-9999","295489.1","16.25","-1","-0.24976129","0.988744921","0","0.593246953","22","0.416666667","0.458333333","N4 P1 O10","de-protonated","0","-9999","C24 H11 O10 N4 P1","24","11","10","4","1","-9999","-9999","-9999","-9999","-9999","-9999","-9999"
"908","545.092558","545.092293866","545.092179329","1769279.3","-9999","300486.8","12.22","-1","0.210123597","0.992020696","0","0.595212418","5","0.631578947","1.631578947","S2 P1 O12","de-protonated","0","-9999","C19 H31 O12 P1 S2","19","31","12","-9999","1","2","-9999","-9999","-9999","-9999","-9999","-9999"
"908","545.092558","545.092293866","545.092514418","1769279.3","-9999","300486.8","12.22","-1","-0.404614235","0.97073142","0","0.582438852","24","0.166666667","0.6","N4 S1 O5","de-protonated","0","-9999","C30 H18 O5 N4 S1","30","18","5","4","-9999","1","-9999","-9999","-9999","-9999","-9999","-9999"
"908","545.092558","545.092293866","545.09264736","1769279.3","-9999","300486.8","12.22","-1","-0.648502456","0.92652965","0","0.55591779","11","0.684210526","1.210526316","N4 P1 O13","de-protonated","0","-9999","C19 H23 O13 N4 P1","19","23","13","4","1","-9999","-9999","-9999","-9999","-9999","-9999","-9999"
"909","545.165274","545.16500975","545.164950348","2178414","-9999","277418.4","15.43","-1","0.108961673","0.997848043","0","0.598708826","3","0.476190476","1.857142857","S2 P1 O10","de-protonated","0","-9999","C21 H39 O10 P1 S2","21","39","10","-9999","1","2","-9999","-9999","-9999","-9999","-9999","-9999"
"909","545.165274","545.16500975","545.165285436","2178414","-9999","277418.4","15.43","-1","-0.505694039","0.954658847","0","0.572795308","22","0.09375","0.8125","N4 S1 O3","de-protonated","0","-9999","C32 H26 O3 N4 S1","32","26","3","4","-9999","1","-9999","-9999","-9999","-9999","-9999","-9999"
"909","545.165274","545.16500975","545.165418378","2178414","-9999","277418.4","15.43","-1","-0.74954968","0.903081606","0","0.541848963","9","0.523809524","1.476190476","N4 P1 O11","de-protonated","0","-9999","C21 H31 O11 N4 P1","21","31","11","4","1","-9999","-9999","-9999","-9999","-9999","-9999","-9999"
"910","545.201662","545.201397692","545.201335857","2120581.3","-9999","329731","14.98","-1","0.113416294","0.997668701","0","0.598601221","2","0.409090909","1.954545455","S2 P1 O9","de-protonated","0","-9999","C22 H43 O9 P1 S2","22","43","9","-9999","1","2","-9999","-9999","-9999","-9999","-9999","-9999"
"910","545.201662","545.201397692","545.201670946","2120581.3","-9999","329731","14.98","-1","-0.5011984","0.955443279","0","0.573265967","21","0.060606061","0.909090909","N4 S1 O2","de-protonated","0","-9999","C33 H30 O2 N4 S1","33","30","2","4","-9999","1","-9999","-9999","-9999","-9999","-9999","-9999"
"910","545.201662","545.201397692","545.201803888","2120581.3","-9999","329731","14.98","-1","-0.745037768","0.904187283","0","0.54251237","8","0.454545455","1.590909091","N4 P1 O10","de-protonated","0","-9999","C22 H35 O10 N4 P1","22","35","10","4","1","-9999","-9999","-9999","-9999","-9999","-9999","-9999"
"911","545.23573","545.235465637","545.235198216","8706971","-9999","247530.6","66.72","-1","0.490469425","0.946042208","0.989368628","0.963372776","7","0.5","1.583333333","N2 O12","de-protonated","0","-9999","C24 H38 O12 N2","24","38","12","2","-9999","-9999","-9999","-9999","-9999","-9999","-9999","-9999"
"911","545.23573","545.235465637","545.235687473","8706971","-9999","247530.6","66.72","-1","-0.406862868","0.977834565","0.990693384","0.982978092","11","0.148148148","1.444444444","N4 S1 P1 O4","de-protonated","0","-9999","C27 H39 O4 N4 P1 S1","27","39","4","4","1","1","-9999","-9999","-9999","-9999","-9999","-9999"
"912","545.331034","545.330769485","545.330619431","2890712","-9999","278582.7","21.03","-1","0.275161377","0.493177886","0.742885034","0.593060745","8","0.15625","1.5625","S1 O5","de-protonated","0","-9999","C32 H50 O5 S1","32","50","5","-9999","-9999","1","-9999","-9999","-9999","-9999","-9999","-9999"
"912","545.331034","545.330769485","545.330239309","2890712","-9999","278582.7","21.03","-1","0.972211709","0.421198238","0.73113591","0.545173307","13","0.058823529","1.382352941","N2 P1 O2","de-protonated","0","-9999","C34 H47 O2 N2 P1","34","47","2","2","1","-9999","-9999","-9999","-9999","-9999","-9999","-9999"
"915","546.239152","546.238886037","546.238553051","2408987.8","-9999","314257.3","17.24","-1","0.609598471","0.934794836","0.989368628","0.956624353","7","0.5","1.583333333","13C1 N2 O12","de-protonated","1","911","C23 H38 O12 N2 13C1","23","38","12","2","-9999","-9999","1","-9999","-9999","-9999","-9999","-9999"
"915","546.239152","546.238886037","546.239042309","2408987.8","-9999","314257.3","17.24","-1","-0.286085671","0.985259058","0.990693384","0.987432788","11","0.148148148","1.444444444","13C1 N4 S1 P1 O4","de-protonated","1","911","C26 H39 O4 N4 P1 S1 13C1","26","39","4","4","1","1","1","-9999","-9999","-9999","-9999","-9999"
"921","547.107961","547.107693652","547.107829393","1899844.3","-9999","273204.7","13.24","-1","-0.248106946","0.9888927","0","0.59333562","4","0.631578947","1.736842105","S2 P1 O12","de-protonated","0","-9999","C19 H33 O12 P1 S2","19","33","12","-9999","1","2","-9999","-9999","-9999","-9999","-9999","-9999"
"921","547.107961","547.107693652","547.107316329","1899844.3","-9999","273204.7","13.24","-1","0.689669076","0.917314521","0","0.550388713","22","0.03125","0.78125","N2 S2 P1 O1","de-protonated","0","-9999","C32 H25 O1 N2 P1 S2","32","25","1","2","1","2","-9999","-9999","-9999","-9999","-9999","-9999"
"921","547.107961","547.107693652","547.108164482","1899844.3","-9999","273204.7","13.24","-1","-0.860579686","0.874257412","0","0.524554447","23","0.166666667","0.666666667","N4 S1 O5","de-protonated","0","-9999","C30 H20 O5 N4 S1","30","20","5","4","-9999","1","-9999","-9999","-9999","-9999","-9999","-9999"
"922","547.144471","547.144203594","547.144214903","2772059.3","-9999","295376.1","20.09","-1","-0.020668805","0.999922488","0","0.599953493","3","0.55","1.85","S2 P1 O11","de-protonated","0","-9999","C20 H37 O11 P1 S2","20","37","11","-9999","1","2","-9999","-9999","-9999","-9999","-9999","-9999"
"922","547.144471","547.144203594","547.144549992","2772059.3","-9999","295376.1","20.09","-1","-0.633100955","0.464927004","0.748902347","0.578517141","22","0.129032258","0.774193548","N4 S1 O4","de-protonated","0","-9999","C31 H24 O4 N4 S1","31","24","4","4","-9999","1","-9999","-9999","-9999","-9999","-9999","-9999"
"922","547.144471","547.144203594","547.144682933","2772059.3","-9999","295376.1","20.09","-1","-0.876074432","0.869999163","0","0.521999498","9","0.6","1.45","N4 P1 O12","de-protonated","0","-9999","C20 H29 O12 N4 P1","20","29","12","4","1","-9999","-9999","-9999","-9999","-9999","-9999","-9999"
"923","547.180896","547.180628536","547.180600412","2201202.5","-9999","313737","15.6","-1","0.051397571","0.99952078","0","0.599712468","2","0.476190476","1.952380952","S2 P1 O10","de-protonated","0","-9999","C21 H41 O10 P1 S2","21","41","10","-9999","1","2","-9999","-9999","-9999","-9999","-9999","-9999"
"923","547.180896","547.180628536","547.180935501","2201202.5","-9999","313737","15.6","-1","-0.560993899","0.944495393","0","0.566697236","21","0.09375","0.875","N4 S1 O3","de-protonated","0","-9999","C32 H28 O3 N4 S1","32","28","3","4","-9999","1","-9999","-9999","-9999","-9999","-9999","-9999"
"923","547.180896","547.180628536","547.181068443","2201202.5","-9999","313737","15.6","-1","-0.803951236","0.889338717","0","0.53360323","8","0.523809524","1.571428571","N4 P1 O11","de-protonated","0","-9999","C21 H33 O11 N4 P1","21","33","11","4","1","-9999","-9999","-9999","-9999","-9999","-9999","-9999"
"924","547.217184","547.216916478","547.216985921","2050185.5","-9999","263672.9","14.42","-1","-0.126902963","0.99708215","0","0.59824929","1","0.409090909","2.045454545","S2 P1 O9","de-protonated","0","-9999","C22 H45 O9 P1 S2","22","45","9","-9999","1","2","-9999","-9999","-9999","-9999","-9999","-9999"
"924","547.217184","547.216916478","547.21732101","2050185.5","-9999","263672.9","14.42","-1","-0.739253604","0.90559693","0","0.543358158","20","0.060606061","0.96969697","N4 S1 O2","de-protonated","0","-9999","C33 H32 O2 N4 S1","33","32","2","4","-9999","1","-9999","-9999","-9999","-9999","-9999","-9999"
"924","547.217184","547.216916478","547.217453952","2050185.5","-9999","263672.9","14.42","-1","-0.982194743","0.839419473","0","0.503651684","7","0.454545455","1.681818182","N4 P1 O10","de-protonated","0","-9999","C22 H37 O10 N4 P1","22","37","10","4","1","-9999","-9999","-9999","-9999","-9999","-9999","-9999"
"925","547.23275","547.232482453","547.232242063","2815635.3","-9999","266251.3","20.43","-1","0.43928412","0.965591656","0","0.579354994","5","0.230769231","1.730769231","S2 P1 O6","de-protonated","0","-9999","C26 H45 O6 P1 S2","26","45","6","-9999","1","2","-9999","-9999","-9999","-9999","-9999","-9999"
"925","547.23275","547.232482453","547.232710093","2815635.3","-9999","266251.3","20.43","-1","-0.415984301","0.969089397","0","0.581453638","11","0.269230769","1.423076923","N4 P1 O7","de-protonated","0","-9999","C26 H37 O7 N4 P1","26","37","7","4","1","-9999","-9999","-9999","-9999","-9999","-9999","-9999"
"926","547.251452","547.251184423","547.25171766","3927199.3","-9999","281927.1","29.16","-1","-0.974391033","0.420874143","0.787157861","0.56738763","5","0.28","1.76","N2 S2 O7","de-protonated","0","-9999","C25 H44 O7 N2 S2","25","44","7","2","-9999","2","-9999","-9999","-9999","-9999","-9999","-9999"
"926","547.251452","547.251184423","547.250848281","3927199.3","-9999","281927.1","29.16","-1","0.614238799","0.466916037","0.793917021","0.597716431","6","0.5","1.666666667","N2 O12","de-protonated","0","-9999","C24 H40 O12 N2","24","40","12","2","-9999","-9999","-9999","-9999","-9999","-9999","-9999","-9999"
"926","547.251452","547.251184423","547.251337538","3927199.3","-9999","281927.1","29.16","-1","-0.279788528","0.492948153","0.773979033","0.605360505","10","0.148148148","1.518518519","N4 S1 P1 O4","de-protonated","0","-9999","C27 H41 O4 N4 P1 S1","27","41","4","4","1","1","-9999","-9999","-9999","-9999","-9999","-9999"
"927","547.329073","547.3288053","547.328511431","2804432.5","-9999","264561.7","20.34","-1","0.536914051","0.474518531","0.742885034","0.581865132","7","0.09375","1.625","S2 O3","de-protonated","0","-9999","C32 H52 O3 S2","32","52","3","-9999","-9999","2","-9999","-9999","-9999","-9999","-9999","-9999"
"927","547.329073","547.3288053","547.328979462","2804432.5","-9999","264561.7","20.34","-1","-0.31820402","0.490897687","0.742885034","0.591692626","13","0.125","1.375","N4 O4","de-protonated","0","-9999","C32 H44 O4 N4","32","44","4","4","-9999","-9999","-9999","-9999","-9999","-9999","-9999","-9999"
"929","548.103329","548.103060065","548.103078366","7103162","-9999","250638.6","54.11","-1","-0.03338888","0.499898869","0.837042051","0.634756142","4","0.666666667","1.777777778","N1 S2 P1 O12","de-protonated","0","-9999","C18 H32 O12 N1 P1 S2","18","32","12","1","1","2","-9999","-9999","-9999","-9999","-9999","-9999"
"929","548.103329","548.103060065","548.102565301","7103162","-9999","250638.6","54.11","-1","0.902684522","0.431279585","0.748902347","0.55832869","22","0.032258065","0.774193548","N3 S2 P1 O1","de-protonated","0","-9999","C31 H24 O1 N3 P1 S2","31","24","1","3","1","2","-9999","-9999","-9999","-9999","-9999","-9999"
"931","548.577713","548.577443309","548.577589589","3323877.5","-9999","348650.6","24.42","-1","-0.266653883","0.493590545","0.714192896","0.581831486","1","0.027027027","2.027027027","N1 O1","de-protonated","0","-9999","C37 H75 O1 N1","37","75","1","1","-9999","-9999","-9999","-9999","-9999","-9999","-9999","-9999"
"933","549.087516","549.087245496","549.087093948","2074918.6","-9999","357831.1","14.6","-1","0.275998609","0.986273188","0","0.591763913","4","0.722222222","1.722222222","S2 P1 O13","de-protonated","0","-9999","C18 H31 O13 P1 S2","18","31","13","-9999","1","2","-9999","-9999","-9999","-9999","-9999","-9999"
"933","549.087516","549.087245496","549.087429037","2074918.6","-9999","357831.1","14.6","-1","-0.334266705","0.979930107","0","0.587958064","23","0.206896552","0.620689655","N4 S1 O6","de-protonated","0","-9999","C29 H18 O6 N4 S1","29","18","6","4","-9999","1","-9999","-9999","-9999","-9999","-9999","-9999"
"933","549.087516","549.087245496","549.087561979","2074918.6","-9999","357831.1","14.6","-1","-0.576380522","0.941500984","0","0.56490059","10","0.777777778","1.277777778","N4 P1 O14","de-protonated","0","-9999","C18 H23 O14 N4 P1","18","23","14","4","1","-9999","-9999","-9999","-9999","-9999","-9999","-9999"
"934","549.11329","549.113019455","549.113232606","1775414.8","-9999","357965.5","12.25","-1","-0.388174004","0.973029852","0","0.583817911","31","0.102564103","0.461538462","O4","de-protonated","0","-9999","C39 H18 O4","39","18","4","-9999","-9999","-9999","-9999","-9999","-9999","-9999","-9999","-9999"
"934","549.11329","549.113019455","549.113094222","1775414.8","-9999","357965.5","12.25","-1","-0.13615966","0.996641692","0","0.597985015","4","0.944444444","1.666666667","S1 O17","de-protonated","0","-9999","C18 H30 O17 S1","18","30","17","-9999","-9999","1","-9999","-9999","-9999","-9999","-9999","-9999"
"934","549.11329","549.113019455","549.112581157","1775414.8","-9999","357965.5","12.25","-1","0.79819187","0.890828973","0","0.534497384","22","0.193548387","0.709677419","N2 S1 O6","de-protonated","0","-9999","C31 H22 O6 N2 S1","31","22","6","2","-9999","1","-9999","-9999","-9999","-9999","-9999","-9999"
"934","549.11329","549.113019455","549.112714099","1775414.8","-9999","357965.5","12.25","-1","0.556088869","0.945434892","0","0.567260935","9","0.7","1.35","N2 P1 O14","de-protonated","0","-9999","C20 H27 O14 N2 P1","20","27","14","2","1","-9999","-9999","-9999","-9999","-9999","-9999","-9999"
"935","549.123756","549.123485438","549.123479458","2246973.5","-9999","279849.7","15.95","-1","0.010890338","0.999978481","0","0.599987088","3","0.631578947","1.842105263","S2 P1 O12","de-protonated","0","-9999","C19 H35 O12 P1 S2","19","35","12","-9999","1","2","-9999","-9999","-9999","-9999","-9999","-9999"
"935","549.123756","549.123485438","549.122966394","2246973.5","-9999","279849.7","15.95","-1","0.945224334","0.850343278","0","0.510205967","21","0.03125","0.84375","N2 S2 P1 O1","de-protonated","0","-9999","C32 H27 O1 N2 P1 S2","32","27","1","2","1","2","-9999","-9999","-9999","-9999","-9999","-9999"
"935","549.123756","549.123485438","549.123814547","2246973.5","-9999","279849.7","15.95","-1","-0.599334378","0.936901921","0","0.562141152","22","0.166666667","0.733333333","N4 S1 O5","de-protonated","0","-9999","C30 H22 O5 N4 S1","30","22","5","4","-9999","1","-9999","-9999","-9999","-9999","-9999","-9999"
"935","549.123756","549.123485438","549.123947488","2246973.5","-9999","279849.7","15.95","-1","-0.841432088","0.879442483","0","0.52766549","9","0.684210526","1.421052632","N4 P1 O13","de-protonated","0","-9999","C19 H27 O13 N4 P1","19","27","13","4","1","-9999","-9999","-9999","-9999","-9999","-9999","-9999"
"936","549.16022","549.15994938","549.159864967","3642708.3","-9999","278049","26.92","-1","0.153712342","0.995722001","0","0.597433201","2","0.55","1.95","S2 P1 O11","de-protonated","0","-9999","C20 H39 O11 P1 S2","20","39","11","-9999","1","2","-9999","-9999","-9999","-9999","-9999","-9999"
"936","549.16022","549.15994938","549.160200056","3642708.3","-9999","278049","26.92","-1","-0.456472029","0.481448964","0.748902347","0.588430317","21","0.129032258","0.838709677","N4 S1 O4","de-protonated","0","-9999","C31 H26 O4 N4 S1","31","26","4","4","-9999","1","-9999","-9999","-9999","-9999","-9999","-9999"
"936","549.16022","549.15994938","549.160332998","3642708.3","-9999","278049","26.92","-1","-0.698553734","0.915263897","0","0.549158338","8","0.6","1.55","N4 P1 O12","de-protonated","0","-9999","C20 H31 O12 N4 P1","20","31","12","4","1","-9999","-9999","-9999","-9999","-9999","-9999","-9999"
"937","549.196638","549.196367322","549.196250476","2579819.3","-9999","358447.9","18.57","-1","0.21275679","0.991820281","0","0.595092168","1","0.476190476","2.047619048","S2 P1 O10","de-protonated","0","-9999","C21 H43 O10 P1 S2","21","43","10","-9999","1","2","-9999","-9999","-9999","-9999","-9999","-9999"
"937","549.196638","549.196367322","549.196585565","2579819.3","-9999","358447.9","18.57","-1","-0.397387191","0.485876435","0.742885034","0.588679875","20","0.09375","0.9375","N4 S1 O3","de-protonated","0","-9999","C32 H30 O3 N4 S1","32","30","3","4","-9999","1","-9999","-9999","-9999","-9999","-9999","-9999"
"937","549.196638","549.196367322","549.196718507","2579819.3","-9999","358447.9","18.57","-1","-0.639452872","0.928491212","0","0.557094727","7","0.523809524","1.666666667","N4 P1 O11","de-protonated","0","-9999","C21 H35 O11 N4 P1","21","35","11","4","1","-9999","-9999","-9999","-9999","-9999","-9999","-9999"
"938","550.110817","550.110544864","550.110332053","2376617","-9999","336506.9","16.97","-1","0.386851505","0.973210832","0","0.583926499","18","0.423076923","0.807692308","N3 O11","de-protonated","0","-9999","C26 H21 O11 N3","26","21","11","3","-9999","-9999","-9999","-9999","-9999","-9999","-9999","-9999"
"939","550.118805","550.118532851","550.11872843","28422062","-9999","250584.1","221.58","-1","-0.355520793","0.659108118","0.93031813","0.767592123","3","0.666666667","1.888888889","N1 S2 P1 O12","de-protonated","0","-9999","C18 H34 O12 N1 P1 S2","18","34","12","1","1","2","-9999","-9999","-9999","-9999","-9999","-9999"
"939","550.118805","550.118532851","550.118215366","28422062","-9999","250584.1","221.58","-1","0.577122507","0.359378992","0.87226489","0.564533351","21","0.032258065","0.838709677","N3 S2 P1 O1","de-protonated","0","-9999","C31 H26 O1 N3 P1 S2","31","26","1","3","1","2","-9999","-9999","-9999","-9999","-9999","-9999"
"942","551.102765","551.102491282","551.102744013","2000917.4","-9999","304129.8","14.01","-1","-0.458590463","0.9625593","0","0.57753558","3","0.722222222","1.833333333","S2 P1 O13","de-protonated","0","-9999","C18 H33 O13 P1 S2","18","33","13","-9999","1","2","-9999","-9999","-9999","-9999","-9999","-9999"
"942","551.102765","551.102491282","551.102230949","2000917.4","-9999","304129.8","14.01","-1","0.472387469","0.960318518","0","0.576191111","21","0.064516129","0.806451613","N2 S2 P1 O2","de-protonated","0","-9999","C31 H25 O2 N2 P1 S2","31","25","2","2","1","2","-9999","-9999","-9999","-9999","-9999","-9999"
"943","551.122355","551.122081251","551.122083265","7539233.5","-9999","293923.4","57.52","-1","-0.003654105","0.666665051","0.93031813","0.772126283","3","0.666666667","1.888888889","13C1 N1 S2 P1 O12","de-protonated","1","939","C17 H34 O12 N1 P1 S2 13C1","17","34","12","1","1","2","1","-9999","-9999","-9999","-9999","-9999"
"943","551.122355","551.122081251","551.122357995","7539233.5","-9999","293923.4","57.52","-1","-0.502146037","0.477639229","0.70871839","0.570070893","30","0.026315789","0.526315789","N2 S1 O1","de-protonated","0","-9999","C38 H20 O1 N2 S1","38","20","1","2","-9999","1","-9999","-9999","-9999","-9999","-9999","-9999"
"943","551.122355","551.122081251","551.122490937","7539233.5","-9999","293923.4","57.52","-1","-0.743365849","0.452297823","0.773979033","0.580970307","17","0.333333333","0.925925926","N2 P1 O9","de-protonated","0","-9999","C27 H25 O9 N2 P1","27","25","9","2","1","-9999","-9999","-9999","-9999","-9999","-9999","-9999"
"943","551.122355","551.122081251","551.122219611","7539233.5","-9999","293923.4","57.52","-1","-0.251050445","0.494314549","0.844689208","0.634464413","3","0.823529412","1.882352941","N2 S2 O14","de-protonated","0","-9999","C17 H32 O14 N2 S2","17","32","14","2","-9999","2","-9999","-9999","-9999","-9999","-9999","-9999"
"943","551.122355","551.122081251","551.121570201","7539233.5","-9999","293923.4","57.52","-1","0.92729158","0.342216071","0.87226489","0.554235599","21","0.032258065","0.838709677","13C1 N3 S2 P1 O1","de-protonated","1","939","C30 H26 O1 N3 P1 S2 13C1","30","26","1","3","1","2","1","-9999","-9999","-9999","-9999","-9999"
"943","551.122355","551.122081251","551.121706546","7539233.5","-9999","293923.4","57.52","-1","0.679894781","0.459772678","0.755017935","0.577870781","21","0.1","0.8","N4 S2 O3","de-protonated","0","-9999","C30 H24 O3 N4 S2","30","24","3","4","-9999","2","-9999","-9999","-9999","-9999","-9999","-9999"
"943","551.122355","551.122081251","551.121839488","7539233.5","-9999","293923.4","57.52","-1","0.438674399","0.482842725","0.829532115","0.621518481","8","0.578947368","1.526315789","N4 S1 P1 O11","de-protonated","0","-9999","C19 H29 O11 N4 P1 S1","19","29","11","4","1","1","-9999","-9999","-9999","-9999","-9999","-9999"
"944","551.175806","551.175532166","551.175515032","2323523","-9999","287241.8","16.54","-1","0.031086967","0.999824663","0","0.599894798","1","0.55","2.05","S2 P1 O11","de-protonated","0","-9999","C20 H41 O11 P1 S2","20","41","11","-9999","1","2","-9999","-9999","-9999","-9999","-9999","-9999"
"944","551.175806","551.175532166","551.175850121","2323523","-9999","287241.8","16.54","-1","-0.576865885","0.941405366","0","0.564843219","20","0.129032258","0.903225806","N4 S1 O4","de-protonated","0","-9999","C31 H28 O4 N4 S1","31","28","4","4","-9999","1","-9999","-9999","-9999","-9999","-9999","-9999"
"944","551.175806","551.175532166","551.175983062","2323523","-9999","287241.8","16.54","-1","-0.818062268","0.885652909","0","0.531391745","7","0.6","1.65","N4 P1 O12","de-protonated","0","-9999","C20 H33 O12 N4 P1","20","33","12","4","1","-9999","-9999","-9999","-9999","-9999","-9999","-9999"
"945","551.305972","551.305697958","551.306136017","1973908.1","-9999","343203.1","13.8","-1","-0.794582489","0.891758713","0","0.535055228","12","0.096774194","1.419354839","N4 S1 O3","de-protonated","0","-9999","C31 H44 O3 N4 S1","31","44","3","4","-9999","1","-9999","-9999","-9999","-9999","-9999","-9999"
"946","552.134741","552.134465637","552.134378494","2009240.5","-9999","318592.8","14.07","-1","0.157828465","0.995490344","0","0.597294207","2","0.666666667","2","N1 S2 P1 O12","de-protonated","0","-9999","C18 H36 O12 N1 P1 S2","18","36","12","1","1","2","-9999","-9999","-9999","-9999","-9999","-9999"
"950","553.016538","553.016261231","553.016097314","8017596.5","-9999","251261.2","61.27","-1","0.296405988","0.492092472","0.773979033","0.604847096","24","0.444444444","0.37037037","N2 O12","de-protonated","0","-9999","C27 H10 O12 N2","27","10","12","2","-9999","-9999","-9999","-9999","-9999","-9999","-9999","-9999"
"950","553.016538","553.016261231","553.016586571","8017596.5","-9999","251261.2","61.27","-1","-0.58830074","0.469566118","0.755017935","0.583746845","28","0.133333333","0.366666667","N4 S1 P1 O4","de-protonated","0","-9999","C30 H11 O4 N4 P1 S1","30","11","4","4","1","1","-9999","-9999","-9999","-9999","-9999","-9999"
"951","553.19139500000006","553.191117952","553.191165096","1885481","-9999","292841.9","13.09","-1","-0.085221721","0.998683053","0","0.599209832","0","0.55","2.15","S2 P1 O11","de-protonated","0","-9999","C20 H43 O11 P1 S2","20","43","11","-9999","1","2","-9999","-9999","-9999","-9999","-9999","-9999"
"951","553.19139500000006","553.191117952","553.191500185","1885481","-9999","292841.9","13.09","-1","-0.690959321","0.917018072","0","0.550210843","19","0.129032258","0.967741935","N4 S1 O4","de-protonated","0","-9999","C31 H30 O4 N4 S1","31","30","4","4","-9999","1","-9999","-9999","-9999","-9999","-9999","-9999"
"951","553.19139500000006","553.191117952","553.191633127","1885481","-9999","292841.9","13.09","-1","-0.931276835","0.854391132","0","0.512634679","6","0.6","1.75","N4 P1 O12","de-protonated","0","-9999","C20 H35 O12 N4 P1","20","35","12","4","1","-9999","-9999","-9999","-9999","-9999","-9999","-9999"
"952","554.016045","554.015766637","554.016238418","2220328","-9999","251053.6","15.72","-1","-0.851564358","0.876709428","0","0.526025657","27","0.15625","0.40625","N1 S2 O5","de-protonated","0","-9999","C32 H13 O5 N1 S2","32","13","5","1","-9999","2","-9999","-9999","-9999","-9999","-9999","-9999"
"953","554.105842","554.105563494","554.106116053","3276639.5","-9999","249768.3","24.02","-1","-0.997206863","0.417452856","0.780512821","0.562676842","16","0.269230769","0.961538462","N3 S2 O7","de-protonated","0","-9999","C26 H25 O7 N3 S2","26","25","7","3","-9999","2","-9999","-9999","-9999","-9999","-9999","-9999"
"953","554.105842","554.105563494","554.105246673","3276639.5","-9999","249768.3","24.02","-1","0.571771248","0.471202749","0.787157861","0.597584794","17","0.48","0.84","N3 O12","de-protonated","0","-9999","C25 H21 O12 N3","25","21","12","3","-9999","-9999","-9999","-9999","-9999","-9999","-9999","-9999"
"956","554.999407","554.999127069","554.998733172","2341256","-9999","272889.4","16.66","-1","0.709726315","0.912654603","0","0.547592762","19","0.565217391","0.52173913","N2 S1 O13","de-protonated","0","-9999","C23 H12 O13 N2 S1","23","12","13","2","-9999","1","-9999","-9999","-9999","-9999","-9999","-9999"
"956","554.999407","554.999127069","554.999222429","2341256","-9999","272889.4","16.66","-1","-0.171820321","0.994657553","0","0.596794532","23","0.192307692","0.5","N4 S2 P1 O5","de-protonated","0","-9999","C26 H13 O5 N4 P1 S2","26","13","5","4","1","2","-9999","-9999","-9999","-9999","-9999","-9999"
"957","555.085777","555.085496932","555.085912179","2338749.5","-9999","245857.1","16.64","-1","-0.748077587","0.903442938","0","0.542065763","20","0.129032258","0.806451613","S2 P1 O4","de-protonated","0","-9999","C31 H25 O4 P1 S2","31","25","4","-9999","1","2","-9999","-9999","-9999","-9999","-9999","-9999"
"957","555.085777","555.085496932","555.085042799","2338749.5","-9999","245857.1","16.64","-1","0.818131467","0.885634714","0","0.531380828","21","0.3","0.7","P1 O9","de-protonated","0","-9999","C30 H21 O9 P1","30","21","9","-9999","1","-9999","-9999","-9999","-9999","-9999","-9999","-9999"
"957","555.085777","555.085496932","555.085239504","2338749.5","-9999","245857.1","16.64","-1","0.463763098","0.961726381","0","0.577035829","13","0.75","1","N4 O15","de-protonated","0","-9999","C20 H20 O15 N4","20","20","15","4","-9999","-9999","-9999","-9999","-9999","-9999","-9999","-9999"
"958","556.121441","556.12115928","556.120896737","5768764.5","-9999","272592","43.59","-1","0.472097264","0.48018314","0.787157861","0.602973028","16","0.48","0.92","N3 O12","de-protonated","0","-9999","C25 H23 O12 N3","25","23","12","3","-9999","-9999","-9999","-9999","-9999","-9999","-9999","-9999"
"963","557.083598","557.083314746","557.082934799","2864781","-9999","279941.9","19.8","-1","0.682030105","0.459530129","0.755017935","0.577725251","20","0.233333333","0.766666667","S1 P1 O7","de-protonated","0","-9999","C30 H23 O7 P1 S1","30","23","7","-9999","1","1","-9999","-9999","-9999","-9999","-9999","-9999"
"963","557.083598","557.083314746","557.083782952","2864781","-9999","279941.9","19.8","-1","-0.840458566","0.439851901","0.767553728","0.570932632","21","0.392857143","0.642857143","N2 O11","de-protonated","0","-9999","C28 H18 O11 N2","28","18","11","2","-9999","-9999","-9999","-9999","-9999","-9999","-9999","-9999"
"963","557.083598","557.083314746","557.083131503","2864781","-9999","279941.9","19.8","-1","0.328932671","0.980559306","0","0.588335584","12","0.65","1.1","N4 S1 O13","de-protonated","0","-9999","C20 H22 O13 N4 S1","20","22","13","4","-9999","1","-9999","-9999","-9999","-9999","-9999","-9999"
"964","557.178342","557.178058595","557.178552719","2540743.3","-9999","239326.5","17.37","-1","-0.886831578","0.867010672","0","0.520206403","13","0.214285714","1.214285714","N2 S2 O6","de-protonated","0","-9999","C28 H34 O6 N2 S2","28","34","6","2","-9999","2","-9999","-9999","-9999","-9999","-9999","-9999"
"964","557.178342","557.178058595","557.177683339","2540743.3","-9999","239326.5","17.37","-1","0.673494912","0.920991669","0","0.552595001","14","0.407407407","1.111111111","N2 O11","de-protonated","0","-9999","C27 H30 O11 N2","27","30","11","2","-9999","-9999","-9999","-9999","-9999","-9999","-9999","-9999"
"964","557.178342","557.178058595","557.178172596","2540743.3","-9999","239326.5","17.37","-1","-0.204604237","0.496216405","0.755017935","0.599737017","18","0.1","1.033333333","N4 S1 P1 O3","de-protonated","0","-9999","C30 H31 O3 N4 P1 S1","30","31","3","4","1","1","-9999","-9999","-9999","-9999","-9999","-9999"
"965","557.235718","557.235434504","557.235198216","3792106.5","-9999","279631.9","26.75","-1","0.424035382","0.483950455","0.787157861","0.605233417","8","0.48","1.52","N2 O12","de-protonated","0","-9999","C25 H38 O12 N2","25","38","12","2","-9999","-9999","-9999","-9999","-9999","-9999","-9999","-9999"
"965","557.235718","557.235434504","557.235687473","3792106.5","-9999","279631.9","26.75","-1","-0.453972916","0.481647772","0.767553728","0.596010154","12","0.142857143","1.392857143","N4 S1 P1 O4","de-protonated","0","-9999","C28 H39 O4 N4 P1 S1","28","39","4","4","1","1","-9999","-9999","-9999","-9999","-9999","-9999"
"966","557.444155","557.443871171","557.443615293","6611306.5","-9999","244203.4","47.87","-1","0.459019987","0.951364123","0.979906371","0.962781022","7","0.090909091","1.757575758","N4 O3","de-protonated","0","-9999","C33 H58 O3 N4","33","58","3","4","-9999","-9999","-9999","-9999","-9999","-9999","-9999","-9999"
"967","558.137015","558.136730066","558.136546802","5606164.5","-9999","244953.3","40.33","-1","0.328351368","0.490313644","0.787157861","0.609051331","15","0.48","1","N3 O12","de-protonated","0","-9999","C25 H25 O12 N3","25","25","12","3","-9999","-9999","-9999","-9999","-9999","-9999","-9999","-9999"
"968","558.447581","558.447295571","558.446970129","2611155.5","-9999","293811.1","17.9","-1","0.582763923","0.940237782","0.979906371","0.956105218","7","0.090909091","1.757575758","13C1 N4 O3","de-protonated","1","966","C32 H58 O3 N4 13C1","32","58","3","4","-9999","-9999","1","-9999","-9999","-9999","-9999","-9999"
"972","559.014508","559.014221667","559.013929007","1859375.8","-9999","250395.7","12.26","-1","0.523530323","0.951484215","0","0.570890529","12","0.571428571","1","S2 P1 O12","de-protonated","0","-9999","C21 H21 O12 P1 S2","21","21","12","-9999","1","2","-9999","-9999","-9999","-9999","-9999","-9999"
"972","559.014508","559.014221667","559.01477716","1859375.8","-9999","250395.7","12.26","-1","-0.993699004","0.835964379","0","0.501578628","13","0.842105263","0.842105263","N2 S1 O16","de-protonated","0","-9999","C19 H16 O16 N2 S1","19","16","16","2","-9999","1","-9999","-9999","-9999","-9999","-9999","-9999"
"972","559.014508","559.014221667","559.014397037","1859375.8","-9999","250395.7","12.26","-1","-0.313712684","0.982301108","0","0.589380665","18","0.619047619","0.619047619","N4 P1 O13","de-protonated","0","-9999","C21 H13 O13 N4 P1","21","13","13","4","1","-9999","-9999","-9999","-9999","-9999","-9999","-9999"
"973","559.180985","559.180698402","559.180600412","1888662","-9999","330020.1","12.48","-1","0.175238265","0.994443487","0","0.596666092","3","0.454545455","1.863636364","S2 P1 O10","de-protonated","0","-9999","C22 H41 O10 P1 S2","22","41","10","-9999","1","2","-9999","-9999","-9999","-9999","-9999","-9999"
"973","559.180985","559.180698402","559.180935501","1888662","-9999","330020.1","12.48","-1","-0.424011382","0.967904484","0","0.58074269","22","0.090909091","0.848484848","N4 S1 O3","de-protonated","0","-9999","C33 H28 O3 N4 S1","33","28","3","4","-9999","1","-9999","-9999","-9999","-9999","-9999","-9999"
"973","559.180985","559.180698402","559.181068443","1888662","-9999","330020.1","12.48","-1","-0.661754899","0.923615032","0","0.554169019","9","0.5","1.5","N4 P1 O11","de-protonated","0","-9999","C22 H33 O11 N4 P1","22","33","11","4","1","-9999","-9999","-9999","-9999","-9999","-9999","-9999"
"974","559.251326","559.25103929","559.250848281","5306817","-9999","268905.7","38.09","-1","0.341544643","0.489527975","0.787157861","0.60857993","7","0.48","1.6","N2 O12","de-protonated","0","-9999","C25 H40 O12 N2","25","40","12","2","-9999","-9999","-9999","-9999","-9999","-9999","-9999","-9999"
"974","559.251326","559.25103929","559.251337538","5306817","-9999","268905.7","38.09","-1","-0.533299071","0.474851754","0.767553728","0.591932544","11","0.142857143","1.464285714","N4 S1 P1 O4","de-protonated","0","-9999","C28 H41 O4 N4 P1 S1","28","41","4","4","1","1","-9999","-9999","-9999","-9999","-9999","-9999"
"975","559.441287","559.440999987","559.441507293","2403382","-9999","300391.2","16.34","-1","-0.906808561","0.430696008","0.736963647","0.553203064","6","0.03030303","1.818181818","N4 S1 O1","de-protonated","0","-9999","C33 H60 O1 N4 S1","33","60","1","4","-9999","1","-9999","-9999","-9999","-9999","-9999","-9999"
"976","560.133938","560.133649882","560.133590648","1924575.1","-9999","306927.9","12.75","-1","0.105750296","0.997972894","0","0.598783736","13","0.222222222","1.185185185","N1 S2 P1 O6","de-protonated","0","-9999","C27 H32 O6 N1 P1 S2","27","32","6","1","1","2","-9999","-9999","-9999","-9999","-9999","-9999"
"979","561.123577","561.123287304","561.123479458","2097214.3","-9999","254297.7","14.03","-1","-0.342443963","0.978946681","0","0.587368009","4","0.6","1.75","S2 P1 O12","de-protonated","0","-9999","C20 H35 O12 P1 S2","20","35","12","-9999","1","2","-9999","-9999","-9999","-9999","-9999","-9999"
"979","561.123577","561.123287304","561.122966394","2097214.3","-9999","254297.7","14.03","-1","0.571908337","0.942378688","0","0.565427213","22","0.03030303","0.818181818","N2 S2 P1 O1","de-protonated","0","-9999","C33 H27 O1 N2 P1 S2","33","27","1","2","1","2","-9999","-9999","-9999","-9999","-9999","-9999"
"979","561.123577","561.123287304","561.123814547","2097214.3","-9999","254297.7","14.03","-1","-0.939618412","0.851975152","0","0.511185091","23","0.161290323","0.709677419","N4 S1 O5","de-protonated","0","-9999","C31 H22 O5 N4 S1","31","22","5","4","-9999","1","-9999","-9999","-9999","-9999","-9999","-9999"
"980","561.160086","561.159796246","561.159864967","2235988.8","-9999","318789.3","15.07","-1","-0.12246227","0.997282512","0","0.598369507","3","0.523809524","1.857142857","S2 P1 O11","de-protonated","0","-9999","C21 H39 O11 P1 S2","21","39","11","-9999","1","2","-9999","-9999","-9999","-9999","-9999","-9999"
"980","561.160086","561.159796246","561.160200056","2235988.8","-9999","318789.3","15.07","-1","-0.71959813","0.910320972","0","0.546192583","22","0.125","0.8125","N4 S1 O4","de-protonated","0","-9999","C32 H26 O4 N4 S1","32","26","4","4","-9999","1","-9999","-9999","-9999","-9999","-9999","-9999"
"980","561.160086","561.159796246","561.160332998","2235988.8","-9999","318789.3","15.07","-1","-0.956503033","0.847040263","0","0.508224158","9","0.571428571","1.476190476","N4 P1 O12","de-protonated","0","-9999","C21 H31 O12 N4 P1","21","31","12","4","1","-9999","-9999","-9999","-9999","-9999","-9999","-9999"
"981","561.196465","561.196175188","561.196250476","2238059","-9999","273531.1","15.09","-1","-0.134156752","0.996739607","0","0.598043764","2","0.454545455","1.954545455","S2 P1 O10","de-protonated","0","-9999","C22 H43 O10 P1 S2","22","43","10","-9999","1","2","-9999","-9999","-9999","-9999","-9999","-9999"
"981","561.196465","561.196175188","561.196585565","2238059","-9999","273531.1","15.09","-1","-0.73125389","0.907531988","0","0.544519193","21","0.090909091","0.909090909","N4 S1 O3","de-protonated","0","-9999","C33 H30 O3 N4 S1","33","30","3","4","-9999","1","-9999","-9999","-9999","-9999","-9999","-9999"
"981","561.196465","561.196175188","561.196718507","2238059","-9999","273531.1","15.09","-1","-0.968143431","0.843603938","0","0.506162363","8","0.5","1.590909091","N4 P1 O11","de-protonated","0","-9999","C22 H35 O11 N4 P1","22","35","11","4","1","-9999","-9999","-9999","-9999","-9999","-9999","-9999"
"982","561.230527","561.230237134","561.230112836","5300864","-9999","280008.7","38.03","-1","0.221474614","0.495569625","0.793917021","0.614908583","7","0.541666667","1.583333333","N2 O13","de-protonated","0","-9999","C24 H38 O13 N2","24","38","13","2","-9999","-9999","-9999","-9999","-9999","-9999","-9999","-9999"
"982","561.230527","561.230237134","561.230602093","5300864","-9999","280008.7","38.03","-1","-0.650283727","0.463070397","0.773979033","0.587433851","11","0.185185185","1.444444444","N4 S1 P1 O5","de-protonated","0","-9999","C27 H39 O5 N4 P1 S1","27","39","5","4","1","1","-9999","-9999","-9999","-9999","-9999","-9999"
"983","561.248399","561.248109105","561.247892127","1912458.9","-9999","226848.5","12.65","-1","0.386599734","0.97324522","0","0.583947132","5","0.222222222","1.740740741","S2 P1 O6","de-protonated","0","-9999","C27 H47 O6 P1 S2","27","47","6","-9999","1","2","-9999","-9999","-9999","-9999","-9999","-9999"
"983","561.248399","561.248109105","561.248360158","1912458.9","-9999","226848.5","12.65","-1","-0.447310642","0.964345652","0","0.578607391","11","0.259259259","1.444444444","N4 P1 O7","de-protonated","0","-9999","C27 H39 O7 N4 P1","27","39","7","4","1","-9999","-9999","-9999","-9999","-9999","-9999","-9999"
"984","561.257282","561.256992091","561.257471746","3849872.5","-9999","305375.4","27.16","-1","-0.854607577","0.437941923","0.767553728","0.569786645","10","0.142857143","1.5","N4 S2 O4","de-protonated","0","-9999","C28 H42 O4 N4 S2","28","42","4","4","-9999","2","-9999","-9999","-9999","-9999","-9999","-9999"
"984","561.257282","561.256992091","561.256602366","3849872.5","-9999","305375.4","27.16","-1","0.694379328","0.458115034","0.773979033","0.584460634","11","0.333333333","1.407407407","N4 O9","de-protonated","0","-9999","C27 H38 O9 N4","27","38","9","4","-9999","-9999","-9999","-9999","-9999","-9999","-9999","-9999"
"985","561.267111","561.266821076","561.267367725","2949782.5","-9999","313823.7","20.42","-1","-0.973955304","0.42093898","0.780512821","0.564768516","5","0.269230769","1.769230769","N2 S2 O7","de-protonated","0","-9999","C26 H46 O7 N2 S2","26","46","7","2","-9999","2","-9999","-9999","-9999","-9999","-9999","-9999"
"985","561.267111","561.266821076","561.266498345","2949782.5","-9999","313823.7","20.42","-1","0.575004104","0.941771759","0","0.565063055","6","0.48","1.68","N2 O12","de-protonated","0","-9999","C25 H42 O12 N2","25","42","12","2","-9999","-9999","-9999","-9999","-9999","-9999","-9999","-9999"
"985","561.267111","561.266821076","561.266987602","2949782.5","-9999","313823.7","20.42","-1","-0.296698031","0.492077006","0.767553728","0.602267695","10","0.142857143","1.535714286","N4 S1 P1 O4","de-protonated","0","-9999","C28 H43 O4 N4 P1 S1","28","43","4","4","1","1","-9999","-9999","-9999","-9999","-9999","-9999"
"991","563.139383","563.13909009","563.139129522","1922835.5","-9999","242843.8","12.72","-1","-0.070021723","0.999110745","0","0.599466447","3","0.6","1.85","S2 P1 O12","de-protonated","0","-9999","C20 H37 O12 P1 S2","20","37","12","-9999","1","2","-9999","-9999","-9999","-9999","-9999","-9999"
"991","563.139383","563.13909009","563.138616458","1922835.5","-9999","242843.8","12.72","-1","0.84105807","0.879542906","0","0.527725744","21","0.03030303","0.878787879","N2 S2 P1 O1","de-protonated","0","-9999","C33 H29 O1 N2 P1 S2","33","29","1","2","1","2","-9999","-9999","-9999","-9999","-9999","-9999"
"991","563.139383","563.13909009","563.139464611","1922835.5","-9999","242843.8","12.72","-1","-0.665058864","0.922880658","0","0.553728395","22","0.161290323","0.774193548","N4 S1 O5","de-protonated","0","-9999","C31 H24 O5 N4 S1","31","24","5","4","-9999","1","-9999","-9999","-9999","-9999","-9999","-9999"
"991","563.139383","563.13909009","563.139597553","1922835.5","-9999","242843.8","12.72","-1","-0.901131131","0.862997829","0","0.517798697","9","0.65","1.45","N4 P1 O13","de-protonated","0","-9999","C20 H29 O13 N4 P1","20","29","13","4","1","-9999","-9999","-9999","-9999","-9999","-9999","-9999"
"992","563.175736","563.175443032","563.175515032","2635561.8","-9999","347511.5","18.06","-1","-0.1278452","0.997038724","0","0.598223235","2","0.523809524","1.952380952","S2 P1 O11","de-protonated","0","-9999","C21 H41 O11 P1 S2","21","41","11","-9999","1","2","-9999","-9999","-9999","-9999","-9999","-9999"
"992","563.175736","563.175443032","563.175850121","2635561.8","-9999","347511.5","18.06","-1","-0.722843862","0.45477399","0.742885034","0.570018408","21","0.125","0.875","N4 S1 O4","de-protonated","0","-9999","C32 H28 O4 N4 S1","32","28","4","4","-9999","1","-9999","-9999","-9999","-9999","-9999","-9999"
"992","563.175736","563.175443032","563.175983062","2635561.8","-9999","347511.5","18.06","-1","-0.958900863","0.846334667","0","0.5078008","8","0.571428571","1.571428571","N4 P1 O12","de-protonated","0","-9999","C21 H33 O12 N4 P1","21","33","12","4","1","-9999","-9999","-9999","-9999","-9999","-9999","-9999"
"993","563.212112","563.211818974","563.211900541","2034496.1","-9999","304210.7","13.55","-1","-0.144824065","0.996201526","0","0.597720916","1","0.454545455","2.045454545","S2 P1 O10","de-protonated","0","-9999","C22 H45 O10 P1 S2","22","45","10","-9999","1","2","-9999","-9999","-9999","-9999","-9999","-9999"
"993","563.212112","563.211818974","563.21223563","2034496.1","-9999","304210.7","13.55","-1","-0.739784278","0.905467967","0","0.54328078","20","0.090909091","0.96969697","N4 S1 O3","de-protonated","0","-9999","C33 H32 O3 N4 S1","33","32","3","4","-9999","1","-9999","-9999","-9999","-9999","-9999","-9999"
"993","563.212112","563.211818974","563.212368572","2034496.1","-9999","304210.7","13.55","-1","-0.975826026","0.841320961","0","0.504792577","7","0.5","1.681818182","N4 P1 O11","de-protonated","0","-9999","C22 H37 O11 N4 P1","22","37","11","4","1","-9999","-9999","-9999","-9999","-9999","-9999","-9999"
"994","563.227468","563.22717495","563.227156682","2352457.5","-9999","313946.2","15.94","-1","0.032433784","0.999809143","0","0.599885486","5","0.269230769","1.730769231","S2 P1 O7","de-protonated","0","-9999","C26 H45 O7 P1 S2","26","45","7","-9999","1","2","-9999","-9999","-9999","-9999","-9999","-9999"
"994","563.227468","563.22717495","563.227624713","2352457.5","-9999","313946.2","15.94","-1","-0.798545814","0.890737626","0","0.534442575","11","0.307692308","1.423076923","N4 P1 O8","de-protonated","0","-9999","C26 H37 O8 N4 P1","26","37","8","4","1","-9999","-9999","-9999","-9999","-9999","-9999","-9999"
"995","563.246269","563.24597592","563.2457629","2710357","-9999","258082.5","18.62","-1","0.378200271","0.974380306","0","0.584628184","6","0.541666667","1.666666667","N2 O13","de-protonated","0","-9999","C24 H40 O13 N2","24","40","13","2","-9999","-9999","-9999","-9999","-9999","-9999","-9999","-9999"
"995","563.246269","563.24597592","563.246252157","2710357","-9999","258082.5","18.62","-1","-0.490438505","0.957294848","0","0.574376909","10","0.185185185","1.518518519","N4 S1 P1 O5","de-protonated","0","-9999","C27 H41 O5 N4 P1 S1","27","41","5","4","1","1","-9999","-9999","-9999","-9999","-9999","-9999"
"996","563.255191","563.254897906","563.255145815","3878746.8","-9999","305499.2","27.37","-1","-0.440136318","0.482730179","0.725399619","0.579797955","19","0.142857143","1.028571429","N2 O5","de-protonated","0","-9999","C35 H36 O5 N2","35","36","5","2","-9999","-9999","-9999","-9999","-9999","-9999","-9999","-9999"
"996","563.255191","563.254897906","563.254494366","3878746.8","-9999","305499.2","27.37","-1","0.716442812","0.455534861","0.773979033","0.58291253","10","0.259259259","1.481481481","N4 S1 O7","de-protonated","0","-9999","C27 H40 O7 N4 S1","27","40","7","4","-9999","1","-9999","-9999","-9999","-9999","-9999","-9999"
"997","564.098336","564.098041561","564.097992985","3450208.5","-9999","296654.5","24.16","-1","0.086112955","0.998655383","0","0.59919323","4","0.722222222","1.777777778","N1 S2 P1 O13","de-protonated","0","-9999","C18 H32 O13 N1 P1 S2","18","32","13","1","1","2","-9999","-9999","-9999","-9999","-9999","-9999"
"997","564.098336","564.098041561","564.097479921","3450208.5","-9999","296654.5","24.16","-1","0.99564422","0.417688805","0.748902347","0.550174222","22","0.064516129","0.774193548","N3 S2 P1 O2","de-protonated","0","-9999","C31 H24 O2 N3 P1 S2","31","24","2","3","1","2","-9999","-9999","-9999","-9999","-9999","-9999"
"998","564.170876","564.170581446","564.170764004","2050445.1","-9999","250095.9","13.67","-1","-0.323586811","0.981180141","0","0.588708085","2","0.55","2","N1 S2 P1 O11","de-protonated","0","-9999","C20 H40 O11 N1 P1 S2","20","40","11","1","1","2","-9999","-9999","-9999","-9999","-9999","-9999"
"999","564.342967","564.342672171","564.342795572","17113590","-9999","249777.9","126.51","-1","-0.218662478","0.659948775","0.93522794","0.770060441","2","0.111111111","2.074074074","N3 S2 P1 O3","de-protonated","0","-9999","C27 H56 O3 N3 P1 S2","27","56","3","3","1","2","-9999","-9999","-9999","-9999","-9999","-9999"
"1000","564.583905","564.583609787","564.583737598","17314442","-9999","278228.8","128.01","-1","-0.226380547","0.330248064","0.683497284","0.471547752","1","0.027777778","2.083333333","N3 O1","de-protonated","0","-9999","C36 H75 O1 N3","36","75","1","3","-9999","-9999","-9999","-9999","-9999","-9999","-9999","-9999"
"1003","565.082234","565.081937992","565.082146952","1836477.5","-9999","290687.6","12.06","-1","-0.369786946","0.975493555","0","0.585296133","31","0.025641026","0.487179487","S1 P1 O1","de-protonated","0","-9999","C39 H19 O1 P1 S1","39","19","1","-9999","1","1","-9999","-9999","-9999","-9999","-9999","-9999"
"1003","565.082234","565.081937992","565.082008568","1836477.5","-9999","290687.6","12.06","-1","-0.124894388","0.997173655","0","0.598304193","4","0.777777778","1.722222222","S2 P1 O14","de-protonated","0","-9999","C18 H31 O14 P1 S2","18","31","14","-9999","1","2","-9999","-9999","-9999","-9999","-9999","-9999"
"1003","565.082234","565.081937992","565.081495504","1836477.5","-9999","290687.6","12.06","-1","0.783052855","0.894706799","0","0.53682408","22","0.096774194","0.741935484","N2 S2 P1 O3","de-protonated","0","-9999","C31 H23 O3 N2 P1 S2","31","23","3","2","1","2","-9999","-9999","-9999","-9999","-9999","-9999"
"1003","565.082234","565.081937992","565.082343657","1836477.5","-9999","290687.6","12.06","-1","-0.717885625","0.910727677","0","0.546436606","23","0.24137931","0.620689655","N4 S1 O7","de-protonated","0","-9999","C29 H18 O7 N4 S1","29","18","7","4","-9999","1","-9999","-9999","-9999","-9999","-9999","-9999"
"1003","565.082234","565.081937992","565.082476599","1836477.5","-9999","290687.6","12.06","-1","-0.953146211","0.848026071","0","0.508815643","10","0.833333333","1.277777778","N4 P1 O15","de-protonated","0","-9999","C18 H23 O15 N4 P1","18","23","15","4","1","-9999","-9999","-9999","-9999","-9999","-9999","-9999"
"1004","565.11887","565.118573934","565.118394077","2172372","-9999","269133.3","14.58","-1","0.318263686","0.981788609","0","0.589073166","3","0.684210526","1.842105263","S2 P1 O13","de-protonated","0","-9999","C19 H35 O13 P1 S2","19","35","13","-9999","1","2","-9999","-9999","-9999","-9999","-9999","-9999"
"1004","565.11887","565.118573934","565.118729166","2172372","-9999","269133.3","14.58","-1","-0.274689634","0.986402196","0","0.591841318","22","0.2","0.733333333","N4 S1 O6","de-protonated","0","-9999","C30 H22 O6 N4 S1","30","22","6","4","-9999","1","-9999","-9999","-9999","-9999","-9999","-9999"
"1004","565.11887","565.118573934","565.118862108","2172372","-9999","269133.3","14.58","-1","-0.509935177","0.953913","0","0.5723478","9","0.736842105","1.421052632","N4 P1 O14","de-protonated","0","-9999","C19 H27 O14 N4 P1","19","27","14","4","1","-9999","-9999","-9999","-9999","-9999","-9999","-9999"
"1005","565.129834","565.129537917","565.129276594","21779418","-9999","279881.9","161.46","-1","0.462412446","0.650043496","0.894429062","0.747797723","26","0.194444444","0.611111111","O7","de-protonated","0","-9999","C36 H22 O7","36","22","7","-9999","-9999","-9999","-9999","-9999","-9999","-9999","-9999","-9999"
"1005","565.129834","565.129537917","565.129627467","21779418","-9999","279881.9","161.46","-1","-0.158459413","0.657239902","0.93031813","0.766471193","3","0.666666667","1.944444444","N2 S2 P1 O12","de-protonated","0","-9999","C18 H35 O12 N2 P1 S2","18","35","12","2","1","2","-9999","-9999","-9999","-9999","-9999","-9999"
"1005","565.129834","565.129537917","565.129114402","21779418","-9999","279881.9","161.46","-1","0.749411294","0.462782642","0.886988251","0.632464886","21","0.032258065","0.870967742","N4 S2 P1 O1","de-protonated","0","-9999","C31 H27 O1 N4 P1 S2","31","27","1","4","1","2","-9999","-9999","-9999","-9999","-9999","-9999"
"1006","565.154889","565.154592877","565.154779587","3066858.3","-9999","310994.1","21.28","-1","-0.330369883","0.98039073","0","0.588234438","2","0.6","1.95","S2 P1 O12","de-protonated","0","-9999","C20 H39 O12 P1 S2","20","39","12","-9999","1","2","-9999","-9999","-9999","-9999","-9999","-9999"
"1006","565.154889","565.154592877","565.154266522","3066858.3","-9999","310994.1","21.28","-1","0.577460263","0.470644087","0.736963647","0.577171911","20","0.03030303","0.939393939","N2 S2 P1 O1","de-protonated","0","-9999","C33 H31 O1 N2 P1 S2","33","31","1","2","1","2","-9999","-9999","-9999","-9999","-9999","-9999"
"1006","565.154889","565.154592877","565.155114676","3066858.3","-9999","310994.1","21.28","-1","-0.923284643","0.428346027","0.748902347","0.556568555","21","0.161290323","0.838709677","N4 S1 O5","de-protonated","0","-9999","C31 H26 O5 N4 S1","31","26","5","4","-9999","1","-9999","-9999","-9999","-9999","-9999","-9999"
"1007","565.191424","565.191127818","565.191165096","2107392.5","-9999","321737.3","14.09","-1","-0.065955955","0.999210976","0","0.599526585","1","0.523809524","2.047619048","S2 P1 O11","de-protonated","0","-9999","C21 H43 O11 P1 S2","21","43","11","-9999","1","2","-9999","-9999","-9999","-9999","-9999","-9999"
"1007","565.191424","565.191127818","565.191500185","2107392.5","-9999","321737.3","14.09","-1","-0.658832702","0.924261986","0","0.554557192","20","0.125","0.9375","N4 S1 O4","de-protonated","0","-9999","C32 H30 O4 N4 S1","32","30","4","4","-9999","1","-9999","-9999","-9999","-9999","-9999","-9999"
"1007","565.191424","565.191127818","565.191633127","2107392.5","-9999","321737.3","14.09","-1","-0.894047865","0.864991281","0","0.518994769","7","0.571428571","1.666666667","N4 P1 O12","de-protonated","0","-9999","C21 H35 O12 N4 P1","21","35","12","4","1","-9999","-9999","-9999","-9999","-9999","-9999","-9999"
"1008","565.346304","565.346007571","565.346150407","6272096","-9999","284329.1","45.29","-1","-0.252651347","0.658989638","0.93522794","0.769484959","2","0.111111111","2.074074074","13C1 N3 S2 P1 O3","de-protonated","1","999","C26 H56 O3 N3 P1 S2 13C1","26","56","3","3","1","2","1","-9999","-9999","-9999","-9999","-9999"
"1008","565.346304","565.346007571","565.346286752","6272096","-9999","284329.1","45.29","-1","-0.493823154","0.478358181","0.780512821","0.599220037","2","0.192307692","2.076923077","N4 S2 O5","de-protonated","0","-9999","C26 H54 O5 N4 S2","26","54","5","4","-9999","2","-9999","-9999","-9999","-9999","-9999","-9999"
"1009","566.113783","566.113485348","566.11364305","2162744.5","-9999","305514.8","14.5","-1","-0.278569346","0.98601809","0","0.591610854","3","0.722222222","1.888888889","N1 S2 P1 O13","de-protonated","0","-9999","C18 H34 O13 N1 P1 S2","18","34","13","1","1","2","-9999","-9999","-9999","-9999","-9999","-9999"
"1009","566.113783","566.113485348","566.113129985","2162744.5","-9999","305514.8","14.5","-1","0.627723196","0.930998708","0","0.558599225","21","0.064516129","0.838709677","N3 S2 P1 O2","de-protonated","0","-9999","C31 H26 O2 N3 P1 S2","31","26","2","3","1","2","-9999","-9999","-9999","-9999","-9999","-9999"
"1010","566.133074","566.132776317","566.132631429","5822020.5","-9999","267248","41.91","-1","0.25592606","0.658790526","0.894429062","0.753045941","26","0.194444444","0.611111111","13C1 O7","de-protonated","1","1005","C35 H22 O7 13C1","35","22","7","-9999","-9999","-9999","1","-9999","-9999","-9999","-9999","-9999"
"1010","566.133074","566.132776317","566.132982302","5822020.5","-9999","267248","41.91","-1","-0.363845303","0.650843606","0.93031813","0.762633415","3","0.666666667","1.944444444","13C1 N2 S2 P1 O12","de-protonated","1","1005","C17 H35 O12 N2 P1 S2 13C1","17","35","12","2","1","2","1","-9999","-9999","-9999","-9999","-9999"
"1010","566.133074","566.132776317","566.133257032","5822020.5","-9999","267248","41.91","-1","-0.849119655","0.438685535","0.70871839","0.546698677","30","0.026315789","0.552631579","N3 S1 O1","de-protonated","0","-9999","C38 H21 O1 N3 S1","38","21","1","3","-9999","1","-9999","-9999","-9999","-9999","-9999","-9999"
"1010","566.133074","566.132776317","566.133118647","5822020.5","-9999","267248","41.91","-1","-0.604681894","0.467904009","0.844689208","0.618618088","3","0.823529412","1.941176471","N3 S2 O14","de-protonated","0","-9999","C17 H33 O14 N3 S2","17","33","14","3","-9999","2","-9999","-9999","-9999","-9999","-9999","-9999"
"1010","566.133074","566.132776317","566.132469237","5822020.5","-9999","267248","41.91","-1","0.542416202","0.474007485","0.886988251","0.639199791","21","0.032258065","0.870967742","13C1 N4 S2 P1 O1","de-protonated","1","1005","C30 H27 O1 N4 P1 S2 13C1","30","27","1","4","1","2","1","-9999","-9999","-9999","-9999","-9999"
"1016","567.134121","567.133821721","567.134044142","2292397.8","-9999","245876.7","15.47","-1","-0.392184315","0.972477484","0","0.58348649","2","0.684210526","1.947368421","S2 P1 O13","de-protonated","0","-9999","C19 H37 O13 P1 S2","19","37","13","-9999","1","2","-9999","-9999","-9999","-9999","-9999","-9999"
"1016","567.134121","567.133821721","567.133531078","2292397.8","-9999","245876.7","15.47","-1","0.512477499","0.953463203","0","0.572077922","20","0.0625","0.90625","N2 S2 P1 O2","de-protonated","0","-9999","C32 H29 O2 N2 P1 S2","32","29","2","2","1","2","-9999","-9999","-9999","-9999","-9999","-9999"
"1016","567.134121","567.133821721","567.134379231","2292397.8","-9999","245876.7","15.47","-1","-0.983029802","0.839169555","0","0.503501733","21","0.2","0.8","N4 S1 O6","de-protonated","0","-9999","C30 H24 O6 N4 S1","30","24","6","4","-9999","1","-9999","-9999","-9999","-9999","-9999","-9999"
"1017","567.300808","567.300508455","567.301050636","2252564.8","-9999","290086.2","15.17","-1","-0.955720486","0.847270283","0","0.50836217","12","0.129032258","1.419354839","N4 S1 O4","de-protonated","0","-9999","C31 H44 O4 N4 S1","31","44","4","4","-9999","1","-9999","-9999","-9999","-9999","-9999","-9999"
"1018","568.549655","568.549353464","568.549660763","2521625","-9999","276086.9","17.18","-1","-0.540497427","0.474186232","0.719752637","0.572412794","0","0.027777778","2.083333333","N1 S1 O1","de-protonated","0","-9999","C36 H75 O1 N1 S1","36","75","1","1","-9999","1","-9999","-9999","-9999","-9999","-9999","-9999"
"1023","570.546606","570.54630128","570.546683383","3650800.8","-9999","279662.8","25.63","-1","-0.669714838","0.460920282","0.725399619","0.566712016","0","0.114285714","2.085714286","N1 O4","de-protonated","0","-9999","C35 H73 O4 N1","35","73","4","1","-9999","-9999","-9999","-9999","-9999","-9999","-9999","-9999"
"1027","571.251185","571.250879156","571.250848281","1842344.3","-9999","229202.9","12.08","-1","0.05404908","0.999470074","0","0.599682044","8","0.461538462","1.538461538","N2 O12","de-protonated","0","-9999","C26 H40 O12 N2","26","40","12","2","-9999","-9999","-9999","-9999","-9999","-9999","-9999","-9999"
"1027","571.251185","571.250879156","571.250335216","1842344.3","-9999","229202.9","12.08","-1","0.952191708","0.848305959","0","0.508983575","26","0.025641026","0.820512821","N4 O1","de-protonated","0","-9999","C39 H32 O1 N4","39","32","1","4","-9999","-9999","-9999","-9999","-9999","-9999","-9999","-9999"
"1027","571.251185","571.250879156","571.251337538","1842344.3","-9999","229202.9","12.08","-1","-0.80241697","0.889736517","0","0.53384191","12","0.137931034","1.413793103","N4 S1 P1 O4","de-protonated","0","-9999","C29 H41 O4 N4 P1 S1","29","41","4","4","1","1","-9999","-9999","-9999","-9999","-9999","-9999"
"1029","572.1007","572.100392802","572.100555215","2497211.3","-9999","307660.8","16.98","-1","-0.283890221","0.985482792","0","0.591289675","12","0.761904762","1.095238095","N3 O16","de-protonated","0","-9999","C21 H23 O16 N3","21","23","16","3","-9999","-9999","-9999","-9999","-9999","-9999","-9999","-9999"
"1034","573.172963","573.172654092","573.172597958","1963355.9","-9999","309132.2","12.98","-1","0.097934975","0.998261192","0","0.598956715","14","0.444444444","1.111111111","N2 O12","de-protonated","0","-9999","C27 H30 O12 N2","27","30","12","2","-9999","-9999","-9999","-9999","-9999","-9999","-9999","-9999"
"1034","573.172963","573.172654092","573.172084894","1963355.9","-9999","309132.2","12.98","-1","0.993066321","0.418077534","0.698017357","0.530053463","32","0.025","0.55","N4 O1","de-protonated","0","-9999","C40 H22 O1 N4","40","22","1","4","-9999","-9999","-9999","-9999","-9999","-9999","-9999","-9999"
"1034","573.172963","573.172654092","573.173087216","1963355.9","-9999","309132.2","12.98","-1","-0.755659531","0.90157588","0","0.540945528","18","0.133333333","1.033333333","N4 S1 P1 O4","de-protonated","0","-9999","C30 H31 O4 N4 P1 S1","30","31","4","4","1","1","-9999","-9999","-9999","-9999","-9999","-9999"
"1035","573.196217","573.195908055","573.196250476","1946986.5","-9999","276375.3","12.85","-1","-0.597389889","0.937297596","0","0.562378558","3","0.434782609","1.869565217","S2 P1 O10","de-protonated","0","-9999","C23 H43 O10 P1 S2","23","43","10","-9999","1","2","-9999","-9999","-9999","-9999","-9999","-9999"
"1035","573.196217","573.195908055","573.195381097","1946986.5","-9999","276375.3","12.85","-1","0.91933439","0.857824261","0","0.514694557","4","0.681818182","1.772727273","P1 O15","de-protonated","0","-9999","C22 H39 O15 P1","22","39","15","-9999","1","-9999","-9999","-9999","-9999","-9999","-9999","-9999"
"1036","573.230493","573.230184","573.230112836","2593664","-9999","319344.6","17.7","-1","0.124146484","0.997207356","0","0.598324414","8","0.52","1.52","N2 O13","de-protonated","0","-9999","C25 H38 O13 N2","25","38","13","2","-9999","-9999","-9999","-9999","-9999","-9999","-9999","-9999"
"1036","573.230493","573.230184","573.230602093","2593664","-9999","319344.6","17.7","-1","-0.729362398","0.907987045","0","0.544792227","12","0.178571429","1.392857143","N4 S1 P1 O5","de-protonated","0","-9999","C28 H39 O5 N4 P1 S1","28","39","5","4","1","1","-9999","-9999","-9999","-9999","-9999","-9999"
"1037","573.266862","573.266552942","573.266498345","2146711","-9999","255515.5","14.35","-1","0.095238713","0.998355539","0","0.599013324","7","0.461538462","1.615384615","N2 O12","de-protonated","0","-9999","C26 H42 O12 N2","26","42","12","2","-9999","-9999","-9999","-9999","-9999","-9999","-9999","-9999"
"1037","573.266862","573.266552942","573.265985281","2146711","-9999","255515.5","14.35","-1","0.990223436","0.418505469","0.703327172","0.53243415","25","0.025641026","0.871794872","N4 O1","de-protonated","0","-9999","C39 H34 O1 N4","39","34","1","4","-9999","-9999","-9999","-9999","-9999","-9999","-9999","-9999"
"1037","573.266862","573.266552942","573.266987602","2146711","-9999","255515.5","14.35","-1","-0.758215972","0.900942987","0","0.540565792","11","0.137931034","1.482758621","N4 S1 P1 O4","de-protonated","0","-9999","C29 H43 O4 N4 P1 S1","29","43","4","4","1","1","-9999","-9999","-9999","-9999","-9999","-9999"
"1044","574.985538","574.985226202","574.985191108","58330068","-9999","285724.1","435.22","-1","0.061034402","0.249831074","0.748328176","0.449229915","23","0.6","0.32","N2 O15","de-protonated","0","-9999","C25 H8 O15 N2","25","8","15","2","-9999","-9999","-9999","-9999","-9999","-9999","-9999","-9999"
"1044","574.985538","574.985226202","574.985680365","58330068","-9999","285724.1","435.22","-1","-0.78986918800000006","0.296374758","0.735319987","0.47195285","27","0.25","0.321428571","N4 S1 P1 O7","de-protonated","0","-9999","C28 H9 O7 N4 P1 S1","28","9","7","4","1","1","-9999","-9999","-9999","-9999","-9999","-9999"
"1045","575.066557","575.066245073","575.066496888","1991175","-9999","340106.9","13.17","-1","-0.437889109","0.482903036","0.698017357","0.568948765","33","0.025","0.425","S1 P1 O1","de-protonated","0","-9999","C40 H17 O1 P1 S1","40","17","1","-9999","1","1","-9999","-9999","-9999","-9999","-9999","-9999"
"1045","575.066557","575.066245073","575.066358504","1991175","-9999","340106.9","13.17","-1","-0.197248412","0.992965248","0","0.595779149","6","0.736842105","1.526315789","S2 P1 O14","de-protonated","0","-9999","C19 H29 O14 P1 S2","19","29","14","-9999","1","2","-9999","-9999","-9999","-9999","-9999","-9999"
"1045","575.066557","575.066245073","575.065845439","1991175","-9999","340106.9","13.17","-1","0.694934897","0.916101757","0","0.549661054","24","0.09375","0.65625","N2 S2 P1 O3","de-protonated","0","-9999","C32 H21 O3 N2 P1 S2","32","21","3","2","1","2","-9999","-9999","-9999","-9999","-9999","-9999"
"1045","575.066557","575.066245073","575.066693592","1991175","-9999","340106.9","13.17","-1","-0.77994405","0.895495982","0","0.537297589","25","0.233333333","0.533333333","N4 S1 O7","de-protonated","0","-9999","C30 H16 O7 N4 S1","30","16","7","4","-9999","1","-9999","-9999","-9999","-9999","-9999","-9999"
"1046","575.08202000000006","575.081708048","575.081614645","1995280.8","-9999","303645.8","13.21","-1","0.16241717","0.995224941","0","0.597134965","10","0.47826087","1.260869565","S2 P1 O11","de-protonated","0","-9999","C23 H29 O11 P1 S2","23","29","11","-9999","1","2","-9999","-9999","-9999","-9999","-9999","-9999"
"1046","575.08202000000006","575.081708048","575.081949734","1995280.8","-9999","303645.8","13.21","-1","-0.420263219","0.968460405","0","0.581076243","29","0.117647059","0.470588235","N4 S1 O4","de-protonated","0","-9999","C34 H16 O4 N4 S1","34","16","4","4","-9999","1","-9999","-9999","-9999","-9999","-9999","-9999"
"1046","575.08202000000006","575.081708048","575.082082675","1995280.8","-9999","303645.8","13.21","-1","-0.65143313","0.925889396","0","0.555533638","16","0.52173913","0.913043478","N4 P1 O12","de-protonated","0","-9999","C23 H21 O12 N4 P1","23","21","12","4","1","-9999","-9999","-9999","-9999","-9999","-9999","-9999"
"1047","575.175654","575.175341899","575.175515032","1965644.1","-9999","261942.8","12.37","-1","-0.301008865","0.983694005","0","0.590216403","3","0.5","1.863636364","S2 P1 O11","de-protonated","0","-9999","C22 H41 O11 P1 S2","22","41","11","-9999","1","2","-9999","-9999","-9999","-9999","-9999","-9999"
"1047","575.175654","575.175341899","575.175850121","1965644.1","-9999","261942.8","12.37","-1","-0.883593859","0.867912909","0","0.520747746","22","0.121212121","0.848484848","N4 S1 O4","de-protonated","0","-9999","C33 H28 O4 N4 S1","33","28","4","4","-9999","1","-9999","-9999","-9999","-9999","-9999","-9999"
"1048","575.212087","575.211774841","575.211900541","2156131.3","-9999","279602.4","13.73","-1","-0.218528808","0.99137238","0","0.594823428","2","0.434782609","1.956521739","S2 P1 O10","de-protonated","0","-9999","C23 H45 O10 P1 S2","23","45","10","-9999","1","2","-9999","-9999","-9999","-9999","-9999","-9999"
"1048","575.212087","575.211774841","575.21223563","2156131.3","-9999","279602.4","13.73","-1","-0.801076998","0.890083463","0","0.534050078","21","0.088235294","0.941176471","N4 S1 O3","de-protonated","0","-9999","C34 H32 O3 N4 S1","34","32","3","4","-9999","1","-9999","-9999","-9999","-9999","-9999","-9999"
"1049","575.246207","575.245894786","575.2457629","5897337","-9999","280458.9","40.43","-1","0.229269008","0.49525381","0.787157861","0.612015431","7","0.52","1.6","N2 O13","de-protonated","0","-9999","C25 H40 O13 N2","25","40","13","2","-9999","-9999","-9999","-9999","-9999","-9999","-9999","-9999"
"1049","575.246207","575.245894786","575.246252157","5897337","-9999","280458.9","40.43","-1","-0.621249288","0.466182811","0.767553728","0.586731178","11","0.178571429","1.464285714","N4 S1 P1 O5","de-protonated","0","-9999","C28 H41 O5 N4 P1 S1","28","41","5","4","1","1","-9999","-9999","-9999","-9999","-9999","-9999"
"1050","575.985074","575.984760608","575.985332212","15494734","-9999","244073.1","108.92","-1","-0.992393212","0.278785951","0.70723611","0.450166015","26","0.266666667","0.366666667","N1 S2 O8","de-protonated","0","-9999","C30 H11 O8 N1 S2","30","11","8","1","-9999","2","-9999","-9999","-9999","-9999","-9999","-9999"
"1051","575.987155","575.986841605","575.987182687","3456079.8","-9999","560826.9","23","-1","-0.592169465","0.938354336","0","0.563012601","13","0.833333333","0.833333333","N3 S2 O15","de-protonated","0","-9999","C18 H15 O15 N3 S2","18","15","15","3","-9999","2","-9999","-9999","-9999","-9999","-9999","-9999"
"1052","575.98893","575.988616602","575.988323393","5000785","-9999","235716.3","34.03","-1","0.509053926","0.477034221","0.761234226","0.590714223","26","0.172413793","0.413793103","N3 S2 P1 O5","de-protonated","0","-9999","C29 H12 O5 N3 P1 S2","29","12","5","3","1","2","-9999","-9999","-9999","-9999","-9999","-9999"
"1056","576.982264","576.981949018","576.982234954","10184907","-9999","238013.6","71.02","-1","-0.495572303","0.318805329","0.723846817","0.480821924","21","0.333333333","0.555555556","S2 P1 O9","de-protonated","0","-9999","C27 H15 O9 P1 S2","27","15","9","-9999","1","2","-9999","-9999","-9999","-9999","-9999","-9999"
"1056","576.982264","576.981949018","576.981476195","10184907","-9999","238013.6","71.02","-1","0.819477236","0.295093544","0.735319987","0.471184122","27","0.25","0.321428571","N4 34S1 P1 O7","de-protonated","1","1044","C28 H9 O7 N4 P1 34S1","28","9","7","4","1","-9999","-9999","-9999","-9999","-9999","-9999","1"
"1056","576.982264","576.981949018","576.982431659","10184907","-9999","238013.6","71.02","-1","-0.836491509","0.293588777","0.785329736","0.490285161","13","0.882352941","0.823529412","N4 S2 O15","de-protonated","0","-9999","C17 H14 O15 N4 S2","17","14","15","4","-9999","2","-9999","-9999","-9999","-9999","-9999","-9999"
"1057","577.089158","577.088842848","577.088868332","2259215","-9999","292183.5","14.46","-1","-0.044160885","0.999646204","0","0.599787723","24","0.322580645","0.580645161","N2 O10","de-protonated","0","-9999","C31 H18 O10 N2","31","18","10","2","-9999","-9999","-9999","-9999","-9999","-9999","-9999","-9999"
"1057","577.089158","577.088842848","577.08935759","2259215","-9999","292183.5","14.46","-1","-0.891962567","0.432788012","0.73113591","0.552127171","28","0.058823529","0.558823529","N4 S1 P1 O2","de-protonated","0","-9999","C34 H19 O2 N4 P1 S1","34","19","2","4","1","1","-9999","-9999","-9999","-9999","-9999","-9999"
"1058","577.154698","577.154382743","577.154779587","1945913","-9999","283977.3","12.22","-1","-0.687586071","0.917792149","0","0.55067529","3","0.571428571","1.857142857","S2 P1 O12","de-protonated","0","-9999","C21 H39 O12 P1 S2","21","39","12","-9999","1","2","-9999","-9999","-9999","-9999","-9999","-9999"
"1058","577.154698","577.154382743","577.153910207","1945913","-9999","283977.3","12.22","-1","0.818735305","0.885475895","0","0.531285537","4","0.85","1.75","P1 O17","de-protonated","0","-9999","C20 H35 O17 P1","20","35","17","-9999","1","-9999","-9999","-9999","-9999","-9999","-9999","-9999"
"1058","577.154698","577.154382743","577.154266522","1945913","-9999","283977.3","12.22","-1","0.201368455","0.992669392","0","0.595601635","21","0.029411765","0.911764706","N2 S2 P1 O1","de-protonated","0","-9999","C34 H31 O1 N2 P1 S2","34","31","1","2","1","2","-9999","-9999","-9999","-9999","-9999","-9999"
"1059","577.191317","577.191001685","577.191165096","2368848.5","-9999","295204.8","15.24","-1","-0.283114738","0.985561421","0","0.591336852","2","0.5","1.954545455","S2 P1 O11","de-protonated","0","-9999","C22 H43 O11 P1 S2","22","43","11","-9999","1","2","-9999","-9999","-9999","-9999","-9999","-9999"
"1059","577.191317","577.191001685","577.191500185","2368848.5","-9999","295204.8","15.24","-1","-0.863665258","0.436706924","0.736963647","0.556809613","21","0.121212121","0.909090909","N4 S1 O4","de-protonated","0","-9999","C33 H30 O4 N4 S1","33","30","4","4","-9999","1","-9999","-9999","-9999","-9999","-9999","-9999"
"1060","577.243306","577.242990602","577.242806747","2408305.8","-9999","325452.1","15.52","-1","0.318505725","0.981761153","0","0.589056692","5","0.259259259","1.740740741","S2 P1 O7","de-protonated","0","-9999","C27 H47 O7 P1 S2","27","47","7","-9999","1","2","-9999","-9999","-9999","-9999","-9999","-9999"
"1060","577.243306","577.242990602","577.243274777","2408305.8","-9999","325452.1","15.52","-1","-0.492297656","0.956977541","0","0.574186525","11","0.296296296","1.444444444","N4 P1 O8","de-protonated","0","-9999","C27 H39 O8 N4 P1","27","39","8","4","1","-9999","-9999","-9999","-9999","-9999","-9999","-9999"
"1061","577.261767","577.261451572","577.261412965","3803517.5","-9999","291354.7","25.48","-1","0.066880952","0.499594349","0.787157861","0.614619754","6","0.52","1.68","N2 O13","de-protonated","0","-9999","C25 H42 O13 N2","25","42","13","2","-9999","-9999","-9999","-9999","-9999","-9999","-9999","-9999"
"1061","577.261767","577.261451572","577.2608999","3803517.5","-9999","291354.7","25.48","-1","0.955671938","0.423642274","0.70871839","0.53767272","24","0.052631579","0.894736842","N4 O2","de-protonated","0","-9999","C38 H34 O2 N4","38","34","2","4","-9999","-9999","-9999","-9999","-9999","-9999","-9999","-9999"
"1061","577.261767","577.261451572","577.261902222","3803517.5","-9999","291354.7","25.48","-1","-0.780667415","0.447656286","0.767553728","0.575615263","10","0.178571429","1.535714286","N4 S1 P1 O5","de-protonated","0","-9999","C28 H43 O5 N4 P1 S1","28","43","5","4","1","1","-9999","-9999","-9999","-9999","-9999","-9999"
"1062","577.982083","577.98176642400006","577.981703383","2796364","-9999","342657.5","18.29","-1","0.109070412","0.99784375","0","0.59870625","17","0.619047619","0.619047619","N3 S2 O13","de-protonated","0","-9999","C21 H13 O13 N3 S2","21","13","13","3","-9999","2","-9999","-9999","-9999","-9999","-9999","-9999"
"1063","578.103262","578.102945231","578.103396198","5709722","-9999","273600.3","39.08","-1","-0.780080549","0.447730691","0.703327172","0.549969284","32","0.128205128","0.435897436","N1 O5","de-protonated","0","-9999","C39 H17 O5 N1","39","17","5","1","-9999","-9999","-9999","-9999","-9999","-9999","-9999","-9999"
"1063","578.103262","578.102945231","578.102744749","5709722","-9999","273600.3","39.08","-1","0.346792101","0.489207246","0.748902347","0.593085286","23","0.225806452","0.677419355","N3 S1 O7","de-protonated","0","-9999","C31 H21 O7 N3 S1","31","21","7","3","-9999","1","-9999","-9999","-9999","-9999","-9999","-9999"
"1063","578.103262","578.102945231","578.102877691","5709722","-9999","273600.3","39.08","-1","0.116829959","0.498763214","0.822155738","0.628120224","10","0.75","1.3","N3 P1 O15","de-protonated","0","-9999","C20 H26 O15 N3 P1","20","26","15","3","1","-9999","-9999","-9999","-9999","-9999","-9999","-9999"
"1066","579.108874","579.108555627","579.108541149","8080931","-9999","248332.1","56","-1","0.025001161","0.999760477","0.931403682","0.972417759","27","0.222222222","0.555555556","O8","de-protonated","0","-9999","C36 H20 O8","36","20","8","-9999","-9999","-9999","-9999","-9999","-9999","-9999","-9999","-9999"
"1066","579.108874","579.108555627","579.108892022","8080931","-9999","248332.1","56","-1","-0.580883041","0.942654332","0.951306905","0.946115361","4","0.722222222","1.833333333","N2 S2 P1 O13","de-protonated","0","-9999","C18 H33 O13 N2 P1 S2","18","33","13","2","1","2","-9999","-9999","-9999","-9999","-9999","-9999"
"1066","579.108874","579.108555627","579.108378958","8080931","-9999","248332.1","56","-1","0.305071939","0.982165814","0.960553391","0.973520845","22","0.064516129","0.806451613","N4 S2 P1 O2","de-protonated","0","-9999","C31 H25 O2 N4 P1 S2","31","25","2","4","1","2","-9999","-9999","-9999","-9999","-9999","-9999"
"1067","580.092978","580.092658058","580.093045989","3334305.8","-9999","258394.6","22.11","-1","-0.668739286","0.461029497","0.703327172","0.557948567","31","0.025641026","0.512820513","N1 S1 P1 O1","de-protonated","0","-9999","C39 H20 O1 N1 P1 S1","39","20","1","1","1","1","-9999","-9999","-9999","-9999","-9999","-9999"
"1067","580.092978","580.092658058","580.092907605","3334305.8","-9999","258394.6","22.11","-1","-0.430183814","0.966978951","0","0.58018737","4","0.777777778","1.777777778","N1 S2 P1 O14","de-protonated","0","-9999","C18 H32 O14 N1 P1 S2","18","32","14","1","1","2","-9999","-9999","-9999","-9999","-9999","-9999"
"1067","580.092978","580.092658058","580.09239454","3334305.8","-9999","258394.6","22.11","-1","0.454268446","0.481624315","0.748902347","0.588535527","22","0.096774194","0.774193548","N3 S2 P1 O3","de-protonated","0","-9999","C31 H24 O3 N3 P1 S2","31","24","3","3","1","2","-9999","-9999","-9999","-9999","-9999","-9999"
"1068","580.112242","580.111922027","580.111895984","2169518.3","-9999","246461","13.8","-1","0.044893864","0.999634364","0.931403682","0.972342091","27","0.222222222","0.555555556","13C1 O8","de-protonated","1","1066","C35 H20 O8 13C1","35","20","8","-9999","-9999","-9999","1","-9999","-9999","-9999","-9999","-9999"
"1068","580.112242","580.111922027","580.112246857","2169518.3","-9999","246461","13.8","-1","-0.55994242","0.944697407","0.951306905","0.947341206","4","0.722222222","1.833333333","13C1 N2 S2 P1 O13","de-protonated","1","1066","C17 H33 O13 N2 P1 S2 13C1","17","33","13","2","1","2","1","-9999","-9999","-9999","-9999","-9999"
"1068","580.112242","580.111922027","580.112383202","2169518.3","-9999","246461","13.8","-1","-0.794975403","0.89165766","0","0.534994596","4","0.882352941","1.823529412","N3 S2 O15","de-protonated","0","-9999","C17 H31 O15 N3 S2","17","31","15","3","-9999","2","-9999","-9999","-9999","-9999","-9999","-9999"
"1068","580.112242","580.111922027","580.111733793","2169518.3","-9999","246461","13.8","-1","0.32448024","0.981077065","0.960553391","0.972867595","22","0.064516129","0.806451613","13C1 N4 S2 P1 O2","de-protonated","1","1066","C30 H25 O2 N4 P1 S2 13C1","30","25","2","4","1","2","1","-9999","-9999","-9999","-9999","-9999"
"1069","580.165774","580.165453942","580.165678623","8519889","-9999","260403.7","59.12","-1","-0.387271015","0.979131088","0.981278603","0.979990094","2","0.6","2","N1 S2 P1 O12","de-protonated","0","-9999","C20 H40 O12 N1 P1 S2","20","40","12","1","1","2","-9999","-9999","-9999","-9999","-9999","-9999"
"1069","580.165774","580.165453942","580.165165559","8519889","-9999","260403.7","59.12","-1","0.497070345","0.946943571","0.933529305","0.941577865","20","0.03030303","0.96969697","N3 S2 P1 O1","de-protonated","0","-9999","C33 H32 O1 N3 P1 S2","33","32","1","3","1","2","-9999","-9999","-9999","-9999","-9999","-9999"
"1070","580.337917","580.337596668","580.337710191","2266433.3","-9999","343836.3","14.49","-1","-0.195616807","0.993080745","0","0.595848447","2","0.148148148","2.074074074","N3 S2 P1 O4","de-protonated","0","-9999","C27 H56 O4 N3 P1 S2","27","56","4","3","1","2","-9999","-9999","-9999","-9999","-9999","-9999"
"1072","581.113438","581.113116431","581.113447081","2150204","-9999","322356","13.66","-1","-0.568994531","0.471473652","0.698017357","0.562091134","30","0.025","0.575","S1 P1 O1","de-protonated","0","-9999","C40 H23 O1 P1 S1","40","23","1","-9999","1","1","-9999","-9999","-9999","-9999","-9999","-9999"
"1072","581.113438","581.113116431","581.113308697","2150204","-9999","322356","13.66","-1","-0.330857925","0.980333325","0","0.588199995","3","0.736842105","1.842105263","S2 P1 O14","de-protonated","0","-9999","C19 H35 O14 P1 S2","19","35","14","-9999","1","2","-9999","-9999","-9999","-9999","-9999","-9999"
"1072","581.113438","581.113116431","581.112795633","2150204","-9999","322356","13.66","-1","0.552041375","0.946204624","0","0.567722774","21","0.09375","0.84375","N2 S2 P1 O3","de-protonated","0","-9999","C32 H27 O3 N2 P1 S2","32","27","3","2","1","2","-9999","-9999","-9999","-9999","-9999","-9999"
"1072","581.113438","581.113116431","581.113643786","2150204","-9999","322356","13.66","-1","-0.907490074","0.861198779","0","0.516719268","22","0.233333333","0.733333333","N4 S1 O7","de-protonated","0","-9999","C30 H22 O7 N4 S1","30","22","7","4","-9999","1","-9999","-9999","-9999","-9999","-9999","-9999"
"1073","581.124597","581.124275413","581.124191213","4741955.5","-9999","239580.7","32.16","-1","0.144891393","0.498099","0.719752637","0.586760455","26","0.222222222","0.611111111","O8","de-protonated","0","-9999","C36 H22 O8","36","22","8","-9999","-9999","-9999","-9999","-9999","-9999","-9999","-9999","-9999"
"1073","581.124597","581.124275413","581.124542086","4741955.5","-9999","239580.7","32.16","-1","-0.458891351","0.481255543","0.837042051","0.623570146","3","0.722222222","1.944444444","N2 S2 P1 O13","de-protonated","0","-9999","C18 H35 O13 N2 P1 S2","18","35","13","2","1","2","-9999","-9999","-9999","-9999","-9999","-9999"
"1073","581.124597","581.124275413","581.124029022","4741955.5","-9999","239580.7","32.16","-1","0.423990768","0.483953777","0.748902347","0.589933205","21","0.064516129","0.870967742","N4 S2 P1 O2","de-protonated","0","-9999","C31 H27 O2 N4 P1 S2","31","27","2","4","1","2","-9999","-9999","-9999","-9999","-9999","-9999"
"1074","581.149903","581.149581373","581.149694206","1934676.1","-9999","318242.1","12.12","-1","-0.194155546","0.993183381","0","0.595910029","2","0.65","1.95","S2 P1 O13","de-protonated","0","-9999","C20 H39 O13 P1 S2","20","39","13","-9999","1","2","-9999","-9999","-9999","-9999","-9999","-9999"
"1074","581.149903","581.149581373","581.149181142","1934676.1","-9999","318242.1","12.12","-1","0.688688596","0.917539492","0","0.550523695","20","0.060606061","0.939393939","N2 S2 P1 O2","de-protonated","0","-9999","C33 H31 O2 N2 P1 S2","33","31","2","2","1","2","-9999","-9999","-9999","-9999","-9999","-9999"
"1074","581.149903","581.149581373","581.150029295","1934676.1","-9999","318242.1","12.12","-1","-0.770751671","0.897815158","0","0.538689095","21","0.193548387","0.838709677","N4 S1 O6","de-protonated","0","-9999","C31 H26 O6 N4 S1","31","26","6","4","-9999","1","-9999","-9999","-9999","-9999","-9999","-9999"
"1074","581.149903","581.149581373","581.150162237","1934676.1","-9999","318242.1","12.12","-1","-0.999507742","0.834210016","0","0.500526009","8","0.7","1.55","N4 P1 O14","de-protonated","0","-9999","C20 H31 O14 N4 P1","20","31","14","4","1","-9999","-9999","-9999","-9999","-9999","-9999","-9999"
"1075","581.169188","581.168866342","581.169033458","2084448.6","-9999","236972","13.19","-1","-0.287552048","0.98510869","0.981278603","0.983576655","2","0.6","2","13C1 N1 S2 P1 O12","de-protonated","1","1069","C19 H40 O12 N1 P1 S2 13C1","19","40","12","1","1","2","1","-9999","-9999","-9999","-9999","-9999"
"1075","581.169188","581.168866342","581.169308188","2084448.6","-9999","236972","13.19","-1","-0.760271387","0.450216453","0.698017357","0.549336815","29","0.025","0.65","N2 S1 O1","de-protonated","0","-9999","C40 H26 O1 N2 S1","40","26","1","2","-9999","1","-9999","-9999","-9999","-9999","-9999","-9999"
"1075","581.169188","581.168866342","581.16944113","2084448.6","-9999","236972","13.19","-1","-0.989019871","0.837372804","0","0.502423682","16","0.310344828","1.068965517","N2 P1 O9","de-protonated","0","-9999","C29 H31 O9 N2 P1","29","31","9","2","1","-9999","-9999","-9999","-9999","-9999","-9999","-9999"
"1075","581.169188","581.168866342","581.169169804","2084448.6","-9999","236972","13.19","-1","-0.522157715","0.951732049","0","0.57103923","2","0.736842105","2","N2 S2 O14","de-protonated","0","-9999","C19 H38 O14 N2 S2","19","38","14","2","-9999","2","-9999","-9999","-9999","-9999","-9999","-9999"
"1075","581.169188","581.168866342","581.168520394","2084448.6","-9999","236972","13.19","-1","0.595262634","0.93772918","0.933529305","0.93604923","20","0.03030303","0.96969697","13C1 N3 S2 P1 O1","de-protonated","1","1069","C32 H32 O1 N3 P1 S2 13C1","32","32","1","3","1","2","1","-9999","-9999","-9999","-9999","-9999"
"1075","581.169188","581.168866342","581.16865674","2084448.6","-9999","236972","13.19","-1","0.360656552","0.976674738","0","0.586004843","20","0.09375","0.9375","N4 S2 O3","de-protonated","0","-9999","C32 H30 O3 N4 S2","32","30","3","4","-9999","2","-9999","-9999","-9999","-9999","-9999","-9999"
"1075","581.169188","581.168866342","581.168789682","2084448.6","-9999","236972","13.19","-1","0.131907555","0.996847843","0","0.598108706","7","0.523809524","1.666666667","N4 S1 P1 O11","de-protonated","0","-9999","C21 H35 O11 N4 P1 S1","21","35","11","4","1","1","-9999","-9999","-9999","-9999","-9999","-9999"
"1076","581.316468","581.316146107","581.316700701","2158017.3","-9999","310908.5","13.71","-1","-0.954029706","0.847766837","0","0.508660102","12","0.125","1.4375","N4 S1 O4","de-protonated","0","-9999","C32 H46 O4 N4 S1","32","46","4","4","-9999","1","-9999","-9999","-9999","-9999","-9999","-9999"
"1079","585.266736","585.266407809","585.266498345","3106819.8","-9999","238295.9","20.47","-1","-0.154692621","0.49783369","0.773979033","0.608291827","8","0.444444444","1.555555556","N2 O12","de-protonated","0","-9999","C27 H42 O12 N2","27","42","12","2","-9999","-9999","-9999","-9999","-9999","-9999","-9999","-9999"
"1079","585.266736","585.266407809","585.265985281","3106819.8","-9999","238295.9","20.47","-1","0.721941565","0.454881576","0.698017357","0.552135888","26","0.025","0.85","N4 O1","de-protonated","0","-9999","C40 H34 O1 N4","40","34","1","4","-9999","-9999","-9999","-9999","-9999","-9999","-9999","-9999"
"1079","585.266736","585.266407809","585.266987602","3106819.8","-9999","238295.9","20.47","-1","-0.990648322","0.418441562","0.755017935","0.553072111","12","0.133333333","1.433333333","N4 S1 P1 O4","de-protonated","0","-9999","C30 H43 O4 N4 P1 S1","30","43","4","4","1","1","-9999","-9999","-9999","-9999","-9999","-9999"
"1080","586.168159","586.167829371","586.16784693","6350949.5","-9999","249412.1","43.62","-1","-0.029955841","0.499918595","0.773979033","0.60954277","15","0.444444444","1.074074074","N3 O12","de-protonated","0","-9999","C27 H29 O12 N3","27","29","12","3","-9999","-9999","-9999","-9999","-9999","-9999","-9999","-9999"
"1081","587.127227","587.126895842","587.127383069","2943731.3","-9999","289220.4","19.29","-1","-0.829848191","0.441268626","0.719752637","0.552662231","23","0.055555556","0.805555556","S2 P1 O2","de-protonated","0","-9999","C36 H29 O2 P1 S2","36","29","2","-9999","1","2","-9999","-9999","-9999","-9999","-9999","-9999"
"1081","587.127227","587.126895842","587.126513689","2943731.3","-9999","289220.4","19.29","-1","0.65088744","0.463004398","0.725399619","0.567962486","24","0.2","0.714285714","P1 O7","de-protonated","0","-9999","C35 H25 O7 P1","35","25","7","-9999","1","-9999","-9999","-9999","-9999","-9999","-9999","-9999"
"1081","587.127227","587.126895842","587.126710393","2943731.3","-9999","289220.4","19.29","-1","0.315858196","0.982060384","0","0.58923623","16","0.52","0.96","N4 O13","de-protonated","0","-9999","C25 H24 O13 N4","25","24","13","4","-9999","-9999","-9999","-9999","-9999","-9999","-9999","-9999"
"1082","587.282483","587.282151595","587.282148409","2552669.5","-9999","269738.9","16.5","-1","0.005423391","0.999994663","0","0.599996798","7","0.444444444","1.62962963","N2 O12","de-protonated","0","-9999","C27 H44 O12 N2","27","44","12","2","-9999","-9999","-9999","-9999","-9999","-9999","-9999","-9999"
"1082","587.282483","587.282151595","587.281635345","2552669.5","-9999","269738.9","16.5","-1","0.87904896","0.434587709","0.698017357","0.539959568","25","0.025","0.9","N4 O1","de-protonated","0","-9999","C40 H36 O1 N4","40","36","1","4","-9999","-9999","-9999","-9999","-9999","-9999","-9999","-9999"
"1082","587.282483","587.282151595","587.282637667","2552669.5","-9999","269738.9","16.5","-1","-0.827663306","0.441558684","0.755017935","0.566942384","11","0.133333333","1.5","N4 S1 P1 O4","de-protonated","0","-9999","C30 H45 O4 N4 P1 S1","30","45","4","4","1","1","-9999","-9999","-9999","-9999","-9999","-9999"
"1084","588.901321","588.900987013","588.901418432","3105209.8","-9999","307804.9","20.44","-1","-0.73258174","0.907211966","0","0.544327179","16","0.9375","0.4375","N4 S2 P1 O15","de-protonated","0","-9999","C16 H7 O15 N4 P1 S2","16","7","15","4","1","2","-9999","-9999","-9999","-9999","-9999","-9999"
"1086","589.261538","589.261203439","589.261412965","1929908","-9999","238368.6","12.05","-1","-0.355573283","0.977320158","0","0.586392095","7","0.5","1.615384615","N2 O13","de-protonated","0","-9999","C26 H42 O13 N2","26","42","13","2","-9999","-9999","-9999","-9999","-9999","-9999","-9999","-9999"
"1086","589.261538","589.261203439","589.2608999","1929908","-9999","238368.6","12.05","-1","0.515117556","0.476496986","0.703327172","0.56722906","25","0.051282051","0.871794872","N4 O2","de-protonated","0","-9999","C39 H34 O2 N4","39","34","2","4","-9999","-9999","-9999","-9999","-9999","-9999","-9999","-9999"
"1092","591.076777","591.076439545","591.076529264","6318509.5","-9999","251708.3","43.36","-1","-0.151790462","0.497914043","0.800793265","0.619065732","10","0.52173913","1.260869565","S2 P1 O12","de-protonated","0","-9999","C23 H29 O12 P1 S2","23","29","12","-9999","1","2","-9999","-9999","-9999","-9999","-9999","-9999"
"1092","591.076777","591.076439545","591.0760162","6318509.5","-9999","251708.3","43.36","-1","0.716226778","0.455560444","0.719752637","0.561237321","28","0.027777778","0.583333333","N2 S2 P1 O1","de-protonated","0","-9999","C36 H21 O1 N2 P1 S2","36","21","1","2","1","2","-9999","-9999","-9999","-9999","-9999","-9999"
"1092","591.076777","591.076439545","591.076864353","6318509.5","-9999","251708.3","43.36","-1","-0.718702973","0.455266831","0.73113591","0.565614463","29","0.147058824","0.470588235","N4 S1 O5","de-protonated","0","-9999","C34 H16 O5 N4 S1","34","16","5","4","-9999","1","-9999","-9999","-9999","-9999","-9999","-9999"
"1092","591.076777","591.076439545","591.076997295","6318509.5","-9999","251708.3","43.36","-1","-0.943617214","0.42540589","0.800793265","0.57556084","16","0.565217391","0.913043478","N4 P1 O13","de-protonated","0","-9999","C23 H21 O13 N4 P1","23","21","13","4","1","-9999","-9999","-9999","-9999","-9999","-9999","-9999"
"1093","591.170792","591.170454395","591.170429651","1980912.1","-9999","302133.8","12.4","-1","0.041855198","0.999682178","0","0.599809307","3","0.545454545","1.863636364","S2 P1 O12","de-protonated","0","-9999","C22 H41 O12 P1 S2","22","41","12","-9999","1","2","-9999","-9999","-9999","-9999","-9999","-9999"
"1093","591.170792","591.170454395","591.169916587","1980912.1","-9999","302133.8","12.4","-1","0.909734732","0.860561609","0","0.516336966","21","0.028571429","0.942857143","N2 S2 P1 O1","de-protonated","0","-9999","C35 H33 O1 N2 P1 S2","35","33","1","2","1","2","-9999","-9999","-9999","-9999","-9999","-9999"
"1093","591.170792","591.170454395","591.17076474","1980912.1","-9999","302133.8","12.4","-1","-0.524967375","0.951224118","0","0.570734471","22","0.151515152","0.848484848","N4 S1 O5","de-protonated","0","-9999","C33 H28 O5 N4 S1","33","28","5","4","-9999","1","-9999","-9999","-9999","-9999","-9999","-9999"
"1093","591.170792","591.170454395","591.170897682","1980912.1","-9999","302133.8","12.4","-1","-0.749845935","0.90300882","0","0.541805292","9","0.590909091","1.5","N4 P1 O13","de-protonated","0","-9999","C22 H33 O13 N4 P1","22","33","13","4","1","-9999","-9999","-9999","-9999","-9999","-9999","-9999"
"1099","593.073767","593.07342636","593.073690269","3953470.5","-9999","224948","26.47","-1","-0.444983864","0.482354503","0.6825583","0.562436022","37","0.046511628","0.348837209","P1 O2","de-protonated","0","-9999","C43 H15 O2 P1","43","15","2","-9999","1","-9999","-9999","-9999","-9999","-9999","-9999","-9999"
"1099","593.073767","593.07342636","593.073418943","3953470.5","-9999","224948","26.47","-1","0.012507621","0.499985807","0.736963647","0.594776943","23","0.212121212","0.666666667","S2 O7","de-protonated","0","-9999","C33 H22 O7 S2","33","22","7","-9999","-9999","2","-9999","-9999","-9999","-9999","-9999","-9999"
"1099","593.073767","593.07342636","593.073551884","3953470.5","-9999","224948","26.47","-1","-0.211649621","0.495952424","0.807789663","0.620687319","10","0.681818182","1.227272727","S1 P1 O15","de-protonated","0","-9999","C22 H27 O15 P1 S1","22","27","15","-9999","1","1","-9999","-9999","-9999","-9999","-9999","-9999"
"1099","593.073767","593.07342636","593.07303882","3953470.5","-9999","224948","26.47","-1","0.65344474","0.46272425700000003","0.725399619","0.567794401","28","0.114285714","0.542857143","N2 S1 P1 O4","de-protonated","0","-9999","C35 H19 O4 N2 P1 S1","35","19","4","2","1","1","-9999","-9999","-9999","-9999","-9999","-9999"
"1099","593.073767","593.07342636","593.073886973","3953470.5","-9999","224948","26.47","-1","-0.776653167","0.44816436","0.736963647","0.563684075","29","0.242424242","0.424242424","N4 O8","de-protonated","0","-9999","C33 H14 O8 N4","33","14","8","4","-9999","-9999","-9999","-9999","-9999","-9999","-9999","-9999"
"1100","593.088223","593.087882337","593.087805704","3426121","-9999","286585.3","22.71","-1","0.129210999","0.498487605","0.719752637","0.586993618","28","0.25","0.5","O9","de-protonated","0","-9999","C36 H18 O9","36","18","9","-9999","-9999","-9999","-9999","-9999","-9999","-9999","-9999","-9999"
"1100","593.088223","593.087882337","593.088294961","3426121","-9999","286585.3","22.71","-1","-0.695720832","0.457960048","0.703327172","0.556106898","32","0.025641026","0.487179487","N2 S1 P1 O1","de-protonated","0","-9999","C39 H19 O1 N2 P1 S1","39","19","1","2","1","1","-9999","-9999","-9999","-9999","-9999","-9999"
"1100","593.088223","593.087882337","593.088156577","3426121","-9999","286585.3","22.71","-1","-0.462392393","0.961947937","0","0.577168762","5","0.777777778","1.722222222","N2 S2 P1 O14","de-protonated","0","-9999","C18 H31 O14 N2 P1 S2","18","31","14","2","1","2","-9999","-9999","-9999","-9999","-9999","-9999"
"1100","593.088223","593.087882337","593.087643513","3426121","-9999","286585.3","22.71","-1","0.402680448","0.485503217","0.748902347","0.590862869","23","0.096774194","0.741935484","N4 S2 P1 O3","de-protonated","0","-9999","C31 H23 O3 N4 P1 S2","31","23","3","4","1","2","-9999","-9999","-9999","-9999","-9999","-9999"
"1101","593.149806","593.149465239","593.149694206","1954677.3","-9999","288681.3","12.2","-1","-0.386019005","0.973324458","0","0.583994675","3","0.619047619","1.857142857","S2 P1 O13","de-protonated","0","-9999","C21 H39 O13 P1 S2","21","39","13","-9999","1","2","-9999","-9999","-9999","-9999","-9999","-9999"
"1101","593.149806","593.149465239","593.149181142","1954677.3","-9999","288681.3","12.2","-1","0.478964153","0.959228909","0","0.575537345","21","0.058823529","0.911764706","N2 S2 P1 O2","de-protonated","0","-9999","C34 H31 O2 N2 P1 S2","34","31","2","2","1","2","-9999","-9999","-9999","-9999","-9999","-9999"
"1101","593.149806","593.149465239","593.150029295","1954677.3","-9999","288681.3","12.2","-1","-0.950949924","0.848669804","0","0.509201882","22","0.1875","0.8125","N4 S1 O6","de-protonated","0","-9999","C32 H26 O6 N4 S1","32","26","6","4","-9999","1","-9999","-9999","-9999","-9999","-9999","-9999"
"1102","593.256241","593.25590007","593.255346489","2154434","-9999","262782.6","13.63","-1","0.933123047","0.42692884","0.70871839","0.53964466","18","0.052631579","1.105263158","S2 O2","de-protonated","0","-9999","C38 H42 O2 S2","38","42","2","-9999","-9999","2","-9999","-9999","-9999","-9999","-9999","-9999"
"1102","593.256241","593.25590007","593.255479431","2154434","-9999","262782.6","13.63","-1","0.709034338","0.912817196","0","0.547690317","5","0.37037037","1.740740741","S1 P1 O10","de-protonated","0","-9999","C27 H47 O10 P1 S1","27","47","10","-9999","1","1","-9999","-9999","-9999","-9999","-9999","-9999"
"1102","593.256241","593.25590007","593.256327584","2154434","-9999","262782.6","13.63","-1","-0.720623858","0.910076993","0","0.546046196","6","0.56","1.68","N2 O14","de-protonated","0","-9999","C25 H42 O14 N2","25","42","14","2","-9999","-9999","-9999","-9999","-9999","-9999","-9999","-9999"
"1102","593.256241","593.25590007","593.25581452","2154434","-9999","262782.6","13.63","-1","0.144203536","0.498116973","0.70871839","0.58235754","24","0.078947368","0.894736842","N4 O3","de-protonated","0","-9999","C38 H34 O3 N4","38","34","3","4","-9999","-9999","-9999","-9999","-9999","-9999","-9999","-9999"
"1104","595.103723","595.103379124","595.103455768","17830146","-9999","236490.9","117.06","-1","-0.128792176","0.665290412","0.910142793","0.763231364","27","0.25","0.555555556","O9","de-protonated","0","-9999","C36 H20 O9","36","20","9","-9999","-9999","-9999","-9999","-9999","-9999","-9999","-9999","-9999"
"1104","595.103723","595.103379124","595.103945026","17830146","-9999","236490.9","117.06","-1","-0.950929705","0.584531336","0.889557633","0.706541855","31","0.025641026","0.538461538","N2 S1 P1 O1","de-protonated","0","-9999","C39 H21 O1 N2 P1 S1","39","21","1","2","1","1","-9999","-9999","-9999","-9999","-9999","-9999"
"1104","595.103723","595.103379124","595.10280432","17830146","-9999","236490.9","117.06","-1","0.965890275","0.422135618","0.767553728","0.560302862","18","0.392857143","0.857142857","N2 S1 O11","de-protonated","0","-9999","C28 H24 O11 N2 S1","28","24","11","2","-9999","1","-9999","-9999","-9999","-9999","-9999","-9999"
"1104","595.103723","595.103379124","595.103806641","17830146","-9999","236490.9","117.06","-1","-0.718391622","0.621509165","0.924957225","0.742888389","4","0.777777778","1.833333333","N2 S2 P1 O14","de-protonated","0","-9999","C18 H33 O14 N2 P1 S2","18","33","14","2","1","2","-9999","-9999","-9999","-9999","-9999","-9999"
"1104","595.103723","595.103379124","595.103293577","17830146","-9999","236490.9","117.06","-1","0.143750946","0.493544079","0.902701982","0.657207241","22","0.096774194","0.806451613","N4 S2 P1 O3","de-protonated","0","-9999","C31 H25 O3 N4 P1 S2","31","25","3","4","1","2","-9999","-9999","-9999","-9999","-9999","-9999"
"1105","596.107203","596.106857524","596.106810603","5225446.5","-9999","263155","33.14","-1","0.078711114","0.665917652","0.910142793","0.763607708","27","0.25","0.555555556","13C1 O9","de-protonated","1","1104","C35 H20 O9 13C1","35","20","9","-9999","-9999","-9999","1","-9999","-9999","-9999","-9999","-9999"
"1105","596.107203","596.106857524","596.107299861","5225446.5","-9999","263155","33.14","-1","-0.742042781","0.603278855","0.889557633","0.717790366","31","0.025641026","0.538461538","13C1 N2 S1 P1 O1","de-protonated","1","1104","C38 H21 O1 N2 P1 S1 13C1","38","21","1","2","1","1","1","-9999","-9999","-9999","-9999","-9999"
"1105","596.107203","596.106857524","596.107161476","5225446.5","-9999","263155","33.14","-1","-0.509896053","0.635946604","0.924957225","0.751550853","4","0.777777778","1.833333333","13C1 N2 S2 P1 O14","de-protonated","1","1104","C17 H33 O14 N2 P1 S2 13C1","17","33","14","2","1","2","1","-9999","-9999","-9999","-9999","-9999"
"1105","596.107203","596.106857524","596.107436206","5225446.5","-9999","263155","33.14","-1","-0.970769199","0.421412497","0.70871839","0.536334854","31","0.078947368","0.5","N3 S1 O3","de-protonated","0","-9999","C38 H19 O3 N3 S1","38","19","3","3","-9999","1","-9999","-9999","-9999","-9999","-9999","-9999"
"1105","596.107203","596.106857524","596.107297822","5225446.5","-9999","263155","33.14","-1","-0.738622577","0.452875092","0.844689208","0.609600738","4","0.941176471","1.823529412","N3 S2 O16","de-protonated","0","-9999","C17 H31 O16 N3 S2","17","31","16","3","-9999","2","-9999","-9999","-9999","-9999","-9999","-9999"
"1105","596.107203","596.106857524","596.106648412","5225446.5","-9999","263155","33.14","-1","0.350795553","0.488959407","0.902701982","0.654456437","22","0.096774194","0.806451613","13C1 N4 S2 P1 O3","de-protonated","1","1104","C30 H25 O3 N4 P1 S2 13C1","30","25","3","4","1","2","1","-9999","-9999","-9999","-9999","-9999"
"1110","599.058045","599.057694819","599.057113973","6256787","-9999","234722.7","39.99","-1","0.969599018","0.421586152","0.748902347","0.55251263","22","0.290322581","0.677419355","S1 P1 O9","de-protonated","0","-9999","C31 H21 O9 P1 S1","31","21","9","-9999","1","1","-9999","-9999","-9999","-9999","-9999","-9999"
"1110","599.058045","599.057694819","599.057962127","6256787","-9999","234722.7","39.99","-1","-0.446213885","0.482258571","0.761234226","0.593848833","23","0.448275862","0.551724138","N2 O13","de-protonated","0","-9999","C29 H16 O13 N2","29","16","13","2","-9999","-9999","-9999","-9999","-9999","-9999","-9999","-9999"
"1110","599.058045","599.057694819","599.057310678","6256787","-9999","234722.7","39.99","-1","0.641241986","0.464052634","0.81490939","0.604395336","14","0.714285714","0.952380952","N4 S1 O15","de-protonated","0","-9999","C21 H20 O15 N4 S1","21","20","15","4","-9999","1","-9999","-9999","-9999","-9999","-9999","-9999"
"1111","600.070452","600.070100204","600.069988069","6727580.5","-9999","239815","43.12","-1","0.186871062","0.49684185","0.692787115","0.575219956","35","0.073170732","0.365853659","N1 S1 O3","de-protonated","0","-9999","C41 H15 O3 N1 S1","41","15","3","1","-9999","1","-9999","-9999","-9999","-9999","-9999","-9999"
"1111","600.070452","600.070100204","600.07012101","6727580.5","-9999","239815","43.12","-1","-0.034672639","0.499890944","0.755017935","0.60194174","22","0.366666667","0.666666667","N1 P1 O11","de-protonated","0","-9999","C30 H20 O11 N1 P1","30","20","11","1","1","-9999","-9999","-9999","-9999","-9999","-9999","-9999"
"1111","600.070452","600.070100204","600.069849684","6727580.5","-9999","239815","43.12","-1","0.417484974","0.484434744","0.822155738","0.619523142","8","0.8","1.35","N1 S2 O16","de-protonated","0","-9999","C20 H27 O16 N1 S2","20","27","16","1","-9999","2","-9999","-9999","-9999","-9999","-9999","-9999"
"1113","601.105981","601.105627553","601.105778244","2442944.3","-9999","230797.6","14.59","-1","-0.250689148","0.494330809","0.725399619","0.586758333","25","0.228571429","0.657142857","P1 O8","de-protonated","0","-9999","C35 H23 O8 P1","35","23","8","-9999","1","-9999","-9999","-9999","-9999","-9999","-9999","-9999"
"1113","601.105981","601.105627553","601.105506918","2442944.3","-9999","230797.6","14.59","-1","0.200689335","0.992718574","0","0.595631144","11","0.52","1.2","S2 O13","de-protonated","0","-9999","C25 H30 O13 S2","25","30","13","-9999","-9999","2","-9999","-9999","-9999","-9999","-9999","-9999"
"1113","601.105981","601.105627553","601.105126795","2442944.3","-9999","230797.6","14.59","-1","0.833062241","0.881681796","0","0.529009078","16","0.37037037","1","N2 S1 P1 O10","de-protonated","0","-9999","C27 H27 O10 N2 P1 S1","27","27","10","2","1","1","-9999","-9999","-9999","-9999","-9999","-9999"
"1113","601.105981","601.105627553","601.105974948","2442944.3","-9999","230797.6","14.59","-1","-0.577926689","0.941196137","0","0.564717682","17","0.56","0.88","N4 O14","de-protonated","0","-9999","C25 H22 O14 N4","25","22","14","4","-9999","-9999","-9999","-9999","-9999","-9999","-9999","-9999"
"1114","601.261522","601.261168305","601.261412965","2638137.8","-9999","243824.8","15.89","-1","-0.406910136","0.970403299","0","0.582241979","8","0.481481481","1.555555556","N2 O13","de-protonated","0","-9999","C27 H42 O13 N2","27","42","13","2","-9999","-9999","-9999","-9999","-9999","-9999","-9999","-9999"
"1114","601.261522","601.261168305","601.2608999","2638137.8","-9999","243824.8","15.89","-1","0.446403362","0.482243772","0.698017357","0.568553206","26","0.05","0.85","N4 O2","de-protonated","0","-9999","C40 H34 O2 N4","40","34","2","4","-9999","-9999","-9999","-9999","-9999","-9999","-9999","-9999"
"1115","601.321306","601.32095221","601.320448671","2924904.5","-9999","273035.6","17.8","-1","0.837389372","0.440263088","0.73113591","0.556612217","10","0.205882353","1.470588235","S1 O7","de-protonated","0","-9999","C34 H50 O7 S1","34","50","7","-9999","-9999","1","-9999","-9999","-9999","-9999","-9999","-9999"
"1117","602.068599","602.068244018","602.067880068","6751667.5","-9999","285460.2","43.27","-1","0.604499924","0.46792269","0.692787115","0.55786846","34","0.024390244","0.414634146","N1 S2 O1","de-protonated","0","-9999","C41 H17 O1 N1 S2","41","17","1","1","-9999","2","-9999","-9999","-9999","-9999","-9999","-9999"
"1117","602.068599","602.068244018","602.06801301","6751667.5","-9999","285460.2","43.27","-1","0.383691299","0.486820466","0.755017935","0.594099453","21","0.3","0.733333333","N1 S1 P1 O9","de-protonated","0","-9999","C30 H22 O9 N1 P1 S1","30","22","9","1","1","1","-9999","-9999","-9999","-9999","-9999","-9999"
"1118","602.516171","602.515815305","602.515383254","3534613.3","-9999","273288.3","21.85","-1","0.717077912","0.455459615","0.70871839","0.556763125","5","0.105263158","1.815789474","N1 O4","de-protonated","0","-9999","C38 H69 O4 N1","38","69","4","1","-9999","-9999","-9999","-9999","-9999","-9999","-9999","-9999"
"1121","603.277109","603.276752091","603.276214876","3767667","-9999","259848.8","23.4","-1","0.890496788","0.432993232","0.761234226","0.56428963","6","0.310344828","1.689655172","S1 P1 O9","de-protonated","0","-9999","C29 H49 O9 P1 S1","29","49","9","-9999","1","1","-9999","-9999","-9999","-9999","-9999","-9999"
"1121","603.277109","603.276752091","603.277063029","3767667","-9999","259848.8","23.4","-1","-0.515414322","0.476470545","0.773979033","0.59547394","7","0.481481481","1.62962963","N2 O13","de-protonated","0","-9999","C27 H44 O13 N2","27","44","13","2","-9999","-9999","-9999","-9999","-9999","-9999","-9999","-9999"
"1121","603.277109","603.276752091","603.276549965","3767667","-9999","259848.8","23.4","-1","0.335048017","0.489918564","0.698017357","0.573158081","25","0.05","0.9","N4 O2","de-protonated","0","-9999","C40 H36 O2 N4","40","36","2","4","-9999","-9999","-9999","-9999","-9999","-9999","-9999","-9999"
"1129","606.920693","606.920330282","606.92002862","3052303.5","-9999","242952.4","18.62","-1","0.49703747","0.478081816","0.780512821","0.599054218","23","0.461538462","0.346153846","S2 P1 O12","de-protonated","0","-9999","C26 H9 O12 P1 S2","26","9","12","-9999","1","2","-9999","-9999","-9999","-9999","-9999","-9999"
"1132","608.537177","608.536811704","608.537181328","4031070","-9999","245209.2","25.13","-1","-0.607396292","0.467624764","0.719752637","0.568475913","3","0.111111111","1.972222222","N3 O4","de-protonated","0","-9999","C36 H71 O4 N3","36","71","4","3","-9999","-9999","-9999","-9999","-9999","-9999","-9999","-9999"
"1135","610.507978","610.507609562","610.508203674","3137016","-9999","213955.2","19.16","-1","-0.973143766","0.421059687","0.725399619","0.54279566","3","0.085714286","2","N3 P1 O3","de-protonated","0","-9999","C35 H70 O3 N3 P1","35","70","3","3","1","-9999","-9999","-9999","-9999","-9999","-9999","-9999"
"1136","610.533906","610.533537521","610.533355794","14536975","-9999","227984.2","95.05","-1","0.297651789","0.328017597","0.676548509","0.467429962","2","0.081081081","2","N1 P1 O3","de-protonated","0","-9999","C37 H74 O3 N1 P1","37","74","3","1","1","-9999","-9999","-9999","-9999","-9999","-9999","-9999"
"1137","611.015354","611.014984753","611.014855237","2276017.3","-9999","301677.5","13.43","-1","0.211968015","0.495940286","0.70871839","0.581051528","33","0.131578947","0.342105263","S1 P1 O5","de-protonated","0","-9999","C38 H13 O5 P1 S1","38","13","5","-9999","1","1","-9999","-9999","-9999","-9999","-9999","-9999"
"1137","611.015354","611.014984753","611.015051942","2276017.3","-9999","301677.5","13.43","-1","-0.109962731","0.997808364","0","0.598685018","25","0.392857143","0.428571429","N4 S1 O11","de-protonated","0","-9999","C28 H12 O11 N4 S1","28","12","11","4","-9999","1","-9999","-9999","-9999","-9999","-9999","-9999"
"1140","612.982977","612.982604616","612.982234954","3216758","-9999","310210.3","19.68","-1","0.603053575","0.468071002","0.755017935","0.582849775","24","0.3","0.5","S2 P1 O9","de-protonated","0","-9999","C30 H15 O9 P1 S2","30","15","9","-9999","1","2","-9999","-9999","-9999","-9999","-9999","-9999"
"1140","612.982977","612.982604616","612.983083108","3216758","-9999","310210.3","19.68","-1","-0.780595835","0.447665363","0.767553728","0.575620709","25","0.464285714","0.357142857","N2 S1 O13","de-protonated","0","-9999","C28 H10 O13 N2 S1","28","10","13","2","-9999","1","-9999","-9999","-9999","-9999","-9999","-9999"
"1140","612.982977","612.982604616","612.982431659","3216758","-9999","310210.3","19.68","-1","0.282155947","0.985658347","0","0.591395008","16","0.75","0.7","N4 S2 O15","de-protonated","0","-9999","C20 H14 O15 N4 S2","20","14","15","4","-9999","2","-9999","-9999","-9999","-9999","-9999","-9999"
"1145","615.276813","615.276436958","615.276081934","2217350","-9999","250067","12.1","-1","0.577015702","0.470687918","0.692787115","0.559527597","20","0.024390244","1.073170732","S2 O1","de-protonated","0","-9999","C41 H44 O1 S2","41","44","1","-9999","-9999","2","-9999","-9999","-9999","-9999","-9999","-9999"
"1145","615.276813","615.276436958","615.276214876","2217350","-9999","250067","12.1","-1","0.360947205","0.97663757","0","0.585982542","7","0.3","1.633333333","S1 P1 O9","de-protonated","0","-9999","C30 H49 O9 P1 S1","30","49","9","-9999","1","1","-9999","-9999","-9999","-9999","-9999","-9999"
"1145","615.276813","615.276436958","615.276549965","2217350","-9999","250067","12.1","-1","-0.183668124","0.496948854","0.692787115","0.575284159","26","0.048780488","0.87804878","N4 O2","de-protonated","0","-9999","C41 H36 O2 N4","41","36","2","4","-9999","-9999","-9999","-9999","-9999","-9999","-9999","-9999"
"1146","616.525146","616.524767968","616.524508643","15205885","-9999","236036.1","92.51","-1","0.420623046","0.322802412","0.669687134","0.461556301","5","0.026315789","1.868421053","N3 S1 O1","de-protonated","0","-9999","C38 H71 O1 N3 S1","38","71","1","3","-9999","1","-9999","-9999","-9999","-9999","-9999","-9999"
"1148","618.52225","618.521868783","618.521531263","7101757.5","-9999","237616.2","42.33","-1","0.545688719","0.473701323","0.714192896","0.569897952","5","0.108108108","1.864864865","N3 O4","de-protonated","0","-9999","C37 H69 O4 N3","37","69","4","3","-9999","-9999","-9999","-9999","-9999","-9999","-9999","-9999"
"1150","618.620422","618.620040627","618.619454402","3308953.5","-9999","244006.5","18.84","-1","0.947634163","0.424819882","0.692787115","0.532006775","2","0.048780488","1.975609756","N1 O2","de-protonated","0","-9999","C41 H81 O2 N1","41","81","2","1","-9999","-9999","-9999","-9999","-9999","-9999","-9999","-9999"
"1151","619.271805","619.271422588","619.270996554","3731455","-9999","223577.5","21.45","-1","0.687961253","0.458853105","0.698017357","0.554518806","19","0.05","1.1","S2 O2","de-protonated","0","-9999","C40 H44 O2 S2","40","44","2","-9999","-9999","2","-9999","-9999","-9999","-9999","-9999","-9999"
"1151","619.271805","619.271422588","619.271129495","3731455","-9999","223577.5","21.45","-1","0.473286589","0.480085185","0.761234226","0.592544801","6","0.344827586","1.689655172","S1 P1 O10","de-protonated","0","-9999","C29 H49 O10 P1 S1","29","49","10","-9999","1","1","-9999","-9999","-9999","-9999","-9999","-9999"
"1151","619.271805","619.271422588","619.271977649","3731455","-9999","223577.5","21.45","-1","-0.896311264","0.43217775","0.773979033","0.568898263","7","0.518518519","1.62962963","N2 O14","de-protonated","0","-9999","C27 H44 O14 N2","27","44","14","2","-9999","-9999","-9999","-9999","-9999","-9999","-9999","-9999"
"1151","619.271805","619.271422588","619.271464584","3731455","-9999","223577.5","21.45","-1","-0.067815492","0.499582938","0.698017357","0.578956706","25","0.075","0.9","N4 O3","de-protonated","0","-9999","C40 H36 O3 N4","40","36","3","4","-9999","-9999","-9999","-9999","-9999","-9999","-9999","-9999"
"1152","620.545125","620.544740558","620.544575383","15541432","-9999","238164.9","94.57","-1","0.266177504","0.329075519","0.662912124","0.462610161","3","0.051282051","1.923076923","N1 S1 O2","de-protonated","0","-9999","C39 H75 O2 N1 S1","39","75","2","1","-9999","1","-9999","-9999","-9999","-9999","-9999","-9999"
"1155","620.936036","620.935650935","620.935678684","4078638","-9999","233398","23.59","-1","-0.044690078","0.499818838","0.773979033","0.609482916","23","0.444444444","0.407407407","S2 P1 O12","de-protonated","0","-9999","C27 H11 O12 P1 S2","27","11","12","-9999","1","2","-9999","-9999","-9999","-9999","-9999","-9999"
"1156","622.542118","622.541730374","622.541598003","9647164","-9999","239123.3","58.06","-1","0.21262995","0.495914995","0.70871839","0.581036353","3","0.131578947","1.921052632","N1 O5","de-protonated","0","-9999","C38 H73 O5 N1","38","73","5","1","-9999","-9999","-9999","-9999","-9999","-9999","-9999","-9999"
"1161","625.150465","625.150073215","625.150405962","2665532.3","-9999","235986.9","14.82","-1","-0.532267129","0.474946507","0.70871839","0.56845526","26","0.236842105","0.684210526","O9","de-protonated","0","-9999","C38 H26 O9","38","26","9","-9999","-9999","-9999","-9999","-9999","-9999","-9999","-9999","-9999"
"1161","625.150465","625.150073215","625.149754513","2665532.3","-9999","235986.9","14.82","-1","0.509800518","0.476968384","0.755017935","0.588188204","17","0.366666667","1","N2 S1 O11","de-protonated","0","-9999","C30 H30 O11 N2 S1","30","30","11","2","-9999","1","-9999","-9999","-9999","-9999","-9999","-9999"
"1161","625.150465","625.150073215","625.15024377","2665532.3","-9999","235986.9","14.82","-1","-0.272823506","0.493292542","0.736963647","0.590760984","21","0.090909091","0.939393939","N4 S2 P1 O3","de-protonated","0","-9999","C33 H31 O3 N4 P1 S2","33","31","3","4","1","2","-9999","-9999","-9999","-9999","-9999","-9999"
"1166","634.941439","634.941031603","634.94143277","4095374.3","-9999","269488.2","23.61","-1","-0.631816864","0.465064048","0.755017935","0.581045603","28","0.3","0.3","N2 S2 P1 O9","de-protonated","0","-9999","C30 H9 O9 N2 P1 S2","30","9","9","2","1","2","-9999","-9999","-9999","-9999","-9999","-9999"
"1167","634.951832","634.951424587","634.951328749","51236248","-9999","236187.6","315.47","-1","0.150937481","0.283847268","0.675351693","0.440449038","23","0.428571429","0.464285714","S2 P1 O12","de-protonated","0","-9999","C28 H13 O12 P1 S2","28","13","12","-9999","1","2","-9999","-9999","-9999","-9999","-9999","-9999"
"1168","635.951267","635.950857993","635.950716484","17752514","-9999","214001.5","108.16","-1","0.222515629","0.283158894","0.675351693","0.440036014","23","0.428571429","0.464285714","S1 33S1 P1 O12","de-protonated","1","1167","C28 H13 O12 P1 S1 33S1","28","13","12","-9999","1","1","-9999","-9999","-9999","-9999","1","-9999"
"1168","635.951267","635.950857993","635.950797177","17752514","-9999","214001.5","108.16","-1","0.095629542","0.332780675","0.753335889","0.501002761","19","0.727272727","0.5","N3 S2 O16","de-protonated","0","-9999","C22 H11 O16 N3 S2","22","11","16","3","-9999","2","-9999","-9999","-9999","-9999","-9999","-9999"
"1169","635.95567","635.955260986","635.954819929","4093383.3","-9999","237694.6","23.59","-1","0.693534587","0.458212502","0.773979033","0.584519114","23","0.518518519","0.407407407","N1 S2 O14","de-protonated","0","-9999","C27 H11 O14 N1 S2","27","11","14","1","-9999","2","-9999","-9999","-9999","-9999","-9999","-9999"
"1171","636.948393","636.947982403","636.948351369","10675696","-9999","221896.6","64.34","-1","-0.579270476","0.470465304","0.773979033","0.591870796","23","0.555555556","0.407407407","S1 P1 O15","de-protonated","0","-9999","C27 H11 O15 P1 S1","27","11","15","-9999","1","1","-9999","-9999","-9999","-9999","-9999","-9999"
"1171","636.948393","636.947982403","636.94769992","10675696","-9999","221896.6","64.34","-1","0.44349529","0.321646848","0.772211541","0.501872725","14","0.894736842","0.789473684","N2 S2 P1 O17","de-protonated","0","-9999","C19 H15 O17 N2 P1 S2","19","15","17","2","1","2","-9999","-9999","-9999","-9999","-9999","-9999"
"1172","636.952256","636.951845397","636.951722672","2226164.3","-9999","208176.5","12.02","-1","0.192675742","0.993286546","0","0.595971928","18","0.625","0.625","S2 P1 O15","de-protonated","0","-9999","C24 H15 O15 P1 S2","24","15","15","-9999","1","2","-9999","-9999","-9999","-9999","-9999","-9999"
"1173","637.304781","637.304369835","637.304812407","4846448","-9999","265370.3","28.24","-1","-0.69444291","0.458107694","0.725399619","0.565024464","14","0.2","1.342857143","N2 P1 O7","de-protonated","0","-9999","C35 H47 O7 N2 P1","35","47","7","2","1","-9999","-9999","-9999","-9999","-9999","-9999","-9999"
"1173","637.304781","637.304369835","637.304541081","4846448","-9999","265370.3","28.24","-1","-0.268703011","0.493492305","0.787157861","0.610958527","0","0.48","2.16","N2 S2 O12","de-protonated","0","-9999","C25 H54 O12 N2 S2","25","54","12","2","-9999","2","-9999","-9999","-9999","-9999","-9999","-9999"
"1173","637.304781","637.304369835","637.304028016","4846448","-9999","265370.3","28.24","-1","0.536350919","0.474570572","0.70871839","0.568229699","18","0.026315789","1.210526316","N4 S2 O1","de-protonated","0","-9999","C38 H46 O1 N4 S2","38","46","1","4","-9999","2","-9999","-9999","-9999","-9999","-9999","-9999"
"1173","637.304781","637.304369835","637.304160958","4846448","-9999","265370.3","28.24","-1","0.327750679","0.490348709","0.773979033","0.603800838","5","0.333333333","1.888888889","N4 S1 P1 O9","de-protonated","0","-9999","C27 H51 O9 N4 P1 S1","27","51","9","4","1","1","-9999","-9999","-9999","-9999","-9999","-9999"
"1174","637.94808","637.947667809","637.947819797","3634727","-9999","224774.4","19.29","-1","-0.238245264","0.494876841","0.81490939","0.622889861","19","0.904761905","0.428571429","N3 S1 O19","de-protonated","0","-9999","C21 H9 O19 N3 S1","21","9","19","3","-9999","1","-9999","-9999","-9999","-9999","-9999","-9999"
"1176","642.988162","642.987741773","642.988287629","5332933","-9999","276810.3","29.03","-1","-0.848936541","0.438710286","0.800793265","0.583543478","16","0.869565217","0.695652174","S1 O20","de-protonated","0","-9999","C23 H16 O20 S1","23","16","20","-9999","-9999","1","-9999","-9999","-9999","-9999","-9999","-9999"
"1176","642.988162","642.987741773","642.987907507","5332933","-9999","276810.3","29.03","-1","-0.257755598","0.494008646","0.787157861","0.611268332","21","0.68","0.52","N2 P1 O17","de-protonated","0","-9999","C25 H13 O17 N2 P1","25","13","17","2","1","-9999","-9999","-9999","-9999","-9999","-9999","-9999"
"1176","642.988162","642.987741773","642.987123116","5332933","-9999","276810.3","29.03","-1","0.962160291","0.422686824","0.767553728","0.560633586","25","0.392857143","0.428571429","N4 S2 O11","de-protonated","0","-9999","C28 H12 O11 N4 S2","28","12","11","4","-9999","2","-9999","-9999","-9999","-9999","-9999","-9999"
"1178","644.984676","644.98425259","644.984145736","2957950.8","-9999","247633.5","15.34","-1","0.165668295","0.497516171","0.773979033","0.608101316","25","0.518518519","0.37037037","N4 S1 O14","de-protonated","0","-9999","C27 H10 O14 N4 S1","27","10","14","4","-9999","1","-9999","-9999","-9999","-9999","-9999","-9999"
"1179","645.055479","645.055055477","645.055579344","3582158.3","-9999","260359.4","18.94","-1","-0.812127927","0.443604454","0.767553728","0.573184164","18","0.571428571","0.785714286","S1 O16","de-protonated","0","-9999","C28 H22 O16 S1","28","22","16","-9999","-9999","1","-9999","-9999","-9999","-9999","-9999","-9999"
"1179","645.055479","645.055055477","645.05506628","3582158.3","-9999","260359.4","18.94","-1","-0.016748028","0.499974553","0.692787115","0.577099578","36","0.12195122","0.341463415","N2 S1 O5","de-protonated","0","-9999","C41 H14 O5 N2 S1","41","14","5","2","-9999","1","-9999","-9999","-9999","-9999","-9999","-9999"
"1179","645.055479","645.055055477","645.055199222","3582158.3","-9999","260359.4","18.94","-1","-0.222841597","0.495515013","0.755017935","0.599316181","23","0.433333333","0.633333333","N2 P1 O13","de-protonated","0","-9999","C30 H19 O13 N2 P1","30","19","13","2","1","-9999","-9999","-9999","-9999","-9999","-9999","-9999"
"1179","645.055479","645.055055477","645.054927896","3582158.3","-9999","260359.4","18.94","-1","0.197783203","0.992927186","0","0.595756311","9","0.9","1.3","N2 S2 O18","de-protonated","0","-9999","C20 H26 O18 N2 S2","20","26","18","2","-9999","2","-9999","-9999","-9999","-9999","-9999","-9999"
"1179","645.055479","645.055055477","645.054414831","3582158.3","-9999","260359.4","18.94","-1","0.993164708","0.41806271","0.736963647","0.545623085","27","0.212121212","0.545454545","N4 S2 O7","de-protonated","0","-9999","C33 H18 O7 N4 S2","33","18","7","4","-9999","2","-9999","-9999","-9999","-9999","-9999","-9999"
"1179","645.055479","645.055055477","645.054547773","3582158.3","-9999","260359.4","18.94","-1","0.787070723","0.446841617","0.807789663","0.591220835","14","0.681818182","1.045454545","N4 S1 P1 O15","de-protonated","0","-9999","C22 H23 O15 N4 P1 S1","22","23","15","4","1","1","-9999","-9999","-9999","-9999","-9999","-9999"
"1181","646.651129","646.650702932","646.650754531","4980696.5","-9999","214529.4","26.98","-1","-0.079793341","0.499422694","0.6825583","0.572676936","2","0.046511628","1.976744186","N1 O2","de-protonated","0","-9999","C43 H85 O2 N1","43","85","2","1","-9999","-9999","-9999","-9999","-9999","-9999","-9999","-9999"
"1182","647.052965","647.052538292","647.052601964","3055520.8","-9999","205907.4","15.89","-1","-0.09840383","0.499122259","0.773979033","0.609064969","18","0.703703704","0.740740741","O19","de-protonated","0","-9999","C27 H20 O19","27","20","19","-9999","-9999","-9999","-9999","-9999","-9999","-9999","-9999","-9999"
"1182","647.052965","647.052538292","647.05295828","3055520.8","-9999","205907.4","15.89","-1","-0.649078362","0.463202014","0.692787115","0.555036054","35","0.073170732","0.390243902","N2 S2 O3","de-protonated","0","-9999","C41 H16 O3 N2 S2","41","16","3","2","-9999","2","-9999","-9999","-9999","-9999","-9999","-9999"
"1182","647.052965","647.052538292","647.0520889","3055520.8","-9999","205907.4","15.89","-1","0.694521822","0.458098583","0.698017357","0.554066093","36","0.2","0.3","N2 O8","de-protonated","0","-9999","C40 H12 O8 N2","40","12","8","2","-9999","-9999","-9999","-9999","-9999","-9999","-9999","-9999"
"1182","647.052965","647.052538292","647.053091221","3055520.8","-9999","205907.4","15.89","-1","-0.85453545","0.437951719","0.755017935","0.564778205","22","0.366666667","0.7","N2 S1 P1 O11","de-protonated","0","-9999","C30 H21 O11 N2 P1 S1","30","21","11","2","1","1","-9999","-9999","-9999","-9999","-9999","-9999"
"1182","647.052965","647.052538292","647.052439773","3055520.8","-9999","205907.4","15.89","-1","0.152257947","0.995802404","0","0.597481442","13","0.590909091","1.136363636","N4 S2 P1 O13","de-protonated","0","-9999","C22 H25 O13 N4 P1 S2","22","25","13","4","1","2","-9999","-9999","-9999","-9999","-9999","-9999"
"1186","649.03481","649.034380132","649.033876605","4217463","-9999","254816.4","22.57","-1","0.775809306","0.448270905","0.70871839","0.552449899","30","0.131578947","0.5","S2 P1 O5","de-protonated","0","-9999","C38 H19 O5 P1 S2","38","19","5","-9999","1","2","-9999","-9999","-9999","-9999","-9999","-9999"
"1186","649.03481","649.034380132","649.034724758","4217463","-9999","254816.4","22.57","-1","-0.530983375","0.475064151","0.719752637","0.572939545","31","0.25","0.388888889","N2 S1 O9","de-protonated","0","-9999","C36 H14 O9 N2 S1","36","14","9","2","-9999","1","-9999","-9999","-9999","-9999","-9999","-9999"
"1186","649.03481","649.034380132","649.0348577","4217463","-9999","254816.4","22.57","-1","-0.735813143","0.45321561","0.787157861","0.586792511","18","0.68","0.76","N2 P1 O17","de-protonated","0","-9999","C25 H19 O17 N2 P1","25","19","17","2","1","-9999","-9999","-9999","-9999","-9999","-9999","-9999"
"1186","649.03481","649.034380132","649.03407331","4217463","-9999","254816.4","22.57","-1","0.4727364","0.480130528","0.767553728","0.595099808","22","0.392857143","0.642857143","N4 S2 O11","de-protonated","0","-9999","C28 H18 O11 N4 S2","28","18","11","4","-9999","2","-9999","-9999","-9999","-9999","-9999","-9999"
"1191","651.032054","651.031620947","651.031747378","3493747","-9999","226479.4","18.39","-1","-0.194201077","0.496590097","0.725399619","0.588113906","31","0.342857143","0.342857143","N2 O12","de-protonated","0","-9999","C35 H12 O12 N2","35","12","12","2","-9999","-9999","-9999","-9999","-9999","-9999","-9999","-9999"
"1191","651.032054","651.031620947","651.032236635","3493747","-9999","226479.4","18.39","-1","-0.945711106","0.425100635","0.70871839","0.538547737","35","0.105263158","0.342105263","N4 S1 P1 O4","de-protonated","0","-9999","C38 H13 O4 N4 P1 S1","38","13","4","4","1","1","-9999","-9999","-9999","-9999","-9999","-9999"
"1191","651.032054","651.031620947","651.031095929","3493747","-9999","226479.4","18.39","-1","0.806440148","0.444346082","0.773979033","0.576199263","22","0.518518519","0.592592593","N4 S1 O14","de-protonated","0","-9999","C27 H16 O14 N4 S1","27","16","14","4","-9999","1","-9999","-9999","-9999","-9999","-9999","-9999"
"1193","653.299462","653.299025332","653.2994557","13798847","-9999","223026.1","77.71","-1","-0.658761357","0.308092584","0.735360997","0.478999949","0","0.52","2.16","N2 S2 O13","de-protonated","0","-9999","C25 H54 O13 N2 S2","25","54","13","2","-9999","2","-9999","-9999","-9999","-9999","-9999","-9999"
"1193","653.299462","653.299025332","653.29858632","13798847","-9999","223026.1","77.71","-1","0.671992016","0.960453564","0.946368799","0.954819658","1","0.75","2.083333333","N2 O18","de-protonated","0","-9999","C24 H50 O18 N2","24","50","18","2","-9999","-9999","-9999","-9999","-9999","-9999","-9999","-9999"
"1193","653.299462","653.299025332","653.298942636","13798847","-9999","223026.1","77.71","-1","0.126581889","0.488346362","0.89150306","0.649609041","18","0.052631579","1.210526316","N4 S2 O2","de-protonated","0","-9999","C38 H46 O2 N4 S2","38","46","2","4","-9999","2","-9999","-9999","-9999","-9999","-9999","-9999"
"1193","653.299462","653.299025332","653.299075578","13798847","-9999","223026.1","77.71","-1","-0.076911047","0.956986513","0.966306787","0.960714623","5","0.37037037","1.888888889","N4 S1 P1 O10","de-protonated","0","-9999","C27 H51 O10 N4 P1 S1","27","51","10","4","1","1","-9999","-9999","-9999","-9999","-9999","-9999"
"1194","654.302411","654.301972733","654.301367732","4841044","-9999","224216.7","26.13","-1","0.924650828","0.428149851","0.667769153","0.523997572","27","0.065217391","0.891304348","N1 O3","de-protonated","0","-9999","C46 H41 O3 N1","46","41","3","1","-9999","-9999","-9999","-9999","-9999","-9999","-9999","-9999"
"1194","654.302411","654.301972733","654.302370054","4841044","-9999","224216.7","26.13","-1","-0.607244169","0.467640443","0.719752637","0.56848532","13","0.166666667","1.388888889","N1 S1 P1 O6","de-protonated","0","-9999","C36 H50 O6 N1 P1 S1","36","50","6","1","1","1","-9999","-9999","-9999","-9999","-9999","-9999"
"1194","654.302411","654.301972733","654.301941155","4841044","-9999","224216.7","26.13","-1","0.04826087","0.999577475","0.946368799","0.978294005","1","0.75","2.083333333","13C1 N2 O18","de-protonated","1","1193","C23 H50 O18 N2 13C1","23","50","18","2","-9999","-9999","1","-9999","-9999","-9999","-9999","-9999"
"1194","654.302411","654.301972733","654.301718605","4841044","-9999","224216.7","26.13","-1","0.388394794","0.48649979","0.767553728","0.598921365","4","0.285714286","1.928571429","N3 S2 P1 O8","de-protonated","0","-9999","C28 H54 O8 N3 P1 S2","28","54","8","3","1","2","-9999","-9999","-9999","-9999","-9999","-9999"
"1194","654.302411","654.301972733","654.302297471","4841044","-9999","224216.7","26.13","-1","-0.496312546","0.478144287","0.89150306","0.643487796","18","0.052631579","1.210526316","13C1 N4 S2 O2","de-protonated","1","1193","C37 H46 O2 N4 S2 13C1","37","46","2","4","-9999","2","1","-9999","-9999","-9999","-9999","-9999"
"1194","654.302411","654.301972733","654.302430413","4841044","-9999","224216.7","26.13","-1","-0.699493304","0.915045775","0.966306787","0.93555018","5","0.37037037","1.888888889","13C1 N4 S1 P1 O10","de-protonated","1","1193","C26 H51 O10 N4 P1 S1 13C1","26","51","10","4","1","1","1","-9999","-9999","-9999","-9999","-9999"
"1195","655.516248","655.515807797","655.516312205","4914662.5","-9999","206154","26.54","-1","-0.769481323","0.449066982","0.703327172","0.550771058","2","0.076923077","1.948717949","S2 O3","de-protonated","0","-9999","C39 H76 O3 S2","39","76","3","-9999","-9999","2","-9999","-9999","-9999","-9999","-9999","-9999"
"1195","655.516248","655.515807797","655.515442825","4914662.5","-9999","206154","26.54","-1","0.556771492","0.472652291","0.70871839","0.567078731","3","0.210526316","1.894736842","O8","de-protonated","0","-9999","C38 H72 O8","38","72","8","-9999","-9999","-9999","-9999","-9999","-9999","-9999","-9999","-9999"
"1196","656.479895","656.479453261","656.47966645","3754072.3","-9999","232188.8","19.85","-1","-0.324746655","0.490523138","0.68763467","0.569367751","13","0.071428571","1.5","N3 O3","de-protonated","0","-9999","C42 H63 O3 N3","42","63","3","3","-9999","-9999","-9999","-9999","-9999","-9999","-9999","-9999"
"1199","659.02406800000006","659.023622204","659.024099767","6273062","-9999","204739.6","34.34","-1","-0.724652516","0.454558007","0.742885034","0.569888818","23","0.3125","0.65625","S2 P1 O10","de-protonated","0","-9999","C32 H21 O10 P1 S2","32","21","10","-9999","1","2","-9999","-9999","-9999","-9999","-9999","-9999"
"1199","659.02406800000006","659.023622204","659.023230388","6273062","-9999","204739.6","34.34","-1","0.594541103","0.468937631","0.748902347","0.580923517","24","0.483870968","0.548387097","P1 O15","de-protonated","0","-9999","C31 H17 O15 P1","31","17","15","-9999","1","-9999","-9999","-9999","-9999","-9999","-9999","-9999"
"1200","659.054306","659.053860156","659.05374267","29104202","-9999","207935.3","165.79","-1","0.178264073","0.331416834","0.662912124","0.46401495","32","0.230769231","0.435897436","P1 O9","de-protonated","0","-9999","C39 H17 O9 P1","39","17","9","-9999","1","-9999","-9999","-9999","-9999","-9999","-9999","-9999"
"1200","659.054306","659.053860156","659.053471344","29104202","-9999","207935.3","165.79","-1","0.589954808","0.156466698","0.663363149","0.359225279","18","0.482758621","0.827586207","S2 O14","de-protonated","0","-9999","C29 H24 O14 S2","29","24","14","-9999","-9999","2","-9999","-9999","-9999","-9999","-9999","-9999"
"1200","659.054306","659.053860156","659.053939375","29104202","-9999","207935.3","165.79","-1","-0.120200914","0.249345454","0.71840376","0.436968777","24","0.517241379","0.551724138","N4 O15","de-protonated","0","-9999","C29 H16 O15 N4","29","16","15","4","-9999","-9999","-9999","-9999","-9999","-9999","-9999","-9999"
"1201","660.054177","660.053729561","660.054080479","5234933.5","-9999","143304.8","28.35","-1","-0.531649211","0.475003165","0.73113591","0.577456263","27","0.235294118","0.558823529","N3 S2 O8","de-protonated","0","-9999","C34 H19 O8 N3 S2","34","19","8","3","-9999","2","-9999","-9999","-9999","-9999","-9999","-9999"
"1201","660.054177","660.053729561","660.053211099","5234933.5","-9999","143304.8","28.35","-1","0.785486125","0.447043701","0.736963647","0.563011679","28","0.393939394","0.454545455","N3 O13","de-protonated","0","-9999","C33 H15 O13 N3","33","15","13","3","-9999","-9999","-9999","-9999","-9999","-9999","-9999","-9999"
"1201","660.054177","660.053729561","660.05421342","5234933.5","-9999","143304.8","28.35","-1","-0.733059423","0.453548363","0.800793265","0.592446324","14","0.695652174","1.043478261","N3 S1 P1 O16","de-protonated","0","-9999","C23 H24 O16 N3 P1 S1","23","24","16","3","1","1","-9999","-9999","-9999","-9999","-9999","-9999"
"1202","660.057921","660.057473555","660.058103231","4495610","-9999","183155","24.1","-1","-0.953969352","0.423892276","0.703327172","0.535666234","31","0.153846154","0.487179487","N1 S2 O6","de-protonated","0","-9999","C39 H19 O6 N1 S2","39","19","6","1","-9999","2","-9999","-9999","-9999","-9999","-9999","-9999"
"1202","660.057921","660.057473555","660.057233851","4495610","-9999","183155","24.1","-1","0.3631574","0.488177001","0.70871839","0.576393557","32","0.289473684","0.394736842","N1 O11","de-protonated","0","-9999","C38 H15 O11 N1","38","15","11","1","-9999","-9999","-9999","-9999","-9999","-9999","-9999","-9999"
"1202","660.057921","660.057473555","660.057723108","4495610","-9999","183155","24.1","-1","-0.378077056","0.487198391","0.692787115","0.56943388","36","0.073170732","0.390243902","N3 S1 P1 O3","de-protonated","0","-9999","C41 H16 O3 N3 P1 S1","41","16","3","3","1","1","-9999","-9999","-9999","-9999","-9999","-9999"
"1202","660.057921","660.057473555","660.057584724","4495610","-9999","183155","24.1","-1","-0.168422049","0.497433126","0.822155738","0.627322171","9","0.8","1.4","N3 S2 P1 O16","de-protonated","0","-9999","C20 H28 O16 N3 P1 S2","20","28","16","3","1","2","-9999","-9999","-9999","-9999","-9999","-9999"
"1203","660.475045","660.47459689","660.47458107","3157229.5","-9999","173379.4","16.39","-1","0.023953477","0.499947948","0.692787115","0.577083615","12","0.097560976","1.536585366","N3 O4","de-protonated","0","-9999","C41 H63 O4 N3","41","63","4","3","-9999","-9999","-9999","-9999","-9999","-9999","-9999","-9999"
"1205","661.00741","661.006961042","661.007583779","2831724.8","-9999","212766.5","14.51","-1","-0.942103371","0.851252596","0","0.510751558","19","0.576923077","0.692307692","N2 S2 O15","de-protonated","0","-9999","C26 H18 O15 N2 S2","26","18","15","2","-9999","2","-9999","-9999","-9999","-9999","-9999","-9999"
"1205","661.00741","661.006961042","661.006714399","2831724.8","-9999","212766.5","14.51","-1","0.373131455","0.975053857","0","0.585032314","20","0.8","0.56","N2 O20","de-protonated","0","-9999","C25 H14 O20 N2","25","14","20","2","-9999","-9999","-9999","-9999","-9999","-9999","-9999","-9999"
"1205","661.00741","661.006961042","661.007203657","2831724.8","-9999","212766.5","14.51","-1","-0.367038289","0.48792605","0.767553728","0.599777121","24","0.428571429","0.535714286","N4 S1 P1 O12","de-protonated","0","-9999","C28 H15 O12 N4 P1 S1","28","15","12","4","1","1","-9999","-9999","-9999","-9999","-9999","-9999"
"1206","661.051816","661.051366971","661.05163467","12546466","-9999","225035.7","70.44","-1","-0.404959452","0.323560731","0.662912124","0.459301288","31","0.179487179","0.487179487","S1 P1 O7","de-protonated","0","-9999","C39 H19 O7 P1 S1","39","19","7","-9999","1","1","-9999","-9999","-9999","-9999","-9999","-9999"
"1206","661.051816","661.051366971","661.050983221","12546466","-9999","225035.7","70.44","-1","0.580514336","0.640258287","0.764672602","0.690024013","22","0.290322581","0.741935484","N2 S2 P1 O9","de-protonated","0","-9999","C31 H23 O9 N2 P1 S2","31","23","9","2","1","2","-9999","-9999","-9999","-9999","-9999","-9999"
"1206","661.051816","661.051366971","661.051831374","12546466","-9999","225035.7","70.44","-1","-0.702522216","0.457170485","0.761234226","0.578795981","23","0.448275862","0.620689655","N4 S1 O13","de-protonated","0","-9999","C29 H18 O13 N4 S1","29","18","13","4","-9999","1","-9999","-9999","-9999","-9999","-9999","-9999"
"1207","662.497261","662.496809666","662.496973741","3352686.5","-9999","203744.7","16.03","-1","-0.247661241","0.494466175","0.725399619","0.586839552","1","0.114285714","2.085714286","N3 S2 O4","de-protonated","0","-9999","C35 H73 O4 N3 S2","35","73","4","3","-9999","2","-9999","-9999","-9999","-9999","-9999","-9999"
"1208","663.047452","663.046999789","663.047516584","3277575","-9999","225145.2","15.63","-1","-0.779423674","0.447813921","0.773979033","0.578279966","18","0.740740741","0.740740741","O20","de-protonated","0","-9999","C27 H20 O20","27","20","20","-9999","-9999","-9999","-9999","-9999","-9999","-9999","-9999","-9999"
"1208","663.047452","663.046999789","663.047003519","3277575","-9999","225145.2","15.63","-1","-0.005626572","0.499997128","0.698017357","0.579205219","36","0.225","0.3","N2 O9","de-protonated","0","-9999","C40 H12 O9 N2","40","12","9","2","-9999","-9999","-9999","-9999","-9999","-9999","-9999","-9999"
"1208","663.047452","663.046999789","663.046779051","3277575","-9999","225145.2","15.63","-1","0.332914623","0.653393678","0.764672602","0.697905248","22","0.290322581","0.741935484","N2 S1 34S1 P1 O9","de-protonated","1","1206","C31 H23 O9 N2 P1 S1 34S1","31","23","9","2","1","1","-9999","-9999","-9999","-9999","-9999","1"
"1208","663.047452","663.046999789","663.047492777","3277575","-9999","225145.2","15.63","-1","-0.743518431","0.452279204","0.6825583","0.544390843","40","0.023255814","0.302325581","N4 S1 P1 O1","de-protonated","0","-9999","C43 H13 O1 N4 P1 S1","43","13","1","4","1","1","-9999","-9999","-9999","-9999","-9999","-9999"
"1208","663.047452","663.046999789","663.046352071","3277575","-9999","225145.2","15.63","-1","0.976881927","0.420503131","0.742885034","0.549455892","27","0.34375","0.5","N4 S1 O11","de-protonated","0","-9999","C32 H16 O11 N4 S1","32","16","11","4","-9999","1","-9999","-9999","-9999","-9999","-9999","-9999"
"1208","663.047452","663.046999789","663.047354392","3277575","-9999","225145.2","15.63","-1","-0.534808863","0.949425658","0","0.569655395","13","0.636363636","1.136363636","N4 S2 P1 O14","de-protonated","0","-9999","C22 H25 O14 N4 P1 S2","22","25","14","4","1","2","-9999","-9999","-9999","-9999","-9999","-9999"
"1208","663.047452","663.046999789","663.046485012","3277575","-9999","225145.2","15.63","-1","0.77638036","0.896397628","0","0.537838577","14","0.904761905","1","N4 P1 O19","de-protonated","0","-9999","C21 H21 O19 N4 P1","21","21","19","4","1","-9999","-9999","-9999","-9999","-9999","-9999","-9999"
"1209","664.472136","664.471681517","664.472018839","4281797.5","-9999","229138.8","20.92","-1","-0.5076547","0.477157373","0.703327172","0.567625293","5","0.025641026","1.846153846","N1 S2 P1 O1","de-protonated","0","-9999","C39 H72 O1 N1 P1 S2","39","72","1","1","1","2","-9999","-9999","-9999","-9999","-9999","-9999"
"1209","664.472136","664.471681517","664.47114946","4281797.5","-9999","229138.8","20.92","-1","0.800723293","0.445087485","0.70871839","0.550539847","6","0.157894737","1.789473684","N1 P1 O6","de-protonated","0","-9999","C38 H68 O6 N1 P1","38","68","6","1","1","-9999","-9999","-9999","-9999","-9999","-9999","-9999"
"1210","664.494284","664.493829482","664.493996361","4082144","-9999","219659.7","19.87","-1","-0.251136788","0.49431066","0.73113591","0.58904076","1","0.205882353","2.088235294","N3 S1 O7","de-protonated","0","-9999","C34 H71 O7 N3 S1","34","71","7","3","-9999","1","-9999","-9999","-9999","-9999","-9999","-9999"
"1211","666.469486","666.469028332","666.469041459","4388677.5","-9999","205244.8","21.47","-1","-0.019696234","0.499964805","0.70871839","0.583466239","5","0.105263158","1.842105263","N1 S1 P1 O4","de-protonated","0","-9999","C38 H70 O4 N1 P1 S1","38","70","4","1","1","1","-9999","-9999","-9999","-9999","-9999","-9999"
"1212","666.491946","666.491488297","666.49188836","2921313","-9999","221300.4","13.73","-1","-0.60025313","0.468357289","0.73113591","0.573468738","0","0.147058824","2.147058824","N3 S2 O5","de-protonated","0","-9999","C34 H73 O5 N3 S2","34","73","5","3","-9999","2","-9999","-9999","-9999","-9999","-9999","-9999"
"1212","666.491946","666.491488297","666.491018981","2921313","-9999","221300.4","13.73","-1","0.704159568","0.456979465","0.736963647","0.568973138","1","0.303030303","2.090909091","N3 O10","de-protonated","0","-9999","C33 H69 O10 N3","33","69","10","3","-9999","-9999","-9999","-9999","-9999","-9999","-9999","-9999"
"1214","668.466063","668.465602149","668.466064079","3286737.8","-9999","215280.7","15.65","-1","-0.69103027","0.458500878","0.714192896","0.560777686","5","0.189189189","1.837837838","N1 P1 O7","de-protonated","0","-9999","C37 H68 O7 N1 P1","37","68","7","1","1","-9999","-9999","-9999","-9999","-9999","-9999","-9999"
"1214","668.466063","668.465602149","668.465279689","3286737.8","-9999","215280.7","15.65","-1","0.482388742","0.479328032","0.698017357","0.566803762","9","0.025","1.675","N3 S2 O1","de-protonated","0","-9999","C40 H67 O1 N3 S2","40","67","1","3","-9999","2","-9999","-9999","-9999","-9999","-9999","-9999"
"1219","671.242035","671.241569723","671.241410502","7809581","-9999","256875.2","39.49","-1","0.237203349","0.658494931","0.857212128","0.73798181","32","0.020408163","0.734693878","S1 O1","de-protonated","0","-9999","C49 H36 O1 S1","49","36","1","-9999","-9999","1","-9999","-9999","-9999","-9999","-9999","-9999"
"1219","671.242035","671.241569723","671.241543444","7809581","-9999","256875.2","39.49","-1","0.039149813","0.999212694","0.966244444","0.986025394","19","0.236842105","1.078947368","P1 O9","de-protonated","0","-9999","C38 H41 O9 P1","38","41","9","-9999","1","-9999","-9999","-9999","-9999","-9999","-9999","-9999"
"1219","671.242035","671.241569723","671.241272117","7809581","-9999","256875.2","39.49","-1","0.443365378","0.961320559","0.974920217","0.966760422","5","0.5","1.714285714","S2 O14","de-protonated","0","-9999","C28 H48 O14 S2","28","48","14","-9999","-9999","2","-9999","-9999","-9999","-9999","-9999","-9999"
"1219","671.242035","671.241569723","671.241740148","7809581","-9999","256875.2","39.49","-1","-0.253895876","0.9902741","0.974920217","0.984132547","11","0.535714286","1.428571429","N4 O15","de-protonated","0","-9999","C28 H40 O15 N4","28","40","15","4","-9999","-9999","-9999","-9999","-9999","-9999","-9999","-9999"
"1220","671.264987","671.264521686","671.265041793","318698048","-9999","271232.1","1679.63","-1","-0.774816747","0.254321787","0.852790194","0.49370915","23","0.19047619","0.952380952","O8","de-protonated","0","-9999","C42 H40 O8","42","40","8","-9999","-9999","-9999","-9999","-9999","-9999","-9999","-9999","-9999"
"1220","671.264987","671.264521686","671.264390345","318698048","-9999","271232.1","1679.63","-1","0.195662523","0.267811667","0.891771864","0.517395746","14","0.294117647","1.294117647","N2 S1 O10","de-protonated","0","-9999","C34 H44 O10 N2 S1","34","44","10","2","-9999","1","-9999","-9999","-9999","-9999","-9999","-9999"
"1220","671.264987","671.264521686","671.264523286","318698048","-9999","271232.1","1679.63","-1","-0.002384226","0.421288915","0.954915778","0.63473966","1","0.782608696","2.130434783","N2 P1 O18","de-protonated","0","-9999","C23 H49 O18 N2 P1","23","49","18","2","1","-9999","-9999","-9999","-9999","-9999","-9999","-9999"
"1220","671.264987","671.264521686","671.264879602","318698048","-9999","271232.1","1679.63","-1","-0.533196473","0.240790723","0.850992539","0.484871449","18","0.054054054","1.216216216","N4 S2 P1 O2","de-protonated","0","-9999","C37 H45 O2 N4 P1 S2","37","45","2","4","1","2","-9999","-9999","-9999","-9999","-9999","-9999"
"1220","671.264987","671.264521686","671.264010222","318698048","-9999","271232.1","1679.63","-1","0.761941347","0.306101136","0.817151645","0.51052134","19","0.194444444","1.138888889","N4 P1 O7","de-protonated","0","-9999","C36 H41 O7 N4 P1","36","41","7","4","1","-9999","-9999","-9999","-9999","-9999","-9999","-9999"
"1221","672.245422","672.244955123","672.244765337","2708742.3","-9999","254218.9","12.57","-1","0.282316455","0.657094762","0.857212128","0.737141708","32","0.020408163","0.734693878","13C1 S1 O1","de-protonated","1","1219","C48 H36 O1 S1 13C1","48","36","1","-9999","-9999","1","1","-9999","-9999","-9999","-9999","-9999"
"1221","672.245422","672.244955123","672.244898279","2708742.3","-9999","254218.9","12.57","-1","0.084558513","0.998703457","0.966244444","0.985719852","19","0.236842105","1.078947368","13C1 P1 O9","de-protonated","1","1219","C37 H41 O9 P1 13C1","37","41","9","-9999","1","-9999","1","-9999","-9999","-9999","-9999","-9999"
"1221","672.245422","672.244955123","672.244626953","2708742.3","-9999","254218.9","12.57","-1","0.488170787","0.957680402","0.974920217","0.964576328","5","0.5","1.714285714","13C1 S2 O14","de-protonated","1","1219","C27 H48 O14 S2 13C1","27","48","14","-9999","-9999","2","1","-9999","-9999","-9999","-9999","-9999"
"1221","672.245422","672.244955123","672.245034624","2708742.3","-9999","254218.9","12.57","-1","-0.118262816","0.49873273","0.714192896","0.584916796","19","0.297297297","1.054054054","N1 O11","de-protonated","0","-9999","C37 H39 O11 N1","37","39","11","1","-9999","-9999","-9999","-9999","-9999","-9999","-9999","-9999"
"1221","672.245422","672.244955123","672.245523882","2708742.3","-9999","254218.9","12.57","-1","-0.846058353","0.439098804","0.698017357","0.542666225","23","0.075","1","N3 S1 P1 O3","de-protonated","0","-9999","C40 H40 O3 N3 P1 S1","40","40","3","3","1","1","-9999","-9999","-9999","-9999","-9999","-9999"
"1221","672.245422","672.244955123","672.244383176","2708742.3","-9999","254218.9","12.57","-1","0.850802332","0.438457908","0.761234226","0.567568435","10","0.448275862","1.482758621","N3 S1 O13","de-protonated","0","-9999","C29 H43 O13 N3 S1","29","43","13","3","-9999","1","-9999","-9999","-9999","-9999","-9999","-9999"
"1221","672.245422","672.244955123","672.245094983","2708742.3","-9999","254218.9","12.57","-1","-0.208049805","0.992176806","0.974920217","0.985274171","11","0.535714286","1.428571429","13C1 N4 O15","de-protonated","1","1219","C27 H40 O15 N4 13C1","27","40","15","4","-9999","-9999","1","-9999","-9999","-9999","-9999","-9999"
"1222","672.268308","672.267841086","672.268396629","93271840","-9999","231151.6","490.35","-1","-0.826369713","0.252417226","0.852790194","0.492566413","23","0.19047619","0.952380952","13C1 O8","de-protonated","1","1220","C41 H40 O8 13C1","41","40","8","-9999","-9999","-9999","1","-9999","-9999","-9999","-9999","-9999"
"1222","672.268308","672.267841086","672.267304698","93271840","-9999","231151.6","490.35","-1","0.797878796","0.222727436","0.617104352","0.380478203","27","0.066666667","0.888888889","N1 P1 O3","de-protonated","0","-9999","C45 H40 O3 N1 P1","45","40","3","1","1","-9999","-9999","-9999","-9999","-9999","-9999","-9999"
"1222","672.268308","672.267841086","672.26774518","93271840","-9999","231151.6","490.35","-1","0.142661073","0.268042839","0.891771864","0.517534449","14","0.294117647","1.294117647","13C1 N2 S1 O10","de-protonated","1","1220","C33 H44 O10 N2 S1 13C1","33","44","10","2","-9999","1","1","-9999","-9999","-9999","-9999","-9999"
"1222","672.268308","672.267841086","672.267878122","93271840","-9999","231151.6","490.35","-1","-0.055090082","0.421210415","0.954915778","0.63469256","1","0.782608696","2.130434783","13C1 N2 P1 O18","de-protonated","1","1220","C22 H49 O18 N2 P1 13C1","22","49","18","2","1","-9999","1","-9999","-9999","-9999","-9999","-9999"
"1222","672.268308","672.267841086","672.268014467","93271840","-9999","231151.6","490.35","-1","-0.25790445","0.328043708","0.880657428","0.549089196","1","0.909090909","2.136363636","N3 O20","de-protonated","0","-9999","C22 H47 O20 N3","22","47","20","3","-9999","-9999","-9999","-9999","-9999","-9999","-9999","-9999"
"1222","672.268308","672.267841086","672.268234437","93271840","-9999","231151.6","490.35","-1","-0.585110068","0.239961396","0.850992539","0.484373853","18","0.054054054","1.216216216","13C1 N4 S2 P1 O2","de-protonated","1","1220","C36 H45 O2 N4 P1 S2 13C1","36","45","2","4","1","2","1","-9999","-9999","-9999","-9999","-9999"
"1222","672.268308","672.267841086","672.267365057","93271840","-9999","231151.6","490.35","-1","0.708094699","0.307547813","0.817151645","0.511389346","19","0.194444444","1.138888889","13C1 N4 P1 O7","de-protonated","1","1220","C35 H41 O7 N4 P1 13C1","35","41","7","4","1","-9999","1","-9999","-9999","-9999","-9999","-9999"
"1222","672.268308","672.267841086","672.268227359","93271840","-9999","231151.6","490.35","-1","-0.574581524","0.310749703","0.817151645","0.513310479","19","0.194444444","1.138888889","N4 P1 O6 17O1","de-protonated","1","1220","C36 H41 O6 N4 P1 17O1","36","41","6","4","1","-9999","-9999","-9999","1","-9999","-9999","-9999"
"1223","672.485985","672.485517739","672.485346428","12077105","-9999","208672.2","62","-1","0.254742808","0.247073535","0.613929491","0.393815917","7","0.048780488","1.731707317","N1 S2 O2","de-protonated","0","-9999","C41 H71 O2 N1 S2","41","71","2","1","-9999","2","-9999","-9999","-9999","-9999","-9999","-9999"
"1224","672.505931","672.505463707","672.505606417","3657801.3","-9999","229574.1","17.58","-1","-0.212205202","0.495931233","0.714192896","0.583235898","3","0.243243243","1.918918919","N1 O9","de-protonated","0","-9999","C37 H71 O9 N1","37","71","9","1","-9999","-9999","-9999","-9999","-9999","-9999","-9999","-9999"
"1224","672.505931","672.505463707","672.506095674","3657801.3","-9999","229574.1","17.58","-1","-0.939718676","0.425973012","0.698017357","0.53479075","7","0.025","1.8","N3 S1 P1 O1","de-protonated","0","-9999","C40 H72 O1 N3 P1 S1","40","72","1","3","1","1","-9999","-9999","-9999","-9999","-9999","-9999"
"1226","673.262283","673.261814501","673.262282344","82459632","-9999","227282.3","433.3","-1","-0.694889791","0.388727799","0.899582792","0.593069796","13","0.235294118","1.352941176","N2 S2 O8","de-protonated","0","-9999","C34 H46 O8 N2 S2","34","46","8","2","-9999","2","-9999","-9999","-9999","-9999","-9999","-9999"
"1226","673.262283","673.261814501","673.261412965","82459632","-9999","227282.3","433.3","-1","0.596405461","0.69970673","0.961702546","0.804505057","14","0.393939394","1.272727273","N2 O13","de-protonated","0","-9999","C33 H42 O13 N2","33","42","13","2","-9999","-9999","-9999","-9999","-9999","-9999","-9999","-9999"
"1226","673.262283","673.261814501","673.262415286","82459632","-9999","227282.3","433.3","-1","-0.892348664","0.298936725","0.913432389","0.54473499","0","0.695652174","2.217391304","N2 S1 P1 O16","de-protonated","0","-9999","C23 H51 O16 N2 P1 S1","23","51","16","2","1","1","-9999","-9999","-9999","-9999","-9999","-9999"
"1226","673.262283","673.261814501","673.261902222","82459632","-9999","227282.3","433.3","-1","-0.130291891","0.423322764","0.914966017","0.619980065","18","0.138888889","1.194444444","N4 S1 P1 O5","de-protonated","0","-9999","C36 H43 O5 N4 P1 S1","36","43","5","4","1","1","-9999","-9999","-9999","-9999","-9999","-9999"
"1227","673.26697","673.266501494","673.266576423","5319161","-9999","196023.1","26.34","-1","-0.111291311","0.498877572","0.653607294","0.560769461","31","0.020408163","0.795918367","P1 O1","de-protonated","0","-9999","C49 H39 O1 P1","49","39","1","-9999","1","-9999","-9999","-9999","-9999","-9999","-9999","-9999"
"1227","673.26697","673.266501494","673.266305096","5319161","-9999","196023.1","26.34","-1","0.291708405","0.492339216","0.703327172","0.576734398","17","0.153846154","1.179487179","S2 O6","de-protonated","0","-9999","C39 H46 O6 S2","39","46","6","-9999","-9999","2","-9999","-9999","-9999","-9999","-9999","-9999"
"1227","673.26697","673.266501494","673.266438038","5319161","-9999","196023.1","26.34","-1","0.094250517","0.49919473","0.767553728","0.606538329","4","0.5","1.821428571","S1 P1 O14","de-protonated","0","-9999","C28 H51 O14 P1 S1","28","51","14","-9999","1","1","-9999","-9999","-9999","-9999","-9999","-9999"
"1227","673.26697","673.266501494","673.265924974","5319161","-9999","196023.1","26.34","-1","0.856303488","0.437711414","0.692787115","0.539741694","22","0.073170732","1.048780488","N2 S1 P1 O3","de-protonated","0","-9999","C41 H43 O3 N2 P1 S1","41","43","3","2","1","1","-9999","-9999","-9999","-9999","-9999","-9999"
"1227","673.26697","673.266501494","673.267132915","5319161","-9999","196023.1","26.34","-1","-0.937846628","0.257769668","0.891771864","0.511370547","14","0.294117647","1.294117647","13C1 N2 33S1 O10","de-protonated","1","1220","C33 H44 O10 N2 13C1 33S1","33","44","10","2","-9999","-9999","1","-9999","-9999","-9999","1","-9999"
"1227","673.26697","673.266501494","673.266773127","5319161","-9999","196023.1","26.34","-1","-0.403455541","0.485448176","0.703327172","0.572599775","23","0.179487179","0.974358974","N4 O7","de-protonated","0","-9999","C39 H38 O7 N4","39","38","7","4","-9999","-9999","-9999","-9999","-9999","-9999","-9999","-9999"
"1228","673.272061","673.271592486","673.272178323","13564927","-9999","215827.9","69.84","-1","-0.870134644","0.607472316","0.758911548","0.668048009","8","0.34375","1.5625","S2 O11","de-protonated","0","-9999","C32 H50 O11 S2","32","50","11","-9999","-9999","2","-9999","-9999","-9999","-9999","-9999","-9999"
"1228","673.272061","673.271592486","673.271308943","13564927","-9999","215827.9","69.84","-1","0.421141401","0.484165284","0.748902347","0.590060109","9","0.516129032","1.483870968","O16","de-protonated","0","-9999","C31 H46 O16","31","46","16","-9999","-9999","-9999","-9999","-9999","-9999","-9999","-9999","-9999"
"1228","673.272061","673.271592486","673.271798201","13564927","-9999","215827.9","69.84","-1","-0.305545142","0.327734338","0.697661181","0.475705075","13","0.235294118","1.382352941","N2 S1 P1 O8","de-protonated","0","-9999","C34 H47 O8 N2 P1 S1","34","47","8","2","1","1","-9999","-9999","-9999","-9999","-9999","-9999"
"1228","673.272061","673.271592486","673.271100015","13564927","-9999","215827.9","69.84","-1","0.731460035","0.261697725","0.891771864","0.513727381","14","0.294117647","1.294117647","13C2 N2 S1 O10","de-protonated","1","1220","C32 H44 O10 N2 S1 13C2","32","44","10","2","-9999","1","2","-9999","-9999","-9999","-9999","-9999"
"1228","673.272061","673.271592486","673.271232957","13564927","-9999","215827.9","69.84","-1","0.534003467","0.414085343","0.954915778","0.630417517","1","0.782608696","2.130434783","13C2 N2 P1 O18","de-protonated","1","1220","C21 H49 O18 N2 P1 13C2","21","49","18","2","1","-9999","2","-9999","-9999","-9999","-9999","-9999"
"1228","673.272061","673.271592486","673.271369302","13564927","-9999","215827.9","69.84","-1","0.331491227","0.326752904","0.880657428","0.548314714","1","0.909090909","2.136363636","13C1 N3 O20","de-protonated","1","1222","C21 H47 O20 N3 13C1","21","47","20","3","-9999","-9999","1","-9999","-9999","-9999","-9999","-9999"
"1228","673.272061","673.271592486","673.271589272","13564927","-9999","215827.9","69.84","-1","0.00477304","0.244980181","0.850992539","0.487385124","18","0.054054054","1.216216216","13C2 N4 S2 P1 O2","de-protonated","1","1220","C35 H45 O2 N4 P1 S2 13C2","35","45","2","4","1","2","2","-9999","-9999","-9999","-9999","-9999"
"1228","673.272061","673.271592486","673.271146752","13564927","-9999","215827.9","69.84","-1","0.662041964","0.307850449","0.72955848","0.476533661","4","0.384615385","1.961538462","N4 S2 P1 O10","de-protonated","0","-9999","C26 H51 O10 N4 P1 S2","26","51","10","4","1","2","-9999","-9999","-9999","-9999","-9999","-9999"
"1229","674.265808","674.265337901","674.265196698","26116306","-9999","210613.6","136.05","-1","0.209417797","0.248018499","0.607068891","0.391638656","26","0.022222222","0.933333333","N1 S1 P1 O1","de-protonated","0","-9999","C45 H42 O1 N1 P1 S1","45","42","1","1","1","1","-9999","-9999","-9999","-9999","-9999","-9999"
"1229","674.265808","674.265337901","674.26563718","26116306","-9999","210613.6","136.05","-1","-0.443858091","0.395695228","0.899582792","0.597250253","13","0.235294118","1.352941176","13C1 N2 S2 O8","de-protonated","1","1226","C33 H46 O8 N2 S2 13C1","33","46","8","2","-9999","2","1","-9999","-9999","-9999","-9999","-9999"
"1229","674.265808","674.265337901","674.2647678","26116306","-9999","210613.6","136.05","-1","0.845515944","0.684918316","0.961702546","0.795632008","14","0.393939394","1.272727273","13C1 N2 O13","de-protonated","1","1226","C32 H42 O13 N2 13C1","32","42","13","2","-9999","-9999","1","-9999","-9999","-9999","-9999","-9999"
"1229","674.265808","674.265337901","674.265770121","26116306","-9999","210613.6","136.05","-1","-0.641023181","0.309384172","0.913432389","0.551003459","0","0.695652174","2.217391304","13C1 N2 S1 P1 O16","de-protonated","1","1226","C22 H51 O16 N2 P1 S1 13C1","22","51","16","2","1","1","1","-9999","-9999","-9999","-9999","-9999"
"1229","674.265808","674.265337901","674.265906467","26116306","-9999","210613.6","136.05","-1","-0.843236478","0.219739386","0.757760916","0.434947998","0","0.818181818","2.227272727","N3 S1 O18","de-protonated","0","-9999","C22 H49 O18 N3 S1","22","49","18","3","-9999","1","-9999","-9999","-9999","-9999","-9999","-9999"
"1229","674.265808","674.265337901","674.265257057","26116306","-9999","210613.6","136.05","-1","0.119899788","0.423389968","0.914966017","0.620020387","18","0.138888889","1.194444444","13C1 N4 S1 P1 O5","de-protonated","1","1226","C35 H43 O5 N4 P1 S1 13C1","35","43","5","4","1","1","1","-9999","-9999","-9999","-9999","-9999"
"1231","674.509201","674.508730513","674.508858579","5497345","-9999","193813.6","27.27","-1","-0.18986497","0.496740178","0.6825583","0.571067427","11","0.023255814","1.604651163","N3 S1 O1","de-protonated","0","-9999","C43 H69 O1 N3 S1","43","69","1","3","-9999","1","-9999","-9999","-9999","-9999","-9999","-9999"
"1233","675.268802","675.268330302","675.267974153","4359603","-9999","227103.8","21.26","-1","0.52741904","0.633852601","0.758911548","0.68387618","8","0.34375","1.5625","S1 34S1 O11","de-protonated","1","1228","C32 H50 O11 S1 34S1","32","50","11","-9999","-9999","1","-9999","-9999","-9999","-9999","-9999","1"
"1233","675.268802","675.268330302","675.268687879","4359603","-9999","227103.8","21.26","-1","-0.529532643","0.47519679","0.677556332","0.556140606","26","0.068181818","0.909090909","N2 S1 O3","de-protonated","0","-9999","C44 H40 O3 N2 S1","44","40","3","2","-9999","1","-9999","-9999","-9999","-9999","-9999","-9999"
"1233","675.268802","675.268330302","675.268992015","4359603","-9999","227103.8","21.26","-1","-0.979924432","0.377868665","0.899582792","0.586554316","13","0.235294118","1.352941176","13C2 N2 S2 O8","de-protonated","1","1226","C32 H46 O8 N2 S2 13C2","32","46","8","2","-9999","2","2","-9999","-9999","-9999","-9999","-9999"
"1233","675.268802","675.268330302","675.268820821","4359603","-9999","227103.8","21.26","-1","-0.726404845","0.454348334","0.736963647","0.567394459","13","0.333333333","1.363636364","N2 P1 O11","de-protonated","0","-9999","C33 H45 O11 N2 P1","33","45","11","2","1","-9999","-9999","-9999","-9999","-9999","-9999","-9999"
"1233","675.268802","675.268330302","675.268122635","4359603","-9999","227103.8","21.26","-1","0.307533082","0.711078761","0.961702546","0.811328275","14","0.393939394","1.272727273","13C2 N2 O13","de-protonated","1","1226","C31 H42 O13 N2 13C2","31","42","13","2","-9999","-9999","2","-9999","-9999","-9999","-9999","-9999"
"1233","675.268802","675.268330302","675.267680115","4359603","-9999","227103.8","21.26","-1","0.962858887","0.422583695","0.807789663","0.576666082","0","0.954545455","2.181818182","N2 O21","de-protonated","0","-9999","C22 H48 O21 N2","22","48","21","2","-9999","-9999","-9999","-9999","-9999","-9999","-9999","-9999"
"1233","675.268802","675.268330302","675.268611892","4359603","-9999","227103.8","21.26","-1","-0.41700452","0.419324979","0.914966017","0.617581394","18","0.138888889","1.194444444","13C2 N4 S1 P1 O5","de-protonated","1","1226","C34 H43 O5 N4 P1 S1 13C2","34","43","5","4","1","1","2","-9999","-9999","-9999","-9999","-9999"
"1233","675.268802","675.268330302","675.26803643","4359603","-9999","227103.8","21.26","-1","0.435192917","0.483109342","0.719752637","0.57776666","17","0.138888889","1.222222222","N4 S2 O5","de-protonated","0","-9999","C36 H44 O5 N4 S2","36","44","5","4","-9999","2","-9999","-9999","-9999","-9999","-9999","-9999"
"1233","675.268802","675.268330302","675.268169372","4359603","-9999","227103.8","21.26","-1","0.238320335","0.494873628","0.787157861","0.611787321","4","0.52","1.96","N4 S1 P1 O13","de-protonated","0","-9999","C25 H49 O13 N4 P1 S1","25","49","13","4","1","1","-9999","-9999","-9999","-9999","-9999","-9999"
"1234","676.479784","676.479310371","676.479391668","4572058","-9999","229661.6","22.38","-1","-0.120176508","0.498691439","0.703327172","0.580545732","7","0.205128205","1.717948718","N1 O8","de-protonated","0","-9999","C39 H67 O8 N1","39","67","8","1","-9999","-9999","-9999","-9999","-9999","-9999","-9999","-9999"
"1235","676.505446","676.50497233","676.504381597","10644410","-9999","196552.6","54.41","-1","0.873214479","0.290263092","0.676201412","0.44463842","1","0.055555556","2.111111111","N3 S2 P1 O2","de-protonated","0","-9999","C36 H76 O2 N3 P1 S2","36","76","2","3","1","2","-9999","-9999","-9999","-9999","-9999","-9999"
"1237","680.499737","680.499256961","680.499296216","8174409.5","-9999","198311.1","41.35","-1","-0.057685541","0.499698195","0.725399619","0.589978764","0","0.085714286","2.171428571","N3 S2 P1 O3","de-protonated","0","-9999","C35 H76 O3 N3 P1 S2","35","76","3","3","1","2","-9999","-9999","-9999","-9999","-9999","-9999"
"1239","680.992603","680.992122176","680.992324182","4270518","-9999","188727.3","20.76","-1","-0.296635159","0.492080337","0.761234226","0.599741893","23","0.620689655","0.517241379","P1 O18","de-protonated","0","-9999","C29 H15 O18 P1","29","15","18","-9999","1","-9999","-9999","-9999","-9999","-9999","-9999","-9999"
"1239","680.992603","680.992122176","680.991539791","4270518","-9999","188727.3","20.76","-1","0.855200263","0.437861403","0.742885034","0.559870855","27","0.375","0.4375","N2 S2 O12","de-protonated","0","-9999","C32 H14 O12 N2 S2","32","14","12","2","-9999","2","-9999","-9999","-9999","-9999","-9999","-9999"
"1239","680.992603","680.992122176","680.991672733","4270518","-9999","188727.3","20.76","-1","0.659982247","0.462003886","0.81490939","0.603166088","14","0.952380952","0.904761905","N2 S1 P1 O20","de-protonated","0","-9999","C21 H19 O20 N2 P1 S1","21","19","20","2","1","1","-9999","-9999","-9999","-9999","-9999","-9999"
"1241","682.497467","682.496983776","682.496970285","4339487","-9999","190079.9","21.11","-1","0.019767351","0.499964551","0.68763467","0.575032599","9","0.095238095","1.666666667","N1 P1 O4","de-protonated","0","-9999","C42 H70 O4 N1 P1","42","70","4","1","1","-9999","-9999","-9999","-9999","-9999","-9999","-9999"
"1241","682.497467","682.496983776","682.496318836","4339487","-9999","190079.9","21.11","-1","0.974276078","0.42089125","0.73113591","0.544989114","0","0.176470588","2.176470588","N3 S1 P1 O6","de-protonated","0","-9999","C34 H74 O6 N3 P1 S1","34","74","6","3","1","1","-9999","-9999","-9999","-9999","-9999","-9999"
"1242","683.097182","683.09669782","683.096870786","3049492.8","-9999","263466.5","14.3","-1","-0.253209032","0.49421693","0.719752637","0.584431213","23","0.222222222","0.805555556","S2 P1 O8","de-protonated","0","-9999","C36 H29 O8 P1 S2","36","29","8","-9999","1","2","-9999","-9999","-9999","-9999","-9999","-9999"
"1242","683.097182","683.09669782","683.097338817","3049492.8","-9999","263466.5","14.3","-1","-0.938368386","0.426169067","0.719752637","0.543602495","29","0.25","0.583333333","N4 P1 O9","de-protonated","0","-9999","C36 H21 O9 N4 P1","36","21","9","4","1","-9999","-9999","-9999","-9999","-9999","-9999","-9999"
"1242","683.097182","683.09669782","683.097067491","3049492.8","-9999","263466.5","14.3","-1","-0.541168752","0.474123758","0.780512821","0.596679383","15","0.538461538","1.076923077","N4 S2 O14","de-protonated","0","-9999","C26 H28 O14 N4 S2","26","28","14","4","-9999","2","-9999","-9999","-9999","-9999","-9999","-9999"
"1242","683.097182","683.09669782","683.096198111","3049492.8","-9999","263466.5","14.3","-1","0.731535447","0.453732085","0.787157861","0.587102395","16","0.76","0.96","N4 O19","de-protonated","0","-9999","C25 H24 O19 N4","25","24","19","4","-9999","-9999","-9999","-9999","-9999","-9999","-9999","-9999"
"1243","686.521843","686.521353359","686.521256481","4622601.5","-9999","216308.3","22.58","-1","0.141114706","0.985345802","0.908087669","0.954442549","3","0.236842105","1.921052632","N1 O9","de-protonated","0","-9999","C38 H73 O9 N1","38","73","9","1","-9999","-9999","-9999","-9999","-9999","-9999","-9999","-9999"
"1243","686.521843","686.521353359","686.521745738","4622601.5","-9999","216308.3","22.58","-1","-0.571546505","0.961276253","0.924018943","0.946373329","7","0.024390244","1.804878049","N3 S1 P1 O1","de-protonated","0","-9999","C41 H74 O1 N3 P1 S1","41","74","1","3","1","1","-9999","-9999","-9999","-9999","-9999","-9999"
"1244","687.525363","687.524871759","687.524611316","2871815","-9999","214131","12.2","-1","0.378812739","0.974298337","0.908087669","0.94781407","3","0.236842105","1.921052632","13C1 N1 O9","de-protonated","1","1243","C37 H73 O9 N1 13C1","37","73","9","1","-9999","-9999","1","-9999","-9999","-9999","-9999","-9999"
"1244","687.525363","687.524871759","687.525100573","2871815","-9999","214131","12.2","-1","-0.332808603","0.980103069","0.924018943","0.957669419","7","0.024390244","1.804878049","13C1 N3 S1 P1 O1","de-protonated","1","1243","C40 H74 O1 N3 P1 S1 13C1","40","74","1","3","1","1","1","-9999","-9999","-9999","-9999","-9999"
"1244","687.525363","687.524871759","687.525236919","2871815","-9999","214131","12.2","-1","-0.531122159","0.475051445","0.698017357","0.56423781","7","0.075","1.8","N4 S1 O3","de-protonated","0","-9999","C40 H72 O3 N4 S1","40","72","3","4","-9999","1","-9999","-9999","-9999","-9999","-9999","-9999"
"1249","694.918083","694.917579972","694.917445163","43378444","-9999","221182.9","207.7","-1","0.193992538","0.198638957","0.699892788","0.399140489","25","0.642857143","0.321428571","S1 P1 O18","de-protonated","0","-9999","C28 H9 O18 P1 S1","28","9","18","-9999","1","1","-9999","-9999","-9999","-9999","-9999","-9999"
"1250","695.917159","695.916654379","695.916065438","16735254","-9999","200267.3","79.08","-1","0.846280608","0.292712558","0.741256555","0.472130157","20","0.75","0.5","N1 S2 P1 O18","de-protonated","0","-9999","C24 H12 O18 N1 P1 S2","24","12","18","1","1","2","-9999","-9999","-9999","-9999","-9999","-9999"
"1253","697.1939","697.193393343","697.193805404","11076233","-9999","240979","51.75","-1","-0.591027997","0.312861439","0.599686074","0.427591293","35","0.06122449","0.632653061","P1 O3","de-protonated","0","-9999","C49 H31 O3 P1","49","31","3","-9999","1","-9999","-9999","-9999","-9999","-9999","-9999","-9999"
"1253","697.1939","697.193393343","697.193534078","11076233","-9999","240979","51.75","-1","-0.201859155","0.497551208","0.83182404","0.631260341","21","0.205128205","0.974358974","S2 O8","de-protonated","0","-9999","C39 H38 O8 S2","39","38","8","-9999","-9999","2","-9999","-9999","-9999","-9999","-9999","-9999"
"1253","697.1939","697.193393343","697.19366702","11076233","-9999","240979","51.75","-1","-0.392540324","0.985708943","0.973587188","0.980860241","8","0.571428571","1.535714286","S1 P1 O16","de-protonated","0","-9999","C28 H43 O16 P1 S1","28","43","16","-9999","1","1","-9999","-9999","-9999","-9999","-9999","-9999"
"1253","697.1939","697.193393343","697.193153955","11076233","-9999","240979","51.75","-1","0.343359112","0.634264607","0.855650518","0.722818971","26","0.12195122","0.853658537","N2 S1 P1 O5","de-protonated","0","-9999","C41 H35 O5 N2 P1 S1","41","35","5","2","1","1","-9999","-9999","-9999","-9999","-9999","-9999"
"1253","697.1939","697.193393343","697.194002108","11076233","-9999","240979","51.75","-1","-0.873165211","0.605508931","0.868945583","0.710883592","27","0.230769231","0.769230769","N4 O9","de-protonated","0","-9999","C39 H30 O9 N4","39","30","9","4","-9999","-9999","-9999","-9999","-9999","-9999","-9999","-9999"
"1254","697.914254","697.913746194","697.913088058","3285039","-9999","209260.9","14.13","-1","0.943005802","0.425494937","0.800793265","0.575614269","20","0.913043478","0.434782609","N1 S1 P1 O21","de-protonated","0","-9999","C23 H10 O21 N1 P1 S1","23","10","21","1","1","1","-9999","-9999","-9999","-9999","-9999","-9999"
"1255","698.197478","698.196969743","698.196888913","2874270.5","-9999","261329.2","12.15","-1","0.115769416","0.498785539","0.83182404","0.632000939","21","0.205128205","0.974358974","13C1 S2 O8","de-protonated","1","1253","C38 H38 O8 S2 13C1","38","38","8","-9999","-9999","2","1","-9999","-9999","-9999","-9999","-9999"
"1255","698.197478","698.196969743","698.197021855","2874270.5","-9999","261329.2","12.15","-1","-0.074637792","0.998989696","0.973587188","0.988828693","8","0.571428571","1.535714286","13C1 S1 P1 O16","de-protonated","1","1253","C27 H43 O16 P1 S1 13C1","27","43","16","-9999","1","1","1","-9999","-9999","-9999","-9999","-9999"
"1255","698.197478","698.196969743","698.197296585","2874270.5","-9999","261329.2","12.15","-1","-0.468122601","0.480508855","0.658260696","0.551609591","35","0.104166667","0.604166667","N1 O5","de-protonated","0","-9999","C48 H29 O5 N1","48","29","5","1","-9999","-9999","-9999","-9999","-9999","-9999","-9999","-9999"
"1255","698.197478","698.196969743","698.1971582","2874270.5","-9999","261329.2","12.15","-1","-0.269920182","0.493433604","0.773979033","0.605651776","8","0.666666667","1.518518519","N1 S1 O18","de-protonated","0","-9999","C27 H41 O18 N1 S1","27","41","18","1","-9999","1","-9999","-9999","-9999","-9999","-9999","-9999"
"1255","698.197478","698.196969743","698.19650879","2874270.5","-9999","261329.2","12.15","-1","0.660204341","0.61597241","0.855650518","0.711843653","26","0.12195122","0.853658537","13C1 N2 S1 P1 O5","de-protonated","1","1253","C40 H35 O5 N2 P1 S1 13C1","40","35","5","2","1","1","1","-9999","-9999","-9999","-9999","-9999"
"1255","698.197478","698.196969743","698.196645136","2874270.5","-9999","261329.2","12.15","-1","0.464921664","0.480769322","0.698017357","0.567668536","26","0.175","0.825","N3 S1 O7","de-protonated","0","-9999","C40 H33 O7 N3 S1","40","33","7","3","-9999","1","-9999","-9999","-9999","-9999","-9999","-9999"
"1255","698.197478","698.196969743","698.197647458","2874270.5","-9999","261329.2","12.15","-1","-0.970663331","0.421428213","0.755017935","0.554864102","12","0.333333333","1.4","N3 S2 P1 O10","de-protonated","0","-9999","C30 H42 O10 N3 P1 S2","30","42","10","3","1","2","-9999","-9999","-9999","-9999","-9999","-9999"
"1255","698.197478","698.196969743","698.196778078","2874270.5","-9999","261329.2","12.15","-1","0.274514323","0.493209714","0.761234226","0.600419519","13","0.517241379","1.310344828","N3 P1 O15","de-protonated","0","-9999","C29 H38 O15 N3 P1","29","38","15","3","1","-9999","-9999","-9999","-9999","-9999","-9999","-9999"
"1255","698.197478","698.196969743","698.197356943","2874270.5","-9999","261329.2","12.15","-1","-0.554572143","0.630482614","0.868945583","0.725867802","27","0.230769231","0.769230769","13C1 N4 O9","de-protonated","1","1253","C38 H30 O9 N4 13C1","38","30","9","4","-9999","-9999","1","-9999","-9999","-9999","-9999","-9999"
"1256","699.190862","699.190352159","699.190556698","3621032.8","-9999","198517.5","15.74","-1","-0.292536654","0.492295989","0.70871839","0.578864949","21","0.289473684","0.947368421","S1 O11","de-protonated","0","-9999","C38 H36 O11 S1","38","36","11","-9999","-9999","1","-9999","-9999","-9999","-9999","-9999","-9999"
"1256","699.190862","699.190352159","699.190689639","3621032.8","-9999","198517.5","15.74","-1","-0.482673184","0.479304158","0.773979033","0.597174108","8","0.703703704","1.518518519","P1 O19","de-protonated","0","-9999","C27 H41 O19 P1","27","41","19","-9999","1","-9999","-9999","-9999","-9999","-9999","-9999","-9999"
"1256","699.190862","699.190352159","699.191045955","3621032.8","-9999","198517.5","15.74","-1","-0.992284184","0.418195346","0.692787115","0.528032054","25","0.073170732","0.902439024","N2 S2 P1 O3","de-protonated","0","-9999","C41 H37 O3 N2 P1 S2","41","37","3","2","1","2","-9999","-9999","-9999","-9999","-9999","-9999"
"1256","699.190862","699.190352159","699.190176575","3621032.8","-9999","198517.5","15.74","-1","0.251124315","0.494311222","0.698017357","0.575793676","26","0.2","0.825","N2 P1 O8","de-protonated","0","-9999","C40 H33 O8 N2 P1","40","33","8","2","1","-9999","-9999","-9999","-9999","-9999","-9999","-9999"
"1256","699.190862","699.190352159","699.189905249","3621032.8","-9999","198517.5","15.74","-1","0.639182303","0.464274749","0.755017935","0.580572023","12","0.433333333","1.333333333","N2 S2 O13","de-protonated","0","-9999","C30 H40 O13 N2 S2","30","40","13","2","-9999","2","-9999","-9999","-9999","-9999","-9999","-9999"
"1258","714.438755","714.438220846","714.438396235","3048216","-9999","301154.6","12.88","-1","-0.245491724","0.494562176","0.672627142","0.565788162","14","0.044444444","1.444444444","N1 S2 O2","de-protonated","0","-9999","C45 H65 O2 N1 S2","45","65","2","1","-9999","2","-9999","-9999","-9999","-9999","-9999","-9999"
"1258","714.438755","714.438220846","714.437526855","3048216","-9999","301154.6","12.88","-1","0.971381164","0.421321626","0.677556332","0.523815508","15","0.159090909","1.386363636","N1 O7","de-protonated","0","-9999","C44 H61 O7 N1","44","61","7","1","-9999","-9999","-9999","-9999","-9999","-9999","-9999","-9999"
"1258","714.438755","714.438220846","714.438529177","3048216","-9999","301154.6","12.88","-1","-0.43157029","0.483384668","0.73113591","0.582485165","1","0.294117647","2.058823529","N1 S1 P1 O10","de-protonated","0","-9999","C34 H70 O10 N1 P1 S1","34","70","10","1","1","1","-9999","-9999","-9999","-9999","-9999","-9999"
"1259","715.201477","715.20094163","715.200727458","6539026","-9999","261727.7","27.21","-1","0.299456701","0.491930188","0.68763467","0.570211981","25","0.214285714","0.857142857","S1 O9","de-protonated","0","-9999","C42 H36 O9 S1","42","36","9","-9999","-9999","1","-9999","-9999","-9999","-9999","-9999","-9999"
"1259","715.201477","715.20094163","715.2008604","6539026","-9999","261727.7","27.21","-1","0.113576374","0.498831061","0.748902347","0.598859576","12","0.548387097","1.322580645","P1 O17","de-protonated","0","-9999","C31 H41 O17 P1","31","41","17","-9999","1","-9999","-9999","-9999","-9999","-9999","-9999","-9999"
"1259","715.201477","715.20094163","715.201216716","6539026","-9999","261727.7","27.21","-1","-0.384627002","0.486756966","0.672627142","0.561105036","29","0.022222222","0.822222222","N2 S2 P1 O1","de-protonated","0","-9999","C45 H37 O1 N2 P1 S2","45","37","1","2","1","2","-9999","-9999","-9999","-9999","-9999","-9999"
"1259","715.201477","715.20094163","715.200347336","6539026","-9999","261727.7","27.21","-1","0.830947821","0.441122426","0.677556332","0.535695988","30","0.136363636","0.75","N2 P1 O6","de-protonated","0","-9999","C44 H33 O6 N2 P1","44","33","6","2","1","-9999","-9999","-9999","-9999","-9999","-9999","-9999"
"1260","715.214496","715.213960609","715.213481676","85806880","-9999","232057","377.51","-1","0.669636499","0.235522829","0.78494938","0.455293449","33","0.02","0.72","S2 O1","de-protonated","0","-9999","C50 H36 O1 S2","50","36","1","-9999","-9999","2","-9999","-9999","-9999","-9999","-9999","-9999"
"1260","715.214496","715.213960609","715.213614618","85806880","-9999","232057","377.51","-1","0.483759418","0.277836105","0.875876786","0.517052377","20","0.230769231","1.051282051","S1 P1 O9","de-protonated","0","-9999","C39 H41 O9 P1 S1","39","41","9","-9999","1","1","-9999","-9999","-9999","-9999","-9999","-9999"
"1260","715.214496","715.213960609","715.214462771","85806880","-9999","232057","377.51","-1","-0.702113665","0.462313715","0.93407354","0.651017645","21","0.351351351","0.972972973","N2 O13","de-protonated","0","-9999","C37 H36 O13 N2","37","36","13","2","-9999","-9999","-9999","-9999","-9999","-9999","-9999","-9999"
"1260","715.214496","715.213960609","715.213949707","85806880","-9999","232057","377.51","-1","0.015243553","0.39863849","0.831937527","0.571958105","39","0.04","0.56","N4 O2","de-protonated","0","-9999","C50 H28 O2 N4","50","28","2","4","-9999","-9999","-9999","-9999","-9999","-9999","-9999","-9999"
"1260","715.214496","715.213960609","715.213811323","85806880","-9999","232057","377.51","-1","0.208730354","0.353788281","0.922793833","0.581390502","12","0.517241379","1.379310345","N4 S1 O15","de-protonated","0","-9999","C29 H40 O15 N4 S1","29","40","15","4","-9999","1","-9999","-9999","-9999","-9999","-9999","-9999"
"1261","716.217703","716.21716601","716.216836511","28865632","-9999","209100.1","125.87","-1","0.460053954","0.240581129","0.78494938","0.45832843","33","0.02","0.72","13C1 S2 O1","de-protonated","1","1260","C49 H36 O1 S2 13C1","49","36","1","-9999","-9999","2","1","-9999","-9999","-9999","-9999","-9999"
"1261","716.217703","716.21716601","716.216969453","28865632","-9999","209100.1","125.87","-1","0.274437308","0.281836285","0.875876786","0.519452485","20","0.230769231","1.051282051","13C1 S1 P1 O9","de-protonated","1","1260","C38 H41 O9 P1 S1 13C1","38","41","9","-9999","1","1","1","-9999","-9999","-9999","-9999","-9999"
"1261","716.217703","716.21716601","716.217105799","28865632","-9999","209100.1","125.87","-1","0.084068136","0.249679611","0.650205141","0.409889823","20","0.289473684","1.026315789","N1 S1 O11","de-protonated","0","-9999","C38 H39 O11 N1 S1","38","39","11","1","-9999","1","-9999","-9999","-9999","-9999","-9999","-9999"
"1261","716.217703","716.21716601","716.21723874","28865632","-9999","209100.1","125.87","-1","-0.101548369","0.466403962","0.857186709","0.622717061","7","0.703703704","1.62962963","N1 P1 O19","de-protonated","0","-9999","C27 H44 O19 N1 P1","27","44","19","1","1","-9999","-9999","-9999","-9999","-9999","-9999","-9999"
"1261","716.217703","716.21716601","716.217817606","28865632","-9999","209100.1","125.87","-1","-0.909774229","0.453332749","0.93407354","0.645629066","21","0.351351351","0.972972973","13C1 N2 O13","de-protonated","1","1260","C36 H36 O13 N2 13C1","36","36","13","2","-9999","-9999","1","-9999","-9999","-9999","-9999","-9999"
"1261","716.217703","716.21716601","716.217595056","28865632","-9999","209100.1","125.87","-1","-0.599044642","0.18739219","0.599329098","0.352166953","24","0.073170732","0.975609756","N3 S2 P1 O3","de-protonated","0","-9999","C41 H40 O3 N3 P1 S2","41","40","3","3","1","2","-9999","-9999","-9999","-9999","-9999","-9999"
"1261","716.217703","716.21716601","716.216725676","28865632","-9999","209100.1","125.87","-1","0.614804907","0.311238063","0.656222442","0.449231815","25","0.2","0.9","N3 P1 O8","de-protonated","0","-9999","C40 H36 O8 N3 P1","40","36","8","3","1","-9999","-9999","-9999","-9999","-9999","-9999","-9999"
"1261","716.217703","716.21716601","716.21645435","28865632","-9999","209100.1","125.87","-1","0.993637766","0.167196568","0.669399606","0.368077783","11","0.433333333","1.433333333","N3 S2 O13","de-protonated","0","-9999","C30 H43 O13 N3 S2","30","43","13","3","-9999","2","-9999","-9999","-9999","-9999","-9999","-9999"
"1261","716.217703","716.21716601","716.217304542","28865632","-9999","209100.1","125.87","-1","-0.193422111","0.397293844","0.831937527","0.571151317","39","0.04","0.56","13C1 N4 O2","de-protonated","1","1260","C49 H28 O2 N4 13C1","49","28","2","4","-9999","-9999","1","-9999","-9999","-9999","-9999","-9999"
"1261","716.217703","716.21716601","716.217166158","28865632","-9999","209100.1","125.87","-1","-2.06408e-4","0.354772562","0.922793833","0.58198107","12","0.517241379","1.379310345","13C1 N4 S1 O15","de-protonated","1","1260","C28 H40 O15 N4 S1 13C1","28","40","15","4","-9999","1","1","-9999","-9999","-9999","-9999","-9999"
"1262","716.220808","716.220271005","716.220748428","3806309","-9999","282433.6","15.13","-1","-0.666586935","0.461269987","0.672627142","0.545812849","29","0.133333333","0.8","N1 P1 O6","de-protonated","0","-9999","C45 H36 O6 N1 P1","45","36","6","1","1","-9999","-9999","-9999","-9999","-9999","-9999","-9999"
"1262","716.220808","716.220271005","716.220477102","3806309","-9999","282433.6","15.13","-1","-0.28775669","0.492543823","0.725399619","0.585686141","15","0.314285714","1.228571429","N1 S2 O11","de-protonated","0","-9999","C35 H43 O11 N1 S2","35","43","11","1","-9999","2","-9999","-9999","-9999","-9999","-9999","-9999"
"1262","716.220808","716.220271005","716.219607722","3806309","-9999","282433.6","15.13","-1","0.926088352","0.427943216","0.73113591","0.549220293","16","0.470588235","1.147058824","N1 O16","de-protonated","0","-9999","C34 H39 O16 N1","34","39","16","1","-9999","-9999","-9999","-9999","-9999","-9999","-9999","-9999"
"1262","716.220808","716.220271005","716.220610044","3806309","-9999","282433.6","15.13","-1","-0.473372253","0.480078121","0.793917021","0.605613681","2","0.791666667","2","N1 S1 P1 O19","de-protonated","0","-9999","C24 H48 O19 N1 P1 S1","24","48","19","1","1","1","-9999","-9999","-9999","-9999","-9999","-9999"
"1262","716.220808","716.220271005","716.22009698","3806309","-9999","282433.6","15.13","-1","0.242977385","0.494672402","0.714192896","0.5824806","20","0.216216216","1.081081081","N3 S1 P1 O8","de-protonated","0","-9999","C37 H40 O8 N3 P1 S1","37","40","8","3","1","1","-9999","-9999","-9999","-9999","-9999","-9999"
"1263","717.212544","717.212005424","717.211506618","82827672","-9999","234753.1","364.33","-1","0.695479294","0.353135559","0.876822959","0.562610519","19","0.179487179","1.102564103","S2 P1 O7","de-protonated","0","-9999","C39 H43 O7 P1 S2","39","43","7","-9999","1","2","-9999","-9999","-9999","-9999","-9999","-9999"
"1263","717.212544","717.212005424","717.212354771","82827672","-9999","234753.1","364.33","-1","-0.48709063","0.273912094","0.68518142","0.438419824","20","0.297297297","1.027027027","N2 S1 O11","de-protonated","0","-9999","C37 H38 O11 N2 S1","37","38","11","2","-9999","1","-9999","-9999","-9999","-9999","-9999","-9999"
"1263","717.212544","717.212005424","717.212487713","82827672","-9999","234753.1","364.33","-1","-0.672449457","0.368955289","0.758091597","0.524609812","7","0.730769231","1.653846154","N2 P1 O19","de-protonated","0","-9999","C26 H43 O19 N2 P1","26","43","19","2","1","-9999","-9999","-9999","-9999","-9999","-9999","-9999"
"1263","717.212544","717.212005424","717.211974648","82827672","-9999","234753.1","364.33","-1","0.042909353","0.493043988","0.9253835","0.665979793","25","0.205128205","0.897435897","N4 P1 O8","de-protonated","0","-9999","C39 H35 O8 N4 P1","39","35","8","4","1","-9999","-9999","-9999","-9999","-9999","-9999","-9999"
"1263","717.212544","717.212005424","717.211703322","82827672","-9999","234753.1","364.33","-1","0.421216303","0.366706573","0.886269644","0.574531801","11","0.448275862","1.448275862","N4 S2 O13","de-protonated","0","-9999","C29 H42 O13 N4 S2","29","42","13","4","-9999","2","-9999","-9999","-9999","-9999","-9999","-9999"
"1264","717.221767","717.221228409","717.220593576","4252065","-9999","219402.5","17.1","-1","0.885129738","0.433742604","0.857186709","0.603120246","7","0.703703704","1.62962963","13C1 N1 P1 O19","de-protonated","1","1261","C26 H44 O19 N1 P1 13C1","26","44","19","1","1","-9999","1","-9999","-9999","-9999","-9999","-9999"
"1264","717.221767","717.221228409","717.221737685","4252065","-9999","219402.5","17.1","-1","-0.710068612","0.456287063","0.658260696","0.537076516","33","0.0625","0.708333333","N2 S1 O3","de-protonated","0","-9999","C48 H34 O3 N2 S1","48","34","3","2","-9999","1","-9999","-9999","-9999","-9999","-9999","-9999"
"1264","717.221767","717.221228409","717.221870627","4252065","-9999","219402.5","17.1","-1","-0.895424973","0.432302296","0.714192896","0.545058536","20","0.297297297","1.054054054","N2 P1 O11","de-protonated","0","-9999","C37 H39 O11 N2 P1","37","39","11","2","1","-9999","-9999","-9999","-9999","-9999","-9999","-9999"
"1264","717.221767","717.221228409","717.221172441","4252065","-9999","219402.5","17.1","-1","0.078033748","0.476390305","0.93407354","0.659463599","21","0.351351351","0.972972973","13C2 N2 O13","de-protonated","1","1260","C35 H36 O13 N2 13C2","35","36","13","2","-9999","-9999","2","-9999","-9999","-9999","-9999","-9999"
"1264","717.221767","717.221228409","717.221599301","4252065","-9999","219402.5","17.1","-1","-0.517123598","0.476317986","0.773979033","0.595382405","6","0.592592593","1.703703704","N2 S2 O16","de-protonated","0","-9999","C27 H46 O16 N2 S2","27","46","16","2","-9999","2","-9999","-9999","-9999","-9999","-9999","-9999"
"1264","717.221767","717.221228409","717.220729921","4252065","-9999","219402.5","17.1","-1","0.695026838","0.458040257","0.780512821","0.587029282","7","0.807692308","1.615384615","N2 O21","de-protonated","0","-9999","C26 H42 O21 N2","26","42","21","2","-9999","-9999","-9999","-9999","-9999","-9999","-9999","-9999"
"1264","717.221767","717.221228409","717.221086237","4252065","-9999","219402.5","17.1","-1","0.198226236","0.496447789","0.698017357","0.577075616","24","0.125","0.95","N4 S2 O5","de-protonated","0","-9999","C40 H38 O5 N4 S2","40","38","5","4","-9999","2","-9999","-9999","-9999","-9999","-9999","-9999"
"1264","717.221767","717.221228409","717.221219179","4252065","-9999","219402.5","17.1","-1","0.012869539","0.499984974","0.761234226","0.604484675","11","0.448275862","1.482758621","N4 S1 P1 O13","de-protonated","0","-9999","C29 H43 O13 N4 P1 S1","29","43","13","4","1","1","-9999","-9999","-9999","-9999","-9999","-9999"
"1264","717.221767","717.221228409","717.220520993","4252065","-9999","219402.5","17.1","-1","0.986330027","0.334545126","0.922793833","0.569844609","12","0.517241379","1.379310345","13C2 N4 S1 O15","de-protonated","1","1260","C27 H40 O15 N4 S1 13C2","27","40","15","4","-9999","1","2","-9999","-9999","-9999","-9999","-9999"
"1265","718.215525","718.214984824","718.214861453","27410134","-9999","209250.1","119.43","-1","0.171775125","0.36297111","0.876822959","0.56851185","19","0.179487179","1.102564103","13C1 S2 P1 O7","de-protonated","1","1263","C38 H43 O7 P1 S2 13C1","38","43","7","-9999","1","2","1","-9999","-9999","-9999","-9999","-9999"
"1265","718.215525","718.214984824","718.215269125","27410134","-9999","209250.1","119.43","-1","-0.395842785","0.323989634","0.605653763","0.436655286","33","0.083333333","0.708333333","N1 P1 O4","de-protonated","0","-9999","C48 H34 O4 N1 P1","48","34","4","1","1","-9999","-9999","-9999","-9999","-9999","-9999","-9999"
"1265","718.215525","718.214984824","718.214997798","27410134","-9999","209250.1","119.43","-1","-0.018064469","0.199988158","0.617476416","0.366983461","19","0.236842105","1.078947368","N1 S2 O9","de-protonated","0","-9999","C38 H41 O9 N1 S2","38","41","9","1","-9999","2","-9999","-9999","-9999","-9999","-9999","-9999"
"1265","718.215525","718.214984824","718.21513074","27410134","-9999","209250.1","119.43","-1","-0.203164617","0.394649646","0.859754264","0.580691493","6","0.62962963","1.703703704","N1 S1 P1 O17","de-protonated","0","-9999","C27 H46 O17 N1 P1 S1","27","46","17","1","1","1","-9999","-9999","-9999","-9999","-9999","-9999"
"1265","718.215525","718.214984824","718.214617676","27410134","-9999","209250.1","119.43","-1","0.511195872","0.238422551","0.637505033","0.398055544","24","0.15","0.95","N3 S1 P1 O6","de-protonated","0","-9999","C40 H38 O6 N3 P1 S1","40","38","6","3","1","1","-9999","-9999","-9999","-9999","-9999","-9999"
"1265","718.215525","718.214984824","718.215329483","27410134","-9999","209250.1","119.43","-1","-0.479882826","0.486278928","0.9253835","0.661920757","25","0.205128205","0.897435897","13C1 N4 P1 O8","de-protonated","1","1263","C38 H35 O8 N4 P1 13C1","38","35","8","4","1","-9999","1","-9999","-9999","-9999","-9999","-9999"
"1265","718.215525","718.214984824","718.215058157","27410134","-9999","209250.1","119.43","-1","-0.102104574","0.370430403","0.886269644","0.576766099","11","0.448275862","1.448275862","13C1 N4 S2 O13","de-protonated","1","1263","C28 H42 O13 N4 S2 13C1","28","42","13","4","-9999","2","1","-9999","-9999","-9999","-9999","-9999"
"1266","718.990889","718.990347588","718.990216182","4257512","-9999","230934.1","17.11","-1","0.182765303","0.496978686","0.742885034","0.595341225","25","0.5","0.53125","S1 P1 O16","de-protonated","0","-9999","C32 H17 O16 P1 S1","32","17","16","-9999","1","1","-9999","-9999","-9999","-9999","-9999","-9999"
"1266","718.990889","718.990347588","718.991064335","4257512","-9999","230934.1","17.11","-1","-0.99687846","0.417502463","0.755017935","0.552508651","26","0.666666667","0.4","N2 O20","de-protonated","0","-9999","C30 H12 O20 N2","30","12","20","2","-9999","-9999","-9999","-9999","-9999","-9999","-9999","-9999"
"1267","719.219263","719.218721224","719.218216288","4910107","-9999","281810.3","19.99","-1","0.702062219","0.352944587","0.876822959","0.562495936","19","0.179487179","1.102564103","13C2 S2 P1 O7","de-protonated","1","1263","C37 H43 O7 P1 S2 13C2","37","43","7","-9999","1","2","2","-9999","-9999","-9999","-9999","-9999"
"1267","719.219263","719.218721224","719.21927337","4910107","-9999","281810.3","19.99","-1","-0.767701498","0.449289967","0.73113591","0.562028344","15","0.5","1.176470588","O17","de-protonated","0","-9999","C34 H40 O17","34","40","17","-9999","-9999","-9999","-9999","-9999","-9999","-9999","-9999","-9999"
"1267","719.219263","719.218721224","719.218485575","4910107","-9999","281810.3","19.99","-1","0.327645342","0.392283881","0.859754264","0.579272034","6","0.62962963","1.703703704","13C1 N1 S1 P1 O17","de-protonated","1","1265","C26 H46 O17 N1 P1 S1 13C1","26","46","17","1","1","1","1","-9999","-9999","-9999","-9999","-9999"
"1267","719.219263","719.218721224","719.218760305","4910107","-9999","281810.3","19.99","-1","-0.054338771","0.49973219","0.662980834","0.565031647","33","0.127659574","0.680851064","N2 O6","de-protonated","0","-9999","C47 H32 O6 N2","47","32","6","2","-9999","-9999","-9999","-9999","-9999","-9999","-9999","-9999"
"1267","719.219263","719.218721224","719.219064441","4910107","-9999","281810.3","19.99","-1","-0.477208198","0.27414891","0.68518142","0.438561914","20","0.297297297","1.027027027","13C2 N2 S1 O11","de-protonated","1","1263","C35 H38 O11 N2 S1 13C2","35","38","11","2","-9999","1","2","-9999","-9999","-9999","-9999","-9999"
"1267","719.219263","719.218721224","719.219197383","4910107","-9999","281810.3","19.99","-1","-0.662049852","0.369419839","0.758091597","0.524888542","7","0.730769231","1.653846154","13C2 N2 P1 O19","de-protonated","1","1263","C24 H43 O19 N2 P1 13C2","24","43","19","2","1","-9999","2","-9999","-9999","-9999","-9999","-9999"
"1267","719.219263","719.218721224","719.218621921","4910107","-9999","281810.3","19.99","-1","0.138070628","0.498273464","0.780512821","0.611169207","6","0.730769231","1.692307692","N2 S1 O19","de-protonated","0","-9999","C26 H44 O19 N2 S1","26","44","19","2","-9999","1","-9999","-9999","-9999","-9999","-9999","-9999"
"1267","719.219263","719.218721224","719.218684319","4910107","-9999","281810.3","19.99","-1","0.051313025","0.493020053","0.9253835","0.665965431","25","0.205128205","0.897435897","13C2 N4 P1 O8","de-protonated","1","1263","C37 H35 O8 N4 P1 13C2","37","35","8","4","1","-9999","2","-9999","-9999","-9999","-9999","-9999"
"1267","719.219263","719.218721224","719.218108857","4910107","-9999","281810.3","19.99","-1","0.851434647","0.438372284","0.703327172","0.544354239","24","0.205128205","0.923076923","N4 S1 O8","de-protonated","0","-9999","C39 H36 O8 N4 S1","39","36","8","4","-9999","1","-9999","-9999","-9999","-9999","-9999","-9999"
"1267","719.219263","719.218721224","719.219111178","4910107","-9999","281810.3","19.99","-1","-0.542191353","0.47402846","0.761234226","0.588910766","10","0.379310345","1.551724138","N4 S2 P1 O11","de-protonated","0","-9999","C29 H45 O11 N4 P1 S2","29","45","11","4","1","2","-9999","-9999","-9999","-9999","-9999","-9999"
"1267","719.219263","719.218721224","719.218412992","4910107","-9999","281810.3","19.99","-1","0.428564454","0.366569509","0.886269644","0.574449563","11","0.448275862","1.448275862","13C2 N4 S2 O13","de-protonated","1","1263","C27 H42 O13 N4 S2 13C2","27","42","13","4","-9999","2","2","-9999","-9999","-9999","-9999","-9999"
"1267","719.219263","719.218721224","719.218241798","4910107","-9999","281810.3","19.99","-1","0.666592501","0.461269366","0.767553728","0.583783111","11","0.571428571","1.464285714","N4 P1 O16","de-protonated","0","-9999","C28 H41 O16 N4 P1","28","41","16","4","1","-9999","-9999","-9999","-9999","-9999","-9999","-9999"
"1268","722.452831","722.452284068","722.452997472","3461923.8","-9999","218235.2","13.57","-1","-0.987474187","0.418918558","0.662980834","0.516543468","16","0.021276596","1.404255319","N1 S1 P1 O1","de-protonated","0","-9999","C47 H66 O1 N1 P1 S1","47","66","1","1","1","1","-9999","-9999","-9999","-9999","-9999","-9999"
"1268","722.452831","722.452284068","722.451856766","3461923.8","-9999","218235.2","13.57","-1","0.59146134","0.469248527","0.719752637","0.569450171","3","0.305555556","1.916666667","N1 S1 O11","de-protonated","0","-9999","C36 H69 O11 N1 S1","36","69","11","1","-9999","1","-9999","-9999","-9999","-9999","-9999","-9999"
"1268","722.452831","722.452284068","722.452346023","3461923.8","-9999","218235.2","13.57","-1","-0.08575653","0.499333242","0.703327172","0.580930814","7","0.076923077","1.794871795","N3 S2 P1 O3","de-protonated","0","-9999","C39 H70 O3 N3 P1 S2","39","70","3","3","1","2","-9999","-9999","-9999","-9999","-9999","-9999"
"1269","724.427431","724.42688092","724.427236953","3540886.3","-9999","250700.2","13.91","-1","-0.491469178","0.478559537","0.644495114","0.544933768","26","0.019607843","1.078431373","N3 O1","de-protonated","0","-9999","C51 H55 O1 N3","51","55","1","3","-9999","-9999","-9999","-9999","-9999","-9999","-9999","-9999"
"1270","726.450653","726.450099694","726.450414015","3343956","-9999","213027.8","13.03","-1","-0.432680816","0.483300494","0.68763467","0.565034165","11","0.166666667","1.571428571","N1 P1 O7","de-protonated","0","-9999","C42 H66 O7 N1 P1","42","66","7","1","1","-9999","-9999","-9999","-9999","-9999","-9999","-9999"
"1270","726.450653","726.450099694","726.449629624","3343956","-9999","213027.8","13.03","-1","0.647077557","0.46342003","0.672627142","0.547102874","15","0.022222222","1.444444444","N3 S2 O1","de-protonated","0","-9999","C45 H65 O1 N3 S2","45","65","1","3","-9999","2","-9999","-9999","-9999","-9999","-9999","-9999"
"1270","726.450653","726.450099694","726.449762566","3343956","-9999","213027.8","13.03","-1","0.464075479","0.480837902","0.73113591","0.580957105","2","0.264705882","2.058823529","N3 S1 P1 O9","de-protonated","0","-9999","C34 H70 O9 N3 P1 S1","34","70","9","3","1","1","-9999","-9999","-9999","-9999","-9999","-9999"
"1271","728.447583","728.447026509","728.447303693","6491383","-9999","215631.9","26.92","-1","-0.380512556","0.324690061","0.582230334","0.42770617","24","0.038461538","1.134615385","N1 O2","de-protonated","0","-9999","C52 H59 O2 N1","52","59","2","1","-9999","-9999","-9999","-9999","-9999","-9999","-9999","-9999"
"1271","728.447583","728.447026509","728.446652244","6491383","-9999","215631.9","26.92","-1","0.51378551","0.476615498","0.677556332","0.556991831","15","0.090909091","1.431818182","N3 S1 O4","de-protonated","0","-9999","C44 H63 O4 N3 S1","44","63","4","3","-9999","1","-9999","-9999","-9999","-9999","-9999","-9999"
"1271","728.447583","728.447026509","728.447654566","6491383","-9999","215631.9","26.92","-1","-0.862184484","0.436909476","0.73113591","0.55460005","1","0.205882353","2.117647059","N3 S2 P1 O7","de-protonated","0","-9999","C34 H72 O7 N3 P1 S2","34","72","7","3","1","2","-9999","-9999","-9999","-9999","-9999","-9999"
"1271","728.447583","728.447026509","728.446785186","6491383","-9999","215631.9","26.92","-1","0.331285153","0.490141503","0.736963647","0.588870361","2","0.363636364","2.060606061","N3 P1 O12","de-protonated","0","-9999","C33 H68 O12 N3 P1","33","68","12","3","1","-9999","-9999","-9999","-9999","-9999","-9999","-9999"
"1272","730.444571","730.444011325","730.444544244","7688099","-9999","208066.3","32.2","-1","-0.729581115","0.302644825","0.630296418","0.433705462","14","0.045454545","1.477272727","N3 S2 O2","de-protonated","0","-9999","C44 H65 O2 N3 S2","44","65","2","3","-9999","2","-9999","-9999","-9999","-9999","-9999","-9999"
"1272","730.444571","730.444011325","730.443674864","7688099","-9999","208066.3","32.2","-1","0.460625968","0.320744188","0.63665507","0.447108541","15","0.162790698","1.418604651","N3 O7","de-protonated","0","-9999","C43 H61 O7 N3","43","61","7","3","-9999","-9999","-9999","-9999","-9999","-9999","-9999","-9999"
"1272","730.444571","730.444011325","730.444677186","7688099","-9999","208066.3","32.2","-1","-0.911582076","0.430018198","0.736963647","0.552796377","1","0.303030303","2.121212121","N3 S1 P1 O10","de-protonated","0","-9999","C33 H70 O10 N3 P1 S1","33","70","10","3","1","1","-9999","-9999","-9999","-9999","-9999","-9999"
"1273","732.441512","732.440949141","732.440718711","6625880","-9999","225231.2","27.49","-1","0.314606608","0.491100501","0.672627142","0.563711158","13","0.022222222","1.511111111","N1 S2 P1 O1","de-protonated","0","-9999","C45 H68 O1 N1 P1 S2","45","68","1","1","1","2","-9999","-9999","-9999","-9999","-9999","-9999"
"1273","732.441512","732.440949141","732.441566864","6625880","-9999","225231.2","27.49","-1","-0.843374417","0.439460221","0.6825583","0.536699452","14","0.11627907","1.465116279","N3 S1 O5","de-protonated","0","-9999","C43 H63 O5 N3 S1","43","63","5","3","-9999","1","-9999","-9999","-9999","-9999","-9999","-9999"
"1274","732.46764","732.4670771","732.466718984","4786812","-9999","209356.9","19.37","-1","0.488917504","0.478776813","0.672627142","0.556316945","13","0.111111111","1.488888889","N1 S1 O5","de-protonated","0","-9999","C45 H67 O5 N1 S1","45","67","5","1","-9999","1","-9999","-9999","-9999","-9999","-9999","-9999"
"1274","732.46764","732.4670771","732.466851925","4786812","-9999","209356.9","19.37","-1","0.30741878500000003","0.491499073","0.73113591","0.587353808","0","0.382352941","2.117647059","N1 P1 O13","de-protonated","0","-9999","C34 H72 O13 N1 P1","34","72","13","1","1","-9999","-9999","-9999","-9999","-9999","-9999","-9999"
"1275","734.438957","734.438390956","734.43774133","3620119.3","-9999","200697.6","14.2","-1","0.884521472","0.433827329","0.677556332","0.53131893","13","0.090909091","1.5","N1 S1 P1 O4","de-protonated","0","-9999","C44 H66 O4 N1 P1 S1","44","66","4","1","1","1","-9999","-9999","-9999","-9999","-9999","-9999"
"1275","734.438957","734.438390956","734.438589484","3620119.3","-9999","200697.6","14.2","-1","-0.270311529","0.493414675","0.68763467","0.571102673","14","0.19047619","1.452380952","N3 O8","de-protonated","0","-9999","C42 H61 O8 N3","42","61","8","3","-9999","-9999","-9999","-9999","-9999","-9999","-9999","-9999"
"1276","734.46461","734.464043915","734.46461098299994","10337594","-9999","196838.2","43.89","-1","-0.77208356","0.455382004","0.489169812","0.468897127","12","0.066666667","1.533333333","N1 S2 O3","de-protonated","0","-9999","C45 H69 O3 N1 S2","45","69","3","1","-9999","2","-9999","-9999","-9999","-9999","-9999","-9999"
"1276","734.46461","734.464043915","734.463741604","10337594","-9999","196838.2","43.89","-1","0.411608908","0.32324211","0.630296418","0.446063834","13","0.181818182","1.477272727","N1 O8","de-protonated","0","-9999","C44 H65 O8 N1","44","65","8","1","-9999","-9999","-9999","-9999","-9999","-9999","-9999","-9999"
"1277","736.461462","736.460892731","736.460406813","13357058","-9999","216858.3","57.22","-1","0.659802484","0.462023775","0.489169812","0.47288219","12","0.066666667","1.533333333","N1 S1 34S1 O3","de-protonated","1","1276","C45 H69 O3 N1 S1 34S1","45","69","3","1","-9999","1","-9999","-9999","-9999","-9999","-9999","1"
"1277","736.461462","736.460892731","736.461253481","13357058","-9999","216858.3","57.22","-1","-0.489841553","0.319132166","0.617818715","0.438606786","17","0.065217391","1.391304348","N3 P1 O3","de-protonated","0","-9999","C46 H64 O3 N3 P1","46","64","3","3","1","-9999","-9999","-9999","-9999","-9999","-9999","-9999"
"1277","736.461462","736.460892731","736.460982155","13357058","-9999","216858.3","57.22","-1","-0.121422813","0.249332097","0.644103005","0.40724046","3","0.222222222","1.972222222","N3 S2 O8","de-protonated","0","-9999","C36 H71 O8 N3 S2","36","71","8","3","-9999","2","-9999","-9999","-9999","-9999","-9999","-9999"
"1279","738.458582","738.458009547","738.458656223","9710291","-9999","208640.1","41.09","-1","-0.875710588","0.290033262","0.63665507","0.428681985","12","0.209302326","1.511627907","N1 O9","de-protonated","0","-9999","C43 H65 O9 N1","43","65","9","1","-9999","-9999","-9999","-9999","-9999","-9999","-9999","-9999"
"1279","738.458582","738.458009547","738.458004775","9710291","-9999","208640.1","41.09","-1","0.006462948","0.49999621","0.725399619","0.590157574","3","0.314285714","1.971428571","N3 S1 O11","de-protonated","0","-9999","C35 H69 O11 N3 S1","35","69","11","3","-9999","1","-9999","-9999","-9999","-9999","-9999","-9999"
"1280","738.714406","738.713833139","738.713354789","3375158","-9999","243191.5","13.09","-1","0.647545595","0.463369081","0.649019222","0.537629138","5","0.04","1.86","N1 O2","de-protonated","0","-9999","C50 H93 O2 N1","50","93","2","1","-9999","-9999","-9999","-9999","-9999","-9999","-9999","-9999"
"1281","740.455529","740.454953363","740.455027394","5811628.5","-9999","206065.9","23.85","-1","-0.099980858","0.499093926","0.73113591","0.59191072","3","0.411764706","1.970588235","N3 O14","de-protonated","0","-9999","C34 H67 O14 N3","34","67","14","3","-9999","-9999","-9999","-9999","-9999","-9999","-9999","-9999"
"1283","740.959834","740.959257559","740.959309976","13949035","-9999","210082.3","59.8","-1","-0.070741878","0.499546184","0.755017935","0.601734884","24","0.633333333","0.5","S1 P1 O19","de-protonated","0","-9999","C30 H15 O19 P1 S1","30","15","19","-9999","1","1","-9999","-9999","-9999","-9999","-9999","-9999"
"1283","740.959834","740.959257559","740.958658527","13949035","-9999","210082.3","59.8","-1","0.808455127","0.296055869","0.753335889","0.478967877","15","0.954545455","0.863636364","N2 S2 P1 O21","de-protonated","0","-9999","C22 H19 O21 N2 P1 S2","22","19","21","2","1","2","-9999","-9999","-9999","-9999","-9999","-9999"
"1284","741.958848","741.958269966","741.957930251","6151645.5","-9999","212217.6","25.34","-1","0.457862507","0.481337913","0.780512821","0.601007876","19","0.730769231","0.692307692","N1 S2 P1 O19","de-protonated","0","-9999","C26 H18 O19 N1 P1 S2","26","18","19","1","1","2","-9999","-9999","-9999","-9999","-9999","-9999"
"1284","741.958848","741.958269966","741.958778404","6151645.5","-9999","212217.6","25.34","-1","-0.685265094","0.459161467","0.793917021","0.593063688","20","0.958333333","0.541666667","N3 S1 O23","de-protonated","0","-9999","C24 H13 O23 N3 S1","24","13","23","3","-9999","1","-9999","-9999","-9999","-9999","-9999","-9999"
"1286","744.643453","744.642870685","744.642906245","4167819.5","-9999","210859.4","16.56","-1","-0.047754452","0.499793147","0.662980834","0.565068222","5","0.063829787","1.872340426","N1 P1 O3","de-protonated","0","-9999","C47 H88 O3 N1 P1","47","88","3","1","1","-9999","-9999","-9999","-9999","-9999","-9999","-9999"
"1287","748.995395","748.994805746","748.994907639","5076090","-9999","196967.1","18.81","-1","-0.13603886","0.498323819","0.698017357","0.578201234","34","0.3","0.375","S1 P1 O12","de-protonated","0","-9999","C40 H15 O12 P1 S1","40","15","12","-9999","1","1","-9999","-9999","-9999","-9999","-9999","-9999"
"1287","748.995395","748.994805746","748.99425619","5076090","-9999","196967.1","18.81","-1","0.733725609","0.453467955","0.742885034","0.569234787","25","0.4375","0.59375","N2 S2 P1 O14","de-protonated","0","-9999","C32 H19 O14 N2 P1 S2","32","19","14","2","1","2","-9999","-9999","-9999","-9999","-9999","-9999"
"1287","748.995395","748.994805746","748.995104343","5076090","-9999","196967.1","18.81","-1","-0.398663358","0.48578688","0.755017935","0.593479302","26","0.6","0.466666667","N4 S1 O18","de-protonated","0","-9999","C30 H14 O18 N4 S1","30","14","18","4","-9999","1","-9999","-9999","-9999","-9999","-9999","-9999"
"1289","755.151663","755.15106393","755.15101436","3414657","-9999","221867.1","12.05","-1","0.065642636","0.499609226","0.6825583","0.572788855","28","0.209302326","0.76744186","S1 P1 O9","de-protonated","0","-9999","C43 H33 O9 P1 S1","43","33","9","-9999","1","1","-9999","-9999","-9999","-9999","-9999","-9999"
"1289","755.151663","755.15106393","755.150362912","3414657","-9999","221867.1","12.05","-1","0.92831682","0.42762245","0.725399619","0.546733317","19","0.314285714","1.057142857","N2 S2 P1 O11","de-protonated","0","-9999","C35 H37 O11 N2 P1 S2","35","37","11","2","1","2","-9999","-9999","-9999","-9999","-9999","-9999"
"1289","755.151663","755.15106393","755.151211065","3414657","-9999","221867.1","12.05","-1","-0.19484096","0.496567667","0.736963647","0.592726059","20","0.454545455","0.96969697","N4 S1 O15","de-protonated","0","-9999","C33 H32 O15 N4 S1","33","32","15","4","-9999","1","-9999","-9999","-9999","-9999","-9999","-9999"
"1292","762.421429","762.420818339","762.420771112","11042456","-9999","212727.7","42.86","-1","0.061943261","0.249826007","0.631824613","0.40262545","5","0.210526316","1.842105263","N1 S2 P1 O8","de-protonated","0","-9999","C38 H70 O8 N1 P1 S2","38","70","8","1","1","2","-9999","-9999","-9999","-9999","-9999","-9999"
"1293","763.426067","763.425454737","763.424913741","5266457.5","-9999","219613.1","19.49","-1","0.708642818","0.456454566","0.672627142","0.542923596","14","0.177777778","1.422222222","S1 O8","de-protonated","0","-9999","C45 H64 O8 S1","45","64","8","-9999","-9999","1","-9999","-9999","-9999","-9999","-9999","-9999"
"1293","763.426067","763.425454737","763.425916063","5266457.5","-9999","219613.1","19.49","-1","-0.604283936","0.467944858","0.725399619","0.570926762","0","0.314285714","2.085714286","S2 P1 O11","de-protonated","0","-9999","C35 H73 O11 P1 S2","35","73","11","-9999","1","2","-9999","-9999","-9999","-9999","-9999","-9999"
"1293","763.426067","763.425454737","763.425046683","5266457.5","-9999","219613.1","19.49","-1","0.534504146","0.474740896","0.73113591","0.577298902","1","0.470588235","2.029411765","P1 O16","de-protonated","0","-9999","C34 H69 O16 P1","34","69","16","-9999","1","-9999","-9999","-9999","-9999","-9999","-9999","-9999"
"1294","764.418733","764.418119154","764.41766079","3879303.5","-9999","235283.6","13.88","-1","0.599625138","0.46842133","0.658260696","0.544357076","18","0.0625","1.3125","N1 S2 O3","de-protonated","0","-9999","C48 H63 O3 N1 S2","48","63","3","1","-9999","2","-9999","-9999","-9999","-9999","-9999","-9999"
"1294","764.418733","764.418119154","764.417793732","3879303.5","-9999","235283.6","13.88","-1","0.425712638","0.483825317","0.714192896","0.575972349","5","0.297297297","1.837837838","N1 S1 P1 O11","de-protonated","0","-9999","C37 H68 O11 N1 P1 S1","37","68","11","1","1","1","-9999","-9999","-9999","-9999","-9999","-9999"
"1294","764.418733","764.418119154","764.418641885","3879303.5","-9999","235283.6","13.88","-1","-0.683827979","0.45932542","0.725399619","0.5657551","6","0.428571429","1.8","N3 O15","de-protonated","0","-9999","C35 H63 O15 N3","35","63","15","3","-9999","-9999","-9999","-9999","-9999","-9999","-9999","-9999"
"1296","768.679209","768.678588361","768.679291755","8976556","-9999","210957","34.47","-1","-0.915068132","0.286347752","0.59379359","0.409326088","6","0.04","1.84","N1 P1 O2","de-protonated","0","-9999","C50 H92 O2 N1 P1","50","92","2","1","1","-9999","-9999","-9999","-9999","-9999","-9999","-9999"
"1297","770.659695","770.659071203","770.65855631","6915922.5","-9999","166450.3","26.12","-1","0.66812094","0.307399102","0.599686074","0.424313891","6","0.06122449","1.836734694","N1 P1 O3","de-protonated","0","-9999","C49 H90 O3 N1 P1","49","90","3","1","1","-9999","-9999","-9999","-9999","-9999","-9999","-9999"
"1299","771.679821","771.679195576","771.678957402","3944647","-9999","154347.2","14.1","-1","0.308644269","0.491431747","0.649019222","0.554466737","5","0.06","1.86","P1 O3","de-protonated","0","-9999","C50 H93 O3 P1","50","93","3","-9999","1","-9999","-9999","-9999","-9999","-9999","-9999","-9999"
"1300","772.656697","772.656070019","772.65644831","5068283","-9999","163576.6","18.64","-1","-0.489597652","0.478718999","0.653607294","0.548674317","5","0.020408163","1.87755102","N1 S1 P1 O1","de-protonated","0","-9999","C49 H92 O1 N1 P1 S1","49","92","1","1","1","1","-9999","-9999","-9999","-9999","-9999","-9999"
"1301","772.674215","772.673587991","772.674206374","19023378","-9999","175656.8","75.09","-1","-0.800315903","0.629543278","0.810408419","0.701889335","5","0.06122449","1.87755102","N1 P1 O3","de-protonated","0","-9999","C49 H92 O3 N1 P1","49","92","3","1","1","-9999","-9999","-9999","-9999","-9999","-9999","-9999"
"1302","773.172727","773.172099196","773.172323176","5443768","-9999","230353.7","20.16","-1","-0.289689771","0.492444072","0.703327172","0.576797312","23","0.435897436","0.871794872","O17","de-protonated","0","-9999","C39 H34 O17","39","34","17","-9999","-9999","-9999","-9999","-9999","-9999","-9999","-9999","-9999"
"1302","773.172727","773.172099196","773.172679492","5443768","-9999","230353.7","20.16","-1","-0.750538332","0.300946206","0.576557625","0.411190774","40","0.018867925","0.566037736","N2 S2 O1","de-protonated","0","-9999","C53 H30 O1 N2 S2","53","30","1","2","-9999","2","-9999","-9999","-9999","-9999","-9999","-9999"
"1302","773.172727","773.172099196","773.172812434","5443768","-9999","230353.7","20.16","-1","-0.922481302","0.428461288","0.68763467","0.532130641","27","0.214285714","0.833333333","N2 S1 P1 O9","de-protonated","0","-9999","C42 H35 O9 N2 P1 S1","42","35","9","2","1","1","-9999","-9999","-9999","-9999","-9999","-9999"
"1302","773.172727","773.172099196","773.171671728","5443768","-9999","230353.7","20.16","-1","0.552876654","0.473023092","0.748902347","0.583374794","14","0.612903226","1.225806452","N2 S1 O19","de-protonated","0","-9999","C31 H38 O19 N2 S1","31","38","19","2","-9999","1","-9999","-9999","-9999","-9999","-9999","-9999"
"1302","773.172727","773.172099196","773.172160985","5443768","-9999","230353.7","20.16","-1","-0.079915944","0.499420919","0.73113591","0.592106916","18","0.323529412","1.147058824","N4 S2 P1 O11","de-protonated","0","-9999","C34 H39 O11 N4 P1 S2","34","39","11","4","1","2","-9999","-9999","-9999","-9999","-9999","-9999"
"1303","773.678116","773.67748739","773.676849402","5078885.5","-9999","200213.6","18.68","-1","0.824618605","0.441961929","0.649019222","0.524784846","4","0.02","1.9","S1 P1 O1","de-protonated","0","-9999","C50 H95 O1 P1 S1","50","95","1","-9999","1","1","-9999","-9999","-9999","-9999","-9999","-9999"
"1303","773.678116","773.67748739","773.677561209","5078885.5","-9999","200213.6","18.68","-1","-0.095413425","0.665566337","0.810408419","0.72350317","5","0.06122449","1.87755102","13C1 N1 P1 O3","de-protonated","1","1301","C48 H92 O3 N1 P1 13C1","48","92","3","1","1","-9999","1","-9999","-9999","-9999","-9999","-9999"
"1303","773.678116","773.67748739","773.677697555","5078885.5","-9999","200213.6","18.68","-1","-0.271643925","0.493350031","0.658260696","0.559314297","5","0.104166667","1.875","N2 O5","de-protonated","0","-9999","C48 H90 O5 N2","48","90","5","2","-9999","-9999","-9999","-9999","-9999","-9999","-9999","-9999"
"1305","775.16976","775.169129012","775.169702112","7353153.5","-9999","215704.5","27.87","-1","-0.739321742","0.301860125","0.582230334","0.414008209","40","0.076923077","0.538461538","N2 S1 O4","de-protonated","0","-9999","C52 H28 O4 N2 S1","52","28","4","2","-9999","1","-9999","-9999","-9999","-9999","-9999","-9999"
"1305","775.16976","775.169129012","775.169835053","7353153.5","-9999","215704.5","27.87","-1","-0.910821748","0.430126326","0.692787115","0.535190642","27","0.292682927","0.804878049","N2 P1 O12","de-protonated","0","-9999","C41 H33 O12 N2 P1","41","33","12","2","1","-9999","-9999","-9999","-9999","-9999","-9999","-9999"
"1305","775.16976","775.169129012","775.169563727","7353153.5","-9999","215704.5","27.87","-1","-0.560800378","0.472266299","0.748902347","0.582920718","13","0.548387097","1.290322581","N2 S2 O17","de-protonated","0","-9999","C31 H40 O17 N2 S2","31","40","17","2","-9999","2","-9999","-9999","-9999","-9999","-9999","-9999"
"1305","775.16976","775.169129012","775.168694347","7353153.5","-9999","215704.5","27.87","-1","0.560735346","0.472272549","0.755017935","0.585370703","14","0.733333333","1.2","N2 O22","de-protonated","0","-9999","C30 H36 O22 N2","30","36","22","2","-9999","-9999","-9999","-9999","-9999","-9999","-9999","-9999"
"1305","775.16976","775.169129012","775.169050663","7353153.5","-9999","215704.5","27.87","-1","0.101073264","0.332716024","0.630296418","0.451748182","31","0.136363636","0.727272727","N4 S2 O6","de-protonated","0","-9999","C44 H32 O6 N4 S2","44","32","6","4","-9999","2","-9999","-9999","-9999","-9999","-9999","-9999"
"1305","775.16976","775.169129012","775.169183605","7353153.5","-9999","215704.5","27.87","-1","-0.070427031","0.499550213","0.736963647","0.594515587","18","0.424242424","1.121212121","N4 S1 P1 O14","de-protonated","0","-9999","C33 H37 O14 N4 P1 S1","33","37","14","4","1","1","-9999","-9999","-9999","-9999","-9999","-9999"
"1306","776.669236","776.668602621","776.669120994","4008729.8","-9999","189420.7","14.33","-1","-0.667430952","0.461175759","0.658260696","0.540009734","4","0.083333333","1.916666667","N1 P1 O4","de-protonated","0","-9999","C48 H92 O4 N1 P1","48","92","4","1","1","-9999","-9999","-9999","-9999","-9999","-9999","-9999"
"1307","780.410261","780.409621656","780.409204106","4456034.5","-9999","198389.7","15.29","-1","0.535039315","0.474691593","0.644495114","0.542613001","23","0.078431373","1.156862745","N1 S1 O4","de-protonated","0","-9999","C51 H59 O4 N1 S1","51","59","4","1","-9999","1","-9999","-9999","-9999","-9999","-9999","-9999"
"1307","780.410261","780.409621656","780.410206428","4456034.5","-9999","198389.7","15.29","-1","-0.749313616","0.451569793","0.692787115","0.548056722","9","0.170731707","1.658536585","N1 S2 P1 O7","de-protonated","0","-9999","C41 H68 O7 N1 P1 S2","41","68","7","1","1","2","-9999","-9999","-9999","-9999","-9999","-9999"
"1307","780.410261","780.409621656","780.409337048","4456034.5","-9999","198389.7","15.29","-1","0.364690506","0.488078169","0.698017357","0.572053844","10","0.3","1.6","N1 P1 O12","de-protonated","0","-9999","C40 H64 O12 N1 P1","40","64","12","1","1","-9999","-9999","-9999","-9999","-9999","-9999","-9999"
"1308","782.407069","782.406426472","782.407096106","4114047","-9999","170429.3","13.96","-1","-0.855863898","0.437771196","0.644495114","0.520460763","22","0.039215686","1.196078431","N1 S2 O2","de-protonated","0","-9999","C51 H61 O2 N1 S2","51","61","2","1","-9999","2","-9999","-9999","-9999","-9999","-9999","-9999"
"1308","782.407069","782.406426472","782.406226726","4114047","-9999","170429.3","13.96","-1","0.255296899","0.494121732","0.649019222","0.556080728","23","0.14","1.14","N1 O7","de-protonated","0","-9999","C50 H57 O7 N1","50","57","7","1","-9999","-9999","-9999","-9999","-9999","-9999","-9999","-9999"
"1308","782.407069","782.406426472","782.406577599","4114047","-9999","170429.3","13.96","-1","-0.193156654","0.496626552","0.742885034","0.595129945","0","0.375","2.1875","N3 S2 P1 O12","de-protonated","0","-9999","C32 H70 O12 N3 P1 S2","32","70","12","3","1","2","-9999","-9999","-9999","-9999","-9999","-9999"
"1308","782.407069","782.406426472","782.405708219","4114047","-9999","170429.3","13.96","-1","0.918005615","0.429102177","0.748902347","0.557022245","1","0.548387097","2.129032258","N3 P1 O17","de-protonated","0","-9999","C31 H66 O17 N3 P1","31","66","17","3","1","-9999","-9999","-9999","-9999","-9999","-9999","-9999"
"1309","786.405541","786.404892097","786.404512649","5528654","-9999","221396.7","19.37","-1","0.482509318","0.479317913","0.667769153","0.554698409","17","0.173913043","1.326086957","N1 S1 O8","de-protonated","0","-9999","C46 H61 O8 N1 S1","46","61","8","1","-9999","1","-9999","-9999","-9999","-9999","-9999","-9999"
"1309","786.405541","786.404892097","786.405514971","5528654","-9999","221396.7","19.37","-1","-0.792052043","0.446204297","0.719752637","0.555623633","3","0.305555556","1.944444444","N1 S2 P1 O11","de-protonated","0","-9999","C36 H70 O11 N1 P1 S2","36","70","11","1","1","2","-9999","-9999","-9999","-9999","-9999","-9999"
"1309","786.405541","786.404892097","786.404645591","5528654","-9999","221396.7","19.37","-1","0.313459205","0.491164722","0.725399619","0.584858681","4","0.457142857","1.885714286","N1 P1 O16","de-protonated","0","-9999","C35 H66 O16 N1 P1","35","66","16","1","1","-9999","-9999","-9999","-9999","-9999","-9999","-9999"
"1309","786.405541","786.404892097","786.404132527","5528654","-9999","221396.7","19.37","-1","0.965877459","0.422137514","0.658260696","0.516586787","22","0.104166667","1.208333333","N3 P1 O5","de-protonated","0","-9999","C48 H58 O5 N3 P1","48","58","5","3","1","-9999","-9999","-9999","-9999","-9999","-9999","-9999"
"1310","788.40177","788.401117914","788.401535269","7288309","-9999","193229.9","26.11","-1","-0.529368952","0.316807824","0.62401797","0.439691882","17","0.244444444","1.311111111","N1 O11","de-protonated","0","-9999","C45 H59 O11 N1","45","59","11","1","-9999","-9999","-9999","-9999","-9999","-9999","-9999","-9999"
"1310","788.40177","788.401117914","788.40088382","7288309","-9999","193229.9","26.11","-1","0.29692177","0.492065148","0.714192896","0.580916247","8","0.351351351","1.702702703","N3 S1 O13","de-protonated","0","-9999","C37 H63 O13 N3 S1","37","63","13","3","-9999","1","-9999","-9999","-9999","-9999","-9999","-9999"
"1312","788.97143","788.970777005","788.970923488","189094064","-9999","218257.7","723.39","-1","-0.185662414","0.164005728","0.627476831","0.349394169","23","0.677419355","0.580645161","S2 O21","de-protonated","0","-9999","C31 H18 O21 S2","31","18","21","-9999","-9999","2","-9999","-9999","-9999","-9999","-9999","-9999"
"1312","788.97143","788.970777005","788.970543365","189094064","-9999","218257.7","723.39","-1","0.296133075","0.180210235","0.646021699","0.366534821","28","0.545454545","0.454545455","N2 S1 P1 O18","de-protonated","0","-9999","C33 H15 O18 N2 P1 S1","33","15","18","2","1","1","-9999","-9999","-9999","-9999","-9999","-9999"
"1312","788.97143","788.970777005","788.971391518","189094064","-9999","218257.7","723.39","-1","-0.778878554","0.193161445","0.679670233","0.38776496","29","0.709677419","0.322580645","N4 O22","de-protonated","0","-9999","C31 H10 O22 N4","31","10","22","4","-9999","-9999","-9999","-9999","-9999","-9999","-9999","-9999"
"1313","789.975496","789.974841404","789.975140625","26271090","-9999","202672.6","98.91","-1","-0.378771591","0.162383975","0.627476831","0.348421117","23","0.677419355","0.580645161","S2 O20 17O1","de-protonated","1","1312","C31 H18 O20 S2 17O1","31","18","20","-9999","-9999","2","-9999","-9999","1","-9999","-9999","-9999"
"1313","789.975496","789.974841404","789.975555374","26271090","-9999","202672.6","98.91","-1","-0.903787371","0.172449483","0.599329098","0.343201329","36","0.317073171","0.317073171","N1 S2 O13","de-protonated","0","-9999","C41 H13 O13 N1 S2","41","13","13","1","-9999","2","-9999","-9999","-9999","-9999","-9999","-9999"
"1313","789.975496","789.974841404","789.974760502","26271090","-9999","202672.6","98.91","-1","0.102411347","0.181472502","0.646021699","0.367292181","28","0.545454545","0.454545455","N2 S1 P1 O17 17O1","de-protonated","1","1312","C33 H15 O17 N2 P1 S1 17O1","33","15","17","2","1","1","-9999","-9999","1","-9999","-9999","-9999"
"1313","789.975496","789.974841404","789.975608655","26271090","-9999","202672.6","98.91","-1","-0.971233519","0.187263801","0.679670233","0.384226374","29","0.709677419","0.322580645","N4 O21 17O1","de-protonated","1","1312","C31 H10 O21 N4 17O1","31","10","21","4","-9999","-9999","-9999","-9999","1","-9999","-9999","-9999"
"1314","790.399804","790.399148728","790.399427269","5837682.5","-9999","192688.8","20.54","-1","-0.352405167","0.488858995","0.672627142","0.562366254","16","0.2","1.355555556","N1 S1 O9","de-protonated","0","-9999","C45 H61 O9 N1 S1","45","61","9","1","-9999","1","-9999","-9999","-9999","-9999","-9999","-9999"
"1314","790.399804","790.399148728","790.39956021","5837682.5","-9999","192688.8","20.54","-1","-0.52060071","0.476006234","0.73113591","0.578058104","3","0.5","1.941176471","N1 P1 O17","de-protonated","0","-9999","C34 H66 O17 N1 P1","34","66","17","1","1","-9999","-9999","-9999","-9999","-9999","-9999","-9999"
"1314","790.399804","790.399148728","790.399916526","5837682.5","-9999","192688.8","20.54","-1","-0.971404697","0.421318131","0.658260696","0.516095157","20","0.020833333","1.291666667","N3 S2 P1 O1","de-protonated","0","-9999","C48 H62 O1 N3 P1 S2","48","62","1","3","1","2","-9999","-9999","-9999","-9999","-9999","-9999"
"1314","790.399804","790.399148728","790.399047146","5837682.5","-9999","192688.8","20.54","-1","0.128519485","0.498503726","0.662980834","0.564294569","21","0.127659574","1.234042553","N3 P1 O6","de-protonated","0","-9999","C47 H58 O6 N3 P1","47","58","6","3","1","-9999","-9999","-9999","-9999","-9999","-9999","-9999"
"1314","790.399804","790.399148728","790.39877582","5837682.5","-9999","192688.8","20.54","-1","0.471797085","0.480207827","0.714192896","0.573801855","7","0.297297297","1.756756757","N3 S2 O11","de-protonated","0","-9999","C37 H65 O11 N3 S2","37","65","11","3","-9999","2","-9999","-9999","-9999","-9999","-9999","-9999"
"1315","790.42514","790.424484687","790.425068646","5984145","-9999","198430.1","21.1","-1","-0.738790649","0.301903125","0.59379359","0.418659311","19","0.02","1.32","N1 S2 P1 O1","de-protonated","0","-9999","C50 H66 O1 N1 P1 S2","50","66","1","1","1","2","-9999","-9999","-9999","-9999","-9999","-9999"
"1315","790.42514","790.424484687","790.424199266","5984145","-9999","198430.1","21.1","-1","0.361098788","0.325539391","0.599686074","0.435198064","20","0.12244898","1.265306122","N1 P1 O6","de-protonated","0","-9999","C49 H62 O6 N1 P1","49","62","6","1","1","-9999","-9999","-9999","-9999","-9999","-9999","-9999"
"1315","790.42514","790.424484687","790.42392794","5984145","-9999","198430.1","21.1","-1","0.704365545","0.456955409","0.703327172","0.555504114","6","0.282051282","1.769230769","N1 S2 O11","de-protonated","0","-9999","C39 H69 O11 N1 S2","39","69","11","1","-9999","2","-9999","-9999","-9999","-9999","-9999","-9999"
"1316","792.422454","792.421795503","792.421088944","11294943","-9999","183019.5","41.46","-1","0.89164515","0.288554982","0.543986559","0.390727613","33","0.016949153","0.93220339","N1 O1","de-protonated","0","-9999","C59 H55 O1 N1","59","55","1","1","-9999","-9999","-9999","-9999","-9999","-9999","-9999","-9999"
"1316","792.422454","792.421795503","792.422091266","11294943","-9999","183019.5","41.46","-1","-0.373239442","0.325013199","0.599686074","0.434882349","19","0.081632653","1.306122449","N1 S1 P1 O4","de-protonated","0","-9999","C49 H64 O4 N1 P1 S1","49","64","4","1","1","1","-9999","-9999","-9999","-9999","-9999","-9999"
"1316","792.422454","792.421795503","792.421439817","11294943","-9999","183019.5","41.46","-1","0.448859007","0.24102572","0.613929491","0.390187228","10","0.146341463","1.658536585","N3 S2 P1 O6","de-protonated","0","-9999","C41 H68 O6 N3 P1 S2","41","68","6","3","1","2","-9999","-9999","-9999","-9999","-9999","-9999"
"1317","794.418896","794.418234319","794.41884256","15270395","-9999","192275.9","56.7","-1","-0.765641656","0.224773764","0.631824613","0.387594103","5","0.315789474","1.815789474","N1 S2 O12","de-protonated","0","-9999","C38 H69 O12 N1 S2","38","69","12","1","-9999","2","-9999","-9999","-9999","-9999","-9999","-9999"
"1317","794.418896","794.418234319","794.41797318","15270395","-9999","192275.9","56.7","-1","0.328718283","0.326861464","0.676548509","0.466736282","6","0.459459459","1.756756757","N1 O17","de-protonated","0","-9999","C37 H65 O17 N1","37","65","17","1","-9999","-9999","-9999","-9999","-9999","-9999","-9999","-9999"
"1317","794.418896","794.418234319","794.418329495","15270395","-9999","192275.9","56.7","-1","-0.119805781","0.249349745","0.558585972","0.373044235","23","0.019607843","1.196078431","N3 S2 O1","de-protonated","0","-9999","C51 H61 O1 N3 S2","51","61","1","3","-9999","2","-9999","-9999","-9999","-9999","-9999","-9999"
"1317","794.418896","794.418234319","794.417460115","15270395","-9999","192275.9","56.7","-1","0.974555572","0.280566436","0.59379359","0.405857298","24","0.12","1.14","N3 O6","de-protonated","0","-9999","C50 H57 O6 N3","50","57","6","3","-9999","-9999","-9999","-9999","-9999","-9999","-9999","-9999"
"1317","794.418896","794.418234319","794.418462437","15270395","-9999","192275.9","56.7","-1","-0.287150474","0.328383314","0.656222442","0.459518966","10","0.225","1.65","N3 S1 P1 O9","de-protonated","0","-9999","C40 H66 O9 N3 P1 S1","40","66","9","3","1","1","-9999","-9999","-9999","-9999","-9999","-9999"
"1318","794.946471","794.945808478","794.946243368","3960922.3","-9999","183976.2","13.32","-1","-0.547068497","0.473571744","0.698017357","0.563349989","35","0.325","0.325","S2 P1 O13","de-protonated","0","-9999","C40 H13 O13 P1 S2","40","13","13","-9999","1","2","-9999","-9999","-9999","-9999","-9999","-9999"
"1318","794.946471","794.945808478","794.945102662","3960922.3","-9999","183976.2","13.32","-1","0.887880158","0.433358982","0.761234226","0.56450908","22","0.793103448","0.551724138","S2 O23","de-protonated","0","-9999","C29 H16 O23 S2","29","16","23","-9999","-9999","2","-9999","-9999","-9999","-9999","-9999","-9999"
"1318","794.946471","794.945808478","794.946440073","3960922.3","-9999","183976.2","13.32","-1","-0.794512063","0.445888411","0.755017935","0.56954022","27","0.633333333","0.4","N4 S2 O19","de-protonated","0","-9999","C30 H12 O19 N4 S2","30","12","19","4","-9999","2","-9999","-9999","-9999","-9999","-9999","-9999"
"1319","796.41661","796.415945134","796.416003564","11926244","-9999","186004.2","43.86","-1","-0.073365873","0.33300794","0.549245293","0.419502881","32","0.034482759","0.948275862","N1 O2","de-protonated","0","-9999","C58 H55 O2 N1","58","55","2","1","-9999","-9999","-9999","-9999","-9999","-9999","-9999","-9999"
"1319","796.41661","796.415945134","796.415865179","11926244","-9999","186004.2","43.86","-1","0.100393122","0.332724297","0.676548509","0.470253982","5","0.405405405","1.810810811","N1 S1 O15","de-protonated","0","-9999","C37 H67 O15 N1 S1","37","67","15","1","-9999","1","-9999","-9999","-9999","-9999","-9999","-9999"
"1319","796.41661","796.415945134","796.415352115","11926244","-9999","186004.2","43.86","-1","0.744610112","0.301430602","0.59379359","0.418375798","23","0.08","1.18","N3 S1 O4","de-protonated","0","-9999","C50 H59 O4 N3 S1","50","59","4","3","-9999","1","-9999","-9999","-9999","-9999","-9999","-9999"
"1319","796.41661","796.415945134","796.416354437","11926244","-9999","186004.2","43.86","-1","-0.513930525","0.45749695","0.626504313","0.525099895","9","0.175","1.7","N3 S2 P1 O7","de-protonated","0","-9999","C40 H68 O7 N3 P1 S2","40","68","7","3","1","2","-9999","-9999","-9999","-9999","-9999","-9999"
"1319","796.41661","796.415945134","796.415485057","11926244","-9999","186004.2","43.86","-1","0.577684894","0.313747952","0.662912124","0.453413621","10","0.307692308","1.641025641","N3 P1 O12","de-protonated","0","-9999","C39 H64 O12 N3 P1","39","64","12","3","1","-9999","-9999","-9999","-9999","-9999","-9999","-9999"
"1320","798.413498","798.41282995","798.412887799","8958871","-9999","210761.5","32.47","-1","-0.072455213","0.499523946","0.719752637","0.587615422","5","0.5","1.805555556","N1 O18","de-protonated","0","-9999","C36 H65 O18 N1","36","65","18","1","-9999","-9999","-9999","-9999","-9999","-9999","-9999","-9999"
"1320","798.413498","798.41282995","798.413244115","8958871","-9999","210761.5","32.47","-1","-0.518734876","0.31744917","0.59379359","0.427986938","22","0.04","1.22","N3 S2 O2","de-protonated","0","-9999","C50 H61 O2 N3 S2","50","61","2","3","-9999","2","-9999","-9999","-9999","-9999","-9999","-9999"
"1320","798.413498","798.41282995","798.412374735","8958871","-9999","210761.5","32.47","-1","0.570150324","0.314240688","0.599686074","0.428418842","23","0.142857143","1.163265306","N3 O7","de-protonated","0","-9999","C49 H57 O7 N3","49","57","7","3","-9999","-9999","-9999","-9999","-9999","-9999","-9999","-9999"
"1320","798.413498","798.41282995","798.412150266","8958871","-9999","210761.5","32.47","-1","0.851294315","0.438391291","0.626504313","0.5136365","9","0.175","1.7","N3 S1 34S1 P1 O7","de-protonated","1","1319","C40 H68 O7 N3 P1 S1 34S1","40","68","7","3","1","1","-9999","-9999","-9999","-9999","-9999","1"
"1320","798.413498","798.41282995","798.413377057","8958871","-9999","210761.5","32.47","-1","-0.685242183","0.459164083","0.703327172","0.556829318","9","0.256410256","1.692307692","N3 S1 P1 O10","de-protonated","0","-9999","C39 H66 O10 N3 P1 S1","39","66","10","3","1","1","-9999","-9999","-9999","-9999","-9999","-9999"
"1323","800.705083","800.704411296","800.703852733","4135245.5","-9999","191781.6","13.96","-1","0.697590268","0.457743658","0.635633513","0.5288996","10","0.037735849","1.716981132","N3 O2","de-protonated","0","-9999","C53 H91 O2 N3","53","91","2","3","-9999","-9999","-9999","-9999","-9999","-9999","-9999","-9999"
"1324","800.92544","800.924767945","800.92542639","15187513","-9999","198046.7","56.35","-1","-0.822105227","0.442293962","0.755017935","0.567383551","26","0.833333333","0.366666667","P1 O25","de-protonated","0","-9999","C30 H11 O25 P1","30","11","25","-9999","1","-9999","-9999","-9999","-9999","-9999","-9999","-9999"
"1324","800.92544","800.924767945","800.924641999","15187513","-9999","198046.7","56.35","-1","0.157250038","0.480902651","0.722388631","0.577497043","30","0.575757576","0.303030303","N2 S2 O19","de-protonated","0","-9999","C33 H10 O19 N2 S2","33","10","19","2","-9999","2","-9999","-9999","-9999","-9999","-9999","-9999"
"1325","801.925159","801.924485351","801.924046665","7492185.5","-9999","215582.8","26.83","-1","0.547041168","0.473574314","0.780512821","0.596349716","21","0.961538462","0.538461538","N1 S1 P1 O25","de-protonated","0","-9999","C26 H14 O25 N1 P1 S1","26","14","25","1","1","1","-9999","-9999","-9999","-9999","-9999","-9999"
"1327","802.921628","802.920952762","802.920816466","4288104","-9999","213836.7","14.54","-1","0.169750072","0.497392592","0.73113591","0.59088992","29","0.529411765","0.382352941","S2 P1 O18","de-protonated","0","-9999","C34 H13 O18 P1 S2","34","13","18","-9999","1","2","-9999","-9999","-9999","-9999","-9999","-9999"
"1327","802.921628","802.920952762","802.920437829","4288104","-9999","213836.7","14.54","-1","0.641324996","0.464043669","0.722388631","0.567381654","30","0.575757576","0.303030303","N2 S1 34S1 O19","de-protonated","1","1324","C33 H10 O19 N2 S1 34S1","33","10","19","2","-9999","1","-9999","-9999","-9999","-9999","-9999","1"
"1328","808.961905","808.961220131","808.961893433","4543910.5","-9999","181403.1","15.5","-1","-0.832303545","0.440941978","0.692787115","0.541680033","35","0.317073171","0.365853659","S2 P1 O13","de-protonated","0","-9999","C41 H15 O13 P1 S2","41","15","13","-9999","1","2","-9999","-9999","-9999","-9999","-9999","-9999"
"1328","808.961905","808.961220131","808.960752727","4543910.5","-9999","181403.1","15.5","-1","0.577783504","0.470612199","0.755017935","0.584374493","22","0.766666667","0.6","S2 O23","de-protonated","0","-9999","C30 H18 O23 S2","30","18","23","-9999","-9999","2","-9999","-9999","-9999","-9999","-9999","-9999"
"1328","808.961905","808.961220131","808.961220757","4543910.5","-9999","181403.1","15.5","-1","-7.74415e-4","0.499999946","0.755017935","0.602007141","28","0.8","0.333333333","N4 O24","de-protonated","0","-9999","C30 H10 O24 N4","30","10","24","4","-9999","-9999","-9999","-9999","-9999","-9999","-9999","-9999"
"1329","814.626332","814.625638099","814.625602411","6674735","-9999","182609.9","23.55","-1","0.043809508","0.33321727","0.565425266","0.426100469","17","0.036363636","1.472727273","N3 O2","de-protonated","0","-9999","C55 H81 O2 N3","55","81","2","3","-9999","-9999","-9999","-9999","-9999","-9999","-9999","-9999"
"1330","814.850982","814.850287741","814.849788694","3881449","-9999","226020.8","12.88","-1","0.612440825","0.467102931","0.631293472","0.532779147","2","0.018518519","2.018518519","N3 O1","de-protonated","0","-9999","C54 H109 O1 N3","54","109","1","3","-9999","-9999","-9999","-9999","-9999","-9999","-9999","-9999"
"1331","815.040871","815.040176438","815.040717126","4167301.8","-9999","205219.2","13.98","-1","-0.66338775","0.461626241","0.73113591","0.569430108","23","0.647058824","0.705882353","S1 O22","de-protonated","0","-9999","C34 H24 O22 S1","34","24","22","-9999","-9999","1","-9999","-9999","-9999","-9999","-9999","-9999"
"1331","815.040871","815.040176438","815.040337004","4167301.8","-9999","205219.2","13.98","-1","-0.197003142","0.496491335","0.719752637","0.585795856","28","0.527777778","0.583333333","N2 P1 O19","de-protonated","0","-9999","C36 H21 O19 N2 P1","36","21","19","2","1","-9999","-9999","-9999","-9999","-9999","-9999","-9999"
"1331","815.040871","815.040176438","815.040065677","4167301.8","-9999","205219.2","13.98","-1","0.13589596","0.498327333","0.780512821","0.611201528","14","0.923076923","1.076923077","N2 S2 O24","de-protonated","0","-9999","C26 H28 O24 N2 S2","26","28","24","2","-9999","2","-9999","-9999","-9999","-9999","-9999","-9999"
"1331","815.040871","815.040176438","815.039552613","4167301.8","-9999","205219.2","13.98","-1","0.765392183","0.449578684","0.703327172","0.551078079","32","0.333333333","0.512820513","N4 S2 O13","de-protonated","0","-9999","C39 H20 O13 N4 S2","39","20","13","4","-9999","2","-9999","-9999","-9999","-9999","-9999","-9999"
"1331","815.040871","815.040176438","815.039685555","4167301.8","-9999","205219.2","13.98","-1","0.602281313","0.468150066","0.767553728","0.587911531","19","0.75","0.892857143","N4 S1 P1 O21","de-protonated","0","-9999","C28 H25 O21 N4 P1 S1","28","25","21","4","1","1","-9999","-9999","-9999","-9999","-9999","-9999"
"1332","815.075241","815.074546383","815.074872038","166707872","-9999","214977.6","634.84","-1","-0.399539848","0.161908405","0.579564161","0.328970708","40","0.224489796","0.428571429","P1 O11","de-protonated","0","-9999","C49 H21 O11 P1","49","21","11","-9999","1","-9999","-9999","-9999","-9999","-9999","-9999","-9999"
"1332","815.075241","815.074546383","815.074600712","166707872","-9999","214977.6","634.84","-1","-0.066654917","0.232670048","0.648637544","0.399057046","26","0.41025641","0.717948718","S2 O16","de-protonated","0","-9999","C39 H28 O16 S2","39","28","16","-9999","-9999","2","-9999","-9999","-9999","-9999","-9999","-9999"
"1332","815.075241","815.074546383","815.073731332","166707872","-9999","214977.6","634.84","-1","0.999972283","0.398555352","0.667846654","0.506271873","27","0.552631579","0.631578947","O21","de-protonated","0","-9999","C38 H24 O21","38","24","21","-9999","-9999","-9999","-9999","-9999","-9999","-9999","-9999","-9999"
"1332","815.075241","815.074546383","815.074733654","166707872","-9999","214977.6","634.84","-1","-0.229758637","0.41368075","0.756676973","0.550879239","13","0.857142857","1.178571429","S1 P1 O24","de-protonated","0","-9999","C28 H33 O24 P1 S1","28","33","24","-9999","1","1","-9999","-9999","-9999","-9999","-9999","-9999"
"1332","815.075241","815.074546383","815.07422059","166707872","-9999","214977.6","634.84","-1","0.399710581","0.336816133","0.620207268","0.450172587","31","0.317073171","0.609756098","N2 S1 P1 O13","de-protonated","0","-9999","C41 H25 O13 N2 P1 S1","41","25","13","2","1","1","-9999","-9999","-9999","-9999","-9999","-9999"
"1332","815.075241","815.074546383","815.075068743","166707872","-9999","214977.6","634.84","-1","-0.640872725","0.103131667","0.626181012","0.312351405","32","0.435897436","0.512820513","N4 O17","de-protonated","0","-9999","C39 H20 O17 N4","39","20","17","4","-9999","-9999","-9999","-9999","-9999","-9999","-9999","-9999"
"1333","816.073719","816.073022791","816.073492314","42862028","-9999","212668.1","161.78","-1","-0.575343359","0.156950845","0.591142151","0.330627367","35","0.244444444","0.533333333","N1 S1 P1 O11","de-protonated","0","-9999","C45 H24 O11 N1 P1 S1","45","24","11","1","1","1","-9999","-9999","-9999","-9999","-9999","-9999"
"1333","816.073719","816.073022791","816.072351608","42862028","-9999","212668.1","161.78","-1","0.822455955","0.17689907","0.657351147","0.369079901","22","0.617647059","0.794117647","N1 S1 O21","de-protonated","0","-9999","C34 H27 O21 N1 S1","34","27","21","1","-9999","1","-9999","-9999","-9999","-9999","-9999","-9999"
"1333","816.073719","816.073022791","816.073608325","42862028","-9999","212668.1","161.78","-1","-0.717501042","0.331306363","0.620207268","0.446866725","31","0.317073171","0.609756098","N2 33S1 P1 O13","de-protonated","1","1332","C41 H25 O13 N2 P1 33S1","41","25","13","2","1","-9999","-9999","-9999","-9999","-9999","1","-9999"
"1333","816.073719","816.073022791","816.072840865","42862028","-9999","212668.1","161.78","-1","0.222928894","0.165170505","0.613459991","0.344486299","26","0.351351351","0.756756757","N3 S2 P1 O13","de-protonated","0","-9999","C37 H28 O13 N3 P1 S2","37","28","13","3","1","2","-9999","-9999","-9999","-9999","-9999","-9999"
"1334","816.078328","816.077631784","816.077948469","27542992","-9999","197900.4","103.26","-1","-0.388057531","0.418409121","0.667846654","0.518184135","27","0.552631579","0.631578947","O20 17O1","de-protonated","1","1332","C38 H24 O20 17O1","38","24","20","-9999","-9999","-9999","-9999","-9999","1","-9999","-9999","-9999"
"1334","816.078328","816.077631784","816.078088489","27542992","-9999","197900.4","103.26","-1","-0.559633863","0.408601794","0.756676973","0.547831866","13","0.857142857","1.178571429","13C1 S1 P1 O24","de-protonated","1","1332","C27 H33 O24 P1 S1 13C1","27","33","24","-9999","1","1","1","-9999","-9999","-9999","-9999","-9999"
"1334","816.078328","816.077631784","816.076863617","27542992","-9999","197900.4","103.26","-1","0.941292298","0.170297715","0.59343233","0.339551561","30","0.261904762","0.666666667","N1 S2 P1 O11","de-protonated","0","-9999","C42 H28 O11 N1 P1 S2","42","28","11","1","1","2","-9999","-9999","-9999","-9999","-9999","-9999"
"1334","816.078328","816.077631784","816.078363219","27542992","-9999","197900.4","103.26","-1","-0.896280328","0.288121399","0.605653763","0.415134345","40","0.270833333","0.395833333","N1 O13","de-protonated","0","-9999","C48 H19 O13 N1","48","19","13","1","-9999","-9999","-9999","-9999","-9999","-9999","-9999","-9999"
"1334","816.078328","816.077631784","816.078437726","27542992","-9999","197900.4","103.26","-1","-0.987579755","0.324668773","0.620207268","0.442884171","31","0.317073171","0.609756098","N2 S1 P1 O12 17O1","de-protonated","1","1332","C41 H25 O12 N2 P1 S1 17O1","41","25","12","2","1","1","-9999","-9999","1","-9999","-9999","-9999"
"1334","816.078328","816.077631784","816.07771177","27542992","-9999","197900.4","103.26","-1","-0.098013096","0.199651684","0.625218838","0.369878545","31","0.375","0.575","N3 S1 O15","de-protonated","0","-9999","C40 H23 O15 N3 S1","40","23","15","3","-9999","1","-9999","-9999","-9999","-9999","-9999","-9999"
"1334","816.078328","816.077631784","816.077844712","27542992","-9999","197900.4","103.26","-1","-0.260916327","0.246930859","0.710018077","0.432165746","18","0.793103448","0.965517241","N3 P1 O23","de-protonated","0","-9999","C29 H28 O23 N3 P1","29","28","23","3","1","-9999","-9999","-9999","-9999","-9999","-9999","-9999"
"1335","816.623172","816.622474915","816.621776877","9836417","-9999","187199.8","35.63","-1","0.854787079","0.291945027","0.55996373","0.399152508","16","0.017857143","1.5","N1 P1 O1","de-protonated","0","-9999","C56 H84 O1 N1 P1","56","84","1","1","1","-9999","-9999","-9999","-9999","-9999","-9999","-9999"
"1336","817.054714","817.054016227","817.054136593","6152404.5","-9999","265194.3","21.55","-1","-0.147317328","0.332023291","0.605653763","0.44147548","40","0.25","0.395833333","P1 O12","de-protonated","0","-9999","C48 H19 O12 P1","48","19","12","-9999","1","-9999","-9999","-9999","-9999","-9999","-9999","-9999"
"1336","817.054714","817.054016227","817.053865267","6152404.5","-9999","265194.3","21.55","-1","0.184761292","0.496912539","0.70871839","0.581634879","26","0.447368421","0.684210526","S2 O17","de-protonated","0","-9999","C38 H26 O17 S2","38","26","17","-9999","-9999","2","-9999","-9999","-9999","-9999","-9999","-9999"
"1336","817.054714","817.054016227","817.053998209","6152404.5","-9999","265194.3","21.55","-1","0.02205264","0.499955881","0.773979033","0.609565142","13","0.925925926","1.148148148","S1 P1 O25","de-protonated","0","-9999","C27 H31 O25 P1 S1","27","31","25","-9999","1","1","-9999","-9999","-9999","-9999","-9999","-9999"
"1336","817.054714","817.054016227","817.053485145","6152404.5","-9999","265194.3","21.55","-1","0.649997163","0.463101706","0.698017357","0.557067966","31","0.35","0.575","N2 S1 P1 O14","de-protonated","0","-9999","C40 H23 O14 N2 P1 S1","40","23","14","2","1","1","-9999","-9999","-9999","-9999","-9999","-9999"
"1336","817.054714","817.054016227","817.054333298","6152404.5","-9999","265194.3","21.55","-1","-0.388065652","0.486522351","0.70871839","0.575400766","32","0.473684211","0.473684211","N4 O18","de-protonated","0","-9999","C38 H18 O18 N4","38","18","18","4","-9999","-9999","-9999","-9999","-9999","-9999","-9999","-9999"
"1337","817.071746","817.0710482","817.070396542","75122912","-9999","194172.5","285","-1","0.797554633","0.223653313","0.648637544","0.393647006","26","0.41025641","0.717948718","S1 34S1 O16","de-protonated","1","1332","C39 H28 O16 S1 34S1","39","28","16","-9999","-9999","1","-9999","-9999","-9999","-9999","-9999","1"
"1337","817.071746","817.0710482","817.071623332","75122912","-9999","194172.5","285","-1","-0.703894191","0.271865872","0.648321062","0.422447948","26","0.5","0.684210526","S1 O19","de-protonated","0","-9999","C38 H26 O19 S1","38","26","19","-9999","-9999","1","-9999","-9999","-9999","-9999","-9999","-9999"
"1337","817.071746","817.0710482","817.070529483","75122912","-9999","194172.5","285","-1","0.634849173","0.406904401","0.756676973","0.54681343","13","0.857142857","1.178571429","34S1 P1 O24","de-protonated","1","1332","C28 H33 O24 P1 34S1","28","33","24","-9999","1","-9999","-9999","-9999","-9999","-9999","-9999","1"
"1337","817.071746","817.0710482","817.071243209","75122912","-9999","194172.5","285","-1","-0.238668845","0.1649529","0.631520997","0.351580139","31","0.4","0.575","N2 P1 O16","de-protonated","0","-9999","C40 H23 O16 N2 P1","40","23","16","2","1","-9999","-9999","-9999","-9999","-9999","-9999","-9999"
"1337","817.071746","817.0710482","817.070971883","75122912","-9999","194172.5","285","-1","0.093402792","0.247409661","0.648311993","0.407770594","17","0.7","1","N2 S2 O21","de-protonated","0","-9999","C30 H30 O21 N2 S2","30","30","21","2","-9999","2","-9999","-9999","-9999","-9999","-9999","-9999"
"1337","817.071746","817.0710482","817.070458819","75122912","-9999","194172.5","285","-1","0.721334316","0.195313575","0.574419945","0.346956123","35","0.23255814","0.511627907","N4 S2 O10","de-protonated","0","-9999","C43 H22 O10 N4 S2","43","22","10","4","-9999","2","-9999","-9999","-9999","-9999","-9999","-9999"
"1337","817.071746","817.0710482","817.070591761","75122912","-9999","194172.5","285","-1","0.558628881","0.118118662","0.654125971","0.332521586","22","0.5625","0.84375","N4 S1 P1 O18","de-protonated","0","-9999","C32 H27 O18 N4 P1 S1","32","27","18","4","1","1","-9999","-9999","-9999","-9999","-9999","-9999"
"1338","817.078927","817.078229188","817.078637265","5380327.5","-9999","302567.3","18.6","-1","-0.499433226","0.477874769","0.68763467","0.56177873","30","0.333333333","0.642857143","S1 P1 O14","de-protonated","0","-9999","C42 H27 O14 P1 S1","42","27","14","-9999","1","1","-9999","-9999","-9999","-9999","-9999","-9999"
"1338","817.078927","817.078229188","817.078845705","5380327.5","-9999","302567.3","18.6","-1","-0.754537782","0.224558288","0.648637544","0.394189991","26","0.41025641","0.717948718","S2 O15 18O1","de-protonated","1","1332","C39 H28 O15 S2 18O1","39","28","15","-9999","-9999","2","-9999","-9999","-9999","1","-9999","-9999"
"1338","817.078927","817.078229188","817.077976325","5380327.5","-9999","302567.3","18.6","-1","0.309472312","0.419798608","0.667846654","0.519017826","27","0.552631579","0.631578947","O20 18O1","de-protonated","1","1332","C38 H24 O20 18O1","38","24","20","-9999","-9999","-9999","-9999","-9999","-9999","1","-9999","-9999"
"1338","817.078927","817.078229188","817.077496559","5380327.5","-9999","302567.3","18.6","-1","0.896646663","0.432130596","0.748902347","0.558839296","17","0.774193548","0.967741935","S1 O24","de-protonated","0","-9999","C31 H30 O24 S1","31","30","24","-9999","-9999","1","-9999","-9999","-9999","-9999","-9999","-9999"
"1338","817.078927","817.078229188","817.078978647","5380327.5","-9999","302567.3","18.6","-1","-0.917241306","0.399009148","0.756676973","0.542076278","13","0.857142857","1.178571429","S1 P1 O23 18O1","de-protonated","1","1332","C28 H33 O23 P1 S1 18O1","28","33","23","-9999","1","1","-9999","-9999","-9999","1","-9999","-9999"
"1338","817.078927","817.078229188","817.078465583","5380327.5","-9999","302567.3","18.6","-1","-0.28931657","0.33804344","0.620207268","0.450908971","31","0.317073171","0.609756098","N2 S1 P1 O12 18O1","de-protonated","1","1332","C41 H25 O12 N2 P1 S1 18O1","41","25","12","2","1","1","-9999","-9999","-9999","1","-9999","-9999"
"1338","817.078927","817.078229188","817.077985816","5380327.5","-9999","302567.3","18.6","-1","0.297857077","0.492015481","0.73113591","0.587663653","21","0.470588235","0.911764706","N2 S2 P1 O16","de-protonated","0","-9999","C34 H31 O16 N2 P1 S2","34","31","16","2","1","2","-9999","-9999","-9999","-9999","-9999","-9999"
"1338","817.078927","817.078229188","817.077472752","5380327.5","-9999","302567.3","18.6","-1","0.925783338","0.427987078","0.662980834","0.52198458","39","0.106382979","0.489361702","N4 S2 P1 O5","de-protonated","0","-9999","C47 H23 O5 N4 P1 S2","47","23","5","4","1","2","-9999","-9999","-9999","-9999","-9999","-9999"
"1338","817.078927","817.078229188","817.078833969","5380327.5","-9999","302567.3","18.6","-1","-0.740174246","0.452686575","0.742885034","0.568765959","22","0.625","0.8125","N4 S1 O20","de-protonated","0","-9999","C32 H26 O20 N4 S1","32","26","20","4","-9999","1","-9999","-9999","-9999","-9999","-9999","-9999"
"1339","818.071326","818.070626606","818.071384313","15420389","-9999","195783.8","56.95","-1","-0.926211753","0.213962734","0.59101618","0.364784112","34","0.2","0.577777778","N1 S2 P1 O9","de-protonated","0","-9999","C45 H26 O9 N1 P1 S2","45","26","9","1","1","2","-9999","-9999","-9999","-9999","-9999","-9999"
"1339","818.071326","818.070626606","818.070514934","15420389","-9999","195783.8","56.95","-1","0.136507229","0.332208185","0.630296418","0.451443478","35","0.318181818","0.5","N1 P1 O14","de-protonated","0","-9999","C44 H22 O14 N1 P1","44","22","14","1","1","-9999","-9999","-9999","-9999","-9999","-9999","-9999"
"1339","818.071326","818.070626606","818.070243607","15420389","-9999","195783.8","56.95","-1","0.468173365","0.240252355","0.656666238","0.406817908","21","0.558823529","0.852941176","N1 S2 O19","de-protonated","0","-9999","C34 H29 O19 N1 S2","34","29","19","1","-9999","2","-9999","-9999","-9999","-9999","-9999","-9999"
"1339","818.071326","818.070626606","818.070359619","15420389","-9999","195783.8","56.95","-1","0.326362514","0.245214752","0.648311993","0.406453649","17","0.7","1","N2 S1 33S1 O21","de-protonated","1","1337","C30 H30 O21 N2 S1 33S1","30","30","21","2","-9999","1","-9999","-9999","-9999","-9999","1","-9999"
"1339","818.071326","818.070626606","818.069863485","15420389","-9999","195783.8","56.95","-1","0.932831355","0.284647337","0.683497284","0.444187316","26","0.444444444","0.722222222","N3 S1 P1 O16","de-protonated","0","-9999","C36 H26 O16 N3 P1 S1","36","26","16","3","1","1","-9999","-9999","-9999","-9999","-9999","-9999"
"1339","818.071326","818.070626606","818.069846554","15420389","-9999","195783.8","56.95","-1","0.953527076","0.188425408","0.574419945","0.342823223","35","0.23255814","0.511627907","N4 S1 33S1 O10","de-protonated","1","1337","C43 H22 O10 N4 S1 33S1","43","22","10","4","-9999","1","-9999","-9999","-9999","-9999","1","-9999"
"1340","818.076067","818.075367599","818.076116834","11971561","-9999","235237.7","43.78","-1","-0.915850757","0.286273311","0.723846817","0.461302713","12","0.888888889","1.222222222","N1 S2 O24","de-protonated","0","-9999","C27 H33 O24 N1 S2","27","33","24","1","-9999","2","-9999","-9999","-9999","-9999","-9999","-9999"
"1340","818.076067","818.075367599","818.07560377","11971561","-9999","235237.7","43.78","-1","-0.288691387","0.246247836","0.619825765","0.395679007","30","0.325","0.625","N3 S2 O13","de-protonated","0","-9999","C40 H25 O13 N3 S2","40","25","13","3","-9999","2","-9999","-9999","-9999","-9999","-9999","-9999"
"1340","818.076067","818.075367599","818.07473439","11971561","-9999","235237.7","43.78","-1","0.774022791","0.298997447","0.662912124","0.444563318","31","0.461538462","0.538461538","N3 O18","de-protonated","0","-9999","C39 H21 O18 N3","39","21","18","3","-9999","-9999","-9999","-9999","-9999","-9999","-9999","-9999"
"1340","818.076067","818.075367599","818.075736712","11971561","-9999","235237.7","43.78","-1","-0.451196746","0.481867436","0.761234226","0.593614152","17","0.724137931","1.034482759","N3 S1 P1 O21","de-protonated","0","-9999","C29 H30 O21 N3 P1 S1","29","30","21","3","1","1","-9999","-9999","-9999","-9999","-9999","-9999"
"1341","818.484775","818.484074947","818.48337137","21982494","-9999","198348.6","82.01","-1","0.859610674","0.373662109","0.863005249","0.569399365","5","0.19047619","1.857142857","N1 S2 P1 O8","de-protonated","0","-9999","C42 H78 O8 N1 P1 S2","42","78","8","1","1","2","-9999","-9999","-9999","-9999","-9999","-9999"
"1341","818.484775","818.484074947","818.484870972","21982494","-9999","198348.6","82.01","-1","-0.972558976","0.280764418","0.605653763","0.410720156","15","0.208333333","1.4375","N1 O10","de-protonated","0","-9999","C48 H69 O10 N1","48","69","10","1","-9999","-9999","-9999","-9999","-9999","-9999","-9999","-9999"
"1341","818.484775","818.484074947","818.484219523","21982494","-9999","198348.6","82.01","-1","-0.17663887","0.470782069","0.666027998","0.54888044","6","0.3","1.825","N3 S1 O12","de-protonated","0","-9999","C40 H73 O12 N3 S1","40","73","12","3","-9999","1","-9999","-9999","-9999","-9999","-9999","-9999"
"1342","818.621621","818.620920729","818.62051703","6444421.5","-9999","183845.1","22.66","-1","0.493144694","0.318944204","0.570956251","0.419749023","16","0.055555556","1.5","N3 O3","de-protonated","0","-9999","C54 H81 O3 N3","54","81","3","3","-9999","-9999","-9999","-9999","-9999","-9999","-9999","-9999"
"1342","818.621621","818.620920729","818.621519352","6444421.5","-9999","183845.1","22.66","-1","-0.731257635","0.453765543","0.677556332","0.543281859","2","0.136363636","2.045454545","N3 S1 P1 O6","de-protonated","0","-9999","C44 H90 O6 N3 P1 S1","44","90","6","3","1","1","-9999","-9999","-9999","-9999","-9999","-9999"
"1343","819.068322","819.067621016","819.067419161","9436883","-9999","207966.6","34.09","-1","0.246444826","0.282582916","0.648321062","0.428878174","26","0.5","0.684210526","34S1 O19","de-protonated","1","1337","C38 H26 O19 34S1","38","26","19","-9999","-9999","-9999","-9999","-9999","-9999","-9999","-9999","1"
"1343","819.068322","819.067621016","819.06714635","9436883","-9999","207966.6","34.09","-1","0.579520897","0.313627022","0.701867335","0.468923147","16","0.64516129","1.064516129","S2 P1 O20","de-protonated","0","-9999","C31 H33 O20 P1 S2","31","33","20","-9999","1","2","-9999","-9999","-9999","-9999","-9999","-9999"
"1343","819.068322","819.067621016","819.067994503","9436883","-9999","207966.6","34.09","-1","-0.45598979","0.481487405","0.761234226","0.593386134","17","0.827586207","0.965517241","N2 S1 O24","de-protonated","0","-9999","C29 H28 O24 N2 S1","29","28","24","2","-9999","1","-9999","-9999","-9999","-9999","-9999","-9999"
"1343","819.068322","819.067621016","819.067481439","9436883","-9999","207966.6","34.09","-1","0.170410388","0.331581547","0.643094943","0.456186906","35","0.30952381","0.476190476","N4 S1 O13","de-protonated","0","-9999","C42 H20 O13 N4 S1","42","20","13","4","-9999","1","-9999","-9999","-9999","-9999","-9999","-9999"
"1343","819.068322","819.067621016","819.067614381","9436883","-9999","207966.6","34.09","-1","0.008101746","0.499994045","0.748902347","0.599557366","22","0.677419355","0.806451613","N4 P1 O21","de-protonated","0","-9999","C31 H25 O21 N4 P1","31","25","21","4","1","-9999","-9999","-9999","-9999","-9999","-9999","-9999"
"1344","819.487276","819.486574348","819.486726205","12378120","-9999","197910.4","45.33","-1","-0.185306841","0.397515469","0.863005249","0.583711381","5","0.19047619","1.857142857","13C1 N1 S2 P1 O8","de-protonated","1","1341","C41 H78 O8 N1 P1 S2 13C1","41","78","8","1","1","2","1","-9999","-9999","-9999","-9999","-9999"
"1344","819.487276","819.486574348","819.487133877","12378120","-9999","197910.4","45.33","-1","-0.682778598","0.306296639","0.587975334","0.418968117","19","0.098039216","1.352941176","N2 P1 O5","de-protonated","0","-9999","C51 H69 O5 N2 P1","51","69","5","2","1","-9999","-9999","-9999","-9999","-9999","-9999","-9999"
"1344","819.487276","819.486574348","819.486862551","12378120","-9999","197910.4","45.33","-1","-0.351686073","0.244451954","0.613929491","0.392242969","5","0.243902439","1.853658537","N2 S2 O10","de-protonated","0","-9999","C41 H76 O10 N2 S2","41","76","10","2","-9999","2","-9999","-9999","-9999","-9999","-9999","-9999"
"1344","819.487276","819.486574348","819.485993171","12378120","-9999","197910.4","45.33","-1","0.70919791","0.304259591","0.656222442","0.445044732","6","0.375","1.8","N2 O15","de-protonated","0","-9999","C40 H72 O15 N2","40","72","15","2","-9999","-9999","-9999","-9999","-9999","-9999","-9999","-9999"
"1344","819.487276","819.486574348","819.486482428","12378120","-9999","197910.4","45.33","-1","0.112168297","0.332573222","0.63665507","0.454205961","10","0.162790698","1.697674419","N4 S1 P1 O7","de-protonated","0","-9999","C43 H73 O7 N4 P1 S1","43","73","7","4","1","1","-9999","-9999","-9999","-9999","-9999","-9999"
"1345","820.48138","820.480676763","820.480261048","6777561","-9999","185445.3","23.93","-1","0.506673217","0.318162383","0.582230334","0.423789564","18","0.057692308","1.365384615","N1 S2 O3","de-protonated","0","-9999","C52 H71 O3 N1 S2","52","71","3","1","-9999","2","-9999","-9999","-9999","-9999","-9999","-9999"
"1345","820.48138","820.480676763","820.48039399","6777561","-9999","185445.3","23.93","-1","0.344643998","0.489339106","0.692787115","0.570718309","5","0.268292683","1.853658537","N1 S1 P1 O11","de-protonated","0","-9999","C41 H76 O11 N1 P1 S1","41","76","11","1","1","1","-9999","-9999","-9999","-9999","-9999","-9999"
"1345","820.48138","820.480676763","820.480015353","6777561","-9999","185445.3","23.93","-1","0.806126549","0.444386857","0.666027998","0.533043313","6","0.3","1.825","N3 34S1 O12","de-protonated","1","1341","C40 H73 O12 N3 34S1","40","73","12","3","-9999","-9999","-9999","-9999","-9999","-9999","-9999","1"
"1345","820.48138","820.480676763","820.481242143","6777561","-9999","185445.3","23.93","-1","-0.689082818","0.458724535","0.703327172","0.55656559","6","0.384615385","1.820512821","N3 O15","de-protonated","0","-9999","C39 H71 O15 N3","39","71","15","3","-9999","-9999","-9999","-9999","-9999","-9999","-9999","-9999"
"1346","838.367889","838.367157244","838.366684389","4583779","-9999","202268.1","15.51","-1","0.5640191","0.471956154","0.627012296","0.533978611","30","0.090909091","0.981818182","N1 P1 O5","de-protonated","0","-9999","C55 H54 O5 N1 P1","55","54","5","1","1","-9999","-9999","-9999","-9999","-9999","-9999","-9999"
"1346","838.367889","838.367157244","838.366413063","4583779","-9999","202268.1","15.51","-1","0.887656007","0.433390278","0.672627142","0.529085023","16","0.222222222","1.355555556","N1 S2 O10","de-protonated","0","-9999","C45 H61 O10 N1 S2","45","61","10","1","-9999","2","-9999","-9999","-9999","-9999","-9999","-9999"
"1346","838.367889","838.367157244","838.366546004","4583779","-9999","202268.1","15.51","-1","0.729083544","0.454027026","0.73113591","0.564870579","3","0.529411765","1.941176471","N1 S1 P1 O18","de-protonated","0","-9999","C34 H66 O18 N1 P1 S1","34","66","18","1","1","1","-9999","-9999","-9999","-9999","-9999","-9999"
"1346","838.367889","838.367157244","838.367394158","4583779","-9999","202268.1","15.51","-1","-0.282589613","0.492807273","0.742885034","0.592838378","4","0.6875","1.90625","N3 O22","de-protonated","0","-9999","C32 H61 O22 N3","32","61","22","3","-9999","-9999","-9999","-9999","-9999","-9999","-9999","-9999"
"1347","844.364195","844.363453683","844.362862311","7391631.5","-9999","216895.7","26.23","-1","0.700375682","0.304946903","0.587975334","0.418158276","23","0.078431373","1.176470588","N1 S2 P1 O4","de-protonated","0","-9999","C51 H60 O4 N1 P1 S2","51","60","4","1","1","2","-9999","-9999","-9999","-9999","-9999","-9999"
"1347","844.364195","844.363453683","844.364223529","7391631.5","-9999","216895.7","26.23","-1","-0.911746593","0.429994793","0.719752637","0.545897931","6","0.527777778","1.75","N1 S1 O19","de-protonated","0","-9999","C36 H63 O19 N1 S1","36","63","19","1","-9999","1","-9999","-9999","-9999","-9999","-9999","-9999"
"1347","844.364195","844.363453683","844.363710465","7391631.5","-9999","216895.7","26.23","-1","-0.304112968","0.327786265","0.599686074","0.436546188","24","0.163265306","1.12244898","N3 S1 O8","de-protonated","0","-9999","C49 H55 O8 N3 S1","49","55","8","3","-9999","1","-9999","-9999","-9999","-9999","-9999","-9999"
"1347","844.364195","844.363453683","844.363843406","7391631.5","-9999","216895.7","26.23","-1","-0.461558944","0.481041178","0.70871839","0.572112063","11","0.421052632","1.578947368","N3 P1 O16","de-protonated","0","-9999","C38 H60 O16 N3 P1","38","60","16","3","1","-9999","-9999","-9999","-9999","-9999","-9999","-9999"
"1348","846.359818","846.359073501","846.35888261","9518028","-9999","169625.1","34.35","-1","0.225543781","0.330270725","0.538793609","0.413679878","37","0.066666667","0.816666667","N1 O4","de-protonated","0","-9999","C60 H49 O4 N1","60","49","4","1","-9999","-9999","-9999","-9999","-9999","-9999","-9999","-9999"
"1348","846.359818","846.359073501","846.359884931","9518028","-9999","169625.1","34.35","-1","-0.958730006","0.282128328","0.59379359","0.406794433","23","0.14","1.16","N1 S1 P1 O7","de-protonated","0","-9999","C50 H58 O7 N1 P1 S1","50","58","7","1","1","1","-9999","-9999","-9999","-9999","-9999","-9999"
"1348","846.359818","846.359073501","846.358744225","9518028","-9999","169625.1","34.35","-1","0.38904946","0.324303242","0.662912124","0.459746795","10","0.435897436","1.564102564","N1 S1 O17","de-protonated","0","-9999","C39 H61 O17 N1 S1","39","61","17","1","-9999","1","-9999","-9999","-9999","-9999","-9999","-9999"
"1348","846.359818","846.359073501","846.358231161","9518028","-9999","169625.1","34.35","-1","0.99525193","0.278498668","0.582230334","0.399991334","28","0.115384615","1.019230769","N3 S1 O6","de-protonated","0","-9999","C52 H53 O6 N3 S1","52","53","6","3","-9999","1","-9999","-9999","-9999","-9999","-9999","-9999"
"1348","846.359818","846.359073501","846.359233483","9518028","-9999","169625.1","34.35","-1","-0.189023681","0.248384454","0.608101079","0.392271104","14","0.214285714","1.476190476","N3 S2 P1 O9","de-protonated","0","-9999","C42 H62 O9 N3 P1 S2","42","62","9","3","1","2","-9999","-9999","-9999","-9999","-9999","-9999"
"1348","846.359818","846.359073501","846.358364103","9518028","-9999","169625.1","34.35","-1","0.838176785","0.293438469","0.649617059","0.435909905","15","0.341463415","1.414634146","N3 P1 O14","de-protonated","0","-9999","C41 H58 O14 N3 P1","41","58","14","3","1","-9999","-9999","-9999","-9999","-9999","-9999","-9999"
"1349","846.588746","846.588001136","846.587442517","4011017.5","-9999","161133.9","13.31","-1","0.659846985","0.462018852","0.667769153","0.544318972","3","0.130434783","1.956521739","N1 S2 P1 O6","de-protonated","0","-9999","C46 H90 O6 N1 P1 S2","46","90","6","1","1","2","-9999","-9999","-9999","-9999","-9999","-9999"
"1349","846.588746","846.588001136","846.588290671","4011017.5","-9999","161133.9","13.31","-1","-0.34200213","0.4895002","0.677556332","0.564722653","4","0.227272727","1.931818182","N3 S1 O10","de-protonated","0","-9999","C44 H85 O10 N3 S1","44","85","10","3","-9999","1","-9999","-9999","-9999","-9999","-9999","-9999"
"1350","848.358155","848.357407314","848.356774609","8166861","-9999","164597.6","29.19","-1","0.745800553","0.301333577","0.538793609","0.39631759","36","0.033333333","0.85","N1 S1 O2","de-protonated","0","-9999","C60 H51 O2 N1 S1","60","51","2","1","-9999","1","-9999","-9999","-9999","-9999","-9999","-9999"
"1350","848.358155","848.357407314","848.357776931","8166861","-9999","164597.6","29.19","-1","-0.43568487","0.322047859","0.59379359","0.430746151","22","0.1","1.2","N1 S2 P1 O5","de-protonated","0","-9999","C50 H60 O5 N1 P1 S2","50","60","5","1","1","2","-9999","-9999","-9999","-9999","-9999","-9999"
"1350","848.358155","848.357407314","848.356907551","8166861","-9999","164597.6","29.19","-1","0.589095483","0.312990932","0.599686074","0.427668989","23","0.204081633","1.142857143","N1 P1 O10","de-protonated","0","-9999","C49 H56 O10 N1 P1","49","56","10","1","1","-9999","-9999","-9999","-9999","-9999","-9999","-9999"
"1350","848.358155","848.357407314","848.356636225","8166861","-9999","164597.6","29.19","-1","0.908921259","0.430396325","0.703327172","0.539568664","9","0.384615385","1.615384615","N1 S2 O15","de-protonated","0","-9999","C39 H63 O15 N1 S2","39","63","15","1","-9999","2","-9999","-9999","-9999","-9999","-9999","-9999"
"1351","848.568979","848.568230978","848.569076054","4882943.5","-9999","167007.3","16.64","-1","-0.99588369","0.417652662","0.640033642","0.506605054","12","0.076923077","1.596153846","N1 S2 O4","de-protonated","0","-9999","C52 H83 O4 N1 S2","52","83","4","1","-9999","2","-9999","-9999","-9999","-9999","-9999","-9999"
"1351","848.568979","848.568230978","848.568206674","4882943.5","-9999","167007.3","16.64","-1","0.028640912","0.499925584","0.644495114","0.557753396","13","0.176470588","1.549019608","N1 O9","de-protonated","0","-9999","C51 H79 O9 N1","51","79","9","1","-9999","-9999","-9999","-9999","-9999","-9999","-9999","-9999"
"1351","848.568979","848.568230978","848.568695932","4882943.5","-9999","167007.3","16.64","-1","-0.547926862","0.315660657","0.570956251","0.417778895","17","0.018518519","1.481481481","N3 S1 P1 O1","de-protonated","0","-9999","C54 H80 O1 N3 P1 S1","54","80","1","3","1","1","-9999","-9999","-9999","-9999","-9999","-9999"
"1351","848.568979","848.568230978","848.567555226","4882943.5","-9999","167007.3","16.64","-1","0.796344903","0.445652569","0.6825583","0.540414861","4","0.255813953","1.930232558","N3 S1 O11","de-protonated","0","-9999","C43 H83 O11 N3 S1","43","83","11","3","-9999","1","-9999","-9999","-9999","-9999","-9999","-9999"
"1352","848.586752","848.58600395","848.586834119","8543748","-9999","191406.7","30.63","-1","-0.97829609","0.280194813","0.582230334","0.401009022","12","0.115384615","1.596153846","N1 S1 O6","de-protonated","0","-9999","C52 H83 O6 N1 S1","52","83","6","1","-9999","1","-9999","-9999","-9999","-9999","-9999","-9999"
"1352","848.586752","848.58600395","848.586453996","8543748","-9999","191406.7","30.63","-1","-0.530348628","0.31674815","0.570956251","0.418431391","17","0.055555556","1.481481481","N3 P1 O3","de-protonated","0","-9999","C54 H80 O3 N3 P1","54","80","3","3","1","-9999","-9999","-9999","-9999","-9999","-9999","-9999"
"1352","848.586752","848.58600395","848.58618267","8543748","-9999","191406.7","30.63","-1","-0.210609724","0.330661294","0.630296418","0.450515344","3","0.181818182","1.977272727","N3 S2 O8","de-protonated","0","-9999","C44 H87 O8 N3 S2","44","87","8","3","-9999","2","-9999","-9999","-9999","-9999","-9999","-9999"
"1352","848.586752","848.58600395","848.58531329","8543748","-9999","191406.7","30.63","-1","0.813895029","0.295582156","0.63665507","0.432011322","4","0.302325581","1.930232558","N3 O13","de-protonated","0","-9999","C43 H83 O13 N3","43","83","13","3","-9999","-9999","-9999","-9999","-9999","-9999","-9999","-9999"
"1353","850.354141","850.353390132","850.353797229","7157651.5","-9999","184176.9","25.33","-1","-0.478738922","0.319755484","0.543986559","0.409447914","36","0.084745763","0.830508475","N1 O5","de-protonated","0","-9999","C59 H49 O5 N1","59","49","5","1","-9999","-9999","-9999","-9999","-9999","-9999","-9999","-9999"
"1353","850.354141","850.353390132","850.353658845","7157651.5","-9999","184176.9","25.33","-1","-0.316001498","0.491022124","0.70871839","0.57810063","9","0.473684211","1.605263158","N1 S1 O18","de-protonated","0","-9999","C38 H61 O18 N1 S1","38","61","18","1","-9999","1","-9999","-9999","-9999","-9999","-9999","-9999"
"1353","850.354141","850.353390132","850.353145781","7157651.5","-9999","184176.9","25.33","-1","0.287352639","0.328376394","0.587975334","0.43221597","27","0.137254902","1.039215686","N3 S1 O7","de-protonated","0","-9999","C51 H53 O7 N3 S1","51","53","7","3","-9999","1","-9999","-9999","-9999","-9999","-9999","-9999"
"1353","850.354141","850.353390132","850.354148102","7157651.5","-9999","184176.9","25.33","-1","-0.891358479","0.432872618","0.692787115","0.536838417","13","0.243902439","1.512195122","N3 S2 P1 O10","de-protonated","0","-9999","C41 H62 O10 N3 P1 S2","41","62","10","3","1","2","-9999","-9999","-9999","-9999","-9999","-9999"
"1353","850.354141","850.353390132","850.353278722","7157651.5","-9999","184176.9","25.33","-1","0.131015535","0.498445133","0.698017357","0.578274023","14","0.375","1.45","N3 P1 O15","de-protonated","0","-9999","C40 H58 O15 N3 P1","40","58","15","3","1","-9999","-9999","-9999","-9999","-9999","-9999","-9999"
"1353","850.354141","850.353390132","850.353007396","7157651.5","-9999","184176.9","25.33","-1","0.450090312","0.481954634","0.755017935","0.591179954","0","0.666666667","2.166666667","N3 S2 O20","de-protonated","0","-9999","C30 H65 O20 N3 S2","30","65","20","3","-9999","2","-9999","-9999","-9999","-9999","-9999","-9999"
"1354","850.566902","850.566150793","850.566098674","4409280.5","-9999","202290.1","14.83","-1","0.061274952","0.499659481","0.644495114","0.557593734","12","0.137254902","1.588235294","N1 S1 O7","de-protonated","0","-9999","C51 H81 O7 N1 S1","51","81","7","1","-9999","1","-9999","-9999","-9999","-9999","-9999","-9999"
"1354","850.566902","850.566150793","850.565718552","4409280.5","-9999","202290.1","14.83","-1","0.508180505","0.477111131","0.635633513","0.540520084","17","0.075471698","1.471698113","N3 P1 O4","de-protonated","0","-9999","C53 H78 O4 N3 P1","53","78","4","3","1","-9999","-9999","-9999","-9999","-9999","-9999","-9999"
"1354","850.566902","850.566150793","850.565447225","4409280.5","-9999","202290.1","14.83","-1","0.827175709","0.441623338","0.6825583","0.537997323","3","0.209302326","1.976744186","N3 S2 O9","de-protonated","0","-9999","C43 H85 O9 N3 S2","43","85","9","3","-9999","2","-9999","-9999","-9999","-9999","-9999","-9999"
"1355","850.583791","850.583039766","850.582357137","12863428","-9999","181313.6","47.12","-1","0.802542601","0.222425991","0.59101618","0.369862067","2","0.155555556","2","N1 S2 P1 O7","de-protonated","0","-9999","C45 H90 O7 N1 P1 S2","45","90","7","1","1","2","-9999","-9999","-9999","-9999","-9999","-9999"
"1355","850.583791","850.583039766","850.583856739","12863428","-9999","181313.6","47.12","-1","-0.960485278","0.596496581","0.817544265","0.684915655","12","0.176470588","1.588235294","N1 O9","de-protonated","0","-9999","C51 H81 O9 N1","51","81","9","1","-9999","-9999","-9999","-9999","-9999","-9999","-9999","-9999"
"1355","850.583791","850.583039766","850.58320529","12863428","-9999","181313.6","47.12","-1","-0.194601294","0.331050718","0.63665507","0.453292459","3","0.255813953","1.976744186","N3 S1 O11","de-protonated","0","-9999","C43 H85 O11 N3 S1","43","85","11","3","-9999","1","-9999","-9999","-9999","-9999","-9999","-9999"
"1356","851.588446","851.587693164","851.587211574","3832975.5","-9999","205979.2","12.63","-1","0.565520181","0.629081305","0.817544265","0.704466489","12","0.176470588","1.588235294","13C1 N1 O9","de-protonated","1","1355","C50 H81 O9 N1 13C1","50","81","9","1","-9999","-9999","1","-9999","-9999","-9999","-9999","-9999"
"1356","851.588446","851.587693164","851.588488626","3832975.5","-9999","205979.2","12.63","-1","-0.934091884","0.284525817","0.533665548","0.384181709","25","0.016393443","1.245901639","N2 O1","de-protonated","0","-9999","C61 H76 O1 N2","61","76","1","2","-9999","-9999","-9999","-9999","-9999","-9999","-9999","-9999"
"1356","851.588446","851.587693164","851.587837177","3832975.5","-9999","205979.2","12.63","-1","-0.169111405","0.497412125","0.635633513","0.55270068000000006","16","0.056603774","1.509433962","N4 S1 O3","de-protonated","0","-9999","C53 H80 O3 N4 S1","53","80","3","4","-9999","1","-9999","-9999","-9999","-9999","-9999","-9999"
"1356","851.588446","851.587693164","851.587970119","3832975.5","-9999","205979.2","12.63","-1","-0.325221769","0.490495653","0.68763467","0.56935126","3","0.261904762","2.023809524","N4 P1 O11","de-protonated","0","-9999","C42 H85 O11 N4 P1","42","85","11","4","1","-9999","-9999","-9999","-9999","-9999","-9999","-9999"
"1357","852.582667","852.581912578","852.581748739","9914699","-9999","188153.3","36.55","-1","0.192169065","0.33110723","0.587975334","0.433854472","11","0.137254902","1.62745098","N1 S1 O7","de-protonated","0","-9999","C51 H83 O7 N1 S1","51","83","7","1","-9999","1","-9999","-9999","-9999","-9999","-9999","-9999"
"1357","852.582667","852.581912578","852.581368616","9914699","-9999","188153.3","36.55","-1","0.638018115","0.309600017","0.576557625","0.41638306","16","0.075471698","1.509433962","N3 P1 O4","de-protonated","0","-9999","C53 H80 O4 N3 P1","53","80","4","3","1","-9999","-9999","-9999","-9999","-9999","-9999","-9999"
"1357","852.582667","852.581912578","852.58109729","9914699","-9999","188153.3","36.55","-1","0.956259199","0.211777987","0.602339847","0.368002731","2","0.209302326","2.023255814","N3 S2 O9","de-protonated","0","-9999","C43 H87 O9 N3 S2","43","87","9","3","-9999","2","-9999","-9999","-9999","-9999","-9999","-9999"
"1358","854.373619","854.372861723","854.37321252","3644026","-9999","241530.5","12.14","-1","-0.410590345","0.484936849","0.640033642","0.546975566","25","0.153846154","1.096153846","N1 S1 O8","de-protonated","0","-9999","C52 H57 O8 N1 S1","52","57","8","1","-9999","1","-9999","-9999","-9999","-9999","-9999","-9999"
"1358","854.373619","854.372861723","854.373345462","3644026","-9999","241530.5","12.14","-1","-0.566191729","0.47174592","0.692787115","0.560162398","12","0.390243902","1.512195122","N1 P1 O16","de-protonated","0","-9999","C41 H62 O16 N1 P1","41","62","16","1","1","-9999","-9999","-9999","-9999","-9999","-9999","-9999"
"1358","854.373619","854.372861723","854.372832398","3644026","-9999","241530.5","12.14","-1","0.034323573","0.499893128","0.631293472","0.552453266","30","0.092592593","1","N3 P1 O5","de-protonated","0","-9999","C54 H54 O5 N3 P1","54","54","5","3","1","-9999","-9999","-9999","-9999","-9999","-9999","-9999"
"1358","854.373619","854.372861723","854.372561071","3644026","-9999","241530.5","12.14","-1","0.351897172","0.488890733","0.677556332","0.564356972","16","0.227272727","1.386363636","N3 S2 O10","de-protonated","0","-9999","C44 H61 O10 N3 S2","44","61","10","3","-9999","2","-9999","-9999","-9999","-9999","-9999","-9999"
"1358","854.373619","854.372861723","854.372694013","3644026","-9999","241530.5","12.14","-1","0.19629555","0.496516407","0.736963647","0.592695303","3","0.545454545","2","N3 S1 P1 O18","de-protonated","0","-9999","C33 H66 O18 N3 P1 S1","33","66","18","3","1","1","-9999","-9999","-9999","-9999","-9999","-9999"
"1359","854.579483","854.578725395","854.578771358","5257882","-9999","184894.4","18.42","-1","-0.053785443","0.499737615","0.649019222","0.559450258","11","0.2","1.62","N1 O10","de-protonated","0","-9999","C50 H81 O10 N1","50","81","10","1","-9999","-9999","-9999","-9999","-9999","-9999","-9999","-9999"
"1359","854.579483","854.578725395","854.579260616","5257882","-9999","184894.4","18.42","-1","-0.62629796","0.31043356","0.576557625","0.416883186","15","0.037735849","1.547169811","N3 S1 P1 O2","de-protonated","0","-9999","C53 H82 O2 N3 P1 S1","53","82","2","3","1","1","-9999","-9999","-9999","-9999","-9999","-9999"
"1359","854.579483","854.578725395","854.57811991","5257882","-9999","184894.4","18.42","-1","0.708518938","0.456469107","0.68763467","0.548935332","2","0.285714286","2.023809524","N3 S1 O12","de-protonated","0","-9999","C42 H85 O12 N3 S1","42","85","12","3","-9999","1","-9999","-9999","-9999","-9999","-9999","-9999"
"1360","855.002493","855.00173472","855.002104475","4232922","-9999","207958.3","14.43","-1","-0.432461356","0.483317145","0.672627142","0.559041144","39","0.288888889","0.355555556","N2 S2 O13","de-protonated","0","-9999","C45 H16 O13 N2 S2","45","16","13","2","-9999","2","-9999","-9999","-9999","-9999","-9999","-9999"
"1360","855.002493","855.00173472","855.002237417","4232922","-9999","207958.3","14.43","-1","-0.587948285","0.469601442","0.73113591","0.574215229","26","0.617647059","0.617647059","N2 S1 P1 O21","de-protonated","0","-9999","C34 H21 O21 N2 P1 S1","34","21","21","2","1","1","-9999","-9999","-9999","-9999","-9999","-9999"
"1360","855.002493","855.00173472","855.001585968","4232922","-9999","207958.3","14.43","-1","0.173978134","0.497261447","0.780512821","0.610561997","17","0.884615385","0.961538462","N4 S2 P1 O23","de-protonated","0","-9999","C26 H25 O23 N4 P1 S2","26","25","23","4","1","2","-9999","-9999","-9999","-9999","-9999","-9999"
"1361","859.02342","859.022655309","859.022171215","6614210.5","-9999","174438.8","23.7","-1","0.563540412","0.472002378","0.667769153","0.550309088","37","0.304347826","0.434782609","S2 O14","de-protonated","0","-9999","C46 H20 O14 S2","46","20","14","-9999","-9999","2","-9999","-9999","-9999","-9999","-9999","-9999"
"1361","859.02342","859.022655309","859.022304157","6614210.5","-9999","174438.8","23.7","-1","0.408780979","0.485067317","0.725399619","0.581200238","24","0.628571429","0.714285714","S1 P1 O22","de-protonated","0","-9999","C35 H25 O22 P1 S1","35","25","22","-9999","1","1","-9999","-9999","-9999","-9999","-9999","-9999"
"1362","860.892338","860.891570329","860.891653507","11173213","-9999","194280.5","41.45","-1","-0.096618135","0.3327692","0.55996373","0.423647012","1","0.035714286","2.053571429","N3 O2","de-protonated","0","-9999","C56 H115 O2 N3","56","115","2","3","-9999","-9999","-9999","-9999","-9999","-9999","-9999","-9999"
"1363","861.022473","861.021705121","861.022565138","6640998.5","-9999","179314.5","23.8","-1","-0.998832027","0.417207216","0.68763467","0.525378198","32","0.404761905","0.523809524","S2 O17","de-protonated","0","-9999","C42 H22 O17 S2","42","22","17","-9999","-9999","2","-9999","-9999","-9999","-9999","-9999","-9999"
"1363","861.022473","861.021705121","861.021695758","6640998.5","-9999","179314.5","23.8","-1","0.01087424","0.499989272","0.692787115","0.577108409","33","0.536585366","0.43902439","O22","de-protonated","0","-9999","C41 H18 O22","41","18","22","-9999","-9999","-9999","-9999","-9999","-9999","-9999","-9999","-9999"
"1363","861.022473","861.021705121","861.022185016","6640998.5","-9999","179314.5","23.8","-1","-0.557354273","0.47259661","0.677556332","0.554580499","37","0.318181818","0.431818182","N2 S1 P1 O14","de-protonated","0","-9999","C44 H19 O14 N2 P1 S1","44","19","14","2","1","1","-9999","-9999","-9999","-9999","-9999","-9999"
"1363","861.022473","861.021705121","861.02104431","6640998.5","-9999","179314.5","23.8","-1","0.767474431","0.449318386","0.736963647","0.564376491","24","0.727272727","0.666666667","N2 S1 O24","de-protonated","0","-9999","C33 H22 O24 N2 S1","33","22","24","2","-9999","1","-9999","-9999","-9999","-9999","-9999","-9999"
"1363","861.022473","861.021705121","861.021533567","6640998.5","-9999","179314.5","23.8","-1","0.199245059","0.496411312","0.719752637","0.585747842","28","0.444444444","0.638888889","N4 S2 P1 O16","de-protonated","0","-9999","C36 H23 O16 N4 P1 S2","36","23","16","4","1","2","-9999","-9999","-9999","-9999","-9999","-9999"
"1365","862.888194","862.887423146","862.887827973","4191698.8","-9999","151866.6","14.27","-1","-0.469153426","0.480424624","0.618621811","0.535703499","0","0.01754386","2.070175439","N1 P1 O1","de-protonated","0","-9999","C57 H118 O1 N1 P1","57","118","1","1","1","-9999","-9999","-9999","-9999","-9999","-9999","-9999"
"1366","878.614559","878.613763071","878.613657266","5062440","-9999","171239","17.66","-1","0.120422812","0.498686076","0.662980834","0.56440397899999994","2","0.14893617","2","N1 S2 P1 O7","de-protonated","0","-9999","C47 H94 O7 N1 P1 S2","47","94","7","1","1","2","-9999","-9999","-9999","-9999","-9999","-9999"
"1366","878.614559","878.613763071","878.614505419","5062440","-9999","171239","17.66","-1","-0.844907565","0.439253873","0.672627142","0.53260318","3","0.244444444","1.977777778","N3 S1 O11","de-protonated","0","-9999","C45 H89 O11 N3 S1","45","89","11","3","-9999","1","-9999","-9999","-9999","-9999","-9999","-9999"
"1367","880.613679","880.612879884","880.613048868","4008472.5","-9999","144581","13.56","-1","-0.191893593","0.49667038","0.635633513","0.552255633","11","0.132075472","1.641509434","N1 S1 O7","de-protonated","0","-9999","C53 H87 O7 N1 S1","53","87","7","1","-9999","1","-9999","-9999","-9999","-9999","-9999","-9999"
"1367","880.613679","880.612879884","880.612668745","4008472.5","-9999","144581","13.56","-1","0.239763208","0.494811691","0.627012296","0.547691933","16","0.072727273","1.527272727","N3 P1 O4","de-protonated","0","-9999","C55 H84 O4 N3 P1","55","84","4","3","1","-9999","-9999","-9999","-9999","-9999","-9999","-9999"
"1367","880.613679","880.612879884","880.612397419","4008472.5","-9999","144581","13.56","-1","0.547874047","0.473495958","0.672627142","0.553148432","2","0.2","2.022222222","N3 S2 O9","de-protonated","0","-9999","C45 H91 O9 N3 S2","45","91","9","3","-9999","2","-9999","-9999","-9999","-9999","-9999","-9999"
"1368","889.473421","889.472607757","889.471863935","3745715.5","-9999","163189.5","12.54","-1","0.836251384","0.440415263","0.627012296","0.515054076","21","0.145454545","1.272727273","S1 O8","de-protonated","0","-9999","C55 H70 O8 S1","55","70","8","-9999","-9999","1","-9999","-9999","-9999","-9999","-9999","-9999"
"1368","889.473421","889.472607757","889.472866256","3745715.5","-9999","163189.5","12.54","-1","-0.290621033","0.492395786","0.672627142","0.564488328","7","0.244444444","1.755555556","S2 P1 O11","de-protonated","0","-9999","C45 H79 O11 P1 S2","45","79","11","-9999","1","2","-9999","-9999","-9999","-9999","-9999","-9999"
"1368","889.473421","889.472607757","889.471996876","3745715.5","-9999","163189.5","12.54","-1","0.686789859","0.458987201","0.677556332","0.546414853","8","0.363636364","1.704545455","P1 O16","de-protonated","0","-9999","C44 H75 O16 P1","44","75","16","-9999","1","-9999","-9999","-9999","-9999","-9999","-9999","-9999"
"1368","889.473421","889.472607757","889.473201345","3745715.5","-9999","163189.5","12.54","-1","-0.667348316","0.461184989","0.622788794","0.525826511","26","0.071428571","1.178571429","N4 S1 O4","de-protonated","0","-9999","C56 H66 O4 N4 S1","56","66","4","4","-9999","1","-9999","-9999","-9999","-9999","-9999","-9999"
"1368","889.473421","889.472607757","889.473334287","3745715.5","-9999","163189.5","12.54","-1","-0.816809392","0.442991066","0.672627142","0.534845496","13","0.266666667","1.577777778","N4 P1 O12","de-protonated","0","-9999","C45 H71 O12 N4 P1","45","71","12","4","1","-9999","-9999","-9999","-9999","-9999","-9999","-9999"
"1368","889.473421","889.472607757","889.472193581","3745715.5","-9999","163189.5","12.54","-1","0.465642276","0.480710827","0.73113591","0.580880861","0","0.647058824","2.176470588","N4 O22","de-protonated","0","-9999","C34 H74 O22 N4","34","74","22","4","-9999","-9999","-9999","-9999","-9999","-9999","-9999","-9999"
"1369","894.533287","894.532465689","894.532296622","4456169","-9999","174432","15.31","-1","0.189000662","0.331179795","0.543986559","0.416302501","22","0.033898305","1.305084746","N1 S2 O2","de-protonated","0","-9999","C59 H77 O2 N1 S2","59","77","2","1","-9999","2","-9999","-9999","-9999","-9999","-9999","-9999"
"1369","894.533287","894.532465689","894.532429563","4456169","-9999","174432","15.31","-1","0.040384747","0.499852057","0.658260696","0.563215513","9","0.208333333","1.708333333","N1 S1 P1 O10","de-protonated","0","-9999","C48 H82 O10 N1 P1 S1","48","82","10","1","1","1","-9999","-9999","-9999","-9999","-9999","-9999"
"1369","894.533287","894.532465689","894.531778115","4456169","-9999","174432","15.31","-1","0.768641386","0.449172264","0.698017357","0.548710301","0","0.3","2.15","N3 S2 P1 O12","de-protonated","0","-9999","C40 H86 O12 N3 P1 S2","40","86","12","3","1","2","-9999","-9999","-9999","-9999","-9999","-9999"
"1369","894.533287","894.532465689","894.533277717","4456169","-9999","174432","15.31","-1","-0.907766904","0.430560129","0.667769153","0.525443739","10","0.304347826","1.673913043","N3 O14","de-protonated","0","-9999","C46 H77 O14 N3","46","77","14","3","-9999","-9999","-9999","-9999","-9999","-9999","-9999","-9999"
"1370","906.315331","906.314490903","906.313983566","3520735","-9999","202060.3","12.16","-1","0.559780671","0.472364227","0.631293472","0.535935925","29","0.148148148","0.981481481","N1 S2 O8","de-protonated","0","-9999","C54 H53 O8 N1 S2","54","53","8","1","-9999","2","-9999","-9999","-9999","-9999","-9999","-9999"
"1370","906.315331","906.314490903","906.314116507","3520735","-9999","202060.3","12.16","-1","0.413096643","0.484755234","0.6825583","0.56387646","16","0.372093023","1.348837209","N1 S1 P1 O16","de-protonated","0","-9999","C43 H58 O16 N1 P1 S1","43","58","16","1","1","1","-9999","-9999","-9999","-9999","-9999","-9999"
"1370","906.315331","906.314490903","906.313603443","3520735","-9999","202060.3","12.16","-1","0.979197009","0.420157751","0.622788794","0.501210168","34","0.089285714","0.892857143","N3 S1 P1 O5","de-protonated","0","-9999","C56 H50 O5 N3 P1 S1","56","50","5","3","1","1","-9999","-9999","-9999","-9999","-9999","-9999"
"1370","906.315331","906.314490903","906.314964661","3520735","-9999","202060.3","12.16","-1","-0.522729811","0.475814412","0.692787115","0.562603493","17","0.487804878","1.292682927","N3 O20","de-protonated","0","-9999","C41 H53 O20 N3","41","53","20","3","-9999","-9999","-9999","-9999","-9999","-9999","-9999","-9999"
"1371","906.933558","906.932716917","906.93351832","5423112","-9999","204965.6","19.88","-1","-0.883639799","0.289300041","0.549245293","0.393278142","0","0.051724138","2.086206897","N3 O3","de-protonated","0","-9999","C58 H121 O3 N3","58","121","3","3","-9999","-9999","-9999","-9999","-9999","-9999","-9999","-9999"
"1371","906.933558","906.932716917","906.933112484","5423112","-9999","204965.6","19.88","-1","-0.436158859","0.483035567","0.70871839","0.573308696","35","0.473684211","0.342105263","N4 S2 P1 O18","de-protonated","0","-9999","C38 H13 O18 N4 P1 S2","38","13","18","4","1","2","-9999","-9999","-9999","-9999","-9999","-9999"
"1372","910.334512","910.333665494","910.333670183","3598141.3","-9999","161040.9","12.48","-1","-0.005150385","0.499997593","0.618621811","0.54744728","32","0.105263158","0.947368421","N1 S1 P1 O6","de-protonated","0","-9999","C57 H54 O6 N1 P1 S1","57","54","6","1","1","1","-9999","-9999","-9999","-9999","-9999","-9999"
"1372","910.334512","910.333665494","910.333531798","3598141.3","-9999","161040.9","12.48","-1","0.1468647","0.498046969","0.719752637","0.586729236","5","0.527777778","1.833333333","N1 S2 P1 O19","de-protonated","0","-9999","C36 H66 O19 N1 P1 S2","36","66","19","1","1","2","-9999","-9999","-9999","-9999","-9999","-9999"
"1372","910.334512","910.333665494","910.333018734","3598141.3","-9999","161040.9","12.48","-1","0.710465399","0.4562404","0.653607294","0.535187157","23","0.163265306","1.183673469","N3 S2 P1 O8","de-protonated","0","-9999","C49 H58 O8 N3 P1 S2","49","58","8","3","1","2","-9999","-9999","-9999","-9999","-9999","-9999"
"1372","910.334512","910.333665494","910.334518336","3598141.3","-9999","161040.9","12.48","-1","-0.936844337","0.426390121","0.627012296","0.506638991","33","0.181818182","0.890909091","N3 O10","de-protonated","0","-9999","C55 H49 O10 N3","55","49","10","3","-9999","-9999","-9999","-9999","-9999","-9999","-9999","-9999"
"1372","910.334512","910.333665494","910.334379952","3598141.3","-9999","161040.9","12.48","-1","-0.784829536","0.447127343","0.73113591","0.56073077","6","0.676470588","1.794117647","N3 S1 O23","de-protonated","0","-9999","C34 H61 O23 N3 S1","34","61","23","3","-9999","1","-9999","-9999","-9999","-9999","-9999","-9999"
"1373","912.332809","912.331959308","912.331562182","5371979.5","-9999","195934.2","19.68","-1","0.435286338","0.322068143","0.554570712","0.415069171","31","0.070175439","0.98245614","N1 S2 P1 O4","de-protonated","0","-9999","C57 H56 O4 N1 P1 S2","57","56","4","1","1","2","-9999","-9999","-9999","-9999","-9999","-9999"
"1373","912.332809","912.331959308","912.332410336","5371979.5","-9999","195934.2","19.68","-1","-0.494367733","0.318874316","0.565425266","0.417494696","32","0.145454545","0.927272727","N3 S1 O8","de-protonated","0","-9999","C55 H51 O8 N3 S1","55","51","8","3","-9999","1","-9999","-9999","-9999","-9999","-9999","-9999"
"1373","912.332809","912.331959308","912.332543277","5371979.5","-9999","195934.2","19.68","-1","-0.640083969","0.464177589","0.677556332","0.54952908600000006","19","0.363636364","1.272727273","N3 P1 O16","de-protonated","0","-9999","C44 H56 O16 N3 P1","44","56","16","3","1","-9999","-9999","-9999","-9999","-9999","-9999","-9999"
"1373","912.332809","912.331959308","912.332271951","5371979.5","-9999","195934.2","19.68","-1","-0.342685757","0.489458628","0.73113591","0.586129541","5","0.617647059","1.852941176","N3 S2 O21","de-protonated","0","-9999","C34 H63 O21 N3 S2","34","63","21","3","-9999","2","-9999","-9999","-9999","-9999","-9999","-9999"
"1374","914.330508","914.329655123","914.32994602","4250945.5","-9999","182064.7","15.14","-1","-0.31815331","0.490900562","0.692787115","0.571655183","14","0.536585366","1.390243902","N1 O22","de-protonated","0","-9999","C41 H57 O22 N1","41","57","22","1","-9999","-9999","-9999","-9999","-9999","-9999","-9999","-9999"
"1374","914.330508","914.329655123","914.330302335","4250945.5","-9999","182064.7","15.14","-1","-0.707854391","0.456547073","0.627012296","0.524733162","31","0.109090909","0.963636364","N3 S2 O6","de-protonated","0","-9999","C55 H53 O6 N3 S2","55","53","6","3","-9999","2","-9999","-9999","-9999","-9999","-9999","-9999"
"1374","914.330508","914.329655123","914.329432956","4250945.5","-9999","182064.7","15.14","-1","0.242983703","0.494672126","0.631293472","0.549320665","32","0.203703704","0.907407407","N3 O11","de-protonated","0","-9999","C54 H49 O11 N3","54","49","11","3","-9999","-9999","-9999","-9999","-9999","-9999","-9999","-9999"
"1374","914.330508","914.329655123","914.330435277","4250945.5","-9999","182064.7","15.14","-1","-0.853252193","0.438125905","0.677556332","0.533898076","18","0.318181818","1.318181818","N3 S1 P1 O14","de-protonated","0","-9999","C44 H58 O14 N3 P1 S1","44","58","14","3","1","1","-9999","-9999","-9999","-9999","-9999","-9999"
"1374","914.330508","914.329655123","914.329294571","4250945.5","-9999","182064.7","15.14","-1","0.394334496","0.486089558","0.736963647","0.586439194","5","0.727272727","1.848484848","N3 S1 O24","de-protonated","0","-9999","C33 H61 O24 N3 S1","33","61","24","3","-9999","1","-9999","-9999","-9999","-9999","-9999","-9999"
"1375","933.500331","933.499447557","933.499081005","4459507.5","-9999","181786.8","16.02","-1","0.392664458","0.486205495","0.662980834","0.556915631","7","0.255319149","1.765957447","S2 P1 O12","de-protonated","0","-9999","C47 H83 O12 P1 S2","47","83","12","-9999","1","2","-9999","-9999","-9999","-9999","-9999","-9999"
"1375","933.500331","933.499447557","933.498567941","4459507.5","-9999","181786.8","16.02","-1","0.942279068","0.28373382","0.538793609","0.385757735","25","0.016666667","1.25","N2 S2 P1 O1","de-protonated","0","-9999","C60 H75 O1 N2 P1 S2","60","75","1","2","1","2","-9999","-9999","-9999","-9999","-9999","-9999"
"1375","933.500331","933.499447557","933.500067542","4459507.5","-9999","181786.8","16.02","-1","-0.664151735","0.307694197","0.508967985","0.388203712","35","0.045454545","1","N2 O3","de-protonated","0","-9999","C66 H66 O3 N2","66","66","3","2","-9999","-9999","-9999","-9999","-9999","-9999","-9999","-9999"
"1375","933.500331","933.499447557","933.499929158","4459507.5","-9999","181786.8","16.02","-1","-0.515909262","0.476426417","0.672627142","0.554906707","8","0.355555556","1.733333333","N2 S1 O16","de-protonated","0","-9999","C45 H78 O16 N2 S1","45","78","16","2","-9999","1","-9999","-9999","-9999","-9999","-9999","-9999"
"1375","933.500331","933.499447557","933.499416094","4459507.5","-9999","181786.8","16.02","-1","0.033704349","0.333264633","0.549245293","0.419656897","26","0.086206897","1.206896552","N4 S1 O5","de-protonated","0","-9999","C58 H70 O5 N4 S1","58","70","5","4","-9999","1","-9999","-9999","-9999","-9999","-9999","-9999"
"1375","933.500331","933.499447557","933.499549035","4459507.5","-9999","181786.8","16.02","-1","-0.108707861","0.498929023","0.662980834","0.564549747","13","0.276595745","1.595744681","N4 P1 O13","de-protonated","0","-9999","C47 H75 O13 N4 P1","47","75","13","4","1","-9999","-9999","-9999","-9999","-9999","-9999","-9999"
"1376","966.297047","966.296111263","966.295356121","3456814.3","-9999","227056.5","12.95","-1","0.781481502","0.447553","0.614510218","0.514335887","35","0.189655172","0.844827586","N1 S1 O11","de-protonated","0","-9999","C58 H49 O11 N1 S1","58","49","11","1","-9999","1","-9999","-9999","-9999","-9999","-9999","-9999"
"1376","966.297047","966.296111263","966.296358443","3456814.3","-9999","227056.5","12.95","-1","-0.255801082","0.494098628","0.658260696","0.559763455","21","0.291666667","1.208333333","N1 S2 P1 O14","de-protonated","0","-9999","C48 H58 O14 N1 P1 S2","48","58","14","1","1","2","-9999","-9999","-9999","-9999","-9999","-9999"
"1376","966.297047","966.296111263","966.295489063","3456814.3","-9999","227056.5","12.95","-1","0.64390264","0.46376481","0.662980834","0.543451219","22","0.404255319","1.14893617","N1 P1 O19","de-protonated","0","-9999","C47 H54 O19 N1 P1","47","54","19","1","1","-9999","-9999","-9999","-9999","-9999","-9999","-9999"
"1376","966.297047","966.296111263","966.295217737","3456814.3","-9999","227056.5","12.95","-1","0.924692951","0.4281438","0.714192896","0.542563438","8","0.648648649","1.648648649","N1 S2 O24","de-protonated","0","-9999","C37 H61 O24 N1 S2","37","61","24","1","-9999","2","-9999","-9999","-9999","-9999","-9999","-9999"
"1376","966.297047","966.296111263","966.295845378","3456814.3","-9999","227056.5","12.95","-1","0.275158583","0.493178023","0.602496955","0.536905596","39","0.049180328","0.819672131","N3 S2 P1 O3","de-protonated","0","-9999","C61 H50 O3 N3 P1 S2","61","50","3","3","1","2","-9999","-9999","-9999","-9999","-9999","-9999"
"1377","966.900036","966.899099302","966.89878658","5834199.5","-9999","181587.5","23.33","-1","0.323426925","0.327066186","0.538793609","0.411757155","1","0.083333333","2.033333333","N1 P1 O5","de-protonated","0","-9999","C60 H122 O5 N1 P1","60","122","5","1","1","-9999","-9999","-9999","-9999","-9999","-9999","-9999"
"1378","967.003599","967.002662136","967.002892322","4359581","-9999","183290.7","16.89","-1","-0.238039989","0.49488562","0.667769153","0.564039033","38","0.413043478","0.434782609","N2 S2 O19","de-protonated","0","-9999","C46 H20 O19 N2 S2","46","20","19","2","-9999","2","-9999","-9999","-9999","-9999","-9999","-9999"
"1378","967.003599","967.002662136","967.002022942","4359581","-9999","183290.7","16.89","-1","0.661006386","0.461890489","0.672627142","0.54618515","39","0.533333333","0.355555556","N2 O24","de-protonated","0","-9999","C45 H16 O24 N2","45","16","24","2","-9999","-9999","-9999","-9999","-9999","-9999","-9999","-9999"
"1379","967.898999","967.898060709","967.898058305","3723167","-9999","200355.4","14.12","-1","0.002483809","0.33333296","0.51866191","0.40746454","5","0.046875","1.890625","P1 O3","de-protonated","0","-9999","C64 H121 O3 P1","64","121","3","-9999","1","-9999","-9999","-9999","-9999","-9999","-9999","-9999"
"1380","968.294251","968.293312078","968.293248121","4481726.5","-9999","196913.6","17.43","-1","0.066052017","0.333069559","0.549245293","0.419539852","34","0.155172414","0.879310345","N1 S2 O9","de-protonated","0","-9999","C58 H51 O9 N1 S2","58","51","9","1","-9999","2","-9999","-9999","-9999","-9999","-9999","-9999"
"1380","968.294251","968.293312078","968.292378741","4481726.5","-9999","196913.6","17.43","-1","0.963900587","0.281619883","0.554570712","0.390800215","35","0.245614035","0.824561404","N1 O14","de-protonated","0","-9999","C57 H47 O14 N1","57","47","14","1","-9999","-9999","-9999","-9999","-9999","-9999","-9999","-9999"
"1380","968.294251","968.293312078","968.293381062","4481726.5","-9999","196913.6","17.43","-1","-0.071242879","0.499539736","0.662980834","0.564916175","21","0.361702128","1.191489362","N1 S1 P1 O17","de-protonated","0","-9999","C47 H56 O17 N1 P1 S1","47","56","17","1","1","1","-9999","-9999","-9999","-9999","-9999","-9999"
"1380","968.294251","968.293312078","968.292867998","4481726.5","-9999","196913.6","17.43","-1","0.458621825","0.320851425","0.538793609","0.408028299","39","0.1","0.8","N3 S1 P1 O6","de-protonated","0","-9999","C60 H48 O6 N3 P1 S1","60","48","6","3","1","1","-9999","-9999","-9999","-9999","-9999","-9999"
"1380","968.294251","968.293312078","968.292729614","4481726.5","-9999","196913.6","17.43","-1","0.601537793","0.468226103","0.703327172","0.562266531","12","0.487179487","1.538461538","N3 S2 P1 O19","de-protonated","0","-9999","C39 H60 O19 N3 P1 S2","39","60","19","3","1","2","-9999","-9999","-9999","-9999","-9999","-9999"
"1380","968.294251","968.293312078","968.294229216","4481726.5","-9999","196913.6","17.43","-1","-0.947167865","0.424887993","0.672627142","0.523983653","22","0.466666667","1.133333333","N3 O21","de-protonated","0","-9999","C45 H51 O21 N3","45","51","21","3","-9999","-9999","-9999","-9999","-9999","-9999","-9999","-9999"
"1381","970.288899","970.287956898","970.287768817","5275213","-9999","170877.3","20.9","-1","0.193840322","0.331068474","0.533665548","0.412107304","38","0.114754098","0.803278689","N1 S2 O7","de-protonated","0","-9999","C61 H49 O7 N1 S2","61","49","7","1","-9999","2","-9999","-9999","-9999","-9999","-9999","-9999"
"1381","970.288899","970.287956898","970.287901759","5275213","-9999","170877.3","20.9","-1","0.056827632","0.499707102","0.649019222","0.55943195","25","0.3","1.08","N1 S1 P1 O15","de-protonated","0","-9999","C50 H54 O15 N1 P1 S1","50","54","15","1","1","1","-9999","-9999","-9999","-9999","-9999","-9999"
"1381","970.288899","970.287956898","970.28725031","5275213","-9999","170877.3","20.9","-1","0.728225423","0.454130061","0.68763467","0.547531904","16","0.404761905","1.380952381","N3 S2 P1 O17","de-protonated","0","-9999","C42 H58 O17 N3 P1 S2","42","58","17","3","1","2","-9999","-9999","-9999","-9999","-9999","-9999"
"1381","970.288899","970.287956898","970.288749912","5275213","-9999","170877.3","20.9","-1","-0.81729692","0.442927034","0.658260696","0.529060499","26","0.395833333","1.020833333","N3 O19","de-protonated","0","-9999","C48 H49 O19 N3","48","49","19","3","-9999","-9999","-9999","-9999","-9999","-9999","-9999","-9999"
"1382","971.069913","971.068969653","971.068860427","7873679.5","-9999","218364.6","32.25","-1","0.112479924","0.332568998","0.605653763","0.441802904","35","0.395833333","0.604166667","S1 P1 O19","de-protonated","0","-9999","C48 H29 O19 P1 S1","48","29","19","-9999","1","1","-9999","-9999","-9999","-9999","-9999","-9999"
"1382","971.069913","971.068969653","971.068208978","7873679.5","-9999","218364.6","32.25","-1","0.783337797","0.447317172","0.698017357","0.547597246","26","0.525","0.825","N2 S2 P1 O21","de-protonated","0","-9999","C40 H33 O21 N2 P1 S2","40","33","21","2","1","2","-9999","-9999","-9999","-9999","-9999","-9999"
"1382","971.069913","971.068969653","971.06970858","7873679.5","-9999","218364.6","32.25","-1","-0.760941683","0.300088776","0.617818715","0.427180751","36","0.5","0.52173913","N2 O23","de-protonated","0","-9999","C46 H24 O23 N2","46","24","23","2","-9999","-9999","-9999","-9999","-9999","-9999","-9999","-9999"
"1382","971.069913","971.068969653","971.069057131","7873679.5","-9999","218364.6","32.25","-1","-0.090084982","0.499264286","0.70871839","0.583045928","27","0.657894737","0.736842105","N4 S1 O25","de-protonated","0","-9999","C38 H28 O25 N4 S1","38","28","25","4","-9999","1","-9999","-9999","-9999","-9999","-9999","-9999"
"1383","971.088151","971.087207624","971.087487872","22033540","-9999","256474.1","94.08","-1","-0.288591854","0.551800236","0.717128823","0.617931671","34","0.326530612","0.673469388","S2 P1 O16","de-protonated","0","-9999","C49 H33 O16 P1 S2","49","33","16","-9999","1","2","-9999","-9999","-9999","-9999","-9999","-9999"
"1383","971.088151","971.087207624","971.086618492","22033540","-9999","256474.1","94.08","-1","0.606672896","0.480776648","0.360122582","0.432515021","35","0.4375","0.604166667","P1 O21","de-protonated","0","-9999","C48 H29 O21 P1","48","29","21","-9999","1","-9999","-9999","-9999","-9999","-9999","-9999","-9999"
"1383","971.088151","971.087207624","971.087955902","22033540","-9999","256474.1","94.08","-1","-0.770556966","0.61716318","0.772361345","0.679242446","40","0.346938776","0.510204082","N4 P1 O17","de-protonated","0","-9999","C49 H25 O17 N4 P1","49","25","17","4","1","-9999","-9999","-9999","-9999","-9999","-9999","-9999"
"1383","971.088151","971.087207624","971.087684576","22033540","-9999","256474.1","94.08","-1","-0.491152793","0.470392272","0.678009805","0.553439285","26","0.564102564","0.820512821","N4 S2 O22","de-protonated","0","-9999","C39 H32 O22 N4 S2","39","32","22","4","-9999","2","-9999","-9999","-9999","-9999","-9999","-9999"
"1384","971.094043","971.093099614","971.092358777","94499968","-9999","180547.8","410.52","-1","0.762890872","0.112472658","0.5338477","0.281022675","39","0.346153846","0.538461538","S1 O18","de-protonated","0","-9999","C52 H28 O18 S1","52","28","18","-9999","-9999","1","-9999","-9999","-9999","-9999","-9999","-9999"
"1384","971.094043","971.093099614","971.093361098","94499968","-9999","180547.8","410.52","-1","-0.269267728","0.272076653","0.592517072","0.40025282","25","0.5","0.880952381","S2 P1 O21","de-protonated","0","-9999","C42 H37 O21 P1 S2","42","37","21","-9999","1","2","-9999","-9999","-9999","-9999","-9999","-9999"
"1384","971.094043","971.093099614","971.093829129","94499968","-9999","180547.8","410.52","-1","-0.751229934","0.389571073","0.64236947","0.490690432","31","0.523809524","0.69047619","N4 P1 O22","de-protonated","0","-9999","C42 H29 O22 N4 P1","42","29","22","4","1","-9999","-9999","-9999","-9999","-9999","-9999","-9999"
"1385","972.087179","972.086234031","972.0869563","6828618.5","-9999","290371.3","27.69","-1","-0.743009209","0.943888364","0.452300419","0.747253186","30","0.465116279","0.720930233","N3 S2 O20","de-protonated","0","-9999","C43 H31 O20 N3 S2","43","31","20","3","-9999","2","-9999","-9999","-9999","-9999","-9999","-9999"
"1385","972.087179","972.086234031","972.08608692","6828618.5","-9999","290371.3","27.69","-1","0.151334652","0.497926526","0.68763467","0.573809784","31","0.595238095","0.642857143","N3 O25","de-protonated","0","-9999","C42 H27 O25 N3","42","27","25","3","-9999","-9999","-9999","-9999","-9999","-9999","-9999","-9999"
"1386","972.092753","972.091808022","972.090842707","26440264","-9999","233064.5","113.33","-1","0.993029797","0.522033128","0.717128823","0.600071406","34","0.326530612","0.673469388","13C1 S2 P1 O16","de-protonated","1","1383","C48 H33 O16 P1 S2 13C1","48","33","16","-9999","1","2","1","-9999","-9999","-9999","-9999","-9999"
"1386","972.092753","972.091808022","972.092748834","26440264","-9999","233064.5","113.33","-1","-0.967821156","0.257753577","0.592517072","0.391658975","25","0.5","0.880952381","S1 33S1 P1 O21","de-protonated","1","1384","C42 H37 O21 P1 S1 33S1","42","37","21","-9999","1","1","-9999","-9999","-9999","-9999","1","-9999"
"1386","972.092753","972.091808022","972.090979052","26440264","-9999","233064.5","113.33","-1","0.852769514","0.306893205","0.568513637","0.411541378","34","0.375","0.645833333","N1 S2 O18","de-protonated","0","-9999","C48 H31 O18 N1 S2","48","31","18","1","-9999","2","-9999","-9999","-9999","-9999","-9999","-9999"
"1386","972.092753","972.091808022","972.091310737","26440264","-9999","233064.5","113.33","-1","0.511561534","0.635750328","0.772361345","0.690394735","40","0.346938776","0.510204082","13C1 N4 P1 O17","de-protonated","1","1383","C48 H25 O17 N4 P1 13C1","48","25","17","4","1","-9999","1","-9999","-9999","-9999","-9999","-9999"
"1386","972.092753","972.091808022","972.090864023","26440264","-9999","233064.5","113.33","-1","0.971100961","0.381007928","0.64236947","0.485552545","31","0.523809524","0.69047619","N3 15N1 P1 O22","de-protonated","1","1384","C42 H29 O22 N3 P1 15N1","42","29","22","3","1","-9999","-9999","1","-9999","-9999","-9999","-9999"
"1386","972.092753","972.091808022","972.091039411","26440264","-9999","233064.5","113.33","-1","0.790677674","0.45965691","0.678009805","0.546998068","26","0.564102564","0.820512821","13C1 N4 S2 O22","de-protonated","1","1383","C38 H32 O22 N4 S2 13C1","38","32","22","4","-9999","2","1","-9999","-9999","-9999","-9999","-9999"
"1387","972.098551","972.097606013","972.097992985","18625092","-9999","204319.7","79.2","-1","-0.398079715","0.194331148","0.538403422","0.331960058","38","0.25","0.615384615","N1 S2 P1 O13","de-protonated","0","-9999","C52 H32 O13 N1 P1 S2","52","32","13","1","1","2","-9999","-9999","-9999","-9999","-9999","-9999"
"1387","972.098551","972.097606013","972.097123605","18625092","-9999","204319.7","79.2","-1","0.4962543","0.318766202","0.587975334","0.426449855","39","0.352941176","0.549019608","N1 P1 O18","de-protonated","0","-9999","C51 H28 O18 N1 P1","51","28","18","1","1","-9999","-9999","-9999","-9999","-9999","-9999","-9999"
"1387","972.098551","972.097606013","972.096852279","18625092","-9999","204319.7","79.2","-1","0.775368767","0.179330597","0.596617276","0.346245268","25","0.56097561","0.853658537","N1 S2 O23","de-protonated","0","-9999","C41 H35 O23 N1 S2","41","35","23","1","-9999","2","-9999","-9999","-9999","-9999","-9999","-9999"
"1388","972.28631","972.285364713","972.284791437","4549081","-9999","193672.8","17.73","-1","0.589617584","0.312955984","0.538793609","0.403291034","38","0.166666667","0.783333333","N1 S1 O10","de-protonated","0","-9999","C60 H47 O10 N1 S1","60","47","10","1","-9999","1","-9999","-9999","-9999","-9999","-9999","-9999"
"1388","972.28631","972.285364713","972.285793759","4549081","-9999","193672.8","17.73","-1","-0.441274976","0.482642279","0.649019222","0.549193056","24","0.26","1.12","N1 S2 P1 O13","de-protonated","0","-9999","C50 H56 O13 N1 P1 S2","50","56","13","1","1","2","-9999","-9999","-9999","-9999","-9999","-9999"
"1388","972.28631","972.285364713","972.284924379","4549081","-9999","193672.8","17.73","-1","0.452886256","0.481733902","0.653607294","0.550483259","25","0.367346939","1.06122449","N1 P1 O18","de-protonated","0","-9999","C49 H52 O18 N1 P1","49","52","18","1","1","-9999","-9999","-9999","-9999","-9999","-9999","-9999"
"1388","972.28631","972.285364713","972.284653053","4549081","-9999","193672.8","17.73","-1","0.731946799","0.453682525","0.703327172","0.553540384","11","0.58974359","1.512820513","N1 S2 O23","de-protonated","0","-9999","C39 H59 O23 N1 S2","39","59","23","1","-9999","2","-9999","-9999","-9999","-9999","-9999","-9999"
"1389","973.067548","973.066601468","973.066752427","3858458.5","-9999","219356.9","14.72","-1","-0.155137517","0.497821239","0.658260696","0.561997022","34","0.354166667","0.645833333","S2 P1 O17","de-protonated","0","-9999","C48 H31 O17 P1 S2","48","31","17","-9999","1","2","-9999","-9999","-9999","-9999","-9999","-9999"
"1389","973.067548","973.066601468","973.06588304700006","3858458.5","-9999","219356.9","14.72","-1","0.738306339","0.452913474","0.662980834","0.536940418","35","0.468085106","0.574468085","P1 O22","de-protonated","0","-9999","C47 H27 O22 P1","47","27","22","-9999","1","-9999","-9999","-9999","-9999","-9999","-9999","-9999"
"1389","973.067548","973.066601468","973.067220457","3858458.5","-9999","219356.9","14.72","-1","-0.636122353","0.464603609","0.658260696","0.542066444","40","0.375","0.479166667","N4 P1 O18","de-protonated","0","-9999","C48 H23 O18 N4 P1","48","23","18","4","1","-9999","-9999","-9999","-9999","-9999","-9999","-9999"
"1389","973.067548","973.066601468","973.066949131","3858458.5","-9999","219356.9","14.72","-1","-0.357286465","0.488551806","0.70871839","0.576618439","26","0.605263158","0.789473684","N4 S2 O23","de-protonated","0","-9999","C38 H30 O23 N4 S2","38","30","23","4","-9999","2","-9999","-9999","-9999","-9999","-9999","-9999"
"1390","973.084809","973.08386244","973.083283701","10465297","-9999","247306.4","43.57","-1","0.594747477","0.542366612","0.717128823","0.612271497","34","0.326530612","0.673469388","S1 34S1 P1 O16","de-protonated","1","1383","C49 H33 O16 P1 S1 34S1","49","33","16","-9999","1","1","-9999","-9999","-9999","-9999","-9999","1"
"1390","973.084809","973.08386244","973.084510491","10465297","-9999","247306.4","43.57","-1","-0.665976506","0.307558716","0.605653763","0.426796735","34","0.395833333","0.645833333","S1 P1 O19","de-protonated","0","-9999","C48 H31 O19 P1 S1","48","31","19","-9999","1","1","-9999","-9999","-9999","-9999","-9999","-9999"
"1390","973.084809","973.08386244","973.083859043","10465297","-9999","247306.4","43.57","-1","0.003491228","0.249999447","0.619825765","0.397929974","25","0.525","0.875","N2 S2 P1 O21","de-protonated","0","-9999","C40 H35 O21 N2 P1 S2","40","35","21","2","1","2","-9999","-9999","-9999","-9999","-9999","-9999"
"1390","973.084809","973.08386244","973.083480406","10465297","-9999","247306.4","43.57","-1","0.392601812","0.472933372","0.678009805","0.554963945","26","0.564102564","0.820512821","N4 S1 34S1 O22","de-protonated","1","1383","C39 H32 O22 N4 S1 34S1","39","32","22","4","-9999","1","-9999","-9999","-9999","-9999","-9999","1"
"1390","973.084809","973.08386244","973.084707196","10465297","-9999","247306.4","43.57","-1","-0.868121661","0.290730543","0.669687134","0.44231318","26","0.657894737","0.789473684","N4 S1 O25","de-protonated","0","-9999","C38 H30 O25 N4 S1","38","30","25","4","-9999","1","-9999","-9999","-9999","-9999","-9999","-9999"
"1391","973.091556","973.090609429","973.090250776","43806732","-9999","167977.6","189.16","-1","0.368570931","0.121956561","0.516348389","0.279713292","38","0.307692308","0.576923077","S2 O16","de-protonated","0","-9999","C52 H30 O16 S2","52","30","16","-9999","-9999","2","-9999","-9999","-9999","-9999","-9999","-9999"
"1391","973.091556","973.090609429","973.090863485","43806732","-9999","167977.6","189.16","-1","-0.26108122","0.493854006","0.360122582","0.440361436","35","0.4375","0.604166667","P1 O20 18O1","de-protonated","1","1383","C48 H29 O20 P1 18O1","48","29","20","-9999","1","-9999","-9999","-9999","-9999","1","-9999","-9999"
"1391","973.091556","973.090609429","973.090383718","43806732","-9999","167977.6","189.16","-1","0.231952811","0.141469311","0.596964714","0.323667472","25","0.585365854","0.853658537","S1 P1 O24","de-protonated","0","-9999","C41 H35 O24 P1 S1","41","35","24","-9999","1","1","-9999","-9999","-9999","-9999","-9999","-9999"
"1391","973.091556","973.090609429","973.090311135","43806732","-9999","167977.6","189.16","-1","0.306542883","0.983094069","0.452300419","0.770776609","30","0.465116279","0.720930233","13C1 N3 S2 O20","de-protonated","1","1385","C42 H31 O20 N3 S2 13C1","42","31","20","3","-9999","2","1","-9999","-9999","-9999","-9999","-9999"
"1392","973.099332","973.098385417","973.097606092","3471368.3","-9999","294056.6","13.03","-1","0.800870546","0.26239732","0.592517072","0.394445221","25","0.5","0.880952381","S2 P1 O20 18O1","de-protonated","1","1384","C42 H37 O20 P1 S2 18O1","42","37","20","-9999","1","2","-9999","-9999","-9999","1","-9999","-9999"
"1392","973.099332","973.098385417","973.099115184","3471368.3","-9999","294056.6","13.03","-1","-0.749941273","0.451492696","0.677556332","0.54191815","29","0.409090909","0.795454545","N2 S2 P1 O18","de-protonated","0","-9999","C44 H35 O18 N2 P1 S2","44","35","18","2","1","2","-9999","-9999","-9999","-9999","-9999","-9999"
"1392","973.099332","973.098385417","973.098245804","3471368.3","-9999","294056.6","13.03","-1","0.143472339","0.498135985","0.6825583","0.571904911","30","0.534883721","0.720930233","N2 P1 O23","de-protonated","0","-9999","C43 H31 O23 N2 P1","43","31","23","2","1","-9999","-9999","-9999","-9999","-9999","-9999","-9999"
"1392","973.099332","973.098385417","973.097461414","3471368.3","-9999","294056.6","13.03","-1","0.949548352","0.424540042","0.667769153","0.521831686","34","0.369565217","0.652173913","N4 S2 O17","de-protonated","0","-9999","C46 H30 O17 N4 S2","46","30","17","4","-9999","2","-9999","-9999","-9999","-9999","-9999","-9999"
"1392","973.099332","973.098385417","973.098074122","3471368.3","-9999","294056.6","13.03","-1","0.319900501","0.400847367","0.64236947","0.497456208","31","0.523809524","0.69047619","N4 P1 O21 18O1","de-protonated","1","1384","C42 H29 O21 N4 P1 18O1","42","29","21","4","1","-9999","-9999","-9999","-9999","1","-9999","-9999"
"1392","973.099332","973.098385417","973.097594356","3471368.3","-9999","294056.6","13.03","-1","0.812931165","0.4434994","0.725399619","0.556259488","21","0.714285714","1","N4 S1 P1 O25","de-protonated","0","-9999","C35 H35 O25 N4 P1 S1","35","35","25","4","1","1","-9999","-9999","-9999","-9999","-9999","-9999"
"1393","974.083888","974.082939847","974.083130767","3261909.5","-9999","293575.3","12.12","-1","-0.195999652","0.496526865","0.677556332","0.568938652","29","0.431818182","0.772727273","N1 S2 P1 O19","de-protonated","0","-9999","C44 H34 O19 N1 P1 S2","44","34","19","1","1","2","-9999","-9999","-9999","-9999","-9999","-9999"
"1393","974.083888","974.082939847","974.082261387","3261909.5","-9999","293575.3","12.12","-1","0.696511929","0.457868536","0.6825583","0.547744441","30","0.558139535","0.697674419","N1 P1 O24","de-protonated","0","-9999","C43 H30 O24 N1 P1","43","30","24","1","1","-9999","-9999","-9999","-9999","-9999","-9999","-9999"
"1394","974.090971","974.090022836","974.090992853","8871377","-9999","204355.3","36.61","-1","-0.995817871","0.278441731","0.617818715","0.414192525","34","0.391304348","0.652173913","N3 S1 P1 O18","de-protonated","0","-9999","C46 H30 O18 N3 P1 S1","46","30","18","3","1","1","-9999","-9999","-9999","-9999","-9999","-9999"
"1395","974.096604","974.095655827","974.095015605","9911758","-9999","232411.3","41.16","-1","0.657247794","0.308203955","0.587975334","0.420112507","38","0.31372549","0.588235294","N1 S1 P1 O16","de-protonated","0","-9999","C51 H30 O16 N1 P1 S1","51","30","16","1","1","1","-9999","-9999","-9999","-9999","-9999","-9999"
"1395","974.096604","974.095655827","974.095224046","9911758","-9999","232411.3","41.16","-1","0.443263809","0.321658828","0.568513637","0.420400752","34","0.375","0.645833333","N1 S2 O17 18O1","de-protonated","1","1386","C48 H31 O17 N1 S2 18O1","48","31","17","1","-9999","2","-9999","-9999","-9999","1","-9999","-9999"
"1395","974.096604","974.095655827","974.095863758","9911758","-9999","232411.3","41.16","-1","-0.21346089","0.330588758","0.599686074","0.438227684","39","0.408163265","0.510204082","N3 O20","de-protonated","0","-9999","C49 H25 O20 N3","49","25","20","3","-9999","-9999","-9999","-9999","-9999","-9999","-9999","-9999"
"1396","975.089426","975.088476244","975.088275718","6265750.5","-9999","186165.3","25.24","-1","0.205648831","0.496177821","0.692787115","0.574821538","24","0.536585366","0.902439024","S2 P1 O22","de-protonated","0","-9999","C41 H37 O22 P1 S2","41","37","22","-9999","1","2","-9999","-9999","-9999","-9999","-9999","-9999"
"1396","975.089426","975.088476244","975.088743749","6265750.5","-9999","186165.3","25.24","-1","-0.274339016","0.493218325","0.692787115","0.573045841","30","0.56097561","0.707317073","N4 P1 O23","de-protonated","0","-9999","C41 H29 O23 N4 P1","41","29","23","4","1","-9999","-9999","-9999","-9999","-9999","-9999","-9999"
"1397","977.525885","977.524931359","977.524293432","4830758","-9999","177486.7","18.98","-1","0.652594631","0.30854499","0.543986559","0.402721618","21","0.169491525","1.322033898","S1 O10","de-protonated","0","-9999","C59 H78 O10 S1","59","78","10","-9999","-9999","1","-9999","-9999","-9999","-9999","-9999","-9999"
"1397","977.525885","977.524931359","977.525295753","4830758","-9999","177486.7","18.98","-1","-0.372772444","0.487550618","0.653607294","0.553973288","7","0.265306122","1.775510204","S2 P1 O13","de-protonated","0","-9999","C49 H87 O13 P1 S2","49","87","13","-9999","1","2","-9999","-9999","-9999","-9999","-9999","-9999"
"1397","977.525885","977.524931359","977.524426373","4830758","-9999","177486.7","18.98","-1","0.516596171","0.476365109","0.658260696","0.549123344","8","0.375","1.729166667","P1 O18","de-protonated","0","-9999","C48 H83 O18 P1","48","83","18","-9999","1","-9999","-9999","-9999","-9999","-9999","-9999","-9999"
"1397","977.525885","977.524931359","977.524782689","4830758","-9999","177486.7","18.98","-1","0.152087966","0.33193725","0.528601492","0.410602947","25","0.032258065","1.274193548","N2 S2 P1 O2","de-protonated","0","-9999","C62 H79 O2 N2 P1 S2","62","79","2","2","1","2","-9999","-9999","-9999","-9999","-9999","-9999"
"1397","977.525885","977.524931359","977.525630842","4830758","-9999","177486.7","18.98","-1","-0.715565293","0.30375916","0.538793609","0.397772939","26","0.1","1.233333333","N4 S1 O6","de-protonated","0","-9999","C60 H74 O6 N4 S1","60","74","6","4","-9999","1","-9999","-9999","-9999","-9999","-9999","-9999"
"1397","977.525885","977.524931359","977.525763784","4830758","-9999","177486.7","18.98","-1","-0.851563381","0.438354847","0.653607294","0.524455825","13","0.285714286","1.612244898","N4 P1 O14","de-protonated","0","-9999","C49 H79 O14 N4 P1","49","79","14","4","1","-9999","-9999","-9999","-9999","-9999","-9999","-9999"
"1397","977.525885","977.524931359","977.524623078","4830758","-9999","177486.7","18.98","-1","0.315368921","0.491057709","0.70871839","0.578121982","0","0.631578947","2.157894737","N4 O24","de-protonated","0","-9999","C38 H82 O24 N4","38","82","24","4","-9999","-9999","-9999","-9999","-9999","-9999","-9999","-9999"
"1398","1003.278573","1003.277578297","1003.277002722","7441940.5","-9999","249664.8","31.9","-1","0.573694413","0.638156067","0.884208658","0.736577104","29","0.277777778","0.981481481","S1 P1 O15","de-protonated","0","-9999","C54 H53 O15 P1 S1","54","53","15","-9999","1","1","-9999","-9999","-9999","-9999","-9999","-9999"
"1398","1003.278573","1003.277578297","1003.277850875","7441940.5","-9999","249664.8","31.9","-1","-0.271688205","0.650097149","0.895482741","0.748251386","30","0.365384615","0.923076923","N2 O19","de-protonated","0","-9999","C52 H48 O19 N2","52","48","19","2","-9999","-9999","-9999","-9999","-9999","-9999","-9999","-9999"
"1398","1003.278573","1003.277578297","1003.278340133","7441940.5","-9999","249664.8","31.9","-1","-0.759346712","0.584248309","0.878677673","0.702020055","34","0.2","0.890909091","N4 S1 P1 O11","de-protonated","0","-9999","C55 H49 O11 N4 P1 S1","55","49","11","4","1","1","-9999","-9999","-9999","-9999","-9999","-9999"
"1398","1003.278573","1003.277578297","1003.277199427","7441940.5","-9999","249664.8","31.9","-1","0.377632345","0.655822634","0.93024947","0.765593369","21","0.477272727","1.181818182","N4 S1 O21","de-protonated","0","-9999","C44 H52 O21 N4 S1","44","52","21","4","-9999","1","-9999","-9999","-9999","-9999","-9999","-9999"
"1398","1003.278573","1003.277578297","1003.278201748","7441940.5","-9999","249664.8","31.9","-1","-0.621414556","0.91115828","0.955611683","0.928939641","7","0.705882353","1.794117647","N4 S2 P1 O24","de-protonated","0","-9999","C34 H61 O24 N4 P1 S2","34","61","24","4","1","2","-9999","-9999","-9999","-9999","-9999","-9999"
"1399","1003.284503","1003.283508287","1003.282743007","24006162","-9999","173173","107.68","-1","0.762775919","0.29610316","0.791741097","0.494358335","33","0.206896552","0.896551724","S2 O12","de-protonated","0","-9999","C58 H52 O12 S2","58","52","12","-9999","-9999","2","-9999","-9999","-9999","-9999","-9999","-9999"
"1399","1003.284503","1003.283508287","1003.282875949","24006162","-9999","173173","107.68","-1","0.630269091","0.368192641","0.874252199","0.570616464","20","0.425531915","1.212765957","S1 P1 O20","de-protonated","0","-9999","C47 H57 O20 P1 S1","47","57","20","-9999","1","1","-9999","-9999","-9999","-9999","-9999","-9999"
"1399","1003.284503","1003.283508287","1003.283724102","24006162","-9999","173173","107.68","-1","-0.215108627","0.497193957","0.898458071","0.657699603","21","0.533333333","1.155555556","N2 O24","de-protonated","0","-9999","C45 H52 O24 N2","45","52","24","2","-9999","-9999","-9999","-9999","-9999","-9999","-9999","-9999"
"1399","1003.284503","1003.283508287","1003.284080418","24006162","-9999","173173","107.68","-1","-0.570257831","0.316945439","0.786655989","0.504829659","38","0.13559322","0.813559322","N4 S2 O8","de-protonated","0","-9999","C59 H48 O8 N4 S2","59","48","8","4","-9999","2","-9999","-9999","-9999","-9999","-9999","-9999"
"1399","1003.284503","1003.283508287","1003.283211038","24006162","-9999","173173","107.68","-1","0.296276528","0.489409918","0.830787143","0.625960808","39","0.224137931","0.75862069","N4 O13","de-protonated","0","-9999","C58 H44 O13 N4","58","44","13","4","-9999","-9999","-9999","-9999","-9999","-9999","-9999","-9999"
"1399","1003.284503","1003.283508287","1003.28421336","24006162","-9999","173173","107.68","-1","-0.702764306","0.67868584","0.829680111","0.739083548","25","0.333333333","1.104166667","N4 S1 P1 O16","de-protonated","0","-9999","C48 H53 O16 N4 P1 S1","48","53","16","4","1","1","-9999","-9999","-9999","-9999","-9999","-9999"
"1400","1004.281748","1004.280751697","1004.280357557","3394559.8","-9999","248580.7","13.38","-1","0.392459929","0.648292883","0.884208658","0.742659193","29","0.277777778","0.981481481","13C1 S1 P1 O15","de-protonated","1","1398","C53 H53 O15 P1 S1 13C1","53","53","15","-9999","1","1","1","-9999","-9999","-9999","-9999","-9999"
"1400","1004.281748","1004.280751697","1004.280493903","3394559.8","-9999","248580.7","13.38","-1","0.256695395","0.494057539","0.635633513","0.550687929","29","0.320754717","0.962264151","N1 S1 O17","de-protonated","0","-9999","C53 H51 O17 N1 S1","53","51","17","1","-9999","1","-9999","-9999","-9999","-9999","-9999","-9999"
"1400","1004.281748","1004.280751697","1004.281496225","3394559.8","-9999","248580.7","13.38","-1","-0.741353321","0.452543114","0.6825583","0.544549189","15","0.465116279","1.395348837","N1 S2 P1 O20","de-protonated","0","-9999","C43 H60 O20 N1 P1 S2","43","60","20","1","1","2","-9999","-9999","-9999","-9999","-9999","-9999"
"1400","1004.281748","1004.280751697","1004.280626845","3394559.8","-9999","248580.7","13.38","-1","0.124320279","0.498599771","0.68763467","0.574213731","16","0.595238095","1.333333333","N1 P1 O25","de-protonated","0","-9999","C42 H56 O25 N1 P1","42","56","25","1","1","-9999","-9999","-9999","-9999","-9999","-9999","-9999"
"1400","1004.281748","1004.280751697","1004.28120571","3394559.8","-9999","248580.7","13.38","-1","-0.452077934","0.642397129","0.895482741","0.743631374","30","0.365384615","0.923076923","13C1 N2 O19","de-protonated","1","1398","C51 H48 O19 N2 13C1","51","48","19","2","-9999","-9999","1","-9999","-9999","-9999","-9999","-9999"
"1400","1004.281748","1004.280751697","1004.28098316","3394559.8","-9999","248580.7","13.38","-1","-0.230476506","0.495203926","0.622788794","0.546237873","33","0.160714286","0.928571429","N3 S2 P1 O9","de-protonated","0","-9999","C56 H52 O9 N3 P1 S2","56","52","9","3","1","2","-9999","-9999","-9999","-9999","-9999","-9999"
"1400","1004.281748","1004.280751697","1004.28011378","3394559.8","-9999","248580.7","13.38","-1","0.635197978","0.464702689","0.627012296","0.529626532","34","0.254545455","0.872727273","N3 P1 O14","de-protonated","0","-9999","C55 H48 O14 N3 P1","55","48","14","3","1","-9999","-9999","-9999","-9999","-9999","-9999","-9999"
"1400","1004.281748","1004.280751697","1004.279842454","3394559.8","-9999","248580.7","13.38","-1","0.905368025","0.430900065","0.672627142","0.527590896","20","0.422222222","1.222222222","N3 S2 O19","de-protonated","0","-9999","C45 H55 O19 N3 S2","45","55","19","3","-9999","2","-9999","-9999","-9999","-9999","-9999","-9999"
"1400","1004.281748","1004.280751697","1004.281694968","3394559.8","-9999","248580.7","13.38","-1","-0.939249144","0.568054943","0.878677673","0.692304035","34","0.2","0.890909091","13C1 N4 S1 P1 O11","de-protonated","1","1398","C54 H49 O11 N4 P1 S1 13C1","54","49","11","4","1","1","1","-9999","-9999","-9999","-9999","-9999"
"1400","1004.281748","1004.280751697","1004.280554262","3394559.8","-9999","248580.7","13.38","-1","0.196593777","0.662007801","0.93024947","0.769304469","21","0.477272727","1.181818182","13C1 N4 S1 O21","de-protonated","1","1398","C43 H52 O21 N4 S1 13C1","43","52","21","4","-9999","1","1","-9999","-9999","-9999","-9999","-9999"
"1400","1004.281748","1004.280751697","1004.281556583","3394559.8","-9999","248580.7","13.38","-1","-0.801454818","0.889985683","0.955611683","0.916236083","7","0.705882353","1.794117647","13C1 N4 S2 P1 O24","de-protonated","1","1398","C33 H61 O24 N4 P1 S2 13C1","33","61","24","4","1","2","1","-9999","-9999","-9999","-9999","-9999"
"1401","1004.287949","1004.286952687","1004.286097842","9952252","-9999","176278.4","43.38","-1","0.851196559","0.292269687","0.791741097","0.492058251","33","0.206896552","0.896551724","13C1 S2 O12","de-protonated","1","1399","C57 H52 O12 S2 13C1","57","52","12","-9999","-9999","2","1","-9999","-9999","-9999","-9999","-9999"
"1401","1004.287949","1004.286952687","1004.286230784","9952252","-9999","176278.4","43.38","-1","0.718822103","0.364202148","0.874252199","0.568222168","20","0.425531915","1.212765957","13C1 S1 P1 O20","de-protonated","1","1399","C46 H57 O20 P1 S1 13C1","46","57","20","-9999","1","1","1","-9999","-9999","-9999","-9999","-9999"
"1401","1004.287949","1004.286952687","1004.287507836","9952252","-9999","176278.4","43.38","-1","-0.552778468","0.31535494","0.554570712","0.411041249","33","0.210526316","0.912280702","N1 S1 P1 O12","de-protonated","0","-9999","C57 H52 O12 N1 P1 S1","57","52","12","1","1","1","-9999","-9999","-9999","-9999","-9999","-9999"
"1401","1004.287949","1004.286952687","1004.28636713","9952252","-9999","176278.4","43.38","-1","0.583058318","0.313393077","0.617818715","0.435163332","20","0.47826087","1.195652174","N1 S1 O22","de-protonated","0","-9999","C46 H55 O22 N1 S1","46","55","22","1","-9999","1","-9999","-9999","-9999","-9999","-9999","-9999"
"1401","1004.287949","1004.286952687","1004.287369451","9952252","-9999","176278.4","43.38","-1","-0.414984886","0.32307848","0.676201412","0.464327653","6","0.694444444","1.777777778","N1 S2 P1 O25","de-protonated","0","-9999","C36 H64 O25 N1 P1 S2","36","64","25","1","1","2","-9999","-9999","-9999","-9999","-9999","-9999"
"1401","1004.287949","1004.286952687","1004.287078937","9952252","-9999","176278.4","43.38","-1","-0.125711096","0.498568311","0.898458071","0.658524215","21","0.533333333","1.155555556","13C1 N2 O24","de-protonated","1","1399","C44 H52 O24 N2 13C1","44","52","24","2","-9999","-9999","1","-9999","-9999","-9999","-9999","-9999"
"1401","1004.287949","1004.286952687","1004.286856387","9952252","-9999","176278.4","43.38","-1","0.095889107","0.249583255","0.569144758","0.377407856","24","0.285714286","1.142857143","N3 S2 P1 O14","de-protonated","0","-9999","C49 H56 O14 N3 P1 S2","49","56","14","3","1","2","-9999","-9999","-9999","-9999","-9999","-9999"
"1401","1004.287949","1004.286952687","1004.285987007","9952252","-9999","176278.4","43.38","-1","0.961558812","0.281850385","0.605653763","0.411371736","25","0.395833333","1.083333333","N3 P1 O19","de-protonated","0","-9999","C48 H52 O19 N3 P1","48","52","19","3","1","-9999","-9999","-9999","-9999","-9999","-9999","-9999"
"1401","1004.287949","1004.286952687","1004.287435253","9952252","-9999","176278.4","43.38","-1","-0.480505513","0.319657181","0.786655989","0.506456704","38","0.13559322","0.813559322","13C1 N4 S2 O8","de-protonated","1","1399","C58 H48 O8 N4 S2 13C1","58","48","8","4","-9999","2","1","-9999","-9999","-9999","-9999","-9999"
"1401","1004.287949","1004.286952687","1004.286565873","9952252","-9999","176278.4","43.38","-1","0.385163193","0.486720512","0.830787143","0.624347165","39","0.224137931","0.75862069","13C1 N4 O13","de-protonated","1","1399","C57 H44 O13 N4 13C1","57","44","13","4","-9999","-9999","1","-9999","-9999","-9999","-9999","-9999"
"1401","1004.287949","1004.286952687","1004.287568195","9952252","-9999","176278.4","43.38","-1","-0.612879616","0.683643389","0.829680111","0.742058078","25","0.333333333","1.104166667","13C1 N4 S1 P1 O16","de-protonated","1","1399","C47 H53 O16 N4 P1 S1 13C1","47","53","16","4","1","1","1","-9999","-9999","-9999","-9999","-9999"
"1402","1005.281901","1005.280903102","1005.280767949","8315375","-9999","175244.2","35.9","-1","0.134443687","0.332241889","0.611697646","0.444024192","19","0.382978723","1.255319149","S2 P1 O18","de-protonated","0","-9999","C47 H59 O18 P1 S2","47","59","18","-9999","1","2","-9999","-9999","-9999","-9999","-9999","-9999"
"1402","1005.281901","1005.280903102","1005.279898569","8315375","-9999","175244.2","35.9","-1","0.999257544","0.278095238","0.617818715","0.413984629","20","0.5","1.195652174","P1 O23","de-protonated","0","-9999","C46 H55 O23 P1","46","55","23","-9999","1","-9999","-9999","-9999","-9999","-9999","-9999","-9999"
"1402","1005.281901","1005.280903102","1005.280254884","8315375","-9999","175244.2","35.9","-1","0.644813125","0.309110722","0.538793609","0.400983877","37","0.116666667","0.85","N2 S2 P1 O7","de-protonated","0","-9999","C60 H51 O7 N2 P1 S2","60","51","7","2","1","2","-9999","-9999","-9999","-9999","-9999","-9999"
"1402","1005.281901","1005.280903102","1005.281616102","8315375","-9999","175244.2","35.9","-1","-0.709253513","0.304255237","0.62401797","0.43216033","20","0.488888889","1.2","N2 S1 O22","de-protonated","0","-9999","C45 H54 O22 N2 S1","45","54","22","2","-9999","1","-9999","-9999","-9999","-9999","-9999","-9999"
"1402","1005.281901","1005.280903102","1005.281103038","8315375","-9999","175244.2","35.9","-1","-0.198884936","0.330949484","0.549245293","0.418267808","38","0.189655172","0.793103448","N4 S1 O11","de-protonated","0","-9999","C58 H46 O11 N4 S1","58","46","11","4","-9999","1","-9999","-9999","-9999","-9999","-9999","-9999"
"1402","1005.281901","1005.280903102","1005.280009189","8315375","-9999","175244.2","35.9","-1","0.889218172","0.666700733","0.829680111","0.731892484","25","0.333333333","1.104166667","N4 34S1 P1 O16","de-protonated","1","1399","C48 H53 O16 N4 P1 34S1","48","53","16","4","1","-9999","-9999","-9999","-9999","-9999","-9999","1"
"1402","1005.281901","1005.280903102","1005.281235979","8315375","-9999","175244.2","35.9","-1","-0.331128231","0.326767165","0.611697646","0.440739358","25","0.404255319","1.085106383","N4 P1 O19","de-protonated","0","-9999","C47 H51 O19 N4 P1","47","51","19","4","1","-9999","-9999","-9999","-9999","-9999","-9999","-9999"
"1402","1005.281901","1005.280903102","1005.280964653","8315375","-9999","175244.2","35.9","-1","-0.061227497","0.499660008","0.714192896","0.585473163","11","0.648648649","1.567567568","N4 S2 O24","de-protonated","0","-9999","C37 H58 O24 N4 S2","37","58","24","4","-9999","2","-9999","-9999","-9999","-9999","-9999","-9999"
"1403","1015.042781","1015.041767539","1015.040931601","8263283","-9999","170968.5","35.68","-1","0.823550477","0.294735419","0.599686074","0.416715681","36","0.387755102","0.591836735","S2 P1 O19","de-protonated","0","-9999","C49 H29 O19 P1 S2","49","29","19","-9999","1","2","-9999","-9999","-9999","-9999","-9999","-9999"
"1403","1015.042781","1015.041767539","1015.041779755","8263283","-9999","170968.5","35.68","-1","-0.012034703","0.333324573","0.611697646","0.444673802","37","0.489361702","0.510638298","N2 S1 O23","de-protonated","0","-9999","C47 H24 O23 N2 S1","47","24","23","2","-9999","1","-9999","-9999","-9999","-9999","-9999","-9999"
"1403","1015.042781","1015.041767539","1015.041128306","8263283","-9999","170968.5","35.68","-1","0.629760643","0.465283002","0.703327172","0.56050067","28","0.641025641","0.717948718","N4 S2 O25","de-protonated","0","-9999","C39 H28 O25 N4 S2","39","28","25","4","-9999","2","-9999","-9999","-9999","-9999","-9999","-9999"
"1404","1016.041525","1016.040509946","1016.03957759","3331207.8","-9999","237822.4","13.12","-1","0.917637803","0.286103166","0.504211037","0.373346315","1","0.014925373","2.044776119","N2 P1 O1","de-protonated","0","-9999","C67 H137 O1 N2 P1","67","137","1","2","1","-9999","-9999","-9999","-9999","-9999","-9999","-9999"
"1404","1016.041525","1016.040509946","1016.04040003","3331207.8","-9999","237822.4","13.12","-1","0.108181009","0.498939368","0.6825583","0.572386941","32","0.534883721","0.627906977","N3 S2 O23","de-protonated","0","-9999","C43 H27 O23 N3 S2","43","27","23","3","-9999","2","-9999","-9999","-9999","-9999","-9999","-9999"
"1405","1017.034458","1017.033441363","1017.033931469","3383971.8","-9999","273622.6","13.36","-1","-0.481897489","0.479369233","0.6825583","0.56064486","32","0.558139535","0.627906977","N2 S1 P1 O24","de-protonated","0","-9999","C43 H27 O24 N2 P1 S1","43","27","24","2","1","1","-9999","-9999","-9999","-9999","-9999","-9999"
"1406","1017.040468","1017.039451354","1017.039671754","8129184.5","-9999","174400.3","35.07","-1","-0.216708086","0.330504979","0.611697646","0.442982046","36","0.446808511","0.553191489","N2 S2 O21","de-protonated","0","-9999","C47 H26 O21 N2 S2","47","26","21","2","-9999","2","-9999","-9999","-9999","-9999","-9999","-9999"
"1407","1021.552076","1021.55105216","1021.551648886","4930109","-9999","189538.3","20.45","-1","-0.584137224","0.313321475","0.481293734","0.380510379","34","0.013888889","1.097222222","S1 P1 O1","de-protonated","0","-9999","C72 H79 O1 P1 S1","72","79","1","-9999","1","1","-9999","-9999","-9999","-9999","-9999","-9999"
"1407","1021.552076","1021.55105216","1021.55050818","4930109","-9999","189538.3","20.45","-1","0.532503955","0.316616517","0.533665548","0.403436129","21","0.180327869","1.344262295","S1 O11","de-protonated","0","-9999","C61 H82 O11 S1","61","82","11","-9999","-9999","1","-9999","-9999","-9999","-9999","-9999","-9999"
"1407","1021.552076","1021.55105216","1021.551510502","4930109","-9999","189538.3","20.45","-1","-0.448672347","0.48206609499999997","0.644495114","0.547037702","7","0.274509804","1.784313725","S2 P1 O14","de-protonated","0","-9999","C51 H91 O14 P1 S2","51","91","14","-9999","1","2","-9999","-9999","-9999","-9999","-9999","-9999"
"1407","1021.552076","1021.55105216","1021.550641122","4930109","-9999","189538.3","20.45","-1","0.402366696","0.485525469","0.649019222","0.55092297","8","0.38","1.74","P1 O19","de-protonated","0","-9999","C50 H87 O19 P1","50","87","19","-9999","1","-9999","-9999","-9999","-9999","-9999","-9999","-9999"
"1407","1021.552076","1021.55105216","1021.550997438","4930109","-9999","189538.3","20.45","-1","0.053567894","0.333159822","0.51866191","0.407360657","25","0.046875","1.296875","N2 S2 P1 O3","de-protonated","0","-9999","C64 H83 O3 N2 P1 S2","64","83","3","2","1","2","-9999","-9999","-9999","-9999","-9999","-9999"
"1407","1021.552076","1021.55105216","1021.550128058","4930109","-9999","189538.3","20.45","-1","0.904607792","0.287338442","0.523600568","0.381843292","26","0.126984127","1.253968254","N2 P1 O8","de-protonated","0","-9999","C63 H79 O8 N2 P1","63","79","8","2","1","-9999","-9999","-9999","-9999","-9999","-9999","-9999"
"1407","1021.552076","1021.55105216","1021.551845591","4930109","-9999","189538.3","20.45","-1","-0.776691695","0.298772995","0.528601492","0.390704394","26","0.112903226","1.258064516","N4 S1 O7","de-protonated","0","-9999","C62 H78 O7 N4 S1","62","78","7","4","-9999","1","-9999","-9999","-9999","-9999","-9999","-9999"
"1407","1021.552076","1021.55105216","1021.551978532","4930109","-9999","189538.3","20.45","-1","-0.906828613","0.430693166","0.644495114","0.516213945","13","0.294117647","1.62745098","N4 P1 O15","de-protonated","0","-9999","C51 H83 O15 N4 P1","51","83","15","4","1","-9999","-9999","-9999","-9999","-9999","-9999","-9999"
"1407","1021.552076","1021.55105216","1021.550837826","4930109","-9999","189538.3","20.45","-1","0.209811845","0.496022131","0.698017357","0.576820221","0","0.625","2.15","N4 O25","de-protonated","0","-9999","C40 H86 O25 N4","40","86","25","4","-9999","-9999","-9999","-9999","-9999","-9999","-9999","-9999"
"1408","1026.968871","1026.967838523","1026.968160583","3531941.3","-9999","167018","14.06","-1","-0.313602499","0.491156714","0.658260696","0.557998307","39","0.4375","0.4375","S2 P1 O21","de-protonated","0","-9999","C48 H21 O21 P1 S2","48","21","21","-9999","1","2","-9999","-9999","-9999","-9999","-9999","-9999"
"1408","1026.968871","1026.967838523","1026.967534847","3531941.3","-9999","167018","14.06","-1","0.29570144","0.492129722","0.598596236","0.534716328","0","0.080645161","2.096774194","N3 P1 O5","de-protonated","0","-9999","C62 H130 O5 N3 P1","62","130","5","3","1","-9999","-9999","-9999","-9999","-9999","-9999","-9999"
"1409","1031.053616","1031.05257701","1031.053604286","4274628.5","-9999","249897","17.47","-1","-0.996336016","0.902131384","0.901469858","0.901866774","36","0.448979592","0.591836735","S1 P1 O22","de-protonated","0","-9999","C49 H29 O22 P1 S1","49","29","22","-9999","1","1","-9999","-9999","-9999","-9999","-9999","-9999"
"1409","1031.053616","1031.05257701","1031.052952837","4274628.5","-9999","249897","17.47","-1","-0.364508107","0.488089948","0.692787115","0.569968815","27","0.585365854","0.804878049","N2 S2 P1 O24","de-protonated","0","-9999","C41 H33 O24 N2 P1 S2","41","33","24","2","1","2","-9999","-9999","-9999","-9999","-9999","-9999"
"1410","1031.059821","1031.058782","1031.059344571","11213250","-9999","178936.4","49.21","-1","-0.54562404900000006","0.236853694","0.54827113","0.36142066900000003","40","0.358490566","0.528301887","S2 O19","de-protonated","0","-9999","C53 H28 O19 S2","53","28","19","-9999","-9999","2","-9999","-9999","-9999","-9999","-9999","-9999"
"1410","1031.059821","1031.058782","1031.058718835","11213250","-9999","178936.4","49.21","-1","0.061262065","0.333106416","0.504211037","0.401548264","1","0.044776119","2.044776119","N3 O3","de-protonated","0","-9999","C67 H137 O3 N3","67","137","3","3","-9999","-9999","-9999","-9999","-9999","-9999","-9999","-9999"
"1410","1031.059821","1031.058782","1031.058313","11213250","-9999","178936.4","49.21","-1","0.454872843","0.240788149","0.579952989","0.376454085","36","0.382978723","0.617021277","N4 S2 P1 O18","de-protonated","0","-9999","C47 H29 O18 N4 P1 S2","47","29","18","4","1","2","-9999","-9999","-9999","-9999","-9999","-9999"
"1411","1032.058429","1032.057388408","1032.056959121","3426334.3","-9999","239545.5","13.59","-1","0.415952754","0.969094012","0.901469858","0.942044351","36","0.448979592","0.591836735","13C1 S1 P1 O22","de-protonated","1","1409","C48 H29 O22 P1 S1 13C1","48","29","22","-9999","1","1","1","-9999","-9999","-9999","-9999","-9999"
"1411","1032.058429","1032.057388408","1032.057095466","3426334.3","-9999","239545.5","13.59","-1","0.283842159","0.492743836","0.658260696","0.55895058","36","0.5","0.5625","N1 S1 O24","de-protonated","0","-9999","C48 H27 O24 N1 S1","48","27","24","1","-9999","1","-9999","-9999","-9999","-9999","-9999","-9999"
"1411","1032.058429","1032.057388408","1032.057990559","3426334.3","-9999","239545.5","13.59","-1","-0.583447521","0.313367261","0.485764205","0.382326038","5","0.014084507","1.915492958","N2 O1","de-protonated","0","-9999","C71 H136 O1 N2","71","136","1","2","-9999","-9999","-9999","-9999","-9999","-9999","-9999","-9999"
"1411","1032.058429","1032.057388408","1032.057584724","3426334.3","-9999","239545.5","13.59","-1","-0.190218103","0.49672808","0.644495114","0.555834894","40","0.31372549","0.549019608","N3 S2 P1 O16","de-protonated","0","-9999","C51 H28 O16 N3 P1 S2","51","28","16","3","1","2","-9999","-9999","-9999","-9999","-9999","-9999"
"1412","1033.057431","1033.056388815","1033.056367191","6014590.5","-9999","164885.2","25.43","-1","0.020932279","0.333306833","0.582230334","0.432876233","40","0.423076923","0.5","S1 O22","de-protonated","0","-9999","C52 H26 O22 S1","52","26","22","-9999","-9999","1","-9999","-9999","-9999","-9999","-9999","-9999"
"1412","1033.057431","1033.056388815","1033.057369512","6014590.5","-9999","164885.2","25.43","-1","-0.949315502","0.424574103","0.68763467","0.52979833","26","0.595238095","0.833333333","S2 P1 O25","de-protonated","0","-9999","C42 H35 O25 P1 S2","42","35","25","-9999","1","2","-9999","-9999","-9999","-9999","-9999","-9999"
"1412","1033.057431","1033.056388815","1033.055715742","6014590.5","-9999","164885.2","25.43","-1","0.651535918","0.462933448","0.677556332","0.548782602","31","0.545454545","0.681818182","N2 S2 O24","de-protonated","0","-9999","C44 H30 O24 N2 S2","44","30","24","2","-9999","2","-9999","-9999","-9999","-9999","-9999","-9999"
"1412","1033.057431","1033.056388815","1033.056610835","6014590.5","-9999","164885.2","25.43","-1","-0.214915701","0.330551377","0.504211037","0.400015241","0","0.014925373","2.074626866","N3 S1 O1","de-protonated","0","-9999","C67 H139 O1 N3 S1","67","139","1","3","-9999","1","-9999","-9999","-9999","-9999","-9999","-9999"
"1413","1037.315466","1037.314417025","1037.315224906","3337149.8","-9999","185901","13.19","-1","-0.778818456","0.447890558","0.658260696","0.532038613","18","0.4375","1.291666667","S2 O21","de-protonated","0","-9999","C48 H62 O21 S2","48","62","21","-9999","-9999","2","-9999","-9999","-9999","-9999","-9999","-9999"
"1413","1037.315466","1037.314417025","1037.314711841","3337149.8","-9999","185901","13.19","-1","-0.28421075","0.492725116","0.602496955","0.536633852","36","0.163934426","0.885245902","N2 S2 O10","de-protonated","0","-9999","C61 H54 O10 N2 S2","61","54","10","2","-9999","2","-9999","-9999","-9999","-9999","-9999","-9999"
"1413","1037.315466","1037.314417025","1037.313842462","3337149.8","-9999","185901","13.19","-1","0.55389589400000006","0.472926281","0.606448844","0.526335306","37","0.25","0.833333333","N2 O15","de-protonated","0","-9999","C60 H50 O15 N2","60","50","15","2","-9999","-9999","-9999","-9999","-9999","-9999","-9999","-9999"
"1413","1037.315466","1037.314417025","1037.314844783","3337149.8","-9999","185901","13.19","-1","-0.412370192","0.484807982","0.649019222","0.550492478","23","0.36","1.18","N2 S1 P1 O18","de-protonated","0","-9999","C50 H59 O18 N2 P1 S1","50","59","18","2","1","1","-9999","-9999","-9999","-9999","-9999","-9999"
"1413","1037.315466","1037.314417025","1037.314193335","3337149.8","-9999","185901","13.19","-1","0.215644363","0.495798841","0.68763467","0.572533173","14","0.476190476","1.5","N4 S2 P1 O20","de-protonated","0","-9999","C42 H63 O20 N4 P1 S2","42","63","20","4","1","2","-9999","-9999","-9999","-9999","-9999","-9999"
"1414","1061.235945","1061.234857885","1061.234211679","3216642.5","-9999","193267.8","13.54","-1","0.608919491","0.46746759","0.658260696","0.543784832","22","0.4375","1.145833333","S2 P1 O21","de-protonated","0","-9999","C48 H55 O21 P1 S2","48","55","21","-9999","1","2","-9999","-9999","-9999","-9999","-9999","-9999"
"1414","1061.235945","1061.234857885","1061.23571128","3216642.5","-9999","193267.8","13.54","-1","-0.804152786","0.444643208","0.631293472","0.519303314","32","0.425925926","0.851851852","O23","de-protonated","0","-9999","C54 H46 O23","54","46","23","-9999","-9999","-9999","-9999","-9999","-9999","-9999","-9999","-9999"
"1414","1061.235945","1061.234857885","1061.235059832","3216642.5","-9999","193267.8","13.54","-1","-0.190294292","0.496725467","0.667769153","0.565142941","23","0.543478261","1.086956522","N2 S1 O25","de-protonated","0","-9999","C46 H50 O25 N2 S1","46","50","25","2","-9999","1","-9999","-9999","-9999","-9999","-9999","-9999"
"1414","1061.235945","1061.234857885","1061.235549089","3216642.5","-9999","193267.8","13.54","-1","-0.651320364","0.462957038","0.653607294","0.539217141","27","0.346938776","1.040816327","N4 S2 P1 O17","de-protonated","0","-9999","C49 H51 O17 N4 P1 S2","49","51","17","4","1","2","-9999","-9999","-9999","-9999","-9999","-9999"
"1414","1061.235945","1061.234857885","1061.234679709","3216642.5","-9999","193267.8","13.54","-1","0.167894575","0.497449138","0.658260696","0.561773761","28","0.458333333","0.979166667","N4 P1 O22","de-protonated","0","-9999","C48 H47 O22 N4 P1","48","47","22","4","1","-9999","-9999","-9999","-9999","-9999","-9999","-9999"
"1415","1061.243785","1061.242697872","1061.243594593","7898367.5","-9999","160005.1","36.41","-1","-0.84497172","0.292830155","0.543986559","0.393292717","35","0.220338983","0.86440678","S2 P1 O13","de-protonated","0","-9999","C59 H51 O13 P1 S2","59","51","13","-9999","1","2","-9999","-9999","-9999","-9999","-9999","-9999"
"1415","1061.243785","1061.242697872","1061.242725213","7898367.5","-9999","160005.1","36.41","-1","-0.025763149","0.65669175","0.823165888","0.723281405","36","0.310344828","0.810344828","P1 O18","de-protonated","0","-9999","C58 H47 O18 P1","58","47","18","-9999","1","-9999","-9999","-9999","-9999","-9999","-9999","-9999"
"1415","1061.243785","1061.242697872","1061.242453887","7898367.5","-9999","160005.1","36.41","-1","0.229905244","0.662073491","0.879574358","0.749073838","22","0.479166667","1.125","S2 O23","de-protonated","0","-9999","C48 H54 O23 S2","48","54","23","-9999","-9999","2","-9999","-9999","-9999","-9999","-9999","-9999"
"1415","1061.243785","1061.242697872","1061.241940823","7898367.5","-9999","160005.1","36.41","-1","0.713361794","0.63074141","0.807586142","0.701479303","40","0.196721311","0.754098361","N2 S2 O12","de-protonated","0","-9999","C61 H46 O12 N2 S2","61","46","12","2","-9999","2","-9999","-9999","-9999","-9999","-9999","-9999"
"1415","1061.243785","1061.242697872","1061.242073764","7898367.5","-9999","160005.1","36.41","-1","0.588091766","0.64386126","0.867714185","0.73340243","27","0.4","1.02","N2 S1 P1 O20","de-protonated","0","-9999","C50 H51 O20 N2 P1 S1","50","51","20","2","1","1","-9999","-9999","-9999","-9999","-9999","-9999"
"1415","1061.243785","1061.242697872","1061.242921918","7898367.5","-9999","160005.1","36.41","-1","-0.211116079","0.643341422","0.879574358","0.737834597","28","0.5","0.958333333","N4 O24","de-protonated","0","-9999","C48 H46 O24 N4","48","46","24","4","-9999","-9999","-9999","-9999","-9999","-9999","-9999","-9999"
"1416","1062.246735","1062.245646273","1062.246080048","2979736.8","-9999","165605","12.38","-1","-0.408356611","0.646797119","0.823165888","0.717344626","36","0.310344828","0.810344828","13C1 P1 O18","de-protonated","1","1415","C57 H47 O18 P1 13C1","57","47","18","-9999","1","-9999","1","-9999","-9999","-9999","-9999","-9999"
"1416","1062.246735","1062.245646273","1062.245808722","2979736.8","-9999","165605","12.38","-1","-0.15292981","0.66384357","0.879574358","0.750135885","22","0.479166667","1.125","13C1 S2 O23","de-protonated","1","1415","C47 H54 O23 S2 13C1","47","54","23","-9999","-9999","2","1","-9999","-9999","-9999","-9999","-9999"
"1416","1062.246735","1062.245646273","1062.244716792","2979736.8","-9999","165605","12.38","-1","0.875015903","0.435145909","0.644495114","0.518885591","26","0.352941176","1.058823529","N1 S2 P1 O18","de-protonated","0","-9999","C51 H54 O18 N1 P1 S2","51","54","18","1","1","2","-9999","-9999","-9999","-9999","-9999","-9999"
"1416","1062.246735","1062.245646273","1062.246216394","2979736.8","-9999","165605","12.38","-1","-0.536712507","0.474537162","0.618621811","0.532171021","36","0.350877193","0.789473684","N1 O20","de-protonated","0","-9999","C57 H45 O20 N1","57","45","20","1","-9999","-9999","-9999","-9999","-9999","-9999","-9999","-9999"
"1416","1062.246735","1062.245646273","1062.245295658","2979736.8","-9999","165605","12.38","-1","0.330069902","0.653617316","0.807586142","0.715204847","40","0.196721311","0.754098361","13C1 N2 S2 O12","de-protonated","1","1415","C60 H46 O12 N2 S2 13C1","60","46","12","2","-9999","2","1","-9999","-9999","-9999","-9999","-9999"
"1416","1062.246735","1062.245646273","1062.2454286","2979736.8","-9999","165605","12.38","-1","0.204918246","0.661606435","0.867714185","0.744049535","27","0.4","1.02","13C1 N2 S1 P1 O20","de-protonated","1","1415","C49 H51 O20 N2 P1 S1 13C1","49","51","20","2","1","1","1","-9999","-9999","-9999","-9999","-9999"
"1416","1062.246735","1062.245646273","1062.246705651","2979736.8","-9999","165605","12.38","-1","-0.997299567","0.417438851","0.606448844","0.493042848","40","0.2","0.766666667","N3 S1 P1 O12","de-protonated","0","-9999","C60 H46 O12 N3 P1 S1","60","46","12","3","1","1","-9999","-9999","-9999","-9999","-9999","-9999"
"1416","1062.246735","1062.245646273","1062.245564945","2979736.8","-9999","165605","12.38","-1","0.076562193","0.499468478","0.653607294","0.561124004","27","0.448979592","1","N3 S1 O22","de-protonated","0","-9999","C49 H49 O22 N3 S1","49","49","22","3","-9999","1","-9999","-9999","-9999","-9999","-9999","-9999"
"1416","1062.246735","1062.245646273","1062.246567267","2979736.8","-9999","165605","12.38","-1","-0.86702445400000006","0.436246488","0.703327172","0.543078761","13","0.641025641","1.487179487","N3 S2 P1 O25","de-protonated","0","-9999","C39 H58 O25 N3 P1 S2","39","58","25","3","1","2","-9999","-9999","-9999","-9999","-9999","-9999"
"1416","1062.246735","1062.245646273","1062.246276753","2979736.8","-9999","165605","12.38","-1","-0.593534394","0.625385881","0.879574358","0.727061272","28","0.5","0.958333333","13C1 N4 O24","de-protonated","1","1415","C47 H46 O24 N4 13C1","47","46","24","4","-9999","-9999","1","-9999","-9999","-9999","-9999","-9999"
"1417","1063.239419","1063.23832869","1063.238115289","4848181.5","-9999","174594.4","21.51","-1","0.200708356","0.330905733","0.528601492","0.409984036","39","0.177419355","0.790322581","S2 P1 O11","de-protonated","0","-9999","C62 H49 O11 P1 S2","62","49","11","-9999","1","2","-9999","-9999","-9999","-9999","-9999","-9999"
"1417","1063.239419","1063.23832869","1063.238963443","4848181.5","-9999","174594.4","21.51","-1","-0.59699881","0.312459013","0.538793609","0.402992852","40","0.25","0.733333333","N2 S1 O15","de-protonated","0","-9999","C60 H44 O15 N2 S1","60","44","15","2","-9999","1","-9999","-9999","-9999","-9999","-9999","-9999"
"1417","1063.239419","1063.23832869","1063.239096384","4848181.5","-9999","174594.4","21.51","-1","-0.722033387","0.454870632","0.653607294","0.534365297","27","0.469387755","1","N2 P1 O23","de-protonated","0","-9999","C49 H49 O23 N2 P1","49","49","23","2","1","-9999","-9999","-9999","-9999","-9999","-9999","-9999"
"1417","1063.239419","1063.23832869","1063.238311994","4848181.5","-9999","174594.4","21.51","-1","0.015703238","0.499977629","0.640033642","0.556000034","31","0.326923077","0.923076923","N4 S2 O17","de-protonated","0","-9999","C52 H48 O17 N4 S2","52","48","17","4","-9999","2","-9999","-9999","-9999","-9999","-9999","-9999"
"1417","1063.239419","1063.23832869","1063.237442614","4848181.5","-9999","174594.4","21.51","-1","0.833375612","0.440799128","0.644495114","0.522277523","32","0.431372549","0.862745098","N4 O22","de-protonated","0","-9999","C51 H44 O22 N4","51","44","22","4","-9999","-9999","-9999","-9999","-9999","-9999","-9999","-9999"
"1417","1063.239419","1063.23832869","1063.238444936","4848181.5","-9999","174594.4","21.51","-1","-0.109331492","0.498916713","0.692787115","0.576464874","18","0.609756098","1.292682927","N4 S1 P1 O25","de-protonated","0","-9999","C41 H53 O25 N4 P1 S1","41","53","25","4","1","1","-9999","-9999","-9999","-9999","-9999","-9999"
"1418","1065.574788","1065.573693967","1065.574492331","5971696.5","-9999","173445","27.01","-1","-0.749234242","0.301053026","0.459750141","0.364531872","39","0.025974026","1.025974026","P1 O2","de-protonated","0","-9999","C77 H79 O2 P1","77","79","2","-9999","1","-9999","-9999","-9999","-9999","-9999","-9999","-9999"
"1418","1065.574788","1065.573693967","1065.574221005","5971696.5","-9999","173445","27.01","-1","-0.494605375","0.318860718","0.504211037","0.393000846","25","0.104477612","1.28358209","S2 O7","de-protonated","0","-9999","C67 H86 O7 S2","67","86","7","-9999","-9999","2","-9999","-9999","-9999","-9999","-9999","-9999"
"1418","1065.574788","1065.573693967","1065.573351625","5971696.5","-9999","173445","27.01","-1","0.321274112","0.327148564","0.508967985","0.399876332","26","0.181818182","1.242424242","O12","de-protonated","0","-9999","C66 H82 O12","66","82","12","-9999","-9999","-9999","-9999","-9999","-9999","-9999","-9999","-9999"
"1418","1065.574788","1065.573693967","1065.574353947","5971696.5","-9999","173445","27.01","-1","-0.619365945","0.310920329","0.55996373","0.410537689","12","0.267857143","1.625","S1 P1 O15","de-protonated","0","-9999","C56 H91 O15 P1 S1","56","91","15","-9999","1","1","-9999","-9999","-9999","-9999","-9999","-9999"
"1418","1065.574788","1065.573693967","1065.573840883","5971696.5","-9999","173445","27.01","-1","-0.13787521","0.33218556","0.494873046","0.397260554","30","0.057971014","1.202898551","N2 S1 P1 O4","de-protonated","0","-9999","C69 H83 O4 N2 P1 S1","69","83","4","2","1","1","-9999","-9999","-9999","-9999","-9999","-9999"
"1418","1065.574788","1065.573693967","1065.572700177","5971696.5","-9999","173445","27.01","-1","0.932634453","0.284666309","0.549245293","0.390497903","17","0.24137931","1.482758621","N2 S1 O14","de-protonated","0","-9999","C58 H86 O14 N2 S1","58","86","14","2","-9999","1","-9999","-9999","-9999","-9999","-9999","-9999"
"1418","1065.574788","1065.573693967","1065.573702498","5971696.5","-9999","173445","27.01","-1","-0.008006755","0.499994184","0.658260696","0.563300789","3","0.354166667","1.979166667","N2 S2 P1 O17","de-protonated","0","-9999","C48 H95 O17 N2 P1 S2","48","95","17","2","1","2","-9999","-9999","-9999","-9999","-9999","-9999"
"1418","1065.574788","1065.573693967","1065.572833118","5971696.5","-9999","173445","27.01","-1","0.807873527","0.444159559","0.662980834","0.531688069","4","0.468085106","1.936170213","N2 P1 O22","de-protonated","0","-9999","C47 H91 O22 N2 P1","47","91","22","2","1","-9999","-9999","-9999","-9999","-9999","-9999","-9999"
"1418","1065.574788","1065.573693967","1065.573189434","5971696.5","-9999","173445","27.01","-1","0.473484569","0.320045905","0.533665548","0.405493762","21","0.098360656","1.426229508","N4 S2 P1 O6","de-protonated","0","-9999","C61 H87 O6 N4 P1 S2","61","87","6","4","1","2","-9999","-9999","-9999","-9999","-9999","-9999"
"1418","1065.574788","1065.573693967","1065.574689036","5971696.5","-9999","173445","27.01","-1","-0.933833543","0.284550731","0.504211037","0.372414854","31","0.119402985","1.164179104","N4 O8","de-protonated","0","-9999","C67 H78 O8 N4","67","78","8","4","-9999","-9999","-9999","-9999","-9999","-9999","-9999","-9999"
"1418","1065.574788","1065.573693967","1065.574550651","5971696.5","-9999","173445","27.01","-1","-0.803965294","0.444667535","0.667769153","0.533908182","4","0.456521739","1.956521739","N4 S1 O21","de-protonated","0","-9999","C46 H90 O21 N4 S1","46","90","21","4","-9999","1","-9999","-9999","-9999","-9999","-9999","-9999"
"1419","1072.920184","1072.919078254","1072.919522025","3464331.8","-9999","153007.1","14.77","-1","-0.413610623","0.323145241","0.49029038","0.390003297","10","0.057142857","1.771428571","N1 P1 O4","de-protonated","0","-9999","C70 H124 O4 N1 P1","70","124","4","1","1","-9999","-9999","-9999","-9999","-9999","-9999","-9999"
"1419","1072.920184","1072.919078254","1072.918870577","3464331.8","-9999","153007.1","14.77","-1","0.193563347","0.49661238","0.598596236","0.537405923","1","0.096774194","2.064516129","N3 S1 P1 O6","de-protonated","0","-9999","C62 H128 O6 N3 P1 S1","62","128","6","3","1","1","-9999","-9999","-9999","-9999","-9999","-9999"
"1420","1073.011109","1073.010003109","1073.010025396","3687530.5","-9999","150202.9","15.86","-1","-0.020769807","0.499960864","0.649019222","0.559584207","38","0.44","0.54","S2 P1 O22","de-protonated","0","-9999","C50 H27 O22 P1 S2","50","27","22","-9999","1","2","-9999","-9999","-9999","-9999","-9999","-9999"
"1421","1086.933037","1086.931908911","1086.93152946","3663780","-9999","169554.5","15.77","-1","0.349102835","0.326043019","0.51866191","0.403090575","1","0.140625","2.015625","N1 S1 O9","de-protonated","0","-9999","C64 H129 O9 N1 S1","64","129","9","1","-9999","1","-9999","-9999","-9999","-9999","-9999","-9999"
"1421","1086.933037","1086.931908911","1086.932018718","3663780","-9999","169554.5","15.77","-1","-0.101024231","0.332716622","0.504211037","0.401314388","5","0.014925373","1.940298507","N3 S2 P1 O1","de-protonated","0","-9999","C67 H130 O1 N3 P1 S2","67","130","1","3","1","2","-9999","-9999","-9999","-9999","-9999","-9999"
"1421","1086.933037","1086.931908911","1086.931149338","3663780","-9999","169554.5","15.77","-1","0.698823839","0.305067072","0.508967985","0.386627437","6","0.090909091","1.909090909","N3 P1 O6","de-protonated","0","-9999","C66 H126 O6 N3 P1","66","126","6","3","1","-9999","-9999","-9999","-9999","-9999","-9999","-9999"
"1422","1087.93168","1087.930550319","1087.930801185","2922001.3","-9999","216193.7","12.15","-1","-0.230589702","0.495199236","0.576212942","0.52760471900000006","5","0.102941176","1.882352941","S1 O7","de-protonated","0","-9999","C68 H128 O7 S1","68","128","7","-9999","-9999","1","-9999","-9999","-9999","-9999","-9999","-9999"
"1422","1087.93168","1087.930550319","1087.930421062","2922001.3","-9999","216193.7","12.15","-1","0.118809878","0.332480662","0.49029038","0.395604549","10","0.057142857","1.785714286","N2 P1 O4","de-protonated","0","-9999","C70 H125 O4 N2 P1","70","125","4","2","1","-9999","-9999","-9999","-9999","-9999","-9999","-9999"
"1422","1087.93168","1087.930550319","1087.929769613","2922001.3","-9999","216193.7","12.15","-1","0.71760658","0.455396937","0.598596236","0.512676657","1","0.096774194","2.080645161","N4 S1 P1 O6","de-protonated","0","-9999","C62 H129 O6 N4 P1 S1","62","129","6","4","1","1","-9999","-9999","-9999","-9999","-9999","-9999"
"1423","1109.604682","1109.603517762","1109.604078383","5234764","-9999","173816.7","23.49","-1","-0.505244666","0.318245848","0.463953528","0.37652892","34","0.039473684","1.144736842","S1 P1 O3","de-protonated","0","-9999","C76 H87 O3 P1 S1","76","87","3","-9999","1","1","-9999","-9999","-9999","-9999","-9999","-9999"
"1423","1109.604682","1109.603517762","1109.602937677","5234764","-9999","173816.7","23.49","-1","0.522785646","0.317206248","0.513784664","0.395837615","21","0.2","1.384615385","S1 O13","de-protonated","0","-9999","C65 H90 O13 S1","65","90","13","-9999","-9999","1","-9999","-9999","-9999","-9999","-9999","-9999"
"1423","1109.604682","1109.603517762","1109.603939999","5234764","-9999","173816.7","23.49","-1","-0.380529572","0.324689299","0.565425266","0.420983685","7","0.290909091","1.8","S2 P1 O16","de-protonated","0","-9999","C55 H99 O16 P1 S2","55","99","16","-9999","1","2","-9999","-9999","-9999","-9999","-9999","-9999"
"1423","1109.604682","1109.603517762","1109.603070619","5234764","-9999","173816.7","23.49","-1","0.402975415","0.323654855","0.570956251","0.422575414","8","0.388888889","1.759259259","P1 O21","de-protonated","0","-9999","C54 H95 O21 P1","54","95","21","-9999","1","-9999","-9999","-9999","-9999","-9999","-9999","-9999"
"1423","1109.604682","1109.603517762","1109.602424613","5234764","-9999","173816.7","23.49","-1","0.985171548","0.279509313","0.455597952","0.349944769","39","0.025641026","1.051282051","N2 S1 O2","de-protonated","0","-9999","C78 H82 O2 N2 S1","78","82","2","2","-9999","1","-9999","-9999","-9999","-9999","-9999","-9999"
"1423","1109.604682","1109.603517762","1109.603426935","5234764","-9999","173816.7","23.49","-1","0.081855495","0.332928325","0.499512996","0.399562193","25","0.073529412","1.338235294","N2 S2 P1 O5","de-protonated","0","-9999","C68 H91 O5 N2 P1 S2","68","91","5","2","1","2","-9999","-9999","-9999","-9999","-9999","-9999"
"1423","1109.604682","1109.603517762","1109.602557555","5234764","-9999","173816.7","23.49","-1","0.865361207","0.290983085","0.504211037","0.376274266","26","0.149253731","1.298507463","N2 P1 O10","de-protonated","0","-9999","C67 H87 O10 N2 P1","67","87","10","2","1","-9999","-9999","-9999","-9999","-9999","-9999","-9999"
"1423","1109.604682","1109.603517762","1109.604275088","5234764","-9999","173816.7","23.49","-1","-0.682519028","0.306316336","0.508967985","0.387376996","26","0.136363636","1.303030303","N4 S1 O9","de-protonated","0","-9999","C66 H86 O9 N4 S1","66","86","9","4","-9999","1","-9999","-9999","-9999","-9999","-9999","-9999"
"1423","1109.604682","1109.603517762","1109.604408029","5234764","-9999","173816.7","23.49","-1","-0.80232897","0.296586438","0.565425266","0.404121969","13","0.309090909","1.654545455","N4 P1 O17","de-protonated","0","-9999","C55 H91 O17 N4 P1","55","91","17","4","1","-9999","-9999","-9999","-9999","-9999","-9999","-9999"
"1424","1118.958861","1118.957681847","1118.957744209","3643117","-9999","191979.6","15.74","-1","-0.055732385","0.33314552","0.513784664","0.405401178","0","0.153846154","2.046153846","N1 S1 O10","de-protonated","0","-9999","C65 H133 O10 N1 S1","65","133","10","1","-9999","1","-9999","-9999","-9999","-9999","-9999","-9999"
"1424","1118.958861","1118.957681847","1118.958233466","3643117","-9999","191979.6","15.74","-1","-0.492975981","0.318953832","0.499512996","0.391177498","4","0.029411765","1.970588235","N3 S2 P1 O2","de-protonated","0","-9999","C68 H134 O2 N3 P1 S2","68","134","2","3","1","2","-9999","-9999","-9999","-9999","-9999","-9999"
"1424","1118.958861","1118.957681847","1118.957364086","3643117","-9999","191979.6","15.74","-1","0.283978949","0.328491261","0.504211037","0.398779172","5","0.104477612","1.940298507","N3 P1 O7","de-protonated","0","-9999","C67 H130 O7 N3 P1","67","130","7","3","1","-9999","-9999","-9999","-9999","-9999","-9999","-9999"
"1425","1119.200017","1119.198837462","1119.199934169","3882619","-9999","170088.7","16.91","-1","-0.979902981","0.420052323","0.640033642","0.50804485","29","0.461538462","0.942307692","S1 P1 O24","de-protonated","0","-9999","C52 H49 O24 P1 S1","52","49","24","-9999","1","1","-9999","-9999","-9999","-9999","-9999","-9999"
"1425","1119.200017","1119.198837462","1119.198280399","3882619","-9999","170088.7","16.91","-1","0.497733903","0.478021722","0.631293472","0.539330422","34","0.425925926","0.814814815","N2 S1 O23","de-protonated","0","-9999","C54 H44 O23 N2 S1","54","44","23","2","-9999","1","-9999","-9999","-9999","-9999","-9999","-9999"
"1425","1119.200017","1119.198837462","1119.198769657","3882619","-9999","170088.7","16.91","-1","0.060584035","0.499667114","0.618621811","0.547248993","38","0.263157895","0.789473684","N4 S2 P1 O15","de-protonated","0","-9999","C57 H45 O15 N4 P1 S2","57","45","15","4","1","2","-9999","-9999","-9999","-9999","-9999","-9999"
"1425","1119.200017","1119.198837462","1119.197900277","3882619","-9999","170088.7","16.91","-1","0.837372414","0.440265357","0.622788794","0.513274732","39","0.357142857","0.732142857","N4 P1 O20","de-protonated","0","-9999","C56 H41 O20 N4 P1","56","41","20","4","1","-9999","-9999","-9999","-9999","-9999","-9999","-9999"
"1426","1121.197228","1121.196045278","1121.196172399","3369681.3","-9999","179595","14.41","-1","-0.113380076","0.498835094","0.631293472","0.551818445","33","0.388888889","0.851851852","N2 S2 O21","de-protonated","0","-9999","C54 H46 O21 N2 S2","54","46","21","2","-9999","2","-9999","-9999","-9999","-9999","-9999","-9999"
"1426","1121.197228","1121.196045278","1121.195792276","3369681.3","-9999","179595","14.41","-1","0.225653017","0.495401657","0.622788794","0.546356512","38","0.321428571","0.767857143","N4 S1 P1 O18","de-protonated","0","-9999","C56 H43 O18 N4 P1 S1","56","43","18","4","1","1","-9999","-9999","-9999","-9999","-9999","-9999"
"1427","1132.966853","1132.965651511","1132.965152065","2924076.8","-9999","216855","12.31","-1","0.440831183","0.482676563","0.583485697","0.523000217","0","0.121212121","2.060606061","N1 S1 P1 O8","de-protonated","0","-9999","C66 H136 O8 N1 P1 S1","66","136","8","1","1","1","-9999","-9999","-9999","-9999","-9999","-9999"
"1427","1132.966853","1132.965651511","1132.966000218","2924076.8","-9999","216855","12.31","-1","-0.30778223","0.491479133","0.590944388","0.531265235","1","0.1875","2.046875","N3 O12","de-protonated","0","-9999","C64 H131 O12 N3","64","131","12","3","-9999","-9999","-9999","-9999","-9999","-9999","-9999","-9999"
"1428","1132.974729","1132.973527499","1132.973394273","5088809.5","-9999","156097.9","22.94","-1","0.117589098","0.332498073","0.508967985","0.403086038","0","0.151515152","2.045454545","N1 S1 O10","de-protonated","0","-9999","C66 H135 O10 N1 S1","66","135","10","1","-9999","1","-9999","-9999","-9999","-9999","-9999","-9999"
"1428","1132.974729","1132.973527499","1132.973883531","5088809.5","-9999","156097.9","22.94","-1","-0.314245576","0.327413822","0.494873046","0.394397511","4","0.028985507","1.971014493","N3 S2 P1 O2","de-protonated","0","-9999","C69 H136 O2 N3 P1 S2","69","136","2","3","1","2","-9999","-9999","-9999","-9999","-9999","-9999"
"1428","1132.974729","1132.973527499","1132.973014151","5088809.5","-9999","156097.9","22.94","-1","0.453098029","0.321144754","0.499512996","0.392492051","5","0.102941176","1.941176471","N3 P1 O7","de-protonated","0","-9999","C68 H132 O7 N3 P1","68","132","7","3","1","-9999","-9999","-9999","-9999","-9999","-9999","-9999"
"1429","1133.974883","1133.973679904","1133.972665997","2949251.8","-9999","139672.6","12.44","-1","0.8941189","0.288323782","0.49029038","0.369110421","4","0.114285714","1.914285714","S1 O8","de-protonated","0","-9999","C70 H134 O8 S1","70","134","8","-9999","-9999","1","-9999","-9999","-9999","-9999","-9999","-9999"
"1429","1133.974883","1133.973679904","1133.974654857","2949251.8","-9999","139672.6","12.44","-1","-0.859765959","0.29149317","0.451496244","0.355494399","18","0.025316456","1.594936709","N2 O2","de-protonated","0","-9999","C79 H126 O2 N2","79","126","2","2","-9999","-9999","-9999","-9999","-9999","-9999","-9999","-9999"
"1429","1133.974883","1133.973679904","1133.974003408","2949251.8","-9999","139672.6","12.44","-1","-0.285283548","0.328446998","0.485764205","0.391373881","9","0.056338028","1.830985915","N4 S1 O4","de-protonated","0","-9999","C71 H130 O4 N4 S1","71","130","4","4","-9999","1","-9999","-9999","-9999","-9999","-9999","-9999"
"1430","1153.630043","1153.628808564","1153.629152426","4839890.5","-9999","164020.9","21.75","-1","-0.298069451","0.658705078","0.86958948","0.743058839","21","0.208955224","1.402985075","S1 O14","de-protonated","0","-9999","C67 H94 O14 S1","67","94","14","-9999","-9999","1","-9999","-9999","-9999","-9999","-9999","-9999"
"1430","1153.630043","1153.628808564","1153.629285367","4839890.5","-9999","164020.9","21.75","-1","-0.413307242","0.650199541","0.899123001","0.749768925","8","0.392857143","1.767857143","P1 O22","de-protonated","0","-9999","C56 H99 O22 P1","56","99","22","-9999","1","-9999","-9999","-9999","-9999","-9999","-9999","-9999"
"1430","1153.630043","1153.628808564","1153.628639361","4839890.5","-9999","164020.9","21.75","-1","0.146669938","0.662034136","0.820565348","0.72544662","39","0.0375","1.075","N2 S1 O3","de-protonated","0","-9999","C80 H86 O3 N2 S1","80","86","3","2","-9999","1","-9999","-9999","-9999","-9999","-9999","-9999"
"1430","1153.630043","1153.628808564","1153.629641683","4839890.5","-9999","164020.9","21.75","-1","-0.722171942","0.613214866","0.861489708","0.712524803","25","0.085714286","1.357142857","N2 S2 P1 O6","de-protonated","0","-9999","C70 H95 O6 N2 P1 S2","70","95","6","2","1","2","-9999","-9999","-9999","-9999","-9999","-9999"
"1430","1153.630043","1153.628808564","1153.628772303","4839890.5","-9999","164020.9","21.75","-1","0.031432045","0.665733711","0.864189501","0.745116027","26","0.15942029","1.31884058","N2 P1 O11","de-protonated","0","-9999","C69 H91 O11 N2 P1","69","91","11","2","1","-9999","-9999","-9999","-9999","-9999","-9999","-9999"
"1430","1153.630043","1153.628808564","1153.628500977","4839890.5","-9999","164020.9","21.75","-1","0.266625756","0.654849355","0.891119598","0.749357452","12","0.271186441","1.661016949","N2 S2 O16","de-protonated","0","-9999","C59 H98 O16 N2 S2","59","98","16","2","-9999","2","-9999","-9999","-9999","-9999","-9999","-9999"
"1430","1153.630043","1153.628808564","1153.627987913","4839890.5","-9999","164020.9","21.75","-1","0.711365648","0.600913435","0.854414771","0.702313969","30","0.069444444","1.25","N4 S2 O5","de-protonated","0","-9999","C72 H90 O5 N4 S2","72","90","5","4","-9999","2","-9999","-9999","-9999","-9999","-9999","-9999"
"1430","1153.630043","1153.628808564","1153.628120854","4839890.5","-9999","164020.9","21.75","-1","0.596127625","0.618688467","0.885756423","0.725515649","17","0.213114754","1.557377049","N4 S1 P1 O13","de-protonated","0","-9999","C61 H95 O13 N4 P1 S1","61","95","13","4","1","1","-9999","-9999","-9999","-9999","-9999","-9999"
"1431","1154.633502","1154.632265964","1154.632507261","2880723.5","-9999","179498.5","12.14","-1","-0.208981363","0.661404579","0.86958948","0.744678539","21","0.208955224","1.402985075","13C1 S1 O14","de-protonated","1","1430","C66 H94 O14 S1 13C1","66","94","14","-9999","-9999","1","1","-9999","-9999","-9999","-9999","-9999"
"1431","1154.633502","1154.632265964","1154.632640202","2880723.5","-9999","179498.5","12.14","-1","-0.324119024","0.654079181","0.899123001","0.752096709","8","0.392857143","1.767857143","13C1 P1 O22","de-protonated","1","1430","C55 H99 O22 P1 13C1","55","99","22","-9999","1","-9999","1","-9999","-9999","-9999","-9999","-9999"
"1431","1154.633502","1154.632265964","1154.631282389","2880723.5","-9999","179498.5","12.14","-1","0.851852137","0.292210484","0.443441454","0.352702872","38","0.012345679","1.098765432","N1 S2 O1","de-protonated","0","-9999","C81 H89 O1 N1 S2","81","89","1","1","-9999","2","-9999","-9999","-9999","-9999","-9999","-9999"
"1431","1154.633502","1154.632265964","1154.631415331","2880723.5","-9999","179498.5","12.14","-1","0.736714231","0.302071005","0.49029038","0.377358755","25","0.128571429","1.342857143","N1 S1 P1 O9","de-protonated","0","-9999","C70 H94 O9 N1 P1 S1","70","94","9","1","1","1","-9999","-9999","-9999","-9999","-9999","-9999"
"1431","1154.633502","1154.632265964","1154.632776548","2880723.5","-9999","179498.5","12.14","-1","-0.442204687","0.482570352","0.627012296","0.54034713","8","0.436363636","1.763636364","N1 O24","de-protonated","0","-9999","C55 H97 O24 N1","55","97","24","1","-9999","-9999","-9999","-9999","-9999","-9999","-9999","-9999"
"1431","1154.633502","1154.632265964","1154.631994196","2880723.5","-9999","179498.5","12.14","-1","0.235371596","0.659998757","0.820565348","0.724225393","39","0.0375","1.075","13C1 N2 S1 O3","de-protonated","1","1430","C79 H86 O3 N2 S1 13C1","79","86","3","2","-9999","1","1","-9999","-9999","-9999","-9999","-9999"
"1431","1154.633502","1154.632265964","1154.632996518","2880723.5","-9999","179498.5","12.14","-1","-0.632715354","0.619957577","0.861489708","0.716570429","25","0.085714286","1.357142857","13C1 N2 S2 P1 O6","de-protonated","1","1430","C69 H95 O6 N2 P1 S2 13C1","69","95","6","2","1","2","1","-9999","-9999","-9999","-9999","-9999"
"1431","1154.633502","1154.632265964","1154.632127138","2880723.5","-9999","179498.5","12.14","-1","0.120233832","0.664920256","0.864189501","0.744627954","26","0.15942029","1.31884058","13C1 N2 P1 O11","de-protonated","1","1430","C68 H91 O11 N2 P1 13C1","68","91","11","2","1","-9999","1","-9999","-9999","-9999","-9999","-9999"
"1431","1154.633502","1154.632265964","1154.631855812","2880723.5","-9999","179498.5","12.14","-1","0.355223185","0.651576192","0.891119598","0.747393554","12","0.271186441","1.661016949","13C1 N2 S2 O16","de-protonated","1","1430","C58 H98 O16 N2 S2 13C1","58","98","16","2","-9999","2","1","-9999","-9999","-9999","-9999","-9999"
"1431","1154.633502","1154.632265964","1154.63340419","2880723.5","-9999","179498.5","12.14","-1","-0.985789776","0.279447522","0.451496244","0.348267011","39","0.037974684","1.088607595","N3 P1 O3","de-protonated","0","-9999","C79 H86 O3 N3 P1","79","86","3","3","1","-9999","-9999","-9999","-9999","-9999","-9999","-9999"
"1431","1154.633502","1154.632265964","1154.633132864","2880723.5","-9999","179498.5","12.14","-1","-0.750800943","0.451387016","0.572644131","0.499889862","25","0.115942029","1.347826087","N3 S2 O8","de-protonated","0","-9999","C69 H93 O8 N3 S2","69","93","8","3","-9999","2","-9999","-9999","-9999","-9999","-9999","-9999"
"1431","1154.633502","1154.632265964","1154.632263484","2880723.5","-9999","179498.5","12.14","-1","0.002148065","0.499999581","0.576212942","0.530484926","26","0.191176471","1.308823529","N3 O13","de-protonated","0","-9999","C68 H89 O13 N3","68","89","13","3","-9999","-9999","-9999","-9999","-9999","-9999","-9999","-9999"
"1431","1154.633502","1154.632265964","1154.633265805","2880723.5","-9999","179498.5","12.14","-1","-0.86593848","0.436395482","0.614510218","0.507641376","12","0.275862069","1.689655172","N3 S1 P1 O16","de-protonated","0","-9999","C58 H98 O16 N3 P1 S1","58","98","16","3","1","1","-9999","-9999","-9999","-9999","-9999","-9999"
"1431","1154.633502","1154.632265964","1154.631342748","2880723.5","-9999","179498.5","12.14","-1","0.799576645","0.593647606","0.854414771","0.697954472","30","0.069444444","1.25","13C1 N4 S2 O5","de-protonated","1","1430","C71 H90 O5 N4 S2 13C1","71","90","5","4","-9999","2","1","-9999","-9999","-9999","-9999","-9999"
"1431","1154.633502","1154.632265964","1154.63147569","2880723.5","-9999","179498.5","12.14","-1","0.684438751","0.612341034","0.885756423","0.721707189","17","0.213114754","1.557377049","13C1 N4 S1 P1 O13","de-protonated","1","1430","C60 H95 O13 N4 P1 S1 13C1","60","95","13","4","1","1","1","-9999","-9999","-9999","-9999","-9999"
"1432","1178.917239","1178.915964244","1178.915485473","3253971.5","-9999","241710.8","13.98","-1","0.406111754","0.323505866","0.463953528","0.379684931","15","0.078947368","1.644736842","N1 S1 O6","de-protonated","0","-9999","C76 H125 O6 N1 S1","76","125","6","1","-9999","1","-9999","-9999","-9999","-9999","-9999","-9999"
"1432","1178.917239","1178.915964244","1178.916487794","3253971.5","-9999","241710.8","13.98","-1","-0.444094361","0.321615816","0.508967985","0.396556684","1","0.136363636","2.03030303","N1 S2 P1 O9","de-protonated","0","-9999","C66 H134 O9 N1 P1 S2","66","134","9","1","1","2","-9999","-9999","-9999","-9999","-9999","-9999"
"1432","1178.917239","1178.915964244","1178.915618414","3253971.5","-9999","241710.8","13.98","-1","0.293345597","0.492253655","0.587191358","0.530228736","2","0.215384615","2","N1 P1 O14","de-protonated","0","-9999","C65 H130 O14 N1 P1","65","130","14","1","1","-9999","-9999","-9999","-9999","-9999","-9999","-9999"
"1432","1178.917239","1178.915964244","1178.91510535","3253971.5","-9999","241710.8","13.98","-1","0.72854606","0.302727715","0.455597952","0.36387581","20","0.038461538","1.564102564","N3 P1 O3","de-protonated","0","-9999","C78 H122 O3 N3 P1","78","122","3","3","1","-9999","-9999","-9999","-9999","-9999","-9999","-9999"
"1432","1178.917239","1178.915964244","1178.914834024","3253971.5","-9999","241710.8","13.98","-1","0.958695304","0.282131734","0.499512996","0.369084239","6","0.117647059","1.897058824","N3 S2 O8","de-protonated","0","-9999","C68 H129 O8 N3 S2","68","129","8","3","-9999","2","-9999","-9999","-9999","-9999","-9999","-9999"
"1433","1178.925151","1178.923876231","1178.925001329","5435091.5","-9999","194674","24.68","-1","-0.954341819","0.282558406","0.463953528","0.355116455","15","0.078947368","1.657894737","N1 P1 O6","de-protonated","0","-9999","C76 H126 O6 N1 P1","76","126","6","1","1","-9999","-9999","-9999","-9999","-9999","-9999","-9999"
"1433","1178.925151","1178.923876231","1178.924730003","5435091.5","-9999","194674","24.68","-1","-0.724194895","0.303075131","0.508967985","0.385432272","1","0.166666667","2.015151515","N1 S2 O11","de-protonated","0","-9999","C66 H133 O11 N1 S2","66","133","11","1","-9999","2","-9999","-9999","-9999","-9999","-9999","-9999"
"1433","1178.925151","1178.923876231","1178.923860623","5435091.5","-9999","194674","24.68","-1","0.013239701","0.333322731","0.513784664","0.405507505","2","0.246153846","1.984615385","N1 O16","de-protonated","0","-9999","C65 H129 O16 N1","65","129","16","1","-9999","-9999","-9999","-9999","-9999","-9999","-9999","-9999"
"1433","1178.925151","1178.923876231","1178.923347559","5435091.5","-9999","194674","24.68","-1","0.448437","0.321389708","0.455597952","0.375073006","20","0.064102564","1.551282051","N3 O5","de-protonated","0","-9999","C78 H121 O5 N3","78","121","5","3","-9999","-9999","-9999","-9999","-9999","-9999","-9999","-9999"
"1433","1178.925151","1178.923876231","1178.92434988","5435091.5","-9999","194674","24.68","-1","-0.401763481","0.323712136","0.499512996","0.39403248","6","0.117647059","1.911764706","N3 S1 P1 O8","de-protonated","0","-9999","C68 H130 O8 N3 P1 S1","68","130","8","3","1","1","-9999","-9999","-9999","-9999","-9999","-9999"
"1434","1179.016037","1179.014762087","1179.015748344","3557077","-9999","173208.3","15.47","-1","-0.836508739","0.293587241","0.485764205","0.370458027","3","0.042253521","2","N3 S2 P1 O3","de-protonated","0","-9999","C71 H142 O3 N3 P1 S2","71","142","3","3","1","2","-9999","-9999","-9999","-9999","-9999","-9999"
"1434","1179.016037","1179.014762087","1179.014878964","3557077","-9999","173208.3","15.47","-1","-0.099131155","0.332739498","0.49029038","0.395759851","4","0.114285714","1.971428571","N3 P1 O8","de-protonated","0","-9999","C70 H138 O8 N3 P1","70","138","8","3","1","-9999","-9999","-9999","-9999","-9999","-9999","-9999"
"1435","1179.924352","1179.923075638","1179.924001727","3333860","-9999","183461.9","14.37","-1","-0.784871463","0.298081336","0.49029038","0.374964953","5","0.128571429","1.885714286","S2 O9","de-protonated","0","-9999","C70 H132 O9 S2","70","132","9","-9999","-9999","2","-9999","-9999","-9999","-9999","-9999","-9999"
"1435","1179.924352","1179.923075638","1179.923132347","3333860","-9999","183461.9","14.37","-1","-0.048061442","0.333193653","0.494873046","0.39786541","6","0.202898551","1.855072464","O14","de-protonated","0","-9999","C69 H128 O14","69","128","14","-9999","-9999","-9999","-9999","-9999","-9999","-9999","-9999","-9999"
"1435","1179.924352","1179.923075638","1179.922619283","3333860","-9999","183461.9","14.37","-1","0.38676726299999997","0.324407447","0.439486987","0.370439263","24","0.036585366","1.463414634","N2 O3","de-protonated","0","-9999","C82 H120 O3 N2","82","120","3","2","-9999","-9999","-9999","-9999","-9999","-9999","-9999","-9999"
"1435","1179.924352","1179.923075638","1179.923621604","3333860","-9999","183461.9","14.37","-1","-0.462713135","0.320632049","0.481293734","0.384896723","10","0.083333333","1.791666667","N2 S1 P1 O6","de-protonated","0","-9999","C72 H129 O6 N2 P1 S1","72","129","6","2","1","1","-9999","-9999","-9999","-9999","-9999","-9999"
"1435","1179.924352","1179.923075638","1179.921967834","3333860","-9999","183461.9","14.37","-1","0.93887914","0.284063287","0.472516812","0.359444697","15","0.067567568","1.675675676","N4 S1 O5","de-protonated","0","-9999","C74 H124 O5 N4 S1","74","124","5","4","-9999","1","-9999","-9999","-9999","-9999","-9999","-9999"
"1435","1179.924352","1179.923075638","1179.922970156","3333860","-9999","183461.9","14.37","-1","0.089397804","0.499275459","0.590944388","0.535943031","1","0.125","2.078125","N4 S2 P1 O8","de-protonated","0","-9999","C64 H133 O8 N4 P1 S2","64","133","8","4","1","2","-9999","-9999","-9999","-9999","-9999","-9999"
"1435","1179.924352","1179.923075638","1179.922100776","3333860","-9999","183461.9","14.37","-1","0.826209113","0.441751419","0.594745702","0.502949132","2","0.206349206","2.047619048","N4 P1 O13","de-protonated","0","-9999","C63 H129 O13 N4 P1","63","129","13","4","1","-9999","-9999","-9999","-9999","-9999","-9999","-9999"
"1436","1192.938289","1192.936991888","1192.93814947","4088997.3","-9999","118301.5","18.08","-1","-0.970362231","0.280981938","0.443441454","0.345965744","19","0.012345679","1.580246914","N1 S1 P1 O1","de-protonated","0","-9999","C81 H128 O1 N1 P1 S1","81","128","1","1","1","1","-9999","-9999","-9999","-9999","-9999","-9999"
"1436","1192.938289","1192.936991888","1192.937008764","4088997.3","-9999","118301.5","18.08","-1","-0.014146677","0.333321229","0.49029038","0.39610889","6","0.157142857","1.871428571","N1 S1 O11","de-protonated","0","-9999","C70 H131 O11 N1 S1","70","131","11","1","-9999","1","-9999","-9999","-9999","-9999","-9999","-9999"
"1436","1192.938289","1192.936991888","1192.937498021","4088997.3","-9999","118301.5","18.08","-1","-0.424274906","0.322621742","0.476878192","0.384324322","10","0.04109589","1.808219178","N3 S2 P1 O3","de-protonated","0","-9999","C73 H132 O3 N3 P1 S2","73","132","3","3","1","2","-9999","-9999","-9999","-9999","-9999","-9999"
"1436","1192.938289","1192.936991888","1192.936628641","4088997.3","-9999","118301.5","18.08","-1","0.304497671","0.327772339","0.481293734","0.389180897","11","0.111111111","1.777777778","N3 P1 O8","de-protonated","0","-9999","C72 H128 O8 N3 P1","72","128","8","3","1","-9999","-9999","-9999","-9999","-9999","-9999","-9999"
"1437","1197.650581","1197.649276374","1197.649493947","3961115.8","-9999","135288","17.45","-1","-0.181666878","0.33134319","0.463953528","0.384387325","30","0.131578947","1.236842105","S1 O10","de-protonated","0","-9999","C76 H94 O10 S1","76","94","10","-9999","-9999","1","-9999","-9999","-9999","-9999","-9999","-9999"
"1437","1197.650581","1197.649276374","1197.649626889","3961115.8","-9999","135288","17.45","-1","-0.292669047","0.328192712","0.513784664","0.402429493","17","0.276923077","1.523076923","P1 O18","de-protonated","0","-9999","C65 H99 O18 P1","65","99","18","-9999","1","-9999","-9999","-9999","-9999","-9999","-9999","-9999"
"1437","1197.650581","1197.649276374","1197.649355563","3961115.8","-9999","135288","17.45","-1","-0.0661202","0.499603521","0.627012296","0.550567031","3","0.418181818","1.927272727","S2 O23","de-protonated","0","-9999","C55 H106 O23 S2","55","106","23","-9999","-9999","2","-9999","-9999","-9999","-9999","-9999","-9999"
"1437","1197.650581","1197.649276374","1197.649983205","3961115.8","-9999","135288","17.45","-1","-0.590181276","0.312918222","0.451496244","0.368349431","34","0.025316456","1.202531646","N2 S2 P1 O2","de-protonated","0","-9999","C79 H95 O2 N2 P1 S2","79","95","2","2","1","2","-9999","-9999","-9999","-9999","-9999","-9999"
"1437","1197.650581","1197.649276374","1197.649113825","3961115.8","-9999","135288","17.45","-1","0.135723622","0.332221044","0.455597952","0.381571807","35","0.08974359","1.166666667","N2 P1 O7","de-protonated","0","-9999","C78 H91 O7 N2 P1","78","91","7","2","1","-9999","-9999","-9999","-9999","-9999","-9999","-9999"
"1437","1197.650581","1197.649276374","1197.648842499","3961115.8","-9999","135288","17.45","-1","0.362272663","0.325489237","0.499512996","0.395098741","21","0.176470588","1.441176471","N2 S2 O12","de-protonated","0","-9999","C68 H98 O12 N2 S2","68","98","12","2","-9999","2","-9999","-9999","-9999","-9999","-9999","-9999"
"1437","1197.650581","1197.649276374","1197.64897544","3961115.8","-9999","135288","17.45","-1","0.251270373","0.494304641","0.618621811","0.544031509","8","0.350877193","1.807017544","N2 S1 P1 O20","de-protonated","0","-9999","C57 H103 O20 N2 P1 S1","57","103","20","2","1","1","-9999","-9999","-9999","-9999","-9999","-9999"
"1437","1197.650581","1197.649276374","1197.648329434","3961115.8","-9999","135288","17.45","-1","0.790665893","0.297587971","0.443441454","0.355929364","39","0.012345679","1.111111111","N4 S2 O1","de-protonated","0","-9999","C81 H90 O1 N4 S2","81","90","1","4","-9999","2","-9999","-9999","-9999","-9999","-9999","-9999"
"1437","1197.650581","1197.649276374","1197.648462376","3961115.8","-9999","135288","17.45","-1","0.679663508","0.306532607","0.49029038","0.380035716","26","0.128571429","1.357142857","N4 S1 P1 O9","de-protonated","0","-9999","C70 H95 O9 N4 P1 S1","70","95","9","4","1","1","-9999","-9999","-9999","-9999","-9999","-9999"
"1437","1197.650581","1197.649276374","1197.649823594","3961115.8","-9999","135288","17.45","-1","-0.456911072","0.481413933","0.627012296","0.539653278","9","0.436363636","1.781818182","N4 O24","de-protonated","0","-9999","C55 H98 O24 N4","55","98","24","4","-9999","-9999","-9999","-9999","-9999","-9999","-9999","-9999"
"0","179.035063","179.035382537","-9999","1295616.3","-9999","1049141.6","22.2","-1","-9999","-9999","-9999","-9999","-9999","-9999","-9999","unassigned","N/A","-9999","-9999","N/A","-9999","-9999","-9999","-9999","-9999","-9999","-9999","-9999","-9999","-9999","-9999","-9999"
"1","196.834155","196.834446157","-9999","818899.8","-9999","932372.8","13.16","-1","-9999","-9999","-9999","-9999","-9999","-9999","-9999","unassigned","N/A","-9999","-9999","N/A","-9999","-9999","-9999","-9999","-9999","-9999","-9999","-9999","-9999","-9999","-9999","-9999"
"2","202.82834","202.828621599","-9999","817954.5","-9999","766542.1","13.04","-1","-9999","-9999","-9999","-9999","-9999","-9999","-9999","unassigned","N/A","-9999","-9999","N/A","-9999","-9999","-9999","-9999","-9999","-9999","-9999","-9999","-9999","-9999","-9999","-9999"
"3","204.825347","204.825625415","-9999","1122915.9","-9999","762465.4","18.6","-1","-9999","-9999","-9999","-9999","-9999","-9999","-9999","unassigned","N/A","-9999","-9999","N/A","-9999","-9999","-9999","-9999","-9999","-9999","-9999","-9999","-9999","-9999","-9999","-9999"
"4","208.844892","208.845164006","-9999","2179695.3","-9999","822526.8","37.78","-1","-9999","-9999","-9999","-9999","-9999","-9999","-9999","unassigned","N/A","-9999","-9999","N/A","-9999","-9999","-9999","-9999","-9999","-9999","-9999","-9999","-9999","-9999","-9999","-9999"
"5","208.845327","208.845599005","-9999","2752687.3","-9999","625411.4","48.23","-1","-9999","-9999","-9999","-9999","-9999","-9999","-9999","unassigned","N/A","-9999","-9999","N/A","-9999","-9999","-9999","-9999","-9999","-9999","-9999","-9999","-9999","-9999","-9999","-9999"
"6","210.841929","210.842197822","-9999","2293028.5","-9999","1118490.8","39.84","-1","-9999","-9999","-9999","-9999","-9999","-9999","-9999","unassigned","N/A","-9999","-9999","N/A","-9999","-9999","-9999","-9999","-9999","-9999","-9999","-9999","-9999","-9999","-9999","-9999"
"7","210.842229","210.842497821","-9999","6506276.5","-9999","717878.4","116.71","-1","-9999","-9999","-9999","-9999","-9999","-9999","-9999","unassigned","N/A","-9999","-9999","N/A","-9999","-9999","-9999","-9999","-9999","-9999","-9999","-9999","-9999","-9999","-9999","-9999"
"8","212.839015","212.839280638","-9999","1601380.1","-9999","908016","27.15","-1","-9999","-9999","-9999","-9999","-9999","-9999","-9999","unassigned","N/A","-9999","-9999","N/A","-9999","-9999","-9999","-9999","-9999","-9999","-9999","-9999","-9999","-9999","-9999","-9999"
"9","212.839339","212.839604637","-9999","3670052.3","-9999","842891.2","64.79","-1","-9999","-9999","-9999","-9999","-9999","-9999","-9999","unassigned","N/A","-9999","-9999","N/A","-9999","-9999","-9999","-9999","-9999","-9999","-9999","-9999","-9999","-9999","-9999","-9999"
"10","214.836344","214.836606453","-9999","804941.1","-9999","738256.2","12.62","-1","-9999","-9999","-9999","-9999","-9999","-9999","-9999","unassigned","N/A","-9999","-9999","N/A","-9999","-9999","-9999","-9999","-9999","-9999","-9999","-9999","-9999","-9999","-9999","-9999"
"11","219.039089","219.039344752","-9999","987637.4","-9999","988819.4","15.84","-1","-9999","-9999","-9999","-9999","-9999","-9999","-9999","unassigned","N/A","-9999","-9999","N/A","-9999","-9999","-9999","-9999","-9999","-9999","-9999","-9999","-9999","-9999","-9999","-9999"
"12","223.755552","223.755800231","-9999","1302695.8","-9999","758812.9","21.45","-1","-9999","-9999","-9999","-9999","-9999","-9999","-9999","unassigned","N/A","-9999","-9999","N/A","-9999","-9999","-9999","-9999","-9999","-9999","-9999","-9999","-9999","-9999","-9999","-9999"
"13","223.756801","223.757049229","-9999","1086216","-9999","526503.9","17.56","-1","-9999","-9999","-9999","-9999","-9999","-9999","-9999","unassigned","N/A","-9999","-9999","N/A","-9999","-9999","-9999","-9999","-9999","-9999","-9999","-9999","-9999","-9999","-9999","-9999"
"14","223.757226","223.757474229","-9999","870568.1","-9999","655530.3","13.67","-1","-9999","-9999","-9999","-9999","-9999","-9999","-9999","unassigned","N/A","-9999","-9999","N/A","-9999","-9999","-9999","-9999","-9999","-9999","-9999","-9999","-9999","-9999","-9999","-9999"
"15","223.758554","223.758802227","-9999","1157352.3","-9999","732869.8","18.84","-1","-9999","-9999","-9999","-9999","-9999","-9999","-9999","unassigned","N/A","-9999","-9999","N/A","-9999","-9999","-9999","-9999","-9999","-9999","-9999","-9999","-9999","-9999","-9999","-9999"
"17","252.794599","252.794800929","-9999","1221067.6","-9999","714821.4","19.35","-1","-9999","-9999","-9999","-9999","-9999","-9999","-9999","unassigned","N/A","-9999","-9999","N/A","-9999","-9999","-9999","-9999","-9999","-9999","-9999","-9999","-9999","-9999","-9999","-9999"
"19","254.79169","254.791888745","-9999","1664089.9","-9999","871750.1","27","-1","-9999","-9999","-9999","-9999","-9999","-9999","-9999","unassigned","N/A","-9999","-9999","N/A","-9999","-9999","-9999","-9999","-9999","-9999","-9999","-9999","-9999","-9999","-9999","-9999"
"20","254.792583","254.792781743","-9999","1150810","-9999","806629.6","18.05","-1","-9999","-9999","-9999","-9999","-9999","-9999","-9999","unassigned","N/A","-9999","-9999","N/A","-9999","-9999","-9999","-9999","-9999","-9999","-9999","-9999","-9999","-9999","-9999","-9999"
"21","256.789616","256.789811559","-9999","1304927.5","-9999","783302.9","20.73","-1","-9999","-9999","-9999","-9999","-9999","-9999","-9999","unassigned","N/A","-9999","-9999","N/A","-9999","-9999","-9999","-9999","-9999","-9999","-9999","-9999","-9999","-9999","-9999","-9999"
"22","260.786426","260.786615186","-9999","1605965.1","-9999","782528.6","25.89","-1","-9999","-9999","-9999","-9999","-9999","-9999","-9999","unassigned","N/A","-9999","-9999","N/A","-9999","-9999","-9999","-9999","-9999","-9999","-9999","-9999","-9999","-9999","-9999","-9999"
"23","260.786826","260.787015186","-9999","3490381.3","-9999","836820.4","58.64","-1","-9999","-9999","-9999","-9999","-9999","-9999","-9999","unassigned","N/A","-9999","-9999","N/A","-9999","-9999","-9999","-9999","-9999","-9999","-9999","-9999","-9999","-9999","-9999","-9999"
"24","262.783437","262.783623002","-9999","2770228.8","-9999","979001.8","45.96","-1","-9999","-9999","-9999","-9999","-9999","-9999","-9999","unassigned","N/A","-9999","-9999","N/A","-9999","-9999","-9999","-9999","-9999","-9999","-9999","-9999","-9999","-9999","-9999","-9999"
"25","262.783853","262.784039001","-9999","6694708.5","-9999","796343.3","113.94","-1","-9999","-9999","-9999","-9999","-9999","-9999","-9999","unassigned","N/A","-9999","-9999","N/A","-9999","-9999","-9999","-9999","-9999","-9999","-9999","-9999","-9999","-9999","-9999","-9999"
"28","262.993008","262.993193668","-9999","831308.4","-9999","847407.2","12.38","-1","-9999","-9999","-9999","-9999","-9999","-9999","-9999","unassigned","N/A","-9999","-9999","N/A","-9999","-9999","-9999","-9999","-9999","-9999","-9999","-9999","-9999","-9999","-9999","-9999"
"29","264.780472","264.780654818","-9999","1526546.9","-9999","1227036.3","24.42","-1","-9999","-9999","-9999","-9999","-9999","-9999","-9999","unassigned","N/A","-9999","-9999","N/A","-9999","-9999","-9999","-9999","-9999","-9999","-9999","-9999","-9999","-9999","-9999","-9999"
"30","264.78085600000003","264.781038817","-9999","3879442.8","-9999","693859.8","65.17","-1","-9999","-9999","-9999","-9999","-9999","-9999","-9999","unassigned","N/A","-9999","-9999","N/A","-9999","-9999","-9999","-9999","-9999","-9999","-9999","-9999","-9999","-9999","-9999","-9999"
"34","266.777964","266.778143633","-9999","1361128","-9999","740161.4","21.48","-1","-9999","-9999","-9999","-9999","-9999","-9999","-9999","unassigned","N/A","-9999","-9999","N/A","-9999","-9999","-9999","-9999","-9999","-9999","-9999","-9999","-9999","-9999","-9999","-9999"
"35","266.801889","266.802068595","-9999","1473002.5","-9999","873031.6","23.41","-1","-9999","-9999","-9999","-9999","-9999","-9999","-9999","unassigned","N/A","-9999","-9999","N/A","-9999","-9999","-9999","-9999","-9999","-9999","-9999","-9999","-9999","-9999","-9999","-9999"
"36","266.803303","266.803482593","-9999","5961450.5","-9999","821406.7","100.88","-1","-9999","-9999","-9999","-9999","-9999","-9999","-9999","unassigned","N/A","-9999","-9999","N/A","-9999","-9999","-9999","-9999","-9999","-9999","-9999","-9999","-9999","-9999","-9999","-9999"
"37","266.803717","266.803896592","-9999","14747883","-9999","665450.6","252.54","-1","-9999","-9999","-9999","-9999","-9999","-9999","-9999","unassigned","N/A","-9999","-9999","N/A","-9999","-9999","-9999","-9999","-9999","-9999","-9999","-9999","-9999","-9999","-9999","-9999"
"38","267.512014","267.512192463","-9999","1337780.3","-9999","750856.4","21.07","-1","-9999","-9999","-9999","-9999","-9999","-9999","-9999","unassigned","N/A","-9999","-9999","N/A","-9999","-9999","-9999","-9999","-9999","-9999","-9999","-9999","-9999","-9999","-9999","-9999"
"39","268.800377","268.800553408","-9999","11631031","-9999","760529.3","198.74","-1","-9999","-9999","-9999","-9999","-9999","-9999","-9999","unassigned","N/A","-9999","-9999","N/A","-9999","-9999","-9999","-9999","-9999","-9999","-9999","-9999","-9999","-9999","-9999","-9999"
"40","268.800802","268.800978408","-9999","27843000","-9999","738714.3","478.57","-1","-9999","-9999","-9999","-9999","-9999","-9999","-9999","unassigned","N/A","-9999","-9999","N/A","-9999","-9999","-9999","-9999","-9999","-9999","-9999","-9999","-9999","-9999","-9999","-9999"
"41","269.130607","269.130782882","-9999","1899736.4","-9999","721470","30.66","-1","-9999","-9999","-9999","-9999","-9999","-9999","-9999","unassigned","N/A","-9999","-9999","N/A","-9999","-9999","-9999","-9999","-9999","-9999","-9999","-9999","-9999","-9999","-9999","-9999"
"43","269.138914","269.139089868","-9999","1044377.1","-9999","606697.1","15.95","-1","-9999","-9999","-9999","-9999","-9999","-9999","-9999","unassigned","N/A","-9999","-9999","N/A","-9999","-9999","-9999","-9999","-9999","-9999","-9999","-9999","-9999","-9999","-9999","-9999"
"46","270.795947","270.796120226","-9999","1588603.8","-9999","841031.8","25.3","-1","-9999","-9999","-9999","-9999","-9999","-9999","-9999","unassigned","N/A","-9999","-9999","N/A","-9999","-9999","-9999","-9999","-9999","-9999","-9999","-9999","-9999","-9999","-9999","-9999"
"47","270.797394","270.797567224","-9999","8105596","-9999","872699.8","137.39","-1","-9999","-9999","-9999","-9999","-9999","-9999","-9999","unassigned","N/A","-9999","-9999","N/A","-9999","-9999","-9999","-9999","-9999","-9999","-9999","-9999","-9999","-9999","-9999","-9999"
"48","270.797831","270.798004223","-9999","20126332","-9999","739918.7","344.15","-1","-9999","-9999","-9999","-9999","-9999","-9999","-9999","unassigned","N/A","-9999","-9999","N/A","-9999","-9999","-9999","-9999","-9999","-9999","-9999","-9999","-9999","-9999","-9999","-9999"
"49","271.694895","271.695066793","-9999","1039505.8","-9999","620376.6","15.86","-1","-9999","-9999","-9999","-9999","-9999","-9999","-9999","unassigned","N/A","-9999","-9999","N/A","-9999","-9999","-9999","-9999","-9999","-9999","-9999","-9999","-9999","-9999","-9999","-9999"
"50","272.794422","272.79459204","-9999","2684217","-9999","764742.2","44.15","-1","-9999","-9999","-9999","-9999","-9999","-9999","-9999","unassigned","N/A","-9999","-9999","N/A","-9999","-9999","-9999","-9999","-9999","-9999","-9999","-9999","-9999","-9999","-9999","-9999"
"51","272.794864","272.795034039","-9999","6096185","-9999","705281.7","102.83","-1","-9999","-9999","-9999","-9999","-9999","-9999","-9999","unassigned","N/A","-9999","-9999","N/A","-9999","-9999","-9999","-9999","-9999","-9999","-9999","-9999","-9999","-9999","-9999","-9999"
"54","282.777638","282.777792122","-9999","976780.3","-9999","869379.5","14.6","-1","-9999","-9999","-9999","-9999","-9999","-9999","-9999","unassigned","N/A","-9999","-9999","N/A","-9999","-9999","-9999","-9999","-9999","-9999","-9999","-9999","-9999","-9999","-9999","-9999"
"55","284.774679","284.774829938","-9999","1771047.1","-9999","735378.8","28.1","-1","-9999","-9999","-9999","-9999","-9999","-9999","-9999","unassigned","N/A","-9999","-9999","N/A","-9999","-9999","-9999","-9999","-9999","-9999","-9999","-9999","-9999","-9999","-9999","-9999"
"56","285.125445","285.125595378","-9999","2144578","-9999","867113.4","34.46","-1","-9999","-9999","-9999","-9999","-9999","-9999","-9999","unassigned","N/A","-9999","-9999","N/A","-9999","-9999","-9999","-9999","-9999","-9999","-9999","-9999","-9999","-9999","-9999","-9999"
"59","286.771713","286.771860753","-9999","1147966","-9999","702502","17.44","-1","-9999","-9999","-9999","-9999","-9999","-9999","-9999","unassigned","N/A","-9999","-9999","N/A","-9999","-9999","-9999","-9999","-9999","-9999","-9999","-9999","-9999","-9999","-9999","-9999"
"61","293.175138","293.175275543","-9999","1164172.5","-9999","864975.9","17.63","-1","-9999","-9999","-9999","-9999","-9999","-9999","-9999","unassigned","N/A","-9999","-9999","N/A","-9999","-9999","-9999","-9999","-9999","-9999","-9999","-9999","-9999","-9999","-9999","-9999"
"65","297.152285","297.152416202","-9999","3686049","-9999","609174.9","59.92","-1","-9999","-9999","-9999","-9999","-9999","-9999","-9999","unassigned","N/A","-9999","-9999","N/A","-9999","-9999","-9999","-9999","-9999","-9999","-9999","-9999","-9999","-9999","-9999","-9999"
"67","298.15567","298.155799602","-9999","882149.9","-9999","638455.2","12.81","-1","-9999","-9999","-9999","-9999","-9999","-9999","-9999","unassigned","N/A","-9999","-9999","N/A","-9999","-9999","-9999","-9999","-9999","-9999","-9999","-9999","-9999","-9999","-9999","-9999"
"72","308.731155","308.731267739","-9999","903999.1","-9999","680399.8","13.05","-1","-9999","-9999","-9999","-9999","-9999","-9999","-9999","unassigned","N/A","-9999","-9999","N/A","-9999","-9999","-9999","-9999","-9999","-9999","-9999","-9999","-9999","-9999","-9999","-9999"
"75","310.752583","310.752692516","-9999","1408078.5","-9999","692452.5","21.44","-1","-9999","-9999","-9999","-9999","-9999","-9999","-9999","unassigned","N/A","-9999","-9999","N/A","-9999","-9999","-9999","-9999","-9999","-9999","-9999","-9999","-9999","-9999","-9999","-9999"
"76","310.753083","310.753192515","-9999","3196494.5","-9999","602147.2","51.22","-1","-9999","-9999","-9999","-9999","-9999","-9999","-9999","unassigned","N/A","-9999","-9999","N/A","-9999","-9999","-9999","-9999","-9999","-9999","-9999","-9999","-9999","-9999","-9999","-9999"
"77","311.167863","311.167971854","-9999","10544748","-9999","736160.5","173.59","-1","-9999","-9999","-9999","-9999","-9999","-9999","-9999","unassigned","N/A","-9999","-9999","N/A","-9999","-9999","-9999","-9999","-9999","-9999","-9999","-9999","-9999","-9999","-9999","-9999"
"79","312.171219","312.171326254","-9999","1933492.5","-9999","642085.4","30.05","-1","-9999","-9999","-9999","-9999","-9999","-9999","-9999","unassigned","N/A","-9999","-9999","N/A","-9999","-9999","-9999","-9999","-9999","-9999","-9999","-9999","-9999","-9999","-9999","-9999"
"81","312.749611","312.749717332","-9999","2251998.5","-9999","771248.3","35.33","-1","-9999","-9999","-9999","-9999","-9999","-9999","-9999","unassigned","N/A","-9999","-9999","N/A","-9999","-9999","-9999","-9999","-9999","-9999","-9999","-9999","-9999","-9999","-9999","-9999"
"82","312.750132","312.750238331","-9999","4005086.5","-9999","545979.8","64.39","-1","-9999","-9999","-9999","-9999","-9999","-9999","-9999","unassigned","N/A","-9999","-9999","N/A","-9999","-9999","-9999","-9999","-9999","-9999","-9999","-9999","-9999","-9999","-9999","-9999"
"83","312.751059","312.75116533","-9999","2779358.8","-9999","566598.4","44.07","-1","-9999","-9999","-9999","-9999","-9999","-9999","-9999","unassigned","N/A","-9999","-9999","N/A","-9999","-9999","-9999","-9999","-9999","-9999","-9999","-9999","-9999","-9999","-9999","-9999"
"85","314.747154","314.747257147","-9999","1997169.6","-9999","330185.9","31.1","-1","-9999","-9999","-9999","-9999","-9999","-9999","-9999","unassigned","N/A","-9999","-9999","N/A","-9999","-9999","-9999","-9999","-9999","-9999","-9999","-9999","-9999","-9999","-9999","-9999"
"86","314.748121","314.748224145","-9999","4015473.8","-9999","603465","64.56","-1","-9999","-9999","-9999","-9999","-9999","-9999","-9999","unassigned","N/A","-9999","-9999","N/A","-9999","-9999","-9999","-9999","-9999","-9999","-9999","-9999","-9999","-9999","-9999","-9999"
"87","316.744605","316.744704962","-9999","1018248.1","-9999","679893.5","14.88","-1","-9999","-9999","-9999","-9999","-9999","-9999","-9999","unassigned","N/A","-9999","-9999","N/A","-9999","-9999","-9999","-9999","-9999","-9999","-9999","-9999","-9999","-9999","-9999","-9999"
"88","316.745182","316.745281961","-9999","2130440.3","-9999","638422.6","33.31","-1","-9999","-9999","-9999","-9999","-9999","-9999","-9999","unassigned","N/A","-9999","-9999","N/A","-9999","-9999","-9999","-9999","-9999","-9999","-9999","-9999","-9999","-9999","-9999","-9999"
"89","318.744795","318.744891773","-9999","2526370.8","-9999","707068.4","39.68","-1","-9999","-9999","-9999","-9999","-9999","-9999","-9999","unassigned","N/A","-9999","-9999","N/A","-9999","-9999","-9999","-9999","-9999","-9999","-9999","-9999","-9999","-9999","-9999","-9999"
"90","318.745303","318.745399772","-9999","5950627","-9999","615493.3","96.17","-1","-9999","-9999","-9999","-9999","-9999","-9999","-9999","unassigned","N/A","-9999","-9999","N/A","-9999","-9999","-9999","-9999","-9999","-9999","-9999","-9999","-9999","-9999","-9999","-9999"
"91","320.739698","320.739791592","-9999","896577.6","-9999","650427.2","12.79","-1","-9999","-9999","-9999","-9999","-9999","-9999","-9999","unassigned","N/A","-9999","-9999","N/A","-9999","-9999","-9999","-9999","-9999","-9999","-9999","-9999","-9999","-9999","-9999","-9999"
"92","320.741801","320.741894589","-9999","5572929.5","-9999","630162.4","89.94","-1","-9999","-9999","-9999","-9999","-9999","-9999","-9999","unassigned","N/A","-9999","-9999","N/A","-9999","-9999","-9999","-9999","-9999","-9999","-9999","-9999","-9999","-9999","-9999","-9999"
"93","320.742298","320.742391588","-9999","10887490","-9999","548011.1","177.61","-1","-9999","-9999","-9999","-9999","-9999","-9999","-9999","unassigned","N/A","-9999","-9999","N/A","-9999","-9999","-9999","-9999","-9999","-9999","-9999","-9999","-9999","-9999","-9999","-9999"
"94","320.743194","320.743287586","-9999","869825.9","-9999","714957.1","12.35","-1","-9999","-9999","-9999","-9999","-9999","-9999","-9999","unassigned","N/A","-9999","-9999","N/A","-9999","-9999","-9999","-9999","-9999","-9999","-9999","-9999","-9999","-9999","-9999","-9999"
"95","322.738804","322.738894404","-9999","4756965.5","-9999","684018.6","76.47","-1","-9999","-9999","-9999","-9999","-9999","-9999","-9999","unassigned","N/A","-9999","-9999","N/A","-9999","-9999","-9999","-9999","-9999","-9999","-9999","-9999","-9999","-9999","-9999","-9999"
"96","322.739343","322.739433404","-9999","9243110","-9999","611397.4","150.48","-1","-9999","-9999","-9999","-9999","-9999","-9999","-9999","unassigned","N/A","-9999","-9999","N/A","-9999","-9999","-9999","-9999","-9999","-9999","-9999","-9999","-9999","-9999","-9999","-9999"
"98","324.736414","324.736501219","-9999","4155534.8","-9999","523155.9","66.05","-1","-9999","-9999","-9999","-9999","-9999","-9999","-9999","unassigned","N/A","-9999","-9999","N/A","-9999","-9999","-9999","-9999","-9999","-9999","-9999","-9999","-9999","-9999","-9999","-9999"
"99","324.761699","324.761786179","-9999","6076049","-9999","611250.3","97.5","-1","-9999","-9999","-9999","-9999","-9999","-9999","-9999","unassigned","N/A","-9999","-9999","N/A","-9999","-9999","-9999","-9999","-9999","-9999","-9999","-9999","-9999","-9999","-9999","-9999"
"100","324.762198","324.762285178","-9999","10035857","-9999","517514.8","162.33","-1","-9999","-9999","-9999","-9999","-9999","-9999","-9999","unassigned","N/A","-9999","-9999","N/A","-9999","-9999","-9999","-9999","-9999","-9999","-9999","-9999","-9999","-9999","-9999","-9999"
"103","325.183437","325.183523507","-9999","17988278","-9999","759120.5","292.54","-1","-9999","-9999","-9999","-9999","-9999","-9999","-9999","unassigned","N/A","-9999","-9999","N/A","-9999","-9999","-9999","-9999","-9999","-9999","-9999","-9999","-9999","-9999","-9999","-9999"
"105","326.095934","326.096019052","-9999","1042949.4","-9999","656857.9","15.09","-1","-9999","-9999","-9999","-9999","-9999","-9999","-9999","unassigned","N/A","-9999","-9999","N/A","-9999","-9999","-9999","-9999","-9999","-9999","-9999","-9999","-9999","-9999","-9999","-9999"
"106","326.186792","326.186876907","-9999","3123469.5","-9999","602835.9","49.15","-1","-9999","-9999","-9999","-9999","-9999","-9999","-9999","unassigned","N/A","-9999","-9999","N/A","-9999","-9999","-9999","-9999","-9999","-9999","-9999","-9999","-9999","-9999","-9999","-9999"
"108","326.758711","326.758794995","-9999","11322176","-9999","738048","183.39","-1","-9999","-9999","-9999","-9999","-9999","-9999","-9999","unassigned","N/A","-9999","-9999","N/A","-9999","-9999","-9999","-9999","-9999","-9999","-9999","-9999","-9999","-9999","-9999","-9999"
"109","326.759259","326.759342994","-9999","20843328","-9999","568590","339.29","-1","-9999","-9999","-9999","-9999","-9999","-9999","-9999","unassigned","N/A","-9999","-9999","N/A","-9999","-9999","-9999","-9999","-9999","-9999","-9999","-9999","-9999","-9999","-9999","-9999"
"111","328.755749","328.755829811","-9999","9651190","-9999","708889","156.03","-1","-9999","-9999","-9999","-9999","-9999","-9999","-9999","unassigned","N/A","-9999","-9999","N/A","-9999","-9999","-9999","-9999","-9999","-9999","-9999","-9999","-9999","-9999","-9999","-9999"
"112","328.756294","328.75637481","-9999","16460790","-9999","540589","267.53","-1","-9999","-9999","-9999","-9999","-9999","-9999","-9999","unassigned","N/A","-9999","-9999","N/A","-9999","-9999","-9999","-9999","-9999","-9999","-9999","-9999","-9999","-9999","-9999","-9999"
"113","330.752818","330.752895626","-9999","4089010.5","-9999","728902.5","64.34","-1","-9999","-9999","-9999","-9999","-9999","-9999","-9999","unassigned","N/A","-9999","-9999","N/A","-9999","-9999","-9999","-9999","-9999","-9999","-9999","-9999","-9999","-9999","-9999","-9999"
"114","330.753375","330.753452625","-9999","7746738.5","-9999","566576.1","123.66","-1","-9999","-9999","-9999","-9999","-9999","-9999","-9999","unassigned","N/A","-9999","-9999","N/A","-9999","-9999","-9999","-9999","-9999","-9999","-9999","-9999","-9999","-9999","-9999","-9999"
"115","332.749846","332.749920442","-9999","1156726","-9999","706386.7","16.78","-1","-9999","-9999","-9999","-9999","-9999","-9999","-9999","unassigned","N/A","-9999","-9999","N/A","-9999","-9999","-9999","-9999","-9999","-9999","-9999","-9999","-9999","-9999","-9999","-9999"
"116","332.750388","332.750462441","-9999","1838198","-9999","500608.6","27.83","-1","-9999","-9999","-9999","-9999","-9999","-9999","-9999","unassigned","N/A","-9999","-9999","N/A","-9999","-9999","-9999","-9999","-9999","-9999","-9999","-9999","-9999","-9999","-9999","-9999"
"117","335.63623","335.63629984","-9999","986140.9","-9999","623354.5","13.87","-1","-9999","-9999","-9999","-9999","-9999","-9999","-9999","unassigned","N/A","-9999","-9999","N/A","-9999","-9999","-9999","-9999","-9999","-9999","-9999","-9999","-9999","-9999","-9999","-9999"
"119","339.199014","339.199078159","-9999","10115102","-9999","668311.4","160.47","-1","-9999","-9999","-9999","-9999","-9999","-9999","-9999","unassigned","N/A","-9999","-9999","N/A","-9999","-9999","-9999","-9999","-9999","-9999","-9999","-9999","-9999","-9999","-9999","-9999"
"121","340.202351","340.202413559","-9999","2083982.3","-9999","950668.3","31.49","-1","-9999","-9999","-9999","-9999","-9999","-9999","-9999","unassigned","N/A","-9999","-9999","N/A","-9999","-9999","-9999","-9999","-9999","-9999","-9999","-9999","-9999","-9999","-9999","-9999"
"123","341.195296","341.195356976","-9999","1074431.5","-9999","660303.6","15.28","-1","-9999","-9999","-9999","-9999","-9999","-9999","-9999","unassigned","N/A","-9999","-9999","N/A","-9999","-9999","-9999","-9999","-9999","-9999","-9999","-9999","-9999","-9999","-9999","-9999"
"124","342.733181","342.733239524","-9999","1487026.5","-9999","665582.8","21.68","-1","-9999","-9999","-9999","-9999","-9999","-9999","-9999","unassigned","N/A","-9999","-9999","N/A","-9999","-9999","-9999","-9999","-9999","-9999","-9999","-9999","-9999","-9999","-9999","-9999"
"125","342.76072","342.76077848","-9999","1373365.8","-9999","638980.6","19.87","-1","-9999","-9999","-9999","-9999","-9999","-9999","-9999","unassigned","N/A","-9999","-9999","N/A","-9999","-9999","-9999","-9999","-9999","-9999","-9999","-9999","-9999","-9999","-9999","-9999"
"127","344.730129","344.73018434","-9999","1372065.6","-9999","595550","19.85","-1","-9999","-9999","-9999","-9999","-9999","-9999","-9999","unassigned","N/A","-9999","-9999","N/A","-9999","-9999","-9999","-9999","-9999","-9999","-9999","-9999","-9999","-9999","-9999","-9999"
"128","344.758033","344.758088295","-9999","2049189","-9999","701179.2","30.61","-1","-9999","-9999","-9999","-9999","-9999","-9999","-9999","unassigned","N/A","-9999","-9999","N/A","-9999","-9999","-9999","-9999","-9999","-9999","-9999","-9999","-9999","-9999","-9999","-9999"
"129","344.75864","344.758695294","-9999","3895973","-9999","598090.6","59.97","-1","-9999","-9999","-9999","-9999","-9999","-9999","-9999","unassigned","N/A","-9999","-9999","N/A","-9999","-9999","-9999","-9999","-9999","-9999","-9999","-9999","-9999","-9999","-9999","-9999"
"130","346.755998","346.756050109","-9999","2342300","-9999","630170.7","35.27","-1","-9999","-9999","-9999","-9999","-9999","-9999","-9999","unassigned","N/A","-9999","-9999","N/A","-9999","-9999","-9999","-9999","-9999","-9999","-9999","-9999","-9999","-9999","-9999","-9999"
"131","346.756592","346.756644109","-9999","4041628","-9999","542753.2","62.28","-1","-9999","-9999","-9999","-9999","-9999","-9999","-9999","unassigned","N/A","-9999","-9999","N/A","-9999","-9999","-9999","-9999","-9999","-9999","-9999","-9999","-9999","-9999","-9999","-9999"
"132","348.754538","348.754586923","-9999","1272730.6","-9999","583945.6","18.07","-1","-9999","-9999","-9999","-9999","-9999","-9999","-9999","unassigned","N/A","-9999","-9999","N/A","-9999","-9999","-9999","-9999","-9999","-9999","-9999","-9999","-9999","-9999","-9999","-9999"
"134","350.776122","350.776167699","-9999","1160612.3","-9999","599250.6","16.3","-1","-9999","-9999","-9999","-9999","-9999","-9999","-9999","unassigned","N/A","-9999","-9999","N/A","-9999","-9999","-9999","-9999","-9999","-9999","-9999","-9999","-9999","-9999","-9999","-9999"
"136","352.773222","352.773264515","-9999","1688498.5","-9999","568206.3","24.6","-1","-9999","-9999","-9999","-9999","-9999","-9999","-9999","unassigned","N/A","-9999","-9999","N/A","-9999","-9999","-9999","-9999","-9999","-9999","-9999","-9999","-9999","-9999","-9999","-9999"
"138","354.770143","354.770182331","-9999","943816.9","-9999","479081.2","12.88","-1","-9999","-9999","-9999","-9999","-9999","-9999","-9999","unassigned","N/A","-9999","-9999","N/A","-9999","-9999","-9999","-9999","-9999","-9999","-9999","-9999","-9999","-9999","-9999","-9999"
"139","360.726301","360.726330834","-9999","1175863.4","-9999","553927.7","16.34","-1","-9999","-9999","-9999","-9999","-9999","-9999","-9999","unassigned","N/A","-9999","-9999","N/A","-9999","-9999","-9999","-9999","-9999","-9999","-9999","-9999","-9999","-9999","-9999","-9999"
"140","360.826518","360.826547674","-9999","980038.8","-9999","621263.4","13.3","-1","-9999","-9999","-9999","-9999","-9999","-9999","-9999","unassigned","N/A","-9999","-9999","N/A","-9999","-9999","-9999","-9999","-9999","-9999","-9999","-9999","-9999","-9999","-9999","-9999"
"141","362.694651","362.694677696","-9999","954217.9","-9999","598293.7","12.75","-1","-9999","-9999","-9999","-9999","-9999","-9999","-9999","unassigned","N/A","-9999","-9999","N/A","-9999","-9999","-9999","-9999","-9999","-9999","-9999","-9999","-9999","-9999","-9999","-9999"
"142","362.968654","362.968680259","-9999","10568853","-9999","581409.3","160.74","-1","-9999","-9999","-9999","-9999","-9999","-9999","-9999","unassigned","N/A","-9999","-9999","N/A","-9999","-9999","-9999","-9999","-9999","-9999","-9999","-9999","-9999","-9999","-9999","-9999"
"146","364.691598","364.691621512","-9999","1513385.4","-9999","617454.9","21.35","-1","-9999","-9999","-9999","-9999","-9999","-9999","-9999","unassigned","N/A","-9999","-9999","N/A","-9999","-9999","-9999","-9999","-9999","-9999","-9999","-9999","-9999","-9999","-9999","-9999"
"148","364.966164","364.966187074","-9999","3220950","-9999","545847.4","47.63","-1","-9999","-9999","-9999","-9999","-9999","-9999","-9999","unassigned","N/A","-9999","-9999","N/A","-9999","-9999","-9999","-9999","-9999","-9999","-9999","-9999","-9999","-9999","-9999","-9999"
"149","366.68962","366.689640326","-9999","1124849.5","-9999","522174.4","15.36","-1","-9999","-9999","-9999","-9999","-9999","-9999","-9999","unassigned","N/A","-9999","-9999","N/A","-9999","-9999","-9999","-9999","-9999","-9999","-9999","-9999","-9999","-9999","-9999","-9999"
"150","368.710969","368.710986103","-9999","978246.4","-9999","639890.5","13.1","-1","-9999","-9999","-9999","-9999","-9999","-9999","-9999","unassigned","N/A","-9999","-9999","N/A","-9999","-9999","-9999","-9999","-9999","-9999","-9999","-9999","-9999","-9999","-9999","-9999"
"151","368.711615","368.711632102","-9999","2019910.5","-9999","553755.9","29.14","-1","-9999","-9999","-9999","-9999","-9999","-9999","-9999","unassigned","N/A","-9999","-9999","N/A","-9999","-9999","-9999","-9999","-9999","-9999","-9999","-9999","-9999","-9999","-9999","-9999"
"153","370.707979","370.707992919","-9999","1603999.9","-9999","643075.9","22.47","-1","-9999","-9999","-9999","-9999","-9999","-9999","-9999","unassigned","N/A","-9999","-9999","N/A","-9999","-9999","-9999","-9999","-9999","-9999","-9999","-9999","-9999","-9999","-9999","-9999"
"154","370.708542","370.708555918","-9999","2772896","-9999","506792.6","40.26","-1","-9999","-9999","-9999","-9999","-9999","-9999","-9999","unassigned","N/A","-9999","-9999","N/A","-9999","-9999","-9999","-9999","-9999","-9999","-9999","-9999","-9999","-9999","-9999","-9999"
"155","370.709614","370.709627916","-9999","1562528.3","-9999","631049.1","21.84","-1","-9999","-9999","-9999","-9999","-9999","-9999","-9999","unassigned","N/A","-9999","-9999","N/A","-9999","-9999","-9999","-9999","-9999","-9999","-9999","-9999","-9999","-9999","-9999","-9999"
"156","372.683839","372.683849768","-9999","1353214.5","-9999","507384.4","18.65","-1","-9999","-9999","-9999","-9999","-9999","-9999","-9999","unassigned","N/A","-9999","-9999","N/A","-9999","-9999","-9999","-9999","-9999","-9999","-9999","-9999","-9999","-9999","-9999","-9999"
"157","372.704986","372.704996734","-9999","1168386.3","-9999","680627.5","15.84","-1","-9999","-9999","-9999","-9999","-9999","-9999","-9999","unassigned","N/A","-9999","-9999","N/A","-9999","-9999","-9999","-9999","-9999","-9999","-9999","-9999","-9999","-9999","-9999","-9999"
"158","372.705497","372.705507734","-9999","1395458.4","-9999","527806","19.29","-1","-9999","-9999","-9999","-9999","-9999","-9999","-9999","unassigned","N/A","-9999","-9999","N/A","-9999","-9999","-9999","-9999","-9999","-9999","-9999","-9999","-9999","-9999","-9999","-9999"
"159","372.70658","372.706590732","-9999","3109634.5","-9999","556687.1","45.38","-1","-9999","-9999","-9999","-9999","-9999","-9999","-9999","unassigned","N/A","-9999","-9999","N/A","-9999","-9999","-9999","-9999","-9999","-9999","-9999","-9999","-9999","-9999","-9999","-9999"
"160","374.680931","374.680938584","-9999","1269865.8","-9999","532205.5","17.38","-1","-9999","-9999","-9999","-9999","-9999","-9999","-9999","unassigned","N/A","-9999","-9999","N/A","-9999","-9999","-9999","-9999","-9999","-9999","-9999","-9999","-9999","-9999","-9999","-9999"
"161","374.703666","374.703673547","-9999","1946734","-9999","508343.3","27.68","-1","-9999","-9999","-9999","-9999","-9999","-9999","-9999","unassigned","N/A","-9999","-9999","N/A","-9999","-9999","-9999","-9999","-9999","-9999","-9999","-9999","-9999","-9999","-9999","-9999"
"162","376.703141","376.703145359","-9999","2298594.8","-9999","514716.4","33.02","-1","-9999","-9999","-9999","-9999","-9999","-9999","-9999","unassigned","N/A","-9999","-9999","N/A","-9999","-9999","-9999","-9999","-9999","-9999","-9999","-9999","-9999","-9999","-9999","-9999"
"163","376.703743","376.703747358","-9999","4512227","-9999","481434","66.71","-1","-9999","-9999","-9999","-9999","-9999","-9999","-9999","unassigned","N/A","-9999","-9999","N/A","-9999","-9999","-9999","-9999","-9999","-9999","-9999","-9999","-9999","-9999","-9999","-9999"
"165","378.70009","378.700091175","-9999","5185376.5","-9999","996821.2","76.05","-1","-9999","-9999","-9999","-9999","-9999","-9999","-9999","unassigned","N/A","-9999","-9999","N/A","-9999","-9999","-9999","-9999","-9999","-9999","-9999","-9999","-9999","-9999","-9999","-9999"
"166","378.700792","378.700793174","-9999","10905440","-9999","506519.8","162.07","-1","-9999","-9999","-9999","-9999","-9999","-9999","-9999","unassigned","N/A","-9999","-9999","N/A","-9999","-9999","-9999","-9999","-9999","-9999","-9999","-9999","-9999","-9999","-9999","-9999"
"167","378.719613","378.719614144","-9999","1836388.1","-9999","559979.6","25.68","-1","-9999","-9999","-9999","-9999","-9999","-9999","-9999","unassigned","N/A","-9999","-9999","N/A","-9999","-9999","-9999","-9999","-9999","-9999","-9999","-9999","-9999","-9999","-9999","-9999"
"169","380.69411","380.694107996","-9999","933862.5","-9999","648099.4","12.1","-1","-9999","-9999","-9999","-9999","-9999","-9999","-9999","unassigned","N/A","-9999","-9999","N/A","-9999","-9999","-9999","-9999","-9999","-9999","-9999","-9999","-9999","-9999","-9999","-9999"
"170","380.697164","380.697161991","-9999","4667623","-9999","576129.6","68.25","-1","-9999","-9999","-9999","-9999","-9999","-9999","-9999","unassigned","N/A","-9999","-9999","N/A","-9999","-9999","-9999","-9999","-9999","-9999","-9999","-9999","-9999","-9999","-9999","-9999"
"171","380.697834","380.69783199","-9999","11466983","-9999","499434.5","170.51","-1","-9999","-9999","-9999","-9999","-9999","-9999","-9999","unassigned","N/A","-9999","-9999","N/A","-9999","-9999","-9999","-9999","-9999","-9999","-9999","-9999","-9999","-9999","-9999","-9999"
"172","380.717515","380.717512959","-9999","1356011.1","-9999","525767.4","18.45","-1","-9999","-9999","-9999","-9999","-9999","-9999","-9999","unassigned","N/A","-9999","-9999","N/A","-9999","-9999","-9999","-9999","-9999","-9999","-9999","-9999","-9999","-9999","-9999","-9999"
"174","382.694866","382.694860806","-9999","5875319.5","-9999","457313.4","86.41","-1","-9999","-9999","-9999","-9999","-9999","-9999","-9999","unassigned","N/A","-9999","-9999","N/A","-9999","-9999","-9999","-9999","-9999","-9999","-9999","-9999","-9999","-9999","-9999","-9999"
"175","382.720631","382.720625765","-9999","12204669","-9999","471571.1","181.6","-1","-9999","-9999","-9999","-9999","-9999","-9999","-9999","unassigned","N/A","-9999","-9999","N/A","-9999","-9999","-9999","-9999","-9999","-9999","-9999","-9999","-9999","-9999","-9999","-9999"
"178","384.691228","384.691219622","-9999","1114128.8","-9999","887725","14.8","-1","-9999","-9999","-9999","-9999","-9999","-9999","-9999","unassigned","N/A","-9999","-9999","N/A","-9999","-9999","-9999","-9999","-9999","-9999","-9999","-9999","-9999","-9999","-9999","-9999"
"179","384.691916","384.691907621","-9999","1803280.9","-9999","467344.2","25.16","-1","-9999","-9999","-9999","-9999","-9999","-9999","-9999","unassigned","N/A","-9999","-9999","N/A","-9999","-9999","-9999","-9999","-9999","-9999","-9999","-9999","-9999","-9999","-9999","-9999"
"180","384.713909","384.713900586","-9999","2112533.5","-9999","515544.8","29.82","-1","-9999","-9999","-9999","-9999","-9999","-9999","-9999","unassigned","N/A","-9999","-9999","N/A","-9999","-9999","-9999","-9999","-9999","-9999","-9999","-9999","-9999","-9999","-9999","-9999"
"181","384.717702","384.71769358","-9999","29809686","-9999","474909.1","446.37","-1","-9999","-9999","-9999","-9999","-9999","-9999","-9999","unassigned","N/A","-9999","-9999","N/A","-9999","-9999","-9999","-9999","-9999","-9999","-9999","-9999","-9999","-9999","-9999","-9999"
"182","386.710902","386.710890402","-9999","2289592.5","-9999","531524.4","31.95","-1","-9999","-9999","-9999","-9999","-9999","-9999","-9999","unassigned","N/A","-9999","-9999","N/A","-9999","-9999","-9999","-9999","-9999","-9999","-9999","-9999","-9999","-9999","-9999","-9999"
"183","386.714721","386.714709396","-9999","27942330","-9999","430562.4","411.5","-1","-9999","-9999","-9999","-9999","-9999","-9999","-9999","unassigned","N/A","-9999","-9999","N/A","-9999","-9999","-9999","-9999","-9999","-9999","-9999","-9999","-9999","-9999","-9999","-9999"
"185","388.711176","388.711161213","-9999","7205734","-9999","514238.9","104.68","-1","-9999","-9999","-9999","-9999","-9999","-9999","-9999","unassigned","N/A","-9999","-9999","N/A","-9999","-9999","-9999","-9999","-9999","-9999","-9999","-9999","-9999","-9999","-9999","-9999"
"186","388.711818","388.711803212","-9999","15986534","-9999","480297.9","234.59","-1","-9999","-9999","-9999","-9999","-9999","-9999","-9999","unassigned","N/A","-9999","-9999","N/A","-9999","-9999","-9999","-9999","-9999","-9999","-9999","-9999","-9999","-9999","-9999","-9999"
"187","388.713092","388.71307721","-9999","1115494.4","-9999","417423.3","14.57","-1","-9999","-9999","-9999","-9999","-9999","-9999","-9999","unassigned","N/A","-9999","-9999","N/A","-9999","-9999","-9999","-9999","-9999","-9999","-9999","-9999","-9999","-9999","-9999","-9999"
"188","390.708153","390.708135029","-9999","3159324.5","-9999","561612","44.8","-1","-9999","-9999","-9999","-9999","-9999","-9999","-9999","unassigned","N/A","-9999","-9999","N/A","-9999","-9999","-9999","-9999","-9999","-9999","-9999","-9999","-9999","-9999","-9999","-9999"
"189","390.708794","390.708776028","-9999","4530460.5","-9999","407195.3","65.09","-1","-9999","-9999","-9999","-9999","-9999","-9999","-9999","unassigned","N/A","-9999","-9999","N/A","-9999","-9999","-9999","-9999","-9999","-9999","-9999","-9999","-9999","-9999","-9999","-9999"
"191","391.196867","391.196848249","-9999","1390985.3","-9999","542464","18.64","-1","-9999","-9999","-9999","-9999","-9999","-9999","-9999","unassigned","N/A","-9999","-9999","N/A","-9999","-9999","-9999","-9999","-9999","-9999","-9999","-9999","-9999","-9999","-9999","-9999"
"193","393.212504","393.212482035","-9999","1325904.3","-9999","468997","17.67","-1","-9999","-9999","-9999","-9999","-9999","-9999","-9999","unassigned","N/A","-9999","-9999","N/A","-9999","-9999","-9999","-9999","-9999","-9999","-9999","-9999","-9999","-9999","-9999","-9999"
"196","398.694441","398.694410295","-9999","1226585","-9999","477140.6","15.57","-1","-9999","-9999","-9999","-9999","-9999","-9999","-9999","unassigned","N/A","-9999","-9999","N/A","-9999","-9999","-9999","-9999","-9999","-9999","-9999","-9999","-9999","-9999","-9999","-9999"
"197","400.690838","400.690804111","-9999","1292609.5","-9999","521828.7","16.51","-1","-9999","-9999","-9999","-9999","-9999","-9999","-9999","unassigned","N/A","-9999","-9999","N/A","-9999","-9999","-9999","-9999","-9999","-9999","-9999","-9999","-9999","-9999","-9999","-9999"
"198","400.691594","400.69156011","-9999","2300481.8","-9999","451127.7","30.87","-1","-9999","-9999","-9999","-9999","-9999","-9999","-9999","unassigned","N/A","-9999","-9999","N/A","-9999","-9999","-9999","-9999","-9999","-9999","-9999","-9999","-9999","-9999","-9999","-9999"
"199","401.682974","401.682938529","-9999","2617144.3","-9999","502034.8","35.37","-1","-9999","-9999","-9999","-9999","-9999","-9999","-9999","unassigned","N/A","-9999","-9999","N/A","-9999","-9999","-9999","-9999","-9999","-9999","-9999","-9999","-9999","-9999","-9999","-9999"
"200","402.688608","402.688570926","-9999","2385973.3","-9999","418069.9","32.08","-1","-9999","-9999","-9999","-9999","-9999","-9999","-9999","unassigned","N/A","-9999","-9999","N/A","-9999","-9999","-9999","-9999","-9999","-9999","-9999","-9999","-9999","-9999","-9999","-9999"
"201","403.196858","403.196820116","-9999","1255094.1","-9999","576222.8","15.97","-1","-9999","-9999","-9999","-9999","-9999","-9999","-9999","unassigned","N/A","-9999","-9999","N/A","-9999","-9999","-9999","-9999","-9999","-9999","-9999","-9999","-9999","-9999","-9999","-9999"
"202","404.685689","404.685648742","-9999","1228340.1","-9999","427085.3","14.99","-1","-9999","-9999","-9999","-9999","-9999","-9999","-9999","unassigned","N/A","-9999","-9999","N/A","-9999","-9999","-9999","-9999","-9999","-9999","-9999","-9999","-9999","-9999","-9999","-9999"
"203","404.714746","404.714705695","-9999","1070139.6","-9999","496524.4","12.82","-1","-9999","-9999","-9999","-9999","-9999","-9999","-9999","unassigned","N/A","-9999","-9999","N/A","-9999","-9999","-9999","-9999","-9999","-9999","-9999","-9999","-9999","-9999","-9999","-9999"
"204","405.212485","405.212443902","-9999","1081788.9","-9999","483551.8","12.98","-1","-9999","-9999","-9999","-9999","-9999","-9999","-9999","unassigned","N/A","-9999","-9999","N/A","-9999","-9999","-9999","-9999","-9999","-9999","-9999","-9999","-9999","-9999","-9999","-9999"
"206","407.228088","407.228043688","-9999","1243600","-9999","527677.4","15.19","-1","-9999","-9999","-9999","-9999","-9999","-9999","-9999","unassigned","N/A","-9999","-9999","N/A","-9999","-9999","-9999","-9999","-9999","-9999","-9999","-9999","-9999","-9999","-9999","-9999"
"207","408.73464","408.734593286","-9999","1212005.5","-9999","573799.4","14.76","-1","-9999","-9999","-9999","-9999","-9999","-9999","-9999","unassigned","N/A","-9999","-9999","N/A","-9999","-9999","-9999","-9999","-9999","-9999","-9999","-9999","-9999","-9999","-9999","-9999"
"208","408.920266","408.92021899","-9999","1532567.9","-9999","458158.4","19.15","-1","-9999","-9999","-9999","-9999","-9999","-9999","-9999","unassigned","N/A","-9999","-9999","N/A","-9999","-9999","-9999","-9999","-9999","-9999","-9999","-9999","-9999","-9999","-9999","-9999"
"212","410.731597","410.731547102","-9999","1689226.4","-9999","443657.9","21.29","-1","-9999","-9999","-9999","-9999","-9999","-9999","-9999","unassigned","N/A","-9999","-9999","N/A","-9999","-9999","-9999","-9999","-9999","-9999","-9999","-9999","-9999","-9999","-9999","-9999"
"214","412.728705","412.728651917","-9999","1310141","-9999","472981","16.09","-1","-9999","-9999","-9999","-9999","-9999","-9999","-9999","unassigned","N/A","-9999","-9999","N/A","-9999","-9999","-9999","-9999","-9999","-9999","-9999","-9999","-9999","-9999","-9999","-9999"
"216","416.878912","416.8788523","-9999","1086588.4","-9999","560944.2","12.51","-1","-9999","-9999","-9999","-9999","-9999","-9999","-9999","unassigned","N/A","-9999","-9999","N/A","-9999","-9999","-9999","-9999","-9999","-9999","-9999","-9999","-9999","-9999","-9999","-9999"
"217","416.879614","416.879554299","-9999","1479292.6","-9999","376972.8","17.69","-1","-9999","-9999","-9999","-9999","-9999","-9999","-9999","unassigned","N/A","-9999","-9999","N/A","-9999","-9999","-9999","-9999","-9999","-9999","-9999","-9999","-9999","-9999","-9999","-9999"
"218","418.684646","418.684583421","-9999","1206945.6","-9999","460008.8","14.09","-1","-9999","-9999","-9999","-9999","-9999","-9999","-9999","unassigned","N/A","-9999","-9999","N/A","-9999","-9999","-9999","-9999","-9999","-9999","-9999","-9999","-9999","-9999","-9999","-9999"
"221","419.228068","419.228004554","-9999","1873481.4","-9999","376703.7","22.88","-1","-9999","-9999","-9999","-9999","-9999","-9999","-9999","unassigned","N/A","-9999","-9999","N/A","-9999","-9999","-9999","-9999","-9999","-9999","-9999","-9999","-9999","-9999","-9999","-9999"
"228","421.243753","421.24368634","-9999","1199042.3","-9999","413835","13.98","-1","-9999","-9999","-9999","-9999","-9999","-9999","-9999","unassigned","N/A","-9999","-9999","N/A","-9999","-9999","-9999","-9999","-9999","-9999","-9999","-9999","-9999","-9999","-9999","-9999"
"229","422.650055","422.649986098","-9999","1205893.8","-9999","564609.5","14.06","-1","-9999","-9999","-9999","-9999","-9999","-9999","-9999","unassigned","N/A","-9999","-9999","N/A","-9999","-9999","-9999","-9999","-9999","-9999","-9999","-9999","-9999","-9999","-9999","-9999"
"230","422.668855","422.668786068","-9999","1694347.9","-9999","469090.7","20.5","-1","-9999","-9999","-9999","-9999","-9999","-9999","-9999","unassigned","N/A","-9999","-9999","N/A","-9999","-9999","-9999","-9999","-9999","-9999","-9999","-9999","-9999","-9999","-9999","-9999"
"231","422.93584","422.935770642","-9999","30900962","-9999","379204.1","405.76","-1","-9999","-9999","-9999","-9999","-9999","-9999","-9999","unassigned","N/A","-9999","-9999","N/A","-9999","-9999","-9999","-9999","-9999","-9999","-9999","-9999","-9999","-9999","-9999","-9999"
"235","423.939253","423.939182042","-9999","1606187.1","-9999","502379","18.6","-1","-9999","-9999","-9999","-9999","-9999","-9999","-9999","unassigned","N/A","-9999","-9999","N/A","-9999","-9999","-9999","-9999","-9999","-9999","-9999","-9999","-9999","-9999","-9999","-9999"
"236","424.648132","424.648059912","-9999","1516821.9","-9999","536091.2","17.46","-1","-9999","-9999","-9999","-9999","-9999","-9999","-9999","unassigned","N/A","-9999","-9999","N/A","-9999","-9999","-9999","-9999","-9999","-9999","-9999","-9999","-9999","-9999","-9999","-9999"
"237","424.666883","424.666810882","-9999","1980700.1","-9999","380101","23.34","-1","-9999","-9999","-9999","-9999","-9999","-9999","-9999","unassigned","N/A","-9999","-9999","N/A","-9999","-9999","-9999","-9999","-9999","-9999","-9999","-9999","-9999","-9999","-9999","-9999"
"238","424.932649","424.932576458","-9999","5083508.5","-9999","382640.2","62.71","-1","-9999","-9999","-9999","-9999","-9999","-9999","-9999","unassigned","N/A","-9999","-9999","N/A","-9999","-9999","-9999","-9999","-9999","-9999","-9999","-9999","-9999","-9999","-9999","-9999"
"240","426.664833","426.664757696","-9999","1326525.8","-9999","448217.2","15.04","-1","-9999","-9999","-9999","-9999","-9999","-9999","-9999","unassigned","N/A","-9999","-9999","N/A","-9999","-9999","-9999","-9999","-9999","-9999","-9999","-9999","-9999","-9999","-9999","-9999"
"241","426.670014","426.669938688","-9999","1931199.6","-9999","388097","22.71","-1","-9999","-9999","-9999","-9999","-9999","-9999","-9999","unassigned","N/A","-9999","-9999","N/A","-9999","-9999","-9999","-9999","-9999","-9999","-9999","-9999","-9999","-9999","-9999","-9999"
"242","426.930741","426.930665272","-9999","2293784.8","-9999","419934.8","27.31","-1","-9999","-9999","-9999","-9999","-9999","-9999","-9999","unassigned","N/A","-9999","-9999","N/A","-9999","-9999","-9999","-9999","-9999","-9999","-9999","-9999","-9999","-9999","-9999","-9999"
"243","428.666329","428.666250505","-9999","2231410.8","-9999","439458.9","26.51","-1","-9999","-9999","-9999","-9999","-9999","-9999","-9999","unassigned","N/A","-9999","-9999","N/A","-9999","-9999","-9999","-9999","-9999","-9999","-9999","-9999","-9999","-9999","-9999","-9999"
"244","428.667032","428.666953504","-9999","3145331","-9999","425049.5","38.1","-1","-9999","-9999","-9999","-9999","-9999","-9999","-9999","unassigned","N/A","-9999","-9999","N/A","-9999","-9999","-9999","-9999","-9999","-9999","-9999","-9999","-9999","-9999","-9999","-9999"
"245","428.668141","428.668062502","-9999","1703539.5","-9999","575054.2","19.81","-1","-9999","-9999","-9999","-9999","-9999","-9999","-9999","unassigned","N/A","-9999","-9999","N/A","-9999","-9999","-9999","-9999","-9999","-9999","-9999","-9999","-9999","-9999","-9999","-9999"
"246","430.641537","430.641455356","-9999","1474865.3","-9999","464094.1","16.9","-1","-9999","-9999","-9999","-9999","-9999","-9999","-9999","unassigned","N/A","-9999","-9999","N/A","-9999","-9999","-9999","-9999","-9999","-9999","-9999","-9999","-9999","-9999","-9999","-9999"
"247","430.642319","430.642237354","-9999","2095921.5","-9999","420300.3","24.78","-1","-9999","-9999","-9999","-9999","-9999","-9999","-9999","unassigned","N/A","-9999","-9999","N/A","-9999","-9999","-9999","-9999","-9999","-9999","-9999","-9999","-9999","-9999","-9999","-9999"
"248","430.663312","430.663230321","-9999","2378041","-9999","443962.2","28.36","-1","-9999","-9999","-9999","-9999","-9999","-9999","-9999","unassigned","N/A","-9999","-9999","N/A","-9999","-9999","-9999","-9999","-9999","-9999","-9999","-9999","-9999","-9999","-9999","-9999"
"249","430.664092","430.66401032","-9999","1939769.4","-9999","774057.7","22.8","-1","-9999","-9999","-9999","-9999","-9999","-9999","-9999","unassigned","N/A","-9999","-9999","N/A","-9999","-9999","-9999","-9999","-9999","-9999","-9999","-9999","-9999","-9999","-9999","-9999"
"250","430.665071","430.664989318","-9999","3561785.8","-9999","535467.9","43.38","-1","-9999","-9999","-9999","-9999","-9999","-9999","-9999","unassigned","N/A","-9999","-9999","N/A","-9999","-9999","-9999","-9999","-9999","-9999","-9999","-9999","-9999","-9999","-9999","-9999"
"253","432.639311","432.63922617","-9999","2060810.6","-9999","426595.8","24.33","-1","-9999","-9999","-9999","-9999","-9999","-9999","-9999","unassigned","N/A","-9999","-9999","N/A","-9999","-9999","-9999","-9999","-9999","-9999","-9999","-9999","-9999","-9999","-9999","-9999"
"254","432.661231","432.661146135","-9999","1555474.8","-9999","891700.4","17.91","-1","-9999","-9999","-9999","-9999","-9999","-9999","-9999","unassigned","N/A","-9999","-9999","N/A","-9999","-9999","-9999","-9999","-9999","-9999","-9999","-9999","-9999","-9999","-9999","-9999"
"255","432.662108","432.662023134","-9999","2752531","-9999","460572.1","33.1","-1","-9999","-9999","-9999","-9999","-9999","-9999","-9999","unassigned","N/A","-9999","-9999","N/A","-9999","-9999","-9999","-9999","-9999","-9999","-9999","-9999","-9999","-9999","-9999","-9999"
"256","433.083641","433.083555462","-9999","2081455.5","-9999","303591.9","24.59","-1","-9999","-9999","-9999","-9999","-9999","-9999","-9999","unassigned","N/A","-9999","-9999","N/A","-9999","-9999","-9999","-9999","-9999","-9999","-9999","-9999","-9999","-9999","-9999","-9999"
"258","433.243676","433.243590207","-9999","2236139.3","-9999","390623","26.55","-1","-9999","-9999","-9999","-9999","-9999","-9999","-9999","unassigned","N/A","-9999","-9999","N/A","-9999","-9999","-9999","-9999","-9999","-9999","-9999","-9999","-9999","-9999","-9999","-9999"
"259","434.636389","434.636300986","-9999","1528055.6","-9999","408018.4","16.88","-1","-9999","-9999","-9999","-9999","-9999","-9999","-9999","unassigned","N/A","-9999","-9999","N/A","-9999","-9999","-9999","-9999","-9999","-9999","-9999","-9999","-9999","-9999","-9999","-9999"
"260","434.661529","434.661440946","-9999","3983873","-9999","382119.5","46.83","-1","-9999","-9999","-9999","-9999","-9999","-9999","-9999","unassigned","N/A","-9999","-9999","N/A","-9999","-9999","-9999","-9999","-9999","-9999","-9999","-9999","-9999","-9999","-9999","-9999"
"261","434.662183","434.662094945","-9999","5867265.5","-9999","352587.2","69.8","-1","-9999","-9999","-9999","-9999","-9999","-9999","-9999","unassigned","N/A","-9999","-9999","N/A","-9999","-9999","-9999","-9999","-9999","-9999","-9999","-9999","-9999","-9999","-9999","-9999"
"266","435.25924","435.259150993","-9999","1457125.3","-9999","372308.5","16.01","-1","-9999","-9999","-9999","-9999","-9999","-9999","-9999","unassigned","N/A","-9999","-9999","N/A","-9999","-9999","-9999","-9999","-9999","-9999","-9999","-9999","-9999","-9999","-9999","-9999"
"268","436.653738","436.653646769","-9999","1154816.8","-9999","353218.4","12.32","-1","-9999","-9999","-9999","-9999","-9999","-9999","-9999","unassigned","N/A","-9999","-9999","N/A","-9999","-9999","-9999","-9999","-9999","-9999","-9999","-9999","-9999","-9999","-9999","-9999"
"269","436.656827","436.656735764","-9999","1431553.9","-9999","394597.7","15.69","-1","-9999","-9999","-9999","-9999","-9999","-9999","-9999","unassigned","N/A","-9999","-9999","N/A","-9999","-9999","-9999","-9999","-9999","-9999","-9999","-9999","-9999","-9999","-9999","-9999"
"270","436.659176","436.659084761","-9999","15873539","-9999","386902.1","191.83","-1","-9999","-9999","-9999","-9999","-9999","-9999","-9999","unassigned","N/A","-9999","-9999","N/A","-9999","-9999","-9999","-9999","-9999","-9999","-9999","-9999","-9999","-9999","-9999","-9999"
"278","438.656257","438.656162576","-9999","19347738","-9999","374124.4","234.2","-1","-9999","-9999","-9999","-9999","-9999","-9999","-9999","unassigned","N/A","-9999","-9999","N/A","-9999","-9999","-9999","-9999","-9999","-9999","-9999","-9999","-9999","-9999","-9999","-9999"
"279","439.123045","439.122949832","-9999","1465301","-9999","487539.4","16.09","-1","-9999","-9999","-9999","-9999","-9999","-9999","-9999","unassigned","N/A","-9999","-9999","N/A","-9999","-9999","-9999","-9999","-9999","-9999","-9999","-9999","-9999","-9999","-9999","-9999"
"285","440.65327","440.653172392","-9999","12301381","-9999","376253.8","148.25","-1","-9999","-9999","-9999","-9999","-9999","-9999","-9999","unassigned","N/A","-9999","-9999","N/A","-9999","-9999","-9999","-9999","-9999","-9999","-9999","-9999","-9999","-9999","-9999","-9999"
"286","440.679054","440.678956351","-9999","10196048","-9999","349420.8","122.57","-1","-9999","-9999","-9999","-9999","-9999","-9999","-9999","unassigned","N/A","-9999","-9999","N/A","-9999","-9999","-9999","-9999","-9999","-9999","-9999","-9999","-9999","-9999","-9999","-9999"
"287","440.946364","440.946265925","-9999","1556157.9","-9999","406144.5","17.19","-1","-9999","-9999","-9999","-9999","-9999","-9999","-9999","unassigned","N/A","-9999","-9999","N/A","-9999","-9999","-9999","-9999","-9999","-9999","-9999","-9999","-9999","-9999","-9999","-9999"
"291","442.650339","442.650238208","-9999","4727686.5","-9999","399145.3","55.86","-1","-9999","-9999","-9999","-9999","-9999","-9999","-9999","unassigned","N/A","-9999","-9999","N/A","-9999","-9999","-9999","-9999","-9999","-9999","-9999","-9999","-9999","-9999","-9999","-9999"
"292","442.676111","442.676010167","-9999","27139986","-9999","366478.7","329.22","-1","-9999","-9999","-9999","-9999","-9999","-9999","-9999","unassigned","N/A","-9999","-9999","N/A","-9999","-9999","-9999","-9999","-9999","-9999","-9999","-9999","-9999","-9999","-9999","-9999"
"298","443.97495","443.974847096","-9999","1360060.1","-9999","362893.8","14.78","-1","-9999","-9999","-9999","-9999","-9999","-9999","-9999","unassigned","N/A","-9999","-9999","N/A","-9999","-9999","-9999","-9999","-9999","-9999","-9999","-9999","-9999","-9999","-9999","-9999"
"299","444.647429","444.647325023","-9999","1328863","-9999","468113.8","14.4","-1","-9999","-9999","-9999","-9999","-9999","-9999","-9999","unassigned","N/A","-9999","-9999","N/A","-9999","-9999","-9999","-9999","-9999","-9999","-9999","-9999","-9999","-9999","-9999","-9999"
"300","444.668101","444.66799699","-9999","2501352","-9999","402899.6","28.7","-1","-9999","-9999","-9999","-9999","-9999","-9999","-9999","unassigned","N/A","-9999","-9999","N/A","-9999","-9999","-9999","-9999","-9999","-9999","-9999","-9999","-9999","-9999","-9999","-9999"
"301","444.670621","444.670516986","-9999","2593001","-9999","307369.6","29.82","-1","-9999","-9999","-9999","-9999","-9999","-9999","-9999","unassigned","N/A","-9999","-9999","N/A","-9999","-9999","-9999","-9999","-9999","-9999","-9999","-9999","-9999","-9999","-9999","-9999"
"302","444.67316","444.673055982","-9999","30827242","-9999","380277.9","374.18","-1","-9999","-9999","-9999","-9999","-9999","-9999","-9999","unassigned","N/A","-9999","-9999","N/A","-9999","-9999","-9999","-9999","-9999","-9999","-9999","-9999","-9999","-9999","-9999","-9999"
"308","446.665073","446.664965806","-9999","1534039.5","-9999","438458.5","16.23","-1","-9999","-9999","-9999","-9999","-9999","-9999","-9999","unassigned","N/A","-9999","-9999","N/A","-9999","-9999","-9999","-9999","-9999","-9999","-9999","-9999","-9999","-9999","-9999","-9999"
"309","446.66722","446.667112803","-9999","1619416.5","-9999","498247","17.23","-1","-9999","-9999","-9999","-9999","-9999","-9999","-9999","unassigned","N/A","-9999","-9999","N/A","-9999","-9999","-9999","-9999","-9999","-9999","-9999","-9999","-9999","-9999","-9999","-9999"
"310","446.667723","446.667615802","-9999","1700440.6","-9999","561484.6","18.18","-1","-9999","-9999","-9999","-9999","-9999","-9999","-9999","unassigned","N/A","-9999","-9999","N/A","-9999","-9999","-9999","-9999","-9999","-9999","-9999","-9999","-9999","-9999","-9999","-9999"
"311","446.670191","446.670083798","-9999","19494490","-9999","342473.4","226.73","-1","-9999","-9999","-9999","-9999","-9999","-9999","-9999","unassigned","N/A","-9999","-9999","N/A","-9999","-9999","-9999","-9999","-9999","-9999","-9999","-9999","-9999","-9999","-9999","-9999"
"318","447.259294","447.259185859","-9999","1223265.8","-9999","414295.7","12.59","-1","-9999","-9999","-9999","-9999","-9999","-9999","-9999","unassigned","N/A","-9999","-9999","N/A","-9999","-9999","-9999","-9999","-9999","-9999","-9999","-9999","-9999","-9999","-9999","-9999"
"320","448.666496","448.666385615","-9999","5046752.5","-9999","419763.3","57.39","-1","-9999","-9999","-9999","-9999","-9999","-9999","-9999","unassigned","N/A","-9999","-9999","N/A","-9999","-9999","-9999","-9999","-9999","-9999","-9999","-9999","-9999","-9999","-9999","-9999"
"321","448.667281","448.667170614","-9999","7868897","-9999","389625.8","90.47","-1","-9999","-9999","-9999","-9999","-9999","-9999","-9999","unassigned","N/A","-9999","-9999","N/A","-9999","-9999","-9999","-9999","-9999","-9999","-9999","-9999","-9999","-9999","-9999","-9999"
"329","450.663466","450.663352431","-9999","1212160.1","-9999","402138.7","12.44","-1","-9999","-9999","-9999","-9999","-9999","-9999","-9999","unassigned","N/A","-9999","-9999","N/A","-9999","-9999","-9999","-9999","-9999","-9999","-9999","-9999","-9999","-9999","-9999","-9999"
"330","450.664311","450.66419743","-9999","2262400.5","-9999","395851.4","24.75","-1","-9999","-9999","-9999","-9999","-9999","-9999","-9999","unassigned","N/A","-9999","-9999","N/A","-9999","-9999","-9999","-9999","-9999","-9999","-9999","-9999","-9999","-9999","-9999","-9999"
"337","451.253305","451.253190491","-9999","1930902.8","-9999","492549.7","20.86","-1","-9999","-9999","-9999","-9999","-9999","-9999","-9999","unassigned","N/A","-9999","-9999","N/A","-9999","-9999","-9999","-9999","-9999","-9999","-9999","-9999","-9999","-9999","-9999","-9999"
"344","454.961887","454.961766577","-9999","4777377","-9999","343429.7","54.2","-1","-9999","-9999","-9999","-9999","-9999","-9999","-9999","unassigned","N/A","-9999","-9999","N/A","-9999","-9999","-9999","-9999","-9999","-9999","-9999","-9999","-9999","-9999","-9999","-9999"
"351","458.649898","458.649771697","-9999","2681082","-9999","310866.9","28.09","-1","-9999","-9999","-9999","-9999","-9999","-9999","-9999","unassigned","N/A","-9999","-9999","N/A","-9999","-9999","-9999","-9999","-9999","-9999","-9999","-9999","-9999","-9999","-9999","-9999"
"360","460.646291","460.646161514","-9999","1700378.4","-9999","438142.6","17.17","-1","-9999","-9999","-9999","-9999","-9999","-9999","-9999","unassigned","N/A","-9999","-9999","N/A","-9999","-9999","-9999","-9999","-9999","-9999","-9999","-9999","-9999","-9999","-9999","-9999"
"361","460.647059","460.646929512","-9999","2601242.8","-9999","358349.6","27.19","-1","-9999","-9999","-9999","-9999","-9999","-9999","-9999","unassigned","N/A","-9999","-9999","N/A","-9999","-9999","-9999","-9999","-9999","-9999","-9999","-9999","-9999","-9999","-9999","-9999"
"370","462.644061","462.643928328","-9999","1753431","-9999","312580.1","17.75","-1","-9999","-9999","-9999","-9999","-9999","-9999","-9999","unassigned","N/A","-9999","-9999","N/A","-9999","-9999","-9999","-9999","-9999","-9999","-9999","-9999","-9999","-9999","-9999","-9999"
"377","464.814907","464.814770867","-9999","1835793.4","-9999","417840.6","18.65","-1","-9999","-9999","-9999","-9999","-9999","-9999","-9999","unassigned","N/A","-9999","-9999","N/A","-9999","-9999","-9999","-9999","-9999","-9999","-9999","-9999","-9999","-9999","-9999","-9999"
"378","464.81575","464.815613865","-9999","3488273.8","-9999","413793.8","37.02","-1","-9999","-9999","-9999","-9999","-9999","-9999","-9999","unassigned","N/A","-9999","-9999","N/A","-9999","-9999","-9999","-9999","-9999","-9999","-9999","-9999","-9999","-9999","-9999","-9999"
"390","466.692921","466.692781872","-9999","1564227.9","-9999","438532.5","15.62","-1","-9999","-9999","-9999","-9999","-9999","-9999","-9999","unassigned","N/A","-9999","-9999","N/A","-9999","-9999","-9999","-9999","-9999","-9999","-9999","-9999","-9999","-9999","-9999","-9999"
"391","466.813666","466.81352668","-9999","3945097.8","-9999","368897","42.09","-1","-9999","-9999","-9999","-9999","-9999","-9999","-9999","unassigned","N/A","-9999","-9999","N/A","-9999","-9999","-9999","-9999","-9999","-9999","-9999","-9999","-9999","-9999","-9999","-9999"
"392","466.931548","466.931408492","-9999","1313230.3","-9999","360357.5","12.83","-1","-9999","-9999","-9999","-9999","-9999","-9999","-9999","unassigned","N/A","-9999","-9999","N/A","-9999","-9999","-9999","-9999","-9999","-9999","-9999","-9999","-9999","-9999","-9999","-9999"
"399","468.690078","468.689935688","-9999","2475734.8","-9999","343013.9","24.17","-1","-9999","-9999","-9999","-9999","-9999","-9999","-9999","unassigned","N/A","-9999","-9999","N/A","-9999","-9999","-9999","-9999","-9999","-9999","-9999","-9999","-9999","-9999","-9999","-9999"
"400","468.886728","468.886585374","-9999","1731403.8","-9999","401845.8","16.4","-1","-9999","-9999","-9999","-9999","-9999","-9999","-9999","unassigned","N/A","-9999","-9999","N/A","-9999","-9999","-9999","-9999","-9999","-9999","-9999","-9999","-9999","-9999","-9999","-9999"
"403","468.977443","468.97730023","-9999","77460352","-9999","344849.2","807.1","-1","-9999","-9999","-9999","-9999","-9999","-9999","-9999","unassigned","N/A","-9999","-9999","N/A","-9999","-9999","-9999","-9999","-9999","-9999","-9999","-9999","-9999","-9999","-9999","-9999"
"414","469.980871","469.98072663","-9999","4912603","-9999","371851.3","49.61","-1","-9999","-9999","-9999","-9999","-9999","-9999","-9999","unassigned","N/A","-9999","-9999","N/A","-9999","-9999","-9999","-9999","-9999","-9999","-9999","-9999","-9999","-9999","-9999","-9999"
"415","470.687033","470.686887504","-9999","1838982.5","-9999","276781.8","17.51","-1","-9999","-9999","-9999","-9999","-9999","-9999","-9999","unassigned","N/A","-9999","-9999","N/A","-9999","-9999","-9999","-9999","-9999","-9999","-9999","-9999","-9999","-9999","-9999","-9999"
"416","470.974353","470.974207046","-9999","12519477","-9999","348227.4","129.03","-1","-9999","-9999","-9999","-9999","-9999","-9999","-9999","unassigned","N/A","-9999","-9999","N/A","-9999","-9999","-9999","-9999","-9999","-9999","-9999","-9999","-9999","-9999","-9999","-9999"
"424","471.97393","471.973782452","-9999","2279066.3","-9999","327689.4","22.1","-1","-9999","-9999","-9999","-9999","-9999","-9999","-9999","unassigned","N/A","-9999","-9999","N/A","-9999","-9999","-9999","-9999","-9999","-9999","-9999","-9999","-9999","-9999","-9999","-9999"
"426","472.82072","472.820571102","-9999","1720486.6","-9999","292208.8","16.26","-1","-9999","-9999","-9999","-9999","-9999","-9999","-9999","unassigned","N/A","-9999","-9999","N/A","-9999","-9999","-9999","-9999","-9999","-9999","-9999","-9999","-9999","-9999","-9999","-9999"
"437","473.281777","473.281627367","-9999","82705864","-9999","361222.8","861.84","-1","-9999","-9999","-9999","-9999","-9999","-9999","-9999","unassigned","N/A","-9999","-9999","N/A","-9999","-9999","-9999","-9999","-9999","-9999","-9999","-9999","-9999","-9999","-9999","-9999"
"439","474.278625","474.278473777","-9999","1377336.3","-9999","444497.9","12.67","-1","-9999","-9999","-9999","-9999","-9999","-9999","-9999","unassigned","N/A","-9999","-9999","N/A","-9999","-9999","-9999","-9999","-9999","-9999","-9999","-9999","-9999","-9999","-9999","-9999"
"442","474.285156","474.285004767","-9999","22642748","-9999","343573.3","234.71","-1","-9999","-9999","-9999","-9999","-9999","-9999","-9999","unassigned","N/A","-9999","-9999","N/A","-9999","-9999","-9999","-9999","-9999","-9999","-9999","-9999","-9999","-9999","-9999","-9999"
"443","474.818803","474.818650916","-9999","1837966.3","-9999","400159.2","17.48","-1","-9999","-9999","-9999","-9999","-9999","-9999","-9999","unassigned","N/A","-9999","-9999","N/A","-9999","-9999","-9999","-9999","-9999","-9999","-9999","-9999","-9999","-9999","-9999","-9999"
"451","475.366319","475.366166043","-9999","1504490.6","-9999","331713.5","13.99","-1","-9999","-9999","-9999","-9999","-9999","-9999","-9999","unassigned","N/A","-9999","-9999","N/A","-9999","-9999","-9999","-9999","-9999","-9999","-9999","-9999","-9999","-9999","-9999","-9999"
"463","477.232494","477.232338067","-9999","1475611.8","-9999","406472.8","13.68","-1","-9999","-9999","-9999","-9999","-9999","-9999","-9999","unassigned","N/A","-9999","-9999","N/A","-9999","-9999","-9999","-9999","-9999","-9999","-9999","-9999","-9999","-9999","-9999","-9999"
"470","479.190705","479.190545945","-9999","1900701.4","-9999","353899.8","18.1","-1","-9999","-9999","-9999","-9999","-9999","-9999","-9999","unassigned","N/A","-9999","-9999","N/A","-9999","-9999","-9999","-9999","-9999","-9999","-9999","-9999","-9999","-9999","-9999","-9999"
"474","480.608245","480.608083685","-9999","1617482.3","-9999","294038.7","15.13","-1","-9999","-9999","-9999","-9999","-9999","-9999","-9999","unassigned","N/A","-9999","-9999","N/A","-9999","-9999","-9999","-9999","-9999","-9999","-9999","-9999","-9999","-9999","-9999","-9999"
"487","482.605565","482.6054005","-9999","1845641.3","-9999","420579.7","16.45","-1","-9999","-9999","-9999","-9999","-9999","-9999","-9999","unassigned","N/A","-9999","-9999","N/A","-9999","-9999","-9999","-9999","-9999","-9999","-9999","-9999","-9999","-9999","-9999","-9999"
"488","482.606607","482.606442498","-9999","1667466","-9999","392812.9","14.7","-1","-9999","-9999","-9999","-9999","-9999","-9999","-9999","unassigned","N/A","-9999","-9999","N/A","-9999","-9999","-9999","-9999","-9999","-9999","-9999","-9999","-9999","-9999","-9999","-9999"
"489","482.902309","482.902144027","-9999","10331730","-9999","335401.1","99.7","-1","-9999","-9999","-9999","-9999","-9999","-9999","-9999","unassigned","N/A","-9999","-9999","N/A","-9999","-9999","-9999","-9999","-9999","-9999","-9999","-9999","-9999","-9999","-9999","-9999"
"490","482.980084","482.979918903","-9999","1758087.3","-9999","292938.7","15.58","-1","-9999","-9999","-9999","-9999","-9999","-9999","-9999","unassigned","N/A","-9999","-9999","N/A","-9999","-9999","-9999","-9999","-9999","-9999","-9999","-9999","-9999","-9999","-9999","-9999"
"498","483.901935","483.901768433","-9999","3297019.3","-9999","273033.3","30.68","-1","-9999","-9999","-9999","-9999","-9999","-9999","-9999","unassigned","N/A","-9999","-9999","N/A","-9999","-9999","-9999","-9999","-9999","-9999","-9999","-9999","-9999","-9999","-9999","-9999"
"500","484.603583","484.603415314","-9999","1994971.8","-9999","409967.7","17.9","-1","-9999","-9999","-9999","-9999","-9999","-9999","-9999","unassigned","N/A","-9999","-9999","N/A","-9999","-9999","-9999","-9999","-9999","-9999","-9999","-9999","-9999","-9999","-9999","-9999"
"501","484.628439","484.628271274","-9999","1666796.9","-9999","350627.1","14.68","-1","-9999","-9999","-9999","-9999","-9999","-9999","-9999","unassigned","N/A","-9999","-9999","N/A","-9999","-9999","-9999","-9999","-9999","-9999","-9999","-9999","-9999","-9999","-9999","-9999"
"502","484.899074","484.898905843","-9999","1995174.9","-9999","260393.3","17.9","-1","-9999","-9999","-9999","-9999","-9999","-9999","-9999","unassigned","N/A","-9999","-9999","N/A","-9999","-9999","-9999","-9999","-9999","-9999","-9999","-9999","-9999","-9999","-9999","-9999"
"510","486.62534900000003","486.62517809","-9999","3591248.5","-9999","344465","33.54","-1","-9999","-9999","-9999","-9999","-9999","-9999","-9999","unassigned","N/A","-9999","-9999","N/A","-9999","-9999","-9999","-9999","-9999","-9999","-9999","-9999","-9999","-9999","-9999","-9999"
"518","488.600616","488.600441941","-9999","2038197","-9999","314786.3","18.29","-1","-9999","-9999","-9999","-9999","-9999","-9999","-9999","unassigned","N/A","-9999","-9999","N/A","-9999","-9999","-9999","-9999","-9999","-9999","-9999","-9999","-9999","-9999","-9999","-9999"
"519","488.621449","488.621274908","-9999","2691523.8","-9999","702081.1","24.7","-1","-9999","-9999","-9999","-9999","-9999","-9999","-9999","unassigned","N/A","-9999","-9999","N/A","-9999","-9999","-9999","-9999","-9999","-9999","-9999","-9999","-9999","-9999","-9999","-9999"
"520","488.622452","488.622277906","-9999","3595716.3","-9999","334984.3","33.57","-1","-9999","-9999","-9999","-9999","-9999","-9999","-9999","unassigned","N/A","-9999","-9999","N/A","-9999","-9999","-9999","-9999","-9999","-9999","-9999","-9999","-9999","-9999","-9999","-9999"
"521","488.623444","488.623269905","-9999","3160517.3","-9999","543360.4","29.3","-1","-9999","-9999","-9999","-9999","-9999","-9999","-9999","unassigned","N/A","-9999","-9999","N/A","-9999","-9999","-9999","-9999","-9999","-9999","-9999","-9999","-9999","-9999","-9999","-9999"
"522","488.815574","488.815399598","-9999","4577868","-9999","347244.1","43.21","-1","-9999","-9999","-9999","-9999","-9999","-9999","-9999","unassigned","N/A","-9999","-9999","N/A","-9999","-9999","-9999","-9999","-9999","-9999","-9999","-9999","-9999","-9999","-9999","-9999"
"536","489.276678","489.276502863","-9999","7309201","-9999","320871.7","70","-1","-9999","-9999","-9999","-9999","-9999","-9999","-9999","unassigned","N/A","-9999","-9999","N/A","-9999","-9999","-9999","-9999","-9999","-9999","-9999","-9999","-9999","-9999","-9999","-9999"
"538","490.279974","490.279797263","-9999","2369622.3","-9999","328488","21.53","-1","-9999","-9999","-9999","-9999","-9999","-9999","-9999","unassigned","N/A","-9999","-9999","N/A","-9999","-9999","-9999","-9999","-9999","-9999","-9999","-9999","-9999","-9999","-9999","-9999"
"539","490.597479","490.597301757","-9999","2553143.5","-9999","265548.4","23.33","-1","-9999","-9999","-9999","-9999","-9999","-9999","-9999","unassigned","N/A","-9999","-9999","N/A","-9999","-9999","-9999","-9999","-9999","-9999","-9999","-9999","-9999","-9999","-9999","-9999"
"540","490.619493","490.619315722","-9999","2428743","-9999","438718.6","22.11","-1","-9999","-9999","-9999","-9999","-9999","-9999","-9999","unassigned","N/A","-9999","-9999","N/A","-9999","-9999","-9999","-9999","-9999","-9999","-9999","-9999","-9999","-9999","-9999","-9999"
"541","490.620437","490.62025972","-9999","3232583.8","-9999","346508.7","30","-1","-9999","-9999","-9999","-9999","-9999","-9999","-9999","unassigned","N/A","-9999","-9999","N/A","-9999","-9999","-9999","-9999","-9999","-9999","-9999","-9999","-9999","-9999","-9999","-9999"
"542","490.813568","490.813390412","-9999","4503505","-9999","331585.5","42.46","-1","-9999","-9999","-9999","-9999","-9999","-9999","-9999","unassigned","N/A","-9999","-9999","N/A","-9999","-9999","-9999","-9999","-9999","-9999","-9999","-9999","-9999","-9999","-9999","-9999"
"543","490.831266","490.831088384","-9999","2955229.5","-9999","344434.1","27.27","-1","-9999","-9999","-9999","-9999","-9999","-9999","-9999","unassigned","N/A","-9999","-9999","N/A","-9999","-9999","-9999","-9999","-9999","-9999","-9999","-9999","-9999","-9999","-9999","-9999"
"551","492.594754","492.594573572","-9999","2086087.6","-9999","365238.1","18.74","-1","-9999","-9999","-9999","-9999","-9999","-9999","-9999","unassigned","N/A","-9999","-9999","N/A","-9999","-9999","-9999","-9999","-9999","-9999","-9999","-9999","-9999","-9999","-9999","-9999"
"552","492.616565","492.616384538","-9999","1407447.3","-9999","684746.4","12.08","-1","-9999","-9999","-9999","-9999","-9999","-9999","-9999","unassigned","N/A","-9999","-9999","N/A","-9999","-9999","-9999","-9999","-9999","-9999","-9999","-9999","-9999","-9999","-9999","-9999"
"553","492.620444","492.620263531","-9999","5033178","-9999","260625.5","47.65","-1","-9999","-9999","-9999","-9999","-9999","-9999","-9999","unassigned","N/A","-9999","-9999","N/A","-9999","-9999","-9999","-9999","-9999","-9999","-9999","-9999","-9999","-9999","-9999","-9999"
"554","492.811608","492.811427227","-9999","1702755","-9999","501092.3","14.97","-1","-9999","-9999","-9999","-9999","-9999","-9999","-9999","unassigned","N/A","-9999","-9999","N/A","-9999","-9999","-9999","-9999","-9999","-9999","-9999","-9999","-9999","-9999","-9999","-9999"
"555","492.829236","492.829055198","-9999","3062127.8","-9999","324921.4","28.31","-1","-9999","-9999","-9999","-9999","-9999","-9999","-9999","unassigned","N/A","-9999","-9999","N/A","-9999","-9999","-9999","-9999","-9999","-9999","-9999","-9999","-9999","-9999","-9999","-9999"
"565","494.617487","494.617303347","-9999","14771830","-9999","257990.6","143.17","-1","-9999","-9999","-9999","-9999","-9999","-9999","-9999","unassigned","N/A","-9999","-9999","N/A","-9999","-9999","-9999","-9999","-9999","-9999","-9999","-9999","-9999","-9999","-9999","-9999"
"574","496.611514","496.611327168","-9999","2142234.8","-9999","402314.7","18.1","-1","-9999","-9999","-9999","-9999","-9999","-9999","-9999","unassigned","N/A","-9999","-9999","N/A","-9999","-9999","-9999","-9999","-9999","-9999","-9999","-9999","-9999","-9999","-9999","-9999"
"575","496.614557","496.614370163","-9999","20179996","-9999","335420.6","184.42","-1","-9999","-9999","-9999","-9999","-9999","-9999","-9999","unassigned","N/A","-9999","-9999","N/A","-9999","-9999","-9999","-9999","-9999","-9999","-9999","-9999","-9999","-9999","-9999","-9999"
"576","496.761009","496.760821929","-9999","2250887.3","-9999","366936.3","19.1","-1","-9999","-9999","-9999","-9999","-9999","-9999","-9999","unassigned","N/A","-9999","-9999","N/A","-9999","-9999","-9999","-9999","-9999","-9999","-9999","-9999","-9999","-9999","-9999","-9999"
"586","498.608635","498.608444983","-9999","1683914.6","-9999","507666.3","13.86","-1","-9999","-9999","-9999","-9999","-9999","-9999","-9999","unassigned","N/A","-9999","-9999","N/A","-9999","-9999","-9999","-9999","-9999","-9999","-9999","-9999","-9999","-9999","-9999","-9999"
"587","498.611663","498.611472979","-9999","14954957","-9999","332240.4","136.23","-1","-9999","-9999","-9999","-9999","-9999","-9999","-9999","unassigned","N/A","-9999","-9999","N/A","-9999","-9999","-9999","-9999","-9999","-9999","-9999","-9999","-9999","-9999","-9999","-9999"
"588","498.637458","498.637267937","-9999","8520160","-9999","253719.9","76.9","-1","-9999","-9999","-9999","-9999","-9999","-9999","-9999","unassigned","N/A","-9999","-9999","N/A","-9999","-9999","-9999","-9999","-9999","-9999","-9999","-9999","-9999","-9999","-9999","-9999"
"589","498.758917","498.758726744","-9999","2328632.5","-9999","331606.9","19.8","-1","-9999","-9999","-9999","-9999","-9999","-9999","-9999","unassigned","N/A","-9999","-9999","N/A","-9999","-9999","-9999","-9999","-9999","-9999","-9999","-9999","-9999","-9999","-9999","-9999"
"597","499.366264","499.366072775","-9999","3353077","-9999","328900.4","29.25","-1","-9999","-9999","-9999","-9999","-9999","-9999","-9999","unassigned","N/A","-9999","-9999","N/A","-9999","-9999","-9999","-9999","-9999","-9999","-9999","-9999","-9999","-9999","-9999","-9999"
"598","500.608612","500.608418794","-9999","7100292.5","-9999","266642.3","63.79","-1","-9999","-9999","-9999","-9999","-9999","-9999","-9999","unassigned","N/A","-9999","-9999","N/A","-9999","-9999","-9999","-9999","-9999","-9999","-9999","-9999","-9999","-9999","-9999","-9999"
"599","500.628007","500.627813763","-9999","1995154.5","-9999","325309.4","16.72","-1","-9999","-9999","-9999","-9999","-9999","-9999","-9999","unassigned","N/A","-9999","-9999","N/A","-9999","-9999","-9999","-9999","-9999","-9999","-9999","-9999","-9999","-9999","-9999","-9999"
"600","500.631396","500.631202758","-9999","2709397","-9999","385756.1","23.3","-1","-9999","-9999","-9999","-9999","-9999","-9999","-9999","unassigned","N/A","-9999","-9999","N/A","-9999","-9999","-9999","-9999","-9999","-9999","-9999","-9999","-9999","-9999","-9999","-9999"
"601","500.634417","500.634223753","-9999","24790936","-9999","260261.2","226.91","-1","-9999","-9999","-9999","-9999","-9999","-9999","-9999","unassigned","N/A","-9999","-9999","N/A","-9999","-9999","-9999","-9999","-9999","-9999","-9999","-9999","-9999","-9999","-9999","-9999"
"608","501.381765","501.381570562","-9999","28232124","-9999","259085.1","258.64","-1","-9999","-9999","-9999","-9999","-9999","-9999","-9999","unassigned","N/A","-9999","-9999","N/A","-9999","-9999","-9999","-9999","-9999","-9999","-9999","-9999","-9999","-9999","-9999","-9999"
"613","502.605566","502.60536961","-9999","2574658.3","-9999","290811.2","22.05","-1","-9999","-9999","-9999","-9999","-9999","-9999","-9999","unassigned","N/A","-9999","-9999","N/A","-9999","-9999","-9999","-9999","-9999","-9999","-9999","-9999","-9999","-9999","-9999","-9999"
"614","502.624929","502.624732579","-9999","2369360.5","-9999","300966.2","20.15","-1","-9999","-9999","-9999","-9999","-9999","-9999","-9999","unassigned","N/A","-9999","-9999","N/A","-9999","-9999","-9999","-9999","-9999","-9999","-9999","-9999","-9999","-9999","-9999","-9999"
"615","502.628406","502.628209574","-9999","4031827","-9999","359326.9","35.48","-1","-9999","-9999","-9999","-9999","-9999","-9999","-9999","unassigned","N/A","-9999","-9999","N/A","-9999","-9999","-9999","-9999","-9999","-9999","-9999","-9999","-9999","-9999","-9999","-9999"
"616","502.631422","502.631225569","-9999","34016596","-9999","271922.1","311.97","-1","-9999","-9999","-9999","-9999","-9999","-9999","-9999","unassigned","N/A","-9999","-9999","N/A","-9999","-9999","-9999","-9999","-9999","-9999","-9999","-9999","-9999","-9999","-9999","-9999"
"617","502.794527","502.794330309","-9999","1676493.5","-9999","315564","13.76","-1","-9999","-9999","-9999","-9999","-9999","-9999","-9999","unassigned","N/A","-9999","-9999","N/A","-9999","-9999","-9999","-9999","-9999","-9999","-9999","-9999","-9999","-9999","-9999","-9999"
"618","502.813622","502.813425279","-9999","1488859.6","-9999","436585.8","12.03","-1","-9999","-9999","-9999","-9999","-9999","-9999","-9999","unassigned","N/A","-9999","-9999","N/A","-9999","-9999","-9999","-9999","-9999","-9999","-9999","-9999","-9999","-9999","-9999","-9999"
"619","502.831009","502.830812251","-9999","2026984.5","-9999","300359.2","17","-1","-9999","-9999","-9999","-9999","-9999","-9999","-9999","unassigned","N/A","-9999","-9999","N/A","-9999","-9999","-9999","-9999","-9999","-9999","-9999","-9999","-9999","-9999","-9999","-9999"
"631","504.381415","504.381215779","-9999","2324065.3","-9999","475465.5","19.72","-1","-9999","-9999","-9999","-9999","-9999","-9999","-9999","unassigned","N/A","-9999","-9999","N/A","-9999","-9999","-9999","-9999","-9999","-9999","-9999","-9999","-9999","-9999","-9999","-9999"
"633","504.628531","504.628331385","-9999","25211672","-9999","339142.7","230.77","-1","-9999","-9999","-9999","-9999","-9999","-9999","-9999","unassigned","N/A","-9999","-9999","N/A","-9999","-9999","-9999","-9999","-9999","-9999","-9999","-9999","-9999","-9999","-9999","-9999"
"634","504.792707","504.792507123","-9999","1598353.6","-9999","317939.9","13.03","-1","-9999","-9999","-9999","-9999","-9999","-9999","-9999","unassigned","N/A","-9999","-9999","N/A","-9999","-9999","-9999","-9999","-9999","-9999","-9999","-9999","-9999","-9999","-9999","-9999"
"635","504.810412","504.810212095","-9999","1780638.6","-9999","349984.8","14.71","-1","-9999","-9999","-9999","-9999","-9999","-9999","-9999","unassigned","N/A","-9999","-9999","N/A","-9999","-9999","-9999","-9999","-9999","-9999","-9999","-9999","-9999","-9999","-9999","-9999"
"636","504.8291","504.828900065","-9999","2151340.5","-9999","302854.8","18.13","-1","-9999","-9999","-9999","-9999","-9999","-9999","-9999","unassigned","N/A","-9999","-9999","N/A","-9999","-9999","-9999","-9999","-9999","-9999","-9999","-9999","-9999","-9999","-9999","-9999"
"650","506.625482","506.625279201","-9999","11487454","-9999","243825.4","104.2","-1","-9999","-9999","-9999","-9999","-9999","-9999","-9999","unassigned","N/A","-9999","-9999","N/A","-9999","-9999","-9999","-9999","-9999","-9999","-9999","-9999","-9999","-9999","-9999","-9999"
"651","506.808488","506.808284909","-9999","1573222.1","-9999","327149.6","12.78","-1","-9999","-9999","-9999","-9999","-9999","-9999","-9999","unassigned","N/A","-9999","-9999","N/A","-9999","-9999","-9999","-9999","-9999","-9999","-9999","-9999","-9999","-9999","-9999","-9999"
"652","506.825955","506.825751881","-9999","1500531","-9999","359250.7","12.11","-1","-9999","-9999","-9999","-9999","-9999","-9999","-9999","unassigned","N/A","-9999","-9999","N/A","-9999","-9999","-9999","-9999","-9999","-9999","-9999","-9999","-9999","-9999","-9999","-9999"
"653","506.844741","506.844537851","-9999","1556352.9","-9999","351678.8","12.63","-1","-9999","-9999","-9999","-9999","-9999","-9999","-9999","unassigned","N/A","-9999","-9999","N/A","-9999","-9999","-9999","-9999","-9999","-9999","-9999","-9999","-9999","-9999","-9999","-9999"
"662","508.622613","508.622407016","-9999","3994279","-9999","332174.7","35.1","-1","-9999","-9999","-9999","-9999","-9999","-9999","-9999","unassigned","N/A","-9999","-9999","N/A","-9999","-9999","-9999","-9999","-9999","-9999","-9999","-9999","-9999","-9999","-9999","-9999"
"670","509.698551","509.698343301","-9999","1772997","-9999","413807.1","13.73","-1","-9999","-9999","-9999","-9999","-9999","-9999","-9999","unassigned","N/A","-9999","-9999","N/A","-9999","-9999","-9999","-9999","-9999","-9999","-9999","-9999","-9999","-9999","-9999","-9999"
"672","510.820249","510.820039512","-9999","2660868.8","-9999","320711.8","21.42","-1","-9999","-9999","-9999","-9999","-9999","-9999","-9999","unassigned","N/A","-9999","-9999","N/A","-9999","-9999","-9999","-9999","-9999","-9999","-9999","-9999","-9999","-9999","-9999","-9999"
"673","510.820965","510.820755511","-9999","2955013.3","-9999","383683.8","23.97","-1","-9999","-9999","-9999","-9999","-9999","-9999","-9999","unassigned","N/A","-9999","-9999","N/A","-9999","-9999","-9999","-9999","-9999","-9999","-9999","-9999","-9999","-9999","-9999","-9999"
"674","510.936139","510.935929327","-9999","2621274.8","-9999","354751.8","21.08","-1","-9999","-9999","-9999","-9999","-9999","-9999","-9999","unassigned","N/A","-9999","-9999","N/A","-9999","-9999","-9999","-9999","-9999","-9999","-9999","-9999","-9999","-9999","-9999","-9999"
"685","512.58836","512.588147693","-9999","1641251.5","-9999","269097.8","12.57","-1","-9999","-9999","-9999","-9999","-9999","-9999","-9999","unassigned","N/A","-9999","-9999","N/A","-9999","-9999","-9999","-9999","-9999","-9999","-9999","-9999","-9999","-9999","-9999","-9999"
"686","512.715377","512.71516449","-9999","2886785.5","-9999","331170.7","23.37","-1","-9999","-9999","-9999","-9999","-9999","-9999","-9999","unassigned","N/A","-9999","-9999","N/A","-9999","-9999","-9999","-9999","-9999","-9999","-9999","-9999","-9999","-9999","-9999","-9999"
"687","512.815513","512.815300331","-9999","3610315.8","-9999","290105.5","29.64","-1","-9999","-9999","-9999","-9999","-9999","-9999","-9999","unassigned","N/A","-9999","-9999","N/A","-9999","-9999","-9999","-9999","-9999","-9999","-9999","-9999","-9999","-9999","-9999","-9999"
"688","512.818958","512.818745325","-9999","3355854.3","-9999","253872.7","27.43","-1","-9999","-9999","-9999","-9999","-9999","-9999","-9999","unassigned","N/A","-9999","-9999","N/A","-9999","-9999","-9999","-9999","-9999","-9999","-9999","-9999","-9999","-9999","-9999","-9999"
"697","514.585383","514.585167509","-9999","1628137.6","-9999","312115.6","12.44","-1","-9999","-9999","-9999","-9999","-9999","-9999","-9999","unassigned","N/A","-9999","-9999","N/A","-9999","-9999","-9999","-9999","-9999","-9999","-9999","-9999","-9999","-9999","-9999","-9999"
"698","514.713371","514.713155305","-9999","4764744.5","-9999","345285.3","39.63","-1","-9999","-9999","-9999","-9999","-9999","-9999","-9999","unassigned","N/A","-9999","-9999","N/A","-9999","-9999","-9999","-9999","-9999","-9999","-9999","-9999","-9999","-9999","-9999","-9999"
"699","514.812582","514.812366146","-9999","2425489.5","-9999","376348.3","19.36","-1","-9999","-9999","-9999","-9999","-9999","-9999","-9999","unassigned","N/A","-9999","-9999","N/A","-9999","-9999","-9999","-9999","-9999","-9999","-9999","-9999","-9999","-9999","-9999","-9999"
"700","514.813492","514.813276145","-9999","3398802.3","-9999","308546.4","27.79","-1","-9999","-9999","-9999","-9999","-9999","-9999","-9999","unassigned","N/A","-9999","-9999","N/A","-9999","-9999","-9999","-9999","-9999","-9999","-9999","-9999","-9999","-9999","-9999","-9999"
"701","514.928394","514.928177962","-9999","5188839.5","-9999","326949.5","43.31","-1","-9999","-9999","-9999","-9999","-9999","-9999","-9999","unassigned","N/A","-9999","-9999","N/A","-9999","-9999","-9999","-9999","-9999","-9999","-9999","-9999","-9999","-9999","-9999","-9999"
"712","516.608339","516.608120283","-9999","2899391.5","-9999","302865.6","23.45","-1","-9999","-9999","-9999","-9999","-9999","-9999","-9999","unassigned","N/A","-9999","-9999","N/A","-9999","-9999","-9999","-9999","-9999","-9999","-9999","-9999","-9999","-9999","-9999","-9999"
"713","516.711401","516.711182119","-9999","3173899.5","-9999","328506.9","25.83","-1","-9999","-9999","-9999","-9999","-9999","-9999","-9999","unassigned","N/A","-9999","-9999","N/A","-9999","-9999","-9999","-9999","-9999","-9999","-9999","-9999","-9999","-9999","-9999","-9999"
"714","516.810233","516.810013961","-9999","3135572.3","-9999","257655.1","25.5","-1","-9999","-9999","-9999","-9999","-9999","-9999","-9999","unassigned","N/A","-9999","-9999","N/A","-9999","-9999","-9999","-9999","-9999","-9999","-9999","-9999","-9999","-9999","-9999","-9999"
"726","517.376738","517.376518058","-9999","1679861.8","-9999","397592.6","12.88","-1","-9999","-9999","-9999","-9999","-9999","-9999","-9999","unassigned","N/A","-9999","-9999","N/A","-9999","-9999","-9999","-9999","-9999","-9999","-9999","-9999","-9999","-9999","-9999","-9999"
"730","518.605362","518.605140099","-9999","4102013.3","-9999","316085.1","33.86","-1","-9999","-9999","-9999","-9999","-9999","-9999","-9999","unassigned","N/A","-9999","-9999","N/A","-9999","-9999","-9999","-9999","-9999","-9999","-9999","-9999","-9999","-9999","-9999","-9999"
"731","518.808318","518.808095775","-9999","3372050.3","-9999","305841","27.54","-1","-9999","-9999","-9999","-9999","-9999","-9999","-9999","unassigned","N/A","-9999","-9999","N/A","-9999","-9999","-9999","-9999","-9999","-9999","-9999","-9999","-9999","-9999","-9999","-9999"
"732","518.825958","518.825735747","-9999","2505247.3","-9999","248438.1","20.02","-1","-9999","-9999","-9999","-9999","-9999","-9999","-9999","unassigned","N/A","-9999","-9999","N/A","-9999","-9999","-9999","-9999","-9999","-9999","-9999","-9999","-9999","-9999","-9999","-9999"
"733","518.902838","518.902615625","-9999","2062423.6","-9999","325550.3","16.18","-1","-9999","-9999","-9999","-9999","-9999","-9999","-9999","unassigned","N/A","-9999","-9999","N/A","-9999","-9999","-9999","-9999","-9999","-9999","-9999","-9999","-9999","-9999","-9999","-9999"
"744","520.601501","520.601275916","-9999","2057011.8","-9999","388585.9","16.12","-1","-9999","-9999","-9999","-9999","-9999","-9999","-9999","unassigned","N/A","-9999","-9999","N/A","-9999","-9999","-9999","-9999","-9999","-9999","-9999","-9999","-9999","-9999","-9999","-9999"
"745","520.602475","520.602249915","-9999","3255604.5","-9999","362999.8","26.51","-1","-9999","-9999","-9999","-9999","-9999","-9999","-9999","unassigned","N/A","-9999","-9999","N/A","-9999","-9999","-9999","-9999","-9999","-9999","-9999","-9999","-9999","-9999","-9999","-9999"
"746","520.631474","520.631248868","-9999","1618249.6","-9999","430058.1","12.32","-1","-9999","-9999","-9999","-9999","-9999","-9999","-9999","unassigned","N/A","-9999","-9999","N/A","-9999","-9999","-9999","-9999","-9999","-9999","-9999","-9999","-9999","-9999","-9999","-9999"
"747","520.805261","520.805035591","-9999","2029000.6","-9999","401130.6","15.88","-1","-9999","-9999","-9999","-9999","-9999","-9999","-9999","unassigned","N/A","-9999","-9999","N/A","-9999","-9999","-9999","-9999","-9999","-9999","-9999","-9999","-9999","-9999","-9999","-9999"
"748","520.823922","520.823696561","-9999","2783702.3","-9999","252629.2","22.42","-1","-9999","-9999","-9999","-9999","-9999","-9999","-9999","unassigned","N/A","-9999","-9999","N/A","-9999","-9999","-9999","-9999","-9999","-9999","-9999","-9999","-9999","-9999","-9999","-9999"
"760","522.599408","522.599179731","-9999","1693923.9","-9999","288824.8","12.96","-1","-9999","-9999","-9999","-9999","-9999","-9999","-9999","unassigned","N/A","-9999","-9999","N/A","-9999","-9999","-9999","-9999","-9999","-9999","-9999","-9999","-9999","-9999","-9999","-9999"
"761","522.699766","522.69953757","-9999","2746156.8","-9999","347062.2","22.08","-1","-9999","-9999","-9999","-9999","-9999","-9999","-9999","unassigned","N/A","-9999","-9999","N/A","-9999","-9999","-9999","-9999","-9999","-9999","-9999","-9999","-9999","-9999","-9999","-9999"
"762","522.776351","522.776122448","-9999","2965860.5","-9999","262571.1","23.99","-1","-9999","-9999","-9999","-9999","-9999","-9999","-9999","unassigned","N/A","-9999","-9999","N/A","-9999","-9999","-9999","-9999","-9999","-9999","-9999","-9999","-9999","-9999","-9999","-9999"
"763","522.794227","522.79399842","-9999","3458929.5","-9999","323178.5","28.26","-1","-9999","-9999","-9999","-9999","-9999","-9999","-9999","unassigned","N/A","-9999","-9999","N/A","-9999","-9999","-9999","-9999","-9999","-9999","-9999","-9999","-9999","-9999","-9999","-9999"
"764","522.802451","522.802222407","-9999","1588471.4","-9999","325937.4","12.05","-1","-9999","-9999","-9999","-9999","-9999","-9999","-9999","unassigned","N/A","-9999","-9999","N/A","-9999","-9999","-9999","-9999","-9999","-9999","-9999","-9999","-9999","-9999","-9999","-9999"
"765","522.803249","522.803020405","-9999","1825656","-9999","335400.3","14.1","-1","-9999","-9999","-9999","-9999","-9999","-9999","-9999","unassigned","N/A","-9999","-9999","N/A","-9999","-9999","-9999","-9999","-9999","-9999","-9999","-9999","-9999","-9999","-9999","-9999"
"772","524.697736","524.697504385","-9999","3650771.3","-9999","342420.3","28.41","-1","-9999","-9999","-9999","-9999","-9999","-9999","-9999","unassigned","N/A","-9999","-9999","N/A","-9999","-9999","-9999","-9999","-9999","-9999","-9999","-9999","-9999","-9999","-9999","-9999"
"773","524.774528","524.774296262","-9999","3143946.8","-9999","341300.2","24.24","-1","-9999","-9999","-9999","-9999","-9999","-9999","-9999","unassigned","N/A","-9999","-9999","N/A","-9999","-9999","-9999","-9999","-9999","-9999","-9999","-9999","-9999","-9999","-9999","-9999"
"774","524.792122","524.791890234","-9999","9895191","-9999","303538.1","79.81","-1","-9999","-9999","-9999","-9999","-9999","-9999","-9999","unassigned","N/A","-9999","-9999","N/A","-9999","-9999","-9999","-9999","-9999","-9999","-9999","-9999","-9999","-9999","-9999","-9999"
"775","524.818848","524.818616192","-9999","1987882.6","-9999","297680.5","14.72","-1","-9999","-9999","-9999","-9999","-9999","-9999","-9999","unassigned","N/A","-9999","-9999","N/A","-9999","-9999","-9999","-9999","-9999","-9999","-9999","-9999","-9999","-9999","-9999","-9999"
"786","526.648343","526.648108275","-9999","2294349.3","-9999","329626.5","17.23","-1","-9999","-9999","-9999","-9999","-9999","-9999","-9999","unassigned","N/A","-9999","-9999","N/A","-9999","-9999","-9999","-9999","-9999","-9999","-9999","-9999","-9999","-9999","-9999","-9999"
"787","526.695742","526.695507199","-9999","2748015","-9999","378724.6","20.96","-1","-9999","-9999","-9999","-9999","-9999","-9999","-9999","unassigned","N/A","-9999","-9999","N/A","-9999","-9999","-9999","-9999","-9999","-9999","-9999","-9999","-9999","-9999","-9999","-9999"
"788","526.730938","526.730703143","-9999","2225800.3","-9999","285386.4","16.67","-1","-9999","-9999","-9999","-9999","-9999","-9999","-9999","unassigned","N/A","-9999","-9999","N/A","-9999","-9999","-9999","-9999","-9999","-9999","-9999","-9999","-9999","-9999","-9999","-9999"
"789","526.790131","526.789896048","-9999","9218739","-9999","321410.1","74.23","-1","-9999","-9999","-9999","-9999","-9999","-9999","-9999","unassigned","N/A","-9999","-9999","N/A","-9999","-9999","-9999","-9999","-9999","-9999","-9999","-9999","-9999","-9999","-9999","-9999"
"798","527.793434","527.793197449","-9999","1816958.8","-9999","269055","13.29","-1","-9999","-9999","-9999","-9999","-9999","-9999","-9999","unassigned","N/A","-9999","-9999","N/A","-9999","-9999","-9999","-9999","-9999","-9999","-9999","-9999","-9999","-9999","-9999","-9999"
"800","528.645366","528.64512809","-9999","2115548.3","-9999","248045","15.75","-1","-9999","-9999","-9999","-9999","-9999","-9999","-9999","unassigned","N/A","-9999","-9999","N/A","-9999","-9999","-9999","-9999","-9999","-9999","-9999","-9999","-9999","-9999","-9999","-9999"
"801","528.728093","528.727854958","-9999","2429719","-9999","343795.7","18.33","-1","-9999","-9999","-9999","-9999","-9999","-9999","-9999","unassigned","N/A","-9999","-9999","N/A","-9999","-9999","-9999","-9999","-9999","-9999","-9999","-9999","-9999","-9999","-9999","-9999"
"802","528.72902","528.728781957","-9999","3171351.8","-9999","294258.5","24.44","-1","-9999","-9999","-9999","-9999","-9999","-9999","-9999","unassigned","N/A","-9999","-9999","N/A","-9999","-9999","-9999","-9999","-9999","-9999","-9999","-9999","-9999","-9999","-9999","-9999"
"803","528.787124","528.786885864","-9999","3558464.8","-9999","246417.7","27.62","-1","-9999","-9999","-9999","-9999","-9999","-9999","-9999","unassigned","N/A","-9999","-9999","N/A","-9999","-9999","-9999","-9999","-9999","-9999","-9999","-9999","-9999","-9999","-9999","-9999"
"804","528.846671","528.846432769","-9999","1904235","-9999","321366.6","14.01","-1","-9999","-9999","-9999","-9999","-9999","-9999","-9999","unassigned","N/A","-9999","-9999","N/A","-9999","-9999","-9999","-9999","-9999","-9999","-9999","-9999","-9999","-9999","-9999","-9999"
"806","528.943816","528.943577614","-9999","90642608","-9999","294375.9","744.52","-1","-9999","-9999","-9999","-9999","-9999","-9999","-9999","unassigned","N/A","-9999","-9999","N/A","-9999","-9999","-9999","-9999","-9999","-9999","-9999","-9999","-9999","-9999","-9999","-9999"
"813","529.936187","529.935947032","-9999","1910637.3","-9999","329794.8","14.05","-1","-9999","-9999","-9999","-9999","-9999","-9999","-9999","unassigned","N/A","-9999","-9999","N/A","-9999","-9999","-9999","-9999","-9999","-9999","-9999","-9999","-9999","-9999","-9999","-9999"
"815","529.946147","529.945907016","-9999","4081524.3","-9999","348314.5","31.92","-1","-9999","-9999","-9999","-9999","-9999","-9999","-9999","unassigned","N/A","-9999","-9999","N/A","-9999","-9999","-9999","-9999","-9999","-9999","-9999","-9999","-9999","-9999","-9999","-9999"
"816","529.947372","529.947132014","-9999","5206901","-9999","319166.8","41.19","-1","-9999","-9999","-9999","-9999","-9999","-9999","-9999","unassigned","N/A","-9999","-9999","N/A","-9999","-9999","-9999","-9999","-9999","-9999","-9999","-9999","-9999","-9999","-9999","-9999"
"819","530.72673","530.726488772","-9999","2331545.5","-9999","281461.4","17.51","-1","-9999","-9999","-9999","-9999","-9999","-9999","-9999","unassigned","N/A","-9999","-9999","N/A","-9999","-9999","-9999","-9999","-9999","-9999","-9999","-9999","-9999","-9999","-9999","-9999"
"820","530.789606","530.789364671","-9999","2974149.5","-9999","331277.9","22.8","-1","-9999","-9999","-9999","-9999","-9999","-9999","-9999","unassigned","N/A","-9999","-9999","N/A","-9999","-9999","-9999","-9999","-9999","-9999","-9999","-9999","-9999","-9999","-9999","-9999"
"821","530.844722","530.844480584","-9999","1892332.3","-9999","301503.6","13.9","-1","-9999","-9999","-9999","-9999","-9999","-9999","-9999","unassigned","N/A","-9999","-9999","N/A","-9999","-9999","-9999","-9999","-9999","-9999","-9999","-9999","-9999","-9999","-9999","-9999"
"822","530.937368","530.937126436","-9999","1868333.1","-9999","445131.6","13.7","-1","-9999","-9999","-9999","-9999","-9999","-9999","-9999","unassigned","N/A","-9999","-9999","N/A","-9999","-9999","-9999","-9999","-9999","-9999","-9999","-9999","-9999","-9999","-9999","-9999"
"838","532.687326","532.687081646","-9999","1984754.3","-9999","304803.5","14.65","-1","-9999","-9999","-9999","-9999","-9999","-9999","-9999","unassigned","N/A","-9999","-9999","N/A","-9999","-9999","-9999","-9999","-9999","-9999","-9999","-9999","-9999","-9999","-9999","-9999"
"839","532.787429","532.787184486","-9999","3131191.8","-9999","242749.4","24.08","-1","-9999","-9999","-9999","-9999","-9999","-9999","-9999","unassigned","N/A","-9999","-9999","N/A","-9999","-9999","-9999","-9999","-9999","-9999","-9999","-9999","-9999","-9999","-9999","-9999"
"851","534.812968","534.812720256","-9999","1791660.5","-9999","272563.6","13.05","-1","-9999","-9999","-9999","-9999","-9999","-9999","-9999","unassigned","N/A","-9999","-9999","N/A","-9999","-9999","-9999","-9999","-9999","-9999","-9999","-9999","-9999","-9999","-9999","-9999"
"852","534.82085","534.820602244","-9999","2731186","-9999","348999.2","20.78","-1","-9999","-9999","-9999","-9999","-9999","-9999","-9999","unassigned","N/A","-9999","-9999","N/A","-9999","-9999","-9999","-9999","-9999","-9999","-9999","-9999","-9999","-9999","-9999","-9999"
"862","536.818875","536.818624058","-9999","2693633.8","-9999","328882.8","20.46","-1","-9999","-9999","-9999","-9999","-9999","-9999","-9999","unassigned","N/A","-9999","-9999","N/A","-9999","-9999","-9999","-9999","-9999","-9999","-9999","-9999","-9999","-9999","-9999","-9999"
"870","538.566811","538.566557271","-9999","2823831.8","-9999","363227.3","21.52","-1","-9999","-9999","-9999","-9999","-9999","-9999","-9999","unassigned","N/A","-9999","-9999","N/A","-9999","-9999","-9999","-9999","-9999","-9999","-9999","-9999","-9999","-9999","-9999","-9999"
"871","538.711272","538.71101804","-9999","2137848","-9999","424260.9","15.87","-1","-9999","-9999","-9999","-9999","-9999","-9999","-9999","unassigned","N/A","-9999","-9999","N/A","-9999","-9999","-9999","-9999","-9999","-9999","-9999","-9999","-9999","-9999","-9999","-9999"
"872","538.712292","538.712038039","-9999","2587384.8","-9999","353342.4","19.57","-1","-9999","-9999","-9999","-9999","-9999","-9999","-9999","unassigned","N/A","-9999","-9999","N/A","-9999","-9999","-9999","-9999","-9999","-9999","-9999","-9999","-9999","-9999","-9999","-9999"
"879","540.563855","540.563598087","-9999","2701763.3","-9999","284101.6","19.57","-1","-9999","-9999","-9999","-9999","-9999","-9999","-9999","unassigned","N/A","-9999","-9999","N/A","-9999","-9999","-9999","-9999","-9999","-9999","-9999","-9999","-9999","-9999","-9999","-9999"
"880","540.564803","540.564546085","-9999","2257604","-9999","274327.7","16.08","-1","-9999","-9999","-9999","-9999","-9999","-9999","-9999","unassigned","N/A","-9999","-9999","N/A","-9999","-9999","-9999","-9999","-9999","-9999","-9999","-9999","-9999","-9999","-9999","-9999"
"881","540.692449","540.692191881","-9999","2555927.8","-9999","242176.8","18.42","-1","-9999","-9999","-9999","-9999","-9999","-9999","-9999","unassigned","N/A","-9999","-9999","N/A","-9999","-9999","-9999","-9999","-9999","-9999","-9999","-9999","-9999","-9999","-9999","-9999"
"882","540.710112","540.709854853","-9999","10479651","-9999","260467.9","80.67","-1","-9999","-9999","-9999","-9999","-9999","-9999","-9999","unassigned","N/A","-9999","-9999","N/A","-9999","-9999","-9999","-9999","-9999","-9999","-9999","-9999","-9999","-9999","-9999","-9999"
"883","540.746577","540.746319795","-9999","4318267.5","-9999","304937.6","32.27","-1","-9999","-9999","-9999","-9999","-9999","-9999","-9999","unassigned","N/A","-9999","-9999","N/A","-9999","-9999","-9999","-9999","-9999","-9999","-9999","-9999","-9999","-9999","-9999","-9999"
"890","542.560828","542.560567902","-9999","2581213.5","-9999","388632.6","18.61","-1","-9999","-9999","-9999","-9999","-9999","-9999","-9999","unassigned","N/A","-9999","-9999","N/A","-9999","-9999","-9999","-9999","-9999","-9999","-9999","-9999","-9999","-9999","-9999","-9999"
"891","542.561888","542.561627901","-9999","2672350.3","-9999","335517.2","19.33","-1","-9999","-9999","-9999","-9999","-9999","-9999","-9999","unassigned","N/A","-9999","-9999","N/A","-9999","-9999","-9999","-9999","-9999","-9999","-9999","-9999","-9999","-9999","-9999","-9999"
"892","542.708119","542.707858668","-9999","15932733","-9999","281957.1","123.5","-1","-9999","-9999","-9999","-9999","-9999","-9999","-9999","unassigned","N/A","-9999","-9999","N/A","-9999","-9999","-9999","-9999","-9999","-9999","-9999","-9999","-9999","-9999","-9999","-9999"
"893","542.744501","542.74424061","-9999","6475092.5","-9999","244019.6","49.2","-1","-9999","-9999","-9999","-9999","-9999","-9999","-9999","unassigned","N/A","-9999","-9999","N/A","-9999","-9999","-9999","-9999","-9999","-9999","-9999","-9999","-9999","-9999","-9999","-9999"
"894","542.79583","542.795569528","-9999","1963382","-9999","330515.1","13.76","-1","-9999","-9999","-9999","-9999","-9999","-9999","-9999","unassigned","N/A","-9999","-9999","N/A","-9999","-9999","-9999","-9999","-9999","-9999","-9999","-9999","-9999","-9999","-9999","-9999"
"899","543.659416","543.659154151","-9999","3207077.3","-9999","301249.8","23.52","-1","-9999","-9999","-9999","-9999","-9999","-9999","-9999","unassigned","N/A","-9999","-9999","N/A","-9999","-9999","-9999","-9999","-9999","-9999","-9999","-9999","-9999","-9999","-9999","-9999"
"900","543.711529","543.711267068","-9999","2339782.8","-9999","321482.3","16.71","-1","-9999","-9999","-9999","-9999","-9999","-9999","-9999","unassigned","N/A","-9999","-9999","N/A","-9999","-9999","-9999","-9999","-9999","-9999","-9999","-9999","-9999","-9999","-9999","-9999"
"902","544.583644","544.583380677","-9999","3534328.8","-9999","320763.5","26.09","-1","-9999","-9999","-9999","-9999","-9999","-9999","-9999","unassigned","N/A","-9999","-9999","N/A","-9999","-9999","-9999","-9999","-9999","-9999","-9999","-9999","-9999","-9999","-9999","-9999"
"903","544.7059","544.705636482","-9999","9353799","-9999","244857.7","71.81","-1","-9999","-9999","-9999","-9999","-9999","-9999","-9999","unassigned","N/A","-9999","-9999","N/A","-9999","-9999","-9999","-9999","-9999","-9999","-9999","-9999","-9999","-9999","-9999","-9999"
"904","544.72385","544.723586453","-9999","1817682.8","-9999","301405.5","12.6","-1","-9999","-9999","-9999","-9999","-9999","-9999","-9999","unassigned","N/A","-9999","-9999","N/A","-9999","-9999","-9999","-9999","-9999","-9999","-9999","-9999","-9999","-9999","-9999","-9999"
"905","544.742394","544.742130424","-9999","4333150.5","-9999","242244.5","32.36","-1","-9999","-9999","-9999","-9999","-9999","-9999","-9999","unassigned","N/A","-9999","-9999","N/A","-9999","-9999","-9999","-9999","-9999","-9999","-9999","-9999","-9999","-9999","-9999","-9999"
"913","545.65635","545.656084967","-9999","2954408","-9999","299941.4","21.53","-1","-9999","-9999","-9999","-9999","-9999","-9999","-9999","unassigned","N/A","-9999","-9999","N/A","-9999","-9999","-9999","-9999","-9999","-9999","-9999","-9999","-9999","-9999","-9999","-9999"
"914","545.657564","545.657298965","-9999","2768040.8","-9999","382168","20.06","-1","-9999","-9999","-9999","-9999","-9999","-9999","-9999","unassigned","N/A","-9999","-9999","N/A","-9999","-9999","-9999","-9999","-9999","-9999","-9999","-9999","-9999","-9999","-9999","-9999"
"916","546.558837","546.558570528","-9999","2903271.5","-9999","260205.2","21.12","-1","-9999","-9999","-9999","-9999","-9999","-9999","-9999","unassigned","N/A","-9999","-9999","N/A","-9999","-9999","-9999","-9999","-9999","-9999","-9999","-9999","-9999","-9999","-9999","-9999"
"917","546.580546","546.580279493","-9999","4204277","-9999","286864.8","31.34","-1","-9999","-9999","-9999","-9999","-9999","-9999","-9999","unassigned","N/A","-9999","-9999","N/A","-9999","-9999","-9999","-9999","-9999","-9999","-9999","-9999","-9999","-9999","-9999","-9999"
"918","546.581909","546.581642491","-9999","3334902.3","-9999","523046.1","24.51","-1","-9999","-9999","-9999","-9999","-9999","-9999","-9999","unassigned","N/A","-9999","-9999","N/A","-9999","-9999","-9999","-9999","-9999","-9999","-9999","-9999","-9999","-9999","-9999","-9999"
"919","546.704049","546.703782296","-9999","2336067.8","-9999","309268.8","16.66","-1","-9999","-9999","-9999","-9999","-9999","-9999","-9999","unassigned","N/A","-9999","-9999","N/A","-9999","-9999","-9999","-9999","-9999","-9999","-9999","-9999","-9999","-9999","-9999","-9999"
"920","546.820715","546.82044811","-9999","1772941.9","-9999","271184.8","12.24","-1","-9999","-9999","-9999","-9999","-9999","-9999","-9999","unassigned","N/A","-9999","-9999","N/A","-9999","-9999","-9999","-9999","-9999","-9999","-9999","-9999","-9999","-9999","-9999","-9999"
"928","547.654171","547.653902781","-9999","1902494.4","-9999","329407","13.25","-1","-9999","-9999","-9999","-9999","-9999","-9999","-9999","unassigned","N/A","-9999","-9999","N/A","-9999","-9999","-9999","-9999","-9999","-9999","-9999","-9999","-9999","-9999","-9999","-9999"
"930","548.555992","548.555722343","-9999","4342744","-9999","262297","32.42","-1","-9999","-9999","-9999","-9999","-9999","-9999","-9999","unassigned","N/A","-9999","-9999","N/A","-9999","-9999","-9999","-9999","-9999","-9999","-9999","-9999","-9999","-9999","-9999","-9999"
"932","548.578849","548.578579307","-9999","3617766.3","-9999","318391.4","26.72","-1","-9999","-9999","-9999","-9999","-9999","-9999","-9999","unassigned","N/A","-9999","-9999","N/A","-9999","-9999","-9999","-9999","-9999","-9999","-9999","-9999","-9999","-9999","-9999","-9999"
"940","550.553052","550.552779159","-9999","3677373.8","-9999","267509.3","27.18","-1","-9999","-9999","-9999","-9999","-9999","-9999","-9999","unassigned","N/A","-9999","-9999","N/A","-9999","-9999","-9999","-9999","-9999","-9999","-9999","-9999","-9999","-9999","-9999","-9999"
"941","550.578743","550.578470118","-9999","7813326","-9999","241544.2","59.67","-1","-9999","-9999","-9999","-9999","-9999","-9999","-9999","unassigned","N/A","-9999","-9999","N/A","-9999","-9999","-9999","-9999","-9999","-9999","-9999","-9999","-9999","-9999","-9999","-9999"
"947","552.549924","552.549647975","-9999","1871258.8","-9999","262317.5","12.98","-1","-9999","-9999","-9999","-9999","-9999","-9999","-9999","unassigned","N/A","-9999","-9999","N/A","-9999","-9999","-9999","-9999","-9999","-9999","-9999","-9999","-9999","-9999","-9999","-9999"
"948","552.567721","552.567444947","-9999","1988517.8","-9999","343517.4","13.91","-1","-9999","-9999","-9999","-9999","-9999","-9999","-9999","unassigned","N/A","-9999","-9999","N/A","-9999","-9999","-9999","-9999","-9999","-9999","-9999","-9999","-9999","-9999","-9999","-9999"
"949","552.5757","552.575423934","-9999","25544106","-9999","254967.3","198.96","-1","-9999","-9999","-9999","-9999","-9999","-9999","-9999","unassigned","N/A","-9999","-9999","N/A","-9999","-9999","-9999","-9999","-9999","-9999","-9999","-9999","-9999","-9999","-9999","-9999"
"954","554.572816","554.57253675","-9999","38836864","-9999","261365.4","303.38","-1","-9999","-9999","-9999","-9999","-9999","-9999","-9999","unassigned","N/A","-9999","-9999","N/A","-9999","-9999","-9999","-9999","-9999","-9999","-9999","-9999","-9999","-9999","-9999","-9999"
"955","554.762042","554.761762448","-9999","2382581.5","-9999","285874.3","16.99","-1","-9999","-9999","-9999","-9999","-9999","-9999","-9999","unassigned","N/A","-9999","-9999","N/A","-9999","-9999","-9999","-9999","-9999","-9999","-9999","-9999","-9999","-9999","-9999","-9999"
"959","556.569917","556.569634565","-9999","34258768","-9999","278463","267.4","-1","-9999","-9999","-9999","-9999","-9999","-9999","-9999","unassigned","N/A","-9999","-9999","N/A","-9999","-9999","-9999","-9999","-9999","-9999","-9999","-9999","-9999","-9999","-9999","-9999"
"960","556.595749","556.595466524","-9999","7833440.5","-9999","273077.2","59.8","-1","-9999","-9999","-9999","-9999","-9999","-9999","-9999","unassigned","N/A","-9999","-9999","N/A","-9999","-9999","-9999","-9999","-9999","-9999","-9999","-9999","-9999","-9999","-9999","-9999"
"961","556.723697","556.72341432","-9999","2407855.3","-9999","255705.3","17.18","-1","-9999","-9999","-9999","-9999","-9999","-9999","-9999","unassigned","N/A","-9999","-9999","N/A","-9999","-9999","-9999","-9999","-9999","-9999","-9999","-9999","-9999","-9999","-9999","-9999"
"962","556.760048","556.759765262","-9999","3281861.8","-9999","311403.6","24.05","-1","-9999","-9999","-9999","-9999","-9999","-9999","-9999","unassigned","N/A","-9999","-9999","N/A","-9999","-9999","-9999","-9999","-9999","-9999","-9999","-9999","-9999","-9999","-9999","-9999"
"969","558.567","558.566714381","-9999","19145756","-9999","282405.1","141.76","-1","-9999","-9999","-9999","-9999","-9999","-9999","-9999","unassigned","N/A","-9999","-9999","N/A","-9999","-9999","-9999","-9999","-9999","-9999","-9999","-9999","-9999","-9999","-9999","-9999"
"970","558.592754","558.59246834","-9999","25404460","-9999","270987.3","188.64","-1","-9999","-9999","-9999","-9999","-9999","-9999","-9999","unassigned","N/A","-9999","-9999","N/A","-9999","-9999","-9999","-9999","-9999","-9999","-9999","-9999","-9999","-9999","-9999","-9999"
"971","558.758081","558.757795076","-9999","2167954.3","-9999","257874.2","14.57","-1","-9999","-9999","-9999","-9999","-9999","-9999","-9999","unassigned","N/A","-9999","-9999","N/A","-9999","-9999","-9999","-9999","-9999","-9999","-9999","-9999","-9999","-9999","-9999","-9999"
"977","560.564086","560.563797197","-9999","7520487","-9999","303317.9","54.66","-1","-9999","-9999","-9999","-9999","-9999","-9999","-9999","unassigned","N/A","-9999","-9999","N/A","-9999","-9999","-9999","-9999","-9999","-9999","-9999","-9999","-9999","-9999","-9999","-9999"
"978","560.589801","560.589512156","-9999","36923640","-9999","272950.8","274.93","-1","-9999","-9999","-9999","-9999","-9999","-9999","-9999","unassigned","N/A","-9999","-9999","N/A","-9999","-9999","-9999","-9999","-9999","-9999","-9999","-9999","-9999","-9999","-9999","-9999"
"986","562.561111","562.560819012","-9999","2175920.5","-9999","322895.2","14.62","-1","-9999","-9999","-9999","-9999","-9999","-9999","-9999","unassigned","N/A","-9999","-9999","N/A","-9999","-9999","-9999","-9999","-9999","-9999","-9999","-9999","-9999","-9999","-9999","-9999"
"987","562.578834","562.578541984","-9999","2278843.5","-9999","334992.6","15.39","-1","-9999","-9999","-9999","-9999","-9999","-9999","-9999","unassigned","N/A","-9999","-9999","N/A","-9999","-9999","-9999","-9999","-9999","-9999","-9999","-9999","-9999","-9999","-9999","-9999"
"988","562.586858","562.586565971","-9999","32107968","-9999","285301.4","238.84","-1","-9999","-9999","-9999","-9999","-9999","-9999","-9999","unassigned","N/A","-9999","-9999","N/A","-9999","-9999","-9999","-9999","-9999","-9999","-9999","-9999","-9999","-9999","-9999","-9999"
"989","562.689911","562.689618807","-9999","2205183.5","-9999","328220.1","14.84","-1","-9999","-9999","-9999","-9999","-9999","-9999","-9999","unassigned","N/A","-9999","-9999","N/A","-9999","-9999","-9999","-9999","-9999","-9999","-9999","-9999","-9999","-9999","-9999","-9999"
"990","562.851758","562.851465549","-9999","2843746.8","-9999","278094.4","19.62","-1","-9999","-9999","-9999","-9999","-9999","-9999","-9999","unassigned","N/A","-9999","-9999","N/A","-9999","-9999","-9999","-9999","-9999","-9999","-9999","-9999","-9999","-9999","-9999","-9999"
"1001","564.8499","564.849604363","-9999","2477870.5","-9999","210932","16.87","-1","-9999","-9999","-9999","-9999","-9999","-9999","-9999","unassigned","N/A","-9999","-9999","N/A","-9999","-9999","-9999","-9999","-9999","-9999","-9999","-9999","-9999","-9999","-9999","-9999"
"1002","564.859405","564.859109348","-9999","2329908.5","-9999","309114.4","15.76","-1","-9999","-9999","-9999","-9999","-9999","-9999","-9999","unassigned","N/A","-9999","-9999","N/A","-9999","-9999","-9999","-9999","-9999","-9999","-9999","-9999","-9999","-9999","-9999","-9999"
"1011","566.580912","566.580613603","-9999","6508376.5","-9999","278743","47.05","-1","-9999","-9999","-9999","-9999","-9999","-9999","-9999","unassigned","N/A","-9999","-9999","N/A","-9999","-9999","-9999","-9999","-9999","-9999","-9999","-9999","-9999","-9999","-9999","-9999"
"1012","566.725711","566.725412372","-9999","5640114","-9999","284984.6","40.55","-1","-9999","-9999","-9999","-9999","-9999","-9999","-9999","unassigned","N/A","-9999","-9999","N/A","-9999","-9999","-9999","-9999","-9999","-9999","-9999","-9999","-9999","-9999","-9999","-9999"
"1013","566.742305","566.742006345","-9999","3070908","-9999","359788.9","21.3","-1","-9999","-9999","-9999","-9999","-9999","-9999","-9999","unassigned","N/A","-9999","-9999","N/A","-9999","-9999","-9999","-9999","-9999","-9999","-9999","-9999","-9999","-9999","-9999","-9999"
"1014","566.743399","566.743100344","-9999","4117436.8","-9999","272805.1","29.14","-1","-9999","-9999","-9999","-9999","-9999","-9999","-9999","unassigned","N/A","-9999","-9999","N/A","-9999","-9999","-9999","-9999","-9999","-9999","-9999","-9999","-9999","-9999","-9999","-9999"
"1015","566.857248","566.856949162","-9999","2448387","-9999","256903.8","16.64","-1","-9999","-9999","-9999","-9999","-9999","-9999","-9999","unassigned","N/A","-9999","-9999","N/A","-9999","-9999","-9999","-9999","-9999","-9999","-9999","-9999","-9999","-9999","-9999","-9999"
"1019","568.723708","568.723406186","-9999","8963205","-9999","284345.9","65.43","-1","-9999","-9999","-9999","-9999","-9999","-9999","-9999","unassigned","N/A","-9999","-9999","N/A","-9999","-9999","-9999","-9999","-9999","-9999","-9999","-9999","-9999","-9999","-9999","-9999"
"1020","568.741357","568.741055158","-9999","19889296","-9999","290354.2","147.28","-1","-9999","-9999","-9999","-9999","-9999","-9999","-9999","unassigned","N/A","-9999","-9999","N/A","-9999","-9999","-9999","-9999","-9999","-9999","-9999","-9999","-9999","-9999","-9999","-9999"
"1021","568.777764","568.7774621","-9999","2674854","-9999","273994.7","18.33","-1","-9999","-9999","-9999","-9999","-9999","-9999","-9999","unassigned","N/A","-9999","-9999","N/A","-9999","-9999","-9999","-9999","-9999","-9999","-9999","-9999","-9999","-9999","-9999","-9999"
"1022","569.744512","569.744208559","-9999","3208958","-9999","261955.2","22.32","-1","-9999","-9999","-9999","-9999","-9999","-9999","-9999","unassigned","N/A","-9999","-9999","N/A","-9999","-9999","-9999","-9999","-9999","-9999","-9999","-9999","-9999","-9999","-9999","-9999"
"1024","570.721738","570.721433","-9999","5268830","-9999","293985.6","37.75","-1","-9999","-9999","-9999","-9999","-9999","-9999","-9999","unassigned","N/A","-9999","-9999","N/A","-9999","-9999","-9999","-9999","-9999","-9999","-9999","-9999","-9999","-9999","-9999","-9999"
"1025","570.739266","570.738960972","-9999","29426024","-9999","279049.9","218.71","-1","-9999","-9999","-9999","-9999","-9999","-9999","-9999","unassigned","N/A","-9999","-9999","N/A","-9999","-9999","-9999","-9999","-9999","-9999","-9999","-9999","-9999","-9999","-9999","-9999"
"1026","570.775791","570.775485914","-9999","4297087.5","-9999","291651.3","30.47","-1","-9999","-9999","-9999","-9999","-9999","-9999","-9999","unassigned","N/A","-9999","-9999","N/A","-9999","-9999","-9999","-9999","-9999","-9999","-9999","-9999","-9999","-9999","-9999","-9999"
"1028","571.742488","571.742181373","-9999","4816859","-9999","247019.4","34.36","-1","-9999","-9999","-9999","-9999","-9999","-9999","-9999","unassigned","N/A","-9999","-9999","N/A","-9999","-9999","-9999","-9999","-9999","-9999","-9999","-9999","-9999","-9999","-9999","-9999"
"1030","572.543878","572.543570095","-9999","2715089","-9999","275256.1","18.61","-1","-9999","-9999","-9999","-9999","-9999","-9999","-9999","unassigned","N/A","-9999","-9999","N/A","-9999","-9999","-9999","-9999","-9999","-9999","-9999","-9999","-9999","-9999","-9999","-9999"
"1031","572.737216","572.736907787","-9999","18470474","-9999","251764","136.63","-1","-9999","-9999","-9999","-9999","-9999","-9999","-9999","unassigned","N/A","-9999","-9999","N/A","-9999","-9999","-9999","-9999","-9999","-9999","-9999","-9999","-9999","-9999","-9999","-9999"
"1032","572.754953","572.754644758","-9999","1844309.3","-9999","263125.4","12.09","-1","-9999","-9999","-9999","-9999","-9999","-9999","-9999","unassigned","N/A","-9999","-9999","N/A","-9999","-9999","-9999","-9999","-9999","-9999","-9999","-9999","-9999","-9999","-9999","-9999"
"1033","572.773447","572.773138729","-9999","2892897","-9999","267282.2","19.94","-1","-9999","-9999","-9999","-9999","-9999","-9999","-9999","unassigned","N/A","-9999","-9999","N/A","-9999","-9999","-9999","-9999","-9999","-9999","-9999","-9999","-9999","-9999","-9999","-9999"
"1038","573.740706","573.740396187","-9999","2834625.3","-9999","297844.1","19.5","-1","-9999","-9999","-9999","-9999","-9999","-9999","-9999","unassigned","N/A","-9999","-9999","N/A","-9999","-9999","-9999","-9999","-9999","-9999","-9999","-9999","-9999","-9999","-9999","-9999"
"1039","574.540821","574.540509911","-9999","2182842.3","-9999","327240.3","14.61","-1","-9999","-9999","-9999","-9999","-9999","-9999","-9999","unassigned","N/A","-9999","-9999","N/A","-9999","-9999","-9999","-9999","-9999","-9999","-9999","-9999","-9999","-9999","-9999","-9999"
"1040","574.566601","574.56628987","-9999","3149514.5","-9999","279790","21.85","-1","-9999","-9999","-9999","-9999","-9999","-9999","-9999","unassigned","N/A","-9999","-9999","N/A","-9999","-9999","-9999","-9999","-9999","-9999","-9999","-9999","-9999","-9999","-9999","-9999"
"1041","574.671073","574.670761703","-9999","3993356.5","-9999","269470","28.18","-1","-9999","-9999","-9999","-9999","-9999","-9999","-9999","unassigned","N/A","-9999","-9999","N/A","-9999","-9999","-9999","-9999","-9999","-9999","-9999","-9999","-9999","-9999","-9999","-9999"
"1042","574.735049","574.734737601","-9999","4729653","-9999","258395.9","33.69","-1","-9999","-9999","-9999","-9999","-9999","-9999","-9999","unassigned","N/A","-9999","-9999","N/A","-9999","-9999","-9999","-9999","-9999","-9999","-9999","-9999","-9999","-9999","-9999","-9999"
"1043","574.894686","574.894374347","-9999","4083610","-9999","235288.7","28.85","-1","-9999","-9999","-9999","-9999","-9999","-9999","-9999","unassigned","N/A","-9999","-9999","N/A","-9999","-9999","-9999","-9999","-9999","-9999","-9999","-9999","-9999","-9999","-9999","-9999"
"1053","576.563775","576.563460685","-9999","4755391","-9999","320911.7","32.27","-1","-9999","-9999","-9999","-9999","-9999","-9999","-9999","unassigned","N/A","-9999","-9999","N/A","-9999","-9999","-9999","-9999","-9999","-9999","-9999","-9999","-9999","-9999","-9999","-9999"
"1054","576.669062","576.668747517","-9999","5521410.5","-9999","240285.2","37.74","-1","-9999","-9999","-9999","-9999","-9999","-9999","-9999","unassigned","N/A","-9999","-9999","N/A","-9999","-9999","-9999","-9999","-9999","-9999","-9999","-9999","-9999","-9999","-9999","-9999"
"1055","576.705375","576.70506046","-9999","2325017.8","-9999","266775.7","14.93","-1","-9999","-9999","-9999","-9999","-9999","-9999","-9999","unassigned","N/A","-9999","-9999","N/A","-9999","-9999","-9999","-9999","-9999","-9999","-9999","-9999","-9999","-9999","-9999","-9999"
"1064","578.560633","578.560315501","-9999","3881152.5","-9999","258595.9","26.02","-1","-9999","-9999","-9999","-9999","-9999","-9999","-9999","unassigned","N/A","-9999","-9999","N/A","-9999","-9999","-9999","-9999","-9999","-9999","-9999","-9999","-9999","-9999","-9999","-9999"
"1065","578.666925","578.666607332","-9999","3707141.3","-9999","225332.9","24.78","-1","-9999","-9999","-9999","-9999","-9999","-9999","-9999","unassigned","N/A","-9999","-9999","N/A","-9999","-9999","-9999","-9999","-9999","-9999","-9999","-9999","-9999","-9999","-9999","-9999"
"1071","580.557696","580.557375317","-9999","2076112.8","-9999","306393.7","13.13","-1","-9999","-9999","-9999","-9999","-9999","-9999","-9999","unassigned","N/A","-9999","-9999","N/A","-9999","-9999","-9999","-9999","-9999","-9999","-9999","-9999","-9999","-9999","-9999","-9999"
"1077","582.739361","582.739036838","-9999","2714475","-9999","288363.3","17.68","-1","-9999","-9999","-9999","-9999","-9999","-9999","-9999","unassigned","N/A","-9999","-9999","N/A","-9999","-9999","-9999","-9999","-9999","-9999","-9999","-9999","-9999","-9999","-9999","-9999"
"1078","584.754933","584.754605625","-9999","2867371.3","-9999","296148.1","18.76","-1","-9999","-9999","-9999","-9999","-9999","-9999","-9999","unassigned","N/A","-9999","-9999","N/A","-9999","-9999","-9999","-9999","-9999","-9999","-9999","-9999","-9999","-9999","-9999","-9999"
"1083","588.846403","588.846069101","-9999","5353363.5","-9999","278412.7","36.48","-1","-9999","-9999","-9999","-9999","-9999","-9999","-9999","unassigned","N/A","-9999","-9999","N/A","-9999","-9999","-9999","-9999","-9999","-9999","-9999","-9999","-9999","-9999","-9999","-9999"
"1085","588.910381","588.910046999","-9999","41349056","-9999","263104.6","293.38","-1","-9999","-9999","-9999","-9999","-9999","-9999","-9999","unassigned","N/A","-9999","-9999","N/A","-9999","-9999","-9999","-9999","-9999","-9999","-9999","-9999","-9999","-9999","-9999","-9999"
"1087","589.909804","589.909468405","-9999","13501049","-9999","244773.8","94.63","-1","-9999","-9999","-9999","-9999","-9999","-9999","-9999","unassigned","N/A","-9999","-9999","N/A","-9999","-9999","-9999","-9999","-9999","-9999","-9999","-9999","-9999","-9999","-9999","-9999"
"1088","589.913874","589.913538399","-9999","2913915.5","-9999","269866.2","19.07","-1","-9999","-9999","-9999","-9999","-9999","-9999","-9999","unassigned","N/A","-9999","-9999","N/A","-9999","-9999","-9999","-9999","-9999","-9999","-9999","-9999","-9999","-9999","-9999","-9999"
"1089","590.72501","590.724673106","-9999","2683573.3","-9999","279662.2","17.42","-1","-9999","-9999","-9999","-9999","-9999","-9999","-9999","unassigned","N/A","-9999","-9999","N/A","-9999","-9999","-9999","-9999","-9999","-9999","-9999","-9999","-9999","-9999","-9999","-9999"
"1090","590.844076","590.843738916","-9999","5058825","-9999","234396.9","34.37","-1","-9999","-9999","-9999","-9999","-9999","-9999","-9999","unassigned","N/A","-9999","-9999","N/A","-9999","-9999","-9999","-9999","-9999","-9999","-9999","-9999","-9999","-9999","-9999","-9999"
"1091","590.906947","590.906609815","-9999","8531254","-9999","239633.7","59.15","-1","-9999","-9999","-9999","-9999","-9999","-9999","-9999","unassigned","N/A","-9999","-9999","N/A","-9999","-9999","-9999","-9999","-9999","-9999","-9999","-9999","-9999","-9999","-9999","-9999"
"1094","591.906775","591.906436221","-9999","2347514.8","-9999","250711.1","15.01","-1","-9999","-9999","-9999","-9999","-9999","-9999","-9999","unassigned","N/A","-9999","-9999","N/A","-9999","-9999","-9999","-9999","-9999","-9999","-9999","-9999","-9999","-9999","-9999","-9999"
"1095","592.72328","592.722939919","-9999","2582594.8","-9999","240047.2","16.69","-1","-9999","-9999","-9999","-9999","-9999","-9999","-9999","unassigned","N/A","-9999","-9999","N/A","-9999","-9999","-9999","-9999","-9999","-9999","-9999","-9999","-9999","-9999","-9999","-9999"
"1096","592.877473","592.877132673","-9999","2187441.5","-9999","267596.5","13.87","-1","-9999","-9999","-9999","-9999","-9999","-9999","-9999","unassigned","N/A","-9999","-9999","N/A","-9999","-9999","-9999","-9999","-9999","-9999","-9999","-9999","-9999","-9999","-9999","-9999"
"1097","592.90417","592.903829631","-9999","2058180.6","-9999","561822","12.94","-1","-9999","-9999","-9999","-9999","-9999","-9999","-9999","unassigned","N/A","-9999","-9999","N/A","-9999","-9999","-9999","-9999","-9999","-9999","-9999","-9999","-9999","-9999","-9999","-9999"
"1098","592.905501","592.905160629","-9999","3324613.5","-9999","310171.3","21.98","-1","-9999","-9999","-9999","-9999","-9999","-9999","-9999","unassigned","N/A","-9999","-9999","N/A","-9999","-9999","-9999","-9999","-9999","-9999","-9999","-9999","-9999","-9999","-9999","-9999"
"1103","594.875488","594.875144488","-9999","2315867.3","-9999","302510.9","13.78","-1","-9999","-9999","-9999","-9999","-9999","-9999","-9999","unassigned","N/A","-9999","-9999","N/A","-9999","-9999","-9999","-9999","-9999","-9999","-9999","-9999","-9999","-9999","-9999","-9999"
"1106","596.524921","596.524574858","-9999","3375389","-9999","256336.7","20.83","-1","-9999","-9999","-9999","-9999","-9999","-9999","-9999","unassigned","N/A","-9999","-9999","N/A","-9999","-9999","-9999","-9999","-9999","-9999","-9999","-9999","-9999","-9999","-9999","-9999"
"1107","596.81261","596.812263399","-9999","2177523.5","-9999","229011","12.85","-1","-9999","-9999","-9999","-9999","-9999","-9999","-9999","unassigned","N/A","-9999","-9999","N/A","-9999","-9999","-9999","-9999","-9999","-9999","-9999","-9999","-9999","-9999","-9999","-9999"
"1108","598.522212","598.521862673","-9999","5471995","-9999","217544.4","34.77","-1","-9999","-9999","-9999","-9999","-9999","-9999","-9999","unassigned","N/A","-9999","-9999","N/A","-9999","-9999","-9999","-9999","-9999","-9999","-9999","-9999","-9999","-9999","-9999","-9999"
"1109","598.810722","598.810372213","-9999","2502102.3","-9999","266082.9","15","-1","-9999","-9999","-9999","-9999","-9999","-9999","-9999","unassigned","N/A","-9999","-9999","N/A","-9999","-9999","-9999","-9999","-9999","-9999","-9999","-9999","-9999","-9999","-9999","-9999"
"1112","600.519613","600.519260488","-9999","5096696","-9999","208504.1","32.26","-1","-9999","-9999","-9999","-9999","-9999","-9999","-9999","unassigned","N/A","-9999","-9999","N/A","-9999","-9999","-9999","-9999","-9999","-9999","-9999","-9999","-9999","-9999","-9999","-9999"
"1116","601.583218","601.582863792","-9999","2645045.8","-9999","340337.2","15.94","-1","-9999","-9999","-9999","-9999","-9999","-9999","-9999","unassigned","N/A","-9999","-9999","N/A","-9999","-9999","-9999","-9999","-9999","-9999","-9999","-9999","-9999","-9999","-9999","-9999"
"1119","602.541918","602.541562264","-9999","2341161.8","-9999","258652.1","13.91","-1","-9999","-9999","-9999","-9999","-9999","-9999","-9999","unassigned","N/A","-9999","-9999","N/A","-9999","-9999","-9999","-9999","-9999","-9999","-9999","-9999","-9999","-9999","-9999","-9999"
"1120","602.701972","602.701616008","-9999","4643753","-9999","229092.7","29.24","-1","-9999","-9999","-9999","-9999","-9999","-9999","-9999","unassigned","N/A","-9999","-9999","N/A","-9999","-9999","-9999","-9999","-9999","-9999","-9999","-9999","-9999","-9999","-9999","-9999"
"1122","604.51707","604.516711114","-9999","3363673","-9999","185035.6","20.71","-1","-9999","-9999","-9999","-9999","-9999","-9999","-9999","unassigned","N/A","-9999","-9999","N/A","-9999","-9999","-9999","-9999","-9999","-9999","-9999","-9999","-9999","-9999","-9999","-9999"
"1123","604.539147","604.538788079","-9999","3331435","-9999","194950.3","20.49","-1","-9999","-9999","-9999","-9999","-9999","-9999","-9999","unassigned","N/A","-9999","-9999","N/A","-9999","-9999","-9999","-9999","-9999","-9999","-9999","-9999","-9999","-9999","-9999","-9999"
"1124","604.699818","604.699458823","-9999","6492653","-9999","226378.6","41.54","-1","-9999","-9999","-9999","-9999","-9999","-9999","-9999","unassigned","N/A","-9999","-9999","N/A","-9999","-9999","-9999","-9999","-9999","-9999","-9999","-9999","-9999","-9999","-9999","-9999"
"1125","606.514414","606.51405193","-9999","5663678","-9999","268255.9","36.01","-1","-9999","-9999","-9999","-9999","-9999","-9999","-9999","unassigned","N/A","-9999","-9999","N/A","-9999","-9999","-9999","-9999","-9999","-9999","-9999","-9999","-9999","-9999","-9999","-9999"
"1126","606.536533","606.536170894","-9999","3296720","-9999","196995","20.25","-1","-9999","-9999","-9999","-9999","-9999","-9999","-9999","unassigned","N/A","-9999","-9999","N/A","-9999","-9999","-9999","-9999","-9999","-9999","-9999","-9999","-9999","-9999","-9999","-9999"
"1127","606.638962","606.638599731","-9999","3632165","-9999","273596.9","22.48","-1","-9999","-9999","-9999","-9999","-9999","-9999","-9999","unassigned","N/A","-9999","-9999","N/A","-9999","-9999","-9999","-9999","-9999","-9999","-9999","-9999","-9999","-9999","-9999","-9999"
"1128","606.697969","606.697606637","-9999","4496470","-9999","228703","28.24","-1","-9999","-9999","-9999","-9999","-9999","-9999","-9999","unassigned","N/A","-9999","-9999","N/A","-9999","-9999","-9999","-9999","-9999","-9999","-9999","-9999","-9999","-9999","-9999","-9999"
"1130","608.511405","608.511039745","-9999","5560904","-9999","260401.1","35.31","-1","-9999","-9999","-9999","-9999","-9999","-9999","-9999","unassigned","N/A","-9999","-9999","N/A","-9999","-9999","-9999","-9999","-9999","-9999","-9999","-9999","-9999","-9999","-9999","-9999"
"1131","608.533092","608.532726711","-9999","2248794.8","-9999","170712.1","13.26","-1","-9999","-9999","-9999","-9999","-9999","-9999","-9999","unassigned","N/A","-9999","-9999","N/A","-9999","-9999","-9999","-9999","-9999","-9999","-9999","-9999","-9999","-9999","-9999","-9999"
"1133","608.636941","608.636575545","-9999","3245746.8","-9999","256466.3","19.9","-1","-9999","-9999","-9999","-9999","-9999","-9999","-9999","unassigned","N/A","-9999","-9999","N/A","-9999","-9999","-9999","-9999","-9999","-9999","-9999","-9999","-9999","-9999","-9999","-9999"
"1134","608.695143","608.694777452","-9999","2110180.3","-9999","315728.8","12.34","-1","-9999","-9999","-9999","-9999","-9999","-9999","-9999","unassigned","N/A","-9999","-9999","N/A","-9999","-9999","-9999","-9999","-9999","-9999","-9999","-9999","-9999","-9999","-9999","-9999"
"1138","612.530838","612.530466337","-9999","24233956","-9999","224699.7","159.6","-1","-9999","-9999","-9999","-9999","-9999","-9999","-9999","unassigned","N/A","-9999","-9999","N/A","-9999","-9999","-9999","-9999","-9999","-9999","-9999","-9999","-9999","-9999","-9999","-9999"
"1139","612.858907","612.858534813","-9999","3350279.5","-9999","238391.1","20.57","-1","-9999","-9999","-9999","-9999","-9999","-9999","-9999","unassigned","N/A","-9999","-9999","N/A","-9999","-9999","-9999","-9999","-9999","-9999","-9999","-9999","-9999","-9999","-9999","-9999"
"1141","614.52801","614.527635152","-9999","23170782","-9999","231084.5","152.51","-1","-9999","-9999","-9999","-9999","-9999","-9999","-9999","unassigned","N/A","-9999","-9999","N/A","-9999","-9999","-9999","-9999","-9999","-9999","-9999","-9999","-9999","-9999","-9999","-9999"
"1142","614.553625","614.553250111","-9999","2778358.3","-9999","242361.1","16.75","-1","-9999","-9999","-9999","-9999","-9999","-9999","-9999","unassigned","N/A","-9999","-9999","N/A","-9999","-9999","-9999","-9999","-9999","-9999","-9999","-9999","-9999","-9999","-9999","-9999"
"1143","614.720899","614.720523845","-9999","2422669.5","-9999","286732.7","14.38","-1","-9999","-9999","-9999","-9999","-9999","-9999","-9999","unassigned","N/A","-9999","-9999","N/A","-9999","-9999","-9999","-9999","-9999","-9999","-9999","-9999","-9999","-9999","-9999","-9999"
"1144","614.857269","614.856893627","-9999","3704841","-9999","239239.1","22.92","-1","-9999","-9999","-9999","-9999","-9999","-9999","-9999","unassigned","N/A","-9999","-9999","N/A","-9999","-9999","-9999","-9999","-9999","-9999","-9999","-9999","-9999","-9999","-9999","-9999"
"1147","616.550803","616.550424927","-9999","9006613","-9999","221363.1","54.13","-1","-9999","-9999","-9999","-9999","-9999","-9999","-9999","unassigned","N/A","-9999","-9999","N/A","-9999","-9999","-9999","-9999","-9999","-9999","-9999","-9999","-9999","-9999","-9999","-9999"
"1149","618.5481","618.547718742","-9999","15392086","-9999","237901.6","93.65","-1","-9999","-9999","-9999","-9999","-9999","-9999","-9999","unassigned","N/A","-9999","-9999","N/A","-9999","-9999","-9999","-9999","-9999","-9999","-9999","-9999","-9999","-9999","-9999","-9999"
"1153","620.618194","620.617809441","-9999","6665470","-9999","227666","39.61","-1","-9999","-9999","-9999","-9999","-9999","-9999","-9999","unassigned","N/A","-9999","-9999","N/A","-9999","-9999","-9999","-9999","-9999","-9999","-9999","-9999","-9999","-9999","-9999","-9999"
"1154","620.654724","620.654339383","-9999","2978593","-9999","241933.8","16.78","-1","-9999","-9999","-9999","-9999","-9999","-9999","-9999","unassigned","N/A","-9999","-9999","N/A","-9999","-9999","-9999","-9999","-9999","-9999","-9999","-9999","-9999","-9999","-9999","-9999"
"1157","622.616047","622.615659256","-9999","6978691.5","-9999","250695.3","41.54","-1","-9999","-9999","-9999","-9999","-9999","-9999","-9999","unassigned","N/A","-9999","-9999","N/A","-9999","-9999","-9999","-9999","-9999","-9999","-9999","-9999","-9999","-9999","-9999","-9999"
"1158","622.652565","622.652177198","-9999","2758311","-9999","218006.7","15.41","-1","-9999","-9999","-9999","-9999","-9999","-9999","-9999","unassigned","N/A","-9999","-9999","N/A","-9999","-9999","-9999","-9999","-9999","-9999","-9999","-9999","-9999","-9999","-9999","-9999"
"1159","624.539023","624.53863219","-9999","4583391","-9999","238003.2","26.7","-1","-9999","-9999","-9999","-9999","-9999","-9999","-9999","unassigned","N/A","-9999","-9999","N/A","-9999","-9999","-9999","-9999","-9999","-9999","-9999","-9999","-9999","-9999","-9999","-9999"
"1160","624.614033","624.61364207","-9999","2803753.3","-9999","240523.2","15.68","-1","-9999","-9999","-9999","-9999","-9999","-9999","-9999","unassigned","N/A","-9999","-9999","N/A","-9999","-9999","-9999","-9999","-9999","-9999","-9999","-9999","-9999","-9999","-9999","-9999"
"1162","628.504601","628.504203867","-9999","2579301.8","-9999","235763.4","14.26","-1","-9999","-9999","-9999","-9999","-9999","-9999","-9999","unassigned","N/A","-9999","-9999","N/A","-9999","-9999","-9999","-9999","-9999","-9999","-9999","-9999","-9999","-9999","-9999","-9999"
"1163","630.501813","630.501412682","-9999","2444132","-9999","235316","13.42","-1","-9999","-9999","-9999","-9999","-9999","-9999","-9999","unassigned","N/A","-9999","-9999","N/A","-9999","-9999","-9999","-9999","-9999","-9999","-9999","-9999","-9999","-9999","-9999","-9999"
"1164","634.670012","634.669605036","-9999","2435181.8","-9999","261552.2","13.33","-1","-9999","-9999","-9999","-9999","-9999","-9999","-9999","unassigned","N/A","-9999","-9999","N/A","-9999","-9999","-9999","-9999","-9999","-9999","-9999","-9999","-9999","-9999","-9999","-9999"
"1165","634.861001","634.860593732","-9999","2714936.8","-9999","265967.7","15.06","-1","-9999","-9999","-9999","-9999","-9999","-9999","-9999","unassigned","N/A","-9999","-9999","N/A","-9999","-9999","-9999","-9999","-9999","-9999","-9999","-9999","-9999","-9999","-9999","-9999"
"1170","636.668381","636.66797085","-9999","2377923.3","-9999","261365.9","12.97","-1","-9999","-9999","-9999","-9999","-9999","-9999","-9999","unassigned","N/A","-9999","-9999","N/A","-9999","-9999","-9999","-9999","-9999","-9999","-9999","-9999","-9999","-9999","-9999","-9999"
"1175","642.760059","642.759639137","-9999","2519751.3","-9999","247304.3","12.84","-1","-9999","-9999","-9999","-9999","-9999","-9999","-9999","unassigned","N/A","-9999","-9999","N/A","-9999","-9999","-9999","-9999","-9999","-9999","-9999","-9999","-9999","-9999","-9999","-9999"
"1177","644.757467","644.757043952","-9999","2533247.5","-9999","272930.5","12.9","-1","-9999","-9999","-9999","-9999","-9999","-9999","-9999","unassigned","N/A","-9999","-9999","N/A","-9999","-9999","-9999","-9999","-9999","-9999","-9999","-9999","-9999","-9999","-9999","-9999"
"1180","646.633688","646.63326196","-9999","3341252.8","-9999","218796.9","17.54","-1","-9999","-9999","-9999","-9999","-9999","-9999","-9999","unassigned","N/A","-9999","-9999","N/A","-9999","-9999","-9999","-9999","-9999","-9999","-9999","-9999","-9999","-9999","-9999","-9999"
"1183","648.631587","648.631157775","-9999","2970792.8","-9999","214899.8","15.39","-1","-9999","-9999","-9999","-9999","-9999","-9999","-9999","unassigned","N/A","-9999","-9999","N/A","-9999","-9999","-9999","-9999","-9999","-9999","-9999","-9999","-9999","-9999","-9999","-9999"
"1184","648.649302","648.648872746","-9999","9756861","-9999","220807.5","54.47","-1","-9999","-9999","-9999","-9999","-9999","-9999","-9999","unassigned","N/A","-9999","-9999","N/A","-9999","-9999","-9999","-9999","-9999","-9999","-9999","-9999","-9999","-9999","-9999","-9999"
"1185","648.876795","648.876365384","-9999","13638082","-9999","215954.7","76.81","-1","-9999","-9999","-9999","-9999","-9999","-9999","-9999","unassigned","N/A","-9999","-9999","N/A","-9999","-9999","-9999","-9999","-9999","-9999","-9999","-9999","-9999","-9999","-9999","-9999"
"1187","649.876463","649.87603179","-9999","5648957.5","-9999","208774.5","30.81","-1","-9999","-9999","-9999","-9999","-9999","-9999","-9999","unassigned","N/A","-9999","-9999","N/A","-9999","-9999","-9999","-9999","-9999","-9999","-9999","-9999","-9999","-9999","-9999","-9999"
"1188","650.64683","650.646397561","-9999","9536950","-9999","214655.4","53.19","-1","-9999","-9999","-9999","-9999","-9999","-9999","-9999","unassigned","N/A","-9999","-9999","N/A","-9999","-9999","-9999","-9999","-9999","-9999","-9999","-9999","-9999","-9999","-9999","-9999"
"1189","650.683342","650.682909503","-9999","3047904","-9999","228827.4","15.82","-1","-9999","-9999","-9999","-9999","-9999","-9999","-9999","unassigned","N/A","-9999","-9999","N/A","-9999","-9999","-9999","-9999","-9999","-9999","-9999","-9999","-9999","-9999","-9999","-9999"
"1190","650.873155","650.8727222","-9999","3606203.5","-9999","217338.5","19.04","-1","-9999","-9999","-9999","-9999","-9999","-9999","-9999","unassigned","N/A","-9999","-9999","N/A","-9999","-9999","-9999","-9999","-9999","-9999","-9999","-9999","-9999","-9999","-9999","-9999"
"1192","652.645111","652.644675375","-9999","4351683.5","-9999","205539.7","23.32","-1","-9999","-9999","-9999","-9999","-9999","-9999","-9999","unassigned","N/A","-9999","-9999","N/A","-9999","-9999","-9999","-9999","-9999","-9999","-9999","-9999","-9999","-9999","-9999","-9999"
"1197","656.653595","656.653152984","-9999","2982693.3","-9999","240323.2","15.41","-1","-9999","-9999","-9999","-9999","-9999","-9999","-9999","unassigned","N/A","-9999","-9999","N/A","-9999","-9999","-9999","-9999","-9999","-9999","-9999","-9999","-9999","-9999","-9999","-9999"
"1198","658.477235","658.476790076","-9999","3563930.3","-9999","165779.5","18.74","-1","-9999","-9999","-9999","-9999","-9999","-9999","-9999","unassigned","N/A","-9999","-9999","N/A","-9999","-9999","-9999","-9999","-9999","-9999","-9999","-9999","-9999","-9999","-9999","-9999"
"1204","660.785913","660.785464395","-9999","2916450.8","-9999","243838.7","15","-1","-9999","-9999","-9999","-9999","-9999","-9999","-9999","unassigned","N/A","-9999","-9999","N/A","-9999","-9999","-9999","-9999","-9999","-9999","-9999","-9999","-9999","-9999","-9999","-9999"
"1213","666.756158","666.755699875","-9999","2637219.5","-9999","206403.4","12.23","-1","-9999","-9999","-9999","-9999","-9999","-9999","-9999","unassigned","N/A","-9999","-9999","N/A","-9999","-9999","-9999","-9999","-9999","-9999","-9999","-9999","-9999","-9999","-9999","-9999"
"1215","668.491999","668.491538108","-9999","6568177.5","-9999","218976.7","32.96","-1","-9999","-9999","-9999","-9999","-9999","-9999","-9999","unassigned","N/A","-9999","-9999","N/A","-9999","-9999","-9999","-9999","-9999","-9999","-9999","-9999","-9999","-9999","-9999","-9999"
"1216","668.754307","668.753845689","-9999","3726899.8","-9999","204022","17.97","-1","-9999","-9999","-9999","-9999","-9999","-9999","-9999","unassigned","N/A","-9999","-9999","N/A","-9999","-9999","-9999","-9999","-9999","-9999","-9999","-9999","-9999","-9999","-9999","-9999"
"1217","670.489139","670.488674923","-9999","11093643","-9999","207099.5","56.82","-1","-9999","-9999","-9999","-9999","-9999","-9999","-9999","unassigned","N/A","-9999","-9999","N/A","-9999","-9999","-9999","-9999","-9999","-9999","-9999","-9999","-9999","-9999","-9999","-9999"
"1218","670.751501","670.751036505","-9999","3236815.3","-9999","246588.2","15.37","-1","-9999","-9999","-9999","-9999","-9999","-9999","-9999","unassigned","N/A","-9999","-9999","N/A","-9999","-9999","-9999","-9999","-9999","-9999","-9999","-9999","-9999","-9999","-9999","-9999"
"1225","672.785172","672.784704262","-9999","3663267.3","-9999","230848.7","17.61","-1","-9999","-9999","-9999","-9999","-9999","-9999","-9999","unassigned","N/A","-9999","-9999","N/A","-9999","-9999","-9999","-9999","-9999","-9999","-9999","-9999","-9999","-9999","-9999","-9999"
"1230","674.483565","674.483094554","-9999","8612321","-9999","212544.9","43.7","-1","-9999","-9999","-9999","-9999","-9999","-9999","-9999","unassigned","N/A","-9999","-9999","N/A","-9999","-9999","-9999","-9999","-9999","-9999","-9999","-9999","-9999","-9999","-9999","-9999"
"1232","674.782708","674.782237077","-9999","2656085.3","-9999","221958.5","12.28","-1","-9999","-9999","-9999","-9999","-9999","-9999","-9999","unassigned","N/A","-9999","-9999","N/A","-9999","-9999","-9999","-9999","-9999","-9999","-9999","-9999","-9999","-9999","-9999","-9999"
"1236","678.50323","678.502753145","-9999","11355518","-9999","207965.7","58.15","-1","-9999","-9999","-9999","-9999","-9999","-9999","-9999","unassigned","N/A","-9999","-9999","N/A","-9999","-9999","-9999","-9999","-9999","-9999","-9999","-9999","-9999","-9999","-9999","-9999"
"1238","680.901873","680.90139232","-9999","6172995.5","-9999","226164.6","30.79","-1","-9999","-9999","-9999","-9999","-9999","-9999","-9999","unassigned","N/A","-9999","-9999","N/A","-9999","-9999","-9999","-9999","-9999","-9999","-9999","-9999","-9999","-9999","-9999","-9999"
"1240","681.901874","681.901391726","-9999","2633775.5","-9999","230937.9","12.11","-1","-9999","-9999","-9999","-9999","-9999","-9999","-9999","unassigned","N/A","-9999","-9999","N/A","-9999","-9999","-9999","-9999","-9999","-9999","-9999","-9999","-9999","-9999","-9999","-9999"
"1245","688.938737","688.938243506","-9999","4219153","-9999","193261.4","18.7","-1","-9999","-9999","-9999","-9999","-9999","-9999","-9999","unassigned","N/A","-9999","-9999","N/A","-9999","-9999","-9999","-9999","-9999","-9999","-9999","-9999","-9999","-9999","-9999","-9999"
"1246","690.769034","690.768537587","-9999","5596726","-9999","222310.9","25.34","-1","-9999","-9999","-9999","-9999","-9999","-9999","-9999","unassigned","N/A","-9999","-9999","N/A","-9999","-9999","-9999","-9999","-9999","-9999","-9999","-9999","-9999","-9999","-9999","-9999"
"1247","692.766571","692.766071402","-9999","8135737","-9999","203151.4","37.58","-1","-9999","-9999","-9999","-9999","-9999","-9999","-9999","unassigned","N/A","-9999","-9999","N/A","-9999","-9999","-9999","-9999","-9999","-9999","-9999","-9999","-9999","-9999","-9999","-9999"
"1248","694.764544","694.764041216","-9999","6481477.5","-9999","209483.2","29.58","-1","-9999","-9999","-9999","-9999","-9999","-9999","-9999","unassigned","N/A","-9999","-9999","N/A","-9999","-9999","-9999","-9999","-9999","-9999","-9999","-9999","-9999","-9999","-9999","-9999"
"1251","695.921739","695.921234371","-9999","3073051.3","-9999","282116","13.12","-1","-9999","-9999","-9999","-9999","-9999","-9999","-9999","unassigned","N/A","-9999","-9999","N/A","-9999","-9999","-9999","-9999","-9999","-9999","-9999","-9999","-9999","-9999","-9999","-9999"
"1252","696.914882","696.914375788","-9999","10260768","-9999","237340.8","47.81","-1","-9999","-9999","-9999","-9999","-9999","-9999","-9999","unassigned","N/A","-9999","-9999","N/A","-9999","-9999","-9999","-9999","-9999","-9999","-9999","-9999","-9999","-9999","-9999","-9999"
"1257","702.953877","702.953361159","-9999","3481939.3","-9999","169137.9","15.05","-1","-9999","-9999","-9999","-9999","-9999","-9999","-9999","unassigned","N/A","-9999","-9999","N/A","-9999","-9999","-9999","-9999","-9999","-9999","-9999","-9999","-9999","-9999","-9999","-9999"
"1278","736.716638","736.716068325","-9999","3521891","-9999","237394.6","13.75","-1","-9999","-9999","-9999","-9999","-9999","-9999","-9999","unassigned","N/A","-9999","-9999","N/A","-9999","-9999","-9999","-9999","-9999","-9999","-9999","-9999","-9999","-9999","-9999","-9999"
"1282","740.869231","740.868654703","-9999","3550189.3","-9999","248957.2","13.85","-1","-9999","-9999","-9999","-9999","-9999","-9999","-9999","unassigned","N/A","-9999","-9999","N/A","-9999","-9999","-9999","-9999","-9999","-9999","-9999","-9999","-9999","-9999","-9999","-9999"
"1285","742.645796","742.645216871","-9999","4215198","-9999","211436.1","16.78","-1","-9999","-9999","-9999","-9999","-9999","-9999","-9999","unassigned","N/A","-9999","-9999","N/A","-9999","-9999","-9999","-9999","-9999","-9999","-9999","-9999","-9999","-9999","-9999","-9999"
"1288","754.883883","754.883284357","-9999","18765062","-9999","201613.6","74.14","-1","-9999","-9999","-9999","-9999","-9999","-9999","-9999","unassigned","N/A","-9999","-9999","N/A","-9999","-9999","-9999","-9999","-9999","-9999","-9999","-9999","-9999","-9999","-9999","-9999"
"1290","755.883655","755.883054763","-9999","8073869","-9999","213363.2","30.89","-1","-9999","-9999","-9999","-9999","-9999","-9999","-9999","unassigned","N/A","-9999","-9999","N/A","-9999","-9999","-9999","-9999","-9999","-9999","-9999","-9999","-9999","-9999","-9999","-9999"
"1291","756.881099","756.880497173","-9999","4809745","-9999","234640.2","17.68","-1","-9999","-9999","-9999","-9999","-9999","-9999","-9999","unassigned","N/A","-9999","-9999","N/A","-9999","-9999","-9999","-9999","-9999","-9999","-9999","-9999","-9999","-9999","-9999","-9999"
"1295","768.661674","768.661053389","-9999","6195347.5","-9999","206696","23.22","-1","-9999","-9999","-9999","-9999","-9999","-9999","-9999","unassigned","N/A","-9999","-9999","N/A","-9999","-9999","-9999","-9999","-9999","-9999","-9999","-9999","-9999","-9999","-9999","-9999"
"1298","770.676966","770.676342176","-9999","18160490","-9999","192395.1","71.61","-1","-9999","-9999","-9999","-9999","-9999","-9999","-9999","unassigned","N/A","-9999","-9999","N/A","-9999","-9999","-9999","-9999","-9999","-9999","-9999","-9999","-9999","-9999","-9999","-9999"
"1304","774.671819","774.671188806","-9999","12017828","-9999","183708","46.74","-1","-9999","-9999","-9999","-9999","-9999","-9999","-9999","unassigned","N/A","-9999","-9999","N/A","-9999","-9999","-9999","-9999","-9999","-9999","-9999","-9999","-9999","-9999","-9999","-9999"
"1311","788.939829","788.939176056","-9999","5718151.5","-9999","225291.2","20.08","-1","-9999","-9999","-9999","-9999","-9999","-9999","-9999","unassigned","N/A","-9999","-9999","N/A","-9999","-9999","-9999","-9999","-9999","-9999","-9999","-9999","-9999","-9999","-9999","-9999"
"1321","798.708377","798.70770848","-9999","5420252","-9999","197490.7","18.9","-1","-9999","-9999","-9999","-9999","-9999","-9999","-9999","unassigned","N/A","-9999","-9999","N/A","-9999","-9999","-9999","-9999","-9999","-9999","-9999","-9999","-9999","-9999","-9999","-9999"
"1322","800.686849","800.686177325","-9999","4189498","-9999","218456.5","14.17","-1","-9999","-9999","-9999","-9999","-9999","-9999","-9999","unassigned","N/A","-9999","-9999","N/A","-9999","-9999","-9999","-9999","-9999","-9999","-9999","-9999","-9999","-9999","-9999","-9999"
"1326","802.702894","802.702219111","-9999","3833221","-9999","221121.3","12.8","-1","-9999","-9999","-9999","-9999","-9999","-9999","-9999","unassigned","N/A","-9999","-9999","N/A","-9999","-9999","-9999","-9999","-9999","-9999","-9999","-9999","-9999","-9999","-9999","-9999"
"1364","861.891142","861.890372736","-9999","5927326.5","-9999","169824.9","21.02","-1","-9999","-9999","-9999","-9999","-9999","-9999","-9999","unassigned","N/A","-9999","-9999","N/A","-9999","-9999","-9999","-9999","-9999","-9999","-9999","-9999","-9999","-9999","-9999","-9999"
