Index,Mass,Calibrated_Mass,Calculated_Mass,Peak_Height,Peak_Area,Resolving_Power,S_N,Ion_Charge,Error_ppm,Error_Score,Isotopologue_Similarity,Confidence_Score,DBE,OtoC_ratio,HtoC_ratio,Heteroatom_Class,Ion_Type,Is_Isotopologue,Mono_Isotopic_Index,Molecular_Formula,C,H,O,N,P,S,13C,15N,18O,34S
92,129.055816,129.055717934,129.055717729,16998868,-9999,697051.7,153.89,-1,0.001590341,0.995486595,0.960313694,0.981417434,2,0.5,1.666666667,O3,de-protonated,0,-9999,C6 H10 O3,6,10,3,-9999,-9999,-9999,-9999,-9999,-9999,-9999
97,130.0592,130.059101638,130.059072564,1901910.3,-9999,726595.2,14.95,-1,0.223543958,0.990973649,0.960313694,0.978709667,2,0.5,1.666666667,13C1 O3,de-protonated,1,92,C5 H10 O3 13C1,5,10,3,-9999,-9999,-9999,1,-9999,-9999,-9999
128,144.045498,144.045395508,144.045487397,1092522.6,-9999,618382.2,7.32,-1,-0.637917343,0.928821721,0,0.557293033,7,0.111111111,0.777777778,N1 O1,de-protonated,0,-9999,C9 H7 O1 N1,9,7,1,1,-9999,-9999,-9999,-9999,-9999,-9999
153,159.066429,159.066322073,159.066282413,3170065,-9999,753604.2,25.45,-1,0.249332991,0.988783272,0,0.593269963,2,0.571428571,1.714285714,O4,de-protonated,0,-9999,C7 H12 O4,7,12,4,-9999,-9999,-9999,-9999,-9999,-9999,-9999
170,163.040235,163.0401269,163.040067664,1711129.9,-9999,696157.3,12.47,-1,0.36331978,0.976333104,0,0.585799862,6,0.333333333,0.888888889,O3,de-protonated,0,-9999,C9 H8 O3,9,8,3,-9999,-9999,-9999,-9999,-9999,-9999,-9999
172,164.071852,164.071743595,164.071702146,1107493.8,-9999,650120,7.14,-1,0.252630664,0.988486332,0,0.593091799,5,0.222222222,1.222222222,N1 O2,de-protonated,0,-9999,C9 H11 O2 N1,9,11,2,1,-9999,-9999,-9999,-9999,-9999,-9999
181,165.019467,165.019358316,165.019332219,7131771.5,-9999,696405.4,59.82,-1,0.158140237,0.995472551,0,0.59728353,6,0.5,0.75,O4,de-protonated,0,-9999,C8 H6 O4,8,6,4,-9999,-9999,-9999,-9999,-9999,-9999,-9999
191,171.01227600000001,171.012165546,171.012138839,1922549.1,-9999,724408.5,14.14,-1,0.156173171,0.995584234,0,0.59735054,4,0.428571429,1.142857143,S1 O3,de-protonated,0,-9999,C7 H8 O3 S1,7,8,3,-9999,-9999,1,-9999,-9999,-9999,-9999
192,171.066418,171.06630753,171.066282413,3656976.3,-9999,637267.7,29.2,-1,0.146828656,0.996095852,0,0.597657511,3,0.5,1.5,O4,de-protonated,0,-9999,C8 H12 O4,8,12,4,-9999,-9999,-9999,-9999,-9999,-9999,-9999
193,171.102801,171.102690519,171.102667922,1614754.4,-9999,696305,11.47,-1,0.132068894,0.99684014,0,0.598104084,2,0.333333333,1.777777778,O3,de-protonated,0,-9999,C9 H16 O3,9,16,3,-9999,-9999,-9999,-9999,-9999,-9999,-9999
194,172.098067,172.097956226,172.097916894,2625293.3,-9999,679450,20.17,-1,0.228540153,0.990567593,0,0.594340556,2,0.375,1.875,N1 O3,de-protonated,0,-9999,C8 H15 O3 N1,8,15,3,1,-9999,-9999,-9999,-9999,-9999,-9999
199,173.082074,173.081962935,173.081932477,7295205.5,-9999,636214.2,60.58,-1,0.175973554,0.994396891,0,0.596638134,2,0.5,1.75,O4,de-protonated,0,-9999,C8 H14 O4,8,14,4,-9999,-9999,-9999,-9999,-9999,-9999,-9999
200,173.11845,173.118338924,173.118317987,1267702.8,-9999,788772,8.41,-1,0.120944755,0.997349354,0,0.598409613,1,0.333333333,2,O3,de-protonated,0,-9999,C9 H18 O3,9,18,3,-9999,-9999,-9999,-9999,-9999,-9999,-9999
202,175.040229,175.040117357,175.040067664,1374887.6,-9999,518693.7,9.3,-1,0.283892946,0.985482516,0,0.591289509,7,0.3,0.8,O3,de-protonated,0,-9999,C10 H8 O3,10,8,3,-9999,-9999,-9999,-9999,-9999,-9999,-9999
203,175.061353,175.061241351,175.061197032,1654769,-9999,705861.6,11.71,-1,0.25315914900000003,0.98843839,0,0.593063034,2,0.714285714,1.714285714,O5,de-protonated,0,-9999,C7 H12 O5,7,12,5,-9999,-9999,-9999,-9999,-9999,-9999,-9999
204,175.09773,175.09761834,175.097582542,1583745.1,-9999,726145.4,11.1,-1,0.204447444,0.992444359,0,0.595466615,1,0.5,2,O4,de-protonated,0,-9999,C8 H16 O4,8,16,4,-9999,-9999,-9999,-9999,-9999,-9999,-9999
207,177.055823,177.055710762,177.055717729,1225540.6,-9999,587080.7,8,-1,-0.039348804,0.999719097,0,0.599831458,6,0.3,1,O3,de-protonated,0,-9999,C10 H10 O3,10,10,3,-9999,-9999,-9999,-9999,-9999,-9999,-9999
211,179.035144,179.035031177,179.034982284,1977036.8,-9999,646305.8,14.45,-1,0.273094995,0.986558552,0,0.591935131,6,0.444444444,0.888888889,O4,de-protonated,0,-9999,C9 H8 O4,9,8,4,-9999,-9999,-9999,-9999,-9999,-9999,-9999
212,179.071485,179.071372167,179.071367793,1823578.4,-9999,550455,13.13,-1,0.024423099,0.999891774,0,0.599935064,5,0.3,1.2,O3,de-protonated,0,-9999,C10 H12 O3,10,12,3,-9999,-9999,-9999,-9999,-9999,-9999,-9999
214,181.014398,181.014284593,181.014246839,2907277.3,-9999,707686.3,22.4,-1,0.208569582,0.992137821,0,0.595282693,6,0.625,0.75,O5,de-protonated,0,-9999,C8 H6 O5,8,6,5,-9999,-9999,-9999,-9999,-9999,-9999,-9999
215,181.036787,181.036673586,181.036713617,1220052.9,-9999,482587.3,7.91,-1,-0.221121583,0.99116735,0,0.59470041,6,0.5,1,N4 O3,de-protonated,0,-9999,C6 H6 O3 N4,6,6,3,4,-9999,-9999,-9999,-9999,-9999,-9999
216,181.050787,181.050673582,181.050632348,1576345.6,-9999,652881.1,10.97,-1,0.22774829,0.990632537,0,0.594379522,5,0.444444444,1.111111111,O4,de-protonated,0,-9999,C9 H10 O4,9,10,4,-9999,-9999,-9999,-9999,-9999,-9999,-9999
219,185.082086,185.081971392,185.081932477,3486307.8,-9999,645438.9,27.3,-1,0.210257133,0.992010592,0,0.595206355,3,0.444444444,1.555555556,O4,de-protonated,0,-9999,C9 H14 O4,9,14,4,-9999,-9999,-9999,-9999,-9999,-9999,-9999
220,185.118452,185.118337381,185.118317987,1478637.6,-9999,616671.2,10.1,-1,0.10476926,0.998010293,0,0.598806176,2,0.3,1.8,O3,de-protonated,0,-9999,C10 H18 O3,10,18,3,-9999,-9999,-9999,-9999,-9999,-9999,-9999
222,186.077328,186.077213098,186.077181449,1257706.9,-9999,786031.5,8.2,-1,0.17008398,0.994764703,0,0.596858822,3,0.5,1.625,N1 O4,de-protonated,0,-9999,C8 H13 O4 N1,8,13,4,1,-9999,-9999,-9999,-9999,-9999,-9999
224,186.113728,186.113613087,186.113566959,13448564,-9999,586657.9,112.64,-1,0.247852164,0.993089145,0.959563328,0.979678818,2,0.333333333,1.888888889,N1 O3,de-protonated,0,-9999,C9 H17 O3 N1,9,17,3,1,-9999,-9999,-9999,-9999,-9999,-9999
228,187.061373,187.061257808,187.061197032,3588192.8,-9999,602482.7,28.1,-1,0.324895253,0.981029091,0,0.588617455,3,0.625,1.5,O5,de-protonated,0,-9999,C8 H12 O5,8,12,5,-9999,-9999,-9999,-9999,-9999,-9999,-9999
230,187.097738,187.097622797,187.097582542,25849450,-9999,600795.9,218.36,-1,0.215156216,0.988362516,0.980716702,0.98530419,2,0.444444444,1.777777778,O4,de-protonated,0,-9999,C9 H16 O4,9,16,4,-9999,-9999,-9999,-9999,-9999,-9999,-9999
231,187.108987,187.108871794,187.108815931,2596716.3,-9999,613068.8,19.62,-1,0.298556732,0.983956459,0,0.590373875,2,0.375,2,N2 O3,de-protonated,0,-9999,C8 H16 O3 N2,8,16,3,2,-9999,-9999,-9999,-9999,-9999,-9999
232,187.11706,187.116944791,187.116921794,1994350.1,-9999,658901.8,14.48,-1,0.122903599,0.997262917,0.959563328,0.982183081,2,0.333333333,1.888888889,13C1 N1 O3,de-protonated,1,224,C8 H17 O3 N1 13C1,8,17,3,1,-9999,-9999,1,-9999,-9999,-9999
233,187.134142,187.134026786,187.133968051,2282098.3,-9999,655121.1,16.93,-1,0.313866639,0.982283887,0,0.589370332,1,0.3,2,O3,de-protonated,0,-9999,C10 H20 O3,10,20,3,-9999,-9999,-9999,-9999,-9999,-9999,-9999
235,188.092982,188.092866503,188.092831514,1217491.5,-9999,484231.8,7.83,-1,0.186020692,0.993740875,0,0.596244525,2,0.5,1.875,N1 O4,de-protonated,0,-9999,C8 H15 O4 N1,8,15,4,1,-9999,-9999,-9999,-9999,-9999,-9999
236,188.101107,188.100991501,188.100937377,3129429.3,-9999,574825.4,24.17,-1,0.287738543,0.985089513,0.980716702,0.983340388,2,0.444444444,1.777777778,13C1 O4,de-protonated,1,230,C8 H16 O4 13C1,8,16,4,-9999,-9999,-9999,1,-9999,-9999,-9999
239,189.077004,189.076888212,189.076847097,3110957.5,-9999,638090.5,24.01,-1,0.217455036,0.991456596,0,0.594873957,2,0.625,1.75,O5,de-protonated,0,-9999,C8 H14 O5,8,14,5,-9999,-9999,-9999,-9999,-9999,-9999,-9999
240,189.113381,189.113265202,189.113232606,2663989.5,-9999,632495.1,20.19,-1,0.172360346,0.994624009,0,0.596774405,1,0.444444444,2,O4,de-protonated,0,-9999,C9 H18 O4,9,18,4,-9999,-9999,-9999,-9999,-9999,-9999,-9999
243,190.998775,190.998658645,190.998596774,2948531,-9999,655693.7,22.57,-1,0.323932238,0.981140321,0,0.588684193,8,0.555555556,0.444444444,O5,de-protonated,0,-9999,C9 H4 O5,9,4,5,-9999,-9999,-9999,-9999,-9999,-9999,-9999
246,193.050742,193.050625039,193.050632348,1291297.1,-9999,745085.1,8.41,-1,-0.037860833000000003,0.999739938,0,0.599843963,6,0.4,1,O4,de-protonated,0,-9999,C10 H10 O4,10,10,4,-9999,-9999,-9999,-9999,-9999,-9999,-9999
247,193.08717,193.087053028,193.087017858,1765927.3,-9999,682231.4,12.45,-1,0.182150189,0.993997855,0,0.596398713,5,0.272727273,1.272727273,O3,de-protonated,0,-9999,C11 H14 O3,11,14,3,-9999,-9999,-9999,-9999,-9999,-9999,-9999
251,195.030073,195.029955455,195.029896903,2726229.8,-9999,640645.6,20.62,-1,0.300217703,0.983778911,0,0.590267346,6,0.555555556,0.888888889,O5,de-protonated,0,-9999,C9 H8 O5,9,8,5,-9999,-9999,-9999,-9999,-9999,-9999,-9999
252,195.066429,195.066311444,195.066282413,1496667.1,-9999,549591.3,10.16,-1,0.148828096,0.995989013,0,0.597593408,5,0.4,1.2,O4,de-protonated,0,-9999,C10 H12 O4,10,12,4,-9999,-9999,-9999,-9999,-9999,-9999,-9999
253,195.139236,195.139118423,195.139053431,1570149.6,-9999,645595.6,10.78,-1,0.333050437,0.980074432,0,0.588044659,3,0.166666667,1.666666667,O2,de-protonated,0,-9999,C12 H20 O2,12,20,2,-9999,-9999,-9999,-9999,-9999,-9999,-9999
257,196.025289,196.025171161,196.025145876,1254241.9,-9999,584375.5,8.1,-1,0.128990526,0.996985509,0,0.598191305,6,0.625,0.875,N1 O5,de-protonated,0,-9999,C8 H7 O5 N1,8,7,5,1,-9999,-9999,-9999,-9999,-9999,-9999
259,197.009301,197.00918287,197.009161458,1460322.9,-9999,650178.8,9.82,-1,0.108685015,0.997858945,0,0.598715367,6,0.75,0.75,O6,de-protonated,0,-9999,C8 H6 O6,8,6,6,-9999,-9999,-9999,-9999,-9999,-9999,-9999
260,197.0457,197.04558186,197.045546968,1315943.5,-9999,611952.6,8.6,-1,0.177075033,0.994326728,0,0.596596037,5,0.555555556,1.111111111,O5,de-protonated,0,-9999,C9 H10 O5,9,10,5,-9999,-9999,-9999,-9999,-9999,-9999,-9999
261,197.0821,197.081981849,197.081932477,1870956.1,-9999,551205.3,13.3,-1,0.250513829,0.988677381,0,0.593206429,4,0.4,1.4,O4,de-protonated,0,-9999,C10 H14 O4,10,14,4,-9999,-9999,-9999,-9999,-9999,-9999,-9999
267,199.00722,199.007101281,199.007053458,8055374.5,-9999,548889.5,65.76,-1,0.240304703,0.989576704,0,0.593746022,5,0.5,1,S1 O4,de-protonated,0,-9999,C8 H8 O4 S1,8,8,4,-9999,-9999,1,-9999,-9999,-9999,-9999
268,199.061359,199.061240265,199.061197032,3269204.5,-9999,604421.8,25.16,-1,0.21718073,0.991478044,0,0.594886826,4,0.555555556,1.333333333,O5,de-protonated,0,-9999,C9 H12 O5,9,12,5,-9999,-9999,-9999,-9999,-9999,-9999,-9999
270,199.097748,199.097629254,199.097582542,19285592,-9999,543999.8,161.02,-1,0.234619434,0.988805482,0.972495744,0.982281586,3,0.4,1.6,O4,de-protonated,0,-9999,C10 H16 O4,10,16,4,-9999,-9999,-9999,-9999,-9999,-9999,-9999
271,199.134116,199.133997243,199.133968051,1666908.3,-9999,605169.6,11.57,-1,0.146595152,0.996108235,0,0.597664941,2,0.272727273,1.818181818,O3,de-protonated,0,-9999,C11 H20 O3,11,20,3,-9999,-9999,-9999,-9999,-9999,-9999,-9999
276,200.092994,200.09287496,200.092831514,1606336.8,-9999,670544.9,11.03,-1,0.217129779,0.991482025,0,0.594889215,3,0.444444444,1.666666667,N1 O4,de-protonated,0,-9999,C9 H15 O4 N1,9,15,4,1,-9999,-9999,-9999,-9999,-9999,-9999
277,200.101109,200.100989958,200.100937377,1453761.6,-9999,672568.1,9.74,-1,0.262771614,0.987549323,0.972495744,0.981527891,3,0.4,1.6,13C1 O4,de-protonated,1,270,C9 H16 O4 13C1,9,16,4,-9999,-9999,-9999,1,-9999,-9999,-9999
278,200.129376,200.129256949,200.129217023,1295940.4,-9999,466896.7,8.4,-1,0.199501207,0.992804224,0,0.595682534,2,0.3,1.9,N1 O3,de-protonated,0,-9999,C10 H19 O3 N1,10,19,3,1,-9999,-9999,-9999,-9999,-9999,-9999
280,201.077018,201.076898669,201.076847097,5746464.5,-9999,543398.2,46.05,-1,0.256482367,0.988134679,0,0.592880807,3,0.555555556,1.555555556,O5,de-protonated,0,-9999,C9 H14 O5,9,14,5,-9999,-9999,-9999,-9999,-9999,-9999,-9999
281,201.113394,201.113274659,201.113232606,18112292,-9999,535507.9,150.66,-1,0.209098998,0.995618788,0.997868494,0.99651867,2,0.4,1.8,O4,de-protonated,0,-9999,C10 H18 O4,10,18,4,-9999,-9999,-9999,-9999,-9999,-9999,-9999
283,201.124643,201.124523655,201.124465995,4938533,-9999,581737.4,39.22,-1,0.286687967,0.985197386,0,0.591118432,2,0.333333333,2,N2 O3,de-protonated,0,-9999,C9 H18 O3 N2,9,18,3,2,-9999,-9999,-9999,-9999,-9999,-9999
284,201.149776,201.149656648,201.149618115,1821735.5,-9999,605432.1,12.85,-1,0.191561306,0.993363725,0,0.596018235,1,0.272727273,2,O3,de-protonated,0,-9999,C11 H22 O3,11,22,3,-9999,-9999,-9999,-9999,-9999,-9999,-9999
287,202.072228,202.072108376,202.072096069,2070906.9,-9999,602276.5,14.96,-1,0.060902156,0.99932722,0,0.599596332,3,0.625,1.625,N1 O5,de-protonated,0,-9999,C8 H13 O5 N1,8,13,5,1,-9999,-9999,-9999,-9999,-9999,-9999
288,202.108649,202.108529365,202.108481578,2338942,-9999,542860.2,17.22,-1,0.236439968,0.989907592,0,0.593944555,2,0.444444444,1.888888889,N1 O4,de-protonated,0,-9999,C9 H17 O4 N1,9,17,4,1,-9999,-9999,-9999,-9999,-9999,-9999
289,202.116721,202.116601362,202.116587441,1911678.8,-9999,634591.5,13.61,-1,0.068877423,0.99913956,0.997868494,0.998631134,2,0.4,1.8,13C1 O4,de-protonated,1,281,C9 H18 O4 13C1,9,18,4,-9999,-9999,-9999,1,-9999,-9999,-9999
292,203.092671,203.092551074,203.092497161,4518352.5,-9999,528741,35.66,-1,0.265460702,0.987294824,0,0.592376894,2,0.555555556,1.777777778,O5,de-protonated,0,-9999,C9 H16 O5,9,16,5,-9999,-9999,-9999,-9999,-9999,-9999,-9999
293,203.129041,203.128921064,203.128882671,1788115.6,-9999,546533.5,12.56,-1,0.189008023,0.993538885,0,0.596123331,1,0.4,2,O4,de-protonated,0,-9999,C10 H20 O4,10,20,4,-9999,-9999,-9999,-9999,-9999,-9999,-9999
296,205.014396,205.014275507,205.014246839,2476130,-9999,529651.6,18.33,-1,0.139834091,0.996458316,0,0.59787499,8,0.5,0.6,O5,de-protonated,0,-9999,C10 H6 O5,10,6,5,-9999,-9999,-9999,-9999,-9999,-9999,-9999
298,206.082498,206.082377192,206.08226683,1256362.9,-9999,547399.7,8.04,-1,0.535522641,0.949294055,0,0.569576433,6,0.272727273,1.181818182,N1 O3,de-protonated,0,-9999,C11 H13 O3 N1,11,13,3,1,-9999,-9999,-9999,-9999,-9999,-9999
303,207.012371,207.012249917,207.012138839,1265638.1,-9999,541538.9,8.12,-1,0.536578928,0.949099013,0,0.569459408,7,0.3,0.8,S1 O3,de-protonated,0,-9999,C10 H8 O3 S1,10,8,3,-9999,-9999,1,-9999,-9999,-9999,-9999
304,207.030063,207.029941912,207.029896903,2872039.3,-9999,577873.8,21.67,-1,0.217400427,0.991460868,0,0.594876521,7,0.5,0.8,O5,de-protonated,0,-9999,C10 H8 O5,10,8,5,-9999,-9999,-9999,-9999,-9999,-9999,-9999
305,207.066407,207.066285901,207.066282413,1267433.4,-9999,514312.7,8.13,-1,0.016846331,0.999948506,0,0.599969104,6,0.363636364,1.090909091,O4,de-protonated,0,-9999,C11 H12 O4,11,12,4,-9999,-9999,-9999,-9999,-9999,-9999,-9999
310,209.009319,209.009197327,209.009161458,20265306,-9999,506048.2,167.92,-1,0.171613987,0.997212034,0.983219698,0.991615099,7,0.666666667,0.666666667,O6,de-protonated,0,-9999,C9 H6 O6,9,6,6,-9999,-9999,-9999,-9999,-9999,-9999,-9999
311,209.045748,209.045626317,209.045546968,1360476.5,-9999,730075.7,8.89,-1,0.37957656,0.974195935,0,0.584517561,6,0.5,1,O5,de-protonated,0,-9999,C10 H10 O5,10,10,5,-9999,-9999,-9999,-9999,-9999,-9999,-9999
312,209.082083,209.081961306,209.081932477,1171806.5,-9999,629379.8,7.3,-1,0.137882367,0.996556323,0,0.597933794,5,0.363636364,1.272727273,O4,de-protonated,0,-9999,C11 H14 O4,11,14,4,-9999,-9999,-9999,-9999,-9999,-9999,-9999
313,210.012646,210.012524031,210.012516294,1570576.5,-9999,513530.4,10.66,-1,0.036843469,0.999753724,0.983219698,0.993140114,7,0.666666667,0.666666667,13C1 O6,de-protonated,1,310,C8 H6 O6 13C1,8,6,6,-9999,-9999,-9999,1,-9999,-9999,-9999
317,211.02498,211.024857732,211.024811523,3513796.5,-9999,574626.6,27,-1,0.218975693,0.991337211,0,0.594802327,6,0.666666667,0.888888889,O6,de-protonated,0,-9999,C9 H8 O6,9,8,6,-9999,-9999,-9999,-9999,-9999,-9999,-9999
318,211.061343,211.061220722,211.061197032,2151366.5,-9999,551421.5,15.54,-1,0.112238623,0.997716809,0,0.598630085,5,0.5,1.2,O5,de-protonated,0,-9999,C10 H12 O5,10,12,5,-9999,-9999,-9999,-9999,-9999,-9999,-9999
319,211.097753,211.097630711,211.097582542,1985992.3,-9999,517699.2,14.11,-1,0.22818412800000001,0.990596819,0,0.594358092,4,0.363636364,1.454545455,O4,de-protonated,0,-9999,C11 H16 O4,11,16,4,-9999,-9999,-9999,-9999,-9999,-9999,-9999
320,211.134113,211.1339907,211.133968051,1956042.1,-9999,567918.7,13.86,-1,0.107273276,0.997914148,0,0.598748489,3,0.25,1.666666667,O3,de-protonated,0,-9999,C12 H20 O3,12,20,3,-9999,-9999,-9999,-9999,-9999,-9999,-9999
322,212.020207,212.020084438,212.020060495,1915254,-9999,438537.4,13.52,-1,0.11292922,0.997688659,0,0.598613195,6,0.75,0.875,N1 O6,de-protonated,0,-9999,C8 H7 O6 N1,8,7,6,1,-9999,-9999,-9999,-9999,-9999,-9999
325,213.015474,213.015351145,213.015309467,9313830,-9999,505652.9,75.57,-1,0.195653561,0.993078154,0,0.595846892,6,0.857142857,0.857142857,N2 O6,de-protonated,0,-9999,C7 H6 O6 N2,7,6,6,2,-9999,-9999,-9999,-9999,-9999,-9999
326,213.077016,213.076893126,213.076847097,3069481.3,-9999,516072.1,23.2,-1,0.21602358,0.99156823,0,0.594940938,4,0.5,1.4,O5,de-protonated,0,-9999,C10 H14 O5,10,14,5,-9999,-9999,-9999,-9999,-9999,-9999,-9999
327,213.113399,213.113276116,213.113232606,8313387,-9999,500752.8,67.18,-1,0.204161565,0.992465394,0,0.595479237,3,0.363636364,1.636363636,O4,de-protonated,0,-9999,C11 H18 O4,11,18,4,-9999,-9999,-9999,-9999,-9999,-9999,-9999
328,213.124623,213.124500112,213.124465995,3221035.5,-9999,522569,24.47,-1,0.160079825,0.995361071,0,0.597216642,3,0.3,1.8,N2 O3,de-protonated,0,-9999,C10 H18 O3 N2,10,18,3,2,-9999,-9999,-9999,-9999,-9999,-9999
329,213.149778,213.149655105,213.149618115,2792492.8,-9999,567612.7,20.87,-1,0.173537445,0.994550531,0,0.596730319,2,0.25,1.833333333,O3,de-protonated,0,-9999,C12 H22 O3,12,22,3,-9999,-9999,-9999,-9999,-9999,-9999,-9999
330,213.963992,213.963868864,213.963808921,1294163.4,-9999,525727.7,8.31,-1,0.280158223,0.985859274,0,0.591515564,6,0.428571429,0.714285714,N1 S2 O3,de-protonated,0,-9999,C7 H5 O3 N1 S2,7,5,3,1,-9999,2,-9999,-9999,-9999,-9999
331,214.051076,214.050952839,214.050966701,1680983.5,-9999,503126.8,11.55,-1,-0.064760797,0.999239301,0,0.59954358,9,0.25,0.75,N1 O3,de-protonated,0,-9999,C12 H9 O3 N1,12,9,3,1,-9999,-9999,-9999,-9999,-9999,-9999
332,214.144983,214.144859811,214.144867088,3354204,-9999,524899.1,25.58,-1,-0.03397979,0.999790517,0,0.59987431,2,0.272727273,1.909090909,N1 O3,de-protonated,0,-9999,C11 H21 O3 N1,11,21,3,1,-9999,-9999,-9999,-9999,-9999,-9999
335,214.988303,214.988179562,214.988049347,1253124,-9999,580177.6,7.96,-1,0.605685104,0.935601859,0,0.561361115,6,0.8,0.8,N4 S1 O4,de-protonated,0,-9999,C5 H4 O4 N4 S1,5,4,4,4,-9999,1,-9999,-9999,-9999,-9999
336,215.002151,215.002027558,215.001968078,1944708.6,-9999,471001.8,13.76,-1,0.276649563,0.98620881,0,0.591725286,5,0.625,1,S1 O5,de-protonated,0,-9999,C8 H8 O5 S1,8,8,5,-9999,-9999,1,-9999,-9999,-9999,-9999
337,215.035134,215.035010548,215.034982284,3220614.3,-9999,465710.4,24.46,-1,0.131441088,0.996870063,0,0.598122038,9,0.333333333,0.666666667,O4,de-protonated,0,-9999,C12 H8 O4,12,8,4,-9999,-9999,-9999,-9999,-9999,-9999,-9999
338,215.056307,215.056183542,215.056111652,1915015.3,-9999,524525.7,13.51,-1,0.334285411,0.979927883,0,0.58795673,4,0.666666667,1.333333333,O6,de-protonated,0,-9999,C9 H12 O6,9,12,6,-9999,-9999,-9999,-9999,-9999,-9999,-9999
339,215.09267,215.092546531,215.092497161,5274761,-9999,520832,41.69,-1,0.229529319,0.990486156,0,0.594291694,3,0.5,1.6,O5,de-protonated,0,-9999,C10 H16 O5,10,16,5,-9999,-9999,-9999,-9999,-9999,-9999,-9999
340,215.129035,215.128911521,215.128882671,22614666,-9999,480437.5,187.12,-1,0.134105412,0.994327997,0.997568881,0.995624351,2,0.363636364,1.818181818,O4,de-protonated,0,-9999,C11 H20 O4,11,20,4,-9999,-9999,-9999,-9999,-9999,-9999,-9999
341,215.140309,215.140185517,215.14011606,2027915.3,-9999,542528.7,14.46,-1,0.322846943,0.981265294,0,0.588759177,2,0.3,2,N2 O3,de-protonated,0,-9999,C10 H20 O3 N2,10,20,3,2,-9999,-9999,-9999,-9999,-9999,-9999
342,215.165406,215.16528251,215.16526818,1351180.4,-9999,566743,8.76,-1,0.066599312,0.999195514,0,0.599517308,1,0.25,2,O3,de-protonated,0,-9999,C12 H24 O3,12,24,3,-9999,-9999,-9999,-9999,-9999,-9999,-9999
343,216.08787,216.087746237,216.087746133,1339832.5,-9999,410764.8,8.66,-1,4.81277e-4,0.999999958,0,0.599999975,3,0.555555556,1.666666667,N1 O5,de-protonated,0,-9999,C9 H15 O5 N1,9,15,5,1,-9999,-9999,-9999,-9999,-9999,-9999
344,216.124266,216.124142227,216.124131643,2864058.3,-9999,492491.4,21.41,-1,0.048971403,0.999564945,0,0.599738967,2,0.4,1.9,N1 O4,de-protonated,0,-9999,C10 H19 O4 N1,10,19,4,1,-9999,-9999,-9999,-9999,-9999,-9999
345,216.132407,216.132283224,216.132237506,2621882.5,-9999,516622.1,19.38,-1,0.211530815,0.991913897,0.997568881,0.99417589,2,0.363636364,1.818181818,13C1 O4,de-protonated,1,340,C10 H20 O4 13C1,10,20,4,-9999,-9999,-9999,1,-9999,-9999,-9999
348,217.071919,217.071794947,217.071761716,5428456.5,-9999,484441.7,42.85,-1,0.153085522,0.995756746,0,0.597454048,3,0.666666667,1.555555556,O6,de-protonated,0,-9999,C9 H14 O6,9,14,6,-9999,-9999,-9999,-9999,-9999,-9999,-9999
349,217.108286,217.108161936,217.108147226,4296938,-9999,495356.5,33.39,-1,0.067756354,0.99916733,0,0.599500398,2,0.5,1.8,O5,de-protonated,0,-9999,C10 H18 O5,10,18,5,-9999,-9999,-9999,-9999,-9999,-9999,-9999
350,217.119532,217.119407933,217.119380615,3185386.8,-9999,456787.5,24.09,-1,0.125819473,0.997131691,0,0.598279014,2,0.444444444,2,N2 O4,de-protonated,0,-9999,C9 H18 O4 N2,9,18,4,2,-9999,-9999,-9999,-9999,-9999,-9999
351,217.144637,217.144512925,217.144532735,1768683.9,-9999,521149.3,12.25,-1,-0.091227838,0.99849103,0,0.599094618,1,0.363636364,2,O4,de-protonated,0,-9999,C11 H22 O4,11,22,4,-9999,-9999,-9999,-9999,-9999,-9999,-9999
354,218.103543,218.103418642,218.103396198,5027612,-9999,474275.7,39.5,-1,0.102907171,0.998080324,0,0.598848194,2,0.555555556,1.888888889,N1 O5,de-protonated,0,-9999,C9 H17 O5 N1,9,17,5,1,-9999,-9999,-9999,-9999,-9999,-9999
355,219.030069,219.029944369,219.029896903,1336651.9,-9999,597949.7,8.63,-1,0.216707143,0.991515012,0,0.594909007,8,0.454545455,0.727272727,O5,de-protonated,0,-9999,C11 H8 O5,11,8,5,-9999,-9999,-9999,-9999,-9999,-9999,-9999
357,219.087542,219.087417352,219.087411781,1891662.9,-9999,571669.1,13.28,-1,0.025428043,0.999882685,0,0.599929611,2,0.666666667,1.777777778,O6,de-protonated,0,-9999,C9 H16 O6,9,16,6,-9999,-9999,-9999,-9999,-9999,-9999,-9999
358,220.061706,220.061581064,220.061531385,1591939.8,-9999,439965,10.73,-1,0.2257514,0.990795329,0,0.594477198,7,0.363636364,1,N1 O4,de-protonated,0,-9999,C11 H11 O4 N1,11,11,4,1,-9999,-9999,-9999,-9999,-9999,-9999
360,221.009321,221.009195784,221.009161458,1924793.8,-9999,521459.9,13.51,-1,0.155314159,0.995632571,0,0.597379543,8,0.6,0.6,O6,de-protonated,0,-9999,C10 H6 O6,10,6,6,-9999,-9999,-9999,-9999,-9999,-9999,-9999
361,221.045691,221.045565774,221.045546968,1844155.9,-9999,498870.6,12.84,-1,0.08507642,0.998687537,0,0.599212522,7,0.454545455,0.909090909,O5,de-protonated,0,-9999,C11 H10 O5,11,10,5,-9999,-9999,-9999,-9999,-9999,-9999,-9999
362,221.082073,221.081947763,221.081932477,6524862,-9999,453834.3,51.85,-1,0.069140303,0.999132982,0,0.599479789,6,0.333333333,1.166666667,O4,de-protonated,0,-9999,C12 H14 O4,12,14,4,-9999,-9999,-9999,-9999,-9999,-9999,-9999
363,221.093319,221.09319376,221.093165866,2850750.8,-9999,524223.2,21.23,-1,0.126159763,0.997116177,0,0.598269706,6,0.272727273,1.272727273,N2 O3,de-protonated,0,-9999,C11 H14 O3 N2,11,14,3,2,-9999,-9999,-9999,-9999,-9999,-9999
364,221.154869,221.154743741,221.154703496,9148354,-9999,472521.2,73.71,-1,0.181978849,0.996986727,0.979074275,0.989821746,4,0.142857143,1.571428571,O2,de-protonated,0,-9999,C14 H22 O2,14,22,2,-9999,-9999,-9999,-9999,-9999,-9999,-9999
365,222.090385,222.090259465,222.090068609,8672251,-9999,460452.5,69.74,-1,0.859363929,0.874589182,0,0.524753509,1,0.5,2.25,N1 P1 O4,de-protonated,0,-9999,C8 H18 O4 N1 P1,8,18,4,1,1,-9999,-9999,-9999,-9999,-9999
366,222.158187,222.158061445,222.158058331,1645311.4,-9999,593822,11.18,-1,0.014017836,0.999964346,0.979074275,0.991608317,4,0.142857143,1.571428571,13C1 O2,de-protonated,1,364,C13 H22 O2 13C1,13,22,2,-9999,-9999,-9999,1,-9999,-9999,-9999
368,223.024952,223.024826189,223.024811523,3311671.5,-9999,500141.5,25.07,-1,0.065760709,0.999215638,0,0.599529383,7,0.6,0.8,O6,de-protonated,0,-9999,C10 H8 O6,10,8,6,-9999,-9999,-9999,-9999,-9999,-9999,-9999
369,223.061351,223.061225178,223.061197032,1988665.9,-9999,548729.9,14.04,-1,0.126181394,0.99711519,0,0.598269114,6,0.454545455,1.090909091,O5,de-protonated,0,-9999,C11 H12 O5,11,12,5,-9999,-9999,-9999,-9999,-9999,-9999,-9999
371,223.093733,223.093607169,223.09355979,1167292,-9999,532958.6,7.19,-1,0.212373956,0.991849571,0,0.595109743,1,0.857142857,2.285714286,N2 O6,de-protonated,0,-9999,C7 H16 O6 N2,7,16,6,2,-9999,-9999,-9999,-9999,-9999,-9999
372,223.097714,223.097588168,223.097582542,2606140.3,-9999,392590.6,19.19,-1,0.025218052,0.999884614,0,0.599930769,5,0.333333333,1.333333333,O4,de-protonated,0,-9999,C12 H16 O4,12,16,4,-9999,-9999,-9999,-9999,-9999,-9999,-9999
373,223.134127,223.134001157,223.133968051,1471550.6,-9999,496506,9.73,-1,0.148368201,0.996013714,0,0.597608228,4,0.230769231,1.538461538,O3,de-protonated,0,-9999,C13 H20 O3,13,20,3,-9999,-9999,-9999,-9999,-9999,-9999,-9999
377,225.004232,225.004105605,225.004076078,6028484.5,-9999,460904,47.55,-1,0.131227713,0.996880201,0,0.598128121,7,0.777777778,0.666666667,O7,de-protonated,0,-9999,C9 H6 O7,9,6,7,-9999,-9999,-9999,-9999,-9999,-9999,-9999
378,225.04058,225.040453594,225.040461587,1924807.1,-9999,506915.6,13.46,-1,-0.035519442,0.999771105,0,0.599862663,6,0.6,1,O6,de-protonated,0,-9999,C10 H10 O6,10,10,6,-9999,-9999,-9999,-9999,-9999,-9999,-9999
379,225.077065,225.076938583,225.076847097,1473994,-9999,519232.5,9.72,-1,0.406468134,0.970466603,0,0.582279962,5,0.454545455,1.272727273,O5,de-protonated,0,-9999,C11 H14 O5,11,14,5,-9999,-9999,-9999,-9999,-9999,-9999,-9999
380,225.113347,225.113220573,225.113232606,2841804.8,-9999,494665.3,21.08,-1,-0.053455304,0.99948165,0,0.59968899,4,0.333333333,1.5,O4,de-protonated,0,-9999,C12 H18 O4,12,18,4,-9999,-9999,-9999,-9999,-9999,-9999,-9999
381,225.149741,225.149614562,225.149618115,2030543.5,-9999,439283.5,14.34,-1,-0.015783246,0.9999548,0,0.59997288,3,0.230769231,1.692307692,O3,de-protonated,0,-9999,C13 H22 O3,13,22,3,-9999,-9999,-9999,-9999,-9999,-9999,-9999
383,227.056265,227.056137999,227.056111652,1429613.3,-9999,493584.1,9.35,-1,0.116037794,0.997559817,0,0.59853589,5,0.6,1.2,O6,de-protonated,0,-9999,C10 H12 O6,10,12,6,-9999,-9999,-9999,-9999,-9999,-9999,-9999
384,227.092672,227.092544988,227.092497161,4103024.5,-9999,457018.3,31.55,-1,0.210605773,0.991984181,0,0.595190508,4,0.454545455,1.454545455,O5,de-protonated,0,-9999,C11 H16 O5,11,16,5,-9999,-9999,-9999,-9999,-9999,-9999,-9999
385,227.103906,227.103778985,227.10373055,2883953.5,-9999,501861.3,21.43,-1,0.213269874,0.991780943,0,0.595068566,4,0.4,1.6,N2 O4,de-protonated,0,-9999,C10 H16 O4 N2,10,16,4,2,-9999,-9999,-9999,-9999,-9999,-9999
386,227.129052,227.128924977,227.128882671,10737012,-9999,465215.5,86.66,-1,0.186268251,0.99595482,0.992282574,0.994485922,3,0.333333333,1.666666667,O4,de-protonated,0,-9999,C12 H20 O4,12,20,4,-9999,-9999,-9999,-9999,-9999,-9999,-9999
387,227.140275,227.140147974,227.14011606,11107701,-9999,455801.2,89.74,-1,0.140504886,0.996342375,0.989780174,0.993717494,3,0.272727273,1.818181818,N2 O3,de-protonated,0,-9999,C11 H20 O3 N2,11,20,3,2,-9999,-9999,-9999,-9999,-9999,-9999
388,227.165402,227.165274967,227.16526818,1896311,-9999,547177.5,13.22,-1,0.029876122,0.999838055,0,0.599902833,2,0.230769231,1.846153846,O3,de-protonated,0,-9999,C13 H24 O3,13,24,3,-9999,-9999,-9999,-9999,-9999,-9999,-9999
389,228.124302,228.124174684,228.124131643,2414543.8,-9999,518808.3,17.53,-1,0.188672931,0.9935617,0,0.59613702,3,0.363636364,1.727272727,N1 O4,de-protonated,0,-9999,C11 H19 O4 N1,11,19,4,1,-9999,-9999,-9999,-9999,-9999,-9999
390,228.132342,228.132214681,228.132237506,1500240.6,-9999,358618.1,9.93,-1,-0.10004897,0.998185384,0.992282574,0.99582426,3,0.333333333,1.666666667,13C1 O4,de-protonated,1,386,C11 H20 O4 13C1,11,20,4,-9999,-9999,-9999,1,-9999,-9999,-9999
391,228.143631,228.143503678,228.143470895,1465297.8,-9999,568581.6,9.64,-1,0.143694586,0.996260433,0.989780174,0.993668329,3,0.272727273,1.818181818,13C1 N2 O3,de-protonated,1,387,C10 H20 O3 N2 13C1,10,20,3,2,-9999,-9999,1,-9999,-9999,-9999
392,228.16067,228.160542673,228.160517152,5916115.5,-9999,442319.9,46.61,-1,0.111854413,0.997732396,0,0.598639438,2,0.25,1.916666667,N1 O3,de-protonated,0,-9999,C12 H23 O3 N1,12,23,3,1,-9999,-9999,-9999,-9999,-9999,-9999
394,229.071886,229.071758404,229.071761716,2280238,-9999,417266.3,16.32,-1,-0.014460486,0.999962059,0,0.599977235,4,0.6,1.4,O6,de-protonated,0,-9999,C10 H14 O6,10,14,6,-9999,-9999,-9999,-9999,-9999,-9999,-9999
395,229.10829,229.108162393,229.108147226,4240946,-9999,427667,32.51,-1,0.066201978,0.999205081,0,0.599523048,3,0.454545455,1.636363636,O5,de-protonated,0,-9999,C11 H18 O5,11,18,5,-9999,-9999,-9999,-9999,-9999,-9999,-9999
396,229.144693,229.144565382,229.144532735,13762102,-9999,446394.5,111.14,-1,0.142474769,0.991512282,0.988984061,0.990500993,2,0.333333333,1.833333333,O4,de-protonated,0,-9999,C12 H22 O4,12,22,4,-9999,-9999,-9999,-9999,-9999,-9999,-9999
397,229.15592,229.155792379,229.155766124,18945590,-9999,444012.5,153.95,-1,0.114571455,0.997643115,0.997719136,0.997673523,2,0.272727273,2,N2 O3,de-protonated,0,-9999,C11 H22 O3 N2,11,22,3,2,-9999,-9999,-9999,-9999,-9999,-9999
398,229.181099,229.180971372,229.180918244,1456441.4,-9999,468953,9.51,-1,0.231813433,0.99029679,0,0.594178074,1,0.230769231,2,O3,de-protonated,0,-9999,C13 H26 O3,13,26,3,-9999,-9999,-9999,-9999,-9999,-9999,-9999
399,230.103615,230.103487099,230.103396198,2440092.5,-9999,443181.5,17.64,-1,0.395045622,0.972080099,0,0.58324806,3,0.5,1.7,N1 O5,de-protonated,0,-9999,C10 H17 O5 N1,10,17,5,1,-9999,-9999,-9999,-9999,-9999,-9999
400,230.148078,230.147950086,230.14788757,1982113.4,-9999,391461.2,13.85,-1,0.271634001,0.986701026,0.988984061,0.98761424,2,0.333333333,1.833333333,13C1 O4,de-protonated,1,396,C11 H22 O4 13C1,11,22,4,-9999,-9999,-9999,1,-9999,-9999,-9999
401,230.159275,230.159147083,230.159120959,2308258.5,-9999,468266.4,16.55,-1,0.113501457,0.997665203,0.997719136,0.997686776,2,0.272727273,2,13C1 N2 O3,de-protonated,1,397,C10 H22 O3 N2 13C1,10,22,3,2,-9999,-9999,1,-9999,-9999,-9999
404,231.030072,231.029943826,231.029896903,1171974.9,-9999,388551,7.16,-1,0.203100552,0.992543213,0,0.595525928,9,0.416666667,0.666666667,O5,de-protonated,0,-9999,C12 H8 O5,12,8,5,-9999,-9999,-9999,-9999,-9999,-9999,-9999
405,231.087582,231.087453809,231.087411781,4705037.5,-9999,483389.7,36.34,-1,0.181870181,0.994016239,0,0.596409744,3,0.6,1.6,O6,de-protonated,0,-9999,C10 H16 O6,10,16,6,-9999,-9999,-9999,-9999,-9999,-9999,-9999
406,231.123971,231.123842798,231.12379729,3630866,-9999,445532.1,27.47,-1,0.196898009,0.992990132,0,0.595794079,2,0.454545455,1.818181818,O5,de-protonated,0,-9999,C11 H20 O5,11,20,5,-9999,-9999,-9999,-9999,-9999,-9999,-9999
407,231.135203,231.135074795,231.135030679,6864659.5,-9999,475450.8,54.18,-1,0.190863363,0.993411836,0,0.596047101,2,0.4,2,N2 O4,de-protonated,0,-9999,C10 H20 O4 N2,10,20,4,2,-9999,-9999,-9999,-9999,-9999,-9999
408,231.160334,231.160205787,231.160182799,1559830.4,-9999,523103.9,10.36,-1,0.099445021,0.998207206,0,0.598924324,1,0.333333333,2,O4,de-protonated,0,-9999,C12 H24 O4,12,24,4,-9999,-9999,-9999,-9999,-9999,-9999,-9999
411,233.009364,233.009235241,233.009161458,1182979.4,-9999,620674.4,7.25,-1,0.316651912,0.981970928,0,0.589182557,9,0.545454545,0.545454545,O6,de-protonated,0,-9999,C11 H6 O6,11,6,6,-9999,-9999,-9999,-9999,-9999,-9999,-9999
412,233.103226,233.103097214,233.103061845,1877776.3,-9999,464993.8,12.99,-1,0.151728266,0.995831498,0,0.597498899,2,0.6,1.8,O6,de-protonated,0,-9999,C10 H18 O6,10,18,6,-9999,-9999,-9999,-9999,-9999,-9999,-9999
413,233.154872,233.154743198,233.154703496,9198615,-9999,432803.7,73.45,-1,0.170283654,0.987008707,0.98081977,0.984533132,5,0.133333333,1.466666667,O2,de-protonated,0,-9999,C15 H22 O2,15,22,2,-9999,-9999,-9999,-9999,-9999,-9999,-9999
414,234.158267,234.158137902,234.158058331,1736102,-9999,467516.9,11.74,-1,0.339817939,0.979264979,0.98081977,0.979886895,5,0.133333333,1.466666667,13C1 O2,de-protonated,1,413,C14 H22 O2 13C1,14,22,2,-9999,-9999,-9999,1,-9999,-9999,-9999
416,234.988583,234.988453657,234.988426014,1945634.5,-9999,413784.5,13.46,-1,0.117636922,0.997492182,0,0.598495309,9,0.7,0.4,O7,de-protonated,0,-9999,C10 H4 O7,10,4,7,-9999,-9999,-9999,-9999,-9999,-9999,-9999
416,234.988583,234.988453657,234.988263822,1945634.5,-9999,413784.5,13.46,-1,0.807847345,0.888325936,0,0.532995562,4,0.2,1.8,N4 S2 P1 O1,de-protonated,0,-9999,C5 H9 O1 N4 P1 S2,5,9,1,4,1,2,-9999,-9999,-9999,-9999
417,235.024999,235.024869646,235.024811523,2343976,-9999,424810.7,16.73,-1,0.247306711,0.988963838,0,0.593378303,8,0.545454545,0.727272727,O6,de-protonated,0,-9999,C11 H8 O6,11,8,6,-9999,-9999,-9999,-9999,-9999,-9999,-9999
418,235.061376,235.061246635,235.061197032,3041581.8,-9999,457094,22.45,-1,0.211022165,0.99195258100000006,0,0.595171549,7,0.416666667,1,O5,de-protonated,0,-9999,C12 H12 O5,12,12,5,-9999,-9999,-9999,-9999,-9999,-9999,-9999
419,235.072673,235.072543632,235.072430422,1339695.5,-9999,398950.4,8.49,-1,0.481598361,0.958788606,0,0.575273163,7,0.363636364,1.090909091,N2 O4,de-protonated,0,-9999,C11 H12 O4 N2,11,12,4,2,-9999,-9999,-9999,-9999,-9999,-9999
421,235.108988,235.108858621,235.108815931,3637557,-9999,415571.1,27.34,-1,0.181577304,0.994035438,0,0.596421263,6,0.25,1.333333333,N2 O3,de-protonated,0,-9999,C12 H16 O3 N2,12,16,3,2,-9999,-9999,-9999,-9999,-9999,-9999
425,237.040637,237.040507051,237.040461587,2225519,-9999,442550.8,15.75,-1,0.191796913,0.993347445,0,0.596008467,7,0.545454545,0.909090909,O6,de-protonated,0,-9999,C11 H10 O6,11,10,6,-9999,-9999,-9999,-9999,-9999,-9999,-9999
427,237.07699,237.07686004,237.076847097,1838709.3,-9999,525774.7,12.58,-1,0.054596413,0.99945929,0,0.599675574,6,0.416666667,1.166666667,O5,de-protonated,0,-9999,C12 H14 O5,12,14,5,-9999,-9999,-9999,-9999,-9999,-9999,-9999
429,237.101246,237.101116033,237.100967646,1216249.4,-9999,496985.5,7.47,-1,0.625841072,0.931397357,0,0.558838414,1,0.5,2.375,N2 P1 O4,de-protonated,0,-9999,C8 H19 O4 N2 P1,8,19,4,2,1,-9999,-9999,-9999,-9999,-9999
431,237.113371,237.11324103,237.113232606,1180475.4,-9999,314589.9,7.18,-1,0.035525026,0.999771033,0,0.59986262,5,0.307692308,1.384615385,O4,de-protonated,0,-9999,C13 H18 O4,13,18,4,-9999,-9999,-9999,-9999,-9999,-9999,-9999
432,237.149699,237.149569019,237.149618115,1210753.6,-9999,525665,7.43,-1,-0.207028046,0.992253161,0,0.595351897,4,0.214285714,1.571428571,O3,de-protonated,0,-9999,C14 H22 O3,14,22,3,-9999,-9999,-9999,-9999,-9999,-9999,-9999
435,238.121684,238.121553732,238.121368738,1614123.9,-9999,455551,10.73,-1,0.776889436,0.896269025,0,0.537761415,0,0.444444444,2.444444444,N1 P1 O4,de-protonated,0,-9999,C9 H22 O4 N1 P1,9,22,4,1,1,-9999,-9999,-9999,-9999,-9999
438,238.963163,238.963032483,238.963080645,3331013,-9999,489242.2,24.65,-1,-0.201543995,0.99265665300000006,0,0.595593992,12,0.076923077,0.307692308,S2 O1,de-protonated,0,-9999,C13 H4 O1 S2,13,4,1,-9999,-9999,2,-9999,-9999,-9999,-9999
439,239.019918,239.019787467,239.019726143,2583503.5,-9999,483475.5,18.56,-1,0.256565138,0.988127065,0,0.592876239,7,0.7,0.8,O7,de-protonated,0,-9999,C10 H8 O7,10,8,7,-9999,-9999,-9999,-9999,-9999,-9999,-9999
440,239.056309,239.056178456,239.056111652,2038486.4,-9999,423262.1,14.12,-1,0.27944918,0.985930255,0,0.591558153,6,0.545454545,1.090909091,O6,de-protonated,0,-9999,C11 H12 O6,11,12,6,-9999,-9999,-9999,-9999,-9999,-9999,-9999
441,239.067526,239.067395453,239.067345041,5499864.5,-9999,464339.6,42.33,-1,0.210867078,0.991964358,0,0.595178615,6,0.5,1.2,N2 O5,de-protonated,0,-9999,C10 H12 O5 N2,10,12,5,2,-9999,-9999,-9999,-9999,-9999,-9999
442,239.092696,239.092565445,239.092497161,1855709.1,-9999,522456.8,12.63,-1,0.285596335,0.98530907,0,0.591185442,5,0.416666667,1.333333333,O5,de-protonated,0,-9999,C12 H16 O5,12,16,5,-9999,-9999,-9999,-9999,-9999,-9999,-9999
443,239.129064,239.128933434,239.128882671,15277028,-9999,438153.7,122.01,-1,0.212286583,0.992518426,0.95892206,0.979079879,4,0.307692308,1.538461538,O4,de-protonated,0,-9999,C13 H20 O4,13,20,4,-9999,-9999,-9999,-9999,-9999,-9999,-9999
444,239.165425,239.165294424,239.16526818,1817322.8,-9999,465426.8,12.32,-1,0.10973068,0.997817594,0,0.598690556,3,0.214285714,1.714285714,O3,de-protonated,0,-9999,C14 H24 O3,14,24,3,-9999,-9999,-9999,-9999,-9999,-9999,-9999
446,240.132415,240.132284138,240.132237506,3004579,-9999,498167.6,21.99,-1,0.194195252,0.993180603,0.95892206,0.979477185,4,0.307692308,1.538461538,13C1 O4,de-protonated,1,443,C12 H20 O4 13C1,12,20,4,-9999,-9999,-9999,1,-9999,-9999,-9999
448,241.014442,241.014310878,241.014246839,1318225,-9999,512927.6,8.25,-1,0.265705615,0.987271519,0,0.592362912,11,0.384615385,0.461538462,O5,de-protonated,0,-9999,C13 H6 O5,13,6,5,-9999,-9999,-9999,-9999,-9999,-9999,-9999
449,241.046803,241.046671868,241.046609596,21572952,-9999,435607.2,173.31,-1,0.258339804,0.982095181,0.989641175,0.985113578,6,0.666666667,1.111111111,N2 O6,de-protonated,0,-9999,C9 H10 O6 N2,9,10,6,2,-9999,-9999,-9999,-9999,-9999,-9999
450,241.072003,241.071871861,241.071761716,2294364.5,-9999,470557.9,16.2,-1,0.456894797,0.962830465,0,0.577698279,5,0.545454545,1.272727273,O6,de-protonated,0,-9999,C11 H14 O6,11,14,6,-9999,-9999,-9999,-9999,-9999,-9999,-9999
451,241.10831,241.10817885,241.108147226,6293860,-9999,429209.6,48.79,-1,0.131162568,0.996883293,0,0.598129976,4,0.416666667,1.5,O5,de-protonated,0,-9999,C12 H18 O5,12,18,5,-9999,-9999,-9999,-9999,-9999,-9999,-9999
452,241.119601,241.119469847,241.119380615,2319206,-9999,454015.1,16.4,-1,0.370072865,0.975456112,0,0.585273667,4,0.363636364,1.636363636,N2 O4,de-protonated,0,-9999,C11 H18 O4 N2,11,18,4,2,-9999,-9999,-9999,-9999,-9999,-9999
454,241.144708,241.144576839,241.144532735,8122731,-9999,432618.8,63.7,-1,0.182895572,0.996414554,0.996172859,0.996317876,3,0.307692308,1.692307692,O4,de-protonated,0,-9999,C13 H22 O4,13,22,4,-9999,-9999,-9999,-9999,-9999,-9999,-9999
455,241.1811,241.180968829,241.180918244,3966834.5,-9999,428026.1,29.83,-1,0.209735383,0.992050036,0,0.595230021,2,0.214285714,1.857142857,O3,de-protonated,0,-9999,C14 H26 O3,14,26,3,-9999,-9999,-9999,-9999,-9999,-9999,-9999
458,242.050184,242.050052572,242.049964431,2372132.5,-9999,490153.6,16.83,-1,0.364142223,0.976227119,0.989641175,0.981592742,6,0.666666667,1.111111111,13C1 N2 O6,de-protonated,1,449,C8 H10 O6 N2 13C1,8,10,6,2,-9999,-9999,1,-9999,-9999,-9999
459,242.067199,242.067067567,242.067010689,3377192,-9999,433494.9,25.02,-1,0.23496964,0.99003209700000006,0,0.594019258,5,0.6,1.3,N1 O6,de-protonated,0,-9999,C10 H13 O6 N1,10,13,6,1,-9999,-9999,-9999,-9999,-9999,-9999
460,242.139984,242.139852545,242.139781707,4433463,-9999,471683.2,33.63,-1,0.292550889,0.984590489,0,0.590754293,3,0.333333333,1.75,N1 O4,de-protonated,0,-9999,C12 H21 O4 N1,12,21,4,1,-9999,-9999,-9999,-9999,-9999,-9999
461,242.148,242.147868543,242.14788757,1182712.9,-9999,316896.8,7.14,-1,-0.078576066,0.998880327,0.996172859,0.99779734,3,0.307692308,1.692307692,13C1 O4,de-protonated,1,454,C12 H22 O4 13C1,12,22,4,-9999,-9999,-9999,1,-9999,-9999,-9999
462,242.176341,242.176209535,242.176167217,88256064,-9999,433009.9,716.76,-1,0.174741075,0.994384257,0.999327953,0.996361736,2,0.230769231,1.923076923,N1 O3,de-protonated,0,-9999,C13 H25 O3 N1,13,25,3,1,-9999,-9999,-9999,-9999,-9999,-9999
463,243.051077,243.050945276,243.051026271,1346167.9,-9999,365445.3,8.47,-1,-0.333242802,0.980051639,0,0.588030984,5,0.7,1.2,O7,de-protonated,0,-9999,C10 H12 O7,10,12,7,-9999,-9999,-9999,-9999,-9999,-9999,-9999
464,243.087595,243.087463266,243.087411781,3083007.8,-9999,418722.5,22.62,-1,0.211795677,0.991893717,0,0.59513623,4,0.545454545,1.454545455,O6,de-protonated,0,-9999,C11 H16 O6,11,16,6,-9999,-9999,-9999,-9999,-9999,-9999,-9999
465,243.098831,243.098699262,243.09864517,1727746.1,-9999,456608.4,11.58,-1,0.222511546,0.991056457,0,0.594633874,4,0.5,1.6,N2 O5,de-protonated,0,-9999,C10 H16 O5 N2,10,16,5,2,-9999,-9999,-9999,-9999,-9999,-9999
466,243.123982,243.123850255,243.12379729,10757896,-9999,428883.1,85.17,-1,0.217851029,0.982208165,0.993747409,0.986823863,3,0.416666667,1.666666667,O5,de-protonated,0,-9999,C12 H20 O5,12,20,5,-9999,-9999,-9999,-9999,-9999,-9999,-9999
468,243.13523,243.135098252,243.135030679,1206026,-9999,518269.7,7.33,-1,0.277920291,0.986082714,0,0.591649628,3,0.363636364,1.818181818,N2 O4,de-protonated,0,-9999,C11 H20 O4 N2,11,20,4,2,-9999,-9999,-9999,-9999,-9999,-9999
469,243.160364,243.160232244,243.160182799,25181968,-9999,428306.7,202.72,-1,0.203341999,0.989211086,0.996194938,0.992004627,2,0.307692308,1.846153846,O4,de-protonated,0,-9999,C13 H24 O4,13,24,4,-9999,-9999,-9999,-9999,-9999,-9999,-9999
470,243.171603,243.171471241,243.171416189,18013970,-9999,428278.7,144.31,-1,0.226392024,0.987562244,0.994398791,0.990296863,2,0.25,2,N2 O3,de-protonated,0,-9999,C12 H24 O3 N2,12,24,3,2,-9999,-9999,-9999,-9999,-9999,-9999
471,243.179697,243.179565238,243.179522052,12486420,-9999,436112.4,99.26,-1,0.177592295,0.994293629,0.999327953,0.996307359,2,0.230769231,1.923076923,13C1 N1 O3,de-protonated,1,462,C12 H25 O3 N1 13C1,12,25,3,1,-9999,-9999,1,-9999,-9999,-9999
472,243.196722,243.196590233,243.196568309,2698519.3,-9999,481122,19.49,-1,0.090151736,0.998526392,0,0.599115835,1,0.214285714,2,O3,de-protonated,0,-9999,C14 H28 O3,14,28,3,-9999,-9999,-9999,-9999,-9999,-9999,-9999
474,244.082877,244.082744972,244.082660753,1569753,-9999,539912.9,10.22,-1,0.345042135,0.978629451,0,0.587177671,4,0.6,1.5,N1 O6,de-protonated,0,-9999,C10 H15 O6 N1,10,15,6,1,-9999,-9999,-9999,-9999,-9999,-9999
475,244.119272,244.119139961,244.119046262,2092513,-9999,395536,14.45,-1,0.383823827,0.973622962,0,0.584173777,3,0.454545455,1.727272727,N1 O5,de-protonated,0,-9999,C11 H19 O5 N1,11,19,5,1,-9999,-9999,-9999,-9999,-9999,-9999
476,244.127379,244.127246959,244.127152125,1482722.8,-9999,453235.5,9.51,-1,0.388459219,0.972990744,0.993747409,0.98129341,3,0.416666667,1.666666667,13C1 O5,de-protonated,1,466,C11 H20 O5 13C1,11,20,5,-9999,-9999,-9999,1,-9999,-9999,-9999
477,244.130471,244.130338958,244.130279652,5175267.5,-9999,442789.1,39.4,-1,0.242928121,0.989349101,0,0.593609461,3,0.4,1.9,N3 O4,de-protonated,0,-9999,C10 H19 O4 N3,10,19,4,3,-9999,-9999,-9999,-9999,-9999,-9999
479,244.155602,244.15546995,244.155431772,1291881.1,-9999,391542.4,7.97,-1,0.156370185,0.995573111,0,0.597343866,2,0.333333333,1.916666667,N1 O4,de-protonated,0,-9999,C12 H23 O4 N1,12,23,4,1,-9999,-9999,-9999,-9999,-9999,-9999
480,244.163738,244.163605948,244.163537635,3665899,-9999,456126,27.18,-1,0.279785256,0.985896633,0.996194938,0.990015955,2,0.307692308,1.846153846,13C1 O4,de-protonated,1,469,C12 H24 O4 13C1,12,24,4,-9999,-9999,-9999,1,-9999,-9999,-9999
481,244.174975,244.174842945,244.174771024,2210029.3,-9999,466726.4,15.4,-1,0.294546196,0.984381231,0.994398791,0.988388255,2,0.25,2,13C1 N2 O3,de-protonated,1,470,C11 H24 O3 N2 13C1,11,24,3,2,-9999,-9999,1,-9999,-9999,-9999
483,245.049097,245.048964687,245.048918271,1938610,-9999,446117.8,13.2,-1,0.189412599,0.993511285,0,0.596106771,4,0.5,1.4,S1 O5,de-protonated,0,-9999,C10 H14 O5 S1,10,14,5,-9999,-9999,1,-9999,-9999,-9999,-9999
484,245.103278,245.103145671,245.103061845,4749502.5,-9999,441478.6,35.95,-1,0.342000074,0.979000649,0,0.58740039,3,0.545454545,1.636363636,O6,de-protonated,0,-9999,C11 H18 O6,11,18,6,-9999,-9999,-9999,-9999,-9999,-9999,-9999
485,245.11448,245.114347667,245.114295235,9443521,-9999,443270.6,73.93,-1,0.213911097,0.991731651,0,0.595038991,3,0.5,1.8,N2 O5,de-protonated,0,-9999,C10 H18 O5 N2,10,18,5,2,-9999,-9999,-9999,-9999,-9999,-9999
486,245.139632,245.13949966,245.139447355,6352070.5,-9999,432657.3,48.92,-1,0.213369093,0.991773326,0,0.595063995,2,0.416666667,1.833333333,O5,de-protonated,0,-9999,C12 H22 O5,12,22,5,-9999,-9999,-9999,-9999,-9999,-9999,-9999
487,245.176046,245.175913649,245.175832864,1939663,-9999,513663.5,13.21,-1,0.329498545,0.980493017,0,0.58829581,1,0.307692308,2,O4,de-protonated,0,-9999,C13 H26 O4,13,26,4,-9999,-9999,-9999,-9999,-9999,-9999,-9999
488,246.062163,246.062030387,246.061925308,1234587.9,-9999,428626.4,7.5,-1,0.427044131,0.967451295,0,0.580470777,4,0.777777778,1.444444444,N1 O7,de-protonated,0,-9999,C9 H13 O7 N1,9,13,7,1,-9999,-9999,-9999,-9999,-9999,-9999
490,246.134843,246.134710366,246.134696327,1245100.9,-9999,436534.2,7.59,-1,0.057038452,0.999409852,0,0.599645911,2,0.454545455,1.909090909,N1 O5,de-protonated,0,-9999,C11 H21 O5 N1,11,21,5,1,-9999,-9999,-9999,-9999,-9999,-9999
491,246.940533,246.940400128,246.940644924,2851947.8,-9999,443985.9,20.59,-1,-0.991313402,0.836682983,0,0.50200979,6,0.5,0.833333333,N2 S2 P1 O3,de-protonated,0,-9999,C6 H5 O3 N2 P1 S2,6,5,3,2,1,2,-9999,-9999,-9999,-9999
493,247.024999,247.024866103,247.024811523,1922176,-9999,417692.4,13.06,-1,0.220950155,0.99118098,0,0.594708588,9,0.5,0.666666667,O6,de-protonated,0,-9999,C12 H8 O6,12,8,6,-9999,-9999,-9999,-9999,-9999,-9999,-9999
494,247.082547,247.082414086,247.0823264,1972877.8,-9999,366891.4,13.47,-1,0.354884829,0.977406899,0,0.586444139,3,0.7,1.6,O7,de-protonated,0,-9999,C10 H16 O7,10,16,7,-9999,-9999,-9999,-9999,-9999,-9999,-9999
495,247.1108,247.110667078,247.110469701,1641620.6,-9999,418109,10.79,-1,0.798738182,0.890687966,0,0.534412779,2,0.363636364,1.909090909,P1 O4,de-protonated,0,-9999,C11 H21 O4 P1,11,21,4,-9999,1,-9999,-9999,-9999,-9999,-9999
496,247.118948,247.118815075,247.11871191,2529430.5,-9999,469074,17.98,-1,0.417474139,0.968871078,0,0.581322647,2,0.545454545,1.818181818,O6,de-protonated,0,-9999,C11 H20 O6,11,20,6,-9999,-9999,-9999,-9999,-9999,-9999,-9999
497,247.155184,247.155051065,247.155097419,1470495.3,-9999,362396.6,9.41,-1,-0.187551775,0.993637747,0,0.596182648,1,0.416666667,2,O5,de-protonated,0,-9999,C12 H24 O5,12,24,5,-9999,-9999,-9999,-9999,-9999,-9999,-9999
498,249.00426,249.004126519,249.004076078,2026597.9,-9999,506858.2,13.91,-1,0.202569682,0.992581998,0,0.595549199,9,0.636363636,0.545454545,O7,de-protonated,0,-9999,C11 H6 O7,11,6,7,-9999,-9999,-9999,-9999,-9999,-9999,-9999
498,249.00426,249.004126519,249.003913887,2026597.9,-9999,506858.2,13.91,-1,0.853930378,0.876067747,0,0.525640648,4,0.166666667,1.833333333,N4 S2 P1 O1,de-protonated,0,-9999,C6 H11 O1 N4 P1 S2,6,11,1,4,1,2,-9999,-9999,-9999,-9999
499,249.014824,249.014690516,249.014461314,1751144.5,-9999,492401.1,11.68,-1,0.920434244,0.857509363,0,0.514505618,8,0.166666667,0.916666667,S1 P1 O2,de-protonated,0,-9999,C12 H11 O2 P1 S1,12,11,2,-9999,1,1,-9999,-9999,-9999,-9999
500,249.040685,249.040551508,249.040461587,1677167,-9999,458034.8,11.08,-1,0.361068122,0.976622099,0,0.585973259,8,0.5,0.833333333,O6,de-protonated,0,-9999,C12 H10 O6,12,10,6,-9999,-9999,-9999,-9999,-9999,-9999,-9999
501,249.076993,249.076859497,249.076847097,1812856.1,-9999,397021.5,12.18,-1,0.049785847,0.999550357,0,0.599730214,7,0.384615385,1.076923077,O5,de-protonated,0,-9999,C13 H14 O5,13,14,5,-9999,-9999,-9999,-9999,-9999,-9999,-9999
502,249.1265,249.126366483,249.126119766,1481860.6,-9999,478015.8,9.5,-1,0.990329576,0.836979013,0,0.502187408,1,0.363636364,2.090909091,P1 O4,de-protonated,0,-9999,C11 H23 O4 P1,11,23,4,-9999,1,-9999,-9999,-9999,-9999,-9999
503,249.149841,249.149707476,249.149618115,2687114.5,-9999,439200.4,19.25,-1,0.358661168,0.976929132,0,0.586157479,5,0.2,1.466666667,O3,de-protonated,0,-9999,C15 H22 O3,15,22,3,-9999,-9999,-9999,-9999,-9999,-9999,-9999
506,251.019891,251.019756924,251.019726143,3428458.8,-9999,413461.2,25.06,-1,0.122624204,0.99727533,0,0.598365198,8,0.636363636,0.727272727,O7,de-protonated,0,-9999,C11 H8 O7,11,8,7,-9999,-9999,-9999,-9999,-9999,-9999,-9999
506,251.019891,251.019756924,251.019563951,3428458.8,-9999,413461.2,25.06,-1,0.768754519,0.898316178,0,0.538989707,3,0.166666667,2.166666667,N4 S2 P1 O1,de-protonated,0,-9999,C6 H13 O1 N4 P1 S2,6,13,1,4,1,2,-9999,-9999,-9999,-9999
507,251.056292,251.056157913,251.056111652,1875060.4,-9999,401838.7,12.58,-1,0.184265567,0.993858067,0,0.59631484,7,0.5,1,O6,de-protonated,0,-9999,C12 H12 O6,12,12,6,-9999,-9999,-9999,-9999,-9999,-9999,-9999
508,251.059599,251.059464912,251.059482955,1549173.3,-9999,434409.5,9.96,-1,-0.071868625,0.999063239,0,0.599437943,2,0.666666667,1.777777778,S1 O6,de-protonated,0,-9999,C9 H16 O6 S1,9,16,6,-9999,-9999,1,-9999,-9999,-9999,-9999
509,251.069335,251.069200909,251.068998811,1388663.8,-9999,410401.5,8.67,-1,0.804948347,0.889079878,0,0.533447927,2,0.666666667,1.888888889,P1 O6,de-protonated,0,-9999,C9 H17 O6 P1,9,17,6,-9999,1,-9999,-9999,-9999,-9999,-9999
510,251.07877,251.078635906,251.07857843,3325050.3,-9999,441302.4,24.23,-1,0.228915507,0.990536731,0,0.594322039,7,0.4,1.2,N4 O4,de-protonated,0,-9999,C10 H12 O4 N4,10,12,4,4,-9999,-9999,-9999,-9999,-9999,-9999
511,251.103933,251.103798899,251.10373055,3880064.8,-9999,431065.5,28.69,-1,0.272191458,0.986646752,0,0.591988051,6,0.333333333,1.333333333,N2 O4,de-protonated,0,-9999,C12 H16 O4 N2,12,16,4,2,-9999,-9999,-9999,-9999,-9999,-9999
513,251.12908,251.128945891,251.128882671,2226823.5,-9999,460150.7,15.41,-1,0.251746454,0.988566325,0,0.593139795,5,0.285714286,1.428571429,O4,de-protonated,0,-9999,C14 H20 O4,14,20,4,-9999,-9999,-9999,-9999,-9999,-9999,-9999
516,252.978814,252.978679345,252.978730709,5289077,-9999,435795.7,40,-1,-0.203037642,0.992547814,0,0.595528688,12,0.071428571,0.428571429,S2 O1,de-protonated,0,-9999,C14 H6 O1 S2,14,6,1,-9999,-9999,2,-9999,-9999,-9999,-9999
517,252.999169,252.999034339,252.998990698,4365946.5,-9999,408526.7,32.59,-1,0.172497112,0.994615497,0,0.596769298,8,0.8,0.6,O8,de-protonated,0,-9999,C10 H6 O8,10,6,8,-9999,-9999,-9999,-9999,-9999,-9999,-9999
517,252.999169,252.999034339,252.998828506,4365946.5,-9999,408526.7,32.59,-1,0.813572642,0.886830892,0,0.532098535,3,0.4,2.2,N4 S2 P1 O2,de-protonated,0,-9999,C5 H11 O2 N4 P1 S2,5,11,2,4,1,2,-9999,-9999,-9999,-9999
518,253.035594,253.035459328,253.035376207,2369668.3,-9999,405844.2,16.55,-1,0.328497509,0.980610209,0,0.588366125,7,0.636363636,0.909090909,O7,de-protonated,0,-9999,C11 H10 O7,11,10,7,-9999,-9999,-9999,-9999,-9999,-9999,-9999
518,253.035594,253.035459328,253.035214016,2369668.3,-9999,405844.2,16.55,-1,0.969480954,0.84320733,0,0.505924398,2,0.166666667,2.5,N4 S2 P1 O1,de-protonated,0,-9999,C6 H15 O1 N4 P1 S2,6,15,1,4,1,2,-9999,-9999,-9999,-9999
519,253.071961,253.071826318,253.071761716,2380430.3,-9999,482982.9,16.64,-1,0.255269109,0.988246007,0,0.592947604,6,0.5,1.166666667,O6,de-protonated,0,-9999,C12 H14 O6,12,14,6,-9999,-9999,-9999,-9999,-9999,-9999,-9999
520,253.08503,253.084895314,253.084648876,1303953.8,-9999,418394.3,7.99,-1,0.973737347,0.84194281,0,0.505165686,1,0.666666667,2.111111111,P1 O6,de-protonated,0,-9999,C9 H19 O6 P1,9,19,6,-9999,1,-9999,-9999,-9999,-9999,-9999
521,253.108273,253.108138307,253.108147226,1952408.1,-9999,448382.4,13.2,-1,-0.03523659,0.999774736,0,0.599864841,5,0.384615385,1.384615385,O5,de-protonated,0,-9999,C13 H18 O5,13,18,5,-9999,-9999,-9999,-9999,-9999,-9999,-9999
522,253.144751,253.144616296,253.144532735,7210146,-9999,405290.9,55.44,-1,0.330092895,0.989505483,0.970781024,0.9820157,4,0.285714286,1.571428571,O4,de-protonated,0,-9999,C14 H22 O4,14,22,4,-9999,-9999,-9999,-9999,-9999,-9999,-9999
523,253.181078,253.180943286,253.180918244,1791915.9,-9999,431828.2,11.91,-1,0.098906095,0.998226568,0,0.598935941,3,0.2,1.733333333,O3,de-protonated,0,-9999,C15 H26 O3,15,26,3,-9999,-9999,-9999,-9999,-9999,-9999,-9999
524,254.080248,254.08011302,254.079897848,2498466.5,-9999,450927.2,17.58,-1,0.846867205,0.877979437,0,0.526787662,1,0.75,2.25,N1 P1 O6,de-protonated,0,-9999,C8 H18 O6 N1 P1,8,18,6,1,1,-9999,-9999,-9999,-9999,-9999
525,254.139998,254.139863002,254.139781707,1679539,-9999,479209.6,11,-1,0.319883652,0.981604465,0,0.588962679,4,0.307692308,1.615384615,N1 O4,de-protonated,0,-9999,C13 H21 O4 N1,13,21,4,1,-9999,-9999,-9999,-9999,-9999,-9999
526,254.148045,254.14791,254.14788757,1380789.3,-9999,465106.3,8.6,-1,0.088255369,0.998587693,0.970781024,0.987465025,4,0.285714286,1.571428571,13C1 O4,de-protonated,1,522,C13 H22 O4 13C1,13,22,4,-9999,-9999,-9999,1,-9999,-9999,-9999
528,255.030068,255.02993274,255.029896903,2466730.8,-9999,395209.3,17.2,-1,0.140517702,0.996423665,0,0.597854199,11,0.357142857,0.571428571,O5,de-protonated,0,-9999,C14 H8 O5,14,8,5,-9999,-9999,-9999,-9999,-9999,-9999,-9999
529,255.051236,255.051100733,255.051026271,5285553,-9999,427188.1,39.67,-1,0.291949051,0.984653336,0,0.590792002,6,0.636363636,1.090909091,O7,de-protonated,0,-9999,C11 H12 O7,11,12,7,-9999,-9999,-9999,-9999,-9999,-9999,-9999
530,255.062438,255.06230273,255.062259661,218053296,-9999,410222.1,1736.01,-1,0.168858018,0.979916202,0.99476465,0.985855581,6,0.6,1.2,N2 O6,de-protonated,0,-9999,C10 H12 O6 N2,10,12,6,2,-9999,-9999,-9999,-9999,-9999,-9999
531,255.066481,255.066345729,255.066282413,2172085,-9999,498308.9,14.85,-1,0.248233963,0.988881388,0,0.59332883300000006,10,0.266666667,0.8,O4,de-protonated,0,-9999,C15 H12 O4,15,12,4,-9999,-9999,-9999,-9999,-9999,-9999,-9999
532,255.087605,255.087469723,255.087411781,3208891,-9999,417667,23.11,-1,0.227144949,0.990681872,0,0.594409123,5,0.5,1.333333333,O6,de-protonated,0,-9999,C12 H16 O6,12,16,6,-9999,-9999,-9999,-9999,-9999,-9999,-9999
533,255.123985,255.123849712,255.12379729,4725445,-9999,407494.2,35.2,-1,0.205475641,0.992368462,0,0.595421077,4,0.384615385,1.538461538,O5,de-protonated,0,-9999,C13 H20 O5,13,20,5,-9999,-9999,-9999,-9999,-9999,-9999,-9999
534,255.160389,255.160253701,255.160182799,16198351,-9999,410685.2,126.67,-1,0.277871048,0.989351968,0.999914582,0.993577014,3,0.285714286,1.714285714,O4,de-protonated,0,-9999,C14 H24 O4,14,24,4,-9999,-9999,-9999,-9999,-9999,-9999,-9999
535,255.196757,255.19662169,255.196568309,5655257.5,-9999,413870.9,42.62,-1,0.209178125,0.992092058,0,0.595255235,2,0.2,1.866666667,O3,de-protonated,0,-9999,C15 H28 O3,15,28,3,-9999,-9999,-9999,-9999,-9999,-9999,-9999
536,255.233107,255.23297168,255.232953818,1359587.9,-9999,385254.9,8.37,-1,0.069980999,0.999111779,0,0.599467067,1,0.125,2,O2,de-protonated,0,-9999,C16 H32 O2,16,32,2,-9999,-9999,-9999,-9999,-9999,-9999,-9999
537,256.059482,256.059346436,256.059294555,1759693.6,-9999,455736.5,11.56,-1,0.202611184,0.979464055,0.99476465,0.985584293,6,0.6,1.2,N1 15N1 O6,de-protonated,1,530,C10 H12 O6 N1 15N1,10,12,6,1,-9999,-9999,-9999,1,-9999,-9999
538,256.065813,256.065677434,256.065614496,22289360,-9999,403323.5,175.23,-1,0.245788517,0.978767897,0.99476465,0.985166598,6,0.6,1.2,13C1 N2 O6,de-protonated,1,530,C9 H12 O6 N2 13C1,9,12,6,2,-9999,-9999,1,-9999,-9999,-9999
540,256.073143,256.073007432,256.072764774,1274193.6,-9999,420792.4,7.69,-1,0.947611136,0.849646492,0,0.509787895,10,0.230769231,0.846153846,N3 O3,de-protonated,0,-9999,C13 H11 O3 N3,13,11,3,3,-9999,-9999,-9999,-9999,-9999,-9999
542,256.155584,256.155448407,256.155431772,2221545,-9999,441882.2,15.24,-1,0.064943352,0.999235008,0,0.599541005,3,0.307692308,1.769230769,N1 O4,de-protonated,0,-9999,C13 H23 O4 N1,13,23,4,1,-9999,-9999,-9999,-9999,-9999,-9999
543,256.163725,256.163589405,256.163537635,2450923.3,-9999,454363.4,17.07,-1,0.202098703,0.992616325,0.999914582,0.995535628,3,0.285714286,1.714285714,13C1 O4,de-protonated,1,534,C13 H24 O4 13C1,13,24,4,-9999,-9999,-9999,1,-9999,-9999,-9999
546,257.025571,257.02543515,257.025419921,1195746.5,-9999,389360.1,7.06,-1,0.059251088,0.999363193,0,0.599617916,1,0.857142857,2.142857143,S1 P1 O6,de-protonated,0,-9999,C7 H15 O6 P1 S1,7,15,6,-9999,1,1,-9999,-9999,-9999,-9999
547,257.030567,257.030431149,257.030290827,1313763.9,-9999,448077,8,-1,0.545937174,0.947356022,0,0.568413613,6,0.8,1,O8,de-protonated,0,-9999,C10 H10 O8,10,10,8,-9999,-9999,-9999,-9999,-9999,-9999,-9999
548,257.045734,257.045598144,257.045546968,1954536.3,-9999,386009.1,13.11,-1,0.199095542,0.992833353,0,0.595700012,10,0.357142857,0.714285714,O5,de-protonated,0,-9999,C14 H10 O5,14,10,5,-9999,-9999,-9999,-9999,-9999,-9999,-9999
549,257.049122,257.048986143,257.048918271,1533673.3,-9999,372497.2,9.75,-1,0.264044302,0.987429189,0,0.592457513,5,0.454545455,1.272727273,S1 O5,de-protonated,0,-9999,C11 H14 O5 S1,11,14,5,-9999,-9999,1,-9999,-9999,-9999,-9999
550,257.066811,257.066675138,257.066676336,3654382.5,-9999,390644.2,26.66,-1,-0.004658949,0.999996062,0,0.599997637,5,0.636363636,1.272727273,O7,de-protonated,0,-9999,C11 H14 O7,11,14,7,-9999,-9999,-9999,-9999,-9999,-9999,-9999
550,257.066811,257.066675138,257.066504654,3654382.5,-9999,390644.2,26.66,-1,0.663191105,0.965607497,0.99476465,0.977270358,6,0.6,1.2,N2 O5 18O1,de-protonated,1,530,C10 H12 O5 N2 18O1,10,12,5,2,-9999,-9999,-9999,-9999,1,-9999
551,257.069096,257.068960138,257.068969331,1296879,-9999,346571.8,7.86,-1,-0.035762018,0.980901854,0.99476465,0.986446973,6,0.6,1.2,13C2 N2 O6,de-protonated,1,530,C8 H12 O6 N2 13C2,8,12,6,2,-9999,-9999,2,-9999,-9999,-9999
552,257.103265,257.103129127,257.103061845,4727033,-9999,412021.9,35.21,-1,0.261693602,0.987650638,0,0.592590383,4,0.5,1.5,O6,de-protonated,0,-9999,C12 H18 O6,12,18,6,-9999,-9999,-9999,-9999,-9999,-9999,-9999
554,257.139663,257.139527117,257.139447355,7193859.5,-9999,413090.9,54.88,-1,0.310190173,0.982692899,0,0.58961574,3,0.384615385,1.692307692,O5,de-protonated,0,-9999,C13 H22 O5,13,22,5,-9999,-9999,-9999,-9999,-9999,-9999,-9999
555,257.176031,257.175895106,257.175832864,24837390,-9999,402970.7,195.55,-1,0.242021348,0.980991098,0.992407267,0.985557566,2,0.285714286,1.857142857,O4,de-protonated,0,-9999,C14 H26 O4,14,26,4,-9999,-9999,-9999,-9999,-9999,-9999,-9999
556,257.212423,257.212287095,257.212218373,3928344.5,-9999,420701.5,28.84,-1,0.267179948,0.987130789,0,0.592278473,1,0.2,2,O3,de-protonated,0,-9999,C15 H30 O3,15,30,3,-9999,-9999,-9999,-9999,-9999,-9999,-9999
557,258.098462,258.098325834,258.098310817,1753370.1,-9999,470608.4,11.5,-1,0.05818012,0.999385998,0,0.599631599,4,0.545454545,1.545454545,N1 O6,de-protonated,0,-9999,C11 H17 O6 N1,11,17,6,1,-9999,-9999,-9999,-9999,-9999,-9999
558,258.134888,258.134751823,258.134696327,3690532.8,-9999,425423.3,26.95,-1,0.214988867,0.991648472,0,0.594989083,3,0.416666667,1.75,N1 O5,de-protonated,0,-9999,C12 H21 O5 N1,12,21,5,1,-9999,-9999,-9999,-9999,-9999,-9999
560,258.146148,258.14601182,258.145929716,7891496,-9999,419180,60.44,-1,0.318050614,0.981812763,0,0.589087658,3,0.363636364,1.909090909,N3 O4,de-protonated,0,-9999,C11 H21 O4 N3,11,21,4,3,-9999,-9999,-9999,-9999,-9999,-9999
561,258.171296,258.171159812,258.171081836,3007023.3,-9999,420460.5,21.5,-1,0.302032225,0.98358386,0,0.590150316,2,0.307692308,1.923076923,N1 O4,de-protonated,0,-9999,C13 H25 O4 N1,13,25,4,1,-9999,-9999,-9999,-9999,-9999,-9999
562,258.179425,258.17928881,258.179187699,4013105.8,-9999,409011.1,29.52,-1,0.391630003,0.972554152,0.992407267,0.980495398,2,0.285714286,1.857142857,13C1 O4,de-protonated,1,555,C13 H26 O4 13C1,13,26,4,-9999,-9999,-9999,1,-9999,-9999,-9999
563,259.025024,259.02488756,259.024811523,4991786.5,-9999,414284.9,37.32,-1,0.293551493,0.984485723,0,0.590691434,10,0.461538462,0.615384615,O6,de-protonated,0,-9999,C13 H8 O6,13,8,6,-9999,-9999,-9999,-9999,-9999,-9999,-9999
564,259.082531,259.082394543,259.0823264,1872187.5,-9999,366318,12.45,-1,0.263015745,0.987526322,0,0.592515793,4,0.636363636,1.454545455,O7,de-protonated,0,-9999,C11 H16 O7,11,16,7,-9999,-9999,-9999,-9999,-9999,-9999,-9999
565,259.118913,259.118776532,259.11871191,7620422.5,-9999,404437.3,58.28,-1,0.24939395,0.988777818,0,0.593266691,3,0.5,1.666666667,O6,de-protonated,0,-9999,C12 H20 O6,12,20,6,-9999,-9999,-9999,-9999,-9999,-9999,-9999
566,259.130157,259.130020529,259.129945299,34348872,-9999,398155,271.37,-1,0.290317775,0.986050975,0.996625522,0.990280794,3,0.454545455,1.818181818,N2 O5,de-protonated,0,-9999,C11 H20 O5 N2,11,20,5,2,-9999,-9999,-9999,-9999,-9999,-9999
568,259.155309,259.155172522,259.155097419,6098769,-9999,406489.8,46.14,-1,0.289797668,0.984876971,0,0.590926182,2,0.384615385,1.846153846,O5,de-protonated,0,-9999,C13 H24 O5,13,24,5,-9999,-9999,-9999,-9999,-9999,-9999,-9999
569,259.191679,259.191542511,259.191482928,7382876,-9999,403429.6,56.38,-1,0.229878135,0.495228678,0.86849267,0.644534275,1,0.285714286,2,O4,de-protonated,0,-9999,C14 H28 O4,14,28,4,-9999,-9999,-9999,-9999,-9999,-9999,-9999
570,260.133506,260.133369233,260.133300134,3942004.3,-9999,410648.6,28.95,-1,0.26562811,0.987278897,0.996625522,0.991017547,3,0.454545455,1.818181818,13C1 N2 O5,de-protonated,1,566,C10 H20 O5 N2 13C1,10,20,5,2,-9999,-9999,1,-9999,-9999,-9999
571,260.150553,260.150416228,260.150346391,4178553.3,-9999,409287.7,30.83,-1,0.268446668,0.98700927,0,0.592205562,2,0.416666667,1.916666667,N1 O5,de-protonated,0,-9999,C12 H23 O5 N1,12,23,5,1,-9999,-9999,-9999,-9999,-9999,-9999
573,260.956201,260.95606399,260.956294988,9777515,-9999,422091.9,75.47,-1,-0.885198829,0.867465956,0,0.520479574,6,0.428571429,1,N2 S2 P1 O3,de-protonated,0,-9999,C7 H7 O3 N2 P1 S2,7,7,3,2,1,2,-9999,-9999,-9999,-9999
575,261.040654,261.040516965,261.040461587,1798021,-9999,455689.1,11.85,-1,0.212141588,0.991867324,0,0.595120395,9,0.461538462,0.769230769,O6,de-protonated,0,-9999,C13 H10 O6,13,10,6,-9999,-9999,-9999,-9999,-9999,-9999,-9999
576,261.061669,261.061531959,261.061590955,1197707.3,-9999,319600.1,7.01,-1,-0.225987769,0.990776133,0,0.59446568,4,0.8,1.4,O8,de-protonated,0,-9999,C10 H14 O8,10,14,8,-9999,-9999,-9999,-9999,-9999,-9999,-9999
577,261.088233,261.088095951,261.088080486,1339539.4,-9999,419236.1,8.13,-1,0.059232311,0.999363596,0,0.599618158,8,0.307692308,1.076923077,N2 O4,de-protonated,0,-9999,C13 H14 O4 N2,13,14,4,2,-9999,-9999,-9999,-9999,-9999,-9999
578,261.098201,261.098063948,261.097976465,1806230.4,-9999,411893.1,11.82,-1,0.335058656,0.979835861,0,0.587901516,3,0.636363636,1.636363636,O7,de-protonated,0,-9999,C11 H18 O7,11,18,7,-9999,-9999,-9999,-9999,-9999,-9999,-9999
579,261.124675,261.12453794,261.124465995,3831198.3,-9999,410134.4,27.84,-1,0.275518957,0.98632053,0,0.591792318,7,0.214285714,1.285714286,N2 O3,de-protonated,0,-9999,C14 H18 O3 N2,14,18,3,2,-9999,-9999,-9999,-9999,-9999,-9999
580,261.128022,261.127884939,261.127837299,2176927.3,-9999,444983.1,14.75,-1,0.182441033,0.99397873,0,0.596387238,2,0.272727273,2,N2 S1 O3,de-protonated,0,-9999,C11 H22 O3 N2 S1,11,22,3,2,-9999,1,-9999,-9999,-9999,-9999
581,261.134572,261.134434937,261.134361974,3418529.3,-9999,389942.1,24.57,-1,0.279408072,0.985934365,0,0.591560619,2,0.5,1.833333333,O6,de-protonated,0,-9999,C12 H22 O6,12,22,6,-9999,-9999,-9999,-9999,-9999,-9999,-9999
582,261.171067,261.170929926,261.170747484,1377580.4,-9999,329016.8,8.43,-1,0.698558031,0.9152629,0,0.54915774,1,0.384615385,2,O5,de-protonated,0,-9999,C13 H26 O5,13,26,5,-9999,-9999,-9999,-9999,-9999,-9999,-9999
585,263.019943,263.019805381,263.019726143,2271200.3,-9999,415314.5,15.49,-1,0.301262712,0.983666717,0,0.59020003,9,0.583333333,0.666666667,O7,de-protonated,0,-9999,C12 H8 O7,12,8,7,-9999,-9999,-9999,-9999,-9999,-9999,-9999
585,263.019943,263.019805381,263.019563951,2271200.3,-9999,415314.5,15.49,-1,0.917914099,0.858230518,0,0.514938311,4,0.142857143,1.857142857,N4 S2 P1 O1,de-protonated,0,-9999,C7 H13 O1 N4 P1 S2,7,13,1,4,1,2,-9999,-9999,-9999,-9999
586,263.044214,263.044076373,263.043846691,6680552,-9999,407158.6,50.37,-1,0.873170054,0.870801536,0,0.522480922,4,0.75,1.625,N2 P1 O6,de-protonated,0,-9999,C8 H13 O6 N2 P1,8,13,6,2,1,-9999,-9999,-9999,-9999,-9999
587,263.05635,263.05621237,263.056111652,1666027.5,-9999,382789.3,10.71,-1,0.382876247,0.973751318,0,0.584250791,8,0.461538462,0.923076923,O6,de-protonated,0,-9999,C13 H12 O6,13,12,6,-9999,-9999,-9999,-9999,-9999,-9999,-9999
588,263.092666,263.092528359,263.092497161,1453558.8,-9999,450120.4,9.03,-1,0.118581353,0.997451805,0,0.598471083,7,0.357142857,1.142857143,O5,de-protonated,0,-9999,C14 H16 O5,14,16,5,-9999,-9999,-9999,-9999,-9999,-9999,-9999
589,263.105772,263.105634355,263.105384321,2365946.8,-9999,433909.5,16.24,-1,0.95032044,0.848854122,0,0.509312473,2,0.454545455,1.909090909,P1 O5,de-protonated,0,-9999,C11 H21 O5 P1,11,21,5,-9999,1,-9999,-9999,-9999,-9999,-9999
590,263.116993,263.116855352,263.11661771,1371134.1,-9999,465611.4,8.38,-1,0.903180588,0.862418975,0,0.517451385,2,0.4,2.1,N2 P1 O4,de-protonated,0,-9999,C10 H21 O4 N2 P1,10,21,4,2,1,-9999,-9999,-9999,-9999,-9999
591,263.140314,263.140176345,263.14011606,6224901.5,-9999,403437.1,46.77,-1,0.229099071,0.99052162,0,0.594312972,6,0.214285714,1.428571429,N2 O3,de-protonated,0,-9999,C14 H20 O3 N2,14,20,3,2,-9999,-9999,-9999,-9999,-9999,-9999
592,263.142127,263.141989344,263.14176983,1456133.9,-9999,480070.5,9.05,-1,0.834205611,0.881376879,0,0.528826127,1,0.333333333,2.083333333,P1 O4,de-protonated,0,-9999,C12 H25 O4 P1,12,25,4,-9999,1,-9999,-9999,-9999,-9999,-9999
594,264.137408,264.137270051,264.137018802,3386169.5,-9999,418060.2,24.31,-1,0.951204347,0.848595284,0,0.50915717,1,0.363636364,2.181818182,N1 P1 O4,de-protonated,0,-9999,C11 H24 O4 N1 P1,11,24,4,1,1,-9999,-9999,-9999,-9999,-9999
599,264.99922,264.999081796,264.998990698,1650501.8,-9999,419914.4,10.58,-1,0.343769375,0.978785138,0,0.587271083,9,0.727272727,0.545454545,O8,de-protonated,0,-9999,C11 H6 O8,11,6,8,-9999,-9999,-9999,-9999,-9999,-9999,-9999
599,264.99922,264.999081796,264.998828506,1650501.8,-9999,419914.4,10.58,-1,0.955815046,0.847242495,0,0.508345497,4,0.333333333,1.833333333,N4 S2 P1 O2,de-protonated,0,-9999,C6 H11 O2 N4 P1 S2,6,11,2,4,1,2,-9999,-9999,-9999,-9999
600,265.03555,265.035411785,265.035376207,2058321.1,-9999,453066.1,13.81,-1,0.134240422,0.996735546,0,0.598041327,8,0.583333333,0.833333333,O7,de-protonated,0,-9999,C12 H10 O7,12,10,7,-9999,-9999,-9999,-9999,-9999,-9999,-9999
600,265.03555,265.035411785,265.035214016,2058321.1,-9999,453066.1,13.81,-1,0.74620194,0.903902504,0,0.542341502,3,0.142857143,2.142857143,N4 S2 P1 O1,de-protonated,0,-9999,C7 H15 O1 N4 P1 S2,7,15,1,4,1,2,-9999,-9999,-9999,-9999
602,265.058053,265.057914779,265.057842986,26322520,-9999,395024.1,205.73,-1,0.270858753,0.985520417,0.978397487,0.982671245,8,0.5,1,N4 O5,de-protonated,0,-9999,C10 H10 O5 N4,10,10,5,4,-9999,-9999,-9999,-9999,-9999,-9999
603,265.071973,265.071834775,265.071761716,2316380.5,-9999,461427.7,15.85,-1,0.275617276,0.986310832,0,0.591786499,7,0.461538462,1.076923077,O6,de-protonated,0,-9999,C13 H14 O6,13,14,6,-9999,-9999,-9999,-9999,-9999,-9999,-9999
604,265.108394,265.108255764,265.108147226,1788263.9,-9999,477708.4,11.67,-1,0.409411233,0.970043866,0,0.58202632,6,0.357142857,1.285714286,O5,de-protonated,0,-9999,C14 H18 O5,14,18,5,-9999,-9999,-9999,-9999,-9999,-9999,-9999
605,265.119611,265.119472761,265.119380615,6424171.5,-9999,420736.2,48.34,-1,0.347562865,0.978319484,0,0.58699169,6,0.307692308,1.384615385,N2 O4,de-protonated,0,-9999,C13 H18 O4 N2,13,18,4,2,-9999,-9999,-9999,-9999,-9999,-9999
606,265.121434,265.12129576,265.121034385,2067563.9,-9999,438643.8,13.88,-1,0.985869846,0.838318551,0,0.50299113,1,0.454545455,2.090909091,P1 O5,de-protonated,0,-9999,C11 H23 O5 P1,11,23,5,-9999,1,-9999,-9999,-9999,-9999,-9999
607,265.13265,265.132511757,265.132267775,7002735.5,-9999,393957.6,52.92,-1,0.920228359,0.857568329,0,0.514540998,1,0.4,2.3,N2 P1 O4,de-protonated,0,-9999,C10 H23 O4 N2 P1,10,23,4,2,1,-9999,-9999,-9999,-9999,-9999
608,265.144753,265.144614753,265.144532735,1807475.3,-9999,469139.2,11.82,-1,0.309333809,0.982787503,0,0.589672502,5,0.266666667,1.466666667,O4,de-protonated,0,-9999,C15 H22 O4,15,22,4,-9999,-9999,-9999,-9999,-9999,-9999,-9999
609,265.148129,265.147990752,265.147904038,16006772,-9999,398597.9,124.14,-1,0.327039551,0.971510547,0.98535823,0.97704962,0,0.333333333,2.166666667,S1 O4,de-protonated,0,-9999,C12 H26 O4 S1,12,26,4,-9999,-9999,1,-9999,-9999,-9999,-9999
611,265.181078,265.180939742,265.180918244,1810046.5,-9999,433352.7,11.84,-1,0.081069533,0.998808181,0,0.599284909,4,0.1875,1.625,O3,de-protonated,0,-9999,C16 H26 O3,16,26,3,-9999,-9999,-9999,-9999,-9999,-9999,-9999
612,266.061415,266.061276483,266.061137462,3562386.5,-9999,413019.7,25.7,-1,0.522514456,0.951667694,0,0.571000616,16,0.052631579,0.473684211,N1 O1,de-protonated,0,-9999,C19 H9 O1 N1,19,9,1,1,-9999,-9999,-9999,-9999,-9999,-9999
612,266.061415,266.061276483,266.061197821,3562386.5,-9999,413019.7,25.7,-1,0.295653486,0.984264509,0.978397487,0.9819177,8,0.5,1,13C1 N4 O5,de-protonated,1,602,C9 H10 O5 N4 13C1,9,10,5,4,-9999,-9999,1,-9999,-9999,-9999
616,266.15152,266.151381456,266.151258873,1783214.9,-9999,435268.1,11.63,-1,0.460574664,0.962240815,0.98535823,0.971487781,0,0.333333333,2.166666667,13C1 S1 O4,de-protonated,1,609,C11 H26 O4 S1 13C1,11,26,4,-9999,-9999,1,1,-9999,-9999,-9999
623,266.994448,266.994309207,266.994380774,1457080.6,-9999,392477.2,9.05,-1,-0.268046206,0.987047747,0,0.592228648,12,0.066666667,0.533333333,S2 O1,de-protonated,0,-9999,C15 H8 O1 S2,15,8,1,-9999,-9999,2,-9999,-9999,-9999,-9999
624,267.014868,267.014729201,267.014640762,2060991,-9999,450949.1,13.82,-1,0.331213861,0.980291408,0,0.588174845,8,0.727272727,0.727272727,O8,de-protonated,0,-9999,C11 H8 O8,11,8,8,-9999,-9999,-9999,-9999,-9999,-9999,-9999
624,267.014868,267.014729201,267.014478571,2060991,-9999,450949.1,13.82,-1,0.938639288,0.852259497,0,0.511355698,3,0.333333333,2.166666667,N4 S2 P1 O2,de-protonated,0,-9999,C6 H13 O2 N4 P1 S2,6,13,2,4,1,2,-9999,-9999,-9999,-9999
625,267.030086,267.029947197,267.029896903,3325123.8,-9999,402311.3,23.82,-1,0.188342832,0.993584137,0,0.596150482,12,0.333333333,0.533333333,O5,de-protonated,0,-9999,C15 H8 O5,15,8,5,-9999,-9999,-9999,-9999,-9999,-9999,-9999
626,267.051243,267.05110419,267.051026271,2754250.5,-9999,408404.6,19.31,-1,0.291775176,0.98467147,0,0.590802882,7,0.583333333,1,O7,de-protonated,0,-9999,C12 H12 O7,12,12,7,-9999,-9999,-9999,-9999,-9999,-9999,-9999
626,267.051243,267.05110419,267.05086408,2754250.5,-9999,408404.6,19.31,-1,0.899117818,0.863565569,0,0.518139342,2,0.142857143,2.428571429,N4 S2 P1 O1,de-protonated,0,-9999,C7 H17 O1 N4 P1 S2,7,17,1,4,1,2,-9999,-9999,-9999,-9999
627,267.073688,267.073549184,267.07349305,5176529.5,-9999,409005.4,38.47,-1,0.210180549,0.992016387,0,0.595209832,7,0.5,1.2,N4 O5,de-protonated,0,-9999,C10 H12 O5 N4,10,12,5,4,-9999,-9999,-9999,-9999,-9999,-9999
628,267.087647,267.08750818,267.087411781,2155734,-9999,412201.8,14.57,-1,0.36092589,0.976640296,0,0.585984178,6,0.461538462,1.230769231,O6,de-protonated,0,-9999,C13 H16 O6,13,16,6,-9999,-9999,-9999,-9999,-9999,-9999,-9999
631,267.111924,267.111785172,267.11153233,2160349.8,-9999,428025.5,14.61,-1,0.946581122,0.84994733200000006,0,0.509968399,1,0.555555556,2.333333333,N2 P1 O5,de-protonated,0,-9999,C9 H21 O5 N2 P1,9,21,5,2,1,-9999,-9999,-9999,-9999,-9999
632,267.124035,267.123896169,267.12379729,3457249.5,-9999,401822.4,24.87,-1,0.370160462,0.975444636,0,0.585266781,5,0.357142857,1.428571429,O5,de-protonated,0,-9999,C14 H20 O5,14,20,5,-9999,-9999,-9999,-9999,-9999,-9999,-9999
637,267.160412,267.160273158,267.160182799,7217389,-9999,401931.5,54.61,-1,0.33821873,0.987983462,0.978762197,0.984294956,4,0.266666667,1.6,O4,de-protonated,0,-9999,C15 H24 O4,15,24,4,-9999,-9999,-9999,-9999,-9999,-9999,-9999
638,267.196798,267.196659147,267.196568309,2560760.5,-9999,396488.1,17.77,-1,0.339968755,0.979246762,0,0.587548057,3,0.1875,1.75,O3,de-protonated,0,-9999,C16 H28 O3,16,28,3,-9999,-9999,-9999,-9999,-9999,-9999,-9999
640,268.163714,268.163574862,268.163537635,1383211.3,-9999,474900.8,8.39,-1,0.138823047,0.996509257,0.978762197,0.989410433,4,0.266666667,1.6,13C1 O4,de-protonated,1,637,C14 H24 O4 13C1,14,24,4,-9999,-9999,-9999,1,-9999,-9999,-9999
644,269.030513,269.030373606,269.030290827,2048063.4,-9999,410440.3,13.6,-1,0.307695328,0.982967805,0,0.589780683,7,0.727272727,0.909090909,O8,de-protonated,0,-9999,C11 H10 O8,11,10,8,-9999,-9999,-9999,-9999,-9999,-9999,-9999
644,269.030513,269.030373606,269.030128635,2048063.4,-9999,410440.3,13.6,-1,0.910569738,0.860324303,0,0.516194582,2,0.333333333,2.5,N4 S2 P1 O2,de-protonated,0,-9999,C6 H15 O2 N4 P1 S2,6,15,2,4,1,2,-9999,-9999,-9999,-9999
645,269.04574,269.045600601,269.045546968,1901124.3,-9999,373611.4,12.45,-1,0.199347577,0.992815262,0,0.595689157,11,0.333333333,0.666666667,O5,de-protonated,0,-9999,C15 H10 O5,15,10,5,-9999,-9999,-9999,-9999,-9999,-9999,-9999
646,269.066883,269.066743595,269.066676336,3112779,-9999,422845.3,21.95,-1,0.249972521,0.988725983,0,0.59323559,6,0.583333333,1.166666667,O7,de-protonated,0,-9999,C12 H14 O7,12,14,7,-9999,-9999,-9999,-9999,-9999,-9999,-9999
647,269.103289,269.103149584,269.103061845,4322134.5,-9999,397788.7,31.44,-1,0.326043025,0.980896106,0,0.588537664,5,0.461538462,1.384615385,O6,de-protonated,0,-9999,C13 H18 O6,13,18,6,-9999,-9999,-9999,-9999,-9999,-9999,-9999
648,269.116311,269.116171581,269.115949005,1330778.8,-9999,455621.3,7.97,-1,0.827062693,0.883276638,0,0.529965983,0,0.6,2.3,P1 O6,de-protonated,0,-9999,C10 H23 O6 P1,10,23,6,-9999,1,-9999,-9999,-9999,-9999,-9999
649,269.131433,269.131293576,269.131205146,5255007.5,-9999,385388.2,38.76,-1,0.328575821,0.980601053,0,0.588360632,4,0.214285714,1.642857143,P1 O3,de-protonated,0,-9999,C14 H23 O3 P1,14,23,3,-9999,1,-9999,-9999,-9999,-9999,-9999
650,269.139671,269.139531574,269.139447355,15252322,-9999,387024.1,117.19,-1,0.312919883,0.982065797,0.988789052,0.984755099,4,0.357142857,1.571428571,O5,de-protonated,0,-9999,C14 H22 O5,14,22,5,-9999,-9999,-9999,-9999,-9999,-9999,-9999
651,269.17605,269.175910563,269.175832864,22199150,-9999,387435.2,171.68,-1,0.288655161,0.98945321,0.985460719,0.987856213,3,0.266666667,1.733333333,O4,de-protonated,0,-9999,C15 H26 O4,15,26,4,-9999,-9999,-9999,-9999,-9999,-9999,-9999
652,269.212419,269.212279552,269.212218373,9851769,-9999,385968.9,74.82,-1,0.227251593,0.980513263,0.97228273,0.97722105,2,0.1875,1.875,O3,de-protonated,0,-9999,C16 H30 O3,16,30,3,-9999,-9999,-9999,-9999,-9999,-9999,-9999
654,270.134804,270.13466428,270.134696327,1423904.5,-9999,283079.6,8.7,-1,-0.118633158,0.997449581,0,0.598469748,4,0.384615385,1.615384615,N1 O5,de-protonated,0,-9999,C13 H21 O5 N1,13,21,5,1,-9999,-9999,-9999,-9999,-9999,-9999
655,270.143028,270.142888277,270.14280219,2539171.3,-9999,449277.6,17.45,-1,0.318675045,0.981741935,0.988789052,0.984560781,4,0.357142857,1.571428571,13C1 O5,de-protonated,1,650,C13 H22 O5 13C1,13,22,5,-9999,-9999,-9999,1,-9999,-9999,-9999
656,270.171288,270.171148269,270.171081836,1380012.3,-9999,475197.6,8.36,-1,0.245892141,0.989089039,0,0.593453423,3,0.285714286,1.785714286,N1 O4,de-protonated,0,-9999,C14 H25 O4 N1,14,25,4,1,-9999,-9999,-9999,-9999,-9999,-9999
657,270.179377,270.179237267,270.179187699,4044974.8,-9999,406301.5,29.26,-1,0.183462272,0.993911338,0.985460719,0.99053109,3,0.266666667,1.733333333,13C1 O4,de-protonated,1,651,C14 H26 O4 13C1,14,26,4,-9999,-9999,-9999,1,-9999,-9999,-9999
658,270.207689,270.207549258,270.207467345,4113592,-9999,393187.3,29.8,-1,0.303147982,0.983463358,0,0.590078015,2,0.2,1.933333333,N1 O3,de-protonated,0,-9999,C15 H29 O3 N1,15,29,3,1,-9999,-9999,-9999,-9999,-9999,-9999
659,270.215823,270.215683256,270.215573208,2093242.5,-9999,438804.3,13.95,-1,0.407258454,0.970353366,0.97228273,0.971125111,2,0.1875,1.875,13C1 O3,de-protonated,1,652,C15 H30 O3 13C1,15,30,3,-9999,-9999,-9999,1,-9999,-9999,-9999
662,271.025034,271.024894017,271.024811523,1277374.3,-9999,445047,7.55,-1,0.304378311,0.983329985,0,0.589997991,11,0.428571429,0.571428571,O6,de-protonated,0,-9999,C14 H8 O6,14,8,6,-9999,-9999,-9999,-9999,-9999,-9999,-9999
663,271.04621,271.046070011,271.045940891,2559941,-9999,397607,17.61,-1,0.476375929,0.95965937,0,0.575795622,6,0.727272727,1.090909091,O8,de-protonated,0,-9999,C11 H12 O8,11,12,8,-9999,-9999,-9999,-9999,-9999,-9999,-9999
664,271.082537,271.082397,271.0823264,3379664.8,-9999,367062.7,24.04,-1,0.260436331,0.987768288,0,0.592660973,5,0.583333333,1.333333333,O7,de-protonated,0,-9999,C12 H16 O7,12,16,7,-9999,-9999,-9999,-9999,-9999,-9999,-9999
665,271.093936,271.093795997,271.09355979,1440340.4,-9999,291183.5,8.83,-1,0.871311849,0.871313879,0,0.522788327,5,0.545454545,1.454545455,N2 O6,de-protonated,0,-9999,C11 H16 O6 N2,11,16,6,2,-9999,-9999,-9999,-9999,-9999,-9999
666,271.118944,271.118803989,271.11871191,4736476.5,-9999,405742.1,34.69,-1,0.339628299,0.979287874,0,0.587572724,4,0.461538462,1.538461538,O6,de-protonated,0,-9999,C13 H20 O6,13,20,6,-9999,-9999,-9999,-9999,-9999,-9999,-9999
667,271.130099,271.129958986,271.129945299,1968096,-9999,427634.8,12.97,-1,0.050481342,0.999537709,0,0.599722626,4,0.416666667,1.666666667,N2 O5,de-protonated,0,-9999,C12 H20 O5 N2,12,20,5,2,-9999,-9999,-9999,-9999,-9999,-9999
668,271.15531,271.155169979,271.155097419,14575080,-9999,384998.3,111.87,-1,0.267594084,0.988794723,0.999631868,0.993129581,3,0.357142857,1.714285714,O5,de-protonated,0,-9999,C14 H24 O5,14,24,5,-9999,-9999,-9999,-9999,-9999,-9999,-9999
669,271.191693,271.191552968,271.191482928,27065844,-9999,381948.2,209.86,-1,0.258265514,0.989162538,0.992275613,0.990407768,2,0.266666667,1.866666667,O4,de-protonated,0,-9999,C15 H28 O4,15,28,4,-9999,-9999,-9999,-9999,-9999,-9999,-9999
670,271.228066,271.227925957,271.227868438,3252223.5,-9999,411394.1,23.04,-1,0.21207009,0.991872783,0,0.59512367,1,0.1875,2,O3,de-protonated,0,-9999,C16 H32 O3,16,32,3,-9999,-9999,-9999,-9999,-9999,-9999,-9999
671,272.150601,272.150460685,272.150346391,1262376.4,-9999,468974.4,7.43,-1,0.419964325,0.968504538,0,0.581102723,3,0.384615385,1.769230769,N1 O5,de-protonated,0,-9999,C13 H23 O5 N1,13,23,5,1,-9999,-9999,-9999,-9999,-9999,-9999
672,272.158655,272.158514682,272.158452254,2199851,-9999,443137.4,14.79,-1,0.229381774,0.990498325,0.999631868,0.994151742,3,0.357142857,1.714285714,13C1 O5,de-protonated,1,668,C13 H24 O5 13C1,13,24,5,-9999,-9999,-9999,1,-9999,-9999,-9999
673,272.16183,272.161689681,272.161579781,2547500,-9999,401252.6,17.51,-1,0.403807295,0.97084633,0,0.582507798,3,0.333333333,1.916666667,N3 O4,de-protonated,0,-9999,C12 H23 O4 N3,12,23,4,3,-9999,-9999,-9999,-9999,-9999,-9999
674,272.186923,272.186782674,272.186731901,1699380.1,-9999,447168.1,10.86,-1,0.186538712,0.993706076,0,0.596223646,2,0.285714286,1.928571429,N1 O4,de-protonated,0,-9999,C14 H27 O4 N1,14,27,4,1,-9999,-9999,-9999,-9999,-9999,-9999
675,272.195041,272.194900672,272.194837763,4111158.8,-9999,399881.8,29.78,-1,0.231114212,0.990354955,0.992275613,0.991123218,2,0.266666667,1.866666667,13C1 O4,de-protonated,1,669,C14 H28 O4 13C1,14,28,4,-9999,-9999,-9999,1,-9999,-9999,-9999
678,273.040637,273.040496422,273.040461587,2580039.3,-9999,416070.1,17.77,-1,0.127579994,0.997050979,0,0.598230588,10,0.428571429,0.714285714,O6,de-protonated,0,-9999,C14 H10 O6,14,10,6,-9999,-9999,-9999,-9999,-9999,-9999,-9999
679,273.053597,273.053456418,273.053348747,2021451.6,-9999,446727.8,13.38,-1,0.39432259,0.972180773,0,0.583308464,5,0.545454545,1.363636364,P1 O6,de-protonated,0,-9999,C11 H15 O6 P1,11,15,6,-9999,1,-9999,-9999,-9999,-9999,-9999
680,273.061853,273.061712416,273.061590955,1438542.3,-9999,400901.8,8.81,-1,0.444808718,0.964736287,0,0.578841772,5,0.727272727,1.272727273,O8,de-protonated,0,-9999,C11 H14 O8,11,14,8,-9999,-9999,-9999,-9999,-9999,-9999,-9999
681,273.098202,273.098061405,273.097976465,3627098,-9999,362953.7,25.98,-1,0.311024253,0.982600514,0,0.589560309,4,0.583333333,1.5,O7,de-protonated,0,-9999,C12 H18 O7,12,18,7,-9999,-9999,-9999,-9999,-9999,-9999,-9999
682,273.109436,273.109295402,273.109209854,2081373.6,-9999,422567,13.85,-1,0.313235453,0.982354438,0,0.589412663,4,0.545454545,1.636363636,N2 O6,de-protonated,0,-9999,C11 H18 O6 N2,11,18,6,2,-9999,-9999,-9999,-9999,-9999,-9999
683,273.126413,273.126272397,273.126119766,1351011,-9999,300449.7,8.12,-1,0.558829396,0.944910879,0,0.566946528,3,0.307692308,1.769230769,P1 O4,de-protonated,0,-9999,C13 H23 O4 P1,13,23,4,-9999,1,-9999,-9999,-9999,-9999,-9999
684,273.134551,273.134410394,273.134361974,5266533.5,-9999,395710,38.84,-1,0.177275432,0.994313916,0,0.59658835,3,0.461538462,1.692307692,O6,de-protonated,0,-9999,C13 H22 O6,13,22,6,-9999,-9999,-9999,-9999,-9999,-9999,-9999
685,273.1458,273.145659391,273.145595363,1962089.4,-9999,398225.2,12.92,-1,0.234407589,0.99007949,0,0.594047694,3,0.416666667,1.833333333,N2 O5,de-protonated,0,-9999,C12 H22 O5 N2,12,22,5,2,-9999,-9999,-9999,-9999,-9999,-9999
686,273.170966,273.170825383,273.170747484,10936433,-9999,383638.6,83.32,-1,0.285169298,0.980090902,0.987591509,0.983091145,2,0.357142857,1.857142857,O5,de-protonated,0,-9999,C14 H26 O5,14,26,5,-9999,-9999,-9999,-9999,-9999,-9999,-9999
687,273.207352,273.207211373,273.207132993,8265853,-9999,386942.4,62.37,-1,0.286887887,0.990439408,0.981175363,0.98673379,1,0.266666667,2,O4,de-protonated,0,-9999,C15 H30 O4,15,30,4,-9999,-9999,-9999,-9999,-9999,-9999,-9999
689,274.093427,274.093286111,274.093225437,1376923.4,-9999,500129.3,8.25,-1,0.221362824,0.991148153,0,0.594688892,4,0.636363636,1.545454545,N1 O7,de-protonated,0,-9999,C11 H17 O7 N1,11,17,7,1,-9999,-9999,-9999,-9999,-9999,-9999
690,274.129844,274.1297031,274.129610946,1388711.1,-9999,426615.4,8.34,-1,0.336169259,0.979703333,0,0.587822,3,0.5,1.75,N1 O6,de-protonated,0,-9999,C12 H21 O6 N1,12,21,6,1,-9999,-9999,-9999,-9999,-9999,-9999
691,274.14107,274.140929097,274.140844336,1300138.8,-9999,397559.6,7.66,-1,0.309189037,0.982803471,0,0.589682083,3,0.454545455,1.909090909,N3 O5,de-protonated,0,-9999,C11 H21 O5 N3,11,21,5,3,-9999,-9999,-9999,-9999,-9999,-9999
692,274.174346,274.174205087,274.174102319,1838517.5,-9999,316341.1,11.84,-1,0.374829671,0.974829157,0.987591509,0.979934097,2,0.357142857,1.857142857,13C1 O5,de-protonated,1,686,C13 H26 O5 13C1,13,26,5,-9999,-9999,-9999,1,-9999,-9999,-9999
693,274.210671,274.210530076,274.210487828,1555905.3,-9999,453583,9.64,-1,0.154073296,0.995701929,0.981175363,0.989891303,1,0.266666667,2,13C1 O4,de-protonated,1,687,C14 H30 O4 13C1,14,30,4,-9999,-9999,-9999,1,-9999,-9999,-9999
697,274.971854,274.971712852,274.971945053,21488312,-9999,377606,164.67,-1,-0.844452834,0.292876736,0.850333679,0.515859513,6,0.375,1.125,N2 S2 P1 O3,de-protonated,0,-9999,C8 H9 O3 N2 P1 S2,8,9,3,2,1,2,-9999,-9999,-9999,-9999
698,275.019987,275.019845837,275.019726143,1715398.8,-9999,385986.7,10.88,-1,0.435223254,0.966214056,0,0.579728433,10,0.538461538,0.615384615,O7,de-protonated,0,-9999,C13 H8 O7,13,8,7,-9999,-9999,-9999,-9999,-9999,-9999,-9999
699,275.056334,275.056192827,275.056111652,1313874.5,-9999,306342.6,7.76,-1,0.295121232,0.984320668,0,0.590592401,9,0.428571429,0.857142857,O6,de-protonated,0,-9999,C14 H12 O6,14,12,6,-9999,-9999,-9999,-9999,-9999,-9999,-9999
700,275.105783,275.105641812,275.105384321,2696930.5,-9999,356253.1,18.52,-1,0.935973606,0.853032609,0,0.511819566,3,0.416666667,1.75,P1 O5,de-protonated,0,-9999,C12 H21 O5 P1,12,21,5,-9999,1,-9999,-9999,-9999,-9999,-9999
701,275.113826,275.11368481,275.113626529,4894437,-9999,387938.7,35.61,-1,0.211841611,0.991890214,0,0.595134129,3,0.583333333,1.666666667,O7,de-protonated,0,-9999,C12 H20 O7,12,20,7,-9999,-9999,-9999,-9999,-9999,-9999,-9999
702,275.150286,275.150144799,275.150012039,2669296.8,-9999,395778.3,18.3,-1,0.482501883,0.958637074,0,0.575182244,2,0.461538462,1.846153846,O6,de-protonated,0,-9999,C13 H24 O6,13,24,6,-9999,-9999,-9999,-9999,-9999,-9999,-9999
703,275.186642,275.186500788,275.186397548,2814204.5,-9999,407656.9,19.43,-1,0.375165036,0.974784668,0,0.584870801,1,0.357142857,2,O5,de-protonated,0,-9999,C14 H28 O5,14,28,5,-9999,-9999,-9999,-9999,-9999,-9999,-9999
704,275.971449,275.971307557,275.971216777,2848250.3,-9999,385751.9,19.69,-1,0.328946724,0.980557661,0,0.588334597,10,0.083333333,0.666666667,N1 S2 P1 O1,de-protonated,0,-9999,C12 H8 O1 N1 P1 S2,12,8,1,1,1,2,-9999,-9999,-9999,-9999
708,276.999278,276.999136253,276.998990698,1430342.3,-9999,466604.5,8.66,-1,0.525472952,0.951132459,0,0.570679475,10,0.666666667,0.5,O8,de-protonated,0,-9999,C12 H6 O8,12,6,8,-9999,-9999,-9999,-9999,-9999,-9999,-9999
709,277.023484,277.023342246,277.023111246,3418958,-9999,407233.1,24.13,-1,0.833863534,0.881468138,0,0.528880883,5,0.875,1.375,N2 P1 O7,de-protonated,0,-9999,C8 H11 O7 N2 P1,8,11,7,2,1,-9999,-9999,-9999,-9999,-9999
710,277.035666,277.035524242,277.035376207,1896786,-9999,374560.2,12.29,-1,0.534355524,0.949509161,0,0.569705497,9,0.538461538,0.769230769,O7,de-protonated,0,-9999,C13 H10 O7,13,10,7,-9999,-9999,-9999,-9999,-9999,-9999,-9999
711,277.059891,277.059749235,277.059496756,78632280,-9999,373105.8,609.11,-1,0.91128214,0.860145069,0.97840934,0.907450777,4,0.666666667,1.666666667,N2 P1 O6,de-protonated,0,-9999,C9 H15 O6 N2 P1,9,15,6,2,1,-9999,-9999,-9999,-9999,-9999
712,277.071967,277.071825232,277.071761716,1556317.8,-9999,313164.6,9.64,-1,0.229237781,0.990510194,0,0.594306116,8,0.428571429,1,O6,de-protonated,0,-9999,C14 H14 O6,14,14,6,-9999,-9999,-9999,-9999,-9999,-9999,-9999
714,277.108255,277.108113221,277.108147226,1267305.4,-9999,437367.5,7.39,-1,-0.122712915,0.997271392,0,0.598362835,7,0.333333333,1.2,O5,de-protonated,0,-9999,C15 H18 O5,15,18,5,-9999,-9999,-9999,-9999,-9999,-9999,-9999
715,277.119629,277.119487218,277.119380615,2257261,-9999,380406.3,15.09,-1,0.384681155,0.973506573,0,0.584103944,7,0.285714286,1.285714286,N2 O4,de-protonated,0,-9999,C14 H18 O4 N2,14,18,4,2,-9999,-9999,-9999,-9999,-9999,-9999
717,277.122995,277.122853217,277.122751918,3112814.3,-9999,430594.3,21.75,-1,0.36553581,0.976047012,0,0.585628207,2,0.363636364,2,N2 S1 O4,de-protonated,0,-9999,C11 H22 O4 N2 S1,11,22,4,2,-9999,1,-9999,-9999,-9999,-9999
718,277.129514,277.129372215,277.129276594,1665648.3,-9999,399784.1,10.49,-1,0.345040827,0.978629611,0,0.587177767,2,0.583333333,1.833333333,O7,de-protonated,0,-9999,C12 H22 O7,12,22,7,-9999,-9999,-9999,-9999,-9999,-9999,-9999
719,277.144767,277.14462521,277.144532735,4328821,-9999,396245.3,31.2,-1,0.333671101,0.980000846,0,0.588000508,6,0.25,1.375,O4,de-protonated,0,-9999,C16 H22 O4,16,22,4,-9999,-9999,-9999,-9999,-9999,-9999,-9999
720,277.155998,277.155856207,277.155766124,9915769,-9999,380976.7,74.66,-1,0.325024864,0.950348119,0.99532804,0.968340087,6,0.2,1.466666667,N2 O3,de-protonated,0,-9999,C15 H22 O3 N2,15,22,3,2,-9999,-9999,-9999,-9999,-9999,-9999
721,277.157819,277.157677206,277.157419895,5910905.5,-9999,375950.4,43.51,-1,0.928395487,0.855222234,0,0.51313334,1,0.307692308,2.076923077,P1 O4,de-protonated,0,-9999,C13 H27 O4 P1,13,27,4,-9999,1,-9999,-9999,-9999,-9999,-9999
723,278.063247,278.063104939,278.062851591,9748126,-9999,382049.8,73.35,-1,0.911117955,0.860168418,0.97840934,0.907464787,4,0.666666667,1.666666667,13C1 N2 P1 O6,de-protonated,1,711,C8 H15 O6 N2 P1 13C1,8,15,6,2,1,-9999,1,-9999,-9999,-9999
725,278.114854,278.114711924,278.114629587,3855022.3,-9999,349029.9,27.52,-1,0.296052602,0.984222333,0,0.5905334,7,0.307692308,1.307692308,N3 O4,de-protonated,0,-9999,C13 H17 O4 N3,13,17,4,3,-9999,-9999,-9999,-9999,-9999,-9999
726,278.116703,278.116560923,278.116283357,2328750.8,-9999,393975.4,15.65,-1,0.998020434,0.834659837,0,0.500795902,2,0.454545455,2,N1 P1 O5,de-protonated,0,-9999,C11 H22 O5 N1 P1,11,22,5,1,1,-9999,-9999,-9999,-9999,-9999
727,278.153059,278.152916912,278.152668867,50198204,-9999,372917.9,387.96,-1,0.891760811,0.864639338,0.985606322,0.913026131,1,0.333333333,2.166666667,N1 P1 O4,de-protonated,0,-9999,C12 H26 O4 N1 P1,12,26,4,1,1,-9999,-9999,-9999,-9999,-9999
728,278.159452,278.159309911,278.159120959,1671612.5,-9999,423349.6,10.53,-1,0.679291663,0.919682141,0.99532804,0.949940501,6,0.2,1.466666667,13C1 N2 O3,de-protonated,1,720,C14 H22 O3 N2 13C1,14,22,3,2,-9999,-9999,1,-9999,-9999,-9999
730,279.014838,279.014695658,279.014640762,3422672,-9999,396822.9,24.15,-1,0.196749232,0.993000684,0,0.595800411,9,0.666666667,0.666666667,O8,de-protonated,0,-9999,C12 H8 O8,12,8,8,-9999,-9999,-9999,-9999,-9999,-9999,-9999
730,279.014838,279.014695658,279.014478571,3422672,-9999,396822.9,24.15,-1,0.778050111,0.895975567,0,0.53758534,4,0.285714286,1.857142857,N4 S2 P1 O2,de-protonated,0,-9999,C7 H13 O2 N4 P1 S2,7,13,2,4,1,2,-9999,-9999,-9999,-9999
731,279.05122,279.051077647,279.051026271,2330587.8,-9999,367904.5,15.66,-1,0.184109068,0.993868463,0,0.596321078,8,0.538461538,0.923076923,O7,de-protonated,0,-9999,C13 H12 O7,13,12,7,-9999,-9999,-9999,-9999,-9999,-9999,-9999
731,279.05122,279.051077647,279.05086408,2330587.8,-9999,367904.5,15.66,-1,0.765334144,0.899171863,0,0.539503118,3,0.125,2.125,N4 S2 P1 O1,de-protonated,0,-9999,C8 H17 O1 N4 P1 S2,8,17,1,4,1,2,-9999,-9999,-9999,-9999
733,279.064187,279.064044643,279.063913431,1312991.9,-9999,444838.4,7.74,-1,0.470187722,0.960679878,0,0.576407927,3,0.7,1.7,P1 O7,de-protonated,0,-9999,C10 H17 O7 P1,10,17,7,-9999,1,-9999,-9999,-9999,-9999,-9999
734,279.087659,279.087516636,279.087411781,1961447.5,-9999,378834.2,12.79,-1,0.375709226,0.974712397,0,0.584827438,7,0.428571429,1.142857143,O6,de-protonated,0,-9999,C14 H16 O6,14,16,6,-9999,-9999,-9999,-9999,-9999,-9999,-9999
735,279.098834,279.098691633,279.09864517,12738539,-9999,365523.4,96.61,-1,0.166475642,0.997405087,0.996521607,0.997051695,7,0.384615385,1.230769231,N2 O5,de-protonated,0,-9999,C13 H16 O5 N2,13,16,5,2,-9999,-9999,-9999,-9999,-9999,-9999
736,279.100663,279.100520633,279.10029894,2443243.8,-9999,410271.6,16.53,-1,0.794310529,0.891828636,0,0.535097181,2,0.545454545,1.909090909,P1 O6,de-protonated,0,-9999,C11 H21 O6 P1,11,21,6,-9999,1,-9999,-9999,-9999,-9999,-9999
737,279.124033,279.123890626,279.12379729,2888179.3,-9999,374097.1,19.99,-1,0.33438792,0.979915696,0,0.587949417,6,0.333333333,1.333333333,O5,de-protonated,0,-9999,C15 H20 O5,15,20,5,-9999,-9999,-9999,-9999,-9999,-9999,-9999
738,279.127422,279.12727962500003,279.127168593,1596916.3,-9999,372718.3,9.95,-1,0.39778035899999997,0.971697747,0,0.583018648,1,0.416666667,2,S1 O5,de-protonated,0,-9999,C12 H24 O5 S1,12,24,5,-9999,-9999,1,-9999,-9999,-9999,-9999
739,279.135239,279.135096622,279.135030679,2689526.8,-9999,362596.9,18.45,-1,0.236240601,0.989924519,0,0.593954711,6,0.285714286,1.428571429,N2 O4,de-protonated,0,-9999,C14 H20 O4 N2,14,20,4,2,-9999,-9999,-9999,-9999,-9999,-9999
740,279.137061,279.136918622,279.13668445,3039735.3,-9999,376171.4,21.17,-1,0.838915923,0.880117425,0,0.528070455,1,0.416666667,2.083333333,P1 O5,de-protonated,0,-9999,C12 H25 O5 P1,12,25,5,-9999,1,-9999,-9999,-9999,-9999,-9999
741,279.148328,279.148185619,279.147917839,8354811,-9999,362045.8,62.51,-1,0.959274906,0.846224494,0,0.507734696,1,0.363636364,2.272727273,N2 P1 O4,de-protonated,0,-9999,C11 H25 O4 N2 P1,11,25,4,2,1,-9999,-9999,-9999,-9999,-9999
743,279.156417,279.156274616,279.156023702,7452669.5,-9999,377047.6,55.5,-1,0.898831883,0.863646128,0.985606322,0.912430206,1,0.333333333,2.166666667,13C1 N1 P1 O4,de-protonated,1,727,C11 H26 O4 N1 P1 13C1,11,26,4,1,1,-9999,1,-9999,-9999,-9999
743,279.156417,279.156274616,279.156160047,7452669.5,-9999,377047.6,55.5,-1,0.410410841,0.969899634,0,0.58193978,1,0.545454545,2.181818182,N2 O6,de-protonated,0,-9999,C11 H24 O6 N2,11,24,6,2,-9999,-9999,-9999,-9999,-9999,-9999
744,279.160369,279.160226615,279.160182799,2750974.8,-9999,363557.7,18.93,-1,0.156954861,0.995540018,0,0.597324011,5,0.25,1.5,O4,de-protonated,0,-9999,C16 H24 O4,16,24,4,-9999,-9999,-9999,-9999,-9999,-9999,-9999
745,279.163764,279.163621614,279.163554103,1512448,-9999,465812.8,9.29,-1,0.241833951,0.989444323,0,0.593666594,0,0.307692308,2.153846154,S1 O4,de-protonated,0,-9999,C13 H28 O4 S1,13,28,4,-9999,-9999,1,-9999,-9999,-9999,-9999
746,279.173466,279.173323611,279.173069959,4785155,-9999,347427.1,34.75,-1,0.908583735,0.86088847,0,0.516533082,0,0.307692308,2.230769231,P1 O4,de-protonated,0,-9999,C13 H29 O4 P1,13,29,4,-9999,1,-9999,-9999,-9999,-9999,-9999
747,280.060283,280.060140349,280.060031783,2782496,-9999,402835.7,19.17,-1,0.387653512,0.97310115,0,0.58386069,2,0.2,2,N1 S2 P1 O2,de-protonated,0,-9999,C10 H20 O2 N1 P1 S2,10,20,2,1,1,2,-9999,-9999,-9999,-9999
749,280.102134,280.101991337,280.102000005,1733677.4,-9999,434331.1,11.01,-1,-0.030946483,0.999826244,0.996521607,0.998504389,7,0.384615385,1.230769231,13C1 N2 O5,de-protonated,1,735,C12 H16 O5 N2 13C1,12,16,5,2,-9999,-9999,1,-9999,-9999,-9999
750,280.107118,280.106975335,280.106781302,1692462.9,-9999,456108.1,10.69,-1,0.692713171,0.916614369,0,0.549968621,2,0.555555556,2.222222222,N3 P1 O5,de-protonated,0,-9999,C9 H20 O5 N3 P1,9,20,5,3,1,-9999,-9999,-9999,-9999,-9999
753,281.030532,281.030389063,281.030290827,2791510.8,-9999,405202.8,19.01,-1,0.349557747,0.97807265,0,0.58684359,8,0.666666667,0.833333333,O8,de-protonated,0,-9999,C12 H10 O8,12,10,8,-9999,-9999,-9999,-9999,-9999,-9999,-9999
753,281.030532,281.030389063,281.030128635,2791510.8,-9999,405202.8,19.01,-1,0.926689414,0.855713502,0,0.513428101,3,0.285714286,2.142857143,N4 S2 P1 O2,de-protonated,0,-9999,C7 H15 O2 N4 P1 S2,7,15,2,4,1,2,-9999,-9999,-9999,-9999
754,281.052993,281.052850056,281.052757605,5796446,-9999,370711.2,42.1,-1,0.328945727,0.980557778,0,0.588334667,8,0.6,1,N4 O6,de-protonated,0,-9999,C10 H10 O6 N4,10,10,6,4,-9999,-9999,-9999,-9999,-9999,-9999
755,281.066924,281.066781052,281.066676336,3523682.3,-9999,328965.2,24.63,-1,0.372567185,0.975128305,0,0.585076983,7,0.538461538,1.076923077,O7,de-protonated,0,-9999,C13 H14 O7,13,14,7,-9999,-9999,-9999,-9999,-9999,-9999,-9999
755,281.066924,281.066781052,281.066514145,3523682.3,-9999,328965.2,24.63,-1,0.949624153,0.849057905,0,0.509434743,2,0.125,2.375,N4 S2 P1 O1,de-protonated,0,-9999,C8 H19 O1 N4 P1 S2,8,19,1,4,1,2,-9999,-9999,-9999,-9999
756,281.07235,281.072207051,281.072036498,3154532,-9999,363520,21.8,-1,0.606791414,0.93537417,0,0.561224502,16,0.052631579,0.526315789,N2 O1,de-protonated,0,-9999,C19 H10 O1 N2,19,10,1,2,-9999,-9999,-9999,-9999,-9999,-9999
757,281.079911,281.079768048,281.079563495,1497446.5,-9999,405001.6,9.06,-1,0.727739909,0.908376626,0,0.545025976,2,0.7,1.9,P1 O7,de-protonated,0,-9999,C10 H19 O7 P1,10,19,7,-9999,1,-9999,-9999,-9999,-9999,-9999
759,281.103307,281.103164041,281.103061845,2908270,-9999,383229,19.9,-1,0.363553949,0.976302951,0,0.585781771,6,0.428571429,1.285714286,O6,de-protonated,0,-9999,C14 H18 O6,14,18,6,-9999,-9999,-9999,-9999,-9999,-9999,-9999
761,281.116324,281.116181038,281.115949005,2041458.1,-9999,356564.6,13.24,-1,0.825398615,0.88371746,0,0.530230476,1,0.545454545,2.090909091,P1 O6,de-protonated,0,-9999,C11 H23 O6 P1,11,23,6,-9999,1,-9999,-9999,-9999,-9999,-9999
762,281.139659,281.139516031,281.139447355,3598969.5,-9999,348393.6,25.21,-1,0.244277513,0.989231088,0,0.593538653,5,0.333333333,1.466666667,O5,de-protonated,0,-9999,C15 H22 O5,15,22,5,-9999,-9999,-9999,-9999,-9999,-9999,-9999
766,281.17605,281.17590702,281.175832864,8194693,-9999,370318.6,60.53,-1,0.26373515,0.992084503,0.98463335,0.989104042,4,0.25,1.625,O4,de-protonated,0,-9999,C16 H26 O4,16,26,4,-9999,-9999,-9999,-9999,-9999,-9999,-9999
767,281.212447,281.212304009,281.212218373,1735312.9,-9999,409094.2,10.89,-1,0.304523945,0.983314163,0,0.589988498,3,0.176470588,1.764705882,O3,de-protonated,0,-9999,C17 H30 O3,17,30,3,-9999,-9999,-9999,-9999,-9999,-9999,-9999
769,282.179369,282.179225724,282.179187699,1594565.1,-9999,381580.8,9.81,-1,0.134753549,0.996710583,0.98463335,0.99187969,4,0.25,1.625,13C1 O4,de-protonated,1,766,C15 H26 O4 13C1,15,26,4,-9999,-9999,-9999,1,-9999,-9999,-9999
772,283.025006,283.024862474,283.024811523,3753681.8,-9999,366721.5,26.4,-1,0.180023227,0.994136801,0,0.596482081,12,0.4,0.533333333,O6,de-protonated,0,-9999,C15 H8 O6,15,8,6,-9999,-9999,-9999,-9999,-9999,-9999,-9999
773,283.046205,283.046061468,283.045940891,2639064.5,-9999,386955.8,17.83,-1,0.425996996,0.967608111,0,0.580564867,7,0.666666667,1,O8,de-protonated,0,-9999,C12 H12 O8,12,12,8,-9999,-9999,-9999,-9999,-9999,-9999,-9999
773,283.046205,283.046061468,283.0457787,2639064.5,-9999,386955.8,17.83,-1,0.999018787,0.834357942,0,0.500614765,2,0.285714286,2.428571429,N4 S2 P1 O2,de-protonated,0,-9999,C7 H17 O2 N4 P1 S2,7,17,2,4,1,2,-9999,-9999,-9999,-9999
774,283.061425,283.061281463,283.061197032,1477085.3,-9999,467937.2,8.9,-1,0.298278032,0.983986157,0,0.590391694,11,0.3125,0.75,O5,de-protonated,0,-9999,C16 H12 O5,16,12,5,-9999,-9999,-9999,-9999,-9999,-9999,-9999
775,283.06865,283.068506461,283.06840767,3430623.5,-9999,391739,23.91,-1,0.349002259,0.978141518,0,0.586884911,7,0.6,1.2,N4 O6,de-protonated,0,-9999,C10 H12 O6 N4,10,12,6,4,-9999,-9999,-9999,-9999,-9999,-9999
776,283.08256,283.082416457,283.0823264,3980516,-9999,351232.6,28.14,-1,0.318128786,0.981803903,0,0.589082342,6,0.538461538,1.230769231,O7,de-protonated,0,-9999,C13 H16 O7,13,16,7,-9999,-9999,-9999,-9999,-9999,-9999,-9999
777,283.095627,283.095483453,283.09521356,4542696,-9999,369492,32.46,-1,0.953365496,0.847961744,0,0.508777046,1,0.7,2.1,P1 O7,de-protonated,0,-9999,C10 H21 O7 P1,10,21,7,-9999,1,-9999,-9999,-9999,-9999,-9999
779,283.118908,283.118764446,283.11871191,4074735.5,-9999,400884.9,28.86,-1,0.185563697,0.993771495,0,0.596262897,5,0.428571429,1.428571429,O6,de-protonated,0,-9999,C14 H20 O6,14,20,6,-9999,-9999,-9999,-9999,-9999,-9999,-9999
780,283.130221,283.130077443,283.129945299,1332467,-9999,459719.4,7.79,-1,0.466725356,0.961245508,0,0.576747305,5,0.384615385,1.538461538,N2 O5,de-protonated,0,-9999,C13 H20 O5 N2,13,20,5,2,-9999,-9999,-9999,-9999,-9999,-9999
781,283.137529,283.137385441,283.137339354,1646581.4,-9999,331354.9,10.2,-1,0.162770643,0.995204184,0,0.59712251,4,0.2,1.6,S1 O3,de-protonated,0,-9999,C15 H24 O3 S1,15,24,3,-9999,-9999,1,-9999,-9999,-9999,-9999
782,283.155312,283.155168436,283.155097419,15224059,-9999,365040.1,114.54,-1,0.25080409,0.989174475,0.992030061,0.990316709,4,0.333333333,1.6,O5,de-protonated,0,-9999,C15 H24 O5,15,24,5,-9999,-9999,-9999,-9999,-9999,-9999,-9999
783,283.191713,283.191569425,283.191482928,34290952,-9999,363980.3,261.07,-1,0.305434182,0.986076699,0.998731482,0.991138612,3,0.25,1.75,O4,de-protonated,0,-9999,C16 H28 O4,16,28,4,-9999,-9999,-9999,-9999,-9999,-9999,-9999
784,283.228103,283.227959414,283.227868438,5337362,-9999,394615.1,38.57,-1,0.321212263,0.981452768,0,0.588871661,2,0.176470588,1.882352941,O3,de-protonated,0,-9999,C17 H32 O3,17,32,3,-9999,-9999,-9999,-9999,-9999,-9999,-9999
785,283.264442,283.264298403,283.264253947,2487069.5,-9999,424324.8,16.66,-1,0.156942448,0.995540722,0,0.597324433,1,0.111111111,2,O2,de-protonated,0,-9999,C18 H36 O2,18,36,2,-9999,-9999,-9999,-9999,-9999,-9999,-9999
787,284.090633,284.090489159,284.090462532,1531426.4,-9999,451570,9.32,-1,0.093727996,0.998407254,0,0.599044353,1,0.777777778,2.222222222,N1 P1 O7,de-protonated,0,-9999,C9 H20 O7 N1 P1,9,20,7,1,1,-9999,-9999,-9999,-9999,-9999
788,284.114186,284.114042152,284.113960882,1496105.9,-9999,389497.7,9.05,-1,0.286048933,0.985262815,0,0.591157689,5,0.461538462,1.461538462,N1 O6,de-protonated,0,-9999,C13 H19 O6 N1,13,19,6,1,-9999,-9999,-9999,-9999,-9999,-9999
789,284.125395,284.125251149,284.125194271,1318701.4,-9999,431690.2,7.68,-1,0.200186035,0.992754917,0,0.59565295,5,0.416666667,1.583333333,N3 O5,de-protonated,0,-9999,C12 H19 O5 N3,12,19,5,3,-9999,-9999,-9999,-9999,-9999,-9999
790,284.158664,284.158520139,284.158452254,2635319.8,-9999,408564.7,17.8,-1,0.238898905,0.989697672,0.992030061,0.990630628,4,0.333333333,1.6,13C1 O5,de-protonated,1,782,C14 H24 O5 13C1,14,24,5,-9999,-9999,-9999,1,-9999,-9999,-9999
791,284.161779,284.161635138,284.161579781,5915193,-9999,371243.3,43,-1,0.194811007,0.993137437,0,0.595882462,4,0.307692308,1.769230769,N3 O4,de-protonated,0,-9999,C13 H23 O4 N3,13,23,4,3,-9999,-9999,-9999,-9999,-9999,-9999
792,284.195052,284.194908129,284.194837763,5994051.5,-9999,388208.6,43.61,-1,0.247594397,0.98893829,0.998731482,0.992855566,3,0.25,1.75,13C1 O4,de-protonated,1,783,C15 H28 O4 13C1,15,28,4,-9999,-9999,-9999,1,-9999,-9999,-9999
796,285.00424,285.00409589,285.004076078,1781825.5,-9999,417617,11.24,-1,0.06951323,0.999123608,0,0.599474165,12,0.5,0.428571429,O7,de-protonated,0,-9999,C14 H6 O7,14,6,7,-9999,-9999,-9999,-9999,-9999,-9999,-9999
796,285.00424,285.00409589,285.003913887,1781825.5,-9999,417617,11.24,-1,0.63859784,0.928675333,0,0.5572052,7,0.111111111,1.222222222,N4 S2 P1 O1,de-protonated,0,-9999,C9 H11 O1 N4 P1 S2,9,11,1,4,1,2,-9999,-9999,-9999,-9999
797,285.025433,285.025288883,285.025205446,1486152.1,-9999,385223.3,8.97,-1,0.292736344,0.984571098,0,0.590742659,7,0.818181818,0.909090909,O9,de-protonated,0,-9999,C11 H10 O9,11,10,9,-9999,-9999,-9999,-9999,-9999,-9999,-9999
797,285.025433,285.025288883,285.025043255,1486152.1,-9999,385223.3,8.97,-1,0.861778894,0.873929823,0,0.524357894,2,0.5,2.5,N4 S2 P1 O3,de-protonated,0,-9999,C6 H15 O3 N4 P1 S2,6,15,3,4,1,2,-9999,-9999,-9999,-9999
798,285.040662,285.040517879,285.040461587,4472653,-9999,365404.9,31.92,-1,0.197485823,0.992948364,0,0.595769018,11,0.4,0.666666667,O6,de-protonated,0,-9999,C15 H10 O6,15,10,6,-9999,-9999,-9999,-9999,-9999,-9999,-9999
799,285.061862,285.061717873,285.061590955,3005779.5,-9999,375939.7,20.64,-1,0.445227049,0.964671113,0,0.578802668,6,0.666666667,1.166666667,O8,de-protonated,0,-9999,C12 H14 O8,12,14,8,-9999,-9999,-9999,-9999,-9999,-9999,-9999
800,285.07477,285.074625869,285.074478115,1528151.5,-9999,386210.4,9.29,-1,0.518298764,0.952425667,0,0.5714554,1,0.888888889,2.111111111,P1 O8,de-protonated,0,-9999,C9 H19 O8 P1,9,19,8,-9999,1,-9999,-9999,-9999,-9999,-9999
801,285.0805,285.080355867,285.0802184,1294169.4,-9999,408733.1,7.49,-1,0.482204688,0.958686946,0,0.575212168,5,0.384615385,1.384615385,S1 O5,de-protonated,0,-9999,C13 H18 O5 S1,13,18,5,-9999,-9999,1,-9999,-9999,-9999,-9999
803,285.09837,285.098225862,285.097976465,4983903,-9999,206741.1,35.85,-1,0.87477647,0.87035798,0,0.522214788,5,0.538461538,1.384615385,O7,de-protonated,0,-9999,C13 H18 O7,13,18,7,-9999,-9999,-9999,-9999,-9999,-9999,-9999
804,285.126373,285.126228854,285.126119766,6187879.5,-9999,365552.9,45.1,-1,0.382595161,0.973789335,0,0.584273601,4,0.285714286,1.642857143,P1 O4,de-protonated,0,-9999,C14 H23 O4 P1,14,23,4,-9999,1,-9999,-9999,-9999,-9999,-9999
805,285.134579,285.134434851,285.134361974,9602922,-9999,360276.1,71.34,-1,0.255588139,0.991482345,0.97517991,0.984961371,4,0.428571429,1.571428571,O6,de-protonated,0,-9999,C14 H22 O6,14,22,6,-9999,-9999,-9999,-9999,-9999,-9999,-9999
806,285.145809,285.145664848,285.145595363,2413933.8,-9999,386360.4,16.1,-1,0.243680268,0.9892834,0,0.59357004,4,0.384615385,1.692307692,N2 O5,de-protonated,0,-9999,C13 H22 O5 N2,13,22,5,2,-9999,-9999,-9999,-9999,-9999,-9999
807,285.170959,285.17081484,285.170747484,15142774,-9999,360989.3,113.91,-1,0.236198383,0.989683338,0.987199162,0.988689668,3,0.333333333,1.733333333,O5,de-protonated,0,-9999,C15 H26 O5,15,26,5,-9999,-9999,-9999,-9999,-9999,-9999,-9999
808,285.207333,285.20718883,285.207132993,75341696,-9999,362704.1,576.52,-1,0.195776239,0.658597025,0.984309473,0.788882004,2,0.25,1.875,O4,de-protonated,0,-9999,C16 H30 O4,16,30,4,-9999,-9999,-9999,-9999,-9999,-9999,-9999
809,285.243721,285.243576819,285.243518502,1660300.5,-9999,373303.8,10.3,-1,0.204445263,0.992444519,0,0.595466712,1,0.176470588,2,O3,de-protonated,0,-9999,C17 H34 O3,17,34,3,-9999,-9999,-9999,-9999,-9999,-9999,-9999
810,286.104705,286.104560565,286.104458826,1327257,-9999,381004.1,7.74,-1,0.355598749,0.977316946,0,0.586390168,5,0.545454545,1.545454545,N3 O6,de-protonated,0,-9999,C11 H17 O6 N3,11,17,6,3,-9999,-9999,-9999,-9999,-9999,-9999
811,286.129813,286.129668557,286.129610946,1348256.8,-9999,391957,7.9,-1,0.201345517,0.992671056,0,0.595602633,4,0.461538462,1.615384615,N1 O6,de-protonated,0,-9999,C13 H21 O6 N1,13,21,6,1,-9999,-9999,-9999,-9999,-9999,-9999
812,286.13791,286.137765555,286.137716809,1779363.3,-9999,366458.1,11.22,-1,0.170357317,0.994747907,0.97517991,0.986920708,4,0.428571429,1.571428571,13C1 O6,de-protonated,1,805,C13 H22 O6 13C1,13,22,6,-9999,-9999,-9999,1,-9999,-9999,-9999
813,286.166287,286.166142547,286.165996456,1645740.1,-9999,389824.7,10.19,-1,0.510510673,0.953811358,0,0.572286815,3,0.357142857,1.785714286,N1 O5,de-protonated,0,-9999,C14 H25 O5 N1,14,25,5,1,-9999,-9999,-9999,-9999,-9999,-9999
814,286.174316,286.174171544,286.174102319,2198702.5,-9999,416641.7,14.44,-1,0.241900138,0.989438575,0.987199162,0.98854281,3,0.333333333,1.733333333,13C1 O5,de-protonated,1,807,C14 H26 O5 13C1,14,26,5,-9999,-9999,-9999,1,-9999,-9999,-9999
815,286.177469,286.177324543,286.177229845,4674735.5,-9999,370467,33.47,-1,0.330907542,0.980327485,0,0.588196491,3,0.307692308,1.923076923,N3 O4,de-protonated,0,-9999,C13 H25 O4 N3,13,25,4,3,-9999,-9999,-9999,-9999,-9999,-9999
816,286.210721,286.210576533,286.210487828,12460218,-9999,365728.7,93.3,-1,0.309930837,0.655147717,0.984309473,0.786812419,2,0.25,1.875,13C1 O4,de-protonated,1,808,C15 H30 O4 13C1,15,30,4,-9999,-9999,-9999,1,-9999,-9999,-9999
820,287.019954,287.019809294,287.019726143,1752244.8,-9999,360766.8,11.01,-1,0.289708126,0.984886244,0,0.590931746,11,0.5,0.571428571,O7,de-protonated,0,-9999,C14 H8 O7,14,8,7,-9999,-9999,-9999,-9999,-9999,-9999,-9999
820,287.019954,287.019809294,287.019563951,1752244.8,-9999,360766.8,11.01,-1,0.854796355,0.875832561,0,0.525499536,6,0.111111111,1.444444444,N4 S2 P1 O1,de-protonated,0,-9999,C9 H13 O1 N4 P1 S2,9,13,1,4,1,2,-9999,-9999,-9999,-9999
821,287.041158,287.041013288,287.040855511,1317819.3,-9999,442965.4,7.67,-1,0.54966958,0.946653355,0,0.567992013,6,0.818181818,1.090909091,O9,de-protonated,0,-9999,C11 H12 O9,11,12,9,-9999,-9999,-9999,-9999,-9999,-9999,-9999
823,287.077481,287.077336277,287.07724102,1806022.5,-9999,400724,11.42,-1,0.331818544,0.980220097,0,0.588132058,5,0.666666667,1.333333333,O8,de-protonated,0,-9999,C12 H16 O8,12,16,8,-9999,-9999,-9999,-9999,-9999,-9999,-9999
824,287.096041,287.095896272,287.095868465,1748684.3,-9999,359596.3,10.98,-1,0.096857758,0.998299201,0,0.59897952,4,0.384615385,1.538461538,S1 O5,de-protonated,0,-9999,C13 H20 O5 S1,13,20,5,-9999,-9999,1,-9999,-9999,-9999,-9999
825,287.114552,287.114407267,287.114495909,5653970,-9999,278691.1,40.99,-1,-0.308736112,0.982853382,0,0.589712029,3,0.142857143,1.714285714,S2 O2,de-protonated,0,-9999,C14 H24 O2 S2,14,24,2,-9999,-9999,2,-9999,-9999,-9999,-9999
826,287.125101,287.124956263,287.124859919,3470805.3,-9999,376782,24.21,-1,0.335550367,0.979777237,0,0.587866342,4,0.5,1.666666667,N2 O6,de-protonated,0,-9999,C12 H20 O6 N2,12,20,6,2,-9999,-9999,-9999,-9999,-9999,-9999
827,287.142108,287.141963258,287.14176983,1958618.5,-9999,351992.3,12.59,-1,0.673633309,0.920960513,0,0.552576308,3,0.285714286,1.785714286,P1 O4,de-protonated,0,-9999,C14 H25 O4 P1,14,25,4,-9999,1,-9999,-9999,-9999,-9999,-9999
828,287.150223,287.150078256,287.150012039,9165277,-9999,369460.2,67.97,-1,0.230602027,0.974792662,0.966888227,0.971630888,3,0.428571429,1.714285714,O6,de-protonated,0,-9999,C14 H24 O6,14,24,6,-9999,-9999,-9999,-9999,-9999,-9999,-9999
829,287.186626,287.186481245,287.186397548,12698088,-9999,367982,95.12,-1,0.291438861,0.988095437,0.985504014,0.987058868,2,0.333333333,1.866666667,O5,de-protonated,0,-9999,C15 H28 O5,15,28,5,-9999,-9999,-9999,-9999,-9999,-9999,-9999
830,287.223003,287.222858235,287.222783057,24785396,-9999,358532.1,188.01,-1,0.261738241,0.991513111,0.995337014,0.993042672,1,0.25,2,O4,de-protonated,0,-9999,C16 H32 O4,16,32,4,-9999,-9999,-9999,-9999,-9999,-9999,-9999
832,288.109015,288.108869973,288.108875501,1311876.1,-9999,328568.8,7.62,-1,-0.019189142,0.99993318899999994,0,0.599959913,4,0.583333333,1.583333333,N1 O7,de-protonated,0,-9999,C12 H19 O7 N1,12,19,7,1,-9999,-9999,-9999,-9999,-9999,-9999
833,288.15365,288.15350496,288.153366874,1806097.9,-9999,439063.3,11.42,-1,0.479210223,0.959187872,0.966888227,0.962268014,3,0.428571429,1.714285714,13C1 O6,de-protonated,1,828,C13 H24 O6 13C1,13,24,6,-9999,-9999,-9999,1,-9999,-9999,-9999
834,288.156721,288.156575959,288.1564944,5386003,-9999,388557.5,38.93,-1,0.283036177,0.985569375,0,0.591341625,3,0.416666667,1.916666667,N3 O5,de-protonated,0,-9999,C12 H23 O5 N3,12,23,5,3,-9999,-9999,-9999,-9999,-9999,-9999
835,288.18996,288.189814949,288.189752383,2312989,-9999,400182.7,15.31,-1,0.217099908,0.991484359,0.985504014,0.989092221,2,0.333333333,1.866666667,13C1 O5,de-protonated,1,829,C14 H28 O5 13C1,14,28,5,-9999,-9999,-9999,1,-9999,-9999,-9999
836,288.226329,288.226183938,288.226137892,4449064,-9999,379921.2,31.32,-1,0.159756089,0.995379771,0.995337014,0.995362668,1,0.25,2,13C1 O4,de-protonated,1,830,C15 H32 O4 13C1,15,32,4,-9999,-9999,-9999,1,-9999,-9999,-9999
842,288.987516,288.987370714,288.987595117,19166226,-9999,358586.8,142.97,-1,-0.776515935,0.298787795,0.842584448,0.516306456,6,0.333333333,1.222222222,N2 S2 P1 O3,de-protonated,0,-9999,C9 H11 O3 N2 P1 S2,9,11,3,2,1,2,-9999,-9999,-9999,-9999
843,289.035562,289.035416699,289.035376207,1493023.8,-9999,354701.5,8.9,-1,0.140094864,0.996445118,0,0.597867071,10,0.5,0.714285714,O7,de-protonated,0,-9999,C14 H10 O7,14,10,7,-9999,-9999,-9999,-9999,-9999,-9999,-9999
843,289.035562,289.035416699,289.035214016,1493023.8,-9999,354701.5,8.9,-1,0.701242243,0.914639115,0,0.548783469,5,0.111111111,1.666666667,N4 S2 P1 O1,de-protonated,0,-9999,C9 H15 O1 N4 P1 S2,9,15,1,4,1,2,-9999,-9999,-9999,-9999
844,289.071982,289.071836689,289.071761716,1723178.8,-9999,393526.6,10.64,-1,0.259355213,0.987869012,0,0.592721407,9,0.4,0.933333333,O6,de-protonated,0,-9999,C15 H14 O6,15,14,6,-9999,-9999,-9999,-9999,-9999,-9999,-9999
845,289.093815,289.093669682,289.093760464,2401585.5,-9999,314009.8,15.79,-1,-0.314023062,0.982266382,0,0.589359829,3,0.230769231,1.692307692,S2 O3,de-protonated,0,-9999,C13 H22 O3 S2,13,22,3,-9999,-9999,2,-9999,-9999,-9999,-9999
846,289.111714,289.111568677,289.111518529,2116919,-9999,366407.6,13.63,-1,0.173455101,0.994555687,0,0.596733412,3,0.384615385,1.692307692,S1 O5,de-protonated,0,-9999,C13 H22 O5 S1,13,22,5,-9999,-9999,1,-9999,-9999,-9999,-9999
847,289.121432,289.121286674,289.121034385,3859002,-9999,344748.4,26.84,-1,0.872605996,0.870957141,0,0.522574285,3,0.384615385,1.769230769,P1 O5,de-protonated,0,-9999,C13 H23 O5 P1,13,23,5,-9999,1,-9999,-9999,-9999,-9999,-9999
848,289.129477,289.129331672,289.129276594,2174524.3,-9999,355686.8,14.07,-1,0.190495696,0.99343711,0,0.596062266,3,0.538461538,1.692307692,O7,de-protonated,0,-9999,C13 H22 O7,13,22,7,-9999,-9999,-9999,-9999,-9999,-9999,-9999
849,289.144722,289.144576667,289.144532735,1506881,-9999,243472.7,9,-1,0.151938172,0.99581998,0,0.597491988,7,0.235294118,1.294117647,O4,de-protonated,0,-9999,C17 H22 O4,17,22,4,-9999,-9999,-9999,-9999,-9999,-9999,-9999
850,289.157826,289.157680663,289.157419895,2698821,-9999,352210.5,18.04,-1,0.90182245,0.862802675,0,0.517681605,2,0.285714286,1.928571429,P1 O4,de-protonated,0,-9999,C14 H27 O4 P1,14,27,4,-9999,1,-9999,-9999,-9999,-9999,-9999
851,289.165879,289.165733661,289.165662103,3437639.5,-9999,334792.5,23.65,-1,0.247462941,0.988949967,0,0.59336998,2,0.428571429,1.857142857,O6,de-protonated,0,-9999,C14 H26 O6,14,26,6,-9999,-9999,-9999,-9999,-9999,-9999,-9999
852,289.202261,289.20211565,289.202047612,2133074.5,-9999,380878.3,13.75,-1,0.235260067,0.990007565,0,0.594004539,1,0.333333333,2,O5,de-protonated,0,-9999,C15 H30 O5,15,30,5,-9999,-9999,-9999,-9999,-9999,-9999,-9999
853,289.987082,289.986936418,289.986866841,3170625.3,-9999,375012.4,21.62,-1,0.239932252,0.989608821,0,0.59376529199999994,10,0.076923077,0.769230769,N1 S2 P1 O1,de-protonated,0,-9999,C13 H10 O1 N1 P1 S2,13,10,1,1,1,2,-9999,-9999,-9999,-9999
856,291.014865,291.014719115,291.014640762,1310839.9,-9999,462826.4,7.51,-1,0.269240287,0.98693285100000006,0,0.59215971,10,0.615384615,0.615384615,O8,de-protonated,0,-9999,C13 H8 O8,13,8,8,-9999,-9999,-9999,-9999,-9999,-9999,-9999
856,291.014865,291.014719115,291.014478571,1310839.9,-9999,462826.4,7.51,-1,0.82657123,0.883406898,0,0.530044139,5,0.25,1.625,N4 S2 P1 O2,de-protonated,0,-9999,C8 H13 O2 N4 P1 S2,8,13,2,4,1,2,-9999,-9999,-9999,-9999
857,291.039169,291.039023108,291.038761311,31532672,-9999,354501.9,236.79,-1,0.899525645,0.895260172,0.991294442,0.93367388,5,0.777777778,1.444444444,N2 P1 O7,de-protonated,0,-9999,C9 H13 O7 N2 P1,9,13,7,2,1,-9999,-9999,-9999,-9999,-9999
858,291.051263,291.051117104,291.051026271,1668994.8,-9999,363687.7,10.23,-1,0.312085375,0.982482636,0,0.589489582,9,0.5,0.857142857,O7,de-protonated,0,-9999,C14 H12 O7,14,12,7,-9999,-9999,-9999,-9999,-9999,-9999,-9999
858,291.051263,291.051117104,291.05086408,1668994.8,-9999,363687.7,10.23,-1,0.869346667,0.871854857,0,0.523112914,4,0.111111111,1.888888889,N4 S2 P1 O1,de-protonated,0,-9999,C9 H17 O1 N4 P1 S2,9,17,1,4,1,2,-9999,-9999,-9999,-9999
859,291.090908,291.090762092,291.090783084,1692558.8,-9999,358989.4,10.4,-1,-0.072113608,0.999056844,0,0.599434107,3,0.5,1.666666667,S1 O6,de-protonated,0,-9999,C12 H20 O6 S1,12,20,6,-9999,-9999,1,-9999,-9999,-9999,-9999
860,291.100665,291.10051909,291.10029894,1913745.6,-9999,337116.4,12.08,-1,0.756266013,0.901425887,0,0.540855532,3,0.5,1.75,P1 O6,de-protonated,0,-9999,C12 H21 O6 P1,12,21,6,-9999,1,-9999,-9999,-9999,-9999,-9999
862,291.137061,291.136915079,291.13668445,4043420.5,-9999,366258.4,28.24,-1,0.792168005,0.892378846,0,0.535427308,2,0.384615385,1.923076923,P1 O5,de-protonated,0,-9999,C13 H25 O5 P1,13,25,5,-9999,1,-9999,-9999,-9999,-9999,-9999
864,291.160415,291.160269072,291.160182799,1545123.6,-9999,427140.6,9.29,-1,0.296305938,0.984195534,0,0.59051732,6,0.235294118,1.411764706,O4,de-protonated,0,-9999,C17 H24 O4,17,24,4,-9999,-9999,-9999,-9999,-9999,-9999,-9999
865,291.173469,291.173323068,291.173069959,7201447.5,-9999,362952.7,52.2,-1,0.869273615,0.435937475,0.86849267,0.608959553,1,0.285714286,2.071428571,P1 O4,de-protonated,0,-9999,C14 H29 O4 P1,14,29,4,-9999,1,-9999,-9999,-9999,-9999,-9999
866,291.209862,291.209716057,291.209455468,17876658,-9999,348663.4,133.18,-1,0.894850654,0.873211902,0.98877488,0.919437093,0,0.2,2.2,P1 O3,de-protonated,0,-9999,C15 H33 O3 P1,15,33,3,-9999,1,-9999,-9999,-9999,-9999,-9999
868,292.042451,292.042304812,292.042116146,3403180.5,-9999,340848.1,23.38,-1,0.646021675,0.927069706,0.991294442,0.9527596,5,0.777777778,1.444444444,13C1 N2 P1 O7,de-protonated,1,857,C8 H13 O7 N2 P1 13C1,8,13,7,2,1,-9999,1,-9999,-9999,-9999
869,292.130504,292.130357786,292.130279652,2926534.8,-9999,382689.9,19.76,-1,0.267462617,0.98710372,0,0.592262232,7,0.285714286,1.357142857,N3 O4,de-protonated,0,-9999,C14 H19 O4 N3,14,19,4,3,-9999,-9999,-9999,-9999,-9999,-9999
870,292.168687,292.168540774,292.168318931,1344594.3,-9999,288994,7.76,-1,0.759298702,0.900674429,0,0.540404657,1,0.307692308,2.153846154,N1 P1 O4,de-protonated,0,-9999,C13 H28 O4 N1 P1,13,28,4,1,1,-9999,-9999,-9999,-9999,-9999
871,292.2132,292.213053761,292.212810303,3174879.5,-9999,355194.8,21.65,-1,0.833151915,0.881657893,0.98877488,0.924504688,0,0.2,2.2,13C1 P1 O3,de-protonated,1,866,C14 H33 O3 P1 13C1,14,33,3,-9999,1,-9999,1,-9999,-9999,-9999
871,292.2132,292.213053761,292.212946649,3174879.5,-9999,355194.8,21.65,-1,0.366554747,0.975914911,0,0.585548947,0,0.357142857,2.214285714,N1 O5,de-protonated,0,-9999,C14 H31 O5 N1,14,31,5,1,-9999,-9999,-9999,-9999,-9999,-9999
874,293.030506,293.03035952,293.030290827,2284755.5,-9999,388326.9,14.89,-1,0.23442382,0.990078123,0,0.594046874,9,0.615384615,0.769230769,O8,de-protonated,0,-9999,C13 H10 O8,13,10,8,-9999,-9999,-9999,-9999,-9999,-9999,-9999
874,293.030506,293.03035952,293.030128635,2284755.5,-9999,388326.9,14.89,-1,0.787921062,0.893466087,0,0.536079652,4,0.25,1.875,N4 S2 P1 O2,de-protonated,0,-9999,C8 H15 O2 N4 P1 S2,8,15,2,4,1,2,-9999,-9999,-9999,-9999
876,293.067005,293.066858509,293.066676336,2381790.3,-9999,278877.7,15.63,-1,0.621609922,0.932289797,0,0.559373878,8,0.5,1,O7,de-protonated,0,-9999,C14 H14 O7,14,14,7,-9999,-9999,-9999,-9999,-9999,-9999,-9999
877,293.103284,293.103137498,293.103061845,1493993.1,-9999,370469,8.89,-1,0.25811089,0.987984435,0,0.592790661,7,0.4,1.2,O6,de-protonated,0,-9999,C15 H18 O6,15,18,6,-9999,-9999,-9999,-9999,-9999,-9999,-9999
878,293.11452,293.114373495,293.114295235,14489836,-9999,346714.6,107.49,-1,0.266996479,0.981899867,0.994602439,0.986980896,7,0.357142857,1.285714286,N2 O5,de-protonated,0,-9999,C14 H18 O5 N2,14,18,5,2,-9999,-9999,-9999,-9999,-9999,-9999
879,293.116318,293.116171494,293.115949005,2515693,-9999,374780.3,16.64,-1,0.759050043,0.900736132,0,0.540441679,2,0.5,1.916666667,P1 O6,de-protonated,0,-9999,C12 H23 O6 P1,12,23,6,-9999,1,-9999,-9999,-9999,-9999,-9999
880,293.139708,293.139561488,293.139447355,1800180,-9999,399419,11.22,-1,0.38934708,0.972868831,0,0.583721299,6,0.3125,1.375,O5,de-protonated,0,-9999,C16 H22 O5,16,22,5,-9999,-9999,-9999,-9999,-9999,-9999,-9999
881,293.15092,293.150773484,293.150680744,5012727.5,-9999,354422.6,35.59,-1,0.316357401,0.982004146,0,0.589202488,6,0.266666667,1.466666667,N2 O4,de-protonated,0,-9999,C15 H22 O4 N2,15,22,4,2,-9999,-9999,-9999,-9999,-9999,-9999
882,293.152737,293.152590484,293.152334514,6337784,-9999,358291.6,45.64,-1,0.873162315,0.870803671,0,0.522482203,1,0.384615385,2.076923077,P1 O5,de-protonated,0,-9999,C13 H27 O5 P1,13,27,5,-9999,1,-9999,-9999,-9999,-9999,-9999
883,293.165251,293.16510448,293.165285436,3192571.5,-9999,320074.3,21.78,-1,-0.617250619,0.93320382,0,0.559922292,1,0.272727273,2.363636364,N4 S1 O3,de-protonated,0,-9999,C11 H26 O3 N4 S1,11,26,3,4,-9999,1,-9999,-9999,-9999,-9999
885,293.175992,293.175845477,293.175832864,644147456,-9999,354445.3,4884.39,-1,0.043021707,0.985430635,0.988428986,0.986629975,5,0.235294118,1.529411765,O4,de-protonated,0,-9999,C17 H26 O4,17,26,4,-9999,-9999,-9999,-9999,-9999,-9999,-9999
886,293.1794,293.179253476,293.179204167,5865728,-9999,341065,42.06,-1,0.168185867,0.994880603,0,0.596928362,0,0.285714286,2.142857143,S1 O4,de-protonated,0,-9999,C14 H30 O4 S1,14,30,4,-9999,-9999,1,-9999,-9999,-9999,-9999
887,293.189105,293.188958473,293.188720024,5637378.5,-9999,362753.3,40.33,-1,0.813296921,0.886903075,0,0.532141845,0,0.285714286,2.214285714,P1 O4,de-protonated,0,-9999,C14 H31 O4 P1,14,31,4,-9999,1,-9999,-9999,-9999,-9999,-9999
889,293.212373,293.212226466,293.212218373,1910537.6,-9999,385923.7,12.05,-1,0.0276006,0.999861783,0,0.59991707,4,0.166666667,1.666666667,O3,de-protonated,0,-9999,C18 H30 O3,18,30,3,-9999,-9999,-9999,-9999,-9999,-9999,-9999
890,294.03941,294.039263222,294.039296338,1342974.9,-9999,362999.5,7.75,-1,-0.112625227,0.997701071,0,0.598620643,3,0.3,1.8,N1 S2 P1 O3,de-protonated,0,-9999,C10 H18 O3 N1 P1 S2,10,18,3,1,1,2,-9999,-9999,-9999,-9999
891,294.117903,294.117756199,294.11765007,2298390.3,-9999,416942.4,14.99,-1,0.360839148,0.976651391,0.994602439,0.98383181,7,0.357142857,1.285714286,13C1 N2 O5,de-protonated,1,878,C13 H18 O5 N2 13C1,13,18,5,2,-9999,-9999,1,-9999,-9999,-9999
892,294.122796,294.122649197,294.122431366,1969687.6,-9999,428506.5,12.5,-1,0.740613413,0.905266325,0,0.543159795,2,0.5,2.2,N3 P1 O5,de-protonated,0,-9999,C10 H22 O5 N3 P1,10,22,5,3,1,-9999,-9999,-9999,-9999,-9999
893,294.155935,294.155788188,294.155825695,1287969.4,-9999,383346.3,7.33,-1,-0.127508326,0.997054287,0,0.598232572,1,0.583333333,2.083333333,N1 O7,de-protonated,0,-9999,C12 H25 O7 N1,12,25,7,1,-9999,-9999,-9999,-9999,-9999,-9999
894,294.179418,294.179271181,294.179187699,110389800,-9999,350000,835.03,-1,0.283778028,0.981888125,0.988428986,0.984504469,5,0.235294118,1.529411765,13C1 O4,de-protonated,1,885,C16 H26 O4 13C1,16,26,4,-9999,-9999,-9999,1,-9999,-9999,-9999
895,294.184376,294.184229179,294.183968996,10097194,-9999,370193.5,74.16,-1,0.884424215,0.891924556,0.998490829,0.934551065,0,0.307692308,2.307692308,N1 P1 O4,de-protonated,0,-9999,C13 H30 O4 N1 P1,13,30,4,1,1,-9999,-9999,-9999,-9999,-9999
898,294.938035,294.937887957,294.937653743,3213064.3,-9999,367948.4,21.93,-1,0.7941129,0.891879436,0,0.535127661,10,0.545454545,0.363636364,S2 O6,de-protonated,0,-9999,C11 H4 O6 S2,11,4,6,-9999,-9999,2,-9999,-9999,-9999,-9999
899,295.009741,295.009593935,295.009555382,2342173.3,-9999,411464.5,15.32,-1,0.130686594,0.996905837,0,0.598143502,9,0.75,0.666666667,O9,de-protonated,0,-9999,C12 H8 O9,12,8,9,-9999,-9999,-9999,-9999,-9999,-9999,-9999
899,295.009741,295.009593935,295.00939319,2342173.3,-9999,411464.5,15.32,-1,0.680470279,0.91941474,0,0.551648844,4,0.428571429,1.857142857,N4 S2 P1 O3,de-protonated,0,-9999,C7 H13 O3 N4 P1 S2,7,13,3,4,1,2,-9999,-9999,-9999,-9999
900,295.025049,295.024901931,295.024811523,1661729.8,-9999,438430.4,10.16,-1,0.306441969,0.983105103,0,0.589863062,13,0.375,0.5,O6,de-protonated,0,-9999,C16 H8 O6,16,8,6,-9999,-9999,-9999,-9999,-9999,-9999,-9999
901,295.046167,295.046019925,295.045940891,3103528,-9999,336832.8,21.1,-1,0.267869095,0.987064747,0,0.592238848,8,0.615384615,0.923076923,O8,de-protonated,0,-9999,C13 H12 O8,13,12,8,-9999,-9999,-9999,-9999,-9999,-9999,-9999
901,295.046167,295.046019925,295.0457787,3103528,-9999,336832.8,21.1,-1,0.817585055,0.885778353,0,0.531467012,3,0.25,2.125,N4 S2 P1 O2,de-protonated,0,-9999,C8 H17 O2 N4 P1 S2,8,17,2,4,1,2,-9999,-9999,-9999,-9999
902,295.082529,295.082381914,295.0823264,2634546.8,-9999,364871.2,17.54,-1,0.188129204,0.993598636,0,0.596159182,7,0.5,1.142857143,O7,de-protonated,0,-9999,C14 H16 O7,14,16,7,-9999,-9999,-9999,-9999,-9999,-9999,-9999
902,295.082529,295.082381914,295.082164209,2634546.8,-9999,364871.2,17.54,-1,0.737777336,0.905955298,0,0.543573179,2,0.111111111,2.333333333,N4 S2 P1 O1,de-protonated,0,-9999,C9 H21 O1 N4 P1 S2,9,21,1,4,1,2,-9999,-9999,-9999,-9999
903,295.093785,295.093637911,295.09355979,1514806,-9999,361577.4,9.05,-1,0.264732954,0.987363948,0,0.592418369,7,0.461538462,1.230769231,N2 O6,de-protonated,0,-9999,C13 H16 O6 N2,13,16,6,2,-9999,-9999,-9999,-9999,-9999,-9999
904,295.095562,295.09541491,295.09521356,1850678.5,-9999,430532.5,11.59,-1,0.682322775,0.918993671,0,0.551396203,2,0.636363636,1.909090909,P1 O7,de-protonated,0,-9999,C11 H21 O7 P1,11,21,7,-9999,1,-9999,-9999,-9999,-9999,-9999
906,295.118943,295.118795903,295.11871191,4022077.3,-9999,363111.2,28.07,-1,0.284609204,0.985409706,0,0.591245824,6,0.4,1.333333333,O6,de-protonated,0,-9999,C15 H20 O6,15,20,6,-9999,-9999,-9999,-9999,-9999,-9999,-9999
907,295.130159,295.1300119,295.129945299,2051904.6,-9999,415523.4,13.12,-1,0.225666359,0.990802231,0,0.594481339,6,0.357142857,1.428571429,N2 O5,de-protonated,0,-9999,C14 H20 O5 N2,14,20,5,2,-9999,-9999,-9999,-9999,-9999,-9999
909,295.140115,295.139967897,295.139841278,1715523.6,-9999,465335.2,10.57,-1,0.429014226,0.967155285,0,0.580293171,1,0.666666667,2,O8,de-protonated,0,-9999,C12 H24 O8,12,24,8,-9999,-9999,-9999,-9999,-9999,-9999,-9999
911,295.155291,295.155143892,295.155097419,3129160,-9999,378078.6,21.29,-1,0.157454234,0.995511657,0,0.597306994,5,0.3125,1.5,O5,de-protonated,0,-9999,C16 H24 O5,16,24,5,-9999,-9999,-9999,-9999,-9999,-9999,-9999
912,295.168418,295.168270889,295.167984579,5217100,-9999,375145,37.13,-1,0.969989935,0.84305631,0,0.505833786,0,0.384615385,2.230769231,P1 O5,de-protonated,0,-9999,C13 H29 O5 P1,13,29,5,-9999,1,-9999,-9999,-9999,-9999,-9999
913,295.180344,295.180196885,295.180077857,4673359.5,-9999,354981.8,33.01,-1,0.403238063,0.978246395,0.988428986,0.982319431,5,0.235294118,1.529411765,O3 18O1,de-protonated,1,885,C17 H26 O3 18O1,17,26,3,-9999,-9999,-9999,-9999,-9999,1,-9999
914,295.182773,295.182625884,295.182542534,8190800,-9999,356237.9,59.69,-1,0.282368581,0.9819238,0.988428986,0.984525874,5,0.235294118,1.529411765,13C2 O4,de-protonated,1,885,C15 H26 O4 13C2,15,26,4,-9999,-9999,-9999,2,-9999,-9999,-9999
916,295.187676,295.187528883,295.187323831,1439569.6,-9999,444272.5,8.48,-1,0.694650859,0.916167367,0.998490829,0.949096752,0,0.307692308,2.307692308,13C1 N1 P1 O4,de-protonated,1,895,C12 H30 O4 N1 P1 13C1,12,30,4,1,1,-9999,1,-9999,-9999,-9999
916,295.187676,295.187528883,295.187460176,1439569.6,-9999,444272.5,8.48,-1,0.232755511,0.990218151,0,0.594130891,0,0.5,2.333333333,N2 O6,de-protonated,0,-9999,C12 H28 O6 N2,12,28,6,2,-9999,-9999,-9999,-9999,-9999,-9999
917,295.191709,295.191561882,295.191482928,3242322.8,-9999,329919.2,22.15,-1,0.267464754,0.987103515,0,0.592262109,4,0.235294118,1.647058824,O4,de-protonated,0,-9999,C17 H28 O4,17,28,4,-9999,-9999,-9999,-9999,-9999,-9999,-9999
918,295.228076,295.227928871,295.227868438,2604381.5,-9999,378778.9,17.31,-1,0.204700288,0.99242573,0,0.595455438,3,0.166666667,1.777777778,O3,de-protonated,0,-9999,C18 H32 O3,18,32,3,-9999,-9999,-9999,-9999,-9999,-9999,-9999
921,296.127286,296.127138605,296.126848041,2750565,-9999,359828.7,18.17,-1,0.981214695,0.839712608,0,0.503827565,1,0.545454545,2.181818182,N1 P1 O6,de-protonated,0,-9999,C11 H24 O6 N1 P1,11,24,6,1,1,-9999,-9999,-9999,-9999,-9999
928,297.025451,297.02530334,297.025205446,1633643,-9999,232133.8,9.81,-1,0.329582091,0.980483221,0,0.588289932,8,0.75,0.833333333,O9,de-protonated,0,-9999,C12 H10 O9,12,10,9,-9999,-9999,-9999,-9999,-9999,-9999,-9999
928,297.025451,297.02530334,297.025043255,1633643,-9999,232133.8,9.81,-1,0.875634982,0.87012069,0,0.522072414,3,0.428571429,2.142857143,N4 S2 P1 O3,de-protonated,0,-9999,C7 H15 O3 N4 P1 S2,7,15,3,4,1,2,-9999,-9999,-9999,-9999
929,297.040706,297.040558336,297.040461587,1356655.5,-9999,372846.8,7.74,-1,0.325707797,0.980934994,0,0.588560996,12,0.375,0.625,O6,de-protonated,0,-9999,C16 H10 O6,16,10,6,-9999,-9999,-9999,-9999,-9999,-9999,-9999
930,297.061868,297.06172033,297.061590955,2718581.5,-9999,364061.7,17.93,-1,0.435512668,0.966169876,0,0.579701925,7,0.615384615,1.076923077,O8,de-protonated,0,-9999,C13 H14 O8,13,14,8,-9999,-9999,-9999,-9999,-9999,-9999,-9999
930,297.061868,297.06172033,297.061428764,2718581.5,-9999,364061.7,17.93,-1,0.981498734,0.839627671,0,0.503776602,2,0.25,2.375,N4 S2 P1 O2,de-protonated,0,-9999,C8 H19 O2 N4 P1 S2,8,19,2,4,1,2,-9999,-9999,-9999,-9999
931,297.074802,297.074654326,297.074478115,1570425.4,-9999,427647,9.34,-1,0.593153267,0.938155809,0,0.562893485,2,0.8,1.9,P1 O8,de-protonated,0,-9999,C10 H19 O8 P1,10,19,8,-9999,1,-9999,-9999,-9999,-9999,-9999
932,297.098177,297.098029319,297.097976465,2823040.3,-9999,339757.7,18.71,-1,0.177900962,0.994273833,0,0.5965643,6,0.5,1.285714286,O7,de-protonated,0,-9999,C14 H18 O7,14,18,7,-9999,-9999,-9999,-9999,-9999,-9999,-9999
933,297.104439,297.104291317,297.104338949,1601410,-9999,296924.9,9.57,-1,-0.160320624,0.995347137,0,0.597208282,1,0.4,2.3,N2 S1 P1 O4,de-protonated,0,-9999,C10 H23 O4 N2 P1 S1,10,23,4,2,1,1,-9999,-9999,-9999,-9999
934,297.111204,297.111056315,297.110863624,1735812,-9999,370802.1,10.58,-1,0.648547809,0.926519761,0,0.555911857,1,0.636363636,2.090909091,P1 O7,de-protonated,0,-9999,C11 H23 O7 P1,11,23,7,-9999,1,-9999,-9999,-9999,-9999,-9999
935,297.134602,297.134454308,297.134361974,4354443,-9999,353046.9,30.18,-1,0.310748008,0.982631138,0,0.589578683,5,0.4,1.466666667,O6,de-protonated,0,-9999,C15 H22 O6,15,22,6,-9999,-9999,-9999,-9999,-9999,-9999,-9999
936,297.147557,297.147409304,297.147249134,1390478.5,-9999,308220,7.99,-1,0.539027424,0.948645579,0,0.569187347,0,0.5,2.25,P1 O6,de-protonated,0,-9999,C12 H27 O6 P1,12,27,6,-9999,1,-9999,-9999,-9999,-9999,-9999
937,297.153216,297.153068303,297.152989419,71331216,-9999,348460.1,531.54,-1,0.265465293,0.969091956,0.991664223,0.978120862,4,0.1875,1.625,S1 O3,de-protonated,0,-9999,C16 H26 O3 S1,16,26,3,-9999,-9999,1,-9999,-9999,-9999,-9999
939,297.170978,297.170830297,297.170747484,10093973,-9999,348105.2,73.14,-1,0.278674202,0.987344653,0.944977139,0.970397647,4,0.3125,1.625,O5,de-protonated,0,-9999,C16 H26 O5,16,26,5,-9999,-9999,-9999,-9999,-9999,-9999,-9999
940,297.20737,297.207222287,297.207132993,10692000,-9999,347989.5,77.62,-1,0.300442743,0.991809426,0.981365108,0.987631698,3,0.235294118,1.764705882,O4,de-protonated,0,-9999,C17 H30 O4,17,30,4,-9999,-9999,-9999,-9999,-9999,-9999,-9999
941,297.243706,297.243558276,297.243518502,3130282.5,-9999,344552.6,21.01,-1,0.133808293,0.996756495,0,0.598053897,2,0.166666667,1.888888889,O3,de-protonated,0,-9999,C18 H34 O3,18,34,3,-9999,-9999,-9999,-9999,-9999,-9999,-9999
943,298.141093,298.140945011,298.140844336,2359470.8,-9999,391262.1,15.24,-1,0.337676816,0.979522764,0,0.587713659,5,0.384615385,1.615384615,N3 O5,de-protonated,0,-9999,C13 H21 O5 N3,13,21,5,3,-9999,-9999,-9999,-9999,-9999,-9999
944,298.156587,298.156439006,298.156344254,11544243,-9999,355102.4,84,-1,0.317794634,0.967274413,0.991664223,0.977030337,4,0.1875,1.625,13C1 S1 O3,de-protonated,1,937,C15 H26 O3 S1 13C1,15,26,3,-9999,-9999,1,1,-9999,-9999,-9999
945,298.174325,298.174177001,298.174102319,2563768.3,-9999,354997.4,16.77,-1,0.250466116,0.988681669,0.944977139,0.971199857,4,0.3125,1.625,13C1 O5,de-protonated,1,939,C15 H26 O5 13C1,15,26,5,-9999,-9999,-9999,1,-9999,-9999,-9999
946,298.177482,298.177334,298.177229845,4636345,-9999,350669.8,32.29,-1,0.349306207,0.978103849,0,0.586862309,4,0.285714286,1.785714286,N3 O4,de-protonated,0,-9999,C14 H25 O4 N3,14,25,4,3,-9999,-9999,-9999,-9999,-9999,-9999
947,298.210644,298.21049599,298.210487828,2251458.8,-9999,366917.9,14.43,-1,0.027371391,0.999864069,0.981365108,0.992464485,3,0.235294118,1.764705882,13C1 O4,de-protonated,1,940,C16 H30 O4 13C1,16,30,4,-9999,-9999,-9999,1,-9999,-9999,-9999
951,299.005479,299.005330756,299.005339381,1568168,-9999,413856.4,9.32,-1,-0.028846983,0.999849019,0,0.599909411,7,0.416666667,1,S2 O5,de-protonated,0,-9999,C12 H12 O5 S2,12,12,5,-9999,-9999,2,-9999,-9999,-9999,-9999
952,299.019968,299.019819751,299.019726143,5770156,-9999,363328.8,40.77,-1,0.313052591,0.982374852,0,0.589424911,12,0.466666667,0.533333333,O7,de-protonated,0,-9999,C15 H8 O7,15,8,7,-9999,-9999,-9999,-9999,-9999,-9999,-9999
952,299.019968,299.019819751,299.019563951,5770156,-9999,363328.8,40.77,-1,0.85546319,0.875651339,0,0.525390803,7,0.1,1.3,N4 S2 P1 O1,de-protonated,0,-9999,C10 H13 O1 N4 P1 S2,10,13,1,4,1,2,-9999,-9999,-9999,-9999
953,299.041086,299.040937745,299.040855511,2842546.3,-9999,324674.5,18.86,-1,0.274994548,0.986372198,0,0.591823319,7,0.75,1,O9,de-protonated,0,-9999,C12 H12 O9,12,12,9,-9999,-9999,-9999,-9999,-9999,-9999,-9999
953,299.041086,299.040937745,299.040693319,2842546.3,-9999,324674.5,18.86,-1,0.817366801,0.885835706,0,0.531501424,2,0.428571429,2.428571429,N4 S2 P1 O3,de-protonated,0,-9999,C7 H17 O3 N4 P1 S2,7,17,3,4,1,2,-9999,-9999,-9999,-9999
954,299.056348,299.056199741,299.056111652,1302966.6,-9999,489085.1,7.33,-1,0.294556123,0.984380186,0,0.590628112,11,0.375,0.75,O6,de-protonated,0,-9999,C16 H12 O6,16,12,6,-9999,-9999,-9999,-9999,-9999,-9999,-9999
955,299.077496,299.077347734,299.07724102,4762557,-9999,344684.8,33.23,-1,0.356812523,0.977163618,0,0.586298171,6,0.615384615,1.230769231,O8,de-protonated,0,-9999,C13 H16 O8,13,16,8,-9999,-9999,-9999,-9999,-9999,-9999,-9999
956,299.090432,299.090283731,299.090128179,1476800.5,-9999,399584.9,8.63,-1,0.520081075,0.952105886,0,0.571263532,1,0.8,2.1,P1 O8,de-protonated,0,-9999,C10 H21 O8 P1,10,21,8,-9999,1,-9999,-9999,-9999,-9999,-9999
957,299.113836,299.113687724,299.113626529,4104135.3,-9999,366486.1,28.3,-1,0.204585883,0.992434162,0,0.595460497,5,0.5,1.428571429,O7,de-protonated,0,-9999,C14 H20 O7,14,20,7,-9999,-9999,-9999,-9999,-9999,-9999,-9999
958,299.117038,299.116889723,299.116997833,2184136.3,-9999,400896.6,13.93,-1,-0.361429945,0.976575775,0,0.585945465,0,0.636363636,2.181818182,S1 O7,de-protonated,0,-9999,C11 H24 O7 S1,11,24,7,-9999,-9999,1,-9999,-9999,-9999,-9999
958,299.117038,299.116889723,299.11661771,2184136.3,-9999,400896.6,13.93,-1,0.90938672,0.860660469,0,0.516396281,5,0.307692308,1.615384615,N2 P1 O4,de-protonated,0,-9999,C13 H21 O4 N2 P1,13,21,4,2,1,-9999,-9999,-9999,-9999,-9999
959,299.149111,299.148962713,299.148785248,3425745.3,-9999,340862.9,23.22,-1,0.593232929,0.952707067,0.991664223,0.968289929,4,0.1875,1.625,34S1 O3,de-protonated,1,937,C16 H26 O3 34S1,16,26,3,-9999,-9999,-9999,-9999,-9999,-9999,1
960,299.15026,299.150111713,299.150012039,6042577.5,-9999,347220.5,42.81,-1,0.333191766,0.980057688,0,0.588034613,4,0.4,1.6,O6,de-protonated,0,-9999,C15 H24 O6,15,24,6,-9999,-9999,-9999,-9999,-9999,-9999,-9999
961,299.161391,299.16124271,299.161245428,2226645,-9999,299808.8,14.25,-1,-0.009086256,0.99998502,0,0.599991012,4,0.357142857,1.714285714,N2 O5,de-protonated,0,-9999,C14 H24 O5 N2,14,24,5,2,-9999,-9999,-9999,-9999,-9999,-9999
962,299.18663,299.186481702,299.186397548,44330972,-9999,343467,329.42,-1,0.281276934,0.983676243,0.996680866,0.988878092,3,0.3125,1.75,O5,de-protonated,0,-9999,C16 H28 O5,16,28,5,-9999,-9999,-9999,-9999,-9999,-9999,-9999
963,299.223027,299.222878691,299.222783057,15478759,-9999,351358,113.44,-1,0.319608471,0.984496233,0.986807725,0.98542083,2,0.235294118,1.882352941,O4,de-protonated,0,-9999,C17 H32 O4,17,32,4,-9999,-9999,-9999,-9999,-9999,-9999,-9999
964,299.259429,299.259280681,299.259168567,2892273,-9999,367781.2,19.23,-1,0.374638608,0.974854486,0,0.584912691,1,0.166666667,2,O3,de-protonated,0,-9999,C18 H36 O3,18,36,3,-9999,-9999,-9999,-9999,-9999,-9999,-9999
965,300.120338,300.120189427,300.120108891,2240232,-9999,362599.1,14.35,-1,0.268345104,0.987019033,0,0.59221142,5,0.5,1.583333333,N3 O6,de-protonated,0,-9999,C12 H19 O6 N3,12,19,6,3,-9999,-9999,-9999,-9999,-9999,-9999
967,300.15681,300.156661416,300.1564944,1419250.5,-9999,378976.3,8.2,-1,0.556428552,0.945370066,0,0.56722204,4,0.384615385,1.769230769,N3 O5,de-protonated,0,-9999,C13 H23 O5 N3,13,23,5,3,-9999,-9999,-9999,-9999,-9999,-9999
968,300.181956,300.181807408,300.18164652,2532601.8,-9999,366150.7,16.53,-1,0.53596934,0.949211615,0,0.569526969,3,0.333333333,1.8,N1 O5,de-protonated,0,-9999,C15 H27 O5 N1,15,27,5,1,-9999,-9999,-9999,-9999,-9999,-9999
969,300.189997,300.189848406,300.189752383,7874812,-9999,370037.3,56.52,-1,0.31987406,0.981605558,0.996680866,0.987635681,3,0.3125,1.75,13C1 O5,de-protonated,1,962,C15 H28 O5 13C1,15,28,5,-9999,-9999,-9999,1,-9999,-9999,-9999
970,300.193126,300.192977405,300.192879909,5979389,-9999,339178.2,42.33,-1,0.324776427,0.981042833,0,0.5886257,3,0.285714286,1.928571429,N3 O4,de-protonated,0,-9999,C14 H27 O4 N3,14,27,4,3,-9999,-9999,-9999,-9999,-9999,-9999
971,300.226366,300.226217395,300.226137892,3136774.5,-9999,345607,21.06,-1,0.264809811,0.987356657,0.986807725,0.987137084,2,0.235294118,1.882352941,13C1 O4,de-protonated,1,963,C16 H32 O4 13C1,16,32,4,-9999,-9999,-9999,1,-9999,-9999,-9999
975,300.999078,300.99892916699997,300.998990698,1488099,-9999,374721,8.71,-1,-0.204421115,0.992446297,0,0.595467778,12,0.571428571,0.428571429,O8,de-protonated,0,-9999,C14 H6 O8,14,6,8,-9999,-9999,-9999,-9999,-9999,-9999,-9999
975,300.999078,300.99892916699997,300.998828506,1488099,-9999,374721,8.71,-1,0.3344225,0.979911583,0,0.58794695,7,0.222222222,1.222222222,N4 S2 P1 O2,de-protonated,0,-9999,C9 H11 O2 N4 P1 S2,9,11,2,4,1,2,-9999,-9999,-9999,-9999
977,301.056844,301.05669515,301.056505575,1789939.5,-9999,362130.1,10.97,-1,0.629699016,0.93057911,0,0.558347466,6,0.75,1.166666667,O9,de-protonated,0,-9999,C12 H14 O9,12,14,9,-9999,-9999,-9999,-9999,-9999,-9999,-9999
977,301.056844,301.05669515,301.056994832,1789939.5,-9999,362130.1,10.97,-1,-0.995433987,0.835441062,0,0.501264637,10,0.066666667,1,N2 S1 P1 O1,de-protonated,0,-9999,C15 H15 O1 N2 P1 S1,15,15,1,2,1,1,-9999,-9999,-9999,-9999
978,301.071971,301.071822146,301.071761716,1512439.8,-9999,431647.2,8.9,-1,0.200713706,0.992716812,0,0.595630087,10,0.375,0.875,O6,de-protonated,0,-9999,C16 H14 O6,16,14,6,-9999,-9999,-9999,-9999,-9999,-9999,-9999
979,301.093139,301.092990139,301.092891084,3140093.8,-9999,353631.9,21.08,-1,0.328984582,0.98055323,0,0.588331938,5,0.615384615,1.384615385,O8,de-protonated,0,-9999,C13 H18 O8,13,18,8,-9999,-9999,-9999,-9999,-9999,-9999,-9999
980,301.096348,301.096199138,301.096262388,1619710.8,-9999,365202.4,9.7,-1,-0.210063546,0.992025238,0,0.595215143,0,0.8,2.2,S1 O8,de-protonated,0,-9999,C10 H22 O8 S1,10,22,8,-9999,-9999,1,-9999,-9999,-9999,-9999
981,301.121377,301.121228131,301.121034385,2380293.8,-9999,359600.9,15.39,-1,0.643414772,0.927635324,0,0.556581194,4,0.357142857,1.642857143,P1 O5,de-protonated,0,-9999,C14 H23 O5 P1,14,23,5,-9999,1,-9999,-9999,-9999,-9999,-9999
982,301.130218,301.130069128,301.130145974,5986824.5,-9999,276774.6,42.39,-1,-0.255189491,0.988253295,0,0.592951977,3,0.133333333,1.733333333,S2 O2,de-protonated,0,-9999,C15 H26 O2 S2,15,26,2,-9999,-9999,2,-9999,-9999,-9999,-9999
983,301.140741,301.140592125,301.140509983,2564619.3,-9999,350272,16.77,-1,0.272770423,0.986590268,0,0.591954161,4,0.461538462,1.692307692,N2 O6,de-protonated,0,-9999,C13 H22 O6 N2,13,22,6,2,-9999,-9999,-9999,-9999,-9999,-9999
984,301.151934,301.151785122,301.151743372,1610254.5,-9999,425019,9.63,-1,0.138633199,0.996518782,0,0.597911269,4,0.416666667,1.833333333,N4 O5,de-protonated,0,-9999,C12 H22 O5 N4,12,22,5,4,-9999,-9999,-9999,-9999,-9999,-9999
985,301.157868,301.15771912,301.157419895,1421840.3,-9999,388390.5,8.22,-1,0.99358534,0.835998643,0,0.501599186,3,0.266666667,1.8,P1 O4,de-protonated,0,-9999,C15 H27 O4 P1,15,27,4,-9999,1,-9999,-9999,-9999,-9999,-9999
986,301.165908,301.165759118,301.165662103,6354450.5,-9999,347801.1,45.14,-1,0.322130793,0.490673769,0.860410506,0.638568464,3,0.4,1.733333333,O6,de-protonated,0,-9999,C15 H26 O6,15,26,6,-9999,-9999,-9999,-9999,-9999,-9999,-9999
987,301.202277,301.202128107,301.202047612,52032028,-9999,341382.4,387.06,-1,0.267244682,0.98244929,0.983550501,0.982889774,2,0.3125,1.875,O5,de-protonated,0,-9999,C16 H30 O5,16,30,5,-9999,-9999,-9999,-9999,-9999,-9999,-9999
988,301.23866400000003,301.238515096,301.238433122,4569639,-9999,371774.6,31.78,-1,0.272125145,0.986653214,0,0.591991928,1,0.235294118,2,O4,de-protonated,0,-9999,C17 H34 O4,17,34,4,-9999,-9999,-9999,-9999,-9999,-9999,-9999
990,302.089141,302.088991845,302.089009436,1765144.8,-9999,357198.7,10.78,-1,-0.058231924,0.999384905,0,0.599630943,4,0.230769231,1.615384615,N1 S2 O3,de-protonated,0,-9999,C13 H21 O3 N1 S2,13,21,3,1,-9999,2,-9999,-9999,-9999,-9999
991,302.135967,302.135817831,302.13575895499997,7969574,-9999,344713.2,57.23,-1,0.19486664,0.496566765,0.885121231,0.651988552,4,0.5,1.75,N3 O6,de-protonated,0,-9999,C12 H21 O6 N3,12,21,6,3,-9999,-9999,-9999,-9999,-9999,-9999
992,302.172366,302.172216821,302.172144465,4105008.5,-9999,359795.5,28.3,-1,0.239453188,0.989650059,0,0.593790036,3,0.384615385,1.923076923,N3 O5,de-protonated,0,-9999,C13 H25 O5 N3,13,25,5,3,-9999,-9999,-9999,-9999,-9999,-9999
993,302.205658,302.205508811,302.205402447,7848762,-9999,340207.1,56.32,-1,0.351957056,0.977773987,0.983550501,0.980084593,2,0.3125,1.875,13C1 O5,de-protonated,1,987,C15 H30 O5 13C1,15,30,5,-9999,-9999,-9999,1,-9999,-9999,-9999
996,303.003099,303.002949575,303.003245181,2072091.3,-9999,370154.7,13.08,-1,-0.975587186,0.841392113,0,0.504835268,6,0.3,1.3,N2 S2 P1 O3,de-protonated,0,-9999,C10 H13 O3 N2 P1 S2,10,13,3,2,1,2,-9999,-9999,-9999,-9999
997,303.014932,303.014782572,303.014640762,5090334.5,-9999,359429.5,35.67,-1,0.467996538,0.961038288,0,0.576622973,11,0.571428571,0.571428571,O8,de-protonated,0,-9999,C14 H8 O8,14,8,8,-9999,-9999,-9999,-9999,-9999,-9999,-9999
999,303.035916,303.035766566,303.03577013,1265444.5,-9999,361508.4,7.04,-1,-0.011762482,0.999974896,0,0.599984937,6,0.909090909,1.090909091,O10,de-protonated,0,-9999,C11 H12 O10,11,12,10,-9999,-9999,-9999,-9999,-9999,-9999,-9999
1001,303.073065,303.072915555,303.073025019,1707311,-9999,277586.9,10.35,-1,-0.361182396,0.976607473,0,0.585964484,4,0.307692308,1.538461538,S2 O4,de-protonated,0,-9999,C13 H20 O4 S2,13,20,4,-9999,-9999,2,-9999,-9999,-9999,-9999
1001,303.073065,303.072915555,303.072644897,1707311,-9999,277586.9,10.35,-1,0.893046216,0.865272277,0,0.519163366,9,0.066666667,1.133333333,N2 S1 P1 O1,de-protonated,0,-9999,C15 H17 O1 N2 P1 S1,15,17,1,2,1,1,-9999,-9999,-9999,-9999
1002,303.087701,303.08755155,303.087411781,1386291.1,-9999,381116.9,7.95,-1,0.461152829,0.962147775,0,0.577288665,9,0.375,1,O6,de-protonated,0,-9999,C16 H16 O6,16,16,6,-9999,-9999,-9999,-9999,-9999,-9999,-9999
1003,303.108831,303.108681544,303.108541149,1887801.1,-9999,393290,11.7,-1,0.463184964,0.961819902,0,0.577091941,4,0.615384615,1.538461538,O8,de-protonated,0,-9999,C13 H20 O8,13,20,8,-9999,-9999,-9999,-9999,-9999,-9999,-9999
1004,303.127311,303.127161539,303.127168593,2262078.3,-9999,294699.5,14.5,-1,-0.023273227,0.999901724,0,0.599941035,3,0.357142857,1.714285714,S1 O5,de-protonated,0,-9999,C14 H24 O5 S1,14,24,5,-9999,-9999,1,-9999,-9999,-9999,-9999
1005,303.137084,303.136934536,303.13668445,4421697,-9999,353156.8,30.67,-1,0.824994565,0.883824395,0,0.530294637,3,0.357142857,1.785714286,P1 O5,de-protonated,0,-9999,C14 H25 O5 P1,14,25,5,-9999,1,-9999,-9999,-9999,-9999,-9999
1006,303.145153,303.145003533,303.144926658,7562307.5,-9999,342673.5,54.18,-1,0.253592384,0.494199508,0.86849267,0.643916772,3,0.5,1.714285714,O7,de-protonated,0,-9999,C14 H24 O7,14,24,7,-9999,-9999,-9999,-9999,-9999,-9999,-9999
1007,303.173465,303.173315525,303.173069959,6485067.5,-9999,347767.5,46.11,-1,0.809986274,0.44388417,0.860410506,0.610494704,2,0.266666667,1.933333333,P1 O4,de-protonated,0,-9999,C15 H29 O4 P1,15,29,4,-9999,1,-9999,-9999,-9999,-9999,-9999
1008,303.181523,303.181373523,303.181312168,3204685.5,-9999,387045.4,21.56,-1,0.202371168,0.992596476,0,0.595557886,2,0.4,1.866666667,O6,de-protonated,0,-9999,C15 H28 O6,15,28,6,-9999,-9999,-9999,-9999,-9999,-9999,-9999
1009,303.217924,303.217774512,303.217697677,23643224,-9999,339444.5,174.55,-1,0.253398991,0.984365328,0.976844253,0.981356898,1,0.3125,2,O5,de-protonated,0,-9999,C16 H32 O5,16,32,5,-9999,-9999,-9999,-9999,-9999,-9999,-9999
1012,304.221303,304.221153216,304.22105251200003,3358066,-9999,344458.9,22.39,-1,0.331021593,0.980314056,0.976844253,0.978926135,1,0.3125,2,13C1 O5,de-protonated,1,1009,C15 H32 O5 13C1,15,32,5,-9999,-9999,-9999,1,-9999,-9999,-9999
1015,305.030568,305.030417977,305.030290827,2708052.8,-9999,341652.3,17.59,-1,0.416844565,0.968963425,0,0.581378055,10,0.571428571,0.714285714,O8,de-protonated,0,-9999,C14 H10 O8,14,10,8,-9999,-9999,-9999,-9999,-9999,-9999,-9999
1015,305.030568,305.030417977,305.030128635,2708052.8,-9999,341652.3,17.59,-1,0.948567115,0.849367078,0,0.509620247,5,0.222222222,1.666666667,N4 S2 P1 O2,de-protonated,0,-9999,C9 H15 O2 N4 P1 S2,9,15,2,4,1,2,-9999,-9999,-9999,-9999
1016,305.067022,305.066871966,305.066676336,2010719,-9999,324735.7,12.44,-1,0.641269994,0.928099218,0,0.556859531,9,0.466666667,0.933333333,O7,de-protonated,0,-9999,C15 H14 O7,15,14,7,-9999,-9999,-9999,-9999,-9999,-9999,-9999
1017,305.103355,305.103204955,305.103061845,1809001.1,-9999,293589.6,10.95,-1,0.469054711,0.960865396,0,0.576519237,8,0.375,1.125,O6,de-protonated,0,-9999,C16 H18 O6,16,18,6,-9999,-9999,-9999,-9999,-9999,-9999,-9999
1018,305.116312,305.116161951,305.115949005,3584108.8,-9999,333797.6,24.06,-1,0.697920359,0.915410799,0,0.549246479,3,0.461538462,1.769230769,P1 O6,de-protonated,0,-9999,C13 H23 O6 P1,13,23,6,-9999,1,-9999,-9999,-9999,-9999,-9999
1020,305.16083,305.160679938,305.160576723,1681017.1,-9999,353016.8,10.01,-1,0.338233889,0.979455844,0,0.587673507,2,0.5,1.857142857,O7,de-protonated,0,-9999,C14 H26 O7,14,26,7,-9999,-9999,-9999,-9999,-9999,-9999,-9999
1022,305.176096,305.175945934,305.175832864,2053757.4,-9999,378829.4,12.76,-1,0.370507226,0.975399178,0,0.585239507,6,0.222222222,1.444444444,O4,de-protonated,0,-9999,C18 H26 O4,18,26,4,-9999,-9999,-9999,-9999,-9999,-9999,-9999
1023,305.189155,305.18900493,305.188720024,21096066,-9999,338115.2,153.32,-1,0.933541796,0.851870814,0.981553853,0.90374403,1,0.266666667,2.066666667,P1 O4,de-protonated,0,-9999,C15 H31 O4 P1,15,31,4,-9999,1,-9999,-9999,-9999,-9999,-9999
1024,306.184332,306.184181636,306.183968996,1795478.5,-9999,403371.2,10.85,-1,0.694485726,0.916205502,0,0.549723301,1,0.285714286,2.142857143,N1 P1 O4,de-protonated,0,-9999,C14 H30 O4 N1 P1,14,30,4,1,1,-9999,-9999,-9999,-9999,-9999
1025,306.192515,306.192364634,306.192074859,3959704.8,-9999,371272.1,26.83,-1,0.946383443,0.850005044,0.981553853,0.902624567,1,0.266666667,2.066666667,13C1 P1 O4,de-protonated,1,1023,C14 H31 O4 P1 13C1,14,31,4,-9999,1,-9999,1,-9999,-9999,-9999
1025,306.192515,306.192364634,306.192211204,3959704.8,-9999,371272.1,26.83,-1,0.501088808,0.955462321,0,0.573277393,1,0.428571429,2.071428571,N1 O6,de-protonated,0,-9999,C14 H29 O6 N1,14,29,6,1,-9999,-9999,-9999,-9999,-9999,-9999
1028,306.973259,306.973108403,306.973169872,1300721.6,-9999,324059.8,7.2,-1,-0.200242671,0.992750832,0,0.595650499,11,0.833333333,0.333333333,O10,de-protonated,0,-9999,C12 H4 O10,12,4,10,-9999,-9999,-9999,-9999,-9999,-9999,-9999
1028,306.973259,306.973108403,306.973007681,1300721.6,-9999,324059.8,7.2,-1,0.328114199,0.980654992,0,0.588392995,6,0.571428571,1.285714286,N4 S2 P1 O4,de-protonated,0,-9999,C7 H9 O4 N4 P1 S2,7,9,4,4,1,2,-9999,-9999,-9999,-9999
1029,307.025099,307.024948388,307.024811523,1554560,-9999,316891.6,9.07,-1,0.445778066,0.96458518,0,0.578751108,14,0.352941176,0.470588235,O6,de-protonated,0,-9999,C17 H8 O6,17,8,6,-9999,-9999,-9999,-9999,-9999,-9999,-9999
1030,307.046241,307.046090382,307.045940891,2630789.8,-9999,352960.5,17.01,-1,0.486867288,0.957901282,0,0.574740769,9,0.571428571,0.857142857,O8,de-protonated,0,-9999,C14 H12 O8,14,12,8,-9999,-9999,-9999,-9999,-9999,-9999,-9999
1031,307.070495,307.070344374,307.07006144,32364684,-9999,334793.1,236.5,-1,0.92140081,0.874071893,0.994673225,0.922312426,4,0.7,1.7,N2 P1 O7,de-protonated,0,-9999,C10 H17 O7 N2 P1,10,17,7,2,1,-9999,-9999,-9999,-9999,-9999
1032,307.08259,307.082439371,307.0823264,1811087.9,-9999,421099.2,10.96,-1,0.367883569,0.975742109,0,0.585445265,8,0.466666667,1.066666667,O7,de-protonated,0,-9999,C15 H16 O7,15,16,7,-9999,-9999,-9999,-9999,-9999,-9999,-9999
1032,307.08259,307.082439371,307.082164209,1811087.9,-9999,421099.2,10.96,-1,0.896052927,0.864428124,0,0.518656875,3,0.1,2.1,N4 S2 P1 O1,de-protonated,0,-9999,C10 H21 O1 N4 P1 S2,10,21,1,4,1,2,-9999,-9999,-9999,-9999
1035,307.119045,307.11889436,307.11871191,1798554,-9999,269110.1,10.87,-1,0.594071353,0.937970284,0,0.56278217,7,0.375,1.25,O6,de-protonated,0,-9999,C16 H20 O6,16,20,6,-9999,-9999,-9999,-9999,-9999,-9999,-9999
1036,307.132044,307.131893356,307.131599069,1975709.6,-9999,350975.4,12.18,-1,0.95817891,0.846547236,0,0.507928342,2,0.461538462,1.923076923,P1 O6,de-protonated,0,-9999,C13 H25 O6 P1,13,25,6,-9999,1,-9999,-9999,-9999,-9999,-9999
1038,307.155318,307.155167349,307.155097419,1653924,-9999,363474.8,9.8,-1,0.227671198,0.990638848,0,0.594383309,6,0.294117647,1.411764706,O5,de-protonated,0,-9999,C17 H24 O5,17,24,5,-9999,-9999,-9999,-9999,-9999,-9999,-9999
1039,307.168413,307.168262346,307.167984579,6689959.5,-9999,345582.6,46.98,-1,0.904283476,0.862107091,0,0.517264254,1,0.357142857,2.071428571,P1 O5,de-protonated,0,-9999,C14 H29 O5 P1,14,29,5,-9999,1,-9999,-9999,-9999,-9999,-9999
1041,307.191732,307.191581339,307.191482928,3482798.3,-9999,358141.7,23.3,-1,0.320354805,0.981550739,0,0.588930444,5,0.222222222,1.555555556,O4,de-protonated,0,-9999,C18 H28 O4,18,28,4,-9999,-9999,-9999,-9999,-9999,-9999,-9999
1042,307.195007,307.194856338,307.194854232,2569903,-9999,350919.8,16.57,-1,0.006855521,0.999991472,0,0.599994883,0,0.266666667,2.133333333,S1 O4,de-protonated,0,-9999,C15 H32 O4 S1,15,32,4,-9999,-9999,1,-9999,-9999,-9999,-9999
1043,307.204784,307.204633335,307.204370088,4996274,-9999,355615.8,34.48,-1,0.85691113,0.875257484,0,0.52515449,0,0.266666667,2.2,P1 O4,de-protonated,0,-9999,C15 H33 O4 P1,15,33,4,-9999,1,-9999,-9999,-9999,-9999,-9999
1044,308.073813,308.073662078,308.073416275,3713442,-9999,365748.5,25,-1,0.797872478,0.890911375,0.994673225,0.932416115,4,0.7,1.7,13C1 N2 P1 O7,de-protonated,1,1031,C9 H17 O7 N2 P1 13C1,9,17,7,2,1,-9999,1,-9999,-9999,-9999
1048,308.208228,308.208077039,308.207861269,1603783.1,-9999,337435,9.43,-1,0.700079105,0.914909659,0,0.548945795,0,0.428571429,2.214285714,N1 O6,de-protonated,0,-9999,C14 H31 O6 N1,14,31,6,1,-9999,-9999,-9999,-9999,-9999,-9999
1050,309.025415,309.025263797,309.025205446,2257576.3,-9999,375015,14.26,-1,0.188823291,0.993551467,0,0.59613088,9,0.692307692,0.769230769,O9,de-protonated,0,-9999,C13 H10 O9,13,10,9,-9999,-9999,-9999,-9999,-9999,-9999,-9999
1050,309.025415,309.025263797,309.025043255,2257576.3,-9999,375015,14.26,-1,0.713671888,0.911725047,0,0.547035028,4,0.375,1.875,N4 S2 P1 O3,de-protonated,0,-9999,C8 H15 O3 N4 P1 S2,8,15,3,4,1,2,-9999,-9999,-9999,-9999
1051,309.040753,309.040601793,309.040461587,1688748.4,-9999,366431.5,10.06,-1,0.45367955,0.963342087,0,0.578005252,13,0.352941176,0.588235294,O6,de-protonated,0,-9999,C17 H10 O6,17,10,6,-9999,-9999,-9999,-9999,-9999,-9999,-9999
1052,309.061851,309.061699787,309.061590955,3465394.3,-9999,315645.8,23.17,-1,0.352133851,0.977751903,0,0.586651142,8,0.571428571,1,O8,de-protonated,0,-9999,C14 H14 O8,14,14,8,-9999,-9999,-9999,-9999,-9999,-9999,-9999
1052,309.061851,309.061699787,309.061428764,3465394.3,-9999,315645.8,23.17,-1,0.876920745,0.869764995,0,0.521858997,3,0.222222222,2.111111111,N4 S2 P1 O2,de-protonated,0,-9999,C9 H19 O2 N4 P1 S2,9,19,2,4,1,2,-9999,-9999,-9999,-9999
1054,309.074854,309.074702783,309.074478115,1639605.8,-9999,362325.7,9.69,-1,0.726904533,0.908576938,0,0.545146163,3,0.727272727,1.727272727,P1 O8,de-protonated,0,-9999,C11 H19 O8 P1,11,19,8,-9999,1,-9999,-9999,-9999,-9999,-9999
1055,309.098203,309.098051776,309.097976465,2457788.3,-9999,316528.3,15.73,-1,0.243647552,0.989286262,0,0.593571757,7,0.466666667,1.2,O7,de-protonated,0,-9999,C15 H18 O7,15,18,7,-9999,-9999,-9999,-9999,-9999,-9999,-9999
1055,309.098203,309.098051776,309.097814273,2457788.3,-9999,316528.3,15.73,-1,0.768372613,0.898411869,0,0.539047121,2,0.1,2.3,N4 S2 P1 O1,de-protonated,0,-9999,C10 H23 O1 N4 P1 S2,10,23,1,4,1,2,-9999,-9999,-9999,-9999
1056,309.101583,309.101431775,309.101347768,10656445,-9999,338387.1,76.25,-1,0.271777033,0.987210708,0.989931427,0.988298996,2,0.583333333,1.833333333,S1 O7,de-protonated,0,-9999,C12 H22 O7 S1,12,22,7,-9999,-9999,1,-9999,-9999,-9999,-9999
1057,309.109535,309.109383772,309.109209854,2051775.4,-9999,363663.8,12.74,-1,0.562643635,0.944177763,0,0.566506658,7,0.428571429,1.285714286,N2 O6,de-protonated,0,-9999,C14 H18 O6 N2,14,18,6,2,-9999,-9999,-9999,-9999,-9999,-9999
1058,309.111305,309.111153772,309.110863624,2493119.8,-9999,363329.4,15.99,-1,0.938651989,0.85225581,0,0.511353486,2,0.583333333,1.916666667,P1 O7,de-protonated,0,-9999,C12 H23 O7 P1,12,23,7,-9999,1,-9999,-9999,-9999,-9999,-9999
1060,309.134636,309.134484765,309.134361974,1682118.3,-9999,339071.8,10.01,-1,0.397208701,0.971777878,0,0.583066727,6,0.375,1.375,O6,de-protonated,0,-9999,C16 H22 O6,16,22,6,-9999,-9999,-9999,-9999,-9999,-9999,-9999
1061,309.147644,309.147492761,309.147249134,3192521.8,-9999,368375.1,21.16,-1,0.788062803,0.893429873,0,0.536057924,1,0.461538462,2.076923077,P1 O6,de-protonated,0,-9999,C13 H27 O6 P1,13,27,6,-9999,1,-9999,-9999,-9999,-9999,-9999
1062,309.153174,309.15302276,309.152989419,2028235.3,-9999,367957.6,12.56,-1,0.107845552,0.997891857,0,0.598735114,5,0.176470588,1.529411765,S1 O3,de-protonated,0,-9999,C17 H26 O3 S1,17,26,3,-9999,-9999,1,-9999,-9999,-9999,-9999
1064,309.17099,309.170838754,309.170747484,14818000,-9999,342140,106.97,-1,0.295211547,0.981644164,0.976824836,0.979716433,5,0.294117647,1.529411765,O5,de-protonated,0,-9999,C17 H26 O5,17,26,5,-9999,-9999,-9999,-9999,-9999,-9999,-9999
1065,309.174357,309.174205753,309.174118787,4278993,-9999,338955.5,29.18,-1,0.281286354,0.985745979,0,0.591447587,0,0.357142857,2.142857143,S1 O5,de-protonated,0,-9999,C14 H30 O5 S1,14,30,5,-9999,-9999,1,-9999,-9999,-9999,-9999
1066,309.184041,309.18388975,309.183634643,5449428,-9999,343848.8,37.82,-1,0.825099788,0.88379655,0,0.53027793,0,0.357142857,2.214285714,P1 O5,de-protonated,0,-9999,C14 H31 O5 P1,14,31,5,-9999,1,-9999,-9999,-9999,-9999,-9999
1068,309.207392,309.207240744,309.207132993,12155610,-9999,343417.2,87.32,-1,0.348474098,0.979649022,0.983654368,0.98125116,4,0.222222222,1.666666667,O4,de-protonated,0,-9999,C18 H30 O4,18,30,4,-9999,-9999,-9999,-9999,-9999,-9999,-9999
1069,310.070959,310.070807489,310.070596467,1665479.1,-9999,379651.5,9.88,-1,0.680559421,0.9193945,0,0.5516367,2,0.272727273,2,N1 S2 P1 O3,de-protonated,0,-9999,C11 H22 O3 N1 P1 S2,11,22,3,1,1,2,-9999,-9999,-9999,-9999
1070,310.104935,310.104783479,310.104702603,1521616.4,-9999,382412.9,8.82,-1,0.260800089,0.987734306,0.989931427,0.988613154,2,0.583333333,1.833333333,13C1 S1 O7,de-protonated,1,1056,C11 H22 O7 S1 13C1,11,22,7,-9999,-9999,1,1,-9999,-9999,-9999
1071,310.17436,310.174208458,310.174102319,3219427.5,-9999,379375.5,21.35,-1,0.34219316,0.978977182,0.976824836,0.978116244,5,0.294117647,1.529411765,13C1 O5,de-protonated,1,1064,C16 H26 O5 13C1,16,26,5,-9999,-9999,-9999,1,-9999,-9999,-9999
1072,310.21074,310.210588447,310.210487828,2655725.5,-9999,376305.1,17.19,-1,0.324358359,0.981091142,0.983654368,0.982116433,4,0.222222222,1.666666667,13C1 O4,de-protonated,1,1068,C17 H30 O4 13C1,17,30,4,-9999,-9999,-9999,1,-9999,-9999,-9999
1075,311.019986,311.019834208,311.019726143,6989002.5,-9999,335764.6,49.18,-1,0.347456585,0.962967633,0.972154257,0.966642283,13,0.4375,0.5,O7,de-protonated,0,-9999,C16 H8 O7,16,8,7,-9999,-9999,-9999,-9999,-9999,-9999,-9999
1075,311.019986,311.019834208,311.019563951,6989002.5,-9999,335764.6,49.18,-1,0.868939492,0.871966834,0,0.5231801,8,0.090909091,1.181818182,N4 S2 P1 O1,de-protonated,0,-9999,C11 H13 O1 N4 P1 S2,11,13,1,4,1,2,-9999,-9999,-9999,-9999
1076,311.041063,311.040911202,311.040855511,2785488.3,-9999,340332.9,18.15,-1,0.179049048,0.994199902,0,0.596519941,8,0.692307692,0.923076923,O9,de-protonated,0,-9999,C13 H12 O9,13,12,9,-9999,-9999,-9999,-9999,-9999,-9999,-9999
1076,311.041063,311.040911202,311.040693319,2785488.3,-9999,340332.9,18.15,-1,0.700496442,0.914812629,0,0.548887578,3,0.375,2.125,N4 S2 P1 O3,de-protonated,0,-9999,C8 H17 O3 N4 P1 S2,8,17,3,4,1,2,-9999,-9999,-9999,-9999
1077,311.077498,311.077346191,311.07724102,2688730.3,-9999,351769.2,17.43,-1,0.338087933,0.979473388,0,0.587684033,7,0.571428571,1.142857143,O8,de-protonated,0,-9999,C14 H16 O8,14,16,8,-9999,-9999,-9999,-9999,-9999,-9999,-9999
1077,311.077498,311.077346191,311.077078829,2688730.3,-9999,351769.2,17.43,-1,0.859474418,0.874559044,0,0.524735427,2,0.222222222,2.333333333,N4 S2 P1 O2,de-protonated,0,-9999,C9 H21 O2 N4 P1 S2,9,21,2,4,1,2,-9999,-9999,-9999,-9999
1079,311.113915,311.113763181,311.113626529,2971364.3,-9999,383914.4,19.52,-1,0.43923296,0.96559953,0,0.579359718,6,0.466666667,1.333333333,O7,de-protonated,0,-9999,C15 H20 O7,15,20,7,-9999,-9999,-9999,-9999,-9999,-9999,-9999
1079,311.113915,311.113763181,311.11346433800003,2971364.3,-9999,383914.4,19.52,-1,0.960558521,0.84584619,0,0.507507714,1,0.1,2.5,N4 S2 P1 O1,de-protonated,0,-9999,C10 H25 O1 N4 P1 S2,10,25,1,4,1,2,-9999,-9999,-9999,-9999
1080,311.1269,311.126748177,311.126513689,1623271.8,-9999,353906.7,9.57,-1,0.753673971,0.90206627,0,0.541239762,1,0.583333333,2.083333333,P1 O7,de-protonated,0,-9999,C12 H25 O7 P1,12,25,7,-9999,1,-9999,-9999,-9999,-9999,-9999
1081,311.140387,311.140235173,311.14011606,1372651.4,-9999,387954,7.72,-1,0.382827405,0.973757925,0,0.584254755,10,0.166666667,1.111111111,N2 O3,de-protonated,0,-9999,C18 H20 O3 N2,18,20,3,2,-9999,-9999,-9999,-9999,-9999,-9999
1083,311.15025,311.15009817,311.150012039,3592430,-9999,365105.4,24.11,-1,0.276815934,0.986192333,0,0.5917154,5,0.375,1.5,O6,de-protonated,0,-9999,C16 H24 O6,16,24,6,-9999,-9999,-9999,-9999,-9999,-9999,-9999
1084,311.163256,311.163104166,311.162899198,2280945.8,-9999,287099.9,14.42,-1,0.658715649,0.924287851,0,0.55457271,0,0.461538462,2.230769231,P1 O6,de-protonated,0,-9999,C13 H29 O6 P1,13,29,6,-9999,1,-9999,-9999,-9999,-9999,-9999
1085,311.168884,311.168732164,311.168639483,104791280,-9999,333070.3,771.12,-1,0.297848682,0.982302349,0.992087064,0.986216235,4,0.176470588,1.647058824,S1 O3,de-protonated,0,-9999,C17 H28 O3 S1,17,28,3,-9999,-9999,1,-9999,-9999,-9999,-9999
1087,311.186631,311.186479159,311.186397548,5939448,-9999,330481.3,41.43,-1,0.262258216,0.982564985,0.931912125,0.962303841,4,0.294117647,1.647058824,O5,de-protonated,0,-9999,C17 H28 O5,17,28,5,-9999,-9999,-9999,-9999,-9999,-9999,-9999
1088,311.223027,311.222875148,311.222783057,47348992,-9999,331382.9,347.1,-1,0.295900874,0.981778785,0.995330122,0.98719932,3,0.222222222,1.777777778,O4,de-protonated,0,-9999,C18 H32 O4,18,32,4,-9999,-9999,-9999,-9999,-9999,-9999,-9999
1089,312.023403,312.023250912,312.023080978,1486299.9,-9999,404740,8.56,-1,0.544621632,0.94760267,0.972154257,0.957423305,13,0.4375,0.5,13C1 O7,de-protonated,1,1075,C15 H8 O7 13C1,15,8,7,-9999,-9999,-9999,1,-9999,-9999,-9999
1090,312.156763,312.156610873,312.1564944,1302016.3,-9999,428777.5,7.2,-1,0.373122509,0.975055038,0,0.585033023,5,0.357142857,1.642857143,N3 O5,de-protonated,0,-9999,C14 H23 O5 N3,14,23,5,3,-9999,-9999,-9999,-9999,-9999,-9999
1091,312.172225,312.172072868,312.171994318,18144772,-9999,327803.6,131.52,-1,0.251623658,0.983438739,0.992087064,0.986898069,4,0.176470588,1.647058824,13C1 S1 O3,de-protonated,1,1085,C16 H28 O3 S1 13C1,16,28,3,-9999,-9999,1,1,-9999,-9999,-9999
1092,312.190015,312.189862863,312.189752383,1708553.3,-9999,351425.6,10.2,-1,0.35388691,0.977532345,0.931912125,0.959284257,4,0.294117647,1.647058824,13C1 O5,de-protonated,1,1087,C16 H28 O5 13C1,16,28,5,-9999,-9999,-9999,1,-9999,-9999,-9999
1093,312.193153,312.193000862,312.192879909,1429258.1,-9999,376495.1,8.14,-1,0.387428824,0.9731319,0,0.58387914,4,0.266666667,1.8,N3 O4,de-protonated,0,-9999,C15 H27 O4 N3,15,27,4,3,-9999,-9999,-9999,-9999,-9999,-9999
1094,312.226396,312.226243852,312.226137892,8904211,-9999,330966.5,63.31,-1,0.339368689,0.979319197,0.995330122,0.985723567,3,0.222222222,1.777777778,13C1 O4,de-protonated,1,1088,C17 H32 O4 13C1,17,32,4,-9999,-9999,-9999,1,-9999,-9999,-9999
1097,313.021124,313.020971618,313.020989446,7675627,-9999,337547,53.46,-1,-0.056954747,0.99969077,0.946754546,0.978516281,7,0.384615385,1.076923077,S2 O5,de-protonated,0,-9999,C13 H14 O5 S2,13,14,5,-9999,-9999,2,-9999,-9999,-9999,-9999
1098,313.03561,313.035457613,313.035376207,2692334.8,-9999,348547.6,17.2,-1,0.260054543,0.987803905,0,0.592682343,12,0.4375,0.625,O7,de-protonated,0,-9999,C16 H10 O7,16,10,7,-9999,-9999,-9999,-9999,-9999,-9999,-9999
1098,313.03561,313.035457613,313.035214016,2692334.8,-9999,348547.6,17.2,-1,0.77817955,0.89594282,0,0.537565692,7,0.090909091,1.363636364,N4 S2 P1 O1,de-protonated,0,-9999,C11 H15 O1 N4 P1 S2,11,15,1,4,1,2,-9999,-9999,-9999,-9999
1099,313.056767,313.056614607,313.056505575,3102964.5,-9999,342433.3,20.19,-1,0.348282061,0.978230651,0,0.586938391,7,0.692307692,1.076923077,O9,de-protonated,0,-9999,C13 H14 O9,13,14,9,-9999,-9999,-9999,-9999,-9999,-9999,-9999
1099,313.056767,313.056614607,313.056343384,3102964.5,-9999,342433.3,20.19,-1,0.866372143,0.872672,0,0.5236032,2,0.375,2.375,N4 S2 P1 O3,de-protonated,0,-9999,C8 H19 O3 N4 P1 S2,8,19,3,4,1,2,-9999,-9999,-9999,-9999
1100,313.093197,313.093044596,313.092891084,3293950.3,-9999,358535.6,21.58,-1,0.490307712,0.957317129,0,0.574390278,6,0.571428571,1.285714286,O8,de-protonated,0,-9999,C14 H18 O8,14,18,8,-9999,-9999,-9999,-9999,-9999,-9999,-9999
1101,313.096333,313.096180595,313.096262388,1309951.3,-9999,369673.8,7.15,-1,-0.261237187,0.987693412,0,0.592616047,1,0.727272727,2,S1 O8,de-protonated,0,-9999,C11 H22 O8 S1,11,22,8,-9999,-9999,1,-9999,-9999,-9999,-9999
1101,313.096333,313.096180595,313.095882265,1309951.3,-9999,369673.8,7.15,-1,0.952839529,0.848116019,0,0.508869612,6,0.384615385,1.461538462,N2 P1 O5,de-protonated,0,-9999,C13 H19 O5 N2 P1,13,19,5,2,1,-9999,-9999,-9999,-9999,-9999
1102,313.106111,313.105958592,313.105778244,1908993.9,-9999,396094.7,11.51,-1,0.575998556,0.941576183,0,0.56494571,1,0.727272727,2.090909091,P1 O8,de-protonated,0,-9999,C11 H23 O8 P1,11,23,8,-9999,1,-9999,-9999,-9999,-9999,-9999
1103,313.129487,313.129334586,313.129276594,3636488.3,-9999,346035.3,24.07,-1,0.185200806,0.993795756,0,0.596277454,5,0.466666667,1.466666667,O7,de-protonated,0,-9999,C15 H22 O7,15,22,7,-9999,-9999,-9999,-9999,-9999,-9999,-9999
1104,313.132691,313.132538585,313.132647897,4175625,-9999,318305.5,27.99,-1,-0.34909318,0.978130253,0,0.586878152,0,0.583333333,2.166666667,S1 O7,de-protonated,0,-9999,C12 H26 O7 S1,12,26,7,-9999,-9999,1,-9999,-9999,-9999,-9999
1104,313.132691,313.132538585,313.132267775,4175625,-9999,318305.5,27.99,-1,0.864842356,0.873091461,0,0.523854877,5,0.285714286,1.642857143,N2 P1 O4,de-protonated,0,-9999,C14 H23 O4 N2 P1,14,23,4,2,1,-9999,-9999,-9999,-9999,-9999
1105,313.164737,313.164584575,313.164435313,4701969.5,-9999,274357.4,31.82,-1,0.476625918,0.976198857,0.992087064,0.98255414,4,0.176470588,1.647058824,34S1 O3,de-protonated,1,1085,C17 H28 O3 34S1,17,28,3,-9999,-9999,-9999,-9999,-9999,-9999,1
1106,313.165877,313.165724575,313.165662103,6896402,-9999,311073.3,47.79,-1,0.199484514,0.99237371,0.965613231,0.981669519,4,0.375,1.625,O6,de-protonated,0,-9999,C16 H26 O6,16,26,6,-9999,-9999,-9999,-9999,-9999,-9999,-9999
1107,313.175542,313.175389572,313.175349153,2126100.8,-9999,343814,13.08,-1,0.129060466,0.98553994599999994,0.992087064,0.988158794,4,0.176470588,1.647058824,13C2 S1 O3,de-protonated,1,1085,C15 H28 O3 S1 13C2,15,28,3,-9999,-9999,1,2,-9999,-9999,-9999
1108,313.202283,313.202130564,313.202047612,12939036,-9999,327900.1,91.75,-1,0.264850124,0.981499899,0.971743215,0.977597225,3,0.294117647,1.764705882,O5,de-protonated,0,-9999,C17 H30 O5,17,30,5,-9999,-9999,-9999,-9999,-9999,-9999,-9999
1109,313.238669,313.238516553,313.238433122,105414440,-9999,329858.7,764.47,-1,0.266351441,0.971197977,0.996340091,0.981254823,2,0.222222222,1.888888889,O4,de-protonated,0,-9999,C18 H34 O4,18,34,4,-9999,-9999,-9999,-9999,-9999,-9999,-9999
1110,314.024501,314.024348321,314.024344281,1645306.4,-9999,345939.1,9.59,-1,0.012867309,0.999969958,0.946754546,0.978683794,7,0.384615385,1.076923077,13C1 S2 O5,de-protonated,1,1097,C12 H14 O5 S2 13C1,12,14,5,-9999,-9999,2,1,-9999,-9999,-9999
1110,314.024501,314.024348321,314.024100504,1645306.4,-9999,345939.1,9.59,-1,0.789167289,0.893147514,0,0.535888509,12,0.285714286,0.642857143,N3 S1 O4,de-protonated,0,-9999,C14 H9 O4 N3 S1,14,9,4,3,-9999,1,-9999,-9999,-9999,-9999
1111,314.136056,314.135903288,314.13575895499997,2991128.5,-9999,316554.7,19.38,-1,0.45946094,0.962419735,0,0.577451841,5,0.461538462,1.615384615,N3 O6,de-protonated,0,-9999,C13 H21 O6 N3,13,21,6,3,-9999,-9999,-9999,-9999,-9999,-9999
1112,314.169236,314.169083279,314.169016938,1533473.5,-9999,358130.7,8.77,-1,0.211161448,0.991941997,0.965613231,0.981410491,4,0.375,1.625,13C1 O6,de-protonated,1,1106,C15 H26 O6 13C1,15,26,6,-9999,-9999,-9999,1,-9999,-9999,-9999
1113,314.172386,314.172233278,314.172144465,6350882.5,-9999,328168.6,43.82,-1,0.282689081,0.985604491,0,0.591362694,4,0.357142857,1.785714286,N3 O5,de-protonated,0,-9999,C14 H25 O5 N3,14,25,5,3,-9999,-9999,-9999,-9999,-9999,-9999
1114,314.197537,314.19738427,314.197296585,2477609,-9999,359014.5,15.64,-1,0.279077986,0.985967344,0,0.591580407,3,0.3125,1.8125,N1 O5,de-protonated,0,-9999,C16 H29 O5 N1,16,29,5,1,-9999,-9999,-9999,-9999,-9999,-9999
1115,314.205671,314.205518268,314.205402447,2909227.3,-9999,344392.5,18.78,-1,0.368613258,0.975646966,0.971743215,0.974085465,3,0.294117647,1.764705882,13C1 O5,de-protonated,1,1108,C16 H30 O5 13C1,16,30,5,-9999,-9999,-9999,1,-9999,-9999,-9999
1116,314.208841,314.208688267,314.208529974,2902060.3,-9999,355942.1,18.73,-1,0.503783017,0.954993073,0,0.572995844,3,0.266666667,1.933333333,N3 O4,de-protonated,0,-9999,C15 H29 O4 N3,15,29,4,3,-9999,-9999,-9999,-9999,-9999,-9999
1117,314.242048,314.241895257,314.241787957,20033590,-9999,324626.5,143.35,-1,0.341457409,0.9684835,0.996340091,0.979626137,2,0.222222222,1.888888889,13C1 O4,de-protonated,1,1109,C17 H34 O4 13C1,17,34,4,-9999,-9999,-9999,1,-9999,-9999,-9999
1119,315.014872,315.014719029,315.014640762,2823941.5,-9999,338419.9,18.16,-1,0.248454413,0.988861741,0,0.593317045,12,0.533333333,0.533333333,O8,de-protonated,0,-9999,C15 H8 O8,15,8,8,-9999,-9999,-9999,-9999,-9999,-9999,-9999
1119,315.014872,315.014719029,315.014478571,2823941.5,-9999,338419.9,18.16,-1,0.763323987,0.899673348,0,0.539804009,7,0.2,1.3,N4 S2 P1 O2,de-protonated,0,-9999,C10 H13 O2 N4 P1 S2,10,13,2,4,1,2,-9999,-9999,-9999,-9999
1120,315.018214,315.018061028,315.018012065,3504390.5,-9999,305079.8,23.11,-1,0.155427528,0.995626207,0,0.597375724,7,0.666666667,1,S1 O8,de-protonated,0,-9999,C12 H12 O8 S1,12,12,8,-9999,-9999,1,-9999,-9999,-9999,-9999
1121,315.051256,315.051103018,315.051026271,1821199.3,-9999,336461.5,10.86,-1,0.24360081,0.98929035,0,0.59357421,11,0.4375,0.75,O7,de-protonated,0,-9999,C16 H12 O7,16,12,7,-9999,-9999,-9999,-9999,-9999,-9999,-9999
1121,315.051256,315.051103018,315.05086408,1821199.3,-9999,336461.5,10.86,-1,0.758410918,0.900894656,0,0.540536793,6,0.090909091,1.545454545,N4 S2 P1 O1,de-protonated,0,-9999,C11 H17 O1 N4 P1 S2,11,17,1,4,1,2,-9999,-9999,-9999,-9999
1122,315.07239,315.072237012,315.072155639,3372309,-9999,373633.3,22.15,-1,0.258265873,0.987970089,0,0.592782053,6,0.692307692,1.230769231,O9,de-protonated,0,-9999,C13 H16 O9,13,16,9,-9999,-9999,-9999,-9999,-9999,-9999,-9999
1123,315.09651,315.096357005,315.096276188,1810459.5,-9999,350427.2,10.78,-1,0.256481621,0.988134747,0,0.592880848,1,0.888888889,2.333333333,N2 P1 O8,de-protonated,0,-9999,C9 H21 O8 N2 P1,9,21,8,2,1,-9999,-9999,-9999,-9999,-9999
1125,315.108857,315.108704001,315.108541149,3012382.8,-9999,349939.4,19.53,-1,0.516813247,0.952691439,0,0.571614864,5,0.571428571,1.428571429,O8,de-protonated,0,-9999,C14 H20 O8,14,20,8,-9999,-9999,-9999,-9999,-9999,-9999,-9999
1126,315.120063,315.119909998,315.119774538,2119201.8,-9999,317694.5,13.03,-1,0.429867246,0.967026722,0,0.580216033,5,0.538461538,1.538461538,N2 O7,de-protonated,0,-9999,C13 H20 O7 N2,13,20,7,2,-9999,-9999,-9999,-9999,-9999,-9999
1127,315.137022,315.136868993,315.13668445,2011686.4,-9999,288585.6,12.25,-1,0.585596985,0.939673243,0,0.563803946,4,0.333333333,1.666666667,P1 O5,de-protonated,0,-9999,C15 H25 O5 P1,15,25,5,-9999,1,-9999,-9999,-9999,-9999,-9999
1128,315.145175,315.14502199,315.144926658,3621160.5,-9999,360740.2,23.96,-1,0.302502713,0.9835331,0,0.59011986,4,0.466666667,1.6,O7,de-protonated,0,-9999,C15 H24 O7,15,24,7,-9999,-9999,-9999,-9999,-9999,-9999,-9999
1129,315.156396,315.156242987,315.156160047,2324267.5,-9999,325546.5,14.52,-1,0.263169827,0.987511795,0,0.592507077,4,0.428571429,1.714285714,N2 O6,de-protonated,0,-9999,C14 H24 O6 N2,14,24,6,2,-9999,-9999,-9999,-9999,-9999,-9999
1130,315.167637,315.167483984,315.167393437,3535150.8,-9999,347458.1,23.33,-1,0.287298068,0.985134787,0,0.591080872,4,0.384615385,1.846153846,N4 O5,de-protonated,0,-9999,C13 H24 O5 N4,13,24,5,4,-9999,-9999,-9999,-9999,-9999,-9999
1131,315.173446,315.173292982,315.173069959,4371760,-9999,344654.5,29.42,-1,0.707620699,0.913148952,0,0.547889371,3,0.25,1.8125,P1 O4,de-protonated,0,-9999,C16 H29 O4 P1,16,29,4,-9999,1,-9999,-9999,-9999,-9999,-9999
1132,315.181549,315.18139598,315.181312168,12888370,-9999,326512.7,91.37,-1,0.265917116,0.989238804,0.999020567,0.993151509,3,0.375,1.75,O6,de-protonated,0,-9999,C16 H28 O6,16,28,6,-9999,-9999,-9999,-9999,-9999,-9999,-9999
1133,315.217938,315.217784969,315.217697677,12325180,-9999,328541.6,87.28,-1,0.276926113,0.984771173,0.965870418,0.977210871,2,0.294117647,1.882352941,O5,de-protonated,0,-9999,C17 H32 O5,17,32,5,-9999,-9999,-9999,-9999,-9999,-9999,-9999
1135,315.245468,315.245314961,315.245142792,1810755.6,-9999,340304.2,10.79,-1,0.546142763,0.957900464,0.996340091,0.973276315,2,0.222222222,1.888888889,13C2 O4,de-protonated,1,1109,C16 H34 O4 13C2,16,34,4,-9999,-9999,-9999,2,-9999,-9999,-9999
1136,315.254349,315.254195958,315.254083186,6160710,-9999,330595,42.43,-1,0.357717528,0.488524485,0.837042051,0.627931511,1,0.222222222,2,O4,de-protonated,0,-9999,C18 H36 O4,18,36,4,-9999,-9999,-9999,-9999,-9999,-9999,-9999
1139,316.104776,316.104622707,316.104659501,2235434.5,-9999,379519.8,13.87,-1,-0.116397685,0.997544676,0,0.598526806,4,0.214285714,1.642857143,N1 S2 O3,de-protonated,0,-9999,C14 H23 O3 N1 S2,14,23,3,1,-9999,2,-9999,-9999,-9999,-9999
1140,316.148781,316.148627694,316.148907096,1346102.4,-9999,272152.5,7.4,-1,-0.883767607,0.867864552,0,0.520718731,8,0.058823529,1.352941176,N3 S1 O1,de-protonated,0,-9999,C17 H23 O1 N3 S1,17,23,1,3,-9999,1,-9999,-9999,-9999,-9999
1141,316.151643,316.151489693,316.15140902,24674872,-9999,322301.9,177.11,-1,0.255173754,0.98887094,0.997860564,0.99246679,4,0.461538462,1.769230769,N3 O6,de-protonated,0,-9999,C13 H23 O6 N3,13,23,6,3,-9999,-9999,-9999,-9999,-9999,-9999
1142,316.16689,316.166736689,316.166665161,1696827.3,-9999,333685.2,9.96,-1,0.226234319,0.990756089,0,0.594453654,8,0.176470588,1.352941176,N3 O3,de-protonated,0,-9999,C17 H23 O3 N3,17,23,3,3,-9999,-9999,-9999,-9999,-9999,-9999
1143,316.176931,316.176777686,316.17656114,1607486,-9999,353136.4,9.31,-1,0.684889528,0.918408682,0,0.551045209,3,0.4,1.8,N1 O6,de-protonated,0,-9999,C15 H27 O6 N1,15,27,6,1,-9999,-9999,-9999,-9999,-9999,-9999
1144,316.18489,316.184736683,316.184667003,2247744,-9999,338454.8,13.96,-1,0.220380059,0.991226231,0.999020567,0.994343965,3,0.375,1.75,13C1 O6,de-protonated,1,1132,C15 H28 O6 13C1,15,28,6,-9999,-9999,-9999,1,-9999,-9999,-9999
1145,316.188073,316.187919682,316.187794529,4889153,-9999,362122.3,33.18,-1,0.395819946,0.971972091,0,0.583183255,3,0.357142857,1.928571429,N3 O5,de-protonated,0,-9999,C14 H27 O5 N3,14,27,5,3,-9999,-9999,-9999,-9999,-9999,-9999
1146,316.221302,316.221148673,316.22105251200003,2880586,-9999,343180.6,18.57,-1,0.304093273,0.983360931,0.965870418,0.976364726,2,0.294117647,1.882352941,13C1 O5,de-protonated,1,1133,C16 H32 O5 13C1,16,32,5,-9999,-9999,-9999,1,-9999,-9999,-9999
1147,316.241507,316.241353667,316.24108995,7834191.5,-9999,329508.3,54.6,-1,0.833910417,0.440727816,0.844689208,0.602312373,1,0.117647059,2.117647059,N1 P1 O2,de-protonated,0,-9999,C17 H36 O2 N1 P1,17,36,2,1,1,-9999,-9999,-9999,-9999,-9999
1149,317.030545,317.030391434,317.030290827,4056866.8,-9999,316792.1,27.12,-1,0.317342494,0.981892921,0,0.589135753,11,0.533333333,0.666666667,O8,de-protonated,0,-9999,C15 H10 O8,15,10,8,-9999,-9999,-9999,-9999,-9999,-9999,-9999
1149,317.030545,317.030391434,317.030128635,4056866.8,-9999,316792.1,27.12,-1,0.828938607,0.882778899,0,0.529667339,6,0.2,1.5,N4 S2 P1 O2,de-protonated,0,-9999,C10 H15 O2 N4 P1 S2,10,15,2,4,1,2,-9999,-9999,-9999,-9999
1150,317.041836,317.04168243,317.041524216,1442853.9,-9999,382320,8.11,-1,0.499034187,0.955818636,0,0.573491182,11,0.5,0.714285714,N2 O7,de-protonated,0,-9999,C14 H10 O7 N2,14,10,7,2,-9999,-9999,-9999,-9999,-9999,-9999
1151,317.066929,317.066775423,317.066676336,2027820.6,-9999,384203,12.36,-1,0.31251184,0.982435151,0,0.589461091,10,0.4375,0.875,O7,de-protonated,0,-9999,C16 H14 O7,16,14,7,-9999,-9999,-9999,-9999,-9999,-9999,-9999
1151,317.066929,317.066775423,317.066514145,2027820.6,-9999,384203,12.36,-1,0.824049242,0.884074425,0,0.530444655,5,0.090909091,1.727272727,N4 S2 P1 O1,de-protonated,0,-9999,C11 H19 O1 N4 P1 S2,11,19,1,4,1,2,-9999,-9999,-9999,-9999
1152,317.08882,317.088666417,317.088675084,6432562.5,-9999,332233.7,44.41,-1,-0.027334003,0.99986444,0,0.599918664,4,0.285714286,1.571428571,S2 O4,de-protonated,0,-9999,C14 H22 O4 S2,14,22,4,-9999,-9999,2,-9999,-9999,-9999,-9999
1153,317.11633,317.116176408,317.115949005,2434873.8,-9999,328291.2,15.32,-1,0.717099173,0.910914189,0,0.546548514,4,0.428571429,1.642857143,P1 O6,de-protonated,0,-9999,C14 H23 O6 P1,14,23,6,-9999,1,-9999,-9999,-9999,-9999,-9999
1154,317.124414,317.124260406,317.124191213,2223932,-9999,353922.8,13.79,-1,0.218188047,0.99139915,0,0.59483949,4,0.571428571,1.571428571,O8,de-protonated,0,-9999,C14 H22 O8,14,22,8,-9999,-9999,-9999,-9999,-9999,-9999,-9999
1155,317.139698,317.139544401,317.139447355,5314368,-9999,342192.6,36.27,-1,0.306007045,0.49157631,0.837042051,0.629762606,8,0.277777778,1.222222222,O5,de-protonated,0,-9999,C18 H22 O5,18,22,5,-9999,-9999,-9999,-9999,-9999,-9999,-9999
1156,317.152755,317.152601398,317.152334514,5150531.5,-9999,331563.8,35.08,-1,0.84149934,0.879424423,0,0.527654654,3,0.333333333,1.8,P1 O5,de-protonated,0,-9999,C15 H27 O5 P1,15,27,5,-9999,1,-9999,-9999,-9999,-9999,-9999
1157,317.154994,317.154840397,317.154703496,3538244.3,-9999,316987.9,23.35,-1,0.431654008,0.96675666,0,0.580053996,12,0.090909091,1,O2,de-protonated,0,-9999,C22 H22 O2,22,22,2,-9999,-9999,-9999,-9999,-9999,-9999,-9999
1157,317.154994,317.154840397,317.154763855,3538244.3,-9999,316987.9,23.35,-1,0.24134031,0.989487145,0.997860564,0.992836513,4,0.461538462,1.769230769,13C1 N3 O6,de-protonated,1,1141,C12 H23 O6 N3 13C1,12,23,6,3,-9999,-9999,1,-9999,-9999,-9999
1158,317.16085,317.160696395,317.160576723,2639685.8,-9999,335368.7,16.81,-1,0.377324954,0.974497235,0,0.584698341,3,0.466666667,1.733333333,O7,de-protonated,0,-9999,C15 H26 O7,15,26,7,-9999,-9999,-9999,-9999,-9999,-9999,-9999
1160,317.189184,317.189030387,317.188720024,2214733.3,-9999,378900.7,13.72,-1,0.978481751,0.84052903,0,0.504317418,2,0.25,1.9375,P1 O4,de-protonated,0,-9999,C16 H31 O4 P1,16,31,4,-9999,1,-9999,-9999,-9999,-9999,-9999
1161,317.197199,317.197045385,317.196962232,7749455.5,-9999,305460.1,53.98,-1,0.262147901,0.991826798,0.946371378,0.97364463,2,0.375,1.875,O6,de-protonated,0,-9999,C16 H30 O6,16,30,6,-9999,-9999,-9999,-9999,-9999,-9999,-9999
1162,317.212626,317.21247238,317.212218373,1631315.6,-9999,367416.7,9.48,-1,0.800746813,0.890168887,0,0.534101332,6,0.15,1.5,O3,de-protonated,0,-9999,C20 H30 O3,20,30,3,-9999,-9999,-9999,-9999,-9999,-9999,-9999
1163,317.22552,317.225366376,317.225105533,4114263,-9999,336099.8,27.54,-1,0.822265613,0.884545593,0,0.530727356,1,0.176470588,2.058823529,P1 O3,de-protonated,0,-9999,C17 H35 O3 P1,17,35,3,-9999,1,-9999,-9999,-9999,-9999,-9999
1164,317.233573,317.233419374,317.233347741,5455705,-9999,319597.6,37.3,-1,0.225803588,0.990791093,0,0.594474656,1,0.294117647,2,O5,de-protonated,0,-9999,C17 H34 O5,17,34,5,-9999,-9999,-9999,-9999,-9999,-9999,-9999
1166,318.109784,318.109630115,318.109544207,2289219.5,-9999,377721.7,14.26,-1,0.270058995,0.986853786,0,0.592112272,9,0.333333333,1.133333333,N3 O5,de-protonated,0,-9999,C15 H17 O5 N3,15,17,5,3,-9999,-9999,-9999,-9999,-9999,-9999
1167,318.146132,318.145978104,318.145929716,1406285.3,-9999,319149.5,7.84,-1,0.15209455,0.995811389,0,0.597486834,8,0.25,1.3125,N3 O4,de-protonated,0,-9999,C16 H21 O4 N3,16,21,4,3,-9999,-9999,-9999,-9999,-9999,-9999
1168,318.156114,318.155960101,318.155825695,1417295.9,-9999,394407.9,7.92,-1,0.42245508,0.968135872,0,0.580881523,3,0.5,1.785714286,N1 O7,de-protonated,0,-9999,C14 H25 O7 N1,14,25,7,1,-9999,-9999,-9999,-9999,-9999,-9999
1169,318.167316,318.167162098,318.167059084,2977874.8,-9999,346491.5,19.27,-1,0.323773139,0.981158667,0,0.5886952,3,0.461538462,1.923076923,N3 O6,de-protonated,0,-9999,C13 H25 O6 N3,13,25,6,3,-9999,-9999,-9999,-9999,-9999,-9999
1170,318.200518,318.200364088,318.200317067,1951323.8,-9999,340429,11.8,-1,0.147772368,0.996045604,0.946371378,0.976175913,2,0.375,1.875,13C1 O6,de-protonated,1,1161,C15 H30 O6 13C1,15,30,6,-9999,-9999,-9999,1,-9999,-9999,-9999
1171,318.228918,318.22876408,318.228596714,1309795.4,-9999,318666.3,7.14,-1,0.525931204,0.951049311,0,0.570629587,1,0.3125,2.0625,N1 O5,de-protonated,0,-9999,C16 H33 O5 N1,16,33,5,1,-9999,-9999,-9999,-9999,-9999,-9999
1175,319.00988,319.009725849,319.009555382,2001459.6,-9999,313387.6,12.17,-1,0.534365396,0.949507343,0,0.569704406,11,0.642857143,0.571428571,O9,de-protonated,0,-9999,C14 H8 O9,14,8,9,-9999,-9999,-9999,-9999,-9999,-9999,-9999
1175,319.00988,319.009725849,319.010044639,2001459.6,-9999,313387.6,12.17,-1,-0.999309232,0.834270078,0,0.500562047,15,0.058823529,0.529411765,N2 S1 P1 O1,de-protonated,0,-9999,C17 H9 O1 N2 P1 S1,17,9,1,2,1,1,-9999,-9999,-9999,-9999
1176,319.046228,319.046073839,319.045940891,3354429.3,-9999,310801.6,22.01,-1,0.416703579,0.968984087,0,0.581390452,10,0.533333333,0.8,O8,de-protonated,0,-9999,C15 H12 O8,15,12,8,-9999,-9999,-9999,-9999,-9999,-9999,-9999
1176,319.046228,319.046073839,319.0457787,3354429.3,-9999,310801.6,22.01,-1,0.925067608,0.856179929,0,0.513707957,5,0.2,1.7,N4 S2 P1 O2,de-protonated,0,-9999,C10 H17 O2 N4 P1 S2,10,17,2,4,1,2,-9999,-9999,-9999,-9999
1177,319.08263,319.082475828,319.0823264,1471559,-9999,300881.5,8.31,-1,0.468303868,0.960988111,0,0.576592867,9,0.4375,1,O7,de-protonated,0,-9999,C16 H16 O7,16,16,7,-9999,-9999,-9999,-9999,-9999,-9999,-9999
1177,319.08263,319.082475828,319.082164209,1471559,-9999,300881.5,8.31,-1,0.976609954,0.841087342,0,0.504652405,4,0.090909091,1.909090909,N4 S2 P1 O1,de-protonated,0,-9999,C11 H21 O1 N4 P1 S2,11,21,1,4,1,2,-9999,-9999,-9999,-9999
1178,319.0859,319.085745827,319.085697704,1913671.9,-9999,348930.4,11.53,-1,0.150815917,0.995881375,0,0.597528825,4,0.538461538,1.538461538,S1 O7,de-protonated,0,-9999,C13 H20 O7 S1,13,20,7,-9999,-9999,1,-9999,-9999,-9999,-9999
1179,319.095686,319.095531824,319.09521356,2916682.5,-9999,333055.5,18.82,-1,0.997395289,0.834848778,0,0.500909267,4,0.538461538,1.615384615,P1 O7,de-protonated,0,-9999,C13 H21 O7 P1,13,21,7,-9999,1,-9999,-9999,-9999,-9999,-9999
1180,319.132022,319.131867813,319.131599069,4924756,-9999,333121.8,33.43,-1,0.84211023,0.87926032,0,0.527556192,3,0.428571429,1.785714286,P1 O6,de-protonated,0,-9999,C14 H25 O6 P1,14,25,6,-9999,1,-9999,-9999,-9999,-9999,-9999
1182,319.168397,319.168242803,319.167984579,13808990,-9999,324688.1,98.06,-1,0.809053248,0.866675891,0.984247599,0.913704574,2,0.333333333,1.933333333,P1 O5,de-protonated,0,-9999,C15 H29 O5 P1,15,29,5,-9999,1,-9999,-9999,-9999,-9999,-9999
1183,319.204761,319.204606792,319.204370088,6480231.5,-9999,325439.4,44.75,-1,0.741543131,0.452520003,0.85247738,0.612502954,1,0.25,2.0625,P1 O4,de-protonated,0,-9999,C16 H33 O4 P1,16,33,4,-9999,1,-9999,-9999,-9999,-9999,-9999
1184,319.21283,319.212675789,319.212612296,2445161.8,-9999,337498.2,15.39,-1,0.198904846,0.992847026,0,0.595708215,1,0.375,2,O6,de-protonated,0,-9999,C16 H32 O6,16,32,6,-9999,-9999,-9999,-9999,-9999,-9999,-9999
1186,319.241183,319.241028781,319.240755597,57492848,-9999,321984.1,415.85,-1,0.855729413,0.877683063,0.99989427,0.926567546,0,0.176470588,2.176470588,P1 O3,de-protonated,0,-9999,C17 H37 O3 P1,17,37,3,-9999,1,-9999,-9999,-9999,-9999,-9999
1187,320.138424,320.138269516,320.138081431,1897824,-9999,296785.4,11.41,-1,0.587513206,0.939290042,0,0.563574025,3,0.416666667,2,N3 P1 O5,de-protonated,0,-9999,C12 H24 O5 N3 P1,12,24,5,3,1,-9999,-9999,-9999,-9999,-9999
1188,320.171802,320.171647506,320.171339414,2539624.8,-9999,345468.2,16.08,-1,0.962274032,0.845340074,0.984247599,0.900903084,2,0.333333333,1.933333333,13C1 P1 O5,de-protonated,1,1182,C14 H29 O5 P1 13C1,14,29,5,-9999,1,-9999,1,-9999,-9999,-9999
1188,320.171802,320.171647506,320.171475759,2539624.8,-9999,345468.2,16.08,-1,0.536421757,0.949128056,0,0.569476834,2,0.5,1.928571429,N1 O7,de-protonated,0,-9999,C14 H27 O7 N1,14,27,7,1,-9999,-9999,-9999,-9999,-9999,-9999
1189,320.200063,320.199908498,320.19961906,1524592.4,-9999,282063,8.7,-1,0.903929063,0.862207344,0,0.517324406,1,0.266666667,2.133333333,N1 P1 O4,de-protonated,0,-9999,C15 H32 O4 N1 P1,15,32,4,1,1,-9999,-9999,-9999,-9999,-9999
1190,320.208233,320.208078495,320.207861269,1495154.5,-9999,321384.6,8.48,-1,0.678393211,0.919885721,0,0.551931432,1,0.4,2.066666667,N1 O6,de-protonated,0,-9999,C15 H31 O6 N1,15,31,6,1,-9999,-9999,-9999,-9999,-9999,-9999
1191,320.244534,320.244379485,320.244110432,10579580,-9999,325296.7,74.57,-1,0.84014782,0.879787166,0.99989427,0.927830008,0,0.176470588,2.176470588,13C1 P1 O3,de-protonated,1,1186,C16 H37 O3 P1 13C1,16,37,3,-9999,1,-9999,1,-9999,-9999,-9999
1191,320.244534,320.244379485,320.244246778,10579580,-9999,325296.7,74.57,-1,0.414392366,0.484660935,0.85247738,0.631787513,0,0.3125,2.1875,N1 O5,de-protonated,0,-9999,C16 H35 O5 N1,16,35,5,1,-9999,-9999,-9999,-9999,-9999,-9999
1195,321.025476,321.025321254,321.025205446,2160459.5,-9999,296371.9,13.32,-1,0.360744557,0.976663487,0,0.585998092,10,0.642857143,0.714285714,O9,de-protonated,0,-9999,C14 H10 O9,14,10,9,-9999,-9999,-9999,-9999,-9999,-9999,-9999
1195,321.025476,321.025321254,321.025043255,2160459.5,-9999,296371.9,13.32,-1,0.865974264,0.872781149,0,0.523668689,5,0.333333333,1.666666667,N4 S2 P1 O3,de-protonated,0,-9999,C9 H15 O3 N4 P1 S2,9,15,3,4,1,2,-9999,-9999,-9999,-9999
1196,321.061758,321.061603243,321.061590955,3540309.3,-9999,296823.4,23.36,-1,0.038273133,0.999734243,0,0.599840546,9,0.533333333,0.933333333,O8,de-protonated,0,-9999,C15 H14 O8,15,14,8,-9999,-9999,-9999,-9999,-9999,-9999,-9999
1196,321.061758,321.061603243,321.061428764,3540309.3,-9999,296823.4,23.36,-1,0.54344542,0.947822746,0,0.568693648,4,0.2,1.9,N4 S2 P1 O2,de-protonated,0,-9999,C10 H19 O2 N4 P1 S2,10,19,2,4,1,2,-9999,-9999,-9999,-9999
1197,321.099072,321.098917232,321.098845845,1494623,-9999,306579.9,8.48,-1,0.222323427,0.991071505,0,0.594642903,7,0.117647059,1.294117647,S2 O2,de-protonated,0,-9999,C17 H22 O2 S2,17,22,2,-9999,-9999,2,-9999,-9999,-9999,-9999
1198,321.111318,321.111163229,321.110863624,2857314.3,-9999,353411.1,18.39,-1,0.933025052,0.853886014,0,0.512331608,3,0.538461538,1.769230769,P1 O7,de-protonated,0,-9999,C13 H23 O7 P1,13,23,7,-9999,1,-9999,-9999,-9999,-9999,-9999
1199,321.134601,321.134446222,321.134361974,1864040.5,-9999,290691.7,11.16,-1,0.262344476,0.987589516,0,0.592553709,7,0.352941176,1.294117647,O6,de-protonated,0,-9999,C17 H22 O6,17,22,6,-9999,-9999,-9999,-9999,-9999,-9999,-9999
1200,321.147672,321.147517218,321.147249134,2786156,-9999,302660.2,17.87,-1,0.834770957,0.881225995,0,0.528735597,2,0.428571429,1.928571429,P1 O6,de-protonated,0,-9999,C14 H27 O6 P1,14,27,6,-9999,1,-9999,-9999,-9999,-9999,-9999
1202,321.171035,321.170880211,321.170747484,2708338,-9999,321792.8,17.3,-1,0.413262166,0.969486406,0,0.581691844,6,0.277777778,1.444444444,O5,de-protonated,0,-9999,C18 H26 O5,18,26,5,-9999,-9999,-9999,-9999,-9999,-9999,-9999
1203,321.184059,321.183904207,321.183634643,57034612,-9999,320665.6,412.51,-1,0.839284055,0.874073546,0.996717224,0.923131017,1,0.333333333,2.066666667,P1 O5,de-protonated,0,-9999,C15 H31 O5 P1,15,31,5,-9999,1,-9999,-9999,-9999,-9999,-9999
1205,321.210554,321.2103992,321.210504296,1512572.6,-9999,385509.7,8.61,-1,-0.327189236,0.980762852,0,0.588457711,0,0.25,2.125,S1 O4,de-protonated,0,-9999,C16 H34 O4 S1,16,34,4,-9999,-9999,1,-9999,-9999,-9999,-9999
1205,321.210554,321.2103992,321.210124174,1512572.6,-9999,385509.7,8.61,-1,0.856218032,0.875446075,0,0.525267645,5,0.055555556,1.722222222,N2 P1 O1,de-protonated,0,-9999,C18 H31 O1 N2 P1,18,31,1,2,1,-9999,-9999,-9999,-9999,-9999
1206,321.220466,321.220311197,321.220020152,2562431.3,-9999,317701.2,16.24,-1,0.906058731,0.861604505,0,0.516962703,0,0.25,2.1875,P1 O4,de-protonated,0,-9999,C16 H35 O4 P1,16,35,4,-9999,1,-9999,-9999,-9999,-9999,-9999
1210,322.14116,322.141004925,322.140844336,1604467.1,-9999,359764.8,9.13,-1,0.498506006,0.955910018,0,0.573546011,7,0.333333333,1.4,N3 O5,de-protonated,0,-9999,C15 H21 O5 N3,15,21,5,3,-9999,-9999,-9999,-9999,-9999,-9999
1211,322.154186,322.154030921,322.153731495,4171894.8,-9999,304313.4,27.53,-1,0.929449826,0.854918323,0,0.512950994,2,0.416666667,2.166666667,N3 P1 O5,de-protonated,0,-9999,C12 H26 O5 N3 P1,12,26,5,3,1,-9999,-9999,-9999,-9999,-9999
1212,322.187429,322.187273911,322.186989478,9506943,-9999,333865.5,65.75,-1,0.882819586,0.868128322,0.996717224,0.919563883,1,0.333333333,2.066666667,13C1 P1 O5,de-protonated,1,1203,C14 H31 O5 P1 13C1,14,31,5,-9999,1,-9999,1,-9999,-9999,-9999
1212,322.187429,322.187273911,322.187125824,9506943,-9999,333865.5,65.75,-1,0.459631539,0.481196177,0.86849267,0.636114774,1,0.5,2.071428571,N1 O7,de-protonated,0,-9999,C14 H29 O7 N1,14,29,7,1,-9999,-9999,-9999,-9999,-9999,-9999
1217,323.007328,323.007172669,323.007461182,3274584.3,-9999,316208.6,21.1,-1,-0.893208357,0.865226806,0,0.519136084,10,0.583333333,0.75,N2 P1 O7,de-protonated,0,-9999,C12 H9 O7 N2 P1,12,9,7,2,1,-9999,-9999,-9999,-9999,-9999
1218,323.01676200000003,323.016606666,323.01657277,1571290.9,-9999,241475.1,8.89,-1,0.104935455,0.998003982,0,0.598802389,9,0.307692308,0.923076923,N2 S2 O4,de-protonated,0,-9999,C13 H12 O4 N2 S2,13,12,4,2,-9999,2,-9999,-9999,-9999,-9999
1219,323.041132,323.040976659,323.040855511,3459937.3,-9999,322896.7,22.42,-1,0.375025337,0.974803205,0,0.584881923,9,0.642857143,0.857142857,O9,de-protonated,0,-9999,C14 H12 O9,14,12,9,-9999,-9999,-9999,-9999,-9999,-9999,-9999
1219,323.041132,323.040976659,323.040693319,3459937.3,-9999,322896.7,22.42,-1,0.877102612,0.869714653,0,0.521828792,4,0.333333333,1.888888889,N4 S2 P1 O3,de-protonated,0,-9999,C9 H17 O3 N4 P1 S2,9,17,3,4,1,2,-9999,-9999,-9999,-9999
1220,323.077465,323.077309648,323.07724102,2348394.8,-9999,278908.4,14.46,-1,0.212421117,0.991845966,0,0.595107579,8,0.533333333,1.066666667,O8,de-protonated,0,-9999,C15 H16 O8,15,16,8,-9999,-9999,-9999,-9999,-9999,-9999,-9999
1220,323.077465,323.077309648,323.077078829,2348394.8,-9999,278908.4,14.46,-1,0.714441765,0.911543179,0,0.546925907,3,0.2,2.1,N4 S2 P1 O2,de-protonated,0,-9999,C10 H21 O2 N4 P1 S2,10,21,2,4,1,2,-9999,-9999,-9999,-9999
1221,323.090533,323.090377644,323.090128179,1380206.3,-9999,321482,7.52,-1,0.772122012,0.897470795,0,0.538482477,3,0.666666667,1.75,P1 O8,de-protonated,0,-9999,C12 H21 O8 P1,12,21,8,-9999,1,-9999,-9999,-9999,-9999,-9999
1222,323.113889,323.113733638,323.113626529,1844084.5,-9999,367028.3,10.85,-1,0.331488106,0.980259081,0,0.588155449,7,0.4375,1.25,O7,de-protonated,0,-9999,C16 H20 O7,16,20,7,-9999,-9999,-9999,-9999,-9999,-9999,-9999
1222,323.113889,323.113733638,323.11346433800003,1844084.5,-9999,367028.3,10.85,-1,0.833452281,0.881577814,0,0.528946689,2,0.090909091,2.272727273,N4 S2 P1 O1,de-protonated,0,-9999,C11 H25 O1 N4 P1 S2,11,25,1,4,1,2,-9999,-9999,-9999,-9999
1223,323.126912,323.126756634,323.126513689,1945207.9,-9999,332190.3,11.57,-1,0.751856931,0.902514143,0,0.541508486,2,0.538461538,1.923076923,P1 O7,de-protonated,0,-9999,C13 H25 O7 P1,13,25,7,-9999,1,-9999,-9999,-9999,-9999,-9999
1224,323.150262,323.150106627,323.150012039,2530686,-9999,324889,15.77,-1,0.292706889,0.984574178,0,0.590744507,6,0.352941176,1.411764706,O6,de-protonated,0,-9999,C17 H24 O6,17,24,6,-9999,-9999,-9999,-9999,-9999,-9999,-9999
1225,323.163356,323.163200623,323.162899198,3120513.5,-9999,318185.6,19.99,-1,0.932733304,0.853970354,0,0.512382213,1,0.428571429,2.071428571,P1 O6,de-protonated,0,-9999,C14 H29 O6 P1,14,29,6,-9999,1,-9999,-9999,-9999,-9999,-9999
1228,323.186666,323.186510616,323.186397548,8778120,-9999,320580.6,60.53,-1,0.349854255,0.489017923,0.837042051,0.628227574,5,0.277777778,1.555555556,O5,de-protonated,0,-9999,C18 H28 O5,18,28,5,-9999,-9999,-9999,-9999,-9999,-9999,-9999
1229,323.199726,323.199570612,323.199284708,18729356,-9999,319832.8,131.82,-1,0.884608116,0.892762114,0.982618641,0.928704725,0,0.333333333,2.2,P1 O5,de-protonated,0,-9999,C15 H33 O5 P1,15,33,5,-9999,1,-9999,-9999,-9999,-9999,-9999
1230,324.133332,324.133176337,324.13299605,2375809.8,-9999,356563.5,14.65,-1,0.55621079,0.945411629,0,0.567246977,2,0.545454545,2.181818182,N3 P1 O6,de-protonated,0,-9999,C11 H24 O6 N3 P1,11,24,6,3,1,-9999,-9999,-9999,-9999,-9999
1233,324.203018,324.202862316,324.202639543,3487380,-9999,337065.6,22.62,-1,0.687142508,0.917893703,0.982618641,0.943783678,0,0.333333333,2.2,13C1 P1 O5,de-protonated,1,1229,C14 H33 O5 P1 13C1,14,33,5,-9999,1,-9999,1,-9999,-9999,-9999
1233,324.203018,324.202862316,324.202775888,3487380,-9999,337065.6,22.62,-1,0.26658561,0.987187612,0,0.592312567,0,0.5,2.214285714,N1 O7,de-protonated,0,-9999,C14 H31 O7 N1,14,31,7,1,-9999,-9999,-9999,-9999,-9999,-9999
1238,325.035704,325.03554807,325.035376207,1996655.6,-9999,312724.2,11.94,-1,0.528752295,0.950536002,0,0.570321601,13,0.411764706,0.588235294,O7,de-protonated,0,-9999,C17 H10 O7,17,10,7,-9999,-9999,-9999,-9999,-9999,-9999,-9999
1240,325.056727,325.056571064,325.056505575,3196277,-9999,340857.9,20.53,-1,0.201469385,0.992662069,0,0.595597241,8,0.642857143,1,O9,de-protonated,0,-9999,C14 H14 O9,14,14,9,-9999,-9999,-9999,-9999,-9999,-9999,-9999
1240,325.056727,325.056571064,325.056343384,3196277,-9999,340857.9,20.53,-1,0.700433229,0.914827329,0,0.548896398,3,0.333333333,2.111111111,N4 S2 P1 O3,de-protonated,0,-9999,C9 H19 O3 N4 P1 S2,9,19,3,4,1,2,-9999,-9999,-9999,-9999
1241,325.093113,325.092957053,325.092891084,3202942.8,-9999,335636.6,20.58,-1,0.20292305,0.992556192,0,0.595533715,7,0.533333333,1.2,O8,de-protonated,0,-9999,C15 H18 O8,15,18,8,-9999,-9999,-9999,-9999,-9999,-9999,-9999
1241,325.093113,325.092957053,325.092728893,3202942.8,-9999,335636.6,20.58,-1,0.701831049,0.91450202,0,0.548701212,2,0.2,2.3,N4 S2 P1 O2,de-protonated,0,-9999,C10 H23 O2 N4 P1 S2,10,23,2,4,1,2,-9999,-9999,-9999,-9999
1242,325.106129,325.105973049,325.105778244,1697410.1,-9999,306729.7,9.79,-1,0.599206292,0.936928019,0,0.562156811,2,0.666666667,1.916666667,P1 O8,de-protonated,0,-9999,C12 H23 O8 P1,12,23,8,-9999,1,-9999,-9999,-9999,-9999,-9999
1243,325.129562,325.129406042,325.129276594,2122120.3,-9999,383927.9,12.84,-1,0.398145411,0.97164652,0,0.582987912,6,0.4375,1.375,O7,de-protonated,0,-9999,C16 H22 O7,16,22,7,-9999,-9999,-9999,-9999,-9999,-9999,-9999
1243,325.129562,325.129406042,325.129114402,2122120.3,-9999,383927.9,12.84,-1,0.896997674,0.864162466,0,0.518497479,1,0.090909091,2.454545455,N4 S2 P1 O1,de-protonated,0,-9999,C11 H27 O1 N4 P1 S2,11,27,1,4,1,2,-9999,-9999,-9999,-9999
1244,325.142563,325.142407039,325.142163753,1560459.8,-9999,375098,8.81,-1,0.748242916,0.903402385,0,0.542041431,1,0.538461538,2.076923077,P1 O7,de-protonated,0,-9999,C13 H27 O7 P1,13,27,7,-9999,1,-9999,-9999,-9999,-9999,-9999
1245,325.16594,325.165784032,325.165662103,4434834,-9999,336725.3,29.4,-1,0.374973906,0.974810027,0,0.584886016,5,0.352941176,1.529411765,O6,de-protonated,0,-9999,C17 H26 O6,17,26,6,-9999,-9999,-9999,-9999,-9999,-9999,-9999
1247,325.18454,325.184384026,325.184289548,70618008,-9999,317168.3,503.58,-1,0.290538442,0.490876286,0.950180257,0.674597874,4,0.166666667,1.666666667,S1 O3,de-protonated,0,-9999,C18 H30 O3 S1,18,30,3,-9999,-9999,1,-9999,-9999,-9999,-9999
1249,325.202291,325.202135021,325.202047612,21445532,-9999,314984.3,151.28,-1,0.268782305,0.980285036,0.99936717,0.987917889,4,0.277777778,1.666666667,O5,de-protonated,0,-9999,C18 H30 O5,18,30,5,-9999,-9999,-9999,-9999,-9999,-9999,-9999
1252,326.187913,326.18775673,326.187644383,14290079,-9999,312550.8,100.01,-1,0.344425116,0.489352498,0.950180257,0.673683601,4,0.166666667,1.666666667,13C1 S1 O3,de-protonated,1,1247,C17 H30 O3 S1 13C1,17,30,3,-9999,-9999,1,1,-9999,-9999,-9999
1253,326.205684,326.205527725,326.205402447,4194467.5,-9999,338034.8,27.68,-1,0.384044009,0.973593094,0.99936717,0.983902724,4,0.277777778,1.666666667,13C1 O5,de-protonated,1,1249,C17 H30 O5 13C1,17,30,5,-9999,-9999,-9999,1,-9999,-9999,-9999
1254,326.208782,326.208625724,326.208529974,3329188.5,-9999,345251.8,21.48,-1,0.293523581,0.98448865,0,0.59069319,4,0.25,1.8125,N3 O4,de-protonated,0,-9999,C16 H29 O4 N3,16,29,4,3,-9999,-9999,-9999,-9999,-9999,-9999
1258,327.014943,327.014786486,327.014640762,4217208.5,-9999,344113.2,27.84,-1,0.445618317,0.964610104,0,0.578766062,13,0.5,0.5,O8,de-protonated,0,-9999,C16 H8 O8,16,8,8,-9999,-9999,-9999,-9999,-9999,-9999,-9999
1258,327.014943,327.014786486,327.014478571,4217208.5,-9999,344113.2,27.84,-1,0.941594529,0.851400659,0,0.510840395,8,0.181818182,1.181818182,N4 S2 P1 O2,de-protonated,0,-9999,C11 H13 O2 N4 P1 S2,11,13,2,4,1,2,-9999,-9999,-9999,-9999
1259,327.036088,327.03593148,327.03577013,2094974,-9999,368776,12.64,-1,0.493369305,0.956794142,0,0.574076485,8,0.769230769,0.923076923,O10,de-protonated,0,-9999,C13 H12 O10,13,12,10,-9999,-9999,-9999,-9999,-9999,-9999,-9999
1259,327.036088,327.03593148,327.035607939,2094974,-9999,368776,12.64,-1,0.989313496,0.837284548,0,0.502370729,3,0.5,2.125,N4 S2 P1 O4,de-protonated,0,-9999,C8 H17 O4 N4 P1 S2,8,17,4,4,1,2,-9999,-9999,-9999,-9999
1260,327.051421,327.051264475,327.051026271,1890178,-9999,322069,11.17,-1,0.728337704,0.908233169,0,0.544939902,12,0.411764706,0.705882353,O7,de-protonated,0,-9999,C17 H12 O7,17,12,7,-9999,-9999,-9999,-9999,-9999,-9999,-9999
1261,327.072376,327.072219469,327.072155639,3712391.5,-9999,341050.9,24.23,-1,0.195153716,0.993113354,0,0.595868012,7,0.642857143,1.142857143,O9,de-protonated,0,-9999,C14 H16 O9,14,16,9,-9999,-9999,-9999,-9999,-9999,-9999,-9999
1261,327.072376,327.072219469,327.071993448,3712391.5,-9999,341050.9,24.23,-1,0.691042587,0.916998924,0,0.550199355,2,0.333333333,2.333333333,N4 S2 P1 O3,de-protonated,0,-9999,C9 H21 O3 N4 P1 S2,9,21,3,4,1,2,-9999,-9999,-9999,-9999
1262,327.108821,327.108664458,327.108541149,2740625,-9999,300377.2,17.26,-1,0.376967338,0.974544933,0,0.58472696,6,0.533333333,1.333333333,O8,de-protonated,0,-9999,C15 H20 O8,15,20,8,-9999,-9999,-9999,-9999,-9999,-9999,-9999
1262,327.108821,327.108664458,327.108378958,2740625,-9999,300377.2,17.26,-1,0.87280114,0.870903316,0,0.522541989,1,0.2,2.5,N4 S2 P1 O2,de-protonated,0,-9999,C10 H25 O2 N4 P1 S2,10,25,2,4,1,2,-9999,-9999,-9999,-9999
1263,327.121777,327.121620454,327.121428308,1457556.5,-9999,288906.6,8.07,-1,0.58738384,0.939315947,0,0.563589568,1,0.666666667,2.083333333,P1 O8,de-protonated,0,-9999,C12 H25 O8 P1,12,25,8,-9999,1,-9999,-9999,-9999,-9999,-9999
1264,327.135351,327.13519445,327.135030679,2477464,-9999,318069.5,15.38,-1,0.500621479,0.955543483,0,0.57332609,10,0.222222222,1.111111111,N2 O4,de-protonated,0,-9999,C18 H20 O4 N2,18,20,4,2,-9999,-9999,-9999,-9999,-9999,-9999
1266,327.145223,327.145066447,327.144926658,2869658.8,-9999,311087.3,18.19,-1,0.427300339,0.967412871,0,0.580447723,5,0.4375,1.5,O7,de-protonated,0,-9999,C16 H24 O7,16,24,7,-9999,-9999,-9999,-9999,-9999,-9999,-9999
1267,327.163894,327.163737442,327.163554103,3446175.5,-9999,339340.7,22.32,-1,0.560389485,0.944611556,0,0.566766934,4,0.235294118,1.647058824,S1 O4,de-protonated,0,-9999,C17 H28 O4 S1,17,28,4,-9999,-9999,1,-9999,-9999,-9999,-9999
1268,327.167743,327.167586441,327.167393437,1732000.5,-9999,378713,10.04,-1,0.589924036,0.938806375,0,0.563283825,5,0.357142857,1.714285714,N4 O5,de-protonated,0,-9999,C14 H24 O5 N4,14,24,5,4,-9999,-9999,-9999,-9999,-9999,-9999
1269,327.181575,327.181418437,327.181312168,8549796,-9999,280123.3,58.88,-1,0.324801727,0.976514474,0.946736985,0.964603479,4,0.352941176,1.647058824,O6,de-protonated,0,-9999,C17 H28 O6,17,28,6,-9999,-9999,-9999,-9999,-9999,-9999,-9999
1270,327.217978,327.217821426,327.217697677,50466220,-9999,316294.2,359.19,-1,0.378185404,0.981197422,0.995320244,0.986846551,3,0.277777778,1.777777778,O5,de-protonated,0,-9999,C18 H32 O5,18,32,5,-9999,-9999,-9999,-9999,-9999,-9999,-9999
1271,327.254316,327.254159415,327.254083186,1811895.4,-9999,324751,10.61,-1,0.232934842,0.990203146,0,0.594121888,2,0.210526316,1.894736842,O4,de-protonated,0,-9999,C19 H36 O4,19,36,4,-9999,-9999,-9999,-9999,-9999,-9999,-9999
1272,328.151661,328.15150415,328.15140902,5055139,-9999,323263.6,33.84,-1,0.289898173,0.984866559,0,0.590919935,5,0.428571429,1.642857143,N3 O6,de-protonated,0,-9999,C14 H23 O6 N3,14,23,6,3,-9999,-9999,-9999,-9999,-9999,-9999
1273,328.184694,328.18453714,328.184667003,2253227.8,-9999,234164,13.77,-1,-0.395698527,0.97198904,0.946736985,0.961888218,4,0.352941176,1.647058824,13C1 O6,de-protonated,1,1269,C16 H28 O6 13C1,16,28,6,-9999,-9999,-9999,1,-9999,-9999,-9999
1274,328.188053,328.187896139,328.187794529,5737132.5,-9999,336794.4,38.73,-1,0.309610536,0.98275696,0,0.589654176,4,0.333333333,1.8,N3 O5,de-protonated,0,-9999,C15 H27 O5 N3,15,27,5,3,-9999,-9999,-9999,-9999,-9999,-9999
1275,328.221294,328.22113713,328.22105251200003,10163893,-9999,314095.7,70.44,-1,0.257806907,0.988012551,0.995320244,0.990935628,3,0.277777778,1.777777778,13C1 O5,de-protonated,1,1270,C17 H32 O5 13C1,17,32,5,-9999,-9999,-9999,1,-9999,-9999,-9999
1276,328.224312,328.224155129,328.224180038,1694646.1,-9999,340859.3,9.77,-1,-0.075892205,0.998955469,0,0.599373282,3,0.25,1.9375,N3 O4,de-protonated,0,-9999,C16 H31 O4 N3,16,31,4,3,-9999,-9999,-9999,-9999,-9999,-9999
1280,329.030536,329.030378891,329.030290827,6015881.5,-9999,322852.9,40.72,-1,0.267647524,0.493542999,0.85247738,0.637116752,12,0.5,0.625,O8,de-protonated,0,-9999,C16 H10 O8,16,10,8,-9999,-9999,-9999,-9999,-9999,-9999,-9999
1280,329.030536,329.030378891,329.030128635,6015881.5,-9999,322852.9,40.72,-1,0.760585281,0.900354914,0,0.540212948,7,0.181818182,1.363636364,N4 S2 P1 O2,de-protonated,0,-9999,C11 H15 O2 N4 P1 S2,11,15,2,4,1,2,-9999,-9999,-9999,-9999
1281,329.051655,329.051497884,329.051420195,2666895.3,-9999,346761.9,16.73,-1,0.236102453,0.98993624,0,0.593961744,7,0.769230769,1.076923077,O10,de-protonated,0,-9999,C13 H14 O10,13,14,10,-9999,-9999,-9999,-9999,-9999,-9999,-9999
1281,329.051655,329.051497884,329.051258003,2666895.3,-9999,346761.9,16.73,-1,0.729008541,0.90807207,0,0.544843242,2,0.5,2.375,N4 S2 P1 O4,de-protonated,0,-9999,C8 H19 O4 N4 P1 S2,8,19,4,4,1,2,-9999,-9999,-9999,-9999
1282,329.066904,329.06674688,329.066676336,2100627.3,-9999,345859.4,12.67,-1,0.214376174,0.991695808,0,0.595017485,11,0.411764706,0.823529412,O7,de-protonated,0,-9999,C17 H14 O7,17,14,7,-9999,-9999,-9999,-9999,-9999,-9999,-9999
1282,329.066904,329.06674688,329.066514145,2100627.3,-9999,345859.4,12.67,-1,0.707259399,0.913233656,0,0.547940193,6,0.083333333,1.583333333,N4 S2 P1 O1,de-protonated,0,-9999,C12 H19 O1 N4 P1 S2,12,19,1,4,1,2,-9999,-9999,-9999,-9999
1283,329.087972,329.087814874,329.087805704,2645912.8,-9999,337739,16.58,-1,0.027864219,0.99985913,0,0.599915478,6,0.642857143,1.285714286,O9,de-protonated,0,-9999,C14 H18 O9,14,18,9,-9999,-9999,-9999,-9999,-9999,-9999,-9999
1284,329.124484,329.124326863,329.124191213,2251170.3,-9999,357381.4,13.75,-1,0.412153369,0.969647417,0,0.58178845,5,0.533333333,1.466666667,O8,de-protonated,0,-9999,C15 H22 O8,15,22,8,-9999,-9999,-9999,-9999,-9999,-9999,-9999
1285,329.127585,329.127427862,329.127562517,1758627.1,-9999,401010.9,10.22,-1,-0.409125842,0.970084984,0,0.582050991,0,0.666666667,2.166666667,S1 O8,de-protonated,0,-9999,C12 H26 O8 S1,12,26,8,-9999,-9999,1,-9999,-9999,-9999,-9999
1285,329.127585,329.127427862,329.127182394,1758627.1,-9999,401010.9,10.22,-1,0.745814815,0.903997242,0,0.542398345,5,0.357142857,1.642857143,N2 P1 O5,de-protonated,0,-9999,C14 H23 O5 N2 P1,14,23,5,2,1,-9999,-9999,-9999,-9999,-9999
1286,329.135645,329.13548786,329.135424603,1647525.3,-9999,316608.1,9.43,-1,0.192191585,0.99332013,0,0.595992078,5,0.5,1.571428571,N2 O7,de-protonated,0,-9999,C14 H22 O7 N2,14,22,7,2,-9999,-9999,-9999,-9999,-9999,-9999
1287,329.139254,329.139096859,329.138795906,3764134.3,-9999,324491,24.59,-1,0.914364023,0.859244063,0,0.515546438,0,0.636363636,2.363636364,N2 S1 O7,de-protonated,0,-9999,C11 H26 O7 N2 S1,11,26,7,2,-9999,1,-9999,-9999,-9999,-9999
1288,329.152683,329.152525855,329.152334514,841551808,-9999,314475.8,6026.96,-1,0.58131278,0.447455973,0.983840264,0.662009689,4,0.3125,1.6875,P1 O5,de-protonated,0,-9999,C16 H27 O5 P1,16,27,5,-9999,1,-9999,-9999,-9999,-9999,-9999
1289,329.172147,329.171989849,329.171810112,1852078.9,-9999,330258.4,10.89,-1,0.546027716,0.947339027,0,0.568403416,4,0.4,1.733333333,N2 O6,de-protonated,0,-9999,C15 H26 O6 N2,15,26,6,2,-9999,-9999,-9999,-9999,-9999,-9999
1290,329.18328,329.183122846,329.183043501,3445681.8,-9999,333815.2,22.31,-1,0.241034149,0.989513661,0,0.593708197,4,0.357142857,1.857142857,N4 O5,de-protonated,0,-9999,C14 H26 O5 N4,14,26,5,4,-9999,-9999,-9999,-9999,-9999,-9999
1291,329.18912,329.188962844,329.188720024,3095475.3,-9999,315616.3,19.8,-1,0.737632657,0.905990388,0,0.543594233,3,0.235294118,1.823529412,P1 O4,de-protonated,0,-9999,C17 H31 O4 P1,17,31,4,-9999,1,-9999,-9999,-9999,-9999,-9999
1292,329.19722,329.197062841,329.196962232,6192053.5,-9999,323694.2,41.99,-1,0.305620891,0.491597377,0.844689208,0.632834109,3,0.352941176,1.764705882,O6,de-protonated,0,-9999,C17 H30 O6,17,30,6,-9999,-9999,-9999,-9999,-9999,-9999,-9999
1293,329.233589,329.233431831,329.233347741,119050176,-9999,314662.3,850.56,-1,0.25540967,0.741531605,0.98034973,0.837058855,2,0.277777778,1.888888889,O5,de-protonated,0,-9999,C18 H34 O5,18,34,5,-9999,-9999,-9999,-9999,-9999,-9999,-9999
1295,330.130812,330.130654566,330.130673575,1918634.3,-9999,344189.4,11.37,-1,-0.057580132,0.999398593,0,0.599639156,5,0.538461538,1.615384615,N3 O7,de-protonated,0,-9999,C13 H21 O7 N3,13,21,7,3,-9999,-9999,-9999,-9999,-9999,-9999
1296,330.156136,330.155978558,330.155689349,138481840,-9999,314676.1,989.78,-1,0.875977985,0.435705943,0.983840264,0.654959671,4,0.3125,1.6875,13C1 P1 O5,de-protonated,1,1288,C15 H27 O5 P1 13C1,15,27,5,-9999,1,-9999,1,-9999,-9999,-9999
1296,330.156136,330.155978558,330.155825695,138481840,-9999,314676.1,989.78,-1,0.463004083,0.481477522,0.922952095,0.658067351,4,0.466666667,1.666666667,N1 O7,de-protonated,0,-9999,C15 H25 O7 N1,15,25,7,1,-9999,-9999,-9999,-9999,-9999,-9999
1297,330.167319,330.167161555,330.167059084,21520564,-9999,314619.9,151.81,-1,0.310360773,0.984922981,0.994856714,0.988896474,4,0.428571429,1.785714286,N3 O6,de-protonated,0,-9999,C14 H25 O6 N3,14,25,6,3,-9999,-9999,-9999,-9999,-9999,-9999
1298,330.203712,330.203554544,330.203444593,7033021.5,-9999,308251.3,48.01,-1,0.332978987,0.490041448,0.860410506,0.638189071,3,0.333333333,1.933333333,N3 O5,de-protonated,0,-9999,C15 H29 O5 N3,15,29,5,3,-9999,-9999,-9999,-9999,-9999,-9999
1299,330.220814,330.220656539,330.220354505,2405570,-9999,337404.6,14.86,-1,0.914644373,0.859164123,0,0.515498474,2,0.176470588,2,N1 P1 O3,de-protonated,0,-9999,C17 H34 O3 N1 P1,17,34,3,1,1,-9999,-9999,-9999,-9999,-9999
1300,330.23695,330.236792534,330.236702576,21258438,-9999,314359.3,149.93,-1,0.272404806,0.741129809,0.98034973,0.836817778,2,0.277777778,1.888888889,13C1 O5,de-protonated,1,1293,C17 H34 O5 13C1,17,34,5,-9999,-9999,-9999,1,-9999,-9999,-9999
1304,331.009876,331.009718306,331.009555382,1570448.8,-9999,357478.1,8.87,-1,0.492205204,0.956993346,0,0.574196008,12,0.6,0.533333333,O9,de-protonated,0,-9999,C15 H8 O9,15,8,9,-9999,-9999,-9999,-9999,-9999,-9999,-9999
1304,331.009876,331.009718306,331.010044639,1570448.8,-9999,357478.1,8.87,-1,-0.985869552,0.838318639,0,0.502991183,16,0.055555556,0.5,N2 S1 P1 O1,de-protonated,0,-9999,C18 H9 O1 N2 P1 S1,18,9,1,2,1,1,-9999,-9999,-9999,-9999
1304,331.009876,331.009718306,331.00939319,1570448.8,-9999,357478.1,8.87,-1,0.982195558,0.839419229,0,0.503651538,7,0.3,1.3,N4 S2 P1 O3,de-protonated,0,-9999,C10 H13 O3 N4 P1 S2,10,13,3,4,1,2,-9999,-9999,-9999,-9999
1305,331.046232,331.046074296,331.045940891,2618266.3,-9999,340356.2,16.38,-1,0.402978937,0.970964065,0,0.582578439,11,0.5,0.75,O8,de-protonated,0,-9999,C16 H12 O8,16,12,8,-9999,-9999,-9999,-9999,-9999,-9999,-9999
1305,331.046232,331.046074296,331.0457787,2618266.3,-9999,340356.2,16.38,-1,0.892915392,0.86530896,0,0.519185376,6,0.181818182,1.545454545,N4 S2 P1 O2,de-protonated,0,-9999,C11 H17 O2 N4 P1 S2,11,17,2,4,1,2,-9999,-9999,-9999,-9999
1306,331.052525,331.052367294,331.052683498,1689499.9,-9999,303091.4,9.72,-1,-0.955146937,0.847438791,0,0.508463274,1,0.8,2,S2 O8,de-protonated,0,-9999,C10 H20 O8 S2,10,20,8,-9999,-9999,2,-9999,-9999,-9999,-9999
1306,331.052525,331.052367294,331.052303375,1689499.9,-9999,303091.4,9.72,-1,0.193076933,0.993258654,0,0.595955192,6,0.416666667,1.416666667,N2 S1 P1 O5,de-protonated,0,-9999,C12 H17 O5 N2 P1 S1,12,17,5,2,1,1,-9999,-9999,-9999,-9999
1307,331.067384,331.067226289,331.067070259,1613983.8,-9999,367187.9,9.18,-1,0.471294943,0.960498185,0,0.576298911,6,0.769230769,1.230769231,O10,de-protonated,0,-9999,C13 H16 O10,13,16,10,-9999,-9999,-9999,-9999,-9999,-9999,-9999
1308,331.082494,331.082336285,331.0823264,1912227.8,-9999,367775.6,11.32,-1,0.029855067,0.999838283,0,0.59990297,10,0.411764706,0.941176471,O7,de-protonated,0,-9999,C17 H16 O7,17,16,7,-9999,-9999,-9999,-9999,-9999,-9999,-9999
1308,331.082494,331.082336285,331.082164209,1912227.8,-9999,367775.6,11.32,-1,0.519737496,0.952167608,0,0.571300565,5,0.083333333,1.75,N4 S2 P1 O1,de-protonated,0,-9999,C12 H21 O1 N4 P1 S2,12,21,1,4,1,2,-9999,-9999,-9999,-9999
1309,331.095685,331.095527281,331.09521356,1462951.1,-9999,305852.4,8.1,-1,0.947525085,0.849671634,0,0.50980298,5,0.5,1.5,P1 O7,de-protonated,0,-9999,C14 H21 O7 P1,14,21,7,-9999,1,-9999,-9999,-9999,-9999,-9999
1310,331.103764,331.103606279,331.103455768,2261417.3,-9999,270764.3,13.82,-1,0.45457135,0.963200515,0,0.577920309,5,0.642857143,1.428571429,O9,de-protonated,0,-9999,C14 H20 O9,14,20,9,-9999,-9999,-9999,-9999,-9999,-9999,-9999
1311,331.132049,331.13189127,331.131599069,3323824.8,-9999,322806.6,21.43,-1,0.882431439,0.868236258,0,0.520941755,4,0.4,1.666666667,P1 O6,de-protonated,0,-9999,C15 H25 O6 P1,15,25,6,-9999,1,-9999,-9999,-9999,-9999,-9999
1312,331.140022,331.139864268,331.139841278,2595762.8,-9999,309689.8,16.22,-1,0.069427132,0.999125777,0,0.599475466,4,0.533333333,1.6,O8,de-protonated,0,-9999,C15 H24 O8,15,24,8,-9999,-9999,-9999,-9999,-9999,-9999,-9999
1314,331.159487,331.15932926200003,331.159044184,12343736,-9999,314702.7,86.06,-1,0.860848609,0.436398966,0.983840264,0.655375485,4,0.3125,1.6875,13C2 P1 O5,de-protonated,1,1288,C14 H27 O5 P1 13C2,14,27,5,-9999,1,-9999,2,-9999,-9999,-9999
1314,331.159487,331.15932926200003,331.15918053,12343736,-9999,314702.7,86.06,-1,0.449125953,0.482030474,0.922952095,0.658399122,4,0.466666667,1.666666667,13C1 N1 O7,de-protonated,1,1296,C14 H25 O7 N1 13C1,14,25,7,1,-9999,-9999,1,-9999,-9999,-9999
1315,331.162436,331.162278261,331.162308056,1445304.6,-9999,299858.4,7.97,-1,-0.089971315,0.998532281,0,0.599119368,4,0.461538462,1.846153846,N4 O6,de-protonated,0,-9999,C13 H24 O6 N4,13,24,6,4,-9999,-9999,-9999,-9999,-9999,-9999
1316,331.168472,331.168314259,331.167984579,3241402.3,-9999,325681.8,20.84,-1,0.995509364,0.835418313,0,0.501250988,3,0.3125,1.8125,P1 O5,de-protonated,0,-9999,C16 H29 O5 P1,16,29,5,-9999,1,-9999,-9999,-9999,-9999,-9999
1317,331.17066,331.170502259,331.17035356,3406266.8,-9999,328962.8,22.02,-1,0.449008983,0.964079325,0,0.578447595,12,0.086956522,1.043478261,O2,de-protonated,0,-9999,C23 H24 O2,23,24,2,-9999,-9999,-9999,-9999,-9999,-9999,-9999
1317,331.17066,331.170502259,331.170413919,3406266.8,-9999,328962.8,22.02,-1,0.266749655,0.98717194,0.994856714,0.99024585,4,0.428571429,1.785714286,13C1 N3 O6,de-protonated,1,1297,C13 H25 O6 N3 13C1,13,25,6,3,-9999,-9999,1,-9999,-9999,-9999
1318,331.176427,331.176269257,331.176226787,5725628.5,-9999,307925,38.64,-1,0.128239854,0.997020441,0,0.598212264,3,0.4375,1.75,O7,de-protonated,0,-9999,C16 H28 O7,16,28,7,-9999,-9999,-9999,-9999,-9999,-9999,-9999
1320,331.191784,331.191626253,331.191482928,2513344.5,-9999,320216.4,15.63,-1,0.432753178,0.966590006,0,0.579954003,7,0.2,1.4,O4,de-protonated,0,-9999,C20 H28 O4,20,28,4,-9999,-9999,-9999,-9999,-9999,-9999,-9999
1321,331.204838,331.204680249,331.204370088,8282564,-9999,316553.2,56.96,-1,0.936463315,0.426445347,0.844689208,0.593742891,2,0.235294118,1.941176471,P1 O4,de-protonated,0,-9999,C17 H33 O4 P1,17,33,4,-9999,1,-9999,-9999,-9999,-9999,-9999
1322,331.212871,331.212713246,331.212612296,3997126,-9999,326144.2,26.26,-1,0.304788758,0.983285375,0,0.589971225,2,0.352941176,1.882352941,O6,de-protonated,0,-9999,C17 H32 O6,17,32,6,-9999,-9999,-9999,-9999,-9999,-9999,-9999
1323,331.240288,331.240130238,331.240057411,1856461.1,-9999,393518.7,10.92,-1,0.219860956,0.742290155,0.98034973,0.837513985,2,0.277777778,1.888888889,13C2 O5,de-protonated,1,1293,C16 H34 O5 13C2,16,34,5,-9999,-9999,-9999,2,-9999,-9999,-9999
1324,331.249286,331.249128236,331.248997806,26210768,-9999,314410.4,185.41,-1,0.393751467,0.969535661,0.998865242,0.981267494,1,0.277777778,2,O5,de-protonated,0,-9999,C18 H36 O5,18,36,5,-9999,-9999,-9999,-9999,-9999,-9999,-9999
1327,332.125543,332.125384977,332.125194271,1840309,-9999,296652.2,10.69,-1,0.574198177,0.941930039,0,0.565158024,9,0.3125,1.1875,N3 O5,de-protonated,0,-9999,C16 H19 O5 N3,16,19,5,3,-9999,-9999,-9999,-9999,-9999,-9999
1328,332.135276,332.135117974,332.13509025,1479095.6,-9999,294588.4,8.13,-1,0.083472172,0.998736536,0,0.599241922,4,0.571428571,1.642857143,N1 O8,de-protonated,0,-9999,C14 H23 O8 N1,14,23,8,1,-9999,-9999,-9999,-9999,-9999,-9999
1329,332.146588,332.146429971,332.146323639,6713018.5,-9999,301607.4,45.23,-1,0.320134229,0.981575901,0,0.588945541,4,0.538461538,1.769230769,N3 O7,de-protonated,0,-9999,C13 H23 O7 N3,13,23,7,3,-9999,-9999,-9999,-9999,-9999,-9999
1330,332.153187,332.153028969,332.153337572,45437628,-9999,313341.9,319.73,-1,-0.929099022,0.427509734,0.844689208,0.594381523,8,0.117647059,1.411764706,N3 P1 O2,de-protonated,0,-9999,C17 H24 O2 N3 P1,17,24,2,3,1,-9999,-9999,-9999,-9999,-9999
1331,332.161903,332.161744966,332.161579781,2070206.6,-9999,305077.3,12.32,-1,0.497304943,0.956117491,0,0.573670495,8,0.235294118,1.352941176,N3 O4,de-protonated,0,-9999,C17 H23 O4 N3,17,23,4,3,-9999,-9999,-9999,-9999,-9999,-9999
1332,332.171768,332.171609963,332.171475759,1743809.1,-9999,337347.7,10,-1,0.40401998,0.970816064,0,0.582489638,3,0.466666667,1.8,N1 O7,de-protonated,0,-9999,C15 H27 O7 N1,15,27,7,1,-9999,-9999,-9999,-9999,-9999,-9999
1333,332.182945,332.18278696,332.182709149,3857092,-9999,317584.6,24.98,-1,0.234242544,0.990093386,0,0.594056031,3,0.428571429,1.928571429,N3 O6,de-protonated,0,-9999,C14 H27 O6 N3,14,27,6,3,-9999,-9999,-9999,-9999,-9999,-9999
1334,332.208221,332.208062952,332.207861269,2155210.8,-9999,303600.9,12.92,-1,0.607101226,0.935310343,0,0.561186206,2,0.375,1.9375,N1 O6,de-protonated,0,-9999,C16 H31 O6 N1,16,31,6,1,-9999,-9999,-9999,-9999,-9999,-9999
1335,332.23641,332.236251944,332.23600457,8528594,-9999,310104.8,58.1,-1,0.744574982,0.452150196,0.844689208,0.6091658,1,0.176470588,2.117647059,N1 P1 O3,de-protonated,0,-9999,C17 H36 O3 N1 P1,17,36,3,1,1,-9999,-9999,-9999,-9999,-9999
1336,332.252654,332.252495939,332.252352641,5145302.5,-9999,331514,34.12,-1,0.431294044,0.966811151,0.998865242,0.979632787,1,0.277777778,2,13C1 O5,de-protonated,1,1324,C17 H36 O5 13C1,17,36,5,-9999,-9999,-9999,1,-9999,-9999,-9999
1341,333.025447,333.025288711,333.025205446,1926560.8,-9999,378501.2,11.3,-1,0.250026304,0.988721159,0,0.593232695,11,0.6,0.666666667,O9,de-protonated,0,-9999,C15 H10 O9,15,10,9,-9999,-9999,-9999,-9999,-9999,-9999,-9999
1341,333.025447,333.025288711,333.025043255,1926560.8,-9999,378501.2,11.3,-1,0.73705085,0.906131444,0,0.543678866,6,0.3,1.5,N4 S2 P1 O3,de-protonated,0,-9999,C10 H15 O3 N4 P1 S2,10,15,3,4,1,2,-9999,-9999,-9999,-9999
1342,333.061868,333.0617097,333.061590955,3844010.3,-9999,323501.8,24.89,-1,0.356525522,0.977199918,0,0.586319951,10,0.5,0.875,O8,de-protonated,0,-9999,C16 H14 O8,16,14,8,-9999,-9999,-9999,-9999,-9999,-9999,-9999
1342,333.061868,333.0617097,333.061428764,3844010.3,-9999,323501.8,24.89,-1,0.843496915,0.878887488,0,0.527332493,5,0.181818182,1.727272727,N4 S2 P1 O2,de-protonated,0,-9999,C11 H19 O2 N4 P1 S2,11,19,2,4,1,2,-9999,-9999,-9999,-9999
1343,333.086066,333.085907693,333.085711504,1930160.6,-9999,363213.8,11.32,-1,0.589004411,0.938991077,0,0.563394646,5,0.583333333,1.583333333,N2 P1 O7,de-protonated,0,-9999,C12 H19 O7 N2 P1,12,19,7,2,1,-9999,-9999,-9999,-9999,-9999
1344,333.098284,333.09812569,333.097976465,1382067.9,-9999,327039.7,7.44,-1,0.44799088,0.964239092,0,0.578543455,9,0.411764706,1.058823529,O7,de-protonated,0,-9999,C17 H18 O7,17,18,7,-9999,-9999,-9999,-9999,-9999,-9999,-9999
1344,333.098284,333.09812569,333.097814273,1382067.9,-9999,327039.7,7.44,-1,0.934909124,0.853340916,0,0.51200455,4,0.083333333,1.916666667,N4 S2 P1 O1,de-protonated,0,-9999,C12 H23 O1 N4 P1 S2,12,23,1,4,1,2,-9999,-9999,-9999,-9999
1345,333.111319,333.111160686,333.110863624,14701495,-9999,309167.7,101.85,-1,0.891779493,0.874215046,0.988401332,0.91988956,4,0.5,1.642857143,P1 O7,de-protonated,0,-9999,C14 H23 O7 P1,14,23,7,-9999,1,-9999,-9999,-9999,-9999,-9999
1346,333.134598,333.134439679,333.134361974,1938109.4,-9999,282117.4,11.38,-1,0.233253584,0.990176448,0,0.594105869,8,0.333333333,1.222222222,O6,de-protonated,0,-9999,C18 H22 O6,18,22,6,-9999,-9999,-9999,-9999,-9999,-9999,-9999
1347,333.147691,333.147532675,333.147249134,3602368.8,-9999,322812.7,23.18,-1,0.851099173,0.876835436,0,0.526101261,3,0.4,1.8,P1 O6,de-protonated,0,-9999,C15 H27 O6 P1,15,27,6,-9999,1,-9999,-9999,-9999,-9999,-9999
1348,333.156559,333.156400672,333.156360722,3803075.3,-9999,343980.3,24.6,-1,0.119914774,0.99739425,0,0.59843655,2,0.1875,1.875,S2 O3,de-protonated,0,-9999,C16 H30 O3 S2,16,30,3,-9999,-9999,2,-9999,-9999,-9999,-9999
1349,333.171161,333.171002668,333.170747484,1757127,-9999,327658.5,10.1,-1,0.765927503,0.899023636,0,0.539414182,7,0.263157895,1.368421053,O5,de-protonated,0,-9999,C19 H26 O5,19,26,5,-9999,-9999,-9999,-9999,-9999,-9999,-9999
1350,333.18409,333.183931664,333.183634643,6135754.5,-9999,319109.5,41.13,-1,0.891464107,0.432857827,0.85247738,0.600705648,2,0.3125,1.9375,P1 O5,de-protonated,0,-9999,C16 H31 O5 P1,16,31,5,-9999,1,-9999,-9999,-9999,-9999,-9999
1351,333.192177,333.192018662,333.191876852,1849292.5,-9999,325333.6,10.75,-1,0.425611737,0.967665716,0,0.58059943,2,0.4375,1.875,O7,de-protonated,0,-9999,C16 H30 O7,16,30,7,-9999,-9999,-9999,-9999,-9999,-9999,-9999
1353,333.207378,333.207219657,333.207132993,4560848.5,-9999,329177.9,29.97,-1,0.260092257,0.987800389,0,0.592680233,6,0.2,1.5,O4,de-protonated,0,-9999,C20 H30 O4,20,30,4,-9999,-9999,-9999,-9999,-9999,-9999,-9999
1354,333.220474,333.220315654,333.220020152,10208212,-9999,313628.6,70,-1,0.886804936,0.888362058,0.993871853,0.930565976,1,0.235294118,2.058823529,P1 O4,de-protonated,0,-9999,C17 H35 O4 P1,17,35,4,-9999,1,-9999,-9999,-9999,-9999,-9999
1355,333.23987,333.239711648,333.23949575,1881561,-9999,332356.3,10.98,-1,0.647875341,0.926666336,0,0.555999802,1,0.3125,2.125,N2 O5,de-protonated,0,-9999,C16 H34 O5 N2,16,34,5,2,-9999,-9999,-9999,-9999,-9999,-9999
1356,334.104659,334.104500393,334.104458826,1468091.5,-9999,383146.2,8.05,-1,0.124410881,0.997195465,0,0.598317279,9,0.4,1.133333333,N3 O6,de-protonated,0,-9999,C15 H17 O6 N3,15,17,6,3,-9999,-9999,-9999,-9999,-9999,-9999
1357,334.114654,334.11449539,334.11421845900003,2455230.3,-9999,316701.7,15.04,-1,0.82884868,0.882802778,0.988401332,0.9250422,4,0.5,1.642857143,13C1 P1 O7,de-protonated,1,1345,C13 H23 O7 P1 13C1,13,23,7,-9999,1,-9999,1,-9999,-9999,-9999
1357,334.114654,334.11449539,334.114354805,2455230.3,-9999,316701.7,15.04,-1,0.420767641,0.968385859,0,0.581031515,4,0.692307692,1.615384615,N1 O9,de-protonated,0,-9999,C13 H21 O9 N1,13,21,9,1,-9999,-9999,-9999,-9999,-9999,-9999
1358,334.141226,334.141067382,334.140844336,1428933.1,-9999,360836.1,7.77,-1,0.667521158,0.922331365,0,0.553398819,8,0.3125,1.3125,N3 O5,de-protonated,0,-9999,C16 H21 O5 N3,16,21,5,3,-9999,-9999,-9999,-9999,-9999,-9999
1359,334.177415,334.177256371,334.177229845,1561038.6,-9999,338880.7,8.7,-1,0.079377187,0.998857393,0,0.599314436,7,0.235294118,1.470588235,N3 O4,de-protonated,0,-9999,C17 H25 O4 N3,17,25,4,3,-9999,-9999,-9999,-9999,-9999,-9999
1360,334.223775,334.223616357,334.223374987,1965274.8,-9999,331981.6,11.57,-1,0.722181267,0.90970601,0.993871853,0.94337234700000006,1,0.235294118,2.058823529,13C1 P1 O4,de-protonated,1,1354,C16 H35 O4 P1 13C1,16,35,4,-9999,1,-9999,1,-9999,-9999,-9999
1360,334.223775,334.223616357,334.223511333,1965274.8,-9999,331981.6,11.57,-1,0.31423355,0.982242813,0,0.589345688,1,0.375,2.0625,N1 O6,de-protonated,0,-9999,C16 H33 O6 N1,16,33,6,1,-9999,-9999,-9999,-9999,-9999,-9999
1362,334.252128,334.251969349,334.251654634,14800098,-9999,314878.3,102.55,-1,0.941551088,0.86957846,0.974018607,0.911354519,0,0.176470588,2.235294118,N1 P1 O3,de-protonated,0,-9999,C17 H38 O3 N1 P1,17,38,3,1,1,-9999,-9999,-9999,-9999,-9999
1369,335.020139,335.019980122,335.019726143,1827243.4,-9999,317401.3,10.59,-1,0.758103781,0.900970798,0,0.540582479,15,0.388888889,0.444444444,O7,de-protonated,0,-9999,C18 H8 O7,18,8,7,-9999,-9999,-9999,-9999,-9999,-9999,-9999
1370,335.029386,335.02922712,335.02945993,1786541.8,-9999,304591.9,10.3,-1,-0.694895455,0.916110869,0,0.549666521,5,0.363636364,1.545454545,N2 S2 P1 O4,de-protonated,0,-9999,C11 H17 O4 N2 P1 S2,11,17,4,2,1,2,-9999,-9999,-9999,-9999
1371,335.041142,335.040983116,335.040855511,3251632.8,-9999,324613.4,20.69,-1,0.380865372,0.974022708,0,0.584413625,10,0.6,0.8,O9,de-protonated,0,-9999,C15 H12 O9,15,12,9,-9999,-9999,-9999,-9999,-9999,-9999,-9999
1371,335.041142,335.040983116,335.040693319,3251632.8,-9999,324613.4,20.69,-1,0.864959976,0.873059229,0,0.523835538,5,0.3,1.7,N4 S2 P1 O3,de-protonated,0,-9999,C10 H17 O3 N4 P1 S2,10,17,3,4,1,2,-9999,-9999,-9999,-9999
1372,335.077433,335.077274105,335.07724102,2362298.5,-9999,355469.4,14.38,-1,0.098739606,0.998232528,0,0.598939517,9,0.5,1,O8,de-protonated,0,-9999,C16 H16 O8,16,16,8,-9999,-9999,-9999,-9999,-9999,-9999,-9999
1372,335.077433,335.077274105,335.077078829,2362298.5,-9999,355469.4,14.38,-1,0.582781507,0.940234286,0,0.564140571,4,0.181818182,1.909090909,N4 S2 P1 O2,de-protonated,0,-9999,C11 H21 O2 N4 P1 S2,11,21,2,4,1,2,-9999,-9999,-9999,-9999
1373,335.090585,335.090426101,335.090128179,2736573.8,-9999,325911,17.04,-1,0.889080031,0.86638272,0,0.519829632,4,0.615384615,1.615384615,P1 O8,de-protonated,0,-9999,C13 H21 O8 P1,13,21,8,-9999,1,-9999,-9999,-9999,-9999,-9999
1375,335.114743,335.114584094,335.114495909,2555332.3,-9999,344711.1,15.75,-1,0.263149342,0.987513727,0,0.592508236,7,0.111111111,1.333333333,S2 O2,de-protonated,0,-9999,C18 H24 O2 S2,18,24,2,-9999,-9999,2,-9999,-9999,-9999,-9999
1376,335.126952,335.126793091,335.126513689,3679687.3,-9999,337676.7,23.72,-1,0.833720529,0.88150628,0,0.528903768,3,0.5,1.785714286,P1 O7,de-protonated,0,-9999,C14 H25 O7 P1,14,25,7,-9999,1,-9999,-9999,-9999,-9999,-9999
1378,335.15026,335.150101084,335.150012039,1398221.5,-9999,343456.6,7.55,-1,0.265687571,0.987273237,0,0.592363942,7,0.333333333,1.333333333,O6,de-protonated,0,-9999,C18 H24 O6,18,24,6,-9999,-9999,-9999,-9999,-9999,-9999,-9999
1379,335.16337,335.16321108,335.162899198,7689681,-9999,314217.4,52.15,-1,0.930537814,0.427302233,0.860410506,0.600545542,2,0.4,1.933333333,P1 O6,de-protonated,0,-9999,C15 H29 O6 P1,15,29,6,-9999,1,-9999,-9999,-9999,-9999,-9999
1381,335.186637,335.186478073,335.186397548,1332951,-9999,341250.6,7.09,-1,0.240239767,0.989582307,0,0.593749384,6,0.263157895,1.473684211,O5,de-protonated,0,-9999,C19 H28 O5,19,28,5,-9999,-9999,-9999,-9999,-9999,-9999,-9999
1382,335.199749,335.199590069,335.199284708,13227482,-9999,309481.9,91.4,-1,0.910985419,0.430103055,0.85247738,0.599052785,1,0.3125,2.0625,P1 O5,de-protonated,0,-9999,C16 H33 O5 P1,16,33,5,-9999,1,-9999,-9999,-9999,-9999,-9999
1384,335.223085,335.222926062,335.222783057,3828192.5,-9999,311673.6,24.77,-1,0.426596872,0.967518319,0,0.580510992,5,0.2,1.6,O4,de-protonated,0,-9999,C20 H32 O4,20,32,4,-9999,-9999,-9999,-9999,-9999,-9999,-9999
1385,335.23614,335.235981058,335.235670217,6469092,-9999,326364.3,43.49,-1,0.92723297,0.427778526,0.844689208,0.594542798,0,0.235294118,2.176470588,P1 O4,de-protonated,0,-9999,C17 H37 O4 P1,17,37,4,-9999,1,-9999,-9999,-9999,-9999,-9999
1386,335.25544,335.255281053,335.255009469,3277289,-9999,332215.6,20.87,-1,0.810080983,0.887743624,0.974018607,0.922253617,0,0.176470588,2.235294118,13C1 N1 P1 O3,de-protonated,1,1362,C16 H38 O3 N1 P1 13C1,16,38,3,1,1,-9999,1,-9999,-9999,-9999
1386,335.25544,335.255281053,335.255145815,3277289,-9999,332215.6,20.87,-1,0.403388552,0.970905875,0,0.582543525,0,0.3125,2.25,N2 O5,de-protonated,0,-9999,C16 H36 O5 N2,16,36,5,2,-9999,-9999,-9999,-9999,-9999,-9999
1389,336.120355,336.120195797,336.120108891,3463883.8,-9999,319185,22.19,-1,0.258558254,0.987943,0,0.5927658,8,0.4,1.266666667,N3 O6,de-protonated,0,-9999,C15 H19 O6 N3,15,19,6,3,-9999,-9999,-9999,-9999,-9999,-9999
1390,336.156846,336.156686787,336.1564944,1721045.3,-9999,316008.4,9.84,-1,0.572312323,0.942299649,0,0.56537979,7,0.3125,1.4375,N3 O5,de-protonated,0,-9999,C16 H23 O5 N3,16,23,5,3,-9999,-9999,-9999,-9999,-9999,-9999
1391,336.16983,336.169670783,336.16938156,6170328.5,-9999,319683.7,41.37,-1,0.860349326,0.874320302,0,0.524592181,2,0.384615385,2.153846154,N3 P1 O5,de-protonated,0,-9999,C13 H28 O5 N3 P1,13,28,5,3,1,-9999,-9999,-9999,-9999,-9999
1392,336.203225,336.203065773,336.202775888,2268897.5,-9999,333924,13.72,-1,0.862231699,0.873806043,0,0.524283626,1,0.466666667,2.066666667,N1 O7,de-protonated,0,-9999,C15 H31 O7 N1,15,31,7,1,-9999,-9999,-9999,-9999,-9999,-9999
1393,336.20622,336.206060772,336.205767069,2339554.3,-9999,334057.4,14.22,-1,0.873581108,0.870688094,0,0.522412856,1,0.285714286,2.285714286,N3 P1 O4,de-protonated,0,-9999,C14 H32 O4 N3 P1,14,32,4,3,1,-9999,-9999,-9999,-9999,-9999
1399,336.986639,336.986479542,336.986725737,6118319,-9999,307425.1,41,-1,-0.730579267,0.907694399,0,0.544616639,11,0.666666667,0.583333333,N2 P1 O8,de-protonated,0,-9999,C12 H7 O8 N2 P1,12,7,8,2,1,-9999,-9999,-9999,-9999,-9999
1400,337.020411,337.020251532,337.020120066,2505655.8,-9999,291699,15.4,-1,0.390083428,0.972767522,0,0.583660513,10,0.714285714,0.714285714,O10,de-protonated,0,-9999,C14 H10 O10,14,10,10,-9999,-9999,-9999,-9999,-9999,-9999,-9999
1400,337.020411,337.020251532,337.019957874,2505655.8,-9999,291699,15.4,-1,0.871335026,0.871307493,0,0.522784496,5,0.444444444,1.666666667,N4 S2 P1 O4,de-protonated,0,-9999,C9 H15 O4 N4 P1 S2,9,15,4,4,1,2,-9999,-9999,-9999,-9999
1401,337.035618,337.035458527,337.035376207,1678011.6,-9999,340323,9.53,-1,0.244247903,0.989233685,0,0.593540211,14,0.388888889,0.555555556,O7,de-protonated,0,-9999,C18 H10 O7,18,10,7,-9999,-9999,-9999,-9999,-9999,-9999,-9999
1401,337.035618,337.035458527,337.035214016,1678011.6,-9999,340323,9.53,-1,0.725477647,0.908918656,0,0.545351194,9,0.076923077,1.153846154,N4 S2 P1 O1,de-protonated,0,-9999,C13 H15 O1 N4 P1 S2,13,15,1,4,1,2,-9999,-9999,-9999,-9999
1402,337.0567,337.056540521,337.056505575,4423617,-9999,284600.8,28.99,-1,0.103679646,0.998051424,0,0.598830854,9,0.6,0.933333333,O9,de-protonated,0,-9999,C15 H14 O9,15,14,9,-9999,-9999,-9999,-9999,-9999,-9999,-9999
1402,337.0567,337.056540521,337.056343384,4423617,-9999,284600.8,28.99,-1,0.584879155,0.93981651,0,0.563889906,4,0.3,1.9,N4 S2 P1 O3,de-protonated,0,-9999,C10 H19 O3 N4 P1 S2,10,19,3,4,1,2,-9999,-9999,-9999,-9999
1403,337.093074,337.09291451,337.092891084,2941386.8,-9999,346091.3,18.48,-1,0.069493633,0.999124102,0,0.599474461,8,0.5,1.125,O8,de-protonated,0,-9999,C16 H18 O8,16,18,8,-9999,-9999,-9999,-9999,-9999,-9999,-9999
1403,337.093074,337.09291451,337.092728893,2941386.8,-9999,346091.3,18.48,-1,0.550641185,0.946469741,0,0.567881844,3,0.181818182,2.090909091,N4 S2 P1 O2,de-protonated,0,-9999,C11 H23 O2 N4 P1 S2,11,23,2,4,1,2,-9999,-9999,-9999,-9999
1404,337.106231,337.106071506,337.105778244,2395598.3,-9999,291630.7,14.62,-1,0.869941644,0.871691164,0,0.523014699,3,0.615384615,1.769230769,P1 O8,de-protonated,0,-9999,C13 H23 O8 P1,13,23,8,-9999,1,-9999,-9999,-9999,-9999,-9999
1405,337.111723,337.111563505,337.111518529,1342671.6,-9999,367741.1,7.15,-1,0.133414882,0.996775508,0,0.598065305,7,0.294117647,1.294117647,S1 O5,de-protonated,0,-9999,C17 H22 O5 S1,17,22,5,-9999,-9999,1,-9999,-9999,-9999,-9999
1406,337.123887,337.123727501,337.123403367,1399762.9,-9999,317417.7,7.56,-1,0.961470277,0.845577275,0,0.507346365,16,0.083333333,0.75,O2,de-protonated,0,-9999,C24 H18 O2,24,18,2,-9999,-9999,-9999,-9999,-9999,-9999,-9999
1407,337.129548,337.129388499,337.129276594,2725844.3,-9999,344667.2,16.96,-1,0.33193703,0.980206109,0,0.588123666,7,0.411764706,1.294117647,O7,de-protonated,0,-9999,C17 H22 O7,17,22,7,-9999,-9999,-9999,-9999,-9999,-9999,-9999
1407,337.129548,337.129388499,337.129114402,2725844.3,-9999,344667.2,16.96,-1,0.813032779,0.88697221,0,0.532183326,2,0.083333333,2.25,N4 S2 P1 O1,de-protonated,0,-9999,C12 H27 O1 N4 P1 S2,12,27,1,4,1,2,-9999,-9999,-9999,-9999
1408,337.14262,337.142460496,337.142163753,3051991.8,-9999,328226.2,19.27,-1,0.880169534,0.868864573,0,0.521318744,2,0.5,1.928571429,P1 O7,de-protonated,0,-9999,C14 H27 O7 P1,14,27,7,-9999,1,-9999,-9999,-9999,-9999,-9999
1410,337.165884,337.165724489,337.165662103,3193821.8,-9999,286200.9,20.27,-1,0.185029555,0.993807189,0,0.596284314,6,0.333333333,1.444444444,O6,de-protonated,0,-9999,C18 H26 O6,18,26,6,-9999,-9999,-9999,-9999,-9999,-9999,-9999
1411,337.178975,337.178815485,337.178549263,12290017,-9999,305743,84.75,-1,0.789558463,0.890728455,0.961180954,0.918909455,1,0.4,2.066666667,P1 O6,de-protonated,0,-9999,C15 H31 O6 P1,15,31,6,-9999,1,-9999,-9999,-9999,-9999,-9999
1413,337.205703,337.205543477,337.205418916,2818536.3,-9999,302188.1,17.61,-1,0.369392598,0.975545151,0,0.585327091,0,0.3125,2.125,S1 O5,de-protonated,0,-9999,C16 H34 O5 S1,16,34,5,-9999,-9999,1,-9999,-9999,-9999,-9999
1416,337.238693,337.238533467,337.238433122,1742320.9,-9999,267699.5,9.98,-1,0.297550354,0.984063571,0,0.590438142,4,0.2,1.7,O4,de-protonated,0,-9999,C20 H34 O4,20,34,4,-9999,-9999,-9999,-9999,-9999,-9999,-9999
1418,338.027645,338.027485234,338.027471807,2615488,-9999,323435.9,16.17,-1,0.039722258,0.999713741,0,0.599828244,9,0.307692308,1,N3 S2 O4,de-protonated,0,-9999,C13 H13 O4 N3 S2,13,13,4,3,-9999,2,-9999,-9999,-9999,-9999
1419,338.133685,338.133525203,338.133257032,2023131.8,-9999,314757.7,11.97,-1,0.793093167,0.892141401,0,0.535284841,11,0.052631579,1.105263158,N3 S1 O1,de-protonated,0,-9999,C19 H21 O1 N3 S1,19,21,1,3,-9999,1,-9999,-9999,-9999,-9999
1420,338.149071,338.148911198,338.148646115,2996959.8,-9999,311396.4,18.88,-1,0.783926288,0.894484636,0,0.536690781,2,0.5,2.166666667,N3 P1 O6,de-protonated,0,-9999,C12 H26 O6 N3 P1,12,26,6,3,1,-9999,-9999,-9999,-9999,-9999
1422,338.182337,338.182177189,338.181904098,2668776.5,-9999,285967.6,16.55,-1,0.807526534,0.888409472,0.961180954,0.917518065,1,0.4,2.066666667,13C1 P1 O6,de-protonated,1,1411,C14 H31 O6 P1 13C1,14,31,6,-9999,1,-9999,1,-9999,-9999,-9999
1422,338.182337,338.182177189,338.182040443,2668776.5,-9999,285967.6,16.55,-1,0.404353941,0.97076851,0,0.582461106,1,0.571428571,2.071428571,N1 O8,de-protonated,0,-9999,C14 H29 O8 N1,14,29,8,1,-9999,-9999,-9999,-9999,-9999,-9999
1428,339.014879,339.014718943,339.014640762,3439555,-9999,291418.9,22.01,-1,0.230611545,0.990396663,0,0.594237998,14,0.470588235,0.470588235,O8,de-protonated,0,-9999,C17 H8 O8,17,8,8,-9999,-9999,-9999,-9999,-9999,-9999,-9999
1428,339.014879,339.014718943,339.014478571,3439555,-9999,291418.9,22.01,-1,0.709031723,0.91281781,0,0.547690686,9,0.166666667,1.083333333,N4 S2 P1 O2,de-protonated,0,-9999,C12 H13 O2 N4 P1 S2,12,13,2,4,1,2,-9999,-9999,-9999,-9999
1429,339.036088,339.035927937,339.03577013,2713032.8,-9999,347858.5,16.86,-1,0.465456397,0.961451848,0,0.576871109,9,0.714285714,0.857142857,O10,de-protonated,0,-9999,C14 H12 O10,14,12,10,-9999,-9999,-9999,-9999,-9999,-9999,-9999
1429,339.036088,339.035927937,339.036259387,2713032.8,-9999,347858.5,16.86,-1,-0.977626944,0.840784085,0,0.504470451,13,0.117647059,0.764705882,N2 S1 P1 O2,de-protonated,0,-9999,C17 H13 O2 N2 P1 S1,17,13,2,2,1,1,-9999,-9999,-9999,-9999
1429,339.036088,339.035927937,339.035607939,2713032.8,-9999,347858.5,16.86,-1,0.943846872,0.850744864,0,0.510446918,4,0.444444444,1.888888889,N4 S2 P1 O4,de-protonated,0,-9999,C9 H17 O4 N4 P1 S2,9,17,4,4,1,2,-9999,-9999,-9999,-9999
1430,339.051163,339.051002932,339.051026271,1667020.6,-9999,349486.4,9.45,-1,-0.068837347,0.99914056,0,0.599484336,13,0.388888889,0.666666667,O7,de-protonated,0,-9999,C18 H12 O7,18,12,7,-9999,-9999,-9999,-9999,-9999,-9999,-9999
1430,339.051163,339.051002932,339.05086408,1667020.6,-9999,349486.4,9.45,-1,0.409531347,0.970026553,0,0.582015932,8,0.076923077,1.307692308,N4 S2 P1 O1,de-protonated,0,-9999,C13 H17 O1 N4 P1 S2,13,17,1,4,1,2,-9999,-9999,-9999,-9999
1432,339.072395,339.072234926,339.072155639,3920338.3,-9999,326349.5,25.42,-1,0.233833114,0.990127815,0,0.594076689,8,0.6,1.066666667,O9,de-protonated,0,-9999,C15 H16 O9,15,16,9,-9999,-9999,-9999,-9999,-9999,-9999,-9999
1432,339.072395,339.072234926,339.071993448,3920338.3,-9999,326349.5,25.42,-1,0.712172143,0.912078875,0,0.547247325,3,0.3,2.1,N4 S2 P1 O3,de-protonated,0,-9999,C10 H21 O3 N4 P1 S2,10,21,3,4,1,2,-9999,-9999,-9999,-9999
1433,339.108843,339.108682915,339.108541149,3012059.8,-9999,339782.7,18.98,-1,0.418055488,0.96878569,0,0.581271414,7,0.5,1.25,O8,de-protonated,0,-9999,C16 H20 O8,16,20,8,-9999,-9999,-9999,-9999,-9999,-9999,-9999
1433,339.108843,339.108682915,339.108378958,3012059.8,-9999,339782.7,18.98,-1,0.89634328,0.864346499,0,0.5186079,2,0.181818182,2.272727273,N4 S2 P1 O2,de-protonated,0,-9999,C11 H25 O2 N4 P1 S2,11,25,2,4,1,2,-9999,-9999,-9999,-9999
1434,339.121771,339.121610911,339.121428308,1976031.3,-9999,279404.7,11.64,-1,0.538458453,0.948751111,0,0.569250666,2,0.615384615,1.923076923,P1 O8,de-protonated,0,-9999,C13 H25 O8 P1,13,25,8,-9999,1,-9999,-9999,-9999,-9999,-9999
1435,339.145104,339.144943904,339.144926658,2568677.3,-9999,309245.5,15.84,-1,0.050851802,0.999530901,0,0.599718541,6,0.411764706,1.411764706,O7,de-protonated,0,-9999,C17 H24 O7,17,24,7,-9999,-9999,-9999,-9999,-9999,-9999,-9999
1435,339.145104,339.144943904,339.144764467,2568677.3,-9999,309245.5,15.84,-1,0.529088105,0.950474736,0,0.570284842,1,0.083333333,2.416666667,N4 S2 P1 O1,de-protonated,0,-9999,C12 H29 O1 N4 P1 S2,12,29,1,4,1,2,-9999,-9999,-9999,-9999
1436,339.158195,339.1580349,339.157813818,1882600.8,-9999,306488.1,10.98,-1,0.651857885,0.925796399,0,0.555477839,1,0.5,2.071428571,P1 O7,de-protonated,0,-9999,C14 H29 O7 P1,14,29,7,-9999,1,-9999,-9999,-9999,-9999,-9999
1437,339.163877,339.163716899,339.163554103,2022890.3,-9999,308499.5,11.97,-1,0.479992546,0.959057278,0,0.575434367,5,0.222222222,1.555555556,S1 O4,de-protonated,0,-9999,C18 H28 O4 S1,18,28,4,-9999,-9999,1,-9999,-9999,-9999,-9999
1438,339.166335,339.166174898,339.166056026,1917930.9,-9999,306893.9,11.23,-1,0.350482602,0.977957756,0,0.586774654,1,0.642857143,2,O9,de-protonated,0,-9999,C14 H28 O9,14,28,9,-9999,-9999,-9999,-9999,-9999,-9999,-9999
1440,339.181616,339.181455894,339.181312168,5817839,-9999,308802.9,38.87,-1,0.423743865,0.483972157,0.837042051,0.625200115,5,0.333333333,1.555555556,O6,de-protonated,0,-9999,C18 H28 O6,18,28,6,-9999,-9999,-9999,-9999,-9999,-9999,-9999
1441,339.194658,339.19449789,339.194199327,12792306,-9999,304227.3,88.31,-1,0.880211337,0.865564737,0.987271584,0.914247476,0,0.4,2.2,P1 O6,de-protonated,0,-9999,C15 H33 O6 P1,15,33,6,-9999,1,-9999,-9999,-9999,-9999,-9999
1442,339.200231,339.200070888,339.199939612,19692020,-9999,310494,137.22,-1,0.387016266,0.974081466,0.981872885,0.977198034,4,0.157894737,1.684210526,S1 O3,de-protonated,0,-9999,C19 H32 O3 S1,19,32,3,-9999,-9999,1,-9999,-9999,-9999,-9999
1444,339.217975,339.217814883,339.217697677,2179064.5,-9999,323587.2,13.08,-1,0.345518279,0.978571066,0,0.58714264,4,0.263157895,1.684210526,O5,de-protonated,0,-9999,C19 H32 O5,19,32,5,-9999,-9999,-9999,-9999,-9999,-9999,-9999
1446,340.153325,340.153164607,340.15306279,5744366.5,-9999,314447.5,38.35,-1,0.299326071,0.983874339,0,0.590324604,1,0.538461538,2.153846154,N1 P1 O7,de-protonated,0,-9999,C13 H28 O7 N1 P1,13,28,7,1,1,-9999,-9999,-9999,-9999,-9999
1447,340.198022,340.197861593,340.197554162,2298618,-9999,323435.3,13.92,-1,0.903684518,0.862276503,0.987271584,0.912274535,0,0.4,2.2,13C1 P1 O6,de-protonated,1,1441,C14 H33 O6 P1 13C1,14,33,6,-9999,1,-9999,1,-9999,-9999,-9999
1447,340.198022,340.197861593,340.197690508,2298618,-9999,323435.3,13.92,-1,0.502900659,0.955147004,0,0.573088203,0,0.571428571,2.214285714,N1 O8,de-protonated,0,-9999,C14 H31 O8 N1,14,31,8,1,-9999,-9999,-9999,-9999,-9999,-9999
1448,340.203582,340.203421592,340.203294447,4577019.5,-9999,285888.9,30.07,-1,0.373731187,0.974974614,0.981872885,0.977733923,4,0.157894737,1.684210526,13C1 S1 O3,de-protonated,1,1442,C18 H32 O3 S1 13C1,18,32,3,-9999,-9999,1,1,-9999,-9999,-9999
1449,340.224404,340.224243586,340.224180038,3570945,-9999,294963.5,22.94,-1,0.186780591,0.993689795,0,0.596213877,4,0.235294118,1.823529412,N3 O4,de-protonated,0,-9999,C17 H31 O4 N3,17,31,4,3,-9999,-9999,-9999,-9999,-9999,-9999
1453,341.030643,341.030482348,341.030290827,1627605,-9999,291994.4,9.16,-1,0.561595476,0.944379665,0,0.566627799,13,0.470588235,0.588235294,O8,de-protonated,0,-9999,C17 H10 O8,17,10,8,-9999,-9999,-9999,-9999,-9999,-9999,-9999
1454,341.051665,341.051504341,341.051420195,3705818.5,-9999,303468.6,23.9,-1,0.246727609,0.989015178,0,0.593409107,8,0.714285714,1,O10,de-protonated,0,-9999,C14 H14 O10,14,14,10,-9999,-9999,-9999,-9999,-9999,-9999,-9999
1454,341.051665,341.051504341,341.051258003,3705818.5,-9999,303468.6,23.9,-1,0.722290641,0.909679933,0,0.54580796,3,0.444444444,2.111111111,N4 S2 P1 O4,de-protonated,0,-9999,C9 H19 O4 N4 P1 S2,9,19,4,4,1,2,-9999,-9999,-9999,-9999
1455,341.067913,341.067752337,341.067545716,1745886.8,-9999,357608.4,10,-1,0.605806231,0.935576948,0,0.561346169,11,0.105263158,0.947368421,S2 O2,de-protonated,0,-9999,C19 H18 O2 S2,19,18,2,-9999,-9999,2,-9999,-9999,-9999,-9999
1455,341.067913,341.067752337,341.068013746,1745886.8,-9999,357608.4,10,-1,-0.7664448,0.898894336,0,0.539336602,17,0.157894737,0.526315789,N4 O3,de-protonated,0,-9999,C19 H10 O3 N4,19,10,3,4,-9999,-9999,-9999,-9999,-9999,-9999
1456,341.088068,341.087907331,341.087805704,4179940,-9999,310965.2,27.26,-1,0.297948803,0.984021204,0,0.590412723,7,0.6,1.2,O9,de-protonated,0,-9999,C15 H18 O9,15,18,9,-9999,-9999,-9999,-9999,-9999,-9999,-9999
1456,341.088068,341.087907331,341.087643513,4179940,-9999,310965.2,27.26,-1,0.773461128,0.897133816,0,0.53828029,2,0.3,2.3,N4 S2 P1 O3,de-protonated,0,-9999,C10 H23 O3 N4 P1 S2,10,23,3,4,1,2,-9999,-9999,-9999,-9999
1457,341.124512,341.12435132,341.124191213,2321389.8,-9999,323992.9,14.08,-1,0.469349866,0.960817107,0,0.576490264,6,0.5,1.375,O8,de-protonated,0,-9999,C16 H22 O8,16,22,8,-9999,-9999,-9999,-9999,-9999,-9999,-9999
1457,341.124512,341.12435132,341.124029022,2321389.8,-9999,323992.9,14.08,-1,0.944811552,0.850463662,0,0.510278197,1,0.181818182,2.454545455,N4 S2 P1 O2,de-protonated,0,-9999,C11 H27 O2 N4 P1 S2,11,27,2,4,1,2,-9999,-9999,-9999,-9999
1458,341.137397,341.137236316,341.137078373,1992689.1,-9999,333575.3,11.75,-1,0.462990478,0.961851339,0,0.577110803,1,0.615384615,2.076923077,P1 O8,de-protonated,0,-9999,C13 H27 O8 P1,13,27,8,-9999,1,-9999,-9999,-9999,-9999,-9999
1459,341.14294,341.142779314,341.142818658,1836530.6,-9999,330254.3,10.64,-1,-0.115328406,0.997589526,0,0.598553716,5,0.294117647,1.529411765,S1 O5,de-protonated,0,-9999,C17 H26 O5 S1,17,26,5,-9999,-9999,1,-9999,-9999,-9999,-9999
1459,341.14294,341.142779314,341.142438535,1836530.6,-9999,330254.3,10.64,-1,0.998934826,0.834383339,0,0.500630003,10,0.105263158,1.210526316,N2 P1 O2,de-protonated,0,-9999,C19 H23 O2 N2 P1,19,23,2,2,1,-9999,-9999,-9999,-9999,-9999
1460,341.15282,341.152659312,341.152334514,1642997.1,-9999,352794.2,9.27,-1,0.952059659,0.848344665,0,0.509006799,5,0.294117647,1.588235294,P1 O5,de-protonated,0,-9999,C17 H27 O5 P1,17,27,5,-9999,1,-9999,-9999,-9999,-9999,-9999
1461,341.160859,341.160698309,341.160576723,4941815.5,-9999,297001.4,32.66,-1,0.356390861,0.97721694,0,0.586330164,5,0.411764706,1.529411765,O7,de-protonated,0,-9999,C17 H26 O7,17,26,7,-9999,-9999,-9999,-9999,-9999,-9999,-9999
1462,341.179498,341.179337304,341.179204167,3297276.3,-9999,336517.4,21,-1,0.390224248,0.972748127,0,0.583648876,4,0.222222222,1.666666667,S1 O4,de-protonated,0,-9999,C18 H30 O4 S1,18,30,4,-9999,-9999,1,-9999,-9999,-9999,-9999
1463,341.183342,341.183181303,341.183043501,5113853,-9999,311383.6,33.88,-1,0.403892562,0.970834198,0,0.582500519,5,0.333333333,1.733333333,N4 O5,de-protonated,0,-9999,C15 H26 O5 N4,15,26,5,4,-9999,-9999,-9999,-9999,-9999,-9999
1465,341.197234,341.197073298,341.196962232,18332672,-9999,295614.7,127.58,-1,0.325519961,0.981533503,0.978909311,0.980483827,4,0.333333333,1.666666667,O6,de-protonated,0,-9999,C18 H30 O6,18,30,6,-9999,-9999,-9999,-9999,-9999,-9999,-9999
1466,341.233629,341.233468288,341.233347741,3373066.5,-9999,308070.2,21.54,-1,0.353266546,0.97761016,0,0.586566096,3,0.263157895,1.789473684,O5,de-protonated,0,-9999,C19 H34 O5,19,34,5,-9999,-9999,-9999,-9999,-9999,-9999,-9999
1467,341.270016,341.269855277,341.269733251,1873940,-9999,344883.2,10.91,-1,0.357565353,0.977068267,0,0.58624096,2,0.2,1.9,O4,de-protonated,0,-9999,C20 H38 O4,20,38,4,-9999,-9999,-9999,-9999,-9999,-9999,-9999
1469,342.120532,342.120371026,342.120309565,2140403.8,-9999,322263.8,12.67,-1,0.179645707,0.994161295,0,0.596496777,5,0.1875,1.5625,N1 S2 O3,de-protonated,0,-9999,C16 H25 O3 N1 S2,16,25,3,1,-9999,2,-9999,-9999,-9999,-9999
1470,342.131064,342.130903023,342.130673575,1459190.6,-9999,307686.2,7.89,-1,0.670644093,0.92163225,0,0.55297935,6,0.5,1.5,N3 O7,de-protonated,0,-9999,C14 H21 O7 N3,14,21,7,3,-9999,-9999,-9999,-9999,-9999,-9999
1471,342.167326,342.167165012,342.167059084,16624896,-9999,300997.2,114.33,-1,0.309579359,0.986619807,0.968690219,0.979447972,5,0.4,1.666666667,N3 O6,de-protonated,0,-9999,C15 H25 O6 N3,15,25,6,3,-9999,-9999,-9999,-9999,-9999,-9999
1472,342.200586,342.200425002,342.200317067,4135177,-9999,318531.7,26.67,-1,0.315414987,0.982110241,0.978909311,0.980829869,4,0.333333333,1.666666667,13C1 O6,de-protonated,1,1465,C17 H30 O6 13C1,17,30,6,-9999,-9999,-9999,1,-9999,-9999,-9999
1473,342.228971,342.228809994,342.228596714,1937168.4,-9999,355287.7,11.24,-1,0.623209895,0.93195294,0,0.559171764,3,0.277777778,1.833333333,N1 O5,de-protonated,0,-9999,C18 H33 O5 N1,18,33,5,1,-9999,-9999,-9999,-9999,-9999,-9999
1474,342.240193,342.24003199,342.239830103,1449235.4,-9999,314926.6,7.82,-1,0.589901077,0.938810989,0,0.563286594,3,0.235294118,1.941176471,N3 O4,de-protonated,0,-9999,C17 H33 O4 N3,17,33,4,3,-9999,-9999,-9999,-9999,-9999,-9999
1479,343.00982,343.009658763,343.009555382,3743198,-9999,320437.7,23.92,-1,0.301395683,0.983652414,0,0.590191448,13,0.5625,0.5,O9,de-protonated,0,-9999,C16 H8 O9,16,8,9,-9999,-9999,-9999,-9999,-9999,-9999,-9999
1479,343.00982,343.009658763,343.00939319,3743198,-9999,320437.7,23.92,-1,0.774243897,0.896936626,0,0.538161976,8,0.272727273,1.181818182,N4 S2 P1 O3,de-protonated,0,-9999,C11 H13 O3 N4 P1 S2,11,13,3,4,1,2,-9999,-9999,-9999,-9999
1480,343.030881,343.030719757,343.03068475,1509347.6,-9999,311599.1,8.24,-1,0.102053031,0.998112029,0,0.598867217,8,0.846153846,0.923076923,O11,de-protonated,0,-9999,C13 H12 O11,13,12,11,-9999,-9999,-9999,-9999,-9999,-9999,-9999
1480,343.030881,343.030719757,343.030522558,1509347.6,-9999,311599.1,8.24,-1,0.574872025,0.941797712,0,0.565078627,3,0.625,2.125,N4 S2 P1 O5,de-protonated,0,-9999,C8 H17 O5 N4 P1 S2,8,17,5,4,1,2,-9999,-9999,-9999,-9999
1481,343.046159,343.045997753,343.045940891,2143719.5,-9999,342957.9,12.69,-1,0.165754826,0.995027164,0,0.597016299,12,0.470588235,0.705882353,O8,de-protonated,0,-9999,C17 H12 O8,17,12,8,-9999,-9999,-9999,-9999,-9999,-9999,-9999
1481,343.046159,343.045997753,343.0457787,2143719.5,-9999,342957.9,12.69,-1,0.638552822,0.928685022,0,0.557211013,7,0.166666667,1.416666667,N4 S2 P1 O2,de-protonated,0,-9999,C12 H17 O2 N4 P1 S2,12,17,2,4,1,2,-9999,-9999,-9999,-9999
1483,343.067343,343.067181746,343.067070259,3376621.3,-9999,304491.4,21.35,-1,0.324972039,0.981020208,0,0.588612125,7,0.714285714,1.142857143,O10,de-protonated,0,-9999,C14 H16 O10,14,16,10,-9999,-9999,-9999,-9999,-9999,-9999,-9999
1483,343.067343,343.067181746,343.066908068,3376621.3,-9999,304491.4,21.35,-1,0.797740992,0.890945291,0,0.534567175,2,0.444444444,2.333333333,N4 S2 P1 O4,de-protonated,0,-9999,C9 H21 O4 N4 P1 S2,9,21,4,4,1,2,-9999,-9999,-9999,-9999
1484,343.082644,343.082482742,343.0823264,1722865.3,-9999,350457.1,9.74,-1,0.455696449,0.963021541,0,0.577812925,11,0.388888889,0.888888889,O7,de-protonated,0,-9999,C18 H16 O7,18,16,7,-9999,-9999,-9999,-9999,-9999,-9999,-9999
1484,343.082644,343.082482742,343.082164209,1722865.3,-9999,350457.1,9.74,-1,0.92844444,0.855208128,0,0.513124877,6,0.076923077,1.615384615,N4 S2 P1 O1,de-protonated,0,-9999,C13 H21 O1 N4 P1 S2,13,21,1,4,1,2,-9999,-9999,-9999,-9999
1485,343.103727,343.103565736,343.103455768,3254774.8,-9999,307382.2,20.49,-1,0.320507156,0.98153335,0,0.58892001,6,0.6,1.333333333,O9,de-protonated,0,-9999,C15 H20 O9,15,20,9,-9999,-9999,-9999,-9999,-9999,-9999,-9999
1485,343.103727,343.103565736,343.103293577,3254774.8,-9999,307382.2,20.49,-1,0.79322597,0.892107299,0,0.535264379,1,0.3,2.5,N4 S2 P1 O3,de-protonated,0,-9999,C10 H25 O3 N4 P1 S2,10,25,3,4,1,2,-9999,-9999,-9999,-9999
1487,343.140142,343.139980725,343.139841278,2179072.3,-9999,361935.4,12.94,-1,0.40638537,0.97047845,0,0.58228707,5,0.5,1.5,O8,de-protonated,0,-9999,C16 H24 O8,16,24,8,-9999,-9999,-9999,-9999,-9999,-9999,-9999
1489,343.168438,343.168276716,343.167984579,7065096,-9999,309640,47.23,-1,0.85129677,0.856371506,0.92168658,0.882497536,4,0.294117647,1.705882353,P1 O5,de-protonated,0,-9999,C17 H29 O5 P1,17,29,5,-9999,1,-9999,-9999,-9999,-9999,-9999
1490,343.170654,343.170492716,343.17035356,3426824.5,-9999,335857.1,21.7,-1,0.405499546,0.970605101,0,0.582363061,13,0.083333333,1,O2,de-protonated,0,-9999,C24 H24 O2,24,24,2,-9999,-9999,-9999,-9999,-9999,-9999,-9999
1490,343.170654,343.170492716,343.170413919,3426824.5,-9999,335857.1,21.7,-1,0.229613479,0.990479211,0.968690219,0.981763614,5,0.4,1.666666667,13C1 N3 O6,de-protonated,1,1471,C14 H25 O6 N3 13C1,14,25,6,3,-9999,-9999,1,-9999,-9999,-9999
1491,343.176458,343.176296714,343.176226787,2706954,-9999,317199.3,16.64,-1,0.203763936,0.992494605,0,0.595496763,4,0.411764706,1.647058824,O7,de-protonated,0,-9999,C17 H28 O7,17,28,7,-9999,-9999,-9999,-9999,-9999,-9999,-9999
1492,343.199001,343.198839707,343.198693566,3454479.8,-9999,328125.3,21.89,-1,0.425822434,0.967634218,0,0.580580531,4,0.333333333,1.866666667,N4 O5,de-protonated,0,-9999,C15 H28 O5 N4,15,28,5,4,-9999,-9999,-9999,-9999,-9999,-9999
1493,343.212892,343.212730703,343.212612296,54959636,-9999,300924.6,383.38,-1,0.344995572,0.973199649,0.988095222,0.979157878,3,0.333333333,1.777777778,O6,de-protonated,0,-9999,C18 H32 O6,18,32,6,-9999,-9999,-9999,-9999,-9999,-9999,-9999
1494,343.249222,343.249060693,343.248997806,4241949,-9999,310755.2,27.42,-1,0.183210309,0.993928,0,0.5963568,2,0.263157895,1.894736842,O5,de-protonated,0,-9999,C19 H36 O5,19,36,5,-9999,-9999,-9999,-9999,-9999,-9999,-9999
1497,344.136076,344.135914431,344.13595963,2020102.8,-9999,354671.1,11.82,-1,-0.131340857,0.996874827,0,0.598124896,4,0.1875,1.6875,N1 S2 O3,de-protonated,0,-9999,C16 H27 O3 N1 S2,16,27,3,1,-9999,2,-9999,-9999,-9999,-9999
1498,344.146624,344.146462428,344.146323639,1934601.6,-9999,349259.1,11.22,-1,0.403282977,0.970920878,0,0.582552527,5,0.5,1.642857143,N3 O7,de-protonated,0,-9999,C14 H23 O7 N3,14,23,7,3,-9999,-9999,-9999,-9999,-9999,-9999
1499,344.171843,344.17168142,344.171339414,2153744.3,-9999,317216.7,12.76,-1,0.993709902,0.835961094,0.92168658,0.870251289,4,0.294117647,1.705882353,13C1 P1 O5,de-protonated,1,1489,C16 H29 O5 P1 13C1,16,29,5,-9999,1,-9999,1,-9999,-9999,-9999
1499,344.171843,344.17168142,344.171475759,2153744.3,-9999,317216.7,12.76,-1,0.597553436,0.93726436,0,0.562358616,4,0.4375,1.6875,N1 O7,de-protonated,0,-9999,C16 H27 O7 N1,16,27,7,1,-9999,-9999,-9999,-9999,-9999,-9999
1500,344.182982,344.182820417,344.182709149,21860116,-9999,299557.9,151.07,-1,0.323282565,0.98361971,0.997832801,0.989304946,4,0.4,1.8,N3 O6,de-protonated,0,-9999,C15 H27 O6 N3,15,27,6,3,-9999,-9999,-9999,-9999,-9999,-9999
1501,344.216275,344.216113407,344.215967132,9778972,-9999,297167.4,66.28,-1,0.424952713,0.967764142,0.988095222,0.975896574,3,0.333333333,1.777777778,13C1 O6,de-protonated,1,1493,C17 H32 O6 13C1,17,32,6,-9999,-9999,-9999,1,-9999,-9999,-9999
1502,344.219304,344.219142406,344.219094658,3052828.8,-9999,279082,19.07,-1,0.138714544,0.996514702,0,0.597908821,3,0.3125,1.9375,N3 O5,de-protonated,0,-9999,C16 H31 O5 N3,16,31,5,3,-9999,-9999,-9999,-9999,-9999,-9999
1503,344.244525,344.244363399,344.244246778,3764003.3,-9999,328624.1,24.06,-1,0.338773093,0.97939097,0,0.587634582,2,0.277777778,1.944444444,N1 O5,de-protonated,0,-9999,C18 H35 O5 N1,18,35,5,1,-9999,-9999,-9999,-9999,-9999,-9999
1509,345.025452,345.025290168,345.025205446,2441713.3,-9999,338373.8,14.78,-1,0.245553123,0.989118941,0,0.593471364,12,0.5625,0.625,O9,de-protonated,0,-9999,C16 H10 O9,16,10,9,-9999,-9999,-9999,-9999,-9999,-9999,-9999
1509,345.025452,345.025290168,345.025043255,2441713.3,-9999,338373.8,14.78,-1,0.715638913,0.911260058,0,0.546756035,7,0.272727273,1.363636364,N4 S2 P1 O3,de-protonated,0,-9999,C11 H15 O3 N4 P1 S2,11,15,3,4,1,2,-9999,-9999,-9999,-9999
1510,345.046572,345.046410162,345.046334814,1478390.9,-9999,304051.2,8.02,-1,0.218369864,0.991384872,0,0.594830923,7,0.846153846,1.076923077,O11,de-protonated,0,-9999,C13 H14 O11,13,14,11,-9999,-9999,-9999,-9999,-9999,-9999,-9999
1510,345.046572,345.046410162,345.046172623,1478390.9,-9999,304051.2,8.02,-1,0.688426854,0.917599504,0,0.550559702,2,0.625,2.375,N4 S2 P1 O5,de-protonated,0,-9999,C8 H19 O5 N4 P1 S2,8,19,5,4,1,2,-9999,-9999,-9999,-9999
1511,345.054687,345.054525159,345.054218127,1467897,-9999,289088,7.95,-1,0.889809888,0.866178641,0,0.519707185,10,0.055555556,1.055555556,S2 P1 O1,de-protonated,0,-9999,C18 H19 O1 P1 S2,18,19,1,-9999,1,2,-9999,-9999,-9999,-9999
1511,345.054687,345.054525159,345.054686157,1467897,-9999,289088,7.95,-1,-0.466586896,0.961268047,0,0.576760828,16,0.111111111,0.611111111,N4 P1 O2,de-protonated,0,-9999,C18 H11 O2 N4 P1,18,11,2,4,1,-9999,-9999,-9999,-9999,-9999
1511,345.054687,345.054525159,345.054414831,1467897,-9999,289088,7.95,-1,0.319741352,0.981620677,0,0.588972406,2,0.875,2.25,N4 S2 O7,de-protonated,0,-9999,C8 H18 O7 N4 S2,8,18,7,4,-9999,2,-9999,-9999,-9999,-9999
1512,345.0619,345.061738157,345.061590955,2308090.8,-9999,315321.4,13.84,-1,0.426596032,0.967518445,0,0.580511067,11,0.470588235,0.823529412,O8,de-protonated,0,-9999,C17 H14 O8,17,14,8,-9999,-9999,-9999,-9999,-9999,-9999,-9999
1512,345.0619,345.061738157,345.061428764,2308090.8,-9999,315321.4,13.84,-1,0.896632337,0.86426522,0,0.518559132,6,0.166666667,1.583333333,N4 S2 P1 O2,de-protonated,0,-9999,C12 H19 O2 N4 P1 S2,12,19,2,4,1,2,-9999,-9999,-9999,-9999
1513,345.068263,345.068101155,345.068333562,2667004.5,-9999,276190.7,16.36,-1,-0.673508957,0.920988507,0,0.552593104,1,0.727272727,2,S2 O8,de-protonated,0,-9999,C11 H22 O8 S2,11,22,8,-9999,-9999,2,-9999,-9999,-9999,-9999
1513,345.068263,345.068101155,345.06795344,2667004.5,-9999,276190.7,16.36,-1,0.428077732,0.967296153,0,0.580377692,6,0.384615385,1.461538462,N2 S1 P1 O5,de-protonated,0,-9999,C13 H19 O5 N2 P1 S1,13,19,5,2,1,1,-9999,-9999,-9999,-9999
1514,345.073331,345.073169154,345.072824345,4223998,-9999,289352.3,27.29,-1,0.99923615,0.834292188,0,0.500575313,11,0.4375,0.875,N2 O7,de-protonated,0,-9999,C16 H14 O7 N2,16,14,7,2,-9999,-9999,-9999,-9999,-9999,-9999
1515,345.083059,345.082897151,345.082720324,2382336.5,-9999,328952.1,14.36,-1,0.5124209,0.953473238,0,0.572083943,6,0.714285714,1.285714286,O10,de-protonated,0,-9999,C14 H18 O10,14,18,10,-9999,-9999,-9999,-9999,-9999,-9999,-9999
1515,345.083059,345.082897151,345.083209581,2382336.5,-9999,328952.1,14.36,-1,-0.905375119,0.86179812200000006,0,0.517078873,10,0.117647059,1.117647059,N2 S1 P1 O2,de-protonated,0,-9999,C17 H19 O2 N2 P1 S1,17,19,2,2,1,1,-9999,-9999,-9999,-9999
1517,345.098289,345.098127147,345.097976465,1524228.5,-9999,300479.5,8.34,-1,0.436634874,0.96599831,0,0.579598986,10,0.388888889,1,O7,de-protonated,0,-9999,C18 H18 O7,18,18,7,-9999,-9999,-9999,-9999,-9999,-9999,-9999
1517,345.098289,345.098127147,345.097814273,1524228.5,-9999,300479.5,8.34,-1,0.906621626,0.861445002,0,0.516867001,5,0.076923077,1.769230769,N4 S2 P1 O1,de-protonated,0,-9999,C13 H23 O1 N4 P1 S2,13,23,1,4,1,2,-9999,-9999,-9999,-9999
1518,345.119425,345.11926314,345.119105833,1831434,-9999,326325.9,10.5,-1,0.45580644,0.963004022,0,0.577802413,5,0.6,1.466666667,O9,de-protonated,0,-9999,C15 H22 O9,15,22,9,-9999,-9999,-9999,-9999,-9999,-9999,-9999
1518,345.119425,345.11926314,345.11959509,1831434,-9999,326325.9,10.5,-1,-0.961840023,0.845468174,0,0.507280904,9,0.055555556,1.277777778,N2 S1 P1 O1,de-protonated,0,-9999,C18 H23 O1 N2 P1 S1,18,23,1,2,1,1,-9999,-9999,-9999,-9999
1519,345.130532,345.130370137,345.130339222,1555213,-9999,316893.1,8.56,-1,0.089574685,0.998545183,0,0.59912711,5,0.571428571,1.571428571,N2 O8,de-protonated,0,-9999,C14 H22 O8 N2,14,22,8,2,-9999,-9999,-9999,-9999,-9999,-9999
1520,345.13458,345.134418136,345.134361974,1379854,-9999,337853.2,7.33,-1,0.162724297,0.995206908,0,0.597124145,9,0.315789474,1.157894737,O6,de-protonated,0,-9999,C19 H22 O6,19,22,6,-9999,-9999,-9999,-9999,-9999,-9999,-9999
1521,345.14773,345.147568132,345.147249134,14147601,-9999,305938.3,96.94,-1,0.924238262,0.894142179,0.946584695,0.915119185,4,0.375,1.6875,P1 O6,de-protonated,0,-9999,C16 H27 O6 P1,16,27,6,-9999,1,-9999,-9999,-9999,-9999,-9999
1522,345.155714,345.15555213,345.155491342,2587155.5,-9999,299978.6,15.8,-1,0.17611612200000001,0.994387834,0,0.5966327,4,0.5,1.625,O8,de-protonated,0,-9999,C16 H26 O8,16,26,8,-9999,-9999,-9999,-9999,-9999,-9999,-9999
1524,345.178244,345.178082123,345.177958121,3726361.5,-9999,291374,23.8,-1,0.359241404,0.976855296,0,0.586113177,4,0.428571429,1.857142857,N4 O6,de-protonated,0,-9999,C14 H26 O6 N4,14,26,6,4,-9999,-9999,-9999,-9999,-9999,-9999
1525,345.181822,345.181660122,345.181980873,1345306.5,-9999,322509.5,7.08,-1,-0.929222438,0.854983887,0,0.512990332,8,0.210526316,1.368421053,N2 O4,de-protonated,0,-9999,C19 H26 O4 N2,19,26,4,2,-9999,-9999,-9999,-9999,-9999,-9999
1526,345.184099,345.183937121,345.183634643,11659291,-9999,311321.2,79.47,-1,0.876282,0.894093724,0.946154729,0.914918126,3,0.294117647,1.823529412,P1 O5,de-protonated,0,-9999,C17 H31 O5 P1,17,31,5,-9999,1,-9999,-9999,-9999,-9999,-9999
1527,345.186322,345.186160121,345.186003625,3610651.8,-9999,350172.2,22.98,-1,0.453366671,0.963391694,0,0.578035017,12,0.083333333,1.083333333,O2,de-protonated,0,-9999,C24 H26 O2,24,26,2,-9999,-9999,-9999,-9999,-9999,-9999,-9999
1527,345.186322,345.186160121,345.186063984,3610651.8,-9999,350172.2,22.98,-1,0.27850765,0.986024239,0.997832801,0.990747664,4,0.4,1.8,13C1 N3 O6,de-protonated,1,1500,C14 H27 O6 N3 13C1,14,27,6,3,-9999,-9999,1,-9999,-9999,-9999
1528,345.192155,345.191993119,345.191876852,3774493.3,-9999,291166.2,24.13,-1,0.336819447,0.979625551,0,0.587775331,3,0.411764706,1.764705882,O7,de-protonated,0,-9999,C17 H30 O7,17,30,7,-9999,-9999,-9999,-9999,-9999,-9999,-9999
1529,345.195323,345.195161118,345.194868032,1382686,-9999,313847.2,7.35,-1,0.849043914,0.877391547,0,0.526434928,3,0.25,1.9375,N2 P1 O4,de-protonated,0,-9999,C16 H31 O4 N2 P1,16,31,4,2,1,-9999,-9999,-9999,-9999,-9999
1530,345.228528,345.228366108,345.228262361,16359463,-9999,298303.3,112.46,-1,0.300517829,0.985001896,0.984023766,0.984610644,2,0.333333333,1.888888889,O6,de-protonated,0,-9999,C18 H34 O6,18,34,6,-9999,-9999,-9999,-9999,-9999,-9999,-9999
1532,346.115481,346.115318846,346.115224185,1734416.6,-9999,325759.9,9.81,-1,0.273496643,0.986519253,0,0.591911552,4,0.266666667,1.666666667,N1 S2 O4,de-protonated,0,-9999,C15 H25 O4 N1 S2,15,25,4,1,-9999,2,-9999,-9999,-9999,-9999
1533,346.150982,346.150819836,346.150603969,3557658,-9999,313922.1,22.61,-1,0.623621648,0.931866129,0.946584695,0.937753556,4,0.375,1.6875,13C1 P1 O6,de-protonated,1,1521,C15 H27 O6 P1 13C1,15,27,6,-9999,1,-9999,1,-9999,-9999,-9999
1533,346.150982,346.150819836,346.150740314,3557658,-9999,313922.1,22.61,-1,0.229730521,0.990469549,0,0.594281729,4,0.533333333,1.666666667,N1 O8,de-protonated,0,-9999,C15 H25 O8 N1,15,25,8,1,-9999,-9999,-9999,-9999,-9999,-9999
1534,346.162232,346.162069832,346.161973704,19005726,-9999,294350.5,131.03,-1,0.27769884,0.989481593,0.983137862,0.986944101,4,0.5,1.785714286,N3 O7,de-protonated,0,-9999,C14 H25 O7 N3,14,25,7,3,-9999,-9999,-9999,-9999,-9999,-9999
1535,346.187389,346.187226825,346.186989478,3083555.8,-9999,305123.2,19.28,-1,0.685603209,0.918245703,0.946154729,0.929409313,3,0.294117647,1.823529412,13C1 P1 O5,de-protonated,1,1526,C16 H31 O5 P1 13C1,16,31,5,-9999,1,-9999,1,-9999,-9999,-9999
1535,346.187389,346.187226825,346.187125824,3083555.8,-9999,305123.2,19.28,-1,0.291753457,0.984673735,0,0.590804241,3,0.4375,1.8125,N1 O7,de-protonated,0,-9999,C16 H29 O7 N1,16,29,7,1,-9999,-9999,-9999,-9999,-9999,-9999
1536,346.215723,346.215560817,346.215269125,15180075,-9999,300903.6,104.18,-1,0.842516466,0.8931139,0.990033733,0.931881833,2,0.235294118,2,N1 P1 O4,de-protonated,0,-9999,C17 H34 O4 N1 P1,17,34,4,1,1,-9999,-9999,-9999,-9999,-9999
1537,346.231875,346.231712812,346.231617196,2818863.3,-9999,292347.3,17.42,-1,0.27616177,0.986257066,0.984023766,0.985363746,2,0.333333333,1.888888889,13C1 O6,de-protonated,1,1530,C17 H34 O6 13C1,17,34,6,-9999,-9999,-9999,1,-9999,-9999,-9999
1542,347.004772,347.004609584,347.004470001,1357563.3,-9999,368654.8,7.17,-1,0.402249877,0.971067499,0,0.582640499,12,0.666666667,0.533333333,O10,de-protonated,0,-9999,C15 H8 O10,15,8,10,-9999,-9999,-9999,-9999,-9999,-9999,-9999
1542,347.004772,347.004609584,347.00430781,1357563.3,-9999,368654.8,7.17,-1,0.869654436,0.871770192,0,0.523062115,7,0.4,1.3,N4 S2 P1 O4,de-protonated,0,-9999,C10 H13 O4 N4 P1 S2,10,13,4,4,1,2,-9999,-9999,-9999,-9999
1543,347.041135,347.040972573,347.040855511,2554884.8,-9999,332260,15.57,-1,0.33731596,0.979566057,0,0.587739634,11,0.5625,0.75,O9,de-protonated,0,-9999,C16 H12 O9,16,12,9,-9999,-9999,-9999,-9999,-9999,-9999,-9999
1543,347.041135,347.040972573,347.040693319,2554884.8,-9999,332260,15.57,-1,0.804671482,0.889151774,0,0.533491064,6,0.272727273,1.545454545,N4 S2 P1 O3,de-protonated,0,-9999,C11 H17 O3 N4 P1 S2,11,17,3,4,1,2,-9999,-9999,-9999,-9999
1544,347.052511,347.05234857,347.0520889,1441543.9,-9999,309512.3,7.76,-1,0.748215552,0.903409098,0,0.542045459,11,0.533333333,0.8,N2 O8,de-protonated,0,-9999,C15 H12 O8 N2,15,12,8,2,-9999,-9999,-9999,-9999,-9999,-9999
1545,347.070354,347.070191564,347.069868191,2653196.5,-9999,353248.4,16.26,-1,0.93172324,0.854262213,0,0.512557328,9,0.055555556,1.166666667,S2 P1 O1,de-protonated,0,-9999,C18 H21 O1 P1 S2,18,21,1,-9999,1,2,-9999,-9999,-9999,-9999
1545,347.070354,347.070191564,347.070336222,2653196.5,-9999,353248.4,16.26,-1,-0.416796173,0.968970517,0,0.58138231,15,0.111111111,0.722222222,N4 P1 O2,de-protonated,0,-9999,C18 H13 O2 N4 P1,18,13,2,4,1,-9999,-9999,-9999,-9999,-9999
1545,347.070354,347.070191564,347.070064896,2653196.5,-9999,353248.4,16.26,-1,0.364965421,0.976120808,0,0.585672485,1,0.875,2.5,N4 S2 O7,de-protonated,0,-9999,C8 H20 O7 N4 S2,8,20,7,4,-9999,2,-9999,-9999,-9999,-9999
1546,347.077623,347.077460562,347.07724102,2612238.5,-9999,299218.7,15.97,-1,0.632545929,0.929972537,0,0.557983522,10,0.470588235,0.941176471,O8,de-protonated,0,-9999,C17 H16 O8,17,16,8,-9999,-9999,-9999,-9999,-9999,-9999,-9999
1547,347.113875,347.113712552,347.113626529,1658648,-9999,295724.9,9.28,-1,0.247821566,0.988918095,0,0.593350857,9,0.388888889,1.111111111,O7,de-protonated,0,-9999,C18 H20 O7,18,20,7,-9999,-9999,-9999,-9999,-9999,-9999,-9999
1547,347.113875,347.113712552,347.11346433800003,1658648,-9999,295724.9,9.28,-1,0.715079068,0.911392507,0,0.546835504,4,0.076923077,1.923076923,N4 S2 P1 O1,de-protonated,0,-9999,C13 H25 O1 N4 P1 S2,13,25,1,4,1,2,-9999,-9999,-9999,-9999
1549,347.134956,347.134793545,347.134755897,1672733.6,-9999,313736,9.38,-1,0.10845344,0.997868049,0,0.59872083,4,0.6,1.6,O9,de-protonated,0,-9999,C15 H24 O9,15,24,9,-9999,-9999,-9999,-9999,-9999,-9999,-9999
1551,347.163396,347.163233537,347.162899198,2964517,-9999,304356.3,18.45,-1,0.963059998,0.845107995,0,0.507064797,3,0.375,1.8125,P1 O6,de-protonated,0,-9999,C16 H29 O6 P1,16,29,6,-9999,1,-9999,-9999,-9999,-9999,-9999
1552,347.16556,347.165397536,347.16526818,3311141.8,-9999,317801.4,20.88,-1,0.372607384,0.975123005,0,0.585073803,12,0.130434783,1.043478261,O3,de-protonated,0,-9999,C23 H24 O3,23,24,3,-9999,-9999,-9999,-9999,-9999,-9999,-9999
1552,347.16556,347.165397536,347.165328539,3311141.8,-9999,317801.4,20.88,-1,0.198745285,0.992858456,0.983137862,0.988970219,4,0.5,1.785714286,13C1 N3 O7,de-protonated,1,1534,C13 H25 O7 N3 13C1,13,25,7,3,-9999,-9999,1,-9999,-9999,-9999
1554,347.18668,347.18651753,347.186397548,2787883.3,-9999,321458,17.21,-1,0.34558395,0.978563008,0,0.587137805,7,0.25,1.4,O5,de-protonated,0,-9999,C20 H28 O5,20,28,5,-9999,-9999,-9999,-9999,-9999,-9999,-9999
1555,347.199743,347.199580526,347.199284708,55992880,-9999,297880.4,390.62,-1,0.852013909,0.875410283,0.993823511,0.922775574,2,0.294117647,1.941176471,P1 O5,de-protonated,0,-9999,C17 H33 O5 P1,17,33,5,-9999,1,-9999,-9999,-9999,-9999,-9999
1556,347.219041,347.21887852,347.21862396,2581555.8,-9999,307934.7,15.76,-1,0.733142592,0.907076656,0.990033733,0.940259487,2,0.235294118,2,13C1 N1 P1 O4,de-protonated,1,1536,C16 H34 O4 N1 P1 13C1,16,34,4,1,1,-9999,1,-9999,-9999,-9999
1556,347.219041,347.21887852,347.218760305,2581555.8,-9999,307934.7,15.76,-1,0.340463003,0.979187009,0,0.587512205,2,0.375,2,N2 O6,de-protonated,0,-9999,C16 H32 O6 N2,16,32,6,2,-9999,-9999,-9999,-9999,-9999,-9999
1557,347.244189,347.244026513,347.243912425,4251194.5,-9999,303704,27.48,-1,0.328551928,0.980603847,0,0.588362308,1,0.333333333,2,O6,de-protonated,0,-9999,C18 H36 O6,18,36,6,-9999,-9999,-9999,-9999,-9999,-9999,-9999
1558,347.272524,347.272361505,347.272055726,2084417.9,-9999,351437,12.27,-1,0.880515509,0.868768543,0,0.521261126,0,0.157894737,2.157894737,P1 O3,de-protonated,0,-9999,C19 H41 O3 P1,19,41,3,-9999,1,-9999,-9999,-9999,-9999,-9999
1559,348.156872,348.156709244,348.1564944,2313003.3,-9999,334333.6,13.87,-1,0.617088744,0.933237653,0,0.559942592,8,0.294117647,1.352941176,N3 O5,de-protonated,0,-9999,C17 H23 O5 N3,17,23,5,3,-9999,-9999,-9999,-9999,-9999,-9999
1560,348.203102,348.20293923,348.202639543,10783543,-9999,299025.6,73.32,-1,0.860669249,0.874232958,0.993823511,0.922069179,2,0.294117647,1.941176471,13C1 P1 O5,de-protonated,1,1555,C16 H33 O5 P1 13C1,16,33,5,-9999,1,-9999,1,-9999,-9999,-9999
1560,348.203102,348.20293923,348.202775888,10783543,-9999,299025.6,73.32,-1,0.469099317,0.48042905,0.85247738,0.629248382,2,0.4375,1.9375,N1 O7,de-protonated,0,-9999,C16 H31 O7 N1,16,31,7,1,-9999,-9999,-9999,-9999,-9999,-9999
1562,348.231363,348.231200222,348.230919189,13751103,-9999,303235.6,94.15,-1,0.807029085,0.887769722,0.963502125,0.918062683,1,0.235294118,2.117647059,N1 P1 O4,de-protonated,0,-9999,C17 H36 O4 N1 P1,17,36,4,1,1,-9999,-9999,-9999,-9999,-9999
1569,349.020473,349.020309989,349.020120066,1869071.1,-9999,309844.2,10.75,-1,0.544160327,0.947689034,0,0.56861342,11,0.666666667,0.666666667,O10,de-protonated,0,-9999,C15 H10 O10,15,10,10,-9999,-9999,-9999,-9999,-9999,-9999,-9999
1569,349.020473,349.020309989,349.020609323,1869071.1,-9999,309844.2,10.75,-1,-0.857641181,0.875058717,0,0.52503523,15,0.111111111,0.611111111,N2 S1 P1 O2,de-protonated,0,-9999,C18 H11 O2 N2 P1 S1,18,11,2,2,1,1,-9999,-9999,-9999,-9999
1570,349.05671,349.056546978,349.056505575,3292696.8,-9999,240692.1,20.75,-1,0.118613614,0.99745042,0,0.598470252,10,0.5625,0.875,O9,de-protonated,0,-9999,C16 H14 O9,16,14,9,-9999,-9999,-9999,-9999,-9999,-9999,-9999
1570,349.05671,349.056546978,349.056343384,3292696.8,-9999,240692.1,20.75,-1,0.583270258,0.940137062,0,0.564082237,5,0.272727273,1.727272727,N4 S2 P1 O3,de-protonated,0,-9999,C11 H19 O3 N4 P1 S2,11,19,3,4,1,2,-9999,-9999,-9999,-9999
1571,349.093209,349.093045967,349.092891084,2244130.3,-9999,346241.8,13.39,-1,0.443671959,0.964913102,0,0.578947861,9,0.470588235,1.058823529,O8,de-protonated,0,-9999,C17 H18 O8,17,18,8,-9999,-9999,-9999,-9999,-9999,-9999,-9999
1571,349.093209,349.093045967,349.092728893,2244130.3,-9999,346241.8,13.39,-1,0.908280324,0.860974584,0,0.516584751,4,0.166666667,1.916666667,N4 S2 P1 O2,de-protonated,0,-9999,C12 H23 O2 N4 P1 S2,12,23,2,4,1,2,-9999,-9999,-9999,-9999
1572,349.106224,349.106060963,349.105778244,7498789.5,-9999,298697,50.27,-1,0.809838542,0.907621247,0.938935566,0.920146975,4,0.571428571,1.642857143,P1 O8,de-protonated,0,-9999,C14 H23 O8 P1,14,23,8,-9999,1,-9999,-9999,-9999,-9999,-9999
1573,349.129584,349.129420956,349.129276594,1956907.9,-9999,255861.3,11.37,-1,0.413493359,0.969452783,0,0.58167167,8,0.388888889,1.222222222,O7,de-protonated,0,-9999,C18 H22 O7,18,22,7,-9999,-9999,-9999,-9999,-9999,-9999,-9999
1573,349.129584,349.129420956,349.129114402,1956907.9,-9999,255861.3,11.37,-1,0.878053289,0.869451376,0,0.521670825,3,0.076923077,2.076923077,N4 S2 P1 O1,de-protonated,0,-9999,C13 H27 O1 N4 P1 S2,13,27,1,4,1,2,-9999,-9999,-9999,-9999
1574,349.142559,349.142395953,349.142163753,3261487.3,-9999,299894,20.53,-1,0.665056417,0.922881203,0,0.553728722,3,0.466666667,1.8,P1 O7,de-protonated,0,-9999,C15 H27 O7 P1,15,27,7,-9999,1,-9999,-9999,-9999,-9999,-9999
1575,349.178999,349.178835942,349.178549263,4187193,-9999,306919.9,27.02,-1,0.821010133,0.884876782,0,0.530926069,2,0.375,1.9375,P1 O6,de-protonated,0,-9999,C16 H31 O6 P1,16,31,6,-9999,1,-9999,-9999,-9999,-9999,-9999
1577,349.20234,349.202176935,349.202047612,7160895,-9999,297771.7,47.89,-1,0.370337049,0.987708326,0.991191295,0.989101513,6,0.25,1.5,O5,de-protonated,0,-9999,C20 H30 O5,20,30,5,-9999,-9999,-9999,-9999,-9999,-9999,-9999
1578,349.215379,349.215215931,349.214934772,164275264,-9999,298299.2,1150.59,-1,0.805117445,0.444134781,0.978361051,0.657825289,1,0.294117647,2.058823529,P1 O5,de-protonated,0,-9999,C17 H35 O5 P1,17,35,5,-9999,1,-9999,-9999,-9999,-9999,-9999
1579,349.234721,349.234557925,349.234274024,3263559.8,-9999,327729.1,20.54,-1,0.812924693,0.887000494,0.963502125,0.917601146,1,0.235294118,2.117647059,13C1 N1 P1 O4,de-protonated,1,1562,C16 H36 O4 N1 P1 13C1,16,36,4,1,1,-9999,1,-9999,-9999,-9999
1579,349.234721,349.234557925,349.23441037,3263559.8,-9999,327729.1,20.54,-1,0.422511473,0.968127502,0,0.580876501,1,0.375,2.125,N2 O6,de-protonated,0,-9999,C16 H34 O6 N2,16,34,6,2,-9999,-9999,-9999,-9999,-9999,-9999
1581,350.109522,350.109358667,350.109133079,1788462.5,-9999,269652.3,10.19,-1,0.644336282,0.927435606,0.938935566,0.93203559,4,0.571428571,1.642857143,13C1 P1 O8,de-protonated,1,1572,C13 H23 O8 P1 13C1,13,23,8,-9999,1,-9999,1,-9999,-9999,-9999
1581,350.109522,350.109358667,350.109269425,1788462.5,-9999,269652.3,10.19,-1,0.254898698,0.988279893,0,0.592967936,4,0.769230769,1.615384615,N1 O10,de-protonated,0,-9999,C13 H21 O10 N1,13,21,10,1,-9999,-9999,-9999,-9999,-9999,-9999
1582,350.124794,350.124630663,350.124525566,1948466.5,-9999,338691,11.31,-1,0.300169197,0.983784109,0,0.590270465,8,0.411764706,1.235294118,N1 O7,de-protonated,0,-9999,C17 H21 O7 N1,17,21,7,1,-9999,-9999,-9999,-9999,-9999,-9999
1583,350.136012,350.135848659,350.13575895499997,6073653.5,-9999,303828.6,40.26,-1,0.256197756,0.49408042,0.85247738,0.637439204,8,0.375,1.3125,N3 O6,de-protonated,0,-9999,C16 H21 O6 N3,16,21,6,3,-9999,-9999,-9999,-9999,-9999,-9999
1584,350.172441,350.172277648,350.172144465,2264383,-9999,311531.7,13.53,-1,0.380338334,0.974093613,0,0.584456168,7,0.294117647,1.470588235,N3 O5,de-protonated,0,-9999,C17 H25 O5 N3,17,25,5,3,-9999,-9999,-9999,-9999,-9999,-9999
1585,350.185515,350.185351645,350.185031624,3288386.5,-9999,315646.4,20.71,-1,0.913861047,0.859387441,0,0.515632465,2,0.357142857,2.142857143,N3 P1 O5,de-protonated,0,-9999,C14 H30 O5 N3 P1,14,30,5,3,1,-9999,-9999,-9999,-9999,-9999
1586,350.200206,350.20004264,350.200287765,3014982.5,-9999,325562.8,18.79,-1,-0.699957071,0.914938022,0,0.548962813,6,0.111111111,1.666666667,N3 P1 O2,de-protonated,0,-9999,C18 H30 O2 N3 P1,18,30,2,3,1,-9999,-9999,-9999,-9999,-9999
1587,350.205564,350.205400639,350.205402447,1643335.8,-9999,337686.7,9.17,-1,-0.005165025,0.999995159,0.991191295,0.996473614,6,0.25,1.5,13C1 O5,de-protonated,1,1577,C19 H30 O5 13C1,19,30,5,-9999,-9999,-9999,1,-9999,-9999,-9999
1588,350.218737,350.218573635,350.218289607,30680396,-9999,295318.6,212.96,-1,0.811001964,0.443751583,0.978361051,0.65759537,1,0.294117647,2.058823529,13C1 P1 O5,de-protonated,1,1578,C16 H35 O5 P1 13C1,16,35,5,-9999,1,-9999,1,-9999,-9999,-9999
1588,350.218737,350.218573635,350.218425953,30680396,-9999,295318.6,212.96,-1,0.421685696,0.484124985,0.85247738,0.631465943,1,0.4375,2.0625,N1 O7,de-protonated,0,-9999,C16 H33 O7 N1,16,33,7,1,-9999,-9999,-9999,-9999,-9999,-9999
1590,350.247041,350.246877626,350.246569254,21964114,-9999,295713.9,151.79,-1,0.880445124,0.882038696,0.965149776,0.915283128,0,0.235294118,2.235294118,N1 P1 O4,de-protonated,0,-9999,C17 H38 O4 N1 P1,17,38,4,1,1,-9999,-9999,-9999,-9999,-9999
1592,351.015024,351.0148604,351.014640762,1622045.4,-9999,354862.8,9.02,-1,0.625722061,0.93142253,0,0.558853518,15,0.444444444,0.444444444,O8,de-protonated,0,-9999,C18 H8 O8,18,8,8,-9999,-9999,-9999,-9999,-9999,-9999,-9999
1593,351.035985,351.035821393,351.03577013,3512867,-9999,312619.6,22.29,-1,0.146034564,0.996137886,0,0.597682731,10,0.666666667,0.8,O10,de-protonated,0,-9999,C15 H12 O10,15,12,10,-9999,-9999,-9999,-9999,-9999,-9999,-9999
1593,351.035985,351.035821393,351.035607939,3512867,-9999,312619.6,22.29,-1,0.60807132,0.935110304,0,0.561066183,5,0.4,1.7,N4 S2 P1 O4,de-protonated,0,-9999,C10 H17 O4 N4 P1 S2,10,17,4,4,1,2,-9999,-9999,-9999,-9999
1594,351.073306,351.073142382,351.073025019,3023404.8,-9999,305200.8,18.85,-1,0.334298302,0.979926351,0,0.58795581,8,0.235294118,1.176470588,S2 O4,de-protonated,0,-9999,C17 H20 O4 S2,17,20,4,-9999,-9999,2,-9999,-9999,-9999,-9999
1594,351.073306,351.073142382,351.07349305,3023404.8,-9999,305200.8,18.85,-1,-0.998843663,0.834410912,0,0.500646547,14,0.294117647,0.705882353,N4 O5,de-protonated,0,-9999,C17 H12 O5 N4,17,12,5,4,-9999,-9999,-9999,-9999,-9999,-9999
1596,351.108612,351.108448372,351.108541149,2542646,-9999,336712,15.48,-1,-0.264239621,0.987410702,0,0.592446421,8,0.470588235,1.176470588,O8,de-protonated,0,-9999,C17 H20 O8,17,20,8,-9999,-9999,-9999,-9999,-9999,-9999,-9999
1596,351.108612,351.108448372,351.108378958,2542646,-9999,336712,15.48,-1,0.197701184,0.99293303,0,0.595759818,3,0.166666667,2.083333333,N4 S2 P1 O2,de-protonated,0,-9999,C12 H25 O2 N4 P1 S2,12,25,2,4,1,2,-9999,-9999,-9999,-9999
1598,351.13473,351.134566364,351.134379231,44590652,-9999,295930.6,310.59,-1,0.532940127,0.627727948,0.953014844,0.757842706,3,0.5,2,N4 S1 O6,de-protonated,0,-9999,C12 H24 O6 N4 S1,12,24,6,4,-9999,1,-9999,-9999,-9999,-9999
1599,351.14532,351.145156361,351.144926658,2350655.8,-9999,274757,14.13,-1,0.654154472,0.925292688,0,0.555175613,7,0.388888889,1.333333333,O7,de-protonated,0,-9999,C18 H24 O7,18,24,7,-9999,-9999,-9999,-9999,-9999,-9999,-9999
1600,351.158279,351.158115357,351.157813818,4057667.3,-9999,308442,26.11,-1,0.858701176,0.874769897,0,0.524861938,2,0.466666667,1.933333333,P1 O7,de-protonated,0,-9999,C15 H29 O7 P1,15,29,7,-9999,1,-9999,-9999,-9999,-9999,-9999
1601,351.175953,351.175789352,351.175438941,1476167.9,-9999,398209.8,7.99,-1,0.997824337,0.834719113,0,0.500831468,15,0.038461538,0.923076923,O1,de-protonated,0,-9999,C26 H24 O1,26,24,1,-9999,-9999,-9999,-9999,-9999,-9999,-9999
1602,351.181538,351.181374351,351.181312168,1803849.3,-9999,339206.7,10.29,-1,0.177068022,0.994327176,0,0.596596305,6,0.315789474,1.473684211,O6,de-protonated,0,-9999,C19 H28 O6,19,28,6,-9999,-9999,-9999,-9999,-9999,-9999,-9999
1603,351.19467,351.194506347,351.194199327,7945805,-9999,294296.3,53.4,-1,0.874215843,0.435256422,0.85247738,0.602144805,1,0.375,2.0625,P1 O6,de-protonated,0,-9999,C16 H33 O6 P1,16,33,6,-9999,1,-9999,-9999,-9999,-9999,-9999
1605,351.217984,351.21782034,351.217697677,12381779,-9999,290942.9,84.53,-1,0.349250253,0.982833012,0.990482168,0.985892675,5,0.25,1.6,O5,de-protonated,0,-9999,C20 H32 O5,20,32,5,-9999,-9999,-9999,-9999,-9999,-9999,-9999
1606,351.221266,351.221102339,351.22106898,4815444,-9999,338163.2,31.43,-1,0.094978871,0.998364493,0,0.599018696,0,0.294117647,2.117647059,S1 O5,de-protonated,0,-9999,C17 H36 O5 S1,17,36,5,-9999,-9999,1,-9999,-9999,-9999,-9999
1607,351.231034,351.230870336,351.230584836,8654422,-9999,306938.9,58.37,-1,0.812854743,0.881317719,0.987437278,0.923765543,0,0.294117647,2.176470588,P1 O5,de-protonated,0,-9999,C17 H37 O5 P1,17,37,5,-9999,1,-9999,-9999,-9999,-9999,-9999
1608,351.250362,351.25019833,351.249924089,5157467.5,-9999,302159,33.83,-1,0.780759115,0.895289311,0.965149776,0.923233497,0,0.235294118,2.235294118,13C1 N1 P1 O4,de-protonated,1,1590,C16 H38 O4 N1 P1 13C1,16,38,4,1,1,-9999,1,-9999,-9999,-9999
1608,351.250362,351.25019833,351.250060434,5157467.5,-9999,302159,33.83,-1,0.392586295,0.97242182,0,0.583453092,0,0.375,2.25,N2 O6,de-protonated,0,-9999,C16 H36 O6 N2,16,36,6,2,-9999,-9999,-9999,-9999,-9999,-9999
1609,352.128364,352.128200071,352.12791067,2123587,-9999,326807.5,12.53,-1,0.82186347,0.884651718,0,0.530791031,3,0.583333333,2,N3 P1 O7,de-protonated,0,-9999,C12 H24 O7 N3 P1,12,24,7,3,1,-9999,-9999,-9999,-9999,-9999
1610,352.138115,352.137951068,352.137673707,8335173.5,-9999,303155.2,56.13,-1,0.787649742,0.870100684,0.973814431,0.911586183,11,0.095238095,1.095238095,N1 S1 O2,de-protonated,0,-9999,C21 H23 O2 N1 S1,21,23,2,1,-9999,1,-9999,-9999,-9999,-9999
1610,352.138115,352.137951068,352.137734066,8335173.5,-9999,303155.2,56.13,-1,0.616242614,0.622276254,0.953014844,0.75457169,3,0.5,2,13C1 N4 S1 O6,de-protonated,1,1598,C11 H24 O6 N4 S1 13C1,11,24,6,4,-9999,1,1,-9999,-9999,-9999
1611,352.149283,352.149119065,352.148907096,1987400.6,-9999,326798.3,11.58,-1,0.601928775,0.936372258,0,0.561823355,11,0.05,1.15,N3 S1 O1,de-protonated,0,-9999,C20 H23 O1 N3 S1,20,23,1,3,-9999,1,-9999,-9999,-9999,-9999
1612,352.164795,352.16463106,352.164296179,2788684.8,-9999,270373.5,17.2,-1,0.950922521,0.848677829,0,0.509206698,2,0.461538462,2.153846154,N3 P1 O6,de-protonated,0,-9999,C13 H28 O6 N3 P1,13,28,6,3,1,-9999,-9999,-9999,-9999,-9999
1614,352.198109,352.19794505,352.197690508,1504597.5,-9999,305504,8.19,-1,0.722726415,0.909576,0,0.5457456,1,0.533333333,2.066666667,N1 O8,de-protonated,0,-9999,C15 H31 O8 N1,15,31,8,1,-9999,-9999,-9999,-9999,-9999,-9999
1615,352.215825,352.215661045,352.21593783,10137434,-9999,297147.6,68.78,-1,-0.785838222,0.446998825,0.837042051,0.603016115,5,0.111111111,1.777777778,N3 P1 O2,de-protonated,0,-9999,C18 H32 O2 N3 P1,18,32,2,3,1,-9999,-9999,-9999,-9999,-9999
1616,352.221309,352.221145044,352.22105251200003,2854747.5,-9999,329512.1,17.67,-1,0.262708784,0.987555239,0.990482168,0.988726011,5,0.25,1.6,13C1 O5,de-protonated,1,1605,C19 H32 O5 13C1,19,32,5,-9999,-9999,-9999,1,-9999,-9999,-9999
1617,352.234405,352.23424104,352.233939672,1441119,-9999,426087.3,7.74,-1,0.855590827,0.87561664,0.987437278,0.920344895,0,0.294117647,2.176470588,13C1 P1 O5,de-protonated,1,1607,C16 H37 O5 P1 13C1,16,37,5,-9999,1,-9999,1,-9999,-9999,-9999
1617,352.234405,352.23424104,352.234076017,1441119,-9999,426087.3,7.74,-1,0.468502393,0.960955682,0,0.576573409,0,0.4375,2.1875,N1 O7,de-protonated,0,-9999,C16 H35 O7 N1,16,35,7,1,-9999,-9999,-9999,-9999,-9999,-9999
1621,353.017878,353.017713808,353.018025866,1446445.8,-9999,295976.2,7.7,-1,-0.883971051,0.867807921,0,0.520684753,10,0.615384615,0.846153846,N2 P1 O8,de-protonated,0,-9999,C13 H11 O8 N2 P1,13,11,8,2,1,-9999,-9999,-9999,-9999,-9999
1622,353.030532,353.030367805,353.030290827,2734641,-9999,345743.2,16.65,-1,0.218049443,0.991410027,0,0.594846016,14,0.444444444,0.555555556,O8,de-protonated,0,-9999,C18 H10 O8,18,10,8,-9999,-9999,-9999,-9999,-9999,-9999,-9999
1622,353.030532,353.030367805,353.030128635,2734641,-9999,345743.2,16.65,-1,0.677475855,0.920093352,0,0.552056011,9,0.153846154,1.153846154,N4 S2 P1 O2,de-protonated,0,-9999,C13 H15 O2 N4 P1 S2,13,15,2,4,1,2,-9999,-9999,-9999,-9999
1623,353.039475,353.039310802,353.039022292,5146675.5,-9999,283749.3,33.4,-1,0.817217247,0.4429375,0.81490939,0.591726256,18,0.095238095,0.476190476,N2 S1 O2,de-protonated,0,-9999,C21 H10 O2 N2 S1,21,10,2,2,-9999,1,-9999,-9999,-9999,-9999
1624,353.05168,353.051515798,353.051420195,4788278.5,-9999,300234.4,30.91,-1,0.27079272,0.98678273,0,0.592069638,9,0.666666667,0.933333333,O10,de-protonated,0,-9999,C15 H14 O10,15,14,10,-9999,-9999,-9999,-9999,-9999,-9999,-9999
1624,353.05168,353.051515798,353.051258003,4788278.5,-9999,300234.4,30.91,-1,0.730191661,0.907787657,0,0.544672594,4,0.4,1.9,N4 S2 P1 O4,de-protonated,0,-9999,C10 H19 O4 N4 P1 S2,10,19,4,4,1,2,-9999,-9999,-9999,-9999
1625,353.088104,353.08793978800003,353.087805704,4794432,-9999,299457.9,30.95,-1,0.37974591,0.974173205,0,0.584503923,8,0.5625,1.125,O9,de-protonated,0,-9999,C16 H18 O9,16,18,9,-9999,-9999,-9999,-9999,-9999,-9999,-9999
1625,353.088104,353.08793978800003,353.087643513,4794432,-9999,299457.9,30.95,-1,0.83909756,0.880068753,0,0.528041252,3,0.272727273,2.090909091,N4 S2 P1 O3,de-protonated,0,-9999,C11 H23 O3 N4 P1 S2,11,23,3,4,1,2,-9999,-9999,-9999,-9999
1626,353.124436,353.124271777,353.124191213,3487817.8,-9999,301175.3,21.88,-1,0.228145154,0.990600016,0,0.59436001,7,0.470588235,1.294117647,O8,de-protonated,0,-9999,C17 H22 O8,17,22,8,-9999,-9999,-9999,-9999,-9999,-9999,-9999
1626,353.124436,353.124271777,353.124029022,3487817.8,-9999,301175.3,21.88,-1,0.687449403,0.917823445,0,0.550694067,2,0.166666667,2.25,N4 S2 P1 O2,de-protonated,0,-9999,C12 H27 O2 N4 P1 S2,12,27,2,4,1,2,-9999,-9999,-9999,-9999
1627,353.131791,353.131626775,353.131401851,14579788,-9999,291747.6,98.91,-1,0.636941689,0.93964361,0.952950621,0.944966414,3,0.818181818,2,N4 O9,de-protonated,0,-9999,C11 H22 O9 N4,11,22,9,4,-9999,-9999,-9999,-9999,-9999,-9999
1628,353.137381,353.137216773,353.137078373,2356813.3,-9999,329695,14.02,-1,0.39191631,0.972514565,0,0.583508739,2,0.571428571,1.928571429,P1 O8,de-protonated,0,-9999,C14 H27 O8 P1,14,27,8,-9999,1,-9999,-9999,-9999,-9999,-9999
1629,353.141531,353.141366772,353.141028542,1574734.3,-9999,311190.8,8.59,-1,0.957775473,0.846665976,0.973814431,0.897525358,11,0.095238095,1.095238095,13C1 N1 S1 O2,de-protonated,1,1610,C20 H23 O2 N1 S1 13C1,20,23,2,1,-9999,1,1,-9999,-9999,-9999
1630,353.145549,353.145384771,353.145320581,1592655.4,-9999,235045.1,8.71,-1,0.181764491,0.994023171,0,0.596413903,2,0.714285714,1.857142857,O10,de-protonated,0,-9999,C14 H26 O10,14,26,10,-9999,-9999,-9999,-9999,-9999,-9999,-9999
1631,353.148758,353.14859377,353.148311762,1911888.3,-9999,306871.1,10.93,-1,0.798552683,0.890735853,0,0.534441512,2,0.538461538,2.076923077,N2 P1 O7,de-protonated,0,-9999,C13 H27 O7 N2 P1,13,27,7,2,1,-9999,-9999,-9999,-9999,-9999
1632,353.152738,353.152573769,353.152334514,1536849.3,-9999,316866,8.33,-1,0.677482019,0.920091957,0,0.552055174,6,0.277777778,1.5,P1 O5,de-protonated,0,-9999,C18 H27 O5 P1,18,27,5,-9999,1,-9999,-9999,-9999,-9999,-9999
1633,353.155169,353.155004768,353.154703496,1516113.9,-9999,307103.1,8.18,-1,0.853087658,0.876296449,0,0.525777869,15,0.08,0.88,O2,de-protonated,0,-9999,C25 H22 O2,25,22,2,-9999,-9999,-9999,-9999,-9999,-9999,-9999
1634,353.160868,353.160703766,353.160576723,2412627.5,-9999,336037.2,14.41,-1,0.359732865,0.976792667,0,0.5860756,6,0.388888889,1.444444444,O7,de-protonated,0,-9999,C18 H26 O7,18,26,7,-9999,-9999,-9999,-9999,-9999,-9999,-9999
1634,353.160868,353.160703766,353.160414531,2412627.5,-9999,336037.2,14.41,-1,0.818989854,0.885408918,0,0.531245351,1,0.076923077,2.384615385,N4 S2 P1 O1,de-protonated,0,-9999,C13 H31 O1 N4 P1 S2,13,31,1,4,1,2,-9999,-9999,-9999,-9999
1635,353.173885,353.173720762,353.173463882,2669654.8,-9999,303347.3,16.19,-1,0.727348114,0.908470597,0,0.545082358,1,0.466666667,2.066666667,P1 O7,de-protonated,0,-9999,C15 H31 O7 P1,15,31,7,-9999,1,-9999,-9999,-9999,-9999,-9999
1636,353.189216,353.189051758,353.188720024,1374042.9,-9999,343840.6,7.2,-1,0.939254901,0.852080742,0,0.511248445,5,0.210526316,1.631578947,P1 O4,de-protonated,0,-9999,C19 H31 O4 P1,19,31,4,-9999,1,-9999,-9999,-9999,-9999,-9999
1638,353.197191,353.197026755,353.196962232,2118237,-9999,301856.5,12.36,-1,0.182683881,0.993962738,0,0.596377643,5,0.315789474,1.578947368,O6,de-protonated,0,-9999,C19 H30 O6,19,30,6,-9999,-9999,-9999,-9999,-9999,-9999,-9999
1639,353.200679,353.200514754,353.200333535,3462238,-9999,315425.5,21.7,-1,0.51307721,0.953356804,0,0.572014082,0,0.375,2.125,S1 O6,de-protonated,0,-9999,C16 H34 O6 S1,16,34,6,-9999,-9999,1,-9999,-9999,-9999,-9999
1640,353.210238,353.210073752,353.209849392,5546080.5,-9999,305160.6,36.17,-1,0.635203038,0.929404294,0,0.557642576,0,0.375,2.1875,P1 O6,de-protonated,0,-9999,C16 H35 O6 P1,16,35,6,-9999,1,-9999,-9999,-9999,-9999,-9999
1642,353.233617,353.233452745,353.233347741,10528871,-9999,291805.4,70.78,-1,0.297263233,0.975218642,0.952869398,0.966278944,4,0.25,1.7,O5,de-protonated,0,-9999,C20 H34 O5,20,34,5,-9999,-9999,-9999,-9999,-9999,-9999,-9999
1643,353.247483,353.247318741,353.247572311,1649258.3,-9999,322200.2,9.11,-1,-0.717827714,0.910741417,0,0.54644485,4,0.055555556,1.944444444,N4 P1 O1,de-protonated,0,-9999,C18 H35 O1 N4 P1,18,35,1,4,1,-9999,-9999,-9999,-9999,-9999
1645,354.135109,354.134944478,354.134696327,2641236.3,-9999,332892.4,15.99,-1,0.700726816,0.914759048,0,0.548855429,11,0.25,1.05,N1 O5,de-protonated,0,-9999,C20 H21 O5 N1,20,21,5,1,-9999,-9999,-9999,-9999,-9999,-9999
1645,354.135109,354.134944478,354.134756686,2641236.3,-9999,332892.4,15.99,-1,0.530286295,0.950255849,0.952950621,0.951333758,3,0.818181818,2,13C1 N4 O9,de-protonated,1,1627,C10 H22 O9 N4 13C1,10,22,9,4,-9999,-9999,1,-9999,-9999,-9999
1646,354.237021,354.236856448,354.236702576,1583215.1,-9999,322590.9,8.65,-1,0.434376102,0.966343218,0.952869398,0.96095369,4,0.25,1.7,13C1 O5,de-protonated,1,1642,C19 H34 O5 13C1,19,34,5,-9999,-9999,-9999,1,-9999,-9999,-9999
1651,355.009862,355.00969722,355.009555382,8337979,-9999,300935,55.56,-1,0.399534441,0.485725597,0.844689208,0.629311041,14,0.529411765,0.470588235,O9,de-protonated,0,-9999,C17 H8 O9,17,8,9,-9999,-9999,-9999,-9999,-9999,-9999,-9999
1651,355.009862,355.00969722,355.010044639,8337979,-9999,300935,55.56,-1,-0.978616834,0.420244356,0.822155738,0.581008909,18,0.05,0.45,N2 S1 P1 O1,de-protonated,0,-9999,C20 H9 O1 N2 P1 S1,20,9,1,2,1,1,-9999,-9999,-9999,-9999
1651,355.009862,355.00969722,355.00939319,8337979,-9999,300935,55.56,-1,0.856399521,0.437698351,0.885121231,0.616667503,9,0.25,1.083333333,N4 S2 P1 O3,de-protonated,0,-9999,C12 H13 O3 N4 P1 S2,12,13,3,4,1,2,-9999,-9999,-9999,-9999
1652,355.030881,355.030716214,355.03068475,2157632.5,-9999,318803,12.63,-1,0.088624109,0.998575875,0,0.599145525,9,0.785714286,0.857142857,O11,de-protonated,0,-9999,C14 H12 O11,14,12,11,-9999,-9999,-9999,-9999,-9999,-9999,-9999
1652,355.030881,355.030716214,355.030522558,2157632.5,-9999,318803,12.63,-1,0.545461857,0.9474452,0,0.56846712,4,0.555555556,1.888888889,N4 S2 P1 O5,de-protonated,0,-9999,C9 H17 O5 N4 P1 S2,9,17,5,4,1,2,-9999,-9999,-9999,-9999
1653,355.046406,355.046241209,355.045940891,1705540.5,-9999,300736.2,9.49,-1,0.845857873,0.878251661,0,0.526950996,13,0.444444444,0.666666667,O8,de-protonated,0,-9999,C18 H12 O8,18,12,8,-9999,-9999,-9999,-9999,-9999,-9999,-9999
1654,355.067423,355.067258203,355.067070259,5075530,-9999,293851.6,32.9,-1,0.529320105,0.950432389,0,0.570259433,8,0.666666667,1.066666667,O10,de-protonated,0,-9999,C15 H16 O10,15,16,10,-9999,-9999,-9999,-9999,-9999,-9999,-9999
1654,355.067423,355.067258203,355.067559516,5075530,-9999,293851.6,32.9,-1,-0.848608111,0.877509339,0,0.526505603,12,0.111111111,0.944444444,N2 S1 P1 O2,de-protonated,0,-9999,C18 H17 O2 N2 P1 S1,18,17,2,2,1,1,-9999,-9999,-9999,-9999
1654,355.067423,355.067258203,355.066908068,5075530,-9999,293851.6,32.9,-1,0.98611123999999994,0.838246145,0,0.502947687,3,0.4,2.1,N4 S2 P1 O4,de-protonated,0,-9999,C10 H21 O4 N4 P1 S2,10,21,4,4,1,2,-9999,-9999,-9999,-9999
1655,355.103744,355.103579192,355.103455768,3803731.5,-9999,303746.9,24.07,-1,0.347572132,0.978318341,0,0.586991004,7,0.5625,1.25,O9,de-protonated,0,-9999,C16 H20 O9,16,20,9,-9999,-9999,-9999,-9999,-9999,-9999,-9999
1655,355.103744,355.103579192,355.103293577,3803731.5,-9999,303746.9,24.07,-1,0.804316379,0.889243959,0,0.533546375,2,0.272727273,2.272727273,N4 S2 P1 O3,de-protonated,0,-9999,C11 H25 O3 N4 P1 S2,11,25,3,4,1,2,-9999,-9999,-9999,-9999
1656,355.111944,355.11177919,355.111535786,3070037.8,-9999,291068.8,18.97,-1,0.685431082,0.918285023,0,0.550971014,2,0.454545455,2.181818182,N4 S2 O5,de-protonated,0,-9999,C11 H24 O5 N4 S2,11,24,5,4,-9999,2,-9999,-9999,-9999,-9999
1657,355.140161,355.139996182,355.139841278,2846301.3,-9999,300150,17.42,-1,0.436177372,0.966068304,0,0.579640982,6,0.470588235,1.411764706,O8,de-protonated,0,-9999,C17 H24 O8,17,24,8,-9999,-9999,-9999,-9999,-9999,-9999,-9999
1657,355.140161,355.139996182,355.139679086,2846301.3,-9999,300150,17.42,-1,0.892874865,0.865320324,0,0.519192194,1,0.166666667,2.416666667,N4 S2 P1 O2,de-protonated,0,-9999,C12 H29 O2 N4 P1 S2,12,29,2,4,1,2,-9999,-9999,-9999,-9999
1658,355.153117,355.152952178,355.152728437,2648672.5,-9999,306534.8,16.04,-1,0.629984088,0.930518477,0,0.558311086,1,0.571428571,2.071428571,P1 O8,de-protonated,0,-9999,C14 H29 O8 P1,14,29,8,-9999,1,-9999,-9999,-9999,-9999,-9999
1660,355.176571,355.176406171,355.176226787,4991591,-9999,293931.1,32.32,-1,0.505055939,0.954770575,0,0.572862345,5,0.388888889,1.555555556,O7,de-protonated,0,-9999,C18 H28 O7,18,28,7,-9999,-9999,-9999,-9999,-9999,-9999,-9999
1661,355.195219,355.195054165,355.194854232,1444459.8,-9999,361079.5,7.68,-1,0.562884694,0.944131282,0,0.566478769,4,0.210526316,1.684210526,S1 O4,de-protonated,0,-9999,C19 H32 O4 S1,19,32,4,-9999,-9999,1,-9999,-9999,-9999,-9999
1662,355.198911,355.198746164,355.198693566,3132524.8,-9999,303418.4,19.4,-1,0.148082433,0.996029025,0,0.597617415,5,0.3125,1.75,N4 O5,de-protonated,0,-9999,C16 H28 O5 N4,16,28,5,4,-9999,-9999,-9999,-9999,-9999,-9999
1663,355.207193,355.207028162,355.20673907,1713262.9,-9999,288745.5,9.55,-1,0.813870374,0.886752926,0,0.532051756,13,0.038461538,1.076923077,O1,de-protonated,0,-9999,C26 H28 O1,26,28,1,-9999,-9999,-9999,-9999,-9999,-9999,-9999
1664,355.212925,355.21276016,355.212612296,4742768.5,-9999,300097.4,30.59,-1,0.416268381,0.969047825,0,0.581428695,4,0.315789474,1.684210526,O6,de-protonated,0,-9999,C19 H32 O6,19,32,6,-9999,-9999,-9999,-9999,-9999,-9999,-9999
1665,355.249317,355.249152149,355.248997806,2808954,-9999,298126.2,17.16,-1,0.434466206,0.966329491,0,0.579797695,3,0.25,1.8,O5,de-protonated,0,-9999,C20 H36 O5,20,36,5,-9999,-9999,-9999,-9999,-9999,-9999,-9999
1666,356.136245,356.136079888,356.13595963,1426531.6,-9999,314444.7,7.55,-1,0.337673836,0.979523122,0,0.587713873,5,0.176470588,1.588235294,N1 S2 O3,de-protonated,0,-9999,C17 H27 O3 N1 S2,17,27,3,1,-9999,2,-9999,-9999,-9999,-9999
1667,356.146457,356.146291885,356.146323639,1453414.3,-9999,378050.1,7.74,-1,-0.089161778,0.998558555,0,0.599135133,6,0.466666667,1.533333333,N3 O7,de-protonated,0,-9999,C15 H23 O7 N3,15,23,7,3,-9999,-9999,-9999,-9999,-9999,-9999
1668,356.171783,356.171617877,356.171475759,6728557,-9999,302603.3,44.38,-1,0.399015172,0.485762144,0.844689208,0.62933297,5,0.411764706,1.588235294,N1 O7,de-protonated,0,-9999,C17 H27 O7 N1,17,27,7,1,-9999,-9999,-9999,-9999,-9999,-9999
1669,356.182983,356.182817874,356.182709149,12604272,-9999,288151.5,85.19,-1,0.305251274,0.976567159,0.994356954,0.983683077,5,0.375,1.6875,N3 O6,de-protonated,0,-9999,C16 H27 O6 N3,16,27,6,3,-9999,-9999,-9999,-9999,-9999,-9999
1670,356.208182,356.208016866,356.207861269,1866614.5,-9999,332264.6,10.61,-1,0.436817215,0.965970394,0,0.579582237,4,0.333333333,1.722222222,N1 O6,de-protonated,0,-9999,C18 H31 O6 N1,18,31,6,1,-9999,-9999,-9999,-9999,-9999,-9999
1673,357.025451,357.025285625,357.025205446,3080269.8,-9999,308039.5,19.04,-1,0.224575109,0.990890565,0,0.594534339,13,0.529411765,0.588235294,O9,de-protonated,0,-9999,C17 H10 O9,17,10,9,-9999,-9999,-9999,-9999,-9999,-9999,-9999
1673,357.025451,357.025285625,357.025043255,3080269.8,-9999,308039.5,19.04,-1,0.678860794,0.9197798,0,0.55186788,8,0.25,1.25,N4 S2 P1 O3,de-protonated,0,-9999,C12 H15 O3 N4 P1 S2,12,15,3,4,1,2,-9999,-9999,-9999,-9999
1674,357.046625,357.046459619,357.046334814,3268691.3,-9999,312445,20.35,-1,0.349547525,0.978073919,0,0.586844351,8,0.785714286,1,O11,de-protonated,0,-9999,C14 H14 O11,14,14,11,-9999,-9999,-9999,-9999,-9999,-9999,-9999
1674,357.046625,357.046459619,357.046172623,3268691.3,-9999,312445,20.35,-1,0.803806383,0.889376299,0,0.53362578,3,0.555555556,2.111111111,N4 S2 P1 O5,de-protonated,0,-9999,C9 H19 O5 N4 P1 S2,9,19,5,4,1,2,-9999,-9999,-9999,-9999
1675,357.061918,357.061752614,357.061590955,1605207.4,-9999,320189.1,8.79,-1,0.452747821,0.963489722,0,0.578093833,12,0.444444444,0.777777778,O8,de-protonated,0,-9999,C18 H14 O8,18,14,8,-9999,-9999,-9999,-9999,-9999,-9999,-9999
1675,357.061918,357.061752614,357.061428764,1605207.4,-9999,320189.1,8.79,-1,0.906987317,0.861341341,0,0.516804805,7,0.153846154,1.461538462,N4 S2 P1 O2,de-protonated,0,-9999,C13 H19 O2 N4 P1 S2,13,19,2,4,1,2,-9999,-9999,-9999,-9999
1676,357.083032,357.082866608,357.082720324,4745309,-9999,295959.1,30.6,-1,0.409665758,0.970007172,0,0.582004303,7,0.666666667,1.2,O10,de-protonated,0,-9999,C15 H18 O10,15,18,10,-9999,-9999,-9999,-9999,-9999,-9999,-9999
1676,357.083032,357.082866608,357.083209581,4745309,-9999,295959.1,30.6,-1,-0.960484216,0.845868098,0,0.507520859,11,0.111111111,1.055555556,N2 S1 P1 O2,de-protonated,0,-9999,C18 H19 O2 N2 P1 S1,18,19,2,2,1,1,-9999,-9999,-9999,-9999
1676,357.083032,357.082866608,357.082558132,4745309,-9999,295959.1,30.6,-1,0.863878356,0.873355508,0,0.524013305,2,0.4,2.3,N4 S2 P1 O4,de-protonated,0,-9999,C10 H23 O4 N4 P1 S2,10,23,4,4,1,2,-9999,-9999,-9999,-9999
1677,357.107035,357.106869601,357.106707931,1869923.3,-9999,294812.4,10.63,-1,0.452722793,0.963493684,0,0.57809621,15,0.045454545,0.818181818,N2 S1 O1,de-protonated,0,-9999,C22 H18 O1 N2 S1,22,18,1,2,-9999,1,-9999,-9999,-9999,-9999
1677,357.107035,357.106869601,357.106840872,1869923.3,-9999,294812.4,10.63,-1,0.080448238,0.998826368,0,0.599295821,2,0.818181818,2.090909091,N2 P1 O9,de-protonated,0,-9999,C11 H23 O9 N2 P1,11,23,9,2,1,-9999,-9999,-9999,-9999,-9999
1678,357.119373,357.119207597,357.119105833,2591334.5,-9999,306189.4,15.64,-1,0.284959505,0.985374032,0,0.591224419,6,0.5625,1.375,O9,de-protonated,0,-9999,C16 H22 O9,16,22,9,-9999,-9999,-9999,-9999,-9999,-9999,-9999
1678,357.119373,357.119207597,357.118943642,2591334.5,-9999,306189.4,15.64,-1,0.739125768,0.905627985,0,0.543376791,1,0.272727273,2.454545455,N4 S2 P1 O3,de-protonated,0,-9999,C11 H27 O3 N4 P1 S2,11,27,3,4,1,2,-9999,-9999,-9999,-9999
1679,357.141941,357.141775591,357.141572611,1548140.4,-9999,318149.3,8.4,-1,0.568343917,0.943073919,0,0.565844351,6,0.5,1.571428571,N4 O7,de-protonated,0,-9999,C14 H22 O7 N4,14,22,7,4,-9999,-9999,-9999,-9999,-9999,-9999
1681,357.155818,357.155652587,357.155491342,2413168,-9999,316416.4,14.41,-1,0.451468273,0.963692012,0,0.578215207,5,0.470588235,1.529411765,O8,de-protonated,0,-9999,C17 H26 O8,17,26,8,-9999,-9999,-9999,-9999,-9999,-9999,-9999
1682,357.167018,357.166852583,357.166724732,1533043,-9999,333947.6,8.29,-1,0.357961051,0.977018072,0,0.586210843,5,0.4375,1.625,N2 O7,de-protonated,0,-9999,C16 H26 O7 N2,16,26,7,2,-9999,-9999,-9999,-9999,-9999,-9999
1683,357.186376,357.186210578,357.186003625,2083960.1,-9999,274419.8,12.12,-1,0.579397761,0.94090543,0,0.564543258,13,0.08,1.04,O2,de-protonated,0,-9999,C25 H26 O2,25,26,2,-9999,-9999,-9999,-9999,-9999,-9999,-9999
1683,357.186376,357.186210578,357.186063984,2083960.1,-9999,274419.8,12.12,-1,0.41041327,0.969899283,0.994356954,0.979682351,5,0.375,1.6875,13C1 N3 O6,de-protonated,1,1669,C15 H27 O6 N3 13C1,15,27,6,3,-9999,-9999,1,-9999,-9999,-9999
1684,357.192144,357.191978576,357.191876852,7341177.5,-9999,305166.6,48.63,-1,0.284788944,0.492695704,0.837042051,0.630434243,4,0.388888889,1.666666667,O7,de-protonated,0,-9999,C18 H30 O7,18,30,7,-9999,-9999,-9999,-9999,-9999,-9999,-9999
1685,357.214636,357.214470569,357.21434363,5601407.5,-9999,305297.6,36.55,-1,0.355358286,0.977347264,0,0.586408358,4,0.3125,1.875,N4 O5,de-protonated,0,-9999,C16 H30 O5 N4,16,30,5,4,-9999,-9999,-9999,-9999,-9999,-9999
1686,357.228538,357.228372565,357.228262361,5877891,-9999,288457.3,38.47,-1,0.308497993,0.989452434,0.976296241,0.984189957,3,0.315789474,1.789473684,O6,de-protonated,0,-9999,C19 H34 O6,19,34,6,-9999,-9999,-9999,-9999,-9999,-9999,-9999
1687,357.264949,357.264783554,357.26464787,1383564.8,-9999,417064.5,7.25,-1,0.379785972,0.974167826,0,0.584500696,2,0.25,1.9,O5,de-protonated,0,-9999,C20 H38 O5,20,38,5,-9999,-9999,-9999,-9999,-9999,-9999,-9999
1689,358.093542,358.09337631,358.093225437,1608550.8,-9999,335911.9,8.82,-1,0.421322454,0.968303769,0,0.58098226100000006,11,0.388888889,0.944444444,N1 O7,de-protonated,0,-9999,C18 H17 O7 N1,18,17,7,1,-9999,-9999,-9999,-9999,-9999,-9999
1690,358.15187100000003,358.151705293,358.151609694,3035510,-9999,341832.5,18.73,-1,0.266921081,0.987155553,0,0.592293332,4,0.176470588,1.705882353,N1 S2 O3,de-protonated,0,-9999,C17 H29 O3 N1 S2,17,29,3,1,-9999,2,-9999,-9999,-9999,-9999
1691,358.198652,358.198486279,358.198359213,51031428,-9999,286515.7,352.07,-1,0.354735384,0.978366994,0.992550075,0.984040226,4,0.375,1.8125,N3 O6,de-protonated,0,-9999,C16 H29 O6 N3,16,29,6,3,-9999,-9999,-9999,-9999,-9999,-9999
1692,358.223767,358.223601271,358.223511333,4641161,-9999,301763.8,29.88,-1,0.251067153,0.988627594,0,0.593176556,3,0.333333333,1.833333333,N1 O6,de-protonated,0,-9999,C18 H33 O6 N1,18,33,6,1,-9999,-9999,-9999,-9999,-9999,-9999
1693,358.231836,358.231670269,358.231617196,1416331.1,-9999,335077.6,7.48,-1,0.148152486,0.996025274,0.976296241,0.988133661,3,0.315789474,1.789473684,13C1 O6,de-protonated,1,1686,C18 H34 O6 13C1,18,34,6,-9999,-9999,-9999,1,-9999,-9999,-9999
1694,358.260214,358.260048261,358.259896842,1405074.6,-9999,366222.2,7.4,-1,0.422648606,0.968107142,0,0.580864285,2,0.263157895,1.947368421,N1 O5,de-protonated,0,-9999,C19 H37 O5 N1,19,37,5,1,-9999,-9999,-9999,-9999,-9999,-9999
1697,359.004813,359.004647041,359.004470001,1466454.4,-9999,314520.4,7.83,-1,0.493139962,0.956833422,0,0.574100053,13,0.625,0.5,O10,de-protonated,0,-9999,C16 H8 O10,16,8,10,-9999,-9999,-9999,-9999,-9999,-9999,-9999
1697,359.004813,359.004647041,359.004959259,1466454.4,-9999,314520.4,7.83,-1,-0.869675728,0.871764334,0,0.523058601,17,0.105263158,0.473684211,N2 S1 P1 O2,de-protonated,0,-9999,C19 H9 O2 N2 P1 S1,19,9,2,2,1,1,-9999,-9999,-9999,-9999
1697,359.004813,359.004647041,359.00430781,1466454.4,-9999,314520.4,7.83,-1,0.944921198,0.850431688,0,0.510259013,8,0.363636364,1.181818182,N4 S2 P1 O4,de-protonated,0,-9999,C11 H13 O4 N4 P1 S2,11,13,4,4,1,2,-9999,-9999,-9999,-9999
1698,359.041209,359.04104303,359.040855511,2960480,-9999,303854.1,18.2,-1,0.522278598,0.951710247,0,0.571026148,12,0.529411765,0.705882353,O9,de-protonated,0,-9999,C17 H12 O9,17,12,9,-9999,-9999,-9999,-9999,-9999,-9999,-9999
1698,359.041209,359.04104303,359.041344768,2960480,-9999,303854.1,18.2,-1,-0.840399023,0.879719777,0,0.527831866,16,0.05,0.65,N2 S1 P1 O1,de-protonated,0,-9999,C20 H13 O1 N2 P1 S1,20,13,1,2,1,1,-9999,-9999,-9999,-9999
1698,359.041209,359.04104303,359.040693319,2960480,-9999,303854.1,18.2,-1,0.974014063,0.841860475,0,0.505116285,7,0.25,1.416666667,N4 S2 P1 O3,de-protonated,0,-9999,C12 H17 O3 N4 P1 S2,12,17,3,4,1,2,-9999,-9999,-9999,-9999
1699,359.062305,359.062139024,359.061984879,2896997.5,-9999,283359.6,17.76,-1,0.42929932,0.967112343,0,0.580267406,7,0.785714286,1.142857143,O11,de-protonated,0,-9999,C14 H16 O11,14,16,11,-9999,-9999,-9999,-9999,-9999,-9999,-9999
1699,359.062305,359.062139024,359.062474136,2896997.5,-9999,283359.6,17.76,-1,-0.933297987,0.853807095,0,0.512284257,11,0.176470588,1,N2 S1 P1 O3,de-protonated,0,-9999,C17 H17 O3 N2 P1 S1,17,17,3,2,1,1,-9999,-9999,-9999,-9999
1699,359.062305,359.062139024,359.061822687,2896997.5,-9999,283359.6,17.76,-1,0.88100816,0.868631753,0,0.521179052,2,0.555555556,2.333333333,N4 S2 P1 O5,de-protonated,0,-9999,C9 H21 O5 N4 P1 S2,9,21,5,4,1,2,-9999,-9999,-9999,-9999
1701,359.077545,359.077379019,359.07724102,2029161.5,-9999,312021,11.73,-1,0.38431641,0.97355612,0,0.584133672,11,0.444444444,0.888888889,O8,de-protonated,0,-9999,C18 H16 O8,18,16,8,-9999,-9999,-9999,-9999,-9999,-9999,-9999
1701,359.077545,359.077379019,359.077078829,2029161.5,-9999,312021,11.73,-1,0.836006039,0.880896101,0,0.528537661,6,0.153846154,1.615384615,N4 S2 P1 O2,de-protonated,0,-9999,C13 H21 O2 N4 P1 S2,13,21,2,4,1,2,-9999,-9999,-9999,-9999
1702,359.088931,359.088765016,359.088474409,4063852.5,-9999,282708.5,25.87,-1,0.809289758,0.887950038,0,0.532770023,11,0.411764706,0.941176471,N2 O7,de-protonated,0,-9999,C17 H16 O7 N2,17,16,7,2,-9999,-9999,-9999,-9999,-9999,-9999
1703,359.098641,359.098475013,359.098370388,2172527,-9999,350607.8,12.73,-1,0.291354671,0.984715282,0,0.590829169,6,0.666666667,1.333333333,O10,de-protonated,0,-9999,C15 H20 O10,15,20,10,-9999,-9999,-9999,-9999,-9999,-9999,-9999
1703,359.098641,359.098475013,359.098208197,2172527,-9999,350607.8,12.73,-1,0.74301768,0.904680593,0,0.542808356,1,0.4,2.5,N4 S2 P1 O4,de-protonated,0,-9999,C10 H25 O4 N4 P1 S2,10,25,4,4,1,2,-9999,-9999,-9999,-9999
1704,359.111696,359.111530009,359.111257548,1589874.5,-9999,348100.1,8.68,-1,0.758710726,0.900820307,0,0.540492184,1,0.833333333,2.083333333,P1 O10,de-protonated,0,-9999,C12 H25 O10 P1,12,25,10,-9999,1,-9999,-9999,-9999,-9999,-9999
1705,359.113944,359.113778008,359.113626529,1457523,-9999,334978.1,7.76,-1,0.421814067,0.968230946,0,0.580938567,10,0.368421053,1.052631579,O7,de-protonated,0,-9999,C19 H20 O7,19,20,7,-9999,-9999,-9999,-9999,-9999,-9999,-9999
1705,359.113944,359.113778008,359.11346433800003,1457523,-9999,334978.1,7.76,-1,0.873457947,0.870722088,0,0.522433253,5,0.071428571,1.785714286,N4 S2 P1 O1,de-protonated,0,-9999,C14 H25 O1 N4 P1 S2,14,25,1,4,1,2,-9999,-9999,-9999,-9999
1707,359.135103,359.134937002,359.134755897,2237048.8,-9999,311470,13.18,-1,0.504281106,0.954906071,0,0.572943643,5,0.5625,1.5,O9,de-protonated,0,-9999,C16 H24 O9,16,24,9,-9999,-9999,-9999,-9999,-9999,-9999,-9999
1707,359.135103,359.134937002,359.135245155,2237048.8,-9999,311470,13.18,-1,-0.858040201,0.874950025,0,0.524970015,9,0.052631579,1.315789474,N2 S1 P1 O1,de-protonated,0,-9999,C19 H25 O1 N2 P1 S1,19,25,1,2,1,1,-9999,-9999,-9999,-9999
1708,359.157521,359.157354996,359.157025971,5967486.5,-9999,288767.7,39.09,-1,0.916101146,0.429374228,0.793917021,0.575191345,13,0.041666667,1.041666667,P1 O1,de-protonated,0,-9999,C24 H25 O1 P1,24,25,1,-9999,1,-9999,-9999,-9999,-9999,-9999
1708,359.157521,359.157354996,359.157222676,5967486.5,-9999,288767.7,39.09,-1,0.368417129,0.975672556,0,0.585403534,5,0.5,1.714285714,N4 O7,de-protonated,0,-9999,C14 H24 O7 N4,14,24,7,4,-9999,-9999,-9999,-9999,-9999,-9999
1709,359.160909,359.160742995,359.160397275,2461823.5,-9999,317423,14.74,-1,0.962577849,0.845250378,0,0.507150227,8,0.047619048,1.380952381,S1 P1 O1,de-protonated,0,-9999,C21 H29 O1 P1 S1,21,29,1,-9999,1,1,-9999,-9999,-9999,-9999
1710,359.163366,359.163199994,359.162899198,6528640,-9999,294653.7,42.98,-1,0.837490921,0.440249502,0.844689208,0.602025384,4,0.352941176,1.705882353,P1 O6,de-protonated,0,-9999,C17 H29 O6 P1,17,29,6,-9999,1,-9999,-9999,-9999,-9999,-9999
1711,359.171493,359.171326991,359.171141407,1798274.1,-9999,324326.7,10.13,-1,0.516702921,0.95271115,0,0.57162669,4,0.470588235,1.647058824,O8,de-protonated,0,-9999,C17 H28 O8,17,28,8,-9999,-9999,-9999,-9999,-9999,-9999,-9999
1712,359.19392,359.193753985,359.193608185,3297928,-9999,312342.2,20.55,-1,0.405908047,0.970546728,0,0.582328037,4,0.4,1.866666667,N4 O6,de-protonated,0,-9999,C15 H28 O6 N4,15,28,6,4,-9999,-9999,-9999,-9999,-9999,-9999
1714,359.202002,359.201835982,359.201653689,8312458,-9999,289601.7,55.37,-1,0.507495408,0.477171374,0.787157861,0.601165969,12,0.08,1.12,O2,de-protonated,0,-9999,C25 H28 O2,25,28,2,-9999,-9999,-9999,-9999,-9999,-9999,-9999
1714,359.202002,359.201835982,359.201714048,8312458,-9999,289601.7,55.37,-1,0.339459181,0.979308281,0.992550075,0.984604998,4,0.375,1.8125,13C1 N3 O6,de-protonated,1,1691,C15 H29 O6 N3 13C1,15,29,6,3,-9999,-9999,1,-9999,-9999,-9999
1715,359.207816,359.207649981,359.207526916,11105932,-9999,291775.8,74.77,-1,0.342600569,0.963328874,0.985935645,0.972371583,3,0.388888889,1.777777778,O7,de-protonated,0,-9999,C18 H32 O7,18,32,7,-9999,-9999,-9999,-9999,-9999,-9999,-9999
1716,359.21093,359.21076398,359.210518097,3190412.5,-9999,312931.7,19.8,-1,0.684509421,0.918495427,0,0.551097256,3,0.235294118,1.941176471,N2 P1 O4,de-protonated,0,-9999,C17 H33 O4 N2 P1,17,33,4,2,1,-9999,-9999,-9999,-9999,-9999
1717,359.244258,359.24409197,359.243912425,4734613.5,-9999,300067.9,30.52,-1,0.499784651,0.955688644,0,0.573413186,2,0.315789474,1.894736842,O6,de-protonated,0,-9999,C19 H36 O6,19,36,6,-9999,-9999,-9999,-9999,-9999,-9999,-9999
1718,360.090683,360.09051672,360.090737314,1908083.6,-9999,319689,10.89,-1,-0.612607111,0.934171332,0,0.560502799,15,0.1,0.8,N3 P1 O2,de-protonated,0,-9999,C20 H16 O2 N3 P1,20,16,2,3,1,-9999,-9999,-9999,-9999,-9999
1718,360.090683,360.09051672,360.090465988,1908083.6,-9999,319689,10.89,-1,0.140886856,0.996404884,0,0.59784293,1,0.7,2.3,N3 S2 O7,de-protonated,0,-9999,C10 H23 O7 N3 S2,10,23,7,3,-9999,2,-9999,-9999,-9999,-9999
1719,360.131089,360.130922708,360.130874249,1522814.3,-9999,334703.3,8.22,-1,0.134558676,0.996720074,0,0.598032044,4,0.25,1.6875,N1 S2 O4,de-protonated,0,-9999,C16 H27 O4 N1 S2,16,27,4,1,-9999,2,-9999,-9999,-9999,-9999
1720,360.141534,360.141367705,360.141238259,3792769,-9999,306660.1,23.98,-1,0.359431845,0.976831037,0,0.586098622,5,0.571428571,1.642857143,N3 O8,de-protonated,0,-9999,C14 H23 O8 N3,14,23,8,3,-9999,-9999,-9999,-9999,-9999,-9999
1721,360.177924,360.177757694,360.177623768,14741387,-9999,294792.4,100.02,-1,0.37183358,0.972848491,0.98625548,0.978211287,4,0.466666667,1.8,N3 O7,de-protonated,0,-9999,C15 H27 O7 N3,15,27,7,3,-9999,-9999,-9999,-9999,-9999,-9999
1722,360.193155,360.19298869,360.192879909,1532814.6,-9999,301978.2,8.29,-1,0.302005827,0.983586706,0,0.590152024,8,0.210526316,1.421052632,N3 O4,de-protonated,0,-9999,C19 H27 O4 N3,19,27,4,3,-9999,-9999,-9999,-9999,-9999,-9999
1723,360.194878,360.194711689,360.19453368,1696655,-9999,327809.2,9.42,-1,0.494203945,0.956651052,0,0.573990631,3,0.294117647,1.882352941,N1 P1 O5,de-protonated,0,-9999,C17 H32 O5 N1 P1,17,32,5,1,1,-9999,-9999,-9999,-9999,-9999
1724,360.211244,360.211077684,360.210881751,2388883.3,-9999,312390.4,14.23,-1,0.543940723,0.947730124,0.985935645,0.963012332,3,0.388888889,1.777777778,13C1 O7,de-protonated,1,1715,C17 H32 O7 13C1,17,32,7,-9999,-9999,-9999,1,-9999,-9999,-9999
1725,360.239554,360.239387676,360.239161398,1783194.8,-9999,302879.5,10.02,-1,0.628134176,0.930911523,0,0.558546914,2,0.333333333,1.944444444,N1 O6,de-protonated,0,-9999,C18 H35 O6 N1,18,35,6,1,-9999,-9999,-9999,-9999,-9999,-9999
1728,361.020433,361.020266446,361.020120066,2125927.8,-9999,357360.7,12.4,-1,0.405461811,0.970610491,0,0.582366295,12,0.625,0.625,O10,de-protonated,0,-9999,C16 H10 O10,16,10,10,-9999,-9999,-9999,-9999,-9999,-9999,-9999
1728,361.020433,361.020266446,361.020609323,2125927.8,-9999,357360.7,12.4,-1,-0.949744889,0.849022577,0,0.509413546,16,0.105263158,0.578947368,N2 S1 P1 O2,de-protonated,0,-9999,C19 H11 O2 N2 P1 S1,19,11,2,2,1,1,-9999,-9999,-9999,-9999
1728,361.020433,361.020266446,361.019957874,2125927.8,-9999,357360.7,12.4,-1,0.854720619,0.875853137,0,0.525511882,7,0.363636364,1.363636364,N4 S2 P1 O4,de-protonated,0,-9999,C11 H15 O4 N4 P1 S2,11,15,4,4,1,2,-9999,-9999,-9999,-9999
1729,361.031613,361.031446442,361.031353455,3911786.5,-9999,303205.1,24.81,-1,0.257560125,0.988035351,0,0.592821211,12,0.6,0.666666667,N2 O9,de-protonated,0,-9999,C15 H10 O9 N2,15,10,9,2,-9999,-9999,-9999,-9999,-9999,-9999
1730,361.056744,361.056577435,361.056505575,2956401.3,-9999,296004.3,18.17,-1,0.199026467,0.992838307,0,0.595702984,11,0.529411765,0.823529412,O9,de-protonated,0,-9999,C17 H14 O9,17,14,9,-9999,-9999,-9999,-9999,-9999,-9999,-9999
1730,361.056744,361.056577435,361.056343384,2956401.3,-9999,296004.3,18.17,-1,0.648239907,0.926586889,0,0.555952133,6,0.25,1.583333333,N4 S2 P1 O3,de-protonated,0,-9999,C12 H19 O3 N4 P1 S2,12,19,3,4,1,2,-9999,-9999,-9999,-9999
1731,361.085996,361.085829426,361.085518256,2713721,-9999,319091,16.49,-1,0.861763815,0.873933944,0,0.524360366,9,0.052631579,1.210526316,S2 P1 O1,de-protonated,0,-9999,C19 H23 O1 P1 S2,19,23,1,-9999,1,2,-9999,-9999,-9999,-9999
1731,361.085996,361.085829426,361.085986286,2713721,-9999,319091,16.49,-1,-0.434412362,0.966337695,0,0.579802617,15,0.105263158,0.789473684,N4 P1 O2,de-protonated,0,-9999,C19 H15 O2 N4 P1,19,15,2,4,1,-9999,-9999,-9999,-9999,-9999
1731,361.085996,361.085829426,361.08571496,2713721,-9999,319091,16.49,-1,0.317004908,0.981931075,0,0.589158645,1,0.777777778,2.444444444,N4 S2 O7,de-protonated,0,-9999,C9 H22 O7 N4 S2,9,22,7,4,-9999,2,-9999,-9999,-9999,-9999
1732,361.093247,361.093080424,361.092891084,2915450.8,-9999,291979.6,17.89,-1,0.524351705,0.951335629,0,0.570801377,10,0.444444444,1,O8,de-protonated,0,-9999,C18 H18 O8,18,18,8,-9999,-9999,-9999,-9999,-9999,-9999,-9999
1732,361.093247,361.093080424,361.092728893,2915450.8,-9999,291979.6,17.89,-1,0.973520027,0.842007461,0,0.505204477,5,0.153846154,1.769230769,N4 S2 P1 O2,de-protonated,0,-9999,C13 H23 O2 N4 P1 S2,13,23,2,4,1,2,-9999,-9999,-9999,-9999
1734,361.129549,361.129382413,361.129276594,1388932.3,-9999,344032.2,7.28,-1,0.293024165,0.984540979,0,0.590724587,9,0.368421053,1.157894737,O7,de-protonated,0,-9999,C19 H22 O7,19,22,7,-9999,-9999,-9999,-9999,-9999,-9999,-9999
1734,361.129549,361.129382413,361.129114402,1388932.3,-9999,344032.2,7.28,-1,0.742147127,0.904892854,0,0.542935713,4,0.071428571,1.928571429,N4 S2 P1 O1,de-protonated,0,-9999,C14 H27 O1 N4 P1 S2,14,27,1,4,1,2,-9999,-9999,-9999,-9999
1735,361.14259,361.142423409,361.142163753,4422792,-9999,303932.7,28.36,-1,0.718986068,0.910466422,0,0.546279853,4,0.4375,1.6875,P1 O7,de-protonated,0,-9999,C16 H27 O7 P1,16,27,7,-9999,1,-9999,-9999,-9999,-9999,-9999
1736,361.150681,361.150514407,361.150405962,3157129.8,-9999,295804.9,19.56,-1,0.300277401,0.983772511,0,0.590263507,4,0.5625,1.625,O9,de-protonated,0,-9999,C16 H26 O9,16,26,9,-9999,-9999,-9999,-9999,-9999,-9999,-9999
1738,361.165959,361.165792403,361.165662103,1394829.9,-9999,390384.9,7.33,-1,0.360774897,0.976659607,0,0.585995764,8,0.3,1.3,O6,de-protonated,0,-9999,C20 H26 O6,20,26,6,-9999,-9999,-9999,-9999,-9999,-9999,-9999
1740,361.179015,361.178848399,361.178549263,12755089,-9999,287964.4,86.22,-1,0.828222164,0.863956226,0.987938323,0.913549065,3,0.352941176,1.823529412,P1 O6,de-protonated,0,-9999,C17 H31 O6 P1,17,31,6,-9999,1,-9999,-9999,-9999,-9999,-9999
1741,361.181292,361.181125398,361.180918244,2669714,-9999,316359.1,16.18,-1,0.573545492,0.942058081,0,0.565234848,12,0.125,1.083333333,O3,de-protonated,0,-9999,C24 H26 O3,24,26,3,-9999,-9999,-9999,-9999,-9999,-9999,-9999
1741,361.181292,361.181125398,361.180978603,2669714,-9999,316359.1,16.18,-1,0.406430089,0.970472049,0.98625548,0.976785422,4,0.466666667,1.8,13C1 N3 O7,de-protonated,1,1721,C14 H27 O7 N3 13C1,14,27,7,3,-9999,-9999,1,-9999,-9999,-9999
1742,361.215251,361.215084388,361.214934772,3031194.8,-9999,313503.8,18.69,-1,0.414202228,0.969349579,0,0.581609748,2,0.277777778,1.944444444,P1 O5,de-protonated,0,-9999,C18 H35 O5 P1,18,35,5,-9999,1,-9999,-9999,-9999,-9999,-9999
1743,361.223461,361.223294386,361.22317698,4547741,-9999,307097.2,29.22,-1,0.325020996,0.981014544,0,0.588608726,2,0.388888889,1.888888889,O7,de-protonated,0,-9999,C18 H34 O7,18,34,7,-9999,-9999,-9999,-9999,-9999,-9999,-9999
1745,362.17253,362.172363105,362.172144465,2115989.8,-9999,283749.4,12.33,-1,0.60369309,0.936010926,0,0.561606556,8,0.277777778,1.388888889,N3 O5,de-protonated,0,-9999,C18 H25 O5 N3,18,25,5,3,-9999,-9999,-9999,-9999,-9999,-9999
1746,362.18242,362.182253102,362.181904098,2563992.5,-9999,328910,15.44,-1,0.963617306,0.844943358,0.987938323,0.902141344,3,0.352941176,1.823529412,13C1 P1 O6,de-protonated,1,1740,C16 H31 O6 P1 13C1,16,31,6,-9999,1,-9999,1,-9999,-9999,-9999
1746,362.18242,362.182253102,362.182040443,2563992.5,-9999,328910,15.44,-1,0.587160894,0.939360578,0,0.563616347,3,0.5,1.8125,N1 O8,de-protonated,0,-9999,C16 H29 O8 N1,16,29,8,1,-9999,-9999,-9999,-9999,-9999,-9999
1747,362.185478,362.185311102,362.185031624,1508761.1,-9999,313893.4,8.11,-1,0.771642678,0.897591305,0,0.538554783,3,0.333333333,2,N3 P1 O5,de-protonated,0,-9999,C15 H30 O5 N3 P1,15,30,5,3,1,-9999,-9999,-9999,-9999,-9999
1748,362.2106,362.210433094,362.210183744,5043616,-9999,284771.5,32.67,-1,0.688412313,0.917602837,0,0.550561702,2,0.294117647,2,N1 P1 O5,de-protonated,0,-9999,C17 H34 O5 N1 P1,17,34,5,1,1,-9999,-9999,-9999,-9999,-9999
1751,363.035985,363.03581785,363.03577013,3233400,-9999,310019.8,20.09,-1,0.131447964,0.996869736,0,0.598121842,11,0.625,0.75,O10,de-protonated,0,-9999,C16 H12 O10,16,12,10,-9999,-9999,-9999,-9999,-9999,-9999,-9999
1751,363.035985,363.03581785,363.035607939,3233400,-9999,310019.8,20.09,-1,0.578212269,0.941139752,0,0.564683851,6,0.363636364,1.545454545,N4 S2 P1 O4,de-protonated,0,-9999,C11 H17 O4 N4 P1 S2,11,17,4,4,1,2,-9999,-9999,-9999,-9999
1752,363.072481,363.07231384,363.072155639,3641985.5,-9999,338029,22.93,-1,0.435726576,0.966137205,0,0.579682323,10,0.529411765,0.941176471,O9,de-protonated,0,-9999,C17 H16 O9,17,16,9,-9999,-9999,-9999,-9999,-9999,-9999,-9999
1752,363.072481,363.07231384,363.072644897,3641985.5,-9999,338029,22.93,-1,-0.911820727,0.859968491,0,0.515981094,14,0.05,0.85,N2 S1 P1 O1,de-protonated,0,-9999,C20 H17 O1 N2 P1 S1,20,17,1,2,1,1,-9999,-9999,-9999,-9999
1752,363.072481,363.07231384,363.071993448,3641985.5,-9999,338029,22.93,-1,0.882446245,0.868232142,0,0.520939285,5,0.25,1.75,N4 S2 P1 O3,de-protonated,0,-9999,C12 H21 O3 N4 P1 S2,12,21,3,4,1,2,-9999,-9999,-9999,-9999
1753,363.085497,363.085329836,363.085042799,1437572.9,-9999,312203.9,7.62,-1,0.790549707,0.892793672,0,0.535676203,5,0.642857143,1.5,P1 O9,de-protonated,0,-9999,C14 H21 O9 P1,14,21,9,-9999,1,-9999,-9999,-9999,-9999,-9999
1754,363.108941,363.108773829,363.108541149,1704075,-9999,306479.2,9.47,-1,0.640800328,0.928200626,0,0.556920376,9,0.444444444,1.111111111,O8,de-protonated,0,-9999,C18 H20 O8,18,20,8,-9999,-9999,-9999,-9999,-9999,-9999,-9999
1755,363.121809,363.121641825,363.121428308,1484174.4,-9999,319895.1,7.94,-1,0.588003588,0.9391918,0,0.56351508,4,0.533333333,1.666666667,P1 O8,de-protonated,0,-9999,C15 H25 O8 P1,15,25,8,-9999,1,-9999,-9999,-9999,-9999,-9999
1756,363.158268,363.158100814,363.157813818,2818712,-9999,284258.5,17.21,-1,0.790280636,0.892862581,0,0.535717549,3,0.4375,1.8125,P1 O7,de-protonated,0,-9999,C16 H29 O7 P1,16,29,7,-9999,1,-9999,-9999,-9999,-9999,-9999
1758,363.181567,363.181399807,363.181312168,3175070,-9999,311283.8,19.69,-1,0.24131178,0.989489618,0,0.593693771,7,0.3,1.4,O6,de-protonated,0,-9999,C20 H28 O6,20,28,6,-9999,-9999,-9999,-9999,-9999,-9999,-9999
1759,363.194661,363.194493804,363.194199327,25686690,-9999,289389.1,176.03,-1,0.810796245,0.881683377,0.978525886,0.92042038,2,0.352941176,1.941176471,P1 O6,de-protonated,0,-9999,C17 H33 O6 P1,17,33,6,-9999,1,-9999,-9999,-9999,-9999,-9999
1760,363.231019,363.230851793,363.230584836,3368619,-9999,299833,21.03,-1,0.734950247,0.906639976,0,0.543983986,1,0.277777778,2.055555556,P1 O5,de-protonated,0,-9999,C18 H37 O5 P1,18,37,5,-9999,1,-9999,-9999,-9999,-9999,-9999
1761,363.267462,363.267294782,363.266970346,1423540.5,-9999,296834.9,7.52,-1,0.893107067,0.865255212,0,0.519153127,0,0.210526316,2.157894737,P1 O4,de-protonated,0,-9999,C19 H41 O4 P1,19,41,4,-9999,1,-9999,-9999,-9999,-9999,-9999
1763,364.151696,364.151528521,364.15140902,3520411.8,-9999,303882.6,22.08,-1,0.328163923,0.980649186,0,0.588389511,8,0.352941176,1.352941176,N3 O6,de-protonated,0,-9999,C17 H23 O6 N3,17,23,6,3,-9999,-9999,-9999,-9999,-9999,-9999
1764,364.164658,364.164490517,364.164296179,1463455.3,-9999,267458.5,7.8,-1,0.533654617,0.94963814,0,0.569782884,3,0.428571429,2,N3 P1 O6,de-protonated,0,-9999,C14 H28 O6 N3 P1,14,28,6,3,1,-9999,-9999,-9999,-9999,-9999
1765,364.188143,364.18797551,364.187794529,2827685.5,-9999,277806.3,17.27,-1,0.496944836,0.956179607,0,0.573707764,7,0.277777778,1.5,N3 O5,de-protonated,0,-9999,C18 H27 O5 N3,18,27,5,3,-9999,-9999,-9999,-9999,-9999,-9999
1766,364.198033,364.197865507,364.197554162,5516200,-9999,295646.5,35.94,-1,0.854879914,0.875809858,0.978525886,0.916896269,2,0.352941176,1.941176471,13C1 P1 O6,de-protonated,1,1759,C16 H33 O6 P1 13C1,16,33,6,-9999,1,-9999,1,-9999,-9999,-9999
1766,364.198033,364.197865507,364.197690508,5516200,-9999,295646.5,35.94,-1,0.480507039,0.958971287,0,0.575382772,2,0.5,1.9375,N1 O8,de-protonated,0,-9999,C16 H31 O8 N1,16,31,8,1,-9999,-9999,-9999,-9999,-9999,-9999
1767,364.201145,364.200977506,364.200681689,2473896.8,-9999,335895.8,14.81,-1,0.812238554,0.88717998,0,0.532307988,2,0.333333333,2.133333333,N3 P1 O5,de-protonated,0,-9999,C15 H32 O5 N3 P1,15,32,5,3,1,-9999,-9999,-9999,-9999,-9999
1769,364.226286,364.226118499,364.225833809,23880624,-9999,285340.5,161.68,-1,0.78163141,0.88344323,0.986713269,0.924751245,1,0.294117647,2.117647059,N1 P1 O5,de-protonated,0,-9999,C17 H36 O5 N1 P1,17,36,5,1,1,-9999,-9999,-9999,-9999,-9999
1770,365.051708,365.051540255,365.051420195,3617927,-9999,301521.9,22.51,-1,0.328887101,0.98056464,0,0.588338784,10,0.625,0.875,O10,de-protonated,0,-9999,C16 H14 O10,16,14,10,-9999,-9999,-9999,-9999,-9999,-9999,-9999
1770,365.051708,365.051540255,365.051258003,3617927,-9999,301521.9,22.51,-1,0.773184661,0.897203425,0,0.538322055,5,0.363636364,1.727272727,N4 S2 P1 O4,de-protonated,0,-9999,C11 H19 O4 N4 P1 S2,11,19,4,4,1,2,-9999,-9999,-9999,-9999
1771,365.088131,365.087963245,365.087805704,2816144.5,-9999,314611.9,17,-1,0.431514273,0.966777818,0,0.580066691,9,0.529411765,1.058823529,O9,de-protonated,0,-9999,C17 H18 O9,17,18,9,-9999,-9999,-9999,-9999,-9999,-9999,-9999
1771,365.088131,365.087963245,365.088294961,2816144.5,-9999,314611.9,17,-1,-0.908593224,0.860885776,0,0.516531466,13,0.05,0.95,N2 S1 P1 O1,de-protonated,0,-9999,C20 H19 O1 N2 P1 S1,20,19,1,2,1,1,-9999,-9999,-9999,-9999
1771,365.088131,365.087963245,365.087643513,2816144.5,-9999,314611.9,17,-1,0.8757676,0.87008402,0,0.522050412,4,0.25,1.916666667,N4 S2 P1 O3,de-protonated,0,-9999,C12 H23 O3 N4 P1 S2,12,23,3,4,1,2,-9999,-9999,-9999,-9999
1772,365.101185,365.101017241,365.100692864,1660051.9,-9999,333916.6,9.06,-1,0.888459489,0.86655614,0,0.519933684,4,0.642857143,1.642857143,P1 O9,de-protonated,0,-9999,C14 H23 O9 P1,14,23,9,-9999,1,-9999,-9999,-9999,-9999,-9999
1773,365.124543,365.124375234,365.124191213,2462362,-9999,318690.9,14.57,-1,0.503994265,0.954956184,0,0.57297371,8,0.444444444,1.222222222,O8,de-protonated,0,-9999,C18 H22 O8,18,22,8,-9999,-9999,-9999,-9999,-9999,-9999,-9999
1773,365.124543,365.124375234,365.124029022,2462362,-9999,318690.9,14.57,-1,0.948203353,0.849473421,0,0.509684052,3,0.153846154,2.076923077,N4 S2 P1 O2,de-protonated,0,-9999,C13 H27 O2 N4 P1 S2,13,27,2,4,1,2,-9999,-9999,-9999,-9999
1775,365.137493,365.13732523,365.137078373,2262173.5,-9999,322486.5,13.19,-1,0.676066934,0.920411786,0,0.552247072,3,0.533333333,1.8,P1 O8,de-protonated,0,-9999,C15 H27 O8 P1,15,27,8,-9999,1,-9999,-9999,-9999,-9999,-9999
1776,365.160932,365.160764223,365.160576723,1954979.5,-9999,332663.7,11.08,-1,0.513473843,0.953286374,0,0.571971824,7,0.368421053,1.368421053,O7,de-protonated,0,-9999,C19 H26 O7,19,26,7,-9999,-9999,-9999,-9999,-9999,-9999,-9999
1776,365.160932,365.160764223,365.160414531,1954979.5,-9999,332663.7,11.08,-1,0.957638672,0.846706232,0,0.508023739,2,0.071428571,2.214285714,N4 S2 P1 O1,de-protonated,0,-9999,C14 H31 O1 N4 P1 S2,14,31,1,4,1,2,-9999,-9999,-9999,-9999
1777,365.173903,365.173735219,365.173463882,2441895,-9999,296824.1,14.43,-1,0.743035931,0.904676141,0,0.542805685,2,0.4375,1.9375,P1 O7,de-protonated,0,-9999,C16 H31 O7 P1,16,31,7,-9999,1,-9999,-9999,-9999,-9999,-9999
1779,365.194897,365.194729213,365.194460309,2784428.5,-9999,311153.5,16.78,-1,0.736332298,0.906305528,0,0.543783317,10,0.041666667,1.25,S1 O1,de-protonated,0,-9999,C24 H30 O1 S1,24,30,1,-9999,-9999,1,-9999,-9999,-9999,-9999
1780,365.197188,365.197020212,365.196962232,5001389,-9999,289388,32.01,-1,0.1587646,0.497718406,0.822155738,0.627493339,6,0.3,1.5,O6,de-protonated,0,-9999,C20 H30 O6,20,30,6,-9999,-9999,-9999,-9999,-9999,-9999,-9999
1781,365.201885,365.201717211,365.201670946,1761454.3,-9999,298144,9.76,-1,0.126683766,0.997092206,0,0.598255324,6,0.111111111,1.666666667,N4 S1 O2,de-protonated,0,-9999,C18 H30 O2 N4 S1,18,30,2,4,-9999,1,-9999,-9999,-9999,-9999
1782,365.210304,365.210136208,365.209849392,63190192,-9999,283261.8,431.68,-1,0.785348226,0.878683653,0.999109211,0.926853876,1,0.352941176,2.058823529,P1 O6,de-protonated,0,-9999,C17 H35 O6 P1,17,35,6,-9999,1,-9999,-9999,-9999,-9999,-9999
1783,365.229674,365.229506203,365.229188644,4842677.5,-9999,287727.7,30.92,-1,0.869478777,0.871818517,0.986713269,0.917776418,1,0.294117647,2.117647059,13C1 N1 P1 O5,de-protonated,1,1769,C16 H36 O5 N1 P1 13C1,16,36,5,1,1,-9999,1,-9999,-9999,-9999
1783,365.229674,365.229506203,365.229324989,4842677.5,-9999,287727.7,30.92,-1,0.496163358,0.956314267,0,0.57378856,1,0.4375,2.125,N2 O7,de-protonated,0,-9999,C16 H34 O7 N2,16,34,7,2,-9999,-9999,-9999,-9999,-9999,-9999
1784,365.246702,365.246534198,365.246234901,4947130,-9999,286576.9,31.64,-1,0.819438456,0.885290843,0,0.531174506,0,0.277777778,2.166666667,P1 O5,de-protonated,0,-9999,C18 H39 O5 P1,18,39,5,-9999,1,-9999,-9999,-9999,-9999,-9999
1785,366.130935,366.130766937,366.130673575,4304288.5,-9999,280906.5,27.22,-1,0.254996028,0.988270994,0,0.592962596,8,0.4375,1.3125,N3 O7,de-protonated,0,-9999,C16 H21 O7 N3,16,21,7,3,-9999,-9999,-9999,-9999,-9999,-9999
1786,366.143978,366.143809933,366.143560734,2297764,-9999,276544.7,13.44,-1,0.680603111,0.919384579,0,0.551630748,3,0.538461538,2,N3 P1 O7,de-protonated,0,-9999,C13 H26 O7 N3 P1,13,26,7,3,1,-9999,-9999,-9999,-9999,-9999
1787,366.167403,366.167234926,366.167059084,1590186.1,-9999,376169.9,8.58,-1,0.480222745,0.959018814,0,0.575411288,7,0.352941176,1.470588235,N3 O6,de-protonated,0,-9999,C17 H25 O6 N3,17,25,6,3,-9999,-9999,-9999,-9999,-9999,-9999
1788,366.18041,366.180241922,366.179946244,4562349.5,-9999,283773.2,28.99,-1,0.80746732,0.888424887,0,0.533054932,2,0.428571429,2.142857143,N3 P1 O6,de-protonated,0,-9999,C14 H30 O6 N3 P1,14,30,6,3,1,-9999,-9999,-9999,-9999,-9999
1790,366.198385,366.198216917,366.198573688,1430194.3,-9999,306567,7.48,-1,-0.974257146,0.841788135,0,0.505072881,1,0.2,2.266666667,N3 S1 P1 O3,de-protonated,0,-9999,C15 H34 O3 N3 P1 S1,15,34,3,3,1,1,-9999,-9999,-9999,-9999
1791,366.213702,366.213533912,366.213204227,11697590,-9999,288931.2,78,-1,0.900255853,0.863244761,0.999109211,0.917590541,1,0.352941176,2.058823529,13C1 P1 O6,de-protonated,1,1782,C16 H35 O6 P1 13C1,16,35,6,-9999,1,-9999,1,-9999,-9999,-9999
1791,366.213702,366.213533912,366.213340572,11697590,-9999,288931.2,78,-1,0.527943521,0.475341707,0.85247738,0.626195977,1,0.5,2.0625,N1 O8,de-protonated,0,-9999,C16 H33 O8 N1,16,33,8,1,-9999,-9999,-9999,-9999,-9999,-9999
1795,367.030923,367.030754671,367.03068475,2216587.3,-9999,287890,12.88,-1,0.190505115,0.993436463,0,0.596061878,10,0.733333333,0.8,O11,de-protonated,0,-9999,C15 H12 O11,15,12,11,-9999,-9999,-9999,-9999,-9999,-9999,-9999
1795,367.030923,367.030754671,367.030522558,2216587.3,-9999,287890,12.88,-1,0.632406677,0.930002261,0,0.558001357,5,0.5,1.7,N4 S2 P1 O5,de-protonated,0,-9999,C10 H17 O5 N4 P1 S2,10,17,5,4,1,2,-9999,-9999,-9999,-9999
1796,367.067324,367.06715566,367.067070259,3142292.8,-9999,330522.2,19.24,-1,0.232658095,0.990226297,0,0.594135778,9,0.625,1,O10,de-protonated,0,-9999,C16 H16 O10,16,16,10,-9999,-9999,-9999,-9999,-9999,-9999,-9999
1796,367.067324,367.06715566,367.066908068,3142292.8,-9999,330522.2,19.24,-1,0.674515872,0.920761706,0,0.552457024,4,0.363636364,1.909090909,N4 S2 P1 O4,de-protonated,0,-9999,C11 H21 O4 N4 P1 S2,11,21,4,4,1,2,-9999,-9999,-9999,-9999
1797,367.103756,367.103587649,367.103455768,3464862,-9999,320721.6,21.45,-1,0.359247554,0.976854512,0,0.586112707,8,0.529411765,1.176470588,O9,de-protonated,0,-9999,C17 H20 O9,17,20,9,-9999,-9999,-9999,-9999,-9999,-9999,-9999
1797,367.103756,367.103587649,367.103945026,3464862,-9999,320721.6,21.45,-1,-0.973501746,0.842012899,0,0.50520774,12,0.05,1.05,N2 S1 P1 O1,de-protonated,0,-9999,C20 H21 O1 N2 P1 S1,20,21,1,2,1,1,-9999,-9999,-9999,-9999
1797,367.103756,367.103587649,367.103293577,3464862,-9999,320721.6,21.45,-1,0.801061592,0.89008745,0,0.53405247,3,0.25,2.083333333,N4 S2 P1 O3,de-protonated,0,-9999,C12 H25 O3 N4 P1 S2,12,25,3,4,1,2,-9999,-9999,-9999,-9999
1798,367.108711,367.108542648,367.108815931,2174111.5,-9999,300347.7,12.59,-1,-0.744419508,0.904338377,0,0.542603026,17,0.130434783,0.695652174,N2 O3,de-protonated,0,-9999,C23 H16 O3 N2,23,16,3,2,-9999,-9999,-9999,-9999,-9999,-9999
1799,367.116655,367.116486646,367.116209986,2071969.4,-9999,249182.3,11.88,-1,0.753601619,0.90208412,0,0.541250472,16,0.04,0.8,S1 O1,de-protonated,0,-9999,C25 H20 O1 S1,25,20,1,-9999,-9999,1,-9999,-9999,-9999,-9999
1799,367.116655,367.116486646,367.116342928,2071969.4,-9999,249182.3,11.88,-1,0.391477097,0.972575283,0,0.58354517,3,0.642857143,1.785714286,P1 O9,de-protonated,0,-9999,C14 H25 O9 P1,14,25,9,-9999,1,-9999,-9999,-9999,-9999,-9999
1800,367.140173,367.140004639,367.139841278,2042023.6,-9999,359545,11.68,-1,0.444955568,0.964713415,0,0.578828049,7,0.444444444,1.333333333,O8,de-protonated,0,-9999,C18 H24 O8,18,24,8,-9999,-9999,-9999,-9999,-9999,-9999,-9999
1800,367.140173,367.140004639,367.139679086,2042023.6,-9999,359545,11.68,-1,0.886725857,0.86704017,0,0.520224102,2,0.153846154,2.230769231,N4 S2 P1 O2,de-protonated,0,-9999,C13 H29 O2 N4 P1 S2,13,29,2,4,1,2,-9999,-9999,-9999,-9999
1802,367.16844,367.16827163,367.167984579,1447598.9,-9999,415049,7.6,-1,0.781799401,0.895025288,0,0.537015173,6,0.263157895,1.526315789,P1 O5,de-protonated,0,-9999,C19 H29 O5 P1,19,29,5,-9999,1,-9999,-9999,-9999,-9999,-9999
1803,367.176512,367.176343628,367.176226787,2031281,-9999,336552.7,11.61,-1,0.318214603,0.981794175,0,0.589076505,6,0.368421053,1.473684211,O7,de-protonated,0,-9999,C19 H28 O7,19,28,7,-9999,-9999,-9999,-9999,-9999,-9999,-9999
1803,367.176512,367.176343628,367.176064596,2031281,-9999,336552.7,11.61,-1,0.759941059,0.900514956,0,0.540308974,1,0.071428571,2.357142857,N4 S2 P1 O1,de-protonated,0,-9999,C14 H33 O1 N4 P1 S2,14,33,1,4,1,2,-9999,-9999,-9999,-9999
1804,367.189498,367.189329624,367.189113947,2537140.5,-9999,309889.1,15.08,-1,0.587374258,0.939317865,0,0.563590719,1,0.4375,2.0625,P1 O7,de-protonated,0,-9999,C16 H33 O7 P1,16,33,7,-9999,1,-9999,-9999,-9999,-9999,-9999
1806,367.212934,367.212765617,367.212612296,8554171,-9999,287348.4,56.41,-1,0.417525783,0.974379509,0.977230576,0.975519936,5,0.3,1.6,O6,de-protonated,0,-9999,C20 H32 O6,20,32,6,-9999,-9999,-9999,-9999,-9999,-9999,-9999
1807,367.216142,367.215973616,367.2159836,2118331.3,-9999,358158.3,12.2,-1,-0.027187089,0.999865893,0,0.599919536,0,0.352941176,2.117647059,S1 O6,de-protonated,0,-9999,C17 H36 O6 S1,17,36,6,-9999,-9999,1,-9999,-9999,-9999,-9999
1808,367.225965,367.225796613,367.225499456,24106686,-9999,286824.8,163.23,-1,0.809195757,0.884368375,0.990814858,0.926946968,0,0.352941176,2.176470588,P1 O6,de-protonated,0,-9999,C17 H37 O6 P1,17,37,6,-9999,1,-9999,-9999,-9999,-9999,-9999
1811,368.159577,368.159408338,368.159210799,1411760.8,-9999,286272.9,7.35,-1,0.536558282,0.949102829,0,0.569461697,2,0.538461538,2.153846154,N3 P1 O7,de-protonated,0,-9999,C13 H28 O7 N3 P1,13,28,7,3,1,-9999,-9999,-9999,-9999,-9999
1813,368.210724,368.210555323,368.210852449,3799998,-9999,280721.8,23.75,-1,-0.80694761,0.888560152,0,0.533136091,5,0.166666667,1.777777778,N3 P1 O3,de-protonated,0,-9999,C18 H32 O3 N3 P1,18,32,3,3,1,-9999,-9999,-9999,-9999,-9999
1814,368.216259,368.216090321,368.215967132,2146751.5,-9999,287154,12.4,-1,0.33455754,0.979895521,0.977230576,0.978829543,5,0.3,1.6,13C1 O6,de-protonated,1,1806,C19 H32 O6 13C1,19,32,6,-9999,-9999,-9999,1,-9999,-9999,-9999
1815,368.229331,368.229162317,368.228854291,4746179,-9999,298242.5,30.25,-1,0.836506958,0.8807622,0.990814858,0.924783263,0,0.352941176,2.176470588,13C1 P1 O6,de-protonated,1,1808,C16 H37 O6 P1 13C1,16,37,6,-9999,1,-9999,1,-9999,-9999,-9999
1815,368.229331,368.229162317,368.228990637,4746179,-9999,298242.5,30.25,-1,0.466232652,0.961325686,0,0.576795411,0,0.5,2.1875,N1 O8,de-protonated,0,-9999,C16 H35 O8 N1,16,35,8,1,-9999,-9999,-9999,-9999,-9999,-9999
1818,369.025477,369.025308082,369.025205446,2456721.8,-9999,319401.4,14.52,-1,0.278127137,0.986062135,0,0.591637281,14,0.5,0.555555556,O9,de-protonated,0,-9999,C18 H10 O9,18,10,9,-9999,-9999,-9999,-9999,-9999,-9999,-9999
1818,369.025477,369.025308082,369.025043255,2456721.8,-9999,319401.4,14.52,-1,0.71764033,0.910785869,0,0.546471521,9,0.230769231,1.153846154,N4 S2 P1 O3,de-protonated,0,-9999,C13 H15 O3 N4 P1 S2,13,15,3,4,1,2,-9999,-9999,-9999,-9999
1819,369.046625,369.046456076,369.046334814,3621015.3,-9999,291197.3,22.52,-1,0.328581016,0.980600446,0,0.588360267,9,0.733333333,0.933333333,O11,de-protonated,0,-9999,C15 H14 O11,15,14,11,-9999,-9999,-9999,-9999,-9999,-9999,-9999
1819,369.046625,369.046456076,369.046824072,3621015.3,-9999,291197.3,22.52,-1,-0.997151869,0.834922328,0,0.500953397,13,0.166666667,0.833333333,N2 S1 P1 O3,de-protonated,0,-9999,C18 H15 O3 N2 P1 S1,18,15,3,2,1,1,-9999,-9999,-9999,-9999
1819,369.046625,369.046456076,369.046172623,3621015.3,-9999,291197.3,22.52,-1,0.768069068,0.898487899,0,0.53909274,4,0.5,1.9,N4 S2 P1 O5,de-protonated,0,-9999,C10 H19 O5 N4 P1 S2,10,19,5,4,1,2,-9999,-9999,-9999,-9999
1820,369.083009,369.082840065,369.082720324,4483232.5,-9999,289406.4,28.44,-1,0.324430055,0.98108286200000006,0,0.588649717,8,0.625,1.125,O10,de-protonated,0,-9999,C16 H18 O10,16,18,10,-9999,-9999,-9999,-9999,-9999,-9999,-9999
1820,369.083009,369.082840065,369.082558132,4483232.5,-9999,289406.4,28.44,-1,0.763874778,0.899536042,0,0.539721625,3,0.363636364,2.090909091,N4 S2 P1 O4,de-protonated,0,-9999,C11 H23 O4 N4 P1 S2,11,23,4,4,1,2,-9999,-9999,-9999,-9999
1821,369.11933,369.119161054,369.119105833,3469482,-9999,285816.3,21.48,-1,0.149603346,0.995947203,0,0.597568322,7,0.529411765,1.294117647,O9,de-protonated,0,-9999,C17 H22 O9,17,22,9,-9999,-9999,-9999,-9999,-9999,-9999,-9999
1821,369.11933,369.119161054,369.118943642,3469482,-9999,285816.3,21.48,-1,0.589004675,0.938991024,0,0.563394614,2,0.25,2.25,N4 S2 P1 O3,de-protonated,0,-9999,C12 H27 O3 N4 P1 S2,12,27,3,4,1,2,-9999,-9999,-9999,-9999
1822,369.127553,369.127384052,369.12718585,4541612,-9999,293706.4,28.84,-1,0.536947353,0.949030903,0,0.569418542,2,0.416666667,2.166666667,N4 S2 O5,de-protonated,0,-9999,C12 H26 O5 N4 S2,12,26,5,4,-9999,2,-9999,-9999,-9999,-9999
1823,369.132491,369.13232205,369.131992992,1552557.5,-9999,303875.8,8.31,-1,0.89143722,0.865723184,0,0.51943391,2,0.642857143,1.928571429,P1 O9,de-protonated,0,-9999,C14 H27 O9 P1,14,27,9,-9999,1,-9999,-9999,-9999,-9999,-9999
1824,369.14759,369.147421046,369.147249134,1545905.4,-9999,329424.9,8.27,-1,0.465701017,0.961412111,0,0.576847267,6,0.333333333,1.5,P1 O6,de-protonated,0,-9999,C18 H27 O6 P1,18,27,6,-9999,1,-9999,-9999,-9999,-9999,-9999
1825,369.155833,369.155664044,369.155491342,2276019.5,-9999,290740.1,13.28,-1,0.467828137,0.961065769,0,0.576639462,6,0.444444444,1.444444444,O8,de-protonated,0,-9999,C18 H26 O8,18,26,8,-9999,-9999,-9999,-9999,-9999,-9999,-9999
1825,369.155833,369.155664044,369.155329151,2276019.5,-9999,290740.1,13.28,-1,0.907186296,0.861284925,0,0.516770955,1,0.153846154,2.384615385,N4 S2 P1 O2,de-protonated,0,-9999,C13 H31 O2 N4 P1 S2,13,31,2,4,1,2,-9999,-9999,-9999,-9999
1826,369.168797,369.16862804,369.168378502,1684918.9,-9999,245773.9,9.22,-1,0.675946106,0.920439069,0,0.552263441,1,0.533333333,2.066666667,P1 O8,de-protonated,0,-9999,C15 H31 O8 P1,15,31,8,-9999,1,-9999,-9999,-9999,-9999,-9999
1827,369.181698,369.181529036,369.181329424,2213050.3,-9999,366118.5,12.85,-1,0.54068766,0.948337071,0,0.569002243,1,0.461538462,2.307692308,N4 S1 O6,de-protonated,0,-9999,C13 H30 O6 N4 S1,13,30,6,4,-9999,1,-9999,-9999,-9999,-9999
1828,369.184137,369.183968035,369.183634643,4024506.8,-9999,296774.9,25.29,-1,0.903052242,0.862455253,0,0.517473152,5,0.263157895,1.631578947,P1 O5,de-protonated,0,-9999,C19 H31 O5 P1,19,31,5,-9999,1,-9999,-9999,-9999,-9999,-9999
1829,369.192128,369.191959033,369.191876852,2295997,-9999,311795.4,13.42,-1,0.222597692,0.991049562,0,0.594629737,5,0.368421053,1.578947368,O7,de-protonated,0,-9999,C19 H30 O7,19,30,7,-9999,-9999,-9999,-9999,-9999,-9999,-9999
1829,369.192128,369.191959033,369.19171466,2295997,-9999,311795.4,13.42,-1,0.661912442,0.923580084,0,0.554148051,0,0.071428571,2.5,N4 S2 P1 O1,de-protonated,0,-9999,C14 H35 O1 N4 P1 S2,14,35,1,4,1,2,-9999,-9999,-9999,-9999
1831,369.228581,369.228412022,369.228262361,7778502.5,-9999,280278,51.08,-1,0.405335024,0.960884662,0.974757941,0.966433974,4,0.3,1.7,O6,de-protonated,0,-9999,C20 H34 O6,20,34,6,-9999,-9999,-9999,-9999,-9999,-9999,-9999
1832,370.15414,370.153970749,370.154111618,1875894.4,-9999,320106.3,10.53,-1,-0.380568373,0.974062676,0,0.584437606,1,0.571428571,2.071428571,N1 S1 O8,de-protonated,0,-9999,C14 H29 O8 N1 S1,14,29,8,1,-9999,1,-9999,-9999,-9999,-9999
1832,370.15414,370.153970749,370.153731495,1875894.4,-9999,320106.3,10.53,-1,0.646362718,0.926995566,0,0.55619734,6,0.3125,1.625,N3 P1 O5,de-protonated,0,-9999,C16 H26 O5 N3 P1,16,26,5,3,1,-9999,-9999,-9999,-9999,-9999
1833,370.187433,370.187263739,370.187125824,1506751,-9999,330675.4,8,-1,0.372555344,0.975129866,0,0.585077919,5,0.388888889,1.611111111,N1 O7,de-protonated,0,-9999,C18 H29 O7 N1,18,29,7,1,-9999,-9999,-9999,-9999,-9999,-9999
1834,370.226402,370.226232727,370.226502514,1812425.1,-9999,308505.3,10.1,-1,-0.728706513,0.908144616,0,0.54488677,4,0.166666667,1.888888889,N3 P1 O3,de-protonated,0,-9999,C18 H34 O3 N3 P1,18,34,3,3,1,-9999,-9999,-9999,-9999,-9999
1835,370.231981,370.231811726,370.231617196,1400778.5,-9999,376348.9,7.27,-1,0.525427354,0.951140729,0.974757941,0.960587614,4,0.3,1.7,13C1 O6,de-protonated,1,1831,C19 H34 O6 13C1,19,34,6,-9999,-9999,-9999,1,-9999,-9999,-9999
1838,371.041207,371.041037487,371.040855511,2097308,-9999,327489.3,12.05,-1,0.49044818,0.957293199,0,0.574375919,13,0.5,0.666666667,O9,de-protonated,0,-9999,C18 H12 O9,18,12,9,-9999,-9999,-9999,-9999,-9999,-9999,-9999
1838,371.041207,371.041037487,371.041344768,2097308,-9999,327489.3,12.05,-1,-0.828158484,0.882985993,0,0.529791596,17,0.047619048,0.619047619,N2 S1 P1 O1,de-protonated,0,-9999,C21 H13 O1 N2 P1 S1,21,13,1,2,1,1,-9999,-9999,-9999,-9999
1838,371.041207,371.041037487,371.040693319,2097308,-9999,327489.3,12.05,-1,0.927573844,0.855458905,0,0.513275343,8,0.230769231,1.307692308,N4 S2 P1 O3,de-protonated,0,-9999,C13 H17 O3 N4 P1 S2,13,17,3,4,1,2,-9999,-9999,-9999,-9999
1839,371.062235,371.062065481,371.061984879,3820193.5,-9999,307395.8,23.89,-1,0.217219891,0.991474984,0,0.59488499,8,0.733333333,1.066666667,O11,de-protonated,0,-9999,C15 H16 O11,15,16,11,-9999,-9999,-9999,-9999,-9999,-9999,-9999
1839,371.062235,371.062065481,371.061822687,3820193.5,-9999,307395.8,23.89,-1,0.654320544,0.925256205,0,0.555153723,3,0.5,2.1,N4 S2 P1 O5,de-protonated,0,-9999,C10 H21 O5 N4 P1 S2,10,21,5,4,1,2,-9999,-9999,-9999,-9999
1840,371.09862,371.09845047,371.098370388,3691178.8,-9999,291255,23,-1,0.215797097,0.991585826,0,0.594951496,7,0.625,1.25,O10,de-protonated,0,-9999,C16 H20 O10,16,20,10,-9999,-9999,-9999,-9999,-9999,-9999,-9999
1840,371.09862,371.09845047,371.098208197,3691178.8,-9999,291255,23,-1,0.652854893,0.925577909,0,0.555346745,2,0.363636364,2.272727273,N4 S2 P1 O4,de-protonated,0,-9999,C11 H25 O4 N4 P1 S2,11,25,4,4,1,2,-9999,-9999,-9999,-9999
1841,371.12454,371.124370462,371.124011765,2024625.5,-9999,307194.4,11.55,-1,0.966514902,0.844086348,0,0.506451809,10,0.095238095,1.19047619,S1 P1 O2,de-protonated,0,-9999,C21 H25 O2 P1 S1,21,25,2,-9999,1,1,-9999,-9999,-9999,-9999
1841,371.12454,371.124370462,371.12420847,2024625.5,-9999,307194.4,11.55,-1,0.436491057,0.96602032,0,0.579612192,2,0.727272727,2.181818182,N4 S1 O8,de-protonated,0,-9999,C11 H24 O8 N4 S1,11,24,8,4,-9999,1,-9999,-9999,-9999,-9999
1842,371.135034,371.134864459,371.134755897,2503860.3,-9999,299989.7,14.84,-1,0.292513293,0.984594419,0,0.590756651,6,0.529411765,1.411764706,O9,de-protonated,0,-9999,C17 H24 O9,17,24,9,-9999,-9999,-9999,-9999,-9999,-9999,-9999
1842,371.135034,371.134864459,371.134593706,2503860.3,-9999,299989.7,14.84,-1,0.729528274,0.907947176,0,0.544768306,1,0.25,2.416666667,N4 S2 P1 O3,de-protonated,0,-9999,C12 H29 O3 N4 P1 S2,12,29,3,4,1,2,-9999,-9999,-9999,-9999
1843,371.146358,371.146188456,371.145989287,1502391.1,-9999,282281.8,7.97,-1,0.536633082,0.949089004,0,0.569453403,6,0.5,1.5,N2 O8,de-protonated,0,-9999,C16 H24 O8 N2,16,24,8,2,-9999,-9999,-9999,-9999,-9999,-9999
1844,371.157586,371.157416453,371.157222676,2072762.1,-9999,301455.8,11.88,-1,0.522087674,0.95174468,0,0.571046808,6,0.466666667,1.6,N4 O7,de-protonated,0,-9999,C15 H24 O7 N4,15,24,7,4,-9999,-9999,-9999,-9999,-9999,-9999
1846,371.171376,371.171206448,371.171141407,2798781.8,-9999,292821.7,16.87,-1,0.175233908,0.994443763,0,0.596666258,5,0.444444444,1.555555556,O8,de-protonated,0,-9999,C18 H28 O8,18,28,8,-9999,-9999,-9999,-9999,-9999,-9999,-9999
1848,371.19404,371.193870442,371.193608185,2059971.5,-9999,278216.5,11.8,-1,0.70652212700000006,0.913406393,0,0.548043836,5,0.375,1.75,N4 O6,de-protonated,0,-9999,C16 H28 O6 N4,16,28,6,4,-9999,-9999,-9999,-9999,-9999,-9999
1849,371.197396,371.197226441,371.196979489,7998148.5,-9999,283113.4,52.58,-1,0.66528609,0.952557017,0.934423722,0.945303699,0,0.461538462,2.461538462,N4 S1 O6,de-protonated,0,-9999,C13 H32 O6 N4 S1,13,32,6,4,-9999,1,-9999,-9999,-9999,-9999
1850,371.199785,371.19961544,371.199284708,3198661,-9999,294022.4,19.62,-1,0.890983726,0.865850167,0,0.5195101,4,0.263157895,1.736842105,P1 O5,de-protonated,0,-9999,C19 H33 O5 P1,19,33,5,-9999,1,-9999,-9999,-9999,-9999,-9999
1851,371.207775,371.207605438,371.207526916,3036871,-9999,305429.8,18.5,-1,0.211530389,0.991913929,0,0.595148357,4,0.368421053,1.684210526,O7,de-protonated,0,-9999,C19 H32 O7,19,32,7,-9999,-9999,-9999,-9999,-9999,-9999,-9999
1852,371.218844,371.218674434,371.218760305,1393609.9,-9999,248082.1,7.22,-1,-0.231321514,0.990337728,0,0.594202637,4,0.333333333,1.777777778,N2 O6,de-protonated,0,-9999,C18 H32 O6 N2,18,32,6,2,-9999,-9999,-9999,-9999,-9999,-9999
1853,371.230297,371.230127431,371.229993695,3086029,-9999,275493.3,18.84,-1,0.360252256,0.976726391,0,0.586035834,4,0.294117647,1.882352941,N4 O5,de-protonated,0,-9999,C17 H32 O5 N4,17,32,5,4,-9999,-9999,-9999,-9999,-9999,-9999
1854,371.24432,371.244150427,371.243912425,3016912.5,-9999,292459.7,18.37,-1,0.641092081,0.928137639,0,0.556882584,3,0.3,1.8,O6,de-protonated,0,-9999,C20 H36 O6,20,36,6,-9999,-9999,-9999,-9999,-9999,-9999,-9999
1855,372.13107,372.130900165,372.130874249,2109877.5,-9999,353710.5,12.14,-1,0.06964135,0.999120376,0,0.599472226,5,0.235294118,1.588235294,N1 S2 O4,de-protonated,0,-9999,C17 H27 O4 N1 S2,17,27,4,1,-9999,2,-9999,-9999,-9999,-9999
1856,372.167406,372.167236154,372.167259759,1540543,-9999,365838.5,8.23,-1,-0.063424123,0.999270367,0,0.59956222,4,0.166666667,1.722222222,N1 S2 O3,de-protonated,0,-9999,C18 H31 O3 N1 S2,18,31,3,1,-9999,2,-9999,-9999,-9999,-9999
1857,372.177824,372.177654151,372.177623768,1772225.6,-9999,267490.6,9.82,-1,0.081636079,0.998791475,0,0.599274885,5,0.4375,1.6875,N3 O7,de-protonated,0,-9999,C16 H27 O7 N3,16,27,7,3,-9999,-9999,-9999,-9999,-9999,-9999
1859,372.200621,372.200451145,372.200273965,1862087.5,-9999,340833.3,10.43,-1,0.476033452,0.959716168,0,0.575829701,8,0.090909091,1.409090909,N1 S1 O2,de-protonated,0,-9999,C22 H31 O2 N1 S1,22,31,2,1,-9999,1,-9999,-9999,-9999,-9999
1859,372.200621,372.200451145,372.200334324,1862087.5,-9999,340833.3,10.43,-1,0.313865681,0.982283995,0.934423722,0.963139885,0,0.461538462,2.461538462,13C1 N4 S1 O6,de-protonated,1,1849,C12 H32 O6 N4 S1 13C1,12,32,6,4,-9999,1,1,-9999,-9999,-9999
1860,372.203069,372.202899144,372.202775888,2002376.1,-9999,284095.3,11.4,-1,0.331151771,0.980298723,0,0.588179234,4,0.388888889,1.722222222,N1 O7,de-protonated,0,-9999,C18 H31 O7 N1,18,31,7,1,-9999,-9999,-9999,-9999,-9999,-9999
1861,372.214303,372.214133141,372.214009278,36781004,-9999,279454.1,250.28,-1,0.332773615,0.98095548,0.993321702,0.985901969,4,0.352941176,1.823529412,N3 O6,de-protonated,0,-9999,C17 H31 O6 N3,17,31,6,3,-9999,-9999,-9999,-9999,-9999,-9999
1862,372.239502,372.239332133,372.239161398,1766865.5,-9999,362850.7,9.78,-1,0.458671519,0.962546314,0,0.577527789,3,0.315789474,1.842105263,N1 O6,de-protonated,0,-9999,C19 H35 O6 N1,19,35,6,1,-9999,-9999,-9999,-9999,-9999,-9999
1863,372.304181,372.304011114,372.303690208,11451362,-9999,280600.6,76.3,-1,0.861947392,0.865631226,0.962756287,0.90448125,1,0.095238095,2.095238095,N1 P1 O2,de-protonated,0,-9999,C21 H44 O2 N1 P1,21,44,2,1,1,-9999,-9999,-9999,-9999,-9999
1865,372.976861,372.976690915,372.976361728,1385615.8,-9999,384289,7.16,-1,0.882596586,0.868190338,0,0.520914203,13,0.235294118,0.647058824,S2 P1 O4,de-protonated,0,-9999,C17 H11 O4 P1 S2,17,11,4,-9999,1,2,-9999,-9999,-9999,-9999
1866,373.020439,373.020268903,373.020120066,3068059,-9999,303597.5,18.72,-1,0.399004823,0.971525745,0,0.582915447,13,0.588235294,0.588235294,O10,de-protonated,0,-9999,C17 H10 O10,17,10,10,-9999,-9999,-9999,-9999,-9999,-9999,-9999
1866,373.020439,373.020268903,373.020609323,3068059,-9999,303597.5,18.72,-1,-0.912605134,0.859745212,0,0.515847127,17,0.1,0.55,N2 S1 P1 O2,de-protonated,0,-9999,C20 H11 O2 N2 P1 S1,20,11,2,2,1,1,-9999,-9999,-9999,-9999
1866,373.020439,373.020268903,373.019957874,3068059,-9999,303597.5,18.72,-1,0.833811035,0.881482141,0,0.528889284,8,0.333333333,1.25,N4 S2 P1 O4,de-protonated,0,-9999,C12 H15 O4 N4 P1 S2,12,15,4,4,1,2,-9999,-9999,-9999,-9999
1867,373.041476,373.041305896,373.041249434,1736864.4,-9999,333969.9,9.57,-1,0.151357406,0.995851808,0,0.597511085,8,0.857142857,1,O12,de-protonated,0,-9999,C14 H14 O12,14,14,12,-9999,-9999,-9999,-9999,-9999,-9999,-9999
1867,373.041476,373.041305896,373.041087242,1736864.4,-9999,333969.9,9.57,-1,0.586138882,0.939564987,0,0.563738992,3,0.666666667,2.111111111,N4 S2 P1 O6,de-protonated,0,-9999,C9 H19 O6 N4 P1 S2,9,19,6,4,1,2,-9999,-9999,-9999,-9999
1868,373.056684,373.056513892,373.056505575,1562276.3,-9999,240491.5,8.37,-1,0.022293608,0.999909823,0,0.599945894,12,0.5,0.777777778,O9,de-protonated,0,-9999,C18 H14 O9,18,14,9,-9999,-9999,-9999,-9999,-9999,-9999,-9999
1868,373.056684,373.056513892,373.056343384,1562276.3,-9999,240491.5,8.37,-1,0.457057248,0.962804527,0,0.577682716,7,0.230769231,1.461538462,N4 S2 P1 O3,de-protonated,0,-9999,C13 H19 O3 N4 P1 S2,13,19,3,4,1,2,-9999,-9999,-9999,-9999
1869,373.078034,373.077863886,373.077634943,2990249.8,-9999,306536.7,18.18,-1,0.613658902,0.933952735,0,0.560371641,7,0.733333333,1.2,O11,de-protonated,0,-9999,C15 H18 O11,15,18,11,-9999,-9999,-9999,-9999,-9999,-9999,-9999
1869,373.078034,373.077863886,373.0781242,2990249.8,-9999,306536.7,18.18,-1,-0.697749134,0.915450494,0,0.549270296,11,0.166666667,1.055555556,N2 S1 P1 O3,de-protonated,0,-9999,C18 H19 O3 N2 P1 S1,18,19,3,2,1,1,-9999,-9999,-9999,-9999
1870,373.093207,373.093036881,373.092891084,1792685.6,-9999,344120.8,9.96,-1,0.390778397,0.972671741,0,0.583603045,11,0.421052632,0.947368421,O8,de-protonated,0,-9999,C19 H18 O8,19,18,8,-9999,-9999,-9999,-9999,-9999,-9999,-9999
1870,373.093207,373.093036881,373.092728893,1792685.6,-9999,344120.8,9.96,-1,0.825499797,0.883690676,0,0.53021440500000006,6,0.142857143,1.642857143,N4 S2 P1 O2,de-protonated,0,-9999,C14 H23 O2 N4 P1 S2,14,23,2,4,1,2,-9999,-9999,-9999,-9999
1871,373.102288,373.102117878,373.101755492,36715696,-9999,275748.2,249.83,-1,0.971280316,0.421336604,0.893676603,0.610272603,2,0.909090909,2.090909091,N2 P1 O10,de-protonated,0,-9999,C11 H23 O10 N2 P1,11,23,10,2,1,-9999,-9999,-9999,-9999,-9999
1872,373.114263,373.114092875,373.114020452,2419379,-9999,292695.4,14.26,-1,0.194102503,0.993187093,0,0.595912256,6,0.625,1.375,O10,de-protonated,0,-9999,C16 H22 O10,16,22,10,-9999,-9999,-9999,-9999,-9999,-9999,-9999
1872,373.114263,373.114092875,373.113858261,2419379,-9999,292695.4,14.26,-1,0.628799199,0.930770341,0,0.558462205,1,0.363636364,2.454545455,N4 S2 P1 O4,de-protonated,0,-9999,C11 H27 O4 N4 P1 S2,11,27,4,4,1,2,-9999,-9999,-9999,-9999
1873,373.127205,373.127034871,373.12677467,1510838.4,-9999,258649.7,8.02,-1,0.697352004,0.915542528,0,0.549325517,14,0.083333333,0.916666667,S1 O2,de-protonated,0,-9999,C24 H22 O2 S1,24,22,2,-9999,-9999,1,-9999,-9999,-9999,-9999
1873,373.127205,373.127034871,373.126907612,1510838.4,-9999,258649.7,8.02,-1,0.341060833,0.979114621,0,0.587468773,1,0.769230769,2.076923077,P1 O10,de-protonated,0,-9999,C13 H27 O10 P1,13,27,10,-9999,1,-9999,-9999,-9999,-9999,-9999
1874,373.142632,373.142461866,373.142163753,2347194.5,-9999,294985.2,13.76,-1,0.798926409,0.890639366,0,0.534383619,5,0.411764706,1.588235294,P1 O7,de-protonated,0,-9999,C17 H27 O7 P1,17,27,7,-9999,1,-9999,-9999,-9999,-9999,-9999
1875,373.150824,373.150653864,373.150405962,1679804.5,-9999,298432.3,9.18,-1,0.664349325,0.923038626,0,0.553823176,5,0.529411765,1.529411765,O9,de-protonated,0,-9999,C17 H26 O9,17,26,9,-9999,-9999,-9999,-9999,-9999,-9999,-9999
1875,373.150824,373.150653864,373.150895219,1679804.5,-9999,298432.3,9.18,-1,-0.64680303,0.926899797,0,0.556139878,9,0.05,1.35,N2 S1 P1 O1,de-protonated,0,-9999,C20 H27 O1 N2 P1 S1,20,27,1,2,1,1,-9999,-9999,-9999,-9999
1876,373.173189,373.173018857,373.172676036,17374402,-9999,275198.4,116.98,-1,0.918667279,0.429007567,0.787157861,0.572267685,13,0.04,1.08,P1 O1,de-protonated,0,-9999,C25 H27 O1 P1,25,27,1,-9999,1,-9999,-9999,-9999,-9999,-9999
1876,373.173189,373.173018857,373.17287274,17374402,-9999,275198.4,116.98,-1,0.391553212,0.936661323,0.980078764,0.9540283,5,0.466666667,1.733333333,N4 O7,de-protonated,0,-9999,C15 H26 O7 N4,15,26,7,4,-9999,-9999,-9999,-9999,-9999,-9999
1878,373.187095,373.186924853,373.186791471,3251397.8,-9999,272311,19.97,-1,0.357413939,0.97708746,0,0.586252476,4,0.444444444,1.666666667,O8,de-protonated,0,-9999,C18 H30 O8,18,30,8,-9999,-9999,-9999,-9999,-9999,-9999,-9999
1879,373.194437,373.194266851,373.194002108,3094727.8,-9999,285044.2,18.9,-1,0.709396994,0.912731999,0,0.5476392,0,0.75,2.5,N4 O9,de-protonated,0,-9999,C12 H30 O9 N4,12,30,9,4,-9999,-9999,-9999,-9999,-9999,-9999
1880,373.209546,373.209375847,373.20925825,2152651.8,-9999,309589.1,12.43,-1,0.315096557,0.98214602,0,0.589287612,4,0.375,1.875,N4 O6,de-protonated,0,-9999,C16 H30 O6 N4,16,30,6,4,-9999,-9999,-9999,-9999,-9999,-9999
1882,373.217653,373.217482844,373.217303754,7109837.5,-9999,283813.3,46.48,-1,0.47985599,0.479540044,0.780512821,0.599929155,12,0.076923077,1.153846154,O2,de-protonated,0,-9999,C26 H30 O2,26,30,2,-9999,-9999,-9999,-9999,-9999,-9999,-9999
1882,373.217653,373.217482844,373.217364113,7109837.5,-9999,283813.3,46.48,-1,0.318130131,0.981803751,0.993321702,0.986410931,4,0.352941176,1.823529412,13C1 N3 O6,de-protonated,1,1861,C16 H31 O6 N3 13C1,16,31,6,3,-9999,-9999,1,-9999,-9999,-9999
1883,373.223517,373.223346843,373.22317698,3253455.3,-9999,287233.7,19.99,-1,0.455121943,0.963112981,0,0.577867789,3,0.368421053,1.789473684,O7,de-protonated,0,-9999,C19 H34 O7,19,34,7,-9999,-9999,-9999,-9999,-9999,-9999,-9999
1884,373.25987,373.259699832,373.25956249,2099416.5,-9999,265141.7,12.06,-1,0.367952995,0.975733064,0,0.585439838,2,0.3,1.9,O6,de-protonated,0,-9999,C20 H38 O6,20,38,6,-9999,-9999,-9999,-9999,-9999,-9999,-9999
1885,373.307559,373.307388818,373.307045043,1986788.9,-9999,323604.4,11.29,-1,0.920890399,0.857378685,0.962756287,0.899529725,1,0.095238095,2.095238095,13C1 N1 P1 O2,de-protonated,1,1863,C20 H44 O2 N1 P1 13C1,20,44,2,1,1,-9999,1,-9999,-9999,-9999
1885,373.307559,373.307388818,373.307181388,1986788.9,-9999,323604.4,11.29,-1,0.555652996,0.945518024,0,0.567310815,1,0.2,2.1,N2 O4,de-protonated,0,-9999,C20 H42 O4 N2,20,42,4,2,-9999,-9999,-9999,-9999,-9999,-9999
1887,374.110318,374.110147581,374.110138805,4238771.5,-9999,286474.2,26.76,-1,0.023458884,0.99990015,0,0.59994009,5,0.3125,1.5625,N1 S2 O5,de-protonated,0,-9999,C16 H25 O5 N1 S2,16,25,5,1,-9999,2,-9999,-9999,-9999,-9999
1888,374.146909,374.14673857,374.146524314,1792956.8,-9999,349638.7,9.96,-1,0.572652795,0.942232999,0,0.5653398,4,0.235294118,1.705882353,N1 S2 O4,de-protonated,0,-9999,C17 H29 O4 N1 S2,17,29,4,1,-9999,2,-9999,-9999,-9999,-9999
1889,374.157199,374.157028567,374.156888323,11201983,-9999,275526,74.58,-1,0.374825638,0.984772298,0.995607279,0.989106291,5,0.533333333,1.666666667,N3 O8,de-protonated,0,-9999,C15 H25 O8 N3,15,25,8,3,-9999,-9999,-9999,-9999,-9999,-9999
1890,374.176682,374.176511561,374.176167217,2361796.5,-9999,339722.3,13.86,-1,0.920273877,0.857555293,0,0.514533176,13,0.125,1.041666667,N1 O3,de-protonated,0,-9999,C24 H25 O3 N1,24,25,3,1,-9999,-9999,-9999,-9999,-9999,-9999
1890,374.176682,374.176511561,374.176227575,2361796.5,-9999,339722.3,13.86,-1,0.758962385,0.900757881,0.980078764,0.932486234,5,0.466666667,1.733333333,13C1 N4 O7,de-protonated,1,1876,C14 H26 O7 N4 13C1,14,26,7,4,-9999,-9999,1,-9999,-9999,-9999
1891,374.209005,374.208834552,374.208529974,1957068.8,-9999,224611.1,11.08,-1,0.813924949,0.886738632,0,0.532043179,8,0.2,1.45,N3 O4,de-protonated,0,-9999,C20 H29 O4 N3,20,29,4,3,-9999,-9999,-9999,-9999,-9999,-9999
1892,374.218751,374.218580549,374.218425953,2634703.3,-9999,323917,15.74,-1,0.413117047,0.969507502,0,0.581704501,3,0.388888889,1.833333333,N1 O7,de-protonated,0,-9999,C18 H33 O7 N1,18,33,7,1,-9999,-9999,-9999,-9999,-9999,-9999
1897,375.036119,375.035948307,375.03577013,2492577.3,-9999,333657.7,14.76,-1,0.475093963,0.959871787,0,0.575923072,12,0.588235294,0.705882353,O10,de-protonated,0,-9999,C17 H12 O10,17,12,10,-9999,-9999,-9999,-9999,-9999,-9999,-9999
1897,375.036119,375.035948307,375.036259387,2492577.3,-9999,333657.7,14.76,-1,-0.829466784,0.882638604,0,0.529583162,16,0.1,0.65,N2 S1 P1 O2,de-protonated,0,-9999,C20 H13 O2 N2 P1 S1,20,13,2,2,1,1,-9999,-9999,-9999,-9999
1897,375.036119,375.035948307,375.035607939,2492577.3,-9999,333657.7,14.76,-1,0.907563317,0.861178006,0,0.516706804,7,0.333333333,1.416666667,N4 S2 P1 O4,de-protonated,0,-9999,C12 H17 O4 N4 P1 S2,12,17,4,4,1,2,-9999,-9999,-9999,-9999
1898,375.072511,375.072340297,375.072155639,2943658.5,-9999,284835.6,17.86,-1,0.492324297,0.956972986,0,0.574183792,11,0.5,0.888888889,O9,de-protonated,0,-9999,C18 H16 O9,18,16,9,-9999,-9999,-9999,-9999,-9999,-9999,-9999
1898,375.072511,375.072340297,375.072644897,2943658.5,-9999,284835.6,17.86,-1,-0.812109917,0.887213617,0,0.53232817,15,0.047619048,0.80952381,N2 S1 P1 O1,de-protonated,0,-9999,C21 H17 O1 N2 P1 S1,21,17,1,2,1,1,-9999,-9999,-9999,-9999
1898,375.072511,375.072340297,375.071993448,2943658.5,-9999,284835.6,17.86,-1,0.924751705,0.856270716,0,0.51376243,6,0.230769231,1.615384615,N4 S2 P1 O3,de-protonated,0,-9999,C13 H21 O3 N4 P1 S2,13,21,3,4,1,2,-9999,-9999,-9999,-9999
1899,375.100228,375.100057288,375.10029894,38125232,-9999,276247.5,259.51,-1,-0.644232779,0.92586183,0.975841321,0.945853626,10,0.315789474,1.105263158,P1 O6,de-protonated,0,-9999,C19 H21 O6 P1,19,21,6,-9999,1,-9999,-9999,-9999,-9999,-9999
1900,375.109002,375.108831286,375.108541149,3175091.8,-9999,270498.7,19.45,-1,0.77347482,0.897130368,0,0.538278221,10,0.421052632,1.052631579,O8,de-protonated,0,-9999,C19 H20 O8,19,20,8,-9999,-9999,-9999,-9999,-9999,-9999,-9999
1901,375.121972,375.121801282,375.121428308,1516983.1,-9999,319249.5,8.06,-1,0.994274344,0.835790906,0,0.501474544,5,0.5,1.5625,P1 O8,de-protonated,0,-9999,C16 H25 O8 P1,16,25,8,-9999,1,-9999,-9999,-9999,-9999,-9999
1902,375.145164,375.144993275,375.144926658,1403069.1,-9999,312641.5,7.28,-1,0.177576663,0.994294631,0,0.596576778,9,0.35,1.2,O7,de-protonated,0,-9999,C20 H24 O7,20,24,7,-9999,-9999,-9999,-9999,-9999,-9999,-9999
1902,375.145164,375.144993275,375.144764467,1403069.1,-9999,312641.5,7.28,-1,0.609920052,0.934728319,0,0.560836992,4,0.066666667,1.933333333,N4 S2 P1 O1,de-protonated,0,-9999,C15 H29 O1 N4 P1 S2,15,29,1,4,1,2,-9999,-9999,-9999,-9999
1903,375.158269,375.158098271,375.157813818,4150976.5,-9999,315997.5,26.15,-1,0.758223698,0.900941072,0,0.540564643,4,0.411764706,1.705882353,P1 O7,de-protonated,0,-9999,C17 H29 O7 P1,17,29,7,-9999,1,-9999,-9999,-9999,-9999,-9999
1904,375.160478,375.160307271,375.160182799,1751233,-9999,284399.9,9.67,-1,0.331781406,0.98022448,0,0.588134688,13,0.166666667,1,O4,de-protonated,0,-9999,C24 H24 O4,24,24,4,-9999,-9999,-9999,-9999,-9999,-9999,-9999
1904,375.160478,375.160307271,375.160243158,1751233,-9999,284399.9,9.67,-1,0.170893116,0.994714905,0.995607279,0.995071855,5,0.533333333,1.666666667,13C1 N3 O8,de-protonated,1,1889,C14 H25 O8 N3 13C1,14,25,8,3,-9999,-9999,1,-9999,-9999,-9999
1905,375.166625,375.166454269,375.166545284,1828546.6,-9999,227836.1,10.2,-1,-0.242598289,0.989377849,0,0.59362671,8,0.05,1.45,N2 S1 P1 O1,de-protonated,0,-9999,C20 H29 O1 N2 P1 S1,20,29,1,2,1,1,-9999,-9999,-9999,-9999
1906,375.194686,375.194515261,375.194199327,3399369.8,-9999,292322.2,20.99,-1,0.842053111,0.879275667,0,0.5275654,3,0.333333333,1.833333333,P1 O6,de-protonated,0,-9999,C18 H33 O6 P1,18,33,6,-9999,1,-9999,-9999,-9999,-9999,-9999
1907,375.202772,375.202601258,375.202441536,2567371.8,-9999,316039.3,15.27,-1,0.425697031,0.967652967,0,0.58059178,3,0.444444444,1.777777778,O8,de-protonated,0,-9999,C18 H32 O8,18,32,8,-9999,-9999,-9999,-9999,-9999,-9999,-9999
1908,375.217978,375.217807254,375.217697677,4429520,-9999,277493.6,28.06,-1,0.292035228,0.492322173,0.807789663,0.618509169,7,0.227272727,1.454545455,O5,de-protonated,0,-9999,C22 H32 O5,22,32,5,-9999,-9999,-9999,-9999,-9999,-9999,-9999
1909,375.230968,375.23079725,375.230584836,1628883.1,-9999,312385.6,8.83,-1,0.566087598,0.943512025,0,0.566107215,2,0.263157895,1.947368421,P1 O5,de-protonated,0,-9999,C19 H37 O5 P1,19,37,5,-9999,1,-9999,-9999,-9999,-9999,-9999
1910,375.239089,375.238918247,375.238827045,1601237.3,-9999,311472,8.64,-1,0.243051854,0.989338306,0,0.593602984,2,0.368421053,1.894736842,O7,de-protonated,0,-9999,C19 H36 O7,19,36,7,-9999,-9999,-9999,-9999,-9999,-9999,-9999
1911,375.275547,375.275376237,375.275212554,1434078.5,-9999,308049,7.49,-1,0.43616624,0.966070006,0,0.579642004,1,0.3,2,O6,de-protonated,0,-9999,C20 H40 O6,20,40,6,-9999,-9999,-9999,-9999,-9999,-9999,-9999
1913,376.103577,376.103405992,376.103653775,6534066.5,-9999,269402.2,42.52,-1,-0.658816308,0.924265609,0.975841321,0.944895894,10,0.315789474,1.105263158,13C1 P1 O6,de-protonated,1,1899,C18 H21 O6 P1 13C1,18,21,6,-9999,1,-9999,1,-9999,-9999,-9999
1914,376.151709,376.151537978,376.15140902,3826623,-9999,291640.8,23.92,-1,0.34283617,0.978898941,0,0.587339364,9,0.333333333,1.277777778,N3 O6,de-protonated,0,-9999,C18 H23 O6 N3,18,23,6,3,-9999,-9999,-9999,-9999,-9999,-9999
1915,376.155104,376.154932977,376.154780323,3313599.8,-9999,275966.4,20.4,-1,0.405827585,0.97055823,0,0.582334938,4,0.4,1.8,N3 S1 O6,de-protonated,0,-9999,C15 H27 O6 N3 S1,15,27,6,3,-9999,1,-9999,-9999,-9999,-9999
1916,376.197973,376.197801964,376.197690508,1863626.8,-9999,248484.6,10.44,-1,0.296271167,0.984199214,0,0.590519528,3,0.470588235,1.823529412,N1 O8,de-protonated,0,-9999,C17 H31 O8 N1,17,31,8,1,-9999,-9999,-9999,-9999,-9999,-9999
1917,376.201198,376.201026963,376.200681689,1733579.6,-9999,300520,9.54,-1,0.917794128,0.858264814,0,0.514958888,3,0.3125,2,N3 P1 O5,de-protonated,0,-9999,C16 H32 O5 N3 P1,16,32,5,3,1,-9999,-9999,-9999,-9999,-9999
1918,376.216628,376.216456959,376.216317952,15794128,-9999,273819.3,106.12,-1,0.369485331,0.966216577,0.996392274,0.978286856,2,0.277777778,1.944444444,N1 S1 O5,de-protonated,0,-9999,C18 H35 O5 N1 S1,18,35,5,1,-9999,1,-9999,-9999,-9999,-9999
1919,376.234418,376.234246954,376.234076017,1614548.1,-9999,298043.6,8.73,-1,0.45433529,0.963238014,0,0.577942808,2,0.388888889,1.944444444,N1 O7,de-protonated,0,-9999,C18 H35 O7 N1,18,35,7,1,-9999,-9999,-9999,-9999,-9999,-9999
1923,376.996637,376.996465729,376.996245049,4044951,-9999,286345.8,25.42,-1,0.585361826,0.939720194,0,0.563832116,8,0.8,1.1,N4 S1 P1 O8,de-protonated,0,-9999,C10 H11 O8 N4 P1 S1,10,11,8,4,1,1,-9999,-9999,-9999,-9999
1924,377.051724,377.051552712,377.051420195,3736741,-9999,294275.9,23.1,-1,0.351457782,0.977836297,0,0.586701778,11,0.588235294,0.823529412,O10,de-protonated,0,-9999,C17 H14 O10,17,14,10,-9999,-9999,-9999,-9999,-9999,-9999,-9999
1924,377.051724,377.051552712,377.051909452,3736741,-9999,294275.9,23.1,-1,-0.946128863,0.850079356,0,0.510047613,15,0.1,0.75,N2 S1 P1 O2,de-protonated,0,-9999,C20 H15 O2 N2 P1 S1,20,15,2,2,1,1,-9999,-9999,-9999,-9999
1924,377.051724,377.051552712,377.051258003,3736741,-9999,294275.9,23.1,-1,0.781615177,0.895072064,0,0.537043238,6,0.333333333,1.583333333,N4 S2 P1 O4,de-protonated,0,-9999,C12 H19 O4 N4 P1 S2,12,19,4,4,1,2,-9999,-9999,-9999,-9999
1926,377.088052,377.087880702,377.087805704,3346606.3,-9999,293909.8,20.45,-1,0.19888625,0.992848358,0,0.595709015,10,0.5,1,O9,de-protonated,0,-9999,C18 H18 O9,18,18,9,-9999,-9999,-9999,-9999,-9999,-9999,-9999
1926,377.088052,377.087880702,377.087643513,3346606.3,-9999,293909.8,20.45,-1,0.629002074,0.930727246,0,0.558436348,5,0.230769231,1.769230769,N4 S2 P1 O3,de-protonated,0,-9999,C13 H23 O3 N4 P1 S2,13,23,3,4,1,2,-9999,-9999,-9999,-9999
1927,377.124552,377.124380691,377.124191213,1680567.6,-9999,317655.7,9.1,-1,0.502427204,0.9552295,0,0.5731377,9,0.421052632,1.157894737,O8,de-protonated,0,-9999,C19 H22 O8,19,22,8,-9999,-9999,-9999,-9999,-9999,-9999,-9999
1927,377.124552,377.124380691,377.124029022,1680567.6,-9999,317655.7,9.1,-1,0.93250166,0.854037307,0,0.512422384,4,0.142857143,1.928571429,N4 S2 P1 O2,de-protonated,0,-9999,C14 H27 O2 N4 P1 S2,14,27,2,4,1,2,-9999,-9999,-9999,-9999
1928,377.13754,377.137368687,377.137078373,2982075,-9999,250569.5,17.96,-1,0.769783893,0.898058069,0,0.538834842,4,0.5,1.6875,P1 O8,de-protonated,0,-9999,C16 H27 O8 P1,16,27,8,-9999,1,-9999,-9999,-9999,-9999,-9999
1930,377.17394,377.173768676,377.173463882,8618180,-9999,265912.6,56.34,-1,0.808100198,0.913115543,0.969087946,0.935504505,3,0.411764706,1.823529412,P1 O7,de-protonated,0,-9999,C17 H31 O7 P1,17,31,7,-9999,1,-9999,-9999,-9999,-9999,-9999
1932,377.200575,377.200403668,377.200333535,1886923,-9999,315533.6,10.51,-1,0.185930342,0.993746935,0,0.596248161,2,0.333333333,1.888888889,S1 O6,de-protonated,0,-9999,C18 H34 O6 S1,18,34,6,-9999,-9999,1,-9999,-9999,-9999,-9999
1933,377.210342,377.210170665,377.209849392,6580429.5,-9999,273346.7,42.47,-1,0.851711199,0.438334821,0.837042051,0.597817713,2,0.333333333,1.944444444,P1 O6,de-protonated,0,-9999,C18 H35 O6 P1,18,35,6,-9999,1,-9999,-9999,-9999,-9999,-9999
1934,377.22003,377.219858663,377.219672787,2993872,-9999,198296.5,18.04,-1,0.492750236,0.956900132,0.996392274,0.972696989,2,0.277777778,1.944444444,13C1 N1 S1 O5,de-protonated,1,1918,C17 H35 O5 N1 S1 13C1,17,35,5,1,-9999,1,1,-9999,-9999,-9999
1935,377.233652,377.233480659,377.233347741,3472595.5,-9999,318054.9,21.3,-1,0.352347404,0.977725212,0,0.586635127,6,0.227272727,1.545454545,O5,de-protonated,0,-9999,C22 H34 O5,22,34,5,-9999,-9999,-9999,-9999,-9999,-9999,-9999
1936,377.246746,377.246574655,377.246234901,1555158.8,-9999,333886.1,8.25,-1,0.900615363,0.863143357,0,0.517886014,1,0.263157895,2.052631579,P1 O5,de-protonated,0,-9999,C19 H39 O5 P1,19,39,5,-9999,1,-9999,-9999,-9999,-9999,-9999
1939,378.167375,378.167203383,378.167059084,5709249.5,-9999,266286,36.53,-1,0.381573996,0.93423086,0.801674605,0.881208358,8,0.333333333,1.388888889,N3 O6,de-protonated,0,-9999,C18 H25 O6 N3,18,25,6,3,-9999,-9999,-9999,-9999,-9999,-9999
1940,378.177215,378.17704338,378.176818717,1972164,-9999,260758.6,11.08,-1,0.594067773,0.937971008,0.969087946,0.950417783,3,0.411764706,1.823529412,13C1 P1 O7,de-protonated,1,1930,C16 H31 O7 P1 13C1,16,31,7,-9999,1,-9999,1,-9999,-9999,-9999
1940,378.177215,378.17704338,378.176955063,1972164,-9999,260758.6,11.08,-1,0.233533639,0.990152961,0,0.594091777,3,0.5625,1.8125,N1 O9,de-protonated,0,-9999,C16 H29 O9 N1,16,29,9,1,-9999,-9999,-9999,-9999,-9999,-9999
1941,378.205474,378.205302372,378.205098364,5757387,-9999,266529.6,36.86,-1,0.539410594,0.474287226,0.844689208,0.622448019,2,0.352941176,2,N1 P1 O6,de-protonated,0,-9999,C17 H34 O6 N1 P1,17,34,6,1,1,-9999,-9999,-9999,-9999,-9999
1942,378.216845,378.216673368,378.216331753,3009998,-9999,280903.1,18.15,-1,0.903226965,0.862405866,0,0.51744352,2,0.3125,2.125,N3 P1 O5,de-protonated,0,-9999,C16 H34 O5 N3 P1,16,34,5,3,1,-9999,-9999,-9999,-9999,-9999
1943,378.241953,378.241781361,378.241483873,5447124.5,-9999,274804.9,34.75,-1,0.786502087,0.886901558,0.947809112,0.911264579,1,0.277777778,2.111111111,N1 P1 O5,de-protonated,0,-9999,C18 H38 O5 N1 P1,18,38,5,1,1,-9999,-9999,-9999,-9999,-9999
1945,379.031017,379.030845128,379.03068475,3364509,-9999,303060.6,20.56,-1,0.423127095,0.968036056,0,0.580821633,11,0.6875,0.75,O11,de-protonated,0,-9999,C16 H12 O11,16,12,11,-9999,-9999,-9999,-9999,-9999,-9999,-9999
1945,379.031017,379.030845128,379.031174007,3364509,-9999,303060.6,20.56,-1,-0.867683769,0.872311929,0,0.523387158,15,0.157894737,0.684210526,N2 S1 P1 O3,de-protonated,0,-9999,C19 H13 O3 N2 P1 S1,19,13,3,2,1,1,-9999,-9999,-9999,-9999
1945,379.031017,379.030845128,379.030522558,3364509,-9999,303060.6,20.56,-1,0.851038276,0.876851927,0,0.526111156,6,0.454545455,1.545454545,N4 S2 P1 O5,de-protonated,0,-9999,C11 H17 O5 N4 P1 S2,11,17,5,4,1,2,-9999,-9999,-9999,-9999
1946,379.046139,379.045967123,379.045940891,1623200.9,-9999,328741.7,8.71,-1,0.06920638,0.999131325,0,0.599478795,15,0.4,0.6,O8,de-protonated,0,-9999,C20 H12 O8,20,12,8,-9999,-9999,-9999,-9999,-9999,-9999,-9999
1946,379.046139,379.045967123,379.0457787,1623200.9,-9999,328741.7,8.71,-1,0.497100187,0.956152815,0,0.573691689,10,0.133333333,1.133333333,N4 S2 P1 O2,de-protonated,0,-9999,C15 H17 O2 N4 P1 S2,15,17,2,4,1,2,-9999,-9999,-9999,-9999
1947,379.067348,379.067176117,379.067070259,4211366.5,-9999,290163.4,26.33,-1,0.279259487,0.985949215,0,0.591569529,10,0.588235294,0.941176471,O10,de-protonated,0,-9999,C17 H16 O10,17,16,10,-9999,-9999,-9999,-9999,-9999,-9999,-9999
1947,379.067348,379.067176117,379.066908068,4211366.5,-9999,290163.4,26.33,-1,0.707129533,0.913264093,0,0.547958456,5,0.333333333,1.75,N4 S2 P1 O4,de-protonated,0,-9999,C12 H21 O4 N4 P1 S2,12,21,4,4,1,2,-9999,-9999,-9999,-9999
1948,379.082999,379.082827113,379.08319578,1855402.3,-9999,245836.3,10.29,-1,-0.972524527,0.842303494,0,0.505382097,13,0.090909091,0.909090909,S2 O2,de-protonated,0,-9999,C22 H20 O2 S2,22,20,2,-9999,-9999,2,-9999,-9999,-9999,-9999
1949,379.089051,379.088879111,379.089069007,2098347.8,-9999,326943,11.94,-1,-0.500927824,0.955490288,0,0.573294173,4,0.466666667,1.6,S2 O7,de-protonated,0,-9999,C15 H24 O7 S2,15,24,7,-9999,-9999,2,-9999,-9999,-9999,-9999
1949,379.089051,379.088879111,379.088688884,2098347.8,-9999,326943,11.94,-1,0.501798822,0.955338881,0,0.573203328,9,0.235294118,1.235294118,N2 S1 P1 O4,de-protonated,0,-9999,C17 H21 O4 N2 P1 S1,17,21,4,2,1,1,-9999,-9999,-9999,-9999
1950,379.10372,379.103548106,379.103455768,3217071.5,-9999,316827,19.56,-1,0.243569361,0.9892931,0,0.59357586,9,0.5,1.111111111,O9,de-protonated,0,-9999,C18 H20 O9,18,20,9,-9999,-9999,-9999,-9999,-9999,-9999,-9999
1950,379.10372,379.103548106,379.103293577,3217071.5,-9999,316827,19.56,-1,0.671398326,0.921462994,0,0.552877797,4,0.230769231,1.923076923,N4 S2 P1 O3,de-protonated,0,-9999,C13 H25 O3 N4 P1 S2,13,25,3,4,1,2,-9999,-9999,-9999,-9999
1951,379.140233,379.140061096,379.139841278,2771128.8,-9999,288644.3,16.52,-1,0.579780419,0.940829704,0,0.564497822,8,0.421052632,1.263157895,O8,de-protonated,0,-9999,C19 H24 O8,19,24,8,-9999,-9999,-9999,-9999,-9999,-9999,-9999
1952,379.153225,379.153053092,379.152728437,2903740,-9999,266861.8,17.43,-1,0.856262993,0.875433844,0,0.525260307,3,0.5,1.8125,P1 O8,de-protonated,0,-9999,C16 H29 O8 P1,16,29,8,-9999,1,-9999,-9999,-9999,-9999,-9999
1953,379.170883,379.170711087,379.17035356,3229376.8,-9999,270505.7,19.64,-1,0.942917143,0.851015693,0,0.510609416,16,0.074074074,0.888888889,O2,de-protonated,0,-9999,C27 H24 O2,27,24,2,-9999,-9999,-9999,-9999,-9999,-9999,-9999
1953,379.170883,379.170711087,379.170413919,3229376.8,-9999,270505.7,19.64,-1,0.783730337,0.894534494,0.801674605,0.857390538,8,0.333333333,1.388888889,13C1 N3 O6,de-protonated,1,1939,C17 H25 O6 N3 13C1,17,25,6,3,-9999,-9999,1,-9999,-9999,-9999
1954,379.175349,379.175177085,379.175195216,2056897.8,-9999,397534,11.66,-1,-0.047816055,0.999585226,0,0.599751136,3,0.428571429,2.071428571,N4 P1 O6,de-protonated,0,-9999,C14 H29 O6 N4 P1,14,29,6,4,1,-9999,-9999,-9999,-9999,-9999
1955,379.176745,379.176573085,379.176226787,2416322,-9999,363396,14.11,-1,0.913289656,0.859550255,0,0.515730153,7,0.35,1.4,O7,de-protonated,0,-9999,C20 H28 O7,20,28,7,-9999,-9999,-9999,-9999,-9999,-9999,-9999
1956,379.1896,379.189428081,379.189113947,11518661,-9999,276077.4,76.09,-1,0.82843718,0.902558044,0.972409054,0.930498448,2,0.411764706,1.941176471,P1 O7,de-protonated,0,-9999,C17 H33 O7 P1,17,33,7,-9999,1,-9999,-9999,-9999,-9999,-9999
1958,379.225938,379.22576607,379.225499456,11442895,-9999,273591.5,75.58,-1,0.703049456,0.930811229,0.993359634,0.955830591,1,0.333333333,2.055555556,P1 O6,de-protonated,0,-9999,C18 H37 O6 P1,18,37,6,-9999,1,-9999,-9999,-9999,-9999,-9999
1959,379.245329,379.245157065,379.244838708,1493203.5,-9999,298036,7.82,-1,0.839448197,0.879974772,0.947809112,0.907108508,1,0.277777778,2.111111111,13C1 N1 P1 O5,de-protonated,1,1943,C17 H38 O5 N1 P1 13C1,17,38,5,1,1,-9999,1,-9999,-9999,-9999
1959,379.245329,379.245157065,379.244975054,1493203.5,-9999,298036,7.82,-1,0.479929302,0.959067843,0,0.575440706,1,0.411764706,2.117647059,N2 O7,de-protonated,0,-9999,C17 H36 O7 N2,17,36,7,2,-9999,-9999,-9999,-9999,-9999,-9999
1960,379.249298,379.249126063,379.248997806,2507988.5,-9999,287062.1,14.73,-1,0.33818838,0.979461315,0,0.587676789,5,0.227272727,1.636363636,O5,de-protonated,0,-9999,C22 H36 O5,22,36,5,-9999,-9999,-9999,-9999,-9999,-9999,-9999
1961,380.146605,380.146432798,380.146323639,6925240,-9999,287402,44.81,-1,0.287150563,0.979076312,0.950752373,0.967746737,8,0.411764706,1.352941176,N3 O7,de-protonated,0,-9999,C17 H23 O7 N3,17,23,7,3,-9999,-9999,-9999,-9999,-9999,-9999
1962,380.159729,380.159556795,380.159210799,1568187.4,-9999,318065.7,8.33,-1,0.910133903,0.860448185,0,0.516268911,3,0.5,2,N3 P1 O7,de-protonated,0,-9999,C14 H28 O7 N3 P1,14,28,7,3,1,-9999,-9999,-9999,-9999,-9999
1964,380.192895,380.192722785,380.192468782,2578371.8,-9999,288637.5,15.21,-1,0.668090729,0.922204062,0.972409054,0.942286059,2,0.411764706,1.941176471,13C1 P1 O7,de-protonated,1,1956,C16 H33 O7 P1 13C1,16,33,7,-9999,1,-9999,1,-9999,-9999,-9999
1964,380.192895,380.192722785,380.192605127,2578371.8,-9999,288637.5,15.21,-1,0.309467997,0.982772696,0,0.589663618,2,0.5625,1.9375,N1 O9,de-protonated,0,-9999,C16 H31 O9 N1,16,31,9,1,-9999,-9999,-9999,-9999,-9999,-9999
1964,380.192895,380.192722785,380.193094385,2578371.8,-9999,288637.5,15.21,-1,-0.977397832,0.840852422,0,0.504511453,6,0.052631579,1.684210526,N3 S1 P1 O1,de-protonated,0,-9999,C19 H32 O1 N3 P1 S1,19,32,1,3,1,1,-9999,-9999,-9999,-9999
1967,380.2212,380.221027776,380.220748428,2730443,-9999,311130.3,16.24,-1,0.734700112,0.906700454,0,0.544020272,1,0.352941176,2.117647059,N1 P1 O6,de-protonated,0,-9999,C17 H36 O6 N1 P1,17,36,6,1,1,-9999,-9999,-9999,-9999,-9999
1968,380.229234,380.229061774,380.228854291,2120141,-9999,313971.5,12.09,-1,0.54567922,0.947404427,0.993359634,0.96578651,1,0.333333333,2.055555556,13C1 P1 O6,de-protonated,1,1958,C17 H37 O6 P1 13C1,17,37,6,-9999,1,-9999,1,-9999,-9999,-9999
1968,380.229234,380.229061774,380.228990637,2120141,-9999,313971.5,12.09,-1,0.187090849,0.993668881,0,0.596201328,1,0.470588235,2.058823529,N1 O8,de-protonated,0,-9999,C17 H35 O8 N1,17,35,8,1,-9999,-9999,-9999,-9999,-9999,-9999
1972,380.980554,380.980381552,380.980577728,8592523,-9999,272029.9,56.16,-1,-0.514923928,0.47651423,0.837042051,0.620725359,16,0.444444444,0.388888889,P1 O8,de-protonated,0,-9999,C18 H7 O8 P1,18,7,8,-9999,1,-9999,-9999,-9999,-9999,-9999
1973,381.025521,381.025348539,381.025205446,1638038.5,-9999,304906,8.8,-1,0.375546987,0.974733954,0,0.584840372,15,0.473684211,0.526315789,O9,de-protonated,0,-9999,C19 H10 O9,19,10,9,-9999,-9999,-9999,-9999,-9999,-9999,-9999
1973,381.025521,381.025348539,381.025694703,1638038.5,-9999,304906,8.8,-1,-0.908506924,0.860910272,0,0.516546163,19,0.045454545,0.5,N2 S1 P1 O1,de-protonated,0,-9999,C22 H11 O1 N2 P1 S1,22,11,1,2,1,1,-9999,-9999,-9999,-9999
1973,381.025521,381.025348539,381.025043255,1638038.5,-9999,304906,8.8,-1,0.801218197,0.890046925,0,0.534028155,10,0.214285714,1.071428571,N4 S2 P1 O3,de-protonated,0,-9999,C14 H15 O3 N4 P1 S2,14,15,3,4,1,2,-9999,-9999,-9999,-9999
1974,381.036974,381.036801536,381.036438835,1484953.4,-9999,290537.3,7.76,-1,0.951877982,0.848397911,0,0.509038747,15,0.444444444,0.555555556,N2 O8,de-protonated,0,-9999,C18 H10 O8 N2,18,10,8,2,-9999,-9999,-9999,-9999,-9999,-9999
1975,381.046645,381.046472533,381.046334814,4221084,-9999,269425.5,26.39,-1,0.361422112,0.976576778,0,0.585946067,10,0.6875,0.875,O11,de-protonated,0,-9999,C16 H14 O11,16,14,11,-9999,-9999,-9999,-9999,-9999,-9999,-9999
1975,381.046645,381.046472533,381.046824072,4221084,-9999,269425.5,26.39,-1,-0.92256058,0.856899834,0,0.5141399,14,0.157894737,0.789473684,N2 S1 P1 O3,de-protonated,0,-9999,C19 H15 O3 N2 P1 S1,19,15,3,2,1,1,-9999,-9999,-9999,-9999
1975,381.046645,381.046472533,381.046172623,4221084,-9999,269425.5,26.39,-1,0.787069711,0.893683492,0,0.536210095,5,0.454545455,1.727272727,N4 S2 P1 O5,de-protonated,0,-9999,C11 H19 O5 N4 P1 S2,11,19,5,4,1,2,-9999,-9999,-9999,-9999
1976,381.061938,381.061765528,381.061590955,1479327.6,-9999,282880.5,7.72,-1,0.458122177,0.962634279,0,0.577580568,14,0.4,0.7,O8,de-protonated,0,-9999,C20 H14 O8,20,14,8,-9999,-9999,-9999,-9999,-9999,-9999,-9999
1976,381.061938,381.061765528,381.061428764,1479327.6,-9999,282880.5,7.72,-1,0.883752776,0.86786868,0,0.520721208,9,0.133333333,1.266666667,N4 S2 P1 O2,de-protonated,0,-9999,C15 H19 O2 N4 P1 S2,15,19,2,4,1,2,-9999,-9999,-9999,-9999
1977,381.083023,381.082850522,381.082720324,4221093,-9999,290027.2,26.39,-1,0.341654117,0.979042664,0,0.587425599,9,0.588235294,1.058823529,O10,de-protonated,0,-9999,C17 H18 O10,17,18,10,-9999,-9999,-9999,-9999,-9999,-9999,-9999
1977,381.083023,381.082850522,381.083209581,4221093,-9999,290027.2,26.39,-1,-0.942205956,0.85122274,0,0.510733644,13,0.1,0.95,N2 S1 P1 O2,de-protonated,0,-9999,C20 H19 O2 N2 P1 S1,20,19,2,2,1,1,-9999,-9999,-9999,-9999
1977,381.083023,381.082850522,381.082558132,4221093,-9999,290027.2,26.39,-1,0.767261067,0.898690168,0,0.539214101,4,0.333333333,1.916666667,N4 S2 P1 O4,de-protonated,0,-9999,C12 H23 O4 N4 P1 S2,12,23,4,4,1,2,-9999,-9999,-9999,-9999
1978,381.11943,381.119257511,381.119105833,3230894.3,-9999,282143.5,19.65,-1,0.397981572,0.971669516,0,0.58300171,8,0.5,1.222222222,O9,de-protonated,0,-9999,C18 H22 O9,18,22,9,-9999,-9999,-9999,-9999,-9999,-9999,-9999
1978,381.11943,381.119257511,381.11959509,3230894.3,-9999,282143.5,19.65,-1,-0.885756002,0.867310659,0,0.520386395,12,0.047619048,1.095238095,N2 S1 P1 O1,de-protonated,0,-9999,C21 H23 O1 N2 P1 S1,21,23,1,2,1,1,-9999,-9999,-9999,-9999
1978,381.11943,381.119257511,381.118943642,3230894.3,-9999,282143.5,19.65,-1,0.823547914,0.884206935,0,0.530524161,3,0.230769231,2.076923077,N4 S2 P1 O3,de-protonated,0,-9999,C13 H27 O3 N4 P1 S2,13,27,3,4,1,2,-9999,-9999,-9999,-9999
1979,381.132342,381.132169507,381.131860051,2356913.5,-9999,287306.3,13.7,-1,0.811941381,0.887257682,0,0.532354609,16,0.038461538,0.846153846,S1 O1,de-protonated,0,-9999,C26 H22 O1 S1,26,22,1,-9999,-9999,1,-9999,-9999,-9999,-9999
1979,381.132342,381.132169507,381.131992992,2356913.5,-9999,287306.3,13.7,-1,0.463133513,0.96182822,0,0.577096932,3,0.6,1.8,P1 O9,de-protonated,0,-9999,C15 H27 O9 P1,15,27,9,-9999,1,-9999,-9999,-9999,-9999,-9999
1980,381.149999,381.149826502,381.149618115,1780917.9,-9999,305578.2,9.78,-1,0.546732216,0.947206705,0,0.568324023,16,0.115384615,0.846153846,O3,de-protonated,0,-9999,C26 H22 O3,26,22,3,-9999,-9999,-9999,-9999,-9999,-9999,-9999
1980,381.149999,381.149826502,381.149678474,1780917.9,-9999,305578.2,9.78,-1,0.388372111,0.973002691,0.950752373,0.964102564,8,0.411764706,1.352941176,13C1 N3 O7,de-protonated,1,1961,C16 H23 O7 N3 13C1,16,23,7,3,-9999,-9999,1,-9999,-9999,-9999
1981,381.155901,381.1557285,381.155491342,1954487.4,-9999,353568.1,10.96,-1,0.6222087,0.932163818,0,0.559298291,7,0.421052632,1.368421053,O8,de-protonated,0,-9999,C19 H26 O8,19,26,8,-9999,-9999,-9999,-9999,-9999,-9999,-9999
1982,381.168821,381.168648497,381.168378502,3196602.8,-9999,273332,19.42,-1,0.708334934,0.912981401,0,0.547788841,2,0.5,1.9375,P1 O8,de-protonated,0,-9999,C16 H31 O8 P1,16,31,8,-9999,1,-9999,-9999,-9999,-9999,-9999
1984,381.192172,381.19199949,381.191876852,4396224.5,-9999,267676.1,27.59,-1,0.321723025,0.981394289,0,0.588836574,6,0.35,1.5,O7,de-protonated,0,-9999,C20 H30 O7,20,30,7,-9999,-9999,-9999,-9999,-9999,-9999,-9999
1984,381.192172,381.19199949,381.19171466,4396224.5,-9999,267676.1,27.59,-1,0.747208092,0.903656094,0,0.542193656,1,0.066666667,2.333333333,N4 S2 P1 O1,de-protonated,0,-9999,C15 H35 O1 N4 P1 S2,15,35,1,4,1,2,-9999,-9999,-9999,-9999
1985,381.195627,381.195454489,381.195248155,2751169.5,-9999,285452.1,16.38,-1,0.541281311,0.948226552,0,0.568935931,1,0.411764706,2,S1 O7,de-protonated,0,-9999,C17 H34 O7 S1,17,34,7,-9999,-9999,1,-9999,-9999,-9999,-9999
1986,381.205223,381.205050486,381.204764011,5729476,-9999,270580.3,36.67,-1,0.751498426,0.451301204,0.844689208,0.608656405,1,0.411764706,2.058823529,P1 O7,de-protonated,0,-9999,C17 H35 O7 P1,17,35,7,-9999,1,-9999,-9999,-9999,-9999,-9999
1989,381.231866,381.231693478,381.231633664,1614538.6,-9999,333070.8,8.64,-1,0.15689625,0.995543341,0,0.597326005,0,0.333333333,2.111111111,S1 O6,de-protonated,0,-9999,C18 H38 O6 S1,18,38,6,-9999,-9999,1,-9999,-9999,-9999,-9999
1990,381.241488,381.241315475,381.24114952,2984141,-9999,297509.3,17.97,-1,0.435301182,0.966202162,0,0.579721297,0,0.333333333,2.166666667,P1 O6,de-protonated,0,-9999,C18 H39 O6 P1,18,39,6,-9999,1,-9999,-9999,-9999,-9999,-9999
1996,383.004825,383.004651955,383.004470001,4361865,-9999,263925.9,27.35,-1,0.475068506,0.959876,0,0.5759256,15,0.555555556,0.444444444,O10,de-protonated,0,-9999,C18 H8 O10,18,8,10,-9999,-9999,-9999,-9999,-9999,-9999,-9999
1996,383.004825,383.004651955,383.004959259,4361865,-9999,263925.9,27.35,-1,-0.802349894,0.889753894,0,0.533852337,19,0.095238095,0.428571429,N2 S1 P1 O2,de-protonated,0,-9999,C21 H9 O2 N2 P1 S1,21,9,2,2,1,1,-9999,-9999,-9999,-9999
1996,383.004825,383.004651955,383.00430781,4361865,-9999,263925.9,27.35,-1,0.898540002,0.863728344,0,0.518237006,10,0.307692308,1,N4 S2 P1 O4,de-protonated,0,-9999,C13 H13 O4 N4 P1 S2,13,13,4,4,1,2,-9999,-9999,-9999,-9999
1997,383.025939,383.025765948,383.025599369,1443470.5,-9999,309234,7.48,-1,0.434903222,0.966262877,0,0.579757726,10,0.8,0.8,O12,de-protonated,0,-9999,C15 H12 O12,15,12,12,-9999,-9999,-9999,-9999,-9999,-9999,-9999
1997,383.025939,383.025765948,383.026088627,1443470.5,-9999,309234,7.48,-1,-0.842444659,0.879170445,0,0.527502267,14,0.222222222,0.722222222,N2 S1 P1 O4,de-protonated,0,-9999,C18 H13 O4 N2 P1 S1,18,13,4,2,1,1,-9999,-9999,-9999,-9999
1997,383.025939,383.025765948,383.025437178,1443470.5,-9999,309234,7.48,-1,0.85835134,0.874865246,0,0.524919148,5,0.6,1.7,N4 S2 P1 O6,de-protonated,0,-9999,C10 H17 O6 N4 P1 S2,10,17,6,4,1,2,-9999,-9999,-9999,-9999
1998,383.04119,383.041016944,383.040855511,1959058.3,-9999,300735.6,10.99,-1,0.421451843,0.96828461,0,0.580970766,14,0.473684211,0.631578947,O9,de-protonated,0,-9999,C19 H12 O9,19,12,9,-9999,-9999,-9999,-9999,-9999,-9999,-9999
1998,383.04119,383.041016944,383.041344768,1959058.3,-9999,300735.6,10.99,-1,-0.855845146,0.87554749,0,0.525328494,18,0.045454545,0.590909091,N2 S1 P1 O1,de-protonated,0,-9999,C22 H13 O1 N2 P1 S1,22,13,1,2,1,1,-9999,-9999,-9999,-9999
1998,383.04119,383.041016944,383.040693319,1959058.3,-9999,300735.6,10.99,-1,0.84488309,0.878514338,0,0.527108603,9,0.214285714,1.214285714,N4 S2 P1 O3,de-protonated,0,-9999,C14 H17 O3 N4 P1 S2,14,17,3,4,1,2,-9999,-9999,-9999,-9999
1999,383.062282,383.062108938,383.061984879,5206679.5,-9999,276699.4,33.1,-1,0.32386139,0.981148492,0,0.588689095,9,0.6875,1,O11,de-protonated,0,-9999,C16 H16 O11,16,16,11,-9999,-9999,-9999,-9999,-9999,-9999,-9999
1999,383.062282,383.062108938,383.062474136,5206679.5,-9999,276699.4,33.1,-1,-0.953365019,0.423980942,0.829532115,0.586201411,13,0.157894737,0.894736842,N2 S1 P1 O3,de-protonated,0,-9999,C19 H17 O3 N2 P1 S1,19,17,3,2,1,1,-9999,-9999,-9999,-9999
1999,383.062282,383.062108938,383.061822687,5206679.5,-9999,276699.4,33.1,-1,0.74726924,0.90364111,0,0.542184666,4,0.454545455,1.909090909,N4 S2 P1 O5,de-protonated,0,-9999,C11 H21 O5 N4 P1 S2,11,21,5,4,1,2,-9999,-9999,-9999,-9999
2000,383.098665,383.098491927,383.098370388,4820640.5,-9999,283483.5,30.47,-1,0.317252445,0.981903102,0,0.589141861,8,0.588235294,1.176470588,O10,de-protonated,0,-9999,C17 H20 O10,17,20,10,-9999,-9999,-9999,-9999,-9999,-9999,-9999
2000,383.098665,383.098491927,383.098859645,4820640.5,-9999,283483.5,30.47,-1,-0.959852649,0.423027132,0.822155738,0.582678575,12,0.1,1.05,N2 S1 P1 O2,de-protonated,0,-9999,C20 H21 O2 N2 P1 S1,20,21,2,2,1,1,-9999,-9999,-9999,-9999
2000,383.098665,383.098491927,383.098208197,4820640.5,-9999,283483.5,30.47,-1,0.740620078,0.905264703,0,0.543158822,3,0.333333333,2.083333333,N4 S2 P1 O4,de-protonated,0,-9999,C12 H25 O4 N4 P1 S2,12,25,4,4,1,2,-9999,-9999,-9999,-9999
2001,383.135008,383.134834916,383.134755897,2657449.8,-9999,287329.2,15.74,-1,0.206242877,0.992311584,0,0.595386951,7,0.5,1.333333333,O9,de-protonated,0,-9999,C18 H24 O9,18,24,9,-9999,-9999,-9999,-9999,-9999,-9999,-9999
2001,383.135008,383.134834916,383.134593706,2657449.8,-9999,287329.2,15.74,-1,0.629570257,0.930606489,0,0.558363893,2,0.230769231,2.230769231,N4 S2 P1 O3,de-protonated,0,-9999,C13 H29 O3 N4 P1 S2,13,29,3,4,1,2,-9999,-9999,-9999,-9999
2002,383.143254,383.143080914,383.142835914,3025580,-9999,297090.4,18.25,-1,0.639446172,0.928492655,0,0.557095593,2,0.384615385,2.153846154,N4 S2 O5,de-protonated,0,-9999,C13 H28 O5 N4 S2,13,28,5,4,-9999,2,-9999,-9999,-9999,-9999
2003,383.160951,383.160777908,383.160397275,1824432.4,-9999,308490.3,10.07,-1,0.993405757,0.836052772,0,0.501631663,10,0.043478261,1.260869565,S1 P1 O1,de-protonated,0,-9999,C23 H29 O1 P1 S1,23,29,1,-9999,1,1,-9999,-9999,-9999,-9999
2003,383.160951,383.160777908,383.160593979,1824432.4,-9999,308490.3,10.07,-1,0.480031761,0.959050727,0,0.575430436,2,0.538461538,2.153846154,N4 S1 O7,de-protonated,0,-9999,C13 H28 O7 N4 S1,13,28,7,4,-9999,1,-9999,-9999,-9999,-9999
2004,383.163359,383.163185908,383.162899198,2440369,-9999,303975.2,14.26,-1,0.748270734,0.903395561,0,0.542037337,6,0.315789474,1.526315789,P1 O6,de-protonated,0,-9999,C19 H29 O6 P1,19,29,6,-9999,1,-9999,-9999,-9999,-9999,-9999
2005,383.171373,383.171199905,383.171141407,2321075,-9999,242879.1,13.45,-1,0.152669972,0.995779703,0,0.597467822,6,0.421052632,1.473684211,O8,de-protonated,0,-9999,C19 H28 O8,19,28,8,-9999,-9999,-9999,-9999,-9999,-9999,-9999
2005,383.171373,383.171199905,383.170979215,2321075,-9999,242879.1,13.45,-1,0.57595713,0.941584336,0,0.564950602,1,0.142857143,2.357142857,N4 S2 P1 O2,de-protonated,0,-9999,C14 H33 O2 N4 P1 S2,14,33,2,4,1,2,-9999,-9999,-9999,-9999
2006,383.184301,383.184127902,383.184028566,4288182,-9999,275971.9,26.85,-1,0.259236641,0.987880034,0,0.592728021,1,0.5,2.0625,P1 O8,de-protonated,0,-9999,C16 H33 O8 P1,16,33,8,-9999,1,-9999,-9999,-9999,-9999,-9999
2007,383.192544,383.192370899,383.192270775,1623480.4,-9999,290399.5,8.7,-1,0.261290283,0.987688439,0,0.592613064,1,0.625,2,O10,de-protonated,0,-9999,C16 H32 O10,16,32,10,-9999,-9999,-9999,-9999,-9999,-9999,-9999
2009,383.207835,383.207661895,383.207526916,5783228,-9999,275819.2,37.03,-1,0.352233718,0.488869712,0.822155738,0.622184122,5,0.35,1.6,O7,de-protonated,0,-9999,C20 H32 O7,20,32,7,-9999,-9999,-9999,-9999,-9999,-9999,-9999
2009,383.207835,383.207661895,383.207364725,5783228,-9999,275819.2,37.03,-1,0.775480769,0.896624723,0,0.537974834,0,0.066666667,2.466666667,N4 S2 P1 O1,de-protonated,0,-9999,C15 H37 O1 N4 P1 S2,15,37,1,4,1,2,-9999,-9999,-9999,-9999
2010,383.220885,383.220711891,383.220414076,1938623.5,-9999,300487.2,10.85,-1,0.777138112,0.89620618,0,0.537723708,0,0.411764706,2.176470588,P1 O7,de-protonated,0,-9999,C17 H37 O7 P1,17,37,7,-9999,1,-9999,-9999,-9999,-9999,-9999
2011,383.230212,383.230038888,383.229993695,1860289.8,-9999,223221.8,10.31,-1,0.117927683,0.997479785,0,0.598487871,5,0.277777778,1.777777778,N4 O5,de-protonated,0,-9999,C18 H32 O5 N4,18,32,5,4,-9999,-9999,-9999,-9999,-9999,-9999
2012,384.065521,384.065347641,384.065117163,1444755.3,-9999,313859.1,7.48,-1,0.60010112,0.936745592,0,0.562047355,12,0.05,1,N1 S2 P1 O1,de-protonated,0,-9999,C20 H20 O1 N1 P1 S2,20,20,1,1,1,2,-9999,-9999,-9999,-9999
2017,385.020451,385.020277359,385.020120066,2141314,-9999,260585.7,12.22,-1,0.408533924,0.97017018,0,0.582102108,14,0.555555556,0.555555556,O10,de-protonated,0,-9999,C18 H10 O10,18,10,10,-9999,-9999,-9999,-9999,-9999,-9999,-9999
2017,385.020451,385.020277359,385.020609323,2141314,-9999,260585.7,12.22,-1,-0.862196884,0.873815562,0,0.524289337,18,0.095238095,0.523809524,N2 S1 P1 O2,de-protonated,0,-9999,C21 H11 O2 N2 P1 S1,21,11,2,2,1,1,-9999,-9999,-9999,-9999
2017,385.020451,385.020277359,385.019957874,2141314,-9999,260585.7,12.22,-1,0.829788441,0.882553132,0,0.529531879,9,0.307692308,1.153846154,N4 S2 P1 O4,de-protonated,0,-9999,C13 H15 O4 N4 P1 S2,13,15,4,4,1,2,-9999,-9999,-9999,-9999
2018,385.041509,385.041335353,385.041249434,2544775.3,-9999,286134.9,14.97,-1,0.223143633,0.991005803,0,0.594603482,9,0.8,0.933333333,O12,de-protonated,0,-9999,C15 H14 O12,15,14,12,-9999,-9999,-9999,-9999,-9999,-9999,-9999
2018,385.041509,385.041335353,385.041087242,2544775.3,-9999,286134.9,14.97,-1,0.644374955,0.92742722,0,0.556456332,4,0.6,1.9,N4 S2 P1 O6,de-protonated,0,-9999,C10 H19 O6 N4 P1 S2,10,19,6,4,1,2,-9999,-9999,-9999,-9999
2019,385.05693,385.056756349,385.056505575,1510539.1,-9999,340897.6,7.93,-1,0.651264571,0.925926287,0,0.555555772,13,0.473684211,0.736842105,O9,de-protonated,0,-9999,C19 H14 O9,19,14,9,-9999,-9999,-9999,-9999,-9999,-9999,-9999
2019,385.05693,385.056756349,385.056994832,1510539.1,-9999,340897.6,7.93,-1,-0.619346469,0.93276507,0,0.559659042,17,0.045454545,0.681818182,N2 S1 P1 O1,de-protonated,0,-9999,C22 H15 O1 N2 P1 S1,22,15,1,2,1,1,-9999,-9999,-9999,-9999
2020,385.077957,385.077783342,385.077634943,4486288.5,-9999,278492.9,28.19,-1,0.38537525500000003,0.973412163,0,0.584047298,8,0.6875,1.125,O11,de-protonated,0,-9999,C16 H18 O11,16,18,11,-9999,-9999,-9999,-9999,-9999,-9999,-9999
2020,385.077957,385.077783342,385.0781242,4486288.5,-9999,278492.9,28.19,-1,-0.885165728,0.86747518,0,0.520485108,12,0.157894737,1,N2 S1 P1 O3,de-protonated,0,-9999,C19 H19 O3 N2 P1 S1,19,19,3,2,1,1,-9999,-9999,-9999,-9999
2020,385.077957,385.077783342,385.077472752,4486288.5,-9999,278492.9,28.19,-1,0.806566844,0.888659211,0,0.533195527,3,0.454545455,2.090909091,N4 S2 P1 O5,de-protonated,0,-9999,C11 H23 O5 N4 P1 S2,11,23,5,4,1,2,-9999,-9999,-9999,-9999
2021,385.114231,385.114057332,385.114020452,3366041.5,-9999,281902.4,20.56,-1,0.095762111,0.99833743,0,0.599002458,7,0.588235294,1.294117647,O10,de-protonated,0,-9999,C17 H22 O10,17,22,10,-9999,-9999,-9999,-9999,-9999,-9999,-9999
2021,385.114231,385.114057332,385.113858261,3366041.5,-9999,281902.4,20.56,-1,0.516913784,0.952673474,0,0.571604084,2,0.333333333,2.25,N4 S2 P1 O4,de-protonated,0,-9999,C12 H27 O4 N4 P1 S2,12,27,4,4,1,2,-9999,-9999,-9999,-9999
2022,385.140224,385.140050324,385.139858534,1859231.9,-9999,271788.2,10.3,-1,0.497974315,0.956001919,0,0.573601152,2,0.666666667,2.166666667,N4 S1 O8,de-protonated,0,-9999,C12 H26 O8 N4 S1,12,26,8,4,-9999,1,-9999,-9999,-9999,-9999
2023,385.15086,385.150686321,385.150405962,2266274.5,-9999,278314.3,13.08,-1,0.727921255,0.908333118,0,0.544999871,6,0.5,1.444444444,O9,de-protonated,0,-9999,C18 H26 O9,18,26,9,-9999,-9999,-9999,-9999,-9999,-9999,-9999
2023,385.15086,385.150686321,385.150895219,2266274.5,-9999,278314.3,13.08,-1,-0.542380105,0.948021705,0,0.568813023,10,0.047619048,1.285714286,N2 S1 P1 O1,de-protonated,0,-9999,C21 H27 O1 N2 P1 S1,21,27,1,2,1,1,-9999,-9999,-9999,-9999
2024,385.173254,385.173080314,385.17287274,3452072.3,-9999,272942.9,21.15,-1,0.5389112,0.948667144,0,0.56920028600000006,6,0.4375,1.625,N4 O7,de-protonated,0,-9999,C16 H26 O7 N4,16,26,7,4,-9999,-9999,-9999,-9999,-9999,-9999
2025,385.176621,385.176447313,385.176244044,4166825,-9999,277068.8,26.02,-1,0.527731562,0.950722014,0,0.570433208,1,0.538461538,2.307692308,N4 S1 O7,de-protonated,0,-9999,C13 H30 O7 N4 S1,13,30,7,4,-9999,1,-9999,-9999,-9999,-9999
2026,385.178996,385.178822313,385.178549263,6985897.5,-9999,272889.8,45.22,-1,0.708892019,0.951954698,0.996438394,0.969748177,5,0.315789474,1.631578947,P1 O6,de-protonated,0,-9999,C19 H31 O6 P1,19,31,6,-9999,1,-9999,-9999,-9999,-9999,-9999
2027,385.1872,385.18702631,385.186791471,1900203.6,-9999,275357.8,10.58,-1,0.609675858,0.934778832,0,0.560867299,5,0.421052632,1.578947368,O8,de-protonated,0,-9999,C19 H30 O8,19,30,8,-9999,-9999,-9999,-9999,-9999,-9999,-9999
2028,385.200116,385.199942306,385.199678631,1864366.9,-9999,302708.2,10.34,-1,0.684516936,0.918493712,0,0.551096227,0,0.5,2.1875,P1 O8,de-protonated,0,-9999,C16 H35 O8 P1,16,35,8,-9999,1,-9999,-9999,-9999,-9999,-9999
2029,385.209539,385.209365304,385.20925825,2039473.3,-9999,308268.7,11.53,-1,0.277911056,0.986083632,0,0.591650179,5,0.352941176,1.764705882,N4 O6,de-protonated,0,-9999,C17 H30 O6 N4,17,30,6,4,-9999,-9999,-9999,-9999,-9999,-9999
2030,385.223494,385.2233203,385.22317698,5102772.5,-9999,281645.8,32.39,-1,0.372041533,0.48759878,0.822155738,0.621421564,4,0.35,1.7,O7,de-protonated,0,-9999,C20 H34 O7,20,34,7,-9999,-9999,-9999,-9999,-9999,-9999,-9999
2031,385.234757,385.234583296,385.23441037,1378231.5,-9999,266135,7.03,-1,0.448886188,0.964098613,0,0.578459168,4,0.315789474,1.789473684,N2 O6,de-protonated,0,-9999,C19 H34 O6 N2,19,34,6,2,-9999,-9999,-9999,-9999,-9999,-9999
2032,385.259675,385.259501289,385.25956249,1517757.8,-9999,326461,7.98,-1,-0.158856566,0.995431536,0,0.597258921,3,0.285714286,1.80952381,O6,de-protonated,0,-9999,C21 H38 O6,21,38,6,-9999,-9999,-9999,-9999,-9999,-9999,-9999
2033,386.112694,386.112520037,386.112640728,1553042.3,-9999,273361.8,8.22,-1,-0.312579738,0.982427586,0,0.589456551,2,0.769230769,1.923076923,N1 S1 O10,de-protonated,0,-9999,C13 H25 O10 N1 S1,13,25,10,1,-9999,1,-9999,-9999,-9999,-9999
2033,386.112694,386.112520037,386.112260605,1553042.3,-9999,273361.8,8.22,-1,0.671907003,0.921348753,0,0.552809252,7,0.466666667,1.466666667,N3 P1 O7,de-protonated,0,-9999,C15 H22 O7 N3 P1,15,22,7,3,1,-9999,-9999,-9999,-9999,-9999
2034,386.146786,386.146612027,386.146524314,2459546.8,-9999,310261.3,14.39,-1,0.227149646,0.990681488,0,0.594408893,5,0.222222222,1.611111111,N1 S2 O4,de-protonated,0,-9999,C18 H29 O4 N1 S2,18,29,4,1,-9999,2,-9999,-9999,-9999,-9999
2035,386.182164,386.181990016,386.181904098,1471907.5,-9999,379258,7.66,-1,0.222482565,0.991058776,0.996438394,0.993210623,5,0.315789474,1.631578947,13C1 P1 O6,de-protonated,1,2026,C18 H31 O6 P1 13C1,18,31,6,-9999,1,-9999,1,-9999,-9999,-9999
2035,386.182164,386.181990016,386.182040443,1471907.5,-9999,379258,7.66,-1,-0.130578002,0.996910969,0,0.598146582,5,0.444444444,1.611111111,N1 O8,de-protonated,0,-9999,C18 H29 O8 N1,18,29,8,1,-9999,-9999,-9999,-9999,-9999,-9999
2041,387.03609,387.035915764,387.03577013,2722935.8,-9999,270965,16.18,-1,0.376280973,0.974636359,0,0.584781816,13,0.555555556,0.666666667,O10,de-protonated,0,-9999,C18 H12 O10,18,12,10,-9999,-9999,-9999,-9999,-9999,-9999,-9999
2041,387.03609,387.035915764,387.036259387,2722935.8,-9999,270965,16.18,-1,-0.887831942,0.866731429,0,0.520038857,17,0.095238095,0.619047619,N2 S1 P1 O2,de-protonated,0,-9999,C21 H13 O2 N2 P1 S1,21,13,2,2,1,1,-9999,-9999,-9999,-9999
2041,387.03609,387.035915764,387.035607939,2722935.8,-9999,270965,16.18,-1,0.795341617,0.891563439,0,0.534938063,8,0.307692308,1.307692308,N4 S2 P1 O4,de-protonated,0,-9999,C13 H17 O4 N4 P1 S2,13,17,4,4,1,2,-9999,-9999,-9999,-9999
2042,387.057223,387.057048758,387.056899498,2799741,-9999,289890.3,16.7,-1,0.385627789,0.973377774,0,0.584026665,8,0.8,1.066666667,O12,de-protonated,0,-9999,C15 H16 O12,15,16,12,-9999,-9999,-9999,-9999,-9999,-9999,-9999
2042,387.057223,387.057048758,387.057388756,2799741,-9999,289890.3,16.7,-1,-0.87841613,0.869350838,0,0.521610503,12,0.222222222,0.944444444,N2 S1 P1 O4,de-protonated,0,-9999,C18 H17 O4 N2 P1 S1,18,17,4,2,1,1,-9999,-9999,-9999,-9999
2042,387.057223,387.057048758,387.056737307,2799741,-9999,289890.3,16.7,-1,0.80466556,0.889153311,0,0.533491987,3,0.6,2.1,N4 S2 P1 O6,de-protonated,0,-9999,C10 H21 O6 N4 P1 S2,10,21,6,4,1,2,-9999,-9999,-9999,-9999
2043,387.072593,387.072418754,387.072155639,1845376.8,-9999,256190.4,10.21,-1,0.679754574,0.919577163,0,0.551746298,12,0.473684211,0.842105263,O9,de-protonated,0,-9999,C19 H16 O9,19,16,9,-9999,-9999,-9999,-9999,-9999,-9999,-9999
2043,387.072593,387.072418754,387.072644897,1845376.8,-9999,256190.4,10.21,-1,-0.584239896,0.939943967,0,0.56396638,16,0.045454545,0.772727273,N2 S1 P1 O1,de-protonated,0,-9999,C22 H17 O1 N2 P1 S1,22,17,1,2,1,1,-9999,-9999,-9999,-9999
2044,387.093517,387.093342747,387.093285008,3290758,-9999,267262.5,20.05,-1,0.149162573,0.995971001,0,0.5975826,7,0.6875,1.25,O11,de-protonated,0,-9999,C16 H20 O11,16,20,11,-9999,-9999,-9999,-9999,-9999,-9999,-9999
2044,387.093517,387.093342747,387.093122816,3290758,-9999,267262.5,20.05,-1,0.568160857,0.943109521,0,0.565865712,2,0.454545455,2.272727273,N4 S2 P1 O5,de-protonated,0,-9999,C11 H25 O5 N4 P1 S2,11,25,5,4,1,2,-9999,-9999,-9999,-9999
2045,387.129917,387.129742737,387.129670517,1763982.9,-9999,276688.5,9.65,-1,0.186551791,0.993705197,0,0.596223118,6,0.588235294,1.411764706,O10,de-protonated,0,-9999,C17 H24 O10,17,24,10,-9999,-9999,-9999,-9999,-9999,-9999,-9999
2045,387.129917,387.129742737,387.129508326,1763982.9,-9999,276688.5,9.65,-1,0.60551071,0.935637718,0,0.561382631,1,0.333333333,2.416666667,N4 S2 P1 O4,de-protonated,0,-9999,C12 H29 O4 N4 P1 S2,12,29,4,4,1,2,-9999,-9999,-9999,-9999
2046,387.145585,387.145410732,387.145796038,1412242.8,-9999,197967.3,7.26,-1,-0.995247932,0.83549721,0,0.501298326,9,0.090909091,1.272727273,S2 O2,de-protonated,0,-9999,C22 H28 O2 S2,22,28,2,-9999,-9999,2,-9999,-9999,-9999,-9999
2047,387.152573,387.15239873,387.152137295,1462164.5,-9999,307296.1,7.6,-1,0.675275786,0.920590353,0,0.552354212,6,0.533333333,1.6,N4 O8,de-protonated,0,-9999,C15 H24 O8 N4,15,24,8,4,-9999,-9999,-9999,-9999,-9999,-9999
2048,387.158353,387.158178728,387.157813818,2497174,-9999,267439.4,14.64,-1,0.942536775,0.851126442,0,0.510675865,5,0.388888889,1.611111111,P1 O7,de-protonated,0,-9999,C18 H29 O7 P1,18,29,7,-9999,1,-9999,-9999,-9999,-9999,-9999
2049,387.1664,387.166225726,387.166056026,2332312,-9999,206645.6,13.52,-1,0.438312215,0.965741107,0,0.579444664,5,0.5,1.555555556,O9,de-protonated,0,-9999,C18 H28 O9,18,28,9,-9999,-9999,-9999,-9999,-9999,-9999,-9999
2049,387.1664,387.166225726,387.166545284,2332312,-9999,206645.6,13.52,-1,-0.825375391,0.883723608,0,0.530234165,9,0.047619048,1.380952381,N2 S1 P1 O1,de-protonated,0,-9999,C21 H29 O1 N2 P1 S1,21,29,1,2,1,1,-9999,-9999,-9999,-9999
2050,387.175866,387.175691723,387.175438941,2262170.3,-9999,262346,13.04,-1,0.652888255,0.925570593,0,0.555342356,18,0.034482759,0.827586207,O1,de-protonated,0,-9999,C29 H24 O1,29,24,1,-9999,-9999,-9999,-9999,-9999,-9999,-9999
2051,387.188836,387.188661719,387.1883261,16702110,-9999,270481.4,111.38,-1,0.866810476,0.875702585,0.91288101,0.890573955,13,0.038461538,1.115384615,P1 O1,de-protonated,0,-9999,C26 H29 O1 P1,26,29,1,-9999,1,-9999,-9999,-9999,-9999,-9999
2051,387.188836,387.188661719,387.188522805,16702110,-9999,270481.4,111.38,-1,0.35877718199999997,0.978264948,0.98484557,0.980897197,5,0.4375,1.75,N4 O7,de-protonated,0,-9999,C16 H28 O7 N4,16,28,7,4,-9999,-9999,-9999,-9999,-9999,-9999
2052,387.19228,387.192105718,387.191894108,13408926,-9999,270370.1,88.95,-1,0.546525053,0.938077349,0.943350926,0.94018678,0,0.538461538,2.461538462,N4 S1 O7,de-protonated,0,-9999,C13 H32 O7 N4 S1,13,32,7,4,-9999,1,-9999,-9999,-9999,-9999
2053,387.194651,387.194476718,387.194199327,8147615,-9999,260420.2,53.12,-1,0.716411586,0.93265316,0.956267461,0.94209888,4,0.315789474,1.736842105,P1 O6,de-protonated,0,-9999,C19 H33 O6 P1,19,33,6,-9999,1,-9999,-9999,-9999,-9999,-9999
2054,387.202932,387.202757715,387.202441536,1596065,-9999,300739.9,8.51,-1,0.816574074,0.886043924,0,0.531626355,4,0.421052632,1.684210526,O8,de-protonated,0,-9999,C19 H32 O8,19,32,8,-9999,-9999,-9999,-9999,-9999,-9999,-9999
2055,387.209932,387.209757713,387.209455468,5855906.5,-9999,259466.6,37.52,-1,0.780571353,0.447668468,0.800793265,0.588918387,8,0.130434783,1.434782609,P1 O3,de-protonated,0,-9999,C23 H33 O3 P1,23,33,3,-9999,1,-9999,-9999,-9999,-9999,-9999
2055,387.209932,387.209757713,387.209652173,5855906.5,-9999,259466.6,37.52,-1,0.272565826,0.986610242,0,0.591966145,0,0.692307692,2.461538462,N4 O9,de-protonated,0,-9999,C13 H32 O9 N4,13,32,9,4,-9999,-9999,-9999,-9999,-9999,-9999
2056,387.225292,387.225117708,387.224908314,2100390.5,-9999,322413.9,11.94,-1,0.540756261,0.948324305,0,0.568994583,4,0.352941176,1.882352941,N4 O6,de-protonated,0,-9999,C17 H32 O6 N4,17,32,6,4,-9999,-9999,-9999,-9999,-9999,-9999
2057,387.239186,387.239011704,387.238827045,2908842,-9999,303110.4,17.45,-1,0.476861844,0.959578718,0,0.575747231,3,0.35,1.8,O7,de-protonated,0,-9999,C20 H36 O7,20,36,7,-9999,-9999,-9999,-9999,-9999,-9999,-9999
2058,388.126015,388.125840443,388.125788869,3897221.5,-9999,277769.1,24.18,-1,0.132878472,0.996801344,0,0.598080806,5,0.294117647,1.588235294,N1 S2 O5,de-protonated,0,-9999,C17 H27 O5 N1 S2,17,27,5,1,-9999,2,-9999,-9999,-9999,-9999
2059,388.162528,388.162353432,388.162174378,2810766.5,-9999,304570.8,16.78,-1,0.46128511,0.962126473,0,0.577275884,4,0.222222222,1.722222222,N1 S2 O4,de-protonated,0,-9999,C18 H31 O4 N1 S2,18,31,4,1,-9999,2,-9999,-9999,-9999,-9999
2060,388.172883,388.172708429,388.172538388,8436625,-9999,265386,55.09,-1,0.438055084,0.980053962,0.996913083,0.98679761,5,0.5,1.6875,N3 O8,de-protonated,0,-9999,C16 H27 O8 N3,16,27,8,3,-9999,-9999,-9999,-9999,-9999,-9999
2061,388.192183,388.192008423,388.191680935,2548117.8,-9999,301282.1,14.99,-1,0.843623399,0.878853458,0.91288101,0.892464479,13,0.038461538,1.115384615,13C1 P1 O1,de-protonated,1,2051,C25 H29 O1 P1 13C1,25,29,1,-9999,1,-9999,1,-9999,-9999,-9999
2061,388.192183,388.192008423,388.191817281,2548117.8,-9999,301282.1,14.99,-1,0.492390506,0.956961665,0,0.574176999,13,0.12,1.08,N1 O3,de-protonated,0,-9999,C25 H27 O3 N1,25,27,3,1,-9999,-9999,-9999,-9999,-9999,-9999
2061,388.192183,388.192008423,388.19187764,2548117.8,-9999,301282.1,14.99,-1,0.336903225,0.979615519,0.98484557,0.981707539,5,0.4375,1.75,13C1 N4 O7,de-protonated,1,2051,C15 H28 O7 N4 13C1,15,28,7,4,-9999,-9999,1,-9999,-9999,-9999
2062,388.195671,388.195496422,388.195188584,2941846.8,-9999,295320.1,17.67,-1,0.792996989,0.892166095,0,0.535299657,8,0.136363636,1.409090909,N1 S1 O3,de-protonated,0,-9999,C22 H31 O3 N1 S1,22,31,3,1,-9999,1,-9999,-9999,-9999,-9999
2062,388.195671,388.195496422,388.195248943,2941846.8,-9999,295320.1,17.67,-1,0.637511011,0.928909067,0.943350926,0.934685811,0,0.538461538,2.461538462,13C1 N4 S1 O7,de-protonated,1,2052,C12 H32 O7 N4 S1 13C1,12,32,7,4,-9999,1,1,-9999,-9999,-9999
2063,388.197926,388.197751421,388.197554162,2220951.3,-9999,307778.8,12.76,-1,0.508141068,0.954229201,0.956267461,0.955044505,4,0.315789474,1.736842105,13C1 P1 O6,de-protonated,1,2053,C18 H33 O6 P1 13C1,18,33,6,-9999,1,-9999,1,-9999,-9999,-9999
2063,388.197926,388.197751421,388.197690508,2220951.3,-9999,307778.8,12.76,-1,0.156913607,0.995542357,0,0.597325414,4,0.444444444,1.722222222,N1 O8,de-protonated,0,-9999,C18 H31 O8 N1,18,31,8,1,-9999,-9999,-9999,-9999,-9999,-9999
2064,388.213448,388.213273417,388.212946649,1443227.1,-9999,332616.1,7.47,-1,0.841722641,0.879364448,0,0.527618669,8,0.227272727,1.409090909,N1 O5,de-protonated,0,-9999,C22 H31 O5 N1,22,31,5,1,-9999,-9999,-9999,-9999,-9999,-9999
2065,388.299054,388.298879391,388.298604827,2181040.3,-9999,293873.6,12.49,-1,0.707095205,0.913272138,0,0.547963283,1,0.142857143,2.095238095,N1 P1 O3,de-protonated,0,-9999,C21 H44 O3 N1 P1,21,44,3,1,1,-9999,-9999,-9999,-9999,-9999
2070,389.015249,389.01507418,389.015034685,1780832.9,-9999,331533,9.76,-1,0.101524951,0.998131499,0,0.598878899,13,0.647058824,0.588235294,O11,de-protonated,0,-9999,C17 H10 O11,17,10,11,-9999,-9999,-9999,-9999,-9999,-9999,-9999
2070,389.015249,389.01507418,389.014872494,1780832.9,-9999,331533,9.76,-1,0.518453346,0.952397971,0,0.571438782,8,0.416666667,1.25,N4 S2 P1 O5,de-protonated,0,-9999,C12 H15 O5 N4 P1 S2,12,15,5,4,1,2,-9999,-9999,-9999,-9999
2071,389.051573,389.051398169,389.051420195,2836585.8,-9999,291026.3,16.95,-1,-0.056612934,0.999418622,0,0.599651173,12,0.555555556,0.777777778,O10,de-protonated,0,-9999,C18 H14 O10,18,14,10,-9999,-9999,-9999,-9999,-9999,-9999,-9999
2071,389.051573,389.051398169,389.051258003,2836585.8,-9999,291026.3,16.95,-1,0.360276402,0.976723307,0,0.586033984,7,0.307692308,1.461538462,N4 S2 P1 O4,de-protonated,0,-9999,C13 H19 O4 N4 P1 S2,13,19,4,4,1,2,-9999,-9999,-9999,-9999
2072,389.072836,389.072661163,389.072549563,1652335,-9999,351904.2,8.89,-1,0.286836786,0.985182129,0,0.591109277,7,0.8,1.2,O12,de-protonated,0,-9999,C15 H18 O12,15,18,12,-9999,-9999,-9999,-9999,-9999,-9999,-9999
2072,389.072836,389.072661163,389.07303882,1652335,-9999,351904.2,8.89,-1,-0.970658444,0.842857877,0,0.505714726,11,0.222222222,1.055555556,N2 S1 P1 O4,de-protonated,0,-9999,C18 H19 O4 N2 P1 S1,18,19,4,2,1,1,-9999,-9999,-9999,-9999
2072,389.072836,389.072661163,389.072387371,1652335,-9999,351904.2,8.89,-1,0.703703625,0.914065387,0,0.548439232,2,0.6,2.3,N4 S2 P1 O6,de-protonated,0,-9999,C10 H23 O6 N4 P1 S2,10,23,6,4,1,2,-9999,-9999,-9999,-9999
2073,389.088168,389.087993158,389.087805704,2592882.8,-9999,286395.5,15.29,-1,0.481779434,0.958758258,0,0.575254955,11,0.473684211,0.947368421,O9,de-protonated,0,-9999,C19 H18 O9,19,18,9,-9999,-9999,-9999,-9999,-9999,-9999,-9999
2073,389.088168,389.087993158,389.088294961,2592882.8,-9999,286395.5,15.29,-1,-0.775666735,0.896577794,0,0.537946677,15,0.045454545,0.863636364,N2 S1 P1 O1,de-protonated,0,-9999,C22 H19 O1 N2 P1 S1,22,19,1,2,1,1,-9999,-9999,-9999,-9999
2073,389.088168,389.087993158,389.087643513,2592882.8,-9999,286395.5,15.29,-1,0.898630009,0.863702993,0,0.518221796,6,0.214285714,1.642857143,N4 S2 P1 O3,de-protonated,0,-9999,C14 H23 O3 N4 P1 S2,14,23,3,4,1,2,-9999,-9999,-9999,-9999
2074,389.101461,389.101286155,389.101562243,1454966.1,-9999,277993.2,7.54,-1,-0.709554751,0.912694927,0,0.547616956,5,0.235294118,1.588235294,S2 P1 O4,de-protonated,0,-9999,C17 H27 O4 P1 S2,17,27,4,-9999,1,2,-9999,-9999,-9999,-9999
2075,389.124478,389.124303148,389.124191213,1925243.8,-9999,314216,10.75,-1,0.287657346,0.985097864,0,0.591058718,10,0.4,1.1,O8,de-protonated,0,-9999,C20 H22 O8,20,22,8,-9999,-9999,-9999,-9999,-9999,-9999,-9999
2075,389.124478,389.124303148,389.124029022,1925243.8,-9999,314216,10.75,-1,0.704468862,0.913886681,0,0.548332009,5,0.133333333,1.8,N4 S2 P1 O2,de-protonated,0,-9999,C15 H27 O2 N4 P1 S2,15,27,2,4,1,2,-9999,-9999,-9999,-9999
2076,389.138133,389.137958144,389.137947753,1504831.1,-9999,162159.2,7.88,-1,0.026702511,0.999870631,0,0.599922379,4,0.166666667,1.722222222,S2 P1 O3,de-protonated,0,-9999,C18 H31 O3 P1 S2,18,31,3,-9999,1,2,-9999,-9999,-9999,-9999
2077,389.168109,389.167934135,389.167590655,3158150.5,-9999,307669.5,19.14,-1,0.882600217,0.868189328,0,0.520913597,13,0.08,1.08,P1 O2,de-protonated,0,-9999,C25 H27 O2 P1,25,27,2,-9999,1,-9999,-9999,-9999,-9999,-9999
2077,389.168109,389.167934135,389.16778736,3158150.5,-9999,307669.5,19.14,-1,0.377150717,0.97452048,0,0.584712288,5,0.533333333,1.733333333,N4 O8,de-protonated,0,-9999,C15 H26 O8 N4,15,26,8,4,-9999,-9999,-9999,-9999,-9999,-9999
2078,389.174022,389.173847133,389.173463882,2999944,-9999,280007.7,18.06,-1,0.984781645,0.838644812,0,0.503186887,4,0.388888889,1.722222222,P1 O7,de-protonated,0,-9999,C18 H31 O7 P1,18,31,7,-9999,1,-9999,-9999,-9999,-9999,-9999
2079,389.176137,389.175962132,389.175832864,1424264.5,-9999,319448,7.33,-1,0.33215973,0.980179805,0,0.588107883,13,0.16,1.04,O4,de-protonated,0,-9999,C25 H26 O4,25,26,4,-9999,-9999,-9999,-9999,-9999,-9999,-9999
2079,389.176137,389.175962132,389.175893223,1424264.5,-9999,319448,7.33,-1,0.177065617,0.994327329,0.996913083,0.995361631,5,0.5,1.6875,13C1 N3 O8,de-protonated,1,2060,C15 H27 O8 N3 13C1,15,27,8,3,-9999,-9999,1,-9999,-9999,-9999
2080,389.181942,389.181767131,389.181706091,1631625.9,-9999,216196.6,8.75,-1,0.156842047,0.995546413,0,0.597327848,4,0.5,1.666666667,O9,de-protonated,0,-9999,C18 H30 O9,18,30,9,-9999,-9999,-9999,-9999,-9999,-9999,-9999
2081,389.189393,389.189218129,389.188916728,4672651.5,-9999,282507.8,29.46,-1,0.774432551,0.896889078,0,0.538133447,0,0.833333333,2.5,N4 O10,de-protonated,0,-9999,C12 H30 O10 N4,12,30,10,4,-9999,-9999,-9999,-9999,-9999,-9999
2083,389.197231,389.197056126,389.196962232,1979533.6,-9999,272933.2,11.12,-1,0.241251244,0.989494862,0,0.593696917,8,0.272727273,1.363636364,O6,de-protonated,0,-9999,C22 H30 O6,22,30,6,-9999,-9999,-9999,-9999,-9999,-9999,-9999
2084,389.208129,389.207954123,389.208195621,3174544.3,-9999,303596.2,19.25,-1,-0.620486051,0.93252597,0,0.559515582,8,0.238095238,1.428571429,N2 O5,de-protonated,0,-9999,C21 H30 O5 N2,21,30,5,2,-9999,-9999,-9999,-9999,-9999,-9999
2085,389.210394,389.210219122,389.209849392,6853777,-9999,267516.1,44.31,-1,0.949952309,0.87970147,0.891515486,0.884427076,3,0.315789474,1.842105263,P1 O6,de-protonated,0,-9999,C19 H35 O6 P1,19,35,6,-9999,1,-9999,-9999,-9999,-9999,-9999
2086,389.218402,389.21822712,389.2180916,1402770.9,-9999,305186.9,7.19,-1,0.348185101,0.978242638,0,0.586945583,3,0.421052632,1.789473684,O8,de-protonated,0,-9999,C19 H34 O8,19,34,8,-9999,-9999,-9999,-9999,-9999,-9999,-9999
2090,390.167346,390.16717084,390.167059084,3435900,-9999,292638.6,21.03,-1,0.286430335,0.985223782,0,0.591134269,9,0.315789474,1.315789474,N3 O6,de-protonated,0,-9999,C19 H25 O6 N3,19,25,6,3,-9999,-9999,-9999,-9999,-9999,-9999
2091,390.170664,390.170488839,390.170430387,2503036.8,-9999,329808,14.68,-1,0.149809871,0.995936028,0,0.597561617,4,0.375,1.8125,N3 S1 O6,de-protonated,0,-9999,C16 H29 O6 N3 S1,16,29,6,3,-9999,1,-9999,-9999,-9999,-9999
2092,390.203846,390.203670829,390.203444593,1820037,-9999,255275.7,10.03,-1,0.579788718,0.940828061,0,0.564496837,8,0.25,1.45,N3 O5,de-protonated,0,-9999,C20 H29 O5 N3,20,29,5,3,-9999,-9999,-9999,-9999,-9999,-9999
2093,390.21366,390.213484826,390.213204227,2651527.5,-9999,270299.7,15.69,-1,0.719092804,0.910441065,0.891515486,0.902870833,3,0.315789474,1.842105263,13C1 P1 O6,de-protonated,1,2085,C18 H35 O6 P1 13C1,18,35,6,-9999,1,-9999,1,-9999,-9999,-9999
2093,390.21366,390.213484826,390.213340572,2651527.5,-9999,270299.7,15.69,-1,0.369679537,0.975507613,0,0.585304568,3,0.444444444,1.833333333,N1 O8,de-protonated,0,-9999,C18 H33 O8 N1,18,33,8,1,-9999,-9999,-9999,-9999,-9999,-9999
2094,390.314806,390.314630796,390.314254892,4112800.3,-9999,285670.3,25.55,-1,0.963081565,0.845101625,0,0.507060975,0,0.142857143,2.19047619,N1 P1 O3,de-protonated,0,-9999,C21 H46 O3 N1 P1,21,46,3,1,1,-9999,-9999,-9999,-9999,-9999
2099,391.031126,391.030950585,391.03068475,2813519.5,-9999,252333.3,16.73,-1,0.679831757,0.919559654,0,0.551735793,12,0.647058824,0.705882353,O11,de-protonated,0,-9999,C17 H12 O11,17,12,11,-9999,-9999,-9999,-9999,-9999,-9999,-9999
2099,391.031126,391.030950585,391.031174007,2813519.5,-9999,252333.3,16.73,-1,-0.571366908,0.942484539,0,0.565490723,16,0.15,0.65,N2 S1 P1 O3,de-protonated,0,-9999,C20 H13 O3 N2 P1 S1,20,13,3,2,1,1,-9999,-9999,-9999,-9999
2100,391.067408,391.067232574,391.067070259,3427928.5,-9999,269420.4,20.9,-1,0.415056719,0.969224955,0,0.581534973,11,0.555555556,0.888888889,O10,de-protonated,0,-9999,C18 H16 O10,18,16,10,-9999,-9999,-9999,-9999,-9999,-9999,-9999
2100,391.067408,391.067232574,391.067559516,3427928.5,-9999,269420.4,20.9,-1,-0.836025201,0.88089098,0,0.528534588,15,0.095238095,0.80952381,N2 S1 P1 O2,de-protonated,0,-9999,C21 H17 O2 N2 P1 S1,21,17,2,2,1,1,-9999,-9999,-9999,-9999
2100,391.067408,391.067232574,391.066908068,3427928.5,-9999,269420.4,20.9,-1,0.829797506,0.882550723,0,0.529530434,6,0.307692308,1.615384615,N4 S2 P1 O4,de-protonated,0,-9999,C13 H21 O4 N4 P1 S2,13,21,4,4,1,2,-9999,-9999,-9999,-9999
2101,391.103679,391.103503563,391.103455768,3198561.3,-9999,283793.4,19.35,-1,0.122205404,0.997293884,0,0.598376331,10,0.473684211,1.052631579,O9,de-protonated,0,-9999,C19 H20 O9,19,20,9,-9999,-9999,-9999,-9999,-9999,-9999,-9999
2101,391.103679,391.103503563,391.103293577,3198561.3,-9999,283793.4,19.35,-1,0.536907485,0.949038275,0,0.569422965,5,0.214285714,1.785714286,N4 S2 P1 O3,de-protonated,0,-9999,C14 H25 O3 N4 P1 S2,14,25,3,4,1,2,-9999,-9999,-9999,-9999
2102,391.140177,391.140001553,391.139841278,1725546.3,-9999,320390.4,9.35,-1,0.409763498,0.969993076,0,0.581995846,9,0.4,1.2,O8,de-protonated,0,-9999,C20 H24 O8,20,24,8,-9999,-9999,-9999,-9999,-9999,-9999,-9999
2102,391.140177,391.140001553,391.139679086,1725546.3,-9999,320390.4,9.35,-1,0.824427121,0.883974505,0,0.530384703,4,0.133333333,1.933333333,N4 S2 P1 O2,de-protonated,0,-9999,C15 H29 O2 N4 P1 S2,15,29,2,4,1,2,-9999,-9999,-9999,-9999
2103,391.153071,391.152895549,391.152728437,29879918,-9999,265755.1,200.41,-1,0.42722814,0.975151537,0.989193668,0.980768389,4,0.470588235,1.705882353,P1 O8,de-protonated,0,-9999,C17 H29 O8 P1,17,29,8,-9999,1,-9999,-9999,-9999,-9999,-9999
2104,391.162716,391.162540546,391.162308056,1464687.8,-9999,187692.9,7.58,-1,0.594355822,0.937912749,0,0.562747649,9,0.333333333,1.333333333,N4 O6,de-protonated,0,-9999,C18 H24 O6 N4,18,24,6,4,-9999,-9999,-9999,-9999,-9999,-9999
2106,391.176647,391.176471542,391.176226787,1494899.1,-9999,275922.1,7.78,-1,0.625689127,0.931429496,0,0.558857697,8,0.333333333,1.333333333,O7,de-protonated,0,-9999,C21 H28 O7,21,28,7,-9999,-9999,-9999,-9999,-9999,-9999,-9999
2107,391.189549,391.189373538,391.189113947,3520118.3,-9999,280152.7,21.53,-1,0.663595492,0.923206301,0,0.553923781,3,0.388888889,1.833333333,P1 O7,de-protonated,0,-9999,C18 H33 O7 P1,18,33,7,-9999,1,-9999,-9999,-9999,-9999,-9999
2108,391.19892,391.198744535,391.198693566,1678968.5,-9999,252214.6,9.03,-1,0.13029071,0.996924526,0,0.598154716,8,0.263157895,1.473684211,N4 O5,de-protonated,0,-9999,C19 H28 O5 N4,19,28,5,4,-9999,-9999,-9999,-9999,-9999,-9999
2110,391.212948,391.212772531,391.212612296,3553916,-9999,277772.3,21.76,-1,0.409584555,0.970018881,0,0.582011329,7,0.272727273,1.454545455,O6,de-protonated,0,-9999,C22 H32 O6,22,32,6,-9999,-9999,-9999,-9999,-9999,-9999,-9999
2111,391.225971,391.225795527,391.225499456,2393215.3,-9999,271534.4,13.88,-1,0.756778965,0.901298952,0,0.540779371,2,0.315789474,1.947368421,P1 O6,de-protonated,0,-9999,C19 H37 O6 P1,19,37,6,-9999,1,-9999,-9999,-9999,-9999,-9999
2112,391.262343,391.262167517,391.261884965,1472904.1,-9999,280831.7,7.64,-1,0.7221535,0.90971263,0,0.545827578,1,0.25,2.05,P1 O5,de-protonated,0,-9999,C20 H41 O5 P1,20,41,5,-9999,1,-9999,-9999,-9999,-9999,-9999
2115,392.146483,392.146307255,392.146323639,2034527.6,-9999,275539.8,11.45,-1,-0.041779751,0.999683323,0,0.599809994,9,0.388888889,1.277777778,N3 O7,de-protonated,0,-9999,C18 H23 O7 N3,18,23,7,3,-9999,-9999,-9999,-9999,-9999,-9999
2116,392.150009,392.149833254,392.149694943,2507104.5,-9999,287803.1,14.65,-1,0.352701698,0.977680898,0,0.586608539,4,0.466666667,1.8,N3 S1 O7,de-protonated,0,-9999,C15 H27 O7 N3 S1,15,27,7,3,-9999,1,-9999,-9999,-9999,-9999
2117,392.15638,392.156204253,392.156083272,5952354,-9999,269668.2,38.03,-1,0.308500001,0.982879373,0.989193668,0.985405091,4,0.470588235,1.705882353,13C1 P1 O8,de-protonated,1,2103,C16 H29 O8 P1 13C1,16,29,8,-9999,1,-9999,1,-9999,-9999,-9999
2117,392.15638,392.156204253,392.156219618,5952354,-9999,269668.2,38.03,-1,-0.039182007,0.499860737,0.85247738,0.640907394,4,0.625,1.6875,N1 O10,de-protonated,0,-9999,C16 H27 O10 N1,16,27,10,1,-9999,-9999,-9999,-9999,-9999,-9999
2118,392.183011,392.182835245,392.182709149,16473961,-9999,264188,109.43,-1,0.321523836,0.970609828,0.990818687,0.978693371,8,0.315789474,1.421052632,N3 O6,de-protonated,0,-9999,C19 H27 O6 N3,19,27,6,3,-9999,-9999,-9999,-9999,-9999,-9999
2119,392.221239,392.221063233,392.220748428,2941809.8,-9999,271779.1,17.6,-1,0.802622435,0.889683278,0,0.533809967,2,0.333333333,2,N1 P1 O6,de-protonated,0,-9999,C18 H36 O6 N1 P1,18,36,6,1,1,-9999,-9999,-9999,-9999,-9999
2120,392.232529,392.23235323,392.231981818,1816436.6,-9999,300130.9,9.97,-1,0.946920614,0.8498482,0,0.50990892,2,0.294117647,2.117647059,N3 P1 O5,de-protonated,0,-9999,C17 H36 O5 N3 P1,17,36,5,3,1,-9999,-9999,-9999,-9999,-9999
2123,393.046588,393.04641199,393.046334814,3775546.5,-9999,278287.8,23.26,-1,0.196352283,0.9930288,0,0.59581728,11,0.647058824,0.823529412,O11,de-protonated,0,-9999,C17 H14 O11,17,14,11,-9999,-9999,-9999,-9999,-9999,-9999,-9999
2123,393.046588,393.04641199,393.046172623,3775546.5,-9999,278287.8,23.26,-1,0.609004467,0.934917623,0,0.560950574,6,0.416666667,1.583333333,N4 S2 P1 O5,de-protonated,0,-9999,C12 H19 O5 N4 P1 S2,12,19,5,4,1,2,-9999,-9999,-9999,-9999
2124,393.073381,393.073204982,393.072824345,1814592.9,-9999,274445.7,9.95,-1,0.968362682,0.843538949,0,0.50612337,15,0.35,0.7,N2 O7,de-protonated,0,-9999,C20 H14 O7 N2,20,14,7,2,-9999,-9999,-9999,-9999,-9999,-9999
2125,393.083009,393.082832979,393.082720324,3908675.3,-9999,280408.9,24.16,-1,0.286594744,0.98520694,0,0.591124164,10,0.555555556,1,O10,de-protonated,0,-9999,C18 H18 O10,18,18,10,-9999,-9999,-9999,-9999,-9999,-9999,-9999
2125,393.083009,393.082832979,393.083209581,3908675.3,-9999,280408.9,24.16,-1,-0.958071724,0.846578787,0,0.507947272,14,0.095238095,0.904761905,N2 S1 P1 O2,de-protonated,0,-9999,C21 H19 O2 N2 P1 S1,21,19,2,2,1,1,-9999,-9999,-9999,-9999
2125,393.083009,393.082832979,393.082558132,3908675.3,-9999,280408.9,24.16,-1,0.699208769,0.915111855,0,0.549067113,5,0.307692308,1.769230769,N4 S2 P1 O4,de-protonated,0,-9999,C13 H23 O4 N4 P1 S2,13,23,4,4,1,2,-9999,-9999,-9999,-9999
2126,393.119423,393.119246968,393.119105833,2575948,-9999,283346.8,15.12,-1,0.359014197,0.976884222,0,0.586130533,9,0.473684211,1.157894737,O9,de-protonated,0,-9999,C19 H22 O9,19,22,9,-9999,-9999,-9999,-9999,-9999,-9999,-9999
2126,393.119423,393.119246968,393.11959509,2575948,-9999,283346.8,15.12,-1,-0.88553716,0.867371664,0,0.520422998,13,0.045454545,1.045454545,N2 S1 P1 O1,de-protonated,0,-9999,C22 H23 O1 N2 P1 S1,22,23,1,2,1,1,-9999,-9999,-9999,-9999
2126,393.119423,393.119246968,393.118943642,2575948,-9999,283346.8,15.12,-1,0.771590062,0.89760453,0,0.538562718,4,0.214285714,1.928571429,N4 S2 P1 O3,de-protonated,0,-9999,C14 H27 O3 N4 P1 S2,14,27,3,4,1,2,-9999,-9999,-9999,-9999
2127,393.132424,393.132247964,393.131860051,1649743.3,-9999,323838.4,8.83,-1,0.986726595,0.838061518,0,0.502836911,17,0.037037037,0.814814815,S1 O1,de-protonated,0,-9999,C27 H22 O1 S1,27,22,1,-9999,-9999,1,-9999,-9999,-9999,-9999
2127,393.132424,393.132247964,393.131992992,1649743.3,-9999,323838.4,8.83,-1,0.648565714,0.926515856,0,0.555909514,4,0.5625,1.6875,P1 O9,de-protonated,0,-9999,C16 H27 O9 P1,16,27,9,-9999,1,-9999,-9999,-9999,-9999,-9999
2128,393.141858,393.141681962,393.141375907,1907793.5,-9999,341191,10.58,-1,0.778484904,0.895865549,0,0.537519329,17,0.037037037,0.851851852,P1 O1,de-protonated,0,-9999,C27 H23 O1 P1,27,23,1,-9999,1,-9999,-9999,-9999,-9999,-9999
2128,393.141858,393.141681962,393.141572611,1907793.5,-9999,341191,10.58,-1,0.278144424,0.986060414,0,0.591636248,9,0.411764706,1.294117647,N4 O7,de-protonated,0,-9999,C17 H22 O7 N4,17,22,7,4,-9999,-9999,-9999,-9999,-9999,-9999
2129,393.155678,393.155501958,393.155491342,1582164.9,-9999,308775.7,8.37,-1,0.027000223,0.99986773,0,0.599920638,8,0.4,1.3,O8,de-protonated,0,-9999,C20 H26 O8,20,26,8,-9999,-9999,-9999,-9999,-9999,-9999,-9999
2129,393.155678,393.155501958,393.155329151,1582164.9,-9999,308775.7,8.37,-1,0.439537768,0.965552601,0,0.579331561,3,0.133333333,2.066666667,N4 S2 P1 O2,de-protonated,0,-9999,C15 H31 O2 N4 P1 S2,15,31,2,4,1,2,-9999,-9999,-9999,-9999
2131,393.168841,393.168664954,393.168378502,3606616,-9999,275608.1,22.11,-1,0.728572909,0.908176699,0,0.54490602,3,0.470588235,1.823529412,P1 O8,de-protonated,0,-9999,C17 H31 O8 P1,17,31,8,-9999,1,-9999,-9999,-9999,-9999,-9999
2132,393.178244,393.178067951,393.177958121,1807962.3,-9999,199732.3,9.91,-1,0.279339268,0.985941242,0,0.591564745,8,0.333333333,1.444444444,N4 O6,de-protonated,0,-9999,C18 H26 O6 N4,18,26,6,4,-9999,-9999,-9999,-9999,-9999,-9999
2133,393.186427,393.186250948,393.186003625,3607644.3,-9999,273771,22.12,-1,0.629024494,0.465361242,0.767553728,0.586238236,16,0.071428571,0.928571429,O2,de-protonated,0,-9999,C28 H26 O2,28,26,2,-9999,-9999,-9999,-9999,-9999,-9999,-9999
2133,393.186427,393.186250948,393.186063984,3607644.3,-9999,273771,22.12,-1,0.475512166,0.95980255,0.990818687,0.972209005,8,0.315789474,1.421052632,13C1 N3 O6,de-protonated,1,2118,C18 H27 O6 N3 13C1,18,27,6,3,-9999,-9999,1,-9999,-9999,-9999
2134,393.191228,393.191051947,393.19084528,3997789.5,-9999,308216.4,24.77,-1,0.525614068,0.951106861,0,0.570664117,3,0.4,2.066666667,N4 P1 O6,de-protonated,0,-9999,C15 H31 O6 N4 P1,15,31,6,4,1,-9999,-9999,-9999,-9999,-9999
2135,393.205259,393.205082943,393.204764011,5189729,-9999,267046.3,32.86,-1,0.811108501,0.887475338,0,0.532485203,2,0.388888889,1.944444444,P1 O7,de-protonated,0,-9999,C18 H35 O7 P1,18,35,7,-9999,1,-9999,-9999,-9999,-9999,-9999
2137,393.228529,393.228352936,393.228262361,3620966.5,-9999,265858.2,22.21,-1,0.230337148,0.990419393,0,0.594251636,6,0.272727273,1.545454545,O6,de-protonated,0,-9999,C22 H34 O6,22,34,6,-9999,-9999,-9999,-9999,-9999,-9999,-9999
2138,393.278021,393.277844921,393.27753503,9801842,-9999,269291.4,64.15,-1,0.787971638,0.88644795,0.997006453,0.930671351,0,0.25,2.15,P1 O5,de-protonated,0,-9999,C20 H43 O5 P1,20,43,5,-9999,1,-9999,-9999,-9999,-9999,-9999
2139,394.162325,394.16214866,394.161973704,5043528.5,-9999,276915.6,31.86,-1,0.443869757,0.964882366,0,0.578929419,8,0.388888889,1.388888889,N3 O7,de-protonated,0,-9999,C18 H25 O7 N3,18,25,7,3,-9999,-9999,-9999,-9999,-9999,-9999
2141,394.196409,394.19623265,394.19585729,2922320.5,-9999,273915.4,17.47,-1,0.952218572,0.848298084,0,0.50897885,11,0.043478261,1.260869565,N3 S1 O1,de-protonated,0,-9999,C23 H29 O1 N3 S1,23,29,1,3,-9999,1,-9999,-9999,-9999,-9999
2142,394.200534,394.200357649,394.200012983,2569041.5,-9999,288061.6,15.07,-1,0.874342103,0.870477973,0,0.522286784,2,0.411764706,2,N1 P1 O7,de-protonated,0,-9999,C17 H34 O7 N1 P1,17,34,7,1,1,-9999,-9999,-9999,-9999,-9999
2143,394.236866,394.236689638,394.236398493,5656922.5,-9999,257560.6,36.02,-1,0.738505101,0.452889352,0.837042051,0.606550431,1,0.333333333,2.111111111,N1 P1 O6,de-protonated,0,-9999,C18 H38 O6 N1 P1,18,38,6,1,1,-9999,-9999,-9999,-9999,-9999
2144,394.281398,394.281221625,394.280889865,2077029.1,-9999,298111.3,11.73,-1,0.841431151,0.879442735,0.997006453,0.926468222,0,0.25,2.15,13C1 P1 O5,de-protonated,1,2138,C19 H43 O5 P1 13C1,19,43,5,-9999,1,-9999,1,-9999,-9999,-9999
2144,394.281398,394.281221625,394.281026211,2077029.1,-9999,298111.3,11.73,-1,0.49562264,0.956407327,0,0.573844396,0,0.368421053,2.157894737,N1 O7,de-protonated,0,-9999,C19 H41 O7 N1,19,41,7,1,-9999,-9999,-9999,-9999,-9999,-9999
2147,394.99618,394.996003414,394.996227793,2404881.3,-9999,279014.3,13.95,-1,-0.568052612,0.943130568,0,0.565878341,16,0.421052632,0.473684211,P1 O8,de-protonated,0,-9999,C19 H9 O8 P1,19,9,8,-9999,1,-9999,-9999,-9999,-9999,-9999
2148,395.025907,395.025730405,395.025599369,2556440.5,-9999,278900.9,14.98,-1,0.331715297,0.980232282,0,0.588139369,11,0.75,0.75,O12,de-protonated,0,-9999,C16 H12 O12,16,12,12,-9999,-9999,-9999,-9999,-9999,-9999,-9999
2148,395.025907,395.025730405,395.026088627,2556440.5,-9999,278900.9,14.98,-1,-0.906829514,0.861386076,0,0.516831646,15,0.210526316,0.684210526,N2 S1 P1 O4,de-protonated,0,-9999,C19 H13 O4 N2 P1 S1,19,13,4,2,1,1,-9999,-9999,-9999,-9999
2148,395.025907,395.025730405,395.025437178,2556440.5,-9999,278900.9,14.98,-1,0.742299955,0.904855606,0,0.542913364,6,0.545454545,1.545454545,N4 S2 P1 O6,de-protonated,0,-9999,C11 H17 O6 N4 P1 S2,11,17,6,4,1,2,-9999,-9999,-9999,-9999
2149,395.062307,395.062130395,395.061984879,4774433,-9999,279837.8,30.03,-1,0.368336976,0.975683011,0,0.585409806,10,0.647058824,0.941176471,O11,de-protonated,0,-9999,C17 H16 O11,17,16,11,-9999,-9999,-9999,-9999,-9999,-9999,-9999
2149,395.062307,395.062130395,395.062474136,4774433,-9999,279837.8,30.03,-1,-0.87009381,0.435824643,0.822155738,0.590357081,14,0.15,0.85,N2 S1 P1 O3,de-protonated,0,-9999,C20 H17 O3 N2 P1 S1,20,17,3,2,1,1,-9999,-9999,-9999,-9999
2149,395.062307,395.062130395,395.061822687,4774433,-9999,279837.8,30.03,-1,0.778883833,0.895764563,0,0.537458738,5,0.416666667,1.75,N4 S2 P1 O5,de-protonated,0,-9999,C12 H21 O5 N4 P1 S2,12,21,5,4,1,2,-9999,-9999,-9999,-9999
2150,395.098686,395.098509384,395.098370388,4306474,-9999,271024.4,26.86,-1,0.351800605,0.977793521,0,0.586676113,9,0.555555556,1.111111111,O10,de-protonated,0,-9999,C18 H20 O10,18,20,10,-9999,-9999,-9999,-9999,-9999,-9999,-9999
2150,395.098686,395.098509384,395.098859645,4306474,-9999,271024.4,26.86,-1,-0.88651611,0.867098685,0,0.520259211,13,0.095238095,1,N2 S1 P1 O2,de-protonated,0,-9999,C21 H21 O2 N2 P1 S1,21,21,2,2,1,1,-9999,-9999,-9999,-9999
2150,395.098686,395.098509384,395.098208197,4306474,-9999,271024.4,26.86,-1,0.762309647,0.899926006,0,0.539955604,4,0.307692308,1.923076923,N4 S2 P1 O4,de-protonated,0,-9999,C13 H25 O4 N4 P1 S2,13,25,4,4,1,2,-9999,-9999,-9999,-9999
2151,395.135183,395.135006373,395.134755897,3281458.8,-9999,273347.7,19.9,-1,0.633899489,0.929683322,0,0.557809993,8,0.473684211,1.263157895,O9,de-protonated,0,-9999,C19 H24 O9,19,24,9,-9999,-9999,-9999,-9999,-9999,-9999,-9999
2151,395.135183,395.135006373,395.135245155,3281458.8,-9999,273347.7,19.9,-1,-0.604303547,0.935885691,0,0.561531415,12,0.045454545,1.136363636,N2 S1 P1 O1,de-protonated,0,-9999,C22 H25 O1 N2 P1 S1,22,25,1,2,1,1,-9999,-9999,-9999,-9999
2152,395.148152,395.147975369,395.147643057,1422901.8,-9999,333133.2,7.29,-1,0.840982672,0.879563146,0,0.527737888,3,0.5625,1.8125,P1 O9,de-protonated,0,-9999,C16 H29 O9 P1,16,29,9,-9999,1,-9999,-9999,-9999,-9999,-9999
2153,395.162696,395.162519365,395.162899198,1693753.3,-9999,315259.6,9.13,-1,-0.961206794,0.845655005,0,0.507393003,7,0.3,1.45,P1 O6,de-protonated,0,-9999,C20 H29 O6 P1,20,29,6,-9999,1,-9999,-9999,-9999,-9999,-9999
2154,395.165685,395.165508364,395.16526818,1910330,-9999,305064.4,10.6,-1,0.607806792,0.935164879,0,0.561098927,16,0.111111111,0.888888889,O3,de-protonated,0,-9999,C27 H24 O3,27,24,3,-9999,-9999,-9999,-9999,-9999,-9999,-9999
2155,395.170244,395.170067363,395.170109835,1588795.1,-9999,404033.4,8.42,-1,-0.107479743,0.997906119,0,0.598743671,3,0.5,2.071428571,N4 P1 O7,de-protonated,0,-9999,C14 H29 O7 N4 P1,14,29,7,4,1,-9999,-9999,-9999,-9999,-9999
2157,395.184545,395.184368358,395.184028566,3186238.5,-9999,293167.7,19.26,-1,0.859832891,0.874461247,0,0.524676748,2,0.470588235,1.941176471,P1 O8,de-protonated,0,-9999,C17 H33 O8 P1,17,33,8,-9999,1,-9999,-9999,-9999,-9999,-9999
2160,395.220869,395.220692348,395.220414076,3915335.3,-9999,255674.8,24.2,-1,0.704093566,0.913974344,0,0.548384606,1,0.388888889,2.055555556,P1 O7,de-protonated,0,-9999,C18 H37 O7 P1,18,37,7,-9999,1,-9999,-9999,-9999,-9999,-9999
2161,395.232064,395.231887344,395.231647465,2866762,-9999,280482.9,17.09,-1,0.606934078,0.935344782,0,0.561206869,1,0.352941176,2.176470588,N2 P1 O6,de-protonated,0,-9999,C17 H37 O6 N2 P1,17,37,6,2,1,-9999,-9999,-9999,-9999,-9999
2162,395.244207,395.244030341,395.243912425,2755660.8,-9999,261182.5,16.33,-1,0.298335981,0.983979984,0,0.59038799,5,0.272727273,1.636363636,O6,de-protonated,0,-9999,C22 H36 O6,22,36,6,-9999,-9999,-9999,-9999,-9999,-9999,-9999
2165,396.139437,396.139260077,396.139387784,1482531.4,-9999,396622.5,7.69,-1,-0.322380237,0.981318912,0,0.588791347,21,0.034482759,0.655172414,N1 O1,de-protonated,0,-9999,C29 H19 O1 N1,29,19,1,1,-9999,-9999,-9999,-9999,-9999,-9999
2166,396.141465,396.141288076,396.141238259,1959203.9,-9999,287625.7,10.93,-1,0.12575596,0.997134582,0,0.598280749,8,0.470588235,1.352941176,N3 O8,de-protonated,0,-9999,C17 H23 O8 N3,17,23,8,3,-9999,-9999,-9999,-9999,-9999,-9999
2167,396.154552,396.154375072,396.154125418,2422055,-9999,277468.8,14.07,-1,0.63019333,0.930473958,0,0.558284375,3,0.571428571,2,N3 P1 O8,de-protonated,0,-9999,C14 H28 O8 N3 P1,14,28,8,3,1,-9999,-9999,-9999,-9999,-9999
2170,397.020451,397.020273816,397.020120066,1999349.6,-9999,309665.9,11.2,-1,0.387261829,0.973154743,0,0.583892846,15,0.526315789,0.526315789,O10,de-protonated,0,-9999,C19 H10 O10,19,10,10,-9999,-9999,-9999,-9999,-9999,-9999,-9999
2170,397.020451,397.020273816,397.020609323,1999349.6,-9999,309665.9,11.2,-1,-0.845060947,0.878466427,0,0.527079856,19,0.090909091,0.5,N2 S1 P1 O2,de-protonated,0,-9999,C22 H11 O2 N2 P1 S1,22,11,2,2,1,1,-9999,-9999,-9999,-9999
2170,397.020451,397.020273816,397.019957874,1999349.6,-9999,309665.9,11.2,-1,0.795783843,0.891449616,0,0.53486977,10,0.285714286,1.071428571,N4 S2 P1 O4,de-protonated,0,-9999,C14 H15 O4 N4 P1 S2,14,15,4,4,1,2,-9999,-9999,-9999,-9999
2172,397.041609,397.04143181,397.041249434,3776506.8,-9999,279724.2,23.26,-1,0.459338749,0.962439341,0,0.577463605,10,0.75,0.875,O12,de-protonated,0,-9999,C16 H14 O12,16,14,12,-9999,-9999,-9999,-9999,-9999,-9999,-9999
2172,397.041609,397.04143181,397.041738691,3776506.8,-9999,279724.2,23.26,-1,-0.772918535,0.897270411,0,0.538362247,14,0.210526316,0.789473684,N2 S1 P1 O4,de-protonated,0,-9999,C19 H15 O4 N2 P1 S1,19,15,4,2,1,1,-9999,-9999,-9999,-9999
2172,397.041609,397.04143181,397.041087242,3776506.8,-9999,279724.2,23.26,-1,0.867839052,0.872269274,0,0.523361565,5,0.545454545,1.727272727,N4 S2 P1 O6,de-protonated,0,-9999,C11 H19 O6 N4 P1 S2,11,19,6,4,1,2,-9999,-9999,-9999,-9999
2173,397.077912,397.077734799,397.077634943,5681155.5,-9999,269104.9,36.18,-1,0.251478183,0.49429527,0.844689208,0.634452845,9,0.647058824,1.058823529,O11,de-protonated,0,-9999,C17 H18 O11,17,18,11,-9999,-9999,-9999,-9999,-9999,-9999,-9999
2173,397.077912,397.077734799,397.0781242,5681155.5,-9999,269104.9,36.18,-1,-0.980665929,0.419938331,0.822155738,0.580825294,13,0.15,0.95,N2 S1 P1 O3,de-protonated,0,-9999,C20 H19 O3 N2 P1 S1,20,19,3,2,1,1,-9999,-9999,-9999,-9999
2173,397.077912,397.077734799,397.077472752,5681155.5,-9999,269104.9,36.18,-1,0.659940969,0.924016907,0,0.554410144,4,0.416666667,1.916666667,N4 S2 P1 O5,de-protonated,0,-9999,C12 H23 O5 N4 P1 S2,12,23,5,4,1,2,-9999,-9999,-9999,-9999
2174,397.114275,397.114097789,397.114020452,3715084,-9999,300971.8,22.84,-1,0.194745771,0.993142017,0,0.59588521,8,0.555555556,1.222222222,O10,de-protonated,0,-9999,C18 H22 O10,18,22,10,-9999,-9999,-9999,-9999,-9999,-9999,-9999
2174,397.114275,397.114097789,397.113858261,3715084,-9999,300971.8,22.84,-1,0.603171108,0.936117923,0,0.561670754,3,0.307692308,2.076923077,N4 S2 P1 O4,de-protonated,0,-9999,C13 H27 O4 N4 P1 S2,13,27,4,4,1,2,-9999,-9999,-9999,-9999
2175,397.127438,397.127260785,397.126907612,1900047.1,-9999,275635.3,10.52,-1,0.889319794,0.866315692,0,0.519789415,3,0.666666667,1.8,P1 O10,de-protonated,0,-9999,C15 H27 O10 P1,15,27,10,-9999,1,-9999,-9999,-9999,-9999,-9999
2177,397.150703,397.150525778,397.150405962,1990676.6,-9999,283074.2,11.14,-1,0.301689659,0.983620771,0,0.590172463,7,0.473684211,1.368421053,O9,de-protonated,0,-9999,C19 H26 O9,19,26,9,-9999,-9999,-9999,-9999,-9999,-9999,-9999
2177,397.150703,397.150525778,397.150895219,1990676.6,-9999,283074.2,11.14,-1,-0.930228747,0.854693649,0,0.51281619,11,0.045454545,1.227272727,N2 S1 P1 O1,de-protonated,0,-9999,C22 H27 O1 N2 P1 S1,22,27,1,2,1,1,-9999,-9999,-9999,-9999
2177,397.150703,397.150525778,397.15024377,1990676.6,-9999,283074.2,11.14,-1,0.710077621,0.912572008,0,0.547543205,2,0.214285714,2.214285714,N4 S2 P1 O3,de-protonated,0,-9999,C14 H31 O3 N4 P1 S2,14,31,3,4,1,2,-9999,-9999,-9999,-9999
2178,397.163673,397.163495774,397.16316018,2571799.8,-9999,276400.7,15.08,-1,0.844978927,0.878488522,0,0.527093113,15,0.037037037,0.962962963,S1 O1,de-protonated,0,-9999,C27 H26 O1 S1,27,26,1,-9999,-9999,1,-9999,-9999,-9999,-9999
2178,397.163673,397.163495774,397.163293121,2571799.8,-9999,276400.7,15.08,-1,0.510250505,0.953857321,0,0.572314392,2,0.5625,1.9375,P1 O9,de-protonated,0,-9999,C16 H31 O9 P1,16,31,9,-9999,1,-9999,-9999,-9999,-9999,-9999
2179,397.171858,397.171680772,397.17153533,1478425.6,-9999,235762.3,7.66,-1,0.366194078,0.97596171,0,0.585577026,2,0.6875,1.875,O11,de-protonated,0,-9999,C16 H30 O11,16,30,11,-9999,-9999,-9999,-9999,-9999,-9999,-9999
2179,397.171858,397.171680772,397.172024587,1478425.6,-9999,235762.3,7.66,-1,-0.865658869,0.872867644,0,0.523720586,6,0.157894737,1.631578947,N2 S1 P1 O3,de-protonated,0,-9999,C19 H31 O3 N2 P1 S1,19,31,3,2,1,1,-9999,-9999,-9999,-9999
2180,397.187081,397.186903767,397.186791471,2671645.3,-9999,278570.3,15.76,-1,0.282728636,0.985600491,0,0.591360295,6,0.4,1.5,O8,de-protonated,0,-9999,C20 H30 O8,20,30,8,-9999,-9999,-9999,-9999,-9999,-9999,-9999
2180,397.187081,397.186903767,397.18662928,2671645.3,-9999,278570.3,15.76,-1,0.691079179,0.916990509,0,0.550194306,1,0.133333333,2.333333333,N4 S2 P1 O2,de-protonated,0,-9999,C15 H35 O2 N4 P1 S2,15,35,2,4,1,2,-9999,-9999,-9999,-9999
2181,397.20015,397.199972763,397.199678631,2019872.4,-9999,309772.6,11.34,-1,0.740515833,0.905290065,0,0.543174039,1,0.470588235,2.058823529,P1 O8,de-protonated,0,-9999,C17 H35 O8 P1,17,35,8,-9999,1,-9999,-9999,-9999,-9999,-9999
2182,397.218343,397.218165758,397.218306075,1627428.8,-9999,163304.3,8.67,-1,-0.353249909,0.977612245,0,0.586567347,0,0.277777778,2.166666667,S1 P1 O5,de-protonated,0,-9999,C18 H39 O5 P1 S1,18,39,5,-9999,1,1,-9999,-9999,-9999,-9999
2183,397.223417,397.223239756,397.22317698,1727013.9,-9999,275259.4,9.35,-1,0.158037106,0.99547844,0,0.597287064,5,0.333333333,1.619047619,O7,de-protonated,0,-9999,C21 H34 O7,21,34,7,-9999,-9999,-9999,-9999,-9999,-9999,-9999
2183,397.223417,397.223239756,397.223014789,1727013.9,-9999,275259.4,9.35,-1,0.566350194,0.943461116,0,0.56607667,0,0.0625,2.4375,N4 S2 P1 O1,de-protonated,0,-9999,C16 H39 O1 N4 P1 S2,16,39,1,4,1,2,-9999,-9999,-9999,-9999
2184,397.226949,397.226771755,397.226548284,1414182.8,-9999,361051.4,7.23,-1,0.562579816,0.944190066,0,0.566514039,0,0.388888889,2.111111111,S1 O7,de-protonated,0,-9999,C18 H38 O7 S1,18,38,7,-9999,-9999,1,-9999,-9999,-9999,-9999
2188,398.999722,398.999544232,398.999384621,2448842.3,-9999,276713.1,14.25,-1,0.40002879,0.971381524,0,0.582828914,15,0.611111111,0.444444444,O11,de-protonated,0,-9999,C18 H8 O11,18,8,11,-9999,-9999,-9999,-9999,-9999,-9999,-9999
2188,398.999722,398.999544232,398.999873878,2448842.3,-9999,276713.1,14.25,-1,-0.826180986,0.88351029,0,0.530106174,19,0.142857143,0.428571429,N2 S1 P1 O3,de-protonated,0,-9999,C21 H9 O3 N2 P1 S1,21,9,3,2,1,1,-9999,-9999,-9999,-9999
2188,398.999722,398.999544232,398.999222429,2448842.3,-9999,276713.1,14.25,-1,0.806524306,0.888670276,0,0.533202165,10,0.384615385,1,N4 S2 P1 O5,de-protonated,0,-9999,C13 H13 O5 N4 P1 S2,13,13,5,4,1,2,-9999,-9999,-9999,-9999
2189,399.011872,399.011694228,399.01148739,1403853.3,-9999,191648.9,7.15,-1,0.51837729,0.952411598,0,0.571446959,14,0.277777778,0.666666667,N2 S2 O5,de-protonated,0,-9999,C18 H12 O5 N2 S2,18,12,5,2,-9999,2,-9999,-9999,-9999,-9999
2190,399.035949,399.035771221,399.03577013,1515474.9,-9999,338652.4,7.91,-1,0.002734579,0.999998643,0,0.599999186,14,0.526315789,0.631578947,O10,de-protonated,0,-9999,C19 H12 O10,19,12,10,-9999,-9999,-9999,-9999,-9999,-9999,-9999
2190,399.035949,399.035771221,399.035607939,1515474.9,-9999,338652.4,7.91,-1,0.409192868,0.97007533,0,0.582045198,9,0.285714286,1.214285714,N4 S2 P1 O4,de-protonated,0,-9999,C14 H17 O4 N4 P1 S2,14,17,4,4,1,2,-9999,-9999,-9999,-9999
2191,399.057121,399.056943215,399.056899498,4136407.8,-9999,251096,25.7,-1,0.109550502,0.997824747,0,0.598694848,9,0.75,1,O12,de-protonated,0,-9999,C16 H16 O12,16,16,12,-9999,-9999,-9999,-9999,-9999,-9999,-9999
2191,399.057121,399.056943215,399.056737307,4136407.8,-9999,251096,25.7,-1,0.515987313,0.952838909,0,0.571703345,4,0.545454545,1.909090909,N4 S2 P1 O6,de-protonated,0,-9999,C11 H21 O6 N4 P1 S2,11,21,6,4,1,2,-9999,-9999,-9999,-9999
2192,399.072376,399.072198211,399.072155639,1995739.4,-9999,274485.1,11.17,-1,0.106675169,0.997937318,0,0.598762391,13,0.45,0.8,O9,de-protonated,0,-9999,C20 H16 O9,20,16,9,-9999,-9999,-9999,-9999,-9999,-9999,-9999
2192,399.072376,399.072198211,399.071993448,1995739.4,-9999,274485.1,11.17,-1,0.513096441,0.95335339,0,0.572012034,8,0.2,1.4,N4 S2 P1 O3,de-protonated,0,-9999,C15 H21 O3 N4 P1 S2,15,21,3,4,1,2,-9999,-9999,-9999,-9999
2193,399.093554,399.093376204,399.093285008,4540896.5,-9999,273440.9,28.44,-1,0.228509925,0.990570076,0,0.594342046,8,0.647058824,1.176470588,O11,de-protonated,0,-9999,C17 H20 O11,17,20,11,-9999,-9999,-9999,-9999,-9999,-9999,-9999
2193,399.093554,399.093376204,399.093774265,4540896.5,-9999,273440.9,28.44,-1,-0.997411132,0.834843991,0,0.500906394,12,0.15,1.05,N2 S1 P1 O3,de-protonated,0,-9999,C20 H21 O3 N2 P1 S1,20,21,3,2,1,1,-9999,-9999,-9999,-9999
2193,399.093554,399.093376204,399.093122816,4540896.5,-9999,273440.9,28.44,-1,0.63490973,0.92946712,0,0.557680272,3,0.416666667,2.083333333,N4 S2 P1 O5,de-protonated,0,-9999,C12 H25 O5 N4 P1 S2,12,25,5,4,1,2,-9999,-9999,-9999,-9999
2194,399.109017,399.1088392,399.108541149,1513700.1,-9999,282293.1,7.9,-1,0.746791638,0.903758117,0,0.54225487000000006,12,0.380952381,0.952380952,O8,de-protonated,0,-9999,C21 H20 O8,21,20,8,-9999,-9999,-9999,-9999,-9999,-9999,-9999
2195,399.130041,399.129863194,399.129670517,3244521,-9999,273397.4,19.65,-1,0.482741996,0.95859676,0,0.575158056,7,0.555555556,1.333333333,O10,de-protonated,0,-9999,C18 H24 O10,18,24,10,-9999,-9999,-9999,-9999,-9999,-9999,-9999
2195,399.130041,399.129863194,399.130159774,3244521,-9999,273397.4,19.65,-1,-0.743067616,0.904668412,0,0.542801047,11,0.095238095,1.19047619,N2 S1 P1 O2,de-protonated,0,-9999,C21 H25 O2 N2 P1 S1,21,25,2,2,1,1,-9999,-9999,-9999,-9999
2195,399.130041,399.129863194,399.129508326,3244521,-9999,273397.4,19.65,-1,0.889104856,0.866375781,0,0.519825469,2,0.307692308,2.230769231,N4 S2 P1 O4,de-protonated,0,-9999,C13 H29 O4 N4 P1 S2,13,29,4,4,1,2,-9999,-9999,-9999,-9999
2196,399.141936,399.14175819,399.141773286,1647083.8,-9999,325951.2,8.8,-1,-0.037821194,0.999740482,0,0.599844289,6,0.222222222,1.555555556,N2 S2 O4,de-protonated,0,-9999,C18 H28 O4 N2 S2,18,28,4,2,-9999,2,-9999,-9999,-9999,-9999
2196,399.141936,399.14175819,399.141393164,1647083.8,-9999,325951.2,8.8,-1,0.914529307,0.859196935,0,0.515518161,11,0.05,1.25,N4 S1 P1 O1,de-protonated,0,-9999,C20 H25 O1 N4 P1 S1,20,25,1,4,1,1,-9999,-9999,-9999,-9999
2197,399.158359,399.158181185,399.157813818,3018223.8,-9999,288281,18.11,-1,0.920356361,0.85753167,0,0.514519002,6,0.368421053,1.526315789,P1 O7,de-protonated,0,-9999,C19 H29 O7 P1,19,29,7,-9999,1,-9999,-9999,-9999,-9999,-9999
2198,399.166251,399.166073183,399.166056026,2268145.5,-9999,288132.3,13.02,-1,0.042981141,0.999664852,0,0.599798911,6,0.473684211,1.473684211,O9,de-protonated,0,-9999,C19 H28 O9,19,28,9,-9999,-9999,-9999,-9999,-9999,-9999,-9999
2198,399.166251,399.166073183,399.165893835,2268145.5,-9999,288132.3,13.02,-1,0.449306781,0.964032529,0,0.578419518,1,0.214285714,2.357142857,N4 S2 P1 O3,de-protonated,0,-9999,C14 H33 O3 N4 P1 S2,14,33,3,4,1,2,-9999,-9999,-9999,-9999
2199,399.179166,399.178988179,399.178810244,2737652.5,-9999,258987.8,16.21,-1,0.445752517,0.964589167,0,0.5787535,14,0.037037037,1.037037037,S1 O1,de-protonated,0,-9999,C27 H28 O1 S1,27,28,1,-9999,-9999,1,-9999,-9999,-9999,-9999
2199,399.179166,399.178988179,399.178943186,2737652.5,-9999,258987.8,16.21,-1,0.112714436,0.997697432,0,0.598618459,1,0.5625,2.0625,P1 O9,de-protonated,0,-9999,C16 H33 O9 P1,16,33,9,-9999,1,-9999,-9999,-9999,-9999,-9999
2200,399.18882,399.188642176,399.1883261,6154743,-9999,260636,39.39,-1,0.791796349,0.446237086,0.773979033,0.577333865,14,0.037037037,1.074074074,P1 O1,de-protonated,0,-9999,C27 H29 O1 P1,27,29,1,-9999,1,-9999,-9999,-9999,-9999,-9999
2200,399.18882,399.188642176,399.188522805,6154743,-9999,260636,39.39,-1,0.299035073,0.491952712,0.844689208,0.63304731,6,0.411764706,1.647058824,N4 O7,de-protonated,0,-9999,C17 H28 O7 N4,17,28,7,4,-9999,-9999,-9999,-9999,-9999,-9999
2201,399.19451,399.194332175,399.194199327,1404664.1,-9999,240141.7,7.16,-1,0.332788927,0.980105398,0,0.588063239,5,0.3,1.65,P1 O6,de-protonated,0,-9999,C20 H33 O6 P1,20,33,6,-9999,1,-9999,-9999,-9999,-9999,-9999
2202,399.202797,399.202619172,399.202441536,3134970,-9999,284327.2,18.9,-1,0.444978422,0.964709855,0,0.578825913,5,0.4,1.6,O8,de-protonated,0,-9999,C20 H32 O8,20,32,8,-9999,-9999,-9999,-9999,-9999,-9999,-9999
2202,399.202797,399.202619172,399.202279344,3134970,-9999,284327.2,18.9,-1,0.851267189,0.87678993,0,0.526073958,0,0.133333333,2.466666667,N4 S2 P1 O2,de-protonated,0,-9999,C15 H37 O2 N4 P1 S2,15,37,2,4,1,2,-9999,-9999,-9999,-9999
2203,399.225291,399.225113165,399.224908314,1430527.4,-9999,328070.3,7.33,-1,0.51312242,0.953348779,0,0.572009267,5,0.333333333,1.777777778,N4 O6,de-protonated,0,-9999,C18 H32 O6 N4,18,32,6,4,-9999,-9999,-9999,-9999,-9999,-9999
2204,399.239027,399.238849161,399.238827045,1530626.6,-9999,289526.3,8.01,-1,0.055396479,0.999443331,0,0.599665998,4,0.333333333,1.714285714,O7,de-protonated,0,-9999,C21 H36 O7,21,36,7,-9999,-9999,-9999,-9999,-9999,-9999,-9999
2206,400.126029,400.125850899,400.125788869,4278994.5,-9999,272203.6,26.66,-1,0.155027535,0.995648641,0,0.597389185,6,0.277777778,1.5,N1 S2 O5,de-protonated,0,-9999,C18 H27 O5 N1 S2,18,27,5,1,-9999,2,-9999,-9999,-9999,-9999
2207,400.164747,400.164568888,400.164676302,2164955.8,-9999,256096,12.32,-1,-0.268423785,0.98701147,0,0.592206882,1,0.6,2.066666667,N1 S1 O9,de-protonated,0,-9999,C15 H31 O9 N1 S1,15,31,9,1,-9999,1,-9999,-9999,-9999,-9999
2207,400.164747,400.164568888,400.164296179,2164955.8,-9999,256096,12.32,-1,0.681492092,0.919182602,0,0.551509561,6,0.352941176,1.647058824,N3 P1 O6,de-protonated,0,-9999,C17 H28 O6 N3 P1,17,28,6,3,1,-9999,-9999,-9999,-9999,-9999
2210,401.016516,401.016337637,401.016372096,1702306.4,-9999,398160.3,9.18,-1,-0.08592967,0.998661097,0,0.599196658,19,0.368421053,0.315789474,N4 O7,de-protonated,0,-9999,C19 H6 O7 N4,19,6,7,4,-9999,-9999,-9999,-9999,-9999,-9999
2211,401.035975,401.035796631,401.036164053,1822886.9,-9999,187881.1,9.99,-1,-0.916182935,0.858725105,0,0.515235063,9,0.866666667,0.933333333,O13,de-protonated,0,-9999,C15 H14 O13,15,14,13,-9999,-9999,-9999,-9999,-9999,-9999,-9999
2211,401.035975,401.035796631,401.036001862,1822886.9,-9999,187881.1,9.99,-1,-0.511752459,0.953591686,0,0.572155011,4,0.7,1.9,N4 S2 P1 O7,de-protonated,0,-9999,C10 H19 O7 N4 P1 S2,10,19,7,4,1,2,-9999,-9999,-9999,-9999
2212,401.051698,401.051519626,401.051420195,2031530.5,-9999,293188,11.41,-1,0.247927255,0.988908693,0,0.593345216,13,0.526315789,0.736842105,O10,de-protonated,0,-9999,C19 H14 O10,19,14,10,-9999,-9999,-9999,-9999,-9999,-9999,-9999
2212,401.051698,401.051519626,401.051909452,2031530.5,-9999,293188,11.41,-1,-0.972008269,0.842456936,0,0.505474162,17,0.090909091,0.681818182,N2 S1 P1 O2,de-protonated,0,-9999,C22 H15 O2 N2 P1 S1,22,15,2,2,1,1,-9999,-9999,-9999,-9999
2212,401.051698,401.051519626,401.051258003,2031530.5,-9999,293188,11.41,-1,0.652342818,0.925690163,0,0.555414098,8,0.285714286,1.357142857,N4 S2 P1 O4,de-protonated,0,-9999,C14 H19 O4 N4 P1 S2,14,19,4,4,1,2,-9999,-9999,-9999,-9999
2213,401.072843,401.07266462,401.072549563,3724207.5,-9999,272196.6,22.9,-1,0.28687397,0.985178315,0,0.591106989,8,0.75,1.125,O12,de-protonated,0,-9999,C16 H18 O12,16,18,12,-9999,-9999,-9999,-9999,-9999,-9999,-9999
2213,401.072843,401.07266462,401.07303882,3724207.5,-9999,272196.6,22.9,-1,-0.932997333,0.853894028,0,0.512336417,12,0.210526316,1,N2 S1 P1 O4,de-protonated,0,-9999,C19 H19 O4 N2 P1 S1,19,19,4,2,1,1,-9999,-9999,-9999,-9999
2213,401.072843,401.07266462,401.072387371,3724207.5,-9999,272196.6,22.9,-1,0.691268243,0.916947025,0,0.550168215,3,0.545454545,2.090909091,N4 S2 P1 O6,de-protonated,0,-9999,C11 H23 O6 N4 P1 S2,11,23,6,4,1,2,-9999,-9999,-9999,-9999
2214,401.088025,401.087846615,401.087805704,1384883,-9999,311608.8,7.02,-1,0.102001361,0.998113938,0,0.598868363,12,0.45,0.9,O9,de-protonated,0,-9999,C20 H18 O9,20,18,9,-9999,-9999,-9999,-9999,-9999,-9999,-9999
2214,401.088025,401.087846615,401.087643513,1384883,-9999,311608.8,7.02,-1,0.506380177,0.954538566,0,0.572723139,7,0.2,1.533333333,N4 S2 P1 O3,de-protonated,0,-9999,C15 H23 O3 N4 P1 S2,15,23,3,4,1,2,-9999,-9999,-9999,-9999
2215,401.109336,401.109157609,401.108935072,3421112,-9999,280517.7,20.84,-1,0.554804769,0.945679637,0,0.567407782,7,0.647058824,1.294117647,O11,de-protonated,0,-9999,C17 H22 O11,17,22,11,-9999,-9999,-9999,-9999,-9999,-9999,-9999
2215,401.109336,401.109157609,401.109424329,3421112,-9999,280517.7,20.84,-1,-0.664956204,0.922903522,0,0.553742113,11,0.15,1.15,N2 S1 P1 O3,de-protonated,0,-9999,C20 H23 O3 N2 P1 S1,20,23,3,2,1,1,-9999,-9999,-9999,-9999
2215,401.109336,401.109157609,401.108772881,3421112,-9999,280517.7,20.84,-1,0.959162466,0.846257616,0,0.507754569,2,0.416666667,2.25,N4 S2 P1 O5,de-protonated,0,-9999,C12 H27 O5 N4 P1 S2,12,27,5,4,1,2,-9999,-9999,-9999,-9999
2216,401.124647,401.124468605,401.124191213,3441595.5,-9999,269607.9,20.98,-1,0.691534805,0.916885699,0,0.55013142,11,0.380952381,1.047619048,O8,de-protonated,0,-9999,C21 H22 O8,21,22,8,-9999,-9999,-9999,-9999,-9999,-9999,-9999
2217,401.138017,401.137838601,401.137947753,1382590.6,-9999,192940.5,7.01,-1,-0.272106015,0.986655078,0,0.591993047,5,0.157894737,1.631578947,S2 P1 O3,de-protonated,0,-9999,C19 H31 O3 P1 S2,19,31,3,-9999,1,2,-9999,-9999,-9999,-9999
2218,401.14563,401.145451598,401.145320581,1733568.4,-9999,270356.2,9.39,-1,0.326607534,0.980830535,0,0.588498321,6,0.555555556,1.444444444,O10,de-protonated,0,-9999,C18 H26 O10,18,26,10,-9999,-9999,-9999,-9999,-9999,-9999,-9999
2218,401.14563,401.145451598,401.145809839,1733568.4,-9999,270356.2,9.39,-1,-0.893042523,0.865273312,0,0.519163987,10,0.095238095,1.285714286,N2 S1 P1 O2,de-protonated,0,-9999,C21 H27 O2 N2 P1 S1,21,27,2,2,1,1,-9999,-9999,-9999,-9999
2218,401.14563,401.145451598,401.14515839,1733568.4,-9999,270356.2,9.39,-1,0.730928463,0.907610348,0,0.544566209,1,0.307692308,2.384615385,N4 S2 P1 O4,de-protonated,0,-9999,C13 H31 O4 N4 P1 S2,13,31,4,4,1,2,-9999,-9999,-9999,-9999
2219,401.168068,401.167889592,401.167590655,2238917.5,-9999,334861.2,12.82,-1,0.745165801,0.904155981,0,0.542493589,14,0.076923077,1.038461538,P1 O2,de-protonated,0,-9999,C26 H27 O2 P1,26,27,2,-9999,1,-9999,-9999,-9999,-9999,-9999
2219,401.168068,401.167889592,401.16778736,2238917.5,-9999,334861.2,12.82,-1,0.254835713,0.988285651,0,0.59297139,6,0.5,1.625,N4 O8,de-protonated,0,-9999,C16 H26 O8 N4,16,26,8,4,-9999,-9999,-9999,-9999,-9999,-9999
2220,401.171505,401.171326591,401.170961959,4005830.5,-9999,277215.7,24.81,-1,0.908919311,0.860793203,0,0.516475922,9,0.086956522,1.347826087,S1 P1 O2,de-protonated,0,-9999,C23 H31 O2 P1 S1,23,31,2,-9999,1,1,-9999,-9999,-9999,-9999
2220,401.171505,401.171326591,401.17115866300003,4005830.5,-9999,277215.7,24.81,-1,0.418593263,0.968706602,0,0.581223961,1,0.615384615,2.307692308,N4 S1 O8,de-protonated,0,-9999,C13 H30 O8 N4 S1,13,30,8,4,-9999,1,-9999,-9999,-9999,-9999
2221,401.173876,401.17369759,401.173463882,5449671,-9999,257543.7,34.61,-1,0.582560676,0.470139095,0.829532115,0.613896303,5,0.368421053,1.631578947,P1 O7,de-protonated,0,-9999,C19 H31 O7 P1,19,31,7,-9999,1,-9999,-9999,-9999,-9999,-9999
2222,401.181891,401.181712588,401.181706091,1396680.8,-9999,319249.5,7.1,-1,0.016194726,0.999952413,0,0.599971448,5,0.473684211,1.578947368,O9,de-protonated,0,-9999,C19 H30 O9,19,30,9,-9999,-9999,-9999,-9999,-9999,-9999,-9999
2222,401.181891,401.181712588,401.181543899,1396680.8,-9999,319249.5,7.1,-1,0.420478859,0.968428547,0,0.581057128,0,0.214285714,2.5,N4 S2 P1 O3,de-protonated,0,-9999,C14 H35 O3 N4 P1 S2,14,35,3,4,1,2,-9999,-9999,-9999,-9999
2223,401.194761,401.194582584,401.194460309,1752267.8,-9999,247082.2,9.52,-1,0.304778356,0.983286506,0,0.589971904,13,0.037037037,1.111111111,S1 O1,de-protonated,0,-9999,C27 H30 O1 S1,27,30,1,-9999,-9999,1,-9999,-9999,-9999,-9999
2223,401.194761,401.194582584,401.19459325,1752267.8,-9999,247082.2,9.52,-1,-0.026586455,0.999871753,0,0.599923052,0,0.5625,2.1875,P1 O9,de-protonated,0,-9999,C16 H35 O9 P1,16,35,9,-9999,1,-9999,-9999,-9999,-9999,-9999
2224,401.204481,401.204302581,401.203976165,10319822,-9999,254588.1,67.66,-1,0.813591807,0.935096577,0.928876987,0.932608741,13,0.037037037,1.148148148,P1 O1,de-protonated,0,-9999,C27 H31 O1 P1,27,31,1,-9999,1,-9999,-9999,-9999,-9999,-9999
2224,401.204481,401.204302581,401.204172869,10319822,-9999,254588.1,67.66,-1,0.323306154,0.987509894,0.999587161,0.992340801,5,0.411764706,1.764705882,N4 O7,de-protonated,0,-9999,C17 H30 O7 N4,17,30,7,4,-9999,-9999,-9999,-9999,-9999,-9999
2225,401.210295,401.210116579,401.209849392,1821135.4,-9999,300404.9,9.98,-1,0.66595519,0.922680901,0,0.553608541,4,0.3,1.75,P1 O6,de-protonated,0,-9999,C20 H35 O6 P1,20,35,6,-9999,1,-9999,-9999,-9999,-9999,-9999
2226,401.218566,401.218387577,401.2180916,2569681.3,-9999,287032.9,15.06,-1,0.737695671,0.905975106,0,0.543585063,4,0.4,1.7,O8,de-protonated,0,-9999,C20 H34 O8,20,34,8,-9999,-9999,-9999,-9999,-9999,-9999,-9999
2227,401.240819,401.24064057,401.240558379,2129366.5,-9999,285479.6,12.07,-1,0.204843945,0.992415135,0,0.595449081,4,0.333333333,1.888888889,N4 O6,de-protonated,0,-9999,C18 H34 O6 N4,18,34,6,4,-9999,-9999,-9999,-9999,-9999,-9999
2228,401.254657,401.254478566,401.254477109,1406937.8,-9999,325629.4,7.17,-1,0.003630722,0.999997608,0,0.599998565,3,0.333333333,1.80952381,O7,de-protonated,0,-9999,C21 H38 O7,21,38,7,-9999,-9999,-9999,-9999,-9999,-9999,-9999
2229,402.141682,402.141503304,402.141438933,4311207,-9999,272051.6,26.88,-1,0.160070363,0.995361618,0,0.597216971,5,0.277777778,1.611111111,N1 S2 O5,de-protonated,0,-9999,C18 H29 O5 N1 S2,18,29,5,1,-9999,2,-9999,-9999,-9999,-9999
2230,402.152005,402.151826301,402.151802943,1408937.5,-9999,299096.7,7.18,-1,0.058083684,0.999388031,0,0.599632819,6,0.5625,1.5625,N3 O9,de-protonated,0,-9999,C16 H25 O9 N3,16,25,9,3,-9999,-9999,-9999,-9999,-9999,-9999
2232,402.207632,402.207453285,402.207331,1891510.4,-9999,287252.3,10.46,-1,0.304034772,0.983367279,0.928876987,0.961571162,13,0.037037037,1.148148148,13C1 P1 O1,de-protonated,1,2224,C26 H31 O1 P1 13C1,26,31,1,-9999,1,-9999,1,-9999,-9999,-9999
2232,402.207632,402.207453285,402.207467345,1891510.4,-9999,287252.3,10.46,-1,-0.03495859,0.999778276,0,0.599866965,13,0.115384615,1.115384615,N1 O3,de-protonated,0,-9999,C26 H29 O3 N1,26,29,3,1,-9999,-9999,-9999,-9999,-9999,-9999
2232,402.207632,402.207453285,402.207527704,1891510.4,-9999,287252.3,10.46,-1,-0.185027556,0.993807323,0.999587161,0.996119258,5,0.411764706,1.764705882,13C1 N4 O7,de-protonated,1,2224,C16 H30 O7 N4 13C1,16,30,7,4,-9999,-9999,1,-9999,-9999,-9999
2238,403.013284,403.013105047,403.012926685,2331503.8,-9999,276299.3,13.44,-1,0.442571517,0.965083867,0,0.57905032,13,0.5,0.666666667,S1 O9,de-protonated,0,-9999,C18 H12 O9 S1,18,12,9,-9999,-9999,1,-9999,-9999,-9999,-9999
2238,403.013284,403.013105047,403.013415942,2331503.8,-9999,276299.3,13.44,-1,-0.771426695,0.897645587,0,0.538587352,17,0.047619048,0.619047619,N2 S2 P1 O1,de-protonated,0,-9999,C21 H13 O1 N2 P1 S2,21,13,1,2,1,2,-9999,-9999,-9999,-9999
2239,403.032295,403.032116041,403.031825456,1889140.1,-9999,332400.6,10.44,-1,0.720999289,0.909987623,0,0.545992574,26,0.034482759,0.310344828,P1 O1,de-protonated,0,-9999,C29 H9 O1 P1,29,9,1,-9999,1,-9999,-9999,-9999,-9999,-9999
2239,403.032295,403.032116041,403.03202216,1889140.1,-9999,332400.6,10.44,-1,0.232937246,0.990202945,0,0.594121767,18,0.368421053,0.421052632,N4 O7,de-protonated,0,-9999,C19 H8 O7 N4,19,8,7,4,-9999,-9999,-9999,-9999,-9999,-9999
2240,403.067425,403.067246031,403.067070259,2904444.3,-9999,279357.1,17.33,-1,0.436086151,0.966082252,0,0.579649351,12,0.526315789,0.842105263,O10,de-protonated,0,-9999,C19 H16 O10,19,16,10,-9999,-9999,-9999,-9999,-9999,-9999,-9999
2240,403.067425,403.067246031,403.067559516,2904444.3,-9999,279357.1,17.33,-1,-0.777748979,0.896051736,0,0.537631042,16,0.090909091,0.772727273,N2 S1 P1 O2,de-protonated,0,-9999,C22 H17 O2 N2 P1 S1,22,17,2,2,1,1,-9999,-9999,-9999,-9999
2240,403.067425,403.067246031,403.066908068,2904444.3,-9999,279357.1,17.33,-1,0.838479395,0.880234367,0,0.52814062,7,0.285714286,1.5,N4 S2 P1 O4,de-protonated,0,-9999,C14 H21 O4 N4 P1 S2,14,21,4,4,1,2,-9999,-9999,-9999,-9999
2241,403.076527,403.076348028,403.076453174,5223806.5,-9999,253131,33.07,-1,-0.260856816,0.96738569,0.964593916,0.966268981,25,0.066666667,0.4,O2,de-protonated,0,-9999,C30 H12 O2,30,12,2,-9999,-9999,-9999,-9999,-9999,-9999,-9999
2242,403.088407,403.088228025,403.088199627,1891713,-9999,274817.5,10.46,-1,0.070450368,0.999099829,0,0.599459898,7,0.75,1.25,O12,de-protonated,0,-9999,C16 H20 O12,16,20,12,-9999,-9999,-9999,-9999,-9999,-9999,-9999
2242,403.088407,403.088228025,403.088037436,1891713,-9999,274817.5,10.46,-1,0.472822372,0.960246891,0,0.576148135,2,0.545454545,2.272727273,N4 S2 P1 O6,de-protonated,0,-9999,C11 H25 O6 N4 P1 S2,11,25,6,4,1,2,-9999,-9999,-9999,-9999
2243,403.103873,403.10369402,403.103455768,1931140.5,-9999,298824.5,10.73,-1,0.591043943,0.938581108,0,0.563148665,11,0.45,1,O9,de-protonated,0,-9999,C20 H20 O9,20,20,9,-9999,-9999,-9999,-9999,-9999,-9999,-9999
2243,403.103873,403.10369402,403.103945026,1931140.5,-9999,298824.5,10.73,-1,-0.62268181,0.932064205,0,0.559238523,15,0.043478261,0.913043478,N2 S1 P1 O1,de-protonated,0,-9999,C23 H21 O1 N2 P1 S1,23,21,1,2,1,1,-9999,-9999,-9999,-9999
2243,403.103873,403.10369402,403.103293577,1931140.5,-9999,298824.5,10.73,-1,0.993400928,0.836054228,0,0.501632537,6,0.2,1.666666667,N4 S2 P1 O3,de-protonated,0,-9999,C15 H25 O3 N4 P1 S2,15,25,3,4,1,2,-9999,-9999,-9999,-9999
2244,403.140356,403.140177009,403.139841278,1987468.9,-9999,279972,11.11,-1,0.832792246,0.881753754,0,0.529052252,10,0.380952381,1.142857143,O8,de-protonated,0,-9999,C21 H24 O8,21,24,8,-9999,-9999,-9999,-9999,-9999,-9999,-9999
2245,403.144604,403.144425008,403.144549992,1579405.9,-9999,256372.2,8.34,-1,-0.310021208,0.982711585,0,0.589626951,10,0.210526316,1.263157895,N4 S1 O4,de-protonated,0,-9999,C19 H24 O4 N4 S1,19,24,4,4,-9999,1,-9999,-9999,-9999,-9999
2246,403.153108,403.152929006,403.152728437,1502351.9,-9999,275005.6,7.82,-1,0.497499793,0.956083863,0,0.573650318,5,0.444444444,1.611111111,P1 O8,de-protonated,0,-9999,C18 H29 O8 P1,18,29,8,-9999,1,-9999,-9999,-9999,-9999,-9999
2247,403.168705,403.168526001,403.168181283,1788051.4,-9999,269545.8,9.75,-1,0.855022866,0.875771015,0,0.525462609,1,0.916666667,2.333333333,N4 O11,de-protonated,0,-9999,C12 H28 O11 N4,12,28,11,4,-9999,-9999,-9999,-9999,-9999,-9999
2249,403.18379,403.183610997,403.18324072,9281943,-9999,257690,60.61,-1,0.918383312,0.875566669,0.954431653,0.907112662,13,0.076923077,1.115384615,P1 O2,de-protonated,0,-9999,C26 H29 O2 P1,26,29,2,-9999,1,-9999,-9999,-9999,-9999,-9999
2249,403.18379,403.183610997,403.183437424,9281943,-9999,257690,60.61,-1,0.430504465,0.975208643,0.973603787,0.9745667,5,0.5,1.75,N4 O8,de-protonated,0,-9999,C16 H28 O8 N4,16,28,8,4,-9999,-9999,-9999,-9999,-9999,-9999
2250,403.189623,403.189443995,403.189113947,11313560,-9999,251671.2,74.4,-1,0.818594194,0.922097182,0.995062245,0.951283207,4,0.368421053,1.736842105,P1 O7,de-protonated,0,-9999,C19 H33 O7 P1,19,33,7,-9999,1,-9999,-9999,-9999,-9999,-9999
2251,403.226002,403.225822984,403.225499456,1951648.5,-9999,319344.6,10.86,-1,0.80235048899999994,0.88975374,0,0.533852244,3,0.3,1.85,P1 O6,de-protonated,0,-9999,C20 H37 O6 P1,20,37,6,-9999,1,-9999,-9999,-9999,-9999,-9999
2252,403.234012,403.233832982,403.233741665,1580194.4,-9999,284162.5,8.34,-1,0.226462501,0.99073752,0,0.594442512,3,0.4,1.8,O8,de-protonated,0,-9999,C20 H36 O8,20,36,8,-9999,-9999,-9999,-9999,-9999,-9999,-9999
2253,403.335152,403.334972952,403.334655984,1913273.5,-9999,287381.6,10.6,-1,0.785868249,0.893989995,0,0.536393997,0,0.130434783,2.130434783,P1 O3,de-protonated,0,-9999,C23 H49 O3 P1,23,49,3,-9999,1,-9999,-9999,-9999,-9999,-9999
2255,404.079766,404.079586732,404.079808009,1385059.6,-9999,270812.4,7.02,-1,-0.547605982,0.947042378,0.964593916,0.954062993,25,0.066666667,0.4,13C1 O2,de-protonated,1,2241,C29 H12 O2 13C1,29,12,2,-9999,-9999,-9999,1,-9999,-9999,-9999
2256,404.120932,404.12075272,404.120974815,3079789,-9999,281989.4,18.52,-1,-0.549574851,0.946671242,0,0.568002745,19,0.037037037,0.740740741,N1 P1 O1,de-protonated,0,-9999,C27 H20 O1 N1 P1,27,20,1,1,1,-9999,-9999,-9999,-9999,-9999
2256,404.120932,404.12075272,404.120703489,3079789,-9999,281989.4,18.52,-1,0.121823591,0.997310745,0,0.598386447,5,0.352941176,1.588235294,N1 S2 O6,de-protonated,0,-9999,C17 H27 O6 N1 S2,17,27,6,1,-9999,2,-9999,-9999,-9999,-9999
2257,404.138764,404.138584715,404.138461553,1546865,-9999,246026.9,8.12,-1,0.30475058,0.983289527,0,0.589973716,5,0.470588235,1.588235294,N1 S1 O8,de-protonated,0,-9999,C17 H27 O8 N1 S1,17,27,8,1,-9999,1,-9999,-9999,-9999,-9999
2258,404.187094,404.1869147,404.186595555,1954172,-9999,220943,10.88,-1,0.78959932,0.893036984,0.954431653,0.917594851,13,0.076923077,1.115384615,13C1 P1 O2,de-protonated,1,2249,C25 H29 O2 P1 13C1,25,29,2,-9999,1,-9999,1,-9999,-9999,-9999
2258,404.187094,404.1869147,404.186731901,1954172,-9999,220943,10.88,-1,0.452265813,0.963565987,0,0.578139592,13,0.16,1.08,N1 O4,de-protonated,0,-9999,C25 H27 O4 N1,25,27,4,1,-9999,-9999,-9999,-9999,-9999,-9999
2258,404.187094,404.1869147,404.186792259,1954172,-9999,220943,10.88,-1,0.302931647,0.983486756,0.973603787,0.979533569,5,0.5,1.75,13C1 N4 O8,de-protonated,1,2249,C15 H28 O8 N4 13C1,15,28,8,4,-9999,-9999,1,-9999,-9999,-9999
2259,404.192843,404.192663699,404.192468782,2244221.3,-9999,296237.1,12.85,-1,0.482238063,0.958681347,0.995062245,0.973233706,4,0.368421053,1.736842105,13C1 P1 O7,de-protonated,1,2250,C18 H33 O7 P1 13C1,18,33,7,-9999,1,-9999,1,-9999,-9999,-9999
2259,404.192843,404.192663699,404.192605127,2244221.3,-9999,296237.1,12.85,-1,0.144909562,0.996197048,0,0.597718229,4,0.5,1.722222222,N1 O9,de-protonated,0,-9999,C18 H31 O9 N1,18,31,9,1,-9999,-9999,-9999,-9999,-9999,-9999
2265,405.025462,405.025282453,405.025205446,1570106.3,-9999,289256.6,8.24,-1,0.190128414,0.99346231,0,0.596077386,17,0.428571429,0.476190476,O9,de-protonated,0,-9999,C21 H10 O9,21,10,9,-9999,-9999,-9999,-9999,-9999,-9999,-9999
2265,405.025462,405.025282453,405.025043255,1570106.3,-9999,289256.6,8.24,-1,0.590576148,0.93867525,0,0.56320515,12,0.1875,0.9375,N4 S2 P1 O3,de-protonated,0,-9999,C16 H15 O3 N4 P1 S2,16,15,3,4,1,2,-9999,-9999,-9999,-9999
2266,405.028914,405.028734452,405.028576749,1960763,-9999,265097.6,10.88,-1,0.389361318,0.972866874,0,0.583720124,12,0.5,0.777777778,S1 O9,de-protonated,0,-9999,C18 H14 O9 S1,18,14,9,-9999,-9999,1,-9999,-9999,-9999,-9999
2266,405.028914,405.028734452,405.029066007,1960763,-9999,265097.6,10.88,-1,-0.818595299,0.885512727,0,0.531307636,16,0.047619048,0.714285714,N2 S2 P1 O1,de-protonated,0,-9999,C21 H15 O1 N2 P1 S2,21,15,1,2,1,2,-9999,-9999,-9999,-9999
2267,405.046762,405.046582447,405.046334814,3291967,-9999,286212.3,19.88,-1,0.611368205,0.934428401,0,0.560657041,12,0.611111111,0.777777778,O11,de-protonated,0,-9999,C18 H14 O11,18,14,11,-9999,-9999,-9999,-9999,-9999,-9999,-9999
2267,405.046762,405.046582447,405.046824072,3291967,-9999,286212.3,19.88,-1,-0.596535721,0.937471053,0,0.562482632,16,0.142857143,0.714285714,N2 S1 P1 O3,de-protonated,0,-9999,C21 H15 O3 N2 P1 S1,21,15,3,2,1,1,-9999,-9999,-9999,-9999
2269,405.08309,405.082910436,405.082720324,3528519.3,-9999,272060.8,21.48,-1,0.469317414,0.960822418,0,0.576493451,11,0.526315789,0.947368421,O10,de-protonated,0,-9999,C19 H18 O10,19,18,10,-9999,-9999,-9999,-9999,-9999,-9999,-9999
2269,405.08309,405.082910436,405.083209581,3528519.3,-9999,272060.8,21.48,-1,-0.738477844,0.90578532,0,0.543471192,15,0.090909091,0.863636364,N2 S1 P1 O2,de-protonated,0,-9999,C22 H19 O2 N2 P1 S1,22,19,2,2,1,1,-9999,-9999,-9999,-9999
2269,405.08309,405.082910436,405.082558132,3528519.3,-9999,272060.8,21.48,-1,0.869708403,0.871755344,0,0.523053207,6,0.285714286,1.642857143,N4 S2 P1 O4,de-protonated,0,-9999,C14 H23 O4 N4 P1 S2,14,23,4,4,1,2,-9999,-9999,-9999,-9999
2270,405.119452,405.119272425,405.119105833,2554191.5,-9999,269928.8,14.9,-1,0.41121805,0.969782922,0,0.581869753,10,0.45,1.1,O9,de-protonated,0,-9999,C20 H22 O9,20,22,9,-9999,-9999,-9999,-9999,-9999,-9999,-9999
2270,405.119452,405.119272425,405.11959509,2554191.5,-9999,269928.8,14.9,-1,-0.79646866,0.891273259,0,0.534763955,14,0.043478261,1,N2 S1 P1 O1,de-protonated,0,-9999,C23 H23 O1 N2 P1 S1,23,23,1,2,1,1,-9999,-9999,-9999,-9999
2270,405.119452,405.119272425,405.118943642,2554191.5,-9999,269928.8,14.9,-1,0.811573055,0.887353957,0,0.532412374,5,0.2,1.8,N4 S2 P1 O3,de-protonated,0,-9999,C15 H27 O3 N4 P1 S2,15,27,3,4,1,2,-9999,-9999,-9999,-9999
2271,405.168838,405.168658411,405.168378502,2015066.6,-9999,261348.3,11.25,-1,0.69084559,0.917044221,0,0.550226533,4,0.444444444,1.722222222,P1 O8,de-protonated,0,-9999,C18 H31 O8 P1,18,31,8,-9999,1,-9999,-9999,-9999,-9999,-9999
2273,405.189911,405.189731404,405.189374928,1823327.4,-9999,235821.8,9.95,-1,0.879776859,0.868973532,0,0.521384119,12,0.076923077,1.153846154,S1 O2,de-protonated,0,-9999,C26 H30 O2 S1,26,30,2,-9999,-9999,1,-9999,-9999,-9999,-9999
2274,405.20525,405.2050704,405.204764011,6076259,-9999,253678.9,38.71,-1,0.756132982,0.450729398,0.829532115,0.602250485,3,0.368421053,1.842105263,P1 O7,de-protonated,0,-9999,C19 H35 O7 P1,19,35,7,-9999,1,-9999,-9999,-9999,-9999,-9999
2275,405.268242,405.268062381,405.268019174,2773873,-9999,260156.7,16.38,-1,0.106614971,0.997939643,0,0.598763786,1,0.238095238,2,S1 O5,de-protonated,0,-9999,C21 H42 O5 S1,21,42,5,-9999,-9999,1,-9999,-9999,-9999,-9999
2278,406.162215,406.162035117,406.161973704,2008634.1,-9999,251093.9,11.21,-1,0.151204626,0.995860161,0,0.597516096,9,0.368421053,1.315789474,N3 O7,de-protonated,0,-9999,C19 H25 O7 N3,19,25,7,3,-9999,-9999,-9999,-9999,-9999,-9999
2279,406.165673,406.165493116,406.165345007,3260475,-9999,286038,19.67,-1,0.364652549,0.976161241,0,0.585696744,4,0.4375,1.8125,N3 S1 O7,de-protonated,0,-9999,C16 H29 O7 N3 S1,16,29,7,3,-9999,1,-9999,-9999,-9999,-9999
2280,406.198702,406.198522107,406.198359213,14605378,-9999,255569,96.37,-1,0.401019459,0.957078567,0.958981928,0.957839912,8,0.3,1.45,N3 O6,de-protonated,0,-9999,C20 H29 O6 N3,20,29,6,3,-9999,-9999,-9999,-9999,-9999,-9999
2281,406.236927,406.236747095,406.236398493,2503243,-9999,289593.1,14.55,-1,0.858127267,0.874926304,0,0.524955782,2,0.315789474,2,N1 P1 O6,de-protonated,0,-9999,C19 H38 O6 N1 P1,19,38,6,1,1,-9999,-9999,-9999,-9999,-9999
2282,406.309621,406.309441074,406.309169511,4464731,-9999,251971,27.81,-1,0.668363866,0.922142982,0,0.553285789,0,0.19047619,2.19047619,N1 P1 O4,de-protonated,0,-9999,C21 H46 O4 N1 P1,21,46,4,1,1,-9999,-9999,-9999,-9999,-9999
2286,407.006734,407.006553868,407.006676792,1512182.8,-9999,282173,7.85,-1,-0.302018824,0.983585305,0,0.590151183,21,0.045454545,0.363636364,N4 S2 O1,de-protonated,0,-9999,C22 H8 O1 N4 S2,22,8,1,4,-9999,2,-9999,-9999,-9999,-9999
2286,407.006734,407.006553868,407.006809733,1512182.8,-9999,282173,7.85,-1,-0.628651417,0.930801726,0,0.558481035,8,0.818181818,1.181818182,N4 S1 P1 O9,de-protonated,0,-9999,C11 H13 O9 N4 P1 S1,11,13,9,4,1,1,-9999,-9999,-9999,-9999
2287,407.025927,407.025746862,407.025599369,2856187,-9999,251024,16.93,-1,0.362367835,0.976455492,0,0.585873295,12,0.705882353,0.705882353,O12,de-protonated,0,-9999,C17 H12 O12,17,12,12,-9999,-9999,-9999,-9999,-9999,-9999,-9999
2287,407.025927,407.025746862,407.026088627,2856187,-9999,251024,16.93,-1,-0.839662061,0.879917436,0,0.527950462,16,0.2,0.65,N2 S1 P1 O4,de-protonated,0,-9999,C20 H13 O4 N2 P1 S1,20,13,4,2,1,1,-9999,-9999,-9999,-9999
2287,407.025927,407.025746862,407.025437178,2856187,-9999,251024,16.93,-1,0.760847571,0.900289723,0,0.540173834,7,0.5,1.416666667,N4 S2 P1 O6,de-protonated,0,-9999,C12 H17 O6 N4 P1 S2,12,17,6,4,1,2,-9999,-9999,-9999,-9999
2288,407.06235,407.062169852,407.061984879,3816707.3,-9999,273040.5,23.43,-1,0.454409619,0.963226209,0,0.577935725,11,0.611111111,0.888888889,O11,de-protonated,0,-9999,C18 H16 O11,18,16,11,-9999,-9999,-9999,-9999,-9999,-9999,-9999
2288,407.06235,407.062169852,407.062474136,3816707.3,-9999,273040.5,23.43,-1,-0.747512945,0.903581382,0,0.542148829,15,0.142857143,0.80952381,N2 S1 P1 O3,de-protonated,0,-9999,C21 H17 O3 N2 P1 S1,21,17,3,2,1,1,-9999,-9999,-9999,-9999
2288,407.06235,407.062169852,407.061822687,3816707.3,-9999,273040.5,23.43,-1,0.852853773,0.876359892,0,0.525815935,6,0.384615385,1.615384615,N4 S2 P1 O5,de-protonated,0,-9999,C13 H21 O5 N4 P1 S2,13,21,5,4,1,2,-9999,-9999,-9999,-9999
2289,407.098649,407.098468841,407.098370388,3945739.3,-9999,273595.6,24.3,-1,0.241840354,0.989443767,0,0.59366626,10,0.526315789,1.052631579,O10,de-protonated,0,-9999,C19 H20 O10,19,20,10,-9999,-9999,-9999,-9999,-9999,-9999,-9999
2289,407.098649,407.098468841,407.098859645,3945739.3,-9999,273595.6,24.3,-1,-0.959974529,0.846018344,0,0.507611007,14,0.090909091,0.954545455,N2 S1 P1 O2,de-protonated,0,-9999,C22 H21 O2 N2 P1 S1,22,21,2,2,1,1,-9999,-9999,-9999,-9999
2289,407.098649,407.098468841,407.098208197,3945739.3,-9999,273595.6,24.3,-1,0.640248811,0.928319626,0,0.556991776,5,0.285714286,1.785714286,N4 S2 P1 O4,de-protonated,0,-9999,C14 H25 O4 N4 P1 S2,14,25,4,4,1,2,-9999,-9999,-9999,-9999
2290,407.1351,407.13491983,407.134755897,2056979.4,-9999,296395.1,11.53,-1,0.402649735,0.971010792,0,0.582606475,9,0.45,1.2,O9,de-protonated,0,-9999,C20 H24 O9,20,24,9,-9999,-9999,-9999,-9999,-9999,-9999,-9999
2290,407.1351,407.13491983,407.135245155,2056979.4,-9999,296395.1,11.53,-1,-0.799057935,0.890605401,0,0.53436324,13,0.043478261,1.086956522,N2 S1 P1 O1,de-protonated,0,-9999,C23 H25 O1 N2 P1 S1,23,25,1,2,1,1,-9999,-9999,-9999,-9999
2290,407.1351,407.13491983,407.134593706,2056979.4,-9999,296395.1,11.53,-1,0.801022651,0.890097526,0,0.534058515,4,0.2,1.933333333,N4 S2 P1 O3,de-protonated,0,-9999,C15 H29 O3 N4 P1 S2,15,29,3,4,1,2,-9999,-9999,-9999,-9999
2291,407.147986,407.147805826,407.147510115,1908502.3,-9999,201433.6,10.53,-1,0.726299559,0.908721887,0,0.545233132,17,0.035714286,0.857142857,S1 O1,de-protonated,0,-9999,C28 H24 O1 S1,28,24,1,-9999,-9999,1,-9999,-9999,-9999,-9999
2291,407.147986,407.147805826,407.147643057,1908502.3,-9999,201433.6,10.53,-1,0.399779612,0.971416652,0,0.582849991,4,0.529411765,1.705882353,P1 O9,de-protonated,0,-9999,C17 H29 O9 P1,17,29,9,-9999,1,-9999,-9999,-9999,-9999,-9999
2292,407.157598,407.157417823,407.157025971,4112664.3,-9999,249387.8,25.43,-1,0.96240994,0.422649976,0.767553728,0.560611477,17,0.035714286,0.892857143,P1 O1,de-protonated,0,-9999,C28 H25 O1 P1,28,25,1,-9999,1,-9999,-9999,-9999,-9999,-9999
2292,407.157598,407.157417823,407.157222676,4112664.3,-9999,249387.8,25.43,-1,0.479292686,0.959174116,0,0.57550447,9,0.388888889,1.333333333,N4 O7,de-protonated,0,-9999,C18 H24 O7 N4,18,24,7,4,-9999,-9999,-9999,-9999,-9999,-9999
2293,407.168994,407.16881382,407.168639483,1424154.9,-9999,249724.7,7.25,-1,0.428168521,0.967282509,0,0.580369506,12,0.12,1.12,S1 O3,de-protonated,0,-9999,C25 H28 O3 S1,25,28,3,-9999,-9999,1,-9999,-9999,-9999,-9999
2294,407.184553,407.184372815,407.184028566,3202334.3,-9999,274118.9,19.27,-1,0.84543881,0.878364614,0,0.527018769,3,0.444444444,1.833333333,P1 O8,de-protonated,0,-9999,C18 H33 O8 P1,18,33,8,-9999,1,-9999,-9999,-9999,-9999,-9999
2295,407.202126,407.20194581,407.201653689,4092194.3,-9999,262118.3,25.29,-1,0.717386531,0.45542303,0.761234226,0.577747508,16,0.068965517,0.965517241,O2,de-protonated,0,-9999,C29 H28 O2,29,28,2,-9999,-9999,-9999,-9999,-9999,-9999,-9999
2295,407.202126,407.20194581,407.201714048,4092194.3,-9999,262118.3,25.29,-1,0.569157997,0.942915472,0.958981928,0.949342055,8,0.3,1.45,13C1 N3 O6,de-protonated,1,2280,C19 H29 O6 N3 13C1,19,29,6,3,-9999,-9999,1,-9999,-9999,-9999
2297,407.220834,407.220653805,407.220414076,1748774.4,-9999,275108.8,9.45,-1,0.58869622,0.939052919,0,0.563431751,2,0.368421053,1.947368421,P1 O7,de-protonated,0,-9999,C19 H37 O7 P1,19,37,7,-9999,1,-9999,-9999,-9999,-9999,-9999
2298,408.141495,408.141314533,408.141238259,2337778.3,-9999,282503.2,13.43,-1,0.186881557,0.993682993,0,0.596209796,9,0.444444444,1.277777778,N3 O8,de-protonated,0,-9999,C18 H23 O8 N3,18,23,8,3,-9999,-9999,-9999,-9999,-9999,-9999
2299,408.177992,408.177811522,408.177623768,5814778,-9999,254370.4,36.94,-1,0.459980982,0.963798818,0.92879318,0.949796563,8,0.368421053,1.421052632,N3 O7,de-protonated,0,-9999,C19 H27 O7 N3,19,27,7,3,-9999,-9999,-9999,-9999,-9999,-9999
2303,409.041678,409.041497267,409.041249434,3314359.8,-9999,261871.2,20.03,-1,0.605888448,0.935560036,0,0.561336022,11,0.705882353,0.823529412,O12,de-protonated,0,-9999,C17 H14 O12,17,14,12,-9999,-9999,-9999,-9999,-9999,-9999,-9999
2303,409.041678,409.041497267,409.041738691,3314359.8,-9999,261871.2,20.03,-1,-0.590218453,0.93874719,0,0.563248314,15,0.2,0.75,N2 S1 P1 O4,de-protonated,0,-9999,C20 H15 O4 N2 P1 S1,20,15,4,2,1,1,-9999,-9999,-9999,-9999
2304,409.077955,409.077774256,409.077634943,4298432,-9999,254169.4,26.68,-1,0.340554689,0.979175915,0,0.587505549,10,0.611111111,1,O11,de-protonated,0,-9999,C18 H18 O11,18,18,11,-9999,-9999,-9999,-9999,-9999,-9999,-9999
2304,409.077955,409.077774256,409.0781242,4298432,-9999,254169.4,26.68,-1,-0.855445507,0.875656146,0,0.525393688,14,0.142857143,0.904761905,N2 S1 P1 O3,de-protonated,0,-9999,C21 H19 O3 N2 P1 S1,21,19,3,2,1,1,-9999,-9999,-9999,-9999
2304,409.077955,409.077774256,409.077472752,4298432,-9999,254169.4,26.68,-1,0.737035542,0.906135154,0,0.543681092,5,0.384615385,1.769230769,N4 S2 P1 O5,de-protonated,0,-9999,C13 H23 O5 N4 P1 S2,13,23,5,4,1,2,-9999,-9999,-9999,-9999
2305,409.093381,409.093200252,409.092891084,15048387,-9999,257337.2,99.36,-1,0.755739024,0.914549764,0.923231498,0.918022458,14,0.363636364,0.818181818,O8,de-protonated,0,-9999,C22 H18 O8,22,18,8,-9999,-9999,-9999,-9999,-9999,-9999,-9999
2306,409.114376,409.114195246,409.114020452,3346119.8,-9999,267586.1,20.24,-1,0.427248137,0.967420702,0,0.580452421,9,0.526315789,1.157894737,O10,de-protonated,0,-9999,C19 H22 O10,19,22,10,-9999,-9999,-9999,-9999,-9999,-9999,-9999
2306,409.114376,409.114195246,409.11450971,3346119.8,-9999,267586.1,20.24,-1,-0.768645793,0.898343424,0,0.539006055,13,0.090909091,1.045454545,N2 S1 P1 O2,de-protonated,0,-9999,C22 H23 O2 N2 P1 S1,22,23,2,2,1,1,-9999,-9999,-9999,-9999
2306,409.114376,409.114195246,409.113858261,3346119.8,-9999,267586.1,20.24,-1,0.823693763,0.884168391,0,0.530501035,4,0.285714286,1.928571429,N4 S2 P1 O4,de-protonated,0,-9999,C14 H27 O4 N4 P1 S2,14,27,4,4,1,2,-9999,-9999,-9999,-9999
2307,409.150841,409.150660235,409.150405962,1902287.8,-9999,331174,10.48,-1,0.62146605,0.932320051,0,0.559392031,8,0.45,1.3,O9,de-protonated,0,-9999,C20 H26 O9,20,26,9,-9999,-9999,-9999,-9999,-9999,-9999,-9999
2307,409.150841,409.150660235,409.150895219,1902287.8,-9999,331174,10.48,-1,-0.574321762,0.94190578,0,0.565143468,12,0.043478261,1.173913043,N2 S1 P1 O1,de-protonated,0,-9999,C23 H27 O1 N2 P1 S1,23,27,1,2,1,1,-9999,-9999,-9999,-9999
2308,409.16386,409.163679231,409.163293121,1735378.6,-9999,263150,9.35,-1,0.943656676,0.850800283,0,0.51048017,3,0.529411765,1.823529412,P1 O9,de-protonated,0,-9999,C17 H31 O9 P1,17,31,9,-9999,1,-9999,-9999,-9999,-9999,-9999
2309,409.176563,409.176382227,409.176047339,1607125.4,-9999,194969.8,8.49,-1,0.818444981,0.885552266,0,0.53133136,11,0.04,1.24,S1 P1 O1,de-protonated,0,-9999,C25 H31 O1 P1 S1,25,31,1,-9999,1,1,-9999,-9999,-9999,-9999
2309,409.176563,409.176382227,409.176244044,1607125.4,-9999,194969.8,8.49,-1,0.337711669,0.979518581,0,0.587711148,3,0.466666667,2,N4 S1 O7,de-protonated,0,-9999,C15 H30 O7 N4 S1,15,30,7,4,-9999,1,-9999,-9999,-9999,-9999
2310,409.18134,409.181159226,409.180918244,1853142.4,-9999,262878.6,10.15,-1,0.588936315,0.939004744,0,0.563402846,16,0.107142857,0.928571429,O3,de-protonated,0,-9999,C28 H26 O3,28,26,3,-9999,-9999,-9999,-9999,-9999,-9999,-9999
2310,409.18134,409.181159226,409.180978603,1853142.4,-9999,262878.6,10.15,-1,0.441424801,0.965261395,0.92879318,0.950674109,8,0.368421053,1.421052632,13C1 N3 O7,de-protonated,1,2299,C18 H27 O7 N3 13C1,18,27,7,3,-9999,-9999,1,-9999,-9999,-9999
2311,409.200081,409.19990022,409.199678631,5295834.5,-9999,259302.2,33.43,-1,0.541519557,0.474091084,0.837042051,0.619271471,2,0.444444444,1.944444444,P1 O8,de-protonated,0,-9999,C18 H35 O8 P1,18,35,8,-9999,1,-9999,-9999,-9999,-9999,-9999
2312,409.223499,409.223318213,409.22317698,7853791.5,-9999,263500,50.72,-1,0.345124475,0.947354688,0.983722288,0.961901728,6,0.318181818,1.545454545,O7,de-protonated,0,-9999,C22 H34 O7,22,34,7,-9999,-9999,-9999,-9999,-9999,-9999,-9999
2312,409.223499,409.223318213,409.223014789,7853791.5,-9999,263500,50.72,-1,0.74146432,0.4525296,0.844689208,0.609393443,1,0.058823529,2.294117647,N4 S2 P1 O1,de-protonated,0,-9999,C17 H39 O1 N4 P1 S2,17,39,1,4,1,2,-9999,-9999,-9999,-9999
2313,409.236654,409.23647321,409.23606414,1451746.5,-9999,311674.2,7.44,-1,0.999592939,0.834184236,0,0.500510541,1,0.368421053,2.052631579,P1 O7,de-protonated,0,-9999,C19 H39 O7 P1,19,39,7,-9999,1,-9999,-9999,-9999,-9999,-9999
2314,409.311498,409.311317187,409.31120414,64904948,-9999,252983.7,436.44,-1,0.276188292,0.985259463,0.996788507,0.989871081,8,0.071428571,1.5,O2,de-protonated,0,-9999,C28 H42 O2,28,42,2,-9999,-9999,-9999,-9999,-9999,-9999,-9999
2315,410.044902,410.044720971,410.044381719,1417618.3,-9999,307454.1,7.2,-1,0.827355055,0.88319912,0,0.529919472,14,0.095238095,0.857142857,N1 S2 P1 O2,de-protonated,0,-9999,C21 H18 O2 N1 P1 S2,21,18,2,1,1,2,-9999,-9999,-9999,-9999
2316,410.096691,410.096509956,410.096245919,1963933.5,-9999,265001.1,10.9,-1,0.643839498,0.927543304,0.923231498,0.925818581,14,0.363636364,0.818181818,13C1 O8,de-protonated,1,2305,C21 H18 O8 13C1,21,18,8,-9999,-9999,-9999,1,-9999,-9999,-9999
2316,410.096691,410.096509956,410.096871522,1963933.5,-9999,265001.1,10.9,-1,-0.881661953,0.868450137,0,0.521070082,18,0.083333333,0.708333333,N3 S1 O2,de-protonated,0,-9999,C24 H17 O2 N3 S1,24,17,2,3,-9999,1,-9999,-9999,-9999,-9999
2317,410.157307,410.157125938,410.156888323,2024874.6,-9999,266301.3,11.31,-1,0.579325719,0.940919681,0,0.564551809,8,0.444444444,1.388888889,N3 O8,de-protonated,0,-9999,C18 H25 O8 N3,18,25,8,3,-9999,-9999,-9999,-9999,-9999,-9999
2318,410.221908,410.221726919,410.221797256,6619064.5,-9999,264598.4,42.37,-1,-0.171461804,0.996626874,0.90635958,0.960519956,1,0.388888889,2.055555556,N1 S1 O7,de-protonated,0,-9999,C18 H37 O7 N1 S1,18,37,7,1,-9999,1,-9999,-9999,-9999,-9999
2318,410.221908,410.221726919,410.221417133,6619064.5,-9999,264598.4,42.37,-1,0.755165717,0.891340089,0.921245892,0.90330241,6,0.2,1.7,N3 P1 O4,de-protonated,0,-9999,C20 H34 O4 N3 P1,20,34,4,3,1,-9999,-9999,-9999,-9999,-9999
2319,410.226998,410.226816917,410.226531816,1676729.6,-9999,272022.7,8.96,-1,0.69498571,0.916090017,0.983722288,0.943142925,6,0.318181818,1.545454545,13C1 O7,de-protonated,1,2312,C21 H34 O7 13C1,21,34,7,-9999,-9999,-9999,1,-9999,-9999,-9999
2319,410.226998,410.226816917,410.227157419,1676729.6,-9999,272022.7,8.96,-1,-0.830031328,0.882488575,0,0.529493145,10,0.041666667,1.375,N3 S1 O1,de-protonated,0,-9999,C24 H33 O1 N3 S1,24,33,1,3,-9999,1,-9999,-9999,-9999,-9999
2320,410.231621,410.231439916,410.231313112,1974202.6,-9999,297365.6,10.97,-1,0.309102471,0.982813016,0,0.58968781,1,0.388888889,2.111111111,N1 P1 O7,de-protonated,0,-9999,C18 H38 O7 N1 P1,18,38,7,1,1,-9999,-9999,-9999,-9999,-9999
2321,410.314875,410.314693891,410.314558976,19374028,-9999,250362.7,128.6,-1,0.328810272,0.983365858,0.996788507,0.988734918,8,0.071428571,1.5,13C1 O2,de-protonated,1,2314,C27 H42 O2 13C1,27,42,2,-9999,-9999,-9999,1,-9999,-9999,-9999
2323,411.036028,411.035846678,411.03577013,1583720,-9999,342332,8.33,-1,0.18623228,0.993726673,0,0.596236004,15,0.5,0.6,O10,de-protonated,0,-9999,C20 H12 O10,20,12,10,-9999,-9999,-9999,-9999,-9999,-9999,-9999
2323,411.036028,411.035846678,411.035607939,1583720,-9999,342332,8.33,-1,0.580824274,0.940622908,0,0.564373745,10,0.266666667,1.133333333,N4 S2 P1 O4,de-protonated,0,-9999,C15 H17 O4 N4 P1 S2,15,17,4,4,1,2,-9999,-9999,-9999,-9999
2324,411.05723,411.057048672,411.056899498,4842604.5,-9999,230950.7,30.36,-1,0.362903065,0.976386717,0,0.58583203,10,0.705882353,0.941176471,O12,de-protonated,0,-9999,C17 H16 O12,17,16,12,-9999,-9999,-9999,-9999,-9999,-9999,-9999
2324,411.05723,411.057048672,411.057388756,4842604.5,-9999,230950.7,30.36,-1,-0.827338349,0.441601775,0.822155738,0.593823361,14,0.2,0.85,N2 S1 P1 O4,de-protonated,0,-9999,C20 H17 O4 N2 P1 S1,20,17,4,2,1,1,-9999,-9999,-9999,-9999
2324,411.05723,411.057048672,411.056737307,4842604.5,-9999,230950.7,30.36,-1,0.757474846,0.901126641,0,0.540675984,5,0.5,1.75,N4 S2 P1 O6,de-protonated,0,-9999,C12 H21 O6 N4 P1 S2,12,21,6,4,1,2,-9999,-9999,-9999,-9999
2325,411.090467,411.090285662,411.090402962,9371764,-9999,257381.4,60.98,-1,-0.2853372,0.980407581,0.972210582,0.977128781,18,0.125,0.708333333,N2 P1 O3,de-protonated,0,-9999,C24 H17 O3 N2 P1,24,17,3,2,1,-9999,-9999,-9999,-9999,-9999
2325,411.090467,411.090285662,411.090131635,9371764,-9999,257381.4,60.98,-1,0.374678844,0.97992930600000006,0.95321377,0.969243092,4,0.571428571,1.714285714,N2 S2 O8,de-protonated,0,-9999,C14 H24 O8 N2 S2,14,24,8,2,-9999,2,-9999,-9999,-9999,-9999
2326,411.093645,411.093463661,411.093285008,4992116.5,-9999,258852.4,31.37,-1,0.434581915,0.96631186,0,0.579787116,9,0.611111111,1.111111111,O11,de-protonated,0,-9999,C18 H20 O11,18,20,11,-9999,-9999,-9999,-9999,-9999,-9999,-9999
2326,411.093645,411.093463661,411.093774265,4992116.5,-9999,258852.4,31.37,-1,-0.755554237,0.450800955,0.81490939,0.596444329,13,0.142857143,1,N2 S1 P1 O3,de-protonated,0,-9999,C21 H21 O3 N2 P1 S1,21,21,3,2,1,1,-9999,-9999,-9999,-9999
2326,411.093645,411.093463661,411.093122816,4992116.5,-9999,258852.4,31.37,-1,0.829118801,0.882731043,0,0.529638626,4,0.384615385,1.923076923,N4 S2 P1 O5,de-protonated,0,-9999,C13 H25 O5 N4 P1 S2,13,25,5,4,1,2,-9999,-9999,-9999,-9999
2327,411.13007700000003,411.12989565,411.129670517,2598012.3,-9999,301267.7,15.18,-1,0.54759755,0.947043965,0,0.568226379,8,0.526315789,1.263157895,O10,de-protonated,0,-9999,C19 H24 O10,19,24,10,-9999,-9999,-9999,-9999,-9999,-9999,-9999
2327,411.13007700000003,411.12989565,411.130159774,2598012.3,-9999,301267.7,15.18,-1,-0.642433408,0.927847747,0,0.556708648,12,0.090909091,1.136363636,N2 S1 P1 O2,de-protonated,0,-9999,C22 H25 O2 N2 P1 S1,22,25,2,2,1,1,-9999,-9999,-9999,-9999
2327,411.13007700000003,411.12989565,411.129508326,2598012.3,-9999,301267.7,15.18,-1,0.942099564,0.851253705,0,0.510752223,3,0.285714286,2.071428571,N4 S2 P1 O4,de-protonated,0,-9999,C14 H29 O4 N4 P1 S2,14,29,4,4,1,2,-9999,-9999,-9999,-9999
2328,411.158327,411.158145642,411.157813818,2652802.3,-9999,236500.7,15.55,-1,0.807048749,0.888533834,0,0.5331203,7,0.35,1.45,P1 O7,de-protonated,0,-9999,C20 H29 O7 P1,20,29,7,-9999,1,-9999,-9999,-9999,-9999,-9999
2329,411.194674,411.194492631,411.194199327,3034250,-9999,247102.3,18.13,-1,0.713298773,0.911813131,0,0.547087879,6,0.285714286,1.571428571,P1 O6,de-protonated,0,-9999,C21 H33 O6 P1,21,33,6,-9999,1,-9999,-9999,-9999,-9999,-9999
2330,411.202643,411.202461629,411.202441536,1561227.8,-9999,306051.8,8.17,-1,0.048865165,0.99956683,0,0.599740098,6,0.380952381,1.523809524,O8,de-protonated,0,-9999,C21 H32 O8,21,32,8,-9999,-9999,-9999,-9999,-9999,-9999,-9999
2330,411.202643,411.202461629,411.202279344,1561227.8,-9999,306051.8,8.17,-1,0.443297166,0.964971306,0,0.578982784,1,0.125,2.3125,N4 S2 P1 O2,de-protonated,0,-9999,C16 H37 O2 N4 P1 S2,16,37,2,4,1,2,-9999,-9999,-9999,-9999
2331,411.215685,411.215503625,411.215328695,10717327,-9999,243419.5,70.08,-1,0.425397698,0.961949364,0.871254792,0.925671535,1,0.444444444,2.055555556,P1 O8,de-protonated,0,-9999,C18 H37 O8 P1,18,37,8,-9999,1,-9999,-9999,-9999,-9999,-9999
2332,411.225297,411.225115622,411.225152091,2284688.5,-9999,258548.6,13.06,-1,-0.088683033,0.998573982,0.90635958,0.961688221,1,0.388888889,2.055555556,13C1 N1 S1 O7,de-protonated,1,2318,C17 H37 O7 N1 S1 13C1,17,37,7,1,-9999,1,1,-9999,-9999,-9999
2332,411.225297,411.225115622,411.224771969,2284688.5,-9999,258548.6,13.06,-1,0.835683669,0.880982242,0.921245892,0.897087702,6,0.2,1.7,13C1 N3 P1 O4,de-protonated,1,2318,C19 H34 O4 N3 P1 13C1,19,34,4,3,1,-9999,1,-9999,-9999,-9999
2332,411.225297,411.225115622,411.224908314,2284688.5,-9999,258548.6,13.06,-1,0.504123661,0.954933581,0,0.572960148,6,0.315789474,1.684210526,N4 O6,de-protonated,0,-9999,C19 H32 O6 N4,19,32,6,4,-9999,-9999,-9999,-9999,-9999,-9999
2333,411.2391,411.238918618,411.238827045,2431635.5,-9999,276135.4,14.06,-1,0.222676836,0.991043225,0,0.594625935,5,0.318181818,1.636363636,O7,de-protonated,0,-9999,C22 H36 O7,22,36,7,-9999,-9999,-9999,-9999,-9999,-9999,-9999
2333,411.2391,411.238918618,411.238664854,2431635.5,-9999,276135.4,14.06,-1,0.617074007,0.933240733,0,0.55994444,0,0.058823529,2.411764706,N4 S2 P1 O1,de-protonated,0,-9999,C17 H41 O1 N4 P1 S2,17,41,1,4,1,2,-9999,-9999,-9999,-9999
2334,411.318197,411.318015595,411.317913811,2775204.5,-9999,281711.1,16.38,-1,0.247459043,0.986158086,0.996788507,0.990410254,8,0.071428571,1.5,13C2 O2,de-protonated,1,2314,C26 H42 O2 13C2,26,42,2,-9999,-9999,-9999,2,-9999,-9999,-9999
2335,412.093787,412.093605366,412.093757797,2033481.9,-9999,287487.1,11.36,-1,-0.369893223,0.97547964,0.972210582,0.974172017,18,0.125,0.708333333,13C1 N2 P1 O3,de-protonated,1,2325,C23 H17 O3 N2 P1 13C1,23,17,3,2,1,-9999,1,-9999,-9999,-9999
2335,412.093787,412.093605366,412.09348647,2033481.9,-9999,287487.1,11.36,-1,0.288515775,0.98500946,0.95321377,0.972291184,4,0.571428571,1.714285714,13C1 N2 S2 O8,de-protonated,1,2325,C13 H24 O8 N2 S2 13C1,13,24,8,2,-9999,2,1,-9999,-9999,-9999
2335,412.093787,412.093605366,412.093894142,2033481.9,-9999,287487.1,11.36,-1,-0.700753669,0.914752801,0,0.548851681,18,0.217391304,0.652173913,N3 O5,de-protonated,0,-9999,C23 H15 O5 N3,23,15,5,3,-9999,-9999,-9999,-9999,-9999,-9999
2336,412.21907,412.218888329,412.21868353,4413796.5,-9999,231416.4,27.46,-1,0.496820594,0.956201029,0.871254792,0.922222534,1,0.444444444,2.055555556,13C1 P1 O8,de-protonated,1,2331,C17 H37 O8 P1 13C1,17,37,8,-9999,1,-9999,1,-9999,-9999,-9999
2336,412.21907,412.218888329,412.218819876,4413796.5,-9999,231416.4,27.46,-1,0.166060131,0.995008874,0,0.597005325,1,0.588235294,2.058823529,N1 O10,de-protonated,0,-9999,C17 H35 O10 N1,17,35,10,1,-9999,-9999,-9999,-9999,-9999,-9999
2340,413.015259,413.015077094,413.015034685,1581580.6,-9999,315122.5,8.31,-1,0.102680629,0.998088759,0,0.598853255,15,0.578947368,0.526315789,O11,de-protonated,0,-9999,C19 H10 O11,19,10,11,-9999,-9999,-9999,-9999,-9999,-9999,-9999
2340,413.015259,413.015077094,413.014872494,1581580.6,-9999,315122.5,8.31,-1,0.495381613,0.956448779,0,0.573869268,10,0.357142857,1.071428571,N4 S2 P1 O5,de-protonated,0,-9999,C14 H15 O5 N4 P1 S2,14,15,5,4,1,2,-9999,-9999,-9999,-9999
2341,413.036576,413.036394088,413.036164053,1762833.1,-9999,306839.3,9.53,-1,0.556934985,0.945273351,0,0.567164011,10,0.8125,0.875,O13,de-protonated,0,-9999,C16 H14 O13,16,14,13,-9999,-9999,-9999,-9999,-9999,-9999,-9999
2341,413.036576,413.036394088,413.036653311,1762833.1,-9999,306839.3,9.53,-1,-0.62760304200000006,0.931024189,0,0.558614513,14,0.263157895,0.789473684,N2 S1 P1 O5,de-protonated,0,-9999,C19 H15 O5 N2 P1 S1,19,15,5,2,1,1,-9999,-9999,-9999,-9999
2341,413.036576,413.036394088,413.036001862,1762833.1,-9999,306839.3,9.53,-1,0.949616058,0.849060274,0,0.509436164,5,0.636363636,1.727272727,N4 S2 P1 O7,de-protonated,0,-9999,C11 H19 O7 N4 P1 S2,11,19,7,4,1,2,-9999,-9999,-9999,-9999
2342,413.072802,413.072620077,413.072549563,4817433,-9999,278308,30.19,-1,0.170706681,0.9947264,0,0.59683584,9,0.705882353,1.058823529,O12,de-protonated,0,-9999,C17 H18 O12,17,18,12,-9999,-9999,-9999,-9999,-9999,-9999,-9999
2342,413.072802,413.072620077,413.072387371,4817433,-9999,278308,30.19,-1,0.563353013,0.94404093,0,0.566424558,4,0.5,1.916666667,N4 S2 P1 O6,de-protonated,0,-9999,C12 H23 O6 N4 P1 S2,12,23,6,4,1,2,-9999,-9999,-9999,-9999
2343,413.087665,413.087483073,413.087805704,1524251.9,-9999,233667.2,7.92,-1,-0.781023865,0.895222144,0,0.537133286,13,0.428571429,0.857142857,O9,de-protonated,0,-9999,C21 H18 O9,21,18,9,-9999,-9999,-9999,-9999,-9999,-9999,-9999
2343,413.087665,413.087483073,413.087154255,1524251.9,-9999,233667.2,7.92,-1,0.795999687,0.891394044,0,0.534836426,4,0.846153846,1.692307692,N2 S1 O11,de-protonated,0,-9999,C13 H22 O11 N2 S1,13,22,11,2,-9999,1,-9999,-9999,-9999,-9999
2343,413.087665,413.087483073,413.087643513,1524251.9,-9999,233667.2,7.92,-1,-0.388392408,0.972999908,0,0.583799945,8,0.1875,1.4375,N4 S2 P1 O3,de-protonated,0,-9999,C16 H23 O3 N4 P1 S2,16,23,3,4,1,2,-9999,-9999,-9999,-9999
2344,413.109206,413.109024066,413.108935072,3995168.5,-9999,243351.7,24.63,-1,0.215425371,0.991614668,0,0.594968801,8,0.611111111,1.222222222,O11,de-protonated,0,-9999,C18 H22 O11,18,22,11,-9999,-9999,-9999,-9999,-9999,-9999,-9999
2344,413.109206,413.109024066,413.109424329,3995168.5,-9999,243351.7,24.63,-1,-0.968903591,0.843378576,0,0.506027146,12,0.142857143,1.095238095,N2 S1 P1 O3,de-protonated,0,-9999,C21 H23 O3 N2 P1 S1,21,23,3,2,1,1,-9999,-9999,-9999,-9999
2344,413.109206,413.109024066,413.108772881,3995168.5,-9999,243351.7,24.63,-1,0.608037137,0.935117358,0,0.561070415,3,0.384615385,2.076923077,N4 S2 P1 O5,de-protonated,0,-9999,C13 H27 O5 N4 P1 S2,13,27,5,4,1,2,-9999,-9999,-9999,-9999
2345,413.135116,413.134934059,413.134576449,4343334,-9999,259751.7,26.98,-1,0.865599506,0.436441961,0.800793265,0.582182483,11,0.130434783,1.173913043,S1 P1 O3,de-protonated,0,-9999,C23 H27 O3 P1 S1,23,27,3,-9999,1,1,-9999,-9999,-9999,-9999
2345,413.135116,413.134934059,413.134773154,4343334,-9999,259751.7,26.98,-1,0.389472409,0.972851601,0,0.58371096,3,0.692307692,2,N4 S1 O9,de-protonated,0,-9999,C13 H26 O9 N4 S1,13,26,9,4,-9999,1,-9999,-9999,-9999,-9999
2346,413.145585,413.145403055,413.145320581,2402344,-9999,296491.4,13.86,-1,0.199624806,0.992795337,0,0.595677202,7,0.526315789,1.368421053,O10,de-protonated,0,-9999,C19 H26 O10,19,26,10,-9999,-9999,-9999,-9999,-9999,-9999,-9999
2346,413.145585,413.145403055,413.145809839,2402344,-9999,296491.4,13.86,-1,-0.984599834,0.8386993,0,0.50321958,11,0.090909091,1.227272727,N2 S1 P1 O2,de-protonated,0,-9999,C22 H27 O2 N2 P1 S1,22,27,2,2,1,1,-9999,-9999,-9999,-9999
2346,413.145585,413.145403055,413.14515839,2402344,-9999,296491.4,13.86,-1,0.592201989,0.938347777,0,0.563008666,2,0.285714286,2.214285714,N4 S2 P1 O4,de-protonated,0,-9999,C14 H31 O4 N4 P1 S2,14,31,4,4,1,2,-9999,-9999,-9999,-9999
2347,413.173911,413.173729047,413.173463882,1627694,-9999,271867.2,8.62,-1,0.641776044,0.927989883,0,0.55679393,6,0.35,1.55,P1 O7,de-protonated,0,-9999,C20 H31 O7 P1,20,31,7,-9999,1,-9999,-9999,-9999,-9999,-9999
2348,413.181841,413.181659045,413.181706091,2046511.8,-9999,270802.6,11.45,-1,-0.113862738,0.997650333,0,0.5985902,6,0.45,1.5,O9,de-protonated,0,-9999,C20 H30 O9,20,30,9,-9999,-9999,-9999,-9999,-9999,-9999,-9999
2348,413.181841,413.181659045,413.181543899,2046511.8,-9999,270802.6,11.45,-1,0.278679751,0.986007083,0,0.59160425,1,0.2,2.333333333,N4 S2 P1 O3,de-protonated,0,-9999,C15 H35 O3 N4 P1 S2,15,35,3,4,1,2,-9999,-9999,-9999,-9999
2349,413.195037,413.194855041,413.194460309,1438770.5,-9999,239685,7.34,-1,0.955318383,0.847388427,0,0.508433056,14,0.035714286,1.071428571,S1 O1,de-protonated,0,-9999,C28 H30 O1 S1,28,30,1,-9999,-9999,1,-9999,-9999,-9999,-9999
2349,413.195037,413.194855041,413.19459325,1438770.5,-9999,239685,7.34,-1,0.633576862,0.929752306,0,0.557851383,1,0.529411765,2.058823529,P1 O9,de-protonated,0,-9999,C17 H35 O9 P1,17,35,9,-9999,1,-9999,-9999,-9999,-9999,-9999
2350,413.204498,413.204316038,413.203976165,8565300,-9999,251324.1,55.52,-1,0.82253134,0.868034067,0.935409708,0.894984323,14,0.035714286,1.107142857,P1 O1,de-protonated,0,-9999,C28 H31 O1 P1,28,31,1,-9999,1,-9999,-9999,-9999,-9999,-9999
2350,413.204498,413.204316038,413.204172869,8565300,-9999,251324.1,55.52,-1,0.346484231,0.969904675,0.995101969,0.979983593,6,0.388888889,1.666666667,N4 O7,de-protonated,0,-9999,C18 H30 O7 N4,18,30,7,4,-9999,-9999,-9999,-9999,-9999,-9999
2351,413.210645,413.210463036,413.210718771,2571317.8,-9999,270853.2,15,-1,-0.618897873,0.932859088,0,0.559715453,4,0.045454545,1.772727273,S2 P1 O1,de-protonated,0,-9999,C22 H39 O1 P1 S2,22,39,1,-9999,1,2,-9999,-9999,-9999,-9999
2352,413.254682,413.254500023,413.254477109,1518143,-9999,321781.9,7.88,-1,0.055447175,0.999442312,0,0.599665387,4,0.318181818,1.727272727,O7,de-protonated,0,-9999,C22 H38 O7,22,38,7,-9999,-9999,-9999,-9999,-9999,-9999,-9999
2354,414.141749,414.141566761,414.141438933,2610936.3,-9999,320451.2,15.27,-1,0.308657505,0.982862037,0,0.589717222,6,0.263157895,1.526315789,N1 S2 O5,de-protonated,0,-9999,C19 H29 O5 N1 S2,19,29,5,1,-9999,2,-9999,-9999,-9999,-9999
2355,414.207903,414.207720742,414.207331,1727750,-9999,280491.2,9.29,-1,0.940934315,0.851592686,0.935409708,0.885119495,14,0.035714286,1.107142857,13C1 P1 O1,de-protonated,1,2350,C27 H31 O1 P1 13C1,27,31,1,-9999,1,-9999,1,-9999,-9999,-9999
2355,414.207903,414.207720742,414.207467345,1727750,-9999,280491.2,9.29,-1,0.611761717,0.934346798,0,0.560608079,14,0.111111111,1.074074074,N1 O3,de-protonated,0,-9999,C27 H29 O3 N1,27,29,3,1,-9999,-9999,-9999,-9999,-9999,-9999
2355,414.207903,414.207720742,414.207527704,1727750,-9999,280491.2,9.29,-1,0.466040302,0.961356966,0.995101969,0.974854967,6,0.388888889,1.666666667,13C1 N4 O7,de-protonated,1,2350,C17 H30 O7 N4 13C1,17,30,7,4,-9999,-9999,1,-9999,-9999,-9999
2360,415.031,415.030817499,415.03068475,2232752.3,-9999,275018.9,12.71,-1,0.319853528,0.981607898,0,0.588964739,14,0.578947368,0.631578947,O11,de-protonated,0,-9999,C19 H12 O11,19,12,11,-9999,-9999,-9999,-9999,-9999,-9999,-9999
2360,415.031,415.030817499,415.031174007,2232752.3,-9999,275018.9,12.71,-1,-0.858991669,0.8746907,0,0.52481442,18,0.136363636,0.590909091,N2 S1 P1 O3,de-protonated,0,-9999,C22 H13 O3 N2 P1 S1,22,13,3,2,1,1,-9999,-9999,-9999,-9999
2360,415.031,415.030817499,415.030522558,2232752.3,-9999,275018.9,12.71,-1,0.710647393,0.912437979,0,0.547462787,9,0.357142857,1.214285714,N4 S2 P1 O5,de-protonated,0,-9999,C14 H17 O5 N4 P1 S2,14,17,5,4,1,2,-9999,-9999,-9999,-9999
2361,415.05217,415.051987492,415.051814118,2278836.5,-9999,271577.5,13.02,-1,0.417718252,0.968835237,0,0.581301142,9,0.8125,1,O13,de-protonated,0,-9999,C16 H16 O13,16,16,13,-9999,-9999,-9999,-9999,-9999,-9999,-9999
2361,415.05217,415.051987492,415.052303375,2278836.5,-9999,271577.5,13.02,-1,-0.761067049,0.900235159,0,0.540141095,13,0.263157895,0.894736842,N2 S1 P1 O5,de-protonated,0,-9999,C19 H17 O5 N2 P1 S1,19,17,5,2,1,1,-9999,-9999,-9999,-9999
2361,415.05217,415.051987492,415.051651926,2278836.5,-9999,271577.5,13.02,-1,0.808492261,0.888157932,0,0.532894759,4,0.636363636,1.909090909,N4 S2 P1 O7,de-protonated,0,-9999,C11 H21 O7 N4 P1 S2,11,21,7,4,1,2,-9999,-9999,-9999,-9999
2362,415.067502,415.067319488,415.067070259,2577335.8,-9999,263125.4,15.04,-1,0.600454528,0.936673479,0,0.562004087,13,0.5,0.8,O10,de-protonated,0,-9999,C20 H16 O10,20,16,10,-9999,-9999,-9999,-9999,-9999,-9999,-9999
2362,415.067502,415.067319488,415.067559516,2577335.8,-9999,263125.4,15.04,-1,-0.578287662,0.941124863,0,0.564674918,17,0.086956522,0.739130435,N2 S1 P1 O2,de-protonated,0,-9999,C23 H17 O2 N2 P1 S1,23,17,2,2,1,1,-9999,-9999,-9999,-9999
2362,415.067502,415.067319488,415.066908068,2577335.8,-9999,263125.4,15.04,-1,0.991214244,0.836712828,0,0.502027697,8,0.266666667,1.4,N4 S2 P1 O4,de-protonated,0,-9999,C15 H21 O4 N4 P1 S2,15,21,4,4,1,2,-9999,-9999,-9999,-9999
2363,415.088581,415.088398482,415.088199627,3762108,-9999,263308.7,23.05,-1,0.479065938,0.959211937,0,0.575527162,8,0.705882353,1.176470588,O12,de-protonated,0,-9999,C17 H20 O12,17,20,12,-9999,-9999,-9999,-9999,-9999,-9999,-9999
2363,415.088581,415.088398482,415.088688884,3762108,-9999,263308.7,23.05,-1,-0.699616106,0.915017248,0,0.549010349,12,0.2,1.05,N2 S1 P1 O4,de-protonated,0,-9999,C20 H21 O4 N2 P1 S1,20,21,4,2,1,1,-9999,-9999,-9999,-9999
2363,415.088581,415.088398482,415.088037436,3762108,-9999,263308.7,23.05,-1,0.869805717,0.871728568,0,0.523037141,3,0.5,2.083333333,N4 S2 P1 O6,de-protonated,0,-9999,C12 H25 O6 N4 P1 S2,12,25,6,4,1,2,-9999,-9999,-9999,-9999
2364,415.103634,415.103451477,415.103455768,1983935.1,-9999,289101.5,11.03,-1,-0.010337463,0.99998061,0,0.599988366,12,0.428571429,0.952380952,O9,de-protonated,0,-9999,C21 H20 O9,21,20,9,-9999,-9999,-9999,-9999,-9999,-9999,-9999
2364,415.103634,415.103451477,415.103293577,1983935.1,-9999,289101.5,11.03,-1,0.380387764,0.974086967,0,0.58445218,7,0.1875,1.5625,N4 S2 P1 O3,de-protonated,0,-9999,C16 H25 O3 N4 P1 S2,16,25,3,4,1,2,-9999,-9999,-9999,-9999
2365,415.124935,415.124752471,415.124585136,2262979.5,-9999,319590.1,12.91,-1,0.403094734,0.970947621,0,0.582568572,7,0.611111111,1.333333333,O11,de-protonated,0,-9999,C18 H24 O11,18,24,11,-9999,-9999,-9999,-9999,-9999,-9999,-9999
2365,415.124935,415.124752471,415.125074394,2262979.5,-9999,319590.1,12.91,-1,-0.77548391,0.896623931,0,0.537974358,11,0.142857143,1.19047619,N2 S1 P1 O3,de-protonated,0,-9999,C21 H25 O3 N2 P1 S1,21,25,3,2,1,1,-9999,-9999,-9999,-9999
2365,415.124935,415.124752471,415.124422945,2262979.5,-9999,319590.1,12.91,-1,0.793800235,0.891959786,0,0.535175871,2,0.384615385,2.230769231,N4 S2 P1 O5,de-protonated,0,-9999,C13 H29 O5 N4 P1 S2,13,29,5,4,1,2,-9999,-9999,-9999,-9999
2366,415.147458,415.147275464,415.147051915,1506760.1,-9999,266701.2,7.8,-1,0.538482216,0.948746705,0,0.569248023,7,0.5625,1.5,N4 O9,de-protonated,0,-9999,C16 H24 O9 N4,16,24,9,4,-9999,-9999,-9999,-9999,-9999,-9999
2367,415.153309,415.153126463,415.152728437,2902985.3,-9999,213508,17.24,-1,0.958744263,0.846380785,0,0.507828471,6,0.421052632,1.526315789,P1 O8,de-protonated,0,-9999,C19 H29 O8 P1,19,29,8,-9999,1,-9999,-9999,-9999,-9999,-9999
2368,415.173277,415.173094457,415.173073415,1969101.5,-9999,317737.7,10.92,-1,0.050681878,0.99953403,0,0.599720418,5,0.210526316,1.684210526,N2 S2 O4,de-protonated,0,-9999,C19 H32 O4 N2 S2,19,32,4,2,-9999,2,-9999,-9999,-9999,-9999
2368,415.173277,415.173094457,415.172693292,1969101.5,-9999,317737.7,10.92,-1,0.966258806,0.844162161,0,0.506497296,10,0.047619048,1.380952381,N4 S1 P1 O1,de-protonated,0,-9999,C21 H29 O1 N4 P1 S1,21,29,1,4,1,1,-9999,-9999,-9999,-9999
2369,415.183889,415.183706454,415.183437424,2891727.5,-9999,252726.1,17.16,-1,0.64797671,0.926644249,0,0.55598655,6,0.470588235,1.647058824,N4 O8,de-protonated,0,-9999,C17 H28 O8 N4,17,28,8,4,-9999,-9999,-9999,-9999,-9999,-9999
2370,415.189607,415.189424452,415.189113947,2845648.8,-9999,265430.7,16.85,-1,0.747864574,0.903495176,0,0.542097106,5,0.35,1.65,P1 O7,de-protonated,0,-9999,C20 H33 O7 P1,20,33,7,-9999,1,-9999,-9999,-9999,-9999,-9999
2371,415.197763,415.19758045,415.197356155,1804754.5,-9999,312574.5,9.81,-1,0.540211368,0.948425663,0,0.569055398,5,0.45,1.6,O9,de-protonated,0,-9999,C20 H32 O9,20,32,9,-9999,-9999,-9999,-9999,-9999,-9999,-9999
2371,415.197763,415.19758045,415.197845413,1804754.5,-9999,312574.5,9.81,-1,-0.63816087,0.928769349,0,0.557261609,9,0.043478261,1.434782609,N2 S1 P1 O1,de-protonated,0,-9999,C23 H33 O1 N2 P1 S1,23,33,1,2,1,1,-9999,-9999,-9999,-9999
2371,415.197763,415.19758045,415.197193964,1804754.5,-9999,312574.5,9.81,-1,0.930848443,0.85451481,0,0.512708886,0,0.2,2.466666667,N4 S2 P1 O3,de-protonated,0,-9999,C15 H37 O3 N4 P1 S2,15,37,3,4,1,2,-9999,-9999,-9999,-9999
2372,415.220165,415.219982443,415.219626229,13984727,-9999,258414.8,92.16,-1,0.857892076,0.900455426,0.926277422,0.910784224,13,0.035714286,1.178571429,P1 O1,de-protonated,0,-9999,C28 H33 O1 P1,28,33,1,-9999,1,-9999,-9999,-9999,-9999,-9999
2372,415.220165,415.219982443,415.219822934,13984727,-9999,258414.8,92.16,-1,0.384155882,0.983900266,0.995765745,0.988646458,5,0.388888889,1.777777778,N4 O7,de-protonated,0,-9999,C18 H32 O7 N4,18,32,7,4,-9999,-9999,-9999,-9999,-9999,-9999
2373,415.22597,415.225787441,415.225499456,1407960.3,-9999,297934.1,7.13,-1,0.693563242,0.916418394,0,0.549851037,4,0.285714286,1.761904762,P1 O6,de-protonated,0,-9999,C21 H37 O6 P1,21,37,6,-9999,1,-9999,-9999,-9999,-9999,-9999
2374,415.233975,415.233792439,415.233741665,1800153.9,-9999,264490.7,9.78,-1,0.122278815,0.997290637,0,0.598374382,4,0.380952381,1.714285714,O8,de-protonated,0,-9999,C21 H36 O8,21,36,8,-9999,-9999,-9999,-9999,-9999,-9999,-9999
2375,415.249371,415.249188434,415.248997806,2498013,-9999,266557.2,14.5,-1,0.459070233,0.962482408,0,0.577489445,8,0.2,1.44,O5,de-protonated,0,-9999,C25 H36 O5,25,36,5,-9999,-9999,-9999,-9999,-9999,-9999,-9999
2376,415.270401,415.270218428,415.270127174,1856481.4,-9999,252392.3,10.16,-1,0.219746567,0.991276379,0,0.594765827,3,0.318181818,1.818181818,O7,de-protonated,0,-9999,C22 H40 O7,22,40,7,-9999,-9999,-9999,-9999,-9999,-9999,-9999
2377,416.110504,416.11032118,416.10993813,1413773,-9999,287681.5,7.17,-1,0.92055026,0.857476131,0,0.514485679,12,0.421052632,1,N3 O8,de-protonated,0,-9999,C19 H19 O8 N3,19,19,8,3,-9999,-9999,-9999,-9999,-9999,-9999
2378,416.157366,416.157183166,416.157088998,6909078.5,-9999,260576.4,44.32,-1,0.226280623,0.495376161,0.829532115,0.629038543,5,0.263157895,1.631578947,N1 S2 O5,de-protonated,0,-9999,C19 H31 O5 N1 S2,19,31,5,1,-9999,2,-9999,-9999,-9999,-9999
2380,416.223435,416.223252147,416.222981064,2638500,-9999,276568.7,15.45,-1,0.651291136,0.925920473,0.926277422,0.926063253,13,0.035714286,1.178571429,13C1 P1 O1,de-protonated,1,2372,C27 H33 O1 P1 13C1,27,33,1,-9999,1,-9999,1,-9999,-9999,-9999
2380,416.223435,416.223252147,416.22311741,2638500,-9999,276568.7,15.45,-1,0.323712722,0.981165631,0,0.588699379,13,0.111111111,1.148148148,N1 O3,de-protonated,0,-9999,C27 H31 O3 N1,27,31,3,1,-9999,-9999,-9999,-9999,-9999,-9999
2380,416.223435,416.223252147,416.223177769,2638500,-9999,276568.7,15.45,-1,0.178697036,0.99422262,0.995765745,0.99483987,5,0.388888889,1.777777778,13C1 N4 O7,de-protonated,1,2372,C17 H32 O7 N4 13C1,17,32,7,4,-9999,-9999,1,-9999,-9999,-9999
2383,417.046477,417.046293904,417.046334814,1492298.1,-9999,387095,7.7,-1,-0.098095834,0.99825548,0,0.598953288,13,0.578947368,0.736842105,O11,de-protonated,0,-9999,C19 H14 O11,19,14,11,-9999,-9999,-9999,-9999,-9999,-9999,-9999
2383,417.046477,417.046293904,417.046172623,1492298.1,-9999,387095,7.7,-1,0.2908091,0.984772033,0,0.59086322,8,0.357142857,1.357142857,N4 S2 P1 O5,de-protonated,0,-9999,C14 H19 O5 N4 P1 S2,14,19,5,4,1,2,-9999,-9999,-9999,-9999
2384,417.06786,417.067676897,417.067464182,1953614.5,-9999,267733.2,10.82,-1,0.510025684,0.953897022,0,0.572338213,8,0.8125,1.125,O13,de-protonated,0,-9999,C16 H18 O13,16,18,13,-9999,-9999,-9999,-9999,-9999,-9999,-9999
2384,417.06786,417.067676897,417.06795344,1953614.5,-9999,267733.2,10.82,-1,-0.663062767,0.923324699,0,0.553994819,12,0.263157895,1,N2 S1 P1 O5,de-protonated,0,-9999,C19 H19 O5 N2 P1 S1,19,19,5,2,1,1,-9999,-9999,-9999,-9999
2384,417.06786,417.067676897,417.067301991,1953614.5,-9999,267733.2,10.82,-1,0.898911152,0.863623797,0,0.518174278,3,0.636363636,2.090909091,N4 S2 P1 O7,de-protonated,0,-9999,C11 H23 O7 N4 P1 S2,11,23,7,4,1,2,-9999,-9999,-9999,-9999
2385,417.082847,417.082663893,417.082720324,2126673.5,-9999,254354.6,11.99,-1,-0.135298332,0.996683976,0,0.598010386,12,0.5,0.9,O10,de-protonated,0,-9999,C20 H18 O10,20,18,10,-9999,-9999,-9999,-9999,-9999,-9999,-9999
2385,417.082847,417.082663893,417.082558132,2126673.5,-9999,254354.6,11.99,-1,0.25357266,0.988400809,0,0.593040486,7,0.266666667,1.533333333,N4 S2 P1 O4,de-protonated,0,-9999,C15 H23 O4 N4 P1 S2,15,23,4,4,1,2,-9999,-9999,-9999,-9999
2386,417.104043,417.103859887,417.103849692,2426197.8,-9999,267714.3,14.01,-1,0.024442559,0.999891601,0,0.599934961,7,0.705882353,1.294117647,O12,de-protonated,0,-9999,C17 H22 O12,17,22,12,-9999,-9999,-9999,-9999,-9999,-9999,-9999
2386,417.104043,417.103859887,417.1036875,2426197.8,-9999,267714.3,14.01,-1,0.413293914,0.96948179,0,0.581689074,2,0.5,2.25,N4 S2 P1 O6,de-protonated,0,-9999,C12 H27 O6 N4 P1 S2,12,27,6,4,1,2,-9999,-9999,-9999,-9999
2387,417.116019,417.115835883,417.116223787,1440856.1,-9999,284421.5,7.35,-1,-0.929965674,0.854769545,0,0.512861727,20,0.037037037,0.703703704,N2 P1 O1,de-protonated,0,-9999,C27 H19 O1 N2 P1,27,19,1,2,1,-9999,-9999,-9999,-9999,-9999
2387,417.116019,417.115835883,417.115952461,1440856.1,-9999,284421.5,7.35,-1,-0.2794849,0.985926683,0,0.59155601,6,0.352941176,1.529411765,N2 S2 O6,de-protonated,0,-9999,C17 H26 O6 N2 S2,17,26,6,2,-9999,2,-9999,-9999,-9999,-9999
2387,417.116019,417.115835883,417.115572338,1440856.1,-9999,284421.5,7.35,-1,0.631827069,0.93012592,0,0.558075552,11,0.157894737,1.210526316,N4 S1 P1 O3,de-protonated,0,-9999,C19 H23 O3 N4 P1 S1,19,23,3,4,1,1,-9999,-9999,-9999,-9999
2388,417.119462,417.119278882,417.119105833,2298200.8,-9999,280747.9,13.15,-1,0.414867697,0.969252544,0,0.581551526,11,0.428571429,1.047619048,O9,de-protonated,0,-9999,C21 H22 O9,21,22,9,-9999,-9999,-9999,-9999,-9999,-9999,-9999
2388,417.119462,417.119278882,417.11959509,2298200.8,-9999,280747.9,13.15,-1,-0.758075407,0.900977831,0,0.540586698,15,0.041666667,0.958333333,N2 S1 P1 O1,de-protonated,0,-9999,C24 H23 O1 N2 P1 S1,24,23,1,2,1,1,-9999,-9999,-9999,-9999
2388,417.119462,417.119278882,417.118943642,2298200.8,-9999,280747.9,13.15,-1,0.803704982,0.889402605,0,0.533641563,6,0.1875,1.6875,N4 S2 P1 O3,de-protonated,0,-9999,C16 H27 O3 N4 P1 S2,16,27,3,4,1,2,-9999,-9999,-9999,-9999
2389,417.16302,417.162836869,417.162505275,2517345.5,-9999,273494.3,14.63,-1,0.79488024,0.891682138,0,0.535009283,14,0.115384615,1.038461538,P1 O3,de-protonated,0,-9999,C26 H27 O3 P1,26,27,3,-9999,1,-9999,-9999,-9999,-9999,-9999
2389,417.16302,417.162836869,417.16270198,2517345.5,-9999,273494.3,14.63,-1,0.323350438,0.981207366,0,0.58872442,6,0.5625,1.625,N4 O9,de-protonated,0,-9999,C16 H26 O9 N4,16,26,9,4,-9999,-9999,-9999,-9999,-9999,-9999
2390,417.168837,417.168653868,417.168378502,3506530.8,-9999,234795.6,21.32,-1,0.660082976,0.923985479,0,0.554391287,5,0.421052632,1.631578947,P1 O8,de-protonated,0,-9999,C19 H31 O8 P1,19,31,8,-9999,1,-9999,-9999,-9999,-9999,-9999
2391,417.199391,417.199207859,417.198890784,10495337,-9999,247966.6,68.57,-1,0.760007159,0.921258418,0.902057342,0.913577988,13,0.074074074,1.148148148,P1 O2,de-protonated,0,-9999,C27 H31 O2 P1,27,31,2,-9999,1,-9999,-9999,-9999,-9999,-9999
2391,417.199391,417.199207859,417.199087489,10495337,-9999,247966.6,68.57,-1,0.288518497,0.991535714,0.972767517,0.984028435,5,0.470588235,1.764705882,N4 O8,de-protonated,0,-9999,C17 H30 O8 N4,17,30,8,4,-9999,-9999,-9999,-9999,-9999,-9999
2392,417.205332,417.205148857,417.204764011,2468714,-9999,250539.1,14.3,-1,0.922438219,0.856934936,0,0.514160961,4,0.35,1.75,P1 O7,de-protonated,0,-9999,C20 H35 O7 P1,20,35,7,-9999,1,-9999,-9999,-9999,-9999,-9999
2393,417.213028,417.212844854,417.21300622,2028395.6,-9999,227659.5,11.32,-1,-0.386769205,0.973222076,0,0.583933245,4,0.45,1.7,O9,de-protonated,0,-9999,C20 H34 O9,20,34,9,-9999,-9999,-9999,-9999,-9999,-9999,-9999
2394,417.228527,417.22834385,417.228262361,1564014.6,-9999,223881.1,8.18,-1,0.195310334,0.993102334,0,0.595861401,8,0.25,1.416666667,O6,de-protonated,0,-9999,C24 H34 O6,24,34,6,-9999,-9999,-9999,-9999,-9999,-9999,-9999
2395,417.322524,417.322340822,417.322162748,1616257.5,-9999,291463.1,8.54,-1,0.426707456,0.967501754,0,0.580501052,1,0.260869565,2,O6,de-protonated,0,-9999,C23 H46 O6,23,46,6,-9999,-9999,-9999,-9999,-9999,-9999,-9999
2397,418.136746,418.136562582,418.136624879,2360867.8,-9999,307931.7,13.57,-1,-0.148988153,0.995980399,0,0.597588239,19,0.035714286,0.785714286,N1 P1 O1,de-protonated,0,-9999,C28 H22 O1 N1 P1,28,22,1,1,1,-9999,-9999,-9999,-9999,-9999
2397,418.136746,418.136562582,418.136353553,2360867.8,-9999,307931.7,13.57,-1,0.499905724,0.955667656,0,0.573400593,5,0.333333333,1.611111111,N1 S2 O6,de-protonated,0,-9999,C18 H29 O6 N1 S2,18,29,6,1,-9999,2,-9999,-9999,-9999,-9999
2398,418.154434,418.154250577,418.154111618,2552871.3,-9999,262638,14.87,-1,0.332314786,0.980161481,0,0.588096889,5,0.444444444,1.611111111,N1 S1 O8,de-protonated,0,-9999,C18 H29 O8 N1 S1,18,29,8,1,-9999,1,-9999,-9999,-9999,-9999
2399,418.202669,418.202485562,418.202245619,1541680.9,-9999,285634.8,8.03,-1,0.573748359,0.942018297,0.902057342,0.926033915,13,0.074074074,1.148148148,13C1 P1 O2,de-protonated,1,2391,C26 H31 O2 P1 13C1,26,31,2,-9999,1,-9999,1,-9999,-9999,-9999
2399,418.202669,418.202485562,418.202381965,1541680.9,-9999,285634.8,8.03,-1,0.247720331,0.988927097,0,0.593356258,13,0.153846154,1.115384615,N1 O4,de-protonated,0,-9999,C26 H29 O4 N1,26,29,4,1,-9999,-9999,-9999,-9999,-9999,-9999
2399,418.202669,418.202485562,418.202442324,1541680.9,-9999,285634.8,8.03,-1,0.103390985,0.998062249,0.972767517,0.987944356,5,0.470588235,1.764705882,13C1 N4 O8,de-protonated,1,2391,C16 H30 O8 N4 13C1,16,30,8,4,-9999,-9999,1,-9999,-9999,-9999
2401,418.95419,418.95400634,418.95369773,5300933,-9999,244327.6,33.45,-1,0.736620669,0.906235681,0,0.543741408,14,0.529411765,0.470588235,S2 O9,de-protonated,0,-9999,C17 H8 O9 S2,17,8,9,-9999,-9999,2,-9999,-9999,-9999,-9999
2402,419.025799,419.025615319,419.025599369,1602259,-9999,273821,8.44,-1,0.038064453,0.999737133,0,0.59984228,13,0.666666667,0.666666667,O12,de-protonated,0,-9999,C18 H12 O12,18,12,12,-9999,-9999,-9999,-9999,-9999,-9999,-9999
2402,419.025799,419.025615319,419.025437178,1602259,-9999,273821,8.44,-1,0.425132449,0.967737312,0,0.580642387,8,0.461538462,1.307692308,N4 S2 P1 O6,de-protonated,0,-9999,C13 H17 O6 N4 P1 S2,13,17,6,4,1,2,-9999,-9999,-9999,-9999
2403,419.044735,419.044551314,419.044226814,1674454.8,-9999,301211.7,8.93,-1,0.774380742,0.896902137,0,0.538141282,12,0.473684211,0.842105263,S1 O9,de-protonated,0,-9999,C19 H16 O9 S1,19,16,9,-9999,-9999,1,-9999,-9999,-9999,-9999
2403,419.044735,419.044551314,419.044716071,1674454.8,-9999,301211.7,8.93,-1,-0.393174199,0.972340315,0,0.583404189,16,0.045454545,0.772727273,N2 S2 P1 O1,de-protonated,0,-9999,C22 H17 O1 N2 P1 S2,22,17,1,2,1,2,-9999,-9999,-9999,-9999
2404,419.062299,419.062115308,419.061984879,3474138.3,-9999,276378.8,21.09,-1,0.31124239,0.982576314,0,0.589545788,12,0.578947368,0.842105263,O11,de-protonated,0,-9999,C19 H16 O11,19,16,11,-9999,-9999,-9999,-9999,-9999,-9999,-9999
2404,419.062299,419.062115308,419.062474136,3474138.3,-9999,276378.8,21.09,-1,-0.856262535,0.875433969,0,0.525260381,16,0.136363636,0.772727273,N2 S1 P1 O3,de-protonated,0,-9999,C22 H17 O3 N2 P1 S1,22,17,3,2,1,1,-9999,-9999,-9999,-9999
2404,419.062299,419.062115308,419.061822687,3474138.3,-9999,276378.8,21.09,-1,0.698276883,0.915328122,0,0.549196873,7,0.357142857,1.5,N4 S2 P1 O5,de-protonated,0,-9999,C14 H21 O5 N4 P1 S2,14,21,5,4,1,2,-9999,-9999,-9999,-9999
2405,419.098806,419.098622298,419.098370388,2656993.3,-9999,253507.1,15.57,-1,0.60107541,0.936546697,0,0.561928018,11,0.5,1,O10,de-protonated,0,-9999,C20 H20 O10,20,20,10,-9999,-9999,-9999,-9999,-9999,-9999,-9999
2405,419.098806,419.098622298,419.098859645,2656993.3,-9999,253507.1,15.57,-1,-0.566328492,0.943465324,0,0.566079194,15,0.086956522,0.913043478,N2 S1 P1 O2,de-protonated,0,-9999,C23 H21 O2 N2 P1 S1,23,21,2,2,1,1,-9999,-9999,-9999,-9999
2405,419.098806,419.098622298,419.098208197,2656993.3,-9999,253507.1,15.57,-1,0.988076414,0.837656267,0,0.50259376,6,0.266666667,1.666666667,N4 S2 P1 O4,de-protonated,0,-9999,C15 H25 O4 N4 P1 S2,15,25,4,4,1,2,-9999,-9999,-9999,-9999
2406,419.135182,419.134998287,419.134755897,2429672.5,-9999,270955.1,14.03,-1,0.578309556,0.941120539,0,0.564672323,10,0.428571429,1.142857143,O9,de-protonated,0,-9999,C21 H24 O9,21,24,9,-9999,-9999,-9999,-9999,-9999,-9999,-9999
2406,419.135182,419.134998287,419.135245155,2429672.5,-9999,270955.1,14.03,-1,-0.588992976,0.938993372,0,0.563396023,14,0.041666667,1.041666667,N2 S1 P1 O1,de-protonated,0,-9999,C24 H25 O1 N2 P1 S1,24,25,1,2,1,1,-9999,-9999,-9999,-9999
2406,419.135182,419.134998287,419.134593706,2429672.5,-9999,270955.1,14.03,-1,0.965276956,0.844452699,0,0.506671619,5,0.1875,1.8125,N4 S2 P1 O3,de-protonated,0,-9999,C16 H29 O3 N4 P1 S2,16,29,3,4,1,2,-9999,-9999,-9999,-9999
2407,419.157744,419.15756028,419.157222676,1590764.9,-9999,251149.6,8.36,-1,0.805436182,0.888953152,0,0.533371891,10,0.368421053,1.263157895,N4 O7,de-protonated,0,-9999,C19 H24 O7 N4,19,24,7,4,-9999,-9999,-9999,-9999,-9999,-9999
2408,419.171427,419.171243276,419.171141407,1440751.5,-9999,277966.1,7.35,-1,0.243026232,0.989340542,0,0.593604325,9,0.363636364,1.272727273,O8,de-protonated,0,-9999,C22 H28 O8,22,28,8,-9999,-9999,-9999,-9999,-9999,-9999,-9999
2408,419.171427,419.171243276,419.170979215,1440751.5,-9999,277966.1,7.35,-1,0.629959912,0.93052362,0,0.558314172,4,0.117647059,1.941176471,N4 S2 P1 O2,de-protonated,0,-9999,C17 H33 O2 N4 P1 S2,17,33,2,4,1,2,-9999,-9999,-9999,-9999
2409,419.184588,419.184404272,419.184028566,6336242,-9999,248671.5,40.45,-1,0.896279681,0.43218219,0.829532115,0.59112216,4,0.421052632,1.736842105,P1 O8,de-protonated,0,-9999,C19 H33 O8 P1,19,33,8,-9999,1,-9999,-9999,-9999,-9999,-9999
2410,419.220947,419.220763262,419.220414076,2256633.3,-9999,275076.3,12.86,-1,0.832941408,0.881714002,0,0.529028401,3,0.35,1.85,P1 O7,de-protonated,0,-9999,C20 H37 O7 P1,20,37,7,-9999,1,-9999,-9999,-9999,-9999,-9999
2411,420.188086,420.187901976,420.187519747,1589429,-9999,250937.1,8.32,-1,0.909663264,0.860581913,0,0.516349148,4,0.555555556,1.722222222,N1 O10,de-protonated,0,-9999,C18 H31 O10 N1,18,31,10,1,-9999,-9999,-9999,-9999,-9999,-9999
2411,420.188086,420.187901976,420.188009004,1589429,-9999,250937.1,8.32,-1,-0.254715025,0.988296679,0,0.592978007,8,0.095238095,1.523809524,N3 S1 P1 O2,de-protonated,0,-9999,C21 H32 O2 N3 P1 S1,21,32,2,3,1,1,-9999,-9999,-9999,-9999
2415,421.041559,421.041374724,421.041249434,4920409,-9999,243714.7,30.75,-1,0.297572649,0.984061202,0,0.590436721,12,0.666666667,0.777777778,O12,de-protonated,0,-9999,C18 H14 O12,18,14,12,-9999,-9999,-9999,-9999,-9999,-9999,-9999
2415,421.041559,421.041374724,421.041738691,4920409,-9999,243714.7,30.75,-1,-0.864443965,0.436600305,0.81490939,0.587923939,16,0.19047619,0.714285714,N2 S1 P1 O4,de-protonated,0,-9999,C21 H15 O4 N2 P1 S1,21,15,4,2,1,1,-9999,-9999,-9999,-9999
2415,421.041559,421.041374724,421.041087242,4920409,-9999,243714.7,30.75,-1,0.682787734,0.918887838,0,0.551332703,7,0.461538462,1.461538462,N4 S2 P1 O6,de-protonated,0,-9999,C13 H19 O6 N4 P1 S2,13,19,6,4,1,2,-9999,-9999,-9999,-9999
2416,421.077956,421.077771713,421.077634943,4695135.5,-9999,251629.6,29.23,-1,0.324810088,0.981038941,0,0.588623364,11,0.578947368,0.947368421,O11,de-protonated,0,-9999,C19 H18 O11,19,18,11,-9999,-9999,-9999,-9999,-9999,-9999,-9999
2416,421.077956,421.077771713,421.0781242,4695135.5,-9999,251629.6,29.23,-1,-0.837106148,0.440300976,0.807789663,0.587296451,15,0.136363636,0.863636364,N2 S1 P1 O3,de-protonated,0,-9999,C22 H19 O3 N2 P1 S1,22,19,3,2,1,1,-9999,-9999,-9999,-9999
2416,421.077956,421.077771713,421.077472752,4695135.5,-9999,251629.6,29.23,-1,0.709991897,0.912592166,0,0.5475553,6,0.357142857,1.642857143,N4 S2 P1 O5,de-protonated,0,-9999,C14 H23 O5 N4 P1 S2,14,23,5,4,1,2,-9999,-9999,-9999,-9999
2417,421.114455,421.114270703,421.114020452,3101798.8,-9999,241860.7,18.5,-1,0.594257434,0.937932651,0,0.56275959,10,0.5,1.1,O10,de-protonated,0,-9999,C20 H22 O10,20,22,10,-9999,-9999,-9999,-9999,-9999,-9999,-9999
2417,421.114455,421.114270703,421.11450971,3101798.8,-9999,241860.7,18.5,-1,-0.567558722,0.943226554,0,0.565935932,14,0.086956522,1,N2 S1 P1 O2,de-protonated,0,-9999,C23 H23 O2 N2 P1 S1,23,23,2,2,1,1,-9999,-9999,-9999,-9999
2417,421.114455,421.114270703,421.113858261,3101798.8,-9999,241860.7,18.5,-1,0.979406066,0.840253072,0,0.504151843,5,0.266666667,1.8,N4 S2 P1 O4,de-protonated,0,-9999,C15 H27 O4 N4 P1 S2,15,27,4,4,1,2,-9999,-9999,-9999,-9999
2418,421.142744,421.142559694,421.142163753,2026092.1,-9999,292029.8,11.26,-1,0.940159782,0.851817847,0,0.511090708,9,0.333333333,1.285714286,P1 O7,de-protonated,0,-9999,C21 H27 O7 P1,21,27,7,-9999,1,-9999,-9999,-9999,-9999,-9999
2419,421.15556,421.15537569,421.155766124,44648560,-9999,246133.1,298.26,-1,-0.927053363,0.574606506,0.92675022,0.715463991,18,0.111111111,0.814814815,N2 O3,de-protonated,0,-9999,C27 H22 O3 N2,27,22,3,2,-9999,-9999,-9999,-9999,-9999,-9999
2419,421.15556,421.15537569,421.155114676,44648560,-9999,246133.1,298.26,-1,0.619759328,0.618848852,0.964213641,0.756994767,9,0.263157895,1.368421053,N4 S1 O5,de-protonated,0,-9999,C19 H26 O5 N4 S1,19,26,5,4,-9999,1,-9999,-9999,-9999,-9999
2420,421.163743,421.163558688,421.16316018,2179696,-9999,192698,12.29,-1,0.946209052,0.85005595,0,0.51003357,17,0.034482759,0.896551724,S1 O1,de-protonated,0,-9999,C29 H26 O1 S1,29,26,1,-9999,-9999,1,-9999,-9999,-9999,-9999
2420,421.163743,421.163558688,421.163293121,2179696,-9999,192698,12.29,-1,0.630555105,0.930396955,0,0.558238173,4,0.5,1.722222222,P1 O9,de-protonated,0,-9999,C18 H31 O9 P1,18,31,9,-9999,1,-9999,-9999,-9999,-9999,-9999
2421,421.173257,421.173072685,421.172676036,3002482,-9999,264357.7,17.83,-1,0.941773667,0.851348539,0,0.510809124,17,0.034482759,0.931034483,P1 O1,de-protonated,0,-9999,C29 H27 O1 P1,29,27,1,-9999,1,-9999,-9999,-9999,-9999,-9999
2421,421.173257,421.173072685,421.17287274,3002482,-9999,264357.7,17.83,-1,0.474733437,0.95993143,0,0.575958858,9,0.368421053,1.368421053,N4 O7,de-protonated,0,-9999,C19 H26 O7 N4,19,26,7,4,-9999,-9999,-9999,-9999,-9999,-9999
2423,421.200268,421.200083677,421.199678631,3179639,-9999,238656.3,19.02,-1,0.961649667,0.845524346,0,0.507314608,3,0.421052632,1.842105263,P1 O8,de-protonated,0,-9999,C19 H35 O8 P1,19,35,8,-9999,1,-9999,-9999,-9999,-9999,-9999
2424,421.226906,421.226721669,421.226548284,29706364,-9999,247330.9,197.65,-1,0.411620697,0.649779703,0.96452057,0.77567605,2,0.35,1.9,S1 O7,de-protonated,0,-9999,C20 H38 O7 S1,20,38,7,-9999,-9999,1,-9999,-9999,-9999,-9999
2425,422.158933,422.158748394,422.158409152,9576748,-9999,231021.7,62.1,-1,0.803590202,0.444716189,0.767553728,0.573851204,17,0.035714286,0.892857143,N1 S1 O1,de-protonated,0,-9999,C28 H25 O1 N1 S1,28,25,1,1,-9999,1,-9999,-9999,-9999,-9999
2425,422.158933,422.158748394,422.158542094,9576748,-9999,231021.7,62.1,-1,0.488680462,0.478796945,0.844689208,0.62515385,4,0.529411765,1.764705882,N1 P1 O9,de-protonated,0,-9999,C17 H30 O9 N1 P1,17,30,9,1,1,-9999,-9999,-9999,-9999,-9999
2425,422.158933,422.158748394,422.159120959,9576748,-9999,231021.7,62.1,-1,-0.88252313,0.578807176,0.92675022,0.717984393,18,0.111111111,0.814814815,13C1 N2 O3,de-protonated,1,2419,C26 H22 O3 N2 13C1,26,22,3,2,-9999,-9999,1,-9999,-9999,-9999
2425,422.158933,422.158748394,422.158469511,9576748,-9999,231021.7,62.1,-1,0.66061328,0.615912043,0.964213641,0.755232682,9,0.263157895,1.368421053,13C1 N4 S1 O5,de-protonated,1,2419,C18 H26 O5 N4 S1 13C1,18,26,5,4,-9999,1,1,-9999,-9999,-9999
2426,422.19359,422.193405384,422.193273833,5870898.5,-9999,237785.5,37.15,-1,0.311590299,0.933716193,0.937143095,0.935086954,8,0.35,1.45,N3 O7,de-protonated,0,-9999,C20 H29 O7 N3,20,29,7,3,-9999,-9999,-9999,-9999,-9999,-9999
2427,422.23023,422.230045373,422.229903119,6406457.5,-9999,247828.3,40.75,-1,0.336911857,0.653076323,0.96452057,0.777654022,2,0.35,1.9,13C1 S1 O7,de-protonated,1,2424,C19 H38 O7 S1 13C1,19,38,7,-9999,-9999,1,1,-9999,-9999,-9999
2427,422.23023,422.230045373,422.229659342,6406457.5,-9999,247828.3,40.75,-1,0.914268224,0.429635688,0.81490939,0.583745169,7,0.285714286,1.571428571,N3 O6,de-protonated,0,-9999,C21 H33 O6 N3,21,33,6,3,-9999,-9999,-9999,-9999,-9999,-9999
2428,422.949048,422.948863161,422.94861235,2499519.5,-9999,270760.2,14.44,-1,0.59300558,0.93818563,0,0.562911378,13,0.625,0.5,S2 O10,de-protonated,0,-9999,C16 H8 O10 S2,16,8,10,-9999,-9999,2,-9999,-9999,-9999,-9999
2429,423.021079,423.02089414,423.020513989,1458892.9,-9999,276446.7,7.43,-1,0.898658048,0.863695096,0,0.518217057,12,0.764705882,0.705882353,O13,de-protonated,0,-9999,C17 H12 O13,17,12,13,-9999,-9999,-9999,-9999,-9999,-9999,-9999
2429,423.021079,423.02089414,423.021003246,1458892.9,-9999,276446.7,7.43,-1,-0.257922324,0.98800188,0,0.592801128,16,0.25,0.65,N2 S1 P1 O5,de-protonated,0,-9999,C20 H13 O5 N2 P1 S1,20,13,5,2,1,1,-9999,-9999,-9999,-9999
2430,423.057211,423.057026129,423.056899498,4540883.5,-9999,246514.6,28.19,-1,0.299323263,0.983874639,0,0.590324784,11,0.666666667,0.888888889,O12,de-protonated,0,-9999,C18 H16 O12,18,16,12,-9999,-9999,-9999,-9999,-9999,-9999,-9999
2430,423.057211,423.057026129,423.057388756,4540883.5,-9999,246514.6,28.19,-1,-0.857156944,0.43759528600000003,0.81490939,0.588520928,15,0.19047619,0.80952381,N2 S1 P1 O4,de-protonated,0,-9999,C21 H17 O4 N2 P1 S1,21,17,4,2,1,1,-9999,-9999,-9999,-9999
2430,423.057211,423.057026129,423.056737307,4540883.5,-9999,246514.6,28.19,-1,0.682702995,0.91890713,0,0.551344278,6,0.461538462,1.615384615,N4 S2 P1 O6,de-protonated,0,-9999,C13 H21 O6 N4 P1 S2,13,21,6,4,1,2,-9999,-9999,-9999,-9999
2432,423.09364,423.093455118,423.093285008,4872666.5,-9999,251856.9,30.42,-1,0.402064206,0.971093813,0,0.582656288,10,0.578947368,1.052631579,O11,de-protonated,0,-9999,C19 H20 O11,19,20,11,-9999,-9999,-9999,-9999,-9999,-9999,-9999
2432,423.09364,423.093455118,423.093774265,4872666.5,-9999,251856.9,30.42,-1,-0.754316664,0.937845219,0.954771588,0.944615767,14,0.136363636,0.954545455,N2 S1 P1 O3,de-protonated,0,-9999,C22 H21 O3 N2 P1 S1,22,21,3,2,1,1,-9999,-9999,-9999,-9999
2432,423.09364,423.093455118,423.093122816,4872666.5,-9999,251856.9,30.42,-1,0.785411007,0.894106545,0,0.536463927,5,0.357142857,1.785714286,N4 S2 P1 O5,de-protonated,0,-9999,C14 H25 O5 N4 P1 S2,14,25,5,4,1,2,-9999,-9999,-9999,-9999
2433,423.13004,423.129855107,423.129670517,3155425,-9999,263091.1,18.86,-1,0.43625059,0.966057106,0,0.579634264,9,0.5,1.2,O10,de-protonated,0,-9999,C20 H24 O10,20,24,10,-9999,-9999,-9999,-9999,-9999,-9999,-9999
2433,423.13004,423.129855107,423.130159774,3155425,-9999,263091.1,18.86,-1,-0.720030881,0.910218073,0,0.546130844,13,0.086956522,1.086956522,N2 S1 P1 O2,de-protonated,0,-9999,C23 H25 O2 N2 P1 S1,23,25,2,2,1,1,-9999,-9999,-9999,-9999
2433,423.13004,423.129855107,423.129508326,3155425,-9999,263091.1,18.86,-1,0.81956444,0.885257674,0,0.531154605,4,0.266666667,1.933333333,N4 S2 P1 O4,de-protonated,0,-9999,C15 H29 O4 N4 P1 S2,15,29,4,4,1,2,-9999,-9999,-9999,-9999
2434,423.13889,423.138705105,423.139053431,2149346.8,-9999,236082.6,12.08,-1,-0.823196445,0.884299798,0,0.530579879,22,0.064516129,0.64516129,O2,de-protonated,0,-9999,C31 H20 O2,31,20,2,-9999,-9999,-9999,-9999,-9999,-9999,-9999
2434,423.13889,423.138705105,423.138401983,2149346.8,-9999,236082.6,12.08,-1,0.716366357,0.911087831,0,0.546652699,13,0.173913043,1.043478261,N2 S1 O4,de-protonated,0,-9999,C23 H24 O4 N2 S1,23,24,4,2,-9999,1,-9999,-9999,-9999,-9999
2435,423.152639,423.152454101,423.152137295,15559141,-9999,255264.1,102.38,-1,0.748679466,0.904984493,0.98681736,0.93771764,9,0.444444444,1.333333333,N4 O8,de-protonated,0,-9999,C18 H24 O8 N4,18,24,8,4,-9999,-9999,-9999,-9999,-9999,-9999
2436,423.166853,423.166668097,423.166925406,1624551.9,-9999,294367,8.55,-1,-0.608056786,0.935113303,0,0.561067982,7,0.181818182,1.454545455,S2 O4,de-protonated,0,-9999,C22 H32 O4 S2,22,32,4,-9999,-9999,2,-9999,-9999,-9999,-9999
2436,423.166853,423.166668097,423.166545284,1624551.9,-9999,294367,8.55,-1,0.290223792,0.984832803,0,0.590899682,12,0.041666667,1.208333333,N2 S1 P1 O1,de-protonated,0,-9999,C24 H29 O1 N2 P1 S1,24,29,1,2,1,1,-9999,-9999,-9999,-9999
2437,423.179306,423.179121093,423.178810244,3457514.3,-9999,226325.8,20.89,-1,0.734556705,0.453367559,0.761234226,0.576514226,16,0.034482759,0.965517241,S1 O1,de-protonated,0,-9999,C29 H28 O1 S1,29,28,1,-9999,-9999,1,-9999,-9999,-9999,-9999
2437,423.179306,423.179121093,423.178943186,3457514.3,-9999,226325.8,20.89,-1,0.420406321,0.968439265,0,0.581063559,3,0.5,1.833333333,P1 O9,de-protonated,0,-9999,C18 H33 O9 P1,18,33,9,-9999,1,-9999,-9999,-9999,-9999,-9999
2438,423.190599,423.19041409,423.190176575,1853932.3,-9999,274332.2,10.09,-1,0.561247617,0.944446597,0,0.566667958,3,0.470588235,1.941176471,N2 P1 O8,de-protonated,0,-9999,C17 H33 O8 N2 P1,17,33,8,2,1,-9999,-9999,-9999,-9999,-9999
2439,423.197161,423.196976088,423.196568309,1861101.4,-9999,312255.9,10.14,-1,0.963568354,0.844957822,0,0.506974693,16,0.103448276,0.965517241,O3,de-protonated,0,-9999,C29 H28 O3,29,28,3,-9999,-9999,-9999,-9999,-9999,-9999,-9999
2439,423.197161,423.196976088,423.196628668,1861101.4,-9999,312255.9,10.14,-1,0.820942151,0.884894704,0.937143095,0.90579406,8,0.35,1.45,13C1 N3 O7,de-protonated,1,2426,C19 H29 O7 N3 13C1,19,29,7,3,-9999,-9999,1,-9999,-9999,-9999
2440,423.203029,423.202844086,423.202441536,1918446.5,-9999,336547.7,10.53,-1,0.951200368,0.848596449,0,0.509157869,7,0.363636364,1.454545455,O8,de-protonated,0,-9999,C22 H32 O8,22,32,8,-9999,-9999,-9999,-9999,-9999,-9999,-9999
2441,423.21603699999997,423.215852082,423.216198075,1794544.9,-9999,209392.2,9.69,-1,-0.81753242,0.885792186,0,0.531475311,1,0.15,2.05,S2 P1 O3,de-protonated,0,-9999,C20 H41 O3 P1 S2,20,41,3,-9999,1,2,-9999,-9999,-9999,-9999
2442,423.23914,423.238955075,423.238827045,15112693,-9999,246935.3,99.38,-1,0.302501326,0.961493951,0.988508499,0.97229977,6,0.304347826,1.565217391,O7,de-protonated,0,-9999,C23 H36 O7,23,36,7,-9999,-9999,-9999,-9999,-9999,-9999,-9999
2442,423.23914,423.238955075,423.238664854,15112693,-9999,246935.3,99.38,-1,0.685716265,0.587190006,0.93031813,0.724441256,1,0.055555556,2.277777778,N4 S2 P1 O1,de-protonated,0,-9999,C18 H41 O1 N4 P1 S2,18,41,1,4,1,2,-9999,-9999,-9999,-9999
2443,423.252268,423.252083071,423.251714205,1960439.6,-9999,280939.6,10.81,-1,0.871507067,0.871260091,0,0.522756054,1,0.35,2.05,P1 O7,de-protonated,0,-9999,C20 H41 O7 P1,20,41,7,-9999,1,-9999,-9999,-9999,-9999,-9999
2444,424.07391,424.073724829,424.074147218,1476750.3,-9999,250557.3,7.55,-1,-0.99602757,0.835261888,0,0.501157133,5,0.6,1.533333333,N1 S2 O9,de-protonated,0,-9999,C15 H23 O9 N1 S2,15,23,9,1,-9999,2,-9999,-9999,-9999,-9999
2444,424.07391,424.073724829,424.073767096,1476750.3,-9999,250557.3,7.55,-1,-0.099669034,0.998199127,0,0.598919476,10,0.352941176,1.176470588,N3 S1 P1 O6,de-protonated,0,-9999,C17 H20 O6 N3 P1 S1,17,20,6,3,1,1,-9999,-9999,-9999,-9999
2445,424.097152,424.096966822,424.0971291,1517202.5,-9999,287241.7,7.83,-1,-0.382643582,0.973782787,0.954771588,0.966178308,14,0.136363636,0.954545455,13C1 N2 S1 P1 O3,de-protonated,1,2432,C21 H21 O3 N2 P1 S1 13C1,21,21,3,2,1,1,1,-9999,-9999,-9999
2445,424.097152,424.096966822,424.097265446,1517202.5,-9999,287241.7,7.83,-1,-0.704139567,0.913963601,0,0.548378161,14,0.238095238,0.904761905,N3 S1 O5,de-protonated,0,-9999,C21 H19 O5 N3 S1,21,19,5,3,-9999,1,-9999,-9999,-9999,-9999
2447,424.155989,424.155803805,424.155431772,2740893.3,-9999,293848.6,16.07,-1,0.877114486,0.869711366,0,0.52182682,17,0.148148148,0.851851852,N1 O4,de-protonated,0,-9999,C27 H23 O4 N1,27,23,4,1,-9999,-9999,-9999,-9999,-9999,-9999
2447,424.155989,424.155803805,424.155492131,2740893.3,-9999,293848.6,16.07,-1,0.734810722,0.906673713,0.98681736,0.938731172,9,0.444444444,1.333333333,13C1 N4 O8,de-protonated,1,2435,C17 H24 O8 N4 13C1,17,24,8,4,-9999,-9999,1,-9999,-9999,-9999
2448,424.242616,424.242430779,424.24218188,4034221,-9999,259206.6,24.77,-1,0.586690732,0.939454652,0.988508499,0.959076191,6,0.304347826,1.565217391,13C1 O7,de-protonated,1,2442,C22 H36 O7 13C1,22,36,7,-9999,-9999,-9999,1,-9999,-9999,-9999
2448,424.242616,424.242430779,424.242807483,4034221,-9999,259206.6,24.77,-1,-0.887944373,0.433350015,0.787157861,0.574873154,10,0.04,1.4,N3 S1 O1,de-protonated,0,-9999,C25 H35 O1 N3 S1,25,35,1,3,-9999,1,-9999,-9999,-9999,-9999
2448,424.242616,424.242430779,424.242019689,4034221,-9999,259206.6,24.77,-1,0.968999456,0.562233431,0.93031813,0.709467311,1,0.055555556,2.277777778,13C1 N4 S2 P1 O1,de-protonated,1,2442,C17 H41 O1 N4 P1 S2 13C1,17,41,1,4,1,2,1,-9999,-9999,-9999
2450,425.036474,425.036288545,425.036164053,2896700.3,-9999,272417.6,17.11,-1,0.292895729,0.984554422,0,0.590732653,11,0.764705882,0.823529412,O13,de-protonated,0,-9999,C17 H14 O13,17,14,13,-9999,-9999,-9999,-9999,-9999,-9999,-9999
2450,425.036474,425.036288545,425.036653311,2896700.3,-9999,272417.6,17.11,-1,-0.858199099,0.874906732,0,0.524944039,15,0.25,0.75,N2 S1 P1 O5,de-protonated,0,-9999,C20 H15 O5 N2 P1 S1,20,15,5,2,1,1,-9999,-9999,-9999,-9999
2450,425.036474,425.036288545,425.036001862,2896700.3,-9999,272417.6,17.11,-1,0.674490174,0.920767498,0,0.552460499,6,0.583333333,1.583333333,N4 S2 P1 O7,de-protonated,0,-9999,C12 H19 O7 N4 P1 S2,12,19,7,4,1,2,-9999,-9999,-9999,-9999
2451,425.072851,425.072665534,425.072549563,5563203,-9999,214613.3,35.07,-1,0.272826807,0.493292381,0.837042051,0.630792249,10,0.666666667,1,O12,de-protonated,0,-9999,C18 H18 O12,18,18,12,-9999,-9999,-9999,-9999,-9999,-9999,-9999
2451,425.072851,425.072665534,425.07303882,5563203,-9999,214613.3,35.07,-1,-0.878169466,0.434709594,0.81490939,0.586789513,14,0.19047619,0.904761905,N2 S1 P1 O4,de-protonated,0,-9999,C21 H19 O4 N2 P1 S1,21,19,4,2,1,1,-9999,-9999,-9999,-9999
2451,425.072851,425.072665534,425.072387371,5563203,-9999,214613.3,35.07,-1,0.654388582,0.925241256,0,0.555144754,5,0.461538462,1.769230769,N4 S2 P1 O6,de-protonated,0,-9999,C13 H23 O6 N4 P1 S2,13,23,6,4,1,2,-9999,-9999,-9999,-9999
2452,425.109325,425.109139523,425.108935072,4746057.5,-9999,246336.6,29.57,-1,0.480938063,0.958899181,0,0.575339509,9,0.578947368,1.157894737,O11,de-protonated,0,-9999,C19 H22 O11,19,22,11,-9999,-9999,-9999,-9999,-9999,-9999,-9999
2452,425.109325,425.109139523,425.109424329,4746057.5,-9999,246336.6,29.57,-1,-0.669959935,0.460892821,0.807789663,0.599651558,13,0.136363636,1.045454545,N2 S1 P1 O3,de-protonated,0,-9999,C22 H23 O3 N2 P1 S1,22,23,3,2,1,1,-9999,-9999,-9999,-9999
2452,425.109325,425.109139523,425.108772881,4746057.5,-9999,246336.6,29.57,-1,0.862467258,0.873741631,0,0.524244979,4,0.357142857,1.928571429,N4 S2 P1 O5,de-protonated,0,-9999,C14 H27 O5 N4 P1 S2,14,27,5,4,1,2,-9999,-9999,-9999,-9999
2453,425.145743,425.145557512,425.145320581,2744144,-9999,284915.8,16.09,-1,0.557294068,0.945204729,0,0.567122838,8,0.5,1.3,O10,de-protonated,0,-9999,C20 H26 O10,20,26,10,-9999,-9999,-9999,-9999,-9999,-9999,-9999
2453,425.145743,425.145557512,425.145809839,2744144,-9999,284915.8,16.09,-1,-0.59350552,0.938084656,0,0.562850794,12,0.086956522,1.173913043,N2 S1 P1 O2,de-protonated,0,-9999,C23 H27 O2 N2 P1 S1,23,27,2,2,1,1,-9999,-9999,-9999,-9999
2453,425.145743,425.145557512,425.14515839,2744144,-9999,284915.8,16.09,-1,0.938790639,0.852215557,0,0.511329334,3,0.266666667,2.066666667,N4 S2 P1 O4,de-protonated,0,-9999,C15 H31 O4 N4 P1 S2,15,31,4,4,1,2,-9999,-9999,-9999,-9999
2454,425.167078,425.166892506,425.166939207,1580371.8,-9999,171164,8.25,-1,-0.109840959,0.99781321,0,0.598687926,7,0.2,1.55,N2 S1 P1 O4,de-protonated,0,-9999,C20 H31 O4 N2 P1 S1,20,31,4,2,1,1,-9999,-9999,-9999,-9999
2455,425.171599,425.171413505,425.171810112,1731668.5,-9999,244246.6,9.27,-1,-0.932816428,0.853946326,0,0.512367796,12,0.260869565,1.130434783,N2 O6,de-protonated,0,-9999,C23 H26 O6 N2,23,26,6,2,-9999,-9999,-9999,-9999,-9999,-9999
2455,425.171599,425.171413505,425.17115866300003,1731668.5,-9999,244246.6,9.27,-1,0.599385508,0.936891501,0,0.562134901,3,0.533333333,2,N4 S1 O8,de-protonated,0,-9999,C15 H30 O8 N4 S1,15,30,8,4,-9999,1,-9999,-9999,-9999,-9999
2456,425.194967,425.194781498,425.194460309,3802968.8,-9999,256666.8,23.22,-1,0.755393758,0.450820789,0.761234226,0.574986164,15,0.034482759,1.034482759,S1 O1,de-protonated,0,-9999,C29 H30 O1 S1,29,30,1,-9999,-9999,1,-9999,-9999,-9999,-9999
2456,425.194967,425.194781498,425.19459325,3802968.8,-9999,256666.8,23.22,-1,0.442732609,0.965058894,0,0.579035336,2,0.5,1.944444444,P1 O9,de-protonated,0,-9999,C18 H35 O9 P1,18,35,9,-9999,1,-9999,-9999,-9999,-9999,-9999
2457,425.206336,425.206150494,425.20582664,5091163,-9999,218903.8,31.89,-1,0.761642584,0.900092018,0,0.540055211,2,0.470588235,2.058823529,N2 P1 O8,de-protonated,0,-9999,C17 H35 O8 N2 P1,17,35,8,2,1,-9999,-9999,-9999,-9999,-9999
2458,425.218342,425.218156491,425.2180916,2138461,-9999,281233.5,12.01,-1,0.152605995,0.995783232,0,0.597469939,6,0.363636364,1.545454545,O8,de-protonated,0,-9999,C22 H34 O8,22,34,8,-9999,-9999,-9999,-9999,-9999,-9999,-9999
2458,425.218342,425.218156491,425.217929409,2138461,-9999,281233.5,12.01,-1,0.534037123,0.949567771,0,0.569740663,1,0.117647059,2.294117647,N4 S2 P1 O2,de-protonated,0,-9999,C17 H39 O2 N4 P1 S2,17,39,2,4,1,2,-9999,-9999,-9999,-9999
2461,427.030878,427.030691956,427.03068475,1650844.3,-9999,273054.6,8.72,-1,0.016874717,0.999948333,0,0.599969,15,0.55,0.6,O11,de-protonated,0,-9999,C20 H12 O11,20,12,11,-9999,-9999,-9999,-9999,-9999,-9999,-9999
2461,427.030878,427.030691956,427.030522558,1650844.3,-9999,273054.6,8.72,-1,0.396686755,0.971850946,0,0.583110567,10,0.333333333,1.133333333,N4 S2 P1 O5,de-protonated,0,-9999,C15 H17 O5 N4 P1 S2,15,17,5,4,1,2,-9999,-9999,-9999,-9999
2462,427.052098,427.051911949,427.051814118,3757216,-9999,236593.4,22.91,-1,0.229086246,0.990522676,0,0.594313606,10,0.764705882,0.941176471,O13,de-protonated,0,-9999,C17 H16 O13,17,16,13,-9999,-9999,-9999,-9999,-9999,-9999,-9999
2462,427.052098,427.051911949,427.052303375,3757216,-9999,236593.4,22.91,-1,-0.916575441,0.858613025,0,0.515167815,14,0.25,0.85,N2 S1 P1 O5,de-protonated,0,-9999,C20 H17 O5 N2 P1 S1,20,17,5,2,1,1,-9999,-9999,-9999,-9999
2462,427.052098,427.051911949,427.051651926,3757216,-9999,236593.4,22.91,-1,0.608879572,0.934943427,0,0.560966056,5,0.583333333,1.75,N4 S2 P1 O7,de-protonated,0,-9999,C12 H21 O7 N4 P1 S2,12,21,7,4,1,2,-9999,-9999,-9999,-9999
2463,427.088448,427.088261939,427.088199627,4847782,-9999,255922.4,30.25,-1,0.145898703,0.996145054,0,0.597687033,9,0.666666667,1.111111111,O12,de-protonated,0,-9999,C18 H20 O12,18,20,12,-9999,-9999,-9999,-9999,-9999,-9999,-9999
2463,427.088448,427.088261939,427.088688884,4847782,-9999,255922.4,30.25,-1,-0.999665284,0.883233234,0.955688437,0.912215315,13,0.19047619,1,N2 S1 P1 O4,de-protonated,0,-9999,C21 H21 O4 N2 P1 S1,21,21,4,2,1,1,-9999,-9999,-9999,-9999
2463,427.088448,427.088261939,427.088037436,4847782,-9999,255922.4,30.25,-1,0.525659641,0.951098593,0,0.570659156,4,0.461538462,1.923076923,N4 S2 P1 O6,de-protonated,0,-9999,C13 H25 O6 N4 P1 S2,13,25,6,4,1,2,-9999,-9999,-9999,-9999
2464,427.124933,427.124746928,427.124585136,3262636.5,-9999,283141.2,19.58,-1,0.378792272,0.974301078,0,0.584580647,8,0.578947368,1.263157895,O11,de-protonated,0,-9999,C19 H24 O11,19,24,11,-9999,-9999,-9999,-9999,-9999,-9999,-9999
2464,427.124933,427.124746928,427.125074394,3262636.5,-9999,283141.2,19.58,-1,-0.766674395,0.898836926,0,0.539302156,12,0.136363636,1.136363636,N2 S1 P1 O3,de-protonated,0,-9999,C22 H25 O3 N2 P1 S1,22,25,3,2,1,1,-9999,-9999,-9999,-9999
2464,427.124933,427.124746928,427.124422945,3262636.5,-9999,283141.2,19.58,-1,0.758520948,0.900867372,0,0.540520423,3,0.357142857,2.071428571,N4 S2 P1 O5,de-protonated,0,-9999,C14 H29 O5 N4 P1 S2,14,29,5,4,1,2,-9999,-9999,-9999,-9999
2465,427.140436,427.140249923,427.139841278,2675887.3,-9999,253673.3,15.62,-1,0.956702197,0.846981701,0,0.50818902,12,0.347826087,1.043478261,O8,de-protonated,0,-9999,C23 H24 O8,23,24,8,-9999,-9999,-9999,-9999,-9999,-9999,-9999
2466,427.15299,427.15280392,427.152728437,1811633.4,-9999,254107.1,9.81,-1,0.176710443,0.99435,0,0.59661,7,0.4,1.45,P1 O8,de-protonated,0,-9999,C20 H29 O8 P1,20,29,8,-9999,1,-9999,-9999,-9999,-9999,-9999
2467,427.161548,427.161361917,427.160970646,2303154.8,-9999,227066.9,13.11,-1,0.915980996,0.858782756,0,0.515269654,7,0.5,1.4,O10,de-protonated,0,-9999,C20 H28 O10,20,28,10,-9999,-9999,-9999,-9999,-9999,-9999,-9999
2467,427.161548,427.161361917,427.161459903,2303154.8,-9999,227066.9,13.11,-1,-0.229388716,0.990497753,0,0.594298652,11,0.086956522,1.260869565,N2 S1 P1 O2,de-protonated,0,-9999,C23 H29 O2 N2 P1 S1,23,29,2,2,1,1,-9999,-9999,-9999,-9999
2468,427.174564,427.174377913,427.174727185,1425077.1,-9999,247179.6,7.2,-1,-0.817632527,0.885765877,0,0.531459526,1,0.277777778,2.055555556,S2 P1 O5,de-protonated,0,-9999,C18 H37 O5 P1 S2,18,37,5,-9999,1,2,-9999,-9999,-9999,-9999
2469,427.183615,427.183428911,427.18324072,1566646.6,-9999,229618.3,8.16,-1,0.440538645,0.965398291,0,0.579238974,15,0.071428571,1.035714286,P1 O2,de-protonated,0,-9999,C28 H29 O2 P1,28,29,2,-9999,1,-9999,-9999,-9999,-9999,-9999
2469,427.183615,427.183428911,427.183437424,1566646.6,-9999,229618.3,8.16,-1,-0.019929996,0.99992793,0,0.599956758,7,0.444444444,1.555555556,N4 O8,de-protonated,0,-9999,C18 H28 O8 N4,18,28,8,4,-9999,-9999,-9999,-9999,-9999,-9999
2470,427.189538,427.189351909,427.189113947,2942135.8,-9999,268572.2,17.42,-1,0.557041833,0.945252936,0,0.567151762,6,0.333333333,1.571428571,P1 O7,de-protonated,0,-9999,C21 H33 O7 P1,21,33,7,-9999,1,-9999,-9999,-9999,-9999,-9999
2471,427.197634,427.197447906,427.197356155,1458361.1,-9999,347384.6,7.43,-1,0.214775034,0.991665008,0,0.594999005,6,0.428571429,1.523809524,O9,de-protonated,0,-9999,C21 H32 O9,21,32,9,-9999,-9999,-9999,-9999,-9999,-9999,-9999
2471,427.197634,427.197447906,427.197845413,1458361.1,-9999,347384.6,7.43,-1,-0.93049632,0.85461644,0,0.512769864,10,0.041666667,1.375,N2 S1 P1 O1,de-protonated,0,-9999,C24 H33 O1 N2 P1 S1,24,33,1,2,1,1,-9999,-9999,-9999,-9999
2471,427.197634,427.197447906,427.197193964,1458361.1,-9999,347384.6,7.43,-1,0.594438963,0.937895928,0,0.562737557,1,0.1875,2.3125,N4 S2 P1 O3,de-protonated,0,-9999,C16 H37 O3 N4 P1 S2,16,37,3,4,1,2,-9999,-9999,-9999,-9999
2472,427.210619,427.210432903,427.210110373,7193787.5,-9999,256098.2,46.05,-1,0.754967275,0.891817097,0.944759186,0.912993932,14,0.034482759,1.103448276,S1 O1,de-protonated,0,-9999,C29 H32 O1 S1,29,32,1,-9999,-9999,1,-9999,-9999,-9999,-9999
2472,427.210619,427.210432903,427.210243315,7193787.5,-9999,256098.2,46.05,-1,0.443781314,0.958343223,0.979432989,0.966779129,1,0.5,2.055555556,P1 O9,de-protonated,0,-9999,C18 H37 O9 P1,18,37,9,-9999,1,-9999,-9999,-9999,-9999,-9999
2473,427.220152,427.2199659,427.219626229,3905725,-9999,245108.2,23.91,-1,0.795072528,0.445816337,0.761234226,0.571983493,14,0.034482759,1.137931034,P1 O1,de-protonated,0,-9999,C29 H33 O1 P1,29,33,1,-9999,1,-9999,-9999,-9999,-9999,-9999
2473,427.220152,427.2199659,427.219822934,3905725,-9999,245108.2,23.91,-1,0.334642942,0.97988536,0,0.587931216,6,0.368421053,1.684210526,N4 O7,de-protonated,0,-9999,C19 H32 O7 N4,19,32,7,4,-9999,-9999,-9999,-9999,-9999,-9999
2474,427.234227,427.234040896,427.233741665,2063551.5,-9999,235585.5,11.5,-1,0.700392182,0.914836874,0,0.548902124,5,0.363636364,1.636363636,O8,de-protonated,0,-9999,C22 H36 O8,22,36,8,-9999,-9999,-9999,-9999,-9999,-9999,-9999
2476,428.091964,428.091777642,428.09204372,1443154.5,-9999,222455.6,7.32,-1,-0.621541795,0.932304124,0.955688437,0.941657849,13,0.19047619,1,13C1 N2 S1 P1 O4,de-protonated,1,2463,C20 H21 O4 N2 P1 S1 13C1,20,21,4,2,1,1,1,-9999,-9999,-9999
2476,428.091964,428.091777642,428.092180065,1443154.5,-9999,222455.6,7.32,-1,-0.940037534,0.851853374,0,0.511112024,13,0.3,0.95,N3 S1 O6,de-protonated,0,-9999,C20 H19 O6 N3 S1,20,19,6,3,-9999,1,-9999,-9999,-9999,-9999
2477,428.180436,428.180249616,428.180207225,1851233.6,-9999,221151.6,10.07,-1,0.099003107,0.99822309,0,0.598933854,15,0.038461538,1.038461538,N3 S1 O1,de-protonated,0,-9999,C26 H27 O1 N3 S1,26,27,1,3,-9999,1,-9999,-9999,-9999,-9999
2477,428.180436,428.180249616,428.180340167,1851233.6,-9999,221151.6,10.07,-1,-0.211477619,0.991917947,0,0.595150768,2,0.6,2.133333333,N3 P1 O9,de-protonated,0,-9999,C15 H32 O9 N3 P1,15,32,9,3,1,-9999,-9999,-9999,-9999,-9999
2478,428.214008,428.213821606,428.213465208,1616999.3,-9999,207984,8.49,-1,0.83229127,0.881887225,0.944759186,0.90703601,14,0.034482759,1.103448276,13C1 S1 O1,de-protonated,1,2472,C28 H32 O1 S1 13C1,28,32,1,-9999,-9999,1,1,-9999,-9999,-9999
2478,428.214008,428.213821606,428.21359815,1616999.3,-9999,207984,8.49,-1,0.52183443,0.951790335,0.979432989,0.962847397,1,0.5,2.055555556,13C1 P1 O9,de-protonated,1,2472,C17 H37 O9 P1 13C1,17,37,9,-9999,1,-9999,1,-9999,-9999,-9999
2478,428.214008,428.213821606,428.213734495,1616999.3,-9999,207984,8.49,-1,0.203428736,0.992519185,0,0.595511511,1,0.647058824,2.058823529,N1 O11,de-protonated,0,-9999,C17 H35 O11 N1,17,35,11,1,-9999,-9999,-9999,-9999,-9999,-9999
2478,428.214008,428.213821606,428.214223753,1616999.3,-9999,207984,8.49,-1,-0.939124272,0.852118679,0,0.511271208,5,0.15,1.8,N3 S1 P1 O3,de-protonated,0,-9999,C20 H36 O3 N3 P1 S1,20,36,3,3,1,1,-9999,-9999,-9999,-9999
2482,429.04658,429.046393361,429.046334814,1825779.5,-9999,250153.1,9.9,-1,0.136457101,0.996627029,0,0.597976217,14,0.55,0.7,O11,de-protonated,0,-9999,C20 H14 O11,20,14,11,-9999,-9999,-9999,-9999,-9999,-9999,-9999
2482,429.04658,429.046393361,429.046172623,1825779.5,-9999,250153.1,9.9,-1,0.514484834,0.953106627,0,0.571863976,9,0.333333333,1.266666667,N4 S2 P1 O5,de-protonated,0,-9999,C15 H19 O5 N4 P1 S2,15,19,5,4,1,2,-9999,-9999,-9999,-9999
2483,429.067797,429.067610354,429.067464182,3695095,-9999,244264.6,22.49,-1,0.340673919,0.979161484,0,0.58749689,9,0.764705882,1.058823529,O13,de-protonated,0,-9999,C17 H18 O13,17,18,13,-9999,-9999,-9999,-9999,-9999,-9999,-9999
2483,429.067797,429.067610354,429.06795344,3695095,-9999,244264.6,22.49,-1,-0.799605873,0.890463856,0,0.534278314,13,0.25,0.95,N2 S1 P1 O5,de-protonated,0,-9999,C20 H19 O5 N2 P1 S1,20,19,5,2,1,1,-9999,-9999,-9999,-9999
2483,429.067797,429.067610354,429.067301991,3695095,-9999,244264.6,22.49,-1,0.718683114,0.910538379,0,0.546323027,4,0.583333333,1.916666667,N4 S2 P1 O7,de-protonated,0,-9999,C12 H23 O7 N4 P1 S2,12,23,7,4,1,2,-9999,-9999,-9999,-9999
2484,429.083168,429.08298135,429.082720324,1746425.6,-9999,298683.4,9.36,-1,0.608335535,0.935055774,0,0.561033464,13,0.476190476,0.857142857,O10,de-protonated,0,-9999,C21 H18 O10,21,18,10,-9999,-9999,-9999,-9999,-9999,-9999,-9999
2484,429.083168,429.08298135,429.083209581,1746425.6,-9999,298683.4,9.36,-1,-0.531904019,0.949959616,0,0.56997577,17,0.083333333,0.791666667,N2 S1 P1 O2,de-protonated,0,-9999,C24 H19 O2 N2 P1 S1,24,19,2,2,1,1,-9999,-9999,-9999,-9999
2484,429.083168,429.08298135,429.082558132,1746425.6,-9999,298683.4,9.36,-1,0.986331391,0.838180101,0,0.502908061,8,0.25,1.4375,N4 S2 P1 O4,de-protonated,0,-9999,C16 H23 O4 N4 P1 S2,16,23,4,4,1,2,-9999,-9999,-9999,-9999
2485,429.104305,429.104118344,429.103849692,3164669.3,-9999,258522,18.91,-1,0.626076801,0.931347484,0,0.558808491,8,0.666666667,1.222222222,O12,de-protonated,0,-9999,C18 H22 O12,18,22,12,-9999,-9999,-9999,-9999,-9999,-9999,-9999
2485,429.104305,429.104118344,429.104338949,3164669.3,-9999,258522,18.91,-1,-0.514106628,0.953173907,0,0.571904344,12,0.19047619,1.095238095,N2 S1 P1 O4,de-protonated,0,-9999,C21 H23 O4 N2 P1 S1,21,23,4,2,1,1,-9999,-9999,-9999,-9999
2486,429.1405,429.140313333,429.140235201,2352131.3,-9999,268038.1,13.44,-1,0.182066192,0.994003373,0,0.596402024,7,0.578947368,1.368421053,O11,de-protonated,0,-9999,C19 H26 O11,19,26,11,-9999,-9999,-9999,-9999,-9999,-9999,-9999
2486,429.1405,429.140313333,429.140724458,2352131.3,-9999,268038.1,13.44,-1,-0.958020057,0.846593994,0,0.507956396,11,0.136363636,1.227272727,N2 S1 P1 O3,de-protonated,0,-9999,C22 H27 O3 N2 P1 S1,22,27,3,2,1,1,-9999,-9999,-9999,-9999
2486,429.1405,429.140313333,429.14007301,2352131.3,-9999,268038.1,13.44,-1,0.560011227,0.944684198,0,0.566810519,2,0.357142857,2.214285714,N4 S2 P1 O5,de-protonated,0,-9999,C14 H31 O5 N4 P1 S2,14,31,5,4,1,2,-9999,-9999,-9999,-9999
2487,429.156057,429.155870328,429.155491342,4477446,-9999,266024.6,27.75,-1,0.883097276,0.43402554,0.800793265,0.58073263,11,0.347826087,1.130434783,O8,de-protonated,0,-9999,C23 H26 O8,23,26,8,-9999,-9999,-9999,-9999,-9999,-9999,-9999
2488,429.18659,429.186403319,429.186003625,1426186.9,-9999,225241.3,7.21,-1,0.931284914,0.8543888,0,0.51263328,19,0.064516129,0.838709677,O2,de-protonated,0,-9999,C31 H26 O2,31,26,2,-9999,-9999,-9999,-9999,-9999,-9999,-9999
2489,429.199411,429.199224315,429.198890784,4783629,-9999,265072.9,29.82,-1,0.777101484,0.448107719,0.767553728,0.575886122,14,0.071428571,1.107142857,P1 O2,de-protonated,0,-9999,C28 H31 O2 P1,28,31,2,-9999,1,-9999,-9999,-9999,-9999,-9999
2489,429.199411,429.199224315,429.199087489,4783629,-9999,265072.9,29.82,-1,0.318795191,0.981728292,0,0.589036975,6,0.444444444,1.666666667,N4 O8,de-protonated,0,-9999,C18 H30 O8 N4,18,30,8,4,-9999,-9999,-9999,-9999,-9999,-9999
2490,429.20542,429.205233314,429.205633391,3343886,-9999,231862.8,20.12,-1,-0.932134362,0.854143445,0,0.512486067,4,0.090909091,1.772727273,S2 P1 O2,de-protonated,0,-9999,C22 H39 O2 P1 S2,22,39,2,-9999,1,2,-9999,-9999,-9999,-9999
2491,429.226317,429.226130308,429.225760437,2450449.5,-9999,245168.5,14.1,-1,0.861714475,0.873947429,0,0.524368457,13,0.034482759,1.172413793,S1 O1,de-protonated,0,-9999,C29 H34 O1 S1,29,34,1,-9999,-9999,1,-9999,-9999,-9999,-9999
2491,429.226317,429.226130308,429.225893379,2450449.5,-9999,245168.5,14.1,-1,0.551989814,0.946214397,0,0.567728638,0,0.5,2.166666667,P1 O9,de-protonated,0,-9999,C18 H39 O9 P1,18,39,9,-9999,1,-9999,-9999,-9999,-9999,-9999
2492,429.235844,429.235657305,429.235276294,12127763,-9999,247017.3,79.27,-1,0.887650687,0.433391021,0.761234226,0.564528303,13,0.034482759,1.206896552,P1 O1,de-protonated,0,-9999,C29 H35 O1 P1,29,35,1,-9999,1,-9999,-9999,-9999,-9999,-9999
2492,429.235844,429.235657305,429.235472998,12127763,-9999,247017.3,79.27,-1,0.429383193,0.956284116,0.971225205,0.962260551,5,0.368421053,1.789473684,N4 O7,de-protonated,0,-9999,C19 H34 O7 N4,19,34,7,4,-9999,-9999,-9999,-9999,-9999,-9999
2493,429.249642,429.249455301,429.249391729,1430037.4,-9999,286690.5,7.23,-1,0.148099579,0.996028107,0,0.597616864,4,0.363636364,1.727272727,O8,de-protonated,0,-9999,C22 H38 O8,22,38,8,-9999,-9999,-9999,-9999,-9999,-9999,-9999
2494,429.286245,429.28605829,429.285777238,1619995.5,-9999,224386.7,8.51,-1,0.654695571,0.925173791,0,0.555104274,3,0.304347826,1.826086957,O7,de-protonated,0,-9999,C23 H42 O7,23,42,7,-9999,-9999,-9999,-9999,-9999,-9999,-9999
2495,430.172953,430.172766028,430.172739062,4473517.5,-9999,243958.6,27.73,-1,0.062685686,0.999287252,0,0.599572351,5,0.25,1.65,N1 S2 O5,de-protonated,0,-9999,C20 H33 O5 N1 S2,20,33,5,1,-9999,2,-9999,-9999,-9999,-9999
2495,430.172953,430.172766028,430.17235894,4473517.5,-9999,243958.6,27.73,-1,0.946337404,0.425009242,0.807789663,0.57812141,10,0.090909091,1.363636364,N3 S1 P1 O2,de-protonated,0,-9999,C22 H30 O2 N3 P1 S1,22,30,2,3,1,1,-9999,-9999,-9999,-9999
2496,430.194729,430.194542022,430.194139757,6190769.5,-9999,244443.4,39.29,-1,0.935077879,0.426646028,0.773979033,0.56557923,14,0.074074074,1.111111111,N1 P1 O2,de-protonated,0,-9999,C27 H30 O2 N1 P1,27,30,2,1,1,-9999,-9999,-9999,-9999,-9999
2497,430.239254,430.239067008,430.238767474,2002104.6,-9999,274133,11.08,-1,0.696204202,0.915808286,0,0.549484972,13,0.107142857,1.178571429,N1 O3,de-protonated,0,-9999,C28 H33 O3 N1,28,33,3,1,-9999,-9999,-9999,-9999,-9999,-9999
2497,430.239254,430.239067008,430.238827833,2002104.6,-9999,274133,11.08,-1,0.555912559,0.945468526,0.971225205,0.955771198,5,0.368421053,1.789473684,13C1 N4 O7,de-protonated,1,2492,C18 H34 O7 N4 13C1,18,34,7,4,-9999,-9999,1,-9999,-9999,-9999
2499,431.026002,431.025814776,431.025599369,1398840,-9999,241994.4,7.02,-1,0.499754256,0.955693912,0,0.573416347,14,0.631578947,0.631578947,O12,de-protonated,0,-9999,C19 H12 O12,19,12,12,-9999,-9999,-9999,-9999,-9999,-9999,-9999
2499,431.026002,431.025814776,431.026088627,1398840,-9999,241994.4,7.02,-1,-0.635345469,0.929373777,0,0.557624266,18,0.181818182,0.590909091,N2 S1 P1 O4,de-protonated,0,-9999,C22 H13 O4 N2 P1 S1,22,13,4,2,1,1,-9999,-9999,-9999,-9999
2499,431.026002,431.025814776,431.025437178,1398840,-9999,241994.4,7.02,-1,0.876046226,0.870006964,0,0.522004178,9,0.428571429,1.214285714,N4 S2 P1 O6,de-protonated,0,-9999,C14 H17 O6 N4 P1 S2,14,17,6,4,1,2,-9999,-9999,-9999,-9999
2500,431.062207,431.062019765,431.061984879,1746237.9,-9999,280766.7,9.36,-1,0.0809323,0.99881221,0,0.599287326,13,0.55,0.8,O11,de-protonated,0,-9999,C20 H16 O11,20,16,11,-9999,-9999,-9999,-9999,-9999,-9999,-9999
2500,431.062207,431.062019765,431.061822687,1746237.9,-9999,280766.7,9.36,-1,0.45719235,0.962782948,0,0.577669769,8,0.333333333,1.4,N4 S2 P1 O5,de-protonated,0,-9999,C15 H21 O5 N4 P1 S2,15,21,5,4,1,2,-9999,-9999,-9999,-9999
2501,431.08348,431.083292759,431.083114247,2134337.3,-9999,261985.3,11.97,-1,0.414102272,0.969364142,0,0.581618485,8,0.764705882,1.176470588,O13,de-protonated,0,-9999,C17 H20 O13,17,20,13,-9999,-9999,-9999,-9999,-9999,-9999,-9999
2501,431.08348,431.083292759,431.083603504,2134337.3,-9999,261985.3,11.97,-1,-0.720845911,0.910024139,0,0.546014483,12,0.25,1.05,N2 S1 P1 O5,de-protonated,0,-9999,C20 H21 O5 N2 P1 S1,20,21,5,2,1,1,-9999,-9999,-9999,-9999
2501,431.08348,431.083292759,431.082952055,2134337.3,-9999,261985.3,11.97,-1,0.790344005,0.892846354,0,0.535707812,3,0.583333333,2.083333333,N4 S2 P1 O7,de-protonated,0,-9999,C12 H25 O7 N4 P1 S2,12,25,7,4,1,2,-9999,-9999,-9999,-9999
2502,431.098726,431.098538755,431.098370388,1779523.8,-9999,190239.9,9.58,-1,0.390552869,0.972702841,0,0.583621705,12,0.476190476,0.952380952,O10,de-protonated,0,-9999,C21 H20 O10,21,20,10,-9999,-9999,-9999,-9999,-9999,-9999,-9999
2502,431.098726,431.098538755,431.098859645,1779523.8,-9999,190239.9,9.58,-1,-0.744355123,0.904354107,0,0.542612464,16,0.083333333,0.875,N2 S1 P1 O2,de-protonated,0,-9999,C24 H21 O2 N2 P1 S1,24,21,2,2,1,1,-9999,-9999,-9999,-9999
2502,431.098726,431.098538755,431.098208197,1779523.8,-9999,190239.9,9.58,-1,0.766781279,0.898810195,0,0.539286117,7,0.25,1.5625,N4 S2 P1 O4,de-protonated,0,-9999,C16 H25 O4 N4 P1 S2,16,25,4,4,1,2,-9999,-9999,-9999,-9999
2503,431.119788,431.119600748,431.119499756,2009927.1,-9999,244326.6,11.14,-1,0.234256226,0.990092234,0,0.594055341,7,0.666666667,1.333333333,O12,de-protonated,0,-9999,C18 H24 O12,18,24,12,-9999,-9999,-9999,-9999,-9999,-9999,-9999
2503,431.119788,431.119600748,431.119989013,2009927.1,-9999,244326.6,11.14,-1,-0.900595966,0.863148829,0,0.517889297,11,0.19047619,1.19047619,N2 S1 P1 O4,de-protonated,0,-9999,C21 H25 O4 N2 P1 S1,21,25,4,2,1,1,-9999,-9999,-9999,-9999
2503,431.119788,431.119600748,431.119337565,2009927.1,-9999,244326.6,11.14,-1,0.610466138,0.934615295,0,0.560769177,2,0.461538462,2.230769231,N4 S2 P1 O6,de-protonated,0,-9999,C13 H29 O6 N4 P1 S2,13,29,6,4,1,2,-9999,-9999,-9999,-9999
2504,431.131795,431.131607745,431.131873851,2501449,-9999,290143.5,14.45,-1,-0.617227476,0.933208657,0,0.559925194,20,0.035714286,0.75,N2 P1 O1,de-protonated,0,-9999,C28 H21 O1 N2 P1,28,21,1,2,1,-9999,-9999,-9999,-9999,-9999
2504,431.131795,431.131607745,431.131602525,2501449,-9999,290143.5,14.45,-1,0.012107027,0.999973404,0,0.599984042,6,0.333333333,1.555555556,N2 S2 O6,de-protonated,0,-9999,C18 H28 O6 N2 S2,18,28,6,2,-9999,2,-9999,-9999,-9999,-9999
2504,431.131795,431.131607745,431.131222403,2501449,-9999,290143.5,14.45,-1,0.893793401,0.865062688,0,0.519037613,11,0.15,1.25,N4 S1 P1 O3,de-protonated,0,-9999,C20 H25 O3 N4 P1 S1,20,25,3,4,1,1,-9999,-9999,-9999,-9999
2505,431.135213,431.135025744,431.134755897,1872201.5,-9999,261055.1,10.21,-1,0.625898467,0.931385216,0,0.55883113,11,0.409090909,1.090909091,O9,de-protonated,0,-9999,C22 H24 O9,22,24,9,-9999,-9999,-9999,-9999,-9999,-9999,-9999
2505,431.135213,431.135025744,431.135245155,1872201.5,-9999,261055.1,10.21,-1,-0.508914012,0.954093098,0,0.572455859,15,0.04,1,N2 S1 P1 O1,de-protonated,0,-9999,C25 H25 O1 N2 P1 S1,25,25,1,2,1,1,-9999,-9999,-9999,-9999
2506,431.148202,431.14801474,431.147643057,1451339.6,-9999,251881.5,7.37,-1,0.862078649,0.873847886,0,0.524308732,6,0.473684211,1.526315789,P1 O9,de-protonated,0,-9999,C19 H29 O9 P1,19,29,9,-9999,1,-9999,-9999,-9999,-9999,-9999
2507,431.153073,431.152885739,431.153003219,3308364.5,-9999,244614.7,19.88,-1,-0.272480488,0.986618569,0,0.591971141,15,0.12,1,N2 P1 O3,de-protonated,0,-9999,C25 H25 O3 N2 P1,25,25,3,2,1,-9999,-9999,-9999,-9999,-9999
2507,431.153073,431.152885739,431.152731893,3308364.5,-9999,244614.7,19.88,-1,0.35682339,0.977162243,0,0.586297346,1,0.533333333,2.133333333,N2 S2 O8,de-protonated,0,-9999,C15 H32 O8 N2 S2,15,32,8,2,-9999,2,-9999,-9999,-9999,-9999
2508,431.178746,431.178558731,431.178155339,6453072.5,-9999,258323.9,41.05,-1,0.935556624,0.426576704,0.773979033,0.565537636,14,0.111111111,1.074074074,P1 O3,de-protonated,0,-9999,C27 H29 O3 P1,27,29,3,-9999,1,-9999,-9999,-9999,-9999,-9999
2508,431.178746,431.178558731,431.178352044,6453072.5,-9999,258323.9,41.05,-1,0.47935405,0.479581939,0.844689208,0.625624846,6,0.529411765,1.647058824,N4 O9,de-protonated,0,-9999,C17 H28 O9 N4,17,28,9,4,-9999,-9999,-9999,-9999,-9999,-9999
2509,431.184436,431.184248729,431.184028566,2040657.5,-9999,277590.5,11.34,-1,0.510601309,0.953795341,0,0.572277205,5,0.4,1.65,P1 O8,de-protonated,0,-9999,C20 H33 O8 P1,20,33,8,-9999,1,-9999,-9999,-9999,-9999,-9999
2510,431.19413,431.193942727,431.193608185,2571091,-9999,224909.4,14.91,-1,0.775849295,0.896531716,0,0.53791903,10,0.285714286,1.333333333,N4 O6,de-protonated,0,-9999,C21 H28 O6 N4,21,28,6,4,-9999,-9999,-9999,-9999,-9999,-9999
2511,431.215111,431.21492372,431.214540849,7278422.5,-9999,239731.2,46.61,-1,0.887890959,0.874913306,0.954028013,0.906559189,13,0.071428571,1.178571429,P1 O2,de-protonated,0,-9999,C28 H33 O2 P1,28,33,2,-9999,1,-9999,-9999,-9999,-9999,-9999
2511,431.215111,431.21492372,431.214737553,7278422.5,-9999,239731.2,46.61,-1,0.431726901,0.970936136,0.976483664,0.973155147,5,0.444444444,1.777777778,N4 O8,de-protonated,0,-9999,C18 H32 O8 N4,18,32,8,4,-9999,-9999,-9999,-9999,-9999,-9999
2512,431.221028,431.220840719,431.220414076,2359127.3,-9999,246006.5,13.49,-1,0.989384921,0.837263078,0,0.502357847,4,0.333333333,1.761904762,P1 O7,de-protonated,0,-9999,C21 H37 O7 P1,21,37,7,-9999,1,-9999,-9999,-9999,-9999,-9999
2513,431.228929,431.228741716,431.228656284,2202456.5,-9999,260787.1,12.43,-1,0.198113347,0.992903638,0,0.595742183,4,0.428571429,1.714285714,O9,de-protonated,0,-9999,C21 H36 O9,21,36,9,-9999,-9999,-9999,-9999,-9999,-9999,-9999
2513,431.228929,431.228741716,431.229145541,2202456.5,-9999,260787.1,12.43,-1,-0.93645154,0.852894107,0,0.511736464,8,0.041666667,1.541666667,N2 S1 P1 O1,de-protonated,0,-9999,C24 H37 O1 N2 P1 S1,24,37,1,2,1,1,-9999,-9999,-9999,-9999
2514,431.366414,431.366226676,431.365956113,1422446.5,-9999,216087.1,7.18,-1,0.627223001,0.931104754,0,0.558662852,0,0.12,2.12,P1 O3,de-protonated,0,-9999,C25 H53 O3 P1,25,53,3,-9999,1,-9999,-9999,-9999,-9999,-9999
2515,432.170089,432.169901438,432.169761682,1669613.8,-9999,235606.9,8.84,-1,0.323382555,0.981203668,0,0.588722201,5,0.421052632,1.631578947,N1 S1 O8,de-protonated,0,-9999,C19 H31 O8 N1 S1,19,31,8,1,-9999,1,-9999,-9999,-9999,-9999
2516,432.218441,432.218253424,432.217895684,1668341.4,-9999,254326.1,8.83,-1,0.827684807,0.883111665,0.954028013,0.911478204,13,0.071428571,1.178571429,13C1 P1 O2,de-protonated,1,2511,C27 H33 O2 P1 13C1,27,33,2,-9999,1,-9999,1,-9999,-9999,-9999
2516,432.218441,432.218253424,432.21803203,1668341.4,-9999,254326.1,8.83,-1,0.512228897,0.953507275,0,0.572104365,13,0.148148148,1.148148148,N1 O4,de-protonated,0,-9999,C27 H31 O4 N1,27,31,4,1,-9999,-9999,-9999,-9999,-9999,-9999
2516,432.218441,432.218253424,432.218092388,1668341.4,-9999,254326.1,8.83,-1,0.372579719,0.975126652,0.976483664,0.975669457,5,0.444444444,1.777777778,13C1 N4 O8,de-protonated,1,2511,C17 H32 O8 N4 13C1,17,32,8,4,-9999,-9999,1,-9999,-9999,-9999
2517,433.041643,433.041455181,433.041249434,3444853.3,-9999,236147.3,20.8,-1,0.475121695,0.959867198,0,0.575920319,13,0.631578947,0.736842105,O12,de-protonated,0,-9999,C19 H14 O12,19,14,12,-9999,-9999,-9999,-9999,-9999,-9999,-9999
2517,433.041643,433.041455181,433.041738691,3444853.3,-9999,236147.3,20.8,-1,-0.65469453,0.925174019,0,0.555104412,17,0.181818182,0.681818182,N2 S1 P1 O4,de-protonated,0,-9999,C22 H15 O4 N2 P1 S1,22,15,4,2,1,1,-9999,-9999,-9999,-9999
2517,433.041643,433.041455181,433.041087242,3444853.3,-9999,236147.3,20.8,-1,0.849662153,0.877224368,0,0.526334621,8,0.428571429,1.357142857,N4 S2 P1 O6,de-protonated,0,-9999,C14 H19 O6 N4 P1 S2,14,19,6,4,1,2,-9999,-9999,-9999,-9999
2518,433.077866,433.07767817,433.077634943,2834554.8,-9999,249516.7,16.69,-1,0.099814084,0.998193887,0,0.598916332,12,0.55,0.9,O11,de-protonated,0,-9999,C20 H18 O11,20,18,11,-9999,-9999,-9999,-9999,-9999,-9999,-9999
2518,433.077866,433.07767817,433.077472752,2834554.8,-9999,249516.7,16.69,-1,0.474322934,0.959999291,0,0.575999575,7,0.333333333,1.533333333,N4 S2 P1 O5,de-protonated,0,-9999,C15 H23 O5 N4 P1 S2,15,23,5,4,1,2,-9999,-9999,-9999,-9999
2519,433.11440700000003,433.11421916,433.114020452,2710656.5,-9999,251301.8,15.85,-1,0.458787061,0.9625278,0,0.57751668,11,0.476190476,1.047619048,O10,de-protonated,0,-9999,C21 H22 O10,21,22,10,-9999,-9999,-9999,-9999,-9999,-9999,-9999
2519,433.11440700000003,433.11421916,433.11450971,2710656.5,-9999,251301.8,15.85,-1,-0.670839316,0.921588456,0,0.552953073,15,0.083333333,0.958333333,N2 S1 P1 O2,de-protonated,0,-9999,C24 H23 O2 N2 P1 S1,24,23,2,2,1,1,-9999,-9999,-9999,-9999
2519,433.11440700000003,433.11421916,433.113858261,2710656.5,-9999,251301.8,15.85,-1,0.833264583,0.881627858,0,0.528976715,6,0.25,1.6875,N4 S2 P1 O4,de-protonated,0,-9999,C16 H27 O4 N4 P1 S2,16,27,4,4,1,2,-9999,-9999,-9999,-9999
2520,433.150997,433.150809149,433.150405962,1432966,-9999,237759.1,7.25,-1,0.930824373,0.854521758,0,0.512713055,10,0.409090909,1.181818182,O9,de-protonated,0,-9999,C22 H26 O9,22,26,9,-9999,-9999,-9999,-9999,-9999,-9999,-9999
2520,433.150997,433.150809149,433.150895219,1432966,-9999,237759.1,7.25,-1,-0.198707646,0.992861151,0,0.595716691,14,0.04,1.08,N2 S1 P1 O1,de-protonated,0,-9999,C25 H27 O1 N2 P1 S1,25,27,1,2,1,1,-9999,-9999,-9999,-9999
2521,433.164007,433.163819145,433.164162501,2224776,-9999,253741.3,12.58,-1,-0.792670206,0.892249981,0,0.535349989,4,0.2,1.75,S2 P1 O4,de-protonated,0,-9999,C20 H35 O4 P1 S2,20,35,4,-9999,1,2,-9999,-9999,-9999,-9999
2522,433.173337,433.173149142,433.17287274,2033801.5,-9999,222884.7,11.29,-1,0.638086539,0.928785336,0,0.557271202,10,0.35,1.3,N4 O7,de-protonated,0,-9999,C20 H26 O7 N4,20,26,7,4,-9999,-9999,-9999,-9999,-9999,-9999
2523,433.194359,433.194171136,433.193805404,3065996.8,-9999,277229.1,18.25,-1,0.844268773,0.878679764,0,0.527207859,13,0.111111111,1.148148148,P1 O3,de-protonated,0,-9999,C27 H31 O3 P1,27,31,3,-9999,1,-9999,-9999,-9999,-9999,-9999
2523,433.194359,433.194171136,433.194002108,3065996.8,-9999,277229.1,18.25,-1,0.390188949,0.97275299,0,0.583651794,5,0.529411765,1.764705882,N4 O9,de-protonated,0,-9999,C17 H30 O9 N4,17,30,9,4,-9999,-9999,-9999,-9999,-9999,-9999
2524,433.2002,433.200012134,433.199678631,3022989.5,-9999,250524.2,17.96,-1,0.769860931,0.898038742,0,0.538823245,4,0.4,1.75,P1 O8,de-protonated,0,-9999,C20 H35 O8 P1,20,35,8,-9999,1,-9999,-9999,-9999,-9999,-9999
2528,435.057205,435.057016586,435.056899498,3159460.5,-9999,251226.2,18.87,-1,0.269131993,0.986943291,0,0.592165975,12,0.631578947,0.842105263,O12,de-protonated,0,-9999,C19 H16 O12,19,16,12,-9999,-9999,-9999,-9999,-9999,-9999,-9999
2528,435.057205,435.057016586,435.057388756,3159460.5,-9999,251226.2,18.87,-1,-0.855449486,0.875655064,0,0.525393039,16,0.181818182,0.772727273,N2 S1 P1 O4,de-protonated,0,-9999,C22 H17 O4 N2 P1 S1,22,17,4,2,1,1,-9999,-9999,-9999,-9999
2528,435.057205,435.057016586,435.056737307,3159460.5,-9999,251226.2,18.87,-1,0.6419371,0.927955071,0,0.556773042,7,0.428571429,1.5,N4 S2 P1 O6,de-protonated,0,-9999,C14 H21 O6 N4 P1 S2,14,21,6,4,1,2,-9999,-9999,-9999,-9999
2529,435.093722,435.093533575,435.093285008,4083113.8,-9999,230158.4,25.09,-1,0.571297253,0.94249815,0,0.56549889,11,0.55,1,O11,de-protonated,0,-9999,C20 H20 O11,20,20,11,-9999,-9999,-9999,-9999,-9999,-9999,-9999
2529,435.093722,435.093533575,435.093774265,4083113.8,-9999,230158.4,25.09,-1,-0.55319052,0.945986593,0,0.567591956,15,0.130434783,0.913043478,N2 S1 P1 O3,de-protonated,0,-9999,C23 H21 O3 N2 P1 S1,23,21,3,2,1,1,-9999,-9999,-9999,-9999
2529,435.093722,435.093533575,435.093122816,4083113.8,-9999,230158.4,25.09,-1,0.944071297,0.850679462,0,0.510407677,6,0.333333333,1.666666667,N4 S2 P1 O5,de-protonated,0,-9999,C15 H25 O5 N4 P1 S2,15,25,5,4,1,2,-9999,-9999,-9999,-9999
2530,435.130103,435.129914564,435.129670517,2741679.3,-9999,272388.8,16.06,-1,0.560861563,0.944520836,0,0.566712502,10,0.476190476,1.142857143,O10,de-protonated,0,-9999,C21 H24 O10,21,24,10,-9999,-9999,-9999,-9999,-9999,-9999,-9999
2530,435.130103,435.129914564,435.130159774,2741679.3,-9999,272388.8,16.06,-1,-0.56353217,0.944006348,0,0.566403809,14,0.083333333,1.041666667,N2 S1 P1 O2,de-protonated,0,-9999,C24 H25 O2 N2 P1 S1,24,25,2,2,1,1,-9999,-9999,-9999,-9999
2530,435.130103,435.129914564,435.129508326,2741679.3,-9999,272388.8,16.06,-1,0.933604431,0.853718468,0,0.512231081,5,0.25,1.8125,N4 S2 P1 O4,de-protonated,0,-9999,C16 H29 O4 N4 P1 S2,16,29,4,4,1,2,-9999,-9999,-9999,-9999
2531,435.179398,435.17920955,435.178810244,2737590.5,-9999,256849.7,16.03,-1,0.917567108,0.858329704,0,0.514997822,17,0.033333333,0.933333333,S1 O1,de-protonated,0,-9999,C30 H28 O1 S1,30,28,1,-9999,-9999,1,-9999,-9999,-9999,-9999
2531,435.179398,435.17920955,435.178943186,2737590.5,-9999,256849.7,16.03,-1,0.612079322,0.934280902,0,0.560568541,4,0.473684211,1.736842105,P1 O9,de-protonated,0,-9999,C19 H33 O9 P1,19,33,9,-9999,1,-9999,-9999,-9999,-9999,-9999
2532,435.188892,435.188703547,435.1883261,1834423.8,-9999,295942.2,9.95,-1,0.867318094,0.872412355,0,0.523447413,17,0.033333333,0.966666667,P1 O1,de-protonated,0,-9999,C30 H29 O1 P1,30,29,1,-9999,1,-9999,-9999,-9999,-9999,-9999
2532,435.188892,435.188703547,435.188522805,1834423.8,-9999,295942.2,9.95,-1,0.415319361,0.969186601,0,0.581511961,9,0.35,1.4,N4 O7,de-protonated,0,-9999,C20 H28 O7 N4,20,28,7,4,-9999,-9999,-9999,-9999,-9999,-9999
2533,435.215739,435.215550539,435.215328695,2257339.8,-9999,271115.5,12.8,-1,0.509733776,0.953948546,0,0.572369128,3,0.4,1.85,P1 O8,de-protonated,0,-9999,C20 H37 O8 P1,20,37,8,-9999,1,-9999,-9999,-9999,-9999,-9999
2535,436.964804,436.964615023,436.964262414,2582198.3,-9999,249713.4,15.01,-1,0.806949802,0.888559581,0,0.533135749,13,0.588235294,0.588235294,S2 O10,de-protonated,0,-9999,C17 H10 O10 S2,17,10,10,-9999,-9999,2,-9999,-9999,-9999,-9999
2536,437.036673,437.036484001,437.036164053,3172032.3,-9999,257741.3,18.99,-1,0.732086271,0.907331433,0,0.54439886,12,0.722222222,0.777777778,O13,de-protonated,0,-9999,C18 H14 O13,18,14,13,-9999,-9999,-9999,-9999,-9999,-9999,-9999
2536,437.036673,437.036484001,437.036653311,3172032.3,-9999,257741.3,18.99,-1,-0.387402689,0.973135475,0,0.583881285,16,0.238095238,0.714285714,N2 S1 P1 O5,de-protonated,0,-9999,C21 H15 O5 N2 P1 S1,21,15,5,2,1,1,-9999,-9999,-9999,-9999
2537,437.07292,437.072730991,437.072549563,4465349.5,-9999,242528.3,27.71,-1,0.415098417,0.969218867,0,0.58153132,11,0.631578947,0.947368421,O12,de-protonated,0,-9999,C19 H18 O12,19,18,12,-9999,-9999,-9999,-9999,-9999,-9999,-9999
2537,437.07292,437.072730991,437.07303882,4465349.5,-9999,242528.3,27.71,-1,-0.704296992,0.456963416,0.807789663,0.597293915,15,0.181818182,0.863636364,N2 S1 P1 O4,de-protonated,0,-9999,C22 H19 O4 N2 P1 S1,22,19,4,2,1,1,-9999,-9999,-9999,-9999
2537,437.07292,437.072730991,437.072387371,4465349.5,-9999,242528.3,27.71,-1,0.78618431,0.8939094,0,0.53634564,6,0.428571429,1.642857143,N4 S2 P1 O6,de-protonated,0,-9999,C14 H23 O6 N4 P1 S2,14,23,6,4,1,2,-9999,-9999,-9999,-9999
2538,437.109359,437.10916998,437.108935072,3075786.5,-9999,264914.4,18.34,-1,0.537412978,0.948944764,0,0.569366858,10,0.55,1.1,O11,de-protonated,0,-9999,C20 H22 O11,20,22,11,-9999,-9999,-9999,-9999,-9999,-9999,-9999
2538,437.109359,437.10916998,437.109424329,3075786.5,-9999,264914.4,18.34,-1,-0.581889388,0.940411564,0,0.564246939,14,0.130434783,1,N2 S1 P1 O3,de-protonated,0,-9999,C23 H23 O3 N2 P1 S1,23,23,3,2,1,1,-9999,-9999,-9999,-9999
2538,437.109359,437.10916998,437.108772881,3075786.5,-9999,264914.4,18.34,-1,0.908468027,0.860921313,0,0.516552788,5,0.333333333,1.8,N4 S2 P1 O5,de-protonated,0,-9999,C15 H27 O5 N4 P1 S2,15,27,5,4,1,2,-9999,-9999,-9999,-9999
2539,437.145749,437.145559969,437.145320581,2077903.5,-9999,276794,11.61,-1,0.54761634,0.947040429,0,0.568224257,9,0.476190476,1.238095238,O10,de-protonated,0,-9999,C21 H26 O10,21,26,10,-9999,-9999,-9999,-9999,-9999,-9999,-9999
2539,437.145749,437.145559969,437.145809839,2077903.5,-9999,276794,11.61,-1,-0.571592874,0.942440373,0,0.565464224,13,0.083333333,1.125,N2 S1 P1 O2,de-protonated,0,-9999,C24 H27 O2 N2 P1 S1,24,27,2,2,1,1,-9999,-9999,-9999,-9999
2539,437.145749,437.145559969,437.14515839,2077903.5,-9999,276794,11.61,-1,0.918640508,0.858022792,0,0.514813675,4,0.25,1.9375,N4 S2 P1 O4,de-protonated,0,-9999,C16 H31 O4 N4 P1 S2,16,31,4,4,1,2,-9999,-9999,-9999,-9999
2540,437.168252,437.168062963,437.16778736,2436818.8,-9999,269797.8,14.03,-1,0.630427731,0.930424071,0,0.558254442,9,0.421052632,1.368421053,N4 O8,de-protonated,0,-9999,C19 H26 O8 N4,19,26,8,4,-9999,-9999,-9999,-9999,-9999,-9999
2541,437.195584,437.195394955,437.19546263,2069206.5,-9999,163957.2,11.55,-1,-0.154794799,0.995661668,0,0.597397001,2,0.2,1.95,S2 P1 O4,de-protonated,0,-9999,C20 H39 O4 P1 S2,20,39,4,-9999,1,2,-9999,-9999,-9999,-9999
2544,438.105405,438.105215686,438.10532475,1464147.6,-9999,266723.1,7.47,-1,-0.248945391,0.988817923,0,0.593290754,23,0.033333333,0.6,N1 P1 O1,de-protonated,0,-9999,C30 H18 O1 N1 P1,30,18,1,1,1,-9999,-9999,-9999,-9999,-9999
2544,438.105405,438.105215686,438.105053424,1464147.6,-9999,266723.1,7.47,-1,0.370372031,0.975416906,0,0.585250143,9,0.3,1.25,N1 S2 O6,de-protonated,0,-9999,C20 H25 O6 N1 S2,20,25,6,1,-9999,2,-9999,-9999,-9999,-9999
2546,438.180899,438.180709664,438.180326366,2159453.8,-9999,270093.7,12.16,-1,0.874748125,0.870365812,0,0.522219487,3,0.5,1.833333333,N1 S1 O9,de-protonated,0,-9999,C18 H33 O9 N1 S1,18,33,9,1,-9999,1,-9999,-9999,-9999,-9999
2546,438.180899,438.180709664,438.180815624,2159453.8,-9999,270093.7,12.16,-1,-0.241817824,0.989445723,0,0.593667434,7,0.047619048,1.619047619,N3 S2 P1 O1,de-protonated,0,-9999,C21 H34 O1 N3 P1 S2,21,34,1,3,1,2,-9999,-9999,-9999,-9999
2549,439.052114,439.051924406,439.051814118,3950546.5,-9999,255051.3,24.24,-1,0.251197343,0.988615864,0,0.593169518,11,0.722222222,0.888888889,O13,de-protonated,0,-9999,C18 H16 O13,18,16,13,-9999,-9999,-9999,-9999,-9999,-9999,-9999
2549,439.052114,439.051924406,439.052303375,3950546.5,-9999,255051.3,24.24,-1,-0.863151606,0.873554428,0,0.524132657,15,0.238095238,0.80952381,N2 S1 P1 O5,de-protonated,0,-9999,C21 H17 O5 N2 P1 S1,21,17,5,2,1,1,-9999,-9999,-9999,-9999
2549,439.052114,439.051924406,439.051651926,3950546.5,-9999,255051.3,24.24,-1,0.620610304,0.932499877,0,0.559499926,6,0.538461538,1.615384615,N4 S2 P1 O7,de-protonated,0,-9999,C13 H21 O7 N4 P1 S2,13,21,7,4,1,2,-9999,-9999,-9999,-9999
2550,439.088531,439.088341396,439.088199627,5005271.5,-9999,233039.9,31.36,-1,0.322870319,0.490631303,0.829532115,0.626191628,10,0.631578947,1.052631579,O12,de-protonated,0,-9999,C19 H20 O12,19,20,12,-9999,-9999,-9999,-9999,-9999,-9999,-9999
2550,439.088531,439.088341396,439.088688884,5005271.5,-9999,233039.9,31.36,-1,-0.791386369,0.446289644,0.807789663,0.590889652,14,0.181818182,0.954545455,N2 S1 P1 O4,de-protonated,0,-9999,C22 H21 O4 N2 P1 S1,22,21,4,2,1,1,-9999,-9999,-9999,-9999
2550,439.088531,439.088341396,439.088037436,5005271.5,-9999,233039.9,31.36,-1,0.692252695,0.916720443,0,0.550032266,5,0.428571429,1.785714286,N4 S2 P1 O6,de-protonated,0,-9999,C14 H25 O6 N4 P1 S2,14,25,6,4,1,2,-9999,-9999,-9999,-9999
2551,439.12499,439.124800385,439.124585136,4155356,-9999,236447.5,25.62,-1,0.490176227,0.957339523,0,0.574403714,9,0.55,1.2,O11,de-protonated,0,-9999,C20 H24 O11,20,24,11,-9999,-9999,-9999,-9999,-9999,-9999,-9999
2551,439.12499,439.124800385,439.125074394,4155356,-9999,236447.5,25.62,-1,-0.62398832,0.465894391,0.800793265,0.599853941,13,0.130434783,1.086956522,N2 S1 P1 O3,de-protonated,0,-9999,C23 H25 O3 N2 P1 S1,23,25,3,2,1,1,-9999,-9999,-9999,-9999
2551,439.12499,439.124800385,439.124422945,4155356,-9999,236447.5,25.62,-1,0.859528058,0.874544413,0,0.524726648,4,0.333333333,1.933333333,N4 S2 P1 O5,de-protonated,0,-9999,C15 H29 O5 N4 P1 S2,15,29,5,4,1,2,-9999,-9999,-9999,-9999
2552,439.13379,439.133600382,439.133968051,1619677.3,-9999,239215.3,8.52,-1,-0.837258587,0.88056117,0,0.528336702,22,0.096774194,0.64516129,O3,de-protonated,0,-9999,C31 H20 O3,31,20,3,-9999,-9999,-9999,-9999,-9999,-9999,-9999
2552,439.13379,439.133600382,439.133316602,1619677.3,-9999,239215.3,8.52,-1,0.646227429,0.927024981,0,0.556214988,13,0.217391304,1.043478261,N2 S1 O5,de-protonated,0,-9999,C23 H24 O5 N2 S1,23,24,5,2,-9999,1,-9999,-9999,-9999,-9999
2553,439.153262,439.153072377,439.152728437,1672671.9,-9999,168628.6,8.87,-1,0.783188177,0.894672392,0,0.536803435,8,0.380952381,1.380952381,P1 O8,de-protonated,0,-9999,C21 H29 O8 P1,21,29,8,-9999,1,-9999,-9999,-9999,-9999,-9999
2554,439.161564,439.161374374,439.160970646,1756129,-9999,331994.4,9.44,-1,0.919317314,0.857829148,0,0.514697489,8,0.476190476,1.333333333,O10,de-protonated,0,-9999,C21 H28 O10,21,28,10,-9999,-9999,-9999,-9999,-9999,-9999,-9999
2554,439.161564,439.161374374,439.161459903,1756129,-9999,331994.4,9.44,-1,-0.194755401,0.993141341,0,0.595884804,12,0.083333333,1.208333333,N2 S1 P1 O2,de-protonated,0,-9999,C24 H29 O2 N2 P1 S1,24,29,2,2,1,1,-9999,-9999,-9999,-9999
2555,439.174311,439.17412137,439.173724864,1456866.6,-9999,212962.9,7.42,-1,0.902847,0.862513258,0,0.517507955,16,0.068965517,0.965517241,S1 O2,de-protonated,0,-9999,C29 H28 O2 S1,29,28,2,-9999,-9999,1,-9999,-9999,-9999,-9999
2555,439.174311,439.17412137,439.173857805,1456866.6,-9999,212962.9,7.42,-1,0.600138067,0.936738055,0,0.562042833,3,0.555555556,1.833333333,P1 O10,de-protonated,0,-9999,C18 H33 O10 P1,18,33,10,-9999,1,-9999,-9999,-9999,-9999,-9999
2556,439.197891,439.197701363,439.197356155,2052581.8,-9999,252589.9,11.44,-1,0.785997919,0.893956932,0,0.536374159,7,0.409090909,1.454545455,O9,de-protonated,0,-9999,C22 H32 O9,22,32,9,-9999,-9999,-9999,-9999,-9999,-9999,-9999
2556,439.197891,439.197701363,439.197845413,2052581.8,-9999,252589.9,11.44,-1,-0.327982351,0.980670385,0,0.588402231,11,0.04,1.32,N2 S1 P1 O1,de-protonated,0,-9999,C25 H33 O1 N2 P1 S1,25,33,1,2,1,1,-9999,-9999,-9999,-9999
2557,439.22198,439.221790356,439.221476704,3025897,-9999,180116.8,18,-1,0.714109515,0.911621686,0,0.546973012,2,0.444444444,2.055555556,N2 P1 O8,de-protonated,0,-9999,C18 H37 O8 N2 P1,18,37,8,2,1,-9999,-9999,-9999,-9999,-9999
2560,440.947374,440.947183847,440.947563522,6640838.5,-9999,247324,42.39,-1,-0.861044338,0.437065261,0.829532115,0.594052003,17,0.473684211,0.368421053,S1 P1 O9,de-protonated,0,-9999,C19 H7 O9 P1 S1,19,7,9,-9999,1,1,-9999,-9999,-9999,-9999
2561,440.972424,440.972233839,440.972064194,1429705.5,-9999,270291.7,7.23,-1,0.384708771,0.97350282,0,0.584101692,7,0.846153846,1.153846154,S2 P1 O11,de-protonated,0,-9999,C13 H15 O11 P1 S2,13,15,11,-9999,1,2,-9999,-9999,-9999,-9999
2561,440.972424,440.972233839,440.972532224,1429705.5,-9999,270291.7,7.23,-1,-0.676651735,0.92027968,0,0.552167808,13,0.923076923,0.538461538,N4 P1 O12,de-protonated,0,-9999,C13 H7 O12 N4 P1,13,7,12,4,1,-9999,-9999,-9999,-9999,-9999
2562,441.031366,441.031175822,441.031078673,1538768.8,-9999,234531.9,7.97,-1,0.220277352,0.991234371,0,0.594740622,11,0.823529412,0.823529412,O14,de-protonated,0,-9999,C17 H14 O14,17,14,14,-9999,-9999,-9999,-9999,-9999,-9999,-9999
2562,441.031366,441.031175822,441.03156793,1538768.8,-9999,234531.9,7.97,-1,-0.88907058,0.866385362,0,0.519831217,15,0.3,0.75,N2 S1 P1 O6,de-protonated,0,-9999,C20 H15 O6 N2 P1 S1,20,15,6,2,1,1,-9999,-9999,-9999,-9999
2562,441.031366,441.031175822,441.030916482,1538768.8,-9999,234531.9,7.97,-1,0.588032445,0.939186017,0,0.56351161,6,0.666666667,1.583333333,N4 S2 P1 O8,de-protonated,0,-9999,C12 H19 O8 N4 P1 S2,12,19,8,4,1,2,-9999,-9999,-9999,-9999
2563,441.067846,441.067655811,441.067464182,4937941.5,-9999,223599.6,30.9,-1,0.434466499,0.966329447,0,0.579797668,10,0.722222222,1,O13,de-protonated,0,-9999,C18 H18 O13,18,18,13,-9999,-9999,-9999,-9999,-9999,-9999,-9999
2563,441.067846,441.067655811,441.06795344,4937941.5,-9999,223599.6,30.9,-1,-0.674790155,0.460349938,0.81490939,0.602173719,14,0.238095238,0.904761905,N2 S1 P1 O5,de-protonated,0,-9999,C21 H19 O5 N2 P1 S1,21,19,5,2,1,1,-9999,-9999,-9999,-9999
2563,441.067846,441.067655811,441.067301991,4937941.5,-9999,223599.6,30.9,-1,0.802191334,0.88979497,0,0.533876982,5,0.538461538,1.769230769,N4 S2 P1 O7,de-protonated,0,-9999,C13 H23 O7 N4 P1 S2,13,23,7,4,1,2,-9999,-9999,-9999,-9999
2564,441.104241,441.104050801,441.103849692,4481242,-9999,226500.5,27.82,-1,0.455921982,0.962985615,0,0.577791369,9,0.631578947,1.157894737,O12,de-protonated,0,-9999,C19 H22 O12,19,22,12,-9999,-9999,-9999,-9999,-9999,-9999,-9999
2564,441.104241,441.104050801,441.104338949,4481242,-9999,226500.5,27.82,-1,-0.653243197,0.462746369,0.807789663,0.600763686,13,0.181818182,1.045454545,N2 S1 P1 O4,de-protonated,0,-9999,C22 H23 O4 N2 P1 S1,22,23,4,2,1,1,-9999,-9999,-9999,-9999
2564,441.104241,441.104050801,441.1036875,4481242,-9999,226500.5,27.82,-1,0.823616492,0.884188812,0,0.530513287,4,0.428571429,1.928571429,N4 S2 P1 O6,de-protonated,0,-9999,C14 H27 O6 N4 P1 S2,14,27,6,4,1,2,-9999,-9999,-9999,-9999
2565,441.140672,441.14048179,441.140235201,2292958.5,-9999,288469.3,13.06,-1,0.558980604,0.9448819,0,0.56692914,8,0.55,1.3,O11,de-protonated,0,-9999,C20 H26 O11,20,26,11,-9999,-9999,-9999,-9999,-9999,-9999,-9999
2565,441.140672,441.14048179,441.140724458,2292958.5,-9999,288469.3,13.06,-1,-0.550093205,0.946573334,0,0.567944,12,0.130434783,1.173913043,N2 S1 P1 O3,de-protonated,0,-9999,C23 H27 O3 N2 P1 S1,23,27,3,2,1,1,-9999,-9999,-9999,-9999
2565,441.140672,441.14048179,441.14007301,2292958.5,-9999,288469.3,13.06,-1,0.926644824,0.855726334,0,0.5134358,3,0.333333333,2.066666667,N4 S2 P1 O5,de-protonated,0,-9999,C15 H31 O5 N4 P1 S2,15,31,5,4,1,2,-9999,-9999,-9999,-9999
2566,441.168614,441.168423782,441.168378502,1823969.9,-9999,218686.6,9.89,-1,0.102635926,0.998090421,0,0.598854253,7,0.380952381,1.476190476,P1 O8,de-protonated,0,-9999,C21 H31 O8 P1,21,31,8,-9999,1,-9999,-9999,-9999,-9999,-9999
2567,441.189942,441.189751775,441.189374928,2083556.5,-9999,286692.5,11.64,-1,0.854161771,0.876004921,0,0.525602953,15,0.068965517,1.034482759,S1 O2,de-protonated,0,-9999,C29 H30 O2 S1,29,30,2,-9999,-9999,1,-9999,-9999,-9999,-9999
2567,441.189942,441.189751775,441.18950787,2083556.5,-9999,286692.5,11.64,-1,0.55283583,0.946053933,0,0.56763236,2,0.555555556,1.944444444,P1 O10,de-protonated,0,-9999,C18 H35 O10 P1,18,35,10,-9999,1,-9999,-9999,-9999,-9999,-9999
2568,441.195558,441.195367774,441.195248155,1772517.3,-9999,222845.5,9.55,-1,0.271124112,0.986750575,0,0.592050345,6,0.318181818,1.545454545,S1 O7,de-protonated,0,-9999,C22 H34 O7 S1,22,34,7,-9999,-9999,1,-9999,-9999,-9999,-9999
2569,441.203419,441.203228771,441.203110241,4466918,-9999,231145.9,27.72,-1,0.268652637,0.493494729,0.793917021,0.613663646,11,0.25,1.25,N2 O6,de-protonated,0,-9999,C24 H30 O6 N2,24,30,6,2,-9999,-9999,-9999,-9999,-9999,-9999
2570,441.213191,441.213000768,441.21300622,1966311.4,-9999,260516,10.85,-1,-0.012355203,0.999972302,0,0.599983381,6,0.409090909,1.545454545,O9,de-protonated,0,-9999,C22 H34 O9,22,34,9,-9999,-9999,-9999,-9999,-9999,-9999,-9999
2570,441.213191,441.213000768,441.212844028,1966311.4,-9999,260516,10.85,-1,0.355248166,0.977361141,0,0.586416684,1,0.176470588,2.294117647,N4 S2 P1 O3,de-protonated,0,-9999,C17 H39 O3 N4 P1 S2,17,39,3,4,1,2,-9999,-9999,-9999,-9999
2571,441.23585,441.235659762,441.235276294,4678890,-9999,246796.2,29.15,-1,0.869078163,0.43596435100000003,0.755017935,0.563585785,14,0.033333333,1.166666667,P1 O1,de-protonated,0,-9999,C30 H35 O1 P1,30,35,1,-9999,1,-9999,-9999,-9999,-9999,-9999
2571,441.23585,441.235659762,441.235472998,4678890,-9999,246796.2,29.15,-1,0.423273886,0.968014233,0,0.58080854,6,0.35,1.7,N4 O7,de-protonated,0,-9999,C20 H34 O7 N4,20,34,7,4,-9999,-9999,-9999,-9999,-9999,-9999
2572,441.24960600000003,441.249415758,441.249391729,1634027.9,-9999,264645.2,8.61,-1,0.054455876,0.999462069,0,0.599677241,5,0.347826087,1.652173913,O8,de-protonated,0,-9999,C23 H38 O8,23,38,8,-9999,-9999,-9999,-9999,-9999,-9999,-9999
2572,441.24960600000003,441.249415758,441.249229538,1634027.9,-9999,264645.2,8.61,-1,0.422028957,0.968199089,0,0.580919453,0,0.111111111,2.388888889,N4 S2 P1 O2,de-protonated,0,-9999,C18 H43 O2 N4 P1 S2,18,43,2,4,1,2,-9999,-9999,-9999,-9999
2575,442.194657,442.194466479,442.194139757,2167135.3,-9999,241163.8,12.21,-1,0.738865518,0.905691195,0,0.543414717,15,0.071428571,1.071428571,N1 P1 O2,de-protonated,0,-9999,C28 H30 O2 N1 P1,28,30,2,1,1,-9999,-9999,-9999,-9999,-9999
2576,442.231072,442.230881468,442.230525266,2011491.5,-9999,255073.6,11.16,-1,0.805466562,0.888945258,0,0.533367155,14,0.034482759,1.172413793,N1 P1 O1,de-protonated,0,-9999,C29 H34 O1 N1 P1,29,34,1,1,1,-9999,-9999,-9999,-9999,-9999
2578,443.047084,443.046893227,443.046728737,2705860,-9999,259408.9,15.84,-1,0.371269077,0.975299165,0,0.585179499,10,0.823529412,0.941176471,O14,de-protonated,0,-9999,C17 H16 O14,17,16,14,-9999,-9999,-9999,-9999,-9999,-9999,-9999
2578,443.047084,443.046893227,443.047217995,2705860,-9999,259408.9,15.84,-1,-0.733032026,0.907103337,0,0.544262002,14,0.3,0.85,N2 S1 P1 O6,de-protonated,0,-9999,C20 H17 O6 N2 P1 S1,20,17,6,2,1,1,-9999,-9999,-9999,-9999
2578,443.047084,443.046893227,443.046566546,2705860,-9999,259408.9,15.84,-1,0.737351116,0.906058658,0,0.543635195,5,0.666666667,1.75,N4 S2 P1 O8,de-protonated,0,-9999,C12 H21 O8 N4 P1 S2,12,21,8,4,1,2,-9999,-9999,-9999,-9999
2579,443.062371,443.062180222,443.061984879,1542085.9,-9999,272223.2,7.99,-1,0.440894848,0.965343294,0,0.579205976,14,0.523809524,0.761904762,O11,de-protonated,0,-9999,C21 H16 O11,21,16,11,-9999,-9999,-9999,-9999,-9999,-9999,-9999
2579,443.062371,443.062180222,443.062474136,1542085.9,-9999,272223.2,7.99,-1,-0.663368307,0.923256803,0,0.553954082,18,0.125,0.708333333,N2 S1 P1 O3,de-protonated,0,-9999,C24 H17 O3 N2 P1 S1,24,17,3,2,1,1,-9999,-9999,-9999,-9999
2579,443.062371,443.062180222,443.061822687,1542085.9,-9999,272223.2,7.99,-1,0.806964307,0.888555807,0,0.533133484,9,0.3125,1.3125,N4 S2 P1 O5,de-protonated,0,-9999,C16 H21 O5 N4 P1 S2,16,21,5,4,1,2,-9999,-9999,-9999,-9999
2580,443.083333,443.083142216,443.083114247,3499464.3,-9999,228575.6,21.19,-1,0.06312472,0.999277237,0,0.599566342,9,0.722222222,1.111111111,O13,de-protonated,0,-9999,C18 H20 O13,18,20,13,-9999,-9999,-9999,-9999,-9999,-9999,-9999
2580,443.083333,443.083142216,443.082952055,3499464.3,-9999,228575.6,21.19,-1,0.429176583,0.967130833,0,0.5802785,4,0.538461538,1.923076923,N4 S2 P1 O7,de-protonated,0,-9999,C13 H25 O7 N4 P1 S2,13,25,7,4,1,2,-9999,-9999,-9999,-9999
2581,443.098741,443.098550212,443.098370388,1805770.1,-9999,233585.5,9.77,-1,0.405832362,0.970557547,0,0.582334528,13,0.454545455,0.909090909,O10,de-protonated,0,-9999,C22 H20 O10,22,20,10,-9999,-9999,-9999,-9999,-9999,-9999,-9999
2581,443.098741,443.098550212,443.098859645,1805770.1,-9999,233585.5,9.77,-1,-0.698340077,0.915313464,0,0.549188078,17,0.08,0.84,N2 S1 P1 O2,de-protonated,0,-9999,C25 H21 O2 N2 P1 S1,25,21,2,2,1,1,-9999,-9999,-9999,-9999
2581,443.098741,443.098550212,443.098208197,1805770.1,-9999,233585.5,9.77,-1,0.771871748,0.897533722,0,0.538520233,8,0.235294118,1.470588235,N4 S2 P1 O4,de-protonated,0,-9999,C17 H25 O4 N4 P1 S2,17,25,4,4,1,2,-9999,-9999,-9999,-9999
2582,443.11992299999997,443.119732205,443.119499756,3227084.5,-9999,237390.7,19.36,-1,0.524574848,0.951295227,0,0.570777136,8,0.631578947,1.263157895,O12,de-protonated,0,-9999,C19 H24 O12,19,24,12,-9999,-9999,-9999,-9999,-9999,-9999,-9999
2582,443.11992299999997,443.119732205,443.119989013,3227084.5,-9999,237390.7,19.36,-1,-0.579545072,0.940876283,0,0.56452577,12,0.181818182,1.136363636,N2 S1 P1 O4,de-protonated,0,-9999,C22 H25 O4 N2 P1 S1,22,25,4,2,1,1,-9999,-9999,-9999,-9999
2582,443.11992299999997,443.119732205,443.119337565,3227084.5,-9999,237390.7,19.36,-1,0.890596823,0.865958468,0,0.519575081,3,0.428571429,2.071428571,N4 S2 P1 O6,de-protonated,0,-9999,C14 H29 O6 N4 P1 S2,14,29,6,4,1,2,-9999,-9999,-9999,-9999
2583,443.135394,443.135203201,443.135625277,1451470.4,-9999,284499.5,7.38,-1,-0.952476758,0.848222394,0,0.508933436,11,0.166666667,1.166666667,S2 O4,de-protonated,0,-9999,C24 H28 O4 S2,24,28,4,-9999,-9999,2,-9999,-9999,-9999,-9999
2583,443.135394,443.135203201,443.135245155,1451470.4,-9999,284499.5,7.38,-1,-0.094675078,0.99837493,0,0.599024958,16,0.038461538,0.961538462,N2 S1 P1 O1,de-protonated,0,-9999,C26 H25 O1 N2 P1 S1,26,25,1,2,1,1,-9999,-9999,-9999,-9999
2584,443.178736,443.178545188,443.178155339,1911251.4,-9999,285902.8,10.48,-1,0.879665513,0.869004422,0,0.521402653,15,0.107142857,1.035714286,P1 O3,de-protonated,0,-9999,C28 H29 O3 P1,28,29,3,-9999,1,-9999,-9999,-9999,-9999,-9999
2584,443.178736,443.178545188,443.178352044,1911251.4,-9999,285902.8,10.48,-1,0.435815623,0.9661236,0,0.57967416,7,0.5,1.555555556,N4 O9,de-protonated,0,-9999,C18 H28 O9 N4,18,28,9,4,-9999,-9999,-9999,-9999,-9999,-9999
2585,443.184576,443.184385186,443.184028566,1703380.1,-9999,274796.7,9.08,-1,0.804677114,0.889150312,0,0.533490187,6,0.380952381,1.571428571,P1 O8,de-protonated,0,-9999,C21 H33 O8 P1,21,33,8,-9999,1,-9999,-9999,-9999,-9999,-9999
2586,443.21507,443.214879177,443.214540849,7394775.5,-9999,238328.5,47.47,-1,0.763351448,0.449833252,0.761234226,0.574393642,14,0.068965517,1.137931034,P1 O2,de-protonated,0,-9999,C29 H33 O2 P1,29,33,2,-9999,1,-9999,-9999,-9999,-9999,-9999
2586,443.21507,443.214879177,443.214737553,7394775.5,-9999,238328.5,47.47,-1,0.319538047,0.937990211,0.960861865,0.947138872,6,0.421052632,1.684210526,N4 O8,de-protonated,0,-9999,C19 H32 O8 N4,19,32,8,4,-9999,-9999,-9999,-9999,-9999,-9999
2587,443.228902,443.228711173,443.228656284,1433049.3,-9999,264313.4,7.25,-1,0.12383928,0.997221141,0,0.598332684,5,0.409090909,1.636363636,O9,de-protonated,0,-9999,C22 H36 O9,22,36,9,-9999,-9999,-9999,-9999,-9999,-9999,-9999
2587,443.228902,443.228711173,443.229145541,1433049.3,-9999,264313.4,7.25,-1,-0.980008279,0.840073188,0,0.504043913,9,0.04,1.48,N2 S1 P1 O1,de-protonated,0,-9999,C25 H37 O1 N2 P1 S1,25,37,1,2,1,1,-9999,-9999,-9999,-9999
2587,443.228902,443.228711173,443.228494093,1433049.3,-9999,264313.4,7.25,-1,0.489770966,0.957408511,0,0.574445107,0,0.176470588,2.411764706,N4 S2 P1 O3,de-protonated,0,-9999,C17 H41 O3 N4 P1 S2,17,41,3,4,1,2,-9999,-9999,-9999,-9999
2588,443.251463,443.251272167,443.250926358,7017948,-9999,244265.6,44.93,-1,0.780163889,0.447720128,0.755017935,0.570639251,13,0.033333333,1.233333333,P1 O1,de-protonated,0,-9999,C30 H37 O1 P1,30,37,1,-9999,1,-9999,-9999,-9999,-9999,-9999
2588,443.251463,443.251272167,443.251123063,7017948,-9999,244265.6,44.93,-1,0.336386912,0.933683914,0.997037641,0.959025405,5,0.35,1.8,N4 O7,de-protonated,0,-9999,C20 H36 O7 N4,20,36,7,4,-9999,-9999,-9999,-9999,-9999,-9999
2589,443.301847,443.301656152,443.301427303,2248673.8,-9999,224171.9,12.76,-1,0.516237635,0.952794236,0,0.571676542,3,0.291666667,1.833333333,O7,de-protonated,0,-9999,C24 H44 O7,24,44,7,-9999,-9999,-9999,-9999,-9999,-9999,-9999
2590,444.210342,444.210150883,444.209789821,7390793,-9999,248854.2,47.44,-1,0.812819556,0.863342974,0.953824934,0.899535758,14,0.071428571,1.142857143,N1 P1 O2,de-protonated,0,-9999,C28 H32 O2 N1 P1,28,32,2,1,1,-9999,-9999,-9999,-9999,-9999
2591,444.218632,444.218440881,444.21803203,1961034,-9999,205900,10.81,-1,0.920384669,0.857523562,0,0.514514137,14,0.142857143,1.107142857,N1 O4,de-protonated,0,-9999,C28 H31 O4 N1,28,31,4,1,-9999,-9999,-9999,-9999,-9999,-9999
2591,444.218632,444.218440881,444.218092388,1961034,-9999,205900,10.81,-1,0.784507886,0.894336595,0.960861865,0.920946703,6,0.421052632,1.684210526,13C1 N4 O8,de-protonated,1,2586,C18 H32 O8 N4 13C1,18,32,8,4,-9999,-9999,1,-9999,-9999,-9999
2593,444.255029,444.25483787,444.254417539,1487438.1,-9999,277280.1,7.62,-1,0.946150119,0.850073151,0,0.510043891,13,0.103448276,1.206896552,N1 O3,de-protonated,0,-9999,C29 H35 O3 N1,29,35,3,1,-9999,-9999,-9999,-9999,-9999,-9999
2593,444.255029,444.25483787,444.254477898,1487438.1,-9999,277280.1,7.62,-1,0.810284461,0.887690517,0.997037641,0.931429366,5,0.35,1.8,13C1 N4 O7,de-protonated,1,2588,C19 H36 O7 N4 13C1,19,36,7,4,-9999,-9999,1,-9999,-9999,-9999
2598,445.041594,445.041402638,445.041249434,1919652.8,-9999,245570.6,10.53,-1,0.344247335,0.978726738,0,0.587236043,14,0.6,0.7,O12,de-protonated,0,-9999,C20 H14 O12,20,14,12,-9999,-9999,-9999,-9999,-9999,-9999,-9999
2598,445.041594,445.041402638,445.041738691,1919652.8,-9999,245570.6,10.53,-1,-0.755104649,0.901713026,0,0.541027816,18,0.173913043,0.652173913,N2 S1 P1 O4,de-protonated,0,-9999,C23 H15 O4 N2 P1 S1,23,15,4,2,1,1,-9999,-9999,-9999,-9999
2598,445.041594,445.041402638,445.041087242,1919652.8,-9999,245570.6,10.53,-1,0.70868871,0.912898359,0,0.547739015,9,0.4,1.266666667,N4 S2 P1 O6,de-protonated,0,-9999,C15 H19 O6 N4 P1 S2,15,19,6,4,1,2,-9999,-9999,-9999,-9999
2599,445.06266,445.062468632,445.062378802,2674343,-9999,241671.3,15.63,-1,0.20183684,0.992635376,0,0.595581226,9,0.823529412,1.058823529,O14,de-protonated,0,-9999,C17 H18 O14,17,18,14,-9999,-9999,-9999,-9999,-9999,-9999,-9999
2599,445.06266,445.062468632,445.062868059,2674343,-9999,241671.3,15.63,-1,-0.897462796,0.864031603,0,0.518418962,13,0.3,0.95,N2 S1 P1 O6,de-protonated,0,-9999,C20 H19 O6 N2 P1 S1,20,19,6,2,1,1,-9999,-9999,-9999,-9999
2599,445.06266,445.062468632,445.06221661,2674343,-9999,241671.3,15.63,-1,0.566260861,0.943478437,0,0.566087062,4,0.666666667,1.916666667,N4 S2 P1 O8,de-protonated,0,-9999,C12 H23 O8 N4 P1 S2,12,23,8,4,1,2,-9999,-9999,-9999,-9999
2600,445.070152,445.06996063,445.070262114,3519143.8,-9999,249304.2,21.32,-1,-0.677387198,0.920113406,0,0.552068043,12,0.181818182,1.045454545,S2 P1 O4,de-protonated,0,-9999,C22 H23 O4 P1 S2,22,23,4,-9999,1,2,-9999,-9999,-9999,-9999
2601,445.077815,445.077623627,445.077634943,1897640.6,-9999,273344.1,10.39,-1,-0.025424285,0.999882719,0,0.599929632,13,0.523809524,0.857142857,O11,de-protonated,0,-9999,C21 H18 O11,21,18,11,-9999,-9999,-9999,-9999,-9999,-9999,-9999
2601,445.077815,445.077623627,445.077472752,1897640.6,-9999,273344.1,10.39,-1,0.338987163,0.979365187,0,0.587619112,8,0.3125,1.4375,N4 S2 P1 O5,de-protonated,0,-9999,C16 H23 O5 N4 P1 S2,16,23,5,4,1,2,-9999,-9999,-9999,-9999
2602,445.099215,445.099023621,445.098764311,2581163,-9999,267422.9,15,-1,0.582589443,0.940272472,0,0.564163483,8,0.722222222,1.222222222,O13,de-protonated,0,-9999,C18 H22 O13,18,22,13,-9999,-9999,-9999,-9999,-9999,-9999,-9999
2602,445.099215,445.099023621,445.099253568,2581163,-9999,267422.9,15,-1,-0.516620747,0.952725829,0,0.571635497,12,0.238095238,1.095238095,N2 S1 P1 O5,de-protonated,0,-9999,C21 H23 O5 N2 P1 S1,21,23,5,2,1,1,-9999,-9999,-9999,-9999
2602,445.099215,445.099023621,445.09860212,2581163,-9999,267422.9,15,-1,0.946983812,0.849829743,0,0.509897846,3,0.538461538,2.076923077,N4 S2 P1 O7,de-protonated,0,-9999,C13 H27 O7 N4 P1 S2,13,27,7,4,1,2,-9999,-9999,-9999,-9999
2603,445.114362,445.114170617,445.114020452,1892012.6,-9999,276775.1,10.35,-1,0.337360928,0.979560664,0,0.587736399,12,0.454545455,1,O10,de-protonated,0,-9999,C22 H22 O10,22,22,10,-9999,-9999,-9999,-9999,-9999,-9999,-9999
2603,445.114362,445.114170617,445.11450971,1892012.6,-9999,276775.1,10.35,-1,-0.761811317,0.900050036,0,0.540030022,16,0.08,0.92,N2 S1 P1 O2,de-protonated,0,-9999,C25 H23 O2 N2 P1 S1,25,23,2,2,1,1,-9999,-9999,-9999,-9999
2603,445.114362,445.114170617,445.113858261,1892012.6,-9999,276775.1,10.35,-1,0.701742718,0.914522592,0,0.548713555,7,0.235294118,1.588235294,N4 S2 P1 O4,de-protonated,0,-9999,C17 H27 O4 N4 P1 S2,17,27,4,4,1,2,-9999,-9999,-9999,-9999
2604,445.127714,445.127522613,445.127776992,1457326,-9999,298207.4,7.42,-1,-0.571474791,0.942463454,0,0.565478073,6,0.25,1.55,S2 P1 O5,de-protonated,0,-9999,C20 H31 O5 P1 S2,20,31,5,-9999,1,2,-9999,-9999,-9999,-9999
2605,445.147056,445.146864607,445.14725259,1984176.1,-9999,300158,10.97,-1,-0.871583036,0.871239157,0,0.522743494,6,0.315789474,1.578947368,N2 S2 O6,de-protonated,0,-9999,C19 H30 O6 N2 S2,19,30,6,2,-9999,2,-9999,-9999,-9999,-9999
2605,445.147056,445.146864607,445.146872467,1984176.1,-9999,300158,10.97,-1,-0.017657709,0.999943427,0,0.599966056,11,0.142857143,1.285714286,N4 S1 P1 O3,de-protonated,0,-9999,C21 H27 O3 N4 P1 S1,21,27,3,4,1,1,-9999,-9999,-9999,-9999
2606,445.150953,445.150761606,445.150405962,3854000.5,-9999,197570.9,23.58,-1,0.798929801,0.89063849,0,0.534383094,11,0.391304348,1.130434783,O9,de-protonated,0,-9999,C23 H26 O9,23,26,9,-9999,-9999,-9999,-9999,-9999,-9999,-9999
2606,445.150953,445.150761606,445.150895219,3854000.5,-9999,197570.9,23.58,-1,-0.300153108,0.491892917,0.780512821,0.607340878,15,0.038461538,1.038461538,N2 S1 P1 O1,de-protonated,0,-9999,C26 H27 O1 N2 P1 S1,26,27,1,2,1,1,-9999,-9999,-9999,-9999
2607,445.163841,445.163649602,445.163293121,1472690,-9999,253051.1,7.52,-1,0.800786039,0.89015874,0,0.534095244,6,0.45,1.55,P1 O9,de-protonated,0,-9999,C20 H31 O9 P1,20,31,9,-9999,1,-9999,-9999,-9999,-9999,-9999
2608,445.194376,445.194184593,445.193805404,8351413.5,-9999,241363.4,53.92,-1,0.851739063,0.922802436,0.925108453,0.923724843,14,0.107142857,1.107142857,P1 O3,de-protonated,0,-9999,C28 H31 O3 P1,28,31,3,-9999,1,-9999,-9999,-9999,-9999,-9999
2608,445.194376,445.194184593,445.194002108,8351413.5,-9999,241363.4,53.92,-1,0.409898749,0.98493513,0.994596776,0.988799789,6,0.5,1.666666667,N4 O9,de-protonated,0,-9999,C18 H30 O9 N4,18,30,9,4,-9999,-9999,-9999,-9999,-9999,-9999
2609,445.200076,445.199884591,445.199678631,2706102,-9999,257816.9,15.84,-1,0.462625001,0.961910382,0,0.577146229,5,0.380952381,1.666666667,P1 O8,de-protonated,0,-9999,C21 H35 O8 P1,21,35,8,-9999,1,-9999,-9999,-9999,-9999,-9999
2610,445.209706,445.209514588,445.20925825,1568950.9,-9999,245942.7,8.17,-1,0.575771154,0.941620932,0,0.564972559,10,0.272727273,1.363636364,N4 O6,de-protonated,0,-9999,C22 H30 O6 N4,22,30,6,4,-9999,-9999,-9999,-9999,-9999,-9999
2611,445.213773,445.213581587,445.213144656,1691831.4,-9999,245250.8,9,-1,0.981397501,0.839657944,0.953824934,0.88532474,14,0.071428571,1.142857143,13C1 N1 P1 O2,de-protonated,1,2590,C27 H32 O2 N1 P1 13C1,27,32,2,1,1,-9999,1,-9999,-9999,-9999
2611,445.213773,445.213581587,445.213281002,1691831.4,-9999,245250.8,9,-1,0.675149328,0.920618879,0,0.552371327,14,0.148148148,1.111111111,N2 O4,de-protonated,0,-9999,C27 H30 O4 N2,27,30,4,2,-9999,-9999,-9999,-9999,-9999,-9999
2612,445.230767,445.230575582,445.230190913,10180281,-9999,234495.2,66.26,-1,0.863977484,0.875461195,0.908965855,0.888863059,13,0.068965517,1.206896552,P1 O2,de-protonated,0,-9999,C29 H35 O2 P1,29,35,2,-9999,1,-9999,-9999,-9999,-9999,-9999
2612,445.230767,445.230575582,445.230387618,10180281,-9999,234495.2,66.26,-1,0.422173273,0.969249357,0.977263744,0.972455112,5,0.421052632,1.789473684,N4 O8,de-protonated,0,-9999,C19 H34 O8 N4,19,34,8,4,-9999,-9999,-9999,-9999,-9999,-9999
2614,446.197538,446.197346297,446.197160239,1561887.4,-9999,266226.7,8.12,-1,0.416985391,0.96894278,0.925108453,0.951409049,14,0.107142857,1.107142857,13C1 P1 O3,de-protonated,1,2608,C27 H31 O3 P1 13C1,27,31,3,-9999,1,-9999,1,-9999,-9999,-9999
2614,446.197538,446.197346297,446.197296585,1561887.4,-9999,266226.7,8.12,-1,0.111412771,0.997750247,0,0.598650148,14,0.185185185,1.074074074,N1 O5,de-protonated,0,-9999,C27 H29 O5 N1,27,29,5,1,-9999,-9999,-9999,-9999,-9999,-9999
2614,446.197538,446.197346297,446.197356943,1561887.4,-9999,266226.7,8.12,-1,-0.023861174,0.999896697,0.994596776,0.997776728,6,0.5,1.666666667,13C1 N4 O9,de-protonated,1,2608,C17 H30 O9 N4 13C1,17,30,9,4,-9999,-9999,1,-9999,-9999,-9999
2615,446.234116,446.233924286,446.233545748,1764643.1,-9999,237369.8,9.49,-1,0.84829469,0.877594024,0.908965855,0.890142757,13,0.068965517,1.206896552,13C1 P1 O2,de-protonated,1,2612,C28 H35 O2 P1 13C1,28,35,2,-9999,1,-9999,1,-9999,-9999,-9999
2615,446.234116,446.233924286,446.233682094,1764643.1,-9999,237369.8,9.49,-1,0.542746855,0.94795325,0,0.56877195,13,0.142857143,1.178571429,N1 O4,de-protonated,0,-9999,C28 H33 O4 N1,28,33,4,1,-9999,-9999,-9999,-9999,-9999,-9999
2615,446.234116,446.233924286,446.233742453,1764643.1,-9999,237369.8,9.49,-1,0.407483882,0.970321029,0.977263744,0.973098115,5,0.421052632,1.789473684,13C1 N4 O8,de-protonated,1,2612,C18 H34 O8 N4 13C1,18,34,8,4,-9999,-9999,1,-9999,-9999,-9999
2619,447.057278,447.057086043,447.056899498,2777975,-9999,254082.3,16.32,-1,0.417272759,0.968900631,0,0.581340379,13,0.6,0.8,O12,de-protonated,0,-9999,C20 H16 O12,20,16,12,-9999,-9999,-9999,-9999,-9999,-9999,-9999
2619,447.057278,447.057086043,447.057388756,2777975,-9999,254082.3,16.32,-1,-0.67712265,0.920173232,0,0.552103939,17,0.173913043,0.739130435,N2 S1 P1 O4,de-protonated,0,-9999,C23 H17 O4 N2 P1 S1,23,17,4,2,1,1,-9999,-9999,-9999,-9999
2619,447.057278,447.057086043,447.056737307,2777975,-9999,254082.3,16.32,-1,0.780071,0.895463803,0,0.537278282,8,0.4,1.4,N4 S2 P1 O6,de-protonated,0,-9999,C15 H21 O6 N4 P1 S2,15,21,6,4,1,2,-9999,-9999,-9999,-9999
2620,447.067144,447.06695204,447.067284734,3276664,-9999,248001.3,19.69,-1,-0.744170684,0.904399158,0,0.542639495,12,0.333333333,1,S1 P1 O7,de-protonated,0,-9999,C21 H21 O7 P1 S1,21,21,7,-9999,1,1,-9999,-9999,-9999,-9999
2620,447.067144,447.06695204,447.066633286,3276664,-9999,248001.3,19.69,-1,0.712990613,0.911885852,0,0.547131511,3,0.692307692,1.923076923,N2 S2 P1 O9,de-protonated,0,-9999,C13 H25 O9 N2 P1 S2,13,25,9,2,1,2,-9999,-9999,-9999,-9999
2621,447.134699,447.13450702,447.134379231,55719808,-9999,230331.5,373.47,-1,0.285796112,0.490630225,0.943732846,0.671871273,11,0.3,1.2,N4 S1 O6,de-protonated,0,-9999,C20 H24 O6 N4 S1,20,24,6,4,-9999,1,-9999,-9999,-9999,-9999
2622,447.14818,447.147988016,447.148297962,2837888.3,-9999,223736.7,16.73,-1,-0.693160378,0.916511295,0,0.549906777,10,0.304347826,1.217391304,S1 O7,de-protonated,0,-9999,C23 H28 O7 S1,23,28,7,-9999,-9999,1,-9999,-9999,-9999,-9999
2622,447.14818,447.147988016,447.147917839,2837888.3,-9999,223736.7,16.73,-1,0.156943674,0.995540652,0,0.597324391,15,0.16,1,N2 P1 O4,de-protonated,0,-9999,C25 H25 O4 N2 P1,25,25,4,2,1,-9999,-9999,-9999,-9999,-9999
2622,447.14818,447.147988016,447.147646513,2837888.3,-9999,223736.7,16.73,-1,0.763736988,0.899570399,0,0.539742239,1,0.6,2.133333333,N2 S2 O9,de-protonated,0,-9999,C15 H32 O9 N2 S2,15,32,9,2,-9999,2,-9999,-9999,-9999,-9999
2623,447.173707,447.173515008,447.173069959,2452354.8,-9999,212294.2,14.13,-1,0.995250989,0.835496287,0,0.501297772,14,0.148148148,1.074074074,P1 O4,de-protonated,0,-9999,C27 H29 O4 P1,27,29,4,-9999,1,-9999,-9999,-9999,-9999,-9999
2623,447.173707,447.173515008,447.173266664,2452354.8,-9999,212294.2,14.13,-1,0.555366272,0.945572679,0,0.567343607,6,0.588235294,1.647058824,N4 O10,de-protonated,0,-9999,C17 H28 O10 N4,17,28,10,4,-9999,-9999,-9999,-9999,-9999,-9999
2624,447.179688,447.179496007,447.179812566,1722243.4,-9999,277557.5,9.2,-1,-0.707900842,0.91308325,0,0.54784995,4,0.19047619,1.761904762,S2 P1 O4,de-protonated,0,-9999,C21 H37 O4 P1 S2,21,37,4,-9999,1,2,-9999,-9999,-9999,-9999
2625,447.188941,447.188749004,447.1883261,2386308.3,-9999,254544.5,13.68,-1,0.94569475,0.850206042,0,0.510123625,18,0.032258065,0.935483871,P1 O1,de-protonated,0,-9999,C31 H29 O1 P1,31,29,1,-9999,1,-9999,-9999,-9999,-9999,-9999
2625,447.188941,447.188749004,447.188522805,2386308.3,-9999,254544.5,13.68,-1,0.505825062,0.95463589,0,0.572781534,10,0.333333333,1.333333333,N4 O7,de-protonated,0,-9999,C21 H28 O7 N4,21,28,7,4,-9999,-9999,-9999,-9999,-9999,-9999
2626,447.210029,447.209836998,447.209455468,3330950.3,-9999,255270.4,20.05,-1,0.853133495,0.876284014,0,0.525770408,13,0.107142857,1.178571429,P1 O3,de-protonated,0,-9999,C28 H33 O3 P1,28,33,3,-9999,1,-9999,-9999,-9999,-9999,-9999
2626,447.210029,447.209836998,447.209652173,3330950.3,-9999,255270.4,20.05,-1,0.41328463,0.96948314,0,0.581689884,5,0.5,1.777777778,N4 O9,de-protonated,0,-9999,C18 H32 O9 N4,18,32,9,4,-9999,-9999,-9999,-9999,-9999,-9999
2627,447.215852,447.215659996,447.215328695,2386311,-9999,254706.2,13.68,-1,0.74080841,0.905218876,0,0.543131325,4,0.380952381,1.761904762,P1 O8,de-protonated,0,-9999,C21 H37 O8 P1,21,37,8,-9999,1,-9999,-9999,-9999,-9999,-9999
2628,448.138086,448.137893724,448.137673707,10969057,-9999,230354.8,71.58,-1,0.490958084,0.47860314,0.761234226,0.591655574,19,0.068965517,0.793103448,N1 S1 O2,de-protonated,0,-9999,C29 H23 O2 N1 S1,29,23,2,1,-9999,1,-9999,-9999,-9999,-9999
2628,448.138086,448.137893724,448.137806649,10969057,-9999,230354.8,71.58,-1,0.194304257,0.496586485,0.837042051,0.632768712,6,0.555555556,1.555555556,N1 P1 O10,de-protonated,0,-9999,C18 H28 O10 N1 P1,18,28,10,1,1,-9999,-9999,-9999,-9999,-9999
2628,448.138086,448.137893724,448.137734066,10969057,-9999,230354.8,71.58,-1,0.356269806,0.488616119,0.943732846,0.67066281,11,0.3,1.2,13C1 N4 S1 O6,de-protonated,1,2621,C19 H24 O6 N4 S1 13C1,19,24,6,4,-9999,1,1,-9999,-9999,-9999
2633,448.983528,448.983335474,448.98335789,3545137.5,-9999,237375.6,21.5,-1,-0.04992525,0.999547836,0,0.599728702,19,0.421052632,0.315789474,N4 S1 O8,de-protonated,0,-9999,C19 H6 O8 N4 S1,19,6,8,4,-9999,1,-9999,-9999,-9999,-9999
2634,449.036603,449.036410458,449.036164053,1938998.4,-9999,278552.1,10.66,-1,0.548742335,0.946828318,0,0.568096991,13,0.684210526,0.736842105,O13,de-protonated,0,-9999,C19 H14 O13,19,14,13,-9999,-9999,-9999,-9999,-9999,-9999,-9999
2634,449.036603,449.036410458,449.036653311,1938998.4,-9999,278552.1,10.66,-1,-0.54082934,0.948310705,0,0.568986423,17,0.227272727,0.681818182,N2 S1 P1 O5,de-protonated,0,-9999,C22 H15 O5 N2 P1 S1,22,15,5,2,1,1,-9999,-9999,-9999,-9999
2634,449.036603,449.036410458,449.036001862,1938998.4,-9999,278552.1,10.66,-1,0.909941478,0.860502867,0,0.51630172,8,0.5,1.357142857,N4 S2 P1 O7,de-protonated,0,-9999,C14 H19 O7 N4 P1 S2,14,19,7,4,1,2,-9999,-9999,-9999,-9999
2635,449.072882,449.072689448,449.072549563,3543097.8,-9999,226717.6,21.48,-1,0.311497757,0.982547961,0,0.589528777,12,0.6,0.9,O12,de-protonated,0,-9999,C20 H18 O12,20,18,12,-9999,-9999,-9999,-9999,-9999,-9999,-9999
2635,449.072882,449.072689448,449.07303882,3543097.8,-9999,226717.6,21.48,-1,-0.777985379,0.895991943,0,0.537595166,16,0.173913043,0.826086957,N2 S1 P1 O4,de-protonated,0,-9999,C23 H19 O4 N2 P1 S1,23,19,4,2,1,1,-9999,-9999,-9999,-9999
2635,449.072882,449.072689448,449.072387371,3543097.8,-9999,226717.6,21.48,-1,0.672667548,0.921177812,0,0.552706687,7,0.4,1.533333333,N4 S2 P1 O6,de-protonated,0,-9999,C15 H23 O6 N4 P1 S2,15,23,6,4,1,2,-9999,-9999,-9999,-9999
2636,449.109295,449.109102437,449.108935072,3208765,-9999,211431.4,19.23,-1,0.372660122,0.97511605,0,0.58506963,11,0.523809524,1.047619048,O11,de-protonated,0,-9999,C21 H22 O11,21,22,11,-9999,-9999,-9999,-9999,-9999,-9999,-9999
2636,449.109295,449.109102437,449.109424329,3208765,-9999,211431.4,19.23,-1,-0.716734813,0.911000543,0,0.546600326,15,0.125,0.958333333,N2 S1 P1 O3,de-protonated,0,-9999,C24 H23 O3 N2 P1 S1,24,23,3,2,1,1,-9999,-9999,-9999,-9999
2636,449.109295,449.109102437,449.108772881,3208765,-9999,211431.4,19.23,-1,0.733800675,0.906917781,0,0.544150669,6,0.3125,1.6875,N4 S2 P1 O5,de-protonated,0,-9999,C16 H27 O5 N4 P1 S2,16,27,5,4,1,2,-9999,-9999,-9999,-9999
2637,449.145703,449.145510426,449.145320581,2307648.5,-9999,258364.2,13.15,-1,0.422680328,0.968102432,0,0.580861459,10,0.454545455,1.181818182,O10,de-protonated,0,-9999,C22 H26 O10,22,26,10,-9999,-9999,-9999,-9999,-9999,-9999,-9999
2637,449.145703,449.145510426,449.145809839,2307648.5,-9999,258364.2,13.15,-1,-0.66662641,0.922531164,0,0.553518698,14,0.08,1.08,N2 S1 P1 O2,de-protonated,0,-9999,C25 H27 O2 N2 P1 S1,25,27,2,2,1,1,-9999,-9999,-9999,-9999
2637,449.145703,449.145510426,449.14515839,2307648.5,-9999,258364.2,13.15,-1,0.783791642,0.894518896,0,0.536711338,5,0.235294118,1.823529412,N4 S2 P1 O4,de-protonated,0,-9999,C17 H31 O4 N4 P1 S2,17,31,4,4,1,2,-9999,-9999,-9999,-9999
2638,449.150362,449.150169425,449.150029295,11356225,-9999,235014.2,74.19,-1,0.31198857,0.987389496,0.990707107,0.988716541,10,0.3,1.3,N4 S1 O6,de-protonated,0,-9999,C20 H26 O6 N4 S1,20,26,6,4,-9999,1,-9999,-9999,-9999,-9999
2639,449.174025,449.173832418,449.173463882,14452803,-9999,227734.8,95.08,-1,0.820475158,0.87283297,0.990023109,0.919709026,9,0.304347826,1.347826087,P1 O7,de-protonated,0,-9999,C23 H31 O7 P1,23,31,7,-9999,1,-9999,-9999,-9999,-9999,-9999
2640,449.19505,449.194857412,449.194460309,3059781,-9999,222585.8,18.22,-1,0.884033901,0.867790424,0,0.520674254,17,0.032258065,0.967741935,S1 O1,de-protonated,0,-9999,C31 H30 O1 S1,31,30,1,-9999,-9999,1,-9999,-9999,-9999,-9999
2640,449.19505,449.194857412,449.19459325,3059781,-9999,222585.8,18.22,-1,0.588077874,0.939176912,0,0.563506147,4,0.45,1.75,P1 O9,de-protonated,0,-9999,C20 H35 O9 P1,20,35,9,-9999,1,-9999,-9999,-9999,-9999,-9999
2641,449.204563,449.204370409,449.203976165,3387462,-9999,255956.4,20.43,-1,0.877650452,0.434781481,0.748902347,0.560429827,17,0.032258065,1,P1 O1,de-protonated,0,-9999,C31 H31 O1 P1,31,31,1,-9999,1,-9999,-9999,-9999,-9999,-9999
2641,449.204563,449.204370409,449.204172869,3387462,-9999,255956.4,20.43,-1,0.439754558,0.965519205,0,0.579311523,9,0.333333333,1.428571429,N4 O7,de-protonated,0,-9999,C21 H30 O7 N4,21,30,7,4,-9999,-9999,-9999,-9999,-9999,-9999
2642,449.216229,449.216036405,449.215589677,2572359,-9999,225021.3,14.93,-1,0.994464191,0.835733651,0,0.50144019,12,0.107142857,1.214285714,S1 O3,de-protonated,0,-9999,C28 H34 O3 S1,28,34,3,-9999,-9999,1,-9999,-9999,-9999,-9999
2644,450.15367,450.153477129,450.153323771,2614428.3,-9999,263766.8,15.22,-1,0.340677803,0.979161014,0,0.587496608,18,0.068965517,0.862068966,N1 S1 O2,de-protonated,0,-9999,C29 H25 O2 N1 S1,29,25,2,1,-9999,1,-9999,-9999,-9999,-9999
2644,450.15367,450.153477129,450.153456713,2614428.3,-9999,263766.8,15.22,-1,0.045352346,0.99962686,0,0.599776116,5,0.555555556,1.666666667,N1 P1 O10,de-protonated,0,-9999,C18 H30 O10 N1 P1,18,30,10,1,1,-9999,-9999,-9999,-9999,-9999
2644,450.15367,450.153477129,450.15338413,2614428.3,-9999,263766.8,15.22,-1,0.206592638,0.992285586,0.990707107,0.991654195,10,0.3,1.3,13C1 N4 S1 O6,de-protonated,1,2638,C19 H26 O6 N4 S1 13C1,19,26,6,4,-9999,1,1,-9999,-9999,-9999
2645,450.177421,450.177228122,450.176818717,3373214.5,-9999,244880.5,20.34,-1,0.909430085,0.860648151,0.990023109,0.912398134,9,0.304347826,1.347826087,13C1 P1 O7,de-protonated,1,2639,C22 H31 O7 P1 13C1,22,31,7,-9999,1,-9999,1,-9999,-9999,-9999
2645,450.177421,450.177228122,450.176955063,3373214.5,-9999,244880.5,20.34,-1,0.606558642,0.935422107,0,0.561253264,9,0.409090909,1.318181818,N1 O9,de-protonated,0,-9999,C22 H29 O9 N1,22,29,9,1,-9999,-9999,-9999,-9999,-9999,-9999
2645,450.177421,450.177228122,450.17744432,3373214.5,-9999,244880.5,20.34,-1,-0.480252021,0.959013921,0,0.575408352,13,0.04,1.2,N3 S1 P1 O1,de-protonated,0,-9999,C25 H30 O1 N3 P1 S1,25,30,1,3,1,1,-9999,-9999,-9999,-9999
2647,450.980423,450.98022988500003,450.979912479,1706213.1,-9999,292134.8,9.09,-1,0.703813174,0.914039814,0,0.548423889,13,0.555555556,0.666666667,S2 O10,de-protonated,0,-9999,C18 H12 O10 S2,18,12,10,-9999,-9999,2,-9999,-9999,-9999,-9999
2648,451.015629,451.015435874,451.015428608,1604328.3,-9999,234295,8.4,-1,0.016109712,0.99995291100000006,0,0.599971747,13,0.777777778,0.666666667,O14,de-protonated,0,-9999,C18 H12 O14,18,12,14,-9999,-9999,-9999,-9999,-9999,-9999,-9999
2648,451.015629,451.015435874,451.015266417,1604328.3,-9999,234295,8.4,-1,0.375723554,0.974710493,0,0.584826296,8,0.615384615,1.307692308,N4 S2 P1 O8,de-protonated,0,-9999,C13 H17 O8 N4 P1 S2,13,17,8,4,1,2,-9999,-9999,-9999,-9999
2649,451.05217,451.051976863,451.051814118,3841259.3,-9999,247421.6,23.49,-1,0.360813514,0.976654669,0,0.585992802,12,0.684210526,0.842105263,O13,de-protonated,0,-9999,C19 H16 O13,19,16,13,-9999,-9999,-9999,-9999,-9999,-9999,-9999
2649,451.05217,451.051976863,451.052303375,3841259.3,-9999,247421.6,23.49,-1,-0.72388891,0.909298495,0,0.545579097,16,0.227272727,0.772727273,N2 S1 P1 O5,de-protonated,0,-9999,C22 H17 O5 N2 P1 S1,22,17,5,2,1,1,-9999,-9999,-9999,-9999
2649,451.05217,451.051976863,451.051651926,3841259.3,-9999,247421.6,23.49,-1,0.72039847,0.910130628,0,0.546078377,7,0.5,1.5,N4 S2 P1 O7,de-protonated,0,-9999,C14 H21 O7 N4 P1 S2,14,21,7,4,1,2,-9999,-9999,-9999,-9999
2650,451.088707,451.088513853,451.088199627,4430062.5,-9999,246454.2,27.47,-1,0.696594264,0.915718013,0,0.549430808,11,0.6,1,O12,de-protonated,0,-9999,C20 H20 O12,20,20,12,-9999,-9999,-9999,-9999,-9999,-9999,-9999
2650,451.088707,451.088513853,451.088688884,4430062.5,-9999,246454.2,27.47,-1,-0.38802103,0.486525408,0.800793265,0.612232551,15,0.173913043,0.913043478,N2 S1 P1 O4,de-protonated,0,-9999,C23 H21 O4 N2 P1 S1,23,21,4,2,1,1,-9999,-9999,-9999,-9999
2651,451.124947,451.124753842,451.124585136,3770609.8,-9999,224146.3,23.02,-1,0.373966323,0.974943512,0,0.584966107,10,0.523809524,1.142857143,O11,de-protonated,0,-9999,C21 H24 O11,21,24,11,-9999,-9999,-9999,-9999,-9999,-9999,-9999
2651,451.124947,451.124753842,451.125074394,3770609.8,-9999,224146.3,23.02,-1,-0.710561141,0.912458274,0,0.547474964,14,0.125,1.041666667,N2 S1 P1 O3,de-protonated,0,-9999,C24 H25 O3 N2 P1 S1,24,25,3,2,1,1,-9999,-9999,-9999,-9999
2651,451.124947,451.124753842,451.124422945,3770609.8,-9999,224146.3,23.02,-1,0.733493279,0.906992007,0,0.544195204,5,0.3125,1.8125,N4 S2 P1 O5,de-protonated,0,-9999,C16 H29 O5 N4 P1 S2,16,29,5,4,1,2,-9999,-9999,-9999,-9999
2652,451.161479,451.161285831,451.160970646,1835252.9,-9999,230529.8,9.96,-1,0.698609336,0.915250995,0,0.549150597,9,0.454545455,1.272727273,O10,de-protonated,0,-9999,C22 H28 O10,22,28,10,-9999,-9999,-9999,-9999,-9999,-9999,-9999
2652,451.161479,451.161285831,451.161459903,1835252.9,-9999,230529.8,9.96,-1,-0.385831015,0.973350084,0,0.584010051,13,0.08,1.16,N2 S1 P1 O2,de-protonated,0,-9999,C25 H29 O2 N2 P1 S1,25,29,2,2,1,1,-9999,-9999,-9999,-9999
2654,451.174243,451.174049827,451.173724864,1400310,-9999,219460.8,7.03,-1,0.720262816,0.910162903,0,0.546097742,17,0.066666667,0.933333333,S1 O2,de-protonated,0,-9999,C30 H28 O2 S1,30,28,2,-9999,-9999,1,-9999,-9999,-9999,-9999
2654,451.174243,451.174049827,451.173857805,1400310,-9999,219460.8,7.03,-1,0.425605172,0.967666697,0,0.580600018,4,0.526315789,1.736842105,P1 O10,de-protonated,0,-9999,C19 H33 O10 P1,19,33,10,-9999,1,-9999,-9999,-9999,-9999,-9999
2655,451.183883,451.183689824,451.18324072,2885878.8,-9999,257131.1,17.05,-1,0.995392826,0.835453484,0,0.501272091,17,0.066666667,0.966666667,P1 O2,de-protonated,0,-9999,C30 H29 O2 P1,30,29,2,-9999,1,-9999,-9999,-9999,-9999,-9999
2655,451.183883,451.183689824,451.183437424,2885878.8,-9999,257131.1,17.05,-1,0.559417856,0.944798063,0,0.566878838,9,0.4,1.4,N4 O8,de-protonated,0,-9999,C20 H28 O8 N4,20,28,8,4,-9999,-9999,-9999,-9999,-9999,-9999
2656,451.210732,451.210538817,451.210110373,2486009,-9999,248547.3,14.35,-1,0.949543293,0.849081564,0,0.509448939,16,0.032258065,1.032258065,S1 O1,de-protonated,0,-9999,C31 H32 O1 S1,31,32,1,-9999,-9999,1,-9999,-9999,-9999,-9999
2656,451.210732,451.210538817,451.210243315,2486009,-9999,248547.3,14.35,-1,0.654909343,0.925126795,0,0.555076077,3,0.45,1.85,P1 O9,de-protonated,0,-9999,C20 H37 O9 P1,20,37,9,-9999,1,-9999,-9999,-9999,-9999,-9999
2659,453.031495,453.031301279,453.031078673,2602385.5,-9999,222570.8,15.14,-1,0.491370433,0.95713593,0,0.574281558,12,0.777777778,0.777777778,O14,de-protonated,0,-9999,C18 H14 O14,18,14,14,-9999,-9999,-9999,-9999,-9999,-9999,-9999
2659,453.031495,453.031301279,453.03156793,2602385.5,-9999,222570.8,15.14,-1,-0.588593139,0.939073597,0,0.563444158,16,0.285714286,0.714285714,N2 S1 P1 O6,de-protonated,0,-9999,C21 H15 O6 N2 P1 S1,21,15,6,2,1,1,-9999,-9999,-9999,-9999
2659,453.031495,453.031301279,453.030916482,2602385.5,-9999,222570.8,15.14,-1,0.849384431,0.877299478,0,0.526379687,7,0.615384615,1.461538462,N4 S2 P1 O8,de-protonated,0,-9999,C13 H19 O8 N4 P1 S2,13,19,8,4,1,2,-9999,-9999,-9999,-9999
2660,453.067902,453.067708268,453.067464182,4525460.5,-9999,241480,28.11,-1,0.53874091,0.948698734,0,0.56921924,11,0.684210526,0.947368421,O13,de-protonated,0,-9999,C19 H18 O13,19,18,13,-9999,-9999,-9999,-9999,-9999,-9999,-9999
2660,453.067902,453.067708268,453.06795344,4525460.5,-9999,241480,28.11,-1,-0.541135982,0.474126809,0.807789663,0.60759195,15,0.227272727,0.863636364,N2 S1 P1 O5,de-protonated,0,-9999,C22 H19 O5 N2 P1 S1,22,19,5,2,1,1,-9999,-9999,-9999,-9999
2660,453.067902,453.067708268,453.067301991,4525460.5,-9999,241480,28.11,-1,0.896726173,0.864238831,0,0.518543298,6,0.5,1.642857143,N4 S2 P1 O7,de-protonated,0,-9999,C14 H23 O7 N4 P1 S2,14,23,7,4,1,2,-9999,-9999,-9999,-9999
2661,453.104114,453.103920258,453.103849692,4674967.5,-9999,237557.4,29.12,-1,0.15573899,0.995608699,0,0.597365219,10,0.6,1.1,O12,de-protonated,0,-9999,C20 H22 O12,20,22,12,-9999,-9999,-9999,-9999,-9999,-9999,-9999
2661,453.104114,453.103920258,453.104338949,4674967.5,-9999,237557.4,29.12,-1,-0.924050771,0.42823604,0.800793265,0.57725893,14,0.173913043,1,N2 S1 P1 O4,de-protonated,0,-9999,C23 H23 O4 N2 P1 S1,23,23,4,2,1,1,-9999,-9999,-9999,-9999
2661,453.104114,453.103920258,453.1036875,4674967.5,-9999,237557.4,29.12,-1,0.513695369,0.953247015,0,0.571948209,5,0.4,1.8,N4 S2 P1 O6,de-protonated,0,-9999,C15 H27 O6 N4 P1 S2,15,27,6,4,1,2,-9999,-9999,-9999,-9999
2662,453.132569,453.132375249,453.131992992,2430873.8,-9999,218473.7,13.98,-1,0.843587918,0.878863004,0,0.527317802,9,0.428571429,1.285714286,P1 O9,de-protonated,0,-9999,C21 H27 O9 P1,21,27,9,-9999,1,-9999,-9999,-9999,-9999,-9999
2663,453.140594,453.140400247,453.140235201,2478490.3,-9999,270967.3,14.3,-1,0.364226795,0.976216208,0,0.585729725,9,0.523809524,1.238095238,O11,de-protonated,0,-9999,C21 H26 O11,21,26,11,-9999,-9999,-9999,-9999,-9999,-9999,-9999
2663,453.140594,453.140400247,453.140724458,2478490.3,-9999,270967.3,14.3,-1,-0.715476489,0.911298493,0,0.546779096,13,0.125,1.125,N2 S1 P1 O3,de-protonated,0,-9999,C24 H27 O3 N2 P1 S1,24,27,3,2,1,1,-9999,-9999,-9999,-9999
2663,453.140594,453.140400247,453.14007301,2478490.3,-9999,270967.3,14.3,-1,0.722154506,0.909712391,0,0.545827434,4,0.3125,1.9375,N4 S2 P1 O5,de-protonated,0,-9999,C16 H31 O5 N4 P1 S2,16,31,5,4,1,2,-9999,-9999,-9999,-9999
2664,453.160932,453.160738241,453.160851505,1811612,-9999,213268.5,9.8,-1,-0.249942155,0.988728707,0,0.593237224,22,0.064516129,0.709677419,N2 O2,de-protonated,0,-9999,C31 H22 O2 N2,31,22,2,2,-9999,-9999,-9999,-9999,-9999,-9999
2665,453.20523,453.205036228,453.204764011,2024351.5,-9999,256082.7,11.24,-1,0.600647969,0.936633991,0,0.561980395,7,0.304347826,1.52173913,P1 O7,de-protonated,0,-9999,C23 H35 O7 P1,23,35,7,-9999,1,-9999,-9999,-9999,-9999,-9999
2666,454.017543,454.017348988,454.017301046,1968608.5,-9999,227588.7,10.86,-1,0.105594308,0.997978864,0,0.598787318,16,0.3,0.65,N3 S2 O6,de-protonated,0,-9999,C20 H13 O6 N3 S2,20,13,6,3,-9999,2,-9999,-9999,-9999,-9999
2669,454.963439,454.963244709,454.963213587,1471530.1,-9999,207303.6,7.52,-1,0.068405187,0.999151313,0,0.599490788,17,0.45,0.45,S1 P1 O9,de-protonated,0,-9999,C20 H9 O9 P1 S1,20,9,9,-9999,1,1,-9999,-9999,-9999,-9999
2670,455.025769,455.02557469,455.025599369,1405998.9,-9999,262334.2,7.08,-1,-0.054236815,0.999466387,0,0.599679832,16,0.571428571,0.571428571,O12,de-protonated,0,-9999,C21 H12 O12,21,12,12,-9999,-9999,-9999,-9999,-9999,-9999,-9999
2670,455.025769,455.02557469,455.025437178,1405998.9,-9999,262334.2,7.08,-1,0.3022077,0.983564937,0,0.590138962,11,0.375,1.0625,N4 S2 P1 O6,de-protonated,0,-9999,C16 H17 O6 N4 P1 S2,16,17,6,4,1,2,-9999,-9999,-9999,-9999
2671,455.047065,455.046870684,455.046728737,2644016.5,-9999,242528,15.45,-1,0.311938322,0.982498995,0,0.589499397,11,0.777777778,0.888888889,O14,de-protonated,0,-9999,C18 H16 O14,18,16,14,-9999,-9999,-9999,-9999,-9999,-9999,-9999
2671,455.047065,455.046870684,455.047217995,2644016.5,-9999,242528,15.45,-1,-0.763241315,0.89969395,0,0.53981637,15,0.285714286,0.80952381,N2 S1 P1 O6,de-protonated,0,-9999,C21 H17 O6 N2 P1 S1,21,17,6,2,1,1,-9999,-9999,-9999,-9999
2671,455.047065,455.046870684,455.046566546,2644016.5,-9999,242528,15.45,-1,0.668366416,0.922142412,0,0.553285447,6,0.615384615,1.615384615,N4 S2 P1 O8,de-protonated,0,-9999,C13 H21 O8 N4 P1 S2,13,21,8,4,1,2,-9999,-9999,-9999,-9999
2672,455.08353,455.083335673,455.083114247,4682291.5,-9999,246396,29.22,-1,0.486562541,0.957952844,0,0.574771706,10,0.684210526,1.052631579,O13,de-protonated,0,-9999,C19 H20 O13,19,20,13,-9999,-9999,-9999,-9999,-9999,-9999,-9999
2672,455.08353,455.083335673,455.083603504,4682291.5,-9999,246396,29.22,-1,-0.588531319,0.469542998,0.807789663,0.604841664,14,0.227272727,0.954545455,N2 S1 P1 O5,de-protonated,0,-9999,C22 H21 O5 N2 P1 S1,22,21,5,2,1,1,-9999,-9999,-9999,-9999
2672,455.08353,455.083335673,455.082952055,4682291.5,-9999,246396,29.22,-1,0.8429622,0.879031308,0,0.527418785,5,0.5,1.785714286,N4 S2 P1 O7,de-protonated,0,-9999,C14 H25 O7 N4 P1 S2,14,25,7,4,1,2,-9999,-9999,-9999,-9999
2673,455.119831,455.119636662,455.119499756,3617334.3,-9999,239932.9,22.03,-1,0.300814025,0.983714935,0,0.590228961,9,0.6,1.2,O12,de-protonated,0,-9999,C20 H24 O12,20,24,12,-9999,-9999,-9999,-9999,-9999,-9999,-9999
2673,455.119831,455.119636662,455.119989013,3617334.3,-9999,239932.9,22.03,-1,-0.774193685,0.89694928,0,0.538169568,13,0.173913043,1.086956522,N2 S1 P1 O4,de-protonated,0,-9999,C23 H25 O4 N2 P1 S1,23,25,4,2,1,1,-9999,-9999,-9999,-9999
2673,455.119831,455.119636662,455.119337565,3617334.3,-9999,239932.9,22.03,-1,0.657185125,0.924625685,0,0.554775411,4,0.4,1.933333333,N4 S2 P1 O6,de-protonated,0,-9999,C15 H29 O6 N4 P1 S2,15,29,6,4,1,2,-9999,-9999,-9999,-9999
2674,455.15625,455.156055652,455.155885265,1630776.9,-9999,260634.7,8.6,-1,0.374346968,0.97489312400000006,0,0.584935875,8,0.523809524,1.333333333,O11,de-protonated,0,-9999,C21 H28 O11,21,28,11,-9999,-9999,-9999,-9999,-9999,-9999,-9999
2674,455.15625,455.156055652,455.156374523,1630776.9,-9999,260634.7,8.6,-1,-0.700574884,0.914794387,0,0.548876632,12,0.125,1.208333333,N2 S1 P1 O3,de-protonated,0,-9999,C24 H29 O3 N2 P1 S1,24,29,3,2,1,1,-9999,-9999,-9999,-9999
2674,455.15625,455.156055652,455.155723074,1630776.9,-9999,260634.7,8.6,-1,0.730689605,0.907667844,0,0.544600706,3,0.3125,2.0625,N4 S2 P1 O5,de-protonated,0,-9999,C16 H33 O5 N4 P1 S2,16,33,5,4,1,2,-9999,-9999,-9999,-9999
2675,455.1927,455.192505641,455.192270775,1596475.8,-9999,294663,8.37,-1,0.515971225,0.952841779,0,0.571705067,7,0.454545455,1.454545455,O10,de-protonated,0,-9999,C22 H32 O10,22,32,10,-9999,-9999,-9999,-9999,-9999,-9999,-9999
2675,455.1927,455.192505641,455.192760032,1596475.8,-9999,294663,8.37,-1,-0.558864856,0.944904084,0,0.56694245,11,0.08,1.32,N2 S1 P1 O2,de-protonated,0,-9999,C25 H33 O2 N2 P1 S1,25,33,2,2,1,1,-9999,-9999,-9999,-9999
2675,455.1927,455.192505641,455.192108583,1596475.8,-9999,294663,8.37,-1,0.872285429,0.871045543,0,0.522627326,2,0.235294118,2.176470588,N4 S2 P1 O4,de-protonated,0,-9999,C17 H37 O4 N4 P1 S2,17,37,4,4,1,2,-9999,-9999,-9999,-9999
2676,455.251527,455.251332623,455.250926358,5786176,-9999,248510.5,36.69,-1,0.892398634,0.432726913,0.748902347,0.559197086,14,0.032258065,1.193548387,P1 O1,de-protonated,0,-9999,C31 H37 O1 P1,31,37,1,-9999,1,-9999,-9999,-9999,-9999,-9999
2676,455.251527,455.251332623,455.251123063,5786176,-9999,248510.5,36.69,-1,0.46031916,0.481140949,0.81490939,0.614648325,6,0.333333333,1.714285714,N4 O7,de-protonated,0,-9999,C21 H36 O7 N4,21,36,7,4,-9999,-9999,-9999,-9999,-9999,-9999
2677,455.265468,455.265273619,455.265041793,1962049.3,-9999,267669.7,10.84,-1,0.509210915,0.954040768,0,0.572424461,5,0.333333333,1.666666667,O8,de-protonated,0,-9999,C24 H40 O8,24,40,8,-9999,-9999,-9999,-9999,-9999,-9999,-9999
2677,455.265468,455.265273619,455.264879602,1962049.3,-9999,267669.7,10.84,-1,0.865468162,0.872919933,0,0.52375196,0,0.105263158,2.368421053,N4 S2 P1 O2,de-protonated,0,-9999,C19 H45 O2 N4 P1 S2,19,45,2,4,1,2,-9999,-9999,-9999,-9999
2678,455.317022,455.316827604,455.316683444,1462853.1,-9999,312271.8,7.46,-1,0.316614946,0.981975099,0,0.58918506,8,0.137931034,1.517241379,O4,de-protonated,0,-9999,C29 H44 O4,29,44,4,-9999,-9999,-9999,-9999,-9999,-9999,-9999
2679,456.014881,456.014686398,456.014323666,1658489.9,-9999,240596.8,8.78,-1,0.795440084,0.891538099,0,0.534922859,16,0.473684211,0.578947368,N3 S1 O9,de-protonated,0,-9999,C19 H11 O9 N3 S1,19,11,9,3,-9999,1,-9999,-9999,-9999,-9999
2680,456.175811,456.175616351,456.175254786,2089605.9,-9999,197909.9,11.7,-1,0.792599188,0.892268208,0,0.535360925,3,0.625,2,N3 P1 O10,de-protonated,0,-9999,C16 H32 O10 N3 P1,16,32,10,3,1,-9999,-9999,-9999,-9999,-9999
2681,456.210405,456.21021034,456.209789821,3946120.5,-9999,239799.6,24.25,-1,0.921767467,0.428563649,0.761234226,0.56163188,15,0.068965517,1.103448276,N1 P1 O2,de-protonated,0,-9999,C29 H32 O2 N1 P1,29,32,2,1,1,-9999,-9999,-9999,-9999,-9999
2682,456.255189,456.254994327,456.25541986,1500811.9,-9999,216985.7,7.72,-1,-0.932664691,0.853990187,0,0.512394112,0,0.3,2.2,N1 S1 P1 O6,de-protonated,0,-9999,C20 H44 O6 N1 P1 S1,20,44,6,1,1,1,-9999,-9999,-9999,-9999
2684,457.041406,457.041211095,457.041249434,1433797.9,-9999,304887,7.26,-1,-0.083884602,0.998724028,0,0.599234417,15,0.571428571,0.666666667,O12,de-protonated,0,-9999,C21 H14 O12,21,14,12,-9999,-9999,-9999,-9999,-9999,-9999,-9999
2684,457.041406,457.041211095,457.041087242,1433797.9,-9999,304887,7.26,-1,0.270987905,0.986763796,0,0.592058277,10,0.375,1.1875,N4 S2 P1 O6,de-protonated,0,-9999,C16 H19 O6 N4 P1 S2,16,19,6,4,1,2,-9999,-9999,-9999,-9999
2685,457.062829,457.062634089,457.062378802,3217095.5,-9999,240872.5,19.32,-1,0.558538404,0.944966628,0,0.566979977,10,0.777777778,1,O14,de-protonated,0,-9999,C18 H18 O14,18,18,14,-9999,-9999,-9999,-9999,-9999,-9999,-9999
2685,457.062829,457.062634089,457.062868059,3217095.5,-9999,240872.5,19.32,-1,-0.511899948,0.953565563,0,0.572139338,14,0.285714286,0.904761905,N2 S1 P1 O6,de-protonated,0,-9999,C21 H19 O6 N2 P1 S1,21,19,6,2,1,1,-9999,-9999,-9999,-9999
2685,457.062829,457.062634089,457.06221661,3217095.5,-9999,240872.5,19.32,-1,0.913394733,0.859520319,0,0.515712192,5,0.615384615,1.769230769,N4 S2 P1 O8,de-protonated,0,-9999,C13 H23 O8 N4 P1 S2,13,23,8,4,1,2,-9999,-9999,-9999,-9999
2686,457.099036,457.098841078,457.098764311,3677898,-9999,241225.9,22.43,-1,0.167943686,0.994895298,0,0.596937179,9,0.684210526,1.157894737,O13,de-protonated,0,-9999,C19 H22 O13,19,22,13,-9999,-9999,-9999,-9999,-9999,-9999,-9999
2686,457.099036,457.098841078,457.099253568,3677898,-9999,241225.9,22.43,-1,-0.90240904,0.862637002,0,0.517582201,13,0.227272727,1.045454545,N2 S1 P1 O5,de-protonated,0,-9999,C22 H23 O5 N2 P1 S1,22,23,5,2,1,1,-9999,-9999,-9999,-9999
2686,457.099036,457.098841078,457.09860212,3677898,-9999,241225.9,22.43,-1,0.52277163,0.951621275,0,0.570972765,4,0.5,1.928571429,N4 S2 P1 O7,de-protonated,0,-9999,C14 H27 O7 N4 P1 S2,14,27,7,4,1,2,-9999,-9999,-9999,-9999
2687,457.135394,457.135199067,457.13514982,1939148.8,-9999,272170.1,10.68,-1,0.107729118,0.997896402,0,0.598737841,8,0.6,1.3,O12,de-protonated,0,-9999,C20 H26 O12,20,26,12,-9999,-9999,-9999,-9999,-9999,-9999,-9999
2687,457.135394,457.135199067,457.135639078,1939148.8,-9999,272170.1,10.68,-1,-0.96253835,0.845262041,0,0.507157224,12,0.173913043,1.173913043,N2 S1 P1 O4,de-protonated,0,-9999,C23 H27 O4 N2 P1 S1,23,27,4,2,1,1,-9999,-9999,-9999,-9999
2687,457.135394,457.135199067,457.134987629,1939148.8,-9999,272170.1,10.68,-1,0.462528798,0.961925916,0,0.57715555,3,0.4,2.066666667,N4 S2 P1 O6,de-protonated,0,-9999,C15 H31 O6 N4 P1 S2,15,31,6,4,1,2,-9999,-9999,-9999,-9999
2688,457.163597,457.163402059,457.16316018,1558478.8,-9999,192707.4,8.11,-1,0.529087491,0.950474848,0,0.570284909,20,0.03125,0.8125,S1 O1,de-protonated,0,-9999,C32 H26 O1 S1,32,26,1,-9999,-9999,1,-9999,-9999,-9999,-9999
2688,457.163597,457.163402059,457.163293121,1558478.8,-9999,192707.4,8.11,-1,0.238290302,0.989749827,0,0.593849896,7,0.428571429,1.476190476,P1 O9,de-protonated,0,-9999,C21 H31 O9 P1,21,31,9,-9999,1,-9999,-9999,-9999,-9999,-9999
2689,457.194328,457.19413305,457.193805404,2692305,-9999,208616.4,15.77,-1,0.716645593,0.911021683,0,0.54661301,15,0.103448276,1.068965517,P1 O3,de-protonated,0,-9999,C29 H31 O3 P1,29,31,3,-9999,1,-9999,-9999,-9999,-9999,-9999
2689,457.194328,457.19413305,457.194002108,2692305,-9999,208616.4,15.77,-1,0.286402348,0.985226647,0,0.591135988,7,0.473684211,1.578947368,N4 O9,de-protonated,0,-9999,C19 H30 O9 N4,19,30,9,4,-9999,-9999,-9999,-9999,-9999,-9999
2690,457.230761,457.230566039,457.230190913,3223251.8,-9999,243208.8,19.36,-1,0.820430991,0.442514714,0.755017935,0.567516002,14,0.066666667,1.166666667,P1 O2,de-protonated,0,-9999,C30 H35 O2 P1,30,35,2,-9999,1,-9999,-9999,-9999,-9999,-9999
2690,457.230761,457.230566039,457.230387618,3223251.8,-9999,243208.8,19.36,-1,0.39022194,0.972748445,0,0.583649067,6,0.4,1.7,N4 O8,de-protonated,0,-9999,C20 H34 O8 N4,20,34,8,4,-9999,-9999,-9999,-9999,-9999,-9999
2691,457.267122,457.266927028,457.266576423,4749014.5,-9999,234916.2,29.67,-1,0.766742533,0.449409943,0.748902347,0.569206904,13,0.032258065,1.258064516,P1 O1,de-protonated,0,-9999,C31 H39 O1 P1,31,39,1,-9999,1,-9999,-9999,-9999,-9999,-9999
2691,457.267122,457.266927028,457.266773127,4749014.5,-9999,234916.2,29.67,-1,0.336567737,0.48982784,0.81490939,0.61986046,5,0.333333333,1.80952381,N4 O7,de-protonated,0,-9999,C21 H38 O7 N4,21,38,7,4,-9999,-9999,-9999,-9999,-9999,-9999
2692,458.156881,458.156685766,458.156888323,1534742.5,-9999,200969.9,7.95,-1,-0.44211408,0.965154736,0,0.579092842,12,0.363636364,1.136363636,N3 O8,de-protonated,0,-9999,C22 H25 O8 N3,22,25,8,3,-9999,-9999,-9999,-9999,-9999,-9999
2693,458.226009,458.225813745,458.225439885,6935323.5,-9999,236774.5,44.45,-1,0.815886103,0.443112251,0.761234226,0.570361041,14,0.068965517,1.172413793,N1 P1 O2,de-protonated,0,-9999,C29 H34 O2 N1 P1,29,34,2,1,1,-9999,-9999,-9999,-9999,-9999
2696,459.020664,459.020468511,459.020513989,1537875.8,-9999,247327.6,7.97,-1,-0.099076653,0.998220452,0,0.598932271,15,0.65,0.6,O13,de-protonated,0,-9999,C20 H12 O13,20,12,13,-9999,-9999,-9999,-9999,-9999,-9999,-9999
2696,459.020664,459.020468511,459.020351798,1537875.8,-9999,247327.6,7.97,-1,0.254265662,0.988337694,0,0.593002617,10,0.466666667,1.133333333,N4 S2 P1 O7,de-protonated,0,-9999,C15 H17 O7 N4 P1 S2,15,17,7,4,1,2,-9999,-9999,-9999,-9999
2697,459.057069,459.0568735,459.056899498,2026326.4,-9999,197279.1,11.27,-1,-0.056634189,0.999418185,0,0.599650911,14,0.571428571,0.761904762,O12,de-protonated,0,-9999,C21 H16 O12,21,16,12,-9999,-9999,-9999,-9999,-9999,-9999,-9999
2697,459.057069,459.0568735,459.056737307,2026326.4,-9999,197279.1,11.27,-1,0.296680135,0.984155909,0,0.590493545,9,0.375,1.3125,N4 S2 P1 O6,de-protonated,0,-9999,C16 H21 O6 N4 P1 S2,16,21,6,4,1,2,-9999,-9999,-9999,-9999
2698,459.078337,459.078141494,459.078028866,3103575.8,-9999,246337.4,18.55,-1,0.245333774,0.989138266,0,0.59348296,9,0.777777778,1.111111111,O14,de-protonated,0,-9999,C18 H20 O14,18,20,14,-9999,-9999,-9999,-9999,-9999,-9999,-9999
2698,459.078337,459.078141494,459.078518124,3103575.8,-9999,246337.4,18.55,-1,-0.820404331,0.885036453,0,0.531021872,13,0.285714286,1,N2 S1 P1 O6,de-protonated,0,-9999,C21 H21 O6 N2 P1 S1,21,21,6,2,1,1,-9999,-9999,-9999,-9999
2698,459.078337,459.078141494,459.077866675,3103575.8,-9999,246337.4,18.55,-1,0.598631943,0.937044985,0,0.562226991,4,0.615384615,1.923076923,N4 S2 P1 O8,de-protonated,0,-9999,C13 H25 O8 N4 P1 S2,13,25,8,4,1,2,-9999,-9999,-9999,-9999
2699,459.093604,459.093408489,459.093285008,1997656.9,-9999,245704.7,11.08,-1,0.268968316,0.986959064,0,0.592175438,13,0.5,0.909090909,O11,de-protonated,0,-9999,C22 H20 O11,22,20,11,-9999,-9999,-9999,-9999,-9999,-9999,-9999
2699,459.093604,459.093408489,459.093774265,1997656.9,-9999,245704.7,11.08,-1,-0.796734399,0.891204793,0,0.534722876,17,0.12,0.84,N2 S1 P1 O3,de-protonated,0,-9999,C25 H21 O3 N2 P1 S1,25,21,3,2,1,1,-9999,-9999,-9999,-9999
2699,459.093604,459.093408489,459.093122816,1997656.9,-9999,245704.7,11.08,-1,0.622254753,0.932154124,0,0.559292474,8,0.294117647,1.470588235,N4 S2 P1 O5,de-protonated,0,-9999,C17 H25 O5 N4 P1 S2,17,25,5,4,1,2,-9999,-9999,-9999,-9999
2700,459.114681,459.114485483,459.114414376,1854298.4,-9999,245802,10.11,-1,0.154879182,0.995656947,0,0.597394168,8,0.684210526,1.263157895,O13,de-protonated,0,-9999,C19 H24 O13,19,24,13,-9999,-9999,-9999,-9999,-9999,-9999,-9999
2700,459.114681,459.114485483,459.114903633,1854298.4,-9999,245802,10.11,-1,-0.910774366,0.860266125,0,0.516159675,12,0.227272727,1.136363636,N2 S1 P1 O5,de-protonated,0,-9999,C22 H25 O5 N2 P1 S1,22,25,5,2,1,1,-9999,-9999,-9999,-9999
2700,459.114681,459.114485483,459.114252184,1854298.4,-9999,245802,10.11,-1,0.50814932,0.954227749,0,0.57253665,3,0.5,2.071428571,N4 S2 P1 O7,de-protonated,0,-9999,C14 H29 O7 N4 P1 S2,14,29,7,4,1,2,-9999,-9999,-9999,-9999
2701,459.129763,459.129567478,459.129670517,1400923.5,-9999,190498.8,7.04,-1,-0.224421301,0.990902982,0,0.594541789,12,0.434782609,1.043478261,O10,de-protonated,0,-9999,C23 H24 O10,23,24,10,-9999,-9999,-9999,-9999,-9999,-9999,-9999
2701,459.129763,459.129567478,459.129508326,1400923.5,-9999,190498.8,7.04,-1,0.128836964,0.996992671,0,0.598195603,7,0.222222222,1.611111111,N4 S2 P1 O4,de-protonated,0,-9999,C18 H29 O4 N4 P1 S2,18,29,4,4,1,2,-9999,-9999,-9999,-9999
2702,459.163079,459.162883469,459.16317398,1648477.9,-9999,258404.4,8.71,-1,-0.632698159,0.929940036,0,0.557964022,20,0.033333333,0.833333333,N2 P1 O1,de-protonated,0,-9999,C30 H25 O1 N2 P1,30,25,1,2,1,-9999,-9999,-9999,-9999,-9999
2702,459.163079,459.162883469,459.162902654,1648477.9,-9999,258404.4,8.71,-1,-0.041783722,0.999683263,0,0.599809958,6,0.3,1.6,N2 S2 O6,de-protonated,0,-9999,C20 H32 O6 N2 S2,20,32,6,2,-9999,2,-9999,-9999,-9999,-9999
2702,459.163079,459.162883469,459.162522532,1648477.9,-9999,258404.4,8.71,-1,0.786076754,0.89393683,0,0.536362098,11,0.136363636,1.318181818,N4 S1 P1 O3,de-protonated,0,-9999,C22 H29 O3 N4 P1 S1,22,29,3,4,1,1,-9999,-9999,-9999,-9999
2703,459.17951,459.179314464,459.178943186,1640287,-9999,249027.8,8.66,-1,0.80856912,0.888137903,0,0.532882742,6,0.428571429,1.571428571,P1 O9,de-protonated,0,-9999,C21 H33 O9 P1,21,33,9,-9999,1,-9999,-9999,-9999,-9999,-9999
2704,459.210071,459.209875455,459.209455468,6808417,-9999,221381.2,43.59,-1,0.914585503,0.87202437,0.951412561,0.903779646,14,0.103448276,1.137931034,P1 O3,de-protonated,0,-9999,C29 H33 O3 P1,29,33,3,-9999,1,-9999,-9999,-9999,-9999,-9999
2704,459.210071,459.209875455,459.209652173,6808417,-9999,221381.2,43.59,-1,0.486230678,0.965143474,0.98028955,0.971201904,6,0.473684211,1.684210526,N4 O9,de-protonated,0,-9999,C19 H32 O9 N4,19,32,9,4,-9999,-9999,-9999,-9999,-9999,-9999
2705,459.215986,459.215790453,459.216198075,1510497.5,-9999,235076.9,7.78,-1,-0.887647425,0.866782952,0,0.520069771,4,0.130434783,1.782608696,S2 P1 O3,de-protonated,0,-9999,C23 H41 O3 P1 S2,23,41,3,-9999,1,2,-9999,-9999,-9999,-9999
2706,459.229503,459.229307449,459.228931066,1743202.5,-9999,257870.4,9.35,-1,0.819597303,0.885249022,0,0.531149413,14,0.142857143,1.142857143,N2 O4,de-protonated,0,-9999,C28 H32 O4 N2,28,32,4,2,-9999,-9999,-9999,-9999,-9999,-9999
2707,459.246384,459.246188444,459.245840978,8041315.5,-9999,224512.3,51.93,-1,0.75660182,0.903180738,0.960899668,0.92626831,13,0.066666667,1.233333333,P1 O2,de-protonated,0,-9999,C30 H37 O2 P1,30,37,2,-9999,1,-9999,-9999,-9999,-9999,-9999
2707,459.246384,459.246188444,459.246037682,8041315.5,-9999,224512.3,51.93,-1,0.328281001,0.981438598,0.971962528,0.97764817,5,0.4,1.8,N4 O8,de-protonated,0,-9999,C20 H36 O8 N4,20,36,8,4,-9999,-9999,-9999,-9999,-9999,-9999
2709,460.20524,460.205044161,460.204704441,5214118.5,-9999,231664.8,32.82,-1,0.738193852,0.452927123,0.767553728,0.578777765,14,0.107142857,1.142857143,N1 P1 O3,de-protonated,0,-9999,C28 H32 O3 N1 P1,28,32,3,1,1,-9999,-9999,-9999,-9999,-9999
2710,460.213384,460.213188158,460.212810303,1598887.1,-9999,255216.8,8.38,-1,0.821044092,0.884867829,0.951412561,0.911485722,14,0.103448276,1.137931034,13C1 P1 O3,de-protonated,1,2704,C28 H33 O3 P1 13C1,28,33,3,-9999,1,-9999,1,-9999,-9999,-9999
2710,460.213384,460.213188158,460.212946649,1598887.1,-9999,255216.8,8.38,-1,0.524777477,0.951258525,0,0.570755115,14,0.178571429,1.107142857,N1 O5,de-protonated,0,-9999,C28 H31 O5 N1,28,31,5,1,-9999,-9999,-9999,-9999,-9999,-9999
2710,460.213384,460.213188158,460.213007008,1598887.1,-9999,255216.8,8.38,-1,0.393623205,0.972277988,0.98028955,0.975482613,6,0.473684211,1.684210526,13C1 N4 O9,de-protonated,1,2704,C18 H32 O9 N4 13C1,18,32,9,4,-9999,-9999,1,-9999,-9999,-9999
2711,460.249733,460.249537148,460.24919581299997,2084777.6,-9999,259982,11.66,-1,0.741630686,0.905018681,0.960899668,0.927371076,13,0.066666667,1.233333333,13C1 P1 O2,de-protonated,1,2707,C29 H37 O2 P1 13C1,29,37,2,-9999,1,-9999,1,-9999,-9999,-9999
2711,460.249733,460.249537148,460.249332158,2084777.6,-9999,259982,11.66,-1,0.445387516,0.964646098,0,0.578787659,13,0.137931034,1.206896552,N1 O4,de-protonated,0,-9999,C29 H35 O4 N1,29,35,4,1,-9999,-9999,-9999,-9999,-9999,-9999
2711,460.249733,460.249537148,460.249392517,2084777.6,-9999,259982,11.66,-1,0.314243623,0.982241685,0.971962528,0.978130022,5,0.4,1.8,13C1 N4 O8,de-protonated,1,2707,C19 H36 O8 N4 13C1,19,36,8,4,-9999,-9999,1,-9999,-9999,-9999
2713,461.036762,461.036565915,461.036164053,1830879.9,-9999,222799.1,9.95,-1,0.871649764,0.871220768,0,0.522732461,14,0.65,0.7,O13,de-protonated,0,-9999,C20 H14 O13,20,14,13,-9999,-9999,-9999,-9999,-9999,-9999,-9999
2713,461.036762,461.036565915,461.036653311,1830879.9,-9999,222799.1,9.95,-1,-0.189562556,0.99350104,0,0.596100624,18,0.217391304,0.652173913,N2 S1 P1 O5,de-protonated,0,-9999,C23 H15 O5 N2 P1 S1,23,15,5,2,1,1,-9999,-9999,-9999,-9999
2714,461.072974,461.072777905,461.072549563,2449890.5,-9999,261623.5,14.13,-1,0.495240981,0.956472957,0,0.573883774,13,0.571428571,0.857142857,O12,de-protonated,0,-9999,C21 H18 O12,21,18,12,-9999,-9999,-9999,-9999,-9999,-9999,-9999
2714,461.072974,461.072777905,461.07303882,2449890.5,-9999,261623.5,14.13,-1,-0.565887194,0.943550862,0,0.56613051700000006,17,0.166666667,0.791666667,N2 S1 P1 O4,de-protonated,0,-9999,C24 H19 O4 N2 P1 S1,24,19,4,2,1,1,-9999,-9999,-9999,-9999
2714,461.072974,461.072777905,461.072387371,2449890.5,-9999,261623.5,14.13,-1,0.84701093,0.877940654,0,0.526764392,8,0.375,1.4375,N4 S2 P1 O6,de-protonated,0,-9999,C16 H23 O6 N4 P1 S2,16,23,6,4,1,2,-9999,-9999,-9999,-9999
2715,461.109562,461.109365894,461.109804452,1997284.9,-9999,205768.8,11.07,-1,-0.951092336,0.848628093,0,0.509176856,11,0.260869565,1.130434783,S2 O6,de-protonated,0,-9999,C23 H26 O6 S2,23,26,6,-9999,-9999,2,-9999,-9999,-9999,-9999
2715,461.109562,461.109365894,461.108935072,1997284.9,-9999,205768.8,11.07,-1,0.934316896,0.85351234,0,0.512107404,12,0.5,1,O11,de-protonated,0,-9999,C22 H22 O11,22,22,11,-9999,-9999,-9999,-9999,-9999,-9999,-9999
2715,461.109562,461.109365894,461.109424329,1997284.9,-9999,205768.8,11.07,-1,-0.126728013,0.997090178,0,0.598254107,16,0.12,0.92,N2 S1 P1 O3,de-protonated,0,-9999,C25 H23 O3 N2 P1 S1,25,23,3,2,1,1,-9999,-9999,-9999,-9999
2716,461.145618,461.145421883,461.145320581,1837543.4,-9999,243136.5,9.99,-1,0.219674512,0.991282074,0,0.594769244,11,0.434782609,1.130434783,O10,de-protonated,0,-9999,C23 H26 O10,23,26,10,-9999,-9999,-9999,-9999,-9999,-9999,-9999
2716,461.145618,461.145421883,461.145809839,1837543.4,-9999,243136.5,9.99,-1,-0.841285919,0.879481733,0,0.52768904,15,0.076923077,1.038461538,N2 S1 P1 O2,de-protonated,0,-9999,C26 H27 O2 N2 P1 S1,26,27,2,2,1,1,-9999,-9999,-9999,-9999
2716,461.145618,461.145421883,461.14515839,1837543.4,-9999,243136.5,9.99,-1,0.571388854,0.94248025,0,0.56548815,6,0.222222222,1.722222222,N4 S2 P1 O4,de-protonated,0,-9999,C18 H31 O4 N4 P1 S2,18,31,4,4,1,2,-9999,-9999,-9999,-9999
2717,461.189296,461.18909987,461.188720024,3802090.5,-9999,233814.3,23.27,-1,0.823625581,0.442093205,0.767553728,0.572277414,14,0.142857143,1.107142857,P1 O4,de-protonated,0,-9999,C28 H31 O4 P1,28,31,4,-9999,1,-9999,-9999,-9999,-9999,-9999
2717,461.189296,461.18909987,461.188916728,3802090.5,-9999,233814.3,23.27,-1,0.397109147,0.971791821,0,0.583075093,6,0.555555556,1.666666667,N4 O10,de-protonated,0,-9999,C18 H30 O10 N4,18,30,10,4,-9999,-9999,-9999,-9999,-9999,-9999
2718,461.195047,461.194850869,461.194460309,1592298.8,-9999,250371.1,8.33,-1,0.846844711,0.877985506,0,0.526791304,18,0.03125,0.9375,S1 O1,de-protonated,0,-9999,C32 H30 O1 S1,32,30,1,-9999,-9999,1,-9999,-9999,-9999,-9999
2718,461.195047,461.194850869,461.19459325,1592298.8,-9999,250371.1,8.33,-1,0.558589288,0.944956881,0,0.566974129,5,0.428571429,1.666666667,P1 O9,de-protonated,0,-9999,C21 H35 O9 P1,21,35,9,-9999,1,-9999,-9999,-9999,-9999,-9999
2719,461.225886,461.22568986,461.225302237,1501676.9,-9999,247357.8,7.72,-1,0.840418299,0.879714605,0,0.527828763,5,0.473684211,1.789473684,N4 O9,de-protonated,0,-9999,C19 H34 O9 N4,19,34,9,4,-9999,-9999,-9999,-9999,-9999,-9999
2723,463.052286,463.05208932,463.051814118,2835561.3,-9999,229902.1,16.74,-1,0.594323366,0.937919314,0,0.562751588,13,0.65,0.8,O13,de-protonated,0,-9999,C20 H16 O13,20,16,13,-9999,-9999,-9999,-9999,-9999,-9999,-9999
2723,463.052286,463.05208932,463.052303375,2835561.3,-9999,229902.1,16.74,-1,-0.462269242,0.961967813,0,0.577180688,17,0.217391304,0.739130435,N2 S1 P1 O5,de-protonated,0,-9999,C23 H17 O5 N2 P1 S1,23,17,5,2,1,1,-9999,-9999,-9999,-9999
2723,463.052286,463.05208932,463.051651926,2835561.3,-9999,229902.1,16.74,-1,0.944589747,0.850528335,0,0.510317001,8,0.466666667,1.4,N4 S2 P1 O7,de-protonated,0,-9999,C15 H21 O7 N4 P1 S2,15,21,7,4,1,2,-9999,-9999,-9999,-9999
2724,463.088625,463.08842831,463.088199627,3267691.8,-9999,240426.6,19.66,-1,0.493820473,0.956716822,0,0.574030093,12,0.571428571,0.952380952,O12,de-protonated,0,-9999,C21 H20 O12,21,20,12,-9999,-9999,-9999,-9999,-9999,-9999,-9999
2724,463.088625,463.08842831,463.088688884,3267691.8,-9999,240426.6,19.66,-1,-0.562689011,0.944169015,0,0.566501409,16,0.166666667,0.875,N2 S1 P1 O4,de-protonated,0,-9999,C24 H21 O4 N2 P1 S1,24,21,4,2,1,1,-9999,-9999,-9999,-9999
2724,463.088625,463.08842831,463.088037436,3267691.8,-9999,240426.6,19.66,-1,0.844059298,0.878736153,0,0.527241692,7,0.375,1.5625,N4 S2 P1 O6,de-protonated,0,-9999,C16 H25 O6 N4 P1 S2,16,25,6,4,1,2,-9999,-9999,-9999,-9999
2725,463.125036,463.124839299,463.124585136,2555502.3,-9999,235756.2,14.84,-1,0.548799052,0.946817623,0,0.568090574,11,0.5,1.090909091,O11,de-protonated,0,-9999,C22 H24 O11,22,24,11,-9999,-9999,-9999,-9999,-9999,-9999,-9999
2725,463.125036,463.124839299,463.125074394,2555502.3,-9999,235756.2,14.84,-1,-0.507627485,0.954319531,0,0.572591719,15,0.12,1,N2 S1 P1 O3,de-protonated,0,-9999,C25 H25 O3 N2 P1 S1,25,25,3,2,1,1,-9999,-9999,-9999,-9999
2725,463.125036,463.124839299,463.124422945,2555502.3,-9999,235756.2,14.84,-1,0.89901038,0.863595841,0,0.518157505,6,0.294117647,1.705882353,N4 S2 P1 O5,de-protonated,0,-9999,C17 H29 O5 N4 P1 S2,17,29,5,4,1,2,-9999,-9999,-9999,-9999
2726,463.210807,463.210610273,463.210243315,1968244.1,-9999,285357.5,10.87,-1,0.792207738,0.892368653,0,0.535421192,4,0.428571429,1.761904762,P1 O9,de-protonated,0,-9999,C21 H37 O9 P1,21,37,9,-9999,1,-9999,-9999,-9999,-9999,-9999
2727,463.22023,463.220033271,463.219626229,2940020.8,-9999,243584.7,17.44,-1,0.878722346,0.869265966,0,0.52155958,17,0.03125,1.03125,P1 O1,de-protonated,0,-9999,C32 H33 O1 P1,32,33,1,-9999,1,-9999,-9999,-9999,-9999,-9999
2727,463.22023,463.220033271,463.219822934,2940020.8,-9999,243584.7,17.44,-1,0.454075876,0.963279202,0,0.577967521,9,0.318181818,1.454545455,N4 O7,de-protonated,0,-9999,C22 H32 O7 N4,22,32,7,4,-9999,-9999,-9999,-9999,-9999,-9999
2728,464.157373,464.157175994,464.157088998,1509300.3,-9999,224993.7,7.77,-1,0.187428166,0.993646103,0,0.596187662,9,0.217391304,1.347826087,N1 S2 O5,de-protonated,0,-9999,C23 H31 O5 N1 S2,23,31,5,1,-9999,2,-9999,-9999,-9999,-9999
2730,465.031268,465.031070736,465.031078673,1458159.5,-9999,239001.6,7.43,-1,-0.017067459,0.999947146,0,0.599968287,13,0.736842105,0.736842105,O14,de-protonated,0,-9999,C19 H14 O14,19,14,14,-9999,-9999,-9999,-9999,-9999,-9999,-9999
2730,465.031268,465.031070736,465.030916482,1458159.5,-9999,239001.6,7.43,-1,0.331707906,0.980233154,0,0.588139892,8,0.571428571,1.357142857,N4 S2 P1 O8,de-protonated,0,-9999,C14 H19 O8 N4 P1 S2,14,19,8,4,1,2,-9999,-9999,-9999,-9999
2731,465.067853,465.067655725,465.067464182,3874034,-9999,232226,23.76,-1,0.411860567,0.969689868,0,0.581813921,12,0.65,0.9,O13,de-protonated,0,-9999,C20 H18 O13,20,18,13,-9999,-9999,-9999,-9999,-9999,-9999,-9999
2731,465.067853,465.067655725,465.06795344,3874034,-9999,232226,23.76,-1,-0.640152473,0.928340404,0,0.557004243,16,0.217391304,0.826086957,N2 S1 P1 O5,de-protonated,0,-9999,C23 H19 O5 N2 P1 S1,23,19,5,2,1,1,-9999,-9999,-9999,-9999
2731,465.067853,465.067655725,465.067301991,3874034,-9999,232226,23.76,-1,0.760608794,0.90034907,0,0.540209442,7,0.466666667,1.533333333,N4 S2 P1 O7,de-protonated,0,-9999,C15 H23 O7 N4 P1 S2,15,23,7,4,1,2,-9999,-9999,-9999,-9999
2732,465.104208,465.104010714,465.103849692,2794740.5,-9999,231249.7,16.46,-1,0.346208413,0.978486306,0,0.587091783,11,0.571428571,1.047619048,O12,de-protonated,0,-9999,C21 H22 O12,21,22,12,-9999,-9999,-9999,-9999,-9999,-9999,-9999
2732,465.104208,465.104010714,465.104338949,2794740.5,-9999,231249.7,16.46,-1,-0.705722258,0.91359363,0,0.548156178,15,0.166666667,0.958333333,N2 S1 P1 O4,de-protonated,0,-9999,C24 H23 O4 N2 P1 S1,24,23,4,2,1,1,-9999,-9999,-9999,-9999
2732,465.104208,465.104010714,465.1036875,2794740.5,-9999,231249.7,16.46,-1,0.694929334,0.916103042,0,0.549661825,6,0.375,1.6875,N4 S2 P1 O6,de-protonated,0,-9999,C16 H27 O6 N4 P1 S2,16,27,6,4,1,2,-9999,-9999,-9999,-9999
2733,465.140683,465.140485704,465.140235201,2572535,-9999,256720.3,14.96,-1,0.538553166,0.94873355,0,0.56924013,10,0.5,1.181818182,O11,de-protonated,0,-9999,C22 H26 O11,22,26,11,-9999,-9999,-9999,-9999,-9999,-9999,-9999
2733,465.140683,465.140485704,465.140724458,2572535,-9999,256720.3,14.96,-1,-0.51329542,0.953318062,0,0.571990837,14,0.12,1.08,N2 S1 P1 O3,de-protonated,0,-9999,C25 H27 O3 N2 P1 S1,25,27,3,2,1,1,-9999,-9999,-9999,-9999
2733,465.140683,465.140485704,465.14007301,2572535,-9999,256720.3,14.96,-1,0.887246875,0.866894773,0,0.520136864,5,0.294117647,1.823529412,N4 S2 P1 O5,de-protonated,0,-9999,C17 H31 O5 N4 P1 S2,17,31,5,4,1,2,-9999,-9999,-9999,-9999
2734,465.145399,465.145201702,465.14474721,1416695.3,-9999,234148.7,7.15,-1,0.977098003,0.840941836,0,0.504565102,18,0.033333333,0.9,S1 P1 O1,de-protonated,0,-9999,C30 H27 O1 P1 S1,30,27,1,-9999,1,1,-9999,-9999,-9999,-9999
2734,465.145399,465.145201702,465.145595363,1416695.3,-9999,234148.7,7.15,-1,-0.846318164,0.878127547,0,0.526876528,19,0.178571429,0.785714286,N2 O5,de-protonated,0,-9999,C28 H22 O5 N2,28,22,5,2,-9999,-9999,-9999,-9999,-9999,-9999
2734,465.145399,465.145201702,465.144943915,1416695.3,-9999,234148.7,7.15,-1,0.554208999,0.945793018,0,0.567475811,10,0.35,1.3,N4 S1 O7,de-protonated,0,-9999,C20 H26 O7 N4 S1,20,26,7,4,-9999,1,-9999,-9999,-9999,-9999
2735,465.168957,465.168759695,465.168378502,3269880.8,-9999,235475.7,19.67,-1,0.819474315,0.885281403,0,0.531168842,9,0.347826087,1.347826087,P1 O8,de-protonated,0,-9999,C23 H31 O8 P1,23,31,8,-9999,1,-9999,-9999,-9999,-9999,-9999
2736,465.190023,465.189825689,465.189374928,1896698.3,-9999,234931.8,10.39,-1,0.968983843,0.84335477700000006,0,0.506012866,17,0.064516129,0.967741935,S1 O2,de-protonated,0,-9999,C31 H30 O2 S1,31,30,2,-9999,-9999,1,-9999,-9999,-9999,-9999
2736,465.190023,465.189825689,465.18950787,1896698.3,-9999,234931.8,10.39,-1,0.683203841,0.918793073,0,0.551275844,4,0.5,1.75,P1 O10,de-protonated,0,-9999,C20 H35 O10 P1,20,35,10,-9999,1,-9999,-9999,-9999,-9999,-9999
2737,465.199528,465.199330686,465.198890784,2496251,-9999,205203.3,14.44,-1,0.945621197,0.850227503,0,0.510136502,17,0.064516129,1,P1 O2,de-protonated,0,-9999,C31 H31 O2 P1,31,31,2,-9999,1,-9999,-9999,-9999,-9999,-9999
2737,465.199528,465.199330686,465.199087489,2496251,-9999,205203.3,14.44,-1,0.522781425,0.951619507,0,0.570971704,9,0.380952381,1.428571429,N4 O8,de-protonated,0,-9999,C21 H30 O8 N4,21,30,8,4,-9999,-9999,-9999,-9999,-9999,-9999
2738,465.212336,465.212138683,465.211974648,1684219.8,-9999,285733.7,8.95,-1,0.352600748,0.977693529,0,0.586616117,4,0.444444444,1.944444444,N4 P1 O8,de-protonated,0,-9999,C18 H35 O8 N4 P1,18,35,8,4,1,-9999,-9999,-9999,-9999,-9999
2741,467.047183,467.046985141,467.046728737,3414393.3,-9999,234702.5,20.65,-1,0.548988826,0.946781833,0,0.5680691,12,0.736842105,0.842105263,O14,de-protonated,0,-9999,C19 H16 O14,19,16,14,-9999,-9999,-9999,-9999,-9999,-9999,-9999
2741,467.047183,467.046985141,467.047217995,3414393.3,-9999,234702.5,20.65,-1,-0.49856611,0.955899624,0,0.573539774,16,0.272727273,0.772727273,N2 S1 P1 O6,de-protonated,0,-9999,C22 H17 O6 N2 P1 S1,22,17,6,2,1,1,-9999,-9999,-9999,-9999
2741,467.047183,467.046985141,467.046566546,3414393.3,-9999,234702.5,20.65,-1,0.896259164,0.864370148,0,0.518622089,7,0.571428571,1.5,N4 S2 P1 O8,de-protonated,0,-9999,C14 H21 O8 N4 P1 S2,14,21,8,4,1,2,-9999,-9999,-9999,-9999
2742,467.052019,467.051821139,467.0520889,3383673.5,-9999,245221.7,20.44,-1,-0.573299037,0.942106396,0,0.565263838,21,0.32,0.48,N2 O8,de-protonated,0,-9999,C25 H12 O8 N2,25,12,8,2,-9999,-9999,-9999,-9999,-9999,-9999
2742,467.052019,467.051821139,467.051437451,3383673.5,-9999,245221.7,20.44,-1,0.821511587,0.884744547,0,0.530846728,12,0.588235294,0.941176471,N4 S1 O10,de-protonated,0,-9999,C17 H16 O10 N4 S1,17,16,10,4,-9999,1,-9999,-9999,-9999,-9999
2743,467.08364,467.08344213,467.083114247,3864955.8,-9999,229688.2,23.69,-1,0.701980678,0.914467165,0,0.548680299,11,0.65,1,O13,de-protonated,0,-9999,C20 H20 O13,20,20,13,-9999,-9999,-9999,-9999,-9999,-9999,-9999
2743,467.08364,467.08344213,467.083603504,3864955.8,-9999,229688.2,23.69,-1,-0.345492814,0.978574191,0,0.587144514,15,0.217391304,0.913043478,N2 S1 P1 O5,de-protonated,0,-9999,C23 H21 O5 N2 P1 S1,23,21,5,2,1,1,-9999,-9999,-9999,-9999
2744,467.120085,467.119887119,467.119499756,2869630.3,-9999,250357.1,16.97,-1,0.829259346,0.882693712,0,0.529616227,10,0.571428571,1.142857143,O12,de-protonated,0,-9999,C21 H24 O12,21,24,12,-9999,-9999,-9999,-9999,-9999,-9999,-9999
2744,467.120085,467.119887119,467.119989013,2869630.3,-9999,250357.1,16.97,-1,-0.218132689,0.991403495,0,0.594842097,14,0.166666667,1.041666667,N2 S1 P1 O4,de-protonated,0,-9999,C24 H25 O4 N2 P1 S1,24,25,4,2,1,1,-9999,-9999,-9999,-9999
2745,467.129499,467.129301116,467.128882671,1455231,-9999,249009.5,7.4,-1,0.89578257,0.864504111,0,0.518702467,23,0.125,0.625,O4,de-protonated,0,-9999,C32 H20 O4,32,20,4,-9999,-9999,-9999,-9999,-9999,-9999,-9999
2745,467.129499,467.129301116,467.129233543,1455231,-9999,249009.5,7.4,-1,0.144655882,0.996210326,0,0.597726196,0,0.642857143,2.357142857,N2 S2 P1 O9,de-protonated,0,-9999,C14 H33 O9 N2 P1 S2,14,33,9,2,1,2,-9999,-9999,-9999,-9999
2746,467.156219,467.156021109,467.155885265,1970560.8,-9999,208542.8,10.89,-1,0.290787714,0.984774255,0,0.590864553,9,0.5,1.272727273,O11,de-protonated,0,-9999,C22 H28 O11,22,28,11,-9999,-9999,-9999,-9999,-9999,-9999,-9999
2746,467.156219,467.156021109,467.156374523,1970560.8,-9999,208542.8,10.89,-1,-0.756522178,0.901362505,0,0.540817503,13,0.12,1.16,N2 S1 P1 O3,de-protonated,0,-9999,C25 H29 O3 N2 P1 S1,25,29,3,2,1,1,-9999,-9999,-9999,-9999
2746,467.156219,467.156021109,467.155723074,1970560.8,-9999,208542.8,10.89,-1,0.637976819,0.928808932,0,0.557285359,4,0.294117647,1.941176471,N4 S2 P1 O5,de-protonated,0,-9999,C17 H33 O5 N4 P1 S2,17,33,5,4,1,2,-9999,-9999,-9999,-9999
2747,467.176364,467.176166103,467.176501569,1958274.1,-9999,202958.9,10.81,-1,-0.71807243,0.910683351,0,0.546410011,22,0.0625,0.75,N2 O2,de-protonated,0,-9999,C32 H24 O2 N2,32,24,2,2,-9999,-9999,-9999,-9999,-9999,-9999
2747,467.176364,467.176166103,467.175850121,1958274.1,-9999,202958.9,10.81,-1,0.676366542,0.920344117,0,0.55220647,13,0.166666667,1.166666667,N4 S1 O4,de-protonated,0,-9999,C24 H28 O4 N4 S1,24,28,4,4,-9999,1,-9999,-9999,-9999,-9999
2748,467.205682,467.205484094,467.205024993,1935748.3,-9999,237223.7,10.65,-1,0.982655094,0.839281715,0,0.503569029,16,0.064516129,1.032258065,S1 O2,de-protonated,0,-9999,C31 H32 O2 S1,31,32,2,-9999,-9999,1,-9999,-9999,-9999,-9999
2748,467.205682,467.205484094,467.205157934,1935748.3,-9999,237223.7,10.65,-1,0.69810802,0.915367285,0,0.549220371,3,0.5,1.85,P1 O10,de-protonated,0,-9999,C20 H37 O10 P1,20,37,10,-9999,1,-9999,-9999,-9999,-9999,-9999
2753,469.049095,469.04889655,469.049132746,3968517,-9999,228483.4,24.39,-1,-0.503564957,0.477515569,0.773979033,0.596100954,19,0.074074074,0.703703704,S2 P1 O2,de-protonated,0,-9999,C27 H19 O2 P1 S2,27,19,2,-9999,1,2,-9999,-9999,-9999,-9999
2753,469.049095,469.04889655,469.049329451,3968517,-9999,228483.4,24.39,-1,-0.922933195,0.856792921,0,0.514075753,11,0.470588235,1.058823529,N4 S2 O8,de-protonated,0,-9999,C17 H18 O8 N4 S2,17,18,8,4,-9999,2,-9999,-9999,-9999,-9999
2753,469.049095,469.04889655,469.048460071,3968517,-9999,228483.4,24.39,-1,0.930562001,0.854597485,0,0.512758491,12,0.8125,0.875,N4 O13,de-protonated,0,-9999,C16 H14 O13 N4,16,14,13,4,-9999,-9999,-9999,-9999,-9999,-9999
2754,469.062742,469.062543546,469.062378802,4646406,-9999,220636.1,28.98,-1,0.351219543,0.977866,0,0.5867196,11,0.736842105,0.947368421,O14,de-protonated,0,-9999,C19 H18 O14,19,18,14,-9999,-9999,-9999,-9999,-9999,-9999,-9999
2754,469.062742,469.062543546,469.062868059,4646406,-9999,220636.1,28.98,-1,-0.691833649,0.458408462,0.807789663,0.598160942,15,0.272727273,0.863636364,N2 S1 P1 O6,de-protonated,0,-9999,C22 H19 O6 N2 P1 S1,22,19,6,2,1,1,-9999,-9999,-9999,-9999
2754,469.062742,469.062543546,469.06221661,4646406,-9999,220636.1,28.98,-1,0.696997526,0.915624641,0,0.549374785,6,0.571428571,1.642857143,N4 S2 P1 O8,de-protonated,0,-9999,C14 H23 O8 N4 P1 S2,14,23,8,4,1,2,-9999,-9999,-9999,-9999
2755,469.099179,469.098980535,469.098764311,3455496.5,-9999,256384.1,20.92,-1,0.460934418,0.962182935,0,0.577309761,10,0.65,1.1,O13,de-protonated,0,-9999,C20 H22 O13,20,22,13,-9999,-9999,-9999,-9999,-9999,-9999,-9999
2755,469.099179,469.098980535,469.099253568,3455496.5,-9999,256384.1,20.92,-1,-0.582037984,0.940382052,0,0.564229231,14,0.217391304,1,N2 S1 P1 O5,de-protonated,0,-9999,C23 H23 O5 N2 P1 S1,23,23,5,2,1,1,-9999,-9999,-9999,-9999
2755,469.099179,469.098980535,469.09860212,3455496.5,-9999,256384.1,20.92,-1,0.806685619,0.888628315,0,0.533176989,5,0.466666667,1.8,N4 S2 P1 O7,de-protonated,0,-9999,C15 H27 O7 N4 P1 S2,15,27,7,4,1,2,-9999,-9999,-9999,-9999
2756,469.135521,469.135322524,469.13514982,2705931.3,-9999,248817.4,15.86,-1,0.368132053,0.975709729,0,0.585425838,9,0.571428571,1.238095238,O12,de-protonated,0,-9999,C21 H26 O12,21,26,12,-9999,-9999,-9999,-9999,-9999,-9999,-9999
2756,469.135521,469.135322524,469.135639078,2705931.3,-9999,248817.4,15.86,-1,-0.674759361,0.920706819,0,0.552424091,13,0.166666667,1.125,N2 S1 P1 O4,de-protonated,0,-9999,C24 H27 O4 N2 P1 S1,24,27,4,2,1,1,-9999,-9999,-9999,-9999
2756,469.135521,469.135322524,469.134987629,2705931.3,-9999,248817.4,15.86,-1,0.713856406,0.911681473,0,0.547008884,4,0.375,1.9375,N4 S2 P1 O6,de-protonated,0,-9999,C16 H31 O6 N4 P1 S2,16,31,6,4,1,2,-9999,-9999,-9999,-9999
2757,469.200438,469.200239505,469.200548011,1586703.8,-9999,186150.4,8.29,-1,-0.657513215,0.924553321,0,0.554731993,6,0.125,1.625,S2 P1 O3,de-protonated,0,-9999,C24 H39 O3 P1 S2,24,39,3,-9999,1,2,-9999,-9999,-9999,-9999
2758,469.267094,469.266895485,469.266576423,2890260.5,-9999,224634.1,17.1,-1,0.679917801,0.919540133,0,0.55172408,14,0.03125,1.21875,P1 O1,de-protonated,0,-9999,C32 H39 O1 P1,32,39,1,-9999,1,-9999,-9999,-9999,-9999,-9999
2758,469.267094,469.266895485,469.266773127,2890260.5,-9999,224634.1,17.1,-1,0.260743389,0.987739606,0,0.592643764,6,0.318181818,1.727272727,N4 O7,de-protonated,0,-9999,C22 H38 O7 N4,22,38,7,4,-9999,-9999,-9999,-9999,-9999,-9999
2759,469.281008,469.280809481,469.280691858,1592085.5,-9999,198353.9,8.33,-1,0.250646005,0.988665498,0,0.593199299,5,0.32,1.68,O8,de-protonated,0,-9999,C25 H42 O8,25,42,8,-9999,-9999,-9999,-9999,-9999,-9999,-9999
2759,469.281008,469.280809481,469.280529667,1592085.5,-9999,198353.9,8.33,-1,0.596263094,0.937526371,0,0.562515822,0,0.1,2.35,N4 S2 P1 O2,de-protonated,0,-9999,C20 H47 O2 N4 P1 S2,20,47,2,4,1,2,-9999,-9999,-9999,-9999
2760,470.191443,470.191244212,470.190904851,1737302.8,-9999,226504.2,9.31,-1,0.721752607,0.909808184,0,0.545884911,3,0.588235294,2,N3 P1 O10,de-protonated,0,-9999,C17 H34 O10 N3 P1,17,34,10,3,1,-9999,-9999,-9999,-9999,-9999
2763,471.041932,471.041732961,471.041643357,1755796.9,-9999,213149.9,9.43,-1,0.190226072,0.993455614,0,0.596073368,11,0.833333333,0.888888889,O15,de-protonated,0,-9999,C18 H16 O15,18,16,15,-9999,-9999,-9999,-9999,-9999,-9999,-9999
2763,471.041932,471.041732961,471.042132614,1755796.9,-9999,213149.9,9.43,-1,-0.848444165,0.87755364,0,0.526532184,15,0.333333333,0.80952381,N2 S1 P1 O7,de-protonated,0,-9999,C21 H17 O7 N2 P1 S1,21,17,7,2,1,1,-9999,-9999,-9999,-9999
2763,471.041932,471.041732961,471.041481166,1755796.9,-9999,213149.9,9.43,-1,0.534551078,0.949473149,0,0.569683889,6,0.692307692,1.615384615,N4 S2 P1 O9,de-protonated,0,-9999,C13 H21 O9 N4 P1 S2,13,21,9,4,1,2,-9999,-9999,-9999,-9999
2764,471.046342,471.04614296,471.046155366,1427093.3,-9999,266631.4,7.21,-1,-0.026337654,0.999874142,0,0.599924485,19,0.192307692,0.653846154,S1 P1 O5,de-protonated,0,-9999,C26 H17 O5 P1 S1,26,17,5,-9999,1,1,-9999,-9999,-9999,-9999
2764,471.046342,471.04614296,471.046352071,1427093.3,-9999,266631.4,7.21,-1,-0.443928161,0.964873288,0,0.578923973,11,0.6875,1,N4 S1 O11,de-protonated,0,-9999,C16 H16 O11 N4 S1,16,16,11,4,-9999,1,-9999,-9999,-9999,-9999
2765,471.078445,471.078245951,471.078028866,2904727.5,-9999,237546.9,17.2,-1,0.460824444,0.962200633,0,0.57732038,10,0.736842105,1.052631579,O14,de-protonated,0,-9999,C19 H20 O14,19,20,14,-9999,-9999,-9999,-9999,-9999,-9999,-9999
2765,471.078445,471.078245951,471.078518124,2904727.5,-9999,237546.9,17.2,-1,-0.577765847,0.941227882,0,0.564736729,14,0.272727273,0.954545455,N2 S1 P1 O6,de-protonated,0,-9999,C22 H21 O6 N2 P1 S1,22,21,6,2,1,1,-9999,-9999,-9999,-9999
2765,471.078445,471.078245951,471.077866675,2904727.5,-9999,237546.9,17.2,-1,0.805122948,0.889034528,0,0.533420717,5,0.571428571,1.785714286,N4 S2 P1 O8,de-protonated,0,-9999,C14 H25 O8 N4 P1 S2,14,25,8,4,1,2,-9999,-9999,-9999,-9999
2766,471.09366,471.093460946,471.093285008,2286232.8,-9999,235408.1,13.02,-1,0.37346847,0.975009342,0,0.585005605,14,0.47826087,0.869565217,O11,de-protonated,0,-9999,C23 H20 O11,23,20,11,-9999,-9999,-9999,-9999,-9999,-9999,-9999
2766,471.09366,471.093460946,471.093774265,2286232.8,-9999,235408.1,13.02,-1,-0.665088096,0.922874146,0,0.553724488,18,0.115384615,0.807692308,N2 S1 P1 O3,de-protonated,0,-9999,C26 H21 O3 N2 P1 S1,26,21,3,2,1,1,-9999,-9999,-9999,-9999
2766,471.09366,471.093460946,471.093122816,2286232.8,-9999,235408.1,13.02,-1,0.717755794,0.910758479,0,0.546455088,9,0.277777778,1.388888889,N4 S2 P1 O5,de-protonated,0,-9999,C18 H25 O5 N4 P1 S2,18,25,5,4,1,2,-9999,-9999,-9999,-9999
2767,471.114933,471.11473394,471.114414376,2423450.3,-9999,227210.3,13.95,-1,0.678315368,0.919903348,0,0.551942009,9,0.65,1.2,O13,de-protonated,0,-9999,C20 H24 O13,20,24,13,-9999,-9999,-9999,-9999,-9999,-9999,-9999
2767,471.114933,471.11473394,471.114903633,2423450.3,-9999,227210.3,13.95,-1,-0.360194936,0.976733709,0,0.586040226,13,0.217391304,1.086956522,N2 S1 P1 O5,de-protonated,0,-9999,C23 H25 O5 N2 P1 S1,23,25,5,2,1,1,-9999,-9999,-9999,-9999
2768,471.151301,471.151101929,471.150799885,2053789,-9999,252062.3,11.45,-1,0.641077251,0.928140842,0,0.556884505,8,0.571428571,1.333333333,O12,de-protonated,0,-9999,C21 H28 O12,21,28,12,-9999,-9999,-9999,-9999,-9999,-9999,-9999
2768,471.151301,471.151101929,471.151289142,2053789,-9999,252062.3,11.45,-1,-0.397352813,0.971757687,0,0.583054612,12,0.166666667,1.208333333,N2 S1 P1 O4,de-protonated,0,-9999,C24 H29 O4 N2 P1 S1,24,29,4,2,1,1,-9999,-9999,-9999,-9999
2768,471.151301,471.151101929,471.150637694,2053789,-9999,252062.3,11.45,-1,0.985322639,0.838482642,0,0.503089585,3,0.375,2.0625,N4 S2 P1 O6,de-protonated,0,-9999,C16 H33 O6 N4 P1 S2,16,33,6,4,1,2,-9999,-9999,-9999,-9999
2769,471.16297,471.162770926,471.16317398,1797789.9,-9999,218376.1,9.72,-1,-0.855446113,0.875655981,0,0.525393589,21,0.032258065,0.806451613,N2 P1 O1,de-protonated,0,-9999,C31 H25 O1 N2 P1,31,25,1,2,1,-9999,-9999,-9999,-9999,-9999
2769,471.16297,471.162770926,471.162902654,1797789.9,-9999,218376.1,9.72,-1,-0.279581743,0.985916997,0,0.591550198,7,0.285714286,1.523809524,N2 S2 O6,de-protonated,0,-9999,C21 H32 O6 N2 S2,21,32,6,2,-9999,2,-9999,-9999,-9999,-9999
2769,471.16297,471.162770926,471.162522532,1797789.9,-9999,218376.1,9.72,-1,0.527193829,0.950819877,0,0.570491926,12,0.130434783,1.260869565,N4 S1 P1 O3,de-protonated,0,-9999,C23 H29 O3 N4 P1 S1,23,29,3,4,1,1,-9999,-9999,-9999,-9999
2770,471.209985,471.209785912,471.209455468,3746465.3,-9999,232708.1,22.89,-1,0.701266261,0.457316762,0.755017935,0.576397231,15,0.1,1.1,P1 O3,de-protonated,0,-9999,C30 H33 O3 P1,30,33,3,-9999,1,-9999,-9999,-9999,-9999,-9999
2770,471.209985,471.209785912,471.209652173,3746465.3,-9999,232708.1,22.89,-1,0.283820169,0.985489904,0,0.591293942,7,0.45,1.6,N4 O9,de-protonated,0,-9999,C20 H32 O9 N4,20,32,9,4,-9999,-9999,-9999,-9999,-9999,-9999
2771,471.282842,471.28264289,471.282226487,4211366.5,-9999,223543.1,26.03,-1,0.883553545,0.433962064,0.742885034,0.557531252,13,0.03125,1.28125,P1 O1,de-protonated,0,-9999,C32 H41 O1 P1,32,41,1,-9999,1,-9999,-9999,-9999,-9999,-9999
2771,471.282842,471.28264289,471.282423192,4211366.5,-9999,223543.1,26.03,-1,0.466171835,0.961335577,0,0.576801346,5,0.318181818,1.818181818,N4 O7,de-protonated,0,-9999,C22 H40 O7 N4,22,40,7,4,-9999,-9999,-9999,-9999,-9999,-9999
2772,472.205289,472.205089618,472.204704441,2046699.8,-9999,208944.3,11.4,-1,0.815699679,0.886273415,0,0.531764049,15,0.103448276,1.103448276,N1 P1 O3,de-protonated,0,-9999,C29 H32 O3 N1 P1,29,32,3,1,1,-9999,-9999,-9999,-9999,-9999
2773,472.241718,472.241518607,472.24108995,9430767,-9999,222724.8,61.31,-1,0.907708222,0.873288641,0.946759598,0.902677024,14,0.066666667,1.2,N1 P1 O2,de-protonated,0,-9999,C30 H36 O2 N1 P1,30,36,2,1,1,-9999,-9999,-9999,-9999,-9999
2777,473.036272,473.036072372,473.036164053,1459243.4,-9999,212660.9,7.43,-1,-0.193813585,0.99320729,0,0.595924374,15,0.619047619,0.666666667,O13,de-protonated,0,-9999,C21 H14 O13,21,14,13,-9999,-9999,-9999,-9999,-9999,-9999,-9999
2777,473.036272,473.036072372,473.036001862,1459243.4,-9999,212660.9,7.43,-1,0.149059469,0.995976557,0,0.597585934,10,0.4375,1.1875,N4 S2 P1 O7,de-protonated,0,-9999,C16 H19 O7 N4 P1 S2,16,19,7,4,1,2,-9999,-9999,-9999,-9999
2778,473.057566,473.057366366,473.057293421,1893677,-9999,267790.4,10.37,-1,0.154198697,0.995694945,0,0.597416967,10,0.833333333,1,O15,de-protonated,0,-9999,C18 H18 O15,18,18,15,-9999,-9999,-9999,-9999,-9999,-9999,-9999
2778,473.057566,473.057366366,473.057782679,1893677,-9999,267790.4,10.37,-1,-0.880045836,0.8688989,0,0.52133934,14,0.333333333,0.904761905,N2 S1 P1 O7,de-protonated,0,-9999,C21 H19 O7 N2 P1 S1,21,19,7,2,1,1,-9999,-9999,-9999,-9999
2778,473.057566,473.057366366,473.05713123,1893677,-9999,267790.4,10.37,-1,0.497056556,0.956160341,0,0.573696204,5,0.692307692,1.769230769,N4 S2 P1 O9,de-protonated,0,-9999,C13 H23 O9 N4 P1 S2,13,23,9,4,1,2,-9999,-9999,-9999,-9999
2779,473.072702,473.072502362,473.072549563,2171694.3,-9999,197885.1,12.24,-1,-0.099775269,0.99819529,0,0.598917174,14,0.545454545,0.818181818,O12,de-protonated,0,-9999,C22 H18 O12,22,18,12,-9999,-9999,-9999,-9999,-9999,-9999,-9999
2779,473.072702,473.072502362,473.072387371,2171694.3,-9999,197885.1,12.24,-1,0.243071446,0.989336597,0,0.593601958,9,0.352941176,1.352941176,N4 S2 P1 O6,de-protonated,0,-9999,C17 H23 O6 N4 P1 S2,17,23,6,4,1,2,-9999,-9999,-9999,-9999
2780,473.094179,473.093979355,473.093678931,2582320,-9999,247532.6,15.02,-1,0.635021501,0.929443182,0,0.557665909,9,0.736842105,1.157894737,O14,de-protonated,0,-9999,C19 H22 O14,19,22,14,-9999,-9999,-9999,-9999,-9999,-9999,-9999
2780,473.094179,473.093979355,473.094168188,2582320,-9999,247532.6,15.02,-1,-0.399143986,0.971506165,0,0.582903699,13,0.272727273,1.045454545,N2 S1 P1 O6,de-protonated,0,-9999,C22 H23 O6 N2 P1 S1,22,23,6,2,1,1,-9999,-9999,-9999,-9999
2780,473.094179,473.093979355,473.093516739,2582320,-9999,247532.6,15.02,-1,0.977853155,0.840716603,0,0.504429962,4,0.571428571,1.928571429,N4 S2 P1 O8,de-protonated,0,-9999,C14 H27 O8 N4 P1 S2,14,27,8,4,1,2,-9999,-9999,-9999,-9999
2781,473.109382,473.109182351,473.108935072,1563441.1,-9999,251728.9,8.13,-1,0.522667955,0.95163999,0,0.570983994,13,0.47826087,0.956521739,O11,de-protonated,0,-9999,C23 H22 O11,23,22,11,-9999,-9999,-9999,-9999,-9999,-9999,-9999
2781,473.109382,473.109182351,473.109424329,1563441.1,-9999,251728.9,8.13,-1,-0.511464068,0.953642745,0,0.572185647,17,0.115384615,0.884615385,N2 S1 P1 O3,de-protonated,0,-9999,C26 H23 O3 N2 P1 S1,26,23,3,2,1,1,-9999,-9999,-9999,-9999
2781,473.109382,473.109182351,473.108772881,1563441.1,-9999,251728.9,8.13,-1,0.865488515,0.872914353,0,0.523748612,8,0.277777778,1.5,N4 S2 P1 O5,de-protonated,0,-9999,C18 H27 O5 N4 P1 S2,18,27,5,4,1,2,-9999,-9999,-9999,-9999
2782,473.130464,473.130264345,473.13006444,1465138.8,-9999,211059.8,7.47,-1,0.422515097,0.968126964,0,0.580876178,8,0.65,1.3,O13,de-protonated,0,-9999,C20 H26 O13,20,26,13,-9999,-9999,-9999,-9999,-9999,-9999,-9999
2782,473.130464,473.130264345,473.130553697,1465138.8,-9999,211059.8,7.47,-1,-0.611570639,0.934386428,0,0.560631857,12,0.217391304,1.173913043,N2 S1 P1 O5,de-protonated,0,-9999,C23 H27 O5 N2 P1 S1,23,27,5,2,1,1,-9999,-9999,-9999,-9999
2782,473.130464,473.130264345,473.129902249,1465138.8,-9999,211059.8,7.47,-1,0.765320313,0.899175317,0,0.53950519,3,0.466666667,2.066666667,N4 S2 P1 O7,de-protonated,0,-9999,C15 H31 O7 N4 P1 S2,15,31,7,4,1,2,-9999,-9999,-9999,-9999
2783,473.178765,473.17856533,473.178824045,3129142.5,-9999,230997.5,18.72,-1,-0.546758061,0.473600924,0.748902347,0.583721493,20,0.032258065,0.870967742,N2 P1 O1,de-protonated,0,-9999,C31 H27 O1 N2 P1,31,27,1,2,1,-9999,-9999,-9999,-9999,-9999
2783,473.178765,473.17856533,473.178552719,3129142.5,-9999,230997.5,18.72,-1,0.026653414,0.999871106,0,0.599922664,6,0.285714286,1.619047619,N2 S2 O6,de-protonated,0,-9999,C21 H34 O6 N2 S2,21,34,6,2,-9999,2,-9999,-9999,-9999,-9999
2783,473.178765,473.17856533,473.178172596,3129142.5,-9999,230997.5,18.72,-1,0.82999252,0.882498891,0,0.529499335,11,0.130434783,1.347826087,N4 S1 P1 O3,de-protonated,0,-9999,C23 H31 O3 N4 P1 S1,23,31,3,4,1,1,-9999,-9999,-9999,-9999
2784,473.194894,473.194694326,473.194460309,1572407.8,-9999,213269.8,8.19,-1,0.494547403,0.956592106,0,0.573955264,19,0.03030303,0.909090909,S1 O1,de-protonated,0,-9999,C33 H30 O1 S1,33,30,1,-9999,-9999,1,-9999,-9999,-9999,-9999
2784,473.194894,473.194694326,473.19459325,1572407.8,-9999,213269.8,8.19,-1,0.213602106,0.991755422,0,0.595053253,6,0.409090909,1.590909091,P1 O9,de-protonated,0,-9999,C22 H35 O9 P1,22,35,9,-9999,1,-9999,-9999,-9999,-9999,-9999
2785,473.225727,473.225527317,473.225105533,6725434,-9999,228264.9,43.03,-1,0.891296073,0.432881356,0.755017935,0.561735987,14,0.1,1.166666667,P1 O3,de-protonated,0,-9999,C30 H35 O3 P1,30,35,3,-9999,1,-9999,-9999,-9999,-9999,-9999
2785,473.225727,473.225527317,473.225302237,6725434,-9999,228264.9,43.03,-1,0.475627966,0.479891684,0.822155738,0.616797306,6,0.45,1.7,N4 O9,de-protonated,0,-9999,C20 H34 O9 N4,20,34,9,4,-9999,-9999,-9999,-9999,-9999,-9999
2786,473.231284,473.231084315,473.23097876,1562426.5,-9999,246905.6,8.13,-1,0.223052319,0.991013129,0,0.594607878,5,0.347826087,1.695652174,P1 O8,de-protonated,0,-9999,C23 H39 O8 P1,23,39,8,-9999,1,-9999,-9999,-9999,-9999,-9999
2787,473.245032,473.244832311,473.244444785,2237243.8,-9999,271227.7,12.69,-1,0.818870295,0.885440378,0.946759598,0.909968066,14,0.066666667,1.2,13C1 N1 P1 O2,de-protonated,1,2773,C29 H36 O2 N1 P1 13C1,29,36,2,1,1,-9999,1,-9999,-9999,-9999
2787,473.245032,473.244832311,473.244581131,2237243.8,-9999,271227.7,12.69,-1,0.530761911,0.95016884,0,0.570101304,14,0.137931034,1.172413793,N2 O4,de-protonated,0,-9999,C29 H34 O4 N2,29,34,4,2,-9999,-9999,-9999,-9999,-9999,-9999
2788,473.262188,473.261988306,473.261687747,3158845,-9999,223158.3,18.92,-1,0.635080085,0.929430633,0,0.55765838,5,0.380952381,1.80952381,N4 O8,de-protonated,0,-9999,C21 H38 O8 N4,21,38,8,4,-9999,-9999,-9999,-9999,-9999,-9999
2789,473.282941,473.2827413,473.28262041,2267454.5,-9999,234045,12.89,-1,0.255427456,0.988231507,0,0.592938904,8,0.142857143,1.535714286,P1 O4,de-protonated,0,-9999,C28 H43 O4 P1,28,43,4,-9999,1,-9999,-9999,-9999,-9999,-9999
2789,473.282941,473.2827413,473.282817115,2267454.5,-9999,234045,12.89,-1,-0.160189873,0.995354705,0,0.597212823,0,0.555555556,2.333333333,N4 O10,de-protonated,0,-9999,C18 H42 O10 N4,18,42,10,4,-9999,-9999,-9999,-9999,-9999,-9999
2791,474.220942,474.220742023,474.220354505,6641544.5,-9999,231077.6,42.46,-1,0.817167871,0.941757145,0.959899124,0.949013936,14,0.103448276,1.172413793,N1 P1 O3,de-protonated,0,-9999,C29 H34 O3 N1 P1,29,34,3,1,1,-9999,-9999,-9999,-9999,-9999
2793,475.052197,475.051996777,475.051814118,2536908,-9999,235135.3,14.7,-1,0.384504365,0.973530594,0,0.584118356,14,0.619047619,0.761904762,O13,de-protonated,0,-9999,C21 H16 O13,21,16,13,-9999,-9999,-9999,-9999,-9999,-9999,-9999
2793,475.052197,475.051996777,475.052303375,2536908,-9999,235135.3,14.7,-1,-0.645398099,0.927205179,0,0.556323108,18,0.208333333,0.708333333,N2 S1 P1 O5,de-protonated,0,-9999,C24 H17 O5 N2 P1 S1,24,17,5,2,1,1,-9999,-9999,-9999,-9999
2793,475.052197,475.051996777,475.051651926,2536908,-9999,235135.3,14.7,-1,0.725922802,0.908812106,0,0.545287264,9,0.4375,1.3125,N4 S2 P1 O7,de-protonated,0,-9999,C16 H21 O7 N4 P1 S2,16,21,7,4,1,2,-9999,-9999,-9999,-9999
2794,475.073432,475.073231771,475.072943486,1718733.9,-9999,202159.6,9.17,-1,0.606822953,0.935367674,0,0.561220604,9,0.833333333,1.111111111,O15,de-protonated,0,-9999,C18 H20 O15,18,20,15,-9999,-9999,-9999,-9999,-9999,-9999,-9999
2794,475.073432,475.073231771,475.073432743,1718733.9,-9999,202159.6,9.17,-1,-0.423033934,0.968049902,0,0.580829941,13,0.333333333,1,N2 S1 P1 O7,de-protonated,0,-9999,C21 H21 O7 N2 P1 S1,21,21,7,2,1,1,-9999,-9999,-9999,-9999
2794,475.073432,475.073231771,475.072781294,1718733.9,-9999,202159.6,9.17,-1,0.948226281,0.849466719,0,0.509680031,4,0.692307692,1.923076923,N4 S2 P1 O9,de-protonated,0,-9999,C13 H25 O9 N4 P1 S2,13,25,9,4,1,2,-9999,-9999,-9999,-9999
2795,475.088546,475.088345767,475.088199627,2746319,-9999,222895.8,16.11,-1,0.307604808,0.982977739,0,0.589786643,13,0.545454545,0.909090909,O12,de-protonated,0,-9999,C22 H20 O12,22,20,12,-9999,-9999,-9999,-9999,-9999,-9999,-9999
2795,475.088546,475.088345767,475.088688884,2746319,-9999,222895.8,16.11,-1,-0.722218701,0.909697085,0,0.545818251,17,0.16,0.84,N2 S1 P1 O4,de-protonated,0,-9999,C25 H21 O4 N2 P1 S1,25,21,4,2,1,1,-9999,-9999,-9999,-9999
2795,475.088546,475.088345767,475.088037436,2746319,-9999,222895.8,16.11,-1,0.64899707,0.926421765,0,0.555853059,8,0.352941176,1.470588235,N4 S2 P1 O6,de-protonated,0,-9999,C17 H25 O6 N4 P1 S2,17,25,6,4,1,2,-9999,-9999,-9999,-9999
2796,475.125069,475.124868756,475.124585136,2293202,-9999,225196.1,13.05,-1,0.596936655,0.937389662,0,0.562433797,12,0.47826087,1.043478261,O11,de-protonated,0,-9999,C23 H24 O11,23,24,11,-9999,-9999,-9999,-9999,-9999,-9999,-9999
2796,475.125069,475.124868756,475.125074394,2293202,-9999,225196.1,13.05,-1,-0.432808287,0.96658164,0,0.579948984,16,0.115384615,0.961538462,N2 S1 P1 O3,de-protonated,0,-9999,C26 H25 O3 N2 P1 S1,26,25,3,2,1,1,-9999,-9999,-9999,-9999
2796,475.125069,475.124868756,475.124422945,2293202,-9999,225196.1,13.05,-1,0.938302872,0.852357149,0,0.511414289,7,0.277777778,1.611111111,N4 S2 P1 O5,de-protonated,0,-9999,C18 H29 O5 N4 P1 S2,18,29,5,4,1,2,-9999,-9999,-9999,-9999
2797,475.161308,475.161107745,475.160970646,1567445.1,-9999,194807.6,8.15,-1,0.28853218,0.985007768,0,0.591004661,11,0.416666667,1.166666667,O10,de-protonated,0,-9999,C24 H28 O10,24,28,10,-9999,-9999,-9999,-9999,-9999,-9999,-9999
2797,475.161308,475.161107745,475.161459903,1567445.1,-9999,194807.6,8.15,-1,-0.741133591,0.905139727,0,0.543083836,15,0.074074074,1.074074074,N2 S1 P1 O2,de-protonated,0,-9999,C27 H29 O2 N2 P1 S1,27,29,2,2,1,1,-9999,-9999,-9999,-9999
2797,475.161308,475.161107745,475.160808454,1567445.1,-9999,194807.6,8.15,-1,0.629872152,0.930542288,0,0.558325373,6,0.210526316,1.736842105,N4 S2 P1 O4,de-protonated,0,-9999,C19 H33 O4 N4 P1 S2,19,33,4,4,1,2,-9999,-9999,-9999,-9999
2798,475.205134,475.204933732,475.204566792,3573720.8,-9999,229544.1,21.7,-1,0.77217198,0.89745823,0,0.538474938,6,0.526315789,1.684210526,N4 O10,de-protonated,0,-9999,C19 H32 O10 N4,19,32,10,4,-9999,-9999,-9999,-9999,-9999,-9999
2799,475.223964,475.223763727,475.22370934,1646554.3,-9999,221005,8.68,-1,0.11444383,0.997626317,0.959899124,0.98253544,14,0.103448276,1.172413793,13C1 N1 P1 O3,de-protonated,1,2791,C28 H34 O3 N1 P1 13C1,28,34,3,1,1,-9999,1,-9999,-9999,-9999
2799,475.223964,475.223763727,475.223845686,1646554.3,-9999,221005,8.68,-1,-0.172464406,0.994617533,0,0.59677052,14,0.178571429,1.142857143,N2 O5,de-protonated,0,-9999,C28 H32 O5 N2,28,32,5,2,-9999,-9999,-9999,-9999,-9999,-9999
2801,477.003373,477.003172201,477.003424629,1495665.6,-9999,235104.6,7.66,-1,-0.529195772,0.950455086,0,0.570273051,19,0.409090909,0.454545455,N2 S1 O9,de-protonated,0,-9999,C22 H10 O9 N2 S1,22,10,9,2,-9999,1,-9999,-9999,-9999,-9999
2801,477.003373,477.003172201,477.002773181,1495665.6,-9999,235104.6,7.66,-1,0.836516069,0.880759764,0,0.528455859,10,0.785714286,1,N4 S2 O11,de-protonated,0,-9999,C14 H14 O11 N4 S2,14,14,11,4,-9999,2,-9999,-9999,-9999,-9999
2802,477.031607,477.031406193,477.031078673,1802356,-9999,276291.5,9.73,-1,0.686579917,0.918022429,0,0.550813458,14,0.7,0.7,O14,de-protonated,0,-9999,C20 H14 O14,20,14,14,-9999,-9999,-9999,-9999,-9999,-9999,-9999
2802,477.031607,477.031406193,477.03156793,1802356,-9999,276291.5,9.73,-1,-0.339049661,0.979357657,0,0.587614594,18,0.260869565,0.652173913,N2 S1 P1 O6,de-protonated,0,-9999,C23 H15 O6 N2 P1 S1,23,15,6,2,1,1,-9999,-9999,-9999,-9999
2803,477.067886,477.067685182,477.067464182,3624055.3,-9999,206259.8,22.03,-1,0.463246634,0.961809931,0,0.577085959,13,0.619047619,0.857142857,O13,de-protonated,0,-9999,C21 H18 O13,21,18,13,-9999,-9999,-9999,-9999,-9999,-9999,-9999
2803,477.067886,477.067685182,477.06795344,3624055.3,-9999,206259.8,22.03,-1,-0.562304492,0.944243127,0,0.566545876,17,0.208333333,0.791666667,N2 S1 P1 O5,de-protonated,0,-9999,C24 H19 O5 N2 P1 S1,24,19,5,2,1,1,-9999,-9999,-9999,-9999
2803,477.067886,477.067685182,477.067301991,3624055.3,-9999,206259.8,22.03,-1,0.803222575,0.889527715,0,0.533716629,8,0.4375,1.4375,N4 S2 P1 O7,de-protonated,0,-9999,C16 H23 O7 N4 P1 S2,16,23,7,4,1,2,-9999,-9999,-9999,-9999
2804,477.104356,477.104155171,477.103849692,2764410.5,-9999,222424,16.23,-1,0.640279426,0.928313023,0,0.556987814,12,0.545454545,1,O12,de-protonated,0,-9999,C22 H22 O12,22,22,12,-9999,-9999,-9999,-9999,-9999,-9999,-9999
2804,477.104356,477.104155171,477.104338949,2764410.5,-9999,222424,16.23,-1,-0.385193669,0.973436878,0,0.584062127,16,0.16,0.92,N2 S1 P1 O4,de-protonated,0,-9999,C25 H23 O4 N2 P1 S1,25,23,4,2,1,1,-9999,-9999,-9999,-9999
2804,477.104356,477.104155171,477.1036875,2764410.5,-9999,222424,16.23,-1,0.9802295,0.84000709,0,0.504004254,7,0.352941176,1.588235294,N4 S2 P1 O6,de-protonated,0,-9999,C17 H27 O6 N4 P1 S2,17,27,6,4,1,2,-9999,-9999,-9999,-9999
2805,477.14067,477.140469161,477.140235201,2004605.6,-9999,224102.8,11.1,-1,0.49033741,0.95731207,0,0.574387242,11,0.47826087,1.130434783,O11,de-protonated,0,-9999,C23 H26 O11,23,26,11,-9999,-9999,-9999,-9999,-9999,-9999,-9999
2805,477.14067,477.140469161,477.140724458,2004605.6,-9999,224102.8,11.1,-1,-0.535057331,0.949379865,0,0.569627919,15,0.115384615,1.038461538,N2 S1 P1 O3,de-protonated,0,-9999,C26 H27 O3 N2 P1 S1,26,27,3,2,1,1,-9999,-9999,-9999,-9999
2805,477.14067,477.140469161,477.14007301,2004605.6,-9999,224102.8,11.1,-1,0.830261509,0.882427382,0,0.529456429,6,0.277777778,1.722222222,N4 S2 P1 O5,de-protonated,0,-9999,C18 H31 O5 N4 P1 S2,18,31,5,4,1,2,-9999,-9999,-9999,-9999
2806,477.172963,477.172762151,477.172597958,2784384.5,-9999,239067.3,16.37,-1,0.344095246,0.978745329,0,0.587247198,6,0.631578947,1.578947368,N2 O12,de-protonated,0,-9999,C19 H30 O12 N2,19,30,12,2,-9999,-9999,-9999,-9999,-9999,-9999
2806,477.172963,477.172762151,477.173087216,2784384.5,-9999,239067.3,16.37,-1,-0.681229801,0.919242217,0,0.55154533,10,0.181818182,1.409090909,N4 S1 P1 O4,de-protonated,0,-9999,C22 H31 O4 N4 P1 S1,22,31,4,4,1,1,-9999,-9999,-9999,-9999
2807,477.190011,477.189810146,477.189374928,1599618,-9999,215987.6,8.37,-1,0.912044509,0.859904805,0,0.515942883,18,0.0625,0.9375,S1 O2,de-protonated,0,-9999,C32 H30 O2 S1,32,30,2,-9999,-9999,1,-9999,-9999,-9999,-9999
2807,477.190011,477.189810146,477.18950787,1599618,-9999,215987.6,8.37,-1,0.633451101,0.929779187,0,0.557867512,5,0.476190476,1.666666667,P1 O10,de-protonated,0,-9999,C21 H35 O10 P1,21,35,10,-9999,1,-9999,-9999,-9999,-9999,-9999
2808,477.199296,477.199095143,477.198890784,1798786.8,-9999,214612.2,9.71,-1,0.428246925,0.967270724,0,0.580362435,18,0.0625,0.96875,P1 O2,de-protonated,0,-9999,C32 H31 O2 P1,32,31,2,-9999,1,-9999,-9999,-9999,-9999,-9999
2808,477.199296,477.199095143,477.198619458,1798786.8,-9999,214612.2,9.71,-1,0.996828361,0.835020059,0,0.501012035,4,0.318181818,1.727272727,S2 O7,de-protonated,0,-9999,C22 H38 O7 S2,22,38,7,-9999,-9999,2,-9999,-9999,-9999,-9999
2808,477.199296,477.199095143,477.199087489,1798786.8,-9999,214612.2,9.71,-1,0.016040407,0.999953315,0,0.599971989,10,0.363636364,1.363636364,N4 O8,de-protonated,0,-9999,C22 H30 O8 N4,22,30,8,4,-9999,-9999,-9999,-9999,-9999,-9999
2809,477.235929,477.235728133,477.235276294,1983622,-9999,250695.3,10.96,-1,0.946784142,0.849888053,0,0.509932832,17,0.03030303,1.060606061,P1 O1,de-protonated,0,-9999,C33 H35 O1 P1,33,35,1,-9999,1,-9999,-9999,-9999,-9999,-9999
2809,477.235929,477.235728133,477.235472998,1983622,-9999,250695.3,10.96,-1,0.534608838,0.94946251,0,0.569677506,9,0.304347826,1.47826087,N4 O7,de-protonated,0,-9999,C23 H34 O7 N4,23,34,7,4,-9999,-9999,-9999,-9999,-9999,-9999
2811,479.047148,479.046946598,479.046728737,2327339.3,-9999,238860.6,13.28,-1,0.454779022,0.963167511,0,0.577900506,13,0.7,0.8,O14,de-protonated,0,-9999,C20 H16 O14,20,16,14,-9999,-9999,-9999,-9999,-9999,-9999,-9999
2811,479.047148,479.046946598,479.047217995,2327339.3,-9999,238860.6,13.28,-1,-0.566534857,0.943425304,0,0.566055182,17,0.260869565,0.739130435,N2 S1 P1 O6,de-protonated,0,-9999,C23 H17 O6 N2 P1 S1,23,17,6,2,1,1,-9999,-9999,-9999,-9999
2811,479.047148,479.046946598,479.046566546,2327339.3,-9999,238860.6,13.28,-1,0.79335029,0.892075371,0,0.535245223,8,0.533333333,1.4,N4 S2 P1 O8,de-protonated,0,-9999,C15 H21 O8 N4 P1 S2,15,21,8,4,1,2,-9999,-9999,-9999,-9999
2812,479.0834,479.083198587,479.083114247,3199278.8,-9999,214119.7,19.17,-1,0.176045339,0.994392331,0,0.596635399,12,0.619047619,0.952380952,O13,de-protonated,0,-9999,C21 H20 O13,21,20,13,-9999,-9999,-9999,-9999,-9999,-9999,-9999
2812,479.0834,479.083198587,479.083603504,3199278.8,-9999,214119.7,19.17,-1,-0.845190689,0.878431473,0,0.527058884,16,0.208333333,0.875,N2 S1 P1 O5,de-protonated,0,-9999,C24 H21 O5 N2 P1 S1,24,21,5,2,1,1,-9999,-9999,-9999,-9999
2812,479.0834,479.083198587,479.082952055,3199278.8,-9999,214119.7,19.17,-1,0.514590799,0.953087769,0,0.571852661,7,0.4375,1.5625,N4 S2 P1 O7,de-protonated,0,-9999,C16 H25 O7 N4 P1 S2,16,25,7,4,1,2,-9999,-9999,-9999,-9999
2813,479.119816,479.119614576,479.119499756,2692402.3,-9999,218836.9,15.74,-1,0.239648454,0.98963326,0,0.593779956,11,0.545454545,1.090909091,O12,de-protonated,0,-9999,C22 H24 O12,22,24,12,-9999,-9999,-9999,-9999,-9999,-9999,-9999
2813,479.119816,479.119614576,479.119989013,2692402.3,-9999,218836.9,15.74,-1,-0.781510084,0.895098744,0,0.537059246,15,0.16,1,N2 S1 P1 O4,de-protonated,0,-9999,C25 H25 O4 N2 P1 S1,25,25,4,2,1,1,-9999,-9999,-9999,-9999
2813,479.119816,479.119614576,479.119337565,2692402.3,-9999,218836.9,15.74,-1,0.578168226,0.94114845,0,0.56468907,6,0.352941176,1.705882353,N4 S2 P1 O6,de-protonated,0,-9999,C17 H29 O6 N4 P1 S2,17,29,6,4,1,2,-9999,-9999,-9999,-9999
2814,479.148147,479.147945568,479.147510115,3263796.8,-9999,204842.6,19.6,-1,0.908807295,0.430412503,0.73113591,0.550701866,23,0.029411765,0.705882353,S1 O1,de-protonated,0,-9999,C34 H24 O1 S1,34,24,1,-9999,-9999,1,-9999,-9999,-9999,-9999
2814,479.148147,479.147945568,479.147643057,3263796.8,-9999,204842.6,19.6,-1,0.631352417,0.930227116,0,0.558136269,10,0.391304348,1.260869565,P1 O9,de-protonated,0,-9999,C23 H29 O9 P1,23,29,9,-9999,1,-9999,-9999,-9999,-9999,-9999
2815,479.178613,479.178411559,479.178155339,1651767.8,-9999,187290.7,8.72,-1,0.534706026,0.949444606,0,0.569666763,18,0.096774194,0.935483871,P1 O3,de-protonated,0,-9999,C31 H29 O3 P1,31,29,3,-9999,1,-9999,-9999,-9999,-9999,-9999
2815,479.178613,479.178411559,479.178352044,1651767.8,-9999,187290.7,8.72,-1,0.124202099,0.99720485699999994,0,0.598322914,10,0.428571429,1.333333333,N4 O9,de-protonated,0,-9999,C21 H28 O9 N4,21,28,9,4,-9999,-9999,-9999,-9999,-9999,-9999
2816,479.205746,479.205544551,479.205157934,1848634.3,-9999,207513.7,10.05,-1,0.806787239,0.888601878,0,0.533161127,4,0.476190476,1.761904762,P1 O10,de-protonated,0,-9999,C21 H37 O10 P1,21,37,10,-9999,1,-9999,-9999,-9999,-9999,-9999
2817,479.21511,479.214908548,479.214540849,4472123,-9999,213553.6,27.76,-1,0.767295835,0.449340734,0.742885034,0.566758454,17,0.0625,1.03125,P1 O2,de-protonated,0,-9999,C32 H33 O2 P1,32,33,2,-9999,1,-9999,-9999,-9999,-9999,-9999
2817,479.21511,479.214908548,479.214737553,4472123,-9999,213553.6,27.76,-1,0.356822981,0.488581147,0.807789663,0.616264553,9,0.363636364,1.454545455,N4 O8,de-protonated,0,-9999,C22 H32 O8 N4,22,32,8,4,-9999,-9999,-9999,-9999,-9999,-9999
2819,481.062803,481.062601003,481.062378802,3532272.8,-9999,214433,21.41,-1,0.461896052,0.962028015,0,0.577216809,12,0.7,0.9,O14,de-protonated,0,-9999,C20 H18 O14,20,18,14,-9999,-9999,-9999,-9999,-9999,-9999,-9999
2819,481.062803,481.062601003,481.062868059,3532272.8,-9999,214433,21.41,-1,-0.555138537,0.94561607,0,0.567369642,16,0.260869565,0.826086957,N2 S1 P1 O6,de-protonated,0,-9999,C23 H19 O6 N2 P1 S1,23,19,6,2,1,1,-9999,-9999,-9999,-9999
2819,481.062803,481.062601003,481.06221661,3532272.8,-9999,214433,21.41,-1,0.79904871,0.890607783,0,0.53436467,7,0.533333333,1.533333333,N4 S2 P1 O8,de-protonated,0,-9999,C15 H23 O8 N4 P1 S2,15,23,8,4,1,2,-9999,-9999,-9999,-9999
2820,481.099236,481.099033992,481.098764311,3184116.5,-9999,247920.8,19.06,-1,0.560551651,0.9445804,0,0.56674824,11,0.619047619,1.047619048,O13,de-protonated,0,-9999,C21 H22 O13,21,22,13,-9999,-9999,-9999,-9999,-9999,-9999,-9999
2820,481.099236,481.099033992,481.099253568,3184116.5,-9999,247920.8,19.06,-1,-0.45640612,0.96290844,0,0.577745064,15,0.208333333,0.958333333,N2 S1 P1 O5,de-protonated,0,-9999,C24 H23 O5 N2 P1 S1,24,23,5,2,1,1,-9999,-9999,-9999,-9999
2820,481.099236,481.099033992,481.09860212,3184116.5,-9999,247920.8,19.06,-1,0.897678843,0.863970801,0,0.518382481,6,0.4375,1.6875,N4 S2 P1 O7,de-protonated,0,-9999,C16 H27 O7 N4 P1 S2,16,27,7,4,1,2,-9999,-9999,-9999,-9999
2821,481.135681,481.135478981,481.13514982,2275832.3,-9999,241589.8,12.93,-1,0.684133338,0.918581215,0,0.551148729,10,0.545454545,1.181818182,O12,de-protonated,0,-9999,C22 H26 O12,22,26,12,-9999,-9999,-9999,-9999,-9999,-9999,-9999
2821,481.135681,481.135478981,481.135639078,2275832.3,-9999,241589.8,12.93,-1,-0.332747652,0.980110283,0,0.58806617,14,0.16,1.08,N2 S1 P1 O4,de-protonated,0,-9999,C25 H27 O4 N2 P1 S1,25,27,4,2,1,1,-9999,-9999,-9999,-9999
2822,481.145244,481.145041978,481.144883608,1417977.1,-9999,217918.6,7.14,-1,0.329153105,0.980533497,0,0.588320098,0,0.6,2.333333333,N2 S2 P1 O9,de-protonated,0,-9999,C15 H35 O9 N2 P1 S2,15,35,9,2,1,2,-9999,-9999,-9999,-9999
2823,481.163611,481.163408973,481.16316018,1495803,-9999,193194.7,7.66,-1,0.517066226,0.952646228,0,0.571587737,22,0.029411765,0.764705882,S1 O1,de-protonated,0,-9999,C34 H26 O1 S1,34,26,1,-9999,-9999,1,-9999,-9999,-9999,-9999
2823,481.163611,481.163408973,481.163293121,1495803,-9999,193194.7,7.66,-1,0.240773748,0.989536188,0,0.593721713,9,0.391304348,1.347826087,P1 O9,de-protonated,0,-9999,C23 H31 O9 P1,23,31,9,-9999,1,-9999,-9999,-9999,-9999,-9999
2826,483.042187,483.041984418,483.041643357,1725122.3,-9999,262521.9,9.21,-1,0.706070145,0.913512217,0,0.54810733,12,0.789473684,0.842105263,O15,de-protonated,0,-9999,C19 H16 O15,19,16,15,-9999,-9999,-9999,-9999,-9999,-9999,-9999
2826,483.042187,483.041984418,483.042132614,1725122.3,-9999,262521.9,9.21,-1,-0.306797392,0.983066224,0,0.589839734,16,0.318181818,0.772727273,N2 S1 P1 O7,de-protonated,0,-9999,C22 H17 O7 N2 P1 S1,22,17,7,2,1,1,-9999,-9999,-9999,-9999
2827,483.07846,483.078257407,483.078028866,3618502.3,-9999,213288.8,21.99,-1,0.473093807,0.960202157,0,0.576121294,11,0.7,1,O14,de-protonated,0,-9999,C20 H20 O14,20,20,14,-9999,-9999,-9999,-9999,-9999,-9999,-9999
2827,483.07846,483.078257407,483.078518124,3618502.3,-9999,213288.8,21.99,-1,-0.539697206,0.948521221,0,0.569112733,15,0.260869565,0.913043478,N2 S1 P1 O6,de-protonated,0,-9999,C23 H21 O6 N2 P1 S1,23,21,6,2,1,1,-9999,-9999,-9999,-9999
2827,483.07846,483.078257407,483.077866675,3618502.3,-9999,213288.8,21.99,-1,0.808839693,0.888067381,0,0.532840429,6,0.533333333,1.666666667,N4 S2 P1 O8,de-protonated,0,-9999,C15 H25 O8 N4 P1 S2,15,25,8,4,1,2,-9999,-9999,-9999,-9999
2828,483.111347,483.111144398,483.11153233,2205897.8,-9999,223780.9,12.46,-1,-0.802986144,0.889589011,0,0.533753407,19,0.185185185,0.777777778,N2 P1 O5,de-protonated,0,-9999,C27 H21 O5 N2 P1,27,21,5,2,1,-9999,-9999,-9999,-9999,-9999
2828,483.111347,483.111144398,483.111261003,2205897.8,-9999,223780.9,12.46,-1,-0.241364083,0.989485085,0,0.593691051,5,0.588235294,1.647058824,N2 S2 O10,de-protonated,0,-9999,C17 H28 O10 N2 S2,17,28,10,2,-9999,2,-9999,-9999,-9999,-9999
2828,483.111347,483.111144398,483.110880881,2205897.8,-9999,223780.9,12.46,-1,0.545458246,0.947445877,0,0.568467526,10,0.368421053,1.315789474,N4 S1 P1 O7,de-protonated,0,-9999,C19 H25 O7 N4 P1 S1,19,25,7,4,1,1,-9999,-9999,-9999,-9999
2829,483.114786,483.114583397,483.114414376,3150538.3,-9999,239516.7,18.83,-1,0.34985739,0.978035458,0,0.586821275,10,0.619047619,1.142857143,O13,de-protonated,0,-9999,C21 H24 O13,21,24,13,-9999,-9999,-9999,-9999,-9999,-9999,-9999
2829,483.114786,483.114583397,483.114903633,3150538.3,-9999,239516.7,18.83,-1,-0.66285722,0.92337036,0,0.554022216,14,0.208333333,1.041666667,N2 S1 P1 O5,de-protonated,0,-9999,C24 H25 O5 N2 P1 S1,24,25,5,2,1,1,-9999,-9999,-9999,-9999
2829,483.114786,483.114583397,483.114252184,3150538.3,-9999,239516.7,18.83,-1,0.685577949,0.918251473,0,0.550950884,5,0.4375,1.8125,N4 S2 P1 O7,de-protonated,0,-9999,C16 H29 O7 N4 P1 S2,16,29,7,4,1,2,-9999,-9999,-9999,-9999
2830,483.151551,483.151348386,483.151669265,1509582.3,-9999,231680.4,7.75,-1,-0.664137055,0.923085857,0,0.553851514,8,0.304347826,1.391304348,S2 O7,de-protonated,0,-9999,C23 H32 O7 S2,23,32,7,-9999,-9999,2,-9999,-9999,-9999,-9999
2830,483.151551,483.151348386,483.151289142,1509582.3,-9999,231680.4,7.75,-1,0.122619135,0.997275555,0,0.598365333,13,0.16,1.16,N2 S1 P1 O4,de-protonated,0,-9999,C25 H29 O4 N2 P1 S1,25,29,4,2,1,1,-9999,-9999,-9999,-9999
2831,483.30001,483.299807342,483.299713226,1439198.8,-9999,218543.4,7.28,-1,0.194737111,0.993142624,0,0.595885575,0,0.347826087,2.086956522,S1 O8,de-protonated,0,-9999,C23 H48 O8 S1,23,48,8,-9999,-9999,1,-9999,-9999,-9999,-9999
2831,483.30001,483.299807342,483.299333103,1439198.8,-9999,218543.4,7.28,-1,0.981252978,0.839701161,0,0.503820696,5,0.2,1.8,N2 P1 O5,de-protonated,0,-9999,C25 H45 O5 N2 P1,25,45,5,2,1,-9999,-9999,-9999,-9999,-9999
2833,484.241705,484.241502064,484.24108995,4052809.5,-9999,230964.5,24.92,-1,0.851051449,0.43842418,0.748902347,0.562615447,15,0.064516129,1.161290323,N1 P1 O2,de-protonated,0,-9999,C31 H36 O2 N1 P1,31,36,2,1,1,-9999,-9999,-9999,-9999,-9999
2835,485.036325,485.036121829,485.036164053,1429158.8,-9999,197812.7,7.21,-1,-0.087053082,0.998625883,0,0.59917553,16,0.590909091,0.636363636,O13,de-protonated,0,-9999,C22 H14 O13,22,14,13,-9999,-9999,-9999,-9999,-9999,-9999,-9999
2835,485.036325,485.036121829,485.036001862,1429158.8,-9999,197812.7,7.21,-1,0.24733718,0.988961134,0,0.59337668,11,0.411764706,1.117647059,N4 S2 P1 O7,de-protonated,0,-9999,C17 H19 O7 N4 P1 S2,17,19,7,4,1,2,-9999,-9999,-9999,-9999
2836,485.057709,485.057505823,485.057293421,2514857.3,-9999,242059.6,14.54,-1,0.43788999,0.965805937,0,0.579483562,11,0.789473684,0.947368421,O15,de-protonated,0,-9999,C19 H18 O15,19,18,15,-9999,-9999,-9999,-9999,-9999,-9999,-9999
2836,485.057709,485.057505823,485.057782679,2514857.3,-9999,242059.6,14.54,-1,-0.570768322,0.942601462,0,0.565560877,15,0.318181818,0.863636364,N2 S1 P1 O7,de-protonated,0,-9999,C22 H19 O7 N2 P1 S1,22,19,7,2,1,1,-9999,-9999,-9999,-9999
2836,485.057709,485.057505823,485.05713123,2514857.3,-9999,242059.6,14.54,-1,0.772265861,0.897434619,0,0.538460771,6,0.642857143,1.642857143,N4 S2 P1 O9,de-protonated,0,-9999,C14 H23 O9 N4 P1 S2,14,23,9,4,1,2,-9999,-9999,-9999,-9999
2837,485.072989,485.072785819,485.072549563,1659307.1,-9999,168632.7,8.76,-1,0.487052776,0.957869884,0,0.57472193,15,0.52173913,0.782608696,O12,de-protonated,0,-9999,C23 H18 O12,23,18,12,-9999,-9999,-9999,-9999,-9999,-9999,-9999
2837,485.072989,485.072785819,485.07303882,1659307.1,-9999,168632.7,8.76,-1,-0.521573862,0.95183729,0,0.571102374,19,0.153846154,0.730769231,N2 S1 P1 O4,de-protonated,0,-9999,C26 H19 O4 N2 P1 S1,26,19,4,2,1,1,-9999,-9999,-9999,-9999
2837,485.072989,485.072785819,485.072387371,1659307.1,-9999,168632.7,8.76,-1,0.821418147,0.884769192,0,0.530861515,10,0.333333333,1.277777778,N4 S2 P1 O6,de-protonated,0,-9999,C18 H23 O6 N4 P1 S2,18,23,6,4,1,2,-9999,-9999,-9999,-9999
2838,485.094165,485.093961812,485.093678931,3360685.8,-9999,216032.7,20.25,-1,0.583148434,0.940161302,0,0.564096781,10,0.7,1.1,O14,de-protonated,0,-9999,C20 H22 O14,20,22,14,-9999,-9999,-9999,-9999,-9999,-9999,-9999
2838,485.094165,485.093961812,485.094168188,3360685.8,-9999,216032.7,20.25,-1,-0.425434367,0.96769222,0,0.580615332,14,0.260869565,1,N2 S1 P1 O6,de-protonated,0,-9999,C23 H23 O6 N2 P1 S1,23,23,6,2,1,1,-9999,-9999,-9999,-9999
2838,485.094165,485.093961812,485.093516739,3360685.8,-9999,216032.7,20.25,-1,0.917499274,0.858349091,0,0.515009455,5,0.533333333,1.8,N4 S2 P1 O8,de-protonated,0,-9999,C15 H27 O8 N4 P1 S2,15,27,8,4,1,2,-9999,-9999,-9999,-9999
2839,485.130414,485.130210802,485.13006444,2570162,-9999,233369.2,14.91,-1,0.30169552,0.98362014,0,0.590172084,9,0.619047619,1.238095238,O13,de-protonated,0,-9999,C21 H26 O13,21,26,13,-9999,-9999,-9999,-9999,-9999,-9999,-9999
2839,485.130414,485.130210802,485.130553697,2570162,-9999,233369.2,14.91,-1,-0.706811353,0.913338647,0,0.548003188,13,0.208333333,1.125,N2 S1 P1 O5,de-protonated,0,-9999,C24 H27 O5 N2 P1 S1,24,27,5,2,1,1,-9999,-9999,-9999,-9999
2839,485.130414,485.130210802,485.129902249,2570162,-9999,233369.2,14.91,-1,0.636021188,0.929228917,0,0.55753735,4,0.4375,1.9375,N4 S2 P1 O7,de-protonated,0,-9999,C16 H31 O7 N4 P1 S2,16,31,7,4,1,2,-9999,-9999,-9999,-9999
2840,485.225683,485.225479774,485.225105533,1760189.5,-9999,252286.4,9.44,-1,0.771272228,0.8976844,0,0.53861064,15,0.096774194,1.129032258,P1 O3,de-protonated,0,-9999,C31 H35 O3 P1,31,35,3,-9999,1,-9999,-9999,-9999,-9999,-9999
2840,485.225683,485.225479774,485.225302237,1760189.5,-9999,252286.4,9.44,-1,0.365883966,0.976001914,0,0.585601149,7,0.428571429,1.619047619,N4 O9,de-protonated,0,-9999,C21 H34 O9 N4,21,34,9,4,-9999,-9999,-9999,-9999,-9999,-9999
2841,485.327488,485.327284743,485.327248128,4163529.8,-9999,220486.5,25.67,-1,0.075444641,0.998545485,0.969489605,0.986923133,8,0.166666667,1.533333333,O5,de-protonated,0,-9999,C30 H46 O5,30,46,5,-9999,-9999,-9999,-9999,-9999,-9999,-9999
2842,486.220937,486.22073348,486.220354505,1945143.6,-9999,236415,10.69,-1,0.779429722,0.895626311,0,0.537375786,15,0.1,1.133333333,N1 P1 O3,de-protonated,0,-9999,C30 H34 O3 N1 P1,30,34,3,1,1,-9999,-9999,-9999,-9999,-9999
2843,486.257337,486.257133469,486.256740014,8102972,-9999,217084.6,52.27,-1,0.809149707,0.932384407,0.961591536,0.944067259,14,0.064516129,1.225806452,N1 P1 O2,de-protonated,0,-9999,C31 H38 O2 N1 P1,31,38,2,1,1,-9999,-9999,-9999,-9999,-9999
2844,486.330856,486.330652447,486.330602963,1583173.4,-9999,241695.6,8.25,-1,0.10174976,0.998123223,0.969489605,0.986669776,8,0.166666667,1.533333333,13C1 O5,de-protonated,1,2841,C29 H46 O5 13C1,29,46,5,-9999,-9999,-9999,1,-9999,-9999,-9999
2847,487.052175,487.051971234,487.051814118,1748641.6,-9999,227530.9,9.36,-1,0.322586746,0.981295196,0,0.588777118,15,0.590909091,0.727272727,O13,de-protonated,0,-9999,C22 H16 O13,22,16,13,-9999,-9999,-9999,-9999,-9999,-9999,-9999
2847,487.052175,487.051971234,487.052303375,1748641.6,-9999,227530.9,9.36,-1,-0.681940908,0.919080547,0,0.551448328,19,0.2,0.68,N2 S1 P1 O5,de-protonated,0,-9999,C25 H17 O5 N2 P1 S1,25,17,5,2,1,1,-9999,-9999,-9999,-9999
2847,487.052175,487.051971234,487.051651926,1748641.6,-9999,227530.9,9.36,-1,0.65559328,0.924976351,0,0.554985811,10,0.411764706,1.235294118,N4 S2 P1 O7,de-protonated,0,-9999,C17 H21 O7 N4 P1 S2,17,21,7,4,1,2,-9999,-9999,-9999,-9999
2848,487.073331,487.073127228,487.072943486,2641060.3,-9999,205231.1,15.39,-1,0.377237447,0.974508911,0,0.584705346,10,0.789473684,1.052631579,O15,de-protonated,0,-9999,C19 H20 O15,19,20,15,-9999,-9999,-9999,-9999,-9999,-9999,-9999
2848,487.073331,487.073127228,487.073432743,2641060.3,-9999,205231.1,15.39,-1,-0.627246686,0.931099734,0,0.55865984,14,0.318181818,0.954545455,N2 S1 P1 O7,de-protonated,0,-9999,C22 H21 O7 N2 P1 S1,22,21,7,2,1,1,-9999,-9999,-9999,-9999
2848,487.073331,487.073127228,487.072781294,2641060.3,-9999,205231.1,15.39,-1,0.710229553,0.912536277,0,0.547521766,5,0.642857143,1.785714286,N4 S2 P1 O9,de-protonated,0,-9999,C14 H25 O9 N4 P1 S2,14,25,9,4,1,2,-9999,-9999,-9999,-9999
2849,487.088739,487.088535223,487.088199627,1789606.3,-9999,210601.4,9.64,-1,0.688984694,0.91747158,0,0.550482948,14,0.52173913,0.869565217,O12,de-protonated,0,-9999,C23 H20 O12,23,20,12,-9999,-9999,-9999,-9999,-9999,-9999,-9999
2849,487.088739,487.088535223,487.088688884,1789606.3,-9999,210601.4,9.64,-1,-0.31546829,0.982104248,0,0.589262549,18,0.153846154,0.807692308,N2 S1 P1 O4,de-protonated,0,-9999,C26 H21 O4 N2 P1 S1,26,21,4,2,1,1,-9999,-9999,-9999,-9999
2850,487.109722,487.109518217,487.109328995,2440873,-9999,225127.9,14.04,-1,0.388459115,0.972990759,0,0.583794455,9,0.7,1.2,O14,de-protonated,0,-9999,C20 H24 O14,20,24,14,-9999,-9999,-9999,-9999,-9999,-9999,-9999
2850,487.109722,487.109518217,487.109818253,2440873,-9999,225127.9,14.04,-1,-0.615949997,0.93347545,0,0.56008527,13,0.260869565,1.086956522,N2 S1 P1 O6,de-protonated,0,-9999,C23 H25 O6 N2 P1 S1,23,25,6,2,1,1,-9999,-9999,-9999,-9999
2850,487.109722,487.109518217,487.109166804,2440873,-9999,225127.9,14.04,-1,0.721426352,0.909885916,0,0.54593155,4,0.533333333,1.933333333,N4 S2 P1 O8,de-protonated,0,-9999,C15 H29 O8 N4 P1 S2,15,29,8,4,1,2,-9999,-9999,-9999,-9999
2851,487.114641,487.114437216,487.114689158,2287273.8,-9999,232866.2,13,-1,-0.51721272,0.952620038,0,0.571572023,18,0.307692308,0.769230769,N2 O8,de-protonated,0,-9999,C26 H20 O8 N2,26,20,8,2,-9999,-9999,-9999,-9999,-9999,-9999
2851,487.114641,487.114437216,487.114037709,2287273.8,-9999,232866.2,13,-1,0.820150387,0.885103358,0,0.531062015,9,0.555555556,1.333333333,N4 S1 O10,de-protonated,0,-9999,C18 H24 O10 N4 S1,18,24,10,4,-9999,1,-9999,-9999,-9999,-9999
2852,487.19449,487.194286192,487.194474109,1725108,-9999,217599.4,9.21,-1,-0.38571248,0.973366237,0,0.584019742,20,0.03125,0.90625,N2 P1 O1,de-protonated,0,-9999,C32 H29 O1 N2 P1,32,29,1,2,1,-9999,-9999,-9999,-9999,-9999
2852,487.19449,487.194286192,487.194202783,1725108,-9999,217599.4,9.21,-1,0.171203127,0.994695764,0,0.596817458,6,0.272727273,1.636363636,N2 S2 O6,de-protonated,0,-9999,C22 H36 O6 N2 S2,22,36,6,2,-9999,2,-9999,-9999,-9999,-9999
2852,487.19449,487.194286192,487.193822661,1725108,-9999,217599.4,9.21,-1,0.95143179,0.848528654,0,0.509117192,11,0.125,1.375,N4 S1 P1 O3,de-protonated,0,-9999,C24 H33 O3 N4 P1 S1,24,33,3,4,1,1,-9999,-9999,-9999,-9999
2853,487.216074,487.215870186,487.2159836,2705590.8,-9999,257607.3,15.83,-1,-0.2327796,0.990216136,0,0.594129682,10,0.222222222,1.333333333,S1 O6,de-protonated,0,-9999,C27 H36 O6 S1,27,36,6,-9999,-9999,1,-9999,-9999,-9999,-9999
2853,487.216074,487.215870186,487.215603477,2705590.8,-9999,257607.3,15.83,-1,0.547413868,0.947078528,0,0.568247117,15,0.103448276,1.137931034,N2 P1 O3,de-protonated,0,-9999,C29 H33 O3 N2 P1,29,33,3,2,1,-9999,-9999,-9999,-9999,-9999
2854,487.241449,487.241245178,487.240952302,6716602,-9999,217295.2,42.91,-1,0.60109179,0.468271675,0.81490939,0.606926761,6,0.428571429,1.714285714,N4 O9,de-protonated,0,-9999,C21 H36 O9 N4,21,36,9,4,-9999,-9999,-9999,-9999,-9999,-9999
2855,487.260474,487.260270173,487.260094849,2188988.8,-9999,235174.1,12.34,-1,0.359814503,0.976782256,0.961591536,0.970705968,14,0.064516129,1.225806452,13C1 N1 P1 O2,de-protonated,1,2843,C30 H38 O2 N1 P1 13C1,30,38,2,1,1,-9999,1,-9999,-9999,-9999
2855,487.260474,487.260270173,487.260231195,2188988.8,-9999,235174.1,12.34,-1,0.079993454,0.998839592,0,0.599303755,14,0.133333333,1.2,N2 O4,de-protonated,0,-9999,C30 H36 O4 N2,30,36,4,2,-9999,-9999,-9999,-9999,-9999,-9999
2856,488.200203,488.199998895,488.19961906,3647802,-9999,219399.8,22.19,-1,0.778032358,0.447990029,0.761234226,0.573287708,15,0.137931034,1.103448276,N1 P1 O4,de-protonated,0,-9999,C29 H32 O4 N1 P1,29,32,4,1,1,-9999,-9999,-9999,-9999,-9999
2858,489.031748,489.03154365,489.031948053,1466796.9,-9999,240279.1,7.46,-1,-0.826945965,0.883307581,0,0.529984549,14,0.409090909,0.818181818,S2 O9,de-protonated,0,-9999,C22 H18 O9 S2,22,18,9,-9999,-9999,2,-9999,-9999,-9999,-9999
2858,489.031748,489.03154365,489.031078673,1466796.9,-9999,240279.1,7.46,-1,0.950812523,0.848710043,0,0.509226026,15,0.666666667,0.666666667,O14,de-protonated,0,-9999,C21 H14 O14,21,14,14,-9999,-9999,-9999,-9999,-9999,-9999,-9999
2858,489.031748,489.03154365,489.03156793,1466796.9,-9999,240279.1,7.46,-1,-0.04965012,0.999552805,0,0.599731683,19,0.25,0.625,N2 S1 P1 O6,de-protonated,0,-9999,C24 H15 O6 N2 P1 S1,24,15,6,2,1,1,-9999,-9999,-9999,-9999
2859,489.06795,489.067745639,489.067464182,2359730,-9999,239771,13.49,-1,0.575496952,0.941674869,0,0.565004921,14,0.590909091,0.818181818,O13,de-protonated,0,-9999,C22 H18 O13,22,18,13,-9999,-9999,-9999,-9999,-9999,-9999,-9999
2859,489.06795,489.067745639,489.06795344,2359730,-9999,239771,13.49,-1,-0.424890883,0.967773369,0,0.580664021,18,0.2,0.76,N2 S1 P1 O5,de-protonated,0,-9999,C25 H19 O5 N2 P1 S1,25,19,5,2,1,1,-9999,-9999,-9999,-9999
2859,489.06795,489.067745639,489.067301991,2359730,-9999,239771,13.49,-1,0.907131111,0.861300572,0,0.516780343,9,0.411764706,1.352941176,N4 S2 P1 O7,de-protonated,0,-9999,C17 H23 O7 N4 P1 S2,17,23,7,4,1,2,-9999,-9999,-9999,-9999
2860,489.104124,489.10391962800003,489.103849692,2011063.1,-9999,183885.5,11.13,-1,0.142989684,0.996296964,0,0.597778179,13,0.52173913,0.956521739,O12,de-protonated,0,-9999,C23 H22 O12,23,22,12,-9999,-9999,-9999,-9999,-9999,-9999,-9999
2860,489.104124,489.10391962800003,489.104338949,2011063.1,-9999,183885.5,11.13,-1,-0.857323299,0.87514528,0,0.525087168,17,0.153846154,0.884615385,N2 S1 P1 O4,de-protonated,0,-9999,C26 H23 O4 N2 P1 S1,26,23,4,2,1,1,-9999,-9999,-9999,-9999
2860,489.104124,489.10391962800003,489.1036875,2011063.1,-9999,183885.5,11.13,-1,0.474599028,0.959953656,0,0.575972193,8,0.333333333,1.5,N4 S2 P1 O6,de-protonated,0,-9999,C18 H27 O6 N4 P1 S2,18,27,6,4,1,2,-9999,-9999,-9999,-9999
2861,489.112026,489.111821626,489.111733004,2050488.3,-9999,232691.3,11.4,-1,0.181189278,0.994060828,0,0.596436497,16,0.071428571,0.964285714,S2 P1 O2,de-protonated,0,-9999,C28 H27 O2 P1 S2,28,27,2,-9999,1,2,-9999,-9999,-9999,-9999
2861,489.112026,489.111821626,489.112201035,2050488.3,-9999,232691.3,11.4,-1,-0.775709229,0.89656707,0,0.537940242,22,0.107142857,0.678571429,N4 P1 O3,de-protonated,0,-9999,C28 H19 O3 N4 P1,28,19,3,4,1,-9999,-9999,-9999,-9999,-9999
2861,489.112026,489.111821626,489.111929709,2050488.3,-9999,232691.3,11.4,-1,-0.220977412,0.991178813,0,0.594707288,8,0.444444444,1.444444444,N4 S2 O8,de-protonated,0,-9999,C18 H26 O8 N4 S2,18,26,8,4,-9999,2,-9999,-9999,-9999,-9999
2862,489.140372,489.140167618,489.140235201,1754556.3,-9999,193525.8,9.4,-1,-0.138167427,0.996542094,0,0.597925256,12,0.458333333,1.083333333,O11,de-protonated,0,-9999,C24 H26 O11,24,26,11,-9999,-9999,-9999,-9999,-9999,-9999,-9999
2862,489.140372,489.140167618,489.14007301,1754556.3,-9999,193525.8,9.4,-1,0.193417157,0.993234956,0,0.595940973,7,0.263157895,1.631578947,N4 S2 P1 O5,de-protonated,0,-9999,C19 H31 O5 N4 P1 S2,19,31,5,4,1,2,-9999,-9999,-9999,-9999
2863,489.203765,489.203560599,489.203979621,1580485.1,-9999,219297.3,8.23,-1,-0.856537931,0.875359045,0,0.525215427,14,0.034482759,1.172413793,N2 S2 O1,de-protonated,0,-9999,C29 H34 O1 N2 S2,29,34,1,2,-9999,2,-9999,-9999,-9999,-9999
2863,489.203765,489.203560599,489.203110241,1580485.1,-9999,219297.3,8.23,-1,0.920595344,0.857463216,0,0.51447793,15,0.214285714,1.071428571,N2 O6,de-protonated,0,-9999,C28 H30 O6 N2,28,30,6,2,-9999,-9999,-9999,-9999,-9999,-9999
2864,489.220453,489.220248594,489.220020152,2527687.5,-9999,209823,14.62,-1,0.466950654,0.961208819,0,0.576725291,14,0.133333333,1.166666667,P1 O4,de-protonated,0,-9999,C30 H35 O4 P1,30,35,4,-9999,1,-9999,-9999,-9999,-9999,-9999
2864,489.220453,489.220248594,489.220216857,2527687.5,-9999,209823,14.62,-1,0.064872867,0.999236667,0,0.599542,6,0.5,1.7,N4 O10,de-protonated,0,-9999,C20 H34 O10 N4,20,34,10,4,-9999,-9999,-9999,-9999,-9999,-9999
2865,489.23618,489.235975589,489.236342378,1496009.8,-9999,268656.1,7.66,-1,-0.74971676,0.903040559,0,0.541824336,9,0.08,1.52,N4 S2 O2,de-protonated,0,-9999,C25 H38 O2 N4 S2,25,38,2,4,-9999,2,-9999,-9999,-9999,-9999
2866,490.128801,490.128596326,490.128111345,1662282.8,-9999,195146.7,8.78,-1,0.989499121,0.837228746,0,0.502337248,11,0.166666667,1.25,N1 S2 P1 O4,de-protonated,0,-9999,C24 H30 O4 N1 P1 S2,24,30,4,1,1,2,-9999,-9999,-9999,-9999
2866,490.128801,490.128596326,490.128959498,1662282.8,-9999,195146.7,8.78,-1,-0.740971999,0.905179062,0,0.543107437,12,0.363636364,1.136363636,N3 S1 O8,de-protonated,0,-9999,C22 H25 O8 N3 S1,22,25,8,3,-9999,1,-9999,-9999,-9999,-9999
2867,490.215943,490.2157383,490.215269125,1467479.6,-9999,255183.6,7.46,-1,0.957080523,0.846870436,0,0.508122262,14,0.137931034,1.172413793,N1 P1 O4,de-protonated,0,-9999,C29 H34 O4 N1 P1,29,34,4,1,1,-9999,-9999,-9999,-9999,-9999
2869,491.047002,491.046797055,491.046728737,2078420.4,-9999,230494.7,11.59,-1,0.139126073,0.996494028,0,0.597896417,14,0.666666667,0.761904762,O14,de-protonated,0,-9999,C21 H16 O14,21,16,14,-9999,-9999,-9999,-9999,-9999,-9999,-9999
2869,491.047002,491.046797055,491.047217995,2078420.4,-9999,230494.7,11.59,-1,-0.857229064,0.875170937,0,0.525102562,18,0.25,0.708333333,N2 S1 P1 O6,de-protonated,0,-9999,C24 H17 O6 N2 P1 S1,24,17,6,2,1,1,-9999,-9999,-9999,-9999
2869,491.047002,491.046797055,491.046566546,2078420.4,-9999,230494.7,11.59,-1,0.469423368,0.960805077,0,0.576483046,9,0.5,1.3125,N4 S2 P1 O8,de-protonated,0,-9999,C16 H21 O8 N4 P1 S2,16,21,8,4,1,2,-9999,-9999,-9999,-9999
2870,491.083411,491.083206044,491.083114247,2087130,-9999,236742.3,11.65,-1,0.186928242,0.993679846,0,0.596207908,13,0.590909091,0.909090909,O13,de-protonated,0,-9999,C22 H20 O13,22,20,13,-9999,-9999,-9999,-9999,-9999,-9999,-9999
2870,491.083411,491.083206044,491.083603504,2087130,-9999,236742.3,11.65,-1,-0.80935312,0.887933514,0,0.532760108,17,0.2,0.84,N2 S1 P1 O5,de-protonated,0,-9999,C25 H21 O5 N2 P1 S1,25,21,5,2,1,1,-9999,-9999,-9999,-9999
2870,491.083411,491.083206044,491.082952055,2087130,-9999,236742.3,11.65,-1,0.51720108,0.952622119,0,0.571573271,8,0.411764706,1.470588235,N4 S2 P1 O7,de-protonated,0,-9999,C17 H25 O7 N4 P1 S2,17,25,7,4,1,2,-9999,-9999,-9999,-9999
2871,491.120175,491.119970033,491.120369136,1690847.6,-9999,254802.4,8.97,-1,-0.812637383,0.887075665,0,0.532245399,11,0.291666667,1.166666667,S2 O7,de-protonated,0,-9999,C24 H28 O7 S2,24,28,7,-9999,-9999,2,-9999,-9999,-9999,-9999
2871,491.120175,491.119970033,491.119499756,1690847.6,-9999,254802.4,8.97,-1,0.957561446,0.846728955,0,0.508037373,12,0.52173913,1.043478261,O12,de-protonated,0,-9999,C23 H24 O12,23,24,12,-9999,-9999,-9999,-9999,-9999,-9999,-9999
2871,491.120175,491.119970033,491.119989013,1690847.6,-9999,254802.4,8.97,-1,-0.038646872,0.999729028,0,0.599837417,16,0.153846154,0.961538462,N2 S1 P1 O4,de-protonated,0,-9999,C26 H25 O4 N2 P1 S1,26,25,4,2,1,1,-9999,-9999,-9999,-9999
2872,491.156221,491.156016022,491.155885265,2578149,-9999,188259.1,14.96,-1,0.266223229,0.987222198,0,0.592333319,11,0.458333333,1.166666667,O11,de-protonated,0,-9999,C24 H28 O11,24,28,11,-9999,-9999,-9999,-9999,-9999,-9999,-9999
2872,491.156221,491.156016022,491.156374523,2578149,-9999,188259.1,14.96,-1,-0.7299106,0.907855256,0,0.544713153,15,0.111111111,1.074074074,N2 S1 P1 O3,de-protonated,0,-9999,C27 H29 O3 N2 P1 S1,27,29,3,2,1,1,-9999,-9999,-9999,-9999
2872,491.156221,491.156016022,491.155723074,2578149,-9999,188259.1,14.96,-1,0.596447159,0.937489025,0,0.562493415,6,0.263157895,1.736842105,N4 S2 P1 O5,de-protonated,0,-9999,C19 H33 O5 N4 P1 S2,19,33,5,4,1,2,-9999,-9999,-9999,-9999
2873,491.206178,491.205973008,491.206027314,1540844.8,-9999,229105.3,7.96,-1,-0.110557345,0.997784624,0,0.598670774,4,0.217391304,1.782608696,S2 P1 O5,de-protonated,0,-9999,C23 H41 O5 P1 S2,23,41,5,-9999,1,2,-9999,-9999,-9999,-9999
2874,491.293656,491.293450982,491.293185094,2177274.3,-9999,239173.5,12.25,-1,0.541199483,0.948241792,0,0.568945075,7,0.178571429,1.607142857,P1 O5,de-protonated,0,-9999,C28 H45 O5 P1,28,45,5,-9999,1,-9999,-9999,-9999,-9999,-9999
2875,492.183949,492.183743719,492.183496995,2334086.3,-9999,211961.2,13.31,-1,0.501284819,0.955428259,0,0.573256956,6,0.631578947,1.631578947,N3 O12,de-protonated,0,-9999,C19 H31 O12 N3,19,31,12,3,-9999,-9999,-9999,-9999,-9999,-9999
2876,493.062642,493.06243646,493.062378802,2916373.3,-9999,227468.2,17.24,-1,0.116938182,0.997521849,0,0.598513109,13,0.666666667,0.857142857,O14,de-protonated,0,-9999,C21 H18 O14,21,18,14,-9999,-9999,-9999,-9999,-9999,-9999,-9999
2876,493.062642,493.06243646,493.062868059,2916373.3,-9999,227468.2,17.24,-1,-0.875343815,0.870201187,0,0.522120712,17,0.25,0.791666667,N2 S1 P1 O6,de-protonated,0,-9999,C24 H19 O6 N2 P1 S1,24,19,6,2,1,1,-9999,-9999,-9999,-9999
2876,493.062642,493.06243646,493.06221661,2916373.3,-9999,227468.2,17.24,-1,0.445885206,0.96456846,0,0.578741076,8,0.5,1.4375,N4 S2 P1 O8,de-protonated,0,-9999,C16 H23 O8 N4 P1 S2,16,23,8,4,1,2,-9999,-9999,-9999,-9999
2877,493.099229,493.099023449,493.098764311,3289115.5,-9999,214902.3,19.76,-1,0.52552893,0.951122306,0,0.570673383,12,0.590909091,1,O13,de-protonated,0,-9999,C22 H22 O13,22,22,13,-9999,-9999,-9999,-9999,-9999,-9999,-9999
2877,493.099229,493.099023449,493.099253568,3289115.5,-9999,214902.3,19.76,-1,-0.466680253,0.961252851,0,0.57675171,16,0.2,0.92,N2 S1 P1 O5,de-protonated,0,-9999,C25 H23 O5 N2 P1 S1,25,23,5,2,1,1,-9999,-9999,-9999,-9999
2877,493.099229,493.099023449,493.09860212,3289115.5,-9999,214902.3,19.76,-1,0.854451815,0.875926154,0,0.525555692,7,0.411764706,1.588235294,N4 S2 P1 O7,de-protonated,0,-9999,C17 H27 O7 N4 P1 S2,17,27,7,4,1,2,-9999,-9999,-9999,-9999
2878,493.127016,493.126810441,493.12677467,1437728.1,-9999,230070.2,7.26,-1,0.0725378,0.999045721,0,0.599427433,24,0.058823529,0.647058824,S1 O2,de-protonated,0,-9999,C34 H22 O2 S1,34,22,2,-9999,-9999,1,-9999,-9999,-9999,-9999
2878,493.127016,493.126810441,493.126907612,1437728.1,-9999,230070.2,7.26,-1,-0.197051503,0.992979237,0,0.595787542,11,0.434782609,1.173913043,P1 O10,de-protonated,0,-9999,C23 H27 O10 P1,23,27,10,-9999,1,-9999,-9999,-9999,-9999,-9999
2879,493.135551,493.135345438,493.13514982,2525217.5,-9999,225449.9,14.6,-1,0.396681501,0.971851681,0,0.583111008,11,0.52173913,1.130434783,O12,de-protonated,0,-9999,C23 H26 O12,23,26,12,-9999,-9999,-9999,-9999,-9999,-9999,-9999
2879,493.135551,493.135345438,493.135639078,2525217.5,-9999,225449.9,14.6,-1,-0.595454344,0.93769034,0,0.562614204,15,0.153846154,1.038461538,N2 S1 P1 O4,de-protonated,0,-9999,C26 H27 O4 N2 P1 S1,26,27,4,2,1,1,-9999,-9999,-9999,-9999
2879,493.135551,493.135345438,493.134987629,2525217.5,-9999,225449.9,14.6,-1,0.725580075,0.908894144,0,0.545336486,6,0.333333333,1.722222222,N4 S2 P1 O6,de-protonated,0,-9999,C18 H31 O6 N4 P1 S2,18,31,6,4,1,2,-9999,-9999,-9999,-9999
2880,493.194401,493.194195421,493.193805404,1868587.3,-9999,183931.9,10.17,-1,0.790798205,0.892730016,0,0.53563801,18,0.09375,0.96875,P1 O3,de-protonated,0,-9999,C32 H31 O3 P1,32,31,3,-9999,1,-9999,-9999,-9999,-9999,-9999
2880,493.194401,493.194195421,493.194002108,1868587.3,-9999,183931.9,10.17,-1,0.391959929,0.972508531,0,0.583505119,10,0.409090909,1.363636364,N4 O9,de-protonated,0,-9999,C22 H30 O9 N4,22,30,9,4,-9999,-9999,-9999,-9999,-9999,-9999
2881,493.231002,493.23079641,493.231256998,3918897.5,-9999,204960,24.01,-1,-0.933817016,0.853656975,0,0.512194185,8,0.125,1.583333333,N4 S2 O3,de-protonated,0,-9999,C24 H38 O3 N4 S2,24,38,3,4,-9999,2,-9999,-9999,-9999,-9999
2881,493.231002,493.23079641,493.230387618,3918897.5,-9999,204960,24.01,-1,0.828805644,0.882814206,0,0.529688523,9,0.347826087,1.47826087,N4 O8,de-protonated,0,-9999,C23 H34 O8 N4,23,34,8,4,-9999,-9999,-9999,-9999,-9999,-9999
2882,493.242314,493.242108407,493.241804425,1841715.3,-9999,207967.9,9.99,-1,0.616292996,0.933403864,0,0.560042318,12,0.133333333,1.266666667,S1 O4,de-protonated,0,-9999,C30 H38 O4 S1,30,38,4,-9999,-9999,1,-9999,-9999,-9999,-9999
2886,495.042058,495.041851875,495.041643357,2033515.1,-9999,252078.6,11.28,-1,0.421213612,0.968319881,0,0.580991929,13,0.75,0.8,O15,de-protonated,0,-9999,C20 H16 O15,20,16,15,-9999,-9999,-9999,-9999,-9999,-9999,-9999
2886,495.042058,495.041851875,495.042132614,2033515.1,-9999,252078.6,11.28,-1,-0.56710137,0.943315373,0,0.565989224,17,0.304347826,0.739130435,N2 S1 P1 O7,de-protonated,0,-9999,C23 H17 O7 N2 P1 S1,23,17,7,2,1,1,-9999,-9999,-9999,-9999
2886,495.042058,495.041851875,495.041481166,2033515.1,-9999,252078.6,11.28,-1,0.748845546,0.903254509,0,0.541952706,8,0.6,1.4,N4 S2 P1 O9,de-protonated,0,-9999,C15 H21 O9 N4 P1 S2,15,21,9,4,1,2,-9999,-9999,-9999,-9999
2887,495.078471,495.078264864,495.078028866,3764593.8,-9999,218620.8,22.97,-1,0.476688852,0.959607439,0,0.575764464,12,0.666666667,0.952380952,O14,de-protonated,0,-9999,C21 H20 O14,21,20,14,-9999,-9999,-9999,-9999,-9999,-9999,-9999
2887,495.078471,495.078264864,495.078518124,3764593.8,-9999,218620.8,22.97,-1,-0.511553548,0.953626906,0,0.572176143,16,0.25,0.875,N2 S1 P1 O6,de-protonated,0,-9999,C24 H21 O6 N2 P1 S1,24,21,6,2,1,1,-9999,-9999,-9999,-9999
2887,495.078471,495.078264864,495.077866675,3764593.8,-9999,218620.8,22.97,-1,0.804296726,0.88924906,0,0.533549436,7,0.5,1.5625,N4 S2 P1 O8,de-protonated,0,-9999,C16 H25 O8 N4 P1 S2,16,25,8,4,1,2,-9999,-9999,-9999,-9999
2888,495.114881,495.114674854,495.114414376,2437496.3,-9999,241082.4,14.01,-1,0.526096736,0.95101926,0,0.570611556,11,0.590909091,1.090909091,O13,de-protonated,0,-9999,C22 H24 O13,22,24,13,-9999,-9999,-9999,-9999,-9999,-9999,-9999
2888,495.114881,495.114674854,495.114903633,2437496.3,-9999,241082.4,14.01,-1,-0.462073089,0.961999461,0,0.577199677,15,0.2,1,N2 S1 P1 O5,de-protonated,0,-9999,C25 H25 O5 N2 P1 S1,25,25,5,2,1,1,-9999,-9999,-9999,-9999
2888,495.114881,495.114674854,495.114252184,2437496.3,-9999,241082.4,14.01,-1,0.85368055,0.876135564,0,0.525681338,6,0.411764706,1.705882353,N4 S2 P1 O7,de-protonated,0,-9999,C17 H29 O7 N4 P1 S2,17,29,7,4,1,2,-9999,-9999,-9999,-9999
2889,495.151206,495.150999843,495.150799885,1739646.8,-9999,272393.6,9.3,-1,0.403832534,0.970842739,0,0.582505643,10,0.52173913,1.217391304,O12,de-protonated,0,-9999,C23 H28 O12,23,28,12,-9999,-9999,-9999,-9999,-9999,-9999,-9999
2889,495.151206,495.150999843,495.151289142,1739646.8,-9999,272393.6,9.3,-1,-0.584264555,0.939939052,0,0.563963431,14,0.153846154,1.115384615,N2 S1 P1 O4,de-protonated,0,-9999,C26 H29 O4 N2 P1 S1,26,29,4,2,1,1,-9999,-9999,-9999,-9999
2889,495.151206,495.150999843,495.150637694,1739646.8,-9999,272393.6,9.3,-1,0.731392236,0.907498668,0,0.544499201,5,0.333333333,1.833333333,N4 S2 P1 O6,de-protonated,0,-9999,C18 H33 O6 N4 P1 S2,18,33,6,4,1,2,-9999,-9999,-9999,-9999
2890,495.183683,495.183476833,495.183162642,6556036.5,-9999,220398.5,41.82,-1,0.634494641,0.464777994,0.829532115,0.610679643,5,0.684210526,1.684210526,N2 O13,de-protonated,0,-9999,C19 H32 O13 N2,19,32,13,2,-9999,-9999,-9999,-9999,-9999,-9999
2890,495.183683,495.183476833,495.1836519,6556036.5,-9999,220398.5,41.82,-1,-0.353538099,0.488788057,0.807789663,0.616388699,9,0.227272727,1.5,N4 S1 P1 O5,de-protonated,0,-9999,C22 H33 O5 N4 P1 S1,22,33,5,4,1,1,-9999,-9999,-9999,-9999
2891,495.209605,495.209398826,495.209455468,1562505.3,-9999,145096.7,8.1,-1,-0.114381258,0.997628909,0,0.598577346,17,0.09375,1.03125,P1 O3,de-protonated,0,-9999,C32 H33 O3 P1,32,33,3,-9999,1,-9999,-9999,-9999,-9999,-9999
2891,495.209605,495.209398826,495.209184142,1562505.3,-9999,145096.7,8.1,-1,0.433520796,0.966473386,0,0.579884032,3,0.363636364,1.818181818,S2 O8,de-protonated,0,-9999,C22 H40 O8 S2,22,40,8,-9999,-9999,2,-9999,-9999,-9999,-9999
2891,495.209605,495.209398826,495.209652173,1562505.3,-9999,145096.7,8.1,-1,-0.511595784,0.953619428,0,0.572171657,9,0.409090909,1.454545455,N4 O9,de-protonated,0,-9999,C22 H32 O9 N4,22,32,9,4,-9999,-9999,-9999,-9999,-9999,-9999
2895,497.057774,497.05756728,497.057293421,2965220,-9999,231180.2,17.43,-1,0.550959969,0.946409434,0,0.56784566,12,0.75,0.9,O15,de-protonated,0,-9999,C20 H18 O15,20,18,15,-9999,-9999,-9999,-9999,-9999,-9999,-9999
2895,497.057774,497.05756728,497.057782679,2965220,-9999,231180.2,17.43,-1,-0.433347362,0.966499752,0,0.579899851,16,0.304347826,0.826086957,N2 S1 P1 O7,de-protonated,0,-9999,C23 H19 O7 N2 P1 S1,23,19,7,2,1,1,-9999,-9999,-9999,-9999
2895,497.057774,497.05756728,497.05713123,2965220,-9999,231180.2,17.43,-1,0.877263344,0.869670155,0,0.521802093,7,0.6,1.533333333,N4 S2 P1 O9,de-protonated,0,-9999,C15 H23 O9 N4 P1 S2,15,23,9,4,1,2,-9999,-9999,-9999,-9999
2896,497.094458,497.094251269,497.094548311,2609899.3,-9999,214115.5,15.05,-1,-0.597555095,0.937264023,0,0.562358414,10,0.409090909,1.181818182,S2 O9,de-protonated,0,-9999,C22 H26 O9 S2,22,26,9,-9999,-9999,2,-9999,-9999,-9999,-9999
2896,497.094458,497.094251269,497.094168188,2609899.3,-9999,214115.5,15.05,-1,0.167133604,0.994944301,0,0.59696658,15,0.25,0.958333333,N2 S1 P1 O6,de-protonated,0,-9999,C24 H23 O6 N2 P1 S1,24,23,6,2,1,1,-9999,-9999,-9999,-9999
2897,497.130434,497.130227259,497.13006444,3120882.3,-9999,220879.4,18.47,-1,0.327516941,0.980724672,0,0.588434803,10,0.590909091,1.181818182,O13,de-protonated,0,-9999,C22 H26 O13,22,26,13,-9999,-9999,-9999,-9999,-9999,-9999,-9999
2897,497.130434,497.130227259,497.130553697,3120882.3,-9999,220879.4,18.47,-1,-0.656646085,0.92474451,0,0.554846706,14,0.2,1.08,N2 S1 P1 O5,de-protonated,0,-9999,C25 H27 O5 N2 P1 S1,25,27,5,2,1,1,-9999,-9999,-9999,-9999
2897,497.130434,497.130227259,497.129902249,3120882.3,-9999,220879.4,18.47,-1,0.653772478,0.925376574,0,0.555225945,5,0.411764706,1.823529412,N4 S2 P1 O7,de-protonated,0,-9999,C17 H31 O7 N4 P1 S2,17,31,7,4,1,2,-9999,-9999,-9999,-9999
2899,498.257263,498.257055926,498.256740014,2137555,-9999,208486.9,11.88,-1,0.634033526,0.929654654,0,0.557792792,15,0.0625,1.1875,N1 P1 O2,de-protonated,0,-9999,C32 H38 O2 N1 P1,32,38,2,1,1,-9999,-9999,-9999,-9999,-9999
2902,499.037043,499.036835696,499.036557976,1529972.4,-9999,247411.5,7.81,-1,0.556510681,0.945354387,0,0.567212632,12,0.842105263,0.842105263,O16,de-protonated,0,-9999,C19 H16 O16,19,16,16,-9999,-9999,-9999,-9999,-9999,-9999,-9999
2902,499.037043,499.036835696,499.037047234,1529972.4,-9999,247411.5,7.81,-1,-0.423892728,0.967922153,0,0.580753292,16,0.363636364,0.772727273,N2 S1 P1 O8,de-protonated,0,-9999,C22 H17 O8 N2 P1 S1,22,17,8,2,1,1,-9999,-9999,-9999,-9999
2902,499.037043,499.036835696,499.036395785,1529972.4,-9999,247411.5,7.81,-1,0.881519882,0.868489611,0,0.521093766,7,0.714285714,1.5,N4 S2 P1 O10,de-protonated,0,-9999,C14 H21 O10 N4 P1 S2,14,21,10,4,1,2,-9999,-9999,-9999,-9999
2903,499.07348,499.073272685,499.072943486,2835580,-9999,233280,16.56,-1,0.659621146,0.924087667,0,0.5544526,11,0.75,1,O15,de-protonated,0,-9999,C20 H20 O15,20,20,15,-9999,-9999,-9999,-9999,-9999,-9999,-9999
2903,499.07348,499.073272685,499.073432743,2835580,-9999,233280,16.56,-1,-0.320710887,0.981510085,0,0.588906051,15,0.304347826,0.913043478,N2 S1 P1 O7,de-protonated,0,-9999,C23 H21 O7 N2 P1 S1,23,21,7,2,1,1,-9999,-9999,-9999,-9999
2903,499.07348,499.073272685,499.072781294,2835580,-9999,233280,16.56,-1,0.984606685,0.838697247,0,0.503218348,6,0.6,1.666666667,N4 S2 P1 O9,de-protonated,0,-9999,C15 H25 O9 N4 P1 S2,15,25,9,4,1,2,-9999,-9999,-9999,-9999
2904,499.090368,499.09016068,499.090406418,1749631.6,-9999,235477.7,9.28,-1,-0.492370914,0.956965015,0,0.574179009,19,0.115384615,0.769230769,N4 S2 O3,de-protonated,0,-9999,C26 H20 O3 N4 S2,26,20,3,4,-9999,2,-9999,-9999,-9999,-9999
2904,499.090368,499.09016068,499.090539359,1749631.6,-9999,235477.7,9.28,-1,-0.758738745,0.900813358,0,0.540488015,6,0.733333333,1.666666667,N4 S1 P1 O11,de-protonated,0,-9999,C15 H25 O11 N4 P1 S1,15,25,11,4,1,1,-9999,-9999,-9999,-9999
2905,499.109693,499.109485674,499.109328995,2721923.8,-9999,241432.5,15.8,-1,0.313917244,0.982278225,0,0.589366935,10,0.666666667,1.142857143,O14,de-protonated,0,-9999,C21 H24 O14,21,24,14,-9999,-9999,-9999,-9999,-9999,-9999,-9999
2905,499.109693,499.109485674,499.109818253,2721923.8,-9999,241432.5,15.8,-1,-0.66634298300000006,0.922594407,0,0.553556644,14,0.25,1.041666667,N2 S1 P1 O6,de-protonated,0,-9999,C24 H25 O6 N2 P1 S1,24,25,6,2,1,1,-9999,-9999,-9999,-9999
2905,499.109693,499.109485674,499.109166804,2721923.8,-9999,241432.5,15.8,-1,0.638878979,0.928614816,0,0.55716889,5,0.5,1.8125,N4 S2 P1 O8,de-protonated,0,-9999,C16 H29 O8 N4 P1 S2,16,29,8,4,1,2,-9999,-9999,-9999,-9999
2906,499.142901,499.142693664,499.142832459,1783434.8,-9999,231748.3,9.51,-1,-0.278065017,0.986068316,0,0.59164099,18,0.178571429,0.892857143,N2 P1 O5,de-protonated,0,-9999,C28 H25 O5 N2 P1,28,25,5,2,1,-9999,-9999,-9999,-9999,-9999
2906,499.142901,499.142693664,499.142561132,1783434.8,-9999,231748.3,9.51,-1,0.265519333,0.987289247,0,0.592373548,4,0.555555556,1.777777778,N2 S2 O10,de-protonated,0,-9999,C18 H32 O10 N2 S2,18,32,10,2,-9999,2,-9999,-9999,-9999,-9999
2907,500.236696,500.236488341,500.23600457,3478902.3,-9999,229987.3,20.86,-1,0.967087392,0.421958412,0.748902347,0.552735986,15,0.096774194,1.161290323,N1 P1 O3,de-protonated,0,-9999,C31 H36 O3 N1 P1,31,36,3,1,1,-9999,-9999,-9999,-9999,-9999
2908,500.273076,500.272868331,500.272390079,5007742,-9999,213468,31.11,-1,0.955982883,0.423596584,0.742885034,0.551311964,14,0.0625,1.25,N1 P1 O2,de-protonated,0,-9999,C32 H40 O2 N1 P1,32,40,2,1,1,-9999,-9999,-9999,-9999,-9999
2912,501.052914,501.0527061,501.053077421,1909804.1,-9999,194435.6,10.35,-1,-0.741079867,0.905152805,0,0.543091683,10,0.55,1.1,S2 O11,de-protonated,0,-9999,C20 H22 O11 S2,20,22,11,-9999,-9999,2,-9999,-9999,-9999,-9999
2912,501.052914,501.0527061,501.052208041,1909804.1,-9999,194435.6,10.35,-1,0.994027197,0.835865432,0,0.501519259,11,0.842105263,0.947368421,O16,de-protonated,0,-9999,C19 H18 O16,19,18,16,-9999,-9999,-9999,-9999,-9999,-9999,-9999
2912,501.052914,501.0527061,501.052697298,1909804.1,-9999,194435.6,10.35,-1,0.017567358,0.999944004,0,0.599966403,15,0.363636364,0.863636364,N2 S1 P1 O8,de-protonated,0,-9999,C22 H19 O8 N2 P1 S1,22,19,8,2,1,1,-9999,-9999,-9999,-9999
2913,501.067436,501.067228096,501.067464182,1998383.4,-9999,192317.9,10.95,-1,-0.471166206,0.96051933,0,0.576311598,15,0.565217391,0.782608696,O13,de-protonated,0,-9999,C23 H18 O13,23,18,13,-9999,-9999,-9999,-9999,-9999,-9999,-9999
2913,501.067436,501.067228096,501.067301991,1998383.4,-9999,192317.9,10.95,-1,-0.147474652,0.99606149,0,0.597636894,10,0.388888889,1.277777778,N4 S2 P1 O7,de-protonated,0,-9999,C18 H23 O7 N4 P1 S2,18,23,7,4,1,2,-9999,-9999,-9999,-9999
2914,501.088951,501.08874309,501.08859355,2394676.3,-9999,242278.6,13.6,-1,0.298429327,0.983970038,0,0.590382023,10,0.75,1.1,O15,de-protonated,0,-9999,C20 H22 O15,20,22,15,-9999,-9999,-9999,-9999,-9999,-9999,-9999
2914,501.088951,501.08874309,501.089082808,2394676.3,-9999,242278.6,13.6,-1,-0.67795893,0.919984044,0,0.551990426,14,0.304347826,1,N2 S1 P1 O7,de-protonated,0,-9999,C23 H23 O7 N2 P1 S1,23,23,7,2,1,1,-9999,-9999,-9999,-9999
2914,501.088951,501.08874309,501.088431359,2394676.3,-9999,242278.6,13.6,-1,0.622107481,0.932185121,0,0.559311073,5,0.6,1.8,N4 S2 P1 O9,de-protonated,0,-9999,C15 H27 O9 N4 P1 S2,15,27,9,4,1,2,-9999,-9999,-9999,-9999
2915,501.104236,501.104028085,501.103849692,1709623.6,-9999,190502.8,9.01,-1,0.356001513,0.977266123,0,0.586359674,14,0.5,0.916666667,O12,de-protonated,0,-9999,C24 H22 O12,24,22,12,-9999,-9999,-9999,-9999,-9999,-9999,-9999
2915,501.104236,501.104028085,501.104338949,1709623.6,-9999,190502.8,9.01,-1,-0.620357073,0.932553051,0,0.55953183,18,0.148148148,0.851851852,N2 S1 P1 O4,de-protonated,0,-9999,C27 H23 O4 N2 P1 S1,27,23,4,2,1,1,-9999,-9999,-9999,-9999
2915,501.104236,501.104028085,501.1036875,1709623.6,-9999,190502.8,9.01,-1,0.679669831,0.919596386,0,0.551757831,9,0.315789474,1.421052632,N4 S2 P1 O6,de-protonated,0,-9999,C19 H27 O6 N4 P1 S2,19,27,6,4,1,2,-9999,-9999,-9999,-9999
2916,501.125458,501.125250079,501.12497906,1755708.5,-9999,188245.4,9.32,-1,0.540821979,0.948312075,0,0.568987245,9,0.666666667,1.238095238,O14,de-protonated,0,-9999,C21 H26 O14,21,26,14,-9999,-9999,-9999,-9999,-9999,-9999,-9999
2916,501.125458,501.125250079,501.125468317,1755708.5,-9999,188245.4,9.32,-1,-0.435495621,0.966172479,0,0.579703487,13,0.25,1.125,N2 S1 P1 O6,de-protonated,0,-9999,C24 H27 O6 N2 P1 S1,24,27,6,2,1,1,-9999,-9999,-9999,-9999
2916,501.125458,501.125250079,501.124816868,1755708.5,-9999,188245.4,9.32,-1,0.86447671,0.873191639,0,0.523914984,4,0.5,1.9375,N4 S2 P1 O8,de-protonated,0,-9999,C16 H31 O8 N4 P1 S2,16,31,8,4,1,2,-9999,-9999,-9999,-9999
2917,501.209797,501.209589054,501.209852847,1487695.6,-9999,205428,7.53,-1,-0.526313194,0.950979951,0,0.570587971,6,0.260869565,1.652173913,N2 S2 O6,de-protonated,0,-9999,C23 H38 O6 N2 S2,23,38,6,2,-9999,2,-9999,-9999,-9999,-9999
2917,501.209797,501.209589054,501.209472725,1487695.6,-9999,205428,7.53,-1,0.232096893,0.990273161,0,0.594163897,11,0.12,1.4,N4 S1 P1 O3,de-protonated,0,-9999,C25 H35 O3 N4 P1 S1,25,35,3,4,1,1,-9999,-9999,-9999,-9999
2918,501.232001,501.231793048,501.231633664,2845780.8,-9999,207887.2,16.62,-1,0.317983413,0.981820377,0,0.589092226,10,0.214285714,1.357142857,S1 O6,de-protonated,0,-9999,C28 H38 O6 S1,28,38,6,-9999,-9999,1,-9999,-9999,-9999,-9999
2919,501.240358,501.240150045,501.240498072,1600598.5,-9999,202597.2,8.28,-1,-0.694330751,0.916241283,0,0.54974477,1,0.4,2.15,N2 S1 P1 O8,de-protonated,0,-9999,C20 H43 O8 N2 P1 S1,20,43,8,2,1,1,-9999,-9999,-9999,-9999
2920,501.257148,501.25694004,501.256602366,2759258.3,-9999,217636.2,16.04,-1,0.67365475,0.920955686,0,0.552573411,6,0.409090909,1.727272727,N4 O9,de-protonated,0,-9999,C22 H38 O9 N4,22,38,9,4,-9999,-9999,-9999,-9999,-9999,-9999
2921,501.276472,501.276264034,501.27588126,1962590.8,-9999,220191.3,10.71,-1,0.763601262,0.899604236,0,0.539762542,14,0.129032258,1.225806452,N2 O4,de-protonated,0,-9999,C31 H38 O4 N2,31,38,4,2,-9999,-9999,-9999,-9999,-9999,-9999
2922,501.322502,501.322294021,501.322162748,2101353.3,-9999,216071.6,11.64,-1,0.261853943,0.987635595,0,0.592581357,8,0.2,1.533333333,O6,de-protonated,0,-9999,C30 H46 O6,30,46,6,-9999,-9999,-9999,-9999,-9999,-9999,-9999
2923,502.168867,502.168658771,502.168987637,1884972.8,-9999,173683.3,10.19,-1,-0.654890177,0.925131009,0,0.555078605,21,0.064516129,0.838709677,N3 P1 O2,de-protonated,0,-9999,C31 H26 O2 N3 P1,31,26,2,3,1,-9999,-9999,-9999,-9999,-9999
2923,502.168867,502.168658771,502.16871631,1884972.8,-9999,173683.3,10.19,-1,-0.114581764,0.997620599,0,0.598572359,7,0.333333333,1.571428571,N3 S2 O7,de-protonated,0,-9999,C21 H33 O7 N3 S2,21,33,7,3,-9999,2,-9999,-9999,-9999,-9999
2924,502.215855,502.215646757,502.215269125,4608824,-9999,210886.7,28.43,-1,0.751933469,0.451247647,0.755017935,0.572755762,15,0.133333333,1.133333333,N1 P1 O4,de-protonated,0,-9999,C30 H34 O4 N1 P1,30,34,4,1,1,-9999,-9999,-9999,-9999,-9999
2925,502.252336,502.252127746,502.251654634,4698944.5,-9999,217672.1,29.03,-1,0.941982657,0.425643863,0.748902347,0.554947257,14,0.096774194,1.225806452,N1 P1 O3,de-protonated,0,-9999,C31 H38 O3 N1 P1,31,38,3,1,1,-9999,-9999,-9999,-9999,-9999
2927,503.0471,503.046891512,503.046728737,2151933,-9999,190891.3,11.97,-1,0.32357696,0.981181276,0,0.588708766,15,0.636363636,0.727272727,O14,de-protonated,0,-9999,C22 H16 O14,22,16,14,-9999,-9999,-9999,-9999,-9999,-9999,-9999
2927,503.0471,503.046891512,503.047217995,2151933,-9999,190891.3,11.97,-1,-0.649010683,0.926418795,0,0.555851277,19,0.24,0.68,N2 S1 P1 O6,de-protonated,0,-9999,C25 H17 O6 N2 P1 S1,25,17,6,2,1,1,-9999,-9999,-9999,-9999
2927,503.0471,503.046891512,503.046566546,2151933,-9999,190891.3,11.97,-1,0.645995188,0.927075462,0,0.556245277,10,0.470588235,1.235294118,N4 S2 P1 O8,de-protonated,0,-9999,C17 H21 O8 N4 P1 S2,17,21,8,4,1,2,-9999,-9999,-9999,-9999
2928,503.068269,503.068060505,503.067858105,1545730,-9999,253520.7,7.91,-1,0.402331451,0.971055935,0,0.582633561,10,0.842105263,1.052631579,O16,de-protonated,0,-9999,C19 H20 O16,19,20,16,-9999,-9999,-9999,-9999,-9999,-9999,-9999
2928,503.068269,503.068060505,503.068347363,1545730,-9999,253520.7,7.91,-1,-0.57021542,0.942709365,0,0.565625619,14,0.363636364,0.954545455,N2 S1 P1 O8,de-protonated,0,-9999,C22 H21 O8 N2 P1 S1,22,21,8,2,1,1,-9999,-9999,-9999,-9999
2928,503.068269,503.068060505,503.067695914,1545730,-9999,253520.7,7.91,-1,0.724736162,0.909096016,0,0.545457609,5,0.714285714,1.785714286,N4 S2 P1 O10,de-protonated,0,-9999,C14 H25 O10 N4 P1 S2,14,25,10,4,1,2,-9999,-9999,-9999,-9999
2929,503.083638,503.083429501,503.083114247,2577413.8,-9999,234988.2,14.82,-1,0.626644355,0.931227341,0,0.558736405,14,0.565217391,0.869565217,O13,de-protonated,0,-9999,C23 H20 O13,23,20,13,-9999,-9999,-9999,-9999,-9999,-9999,-9999
2929,503.083638,503.083429501,503.083603504,2577413.8,-9999,234988.2,14.82,-1,-0.345873241,0.978527491,0,0.587116494,18,0.192307692,0.807692308,N2 S1 P1 O5,de-protonated,0,-9999,C26 H21 O5 N2 P1 S1,26,21,5,2,1,1,-9999,-9999,-9999,-9999
2929,503.083638,503.083429501,503.082952055,2577413.8,-9999,234988.2,14.82,-1,0.949039361,0.849228979,0,0.509537388,9,0.388888889,1.388888889,N4 S2 P1 O7,de-protonated,0,-9999,C18 H25 O7 N4 P1 S2,18,25,7,4,1,2,-9999,-9999,-9999,-9999
2930,503.104517,503.104308495,503.104243615,1583114.8,-9999,240697.1,8.16,-1,0.128959295,0.996986966,0,0.59819218,9,0.75,1.2,O15,de-protonated,0,-9999,C20 H24 O15,20,24,15,-9999,-9999,-9999,-9999,-9999,-9999,-9999
2930,503.104517,503.104308495,503.104732872,1583114.8,-9999,240697.1,8.16,-1,-0.843516973,0.878882092,0,0.527329255,13,0.304347826,1.086956522,N2 S1 P1 O7,de-protonated,0,-9999,C23 H25 O7 N2 P1 S1,23,25,7,2,1,1,-9999,-9999,-9999,-9999
2930,503.104517,503.104308495,503.104081423,1583114.8,-9999,240697.1,8.16,-1,0.451340602,0.963712167,0,0.5782273,4,0.6,1.933333333,N4 S2 P1 O9,de-protonated,0,-9999,C15 H29 O9 N4 P1 S2,15,29,9,4,1,2,-9999,-9999,-9999,-9999
2931,503.109262,503.109053493,503.108755624,1816588,-9999,230038.3,9.73,-1,0.592057313,0.938376949,0,0.56302617,17,0.178571429,0.892857143,S1 P1 O5,de-protonated,0,-9999,C28 H25 O5 P1 S1,28,25,5,-9999,1,1,-9999,-9999,-9999,-9999
2931,503.109262,503.109053493,503.108952329,1816588,-9999,230038.3,9.73,-1,0.201079164,0.992690362,0,0.595614217,9,0.611111111,1.333333333,N4 S1 O11,de-protonated,0,-9999,C18 H24 O11 N4 S1,18,24,11,4,-9999,1,-9999,-9999,-9999,-9999
2932,503.119789,503.11958049,503.119499756,1871886.5,-9999,225467.3,10.1,-1,0.160467185,0.995338646,0,0.597203187,13,0.5,1,O12,de-protonated,0,-9999,C24 H24 O12,24,24,12,-9999,-9999,-9999,-9999,-9999,-9999,-9999
2932,503.119789,503.11958049,503.119989013,1871886.5,-9999,225467.3,10.1,-1,-0.811979626,0.887247683,0,0.53234861,17,0.148148148,0.925925926,N2 S1 P1 O4,de-protonated,0,-9999,C27 H25 O4 N2 P1 S1,27,25,4,2,1,1,-9999,-9999,-9999,-9999
2932,503.119789,503.11958049,503.119337565,1871886.5,-9999,225467.3,10.1,-1,0.482838725,0.958580515,0,0.575148309,8,0.315789474,1.526315789,N4 S2 P1 O6,de-protonated,0,-9999,C19 H29 O6 N4 P1 S2,19,29,6,4,1,2,-9999,-9999,-9999,-9999
2933,503.189252,503.18904347,503.189388729,1970719.1,-9999,213158.4,10.76,-1,-0.686141396,0.918122707,0,0.550873624,20,0.0625,0.90625,N2 P1 O2,de-protonated,0,-9999,C32 H29 O2 N2 P1,32,29,2,2,1,-9999,-9999,-9999,-9999,-9999
2933,503.189252,503.18904347,503.189117403,1970719.1,-9999,213158.4,10.76,-1,-0.146928674,0.996090541,0,0.597654325,6,0.318181818,1.636363636,N2 S2 O7,de-protonated,0,-9999,C22 H36 O7 N2 S2,22,36,7,2,-9999,2,-9999,-9999,-9999,-9999
2933,503.189252,503.18904347,503.18873728,1970719.1,-9999,213158.4,10.76,-1,0.608498537,0.935022122,0,0.561013273,11,0.166666667,1.375,N4 S1 P1 O4,de-protonated,0,-9999,C24 H33 O4 N4 P1 S1,24,33,4,4,1,1,-9999,-9999,-9999,-9999
2934,504.210343,504.210134168,504.209789821,1661208.9,-9999,246882.7,8.68,-1,0.682944276,0.918852192,0,0.551311315,19,0.060606061,0.96969697,N1 P1 O2,de-protonated,0,-9999,C33 H32 O2 N1 P1,33,32,2,1,1,-9999,-9999,-9999,-9999,-9999
2938,504.909289,504.909079962,504.909463936,2000839.8,-9999,243393.2,10.96,-1,-0.760480748,0.90038089,0,0.540228534,17,0.578947368,0.368421053,S2 P1 O11,de-protonated,0,-9999,C19 H7 O11 P1 S2,19,7,11,-9999,1,2,-9999,-9999,-9999,-9999
2939,504.961301,504.961091946,504.961105586,1483732.9,-9999,225780.1,7.49,-1,-0.02701183,0.999867617,0,0.59992057,20,0.291666667,0.458333333,S2 P1 O7,de-protonated,0,-9999,C24 H11 O7 P1 S2,24,11,7,-9999,1,2,-9999,-9999,-9999,-9999
2939,504.961301,504.961091946,504.961302291,1483732.9,-9999,225780.1,7.49,-1,-0.416555511,0.969005779,0,0.581403468,12,0.928571429,0.714285714,N4 S2 O13,de-protonated,0,-9999,C14 H10 O13 N4 S2,14,10,13,4,-9999,2,-9999,-9999,-9999,-9999
2940,504.979025,504.978815941,504.978863651,2038745.3,-9999,214708.9,11.21,-1,-0.094478997,0.998381649,0,0.599028989,20,0.375,0.458333333,S1 P1 O9,de-protonated,0,-9999,C24 H11 O9 P1 S1,24,11,9,-9999,1,1,-9999,-9999,-9999,-9999
2941,505.062652,505.062442917,505.062378802,2741742.5,-9999,232597.1,15.92,-1,0.126944265,0.997080253,0,0.598248152,14,0.636363636,0.818181818,O14,de-protonated,0,-9999,C22 H18 O14,22,18,14,-9999,-9999,-9999,-9999,-9999,-9999,-9999
2941,505.062652,505.062442917,505.062868059,2741742.5,-9999,232597.1,15.92,-1,-0.841761698,0.879353957,0,0.527612374,18,0.24,0.76,N2 S1 P1 O6,de-protonated,0,-9999,C25 H19 O6 N2 P1 S1,25,19,6,2,1,1,-9999,-9999,-9999,-9999
2941,505.062652,505.062442917,505.06221661,2741742.5,-9999,232597.1,15.92,-1,0.448075692,0.964225795,0,0.578535477,9,0.470588235,1.352941176,N4 S2 P1 O8,de-protonated,0,-9999,C17 H23 O8 N4 P1 S2,17,23,8,4,1,2,-9999,-9999,-9999,-9999
2942,505.093313,505.093103908,505.092891084,3832310.3,-9999,210791.4,23.22,-1,0.421354455,0.484149516,0.755017935,0.592496883,22,0.266666667,0.6,O8,de-protonated,0,-9999,C30 H18 O8,30,18,8,-9999,-9999,-9999,-9999,-9999,-9999,-9999
2942,505.093313,505.093103908,505.092728893,3832310.3,-9999,210791.4,23.22,-1,0.742466577,0.452407494,0.787157861,0.586307641,17,0.08,0.92,N4 S2 P1 O2,de-protonated,0,-9999,C25 H23 O2 N4 P1 S2,25,23,2,4,1,2,-9999,-9999,-9999,-9999
2943,505.099166,505.098956906,505.098764311,2355703.8,-9999,223859,13.33,-1,0.381300956,0.973964036,0,0.584378421,13,0.565217391,0.956521739,O13,de-protonated,0,-9999,C23 H22 O13,23,22,13,-9999,-9999,-9999,-9999,-9999,-9999,-9999
2943,505.099166,505.098956906,505.099253568,2355703.8,-9999,223859,13.33,-1,-0.587335472,0.939325631,0,0.563595378,17,0.192307692,0.884615385,N2 S1 P1 O5,de-protonated,0,-9999,C26 H23 O5 N2 P1 S1,26,23,5,2,1,1,-9999,-9999,-9999,-9999
2943,505.099166,505.098956906,505.09860212,2355703.8,-9999,223859,13.33,-1,0.702409332,0.914367282,0,0.548620369,8,0.388888889,1.5,N4 S2 P1 O7,de-protonated,0,-9999,C18 H27 O7 N4 P1 S2,18,27,7,4,1,2,-9999,-9999,-9999,-9999
2944,505.106386,505.106176904,505.106647624,1871353.6,-9999,190875.4,10.09,-1,-0.931922323,0.854204705,0,0.512522823,16,0.107142857,0.964285714,S2 P1 O3,de-protonated,0,-9999,C28 H27 O3 P1 S2,28,27,3,-9999,1,2,-9999,-9999,-9999,-9999
2944,505.106386,505.106176904,505.105778244,1871353.6,-9999,190875.4,10.09,-1,0.789259848,0.893123838,0,0.535874303,17,0.296296296,0.851851852,P1 O8,de-protonated,0,-9999,C27 H23 O8 P1,27,23,8,-9999,1,-9999,-9999,-9999,-9999,-9999
2944,505.106386,505.106176904,505.105974948,1871353.6,-9999,190875.4,10.09,-1,0.399827422,0.971409913,0,0.582845948,9,0.823529412,1.294117647,N4 O14,de-protonated,0,-9999,C17 H22 O14 N4,17,22,14,4,-9999,-9999,-9999,-9999,-9999,-9999
2945,505.135626,505.135416895,505.13514982,2520065,-9999,216328.1,14.43,-1,0.528718951,0.950542084,0,0.57032525,12,0.5,1.083333333,O12,de-protonated,0,-9999,C24 H26 O12,24,26,12,-9999,-9999,-9999,-9999,-9999,-9999,-9999
2945,505.135626,505.135416895,505.135639078,2520065,-9999,216328.1,14.43,-1,-0.439847847,0.96550483,0,0.579302898,16,0.148148148,1,N2 S1 P1 O4,de-protonated,0,-9999,C27 H27 O4 N2 P1 S1,27,27,4,2,1,1,-9999,-9999,-9999,-9999
2945,505.135626,505.135416895,505.134987629,2520065,-9999,216328.1,14.43,-1,0.849804245,0.877185932,0,0.526311559,7,0.315789474,1.631578947,N4 S2 P1 O6,de-protonated,0,-9999,C19 H31 O6 N4 P1 S2,19,31,6,4,1,2,-9999,-9999,-9999,-9999
2946,505.171557,505.171347884,505.17153533,1566986.1,-9999,205293.2,8.05,-1,-0.371053037,0.975327546,0,0.585196528,11,0.44,1.2,O11,de-protonated,0,-9999,C25 H30 O11,25,30,11,-9999,-9999,-9999,-9999,-9999,-9999,-9999
2946,505.171557,505.171347884,505.170883881,1566986.1,-9999,205293.2,8.05,-1,0.918507504,0.858060835,0,0.514836501,2,0.764705882,2,N2 S1 O13,de-protonated,0,-9999,C17 H34 O13 N2 S1,17,34,13,2,-9999,1,-9999,-9999,-9999,-9999
2946,505.171557,505.171347884,505.171373139,1566986.1,-9999,205293.2,8.05,-1,-0.049991159,0.999546641,0,0.599727985,6,0.25,1.75,N4 S2 P1 O5,de-protonated,0,-9999,C20 H35 O5 N4 P1 S2,20,35,5,4,1,2,-9999,-9999,-9999,-9999
2947,505.192763,505.192553878,505.192664698,1731599.5,-9999,240956.4,9.15,-1,-0.219361367,0.991306803,0,0.594784082,6,0.590909091,1.545454545,O13,de-protonated,0,-9999,C22 H34 O13,22,34,13,-9999,-9999,-9999,-9999,-9999,-9999,-9999
2947,505.192763,505.192553878,505.192151634,1731599.5,-9999,240956.4,9.15,-1,0.796220795,0.891337104,0,0.534802262,24,0.057142857,0.742857143,N2 O2,de-protonated,0,-9999,C35 H26 O2 N2,35,26,2,2,-9999,-9999,-9999,-9999,-9999,-9999
2947,505.192763,505.192553878,505.192502507,1731599.5,-9999,240956.4,9.15,-1,0.101687132,0.99812553,0,0.598875318,1,0.411764706,2.294117647,N4 S2 P1 O7,de-protonated,0,-9999,C17 H39 O7 N4 P1 S2,17,39,7,4,1,2,-9999,-9999,-9999,-9999
2948,505.267179,505.266969856,505.266576423,1972258.4,-9999,227464.4,10.77,-1,0.77866529,0.895819891,0,0.537491934,17,0.028571429,1.114285714,P1 O1,de-protonated,0,-9999,C35 H39 O1 P1,35,39,1,-9999,1,-9999,-9999,-9999,-9999,-9999
2948,505.267179,505.266969856,505.266773127,1972258.4,-9999,227464.4,10.77,-1,0.389356802,0.972867495,0,0.583720497,9,0.28,1.52,N4 O7,de-protonated,0,-9999,C25 H38 O7 N4,25,38,7,4,-9999,-9999,-9999,-9999,-9999,-9999
2949,506.22604,506.225830573,506.225439885,2393881.3,-9999,249731.2,13.59,-1,0.77176601,0.897560304,0,0.538536182,18,0.060606061,1.03030303,N1 P1 O2,de-protonated,0,-9999,C33 H34 O2 N1 P1,33,34,2,1,1,-9999,-9999,-9999,-9999,-9999
2952,506.976961,506.976751351,506.976755651,3195870.3,-9999,196984.9,18.96,-1,-0.008480693,0.99998695,0,0.59999217,19,0.291666667,0.541666667,S2 P1 O7,de-protonated,0,-9999,C24 H13 O7 P1 S2,24,13,7,-9999,1,2,-9999,-9999,-9999,-9999
2952,506.976961,506.976751351,506.976952355,3195870.3,-9999,196984.9,18.96,-1,-0.396475625,0.971880476,0,0.583128286,11,0.928571429,0.857142857,N4 S2 O13,de-protonated,0,-9999,C14 H12 O13 N4 S2,14,12,13,4,-9999,2,-9999,-9999,-9999,-9999
2953,507.042039,507.041829332,507.041643357,2026991.5,-9999,225553.3,11.13,-1,0.366784945,0.975885018,0,0.585531011,14,0.714285714,0.761904762,O15,de-protonated,0,-9999,C21 H16 O15,21,16,15,-9999,-9999,-9999,-9999,-9999,-9999,-9999
2953,507.042039,507.041829332,507.042132614,2026991.5,-9999,225553.3,11.13,-1,-0.598139857,0.937145121,0,0.562287073,18,0.291666667,0.708333333,N2 S1 P1 O7,de-protonated,0,-9999,C24 H17 O7 N2 P1 S1,24,17,7,2,1,1,-9999,-9999,-9999,-9999
2953,507.042039,507.041829332,507.041481166,2026991.5,-9999,225553.3,11.13,-1,0.686662895,0.918003449,0,0.550802069,9,0.5625,1.3125,N4 S2 P1 O9,de-protonated,0,-9999,C16 H21 O9 N4 P1 S2,16,21,9,4,1,2,-9999,-9999,-9999,-9999
2954,507.078372,507.078162321,507.078028866,2892793,-9999,215023.3,16.93,-1,0.26318467,0.987510395,0,0.592506237,13,0.636363636,0.909090909,O14,de-protonated,0,-9999,C22 H20 O14,22,20,14,-9999,-9999,-9999,-9999,-9999,-9999,-9999
2954,507.078372,507.078162321,507.078518124,2892793,-9999,215023.3,16.93,-1,-0.701670793,0.914539342,0,0.548723605,17,0.24,0.84,N2 S1 P1 O6,de-protonated,0,-9999,C25 H21 O6 N2 P1 S1,25,21,6,2,1,1,-9999,-9999,-9999,-9999
2954,507.078372,507.078162321,507.077866675,2892793,-9999,215023.3,16.93,-1,0.583039634,0.940182947,0,0.564109768,8,0.470588235,1.470588235,N4 S2 P1 O8,de-protonated,0,-9999,C17 H25 O8 N4 P1 S2,17,25,8,4,1,2,-9999,-9999,-9999,-9999
2955,507.114725,507.114515311,507.114414376,1990658.8,-9999,259559.8,10.89,-1,0.199038082,0.992837474,0,0.595702485,12,0.565217391,1.043478261,O13,de-protonated,0,-9999,C23 H24 O13,23,24,13,-9999,-9999,-9999,-9999,-9999,-9999,-9999
2955,507.114725,507.114515311,507.114903633,1990658.8,-9999,259559.8,10.89,-1,-0.765748091,0.899068464,0,0.539441079,16,0.192307692,0.961538462,N2 S1 P1 O5,de-protonated,0,-9999,C26 H25 O5 N2 P1 S1,26,25,5,2,1,1,-9999,-9999,-9999,-9999
2955,507.114725,507.114515311,507.114252184,1990658.8,-9999,259559.8,10.89,-1,0.518870076,0.95232327,0,0.571393962,7,0.388888889,1.611111111,N4 S2 P1 O7,de-protonated,0,-9999,C18 H29 O7 N4 P1 S2,18,29,7,4,1,2,-9999,-9999,-9999,-9999
2956,507.1514,507.1511903,507.151669265,2506764.5,-9999,198240.3,14.34,-1,-0.944421555,0.850577369,0,0.510346421,10,0.28,1.28,S2 O7,de-protonated,0,-9999,C25 H32 O7 S2,25,32,7,-9999,-9999,2,-9999,-9999,-9999,-9999
2956,507.1514,507.1511903,507.150799885,2506764.5,-9999,198240.3,14.34,-1,0.769820145,0.898048975,0,0.538829385,11,0.5,1.166666667,O12,de-protonated,0,-9999,C24 H28 O12,24,28,12,-9999,-9999,-9999,-9999,-9999,-9999,-9999
2956,507.1514,507.1511903,507.151289142,2506764.5,-9999,198240.3,14.34,-1,-0.194897361,0.993131373,0,0.595878824,15,0.148148148,1.074074074,N2 S1 P1 O4,de-protonated,0,-9999,C27 H29 O4 N2 P1 S1,27,29,4,2,1,1,-9999,-9999,-9999,-9999
2957,507.210012,507.209802283,507.209455468,2229276,-9999,206717.9,12.48,-1,0.683769108,0.918664261,0,0.551198557,18,0.090909091,1,P1 O3,de-protonated,0,-9999,C33 H33 O3 P1,33,33,3,-9999,1,-9999,-9999,-9999,-9999,-9999
2957,507.210012,507.209802283,507.209652173,2229276,-9999,206717.9,12.48,-1,0.295951913,0.984232979,0,0.590539787,10,0.391304348,1.391304348,N4 O9,de-protonated,0,-9999,C23 H32 O9 N4,23,32,9,4,-9999,-9999,-9999,-9999,-9999,-9999
2958,507.246233,507.246023272,507.245840978,2607653.5,-9999,197657.8,15.02,-1,0.359380201,0.976837616,0,0.58610257,17,0.058823529,1.088235294,P1 O2,de-protonated,0,-9999,C34 H37 O2 P1,34,37,2,-9999,1,-9999,-9999,-9999,-9999,-9999
2958,507.246233,507.246023272,507.245569652,2607653.5,-9999,197657.8,15.02,-1,0.894281389,0.864925738,0,0.518955443,3,0.291666667,1.833333333,S2 O7,de-protonated,0,-9999,C24 H44 O7 S2,24,44,7,-9999,-9999,2,-9999,-9999,-9999,-9999
2958,507.246233,507.246023272,507.246037682,2607653.5,-9999,197657.8,15.02,-1,-0.028409049,0.999853568,0,0.599912141,9,0.333333333,1.5,N4 O8,de-protonated,0,-9999,C24 H36 O8 N4,24,36,8,4,-9999,-9999,-9999,-9999,-9999,-9999
2960,508.950356,508.950145769,508.950343684,6665714.5,-9999,213666.5,42.2,-1,-0.38886897,0.486467257,0.822155738,0.620742649,20,0.45,0.3,N4 S2 O9,de-protonated,0,-9999,C20 H6 O9 N4 S2,20,6,9,4,-9999,2,-9999,-9999,-9999,-9999
2961,509.057751,509.057540737,509.057293421,3021328,-9999,205277.8,17.79,-1,0.485830649,0.958076557,0,0.574845934,13,0.714285714,0.857142857,O15,de-protonated,0,-9999,C21 H18 O15,21,18,15,-9999,-9999,-9999,-9999,-9999,-9999,-9999
2961,509.057751,509.057540737,509.057782679,3021328,-9999,205277.8,17.79,-1,-0.47527358,0.959842057,0,0.575905234,17,0.291666667,0.791666667,N2 S1 P1 O7,de-protonated,0,-9999,C24 H19 O7 N2 P1 S1,24,19,7,2,1,1,-9999,-9999,-9999,-9999
2961,509.057751,509.057540737,509.05713123,3021328,-9999,205277.8,17.79,-1,0.804442056,0.889211337,0,0.533526802,8,0.5625,1.4375,N4 S2 P1 O9,de-protonated,0,-9999,C16 H23 O9 N4 P1 S2,16,23,9,4,1,2,-9999,-9999,-9999,-9999
2962,509.094057,509.093846726,509.093678931,2663962,-9999,228332.2,15.39,-1,0.329596639,0.980481515,0,0.588288909,12,0.636363636,1,O14,de-protonated,0,-9999,C22 H22 O14,22,22,14,-9999,-9999,-9999,-9999,-9999,-9999,-9999
2962,509.094057,509.093846726,509.094168188,2663962,-9999,228332.2,15.39,-1,-0.631438748,0.930208715,0,0.558125229,16,0.24,0.92,N2 S1 P1 O6,de-protonated,0,-9999,C25 H23 O6 N2 P1 S1,25,23,6,2,1,1,-9999,-9999,-9999,-9999
2962,509.094057,509.093846726,509.093516739,2663962,-9999,228332.2,15.39,-1,0.648185225,0.926598808,0,0.555959285,7,0.470588235,1.588235294,N4 S2 P1 O8,de-protonated,0,-9999,C17 H27 O8 N4 P1 S2,17,27,8,4,1,2,-9999,-9999,-9999,-9999
2963,509.130473,509.130262716,509.13006444,2663460,-9999,208238.6,15.39,-1,0.389439708,0.972856097,0,0.583713658,11,0.565217391,1.130434783,O13,de-protonated,0,-9999,C23 H26 O13,23,26,13,-9999,-9999,-9999,-9999,-9999,-9999,-9999
2963,509.130473,509.130262716,509.130553697,2663460,-9999,208238.6,15.39,-1,-0.571527056,0.942453239,0,0.565471943,15,0.192307692,1.038461538,N2 S1 P1 O5,de-protonated,0,-9999,C26 H27 O5 N2 P1 S1,26,27,5,2,1,1,-9999,-9999,-9999,-9999
2963,509.130473,509.130262716,509.129902249,2663460,-9999,208238.6,15.39,-1,0.708005545,0.913058689,0,0.547835213,6,0.388888889,1.722222222,N4 S2 P1 O7,de-protonated,0,-9999,C18 H31 O7 N4 P1 S2,18,31,7,4,1,2,-9999,-9999,-9999,-9999
2964,509.2257,509.225489687,509.225105533,1412158.3,-9999,163151.8,7.01,-1,0.754390452,0.901889433,0,0.54113366,17,0.090909091,1.060606061,P1 O3,de-protonated,0,-9999,C33 H35 O3 P1,33,35,3,-9999,1,-9999,-9999,-9999,-9999,-9999
2964,509.2257,509.225489687,509.225302237,1412158.3,-9999,163151.8,7.01,-1,0.368108314,0.975712824,0,0.585427694,9,0.391304348,1.47826087,N4 O9,de-protonated,0,-9999,C23 H34 O9 N4,23,34,9,4,-9999,-9999,-9999,-9999,-9999,-9999
2966,510.25736,510.257149383,510.256740014,1439581.5,-9999,274824.5,7.19,-1,0.802279273,0.88977219,0,0.533863314,16,0.060606061,1.151515152,N1 P1 O2,de-protonated,0,-9999,C33 H38 O2 N1 P1,33,38,2,1,1,-9999,-9999,-9999,-9999,-9999
2967,510.947168,510.946957179,510.94651815,2742304.3,-9999,215447.4,15.91,-1,0.859246012,0.874621342,0,0.524772805,19,0.380952381,0.428571429,N2 S2 P1 O8,de-protonated,0,-9999,C21 H9 O8 N2 P1 S2,21,9,8,2,1,2,-9999,-9999,-9999,-9999
2968,511.07362,511.073409142,511.073812866,2764868.3,-9999,215410.8,16.06,-1,-0.789952209,0.89294666599999994,0,0.535768,11,0.454545455,1.090909091,S2 O10,de-protonated,0,-9999,C22 H24 O10 S2,22,24,10,-9999,-9999,2,-9999,-9999,-9999,-9999
2968,511.07362,511.073409142,511.072943486,2764868.3,-9999,215410.8,16.06,-1,0.911134093,0.860163829,0,0.516098297,12,0.714285714,0.952380952,O15,de-protonated,0,-9999,C21 H20 O15,21,20,15,-9999,-9999,-9999,-9999,-9999,-9999,-9999
2968,511.07362,511.073409142,511.073432743,2764868.3,-9999,215410.8,16.06,-1,-0.046179993,0.999613119,0,0.599767871,16,0.291666667,0.875,N2 S1 P1 O7,de-protonated,0,-9999,C24 H21 O7 N2 P1 S1,24,21,7,2,1,1,-9999,-9999,-9999,-9999
2969,511.110289,511.110078131,511.110469701,1910350.6,-9999,173081.9,10.34,-1,-0.766116617,0.898976374,0,0.539385824,24,0.121212121,0.636363636,P1 O4,de-protonated,0,-9999,C33 H21 O4 P1,33,21,4,-9999,1,-9999,-9999,-9999,-9999,-9999
2969,511.110289,511.110078131,511.110198375,1910350.6,-9999,173081.9,10.34,-1,-0.235260545,0.990007524,0,0.594004515,10,0.391304348,1.217391304,S2 O9,de-protonated,0,-9999,C23 H28 O9 S2,23,28,9,-9999,-9999,2,-9999,-9999,-9999,-9999
2969,511.110289,511.110078131,511.109818253,1910350.6,-9999,173081.9,10.34,-1,0.508459135,0.954173217,0,0.57250393,15,0.24,1,N2 S1 P1 O6,de-protonated,0,-9999,C25 H25 O6 N2 P1 S1,25,25,6,2,1,1,-9999,-9999,-9999,-9999
2970,511.14582,511.14560912,511.145714505,1612888.9,-9999,245943.5,8.35,-1,-0.206172196,0.992316833,0,0.5953901,10,0.565217391,1.217391304,O13,de-protonated,0,-9999,C23 H28 O13,23,28,13,-9999,-9999,-9999,-9999,-9999,-9999,-9999
2970,511.14582,511.14560912,511.14520144,1612888.9,-9999,245943.5,8.35,-1,0.797582006,0.890986295,0,0.534591777,28,0.055555556,0.555555556,N2 O2,de-protonated,0,-9999,C36 H20 O2 N2,36,20,2,2,-9999,-9999,-9999,-9999,-9999,-9999
2970,511.14582,511.14560912,511.145552313,1612888.9,-9999,245943.5,8.35,-1,0.111137219,0.997761349,0,0.59865681,5,0.388888889,1.833333333,N4 S2 P1 O7,de-protonated,0,-9999,C18 H33 O7 N4 P1 S2,18,33,7,4,1,2,-9999,-9999,-9999,-9999
2971,512.273038,512.272826788,512.272390079,3440028.3,-9999,212645.9,20.58,-1,0.852493359,0.438228817,0.736963647,0.557722749,15,0.060606061,1.212121212,N1 P1 O2,de-protonated,0,-9999,C33 H40 O2 N1 P1,33,40,2,1,1,-9999,-9999,-9999,-9999,-9999
2972,513.052716,513.052504557,513.052208041,1577086.8,-9999,226912.4,8.1,-1,0.577946129,0.9411923,0,0.56471538,12,0.8,0.9,O16,de-protonated,0,-9999,C20 H18 O16,20,18,16,-9999,-9999,-9999,-9999,-9999,-9999,-9999
2972,513.052716,513.052504557,513.052697298,1577086.8,-9999,226912.4,8.1,-1,-0.375674494,0.974717013,0,0.584830208,16,0.347826087,0.826086957,N2 S1 P1 O8,de-protonated,0,-9999,C23 H19 O8 N2 P1 S1,23,19,8,2,1,1,-9999,-9999,-9999,-9999
2972,513.052716,513.052504557,513.05204585,1577086.8,-9999,226912.4,8.1,-1,0.894076676,0.864983196,0,0.518989917,7,0.666666667,1.533333333,N4 S2 P1 O10,de-protonated,0,-9999,C15 H23 O10 N4 P1 S2,15,23,10,4,1,2,-9999,-9999,-9999,-9999
2973,513.067638,513.067426553,513.067464182,1550211.1,-9999,194054.9,7.92,-1,-0.073341541,0.999024467,0,0.59941468,16,0.541666667,0.75,O13,de-protonated,0,-9999,C24 H18 O13,24,18,13,-9999,-9999,-9999,-9999,-9999,-9999,-9999
2973,513.067638,513.067426553,513.067301991,1550211.1,-9999,194054.9,7.92,-1,0.2427794,0.989362068,0,0.593617241,11,0.368421053,1.210526316,N4 S2 P1 O7,de-protonated,0,-9999,C19 H23 O7 N4 P1 S2,19,23,7,4,1,2,-9999,-9999,-9999,-9999
2974,513.088889,513.088677547,513.08859355,2656393.3,-9999,208807.1,15.33,-1,0.16370761,0.995148947,0,0.597089368,11,0.714285714,1.047619048,O15,de-protonated,0,-9999,C21 H22 O15,21,22,15,-9999,-9999,-9999,-9999,-9999,-9999,-9999
2974,513.088889,513.088677547,513.089082808,2656393.3,-9999,208807.1,15.33,-1,-0.789844992,0.89297411,0,0.535784466,15,0.291666667,0.958333333,N2 S1 P1 O7,de-protonated,0,-9999,C24 H23 O7 N2 P1 S1,24,23,7,2,1,1,-9999,-9999,-9999,-9999
2974,513.088889,513.088677547,513.088431359,2656393.3,-9999,208807.1,15.33,-1,0.479815607,0.959086832,0,0.575452099,6,0.5625,1.6875,N4 S2 P1 O9,de-protonated,0,-9999,C16 H27 O9 N4 P1 S2,16,27,9,4,1,2,-9999,-9999,-9999,-9999
2975,513.125386,513.125174536,513.12497906,2743956,-9999,224938.8,15.92,-1,0.380952769,0.974010941,0,0.584406564,10,0.636363636,1.181818182,O14,de-protonated,0,-9999,C22 H26 O14,22,26,14,-9999,-9999,-9999,-9999,-9999,-9999,-9999
2975,513.125386,513.125174536,513.125468317,2743956,-9999,224938.8,15.92,-1,-0.572532425,0.942256567,0,0.56535394,14,0.24,1.08,N2 S1 P1 O6,de-protonated,0,-9999,C25 H27 O6 N2 P1 S1,25,27,6,2,1,1,-9999,-9999,-9999,-9999
2975,513.125386,513.125174536,513.124816868,2743956,-9999,224938.8,15.92,-1,0.69703842,0.91561517,0,0.549369102,5,0.470588235,1.823529412,N4 S2 P1 O8,de-protonated,0,-9999,C17 H31 O8 N4 P1 S2,17,31,8,4,1,2,-9999,-9999,-9999,-9999
2976,513.231955,513.231743505,513.231633664,1856691.1,-9999,221389.4,9.98,-1,0.214017043,0.991723493,0,0.595034096,11,0.206896552,1.310344828,S1 O6,de-protonated,0,-9999,C29 H38 O6 S1,29,38,6,-9999,-9999,1,-9999,-9999,-9999,-9999
2976,513.231955,513.231743505,513.231253542,1856691.1,-9999,221389.4,9.98,-1,0.954662899,0.847580948,0,0.508548569,16,0.096774194,1.129032258,N2 P1 O3,de-protonated,0,-9999,C31 H35 O3 N2 P1,31,35,3,2,1,-9999,-9999,-9999,-9999,-9999
2977,514.252232,514.252020203,514.251654634,3131359.5,-9999,231894.7,18.51,-1,0.710876344,0.456192049,0.742885034,0.570869243,15,0.09375,1.1875,N1 P1 O3,de-protonated,0,-9999,C32 H38 O3 N1 P1,32,38,3,1,1,-9999,-9999,-9999,-9999,-9999
2979,515.047148,515.046935969,515.046728737,1550539.8,-9999,169608.2,7.92,-1,0.402354316,0.971052693,0,0.582631616,16,0.608695652,0.695652174,O14,de-protonated,0,-9999,C23 H16 O14,23,16,14,-9999,-9999,-9999,-9999,-9999,-9999,-9999
2979,515.047148,515.046935969,515.047217995,1550539.8,-9999,169608.2,7.92,-1,-0.547573243,0.947048539,0,0.568229124,20,0.230769231,0.653846154,N2 S1 P1 O6,de-protonated,0,-9999,C26 H17 O6 N2 P1 S1,26,17,6,2,1,1,-9999,-9999,-9999,-9999
2979,515.047148,515.046935969,515.046566546,1550539.8,-9999,169608.2,7.92,-1,0.71726059,0.910875922,0,0.546525553,11,0.444444444,1.166666667,N4 S2 P1 O8,de-protonated,0,-9999,C18 H21 O8 N4 P1 S2,18,21,8,4,1,2,-9999,-9999,-9999,-9999
2980,515.068153,515.067940962,515.067858105,1796818,-9999,227163.1,9.57,-1,0.160866207,0.995315489,0,0.597189293,11,0.8,1,O16,de-protonated,0,-9999,C20 H20 O16,20,20,16,-9999,-9999,-9999,-9999,-9999,-9999,-9999
2980,515.068153,515.067940962,515.068347363,1796818,-9999,227163.1,9.57,-1,-0.789022155,0.893184635,0,0.535910781,15,0.347826087,0.913043478,N2 S1 P1 O8,de-protonated,0,-9999,C23 H21 O8 N2 P1 S1,23,21,8,2,1,1,-9999,-9999,-9999,-9999
2980,515.068153,515.067940962,515.067695914,1796818,-9999,227163.1,9.57,-1,0.475759487,0.959761578,0,0.575856947,6,0.666666667,1.666666667,N4 S2 P1 O10,de-protonated,0,-9999,C15 H25 O10 N4 P1 S2,15,25,10,4,1,2,-9999,-9999,-9999,-9999
2981,515.083623,515.083410958,515.083114247,1843926.6,-9999,190871.9,9.89,-1,0.576045199,0.941567003,0,0.564940202,15,0.541666667,0.833333333,O13,de-protonated,0,-9999,C24 H20 O13,24,20,13,-9999,-9999,-9999,-9999,-9999,-9999,-9999
2981,515.083623,515.083410958,515.083603504,1843926.6,-9999,190871.9,9.89,-1,-0.373815423,0.974963474,0,0.584978084,19,0.185185185,0.777777778,N2 S1 P1 O5,de-protonated,0,-9999,C27 H21 O5 N2 P1 S1,27,21,5,2,1,1,-9999,-9999,-9999,-9999
2981,515.083623,515.083410958,515.082952055,1843926.6,-9999,190871.9,9.89,-1,0.890929283,0.865865409,0,0.519519245,10,0.368421053,1.315789474,N4 S2 P1 O7,de-protonated,0,-9999,C19 H25 O7 N4 P1 S2,19,25,7,4,1,2,-9999,-9999,-9999,-9999
2982,515.104627,515.104414952,515.104243615,1594588.9,-9999,231137.9,8.22,-1,0.332625669,0.980124717,0,0.58807483,10,0.714285714,1.142857143,O15,de-protonated,0,-9999,C21 H24 O15,21,24,15,-9999,-9999,-9999,-9999,-9999,-9999,-9999
2982,515.104627,515.104414952,515.104732872,1594588.9,-9999,231137.9,8.22,-1,-0.617195759,0.933215287,0,0.559929172,14,0.291666667,1.041666667,N2 S1 P1 O7,de-protonated,0,-9999,C24 H25 O7 N2 P1 S1,24,25,7,2,1,1,-9999,-9999,-9999,-9999
2982,515.104627,515.104414952,515.104081423,1594588.9,-9999,231137.9,8.22,-1,0.64749676,0.926748798,0,0.556049279,5,0.5625,1.8125,N4 S2 P1 O9,de-protonated,0,-9999,C16 H29 O9 N4 P1 S2,16,29,9,4,1,2,-9999,-9999,-9999,-9999
2983,515.247659,515.247446909,515.247283729,2329863.5,-9999,213079,13.14,-1,0.316703684,0.981965086,0,0.589179052,10,0.206896552,1.379310345,S1 O6,de-protonated,0,-9999,C29 H40 O6 S1,29,40,6,-9999,-9999,1,-9999,-9999,-9999,-9999
2984,516.231569,516.231356619,516.230919189,3957295,-9999,225179.4,24.04,-1,0.847353003,0.438924164,0.748902347,0.562915437,15,0.129032258,1.161290323,N1 P1 O4,de-protonated,0,-9999,C31 H36 O4 N1 P1,31,36,4,1,1,-9999,-9999,-9999,-9999,-9999
2987,517.226784,517.226571325,517.226548284,1615196.3,-9999,225841.3,8.35,-1,0.044547712,0.99963998,0,0.599783988,10,0.25,1.357142857,S1 O7,de-protonated,0,-9999,C28 H38 O7 S1,28,38,7,-9999,-9999,1,-9999,-9999,-9999,-9999
2987,517.226784,517.226571325,517.226168161,1615196.3,-9999,225841.3,8.35,-1,0.779472896,0.895615373,0,0.537369224,15,0.133333333,1.166666667,N2 P1 O4,de-protonated,0,-9999,C30 H35 O4 N2 P1,30,35,4,2,1,-9999,-9999,-9999,-9999,-9999
2988,517.317405,517.317192298,517.317077367,1715063.8,-9999,211602.6,9.02,-1,0.222167541,0.991083966,0,0.59465038,8,0.233333333,1.533333333,O7,de-protonated,0,-9999,C30 H46 O7,30,46,7,-9999,-9999,-9999,-9999,-9999,-9999,-9999
2988,517.317405,517.317192298,517.316915176,1715063.8,-9999,211602.6,9.02,-1,0.535691729,0.949262856,0,0.569557714,3,0.04,2.04,N4 S2 P1 O1,de-protonated,0,-9999,C25 H51 O1 N4 P1 S2,25,51,1,4,1,2,-9999,-9999,-9999,-9999
2989,518.210816,518.210603035,518.210183744,1559688.1,-9999,195139.4,7.98,-1,0.809112486,0.887996263,0,0.532797758,15,0.166666667,1.133333333,N1 P1 O5,de-protonated,0,-9999,C30 H34 O5 N1 P1,30,34,5,1,1,-9999,-9999,-9999,-9999,-9999
2991,519.078547,519.078333778,519.078028866,1886610.3,-9999,243598,10.1,-1,0.587410856,0.939310537,0,0.563586322,14,0.608695652,0.869565217,O14,de-protonated,0,-9999,C23 H20 O14,23,20,14,-9999,-9999,-9999,-9999,-9999,-9999,-9999
2991,519.078547,519.078333778,519.078518124,1886610.3,-9999,243598,10.1,-1,-0.355139491,0.977374832,0,0.586424899,18,0.230769231,0.807692308,N2 S1 P1 O6,de-protonated,0,-9999,C26 H21 O6 N2 P1 S1,26,21,6,2,1,1,-9999,-9999,-9999,-9999
2991,519.078547,519.078333778,519.077866675,1886610.3,-9999,243598,10.1,-1,0.89987154,0.86335313,0,0.518011878,9,0.444444444,1.388888889,N4 S2 P1 O8,de-protonated,0,-9999,C18 H25 O8 N4 P1 S2,18,25,8,4,1,2,-9999,-9999,-9999,-9999
2992,519.114834,519.114620768,519.114414376,2187677.5,-9999,216286.9,12.11,-1,0.39758481,0.97172517,0,0.583035102,13,0.541666667,1,O13,de-protonated,0,-9999,C24 H24 O13,24,24,13,-9999,-9999,-9999,-9999,-9999,-9999,-9999
2992,519.114834,519.114620768,519.114903633,2187677.5,-9999,216286.9,12.11,-1,-0.544899294,0.947550656,0,0.568530394,17,0.185185185,0.925925926,N2 S1 P1 O5,de-protonated,0,-9999,C27 H25 O5 N2 P1 S1,27,25,5,2,1,1,-9999,-9999,-9999,-9999
2992,519.114834,519.114620768,519.114252184,2187677.5,-9999,216286.9,12.11,-1,0.710023533,0.912584727,0,0.547550836,8,0.368421053,1.526315789,N4 S2 P1 O7,de-protonated,0,-9999,C19 H29 O7 N4 P1 S2,19,29,7,4,1,2,-9999,-9999,-9999,-9999
2993,519.252736,519.252522727,519.252583584,1712583.8,-9999,247792.7,8.95,-1,-0.117202095,0.997510664,0,0.598506399,8,0.068965517,1.551724138,S2 P1 O2,de-protonated,0,-9999,C29 H45 O2 P1 S2,29,45,2,-9999,1,2,-9999,-9999,-9999,-9999
2993,519.252736,519.252522727,519.252780289,1712583.8,-9999,247792.7,8.95,-1,-0.496024268,0.956338214,0,0.573802928,0,0.421052632,2.315789474,N4 S2 O8,de-protonated,0,-9999,C19 H44 O8 N4 S2,19,44,8,4,-9999,2,-9999,-9999,-9999,-9999
2994,520.241698,520.241484435,520.24108995,1810680.6,-9999,210039.9,9.6,-1,0.758273352,0.900928763,0,0.540557258,18,0.058823529,1.058823529,N1 P1 O2,de-protonated,0,-9999,C34 H36 O2 N1 P1,34,36,2,1,1,-9999,-9999,-9999,-9999,-9999
2996,521.057918,521.057704194,521.058162801,2164725,-9999,229883.5,11.95,-1,-0.880146133,0.868871067,0,0.52132264,13,0.434782609,0.956521739,S2 O10,de-protonated,0,-9999,C23 H22 O10 S2,23,22,10,-9999,-9999,2,-9999,-9999,-9999,-9999
2996,521.057918,521.057704194,521.057293421,2164725,-9999,229883.5,11.95,-1,0.788344292,0.89335794,0,0.536014764,14,0.681818182,0.818181818,O15,de-protonated,0,-9999,C22 H18 O15,22,18,15,-9999,-9999,-9999,-9999,-9999,-9999,-9999
2996,521.057918,521.057704194,521.057782679,2164725,-9999,229883.5,11.95,-1,-0.150625918,0.995891724,0,0.597535034,18,0.28,0.76,N2 S1 P1 O7,de-protonated,0,-9999,C25 H19 O7 N2 P1 S1,25,19,7,2,1,1,-9999,-9999,-9999,-9999
2997,521.09415,521.093936183,521.093678931,2117120.3,-9999,221569.6,11.64,-1,0.49367802,0.956741242,0,0.574044745,13,0.608695652,0.956521739,O14,de-protonated,0,-9999,C23 H22 O14,23,22,14,-9999,-9999,-9999,-9999,-9999,-9999,-9999
2997,521.09415,521.093936183,521.094168188,2117120.3,-9999,221569.6,11.64,-1,-0.44522635,0.964671222,0,0.578802733,17,0.230769231,0.884615385,N2 S1 P1 O6,de-protonated,0,-9999,C26 H23 O6 N2 P1 S1,26,23,6,2,1,1,-9999,-9999,-9999,-9999
2997,521.09415,521.093936183,521.093516739,2117120.3,-9999,221569.6,11.64,-1,0.80493004,0.889084632,0,0.533450779,8,0.444444444,1.5,N4 S2 P1 O8,de-protonated,0,-9999,C18 H27 O8 N4 P1 S2,18,27,8,4,1,2,-9999,-9999,-9999,-9999
2998,521.130503,521.130289172,521.13006444,1934859.5,-9999,230819.5,10.42,-1,0.431240543,0.966819246,0,0.580091548,12,0.541666667,1.083333333,O13,de-protonated,0,-9999,C24 H26 O13,24,26,13,-9999,-9999,-9999,-9999,-9999,-9999,-9999
2998,521.130503,521.130289172,521.130553697,1934859.5,-9999,230819.5,10.42,-1,-0.507598213,0.954324677,0,0.572594806,16,0.185185185,1,N2 S1 P1 O5,de-protonated,0,-9999,C27 H27 O5 N2 P1 S1,27,27,5,2,1,1,-9999,-9999,-9999,-9999
2998,521.130503,521.130289172,521.129902249,1934859.5,-9999,230819.5,10.42,-1,0.742470813,0.904813956,0,0.542888373,7,0.368421053,1.631578947,N4 S2 P1 O7,de-protonated,0,-9999,C19 H31 O7 N4 P1 S2,19,31,7,4,1,2,-9999,-9999,-9999,-9999
2999,521.225565,521.225351144,521.225105533,1777704.9,-9999,213900,9.38,-1,0.471219732,0.960510539,0,0.576306323,18,0.088235294,1.029411765,P1 O3,de-protonated,0,-9999,C34 H35 O3 P1,34,35,3,-9999,1,-9999,-9999,-9999,-9999,-9999
2999,521.225565,521.225351144,521.224834207,1777704.9,-9999,213900,9.38,-1,0.991774913,0.836544051,0,0.50192643,4,0.333333333,1.75,S2 O8,de-protonated,0,-9999,C24 H42 O8 S2,24,42,8,-9999,-9999,2,-9999,-9999,-9999,-9999
2999,521.225565,521.225351144,521.225302237,1777704.9,-9999,213900,9.38,-1,0.093830949,0.998403756,0,0.599042254,10,0.375,1.416666667,N4 O9,de-protonated,0,-9999,C24 H34 O9 N4,24,34,9,4,-9999,-9999,-9999,-9999,-9999,-9999
3000,521.26218,521.261966134,521.261491042,1659956.3,-9999,229053.9,8.59,-1,0.911426227,0.860080733,0,0.51604844,17,0.057142857,1.114285714,P1 O2,de-protonated,0,-9999,C35 H39 O2 P1,35,39,2,-9999,1,-9999,-9999,-9999,-9999,-9999
3000,521.26218,521.261966134,521.261687747,1659956.3,-9999,229053.9,8.59,-1,0.53406362,0.949562895,0,0.569737737,9,0.32,1.52,N4 O8,de-protonated,0,-9999,C25 H38 O8 N4,25,38,8,4,-9999,-9999,-9999,-9999,-9999,-9999
3001,521.30438,521.304166121,521.304619158,6978625.5,-9999,204146.1,44.01,-1,-0.869044775,0.891738322,0.977835016,0.926177,6,0.033333333,1.7,S2 P1 O1,de-protonated,0,-9999,C30 H51 O1 P1 S2,30,51,1,-9999,1,2,-9999,-9999,-9999,-9999
3001,521.30438,521.304166121,521.303749778,6978625.5,-9999,204146.1,44.01,-1,0.798656857,0.869822912,0.984051307,0.91551427,7,0.206896552,1.620689655,P1 O6,de-protonated,0,-9999,C29 H47 O6 P1,29,47,6,-9999,1,-9999,-9999,-9999,-9999,-9999
3002,522.307815,522.307600825,522.307973993,2000760.6,-9999,231477.8,10.86,-1,-0.714460457,0.911538761,0.977835016,0.938057263,6,0.033333333,1.7,13C1 S2 P1 O1,de-protonated,1,3001,C29 H51 O1 P1 S2 13C1,29,51,1,-9999,1,2,1,-9999,-9999,-9999
3002,522.307815,522.307600825,522.307104613,2000760.6,-9999,231477.8,10.86,-1,0.950037769,0.848936864,0.984051307,0.902982641,7,0.206896552,1.620689655,13C1 P1 O6,de-protonated,1,3001,C28 H47 O6 P1 13C1,28,47,6,-9999,1,-9999,1,-9999,-9999,-9999
3002,522.307815,522.307600825,522.308110339,2000760.6,-9999,231477.8,10.86,-1,-0.975504694,0.841416686,0,0.504850011,6,0.103448276,1.689655172,N1 S2 O3,de-protonated,0,-9999,C29 H49 O3 N1 S2,29,49,3,1,-9999,2,-9999,-9999,-9999,-9999
3002,522.307815,522.307600825,522.307240959,2000760.6,-9999,231477.8,10.86,-1,0.688992662,0.917469752,0,0.550481851,7,0.285714286,1.607142857,N1 O8,de-protonated,0,-9999,C28 H45 O8 N1,28,45,8,1,-9999,-9999,-9999,-9999,-9999,-9999
3004,523.073426,523.073211599,523.072943486,2708070.5,-9999,212445.1,15.57,-1,0.512572865,0.953446291,0,0.572067774,13,0.681818182,0.909090909,O15,de-protonated,0,-9999,C22 H20 O15,22,20,15,-9999,-9999,-9999,-9999,-9999,-9999,-9999
3004,523.073426,523.073211599,523.073432743,2708070.5,-9999,212445.1,15.57,-1,-0.42277879,0.968087809,0,0.580852686,17,0.28,0.84,N2 S1 P1 O7,de-protonated,0,-9999,C25 H21 O7 N2 P1 S1,25,21,7,2,1,1,-9999,-9999,-9999,-9999
3004,523.073426,523.073211599,523.072781294,2708070.5,-9999,212445.1,15.57,-1,0.822647139,0.884444873,0,0.530666924,8,0.529411765,1.470588235,N4 S2 P1 O9,de-protonated,0,-9999,C17 H25 O9 N4 P1 S2,17,25,9,4,1,2,-9999,-9999,-9999,-9999
3005,523.10948,523.109265588,523.109328995,1743985.6,-9999,201508.4,9.15,-1,-0.121211751,0.997337654,0,0.598402592,12,0.608695652,1.043478261,O14,de-protonated,0,-9999,C23 H24 O14,23,24,14,-9999,-9999,-9999,-9999,-9999,-9999,-9999
3005,523.10948,523.109265588,523.108815931,1743985.6,-9999,201508.4,9.15,-1,0.859586454,0.874528482,0,0.524717089,30,0.083333333,0.444444444,N2 O3,de-protonated,0,-9999,C36 H16 O3 N2,36,16,3,2,-9999,-9999,-9999,-9999,-9999,-9999
3005,523.10948,523.109265588,523.109166804,1743985.6,-9999,201508.4,9.15,-1,0.188840759,0.993550278,0,0.596130167,7,0.444444444,1.611111111,N4 S2 P1 O8,de-protonated,0,-9999,C18 H29 O8 N4 P1 S2,18,29,8,4,1,2,-9999,-9999,-9999,-9999
3006,523.301651,523.301436531,523.301641778,2530989.5,-9999,226953,14.39,-1,-0.39221472,0.972473275,0,0.583483965,6,0.137931034,1.689655172,S1 P1 O4,de-protonated,0,-9999,C29 H49 O4 P1 S1,29,49,4,-9999,1,1,-9999,-9999,-9999,-9999
3007,525.05263,525.052415014,525.052208041,2037965.6,-9999,201241.4,11.1,-1,0.394196076,0.97219837,0,0.583319022,13,0.761904762,0.857142857,O16,de-protonated,0,-9999,C21 H18 O16,21,18,16,-9999,-9999,-9999,-9999,-9999,-9999,-9999
3007,525.05263,525.052415014,525.052697298,2037965.6,-9999,201241.4,11.1,-1,-0.53762952,0.948904681,0,0.569342809,17,0.333333333,0.791666667,N2 S1 P1 O8,de-protonated,0,-9999,C24 H19 O8 N2 P1 S1,24,19,8,2,1,1,-9999,-9999,-9999,-9999
3007,525.05263,525.052415014,525.05204585,2037965.6,-9999,201241.4,11.1,-1,0.703101441,0.914205904,0,0.548523542,8,0.625,1.4375,N4 S2 P1 O10,de-protonated,0,-9999,C16 H23 O10 N4 P1 S2,16,23,10,4,1,2,-9999,-9999,-9999,-9999
3008,525.089042,525.088827004,525.08859355,2618585,-9999,217913.1,14.97,-1,0.444598154,0.96476907,0,0.578861442,12,0.681818182,1,O15,de-protonated,0,-9999,C22 H22 O15,22,22,15,-9999,-9999,-9999,-9999,-9999,-9999,-9999
3008,525.089042,525.088827004,525.089082808,2618585,-9999,217913.1,14.97,-1,-0.48716292,0.957851234,0,0.57471074,16,0.28,0.92,N2 S1 P1 O7,de-protonated,0,-9999,C25 H23 O7 N2 P1 S1,25,23,7,2,1,1,-9999,-9999,-9999,-9999
3008,525.089042,525.088827004,525.088431359,2618585,-9999,217913.1,14.97,-1,0.753482129,0.902113597,0,0.541268158,7,0.529411765,1.588235294,N4 S2 P1 O9,de-protonated,0,-9999,C17 H27 O9 N4 P1 S2,17,27,9,4,1,2,-9999,-9999,-9999,-9999
3009,525.125405,525.125189993,525.12497906,2215652,-9999,215018.4,12.28,-1,0.401682155,0.971147921,0,0.582688753,11,0.608695652,1.130434783,O14,de-protonated,0,-9999,C23 H26 O14,23,26,14,-9999,-9999,-9999,-9999,-9999,-9999,-9999
3009,525.125405,525.125189993,525.125468317,2215652,-9999,215018.4,12.28,-1,-0.530014318,0.950305573,0,0.570183344,15,0.230769231,1.038461538,N2 S1 P1 O6,de-protonated,0,-9999,C26 H27 O6 N2 P1 S1,26,27,6,2,1,1,-9999,-9999,-9999,-9999
3009,525.125405,525.125189993,525.124816868,2215652,-9999,215018.4,12.28,-1,0.710544714,0.912462139,0,0.547477283,6,0.444444444,1.722222222,N4 S2 P1 O8,de-protonated,0,-9999,C18 H31 O8 N4 P1 S2,18,31,8,4,1,2,-9999,-9999,-9999,-9999
3010,526.288368,526.28815265,526.288040143,2452045,-9999,225430.6,13.86,-1,0.213773192,0.991742265,0,0.595045359,15,0.058823529,1.235294118,N1 P1 O2,de-protonated,0,-9999,C34 H42 O2 N1 P1,34,42,2,1,1,-9999,-9999,-9999,-9999,-9999
3010,526.288368,526.28815265,526.287768817,2452045,-9999,225430.6,13.86,-1,0.729320453,0.907997125,0,0.544798275,1,0.291666667,2.041666667,N1 S2 O7,de-protonated,0,-9999,C24 H49 O7 N1 S2,24,49,7,1,-9999,2,-9999,-9999,-9999,-9999
3013,527.105054,527.104838408,527.105112995,2362185.8,-9999,233509.8,13.26,-1,-0.520932426,0.951952788,0,0.571171673,10,0.434782609,1.217391304,S2 O10,de-protonated,0,-9999,C23 H28 O10 S2,23,28,10,-9999,-9999,2,-9999,-9999,-9999,-9999
3013,527.105054,527.104838408,527.104732872,2362185.8,-9999,233509.8,13.26,-1,0.200218985,0.99275254,0,0.595651524,15,0.28,1,N2 S1 P1 O7,de-protonated,0,-9999,C25 H25 O7 N2 P1 S1,25,25,7,2,1,1,-9999,-9999,-9999,-9999
3014,527.247285,527.247069366,527.247283729,1966453.5,-9999,206214.9,10.62,-1,-0.406568656,0.970452212,0,0.582271327,11,0.2,1.333333333,S1 O6,de-protonated,0,-9999,C30 H40 O6 S1,30,40,6,-9999,-9999,1,-9999,-9999,-9999,-9999
3014,527.247285,527.247069366,527.246903606,1966453.5,-9999,206214.9,10.62,-1,0.314388381,0.982225466,0,0.58933528,16,0.09375,1.15625,N2 P1 O3,de-protonated,0,-9999,C32 H37 O3 N2 P1,32,37,3,2,1,-9999,-9999,-9999,-9999,-9999
3014,527.247285,527.247069366,527.24663228,1966453.5,-9999,206214.9,10.62,-1,0.828998108,0.882763097,0,0.529657858,2,0.363636364,2,N2 S2 O8,de-protonated,0,-9999,C22 H44 O8 N2 S2,22,44,8,2,-9999,2,-9999,-9999,-9999,-9999
3016,528.26801,528.267794065,528.267304698,1502896.1,-9999,198408.5,7.53,-1,0.926361831,0.855807759,0,0.513484656,15,0.090909091,1.212121212,N1 P1 O3,de-protonated,0,-9999,C33 H40 O3 N1 P1,33,40,3,1,1,-9999,-9999,-9999,-9999,-9999
3017,528.304262,528.304046054,528.303690208,2058427.3,-9999,230592.6,11.23,-1,0.673564506,0.920976002,0,0.552585601,14,0.058823529,1.294117647,N1 P1 O2,de-protonated,0,-9999,C34 H44 O2 N1 P1,34,44,2,1,1,-9999,-9999,-9999,-9999,-9999
3020,529.083749,529.083532824,529.08350817,1775530.4,-9999,265339.2,9.34,-1,0.046598311,0.999606079,0,0.599763648,11,0.761904762,1.047619048,O16,de-protonated,0,-9999,C21 H22 O16,21,22,16,-9999,-9999,-9999,-9999,-9999,-9999,-9999
3020,529.083749,529.083532824,529.083997427,1775530.4,-9999,265339.2,9.34,-1,-0.878127017,0.869430949,0,0.52165857,15,0.333333333,0.958333333,N2 S1 P1 O8,de-protonated,0,-9999,C24 H23 O8 N2 P1 S1,24,23,8,2,1,1,-9999,-9999,-9999,-9999
3020,529.083749,529.083532824,529.083345979,1775530.4,-9999,265339.2,9.34,-1,0.353149894,0.977624778,0,0.58657486700000006,6,0.625,1.6875,N4 S2 P1 O10,de-protonated,0,-9999,C16 H27 O10 N4 P1 S2,16,27,10,4,1,2,-9999,-9999,-9999,-9999
3021,529.263214,529.262997771,529.262933793,2396129.3,-9999,213412.5,13.48,-1,0.120881524,0.997352121,0,0.598411273,10,0.2,1.4,S1 O6,de-protonated,0,-9999,C30 H42 O6 S1,30,42,6,-9999,-9999,1,-9999,-9999,-9999,-9999
3021,529.263214,529.262997771,529.262553671,2396129.3,-9999,213412.5,13.48,-1,0.839093238,0.880069911,0,0.528041946,15,0.09375,1.21875,N2 P1 O3,de-protonated,0,-9999,C32 H39 O3 N2 P1,32,39,3,2,1,-9999,-9999,-9999,-9999,-9999
3022,530.247097,530.246880481,530.246569254,3805965.3,-9999,199321.1,22.86,-1,0.586948117,0.46970158,0.742885034,0.578974962,15,0.125,1.1875,N1 P1 O4,de-protonated,0,-9999,C32 H38 O4 N1 P1,32,38,4,1,1,-9999,-9999,-9999,-9999,-9999
3023,530.283605,530.28338847,530.282954763,2730776.3,-9999,209263.5,15.7,-1,0.817878629,0.885701188,0,0.531420713,14,0.090909091,1.272727273,N1 P1 O3,de-protonated,0,-9999,C33 H42 O3 N1 P1,33,42,3,1,1,-9999,-9999,-9999,-9999,-9999
3024,531.078268,531.078051235,531.078028866,1705993.1,-9999,236215.5,8.88,-1,0.042120193,0.999678142,0,0.599806885,15,0.583333333,0.833333333,O14,de-protonated,0,-9999,C24 H20 O14,24,20,14,-9999,-9999,-9999,-9999,-9999,-9999,-9999
3024,531.078268,531.078051235,531.078518124,1705993.1,-9999,236215.5,8.88,-1,-0.879132228,0.869152329,0,0.521491397,19,0.222222222,0.777777778,N2 S1 P1 O6,de-protonated,0,-9999,C27 H21 O6 N2 P1 S1,27,21,6,2,1,1,-9999,-9999,-9999,-9999
3024,531.078268,531.078051235,531.077866675,1705993.1,-9999,236215.5,8.88,-1,0.347520487,0.978324713,0,0.586994828,10,0.421052632,1.315789474,N4 S2 P1 O8,de-protonated,0,-9999,C19 H25 O8 N4 P1 S2,19,25,8,4,1,2,-9999,-9999,-9999,-9999
3025,531.099971,531.099754229,531.100027614,1459215.6,-9999,241860.1,7.23,-1,-0.514752805,0.953058931,0,0.571835358,9,0.5,1.272727273,S2 O11,de-protonated,0,-9999,C22 H28 O11 S2,22,28,11,-9999,-9999,2,-9999,-9999,-9999,-9999
3025,531.099971,531.099754229,531.099647492,1459215.6,-9999,241860.1,7.23,-1,0.200974133,0.992697969,0,0.595618781,14,0.333333333,1.041666667,N2 S1 P1 O8,de-protonated,0,-9999,C24 H25 O8 N2 P1 S1,24,25,8,2,1,1,-9999,-9999,-9999,-9999
3026,531.114949,531.114732225,531.114414376,2003476.1,-9999,224217.6,10.86,-1,0.598456604,0.937080674,0,0.562248404,14,0.52,0.96,O13,de-protonated,0,-9999,C25 H24 O13,25,24,13,-9999,-9999,-9999,-9999,-9999,-9999,-9999
3026,531.114949,531.114732225,531.114903633,2003476.1,-9999,224217.6,10.86,-1,-0.322733216,0.981278367,0,0.58876702,18,0.178571429,0.892857143,N2 S1 P1 O5,de-protonated,0,-9999,C28 H25 O5 N2 P1 S1,28,25,5,2,1,1,-9999,-9999,-9999,-9999
3026,531.114949,531.114732225,531.114252184,2003476.1,-9999,224217.6,10.86,-1,0.903836146,0.862233623,0,0.517340174,9,0.35,1.45,N4 S2 P1 O7,de-protonated,0,-9999,C20 H29 O7 N4 P1 S2,20,29,7,4,1,2,-9999,-9999,-9999,-9999
3027,531.135298,531.135081219,531.135543744,1508378.3,-9999,147305.2,7.56,-1,-0.870823173,0.871448485,0,0.522869091,9,0.681818182,1.272727273,O15,de-protonated,0,-9999,C22 H28 O15,22,28,15,-9999,-9999,-9999,-9999,-9999,-9999,-9999
3027,531.135298,531.135081219,531.135030679,1508378.3,-9999,147305.2,7.56,-1,0.095153036,0.998358494,0,0.599015096,27,0.114285714,0.571428571,N2 O4,de-protonated,0,-9999,C35 H20 O4 N2,35,20,4,2,-9999,-9999,-9999,-9999,-9999,-9999
3027,531.135298,531.135081219,531.135381552,1508378.3,-9999,147305.2,7.56,-1,-0.565456228,0.943634341,0,0.566180605,4,0.529411765,1.941176471,N4 S2 P1 O9,de-protonated,0,-9999,C17 H33 O9 N4 P1 S2,17,33,9,4,1,2,-9999,-9999,-9999,-9999
3028,531.151236,531.151019214,531.150799885,1476383.1,-9999,180230.8,7.35,-1,0.412931441,0.969534474,0,0.581720684,13,0.461538462,1.076923077,O12,de-protonated,0,-9999,C26 H28 O12,26,28,12,-9999,-9999,-9999,-9999,-9999,-9999,-9999
3028,531.151236,531.151019214,531.151289142,1476383.1,-9999,180230.8,7.35,-1,-0.508195105,0.954219692,0,0.572531815,17,0.137931034,1,N2 S1 P1 O4,de-protonated,0,-9999,C29 H29 O4 N2 P1 S1,29,29,4,2,1,1,-9999,-9999,-9999,-9999
3028,531.151236,531.151019214,531.150637694,1476383.1,-9999,180230.8,7.35,-1,0.718290006,0.910631711,0,0.546379027,8,0.285714286,1.571428571,N4 S2 P1 O6,de-protonated,0,-9999,C21 H33 O6 N4 P1 S2,21,33,6,4,1,2,-9999,-9999,-9999,-9999
3029,531.242612,531.242395187,531.242198348,2726970.8,-9999,189717.2,15.68,-1,0.370525114,0.975396832,0,0.585238099,10,0.24137931,1.379310345,S1 O7,de-protonated,0,-9999,C29 H40 O7 S1,29,40,7,-9999,-9999,1,-9999,-9999,-9999,-9999
3030,532.226359,532.226141896,532.225833809,2065250.1,-9999,215542.7,11.27,-1,0.578866547,0.941010481,0,0.564606288,15,0.161290323,1.161290323,N1 P1 O5,de-protonated,0,-9999,C31 H36 O5 N1 P1,31,36,5,1,1,-9999,-9999,-9999,-9999,-9999
3031,533.057693,533.057475651,533.057293421,2198617.8,-9999,184628,12.15,-1,0.341857374,0.979017984,0,0.587410791,15,0.652173913,0.782608696,O15,de-protonated,0,-9999,C23 H18 O15,23,18,15,-9999,-9999,-9999,-9999,-9999,-9999,-9999
3031,533.057693,533.057475651,533.057782679,2198617.8,-9999,184628,12.15,-1,-0.575974675,0.941580883,0,0.56494853,19,0.269230769,0.730769231,N2 S1 P1 O7,de-protonated,0,-9999,C26 H19 O7 N2 P1 S1,26,19,7,2,1,1,-9999,-9999,-9999,-9999
3031,533.057693,533.057475651,533.05713123,2198617.8,-9999,184628,12.15,-1,0.646123795,0.927047509,0,0.556228506,10,0.5,1.277777778,N4 S2 P1 O9,de-protonated,0,-9999,C18 H23 O9 N4 P1 S2,18,23,9,4,1,2,-9999,-9999,-9999,-9999
3032,533.094117,533.09389964,533.093678931,1824356.5,-9999,248350.5,9.66,-1,0.414016281,0.969376667,0,0.581626,14,0.583333333,0.916666667,O14,de-protonated,0,-9999,C24 H22 O14,24,22,14,-9999,-9999,-9999,-9999,-9999,-9999,-9999
3032,533.094117,533.09389964,533.094168188,1824356.5,-9999,248350.5,9.66,-1,-0.50375319,0.954998281,0,0.572998968,18,0.222222222,0.851851852,N2 S1 P1 O6,de-protonated,0,-9999,C27 H23 O6 N2 P1 S1,27,23,6,2,1,1,-9999,-9999,-9999,-9999
3032,533.094117,533.09389964,533.093516739,1824356.5,-9999,248350.5,9.66,-1,0.718261956,0.91063837,0,0.546383022,9,0.421052632,1.421052632,N4 S2 P1 O8,de-protonated,0,-9999,C19 H27 O8 N4 P1 S2,19,27,8,4,1,2,-9999,-9999,-9999,-9999
3033,535.036706,535.036488067,535.036557976,1512606.1,-9999,202596.2,7.58,-1,-0.130663695,0.99690692,0,0.598144152,15,0.727272727,0.727272727,O16,de-protonated,0,-9999,C22 H16 O16,22,16,16,-9999,-9999,-9999,-9999,-9999,-9999,-9999
3033,535.036706,535.036488067,535.036395785,1512606.1,-9999,202596.2,7.58,-1,0.172477007,0.994616749,0,0.596770049,10,0.588235294,1.235294118,N4 S2 P1 O10,de-protonated,0,-9999,C17 H21 O10 N4 P1 S2,17,21,10,4,1,2,-9999,-9999,-9999,-9999
3034,535.073339,535.073121056,535.072943486,1816744.8,-9999,217866.5,9.61,-1,0.331861258,0.980215055,0,0.588129033,14,0.652173913,0.869565217,O15,de-protonated,0,-9999,C23 H20 O15,23,20,15,-9999,-9999,-9999,-9999,-9999,-9999,-9999
3034,535.073339,535.073121056,535.073432743,1816744.8,-9999,217866.5,9.61,-1,-0.582513261,0.940287616,0,0.564172569,18,0.269230769,0.807692308,N2 S1 P1 O7,de-protonated,0,-9999,C26 H21 O7 N2 P1 S1,26,21,7,2,1,1,-9999,-9999,-9999,-9999
3034,535.073339,535.073121056,535.072781294,1816744.8,-9999,217866.5,9.61,-1,0.634981487,0.929451752,0,0.557671051,9,0.5,1.388888889,N4 S2 P1 O9,de-protonated,0,-9999,C18 H25 O9 N4 P1 S2,18,25,9,4,1,2,-9999,-9999,-9999,-9999
3035,535.109748,535.109530045,535.109328995,2405555.3,-9999,215264.5,13.53,-1,0.375717389,0.974711312,0,0.584826787,13,0.583333333,1,O14,de-protonated,0,-9999,C24 H24 O14,24,24,14,-9999,-9999,-9999,-9999,-9999,-9999,-9999
3035,535.109748,535.109530045,535.109818253,2405555.3,-9999,215264.5,13.53,-1,-0.538594995,0.948725794,0,0.569235477,17,0.222222222,0.925925926,N2 S1 P1 O6,de-protonated,0,-9999,C27 H25 O6 N2 P1 S1,27,25,6,2,1,1,-9999,-9999,-9999,-9999
3035,535.109748,535.109530045,535.109166804,2405555.3,-9999,215264.5,13.53,-1,0.67881702,0.919789718,0,0.551873831,8,0.421052632,1.526315789,N4 S2 P1 O8,de-protonated,0,-9999,C19 H29 O8 N4 P1 S2,19,29,8,4,1,2,-9999,-9999,-9999,-9999
3036,535.146588,535.146370034,535.146855211,2012349.9,-9999,210789.6,10.91,-1,-0.906622869,0.861444649,0,0.51686679,25,0.083333333,0.694444444,P1 O3,de-protonated,0,-9999,C36 H25 O3 P1,36,25,3,-9999,1,-9999,-9999,-9999,-9999,-9999
3036,535.146588,535.146370034,535.146583884,2012349.9,-9999,210789.6,10.91,-1,-0.399610543,0.971440474,0,0.582864284,11,0.307692308,1.230769231,S2 O8,de-protonated,0,-9999,C26 H32 O8 S2,26,32,8,-9999,-9999,2,-9999,-9999,-9999,-9999
3036,535.146588,535.146370034,535.146203762,2012349.9,-9999,210789.6,10.91,-1,0.310704442,0.982635966,0,0.589581579,16,0.178571429,1.035714286,N2 S1 P1 O5,de-protonated,0,-9999,C28 H29 O5 N2 P1 S1,28,29,5,2,1,1,-9999,-9999,-9999,-9999
3037,536.236521,536.236302712,536.23600457,1773047,-9999,216088.1,9.31,-1,0.555991865,0.945453399,0,0.567272039,18,0.088235294,1.058823529,N1 P1 O3,de-protonated,0,-9999,C34 H36 O3 N1 P1,34,36,3,1,1,-9999,-9999,-9999,-9999,-9999
3039,537.052552,537.052333471,537.052208041,2870494.3,-9999,191815.4,16.62,-1,0.233553644,0.990151283,0,0.59409077,14,0.727272727,0.818181818,O16,de-protonated,0,-9999,C22 H18 O16,22,18,16,-9999,-9999,-9999,-9999,-9999,-9999,-9999
3039,537.052552,537.052333471,537.052697298,2870494.3,-9999,191815.4,16.62,-1,-0.677450931,0.92009899,0,0.552059394,18,0.32,0.76,N2 S1 P1 O8,de-protonated,0,-9999,C25 H19 O8 N2 P1 S1,25,19,8,2,1,1,-9999,-9999,-9999,-9999
3039,537.052552,537.052333471,537.05204585,2870494.3,-9999,191815.4,16.62,-1,0.535556717,0.949287768,0,0.569572661,9,0.588235294,1.352941176,N4 S2 P1 O10,de-protonated,0,-9999,C17 H23 O10 N4 P1 S2,17,23,10,4,1,2,-9999,-9999,-9999,-9999
3040,537.088989,537.088770461,537.08859355,2579176.5,-9999,213015.6,14.68,-1,0.329387729,0.980506007,0,0.588303604,13,0.652173913,0.956521739,O15,de-protonated,0,-9999,C23 H22 O15,23,22,15,-9999,-9999,-9999,-9999,-9999,-9999,-9999
3040,537.088989,537.088770461,537.089082808,2579176.5,-9999,213015.6,14.68,-1,-0.581555216,0.940477908,0,0.564286745,17,0.269230769,0.884615385,N2 S1 P1 O7,de-protonated,0,-9999,C26 H23 O7 N2 P1 S1,26,23,7,2,1,1,-9999,-9999,-9999,-9999
3040,537.088989,537.088770461,537.088431359,2579176.5,-9999,213015.6,14.68,-1,0.631370371,0.930223289,0,0.558133973,8,0.5,1.5,N4 S2 P1 O9,de-protonated,0,-9999,C18 H27 O9 N4 P1 S2,18,27,9,4,1,2,-9999,-9999,-9999,-9999
3041,537.125748,537.12552945,537.12584844,1938162.9,-9999,219626,10.41,-1,-0.593882573,0.938008453,0,0.562805072,11,0.36,1.2,S2 O9,de-protonated,0,-9999,C25 H30 O9 S2,25,30,9,-9999,-9999,2,-9999,-9999,-9999,-9999
3041,537.125748,537.12552945,537.125468317,1938162.9,-9999,219626,10.41,-1,0.113814821,0.997652308,0,0.598591385,16,0.222222222,1,N2 S1 P1 O6,de-protonated,0,-9999,C27 H27 O6 N2 P1 S1,27,27,6,2,1,1,-9999,-9999,-9999,-9999
3042,537.220589,537.220370422,537.220020152,1629965.5,-9999,203574.3,8.36,-1,0.652003618,0.92576448,0,0.555458688,18,0.117647059,1.029411765,P1 O4,de-protonated,0,-9999,C34 H35 O4 P1,34,35,4,-9999,1,-9999,-9999,-9999,-9999,-9999
3042,537.220589,537.220370422,537.220216857,1629965.5,-9999,203574.3,8.36,-1,0.285850945,0.985283058,0,0.591169835,10,0.416666667,1.416666667,N4 O10,de-protonated,0,-9999,C24 H34 O10 N4,24,34,10,4,-9999,-9999,-9999,-9999,-9999,-9999
3043,537.299363,537.299144399,537.299533778,2314531.8,-9999,200422.2,12.92,-1,-0.724696705,0.90910545,0,0.54546326999999994,6,0.066666667,1.7,S2 P1 O2,de-protonated,0,-9999,C30 H51 O2 P1 S2,30,51,2,-9999,1,2,-9999,-9999,-9999,-9999
3043,537.299363,537.299144399,537.298664398,2314531.8,-9999,200422.2,12.92,-1,0.893359132,0.865184517,0,0.51911071,7,0.24137931,1.620689655,P1 O7,de-protonated,0,-9999,C29 H47 O7 P1,29,47,7,-9999,1,-9999,-9999,-9999,-9999,-9999
3044,539.068184,539.067964876,539.067858105,2261260.5,-9999,171926.3,12.56,-1,0.198065821,0.99290703,0,0.595744218,13,0.727272727,0.909090909,O16,de-protonated,0,-9999,C22 H20 O16,22,20,16,-9999,-9999,-9999,-9999,-9999,-9999,-9999
3044,539.068184,539.067964876,539.068347363,2261260.5,-9999,171926.3,12.56,-1,-0.709532352,0.912700192,0,0.547620115,17,0.32,0.84,N2 S1 P1 O8,de-protonated,0,-9999,C25 H21 O8 N2 P1 S1,25,21,8,2,1,1,-9999,-9999,-9999,-9999
3044,539.068184,539.067964876,539.067695914,2261260.5,-9999,171926.3,12.56,-1,0.49893965,0.955834999,0,0.573500999,8,0.588235294,1.470588235,N4 S2 P1 O10,de-protonated,0,-9999,C17 H25 O10 N4 P1 S2,17,25,10,4,1,2,-9999,-9999,-9999,-9999
3045,539.104741,539.104521866,539.104243615,2166038.5,-9999,204415.1,11.93,-1,0.516135381,0.952812487,0,0.571687492,12,0.652173913,1.043478261,O15,de-protonated,0,-9999,C23 H24 O15,23,24,15,-9999,-9999,-9999,-9999,-9999,-9999,-9999
3045,539.104741,539.104521866,539.104732872,2166038.5,-9999,204415.1,11.93,-1,-0.391401824,0.972585683,0,0.58355141,16,0.269230769,0.961538462,N2 S1 P1 O7,de-protonated,0,-9999,C26 H25 O7 N2 P1 S1,26,25,7,2,1,1,-9999,-9999,-9999,-9999
3045,539.104741,539.104521866,539.104081423,2166038.5,-9999,204415.1,11.93,-1,0.816989,0.885934959,0,0.531560975,7,0.5,1.611111111,N4 S2 P1 O9,de-protonated,0,-9999,C18 H29 O9 N4 P1 S2,18,29,9,4,1,2,-9999,-9999,-9999,-9999
3046,539.141,539.140780855,539.140629124,2294048.5,-9999,174710.7,12.78,-1,0.281430689,0.985731452,0,0.591438871,11,0.583333333,1.166666667,O14,de-protonated,0,-9999,C24 H28 O14,24,28,14,-9999,-9999,-9999,-9999,-9999,-9999,-9999
3046,539.141,539.140780855,539.141118381,2294048.5,-9999,174710.7,12.78,-1,-0.626045056,0.931354202,0,0.558812521,15,0.222222222,1.074074074,N2 S1 P1 O6,de-protonated,0,-9999,C27 H29 O6 N2 P1 S1,27,29,6,2,1,1,-9999,-9999,-9999,-9999
3046,539.141,539.140780855,539.140466933,2294048.5,-9999,174710.7,12.78,-1,0.582263933,0.940337165,0,0.564202299,6,0.421052632,1.736842105,N4 S2 P1 O8,de-protonated,0,-9999,C19 H33 O8 N4 P1 S2,19,33,8,4,1,2,-9999,-9999,-9999,-9999
3048,541.084,541.083780281,541.08350817,2304806.5,-9999,225706.2,12.85,-1,0.502900711,0.955146995,0,0.573088197,12,0.727272727,1,O16,de-protonated,0,-9999,C22 H22 O16,22,22,16,-9999,-9999,-9999,-9999,-9999,-9999,-9999
3048,541.084,541.083780281,541.083997427,2304806.5,-9999,225706.2,12.85,-1,-0.401316746,0.971199628,0,0.582719777,16,0.32,0.92,N2 S1 P1 O8,de-protonated,0,-9999,C25 H23 O8 N2 P1 S1,25,23,8,2,1,1,-9999,-9999,-9999,-9999
3048,541.084,541.083780281,541.083345979,2304806.5,-9999,225706.2,12.85,-1,0.802653813,0.889675147,0,0.533805088,7,0.588235294,1.588235294,N4 S2 P1 O10,de-protonated,0,-9999,C17 H27 O10 N4 P1 S2,17,27,10,4,1,2,-9999,-9999,-9999,-9999
3049,541.120294,541.12007427,541.119893679,1593648,-9999,248495,8.11,-1,0.333736048,0.979993138,0,0.587995883,11,0.652173913,1.130434783,O15,de-protonated,0,-9999,C23 H26 O15,23,26,15,-9999,-9999,-9999,-9999,-9999,-9999,-9999
3049,541.120294,541.12007427,541.120382937,1593648,-9999,248495,8.11,-1,-0.570420455,0.942669361,0,0.565601617,15,0.269230769,1.038461538,N2 S1 P1 O7,de-protonated,0,-9999,C26 H27 O7 N2 P1 S1,26,27,7,2,1,1,-9999,-9999,-9999,-9999
3049,541.120294,541.12007427,541.119731488,1593648,-9999,248495,8.11,-1,0.633468944,0.929775374,0,0.557865224,6,0.5,1.722222222,N4 S2 P1 O9,de-protonated,0,-9999,C18 H31 O9 N4 P1 S2,18,31,9,4,1,2,-9999,-9999,-9999,-9999
3050,541.135575,541.135355266,541.13514982,1798963.9,-9999,196886.9,9.48,-1,0.379656382,0.974185223,0,0.584511134,15,0.444444444,0.962962963,O12,de-protonated,0,-9999,C27 H26 O12,27,26,12,-9999,-9999,-9999,-9999,-9999,-9999,-9999
3050,541.135575,541.135355266,541.135639078,1798963.9,-9999,196886.9,9.48,-1,-0.524474672,0.951313366,0,0.57078802,19,0.133333333,0.9,N2 S1 P1 O4,de-protonated,0,-9999,C30 H27 O4 N2 P1 S1,30,27,4,2,1,1,-9999,-9999,-9999,-9999
3050,541.135575,541.135355266,541.134987629,1798963.9,-9999,196886.9,9.48,-1,0.679380841,0.919661922,0,0.551797153,10,0.272727273,1.409090909,N4 S2 P1 O6,de-protonated,0,-9999,C22 H31 O6 N4 P1 S2,22,31,6,4,1,2,-9999,-9999,-9999,-9999
3051,541.263336,541.263116228,541.262933793,1499477.1,-9999,205822.1,7.48,-1,0.337054359,0.979597413,0,0.587758448,11,0.193548387,1.35483871,S1 O6,de-protonated,0,-9999,C31 H42 O6 S1,31,42,6,-9999,-9999,1,-9999,-9999,-9999,-9999
3053,542.247218,542.246997938,542.246569254,2713682.5,-9999,189634.9,15.57,-1,0.790570509,0.892788344,0,0.535673006,16,0.121212121,1.151515152,N1 P1 O4,de-protonated,0,-9999,C33 H38 O4 N1 P1,33,38,4,1,1,-9999,-9999,-9999,-9999,-9999
3056,543.062874,543.062653697,543.062772725,1864479.8,-9999,192412.5,9.91,-1,-0.219179264,0.991321167,0,0.5947927,12,0.80952381,0.952380952,O17,de-protonated,0,-9999,C21 H20 O17,21,20,17,-9999,-9999,-9999,-9999,-9999,-9999,-9999
3056,543.062874,543.062653697,543.063129041,1864479.8,-9999,192412.5,9.91,-1,-0.875301035,0.870213012,0,0.522127807,29,0.028571429,0.457142857,N2 S2 O1,de-protonated,0,-9999,C35 H16 O1 N2 S2,35,16,1,2,-9999,2,-9999,-9999,-9999,-9999
3056,543.062874,543.062653697,543.062259661,1864479.8,-9999,192412.5,9.91,-1,0.725581909,0.908893705,0,0.545336223,30,0.176470588,0.352941176,N2 O6,de-protonated,0,-9999,C34 H12 O6 N2,34,12,6,2,-9999,-9999,-9999,-9999,-9999,-9999
3056,543.062874,543.062653697,543.062610534,1864479.8,-9999,192412.5,9.91,-1,0.079481132,0.9988544,0,0.59931264,7,0.6875,1.5625,N4 S2 P1 O11,de-protonated,0,-9999,C16 H25 O11 N4 P1 S2,16,25,11,4,1,2,-9999,-9999,-9999,-9999
3057,543.099784,543.099563686,543.100027614,1430825,-9999,248967.2,7.02,-1,-0.854222414,0.875988454,0,0.525593072,10,0.47826087,1.217391304,S2 O11,de-protonated,0,-9999,C23 H28 O11 S2,23,28,11,-9999,-9999,2,-9999,-9999,-9999,-9999
3057,543.099784,543.099563686,543.099158234,1430825,-9999,248967.2,7.02,-1,0.746551799,0.903816852,0,0.542290111,11,0.727272727,1.090909091,O16,de-protonated,0,-9999,C22 H24 O16,22,24,16,-9999,-9999,-9999,-9999,-9999,-9999,-9999
3057,543.099784,543.099563686,543.099647492,1430825,-9999,248967.2,7.02,-1,-0.154309982,0.995688742,0,0.597413245,15,0.32,1,N2 S1 P1 O8,de-protonated,0,-9999,C25 H25 O8 N2 P1 S1,25,25,8,2,1,1,-9999,-9999,-9999,-9999
3058,543.242456,543.242235644,543.242198348,1567052.5,-9999,221215.9,7.93,-1,0.068653686,0.999145138,0,0.599487083,11,0.233333333,1.333333333,S1 O7,de-protonated,0,-9999,C30 H40 O7 S1,30,40,7,-9999,-9999,1,-9999,-9999,-9999,-9999
3058,543.242456,543.242235644,543.241818226,1567052.5,-9999,221215.9,7.93,-1,0.768383591,0.898409119,0,0.539045471,16,0.125,1.15625,N2 P1 O4,de-protonated,0,-9999,C32 H37 O4 N2 P1,32,37,4,2,1,-9999,-9999,-9999,-9999,-9999
3059,543.278845,543.278624633,543.278583858,2563413.5,-9999,207122.1,14.56,-1,0.075054468,0.99897839,0,0.599387034,10,0.193548387,1.419354839,S1 O6,de-protonated,0,-9999,C31 H44 O6 S1,31,44,6,-9999,-9999,1,-9999,-9999,-9999,-9999
3059,543.278845,543.278624633,543.278203735,2563413.5,-9999,207122.1,14.56,-1,0.774737514,0.896812197,0,0.538087318,15,0.090909091,1.242424242,N2 P1 O3,de-protonated,0,-9999,C33 H41 O3 N2 P1,33,41,3,2,1,-9999,-9999,-9999,-9999,-9999
3060,543.286547,543.286326631,543.286445944,1668439.4,-9999,201086.6,8.6,-1,-0.219612986,0.991286935,0,0.594772161,15,0.151515152,1.212121212,N2 O5,de-protonated,0,-9999,C33 H40 O5 N2,33,40,5,2,-9999,-9999,-9999,-9999,-9999,-9999
3060,543.286547,543.286326631,543.285794495,1668439.4,-9999,201086.6,8.6,-1,0.979476965,0.840231898,0,0.504139139,6,0.28,1.76,N4 S1 O7,de-protonated,0,-9999,C25 H44 O7 N4 S1,25,44,7,4,-9999,1,-9999,-9999,-9999,-9999
3061,544.262791,544.262570343,544.262219318,4838982,-9999,203753.6,29.71,-1,0.644954893,0.4636507,0.736963647,0.572975879,15,0.121212121,1.212121212,N1 P1 O4,de-protonated,0,-9999,C33 H40 O4 N1 P1,33,40,4,1,1,-9999,-9999,-9999,-9999,-9999
3063,545.09366,545.093439097,545.093678931,1718028.5,-9999,217370.6,8.97,-1,-0.43998574,0.965483575,0,0.579290145,15,0.56,0.88,O14,de-protonated,0,-9999,C25 H22 O14,25,22,14,-9999,-9999,-9999,-9999,-9999,-9999,-9999
3063,545.09366,545.093439097,545.093165866,1718028.5,-9999,217370.6,8.97,-1,0.501255238,0.955433401,0,0.57326004,33,0.078947368,0.368421053,N2 O3,de-protonated,0,-9999,C38 H14 O3 N2,38,14,3,2,-9999,-9999,-9999,-9999,-9999,-9999
3063,545.09366,545.093439097,545.093027482,1718028.5,-9999,217370.6,8.97,-1,0.755128416,0.901707154,0,0.541024292,6,0.941176471,1.529411765,N2 S1 O16,de-protonated,0,-9999,C17 H26 O16 N2 S1,17,26,16,2,-9999,1,-9999,-9999,-9999,-9999
3063,545.09366,545.093439097,545.093516739,1718028.5,-9999,217370.6,8.97,-1,-0.142438156,0.996325423,0,0.597795254,10,0.4,1.35,N4 S2 P1 O8,de-protonated,0,-9999,C20 H27 O8 N4 P1 S2,20,27,8,4,1,2,-9999,-9999,-9999,-9999
3064,545.130561,545.130340086,545.13006444,1466901.1,-9999,199255.2,7.29,-1,0.505652371,0.954666147,0,0.572799688,14,0.5,1,O13,de-protonated,0,-9999,C26 H26 O13,26,26,13,-9999,-9999,-9999,-9999,-9999,-9999,-9999
3064,545.130561,545.130340086,545.130553697,1466901.1,-9999,199255.2,7.29,-1,-0.391852996,0.972523322,0,0.583513993,18,0.172413793,0.931034483,N2 S1 P1 O5,de-protonated,0,-9999,C29 H27 O5 N2 P1 S1,29,27,5,2,1,1,-9999,-9999,-9999,-9999
3064,545.130561,545.130340086,545.129902249,1466901.1,-9999,199255.2,7.29,-1,0.803180375,0.889538656,0,0.533723194,9,0.333333333,1.476190476,N4 S2 P1 O7,de-protonated,0,-9999,C21 H31 O7 N4 P1 S2,21,31,7,4,1,2,-9999,-9999,-9999,-9999
3065,545.258273,545.258052049,545.257848413,2069299.1,-9999,197559.8,11.32,-1,0.373467237,0.975009505,0,0.585005703,10,0.233333333,1.4,S1 O7,de-protonated,0,-9999,C30 H42 O7 S1,30,42,7,-9999,-9999,1,-9999,-9999,-9999,-9999
3066,545.26638,545.266159046,545.266579879,1611829,-9999,171333,8.26,-1,-0.77179183,0.897553813,0,0.538532288,14,0.03030303,1.272727273,N2 S2 O1,de-protonated,0,-9999,C33 H42 O1 N2 S2,33,42,1,2,-9999,2,-9999,-9999,-9999,-9999
3066,545.26638,545.266159046,545.265710499,1611829,-9999,171333,8.26,-1,0.822622017,0.884451506,0,0.530670904,15,0.1875,1.1875,N2 O6,de-protonated,0,-9999,C32 H38 O6 N2,32,38,6,2,-9999,-9999,-9999,-9999,-9999,-9999
3068,546.242014,546.241792758,546.241483873,1744918.4,-9999,221185.4,9.15,-1,0.565473528,0.943630991,0,0.566178595,15,0.15625,1.1875,N1 P1 O5,de-protonated,0,-9999,C32 H38 O5 N1 P1,32,38,5,1,1,-9999,-9999,-9999,-9999,-9999
3070,547.073082,547.072860513,547.072943486,1425872.6,-9999,191278.8,7.02,-1,-0.151667137,0.995834849,0,0.597500909,15,0.625,0.833333333,O15,de-protonated,0,-9999,C24 H20 O15,24,20,15,-9999,-9999,-9999,-9999,-9999,-9999,-9999
3070,547.073082,547.072860513,547.072430422,1425872.6,-9999,191278.8,7.02,-1,0.786168776,0.893913362,0,0.536348017,33,0.108108108,0.324324324,N2 O4,de-protonated,0,-9999,C37 H12 O4 N2,37,12,4,2,-9999,-9999,-9999,-9999,-9999,-9999
3070,547.073082,547.072860513,547.072781294,1425872.6,-9999,191278.8,7.02,-1,0.144804029,0.996202575,0,0.597721545,10,0.473684211,1.315789474,N4 S2 P1 O9,de-protonated,0,-9999,C19 H25 O9 N4 P1 S2,19,25,9,4,1,2,-9999,-9999,-9999,-9999
3071,549.088857,549.088634918,549.08859355,1728126.3,-9999,209951.9,9.04,-1,0.075338276,0.998970654,0,0.599382392,14,0.625,0.916666667,O15,de-protonated,0,-9999,C24 H22 O15,24,22,15,-9999,-9999,-9999,-9999,-9999,-9999,-9999
3071,549.088857,549.088634918,549.089082808,1728126.3,-9999,209951.9,9.04,-1,-0.815696352,0.886274288,0,0.531764573,18,0.259259259,0.851851852,N2 S1 P1 O7,de-protonated,0,-9999,C27 H23 O7 N2 P1 S1,27,23,7,2,1,1,-9999,-9999,-9999,-9999
3071,549.088857,549.088634918,549.088431359,1728126.3,-9999,209951.9,9.04,-1,0.370721193,0.975371109,0,0.585222666,9,0.473684211,1.421052632,N4 S2 P1 O9,de-protonated,0,-9999,C19 H27 O9 N4 P1 S2,19,27,9,4,1,2,-9999,-9999,-9999,-9999
3072,549.1253,549.125077907,549.12497906,1671813.8,-9999,197134,8.66,-1,0.180008709,0.994137744,0,0.596482646,13,0.56,1.04,O14,de-protonated,0,-9999,C25 H26 O14,25,26,14,-9999,-9999,-9999,-9999,-9999,-9999,-9999
3072,549.1253,549.125077907,549.125468317,1671813.8,-9999,197134,8.66,-1,-0.710966972,0.912362765,0,0.547417659,17,0.214285714,0.964285714,N2 S1 P1 O6,de-protonated,0,-9999,C28 H27 O6 N2 P1 S1,28,27,6,2,1,1,-9999,-9999,-9999,-9999
3072,549.1253,549.125077907,549.124816868,1671813.8,-9999,197134,8.66,-1,0.475372084,0.959825748,0,0.575895449,8,0.4,1.55,N4 S2 P1 O8,de-protonated,0,-9999,C20 H31 O8 N4 P1 S2,20,31,8,4,1,2,-9999,-9999,-9999,-9999
3073,550.215893,550.215670585,550.215269125,1445471.8,-9999,155335,7.14,-1,0.729642214,0.907919786,0,0.544751872,19,0.117647059,1,N1 P1 O4,de-protonated,0,-9999,C34 H34 O4 N1 P1,34,34,4,1,1,-9999,-9999,-9999,-9999,-9999
3074,550.252293,550.252070574,550.251654634,1522022.9,-9999,216158.9,7.66,-1,0.755909021,0.901514188,0,0.540908513,18,0.085714286,1.085714286,N1 P1 O3,de-protonated,0,-9999,C35 H38 O3 N1 P1,35,38,3,1,1,-9999,-9999,-9999,-9999,-9999
3076,551.068657,551.068434333,551.068727485,2550275.3,-9999,173346.8,14.53,-1,-0.531970188,0.949947482,0,0.569968489,13,0.458333333,1,S2 O11,de-protonated,0,-9999,C24 H24 O11 S2,24,24,11,-9999,-9999,2,-9999,-9999,-9999,-9999
3076,551.068657,551.068434333,551.068347363,2550275.3,-9999,173346.8,14.53,-1,0.157821413,0.995490746,0,0.597294448,18,0.307692308,0.807692308,N2 S1 P1 O8,de-protonated,0,-9999,C26 H21 O8 N2 P1 S1,26,21,8,2,1,1,-9999,-9999,-9999,-9999
3077,551.14099,551.140767312,551.140629124,1494288.6,-9999,145960.7,7.47,-1,0.250730342,0.988657912,0,0.593194747,12,0.56,1.12,O14,de-protonated,0,-9999,C25 H28 O14,25,28,14,-9999,-9999,-9999,-9999,-9999,-9999,-9999
3077,551.14099,551.140767312,551.141118381,1494288.6,-9999,145960.7,7.47,-1,-0.636986898,0.929021662,0,0.557412997,16,0.214285714,1.035714286,N2 S1 P1 O6,de-protonated,0,-9999,C28 H29 O6 N2 P1 S1,28,29,6,2,1,1,-9999,-9999,-9999,-9999
3077,551.14099,551.140767312,551.140466933,1494288.6,-9999,145960.7,7.47,-1,0.545013525,0.947529251,0,0.56851755,7,0.4,1.65,N4 S2 P1 O8,de-protonated,0,-9999,C20 H33 O8 N4 P1 S2,20,33,8,4,1,2,-9999,-9999,-9999,-9999
3078,553.047875,553.047651749,553.04799204,1980772.5,-9999,187951,10.72,-1,-0.615302145,0.933610567,0,0.56016634,13,0.52173913,0.956521739,S2 O12,de-protonated,0,-9999,C23 H22 O12 S2,23,22,12,-9999,-9999,2,-9999,-9999,-9999,-9999
3078,553.047875,553.047651749,553.047122661,1980772.5,-9999,187951,10.72,-1,0.956678432,0.846988689,0,0.508193214,14,0.772727273,0.818181818,O17,de-protonated,0,-9999,C22 H18 O17,22,18,17,-9999,-9999,-9999,-9999,-9999,-9999,-9999
3078,553.047875,553.047651749,553.047478976,1980772.5,-9999,187951,10.72,-1,0.312401088,0.982447489,0,0.589468493,31,0.027777778,0.388888889,N2 S2 O1,de-protonated,0,-9999,C36 H14 O1 N2 S2,36,14,1,2,-9999,2,-9999,-9999,-9999,-9999
3078,553.047875,553.047651749,553.047611918,1980772.5,-9999,187951,10.72,-1,0.07202075,0.999059271,0,0.599435562,18,0.36,0.76,N2 S1 P1 O9,de-protonated,0,-9999,C25 H19 O9 N2 P1 S1,25,19,9,2,1,1,-9999,-9999,-9999,-9999
3079,553.120003,553.119779727,553.119893679,1480048.8,-9999,207416.4,7.37,-1,-0.206016351,0.992328399,0,0.59539704,12,0.625,1.083333333,O15,de-protonated,0,-9999,C24 H26 O15,24,26,15,-9999,-9999,-9999,-9999,-9999,-9999,-9999
3079,553.120003,553.119779727,553.119380615,1480048.8,-9999,207416.4,7.37,-1,0.721566667,0.909852489,0,0.545911493,30,0.108108108,0.486486486,N2 O4,de-protonated,0,-9999,C37 H18 O4 N2,37,18,4,2,-9999,-9999,-9999,-9999,-9999,-9999
3079,553.120003,553.119779727,553.119731488,1480048.8,-9999,207416.4,7.37,-1,0.087213645,0.998620813,0,0.599172488,7,0.473684211,1.631578947,N4 S2 P1 O9,de-protonated,0,-9999,C19 H31 O9 N4 P1 S2,19,31,9,4,1,2,-9999,-9999,-9999,-9999
3082,555.100084,555.099860143,555.10029894,2165420.3,-9999,175537.6,11.95,-1,-0.790483285,0.892810685,0,0.535686411,25,0.176470588,0.617647059,P1 O6,de-protonated,0,-9999,C34 H21 O6 P1,34,21,6,-9999,1,-9999,-9999,-9999,-9999,-9999
3082,555.100084,555.099860143,555.100027614,2165420.3,-9999,175537.6,11.95,-1,-0.301695802,0.983620109,0,0.590172066,11,0.458333333,1.166666667,S2 O11,de-protonated,0,-9999,C24 H28 O11 S2,24,28,11,-9999,-9999,2,-9999,-9999,-9999,-9999
3082,555.100084,555.099860143,555.099647492,2165420.3,-9999,175537.6,11.95,-1,0.383086484,0.973722866,0,0.584233719,16,0.307692308,0.961538462,N2 S1 P1 O8,de-protonated,0,-9999,C26 H25 O8 N2 P1 S1,26,25,8,2,1,1,-9999,-9999,-9999,-9999
3086,557.258901,557.258676505,557.259185823,1740764.4,-9999,187106.2,9.11,-1,-0.913969333,0.859356578,0,0.515613947,16,0.09375,1.1875,N4 S1 O3,de-protonated,0,-9999,C32 H38 O3 N4 S1,32,38,3,4,-9999,1,-9999,-9999,-9999,-9999
3087,557.294549,557.294324495,557.294233922,1728481.1,-9999,182952.7,9.03,-1,0.162522475,0.995218762,0,0.597131257,10,0.1875,1.4375,S1 O6,de-protonated,0,-9999,C32 H46 O6 S1,32,46,6,-9999,-9999,1,-9999,-9999,-9999,-9999
3087,557.294549,557.294324495,557.2938538,1728481.1,-9999,182952.7,9.03,-1,0.844608917,0.87858818,0,0.527152908,15,0.088235294,1.264705882,N2 P1 O3,de-protonated,0,-9999,C34 H43 O3 N2 P1,34,43,3,2,1,-9999,-9999,-9999,-9999,-9999
3088,558.18615,558.185925232,558.186337977,1651794.8,-9999,258427.9,8.52,-1,-0.739440813,0.905551443,0,0.543330866,31,0.023809524,0.595238095,N1 O1,de-protonated,0,-9999,C42 H25 O1 N1,42,25,1,1,-9999,-9999,-9999,-9999,-9999,-9999
3088,558.18615,558.185925232,558.186199593,1651794.8,-9999,258427.9,8.52,-1,-0.491522954,0.957109895,0,0.574265937,4,0.666666667,1.761904762,N1 S1 O14,de-protonated,0,-9999,C21 H37 O14 N1 S1,21,37,14,1,-9999,1,-9999,-9999,-9999,-9999
3088,558.18615,558.185925232,558.185686529,1651794.8,-9999,258427.9,8.52,-1,0.427640704,0.967361793,0,0.580417076,22,0.088235294,0.852941176,N3 S1 O3,de-protonated,0,-9999,C34 H29 O3 N3 S1,34,29,3,3,-9999,1,-9999,-9999,-9999,-9999
3088,558.18615,558.185925232,558.18581947,1651794.8,-9999,258427.9,8.52,-1,0.189473087,0.993507153,0,0.596104292,9,0.47826087,1.47826087,N3 P1 O11,de-protonated,0,-9999,C23 H34 O11 N3 P1,23,34,11,3,1,-9999,-9999,-9999,-9999,-9999
3089,558.193872,558.193647229,558.193213526,1985875.6,-9999,136445.2,10.75,-1,0.776977541,0.896246761,0,0.537748057,8,0.36,1.52,N1 S1 P1 O9,de-protonated,0,-9999,C25 H38 O9 N1 P1 S1,25,38,9,1,1,1,-9999,-9999,-9999,-9999
3089,558.193872,558.193647229,558.194061679,1985875.6,-9999,136445.2,10.75,-1,-0.742482961,0.904810994,0,0.542886596,9,0.565217391,1.434782609,N3 O13,de-protonated,0,-9999,C23 H33 O13 N3,23,33,13,3,-9999,-9999,-9999,-9999,-9999,-9999
3091,558.252996,558.252771212,558.253097385,2020443,-9999,139527.3,10.98,-1,-0.584274405,0.939937089,0,0.563962254,11,0.233333333,1.366666667,N1 S1 O7,de-protonated,0,-9999,C30 H41 O7 N1 S1,30,41,7,1,-9999,1,-9999,-9999,-9999,-9999
3091,558.252996,558.252771212,558.252717262,2020443,-9999,139527.3,10.98,-1,0.096639966,0.998306834,0,0.598984101,16,0.125,1.1875,N3 P1 O4,de-protonated,0,-9999,C32 H38 O4 N3 P1,32,38,4,3,1,-9999,-9999,-9999,-9999,-9999
3091,558.252996,558.252771212,558.252445936,2020443,-9999,139527.3,10.98,-1,0.582667727,0.940256909,0,0.564154145,2,0.409090909,2.045454545,N3 S2 O9,de-protonated,0,-9999,C22 H45 O9 N3 S2,22,45,9,3,-9999,2,-9999,-9999,-9999,-9999
3092,558.278438,558.278213204,558.277869382,1914974,-9999,206747.9,10.28,-1,0.615861689,0.933493875,0,0.560096325,15,0.117647059,1.235294118,N1 P1 O4,de-protonated,0,-9999,C34 H42 O4 N1 P1,34,42,4,1,1,-9999,-9999,-9999,-9999,-9999
3096,558.949235,558.949010006,558.949400196,1672878.6,-9999,180438.1,8.66,-1,-0.698077488,0.915374365,0,0.549224619,14,0.842105263,0.631578947,S2 O16,de-protonated,0,-9999,C19 H12 O16 S2,19,12,16,-9999,-9999,2,-9999,-9999,-9999,-9999
3096,558.949235,558.949010006,558.949020074,1672878.6,-9999,180438.1,8.66,-1,-0.018011434,0.999941138,0,0.599964683,19,0.619047619,0.428571429,N2 S1 P1 O13,de-protonated,0,-9999,C21 H9 O13 N2 P1 S1,21,9,13,2,1,1,-9999,-9999,-9999,-9999
3097,558.988978,558.988752995,558.988776887,1460915.3,-9999,229119.6,7.24,-1,-0.042741248,0.999668582,0,0.599801149,13,0.631578947,0.894736842,N2 S2 P1 O12,de-protonated,0,-9999,C19 H17 O12 N2 P1 S2,19,17,12,2,1,2,-9999,-9999,-9999,-9999
3099,559.27384,559.273614911,559.273498477,1917652.3,-9999,159007.9,10.29,-1,0.208186757,0.992166544,0,0.595299926,10,0.225806452,1.419354839,S1 O7,de-protonated,0,-9999,C31 H44 O7 S1,31,44,7,-9999,-9999,1,-9999,-9999,-9999,-9999
3099,559.27384,559.273614911,559.273118355,1917652.3,-9999,159007.9,10.29,-1,0.887859329,0.866723781,0,0.520034268,15,0.121212121,1.242424242,N2 P1 O4,de-protonated,0,-9999,C33 H41 O4 N2 P1,33,41,4,2,1,-9999,-9999,-9999,-9999,-9999
3102,564.267693,564.267466436,564.267304698,1486256.6,-9999,134675,7.4,-1,0.286633005,0.985203019,0,0.591121812,18,0.083333333,1.111111111,N1 P1 O3,de-protonated,0,-9999,C36 H40 O3 N1 P1,36,40,3,1,1,-9999,-9999,-9999,-9999,-9999
3102,564.267693,564.267466436,564.267033372,1486256.6,-9999,134675,7.4,-1,0.767480231,0.898635321,0,0.539181193,4,0.307692308,1.807692308,N1 S2 O8,de-protonated,0,-9999,C26 H47 O8 N1 S2,26,47,8,1,-9999,2,-9999,-9999,-9999,-9999
3105,565.084075,565.083848195,565.08437755,1742061.1,-9999,191878.6,9.12,-1,-0.93677107,0.852801483,0,0.51168089,13,0.44,1.04,S2 O11,de-protonated,0,-9999,C25 H26 O11 S2,25,26,11,-9999,-9999,2,-9999,-9999,-9999,-9999
3105,565.084075,565.083848195,565.08350817,1742061.1,-9999,191878.6,9.12,-1,0.601725529,0.936413823,0,0.561848294,14,0.666666667,0.916666667,O16,de-protonated,0,-9999,C24 H22 O16,24,22,16,-9999,-9999,-9999,-9999,-9999,-9999,-9999
3105,565.084075,565.083848195,565.083997427,1742061.1,-9999,191878.6,9.12,-1,-0.264088485,0.987425008,0,0.592455005,18,0.296296296,0.851851852,N2 S1 P1 O8,de-protonated,0,-9999,C27 H23 O8 N2 P1 S1,27,23,8,2,1,1,-9999,-9999,-9999,-9999
3105,565.084075,565.083848195,565.083345979,1742061.1,-9999,191878.6,9.12,-1,0.888747663,0.866475616,0,0.51988537,9,0.526315789,1.421052632,N4 S2 P1 O10,de-protonated,0,-9999,C19 H27 O10 N4 P1 S2,19,27,10,4,1,2,-9999,-9999,-9999,-9999
3106,565.439805,565.43957809,565.439121055,8563462,-9999,189896.8,54.75,-1,0.808283537,0.930617982,0.982496521,0.951369397,4,0.117647059,1.852941176,P1 O4,de-protonated,0,-9999,C34 H63 O4 P1,34,63,4,-9999,1,-9999,-9999,-9999,-9999,-9999
3108,566.221032,566.220804859,566.221145807,3203897.8,-9999,186221.2,18.9,-1,-0.602146335,0.936327751,0,0.561796651,5,0.391304348,1.782608696,N3 S2 O9,de-protonated,0,-9999,C23 H41 O9 N3 S2,23,41,9,3,-9999,2,-9999,-9999,-9999,-9999
3108,566.221032,566.220804859,566.220276427,3203897.8,-9999,186221.2,18.9,-1,0.933262026,0.853817494,0,0.512290496,6,0.636363636,1.681818182,N3 O14,de-protonated,0,-9999,C22 H37 O14 N3,22,37,14,3,-9999,-9999,-9999,-9999,-9999,-9999
3109,566.442923,566.442695794,566.44247589,3436359.8,-9999,178597.3,20.45,-1,0.388219277,0.973023646,0.982496521,0.976812796,4,0.117647059,1.852941176,13C1 P1 O4,de-protonated,1,3106,C33 H63 O4 P1 13C1,33,63,4,-9999,1,-9999,1,-9999,-9999,-9999
3109,566.442923,566.442695794,566.442612236,3436359.8,-9999,178597.3,20.45,-1,0.147514093,0.498029694,0.736963647,0.593603275,4,0.181818182,1.848484848,N1 O6,de-protonated,0,-9999,C33 H61 O6 N1,33,61,6,1,-9999,-9999,-9999,-9999,-9999,-9999
3110,567.063224,567.062996611,567.062772725,2043244.9,-9999,188932,11.13,-1,0.394816453,0.972112027,0,0.583267216,14,0.739130435,0.869565217,O17,de-protonated,0,-9999,C23 H20 O17,23,20,17,-9999,-9999,-9999,-9999,-9999,-9999,-9999
3110,567.063224,567.062996611,567.063129041,2043244.9,-9999,188932,11.13,-1,-0.233536446,0.990152726,0,0.594091636,31,0.027027027,0.432432432,N2 S2 O1,de-protonated,0,-9999,C37 H16 O1 N2 S2,37,16,1,2,-9999,2,-9999,-9999,-9999,-9999
3110,567.063224,567.062996611,567.063261982,2043244.9,-9999,188932,11.13,-1,-0.467975366,0.961041743,0,0.576625046,18,0.346153846,0.807692308,N2 S1 P1 O9,de-protonated,0,-9999,C26 H21 O9 N2 P1 S1,26,21,9,2,1,1,-9999,-9999,-9999,-9999
3110,567.063224,567.062996611,567.062610534,2043244.9,-9999,188932,11.13,-1,0.68083671,0.919331526,0,0.551598916,9,0.611111111,1.388888889,N4 S2 P1 O11,de-protonated,0,-9999,C18 H25 O11 N4 P1 S2,18,25,11,4,1,2,-9999,-9999,-9999,-9999
3111,567.099479,567.0992516,567.099158234,1519471,-9999,190364.5,7.63,-1,0.164637271,0.99509383,0,0.597056298,13,0.666666667,1,O16,de-protonated,0,-9999,C24 H24 O16,24,24,16,-9999,-9999,-9999,-9999,-9999,-9999,-9999
3111,567.099479,567.0992516,567.099647492,1519471,-9999,190364.5,7.63,-1,-0.698098992,0.915369379,0,0.549221627,17,0.296296296,0.925925926,N2 S1 P1 O8,de-protonated,0,-9999,C27 H25 O8 N2 P1 S1,27,25,8,2,1,1,-9999,-9999,-9999,-9999
3111,567.099479,567.0992516,567.098996043,1519471,-9999,190364.5,7.63,-1,0.450639112,0.963822816,0,0.578293689,8,0.526315789,1.526315789,N4 S2 P1 O10,de-protonated,0,-9999,C19 H29 O10 N4 P1 S2,19,29,10,4,1,2,-9999,-9999,-9999,-9999
3112,567.43681,567.4365825,567.437013055,2771842.3,-9999,208462.9,16,-1,-0.758770049,0.900805593,0,0.540483356,3,0.058823529,1.911764706,S1 P1 O2,de-protonated,0,-9999,C34 H65 O2 P1 S1,34,65,2,-9999,1,1,-9999,-9999,-9999,-9999
3113,569.079247,569.079019015,569.079563495,1481685.1,-9999,197868.8,7.37,-1,-0.956773096,0.846960852,0,0.508176511,26,0.205882353,0.558823529,P1 O7,de-protonated,0,-9999,C34 H19 O7 P1,34,19,7,-9999,1,-9999,-9999,-9999,-9999,-9999
3113,569.079247,569.079019015,569.079292169,1481685.1,-9999,197868.8,7.37,-1,-0.479992612,0.959057267,0,0.57543436,12,0.5,1.083333333,S2 O12,de-protonated,0,-9999,C24 H26 O12 S2,24,26,12,-9999,-9999,2,-9999,-9999,-9999,-9999
3113,569.079247,569.079019015,569.078779105,1481685.1,-9999,197868.8,7.37,-1,0.421576771,0.968266107,0,0.580959664,30,0.027027027,0.486486486,N2 S2 O1,de-protonated,0,-9999,C37 H18 O1 N2 S2,37,18,1,2,-9999,2,-9999,-9999,-9999,-9999
3113,569.079247,569.079019015,569.078912047,1481685.1,-9999,197868.8,7.37,-1,0.187968069,0.993609562,0,0.596165737,17,0.346153846,0.884615385,N2 S1 P1 O9,de-protonated,0,-9999,C26 H23 O9 N2 P1 S1,26,23,9,2,1,1,-9999,-9999,-9999,-9999
3114,569.294291,569.294062952,569.294233922,2006494.8,-9999,194991.8,10.88,-1,-0.300319445,0.983768004,0,0.590260802,11,0.181818182,1.393939394,S1 O6,de-protonated,0,-9999,C33 H46 O6 S1,33,46,6,-9999,-9999,1,-9999,-9999,-9999,-9999
3114,569.294291,569.294062952,569.2938538,2006494.8,-9999,194991.8,10.88,-1,0.367389162,0.975806472,0,0.585483883,16,0.085714286,1.228571429,N2 P1 O3,de-protonated,0,-9999,C35 H43 O3 N2 P1,35,43,3,2,1,-9999,-9999,-9999,-9999,-9999
3114,569.294291,569.294062952,569.293582473,2006494.8,-9999,194991.8,10.88,-1,0.84399081,0.878754586,0,0.527252752,2,0.32,2,N2 S2 O8,de-protonated,0,-9999,C25 H50 O8 N2 S2,25,50,8,2,-9999,2,-9999,-9999,-9999,-9999
3115,570.278392,570.278163661,570.277869382,1637383.4,-9999,201393.9,8.41,-1,0.516027253,0.952831782,0,0.571699069,16,0.114285714,1.2,N1 P1 O4,de-protonated,0,-9999,C35 H42 O4 N1 P1,35,42,4,1,1,-9999,-9999,-9999,-9999,-9999
3115,570.278392,570.278163661,570.277598056,1637383.4,-9999,201393.9,8.41,-1,0.991806594,0.836534512,0,0.501920707,2,0.36,1.96,N1 S2 O9,de-protonated,0,-9999,C25 H49 O9 N1 S2,25,49,9,1,-9999,2,-9999,-9999,-9999,-9999
3116,571.07346,571.073231427,571.072943486,1642276.1,-9999,179383.5,8.45,-1,0.504210222,0.954918457,0,0.572951074,17,0.576923077,0.769230769,O15,de-protonated,0,-9999,C26 H20 O15,26,20,15,-9999,-9999,-9999,-9999,-9999,-9999,-9999
3116,571.07346,571.073231427,571.073432743,1642276.1,-9999,179383.5,8.45,-1,-0.352523025,0.977703251,0,0.586621951,21,0.24137931,0.724137931,N2 S1 P1 O7,de-protonated,0,-9999,C29 H21 O7 N2 P1 S1,29,21,7,2,1,1,-9999,-9999,-9999,-9999
3116,571.07346,571.073231427,571.072781294,1642276.1,-9999,179383.5,8.45,-1,0.788222028,0.893389187,0,0.536033512,12,0.428571429,1.19047619,N4 S2 P1 O9,de-protonated,0,-9999,C21 H25 O9 N4 P1 S2,21,25,9,4,1,2,-9999,-9999,-9999,-9999
3117,571.094346,571.09411742,571.094072854,1588004.9,-9999,163965.3,8.08,-1,0.078037212,0.998895623,0,0.599337374,12,0.739130435,1.043478261,O17,de-protonated,0,-9999,C23 H24 O17,23,24,17,-9999,-9999,-9999,-9999,-9999,-9999,-9999
3117,571.094346,571.09411742,571.09442917,1588004.9,-9999,163965.3,8.08,-1,-0.545880007,0.947366752,0,0.568420051,29,0.027027027,0.540540541,N2 S2 O1,de-protonated,0,-9999,C37 H20 O1 N2 S2,37,20,1,2,-9999,2,-9999,-9999,-9999,-9999
3117,571.094346,571.09411742,571.09355979,1588004.9,-9999,163965.3,8.08,-1,0.976426418,0.841142048,0,0.504685229,30,0.166666667,0.444444444,N2 O6,de-protonated,0,-9999,C36 H16 O6 N2,36,16,6,2,-9999,-9999,-9999,-9999,-9999,-9999
3117,571.094346,571.09411742,571.094562111,1588004.9,-9999,163965.3,8.08,-1,-0.778663973,0.895820224,0,0.537492134,16,0.346153846,0.961538462,N2 S1 P1 O9,de-protonated,0,-9999,C26 H25 O9 N2 P1 S1,26,25,9,2,1,1,-9999,-9999,-9999,-9999
3117,571.094346,571.09411742,571.093910663,1588004.9,-9999,163965.3,8.08,-1,0.362038389,0.976497777,0,0.585898666,7,0.611111111,1.611111111,N4 S2 P1 O11,de-protonated,0,-9999,C18 H29 O11 N4 P1 S2,18,29,11,4,1,2,-9999,-9999,-9999,-9999
3118,571.111952,571.111723415,571.112187234,2038821.5,-9999,228449.6,11.1,-1,-0.812132851,0.887207621,0,0.532324572,29,0.081081081,0.540540541,N2 S1 O3,de-protonated,0,-9999,C37 H20 O3 N2 S1,37,20,3,2,-9999,1,-9999,-9999,-9999,-9999
3118,571.111952,571.111723415,571.111535786,2038821.5,-9999,228449.6,11.1,-1,0.328534269,0.980605911,0,0.588363547,20,0.172413793,0.827586207,N4 S2 O5,de-protonated,0,-9999,C29 H24 O5 N4 S2,29,24,5,4,-9999,2,-9999,-9999,-9999,-9999
3118,571.111952,571.111723415,571.111668727,2038821.5,-9999,228449.6,11.1,-1,0.095757071,0.998337605,0,0.599002563,7,0.722222222,1.611111111,N4 S1 P1 O13,de-protonated,0,-9999,C18 H29 O13 N4 P1 S1,18,29,13,4,1,1,-9999,-9999,-9999,-9999
3119,571.274122,571.273893367,571.273498477,1878570.9,-9999,195347,10.03,-1,0.691245456,0.916952266,0,0.55017136,11,0.21875,1.375,S1 O7,de-protonated,0,-9999,C32 H44 O7 S1,32,44,7,-9999,-9999,1,-9999,-9999,-9999,-9999
3121,572.294173,572.293944066,572.293519447,1617993.4,-9999,204005,8.29,-1,0.741960692,0.904938285,0,0.542962971,15,0.114285714,1.257142857,N1 P1 O4,de-protonated,0,-9999,C35 H44 O4 N1 P1,35,44,4,1,1,-9999,-9999,-9999,-9999,-9999
3123,573.126243,573.126013821,573.126119766,1714014.3,-9999,161031.8,8.93,-1,-0.184854803,0.993818845,0,0.596291307,28,0.105263158,0.605263158,P1 O4,de-protonated,0,-9999,C38 H23 O4 P1,38,23,4,-9999,1,-9999,-9999,-9999,-9999,-9999
3123,573.126243,573.126013821,573.12584844,1714014.3,-9999,161031.8,8.93,-1,0.288559737,0.985004925,0,0.591002955,14,0.321428571,1.071428571,S2 O9,de-protonated,0,-9999,C28 H30 O9 S2,28,30,9,-9999,-9999,2,-9999,-9999,-9999,-9999
3123,573.126243,573.126013821,573.125468317,1714014.3,-9999,161031.8,8.93,-1,0.951804787,0.848419362,0,0.509051617,19,0.2,0.9,N2 S1 P1 O6,de-protonated,0,-9999,C30 H27 O6 N2 P1 S1,30,27,6,2,1,1,-9999,-9999,-9999,-9999
3123,573.126243,573.126013821,573.12631647,1714014.3,-9999,161031.8,8.93,-1,-0.528067892,0.950660759,0,0.570396456,20,0.357142857,0.785714286,N4 O10,de-protonated,0,-9999,C28 H22 O10 N4,28,22,10,4,-9999,-9999,-9999,-9999,-9999,-9999
3124,573.289613,573.289383772,573.289148542,2049633.9,-9999,220951.5,11.18,-1,0.410317672,0.969913091,0,0.581947855,10,0.21875,1.4375,S1 O7,de-protonated,0,-9999,C32 H46 O7 S1,32,46,7,-9999,-9999,1,-9999,-9999,-9999,-9999
3125,574.273526,574.273296482,574.272784002,1945205.1,-9999,185155.3,10.48,-1,0.89239781,0.865454056,0,0.519272434,15,0.147058824,1.235294118,N1 P1 O5,de-protonated,0,-9999,C34 H42 O5 N1 P1,34,42,5,1,1,-9999,-9999,-9999,-9999,-9999
3126,574.568255,574.568025395,574.568087533,1569913.9,-9999,180194.9,7.97,-1,-0.108148253,0.997880018,0,0.598728011,3,0.027027027,1.972972973,N3 O1,de-protonated,0,-9999,C37 H73 O1 N3,37,73,1,3,-9999,-9999,-9999,-9999,-9999,-9999
3129,577.119968,577.119737641,577.119893679,1989778.5,-9999,180991.7,10.78,-1,-0.270373312,0.986823369,0,0.592094022,14,0.576923077,1,O15,de-protonated,0,-9999,C26 H26 O15,26,26,15,-9999,-9999,-9999,-9999,-9999,-9999,-9999
3129,577.119968,577.119737641,577.119380615,1989778.5,-9999,180991.7,10.78,-1,0.61863532,0.932914087,0,0.559748452,32,0.102564103,0.461538462,N2 O4,de-protonated,0,-9999,C39 H18 O4 N2,39,18,4,2,-9999,-9999,-9999,-9999,-9999,-9999
3129,577.119968,577.119737641,577.119242231,1989778.5,-9999,180991.7,10.78,-1,0.858420282,0.874846458,0,0.524907875,5,0.944444444,1.666666667,N2 S1 O17,de-protonated,0,-9999,C18 H30 O17 N2 S1,18,30,17,2,-9999,1,-9999,-9999,-9999,-9999
3129,577.119968,577.119737641,577.119731488,1989778.5,-9999,180991.7,10.78,-1,0.010662454,0.999979372,0,0.599987623,9,0.428571429,1.476190476,N4 S2 P1 O9,de-protonated,0,-9999,C21 H31 O9 N4 P1 S2,21,31,9,4,1,2,-9999,-9999,-9999,-9999
3130,578.562677,578.562446215,578.563002153,2516115.8,-9999,198207.7,14.31,-1,-0.960893576,0.845747388,0,0.507448433,2,0.055555556,2.027777778,N3 O2,de-protonated,0,-9999,C36 H73 O2 N3,36,73,2,3,-9999,-9999,-9999,-9999,-9999,-9999
3133,579.099668,579.099437057,579.099158234,1666706.1,-9999,221560.7,8.62,-1,0.481476368,0.958809045,0,0.575285427,14,0.64,0.96,O16,de-protonated,0,-9999,C25 H24 O16,25,24,16,-9999,-9999,-9999,-9999,-9999,-9999,-9999
3133,579.099668,579.099437057,579.099647492,1666706.1,-9999,221560.7,8.62,-1,-0.363382695,0.976325004,0,0.585795003,18,0.285714286,0.892857143,N2 S1 P1 O8,de-protonated,0,-9999,C28 H25 O8 N2 P1 S1,28,25,8,2,1,1,-9999,-9999,-9999,-9999
3133,579.099668,579.099437057,579.098996043,1666706.1,-9999,221560.7,8.62,-1,0.761551811,0.9001146,0,0.54006876,9,0.5,1.45,N4 S2 P1 O10,de-protonated,0,-9999,C20 H29 O10 N4 P1 S2,20,29,10,4,1,2,-9999,-9999,-9999,-9999
3134,579.136098,579.135867046,579.136413124,1790097.9,-9999,184543.1,9.44,-1,-0.942916737,0.851015812,0,0.510609487,12,0.37037037,1.185185185,S2 O10,de-protonated,0,-9999,C27 H32 O10 S2,27,32,10,-9999,-9999,2,-9999,-9999,-9999,-9999
3134,579.136098,579.135867046,579.135543744,1790097.9,-9999,184543.1,9.44,-1,0.558250062,0.945021844,0,0.567013106,13,0.576923077,1.076923077,O15,de-protonated,0,-9999,C26 H28 O15,26,28,15,-9999,-9999,-9999,-9999,-9999,-9999,-9999
3134,579.136098,579.135867046,579.136033001,1790097.9,-9999,184543.1,9.44,-1,-0.286555986,0.985210911,0,0.591126547,17,0.24137931,1,N2 S1 P1 O7,de-protonated,0,-9999,C29 H29 O7 N2 P1 S1,29,29,7,2,1,1,-9999,-9999,-9999,-9999
3134,579.136098,579.135867046,579.135381552,1790097.9,-9999,184543.1,9.44,-1,0.83830793,0.880280288,0,0.528168173,8,0.428571429,1.571428571,N4 S2 P1 O9,de-protonated,0,-9999,C21 H33 O9 N4 P1 S2,21,33,9,4,1,2,-9999,-9999,-9999,-9999
3135,580.559659,580.559427626,580.55917662,1972359.9,-9999,173109.5,10.66,-1,0.432352535,0.966650796,0,0.579990478,1,0.027027027,2.054054054,N1 P1 O1,de-protonated,0,-9999,C37 H76 O1 N1 P1,37,76,1,1,1,-9999,-9999,-9999,-9999,-9999
3136,581.115624,581.115392462,581.115949005,1491841.9,-9999,185097.4,7.45,-1,-0.957714463,0.84668393,0,0.508010358,26,0.166666667,0.638888889,P1 O6,de-protonated,0,-9999,C36 H23 O6 P1,36,23,6,-9999,1,-9999,-9999,-9999,-9999,-9999
3136,581.115624,581.115392462,581.115677679,1491841.9,-9999,185097.4,7.45,-1,-0.490809317,0.957231647,0,0.574338988,12,0.423076923,1.153846154,S2 O11,de-protonated,0,-9999,C26 H30 O11 S2,26,30,11,-9999,-9999,2,-9999,-9999,-9999,-9999
3136,581.115624,581.115392462,581.115297556,1491841.9,-9999,185097.4,7.45,-1,0.163316181,0.995172061,0,0.597103237,17,0.285714286,0.964285714,N2 S1 P1 O8,de-protonated,0,-9999,C28 H27 O8 N2 P1 S1,28,27,8,2,1,1,-9999,-9999,-9999,-9999
3137,581.152276,581.152044451,581.152334514,1453697.5,-9999,175654.6,7.19,-1,-0.499117535,0.955804208,0,0.573482525,25,0.135135135,0.72972973,P1 O5,de-protonated,0,-9999,C37 H27 O5 P1,37,27,5,-9999,1,-9999,-9999,-9999,-9999,-9999
3137,581.152276,581.152044451,581.152063188,1453697.5,-9999,175654.6,7.19,-1,-0.032241408,0.9998114,0,0.59988684,11,0.37037037,1.259259259,S2 O10,de-protonated,0,-9999,C27 H34 O10 S2,27,34,10,-9999,-9999,2,-9999,-9999,-9999,-9999
3137,581.152276,581.152044451,581.151683065,1453697.5,-9999,175654.6,7.19,-1,0.621843436,0.932240679,0,0.559344408,16,0.24137931,1.068965517,N2 S1 P1 O7,de-protonated,0,-9999,C29 H31 O7 N2 P1 S1,29,31,7,2,1,1,-9999,-9999,-9999,-9999
3137,581.152276,581.152044451,581.152531219,1453697.5,-9999,175654.6,7.19,-1,-0.837590451,0.880472367,0,0.52828342,17,0.407407407,0.962962963,N4 O11,de-protonated,0,-9999,C27 H26 O11 N4,27,26,11,4,-9999,-9999,-9999,-9999,-9999,-9999
3138,581.294672,581.294440409,581.294233922,1573503.8,-9999,174815.9,7.99,-1,0.355218931,0.977364824,0,0.586418895,12,0.176470588,1.352941176,S1 O6,de-protonated,0,-9999,C34 H46 O6 S1,34,46,6,-9999,-9999,1,-9999,-9999,-9999,-9999
3139,581.435534,581.435302367,581.435753207,1449086,-9999,200348.3,7.16,-1,-0.775391384,0.896647276,0,0.537988366,4,0.121212121,1.878787879,N2 S1 O4,de-protonated,0,-9999,C33 H62 O4 N2 S1,33,62,4,2,-9999,1,-9999,-9999,-9999,-9999
3139,581.435534,581.435302367,581.435373085,1449086,-9999,200348.3,7.16,-1,-0.121626163,0.997319443,0,0.598391666,9,0.028571429,1.685714286,N4 P1 O1,de-protonated,0,-9999,C35 H59 O1 N4 P1,35,59,1,4,1,-9999,-9999,-9999,-9999,-9999
3140,583.093481,583.093248878,583.092711636,1837156.3,-9999,173547.2,9.76,-1,0.921365009,0.857242672,0,0.514345603,30,0.051282051,0.538461538,S1 P1 O2,de-protonated,0,-9999,C39 H21 O2 P1 S1,39,21,2,-9999,1,1,-9999,-9999,-9999,-9999
3140,583.093481,583.093248878,583.09355979,1837156.3,-9999,173547.2,9.76,-1,-0.533211083,0.949719679,0,0.569831808,31,0.162162162,0.432432432,N2 O6,de-protonated,0,-9999,C37 H16 O6 N2,37,16,6,2,-9999,-9999,-9999,-9999,-9999,-9999
3140,583.093481,583.093248878,583.092908341,1837156.3,-9999,173547.2,9.76,-1,0.584017961,0.939988188,0,0.563992913,22,0.275862069,0.689655172,N4 S1 O8,de-protonated,0,-9999,C29 H20 O8 N4 S1,29,20,8,4,-9999,1,-9999,-9999,-9999,-9999
3140,583.093481,583.093248878,583.093041283,1837156.3,-9999,173547.2,9.76,-1,0.356023802,0.977263309,0,0.586357985,9,0.888888889,1.388888889,N4 P1 O16,de-protonated,0,-9999,C18 H25 O16 N4 P1,18,25,16,4,1,-9999,-9999,-9999,-9999,-9999
3141,583.310208,583.309975814,583.309883987,1797216.3,-9999,224546.7,9.49,-1,0.157424321,0.995513358,0,0.597308015,11,0.176470588,1.411764706,S1 O6,de-protonated,0,-9999,C34 H48 O6 S1,34,48,6,-9999,-9999,1,-9999,-9999,-9999,-9999
3141,583.310208,583.309975814,583.309503864,1797216.3,-9999,224546.7,9.49,-1,0.80908965,0.888002217,0,0.53280133,16,0.083333333,1.25,N2 P1 O3,de-protonated,0,-9999,C36 H45 O3 N2 P1,36,45,3,2,1,-9999,-9999,-9999,-9999,-9999
3142,585.127828,585.127595277,585.127837299,1745977.4,-9999,214687,9.15,-1,-0.413621863,0.969434086,0,0.581660452,29,0.078947368,0.578947368,N2 S1 O3,de-protonated,0,-9999,C38 H22 O3 N2 S1,38,22,3,2,-9999,1,-9999,-9999,-9999,-9999
3142,585.127828,585.127595277,585.12797024,1745977.4,-9999,214687,9.15,-1,-0.640822889,0.928195756,0,0.556917454,16,0.407407407,1,N2 P1 O11,de-protonated,0,-9999,C27 H27 O11 N2 P1,27,27,11,2,1,-9999,-9999,-9999,-9999,-9999
3142,585.127828,585.127595277,585.127698914,1745977.4,-9999,214687,9.15,-1,-0.177119006,0.994323918,0,0.596594351,2,0.941176471,2,N2 S2 O16,de-protonated,0,-9999,C17 H34 O16 N2 S2,17,34,16,2,-9999,2,-9999,-9999,-9999,-9999
3142,585.127828,585.127595277,585.12718585,1745977.4,-9999,214687,9.15,-1,0.699723109,0.914992389,0,0.548995433,20,0.166666667,0.866666667,N4 S2 O5,de-protonated,0,-9999,C30 H26 O5 N4 S2,30,26,5,4,-9999,2,-9999,-9999,-9999,-9999
3142,585.127828,585.127595277,585.127318792,1745977.4,-9999,214687,9.15,-1,0.472521577,0.960296437,0,0.576177862,7,0.684210526,1.631578947,N4 S1 P1 O13,de-protonated,0,-9999,C19 H31 O13 N4 P1 S1,19,31,13,4,1,1,-9999,-9999,-9999,-9999
3143,586.309423,586.309189928,586.309169511,1535515.4,-9999,184872,7.74,-1,0.034822555,0.999779998,0,0.599867999,15,0.111111111,1.277777778,N1 P1 O4,de-protonated,0,-9999,C36 H46 O4 N1 P1,36,46,4,1,1,-9999,-9999,-9999,-9999,-9999
3143,586.309423,586.309189928,586.308898185,1535515.4,-9999,184872,7.74,-1,0.497592556,0.95606785,0,0.57364071,1,0.346153846,2.038461538,N1 S2 O9,de-protonated,0,-9999,C26 H53 O9 N1 S2,26,53,9,1,-9999,2,-9999,-9999,-9999,-9999
3147,587.124406,587.124172688,587.124011765,1612292.8,-9999,175576.7,8.25,-1,0.274085463,0.98646154,0,0.591876924,28,0.051282051,0.641025641,S1 P1 O2,de-protonated,0,-9999,C39 H25 O2 P1 S1,39,25,2,-9999,1,1,-9999,-9999,-9999,-9999
3147,587.124406,587.124172688,587.123873381,1612292.8,-9999,175576.7,8.25,-1,0.509784392,0.953939614,0,0.572363768,1,0.833333333,2.055555556,S2 P1 O15,de-protonated,0,-9999,C18 H37 O15 P1 S2,18,37,15,-9999,1,2,-9999,-9999,-9999,-9999
3147,587.124406,587.124172688,587.12420847,1612292.8,-9999,175576.7,8.25,-1,-0.060945082,0.999326272,0,0.599595763,20,0.275862069,0.827586207,N4 S1 O8,de-protonated,0,-9999,C29 H24 O8 N4 S1,29,24,8,4,-9999,1,-9999,-9999,-9999,-9999
3147,587.124406,587.124172688,587.124341412,1612292.8,-9999,175576.7,8.25,-1,-0.287373647,0.985127024,0,0.591076214,7,0.888888889,1.611111111,N4 P1 O16,de-protonated,0,-9999,C18 H29 O16 N4 P1,18,29,16,4,1,-9999,-9999,-9999,-9999,-9999
3148,587.268725,587.268491645,587.268413097,1820672.6,-9999,197286.9,9.65,-1,0.133751747,0.996759231,0,0.598055539,11,0.25,1.375,S1 O8,de-protonated,0,-9999,C32 H44 O8 S1,32,44,8,-9999,-9999,1,-9999,-9999,-9999,-9999
3148,587.268725,587.268491645,587.268032974,1820672.6,-9999,197286.9,9.65,-1,0.781024456,0.895221994,0,0.537133196,16,0.147058824,1.205882353,N2 P1 O5,de-protonated,0,-9999,C34 H41 O5 N2 P1,34,41,5,2,1,-9999,-9999,-9999,-9999,-9999
3149,587.305132,587.304898634,587.304798606,1681407.5,-9999,144960.6,8.72,-1,0.170317145,0.994750377,0,0.596850226,10,0.212121212,1.454545455,S1 O7,de-protonated,0,-9999,C33 H48 O7 S1,33,48,7,-9999,-9999,1,-9999,-9999,-9999,-9999
3149,587.305132,587.304898634,587.304418484,1681407.5,-9999,144960.6,8.72,-1,0.817549778,0.885787624,0,0.531472574,15,0.114285714,1.285714286,N2 P1 O4,de-protonated,0,-9999,C35 H45 O4 N2 P1,35,45,4,2,1,-9999,-9999,-9999,-9999,-9999
3150,587.359599,587.359365618,587.35981156,2370558,-9999,212782.4,13.33,-1,-0.75923132,0.900691151,0,0.540414691,8,0.085714286,1.6,S2 O3,de-protonated,0,-9999,C35 H56 O3 S2,35,56,3,-9999,-9999,2,-9999,-9999,-9999,-9999
3150,587.359599,587.359365618,587.35894218,2370558,-9999,212782.4,13.33,-1,0.720918462,0.910006867,0,0.54600412,9,0.235294118,1.529411765,O8,de-protonated,0,-9999,C34 H52 O8,34,52,8,-9999,-9999,-9999,-9999,-9999,-9999,-9999
3150,587.359599,587.359365618,587.358779989,2370558,-9999,212782.4,13.33,-1,0.997055386,0.834951477,0,0.500970886,4,0.068965517,1.965517241,N4 S2 P1 O2,de-protonated,0,-9999,C29 H57 O2 N4 P1 S2,29,57,2,4,1,2,-9999,-9999,-9999,-9999
3152,589.120441,589.120207098,589.120763059,1468359.3,-9999,203922.8,7.29,-1,-0.94371291,0.850783898,0,0.510470339,14,0.357142857,1.071428571,S2 O10,de-protonated,0,-9999,C28 H30 O10 S2,28,30,10,-9999,-9999,2,-9999,-9999,-9999,-9999
3152,589.120441,589.120207098,589.119893679,1468359.3,-9999,203922.8,7.29,-1,0.53201225,0.949939768,0,0.569963861,15,0.555555556,0.962962963,O15,de-protonated,0,-9999,C27 H26 O15,27,26,15,-9999,-9999,-9999,-9999,-9999,-9999,-9999
3152,589.120441,589.120207098,589.120382937,1468359.3,-9999,203922.8,7.29,-1,-0.298476092,0.983965054,0,0.590379033,19,0.233333333,0.9,N2 S1 P1 O7,de-protonated,0,-9999,C30 H27 O7 N2 P1 S1,30,27,7,2,1,1,-9999,-9999,-9999,-9999
3152,589.120441,589.120207098,589.119731488,1468359.3,-9999,203922.8,7.29,-1,0.807323715,0.88846227,0,0.533077362,10,0.409090909,1.409090909,N4 S2 P1 O9,de-protonated,0,-9999,C22 H31 O9 N4 P1 S2,22,31,9,4,1,2,-9999,-9999,-9999,-9999
3154,593.079159,593.078923929,593.079292169,1547578.1,-9999,187039.2,7.82,-1,-0.620894913,0.932440093,0,0.559464056,14,0.461538462,1,S2 O12,de-protonated,0,-9999,C26 H26 O12 S2,26,26,12,-9999,-9999,2,-9999,-9999,-9999,-9999
3154,593.079159,593.078923929,593.078422789,1547578.1,-9999,187039.2,7.82,-1,0.844980926,0.878487984,0,0.52709279,15,0.68,0.88,O17,de-protonated,0,-9999,C25 H22 O17,25,22,17,-9999,-9999,-9999,-9999,-9999,-9999,-9999
3154,593.079159,593.078923929,593.078779105,1547578.1,-9999,187039.2,7.82,-1,0.244190721,0.989238698,0,0.593543219,32,0.025641026,0.461538462,N2 S2 O1,de-protonated,0,-9999,C39 H18 O1 N2 S2,39,18,1,2,-9999,2,-9999,-9999,-9999,-9999
3154,593.079159,593.078923929,593.078912047,1547578.1,-9999,187039.2,7.82,-1,0.020035453,0.999927166,0,0.599956299,19,0.321428571,0.821428571,N2 S1 P1 O9,de-protonated,0,-9999,C28 H23 O9 N2 P1 S1,28,23,9,2,1,1,-9999,-9999,-9999,-9999
3155,593.114888,593.114652919,593.114808299,1466680.8,-9999,203783.3,7.28,-1,-0.261972796,0.987624438,0,0.592574663,14,0.615384615,1,O16,de-protonated,0,-9999,C26 H26 O16,26,26,16,-9999,-9999,-9999,-9999,-9999,-9999,-9999
3155,593.114888,593.114652919,593.114295235,1466680.8,-9999,203783.3,7.28,-1,0.603061347,0.936140413,0,0.561684248,32,0.128205128,0.461538462,N2 O5,de-protonated,0,-9999,C39 H18 O5 N2,39,18,5,2,-9999,-9999,-9999,-9999,-9999,-9999
3155,593.114888,593.114652919,593.114646107,1466680.8,-9999,203783.3,7.28,-1,0.011484096,0.99997607,0,0.599985642,9,0.476190476,1.476190476,N4 S2 P1 O10,de-protonated,0,-9999,C21 H31 O10 N4 P1 S2,21,31,10,4,1,2,-9999,-9999,-9999,-9999
3156,597.429873,597.429636645,597.429819674,2132622.5,-9999,205960.5,11.74,-1,-0.306360769,0.983113979,0,0.589868388,3,0.028571429,1.914285714,S2 P1 O1,de-protonated,0,-9999,C35 H67 O1 P1 S2,35,67,1,-9999,1,2,-9999,-9999,-9999,-9999
3157,599.088775,599.088538155,599.088987473,1491020,-9999,139589.3,7.44,-1,-0.75000283,0.902970264,0,0.541782158,13,0.75,1,O18,de-protonated,0,-9999,C24 H24 O18,24,24,18,-9999,-9999,-9999,-9999,-9999,-9999,-9999
3157,599.088775,599.088538155,599.088474409,1491020,-9999,139589.3,7.44,-1,0.106404675,0.997947755,0,0.598768653,31,0.189189189,0.432432432,N2 O7,de-protonated,0,-9999,C37 H16 O7 N2,37,16,7,2,-9999,-9999,-9999,-9999,-9999,-9999
3157,599.088775,599.088538155,599.088825282,1491020,-9999,139589.3,7.44,-1,-0.479273012,0.959177398,0,0.575506439,8,0.631578947,1.526315789,N4 S2 P1 O12,de-protonated,0,-9999,C19 H29 O12 N4 P1 S2,19,29,12,4,1,2,-9999,-9999,-9999,-9999
3157,599.088775,599.088538155,599.087955902,1491020,-9999,139589.3,7.44,-1,0.971898631,0.842489516,0,0.505493709,9,0.944444444,1.388888889,N4 P1 O17,de-protonated,0,-9999,C18 H25 O17 N4 P1,18,25,17,4,1,-9999,-9999,-9999,-9999,-9999
3159,613.320643,613.320401953,613.320448671,1460372.5,-9999,172853.6,7.21,-1,-0.076171528,0.99894777,0,0.599368662,11,0.2,1.428571429,S1 O7,de-protonated,0,-9999,C35 H50 O7 S1,35,50,7,-9999,-9999,1,-9999,-9999,-9999,-9999
3159,613.320643,613.320401953,613.320068548,1460372.5,-9999,172853.6,7.21,-1,0.543606807,0.947792575,0,0.568675545,16,0.108108108,1.27027027,N2 P1 O4,de-protonated,0,-9999,C37 H47 O4 N2 P1,37,47,4,2,1,-9999,-9999,-9999,-9999,-9999
3159,613.320643,613.320401953,613.319797222,1460372.5,-9999,172853.6,7.21,-1,0.98599642,0.838280586,0,0.502968352,2,0.333333333,2,N2 S2 O9,de-protonated,0,-9999,C27 H54 O9 N2 S2,27,54,9,2,-9999,2,-9999,-9999,-9999,-9999
3160,615.300163,615.299921369,615.299713226,1980024.8,-9999,157966.6,10.67,-1,0.338278841,0.97945044,0,0.587670264,11,0.235294118,1.411764706,S1 O8,de-protonated,0,-9999,C34 H48 O8 S1,34,48,8,-9999,-9999,1,-9999,-9999,-9999,-9999
3160,615.300163,615.299921369,615.299333103,1980024.8,-9999,157966.6,10.67,-1,0.95606376,0.847169397,0,0.50830163799999994,16,0.138888889,1.25,N2 P1 O5,de-protonated,0,-9999,C36 H45 O5 N2 P1,36,45,5,2,1,-9999,-9999,-9999,-9999,-9999
3162,623.089546,623.089302069,623.089856853,1523324.3,-9999,145276.8,7.63,-1,-0.890376585,0.866020101,0,0.519612061,14,0.481481481,1.037037037,S2 O13,de-protonated,0,-9999,C27 H28 O13 S2,27,28,13,-9999,-9999,2,-9999,-9999,-9999,-9999
3162,623.089546,623.089302069,623.088987473,1523324.3,-9999,145276.8,7.63,-1,0.504896182,0.954798527,0,0.572879116,15,0.692307692,0.923076923,O18,de-protonated,0,-9999,C26 H24 O18,26,24,18,-9999,-9999,-9999,-9999,-9999,-9999,-9999
3162,623.089546,623.089302069,623.089343789,1523324.3,-9999,145276.8,7.63,-1,-0.066957282,0.999186846,0,0.599512108,32,0.05,0.5,N2 S2 O2,de-protonated,0,-9999,C40 H20 O2 N2 S2,40,20,2,2,-9999,2,-9999,-9999,-9999,-9999
3162,623.089546,623.089302069,623.089476731,1523324.3,-9999,145276.8,7.63,-1,-0.28031624,0.985843431,0,0.591506059,19,0.344827586,0.862068966,N2 S1 P1 O10,de-protonated,0,-9999,C29 H25 O10 N2 P1 S1,29,25,10,2,1,1,-9999,-9999,-9999,-9999
3162,623.089546,623.089302069,623.088825282,1523324.3,-9999,145276.8,7.63,-1,0.765198414,0.899205757,0,0.539523454,10,0.571428571,1.380952381,N4 S2 P1 O12,de-protonated,0,-9999,C21 H29 O12 N4 P1 S2,21,29,12,4,1,2,-9999,-9999,-9999,-9999
3165,646.399294,646.399043186,646.399427269,1508436.6,-9999,134121.3,7.39,-1,-0.594187169,0.937946863,0,0.562768118,4,0.272727273,1.848484848,N1 S1 O9,de-protonated,0,-9999,C33 H61 O9 N1 S1,33,61,9,1,-9999,1,-9999,-9999,-9999,-9999
3165,646.399294,646.399043186,646.399047146,1508436.6,-9999,134121.3,7.39,-1,-0.006125822,0.999993191,0,0.599995915,9,0.171428571,1.657142857,N3 P1 O6,de-protonated,0,-9999,C35 H58 O6 N3 P1,35,58,6,3,1,-9999,-9999,-9999,-9999,-9999
3166,649.439916,649.439664289,649.439121055,2818027.3,-9999,162209.7,15.96,-1,0.836466087,0.440386564,0.692787115,0.541346784,11,0.097560976,1.536585366,P1 O4,de-protonated,0,-9999,C41 H63 O4 P1,41,63,4,-9999,1,-9999,-9999,-9999,-9999,-9999
3166,649.439916,649.439664289,649.440187139,2818027.3,-9999,162209.7,15.96,-1,-0.805078851,0.889045982,0,0.533427589,2,0.15625,2.0625,N4 S2 O5,de-protonated,0,-9999,C32 H66 O5 N4 S2,32,66,5,4,-9999,2,-9999,-9999,-9999,-9999
3166,649.439916,649.439664289,649.439317759,2818027.3,-9999,162209.7,15.96,-1,0.533582277,0.949651443,0,0.569790866,3,0.322580645,2,N4 O10,de-protonated,0,-9999,C31 H62 O10 N4,31,62,10,4,-9999,-9999,-9999,-9999,-9999,-9999
3167,650.443812,650.443559992,650.443481615,1522302,-9999,177167.4,7.47,-1,0.120497535,0.997368895,0,0.598421337,10,0.024390244,1.585365854,N1 S2 O1,de-protonated,0,-9999,C41 H65 O1 N1 S2,41,65,1,1,-9999,2,-9999,-9999,-9999,-9999
3168,669.321049,669.320791419,669.320663146,1467172.9,-9999,160522.5,7.09,-1,0.191646354,0.993357851,0,0.596014711,12,0.105263158,1.447368421,S2 P1 O4,de-protonated,0,-9999,C38 H55 O4 P1 S2,38,55,4,-9999,1,2,-9999,-9999,-9999,-9999
3168,669.321049,669.320791419,669.321131176,1467172.9,-9999,160522.5,7.09,-1,-0.507615507,0.954321637,0,0.572592982,18,0.131578947,1.236842105,N4 P1 O5,de-protonated,0,-9999,C38 H47 O5 N4 P1,38,47,5,4,1,-9999,-9999,-9999,-9999,-9999
3168,669.321049,669.320791419,669.32085985,1467172.9,-9999,160522.5,7.09,-1,-0.10224039,0.998105097,0,0.598863058,4,0.357142857,1.928571429,N4 S2 O10,de-protonated,0,-9999,C28 H54 O10 N4 S2,28,54,10,4,-9999,2,-9999,-9999,-9999,-9999
3169,671.268115,671.267856844,671.268413097,34791988,-9999,156930.4,225.28,-1,-0.828659494,0.891754455,0.846619838,0.873700608,18,0.205128205,1.128205128,S1 O8,de-protonated,0,-9999,C39 H44 O8 S1,39,44,8,-9999,-9999,1,-9999,-9999,-9999,-9999
3169,671.268115,671.267856844,671.268032974,34791988,-9999,156930.4,225.28,-1,-0.262384644,0.989941305,0.940981957,0.970357566,23,0.12195122,1,N2 P1 O5,de-protonated,0,-9999,C41 H41 O5 N2 P1,41,41,5,2,1,-9999,-9999,-9999,-9999,-9999
3169,671.268115,671.267856844,671.267761648,34791988,-9999,156930.4,225.28,-1,0.141814849,0.593063914,0.920826839,0.724169084,9,0.322580645,1.548387097,N2 S2 O10,de-protonated,0,-9999,C31 H48 O10 N2 S2,31,48,10,2,-9999,2,-9999,-9999,-9999,-9999
3169,671.268115,671.267856844,671.267381526,34791988,-9999,156930.4,225.28,-1,0.708090799,0.670204002,0.964451811,0.787903126,14,0.212121212,1.363636364,N4 S1 P1 O7,de-protonated,0,-9999,C33 H45 O7 N4 P1 S1,33,45,7,4,1,1,-9999,-9999,-9999,-9999
3170,672.271435,672.271176548,672.271767932,12477258,-9999,158809.4,79.17,-1,-0.879680325,0.888291281,0.846619838,0.871622704,18,0.205128205,1.128205128,13C1 S1 O8,de-protonated,1,3169,C38 H44 O8 S1 13C1,38,44,8,-9999,-9999,1,1,-9999,-9999,-9999
3170,672.271435,672.271176548,672.270676002,12477258,-9999,158809.4,79.17,-1,0.744559953,0.301434688,0.643094943,0.43809879,22,0.071428571,1.047619048,N1 S1 P1 O3,de-protonated,0,-9999,C42 H44 O3 N1 P1 S1,42,44,3,1,1,1,-9999,-9999,-9999,-9999
3170,672.271435,672.271176548,672.271387809,12477258,-9999,158809.4,79.17,-1,-0.31425066,0.988159691,0.940981957,0.969288597,23,0.12195122,1,13C1 N2 P1 O5,de-protonated,1,3169,C40 H41 O5 N2 P1 13C1,40,41,5,2,1,-9999,1,-9999,-9999,-9999
3170,672.271435,672.271176548,672.271116483,12477258,-9999,158809.4,79.17,-1,0.08934555,0.593502945,0.920826839,0.724432502,9,0.322580645,1.548387097,13C1 N2 S2 O10,de-protonated,1,3169,C30 H48 O10 N2 S2 13C1,30,48,10,2,-9999,2,1,-9999,-9999,-9999
3170,672.271435,672.271176548,672.271524155,12477258,-9999,158809.4,79.17,-1,-0.517063917,0.31754888,0.656222442,0.453018305,23,0.175,0.975,N3 O7,de-protonated,0,-9999,C40 H39 O7 N3,40,39,7,3,-9999,-9999,-9999,-9999,-9999,-9999
3170,672.271435,672.271176548,672.270736361,12477258,-9999,158809.4,79.17,-1,0.654776311,0.673233341,0.964451811,0.789720729,14,0.212121212,1.363636364,13C1 N4 S1 P1 O7,de-protonated,1,3169,C32 H45 O7 N4 P1 S1 13C1,32,45,7,4,1,1,1,-9999,-9999,-9999
3171,672.450833,672.450574495,672.45108272,1463675.5,-9999,128681.3,7.06,-1,-0.755780396,0.901545995,0,0.540927597,9,0.131578947,1.684210526,N3 P1 O5,de-protonated,0,-9999,C38 H64 O5 N3 P1,38,64,5,3,1,-9999,-9999,-9999,-9999,-9999
3172,673.265056,673.264797254,673.264208926,10937439,-9999,157851.5,69.08,-1,0.873843945,0.888695087,0.846619838,0.871864987,18,0.205128205,1.128205128,34S1 O8,de-protonated,1,3169,C39 H44 O8 34S1,39,44,8,-9999,-9999,-9999,-9999,-9999,-9999,1
3172,673.265056,673.264797254,673.265435717,10937439,-9999,157851.5,69.08,-1,-0.948307107,0.424721546,0.70871839,0.538320283,18,0.289473684,1.105263158,O11,de-protonated,0,-9999,C38 H42 O11,38,42,11,-9999,-9999,-9999,-9999,-9999,-9999,-9999
3172,673.265056,673.264797254,673.264784268,10937439,-9999,157851.5,69.08,-1,0.019288522,0.998382944,0.999928222,0.999001056,9,0.433333333,1.533333333,N2 S1 O13,de-protonated,0,-9999,C30 H46 O13 N2 S1,30,46,13,2,-9999,1,-9999,-9999,-9999,-9999
3172,673.265056,673.264797254,673.264271204,10937439,-9999,157851.5,69.08,-1,0.781343307,0.608643407,0.881565358,0.717812187,27,0.046511628,0.88372093,N4 S1 O2,de-protonated,0,-9999,C43 H38 O2 N4 S1,43,38,2,4,-9999,1,-9999,-9999,-9999,-9999
3172,673.265056,673.264797254,673.265273525,10937439,-9999,157851.5,69.08,-1,-0.707404772,0.894104545,0.981873934,0.929212301,13,0.151515152,1.424242424,N4 S2 P1 O5,de-protonated,0,-9999,C33 H47 O5 N4 P1 S2,33,47,5,4,1,2,-9999,-9999,-9999,-9999
3172,673.265056,673.264797254,673.264404145,10937439,-9999,157851.5,69.08,-1,0.583884726,0.953393875,0.987795321,0.967154454,14,0.3125,1.34375,N4 P1 O10,de-protonated,0,-9999,C32 H43 O10 N4 P1,32,43,10,4,1,-9999,-9999,-9999,-9999,-9999
3172,673.265056,673.264797254,673.264132819,10937439,-9999,157851.5,69.08,-1,0.986886023,0.859729707,0.94730005,0.894757844,0,0.681818182,2.272727273,N4 S2 O15,de-protonated,0,-9999,C22 H50 O15 N4 S2,22,50,15,4,-9999,2,-9999,-9999,-9999,-9999
3173,673.275004,673.274745251,673.274818631,1827938,-9999,211727.2,9.44,-1,-0.108989454,0.997846946,0,0.598708168,31,0.06122449,0.775510204,O3,de-protonated,0,-9999,C49 H38 O3,49,38,3,-9999,-9999,-9999,-9999,-9999,-9999,-9999
3173,673.275004,673.274745251,673.275122767,1827938,-9999,211727.2,9.44,-1,-0.560715244,0.907178443,0.846619838,0.882955001,18,0.205128205,1.128205128,13C2 S1 O8,de-protonated,1,3169,C37 H44 O8 S1 13C2,37,44,8,-9999,-9999,1,2,-9999,-9999,-9999
3173,673.275004,673.274745251,673.274680247,1827938,-9999,211727.2,9.44,-1,0.096549859,0.998309988,0,0.598985993,4,0.571428571,1.785714286,S1 O16,de-protonated,0,-9999,C28 H50 O16 S1,28,50,16,-9999,-9999,1,-9999,-9999,-9999,-9999
3173,673.275004,673.274745251,673.274742644,1827938,-9999,211727.2,9.44,-1,0.003871964,0.994078485,0.940981957,0.972839874,23,0.12195122,1,13C2 N2 P1 O5,de-protonated,1,3169,C39 H41 O5 N2 P1 13C2,39,41,5,2,1,-9999,2,-9999,-9999,-9999
3173,673.275004,673.274745251,673.274167182,1827938,-9999,211727.2,9.44,-1,0.858593502,0.874799247,0,0.524879548,22,0.12195122,1.024390244,N2 S1 O5,de-protonated,0,-9999,C41 H42 O5 N2 S1,41,42,5,2,-9999,1,-9999,-9999,-9999,-9999
3173,673.275004,673.274745251,673.275169504,1827938,-9999,211727.2,9.44,-1,-0.63013281,0.930486836,0,0.558292101,8,0.258064516,1.64516129,N2 S2 P1 O8,de-protonated,0,-9999,C31 H51 O8 N2 P1 S2,31,51,8,2,1,2,-9999,-9999,-9999,-9999
3173,673.275004,673.274745251,673.274471318,1827938,-9999,211727.2,9.44,-1,0.406866838,0.587874323,0.920826839,0.721055329,9,0.322580645,1.548387097,13C2 N2 S2 O10,de-protonated,1,3169,C29 H48 O10 N2 S2 13C2,29,48,10,2,-9999,2,2,-9999,-9999,-9999
3173,673.275004,673.274745251,673.274300124,1827938,-9999,211727.2,9.44,-1,0.661137808,0.923751852,0,0.554251111,9,0.433333333,1.566666667,N2 P1 O13,de-protonated,0,-9999,C30 H47 O13 N2 P1,30,47,13,2,1,-9999,-9999,-9999,-9999,-9999
3173,673.275004,673.274745251,673.274091196,1827938,-9999,211727.2,9.44,-1,0.971455138,0.65259965,0.964451811,0.777340514,14,0.212121212,1.363636364,13C2 N4 S1 P1 O7,de-protonated,1,3169,C31 H45 O7 N4 P1 S1 13C2,31,45,7,4,1,1,2,-9999,-9999,-9999
3174,674.268309,674.268049958,674.268568001,3547514,-9999,168128.3,20.7,-1,-0.768304361,0.449214483,0.68763467,0.544582558,21,0.023809524,1.095238095,N1 S2 P1 O1,de-protonated,0,-9999,C42 H46 O1 N1 P1 S2,42,46,1,1,1,2,-9999,-9999,-9999,-9999
3174,674.268309,674.268049958,674.267698622,3547514,-9999,168128.3,20.7,-1,0.521063651,0.475964585,0.692787115,0.562693597,22,0.146341463,1.024390244,N1 P1 O6,de-protonated,0,-9999,C41 H42 O6 N1 P1,41,42,6,1,1,-9999,-9999,-9999,-9999,-9999
3174,674.268309,674.268049958,674.267427295,3547514,-9999,168128.3,20.7,-1,0.923465265,0.428320102,0.748902347,0.556553,8,0.35483871,1.580645161,N1 S2 O11,de-protonated,0,-9999,C31 H49 O11 N1 S2,31,49,11,1,-9999,2,-9999,-9999,-9999,-9999
3174,674.268309,674.268049958,674.268139103,3547514,-9999,168128.3,20.7,-1,-0.132210016,0.996833394,0.999928222,0.998071325,9,0.433333333,1.533333333,13C1 N2 S1 O13,de-protonated,1,3172,C29 H46 O13 N2 S1 13C1,29,46,13,2,-9999,1,1,-9999,-9999,-9999
3174,674.268309,674.268049958,674.267626039,3547514,-9999,168128.3,20.7,-1,0.628710666,0.620526096,0.881565358,0.724941801,27,0.046511628,0.88372093,13C1 N4 S1 O2,de-protonated,1,3172,C42 H38 O2 N4 S1 13C1,42,38,2,4,-9999,1,1,-9999,-9999,-9999
3174,674.268309,674.268049958,674.26862836,3547514,-9999,168128.3,20.7,-1,-0.857821834,0.875009512,0.981873934,0.917755281,13,0.151515152,1.424242424,13C1 N4 S2 P1 O5,de-protonated,1,3172,C32 H47 O5 N4 P1 S2 13C1,32,47,5,4,1,2,1,-9999,-9999,-9999
3174,674.268309,674.268049958,674.26775898,3547514,-9999,168128.3,20.7,-1,0.431545947,0.966773023,0.987795321,0.975181942,14,0.3125,1.34375,13C1 N4 P1 O10,de-protonated,1,3172,C31 H43 O10 N4 P1 13C1,31,43,10,4,1,-9999,1,-9999,-9999,-9999
3174,674.268309,674.268049958,674.267487654,3547514,-9999,168128.3,20.7,-1,0.833947489,0.881445743,0.94730005,0.907787466,0,0.681818182,2.272727273,13C1 N4 S2 O15,de-protonated,1,3172,C21 H50 O15 N4 S2 13C1,21,50,15,4,-9999,2,1,-9999,-9999,-9999
3175,695.26368,695.26341475900006,695.263542192,3526845,-9999,143936.8,20.14,-1,-0.183286685,0.496961476,0.70871839,0.581664241,15,0.157894737,1.289473684,S2 P1 O6,de-protonated,0,-9999,C38 H49 O6 P1 S2,38,49,6,-9999,1,2,-9999,-9999,-9999,-9999
3175,695.26368,695.26341475900006,695.264010222,3526845,-9999,143936.8,20.14,-1,-0.85645624,0.437690636,0.70871839,0.546101737,21,0.184210526,1.078947368,N4 P1 O7,de-protonated,0,-9999,C38 H41 O7 N4 P1,38,41,7,4,1,-9999,-9999,-9999,-9999,-9999
3175,695.26368,695.26341475900006,695.263738896,3526845,-9999,143936.8,20.14,-1,-0.466207313,0.480664903,0.767553728,0.595420433,7,0.428571429,1.714285714,N4 S2 O12,de-protonated,0,-9999,C28 H48 O12 N4 S2,28,48,12,4,-9999,2,-9999,-9999,-9999,-9999
3175,695.26368,695.26341475900006,695.262869516,3526845,-9999,143936.8,20.14,-1,0.784225441,0.44720425,0.773979033,0.577914163,8,0.62962963,1.62962963,N4 O17,de-protonated,0,-9999,C27 H44 O17 N4,27,44,17,4,-9999,-9999,-9999,-9999,-9999,-9999
3176,712.178471,712.178200765,712.177563461,1515580.3,-9999,132838.2,7.2,-1,0.894866085,0.864761578,0,0.518856947,22,0.236842105,0.947368421,N1 S1 P1 O9,de-protonated,0,-9999,C38 H36 O9 N1 P1 S1,38,36,9,1,1,1,-9999,-9999,-9999,-9999
3176,712.178471,712.178200765,712.178411615,1515580.3,-9999,132838.2,7.2,-1,-0.296062923,0.984221242,0,0.590532745,23,0.361111111,0.861111111,N3 O13,de-protonated,0,-9999,C36 H31 O13 N3,36,31,13,3,-9999,-9999,-9999,-9999,-9999,-9999
3177,713.268053,713.267782443,713.268233649,1619143.1,-9999,131454.1,7.86,-1,-0.632589037,0.929963334,0,0.557978,23,0.044444444,1.044444444,S2 P1 O2,de-protonated,0,-9999,C45 H47 O2 P1 S2,45,47,2,-9999,1,2,-9999,-9999,-9999,-9999
3177,713.268053,713.267782443,713.267364269,1619143.1,-9999,131454.1,7.86,-1,0.58627974,0.939536833,0,0.5637221,24,0.159090909,0.977272727,P1 O7,de-protonated,0,-9999,C44 H43 O7 P1,44,43,7,-9999,1,-9999,-9999,-9999,-9999,-9999
3177,713.268053,713.267782443,713.267092943,1619143.1,-9999,131454.1,7.86,-1,0.966679063,0.844037744,0,0.506422646,10,0.352941176,1.470588235,S2 O12,de-protonated,0,-9999,C34 H50 O12 S2,34,50,12,-9999,-9999,2,-9999,-9999,-9999,-9999
3177,713.268053,713.267782443,713.268430353,1619143.1,-9999,131454.1,7.86,-1,-0.908367913,0.860949727,0,0.516569836,15,0.228571429,1.314285714,N4 S2 O8,de-protonated,0,-9999,C35 H46 O8 N4 S2,35,46,8,4,-9999,2,-9999,-9999,-9999,-9999
3177,713.268053,713.267782443,713.267560973,1619143.1,-9999,131454.1,7.86,-1,0.310500192,0.982658589,0,0.589595153,16,0.382352941,1.235294118,N4 O13,de-protonated,0,-9999,C34 H42 O13 N4,34,42,13,4,-9999,-9999,-9999,-9999,-9999,-9999
3178,807.184198,807.183899714,807.184683471,1899613.5,-9999,148716.7,9.08,-1,-0.970975748,0.42138183,0.631293472,0.505346487,39,0.111111111,0.592592593,S1 O6,de-protonated,0,-9999,C54 H32 O6 S1,54,32,6,-9999,-9999,1,-9999,-9999,-9999,-9999
3178,807.184198,807.183899714,807.184545086,1899613.5,-9999,148716.7,9.08,-1,-0.799535033,0.89048216,0,0.534289296,12,0.575757576,1.333333333,S2 O19,de-protonated,0,-9999,C33 H44 O19 S2,33,44,19,-9999,-9999,2,-9999,-9999,-9999,-9999
3178,807.184198,807.183899714,807.183675707,1899613.5,-9999,148716.7,9.08,-1,0.277517441,0.98612275,0,0.59167365,13,0.75,1.25,O24,de-protonated,0,-9999,C32 H40 O24,32,40,24,-9999,-9999,-9999,-9999,-9999,-9999,-9999
3178,807.184198,807.183899714,807.184032022,1899613.5,-9999,148716.7,9.08,-1,-0.163913144,0.995136788,0,0.597082073,30,0.173913043,0.782608696,N2 S2 O8,de-protonated,0,-9999,C46 H36 O8 N2 S2,46,36,8,2,-9999,2,-9999,-9999,-9999,-9999
3178,807.184198,807.183899714,807.183162642,1899613.5,-9999,148716.7,9.08,-1,0.9131407,0.859592688,0,0.515755613,31,0.288888889,0.711111111,N2 O13,de-protonated,0,-9999,C45 H32 O13 N2,45,32,13,2,-9999,-9999,-9999,-9999,-9999,-9999
3178,807.184198,807.183899714,807.184164964,1899613.5,-9999,148716.7,9.08,-1,-0.328611256,0.98059691,0,0.588358146,17,0.457142857,1.171428571,N2 S1 P1 O16,de-protonated,0,-9999,C35 H41 O16 N2 P1 S1,35,41,16,2,1,1,-9999,-9999,-9999,-9999
3178,807.184198,807.183899714,807.1836519,1899613.5,-9999,148716.7,9.08,-1,0.307011233,0.983042811,0,0.589825686,35,0.104166667,0.6875,N4 S1 P1 O5,de-protonated,0,-9999,C48 H33 O5 N4 P1 S1,48,33,5,4,1,1,-9999,-9999,-9999,-9999
3178,807.184198,807.183899714,807.183513515,1899613.5,-9999,148716.7,9.08,-1,0.478452386,0.959314193,0,0.575588516,8,0.666666667,1.666666667,N4 S2 P1 O18,de-protonated,0,-9999,C27 H45 O18 N4 P1 S2,27,45,18,4,1,2,-9999,-9999,-9999,-9999
3179,810.653247,810.65294769,810.65347093,1585592.1,-9999,76548.1,7.16,-1,-0.645454155,0.927193005,0,0.556315803,8,0.078431373,1.764705882,N1 P1 O4,de-protonated,0,-9999,C51 H90 O4 N1 P1,51,90,4,1,1,-9999,-9999,-9999,-9999,-9999
3180,832.332011,832.331705289,832.331347707,1759523.6,-9999,124724.1,8.16,-1,0.429614837,0.967064789,0,0.580238873,28,0.134615385,0.980769231,N1 S1 O7,de-protonated,0,-9999,C52 H51 O7 N1 S1,52,51,7,1,-9999,1,-9999,-9999,-9999,-9999
3180,832.332011,832.331705289,832.332350029,1759523.6,-9999,124724.1,8.16,-1,-0.7746181,0.896842304,0,0.538105382,14,0.238095238,1.428571429,N1 S2 P1 O10,de-protonated,0,-9999,C42 H60 O10 N1 P1 S2,42,60,10,1,1,2,-9999,-9999,-9999,-9999
3180,832.332011,832.331705289,832.331480649,1759523.6,-9999,124724.1,8.16,-1,0.269892671,0.986869867,0,0.59212192,15,0.365853659,1.365853659,N1 P1 O15,de-protonated,0,-9999,C41 H56 O15 N1 P1,41,56,15,1,1,-9999,-9999,-9999,-9999,-9999
3180,832.332011,832.331705289,832.331209323,1759523.6,-9999,124724.1,8.16,-1,0.595876162,0.937604843,0,0.562562906,1,0.64516129,2.032258065,N1 S2 O20,de-protonated,0,-9999,C31 H63 O20 N1 S2,31,63,20,1,-9999,2,-9999,-9999,-9999,-9999
3180,832.332011,832.331705289,832.330967585,1759523.6,-9999,124724.1,8.16,-1,0.886311389,0.867155789,0,0.520293474,33,0.074074074,0.888888889,N3 P1 O4,de-protonated,0,-9999,C54 H48 O4 N3 P1,54,48,4,3,1,-9999,-9999,-9999,-9999,-9999
3181,834.106895,834.106588765,834.107416963,1576507.5,-9999,148300.8,7.04,-1,-0.992915298,0.836200574,0,0.501720344,11,0.857142857,1.321428571,N1 S2 O24,de-protonated,0,-9999,C28 H37 O24 N1 S2,28,37,24,1,-9999,2,-9999,-9999,-9999,-9999
3181,834.106895,834.106588765,834.106903899,1576507.5,-9999,148300.8,7.04,-1,-0.377809802,0.974432499,0,0.584659499,29,0.317073171,0.707317073,N3 S2 O13,de-protonated,0,-9999,C41 H29 O13 N3 S2,41,29,13,3,-9999,2,-9999,-9999,-9999,-9999
3181,834.106895,834.106588765,834.106034519,1576507.5,-9999,148300.8,7.04,-1,0.664479194,0.923009723,0,0.553805834,30,0.45,0.625,N3 O18,de-protonated,0,-9999,C40 H25 O18 N3,40,25,18,3,-9999,-9999,-9999,-9999,-9999,-9999
3181,834.106895,834.106588765,834.107036841,1576507.5,-9999,148300.8,7.04,-1,-0.537191841,0.948985682,0,0.569391409,16,0.7,1.133333333,N3 S1 P1 O21,de-protonated,0,-9999,C30 H34 O21 N3 P1 S1,30,34,21,3,1,1,-9999,-9999,-9999,-9999
3182,896.185373,896.185048436,896.184224534,1587685.1,-9999,122608.4,7.1,-1,0.919344172,0.857821462,0,0.514692877,18,0.526315789,1.157894737,N1 S1 P1 O20,de-protonated,0,-9999,C38 H44 O20 N1 P1 S1,38,44,20,1,1,1,-9999,-9999,-9999,-9999
3182,896.185373,896.185048436,896.185942067,1587685.1,-9999,122608.4,7.1,-1,-0.997149425,0.834923066,0,0.50095384,18,0.513513514,1.162162162,N3 S2 O19,de-protonated,0,-9999,C37 H43 O19 N3 S2,37,43,19,3,-9999,2,-9999,-9999,-9999,-9999
3182,896.185373,896.185048436,896.185072688,1587685.1,-9999,122608.4,7.1,-1,-0.027060735,0.999867137,0,0.599920282,19,0.666666667,1.083333333,N3 O24,de-protonated,0,-9999,C36 H39 O24 N3,36,39,24,3,-9999,-9999,-9999,-9999,-9999,-9999
0,98.833349,98.833259857,-9999,3563796.5,-9999,1115891.3,30.5,-1,-9999,-9999,-9999,-9999,-9999,-9999,-9999,unassigned,N/A,-9999,-9999,N/A,-9999,-9999,-9999,-9999,-9999,-9999,-9999,-9999,-9999,-9999
1,106.326538,106.326446645,-9999,1046087.6,-9999,940482.3,7.17,-1,-9999,-9999,-9999,-9999,-9999,-9999,-9999,unassigned,N/A,-9999,-9999,N/A,-9999,-9999,-9999,-9999,-9999,-9999,-9999,-9999,-9999,-9999
2,106.585063,106.584971569,-9999,1045678.4,-9999,880942.6,7.17,-1,-9999,-9999,-9999,-9999,-9999,-9999,-9999,unassigned,N/A,-9999,-9999,N/A,-9999,-9999,-9999,-9999,-9999,-9999,-9999,-9999,-9999,-9999
3,107.51725,107.517158293,-9999,1075275.5,-9999,667295.8,7.45,-1,-9999,-9999,-9999,-9999,-9999,-9999,-9999,unassigned,N/A,-9999,-9999,N/A,-9999,-9999,-9999,-9999,-9999,-9999,-9999,-9999,-9999,-9999
4,108.14489,108.144798108,-9999,1075856.6,-9999,782297.7,7.45,-1,-9999,-9999,-9999,-9999,-9999,-9999,-9999,unassigned,N/A,-9999,-9999,N/A,-9999,-9999,-9999,-9999,-9999,-9999,-9999,-9999,-9999,-9999
5,108.487198,108.487106007,-9999,1032830.8,-9999,684886.9,7.05,-1,-9999,-9999,-9999,-9999,-9999,-9999,-9999,unassigned,N/A,-9999,-9999,N/A,-9999,-9999,-9999,-9999,-9999,-9999,-9999,-9999,-9999,-9999
6,109.101233,109.101140826,-9999,1143487.8,-9999,1046556.6,8.08,-1,-9999,-9999,-9999,-9999,-9999,-9999,-9999,unassigned,N/A,-9999,-9999,N/A,-9999,-9999,-9999,-9999,-9999,-9999,-9999,-9999,-9999,-9999
7,109.47616,109.476067715,-9999,1037132.8,-9999,889036,7.09,-1,-9999,-9999,-9999,-9999,-9999,-9999,-9999,unassigned,N/A,-9999,-9999,N/A,-9999,-9999,-9999,-9999,-9999,-9999,-9999,-9999,-9999,-9999
8,109.518136,109.518043703,-9999,1094032.5,-9999,968263.5,7.62,-1,-9999,-9999,-9999,-9999,-9999,-9999,-9999,unassigned,N/A,-9999,-9999,N/A,-9999,-9999,-9999,-9999,-9999,-9999,-9999,-9999,-9999,-9999
9,109.747507,109.747414635,-9999,1058802,-9999,718669.5,7.29,-1,-9999,-9999,-9999,-9999,-9999,-9999,-9999,unassigned,N/A,-9999,-9999,N/A,-9999,-9999,-9999,-9999,-9999,-9999,-9999,-9999,-9999,-9999
10,110.059532,110.059439543,-9999,1075995.3,-9999,981180.7,7.45,-1,-9999,-9999,-9999,-9999,-9999,-9999,-9999,unassigned,N/A,-9999,-9999,N/A,-9999,-9999,-9999,-9999,-9999,-9999,-9999,-9999,-9999,-9999
11,110.069801,110.06970854,-9999,1134610.8,-9999,776629.1,8,-1,-9999,-9999,-9999,-9999,-9999,-9999,-9999,unassigned,N/A,-9999,-9999,N/A,-9999,-9999,-9999,-9999,-9999,-9999,-9999,-9999,-9999,-9999
12,111.5784,111.578307094,-9999,1072756.8,-9999,920460.5,7.42,-1,-9999,-9999,-9999,-9999,-9999,-9999,-9999,unassigned,N/A,-9999,-9999,N/A,-9999,-9999,-9999,-9999,-9999,-9999,-9999,-9999,-9999,-9999
13,111.589979,111.589886091,-9999,1062182.3,-9999,587859,7.33,-1,-9999,-9999,-9999,-9999,-9999,-9999,-9999,unassigned,N/A,-9999,-9999,N/A,-9999,-9999,-9999,-9999,-9999,-9999,-9999,-9999,-9999,-9999
14,111.598962,111.598869088,-9999,1089975.9,-9999,968527.5,7.58,-1,-9999,-9999,-9999,-9999,-9999,-9999,-9999,unassigned,N/A,-9999,-9999,N/A,-9999,-9999,-9999,-9999,-9999,-9999,-9999,-9999,-9999,-9999
15,111.60024,111.600147088,-9999,1071907.8,-9999,911041,7.42,-1,-9999,-9999,-9999,-9999,-9999,-9999,-9999,unassigned,N/A,-9999,-9999,N/A,-9999,-9999,-9999,-9999,-9999,-9999,-9999,-9999,-9999,-9999
16,111.601846,111.601753087,-9999,1178391.8,-9999,762574,8.4,-1,-9999,-9999,-9999,-9999,-9999,-9999,-9999,unassigned,N/A,-9999,-9999,N/A,-9999,-9999,-9999,-9999,-9999,-9999,-9999,-9999,-9999,-9999
17,111.647235,111.647142074,-9999,1138437.8,-9999,1034068.9,8.03,-1,-9999,-9999,-9999,-9999,-9999,-9999,-9999,unassigned,N/A,-9999,-9999,N/A,-9999,-9999,-9999,-9999,-9999,-9999,-9999,-9999,-9999,-9999
18,111.654962,111.654869072,-9999,1281309.4,-9999,867908.8,9.36,-1,-9999,-9999,-9999,-9999,-9999,-9999,-9999,unassigned,N/A,-9999,-9999,N/A,-9999,-9999,-9999,-9999,-9999,-9999,-9999,-9999,-9999,-9999
19,111.656041,111.655948071,-9999,1111317.4,-9999,672144.7,7.78,-1,-9999,-9999,-9999,-9999,-9999,-9999,-9999,unassigned,N/A,-9999,-9999,N/A,-9999,-9999,-9999,-9999,-9999,-9999,-9999,-9999,-9999,-9999
20,111.657945,111.657852071,-9999,1065645.3,-9999,947824.9,7.36,-1,-9999,-9999,-9999,-9999,-9999,-9999,-9999,unassigned,N/A,-9999,-9999,N/A,-9999,-9999,-9999,-9999,-9999,-9999,-9999,-9999,-9999,-9999
21,111.658804,111.65871107,-9999,1044081.2,-9999,908165.4,7.16,-1,-9999,-9999,-9999,-9999,-9999,-9999,-9999,unassigned,N/A,-9999,-9999,N/A,-9999,-9999,-9999,-9999,-9999,-9999,-9999,-9999,-9999,-9999
22,111.67377,111.673677066,-9999,1051060.5,-9999,956003.5,7.22,-1,-9999,-9999,-9999,-9999,-9999,-9999,-9999,unassigned,N/A,-9999,-9999,N/A,-9999,-9999,-9999,-9999,-9999,-9999,-9999,-9999,-9999,-9999
23,111.678224,111.678131065,-9999,1029798.4,-9999,702265.6,7.03,-1,-9999,-9999,-9999,-9999,-9999,-9999,-9999,unassigned,N/A,-9999,-9999,N/A,-9999,-9999,-9999,-9999,-9999,-9999,-9999,-9999,-9999,-9999
24,111.686041,111.685948062,-9999,1279064,-9999,766499,9.34,-1,-9999,-9999,-9999,-9999,-9999,-9999,-9999,unassigned,N/A,-9999,-9999,N/A,-9999,-9999,-9999,-9999,-9999,-9999,-9999,-9999,-9999,-9999
25,111.690382,111.690289061,-9999,1245059.9,-9999,807574.9,9.02,-1,-9999,-9999,-9999,-9999,-9999,-9999,-9999,unassigned,N/A,-9999,-9999,N/A,-9999,-9999,-9999,-9999,-9999,-9999,-9999,-9999,-9999,-9999
26,111.698868,111.698775059,-9999,1028179.4,-9999,1167063.4,7.01,-1,-9999,-9999,-9999,-9999,-9999,-9999,-9999,unassigned,N/A,-9999,-9999,N/A,-9999,-9999,-9999,-9999,-9999,-9999,-9999,-9999,-9999,-9999
27,111.71404,111.713947054,-9999,1041498.8,-9999,1197496.5,7.13,-1,-9999,-9999,-9999,-9999,-9999,-9999,-9999,unassigned,N/A,-9999,-9999,N/A,-9999,-9999,-9999,-9999,-9999,-9999,-9999,-9999,-9999,-9999
28,111.742752,111.742659046,-9999,1073237.5,-9999,1003072.6,7.43,-1,-9999,-9999,-9999,-9999,-9999,-9999,-9999,unassigned,N/A,-9999,-9999,N/A,-9999,-9999,-9999,-9999,-9999,-9999,-9999,-9999,-9999,-9999
29,111.763906,111.763813039,-9999,1087680.6,-9999,718578.1,7.56,-1,-9999,-9999,-9999,-9999,-9999,-9999,-9999,unassigned,N/A,-9999,-9999,N/A,-9999,-9999,-9999,-9999,-9999,-9999,-9999,-9999,-9999,-9999
30,111.78539,111.785297033,-9999,1034651.7,-9999,877212.4,7.07,-1,-9999,-9999,-9999,-9999,-9999,-9999,-9999,unassigned,N/A,-9999,-9999,N/A,-9999,-9999,-9999,-9999,-9999,-9999,-9999,-9999,-9999,-9999
31,111.788898,111.788805032,-9999,1113857.5,-9999,513303.3,7.81,-1,-9999,-9999,-9999,-9999,-9999,-9999,-9999,unassigned,N/A,-9999,-9999,N/A,-9999,-9999,-9999,-9999,-9999,-9999,-9999,-9999,-9999,-9999
32,111.795004,111.79491103,-9999,1073559.3,-9999,1094112.3,7.43,-1,-9999,-9999,-9999,-9999,-9999,-9999,-9999,unassigned,N/A,-9999,-9999,N/A,-9999,-9999,-9999,-9999,-9999,-9999,-9999,-9999,-9999,-9999
33,111.798784,111.798691029,-9999,1076981.1,-9999,510874.2,7.46,-1,-9999,-9999,-9999,-9999,-9999,-9999,-9999,unassigned,N/A,-9999,-9999,N/A,-9999,-9999,-9999,-9999,-9999,-9999,-9999,-9999,-9999,-9999
34,111.817253,111.817160024,-9999,1054418.3,-9999,959258.1,7.25,-1,-9999,-9999,-9999,-9999,-9999,-9999,-9999,unassigned,N/A,-9999,-9999,N/A,-9999,-9999,-9999,-9999,-9999,-9999,-9999,-9999,-9999,-9999
35,111.825786,111.825693021,-9999,1164937.9,-9999,844639.1,8.28,-1,-9999,-9999,-9999,-9999,-9999,-9999,-9999,unassigned,N/A,-9999,-9999,N/A,-9999,-9999,-9999,-9999,-9999,-9999,-9999,-9999,-9999,-9999
36,111.859192,111.859099011,-9999,1075012.5,-9999,1030926.2,7.45,-1,-9999,-9999,-9999,-9999,-9999,-9999,-9999,unassigned,N/A,-9999,-9999,N/A,-9999,-9999,-9999,-9999,-9999,-9999,-9999,-9999,-9999,-9999
37,112.220303,112.220209905,-9999,1067101.5,-9999,1039826.5,7.37,-1,-9999,-9999,-9999,-9999,-9999,-9999,-9999,unassigned,N/A,-9999,-9999,N/A,-9999,-9999,-9999,-9999,-9999,-9999,-9999,-9999,-9999,-9999
38,112.233602,112.233508901,-9999,1060679,-9999,651039.7,7.31,-1,-9999,-9999,-9999,-9999,-9999,-9999,-9999,unassigned,N/A,-9999,-9999,N/A,-9999,-9999,-9999,-9999,-9999,-9999,-9999,-9999,-9999,-9999
39,112.416073,112.415979847,-9999,1077893.8,-9999,939904.2,7.47,-1,-9999,-9999,-9999,-9999,-9999,-9999,-9999,unassigned,N/A,-9999,-9999,N/A,-9999,-9999,-9999,-9999,-9999,-9999,-9999,-9999,-9999,-9999
40,112.851842,112.851748718,-9999,1085457.8,-9999,742888,7.54,-1,-9999,-9999,-9999,-9999,-9999,-9999,-9999,unassigned,N/A,-9999,-9999,N/A,-9999,-9999,-9999,-9999,-9999,-9999,-9999,-9999,-9999,-9999
41,113.91595,113.915856404,-9999,1060797.4,-9999,774514.5,7.31,-1,-9999,-9999,-9999,-9999,-9999,-9999,-9999,unassigned,N/A,-9999,-9999,N/A,-9999,-9999,-9999,-9999,-9999,-9999,-9999,-9999,-9999,-9999
42,114.345808,114.345714277,-9999,1044811.4,-9999,971561,7.17,-1,-9999,-9999,-9999,-9999,-9999,-9999,-9999,unassigned,N/A,-9999,-9999,N/A,-9999,-9999,-9999,-9999,-9999,-9999,-9999,-9999,-9999,-9999
43,114.376832,114.376738268,-9999,1109174.8,-9999,694359.5,7.76,-1,-9999,-9999,-9999,-9999,-9999,-9999,-9999,unassigned,N/A,-9999,-9999,N/A,-9999,-9999,-9999,-9999,-9999,-9999,-9999,-9999,-9999,-9999
44,114.776698,114.77660415,-9999,1286035.5,-9999,741430.3,9.4,-1,-9999,-9999,-9999,-9999,-9999,-9999,-9999,unassigned,N/A,-9999,-9999,N/A,-9999,-9999,-9999,-9999,-9999,-9999,-9999,-9999,-9999,-9999
45,114.87348,114.873386121,-9999,1070538,-9999,810540.5,7.4,-1,-9999,-9999,-9999,-9999,-9999,-9999,-9999,unassigned,N/A,-9999,-9999,N/A,-9999,-9999,-9999,-9999,-9999,-9999,-9999,-9999,-9999,-9999
46,115.039904,115.039810072,-9999,1298783.6,-9999,1015095.1,9.52,-1,-9999,-9999,-9999,-9999,-9999,-9999,-9999,unassigned,N/A,-9999,-9999,N/A,-9999,-9999,-9999,-9999,-9999,-9999,-9999,-9999,-9999,-9999
47,115.246153,115.246059011,-9999,1166517.1,-9999,957721.2,8.29,-1,-9999,-9999,-9999,-9999,-9999,-9999,-9999,unassigned,N/A,-9999,-9999,N/A,-9999,-9999,-9999,-9999,-9999,-9999,-9999,-9999,-9999,-9999
48,116.256226,116.256131713,-9999,1259416.8,-9999,958513.4,9.16,-1,-9999,-9999,-9999,-9999,-9999,-9999,-9999,unassigned,N/A,-9999,-9999,N/A,-9999,-9999,-9999,-9999,-9999,-9999,-9999,-9999,-9999,-9999
49,116.349478,116.349383686,-9999,1046017,-9999,900206.3,7.18,-1,-9999,-9999,-9999,-9999,-9999,-9999,-9999,unassigned,N/A,-9999,-9999,N/A,-9999,-9999,-9999,-9999,-9999,-9999,-9999,-9999,-9999,-9999
50,117.21162,117.211525431,-9999,1072069.1,-9999,502645.4,7.42,-1,-9999,-9999,-9999,-9999,-9999,-9999,-9999,unassigned,N/A,-9999,-9999,N/A,-9999,-9999,-9999,-9999,-9999,-9999,-9999,-9999,-9999,-9999
51,117.694614,117.694519288,-9999,1079754.5,-9999,827138.9,7.49,-1,-9999,-9999,-9999,-9999,-9999,-9999,-9999,unassigned,N/A,-9999,-9999,N/A,-9999,-9999,-9999,-9999,-9999,-9999,-9999,-9999,-9999,-9999
52,117.757552,117.75745727,-9999,1234724,-9999,835290.8,8.93,-1,-9999,-9999,-9999,-9999,-9999,-9999,-9999,unassigned,N/A,-9999,-9999,N/A,-9999,-9999,-9999,-9999,-9999,-9999,-9999,-9999,-9999,-9999
53,117.916563,117.916468223,-9999,1100520.1,-9999,670164.1,7.68,-1,-9999,-9999,-9999,-9999,-9999,-9999,-9999,unassigned,N/A,-9999,-9999,N/A,-9999,-9999,-9999,-9999,-9999,-9999,-9999,-9999,-9999,-9999
54,117.98529,117.985195203,-9999,1080170,-9999,866885.7,7.49,-1,-9999,-9999,-9999,-9999,-9999,-9999,-9999,unassigned,N/A,-9999,-9999,N/A,-9999,-9999,-9999,-9999,-9999,-9999,-9999,-9999,-9999,-9999
55,118.104837,118.104742167,-9999,1052981.4,-9999,711630.8,7.24,-1,-9999,-9999,-9999,-9999,-9999,-9999,-9999,unassigned,N/A,-9999,-9999,N/A,-9999,-9999,-9999,-9999,-9999,-9999,-9999,-9999,-9999,-9999
56,118.188308,118.188213143,-9999,1028695.9,-9999,673732.6,7.02,-1,-9999,-9999,-9999,-9999,-9999,-9999,-9999,unassigned,N/A,-9999,-9999,N/A,-9999,-9999,-9999,-9999,-9999,-9999,-9999,-9999,-9999,-9999
57,119.463457,119.463361766,-9999,1075429.4,-9999,704090.1,7.45,-1,-9999,-9999,-9999,-9999,-9999,-9999,-9999,unassigned,N/A,-9999,-9999,N/A,-9999,-9999,-9999,-9999,-9999,-9999,-9999,-9999,-9999,-9999
58,119.628316,119.628220717,-9999,1068678.4,-9999,893558.5,7.39,-1,-9999,-9999,-9999,-9999,-9999,-9999,-9999,unassigned,N/A,-9999,-9999,N/A,-9999,-9999,-9999,-9999,-9999,-9999,-9999,-9999,-9999,-9999
59,119.637328,119.637232715,-9999,1117518.9,-9999,659549.5,7.84,-1,-9999,-9999,-9999,-9999,-9999,-9999,-9999,unassigned,N/A,-9999,-9999,N/A,-9999,-9999,-9999,-9999,-9999,-9999,-9999,-9999,-9999,-9999
60,120.279094,120.278998525,-9999,1076974.9,-9999,571904.7,7.46,-1,-9999,-9999,-9999,-9999,-9999,-9999,-9999,unassigned,N/A,-9999,-9999,N/A,-9999,-9999,-9999,-9999,-9999,-9999,-9999,-9999,-9999,-9999
61,121.048036,121.047940298,-9999,1075045.4,-9999,497925.2,7.44,-1,-9999,-9999,-9999,-9999,-9999,-9999,-9999,unassigned,N/A,-9999,-9999,N/A,-9999,-9999,-9999,-9999,-9999,-9999,-9999,-9999,-9999,-9999
62,121.86146,121.861364058,-9999,1032652.6,-9999,791031.1,7.05,-1,-9999,-9999,-9999,-9999,-9999,-9999,-9999,unassigned,N/A,-9999,-9999,N/A,-9999,-9999,-9999,-9999,-9999,-9999,-9999,-9999,-9999,-9999
63,121.916962,121.916866042,-9999,1051462.3,-9999,858186.1,7.23,-1,-9999,-9999,-9999,-9999,-9999,-9999,-9999,unassigned,N/A,-9999,-9999,N/A,-9999,-9999,-9999,-9999,-9999,-9999,-9999,-9999,-9999,-9999
64,122.696625,122.696528812,-9999,1080904.9,-9999,728822.6,7.5,-1,-9999,-9999,-9999,-9999,-9999,-9999,-9999,unassigned,N/A,-9999,-9999,N/A,-9999,-9999,-9999,-9999,-9999,-9999,-9999,-9999,-9999,-9999
65,123.954895,123.95479844,-9999,1037114.6,-9999,793973.3,7.08,-1,-9999,-9999,-9999,-9999,-9999,-9999,-9999,unassigned,N/A,-9999,-9999,N/A,-9999,-9999,-9999,-9999,-9999,-9999,-9999,-9999,-9999,-9999
66,123.978051,123.977954433,-9999,1070942.1,-9999,795774,7.4,-1,-9999,-9999,-9999,-9999,-9999,-9999,-9999,unassigned,N/A,-9999,-9999,N/A,-9999,-9999,-9999,-9999,-9999,-9999,-9999,-9999,-9999,-9999
67,123.999051,123.998954427,-9999,1037881.3,-9999,718982.8,7.09,-1,-9999,-9999,-9999,-9999,-9999,-9999,-9999,unassigned,N/A,-9999,-9999,N/A,-9999,-9999,-9999,-9999,-9999,-9999,-9999,-9999,-9999,-9999
68,124.017869,124.017772421,-9999,1060340.1,-9999,808452.5,7.3,-1,-9999,-9999,-9999,-9999,-9999,-9999,-9999,unassigned,N/A,-9999,-9999,N/A,-9999,-9999,-9999,-9999,-9999,-9999,-9999,-9999,-9999,-9999
69,124.03157,124.031473417,-9999,1084230.3,-9999,1020516.8,7.52,-1,-9999,-9999,-9999,-9999,-9999,-9999,-9999,unassigned,N/A,-9999,-9999,N/A,-9999,-9999,-9999,-9999,-9999,-9999,-9999,-9999,-9999,-9999
70,124.041765,124.041668414,-9999,1088615.8,-9999,837382.1,7.56,-1,-9999,-9999,-9999,-9999,-9999,-9999,-9999,unassigned,N/A,-9999,-9999,N/A,-9999,-9999,-9999,-9999,-9999,-9999,-9999,-9999,-9999,-9999
71,124.044271,124.044174414,-9999,1029032.2,-9999,805189.5,7.01,-1,-9999,-9999,-9999,-9999,-9999,-9999,-9999,unassigned,N/A,-9999,-9999,N/A,-9999,-9999,-9999,-9999,-9999,-9999,-9999,-9999,-9999,-9999
72,124.052557,124.052460411,-9999,1099609.4,-9999,620940.7,7.66,-1,-9999,-9999,-9999,-9999,-9999,-9999,-9999,unassigned,N/A,-9999,-9999,N/A,-9999,-9999,-9999,-9999,-9999,-9999,-9999,-9999,-9999,-9999
73,124.070713,124.070616406,-9999,1052124.3,-9999,834487.1,7.22,-1,-9999,-9999,-9999,-9999,-9999,-9999,-9999,unassigned,N/A,-9999,-9999,N/A,-9999,-9999,-9999,-9999,-9999,-9999,-9999,-9999,-9999,-9999
74,124.076659,124.076562404,-9999,1113357.1,-9999,552276.9,7.79,-1,-9999,-9999,-9999,-9999,-9999,-9999,-9999,unassigned,N/A,-9999,-9999,N/A,-9999,-9999,-9999,-9999,-9999,-9999,-9999,-9999,-9999,-9999
75,124.1216,124.121503391,-9999,1320500,-9999,794832,9.71,-1,-9999,-9999,-9999,-9999,-9999,-9999,-9999,unassigned,N/A,-9999,-9999,N/A,-9999,-9999,-9999,-9999,-9999,-9999,-9999,-9999,-9999,-9999
76,124.136329,124.136232386,-9999,1169014.3,-9999,699772.2,8.3,-1,-9999,-9999,-9999,-9999,-9999,-9999,-9999,unassigned,N/A,-9999,-9999,N/A,-9999,-9999,-9999,-9999,-9999,-9999,-9999,-9999,-9999,-9999
77,124.17459,124.174493375,-9999,1169660.3,-9999,665465.1,8.31,-1,-9999,-9999,-9999,-9999,-9999,-9999,-9999,unassigned,N/A,-9999,-9999,N/A,-9999,-9999,-9999,-9999,-9999,-9999,-9999,-9999,-9999,-9999
78,124.184869,124.184772372,-9999,1151725.9,-9999,722517.1,8.14,-1,-9999,-9999,-9999,-9999,-9999,-9999,-9999,unassigned,N/A,-9999,-9999,N/A,-9999,-9999,-9999,-9999,-9999,-9999,-9999,-9999,-9999,-9999
79,124.243561,124.243464355,-9999,1105127,-9999,747902.4,7.71,-1,-9999,-9999,-9999,-9999,-9999,-9999,-9999,unassigned,N/A,-9999,-9999,N/A,-9999,-9999,-9999,-9999,-9999,-9999,-9999,-9999,-9999,-9999
80,124.271018,124.270921347,-9999,1197643.4,-9999,897268.7,8.57,-1,-9999,-9999,-9999,-9999,-9999,-9999,-9999,unassigned,N/A,-9999,-9999,N/A,-9999,-9999,-9999,-9999,-9999,-9999,-9999,-9999,-9999,-9999
81,124.321187,124.321090332,-9999,1044331.3,-9999,581964.9,7.15,-1,-9999,-9999,-9999,-9999,-9999,-9999,-9999,unassigned,N/A,-9999,-9999,N/A,-9999,-9999,-9999,-9999,-9999,-9999,-9999,-9999,-9999,-9999
82,126.240264,126.240166765,-9999,1038525.3,-9999,505942.8,7.08,-1,-9999,-9999,-9999,-9999,-9999,-9999,-9999,unassigned,N/A,-9999,-9999,N/A,-9999,-9999,-9999,-9999,-9999,-9999,-9999,-9999,-9999,-9999
83,126.357752,126.357654731,-9999,1134446,-9999,739100.6,7.96,-1,-9999,-9999,-9999,-9999,-9999,-9999,-9999,unassigned,N/A,-9999,-9999,N/A,-9999,-9999,-9999,-9999,-9999,-9999,-9999,-9999,-9999,-9999
84,126.783096,126.782998605,-9999,1093690.5,-9999,757405,7.57,-1,-9999,-9999,-9999,-9999,-9999,-9999,-9999,unassigned,N/A,-9999,-9999,N/A,-9999,-9999,-9999,-9999,-9999,-9999,-9999,-9999,-9999,-9999
85,127.465799,127.465701403,-9999,1044440.6,-9999,769195.4,7.12,-1,-9999,-9999,-9999,-9999,-9999,-9999,-9999,unassigned,N/A,-9999,-9999,N/A,-9999,-9999,-9999,-9999,-9999,-9999,-9999,-9999,-9999,-9999
86,127.500009,127.499911393,-9999,1259216.8,-9999,570398.6,9.1,-1,-9999,-9999,-9999,-9999,-9999,-9999,-9999,unassigned,N/A,-9999,-9999,N/A,-9999,-9999,-9999,-9999,-9999,-9999,-9999,-9999,-9999,-9999
87,127.638913,127.638815352,-9999,1136354.5,-9999,580725.2,7.96,-1,-9999,-9999,-9999,-9999,-9999,-9999,-9999,unassigned,N/A,-9999,-9999,N/A,-9999,-9999,-9999,-9999,-9999,-9999,-9999,-9999,-9999,-9999
88,128.466304,128.466206108,-9999,1074276.6,-9999,761790.4,7.37,-1,-9999,-9999,-9999,-9999,-9999,-9999,-9999,unassigned,N/A,-9999,-9999,N/A,-9999,-9999,-9999,-9999,-9999,-9999,-9999,-9999,-9999,-9999
89,129.053628,129.053529935,-9999,1154867.6,-9999,682971,8.11,-1,-9999,-9999,-9999,-9999,-9999,-9999,-9999,unassigned,N/A,-9999,-9999,N/A,-9999,-9999,-9999,-9999,-9999,-9999,-9999,-9999,-9999,-9999
90,129.05462,129.054521934,-9999,1615251.9,-9999,868484.7,12.35,-1,-9999,-9999,-9999,-9999,-9999,-9999,-9999,unassigned,N/A,-9999,-9999,N/A,-9999,-9999,-9999,-9999,-9999,-9999,-9999,-9999,-9999,-9999
91,129.055512,129.055413934,-9999,14635220,-9999,800443.2,132.14,-1,-9999,-9999,-9999,-9999,-9999,-9999,-9999,unassigned,N/A,-9999,-9999,N/A,-9999,-9999,-9999,-9999,-9999,-9999,-9999,-9999,-9999,-9999
93,129.600182,129.600083773,-9999,1079182.8,-9999,653899.7,7.4,-1,-9999,-9999,-9999,-9999,-9999,-9999,-9999,unassigned,N/A,-9999,-9999,N/A,-9999,-9999,-9999,-9999,-9999,-9999,-9999,-9999,-9999,-9999
94,129.811088,129.810989711,-9999,1096620.4,-9999,616876.2,7.56,-1,-9999,-9999,-9999,-9999,-9999,-9999,-9999,unassigned,N/A,-9999,-9999,N/A,-9999,-9999,-9999,-9999,-9999,-9999,-9999,-9999,-9999,-9999
95,130.016488,130.01638965,-9999,1071865.5,-9999,818441.5,7.33,-1,-9999,-9999,-9999,-9999,-9999,-9999,-9999,unassigned,N/A,-9999,-9999,N/A,-9999,-9999,-9999,-9999,-9999,-9999,-9999,-9999,-9999,-9999
96,130.05887,130.058771638,-9999,1499766.1,-9999,977668.2,11.26,-1,-9999,-9999,-9999,-9999,-9999,-9999,-9999,unassigned,N/A,-9999,-9999,N/A,-9999,-9999,-9999,-9999,-9999,-9999,-9999,-9999,-9999,-9999
98,130.731262,130.731163439,-9999,1119325.1,-9999,544009.9,7.76,-1,-9999,-9999,-9999,-9999,-9999,-9999,-9999,unassigned,N/A,-9999,-9999,N/A,-9999,-9999,-9999,-9999,-9999,-9999,-9999,-9999,-9999,-9999
99,131.011701,131.011602356,-9999,1053214.3,-9999,848900.6,7.14,-1,-9999,-9999,-9999,-9999,-9999,-9999,-9999,unassigned,N/A,-9999,-9999,N/A,-9999,-9999,-9999,-9999,-9999,-9999,-9999,-9999,-9999,-9999
100,131.477634,131.477535219,-9999,1040262.3,-9999,811542,7.02,-1,-9999,-9999,-9999,-9999,-9999,-9999,-9999,unassigned,N/A,-9999,-9999,N/A,-9999,-9999,-9999,-9999,-9999,-9999,-9999,-9999,-9999,-9999
101,132.249894,132.249794991,-9999,1085996,-9999,769476.9,7.44,-1,-9999,-9999,-9999,-9999,-9999,-9999,-9999,unassigned,N/A,-9999,-9999,N/A,-9999,-9999,-9999,-9999,-9999,-9999,-9999,-9999,-9999,-9999
102,132.48531500000001,132.485215921,-9999,1042278.3,-9999,575708.6,7.04,-1,-9999,-9999,-9999,-9999,-9999,-9999,-9999,unassigned,N/A,-9999,-9999,N/A,-9999,-9999,-9999,-9999,-9999,-9999,-9999,-9999,-9999,-9999
103,132.615376,132.615276883,-9999,1054124.3,-9999,738986.6,7.13,-1,-9999,-9999,-9999,-9999,-9999,-9999,-9999,unassigned,N/A,-9999,-9999,N/A,-9999,-9999,-9999,-9999,-9999,-9999,-9999,-9999,-9999,-9999
104,133.288967,133.288867684,-9999,1206479.5,-9999,773414.4,8.52,-1,-9999,-9999,-9999,-9999,-9999,-9999,-9999,unassigned,N/A,-9999,-9999,N/A,-9999,-9999,-9999,-9999,-9999,-9999,-9999,-9999,-9999,-9999
105,133.600392,133.600292592,-9999,1059458.9,-9999,788007.7,7.17,-1,-9999,-9999,-9999,-9999,-9999,-9999,-9999,unassigned,N/A,-9999,-9999,N/A,-9999,-9999,-9999,-9999,-9999,-9999,-9999,-9999,-9999,-9999
106,134.41174,134.411640353,-9999,1047640.4,-9999,782519.9,7.05,-1,-9999,-9999,-9999,-9999,-9999,-9999,-9999,unassigned,N/A,-9999,-9999,N/A,-9999,-9999,-9999,-9999,-9999,-9999,-9999,-9999,-9999,-9999
107,135.409448,135.409348058,-9999,1065989.6,-9999,798424.9,7.21,-1,-9999,-9999,-9999,-9999,-9999,-9999,-9999,unassigned,N/A,-9999,-9999,N/A,-9999,-9999,-9999,-9999,-9999,-9999,-9999,-9999,-9999,-9999
108,136.34153,136.341429783,-9999,1066024.6,-9999,781277.5,7.19,-1,-9999,-9999,-9999,-9999,-9999,-9999,-9999,unassigned,N/A,-9999,-9999,N/A,-9999,-9999,-9999,-9999,-9999,-9999,-9999,-9999,-9999,-9999
109,137.219493,137.219392524,-9999,1083970.8,-9999,712995.2,7.35,-1,-9999,-9999,-9999,-9999,-9999,-9999,-9999,unassigned,N/A,-9999,-9999,N/A,-9999,-9999,-9999,-9999,-9999,-9999,-9999,-9999,-9999,-9999
110,137.783849,137.783748357,-9999,1090764.3,-9999,610750.6,7.39,-1,-9999,-9999,-9999,-9999,-9999,-9999,-9999,unassigned,N/A,-9999,-9999,N/A,-9999,-9999,-9999,-9999,-9999,-9999,-9999,-9999,-9999,-9999
111,138.631498,138.631397107,-9999,1097596.5,-9999,601571.7,7.45,-1,-9999,-9999,-9999,-9999,-9999,-9999,-9999,unassigned,N/A,-9999,-9999,N/A,-9999,-9999,-9999,-9999,-9999,-9999,-9999,-9999,-9999,-9999
112,139.576598,139.576496828,-9999,1195061.6,-9999,668030.5,8.31,-1,-9999,-9999,-9999,-9999,-9999,-9999,-9999,unassigned,N/A,-9999,-9999,N/A,-9999,-9999,-9999,-9999,-9999,-9999,-9999,-9999,-9999,-9999
113,139.618978,139.618876815,-9999,1090473.8,-9999,577489.6,7.36,-1,-9999,-9999,-9999,-9999,-9999,-9999,-9999,unassigned,N/A,-9999,-9999,N/A,-9999,-9999,-9999,-9999,-9999,-9999,-9999,-9999,-9999,-9999
114,139.625875,139.625773813,-9999,1052045,-9999,819102.6,7.02,-1,-9999,-9999,-9999,-9999,-9999,-9999,-9999,unassigned,N/A,-9999,-9999,N/A,-9999,-9999,-9999,-9999,-9999,-9999,-9999,-9999,-9999,-9999
115,139.631347,139.631245811,-9999,1055247.6,-9999,736408.3,7.04,-1,-9999,-9999,-9999,-9999,-9999,-9999,-9999,unassigned,N/A,-9999,-9999,N/A,-9999,-9999,-9999,-9999,-9999,-9999,-9999,-9999,-9999,-9999
116,139.633695,139.633593811,-9999,1135984.6,-9999,619099.9,7.78,-1,-9999,-9999,-9999,-9999,-9999,-9999,-9999,unassigned,N/A,-9999,-9999,N/A,-9999,-9999,-9999,-9999,-9999,-9999,-9999,-9999,-9999,-9999
117,139.657966,139.657864804,-9999,1053052.3,-9999,658338.9,7.02,-1,-9999,-9999,-9999,-9999,-9999,-9999,-9999,unassigned,N/A,-9999,-9999,N/A,-9999,-9999,-9999,-9999,-9999,-9999,-9999,-9999,-9999,-9999
118,139.694173,139.694071793,-9999,1053685.4,-9999,454417.7,7.03,-1,-9999,-9999,-9999,-9999,-9999,-9999,-9999,unassigned,N/A,-9999,-9999,N/A,-9999,-9999,-9999,-9999,-9999,-9999,-9999,-9999,-9999,-9999
119,141.693603,141.693501203,-9999,1148190.5,-9999,566864.2,7.86,-1,-9999,-9999,-9999,-9999,-9999,-9999,-9999,unassigned,N/A,-9999,-9999,N/A,-9999,-9999,-9999,-9999,-9999,-9999,-9999,-9999,-9999,-9999
120,141.77246,141.772358179,-9999,1106950.1,-9999,694303.6,7.48,-1,-9999,-9999,-9999,-9999,-9999,-9999,-9999,unassigned,N/A,-9999,-9999,N/A,-9999,-9999,-9999,-9999,-9999,-9999,-9999,-9999,-9999,-9999
121,141.798227,141.798125172,-9999,1128723,-9999,720868.9,7.68,-1,-9999,-9999,-9999,-9999,-9999,-9999,-9999,unassigned,N/A,-9999,-9999,N/A,-9999,-9999,-9999,-9999,-9999,-9999,-9999,-9999,-9999,-9999
122,142.776263,142.776160883,-9999,1086884.6,-9999,692486.3,7.3,-1,-9999,-9999,-9999,-9999,-9999,-9999,-9999,unassigned,N/A,-9999,-9999,N/A,-9999,-9999,-9999,-9999,-9999,-9999,-9999,-9999,-9999,-9999
123,142.916162,142.916059842,-9999,1201772.8,-9999,596038.4,8.31,-1,-9999,-9999,-9999,-9999,-9999,-9999,-9999,unassigned,N/A,-9999,-9999,N/A,-9999,-9999,-9999,-9999,-9999,-9999,-9999,-9999,-9999,-9999
124,143.050494,143.050391802,-9999,1076178.1,-9999,550561.8,7.18,-1,-9999,-9999,-9999,-9999,-9999,-9999,-9999,unassigned,N/A,-9999,-9999,N/A,-9999,-9999,-9999,-9999,-9999,-9999,-9999,-9999,-9999,-9999
125,143.400772,143.400669699,-9999,1089976.1,-9999,552437,7.3,-1,-9999,-9999,-9999,-9999,-9999,-9999,-9999,unassigned,N/A,-9999,-9999,N/A,-9999,-9999,-9999,-9999,-9999,-9999,-9999,-9999,-9999,-9999
126,143.440073,143.439970687,-9999,1117660.6,-9999,752450.5,7.55,-1,-9999,-9999,-9999,-9999,-9999,-9999,-9999,unassigned,N/A,-9999,-9999,N/A,-9999,-9999,-9999,-9999,-9999,-9999,-9999,-9999,-9999,-9999
127,143.711231,143.711128607,-9999,1303242.6,-9999,697126.4,9.22,-1,-9999,-9999,-9999,-9999,-9999,-9999,-9999,unassigned,N/A,-9999,-9999,N/A,-9999,-9999,-9999,-9999,-9999,-9999,-9999,-9999,-9999,-9999
129,144.754393,144.754290299,-9999,1062899.8,-9999,711824.6,7.04,-1,-9999,-9999,-9999,-9999,-9999,-9999,-9999,unassigned,N/A,-9999,-9999,N/A,-9999,-9999,-9999,-9999,-9999,-9999,-9999,-9999,-9999,-9999
130,144.869802,144.869699265,-9999,3045009.5,-9999,600637.8,24.84,-1,-9999,-9999,-9999,-9999,-9999,-9999,-9999,unassigned,N/A,-9999,-9999,N/A,-9999,-9999,-9999,-9999,-9999,-9999,-9999,-9999,-9999,-9999
131,144.903228,144.903125255,-9999,1121635.6,-9999,561927,7.56,-1,-9999,-9999,-9999,-9999,-9999,-9999,-9999,unassigned,N/A,-9999,-9999,N/A,-9999,-9999,-9999,-9999,-9999,-9999,-9999,-9999,-9999,-9999
132,146.237107,146.237003861,-9999,1107352.1,-9999,580527.7,7.43,-1,-9999,-9999,-9999,-9999,-9999,-9999,-9999,unassigned,N/A,-9999,-9999,N/A,-9999,-9999,-9999,-9999,-9999,-9999,-9999,-9999,-9999,-9999
133,146.296526,146.296422844,-9999,1217976.8,-9999,575049.7,8.42,-1,-9999,-9999,-9999,-9999,-9999,-9999,-9999,unassigned,N/A,-9999,-9999,N/A,-9999,-9999,-9999,-9999,-9999,-9999,-9999,-9999,-9999,-9999
134,146.621931,146.621827747,-9999,1083244,-9999,540113.5,7.19,-1,-9999,-9999,-9999,-9999,-9999,-9999,-9999,unassigned,N/A,-9999,-9999,N/A,-9999,-9999,-9999,-9999,-9999,-9999,-9999,-9999,-9999,-9999
135,146.793366,146.793262697,-9999,1095818.9,-9999,554698.8,7.3,-1,-9999,-9999,-9999,-9999,-9999,-9999,-9999,unassigned,N/A,-9999,-9999,N/A,-9999,-9999,-9999,-9999,-9999,-9999,-9999,-9999,-9999,-9999
136,146.800173,146.800069695,-9999,1072334.6,-9999,595995.7,7.09,-1,-9999,-9999,-9999,-9999,-9999,-9999,-9999,unassigned,N/A,-9999,-9999,N/A,-9999,-9999,-9999,-9999,-9999,-9999,-9999,-9999,-9999,-9999
137,146.866861,146.866757675,-9999,3396435.5,-9999,583693.4,27.92,-1,-9999,-9999,-9999,-9999,-9999,-9999,-9999,unassigned,N/A,-9999,-9999,N/A,-9999,-9999,-9999,-9999,-9999,-9999,-9999,-9999,-9999,-9999
138,146.880769,146.880665671,-9999,1086411.3,-9999,512646.6,7.22,-1,-9999,-9999,-9999,-9999,-9999,-9999,-9999,unassigned,N/A,-9999,-9999,N/A,-9999,-9999,-9999,-9999,-9999,-9999,-9999,-9999,-9999,-9999
139,148.098484,148.098380312,-9999,1242500,-9999,486176.7,8.61,-1,-9999,-9999,-9999,-9999,-9999,-9999,-9999,unassigned,N/A,-9999,-9999,N/A,-9999,-9999,-9999,-9999,-9999,-9999,-9999,-9999,-9999,-9999
140,148.175827,148.175723289,-9999,1065999.6,-9999,725579,7.03,-1,-9999,-9999,-9999,-9999,-9999,-9999,-9999,unassigned,N/A,-9999,-9999,N/A,-9999,-9999,-9999,-9999,-9999,-9999,-9999,-9999,-9999,-9999
141,148.336882,148.336778241,-9999,1254090.6,-9999,544902.7,8.71,-1,-9999,-9999,-9999,-9999,-9999,-9999,-9999,unassigned,N/A,-9999,-9999,N/A,-9999,-9999,-9999,-9999,-9999,-9999,-9999,-9999,-9999,-9999
142,148.863943,148.863839086,-9999,1402677.4,-9999,728353,10.01,-1,-9999,-9999,-9999,-9999,-9999,-9999,-9999,unassigned,N/A,-9999,-9999,N/A,-9999,-9999,-9999,-9999,-9999,-9999,-9999,-9999,-9999,-9999
143,150.424993,150.424888625,-9999,1103444.1,-9999,470939.7,7.33,-1,-9999,-9999,-9999,-9999,-9999,-9999,-9999,unassigned,N/A,-9999,-9999,N/A,-9999,-9999,-9999,-9999,-9999,-9999,-9999,-9999,-9999,-9999
144,150.886781,150.886676488,-9999,2008895.3,-9999,726449,15.38,-1,-9999,-9999,-9999,-9999,-9999,-9999,-9999,unassigned,N/A,-9999,-9999,N/A,-9999,-9999,-9999,-9999,-9999,-9999,-9999,-9999,-9999,-9999
145,150.971354,150.971249463,-9999,1093360.4,-9999,507362.3,7.22,-1,-9999,-9999,-9999,-9999,-9999,-9999,-9999,unassigned,N/A,-9999,-9999,N/A,-9999,-9999,-9999,-9999,-9999,-9999,-9999,-9999,-9999,-9999
146,152.883838,152.883732899,-9999,2337229,-9999,759277.4,18.24,-1,-9999,-9999,-9999,-9999,-9999,-9999,-9999,unassigned,N/A,-9999,-9999,N/A,-9999,-9999,-9999,-9999,-9999,-9999,-9999,-9999,-9999,-9999
147,153.044568,153.044462851,-9999,1249419.3,-9999,515871,8.57,-1,-9999,-9999,-9999,-9999,-9999,-9999,-9999,unassigned,N/A,-9999,-9999,N/A,-9999,-9999,-9999,-9999,-9999,-9999,-9999,-9999,-9999,-9999
148,153.628596,153.628490679,-9999,1160994.9,-9999,590330.6,7.78,-1,-9999,-9999,-9999,-9999,-9999,-9999,-9999,unassigned,N/A,-9999,-9999,N/A,-9999,-9999,-9999,-9999,-9999,-9999,-9999,-9999,-9999,-9999
149,154.698045,154.697939363,-9999,1098586,-9999,593851.6,7.22,-1,-9999,-9999,-9999,-9999,-9999,-9999,-9999,unassigned,N/A,-9999,-9999,N/A,-9999,-9999,-9999,-9999,-9999,-9999,-9999,-9999,-9999,-9999
150,154.928386,154.928280295,-9999,4534402,-9999,767300.3,37.64,-1,-9999,-9999,-9999,-9999,-9999,-9999,-9999,unassigned,N/A,-9999,-9999,N/A,-9999,-9999,-9999,-9999,-9999,-9999,-9999,-9999,-9999,-9999
151,156.925445,156.925338705,-9999,1807904.3,-9999,813173.7,13.47,-1,-9999,-9999,-9999,-9999,-9999,-9999,-9999,unassigned,N/A,-9999,-9999,N/A,-9999,-9999,-9999,-9999,-9999,-9999,-9999,-9999,-9999,-9999
152,158.780066,158.779959158,-9999,1152008.3,-9999,399017.4,7.63,-1,-9999,-9999,-9999,-9999,-9999,-9999,-9999,unassigned,N/A,-9999,-9999,N/A,-9999,-9999,-9999,-9999,-9999,-9999,-9999,-9999,-9999,-9999
154,159.121598,159.121491057,-9999,1091889.5,-9999,773579.7,7.1,-1,-9999,-9999,-9999,-9999,-9999,-9999,-9999,unassigned,N/A,-9999,-9999,N/A,-9999,-9999,-9999,-9999,-9999,-9999,-9999,-9999,-9999,-9999
155,159.131069,159.130962054,-9999,1118423,-9999,626609.7,7.33,-1,-9999,-9999,-9999,-9999,-9999,-9999,-9999,unassigned,N/A,-9999,-9999,N/A,-9999,-9999,-9999,-9999,-9999,-9999,-9999,-9999,-9999,-9999
156,159.84491,159.844802843,-9999,1320282.6,-9999,938274.8,9.08,-1,-9999,-9999,-9999,-9999,-9999,-9999,-9999,unassigned,N/A,-9999,-9999,N/A,-9999,-9999,-9999,-9999,-9999,-9999,-9999,-9999,-9999,-9999
157,159.845298,159.845190843,-9999,3095770.8,-9999,732902.5,24.71,-1,-9999,-9999,-9999,-9999,-9999,-9999,-9999,unassigned,N/A,-9999,-9999,N/A,-9999,-9999,-9999,-9999,-9999,-9999,-9999,-9999,-9999,-9999
158,160.82125,160.821142555,-9999,1158742,-9999,677442,7.66,-1,-9999,-9999,-9999,-9999,-9999,-9999,-9999,unassigned,N/A,-9999,-9999,N/A,-9999,-9999,-9999,-9999,-9999,-9999,-9999,-9999,-9999,-9999
159,160.841829,160.841721549,-9999,2477794,-9999,588085.7,19.27,-1,-9999,-9999,-9999,-9999,-9999,-9999,-9999,unassigned,N/A,-9999,-9999,N/A,-9999,-9999,-9999,-9999,-9999,-9999,-9999,-9999,-9999,-9999
160,160.842194,160.842086549,-9999,8194850,-9999,730217.9,69.6,-1,-9999,-9999,-9999,-9999,-9999,-9999,-9999,unassigned,N/A,-9999,-9999,N/A,-9999,-9999,-9999,-9999,-9999,-9999,-9999,-9999,-9999,-9999
161,161.15916000000001,161.159052455,-9999,1134859,-9999,409494.4,7.44,-1,-9999,-9999,-9999,-9999,-9999,-9999,-9999,unassigned,N/A,-9999,-9999,N/A,-9999,-9999,-9999,-9999,-9999,-9999,-9999,-9999,-9999,-9999
162,161.429934,161.429826375,-9999,1140024.5,-9999,586857.4,7.49,-1,-9999,-9999,-9999,-9999,-9999,-9999,-9999,unassigned,N/A,-9999,-9999,N/A,-9999,-9999,-9999,-9999,-9999,-9999,-9999,-9999,-9999,-9999
163,161.819931,161.81982326,-9999,1139418.8,-9999,611534.5,7.46,-1,-9999,-9999,-9999,-9999,-9999,-9999,-9999,unassigned,N/A,-9999,-9999,N/A,-9999,-9999,-9999,-9999,-9999,-9999,-9999,-9999,-9999,-9999
164,161.841994,161.841886254,-9999,1781735.5,-9999,674801.5,13.09,-1,-9999,-9999,-9999,-9999,-9999,-9999,-9999,unassigned,N/A,-9999,-9999,N/A,-9999,-9999,-9999,-9999,-9999,-9999,-9999,-9999,-9999,-9999
165,161.84233,161.842222254,-9999,3693927.8,-9999,704729.2,29.87,-1,-9999,-9999,-9999,-9999,-9999,-9999,-9999,unassigned,N/A,-9999,-9999,N/A,-9999,-9999,-9999,-9999,-9999,-9999,-9999,-9999,-9999,-9999
166,162.838828,162.838719959,-9999,3366054.3,-9999,782129.4,26.99,-1,-9999,-9999,-9999,-9999,-9999,-9999,-9999,unassigned,N/A,-9999,-9999,N/A,-9999,-9999,-9999,-9999,-9999,-9999,-9999,-9999,-9999,-9999
167,162.839228,162.839119959,-9999,10629543,-9999,679441,90.73,-1,-9999,-9999,-9999,-9999,-9999,-9999,-9999,unassigned,N/A,-9999,-9999,N/A,-9999,-9999,-9999,-9999,-9999,-9999,-9999,-9999,-9999,-9999
168,162.842187,162.842078958,-9999,2823336.3,-9999,631720.6,22.23,-1,-9999,-9999,-9999,-9999,-9999,-9999,-9999,unassigned,N/A,-9999,-9999,N/A,-9999,-9999,-9999,-9999,-9999,-9999,-9999,-9999,-9999,-9999
169,162.842583,162.842474958,-9999,10069417,-9999,670900.8,85.81,-1,-9999,-9999,-9999,-9999,-9999,-9999,-9999,unassigned,N/A,-9999,-9999,N/A,-9999,-9999,-9999,-9999,-9999,-9999,-9999,-9999,-9999,-9999
171,163.839356,163.839247664,-9999,1157729.9,-9999,838268.2,7.61,-1,-9999,-9999,-9999,-9999,-9999,-9999,-9999,unassigned,N/A,-9999,-9999,N/A,-9999,-9999,-9999,-9999,-9999,-9999,-9999,-9999,-9999,-9999
173,164.145735,164.145626574,-9999,1123247.6,-9999,533117.2,7.28,-1,-9999,-9999,-9999,-9999,-9999,-9999,-9999,unassigned,N/A,-9999,-9999,N/A,-9999,-9999,-9999,-9999,-9999,-9999,-9999,-9999,-9999,-9999
174,164.576376,164.576267446,-9999,1296002.8,-9999,758814,8.79,-1,-9999,-9999,-9999,-9999,-9999,-9999,-9999,unassigned,N/A,-9999,-9999,N/A,-9999,-9999,-9999,-9999,-9999,-9999,-9999,-9999,-9999,-9999
175,164.836292,164.83618337,-9999,4112149,-9999,712895.4,33.42,-1,-9999,-9999,-9999,-9999,-9999,-9999,-9999,unassigned,N/A,-9999,-9999,N/A,-9999,-9999,-9999,-9999,-9999,-9999,-9999,-9999,-9999,-9999
176,164.838028,164.837919369,-9999,4037654,-9999,713553.2,32.76,-1,-9999,-9999,-9999,-9999,-9999,-9999,-9999,unassigned,N/A,-9999,-9999,N/A,-9999,-9999,-9999,-9999,-9999,-9999,-9999,-9999,-9999,-9999
177,164.839285,164.839176369,-9999,2977302.5,-9999,684980.2,23.49,-1,-9999,-9999,-9999,-9999,-9999,-9999,-9999,unassigned,N/A,-9999,-9999,N/A,-9999,-9999,-9999,-9999,-9999,-9999,-9999,-9999,-9999,-9999
178,164.839636,164.839527369,-9999,9002519,-9999,686550.6,76.19,-1,-9999,-9999,-9999,-9999,-9999,-9999,-9999,unassigned,N/A,-9999,-9999,N/A,-9999,-9999,-9999,-9999,-9999,-9999,-9999,-9999,-9999,-9999
179,164.912473,164.912364347,-9999,1152767.6,-9999,681073.4,7.53,-1,-9999,-9999,-9999,-9999,-9999,-9999,-9999,unassigned,N/A,-9999,-9999,N/A,-9999,-9999,-9999,-9999,-9999,-9999,-9999,-9999,-9999,-9999
180,165.019146,165.019037316,-9999,2208507.5,-9999,702047.2,16.77,-1,-9999,-9999,-9999,-9999,-9999,-9999,-9999,unassigned,N/A,-9999,-9999,N/A,-9999,-9999,-9999,-9999,-9999,-9999,-9999,-9999,-9999,-9999
182,166.835073,166.834963779,-9999,4681831.5,-9999,649577.3,38.26,-1,-9999,-9999,-9999,-9999,-9999,-9999,-9999,unassigned,N/A,-9999,-9999,N/A,-9999,-9999,-9999,-9999,-9999,-9999,-9999,-9999,-9999,-9999
183,166.836672,166.836562779,-9999,3901288.3,-9999,662768.6,31.46,-1,-9999,-9999,-9999,-9999,-9999,-9999,-9999,unassigned,N/A,-9999,-9999,N/A,-9999,-9999,-9999,-9999,-9999,-9999,-9999,-9999,-9999,-9999
184,168.83214,168.83203019,-9999,1660949.5,-9999,724117.1,11.92,-1,-9999,-9999,-9999,-9999,-9999,-9999,-9999,unassigned,N/A,-9999,-9999,N/A,-9999,-9999,-9999,-9999,-9999,-9999,-9999,-9999,-9999,-9999
185,168.83641,168.836300189,-9999,1812247.8,-9999,738686.7,13.24,-1,-9999,-9999,-9999,-9999,-9999,-9999,-9999,unassigned,N/A,-9999,-9999,N/A,-9999,-9999,-9999,-9999,-9999,-9999,-9999,-9999,-9999,-9999
186,169.378062,169.377952029,-9999,1124402.9,-9999,517648.1,7.21,-1,-9999,-9999,-9999,-9999,-9999,-9999,-9999,unassigned,N/A,-9999,-9999,N/A,-9999,-9999,-9999,-9999,-9999,-9999,-9999,-9999,-9999,-9999
187,169.818864,169.818753898,-9999,1121719,-9999,524271.1,7.19,-1,-9999,-9999,-9999,-9999,-9999,-9999,-9999,unassigned,N/A,-9999,-9999,N/A,-9999,-9999,-9999,-9999,-9999,-9999,-9999,-9999,-9999,-9999
188,169.951511,169.951400859,-9999,1185627.3,-9999,691190.5,7.74,-1,-9999,-9999,-9999,-9999,-9999,-9999,-9999,unassigned,N/A,-9999,-9999,N/A,-9999,-9999,-9999,-9999,-9999,-9999,-9999,-9999,-9999,-9999
189,170.833178,170.833067599,-9999,1471131.3,-9999,822498.5,10.22,-1,-9999,-9999,-9999,-9999,-9999,-9999,-9999,unassigned,N/A,-9999,-9999,N/A,-9999,-9999,-9999,-9999,-9999,-9999,-9999,-9999,-9999,-9999
190,170.833479,170.833368599,-9999,1386907.4,-9999,992189.2,9.49,-1,-9999,-9999,-9999,-9999,-9999,-9999,-9999,unassigned,N/A,-9999,-9999,N/A,-9999,-9999,-9999,-9999,-9999,-9999,-9999,-9999,-9999,-9999
195,172.830285,172.830174009,-9999,1597038,-9999,683231.6,11.26,-1,-9999,-9999,-9999,-9999,-9999,-9999,-9999,unassigned,N/A,-9999,-9999,N/A,-9999,-9999,-9999,-9999,-9999,-9999,-9999,-9999,-9999,-9999
196,172.998884,172.99877296,-9999,1180094.1,-9999,695399,7.65,-1,-9999,-9999,-9999,-9999,-9999,-9999,-9999,unassigned,N/A,-9999,-9999,N/A,-9999,-9999,-9999,-9999,-9999,-9999,-9999,-9999,-9999,-9999
197,173.00414,173.004028958,-9999,1136832.6,-9999,582411,7.28,-1,-9999,-9999,-9999,-9999,-9999,-9999,-9999,unassigned,N/A,-9999,-9999,N/A,-9999,-9999,-9999,-9999,-9999,-9999,-9999,-9999,-9999,-9999
198,173.081699,173.081587935,-9999,1200549.4,-9999,799218.7,7.83,-1,-9999,-9999,-9999,-9999,-9999,-9999,-9999,unassigned,N/A,-9999,-9999,N/A,-9999,-9999,-9999,-9999,-9999,-9999,-9999,-9999,-9999,-9999
201,174.682873,174.682761462,-9999,1150728.1,-9999,605975.9,7.37,-1,-9999,-9999,-9999,-9999,-9999,-9999,-9999,unassigned,N/A,-9999,-9999,N/A,-9999,-9999,-9999,-9999,-9999,-9999,-9999,-9999,-9999,-9999
205,176.34913,176.34901797,-9999,1160990.5,-9999,482993.4,7.45,-1,-9999,-9999,-9999,-9999,-9999,-9999,-9999,unassigned,N/A,-9999,-9999,N/A,-9999,-9999,-9999,-9999,-9999,-9999,-9999,-9999,-9999,-9999
206,176.936077,176.935964797,-9999,1339667.4,-9999,797962.6,8.99,-1,-9999,-9999,-9999,-9999,-9999,-9999,-9999,unassigned,N/A,-9999,-9999,N/A,-9999,-9999,-9999,-9999,-9999,-9999,-9999,-9999,-9999,-9999
208,177.427854,177.427741652,-9999,1120604,-9999,468162.9,7.08,-1,-9999,-9999,-9999,-9999,-9999,-9999,-9999,unassigned,N/A,-9999,-9999,N/A,-9999,-9999,-9999,-9999,-9999,-9999,-9999,-9999,-9999,-9999
209,177.858613,177.858500525,-9999,1158536.1,-9999,481319.2,7.41,-1,-9999,-9999,-9999,-9999,-9999,-9999,-9999,unassigned,N/A,-9999,-9999,N/A,-9999,-9999,-9999,-9999,-9999,-9999,-9999,-9999,-9999,-9999
210,178.096198,178.096085455,-9999,1174949.6,-9999,599083.5,7.55,-1,-9999,-9999,-9999,-9999,-9999,-9999,-9999,unassigned,N/A,-9999,-9999,N/A,-9999,-9999,-9999,-9999,-9999,-9999,-9999,-9999,-9999,-9999
213,179.964664,179.964550903,-9999,1162080.4,-9999,451326.6,7.43,-1,-9999,-9999,-9999,-9999,-9999,-9999,-9999,unassigned,N/A,-9999,-9999,N/A,-9999,-9999,-9999,-9999,-9999,-9999,-9999,-9999,-9999,-9999
217,184.235288,184.235173642,-9999,1135479.9,-9999,423959.8,7.16,-1,-9999,-9999,-9999,-9999,-9999,-9999,-9999,unassigned,N/A,-9999,-9999,N/A,-9999,-9999,-9999,-9999,-9999,-9999,-9999,-9999,-9999,-9999
218,185.081711,185.081596392,-9999,1388131.6,-9999,689116.7,9.32,-1,-9999,-9999,-9999,-9999,-9999,-9999,-9999,unassigned,N/A,-9999,-9999,N/A,-9999,-9999,-9999,-9999,-9999,-9999,-9999,-9999,-9999,-9999
221,185.975896,185.975781128,-9999,1161680.8,-9999,512339,7.38,-1,-9999,-9999,-9999,-9999,-9999,-9999,-9999,unassigned,N/A,-9999,-9999,N/A,-9999,-9999,-9999,-9999,-9999,-9999,-9999,-9999,-9999,-9999
223,186.113344,186.113229087,-9999,1445748.1,-9999,738002.8,9.81,-1,-9999,-9999,-9999,-9999,-9999,-9999,-9999,unassigned,N/A,-9999,-9999,N/A,-9999,-9999,-9999,-9999,-9999,-9999,-9999,-9999,-9999,-9999
225,186.166582,186.166467072,-9999,1121665.8,-9999,566203.2,7.02,-1,-9999,-9999,-9999,-9999,-9999,-9999,-9999,unassigned,N/A,-9999,-9999,N/A,-9999,-9999,-9999,-9999,-9999,-9999,-9999,-9999,-9999,-9999
226,187.014113,187.013997822,-9999,2191957.3,-9999,856186.8,16.16,-1,-9999,-9999,-9999,-9999,-9999,-9999,-9999,unassigned,N/A,-9999,-9999,N/A,-9999,-9999,-9999,-9999,-9999,-9999,-9999,-9999,-9999,-9999
227,187.014499,187.014383821,-9999,10134101,-9999,605844.3,84.04,-1,-9999,-9999,-9999,-9999,-9999,-9999,-9999,unassigned,N/A,-9999,-9999,N/A,-9999,-9999,-9999,-9999,-9999,-9999,-9999,-9999,-9999,-9999
229,187.097363,187.097247797,-9999,4776553.5,-9999,951069,38.25,-1,-9999,-9999,-9999,-9999,-9999,-9999,-9999,unassigned,N/A,-9999,-9999,N/A,-9999,-9999,-9999,-9999,-9999,-9999,-9999,-9999,-9999,-9999
234,187.406909,187.406793706,-9999,1353139.6,-9999,502538.7,8.99,-1,-9999,-9999,-9999,-9999,-9999,-9999,-9999,unassigned,N/A,-9999,-9999,N/A,-9999,-9999,-9999,-9999,-9999,-9999,-9999,-9999,-9999,-9999
237,188.866156,188.866040275,-9999,1150335.9,-9999,554516.5,7.26,-1,-9999,-9999,-9999,-9999,-9999,-9999,-9999,unassigned,N/A,-9999,-9999,N/A,-9999,-9999,-9999,-9999,-9999,-9999,-9999,-9999,-9999,-9999
238,189.011573,189.011457232,-9999,3487263.5,-9999,629513.9,27.23,-1,-9999,-9999,-9999,-9999,-9999,-9999,-9999,unassigned,N/A,-9999,-9999,N/A,-9999,-9999,-9999,-9999,-9999,-9999,-9999,-9999,-9999,-9999
241,189.18256,189.182444181,-9999,1185412.3,-9999,487327.4,7.56,-1,-9999,-9999,-9999,-9999,-9999,-9999,-9999,unassigned,N/A,-9999,-9999,N/A,-9999,-9999,-9999,-9999,-9999,-9999,-9999,-9999,-9999,-9999
242,190.267199,190.267082861,-9999,1142436.3,-9999,662561.9,7.17,-1,-9999,-9999,-9999,-9999,-9999,-9999,-9999,unassigned,N/A,-9999,-9999,N/A,-9999,-9999,-9999,-9999,-9999,-9999,-9999,-9999,-9999,-9999
244,192.881266,192.881149089,-9999,1135748.8,-9999,611278.9,7.09,-1,-9999,-9999,-9999,-9999,-9999,-9999,-9999,unassigned,N/A,-9999,-9999,N/A,-9999,-9999,-9999,-9999,-9999,-9999,-9999,-9999,-9999,-9999
245,192.979386,192.97926906,-9999,1145557.3,-9999,563233.9,7.18,-1,-9999,-9999,-9999,-9999,-9999,-9999,-9999,unassigned,N/A,-9999,-9999,N/A,-9999,-9999,-9999,-9999,-9999,-9999,-9999,-9999,-9999,-9999
248,193.554399,193.55428189,-9999,1192371.6,-9999,477677.3,7.57,-1,-9999,-9999,-9999,-9999,-9999,-9999,-9999,unassigned,N/A,-9999,-9999,N/A,-9999,-9999,-9999,-9999,-9999,-9999,-9999,-9999,-9999,-9999
249,193.815748,193.815630813,-9999,1421725.4,-9999,482103.8,9.52,-1,-9999,-9999,-9999,-9999,-9999,-9999,-9999,unassigned,N/A,-9999,-9999,N/A,-9999,-9999,-9999,-9999,-9999,-9999,-9999,-9999,-9999,-9999
250,194.946697,194.946579479,-9999,1955913.6,-9999,572590.8,14.06,-1,-9999,-9999,-9999,-9999,-9999,-9999,-9999,unassigned,N/A,-9999,-9999,N/A,-9999,-9999,-9999,-9999,-9999,-9999,-9999,-9999,-9999,-9999
254,195.81062,195.810502224,-9999,1903556.5,-9999,702100.1,13.62,-1,-9999,-9999,-9999,-9999,-9999,-9999,-9999,unassigned,N/A,-9999,-9999,N/A,-9999,-9999,-9999,-9999,-9999,-9999,-9999,-9999,-9999,-9999
255,195.811067,195.810949224,-9999,17820868,-9999,561105.6,148.99,-1,-9999,-9999,-9999,-9999,-9999,-9999,-9999,unassigned,N/A,-9999,-9999,N/A,-9999,-9999,-9999,-9999,-9999,-9999,-9999,-9999,-9999,-9999
256,195.812783,195.812665224,-9999,1298244.8,-9999,583187.1,8.47,-1,-9999,-9999,-9999,-9999,-9999,-9999,-9999,unassigned,N/A,-9999,-9999,N/A,-9999,-9999,-9999,-9999,-9999,-9999,-9999,-9999,-9999,-9999
258,196.48911,196.488992024,-9999,1160735.8,-9999,508880,7.28,-1,-9999,-9999,-9999,-9999,-9999,-9999,-9999,unassigned,N/A,-9999,-9999,N/A,-9999,-9999,-9999,-9999,-9999,-9999,-9999,-9999,-9999,-9999
262,197.807695,197.807576635,-9999,3367365.3,-9999,1103430.5,26,-1,-9999,-9999,-9999,-9999,-9999,-9999,-9999,unassigned,N/A,-9999,-9999,N/A,-9999,-9999,-9999,-9999,-9999,-9999,-9999,-9999,-9999,-9999
263,197.808113,197.807994635,-9999,23186886,-9999,556320.8,194.12,-1,-9999,-9999,-9999,-9999,-9999,-9999,-9999,unassigned,N/A,-9999,-9999,N/A,-9999,-9999,-9999,-9999,-9999,-9999,-9999,-9999,-9999,-9999
264,198.057389,198.057270561,-9999,1142242.8,-9999,435685.9,7.12,-1,-9999,-9999,-9999,-9999,-9999,-9999,-9999,unassigned,N/A,-9999,-9999,N/A,-9999,-9999,-9999,-9999,-9999,-9999,-9999,-9999,-9999,-9999
265,198.760401,198.760282353,-9999,1225267.3,-9999,452578.8,7.83,-1,-9999,-9999,-9999,-9999,-9999,-9999,-9999,unassigned,N/A,-9999,-9999,N/A,-9999,-9999,-9999,-9999,-9999,-9999,-9999,-9999,-9999,-9999
266,198.918063,198.917944307,-9999,2208836.8,-9999,624947.8,16.17,-1,-9999,-9999,-9999,-9999,-9999,-9999,-9999,unassigned,N/A,-9999,-9999,N/A,-9999,-9999,-9999,-9999,-9999,-9999,-9999,-9999,-9999,-9999
269,199.097274,199.097155254,-9999,2093656.3,-9999,661974.9,15.19,-1,-9999,-9999,-9999,-9999,-9999,-9999,-9999,unassigned,N/A,-9999,-9999,N/A,-9999,-9999,-9999,-9999,-9999,-9999,-9999,-9999,-9999,-9999
272,199.23815,199.238031212,-9999,1220455.5,-9999,456814.4,7.78,-1,-9999,-9999,-9999,-9999,-9999,-9999,-9999,unassigned,N/A,-9999,-9999,N/A,-9999,-9999,-9999,-9999,-9999,-9999,-9999,-9999,-9999,-9999
273,199.456808,199.456689148,-9999,1149054.9,-9999,548397.1,7.18,-1,-9999,-9999,-9999,-9999,-9999,-9999,-9999,unassigned,N/A,-9999,-9999,N/A,-9999,-9999,-9999,-9999,-9999,-9999,-9999,-9999,-9999,-9999
274,199.560293,199.560174117,-9999,1136265.9,-9999,605455,7.07,-1,-9999,-9999,-9999,-9999,-9999,-9999,-9999,unassigned,N/A,-9999,-9999,N/A,-9999,-9999,-9999,-9999,-9999,-9999,-9999,-9999,-9999,-9999
275,199.805163,199.805044045,-9999,12228259,-9999,560527.8,100.89,-1,-9999,-9999,-9999,-9999,-9999,-9999,-9999,unassigned,N/A,-9999,-9999,N/A,-9999,-9999,-9999,-9999,-9999,-9999,-9999,-9999,-9999,-9999
279,200.938153,200.93803371,-9999,1379347.6,-9999,581400.7,9.11,-1,-9999,-9999,-9999,-9999,-9999,-9999,-9999,unassigned,N/A,-9999,-9999,N/A,-9999,-9999,-9999,-9999,-9999,-9999,-9999,-9999,-9999,-9999
282,201.124212,201.124092655,-9999,1222693.1,-9999,984169.3,7.78,-1,-9999,-9999,-9999,-9999,-9999,-9999,-9999,unassigned,N/A,-9999,-9999,N/A,-9999,-9999,-9999,-9999,-9999,-9999,-9999,-9999,-9999,-9999
285,201.802227,201.802107455,-9999,2433379,-9999,481437.4,18.02,-1,-9999,-9999,-9999,-9999,-9999,-9999,-9999,unassigned,N/A,-9999,-9999,N/A,-9999,-9999,-9999,-9999,-9999,-9999,-9999,-9999,-9999,-9999
286,201.985707,201.985587401,-9999,1150067.3,-9999,532360.8,7.17,-1,-9999,-9999,-9999,-9999,-9999,-9999,-9999,unassigned,N/A,-9999,-9999,N/A,-9999,-9999,-9999,-9999,-9999,-9999,-9999,-9999,-9999,-9999
290,202.82847,202.828350152,-9999,2235579,-9999,586601.2,16.35,-1,-9999,-9999,-9999,-9999,-9999,-9999,-9999,unassigned,N/A,-9999,-9999,N/A,-9999,-9999,-9999,-9999,-9999,-9999,-9999,-9999,-9999,-9999
291,202.968024,202.967904111,-9999,1132870.6,-9999,403038.7,7.02,-1,-9999,-9999,-9999,-9999,-9999,-9999,-9999,unassigned,N/A,-9999,-9999,N/A,-9999,-9999,-9999,-9999,-9999,-9999,-9999,-9999,-9999,-9999
294,204.791707,204.791586573,-9999,1985106.3,-9999,617822.4,14.19,-1,-9999,-9999,-9999,-9999,-9999,-9999,-9999,unassigned,N/A,-9999,-9999,N/A,-9999,-9999,-9999,-9999,-9999,-9999,-9999,-9999,-9999,-9999
295,204.825541,204.825420563,-9999,2867796.8,-9999,534918.3,21.64,-1,-9999,-9999,-9999,-9999,-9999,-9999,-9999,unassigned,N/A,-9999,-9999,N/A,-9999,-9999,-9999,-9999,-9999,-9999,-9999,-9999,-9999,-9999
297,205.728397,205.728276296,-9999,1143603.4,-9999,324707.7,7.09,-1,-9999,-9999,-9999,-9999,-9999,-9999,-9999,unassigned,N/A,-9999,-9999,N/A,-9999,-9999,-9999,-9999,-9999,-9999,-9999,-9999,-9999,-9999
299,206.789652,206.789530983,-9999,1418712.3,-9999,688226.4,9.41,-1,-9999,-9999,-9999,-9999,-9999,-9999,-9999,unassigned,N/A,-9999,-9999,N/A,-9999,-9999,-9999,-9999,-9999,-9999,-9999,-9999,-9999,-9999
300,206.792098,206.791976982,-9999,1714904.4,-9999,584283.7,11.91,-1,-9999,-9999,-9999,-9999,-9999,-9999,-9999,unassigned,N/A,-9999,-9999,N/A,-9999,-9999,-9999,-9999,-9999,-9999,-9999,-9999,-9999,-9999
301,206.822575,206.822453973,-9999,1432794.3,-9999,527085.9,9.53,-1,-9999,-9999,-9999,-9999,-9999,-9999,-9999,unassigned,N/A,-9999,-9999,N/A,-9999,-9999,-9999,-9999,-9999,-9999,-9999,-9999,-9999,-9999
302,206.87009,206.869968959,-9999,3654365.3,-9999,537732.4,28.27,-1,-9999,-9999,-9999,-9999,-9999,-9999,-9999,unassigned,N/A,-9999,-9999,N/A,-9999,-9999,-9999,-9999,-9999,-9999,-9999,-9999,-9999,-9999
306,208.789174,208.789052392,-9999,1698894.4,-9999,567781.1,11.74,-1,-9999,-9999,-9999,-9999,-9999,-9999,-9999,unassigned,N/A,-9999,-9999,N/A,-9999,-9999,-9999,-9999,-9999,-9999,-9999,-9999,-9999,-9999
307,208.790058,208.789936392,-9999,1860942.4,-9999,632486.6,13.1,-1,-9999,-9999,-9999,-9999,-9999,-9999,-9999,unassigned,N/A,-9999,-9999,N/A,-9999,-9999,-9999,-9999,-9999,-9999,-9999,-9999,-9999,-9999
308,208.845434,208.845312376,-9999,5562705.5,-9999,545609.3,44.24,-1,-9999,-9999,-9999,-9999,-9999,-9999,-9999,unassigned,N/A,-9999,-9999,N/A,-9999,-9999,-9999,-9999,-9999,-9999,-9999,-9999,-9999,-9999
309,208.86714,208.867018369,-9999,2146130.8,-9999,531320.3,15.5,-1,-9999,-9999,-9999,-9999,-9999,-9999,-9999,unassigned,N/A,-9999,-9999,N/A,-9999,-9999,-9999,-9999,-9999,-9999,-9999,-9999,-9999,-9999
314,210.787124,210.787001802,-9999,1422520.5,-9999,605491.3,9.41,-1,-9999,-9999,-9999,-9999,-9999,-9999,-9999,unassigned,N/A,-9999,-9999,N/A,-9999,-9999,-9999,-9999,-9999,-9999,-9999,-9999,-9999,-9999
315,210.842472,210.842349786,-9999,7656891.5,-9999,500165.4,61.86,-1,-9999,-9999,-9999,-9999,-9999,-9999,-9999,unassigned,N/A,-9999,-9999,N/A,-9999,-9999,-9999,-9999,-9999,-9999,-9999,-9999,-9999,-9999
316,211.008211,211.008088737,-9999,1267651.8,-9999,350572.4,8.11,-1,-9999,-9999,-9999,-9999,-9999,-9999,-9999,unassigned,N/A,-9999,-9999,N/A,-9999,-9999,-9999,-9999,-9999,-9999,-9999,-9999,-9999,-9999
321,211.927074,211.926951466,-9999,1159537.5,-9999,449936.9,7.18,-1,-9999,-9999,-9999,-9999,-9999,-9999,-9999,unassigned,N/A,-9999,-9999,N/A,-9999,-9999,-9999,-9999,-9999,-9999,-9999,-9999,-9999,-9999
323,212.839528,212.839405196,-9999,4058141.8,-9999,511980.9,31.49,-1,-9999,-9999,-9999,-9999,-9999,-9999,-9999,unassigned,N/A,-9999,-9999,N/A,-9999,-9999,-9999,-9999,-9999,-9999,-9999,-9999,-9999,-9999
324,212.887033,212.886910182,-9999,8125984,-9999,496584.9,65.61,-1,-9999,-9999,-9999,-9999,-9999,-9999,-9999,unassigned,N/A,-9999,-9999,N/A,-9999,-9999,-9999,-9999,-9999,-9999,-9999,-9999,-9999,-9999
333,214.884061,214.883937593,-9999,5709439,-9999,483456.5,45.34,-1,-9999,-9999,-9999,-9999,-9999,-9999,-9999,unassigned,N/A,-9999,-9999,N/A,-9999,-9999,-9999,-9999,-9999,-9999,-9999,-9999,-9999,-9999
334,214.935077,214.934953578,-9999,1190657.5,-9999,577551.9,7.44,-1,-9999,-9999,-9999,-9999,-9999,-9999,-9999,unassigned,N/A,-9999,-9999,N/A,-9999,-9999,-9999,-9999,-9999,-9999,-9999,-9999,-9999,-9999
346,216.92863,216.928505989,-9999,3063009.3,-9999,497054.2,23.07,-1,-9999,-9999,-9999,-9999,-9999,-9999,-9999,unassigned,N/A,-9999,-9999,N/A,-9999,-9999,-9999,-9999,-9999,-9999,-9999,-9999,-9999,-9999
347,216.933046,216.932921988,-9999,1609697.5,-9999,476417.1,10.92,-1,-9999,-9999,-9999,-9999,-9999,-9999,-9999,unassigned,N/A,-9999,-9999,N/A,-9999,-9999,-9999,-9999,-9999,-9999,-9999,-9999,-9999,-9999
352,217.336293,217.336168869,-9999,1167733.4,-9999,421737.2,7.22,-1,-9999,-9999,-9999,-9999,-9999,-9999,-9999,unassigned,N/A,-9999,-9999,N/A,-9999,-9999,-9999,-9999,-9999,-9999,-9999,-9999,-9999,-9999
353,217.764557,217.764432742,-9999,1157066.8,-9999,381444.7,7.13,-1,-9999,-9999,-9999,-9999,-9999,-9999,-9999,unassigned,N/A,-9999,-9999,N/A,-9999,-9999,-9999,-9999,-9999,-9999,-9999,-9999,-9999,-9999
356,219.040732,219.040607366,-9999,1205708.4,-9999,488988.7,7.54,-1,-9999,-9999,-9999,-9999,-9999,-9999,-9999,unassigned,N/A,-9999,-9999,N/A,-9999,-9999,-9999,-9999,-9999,-9999,-9999,-9999,-9999,-9999
359,220.147005,220.146880039,-9999,1686920.5,-9999,549808.1,11.53,-1,-9999,-9999,-9999,-9999,-9999,-9999,-9999,unassigned,N/A,-9999,-9999,N/A,-9999,-9999,-9999,-9999,-9999,-9999,-9999,-9999,-9999,-9999
367,222.950399,222.950273211,-9999,4321842.5,-9999,481136.3,33.48,-1,-9999,-9999,-9999,-9999,-9999,-9999,-9999,unassigned,N/A,-9999,-9999,N/A,-9999,-9999,-9999,-9999,-9999,-9999,-9999,-9999,-9999,-9999
370,223.07446,223.074334175,-9999,1756474.8,-9999,526316.7,12.1,-1,-9999,-9999,-9999,-9999,-9999,-9999,-9999,unassigned,N/A,-9999,-9999,N/A,-9999,-9999,-9999,-9999,-9999,-9999,-9999,-9999,-9999,-9999
374,223.869937,223.86981094,-9999,1313521.3,-9999,485450.4,8.41,-1,-9999,-9999,-9999,-9999,-9999,-9999,-9999,unassigned,N/A,-9999,-9999,N/A,-9999,-9999,-9999,-9999,-9999,-9999,-9999,-9999,-9999,-9999
375,224.087483,224.087356875,-9999,2805376.8,-9999,486634.8,20.78,-1,-9999,-9999,-9999,-9999,-9999,-9999,-9999,unassigned,N/A,-9999,-9999,N/A,-9999,-9999,-9999,-9999,-9999,-9999,-9999,-9999,-9999,-9999
376,224.947498,224.947371622,-9999,1546816,-9999,395199.5,10.32,-1,-9999,-9999,-9999,-9999,-9999,-9999,-9999,unassigned,N/A,-9999,-9999,N/A,-9999,-9999,-9999,-9999,-9999,-9999,-9999,-9999,-9999,-9999
382,227.032741,227.032614006,-9999,2412395.3,-9999,395668.1,17.51,-1,-9999,-9999,-9999,-9999,-9999,-9999,-9999,unassigned,N/A,-9999,-9999,N/A,-9999,-9999,-9999,-9999,-9999,-9999,-9999,-9999,-9999,-9999
393,228.852037,228.851909469,-9999,2981399.5,-9999,480998.4,22.11,-1,-9999,-9999,-9999,-9999,-9999,-9999,-9999,unassigned,N/A,-9999,-9999,N/A,-9999,-9999,-9999,-9999,-9999,-9999,-9999,-9999,-9999,-9999
402,230.849027,230.848898879,-9999,1517553.5,-9999,481497.1,10.02,-1,-9999,-9999,-9999,-9999,-9999,-9999,-9999,unassigned,N/A,-9999,-9999,N/A,-9999,-9999,-9999,-9999,-9999,-9999,-9999,-9999,-9999,-9999
403,230.930036,230.929907855,-9999,1296123,-9999,382702.6,8.19,-1,-9999,-9999,-9999,-9999,-9999,-9999,-9999,unassigned,N/A,-9999,-9999,N/A,-9999,-9999,-9999,-9999,-9999,-9999,-9999,-9999,-9999,-9999
409,232.138502,232.138373498,-9999,1166608,-9999,390287.9,7.12,-1,-9999,-9999,-9999,-9999,-9999,-9999,-9999,unassigned,N/A,-9999,-9999,N/A,-9999,-9999,-9999,-9999,-9999,-9999,-9999,-9999,-9999,-9999
410,232.928009,232.927880265,-9999,1309944.4,-9999,517269.7,8.3,-1,-9999,-9999,-9999,-9999,-9999,-9999,-9999,unassigned,N/A,-9999,-9999,N/A,-9999,-9999,-9999,-9999,-9999,-9999,-9999,-9999,-9999,-9999
415,234.869001,234.868871692,-9999,4906256,-9999,447285.8,37.75,-1,-9999,-9999,-9999,-9999,-9999,-9999,-9999,unassigned,N/A,-9999,-9999,N/A,-9999,-9999,-9999,-9999,-9999,-9999,-9999,-9999,-9999,-9999
420,235.074501,235.074371632,-9999,1581103.8,-9999,459400.2,10.47,-1,-9999,-9999,-9999,-9999,-9999,-9999,-9999,unassigned,N/A,-9999,-9999,N/A,-9999,-9999,-9999,-9999,-9999,-9999,-9999,-9999,-9999,-9999
422,236.105585,236.105455327,-9999,16327123,-9999,428065.3,131.46,-1,-9999,-9999,-9999,-9999,-9999,-9999,-9999,unassigned,N/A,-9999,-9999,N/A,-9999,-9999,-9999,-9999,-9999,-9999,-9999,-9999,-9999,-9999
423,236.866031,236.865901103,-9999,3065937.3,-9999,459301,22.65,-1,-9999,-9999,-9999,-9999,-9999,-9999,-9999,unassigned,N/A,-9999,-9999,N/A,-9999,-9999,-9999,-9999,-9999,-9999,-9999,-9999,-9999,-9999
424,236.966076,236.965946073,-9999,11735650,-9999,439435.7,93.78,-1,-9999,-9999,-9999,-9999,-9999,-9999,-9999,unassigned,N/A,-9999,-9999,N/A,-9999,-9999,-9999,-9999,-9999,-9999,-9999,-9999,-9999,-9999
426,237.071673,237.071543042,-9999,1183860.3,-9999,465952.3,7.2,-1,-9999,-9999,-9999,-9999,-9999,-9999,-9999,unassigned,N/A,-9999,-9999,N/A,-9999,-9999,-9999,-9999,-9999,-9999,-9999,-9999,-9999,-9999
428,237.090122,237.089992036,-9999,1402487.4,-9999,540803.5,9,-1,-9999,-9999,-9999,-9999,-9999,-9999,-9999,unassigned,N/A,-9999,-9999,N/A,-9999,-9999,-9999,-9999,-9999,-9999,-9999,-9999,-9999,-9999
430,237.108886,237.108756031,-9999,2355066.8,-9999,468075.4,16.81,-1,-9999,-9999,-9999,-9999,-9999,-9999,-9999,unassigned,N/A,-9999,-9999,N/A,-9999,-9999,-9999,-9999,-9999,-9999,-9999,-9999,-9999,-9999
433,237.965812,237.965681778,-9999,1330832,-9999,340040.6,8.41,-1,-9999,-9999,-9999,-9999,-9999,-9999,-9999,unassigned,N/A,-9999,-9999,N/A,-9999,-9999,-9999,-9999,-9999,-9999,-9999,-9999,-9999,-9999
434,238.081979,238.081848744,-9999,1201444.8,-9999,378667.4,7.35,-1,-9999,-9999,-9999,-9999,-9999,-9999,-9999,unassigned,N/A,-9999,-9999,N/A,-9999,-9999,-9999,-9999,-9999,-9999,-9999,-9999,-9999,-9999
436,238.220399,238.220268703,-9999,1248573.5,-9999,335456,7.73,-1,-9999,-9999,-9999,-9999,-9999,-9999,-9999,unassigned,N/A,-9999,-9999,N/A,-9999,-9999,-9999,-9999,-9999,-9999,-9999,-9999,-9999,-9999
437,238.956237,238.956106485,-9999,2087363.8,-9999,493175.7,14.52,-1,-9999,-9999,-9999,-9999,-9999,-9999,-9999,unassigned,N/A,-9999,-9999,N/A,-9999,-9999,-9999,-9999,-9999,-9999,-9999,-9999,-9999,-9999
445,239.760517,239.760386248,-9999,1603675.3,-9999,455095.4,10.57,-1,-9999,-9999,-9999,-9999,-9999,-9999,-9999,unassigned,N/A,-9999,-9999,N/A,-9999,-9999,-9999,-9999,-9999,-9999,-9999,-9999,-9999,-9999
447,240.953278,240.953146896,-9999,1453636.8,-9999,534593.5,9.35,-1,-9999,-9999,-9999,-9999,-9999,-9999,-9999,unassigned,N/A,-9999,-9999,N/A,-9999,-9999,-9999,-9999,-9999,-9999,-9999,-9999,-9999,-9999
453,241.136666,241.136534842,-9999,12711274,-9999,426283.7,101.09,-1,-9999,-9999,-9999,-9999,-9999,-9999,-9999,unassigned,N/A,-9999,-9999,N/A,-9999,-9999,-9999,-9999,-9999,-9999,-9999,-9999,-9999,-9999
456,241.75758,241.757448658,-9999,1599464,-9999,475000.8,10.54,-1,-9999,-9999,-9999,-9999,-9999,-9999,-9999,unassigned,N/A,-9999,-9999,N/A,-9999,-9999,-9999,-9999,-9999,-9999,-9999,-9999,-9999,-9999
457,241.758462,241.758330658,-9999,1825256.1,-9999,443221.3,12.38,-1,-9999,-9999,-9999,-9999,-9999,-9999,-9999,unassigned,N/A,-9999,-9999,N/A,-9999,-9999,-9999,-9999,-9999,-9999,-9999,-9999,-9999,-9999
467,243.133706,243.133574252,-9999,4491017.5,-9999,440751.7,34.1,-1,-9999,-9999,-9999,-9999,-9999,-9999,-9999,unassigned,N/A,-9999,-9999,N/A,-9999,-9999,-9999,-9999,-9999,-9999,-9999,-9999,-9999,-9999
473,243.755629,243.755497068,-9999,1807504.8,-9999,417629.9,12.14,-1,-9999,-9999,-9999,-9999,-9999,-9999,-9999,unassigned,N/A,-9999,-9999,N/A,-9999,-9999,-9999,-9999,-9999,-9999,-9999,-9999,-9999,-9999
478,244.137087,244.136954956,-9999,1229541,-9999,444061.4,7.46,-1,-9999,-9999,-9999,-9999,-9999,-9999,-9999,unassigned,N/A,-9999,-9999,N/A,-9999,-9999,-9999,-9999,-9999,-9999,-9999,-9999,-9999,-9999
482,244.973143,244.973010709,-9999,2673824.8,-9999,448569.6,19.15,-1,-9999,-9999,-9999,-9999,-9999,-9999,-9999,unassigned,N/A,-9999,-9999,N/A,-9999,-9999,-9999,-9999,-9999,-9999,-9999,-9999,-9999,-9999
489,246.117849,246.117716371,-9999,1395112.9,-9999,466122.1,8.8,-1,-9999,-9999,-9999,-9999,-9999,-9999,-9999,unassigned,N/A,-9999,-9999,N/A,-9999,-9999,-9999,-9999,-9999,-9999,-9999,-9999,-9999,-9999
492,246.970233,246.970100119,-9999,1644914.9,-9999,445556.9,10.82,-1,-9999,-9999,-9999,-9999,-9999,-9999,-9999,unassigned,N/A,-9999,-9999,N/A,-9999,-9999,-9999,-9999,-9999,-9999,-9999,-9999,-9999,-9999
504,250.121756,250.121622189,-9999,1357697.9,-9999,525547.6,8.43,-1,-9999,-9999,-9999,-9999,-9999,-9999,-9999,unassigned,N/A,-9999,-9999,N/A,-9999,-9999,-9999,-9999,-9999,-9999,-9999,-9999,-9999,-9999
505,250.981749,250.981614935,-9999,13889121,-9999,417628.2,109.1,-1,-9999,-9999,-9999,-9999,-9999,-9999,-9999,unassigned,N/A,-9999,-9999,N/A,-9999,-9999,-9999,-9999,-9999,-9999,-9999,-9999,-9999,-9999
512,251.105785,251.105650898,-9999,1674625.3,-9999,477533.4,10.97,-1,-9999,-9999,-9999,-9999,-9999,-9999,-9999,unassigned,N/A,-9999,-9999,N/A,-9999,-9999,-9999,-9999,-9999,-9999,-9999,-9999,-9999,-9999
514,251.142185,251.142050887,-9999,1331594.9,-9999,457566.2,8.22,-1,-9999,-9999,-9999,-9999,-9999,-9999,-9999,unassigned,N/A,-9999,-9999,N/A,-9999,-9999,-9999,-9999,-9999,-9999,-9999,-9999,-9999,-9999
515,251.98124,251.98110564,-9999,2031464.8,-9999,496483.8,13.84,-1,-9999,-9999,-9999,-9999,-9999,-9999,-9999,unassigned,N/A,-9999,-9999,N/A,-9999,-9999,-9999,-9999,-9999,-9999,-9999,-9999,-9999,-9999
527,254.832148,254.832012798,-9999,1214195.5,-9999,426740.9,7.26,-1,-9999,-9999,-9999,-9999,-9999,-9999,-9999,unassigned,N/A,-9999,-9999,N/A,-9999,-9999,-9999,-9999,-9999,-9999,-9999,-9999,-9999,-9999
539,256.06659,256.066454434,-9999,1599439.8,-9999,865884.8,10.28,-1,-9999,-9999,-9999,-9999,-9999,-9999,-9999,unassigned,N/A,-9999,-9999,N/A,-9999,-9999,-9999,-9999,-9999,-9999,-9999,-9999,-9999,-9999
541,256.090883,256.090747426,-9999,1197142.6,-9999,384620,7.07,-1,-9999,-9999,-9999,-9999,-9999,-9999,-9999,unassigned,N/A,-9999,-9999,N/A,-9999,-9999,-9999,-9999,-9999,-9999,-9999,-9999,-9999,-9999
544,256.767216,256.767080227,-9999,1630616.1,-9999,361345.4,10.53,-1,-9999,-9999,-9999,-9999,-9999,-9999,-9999,unassigned,N/A,-9999,-9999,N/A,-9999,-9999,-9999,-9999,-9999,-9999,-9999,-9999,-9999,-9999
545,256.876717,256.876581194,-9999,2899127.5,-9999,442964.7,20.64,-1,-9999,-9999,-9999,-9999,-9999,-9999,-9999,unassigned,N/A,-9999,-9999,N/A,-9999,-9999,-9999,-9999,-9999,-9999,-9999,-9999,-9999,-9999
553,257.128722,257.12858612,-9999,1229952.3,-9999,388063.2,7.33,-1,-9999,-9999,-9999,-9999,-9999,-9999,-9999,unassigned,N/A,-9999,-9999,N/A,-9999,-9999,-9999,-9999,-9999,-9999,-9999,-9999,-9999,-9999
559,258.142861,258.142724821,-9999,1279783,-9999,441066.2,7.73,-1,-9999,-9999,-9999,-9999,-9999,-9999,-9999,unassigned,N/A,-9999,-9999,N/A,-9999,-9999,-9999,-9999,-9999,-9999,-9999,-9999,-9999,-9999
567,259.1496,259.149463523,-9999,1255759.4,-9999,524022.5,7.53,-1,-9999,-9999,-9999,-9999,-9999,-9999,-9999,unassigned,N/A,-9999,-9999,N/A,-9999,-9999,-9999,-9999,-9999,-9999,-9999,-9999,-9999,-9999
572,260.787141,260.78700404,-9999,8757560,-9999,403055.6,67.34,-1,-9999,-9999,-9999,-9999,-9999,-9999,-9999,unassigned,N/A,-9999,-9999,N/A,-9999,-9999,-9999,-9999,-9999,-9999,-9999,-9999,-9999,-9999
574,260.976963,260.976825984,-9999,1396593.8,-9999,440032.5,8.65,-1,-9999,-9999,-9999,-9999,-9999,-9999,-9999,unassigned,N/A,-9999,-9999,N/A,-9999,-9999,-9999,-9999,-9999,-9999,-9999,-9999,-9999,-9999
583,262.784211,262.78407345,-9999,13360024,-9999,398934,103.21,-1,-9999,-9999,-9999,-9999,-9999,-9999,-9999,unassigned,N/A,-9999,-9999,N/A,-9999,-9999,-9999,-9999,-9999,-9999,-9999,-9999,-9999,-9999
584,262.974947,262.974809394,-9999,1827026.5,-9999,459943.2,11.98,-1,-9999,-9999,-9999,-9999,-9999,-9999,-9999,unassigned,N/A,-9999,-9999,N/A,-9999,-9999,-9999,-9999,-9999,-9999,-9999,-9999,-9999,-9999
593,264.073962,264.073824069,-9999,1452581.9,-9999,493700.8,9.02,-1,-9999,-9999,-9999,-9999,-9999,-9999,-9999,unassigned,N/A,-9999,-9999,N/A,-9999,-9999,-9999,-9999,-9999,-9999,-9999,-9999,-9999,-9999
595,264.781255,264.781116861,-9999,9620994,-9999,389898.3,73.63,-1,-9999,-9999,-9999,-9999,-9999,-9999,-9999,unassigned,N/A,-9999,-9999,N/A,-9999,-9999,-9999,-9999,-9999,-9999,-9999,-9999,-9999,-9999
596,264.828731,264.828592846,-9999,3168784.5,-9999,418562,22.59,-1,-9999,-9999,-9999,-9999,-9999,-9999,-9999,unassigned,N/A,-9999,-9999,N/A,-9999,-9999,-9999,-9999,-9999,-9999,-9999,-9999,-9999,-9999
597,264.850721,264.85058284,-9999,1728023.4,-9999,396617.7,11.19,-1,-9999,-9999,-9999,-9999,-9999,-9999,-9999,unassigned,N/A,-9999,-9999,N/A,-9999,-9999,-9999,-9999,-9999,-9999,-9999,-9999,-9999,-9999
598,264.997459,264.997320797,-9999,2554949.3,-9999,445647.1,17.73,-1,-9999,-9999,-9999,-9999,-9999,-9999,-9999,unassigned,N/A,-9999,-9999,N/A,-9999,-9999,-9999,-9999,-9999,-9999,-9999,-9999,-9999,-9999
601,265.041297,265.041158784,-9999,2534994.8,-9999,460202.5,17.58,-1,-9999,-9999,-9999,-9999,-9999,-9999,-9999,unassigned,N/A,-9999,-9999,N/A,-9999,-9999,-9999,-9999,-9999,-9999,-9999,-9999,-9999,-9999
610,265.157827,265.157688749,-9999,2676343.3,-9999,410260.3,18.69,-1,-9999,-9999,-9999,-9999,-9999,-9999,-9999,unassigned,N/A,-9999,-9999,N/A,-9999,-9999,-9999,-9999,-9999,-9999,-9999,-9999,-9999,-9999
613,266.08963,266.089491474,-9999,2356635.3,-9999,433137.9,16.16,-1,-9999,-9999,-9999,-9999,-9999,-9999,-9999,unassigned,N/A,-9999,-9999,N/A,-9999,-9999,-9999,-9999,-9999,-9999,-9999,-9999,-9999,-9999
614,266.116737,266.116598466,-9999,1643939.9,-9999,424635.1,10.53,-1,-9999,-9999,-9999,-9999,-9999,-9999,-9999,unassigned,N/A,-9999,-9999,N/A,-9999,-9999,-9999,-9999,-9999,-9999,-9999,-9999,-9999,-9999
615,266.134487,266.134348461,-9999,1464233.5,-9999,544665.5,9.1,-1,-9999,-9999,-9999,-9999,-9999,-9999,-9999,unassigned,N/A,-9999,-9999,N/A,-9999,-9999,-9999,-9999,-9999,-9999,-9999,-9999,-9999,-9999
617,266.153124,266.152985455,-9999,1437615.4,-9999,430720.7,8.89,-1,-9999,-9999,-9999,-9999,-9999,-9999,-9999,unassigned,N/A,-9999,-9999,N/A,-9999,-9999,-9999,-9999,-9999,-9999,-9999,-9999,-9999,-9999
618,266.778332,266.778193271,-9999,3917428.3,-9999,400875,28.51,-1,-9999,-9999,-9999,-9999,-9999,-9999,-9999,unassigned,N/A,-9999,-9999,N/A,-9999,-9999,-9999,-9999,-9999,-9999,-9999,-9999,-9999,-9999
619,266.804121,266.803982263,-9999,27416700,-9999,392969.3,214.38,-1,-9999,-9999,-9999,-9999,-9999,-9999,-9999,unassigned,N/A,-9999,-9999,N/A,-9999,-9999,-9999,-9999,-9999,-9999,-9999,-9999,-9999,-9999
620,266.825782,266.825643257,-9999,2929795.3,-9999,449975.2,20.69,-1,-9999,-9999,-9999,-9999,-9999,-9999,-9999,unassigned,N/A,-9999,-9999,N/A,-9999,-9999,-9999,-9999,-9999,-9999,-9999,-9999,-9999,-9999
621,266.848729,266.84859025,-9999,2625674.5,-9999,425567,18.29,-1,-9999,-9999,-9999,-9999,-9999,-9999,-9999,unassigned,N/A,-9999,-9999,N/A,-9999,-9999,-9999,-9999,-9999,-9999,-9999,-9999,-9999,-9999
622,266.968029,266.967890215,-9999,2326704.3,-9999,389303.8,15.92,-1,-9999,-9999,-9999,-9999,-9999,-9999,-9999,unassigned,N/A,-9999,-9999,N/A,-9999,-9999,-9999,-9999,-9999,-9999,-9999,-9999,-9999,-9999
629,267.096502,267.096363177,-9999,1930456.9,-9999,473369,12.79,-1,-9999,-9999,-9999,-9999,-9999,-9999,-9999,unassigned,N/A,-9999,-9999,N/A,-9999,-9999,-9999,-9999,-9999,-9999,-9999,-9999,-9999,-9999
630,267.100728,267.100589176,-9999,1508570.1,-9999,440649.8,9.45,-1,-9999,-9999,-9999,-9999,-9999,-9999,-9999,unassigned,N/A,-9999,-9999,N/A,-9999,-9999,-9999,-9999,-9999,-9999,-9999,-9999,-9999,-9999
633,267.129713,267.129574167,-9999,2658531.3,-9999,377285.3,18.55,-1,-9999,-9999,-9999,-9999,-9999,-9999,-9999,unassigned,N/A,-9999,-9999,N/A,-9999,-9999,-9999,-9999,-9999,-9999,-9999,-9999,-9999,-9999
634,267.137094,267.136955165,-9999,1646053.6,-9999,363684.2,10.54,-1,-9999,-9999,-9999,-9999,-9999,-9999,-9999,unassigned,N/A,-9999,-9999,N/A,-9999,-9999,-9999,-9999,-9999,-9999,-9999,-9999,-9999,-9999
635,267.143994,267.143855163,-9999,1383655.9,-9999,350383.1,8.46,-1,-9999,-9999,-9999,-9999,-9999,-9999,-9999,unassigned,N/A,-9999,-9999,N/A,-9999,-9999,-9999,-9999,-9999,-9999,-9999,-9999,-9999,-9999
636,267.154781,267.15464216,-9999,1253611.3,-9999,367619,7.44,-1,-9999,-9999,-9999,-9999,-9999,-9999,-9999,unassigned,N/A,-9999,-9999,N/A,-9999,-9999,-9999,-9999,-9999,-9999,-9999,-9999,-9999,-9999
639,267.507269,267.507130056,-9999,1278042.9,-9999,311931.8,7.57,-1,-9999,-9999,-9999,-9999,-9999,-9999,-9999,unassigned,N/A,-9999,-9999,N/A,-9999,-9999,-9999,-9999,-9999,-9999,-9999,-9999,-9999,-9999
641,268.80116,268.801020674,-9999,55896824,-9999,389781.7,436.04,-1,-9999,-9999,-9999,-9999,-9999,-9999,-9999,unassigned,N/A,-9999,-9999,N/A,-9999,-9999,-9999,-9999,-9999,-9999,-9999,-9999,-9999,-9999
642,268.822855,268.822715667,-9999,1555965.1,-9999,419302.1,9.74,-1,-9999,-9999,-9999,-9999,-9999,-9999,-9999,unassigned,N/A,-9999,-9999,N/A,-9999,-9999,-9999,-9999,-9999,-9999,-9999,-9999,-9999,-9999
643,268.846705,268.84656566,-9999,1932804.8,-9999,362245.2,12.7,-1,-9999,-9999,-9999,-9999,-9999,-9999,-9999,unassigned,N/A,-9999,-9999,N/A,-9999,-9999,-9999,-9999,-9999,-9999,-9999,-9999,-9999,-9999
653,269.359812,269.359672509,-9999,1214632.5,-9999,446337.4,7.06,-1,-9999,-9999,-9999,-9999,-9999,-9999,-9999,unassigned,N/A,-9999,-9999,N/A,-9999,-9999,-9999,-9999,-9999,-9999,-9999,-9999,-9999,-9999
660,270.798204,270.798064084,-9999,40160628,-9999,382936.9,312.59,-1,-9999,-9999,-9999,-9999,-9999,-9999,-9999,unassigned,N/A,-9999,-9999,N/A,-9999,-9999,-9999,-9999,-9999,-9999,-9999,-9999,-9999,-9999
661,270.845685,270.84554507,-9999,12313989,-9999,388993.8,94.13,-1,-9999,-9999,-9999,-9999,-9999,-9999,-9999,unassigned,N/A,-9999,-9999,N/A,-9999,-9999,-9999,-9999,-9999,-9999,-9999,-9999,-9999,-9999
676,272.795273,272.795132494,-9999,12701688,-9999,388458.5,97.17,-1,-9999,-9999,-9999,-9999,-9999,-9999,-9999,unassigned,N/A,-9999,-9999,N/A,-9999,-9999,-9999,-9999,-9999,-9999,-9999,-9999,-9999,-9999
677,272.842745,272.84260448,-9999,11501576,-9999,389008.8,87.75,-1,-9999,-9999,-9999,-9999,-9999,-9999,-9999,unassigned,N/A,-9999,-9999,N/A,-9999,-9999,-9999,-9999,-9999,-9999,-9999,-9999,-9999,-9999
688,273.972204,273.972063147,-9999,1762676.1,-9999,434171.2,11.35,-1,-9999,-9999,-9999,-9999,-9999,-9999,-9999,unassigned,N/A,-9999,-9999,N/A,-9999,-9999,-9999,-9999,-9999,-9999,-9999,-9999,-9999,-9999
694,274.79227,274.792128905,-9999,1481341.1,-9999,523498,9.06,-1,-9999,-9999,-9999,-9999,-9999,-9999,-9999,unassigned,N/A,-9999,-9999,N/A,-9999,-9999,-9999,-9999,-9999,-9999,-9999,-9999,-9999,-9999
695,274.839801,274.839659891,-9999,3371148.5,-9999,408618.5,23.76,-1,-9999,-9999,-9999,-9999,-9999,-9999,-9999,unassigned,N/A,-9999,-9999,N/A,-9999,-9999,-9999,-9999,-9999,-9999,-9999,-9999,-9999,-9999
696,274.887314,274.887172877,-9999,4146843.8,-9999,399476.6,29.79,-1,-9999,-9999,-9999,-9999,-9999,-9999,-9999,unassigned,N/A,-9999,-9999,N/A,-9999,-9999,-9999,-9999,-9999,-9999,-9999,-9999,-9999,-9999
705,276.062237,276.06209553,-9999,1258519.5,-9999,417976.2,7.33,-1,-9999,-9999,-9999,-9999,-9999,-9999,-9999,unassigned,N/A,-9999,-9999,N/A,-9999,-9999,-9999,-9999,-9999,-9999,-9999,-9999,-9999,-9999
706,276.884412,276.884270287,-9999,1323809.1,-9999,349995.6,7.83,-1,-9999,-9999,-9999,-9999,-9999,-9999,-9999,unassigned,N/A,-9999,-9999,N/A,-9999,-9999,-9999,-9999,-9999,-9999,-9999,-9999,-9999,-9999
707,276.968828,276.968686262,-9999,2048316.4,-9999,410849.7,13.47,-1,-9999,-9999,-9999,-9999,-9999,-9999,-9999,unassigned,N/A,-9999,-9999,N/A,-9999,-9999,-9999,-9999,-9999,-9999,-9999,-9999,-9999,-9999
713,277.085079,277.084937228,-9999,1342562,-9999,539830.3,7.98,-1,-9999,-9999,-9999,-9999,-9999,-9999,-9999,unassigned,N/A,-9999,-9999,N/A,-9999,-9999,-9999,-9999,-9999,-9999,-9999,-9999,-9999,-9999
716,277.121457,277.121315217,-9999,2431341.8,-9999,411783.6,16.45,-1,-9999,-9999,-9999,-9999,-9999,-9999,-9999,unassigned,N/A,-9999,-9999,N/A,-9999,-9999,-9999,-9999,-9999,-9999,-9999,-9999,-9999,-9999
722,277.986622,277.986479962,-9999,1218820.9,-9999,390537.4,7.01,-1,-9999,-9999,-9999,-9999,-9999,-9999,-9999,unassigned,N/A,-9999,-9999,N/A,-9999,-9999,-9999,-9999,-9999,-9999,-9999,-9999,-9999,-9999
724,278.08978,278.089637931,-9999,1348006.1,-9999,429700.4,8.02,-1,-9999,-9999,-9999,-9999,-9999,-9999,-9999,unassigned,N/A,-9999,-9999,N/A,-9999,-9999,-9999,-9999,-9999,-9999,-9999,-9999,-9999,-9999
729,278.848699,278.848556707,-9999,2322842.5,-9999,437868.5,15.6,-1,-9999,-9999,-9999,-9999,-9999,-9999,-9999,unassigned,N/A,-9999,-9999,N/A,-9999,-9999,-9999,-9999,-9999,-9999,-9999,-9999,-9999,-9999
732,279.056954,279.05681164600003,-9999,28207070,-9999,371851.8,216.92,-1,-9999,-9999,-9999,-9999,-9999,-9999,-9999,unassigned,N/A,-9999,-9999,N/A,-9999,-9999,-9999,-9999,-9999,-9999,-9999,-9999,-9999,-9999
742,279.15494,279.154797617,-9999,2573821,-9999,349404.9,17.55,-1,-9999,-9999,-9999,-9999,-9999,-9999,-9999,unassigned,N/A,-9999,-9999,N/A,-9999,-9999,-9999,-9999,-9999,-9999,-9999,-9999,-9999,-9999
748,280.068944,280.068801347,-9999,27449634,-9999,372173.2,211.02,-1,-9999,-9999,-9999,-9999,-9999,-9999,-9999,unassigned,N/A,-9999,-9999,N/A,-9999,-9999,-9999,-9999,-9999,-9999,-9999,-9999,-9999,-9999
751,280.150112,280.149969323,-9999,18651452,-9999,373246,142.59,-1,-9999,-9999,-9999,-9999,-9999,-9999,-9999,unassigned,N/A,-9999,-9999,N/A,-9999,-9999,-9999,-9999,-9999,-9999,-9999,-9999,-9999,-9999
752,280.846657,280.846514117,-9999,1731099.9,-9999,462259.5,10.99,-1,-9999,-9999,-9999,-9999,-9999,-9999,-9999,unassigned,N/A,-9999,-9999,N/A,-9999,-9999,-9999,-9999,-9999,-9999,-9999,-9999,-9999,-9999
758,281.091234,281.091091045,-9999,1398122.1,-9999,361984.1,8.3,-1,-9999,-9999,-9999,-9999,-9999,-9999,-9999,unassigned,N/A,-9999,-9999,N/A,-9999,-9999,-9999,-9999,-9999,-9999,-9999,-9999,-9999,-9999
760,281.112137,281.111994039,-9999,4334193,-9999,380019.4,30.86,-1,-9999,-9999,-9999,-9999,-9999,-9999,-9999,unassigned,N/A,-9999,-9999,N/A,-9999,-9999,-9999,-9999,-9999,-9999,-9999,-9999,-9999,-9999
763,281.145356,281.145213029,-9999,2646139.3,-9999,378175.5,17.89,-1,-9999,-9999,-9999,-9999,-9999,-9999,-9999,unassigned,N/A,-9999,-9999,N/A,-9999,-9999,-9999,-9999,-9999,-9999,-9999,-9999,-9999,-9999
764,281.153364,281.153221027,-9999,2422910,-9999,227982.8,16.17,-1,-9999,-9999,-9999,-9999,-9999,-9999,-9999,unassigned,N/A,-9999,-9999,N/A,-9999,-9999,-9999,-9999,-9999,-9999,-9999,-9999,-9999,-9999
765,281.170569,281.170426022,-9999,1414787.4,-9999,439846.2,8.43,-1,-9999,-9999,-9999,-9999,-9999,-9999,-9999,unassigned,N/A,-9999,-9999,N/A,-9999,-9999,-9999,-9999,-9999,-9999,-9999,-9999,-9999,-9999
768,282.084693,282.084549752,-9999,1512103,-9999,340843.5,9.17,-1,-9999,-9999,-9999,-9999,-9999,-9999,-9999,unassigned,N/A,-9999,-9999,N/A,-9999,-9999,-9999,-9999,-9999,-9999,-9999,-9999,-9999,-9999
770,282.778056,282.777912547,-9999,4239491.5,-9999,392005.3,30.13,-1,-9999,-9999,-9999,-9999,-9999,-9999,-9999,unassigned,N/A,-9999,-9999,N/A,-9999,-9999,-9999,-9999,-9999,-9999,-9999,-9999,-9999,-9999
771,282.917256,282.917112506,-9999,8858800,-9999,369539.9,65.63,-1,-9999,-9999,-9999,-9999,-9999,-9999,-9999,unassigned,N/A,-9999,-9999,N/A,-9999,-9999,-9999,-9999,-9999,-9999,-9999,-9999,-9999,-9999
778,283.11336,283.113216448,-9999,1293805.6,-9999,494098.2,7.49,-1,-9999,-9999,-9999,-9999,-9999,-9999,-9999,unassigned,N/A,-9999,-9999,N/A,-9999,-9999,-9999,-9999,-9999,-9999,-9999,-9999,-9999,-9999
786,283.916775,283.916631211,-9999,1822699.6,-9999,381223.2,11.56,-1,-9999,-9999,-9999,-9999,-9999,-9999,-9999,unassigned,N/A,-9999,-9999,N/A,-9999,-9999,-9999,-9999,-9999,-9999,-9999,-9999,-9999,-9999
793,284.231504,284.231360118,-9999,1397070.8,-9999,419269.5,8.28,-1,-9999,-9999,-9999,-9999,-9999,-9999,-9999,unassigned,N/A,-9999,-9999,N/A,-9999,-9999,-9999,-9999,-9999,-9999,-9999,-9999,-9999,-9999
794,284.775108,284.774963957,-9999,7856889.5,-9999,368715.5,57.92,-1,-9999,-9999,-9999,-9999,-9999,-9999,-9999,unassigned,N/A,-9999,-9999,N/A,-9999,-9999,-9999,-9999,-9999,-9999,-9999,-9999,-9999,-9999
795,284.914233,284.914088916,-9999,3382565.3,-9999,324812.2,23.54,-1,-9999,-9999,-9999,-9999,-9999,-9999,-9999,unassigned,N/A,-9999,-9999,N/A,-9999,-9999,-9999,-9999,-9999,-9999,-9999,-9999,-9999,-9999
802,285.092604,285.092459864,-9999,1508445.1,-9999,374085.9,9.14,-1,-9999,-9999,-9999,-9999,-9999,-9999,-9999,unassigned,N/A,-9999,-9999,N/A,-9999,-9999,-9999,-9999,-9999,-9999,-9999,-9999,-9999,-9999
817,286.77218,286.772035368,-9999,5038440,-9999,388637.4,36.26,-1,-9999,-9999,-9999,-9999,-9999,-9999,-9999,unassigned,N/A,-9999,-9999,N/A,-9999,-9999,-9999,-9999,-9999,-9999,-9999,-9999,-9999,-9999
818,286.810729,286.810584356,-9999,3870068,-9999,367317.5,27.28,-1,-9999,-9999,-9999,-9999,-9999,-9999,-9999,unassigned,N/A,-9999,-9999,N/A,-9999,-9999,-9999,-9999,-9999,-9999,-9999,-9999,-9999,-9999
819,286.819722,286.819577354,-9999,2490230.8,-9999,344588.5,16.68,-1,-9999,-9999,-9999,-9999,-9999,-9999,-9999,unassigned,N/A,-9999,-9999,N/A,-9999,-9999,-9999,-9999,-9999,-9999,-9999,-9999,-9999,-9999
822,287.055565,287.055420284,-9999,2781119.8,-9999,271995.3,18.91,-1,-9999,-9999,-9999,-9999,-9999,-9999,-9999,unassigned,N/A,-9999,-9999,N/A,-9999,-9999,-9999,-9999,-9999,-9999,-9999,-9999,-9999,-9999
831,287.904937,287.904792033,-9999,1397189.5,-9999,390855.3,8.28,-1,-9999,-9999,-9999,-9999,-9999,-9999,-9999,unassigned,N/A,-9999,-9999,N/A,-9999,-9999,-9999,-9999,-9999,-9999,-9999,-9999,-9999,-9999
837,288.769194,288.769048778,-9999,2042574.4,-9999,343177.5,13.06,-1,-9999,-9999,-9999,-9999,-9999,-9999,-9999,unassigned,N/A,-9999,-9999,N/A,-9999,-9999,-9999,-9999,-9999,-9999,-9999,-9999,-9999,-9999
838,288.80776,288.807614767,-9999,3657690.3,-9999,361929,25.32,-1,-9999,-9999,-9999,-9999,-9999,-9999,-9999,unassigned,N/A,-9999,-9999,N/A,-9999,-9999,-9999,-9999,-9999,-9999,-9999,-9999,-9999,-9999
839,288.816734,288.816588764,-9999,2197469,-9999,371869.8,14.24,-1,-9999,-9999,-9999,-9999,-9999,-9999,-9999,unassigned,N/A,-9999,-9999,N/A,-9999,-9999,-9999,-9999,-9999,-9999,-9999,-9999,-9999,-9999
840,288.935416,288.935270729,-9999,1420033.1,-9999,438780,8.34,-1,-9999,-9999,-9999,-9999,-9999,-9999,-9999,unassigned,N/A,-9999,-9999,N/A,-9999,-9999,-9999,-9999,-9999,-9999,-9999,-9999,-9999,-9999
841,288.950012,288.949866725,-9999,2078725.6,-9999,447489.1,13.34,-1,-9999,-9999,-9999,-9999,-9999,-9999,-9999,unassigned,N/A,-9999,-9999,N/A,-9999,-9999,-9999,-9999,-9999,-9999,-9999,-9999,-9999,-9999
854,290.933374,290.933228139,-9999,1353055.3,-9999,419803.1,7.83,-1,-9999,-9999,-9999,-9999,-9999,-9999,-9999,unassigned,N/A,-9999,-9999,N/A,-9999,-9999,-9999,-9999,-9999,-9999,-9999,-9999,-9999,-9999
855,290.984261,290.984115124,-9999,1677422.6,-9999,423834.4,10.29,-1,-9999,-9999,-9999,-9999,-9999,-9999,-9999,unassigned,N/A,-9999,-9999,N/A,-9999,-9999,-9999,-9999,-9999,-9999,-9999,-9999,-9999,-9999
861,291.11863,291.118484084,-9999,1616791.1,-9999,405403.3,9.83,-1,-9999,-9999,-9999,-9999,-9999,-9999,-9999,unassigned,N/A,-9999,-9999,N/A,-9999,-9999,-9999,-9999,-9999,-9999,-9999,-9999,-9999,-9999
863,291.154796,291.154650074,-9999,1345954,-9999,382788.1,7.77,-1,-9999,-9999,-9999,-9999,-9999,-9999,-9999,unassigned,N/A,-9999,-9999,N/A,-9999,-9999,-9999,-9999,-9999,-9999,-9999,-9999,-9999,-9999
867,291.863565,291.863418864,-9999,1249654.9,-9999,304816,7.04,-1,-9999,-9999,-9999,-9999,-9999,-9999,-9999,unassigned,N/A,-9999,-9999,N/A,-9999,-9999,-9999,-9999,-9999,-9999,-9999,-9999,-9999,-9999
872,292.82761,292.82746358000003,-9999,5719191,-9999,338351.4,40.95,-1,-9999,-9999,-9999,-9999,-9999,-9999,-9999,unassigned,N/A,-9999,-9999,N/A,-9999,-9999,-9999,-9999,-9999,-9999,-9999,-9999,-9999,-9999
873,292.845694,292.845547574,-9999,1972892.5,-9999,447105.8,12.53,-1,-9999,-9999,-9999,-9999,-9999,-9999,-9999,unassigned,N/A,-9999,-9999,N/A,-9999,-9999,-9999,-9999,-9999,-9999,-9999,-9999,-9999,-9999
875,293.036217,293.036070518,-9999,11350229,-9999,356222.7,83.67,-1,-9999,-9999,-9999,-9999,-9999,-9999,-9999,unassigned,N/A,-9999,-9999,N/A,-9999,-9999,-9999,-9999,-9999,-9999,-9999,-9999,-9999,-9999
884,293.170548,293.170401478,-9999,3287805.3,-9999,323612.9,22.5,-1,-9999,-9999,-9999,-9999,-9999,-9999,-9999,unassigned,N/A,-9999,-9999,N/A,-9999,-9999,-9999,-9999,-9999,-9999,-9999,-9999,-9999,-9999
888,293.206897,293.206750468,-9999,6712584,-9999,351896.2,48.48,-1,-9999,-9999,-9999,-9999,-9999,-9999,-9999,unassigned,N/A,-9999,-9999,N/A,-9999,-9999,-9999,-9999,-9999,-9999,-9999,-9999,-9999,-9999
896,294.824711,294.82456399,-9999,6033127,-9999,370252.7,43.33,-1,-9999,-9999,-9999,-9999,-9999,-9999,-9999,unassigned,N/A,-9999,-9999,N/A,-9999,-9999,-9999,-9999,-9999,-9999,-9999,-9999,-9999,-9999
897,294.843641,294.843493984,-9999,5580524.5,-9999,366121,39.89,-1,-9999,-9999,-9999,-9999,-9999,-9999,-9999,unassigned,N/A,-9999,-9999,N/A,-9999,-9999,-9999,-9999,-9999,-9999,-9999,-9999,-9999,-9999
905,295.106893,295.106745907,-9999,1496633.9,-9999,392122.4,8.91,-1,-9999,-9999,-9999,-9999,-9999,-9999,-9999,unassigned,N/A,-9999,-9999,N/A,-9999,-9999,-9999,-9999,-9999,-9999,-9999,-9999,-9999,-9999
908,295.132049,295.131901899,-9999,1566017.3,-9999,446396.3,9.43,-1,-9999,-9999,-9999,-9999,-9999,-9999,-9999,unassigned,N/A,-9999,-9999,N/A,-9999,-9999,-9999,-9999,-9999,-9999,-9999,-9999,-9999,-9999
910,295.149766,295.149618894,-9999,2402630.5,-9999,343042.1,15.78,-1,-9999,-9999,-9999,-9999,-9999,-9999,-9999,unassigned,N/A,-9999,-9999,N/A,-9999,-9999,-9999,-9999,-9999,-9999,-9999,-9999,-9999,-9999
915,295.186193,295.186045883,-9999,1356881.1,-9999,485362.4,7.85,-1,-9999,-9999,-9999,-9999,-9999,-9999,-9999,unassigned,N/A,-9999,-9999,N/A,-9999,-9999,-9999,-9999,-9999,-9999,-9999,-9999,-9999,-9999
919,295.84679,295.846642688,-9999,1287059,-9999,297036.3,7.32,-1,-9999,-9999,-9999,-9999,-9999,-9999,-9999,unassigned,N/A,-9999,-9999,N/A,-9999,-9999,-9999,-9999,-9999,-9999,-9999,-9999,-9999,-9999
920,296.100255,296.100107613,-9999,1835869.1,-9999,397284.6,11.33,-1,-9999,-9999,-9999,-9999,-9999,-9999,-9999,unassigned,N/A,-9999,-9999,N/A,-9999,-9999,-9999,-9999,-9999,-9999,-9999,-9999,-9999,-9999
922,296.181399,296.18125159,-9999,3483253,-9999,366749.9,23.66,-1,-9999,-9999,-9999,-9999,-9999,-9999,-9999,unassigned,N/A,-9999,-9999,N/A,-9999,-9999,-9999,-9999,-9999,-9999,-9999,-9999,-9999,-9999
923,296.821794,296.8216464,-9999,2284847.8,-9999,412917.8,14.69,-1,-9999,-9999,-9999,-9999,-9999,-9999,-9999,unassigned,N/A,-9999,-9999,N/A,-9999,-9999,-9999,-9999,-9999,-9999,-9999,-9999,-9999,-9999
924,296.841604,296.841456395,-9999,2649397.5,-9999,410234.2,17.42,-1,-9999,-9999,-9999,-9999,-9999,-9999,-9999,unassigned,N/A,-9999,-9999,N/A,-9999,-9999,-9999,-9999,-9999,-9999,-9999,-9999,-9999,-9999
925,296.914922,296.914774373,-9999,2454346.8,-9999,366470.3,15.96,-1,-9999,-9999,-9999,-9999,-9999,-9999,-9999,unassigned,N/A,-9999,-9999,N/A,-9999,-9999,-9999,-9999,-9999,-9999,-9999,-9999,-9999,-9999
926,296.932903,296.932755368,-9999,17173840,-9999,351522.3,126.14,-1,-9999,-9999,-9999,-9999,-9999,-9999,-9999,unassigned,N/A,-9999,-9999,N/A,-9999,-9999,-9999,-9999,-9999,-9999,-9999,-9999,-9999,-9999
927,296.93599,296.935842367,-9999,3076945,-9999,329062.8,20.62,-1,-9999,-9999,-9999,-9999,-9999,-9999,-9999,unassigned,N/A,-9999,-9999,N/A,-9999,-9999,-9999,-9999,-9999,-9999,-9999,-9999,-9999,-9999
938,297.165478,297.165330299,-9999,1623955.8,-9999,375608.8,9.74,-1,-9999,-9999,-9999,-9999,-9999,-9999,-9999,unassigned,N/A,-9999,-9999,N/A,-9999,-9999,-9999,-9999,-9999,-9999,-9999,-9999,-9999,-9999
942,297.932407,297.932259073,-9999,2838642.3,-9999,344211.3,18.83,-1,-9999,-9999,-9999,-9999,-9999,-9999,-9999,unassigned,N/A,-9999,-9999,N/A,-9999,-9999,-9999,-9999,-9999,-9999,-9999,-9999,-9999,-9999
948,298.911897,298.911748783,-9999,1767821.1,-9999,328259.9,10.81,-1,-9999,-9999,-9999,-9999,-9999,-9999,-9999,unassigned,N/A,-9999,-9999,N/A,-9999,-9999,-9999,-9999,-9999,-9999,-9999,-9999,-9999,-9999
949,298.929932,298.929783778,-9999,6281106.5,-9999,350851.1,44.6,-1,-9999,-9999,-9999,-9999,-9999,-9999,-9999,unassigned,N/A,-9999,-9999,N/A,-9999,-9999,-9999,-9999,-9999,-9999,-9999,-9999,-9999,-9999
950,298.933074,298.932925777,-9999,1649171.3,-9999,242897.3,9.92,-1,-9999,-9999,-9999,-9999,-9999,-9999,-9999,unassigned,N/A,-9999,-9999,N/A,-9999,-9999,-9999,-9999,-9999,-9999,-9999,-9999,-9999,-9999
966,300.134893,300.134744422,-9999,1400300.3,-9999,342724.2,8.06,-1,-9999,-9999,-9999,-9999,-9999,-9999,-9999,unassigned,N/A,-9999,-9999,N/A,-9999,-9999,-9999,-9999,-9999,-9999,-9999,-9999,-9999,-9999
972,300.262756,300.262607384,-9999,1287056.8,-9999,324038.7,7.21,-1,-9999,-9999,-9999,-9999,-9999,-9999,-9999,unassigned,N/A,-9999,-9999,N/A,-9999,-9999,-9999,-9999,-9999,-9999,-9999,-9999,-9999,-9999
973,300.809555,300.809406223,-9999,1467821,-9999,319107.8,8.56,-1,-9999,-9999,-9999,-9999,-9999,-9999,-9999,unassigned,N/A,-9999,-9999,N/A,-9999,-9999,-9999,-9999,-9999,-9999,-9999,-9999,-9999,-9999
974,300.927812,300.927663188,-9999,4113870.8,-9999,345160.3,28.37,-1,-9999,-9999,-9999,-9999,-9999,-9999,-9999,unassigned,N/A,-9999,-9999,N/A,-9999,-9999,-9999,-9999,-9999,-9999,-9999,-9999,-9999,-9999
976,301.034861,301.034712157,-9999,5204973,-9999,273160.8,36.54,-1,-9999,-9999,-9999,-9999,-9999,-9999,-9999,unassigned,N/A,-9999,-9999,N/A,-9999,-9999,-9999,-9999,-9999,-9999,-9999,-9999,-9999,-9999
989,302.066396,302.066246852,-9999,5770002.5,-9999,331816.1,40.76,-1,-9999,-9999,-9999,-9999,-9999,-9999,-9999,unassigned,N/A,-9999,-9999,N/A,-9999,-9999,-9999,-9999,-9999,-9999,-9999,-9999,-9999,-9999
994,302.924898,302.924748598,-9999,1406213.3,-9999,365064.2,8.1,-1,-9999,-9999,-9999,-9999,-9999,-9999,-9999,unassigned,N/A,-9999,-9999,N/A,-9999,-9999,-9999,-9999,-9999,-9999,-9999,-9999,-9999,-9999
995,302.931864,302.931714596,-9999,4125703.3,-9999,340670.7,28.45,-1,-9999,-9999,-9999,-9999,-9999,-9999,-9999,unassigned,N/A,-9999,-9999,N/A,-9999,-9999,-9999,-9999,-9999,-9999,-9999,-9999,-9999,-9999
998,303.031768,303.031618567,-9999,2067491.4,-9999,376938.8,13.05,-1,-9999,-9999,-9999,-9999,-9999,-9999,-9999,unassigned,N/A,-9999,-9999,N/A,-9999,-9999,-9999,-9999,-9999,-9999,-9999,-9999,-9999,-9999
1000,303.050544,303.050394561,-9999,2542376.8,-9999,298587.6,16.6,-1,-9999,-9999,-9999,-9999,-9999,-9999,-9999,unassigned,N/A,-9999,-9999,N/A,-9999,-9999,-9999,-9999,-9999,-9999,-9999,-9999,-9999,-9999
1010,304.018134,304.017984276,-9999,1674169,-9999,269826.3,10.1,-1,-9999,-9999,-9999,-9999,-9999,-9999,-9999,unassigned,N/A,-9999,-9999,N/A,-9999,-9999,-9999,-9999,-9999,-9999,-9999,-9999,-9999,-9999
1011,304.063433,304.063283262,-9999,1844549.8,-9999,397184.4,11.38,-1,-9999,-9999,-9999,-9999,-9999,-9999,-9999,unassigned,N/A,-9999,-9999,N/A,-9999,-9999,-9999,-9999,-9999,-9999,-9999,-9999,-9999,-9999
1013,304.88213,304.881980021,-9999,5024299,-9999,340831.5,34.69,-1,-9999,-9999,-9999,-9999,-9999,-9999,-9999,unassigned,N/A,-9999,-9999,N/A,-9999,-9999,-9999,-9999,-9999,-9999,-9999,-9999,-9999,-9999
1014,304.928904,304.928754007,-9999,3354680.3,-9999,369863.1,22.36,-1,-9999,-9999,-9999,-9999,-9999,-9999,-9999,unassigned,N/A,-9999,-9999,N/A,-9999,-9999,-9999,-9999,-9999,-9999,-9999,-9999,-9999,-9999
1019,305.152809,305.152658941,-9999,4438647,-9999,347354.3,30.36,-1,-9999,-9999,-9999,-9999,-9999,-9999,-9999,unassigned,N/A,-9999,-9999,N/A,-9999,-9999,-9999,-9999,-9999,-9999,-9999,-9999,-9999,-9999
1021,305.170471,305.170320935,-9999,1881979.9,-9999,354702.3,11.49,-1,-9999,-9999,-9999,-9999,-9999,-9999,-9999,unassigned,N/A,-9999,-9999,N/A,-9999,-9999,-9999,-9999,-9999,-9999,-9999,-9999,-9999,-9999
1026,306.880026,306.879875431,-9999,8831064,-9999,337292.3,62.78,-1,-9999,-9999,-9999,-9999,-9999,-9999,-9999,unassigned,N/A,-9999,-9999,N/A,-9999,-9999,-9999,-9999,-9999,-9999,-9999,-9999,-9999,-9999
1027,306.907337,306.907186423,-9999,1343839.4,-9999,333150.2,7.52,-1,-9999,-9999,-9999,-9999,-9999,-9999,-9999,unassigned,N/A,-9999,-9999,N/A,-9999,-9999,-9999,-9999,-9999,-9999,-9999,-9999,-9999,-9999
1033,307.09569,307.095539367,-9999,1493139.5,-9999,401201.3,8.62,-1,-9999,-9999,-9999,-9999,-9999,-9999,-9999,unassigned,N/A,-9999,-9999,N/A,-9999,-9999,-9999,-9999,-9999,-9999,-9999,-9999,-9999,-9999
1034,307.113464,307.113313362,-9999,1519256.5,-9999,372471.5,8.81,-1,-9999,-9999,-9999,-9999,-9999,-9999,-9999,unassigned,N/A,-9999,-9999,N/A,-9999,-9999,-9999,-9999,-9999,-9999,-9999,-9999,-9999,-9999
1037,307.14991,307.149759351,-9999,1511586.6,-9999,388505.1,8.75,-1,-9999,-9999,-9999,-9999,-9999,-9999,-9999,unassigned,N/A,-9999,-9999,N/A,-9999,-9999,-9999,-9999,-9999,-9999,-9999,-9999,-9999,-9999
1040,307.186172,307.18602134,-9999,5781676.5,-9999,332054.4,40.27,-1,-9999,-9999,-9999,-9999,-9999,-9999,-9999,unassigned,N/A,-9999,-9999,N/A,-9999,-9999,-9999,-9999,-9999,-9999,-9999,-9999,-9999,-9999
1045,308.079369,308.079218077,-9999,1348515.6,-9999,360173.3,7.55,-1,-9999,-9999,-9999,-9999,-9999,-9999,-9999,unassigned,N/A,-9999,-9999,N/A,-9999,-9999,-9999,-9999,-9999,-9999,-9999,-9999,-9999,-9999
1046,308.172039,308.171888049,-9999,1277885.1,-9999,333683,7.03,-1,-9999,-9999,-9999,-9999,-9999,-9999,-9999,unassigned,N/A,-9999,-9999,N/A,-9999,-9999,-9999,-9999,-9999,-9999,-9999,-9999,-9999,-9999
1047,308.200115,308.199964041,-9999,1432004.9,-9999,352100.9,8.16,-1,-9999,-9999,-9999,-9999,-9999,-9999,-9999,unassigned,N/A,-9999,-9999,N/A,-9999,-9999,-9999,-9999,-9999,-9999,-9999,-9999,-9999,-9999
1049,308.877991,308.877839841,-9999,4270719.5,-9999,346202.4,29.12,-1,-9999,-9999,-9999,-9999,-9999,-9999,-9999,unassigned,N/A,-9999,-9999,N/A,-9999,-9999,-9999,-9999,-9999,-9999,-9999,-9999,-9999,-9999
1053,309.06754,309.067388785,-9999,11297460,-9999,337897.4,80.99,-1,-9999,-9999,-9999,-9999,-9999,-9999,-9999,unassigned,N/A,-9999,-9999,N/A,-9999,-9999,-9999,-9999,-9999,-9999,-9999,-9999,-9999,-9999
1059,309.129152,309.129000767,-9999,1402564.8,-9999,382794.8,7.94,-1,-9999,-9999,-9999,-9999,-9999,-9999,-9999,unassigned,N/A,-9999,-9999,N/A,-9999,-9999,-9999,-9999,-9999,-9999,-9999,-9999,-9999,-9999
1063,309.16546,309.165308756,-9999,1934542.6,-9999,371401.7,11.87,-1,-9999,-9999,-9999,-9999,-9999,-9999,-9999,unassigned,N/A,-9999,-9999,N/A,-9999,-9999,-9999,-9999,-9999,-9999,-9999,-9999,-9999,-9999
1067,309.201778,309.201626745,-9999,1454040.8,-9999,360656.6,8.32,-1,-9999,-9999,-9999,-9999,-9999,-9999,-9999,unassigned,N/A,-9999,-9999,N/A,-9999,-9999,-9999,-9999,-9999,-9999,-9999,-9999,-9999,-9999
1073,310.838568,310.838416262,-9999,2413209,-9999,355322.8,15.4,-1,-9999,-9999,-9999,-9999,-9999,-9999,-9999,unassigned,N/A,-9999,-9999,N/A,-9999,-9999,-9999,-9999,-9999,-9999,-9999,-9999,-9999,-9999
1074,310.948568,310.948416229,-9999,11261111,-9999,334497.9,80.71,-1,-9999,-9999,-9999,-9999,-9999,-9999,-9999,unassigned,N/A,-9999,-9999,N/A,-9999,-9999,-9999,-9999,-9999,-9999,-9999,-9999,-9999,-9999
1078,311.090616,311.090464188,-9999,1963485.9,-9999,300587.1,12.08,-1,-9999,-9999,-9999,-9999,-9999,-9999,-9999,unassigned,N/A,-9999,-9999,N/A,-9999,-9999,-9999,-9999,-9999,-9999,-9999,-9999,-9999,-9999
1082,311.144721,311.144569172,-9999,1676524.6,-9999,378746.3,9.96,-1,-9999,-9999,-9999,-9999,-9999,-9999,-9999,unassigned,N/A,-9999,-9999,N/A,-9999,-9999,-9999,-9999,-9999,-9999,-9999,-9999,-9999,-9999
1086,311.181131,311.180979161,-9999,1823990.5,-9999,383471.8,11.05,-1,-9999,-9999,-9999,-9999,-9999,-9999,-9999,unassigned,N/A,-9999,-9999,N/A,-9999,-9999,-9999,-9999,-9999,-9999,-9999,-9999,-9999,-9999
1095,312.836647,312.836494672,-9999,1592248.8,-9999,386767.4,9.2,-1,-9999,-9999,-9999,-9999,-9999,-9999,-9999,unassigned,N/A,-9999,-9999,N/A,-9999,-9999,-9999,-9999,-9999,-9999,-9999,-9999,-9999,-9999
1096,312.945567,312.94541464,-9999,4206294.5,-9999,328232.5,28.22,-1,-9999,-9999,-9999,-9999,-9999,-9999,-9999,unassigned,N/A,-9999,-9999,N/A,-9999,-9999,-9999,-9999,-9999,-9999,-9999,-9999,-9999,-9999
1118,314.943508,314.94335505,-9999,14074098,-9999,330114.3,100,-1,-9999,-9999,-9999,-9999,-9999,-9999,-9999,unassigned,N/A,-9999,-9999,N/A,-9999,-9999,-9999,-9999,-9999,-9999,-9999,-9999,-9999,-9999
1124,315.100781,315.100628003,-9999,1860124.6,-9999,336896.3,11.15,-1,-9999,-9999,-9999,-9999,-9999,-9999,-9999,unassigned,N/A,-9999,-9999,N/A,-9999,-9999,-9999,-9999,-9999,-9999,-9999,-9999,-9999,-9999
1134,315.243001,315.242847962,-9999,1767747,-9999,369896.2,10.47,-1,-9999,-9999,-9999,-9999,-9999,-9999,-9999,unassigned,N/A,-9999,-9999,N/A,-9999,-9999,-9999,-9999,-9999,-9999,-9999,-9999,-9999,-9999
1137,315.943032,315.942878755,-9999,2298367.3,-9999,351817,14.33,-1,-9999,-9999,-9999,-9999,-9999,-9999,-9999,unassigned,N/A,-9999,-9999,N/A,-9999,-9999,-9999,-9999,-9999,-9999,-9999,-9999,-9999,-9999
1138,316.045731,316.045577724,-9999,1797658.8,-9999,346383.7,10.69,-1,-9999,-9999,-9999,-9999,-9999,-9999,-9999,unassigned,N/A,-9999,-9999,N/A,-9999,-9999,-9999,-9999,-9999,-9999,-9999,-9999,-9999,-9999
1148,316.940491,316.94033746,-9999,5549834.5,-9999,320377.3,37.98,-1,-9999,-9999,-9999,-9999,-9999,-9999,-9999,unassigned,N/A,-9999,-9999,N/A,-9999,-9999,-9999,-9999,-9999,-9999,-9999,-9999,-9999,-9999
1159,317.170567,317.170413392,-9999,1436488.4,-9999,411189.1,8.06,-1,-9999,-9999,-9999,-9999,-9999,-9999,-9999,unassigned,N/A,-9999,-9999,N/A,-9999,-9999,-9999,-9999,-9999,-9999,-9999,-9999,-9999,-9999
1165,318.061491,318.061337129,-9999,1379894.6,-9999,399731.2,7.65,-1,-9999,-9999,-9999,-9999,-9999,-9999,-9999,unassigned,N/A,-9999,-9999,N/A,-9999,-9999,-9999,-9999,-9999,-9999,-9999,-9999,-9999,-9999
1172,318.23854,318.238386077,-9999,2676837.8,-9999,302629.6,17.08,-1,-9999,-9999,-9999,-9999,-9999,-9999,-9999,unassigned,N/A,-9999,-9999,N/A,-9999,-9999,-9999,-9999,-9999,-9999,-9999,-9999,-9999,-9999
1173,318.315031,318.314877054,-9999,1326458.3,-9999,338032.2,7.26,-1,-9999,-9999,-9999,-9999,-9999,-9999,-9999,unassigned,N/A,-9999,-9999,N/A,-9999,-9999,-9999,-9999,-9999,-9999,-9999,-9999,-9999,-9999
1174,318.745831,318.745676927,-9999,5372141,-9999,324841.3,36.69,-1,-9999,-9999,-9999,-9999,-9999,-9999,-9999,unassigned,N/A,-9999,-9999,N/A,-9999,-9999,-9999,-9999,-9999,-9999,-9999,-9999,-9999,-9999
1181,319.149373,319.149218808,-9999,1543896.8,-9999,269325.1,8.84,-1,-9999,-9999,-9999,-9999,-9999,-9999,-9999,unassigned,N/A,-9999,-9999,N/A,-9999,-9999,-9999,-9999,-9999,-9999,-9999,-9999,-9999,-9999
1185,319.222537,319.222382787,-9999,1740652.3,-9999,376387.8,10.27,-1,-9999,-9999,-9999,-9999,-9999,-9999,-9999,unassigned,N/A,-9999,-9999,N/A,-9999,-9999,-9999,-9999,-9999,-9999,-9999,-9999,-9999,-9999
1192,320.742862,320.742707338,-9999,9639681,-9999,320974.4,67.73,-1,-9999,-9999,-9999,-9999,-9999,-9999,-9999,unassigned,N/A,-9999,-9999,N/A,-9999,-9999,-9999,-9999,-9999,-9999,-9999,-9999,-9999,-9999
1193,320.922956,320.922801284,-9999,3572528.3,-9999,345101.2,23.59,-1,-9999,-9999,-9999,-9999,-9999,-9999,-9999,unassigned,N/A,-9999,-9999,N/A,-9999,-9999,-9999,-9999,-9999,-9999,-9999,-9999,-9999,-9999
1194,321.009373,321.009218259,-9999,3701575.3,-9999,332647,24.53,-1,-9999,-9999,-9999,-9999,-9999,-9999,-9999,unassigned,N/A,-9999,-9999,N/A,-9999,-9999,-9999,-9999,-9999,-9999,-9999,-9999,-9999,-9999
1201,321.165486,321.165331213,-9999,4553584.5,-9999,324460.8,30.73,-1,-9999,-9999,-9999,-9999,-9999,-9999,-9999,unassigned,N/A,-9999,-9999,N/A,-9999,-9999,-9999,-9999,-9999,-9999,-9999,-9999,-9999,-9999
1204,321.201886,321.201731202,-9999,2439546.3,-9999,349562.1,15.35,-1,-9999,-9999,-9999,-9999,-9999,-9999,-9999,unassigned,N/A,-9999,-9999,N/A,-9999,-9999,-9999,-9999,-9999,-9999,-9999,-9999,-9999,-9999
1207,321.238255,321.238100191,-9999,16979844,-9999,321751.8,121.13,-1,-9999,-9999,-9999,-9999,-9999,-9999,-9999,unassigned,N/A,-9999,-9999,N/A,-9999,-9999,-9999,-9999,-9999,-9999,-9999,-9999,-9999,-9999
1208,321.256772,321.256617186,-9999,1645704.9,-9999,337820.3,9.57,-1,-9999,-9999,-9999,-9999,-9999,-9999,-9999,unassigned,N/A,-9999,-9999,N/A,-9999,-9999,-9999,-9999,-9999,-9999,-9999,-9999,-9999,-9999
1209,322.102558,322.102402936,-9999,1451881,-9999,294208.7,8.04,-1,-9999,-9999,-9999,-9999,-9999,-9999,-9999,unassigned,N/A,-9999,-9999,N/A,-9999,-9999,-9999,-9999,-9999,-9999,-9999,-9999,-9999,-9999
1213,322.241551,322.241395895,-9999,2723469.8,-9999,352178.4,17.15,-1,-9999,-9999,-9999,-9999,-9999,-9999,-9999,unassigned,N/A,-9999,-9999,N/A,-9999,-9999,-9999,-9999,-9999,-9999,-9999,-9999,-9999,-9999
1214,322.739912,322.739756748,-9999,7764241.5,-9999,316083.2,53.26,-1,-9999,-9999,-9999,-9999,-9999,-9999,-9999,unassigned,N/A,-9999,-9999,N/A,-9999,-9999,-9999,-9999,-9999,-9999,-9999,-9999,-9999,-9999
1215,322.787422,322.787266734,-9999,2492702.3,-9999,335673,15.49,-1,-9999,-9999,-9999,-9999,-9999,-9999,-9999,unassigned,N/A,-9999,-9999,N/A,-9999,-9999,-9999,-9999,-9999,-9999,-9999,-9999,-9999,-9999
1216,322.838524,322.838368719,-9999,1703467.8,-9999,323739.7,9.84,-1,-9999,-9999,-9999,-9999,-9999,-9999,-9999,unassigned,N/A,-9999,-9999,N/A,-9999,-9999,-9999,-9999,-9999,-9999,-9999,-9999,-9999,-9999
1226,323.181108,323.180952618,-9999,16869766,-9999,315502.1,118.5,-1,-9999,-9999,-9999,-9999,-9999,-9999,-9999,unassigned,N/A,-9999,-9999,N/A,-9999,-9999,-9999,-9999,-9999,-9999,-9999,-9999,-9999,-9999
1227,323.184143,323.183987617,-9999,1415303,-9999,428575.8,7.77,-1,-9999,-9999,-9999,-9999,-9999,-9999,-9999,unassigned,N/A,-9999,-9999,N/A,-9999,-9999,-9999,-9999,-9999,-9999,-9999,-9999,-9999,-9999
1231,324.151115,324.150959331,-9999,1388166.4,-9999,369560.2,7.58,-1,-9999,-9999,-9999,-9999,-9999,-9999,-9999,unassigned,N/A,-9999,-9999,N/A,-9999,-9999,-9999,-9999,-9999,-9999,-9999,-9999,-9999,-9999
1232,324.184386,324.184230322,-9999,2756239,-9999,307746.3,17.38,-1,-9999,-9999,-9999,-9999,-9999,-9999,-9999,unassigned,N/A,-9999,-9999,N/A,-9999,-9999,-9999,-9999,-9999,-9999,-9999,-9999,-9999,-9999
1234,324.736981,324.736825158,-9999,3674912.8,-9999,317451.6,23.96,-1,-9999,-9999,-9999,-9999,-9999,-9999,-9999,unassigned,N/A,-9999,-9999,N/A,-9999,-9999,-9999,-9999,-9999,-9999,-9999,-9999,-9999,-9999
1235,324.762777,324.762621151,-9999,5833511.5,-9999,331989.6,39.43,-1,-9999,-9999,-9999,-9999,-9999,-9999,-9999,unassigned,N/A,-9999,-9999,N/A,-9999,-9999,-9999,-9999,-9999,-9999,-9999,-9999,-9999,-9999
1236,324.78441,324.784254144,-9999,2523949.3,-9999,320720.7,15.71,-1,-9999,-9999,-9999,-9999,-9999,-9999,-9999,unassigned,N/A,-9999,-9999,N/A,-9999,-9999,-9999,-9999,-9999,-9999,-9999,-9999,-9999,-9999
1237,324.964265,324.964109091,-9999,2038108.8,-9999,303922.6,12.23,-1,-9999,-9999,-9999,-9999,-9999,-9999,-9999,unassigned,N/A,-9999,-9999,N/A,-9999,-9999,-9999,-9999,-9999,-9999,-9999,-9999,-9999,-9999
1239,325.055107,325.054951064,-9999,1562996.6,-9999,306353.1,8.83,-1,-9999,-9999,-9999,-9999,-9999,-9999,-9999,unassigned,N/A,-9999,-9999,N/A,-9999,-9999,-9999,-9999,-9999,-9999,-9999,-9999,-9999,-9999
1246,325.179094,325.178938028,-9999,1719701.4,-9999,390488.3,9.95,-1,-9999,-9999,-9999,-9999,-9999,-9999,-9999,unassigned,N/A,-9999,-9999,N/A,-9999,-9999,-9999,-9999,-9999,-9999,-9999,-9999,-9999,-9999
1248,325.196755,325.196599023,-9999,5684122,-9999,323137.2,38.36,-1,-9999,-9999,-9999,-9999,-9999,-9999,-9999,unassigned,N/A,-9999,-9999,N/A,-9999,-9999,-9999,-9999,-9999,-9999,-9999,-9999,-9999,-9999
1250,325.761801,325.761644856,-9999,1370926.8,-9999,280514.4,7.45,-1,-9999,-9999,-9999,-9999,-9999,-9999,-9999,unassigned,N/A,-9999,-9999,N/A,-9999,-9999,-9999,-9999,-9999,-9999,-9999,-9999,-9999,-9999
1251,326.130427,326.130270747,-9999,1325199.8,-9999,364557,7.12,-1,-9999,-9999,-9999,-9999,-9999,-9999,-9999,unassigned,N/A,-9999,-9999,N/A,-9999,-9999,-9999,-9999,-9999,-9999,-9999,-9999,-9999,-9999
1255,326.759828,326.759671561,-9999,14257461,-9999,324040.5,99.78,-1,-9999,-9999,-9999,-9999,-9999,-9999,-9999,unassigned,N/A,-9999,-9999,N/A,-9999,-9999,-9999,-9999,-9999,-9999,-9999,-9999,-9999,-9999
1256,326.78149,326.781333555,-9999,1564475,-9999,411778.3,8.84,-1,-9999,-9999,-9999,-9999,-9999,-9999,-9999,unassigned,N/A,-9999,-9999,N/A,-9999,-9999,-9999,-9999,-9999,-9999,-9999,-9999,-9999,-9999
1257,326.829043,326.828886541,-9999,1374279.5,-9999,377040.7,7.47,-1,-9999,-9999,-9999,-9999,-9999,-9999,-9999,unassigned,N/A,-9999,-9999,N/A,-9999,-9999,-9999,-9999,-9999,-9999,-9999,-9999,-9999,-9999
1265,327.137279,327.13712245,-9999,1323672.6,-9999,296671.4,7.11,-1,-9999,-9999,-9999,-9999,-9999,-9999,-9999,unassigned,N/A,-9999,-9999,N/A,-9999,-9999,-9999,-9999,-9999,-9999,-9999,-9999,-9999,-9999
1277,328.756888,328.756730971,-9999,10979138,-9999,324425.3,76.28,-1,-9999,-9999,-9999,-9999,-9999,-9999,-9999,unassigned,N/A,-9999,-9999,N/A,-9999,-9999,-9999,-9999,-9999,-9999,-9999,-9999,-9999,-9999
1278,328.804373,328.804215957,-9999,11456334,-9999,315002.6,79.7,-1,-9999,-9999,-9999,-9999,-9999,-9999,-9999,unassigned,N/A,-9999,-9999,N/A,-9999,-9999,-9999,-9999,-9999,-9999,-9999,-9999,-9999,-9999
1279,328.959155,328.958997912,-9999,30936950,-9999,312703.2,219.27,-1,-9999,-9999,-9999,-9999,-9999,-9999,-9999,unassigned,N/A,-9999,-9999,N/A,-9999,-9999,-9999,-9999,-9999,-9999,-9999,-9999,-9999,-9999
1294,329.958752,329.958594617,-9999,4210813,-9999,341241.7,27.79,-1,-9999,-9999,-9999,-9999,-9999,-9999,-9999,unassigned,N/A,-9999,-9999,N/A,-9999,-9999,-9999,-9999,-9999,-9999,-9999,-9999,-9999,-9999
1301,330.75391,330.753752382,-9999,6079821.5,-9999,326245.7,41.18,-1,-9999,-9999,-9999,-9999,-9999,-9999,-9999,unassigned,N/A,-9999,-9999,N/A,-9999,-9999,-9999,-9999,-9999,-9999,-9999,-9999,-9999,-9999
1302,330.801429,330.801271368,-9999,15749466,-9999,309698.6,110.46,-1,-9999,-9999,-9999,-9999,-9999,-9999,-9999,unassigned,N/A,-9999,-9999,N/A,-9999,-9999,-9999,-9999,-9999,-9999,-9999,-9999,-9999,-9999
1303,330.956134,330.955976322,-9999,12056963,-9999,304096.2,84,-1,-9999,-9999,-9999,-9999,-9999,-9999,-9999,unassigned,N/A,-9999,-9999,N/A,-9999,-9999,-9999,-9999,-9999,-9999,-9999,-9999,-9999,-9999
1313,331.149801,331.149643265,-9999,269160896,-9999,315498.2,1926.03,-1,-9999,-9999,-9999,-9999,-9999,-9999,-9999,unassigned,N/A,-9999,-9999,N/A,-9999,-9999,-9999,-9999,-9999,-9999,-9999,-9999,-9999,-9999
1319,331.186153,331.185995254,-9999,1683390.9,-9999,337993.1,9.68,-1,-9999,-9999,-9999,-9999,-9999,-9999,-9999,unassigned,N/A,-9999,-9999,N/A,-9999,-9999,-9999,-9999,-9999,-9999,-9999,-9999,-9999,-9999
1325,331.930828,331.930670034,-9999,1905538,-9999,289680.5,11.15,-1,-9999,-9999,-9999,-9999,-9999,-9999,-9999,unassigned,N/A,-9999,-9999,N/A,-9999,-9999,-9999,-9999,-9999,-9999,-9999,-9999,-9999,-9999
1326,331.955808,331.955650027,-9999,1629320.6,-9999,357930.5,9.19,-1,-9999,-9999,-9999,-9999,-9999,-9999,-9999,unassigned,N/A,-9999,-9999,N/A,-9999,-9999,-9999,-9999,-9999,-9999,-9999,-9999,-9999,-9999
1337,332.750919,332.750760792,-9999,1610840.9,-9999,294182.2,9.06,-1,-9999,-9999,-9999,-9999,-9999,-9999,-9999,unassigned,N/A,-9999,-9999,N/A,-9999,-9999,-9999,-9999,-9999,-9999,-9999,-9999,-9999,-9999
1338,332.798471,332.798312778,-9999,8078181.5,-9999,321564.6,54.9,-1,-9999,-9999,-9999,-9999,-9999,-9999,-9999,unassigned,N/A,-9999,-9999,N/A,-9999,-9999,-9999,-9999,-9999,-9999,-9999,-9999,-9999,-9999
1339,332.845988,332.845829764,-9999,6843250,-9999,316548.2,46.15,-1,-9999,-9999,-9999,-9999,-9999,-9999,-9999,unassigned,N/A,-9999,-9999,N/A,-9999,-9999,-9999,-9999,-9999,-9999,-9999,-9999,-9999,-9999
1340,332.952998,332.952839733,-9999,1672589.9,-9999,344169.4,9.5,-1,-9999,-9999,-9999,-9999,-9999,-9999,-9999,unassigned,N/A,-9999,-9999,N/A,-9999,-9999,-9999,-9999,-9999,-9999,-9999,-9999,-9999,-9999
1352,333.201941,333.201782659,-9999,2421199,-9999,337163.8,14.8,-1,-9999,-9999,-9999,-9999,-9999,-9999,-9999,unassigned,N/A,-9999,-9999,N/A,-9999,-9999,-9999,-9999,-9999,-9999,-9999,-9999,-9999,-9999
1361,334.233457,334.233298355,-9999,2323677.3,-9999,302217.9,14.11,-1,-9999,-9999,-9999,-9999,-9999,-9999,-9999,unassigned,N/A,-9999,-9999,N/A,-9999,-9999,-9999,-9999,-9999,-9999,-9999,-9999,-9999,-9999
1363,334.719681,334.719522211,-9999,1516892.6,-9999,318443.8,8.39,-1,-9999,-9999,-9999,-9999,-9999,-9999,-9999,unassigned,N/A,-9999,-9999,N/A,-9999,-9999,-9999,-9999,-9999,-9999,-9999,-9999,-9999,-9999
1364,334.795615,334.795456189,-9999,1738096.5,-9999,332291.4,9.96,-1,-9999,-9999,-9999,-9999,-9999,-9999,-9999,unassigned,N/A,-9999,-9999,N/A,-9999,-9999,-9999,-9999,-9999,-9999,-9999,-9999,-9999,-9999
1365,334.843004,334.842845175,-9999,4190589,-9999,326635.9,27.34,-1,-9999,-9999,-9999,-9999,-9999,-9999,-9999,unassigned,N/A,-9999,-9999,N/A,-9999,-9999,-9999,-9999,-9999,-9999,-9999,-9999,-9999,-9999
1366,334.874983,334.874824165,-9999,1627525.4,-9999,374320.5,9.17,-1,-9999,-9999,-9999,-9999,-9999,-9999,-9999,unassigned,N/A,-9999,-9999,N/A,-9999,-9999,-9999,-9999,-9999,-9999,-9999,-9999,-9999,-9999
1367,334.938714,334.938555146,-9999,3599766,-9999,336098.9,23.15,-1,-9999,-9999,-9999,-9999,-9999,-9999,-9999,unassigned,N/A,-9999,-9999,N/A,-9999,-9999,-9999,-9999,-9999,-9999,-9999,-9999,-9999,-9999
1368,334.988675,334.988516132,-9999,6763939,-9999,323249.6,45.58,-1,-9999,-9999,-9999,-9999,-9999,-9999,-9999,unassigned,N/A,-9999,-9999,N/A,-9999,-9999,-9999,-9999,-9999,-9999,-9999,-9999,-9999,-9999
1374,335.108376,335.108217096,-9999,4415938.5,-9999,325856.5,28.94,-1,-9999,-9999,-9999,-9999,-9999,-9999,-9999,unassigned,N/A,-9999,-9999,N/A,-9999,-9999,-9999,-9999,-9999,-9999,-9999,-9999,-9999,-9999
1377,335.144867,335.144708085,-9999,1790668,-9999,330716.7,10.33,-1,-9999,-9999,-9999,-9999,-9999,-9999,-9999,unassigned,N/A,-9999,-9999,N/A,-9999,-9999,-9999,-9999,-9999,-9999,-9999,-9999,-9999,-9999
1380,335.181113,335.180954075,-9999,2104789.5,-9999,317854.3,12.56,-1,-9999,-9999,-9999,-9999,-9999,-9999,-9999,unassigned,N/A,-9999,-9999,N/A,-9999,-9999,-9999,-9999,-9999,-9999,-9999,-9999,-9999,-9999
1383,335.217543,335.217384064,-9999,3097055,-9999,318679.8,19.59,-1,-9999,-9999,-9999,-9999,-9999,-9999,-9999,unassigned,N/A,-9999,-9999,N/A,-9999,-9999,-9999,-9999,-9999,-9999,-9999,-9999,-9999,-9999
1387,335.718302,335.718142916,-9999,1759842.3,-9999,350761.1,10.11,-1,-9999,-9999,-9999,-9999,-9999,-9999,-9999,unassigned,N/A,-9999,-9999,N/A,-9999,-9999,-9999,-9999,-9999,-9999,-9999,-9999,-9999,-9999
1388,335.938149,335.937989851,-9999,1329051.9,-9999,338813.9,7.06,-1,-9999,-9999,-9999,-9999,-9999,-9999,-9999,unassigned,N/A,-9999,-9999,N/A,-9999,-9999,-9999,-9999,-9999,-9999,-9999,-9999,-9999,-9999
1394,336.249167,336.249007759,-9999,4764397.5,-9999,320426,31.41,-1,-9999,-9999,-9999,-9999,-9999,-9999,-9999,unassigned,N/A,-9999,-9999,N/A,-9999,-9999,-9999,-9999,-9999,-9999,-9999,-9999,-9999,-9999
1395,336.716885,336.716725621,-9999,1479784.1,-9999,255582.7,8.12,-1,-9999,-9999,-9999,-9999,-9999,-9999,-9999,unassigned,N/A,-9999,-9999,N/A,-9999,-9999,-9999,-9999,-9999,-9999,-9999,-9999,-9999,-9999
1396,336.718673,336.718513621,-9999,1399912.5,-9999,402920.6,7.56,-1,-9999,-9999,-9999,-9999,-9999,-9999,-9999,unassigned,N/A,-9999,-9999,N/A,-9999,-9999,-9999,-9999,-9999,-9999,-9999,-9999,-9999,-9999
1397,336.887626,336.887466571,-9999,1395348.9,-9999,374263.1,7.53,-1,-9999,-9999,-9999,-9999,-9999,-9999,-9999,unassigned,N/A,-9999,-9999,N/A,-9999,-9999,-9999,-9999,-9999,-9999,-9999,-9999,-9999,-9999
1398,336.971923,336.971763546,-9999,1347243,-9999,334402.9,7.18,-1,-9999,-9999,-9999,-9999,-9999,-9999,-9999,unassigned,N/A,-9999,-9999,N/A,-9999,-9999,-9999,-9999,-9999,-9999,-9999,-9999,-9999,-9999
1409,337.16037,337.16021049,-9999,2912220.3,-9999,379283,18.28,-1,-9999,-9999,-9999,-9999,-9999,-9999,-9999,unassigned,N/A,-9999,-9999,N/A,-9999,-9999,-9999,-9999,-9999,-9999,-9999,-9999,-9999,-9999
1412,337.196771,337.19661148,-9999,4436966,-9999,326449.1,29.09,-1,-9999,-9999,-9999,-9999,-9999,-9999,-9999,unassigned,N/A,-9999,-9999,N/A,-9999,-9999,-9999,-9999,-9999,-9999,-9999,-9999,-9999,-9999
1414,337.215446,337.215286474,-9999,6151147,-9999,306915.2,41.24,-1,-9999,-9999,-9999,-9999,-9999,-9999,-9999,unassigned,N/A,-9999,-9999,N/A,-9999,-9999,-9999,-9999,-9999,-9999,-9999,-9999,-9999,-9999
1415,337.233115,337.232955469,-9999,2477551.5,-9999,319594.5,15.2,-1,-9999,-9999,-9999,-9999,-9999,-9999,-9999,unassigned,N/A,-9999,-9999,N/A,-9999,-9999,-9999,-9999,-9999,-9999,-9999,-9999,-9999,-9999
1417,337.715488,337.715328326,-9999,1586286,-9999,378130.7,8.88,-1,-9999,-9999,-9999,-9999,-9999,-9999,-9999,unassigned,N/A,-9999,-9999,N/A,-9999,-9999,-9999,-9999,-9999,-9999,-9999,-9999,-9999,-9999
1421,338.166985,338.166825193,-9999,2646244.5,-9999,307235.5,16.39,-1,-9999,-9999,-9999,-9999,-9999,-9999,-9999,unassigned,N/A,-9999,-9999,N/A,-9999,-9999,-9999,-9999,-9999,-9999,-9999,-9999,-9999,-9999
1423,338.247044,338.246884169,-9999,1986809.5,-9999,358967.8,11.72,-1,-9999,-9999,-9999,-9999,-9999,-9999,-9999,unassigned,N/A,-9999,-9999,N/A,-9999,-9999,-9999,-9999,-9999,-9999,-9999,-9999,-9999,-9999
1424,338.713936,338.713776032,-9999,1388404,-9999,311297.5,7.47,-1,-9999,-9999,-9999,-9999,-9999,-9999,-9999,unassigned,N/A,-9999,-9999,N/A,-9999,-9999,-9999,-9999,-9999,-9999,-9999,-9999,-9999,-9999
1425,338.715656,338.715496031,-9999,2592628.5,-9999,297360.5,16.01,-1,-9999,-9999,-9999,-9999,-9999,-9999,-9999,unassigned,N/A,-9999,-9999,N/A,-9999,-9999,-9999,-9999,-9999,-9999,-9999,-9999,-9999,-9999
1426,338.887587,338.88742698,-9999,11010466,-9999,304416,75.68,-1,-9999,-9999,-9999,-9999,-9999,-9999,-9999,unassigned,N/A,-9999,-9999,N/A,-9999,-9999,-9999,-9999,-9999,-9999,-9999,-9999,-9999,-9999
1427,338.933575,338.933414967,-9999,6241710,-9999,309537.1,41.87,-1,-9999,-9999,-9999,-9999,-9999,-9999,-9999,unassigned,N/A,-9999,-9999,N/A,-9999,-9999,-9999,-9999,-9999,-9999,-9999,-9999,-9999,-9999
1431,339.070794,339.070633926,-9999,5117394,-9999,308496.9,33.9,-1,-9999,-9999,-9999,-9999,-9999,-9999,-9999,unassigned,N/A,-9999,-9999,N/A,-9999,-9999,-9999,-9999,-9999,-9999,-9999,-9999,-9999,-9999
1439,339.17604,339.175879895,-9999,3587565.5,-9999,336201,23.06,-1,-9999,-9999,-9999,-9999,-9999,-9999,-9999,unassigned,N/A,-9999,-9999,N/A,-9999,-9999,-9999,-9999,-9999,-9999,-9999,-9999,-9999,-9999
1443,339.212523,339.212362884,-9999,2243575,-9999,345525.2,13.53,-1,-9999,-9999,-9999,-9999,-9999,-9999,-9999,unassigned,N/A,-9999,-9999,N/A,-9999,-9999,-9999,-9999,-9999,-9999,-9999,-9999,-9999,-9999
1445,339.87,339.86983969,-9999,1989795.8,-9999,307503.8,11.73,-1,-9999,-9999,-9999,-9999,-9999,-9999,-9999,unassigned,N/A,-9999,-9999,N/A,-9999,-9999,-9999,-9999,-9999,-9999,-9999,-9999,-9999,-9999
1450,340.712681,340.712520441,-9999,1995649.4,-9999,333616.9,11.77,-1,-9999,-9999,-9999,-9999,-9999,-9999,-9999,unassigned,N/A,-9999,-9999,N/A,-9999,-9999,-9999,-9999,-9999,-9999,-9999,-9999,-9999,-9999
1451,340.736592,340.736431434,-9999,1516935.6,-9999,276552.8,8.38,-1,-9999,-9999,-9999,-9999,-9999,-9999,-9999,unassigned,N/A,-9999,-9999,N/A,-9999,-9999,-9999,-9999,-9999,-9999,-9999,-9999,-9999,-9999
1452,340.885561,340.88540039,-9999,21912494,-9999,302983.6,152.95,-1,-9999,-9999,-9999,-9999,-9999,-9999,-9999,unassigned,N/A,-9999,-9999,N/A,-9999,-9999,-9999,-9999,-9999,-9999,-9999,-9999,-9999,-9999
1464,341.191702,341.1915413,-9999,4255743.5,-9999,302966.1,27.79,-1,-9999,-9999,-9999,-9999,-9999,-9999,-9999,unassigned,N/A,-9999,-9999,N/A,-9999,-9999,-9999,-9999,-9999,-9999,-9999,-9999,-9999,-9999
1468,341.888862,341.888701094,-9999,2474678.8,-9999,313502.9,15.02,-1,-9999,-9999,-9999,-9999,-9999,-9999,-9999,unassigned,N/A,-9999,-9999,N/A,-9999,-9999,-9999,-9999,-9999,-9999,-9999,-9999,-9999,-9999
1475,342.733813,342.733651845,-9999,3190165.3,-9999,348755.7,20.04,-1,-9999,-9999,-9999,-9999,-9999,-9999,-9999,unassigned,N/A,-9999,-9999,N/A,-9999,-9999,-9999,-9999,-9999,-9999,-9999,-9999,-9999,-9999
1476,342.761352,342.761190837,-9999,2699164.5,-9999,322503,16.59,-1,-9999,-9999,-9999,-9999,-9999,-9999,-9999,unassigned,N/A,-9999,-9999,N/A,-9999,-9999,-9999,-9999,-9999,-9999,-9999,-9999,-9999,-9999
1477,342.8835,342.883338801,-9999,10159549,-9999,302248.7,68.95,-1,-9999,-9999,-9999,-9999,-9999,-9999,-9999,unassigned,N/A,-9999,-9999,N/A,-9999,-9999,-9999,-9999,-9999,-9999,-9999,-9999,-9999,-9999
1478,342.974799,342.974637774,-9999,43310548,-9999,299708.9,301.62,-1,-9999,-9999,-9999,-9999,-9999,-9999,-9999,unassigned,N/A,-9999,-9999,N/A,-9999,-9999,-9999,-9999,-9999,-9999,-9999,-9999,-9999,-9999
1482,343.05774,343.057578749,-9999,3292138.8,-9999,305238.7,20.75,-1,-9999,-9999,-9999,-9999,-9999,-9999,-9999,unassigned,N/A,-9999,-9999,N/A,-9999,-9999,-9999,-9999,-9999,-9999,-9999,-9999,-9999,-9999
1486,343.132194,343.132032727,-9999,1840382.3,-9999,320164.2,10.56,-1,-9999,-9999,-9999,-9999,-9999,-9999,-9999,unassigned,N/A,-9999,-9999,N/A,-9999,-9999,-9999,-9999,-9999,-9999,-9999,-9999,-9999,-9999
1488,343.166062,343.165900717,-9999,3082759.3,-9999,316524.5,19.28,-1,-9999,-9999,-9999,-9999,-9999,-9999,-9999,unassigned,N/A,-9999,-9999,N/A,-9999,-9999,-9999,-9999,-9999,-9999,-9999,-9999,-9999,-9999
1495,343.974422,343.974260478,-9999,6032092,-9999,318572.8,39.98,-1,-9999,-9999,-9999,-9999,-9999,-9999,-9999,unassigned,N/A,-9999,-9999,N/A,-9999,-9999,-9999,-9999,-9999,-9999,-9999,-9999,-9999,-9999
1496,343.978078,343.977916477,-9999,1598173.1,-9999,384615.2,8.86,-1,-9999,-9999,-9999,-9999,-9999,-9999,-9999,unassigned,N/A,-9999,-9999,N/A,-9999,-9999,-9999,-9999,-9999,-9999,-9999,-9999,-9999,-9999
1504,344.73088,344.730718255,-9999,2468771.5,-9999,303707.6,14.97,-1,-9999,-9999,-9999,-9999,-9999,-9999,-9999,unassigned,N/A,-9999,-9999,N/A,-9999,-9999,-9999,-9999,-9999,-9999,-9999,-9999,-9999,-9999
1505,344.759282,344.759120247,-9999,6842283,-9999,306212.2,45.67,-1,-9999,-9999,-9999,-9999,-9999,-9999,-9999,unassigned,N/A,-9999,-9999,N/A,-9999,-9999,-9999,-9999,-9999,-9999,-9999,-9999,-9999,-9999
1506,344.769441,344.769279244,-9999,3069869.8,-9999,310616.8,19.19,-1,-9999,-9999,-9999,-9999,-9999,-9999,-9999,unassigned,N/A,-9999,-9999,N/A,-9999,-9999,-9999,-9999,-9999,-9999,-9999,-9999,-9999,-9999
1507,344.778346,344.778184241,-9999,2652080,-9999,329484.2,16.26,-1,-9999,-9999,-9999,-9999,-9999,-9999,-9999,unassigned,N/A,-9999,-9999,N/A,-9999,-9999,-9999,-9999,-9999,-9999,-9999,-9999,-9999,-9999
1508,344.971807,344.971645184,-9999,15032291,-9999,292666,103.15,-1,-9999,-9999,-9999,-9999,-9999,-9999,-9999,unassigned,N/A,-9999,-9999,N/A,-9999,-9999,-9999,-9999,-9999,-9999,-9999,-9999,-9999,-9999
1516,345.096153,345.095991147,-9999,1664259.9,-9999,324403.1,9.32,-1,-9999,-9999,-9999,-9999,-9999,-9999,-9999,unassigned,N/A,-9999,-9999,N/A,-9999,-9999,-9999,-9999,-9999,-9999,-9999,-9999,-9999,-9999
1523,345.165496,345.165334127,-9999,1644566.1,-9999,379915.2,9.18,-1,-9999,-9999,-9999,-9999,-9999,-9999,-9999,unassigned,N/A,-9999,-9999,N/A,-9999,-9999,-9999,-9999,-9999,-9999,-9999,-9999,-9999,-9999
1531,345.971429,345.971266889,-9999,2667242.8,-9999,300256.9,16.36,-1,-9999,-9999,-9999,-9999,-9999,-9999,-9999,unassigned,N/A,-9999,-9999,N/A,-9999,-9999,-9999,-9999,-9999,-9999,-9999,-9999,-9999,-9999
1538,346.738762,346.738599662,-9999,1705909.1,-9999,350478.7,9.61,-1,-9999,-9999,-9999,-9999,-9999,-9999,-9999,unassigned,N/A,-9999,-9999,N/A,-9999,-9999,-9999,-9999,-9999,-9999,-9999,-9999,-9999,-9999
1539,346.757238,346.757075657,-9999,7166394,-9999,320624.3,47.94,-1,-9999,-9999,-9999,-9999,-9999,-9999,-9999,unassigned,N/A,-9999,-9999,N/A,-9999,-9999,-9999,-9999,-9999,-9999,-9999,-9999,-9999,-9999
1540,346.766438,346.766275654,-9999,4458940.5,-9999,310636.9,28.93,-1,-9999,-9999,-9999,-9999,-9999,-9999,-9999,unassigned,N/A,-9999,-9999,N/A,-9999,-9999,-9999,-9999,-9999,-9999,-9999,-9999,-9999,-9999
1541,346.775329,346.775166651,-9999,3699134.8,-9999,294300.8,23.6,-1,-9999,-9999,-9999,-9999,-9999,-9999,-9999,unassigned,N/A,-9999,-9999,N/A,-9999,-9999,-9999,-9999,-9999,-9999,-9999,-9999,-9999,-9999
1548,347.12703,347.126867548,-9999,2357275.5,-9999,299011.8,14.18,-1,-9999,-9999,-9999,-9999,-9999,-9999,-9999,unassigned,N/A,-9999,-9999,N/A,-9999,-9999,-9999,-9999,-9999,-9999,-9999,-9999,-9999,-9999
1550,347.144728,347.144565542,-9999,4801056,-9999,311984.5,31.33,-1,-9999,-9999,-9999,-9999,-9999,-9999,-9999,unassigned,N/A,-9999,-9999,N/A,-9999,-9999,-9999,-9999,-9999,-9999,-9999,-9999,-9999,-9999
1553,347.181134,347.180971532,-9999,4102697.8,-9999,306531,26.43,-1,-9999,-9999,-9999,-9999,-9999,-9999,-9999,unassigned,N/A,-9999,-9999,N/A,-9999,-9999,-9999,-9999,-9999,-9999,-9999,-9999,-9999,-9999
1561,348.212759,348.212596227,-9999,4925242,-9999,301557.1,32.2,-1,-9999,-9999,-9999,-9999,-9999,-9999,-9999,unassigned,N/A,-9999,-9999,N/A,-9999,-9999,-9999,-9999,-9999,-9999,-9999,-9999,-9999,-9999
1563,348.736371,348.736208072,-9999,1500100.1,-9999,342734.5,8.16,-1,-9999,-9999,-9999,-9999,-9999,-9999,-9999,unassigned,N/A,-9999,-9999,N/A,-9999,-9999,-9999,-9999,-9999,-9999,-9999,-9999,-9999,-9999
1564,348.755187,348.755024067,-9999,1916361.1,-9999,358820.6,11.09,-1,-9999,-9999,-9999,-9999,-9999,-9999,-9999,unassigned,N/A,-9999,-9999,N/A,-9999,-9999,-9999,-9999,-9999,-9999,-9999,-9999,-9999,-9999
1565,348.763446,348.763283064,-9999,2521035.3,-9999,327115.6,15.33,-1,-9999,-9999,-9999,-9999,-9999,-9999,-9999,unassigned,N/A,-9999,-9999,N/A,-9999,-9999,-9999,-9999,-9999,-9999,-9999,-9999,-9999,-9999
1566,348.772521,348.772358062,-9999,1748685.6,-9999,275471.8,9.91,-1,-9999,-9999,-9999,-9999,-9999,-9999,-9999,unassigned,N/A,-9999,-9999,N/A,-9999,-9999,-9999,-9999,-9999,-9999,-9999,-9999,-9999,-9999
1567,348.905546,348.905383023,-9999,1451248.8,-9999,307340.5,7.82,-1,-9999,-9999,-9999,-9999,-9999,-9999,-9999,unassigned,N/A,-9999,-9999,N/A,-9999,-9999,-9999,-9999,-9999,-9999,-9999,-9999,-9999,-9999
1568,348.954281,348.954118008,-9999,1703933.6,-9999,369674.8,9.59,-1,-9999,-9999,-9999,-9999,-9999,-9999,-9999,unassigned,N/A,-9999,-9999,N/A,-9999,-9999,-9999,-9999,-9999,-9999,-9999,-9999,-9999,-9999
1576,349.196803,349.196639937,-9999,17790014,-9999,293671.5,122.49,-1,-9999,-9999,-9999,-9999,-9999,-9999,-9999,unassigned,N/A,-9999,-9999,N/A,-9999,-9999,-9999,-9999,-9999,-9999,-9999,-9999,-9999,-9999
1580,349.288268,349.28810491,-9999,1604693.8,-9999,347509.1,8.9,-1,-9999,-9999,-9999,-9999,-9999,-9999,-9999,unassigned,N/A,-9999,-9999,N/A,-9999,-9999,-9999,-9999,-9999,-9999,-9999,-9999,-9999,-9999
1589,350.228486,350.228322632,-9999,5068110,-9999,302608.9,33.2,-1,-9999,-9999,-9999,-9999,-9999,-9999,-9999,unassigned,N/A,-9999,-9999,N/A,-9999,-9999,-9999,-9999,-9999,-9999,-9999,-9999,-9999,-9999
1591,350.786254,350.786090467,-9999,6383073,-9999,302915.9,42.43,-1,-9999,-9999,-9999,-9999,-9999,-9999,-9999,unassigned,N/A,-9999,-9999,N/A,-9999,-9999,-9999,-9999,-9999,-9999,-9999,-9999,-9999,-9999
1595,351.103269,351.103105374,-9999,3073076.8,-9999,323354,19.2,-1,-9999,-9999,-9999,-9999,-9999,-9999,-9999,unassigned,N/A,-9999,-9999,N/A,-9999,-9999,-9999,-9999,-9999,-9999,-9999,-9999,-9999,-9999
1597,351.121969,351.121805368,-9999,2613305.5,-9999,295697.6,15.97,-1,-9999,-9999,-9999,-9999,-9999,-9999,-9999,unassigned,N/A,-9999,-9999,N/A,-9999,-9999,-9999,-9999,-9999,-9999,-9999,-9999,-9999,-9999
1604,351.21245,351.212286341,-9999,53225040,-9999,293713,371.19,-1,-9999,-9999,-9999,-9999,-9999,-9999,-9999,unassigned,N/A,-9999,-9999,N/A,-9999,-9999,-9999,-9999,-9999,-9999,-9999,-9999,-9999,-9999
1613,352.182622,352.182458055,-9999,1406545.4,-9999,327689.7,7.5,-1,-9999,-9999,-9999,-9999,-9999,-9999,-9999,unassigned,N/A,-9999,-9999,N/A,-9999,-9999,-9999,-9999,-9999,-9999,-9999,-9999,-9999,-9999
1618,352.244113,352.243949037,-9999,7434081.5,-9999,296194.8,49.81,-1,-9999,-9999,-9999,-9999,-9999,-9999,-9999,unassigned,N/A,-9999,-9999,N/A,-9999,-9999,-9999,-9999,-9999,-9999,-9999,-9999,-9999,-9999
1619,352.783369,352.783204878,-9999,7577584,-9999,302347.4,50.28,-1,-9999,-9999,-9999,-9999,-9999,-9999,-9999,unassigned,N/A,-9999,-9999,N/A,-9999,-9999,-9999,-9999,-9999,-9999,-9999,-9999,-9999,-9999
1620,352.949219,352.949054829,-9999,15321116,-9999,300652.6,104.06,-1,-9999,-9999,-9999,-9999,-9999,-9999,-9999,unassigned,N/A,-9999,-9999,N/A,-9999,-9999,-9999,-9999,-9999,-9999,-9999,-9999,-9999,-9999
1637,353.191784,353.191619757,-9999,2617947.5,-9999,321105,15.83,-1,-9999,-9999,-9999,-9999,-9999,-9999,-9999,unassigned,N/A,-9999,-9999,N/A,-9999,-9999,-9999,-9999,-9999,-9999,-9999,-9999,-9999,-9999
1641,353.228137,353.227972746,-9999,2489445.3,-9999,320167.1,14.94,-1,-9999,-9999,-9999,-9999,-9999,-9999,-9999,unassigned,N/A,-9999,-9999,N/A,-9999,-9999,-9999,-9999,-9999,-9999,-9999,-9999,-9999,-9999
1644,353.948844,353.948679533,-9999,2667811.3,-9999,321870.4,16.18,-1,-9999,-9999,-9999,-9999,-9999,-9999,-9999,unassigned,N/A,-9999,-9999,N/A,-9999,-9999,-9999,-9999,-9999,-9999,-9999,-9999,-9999,-9999
1647,354.78043,354.780265288,-9999,4484606.5,-9999,307742.5,28.8,-1,-9999,-9999,-9999,-9999,-9999,-9999,-9999,unassigned,N/A,-9999,-9999,N/A,-9999,-9999,-9999,-9999,-9999,-9999,-9999,-9999,-9999,-9999
1648,354.827813,354.827648274,-9999,1543690.9,-9999,340457.1,8.37,-1,-9999,-9999,-9999,-9999,-9999,-9999,-9999,unassigned,N/A,-9999,-9999,N/A,-9999,-9999,-9999,-9999,-9999,-9999,-9999,-9999,-9999,-9999
1649,354.873529,354.87336426,-9999,2007574.9,-9999,343301.2,11.59,-1,-9999,-9999,-9999,-9999,-9999,-9999,-9999,unassigned,N/A,-9999,-9999,N/A,-9999,-9999,-9999,-9999,-9999,-9999,-9999,-9999,-9999,-9999
1650,354.946163,354.945998239,-9999,1476650,-9999,354574,7.9,-1,-9999,-9999,-9999,-9999,-9999,-9999,-9999,unassigned,N/A,-9999,-9999,N/A,-9999,-9999,-9999,-9999,-9999,-9999,-9999,-9999,-9999,-9999
1659,355.168569,355.168404173,-9999,1356132.6,-9999,276856.4,7.07,-1,-9999,-9999,-9999,-9999,-9999,-9999,-9999,unassigned,N/A,-9999,-9999,N/A,-9999,-9999,-9999,-9999,-9999,-9999,-9999,-9999,-9999,-9999
1671,356.870539,356.870373671,-9999,2512421,-9999,288463.2,15.1,-1,-9999,-9999,-9999,-9999,-9999,-9999,-9999,unassigned,N/A,-9999,-9999,N/A,-9999,-9999,-9999,-9999,-9999,-9999,-9999,-9999,-9999,-9999
1672,356.990474,356.990308635,-9999,29764676,-9999,290074.3,204.37,-1,-9999,-9999,-9999,-9999,-9999,-9999,-9999,unassigned,N/A,-9999,-9999,N/A,-9999,-9999,-9999,-9999,-9999,-9999,-9999,-9999,-9999,-9999
1680,357.147773,357.147607589,-9999,1977453.9,-9999,342561.3,11.38,-1,-9999,-9999,-9999,-9999,-9999,-9999,-9999,unassigned,N/A,-9999,-9999,N/A,-9999,-9999,-9999,-9999,-9999,-9999,-9999,-9999,-9999,-9999
1688,357.99006,357.98989434,-9999,4341067.5,-9999,276325.1,27.79,-1,-9999,-9999,-9999,-9999,-9999,-9999,-9999,unassigned,N/A,-9999,-9999,N/A,-9999,-9999,-9999,-9999,-9999,-9999,-9999,-9999,-9999,-9999
1695,358.793663,358.793497103,-9999,1618974.9,-9999,259466.8,8.89,-1,-9999,-9999,-9999,-9999,-9999,-9999,-9999,unassigned,N/A,-9999,-9999,N/A,-9999,-9999,-9999,-9999,-9999,-9999,-9999,-9999,-9999,-9999
1696,358.987462,358.987296046,-9999,9770578,-9999,285230.7,65.5,-1,-9999,-9999,-9999,-9999,-9999,-9999,-9999,unassigned,N/A,-9999,-9999,N/A,-9999,-9999,-9999,-9999,-9999,-9999,-9999,-9999,-9999,-9999
1700,359.075353,359.07518702,-9999,1359720.9,-9999,365862.7,7.09,-1,-9999,-9999,-9999,-9999,-9999,-9999,-9999,unassigned,N/A,-9999,-9999,N/A,-9999,-9999,-9999,-9999,-9999,-9999,-9999,-9999,-9999,-9999
1706,359.127043,359.126877005,-9999,1834614.5,-9999,325510,10.38,-1,-9999,-9999,-9999,-9999,-9999,-9999,-9999,unassigned,N/A,-9999,-9999,N/A,-9999,-9999,-9999,-9999,-9999,-9999,-9999,-9999,-9999,-9999
1713,359.199817,359.199650983,-9999,2419849.5,-9999,324269,14.45,-1,-9999,-9999,-9999,-9999,-9999,-9999,-9999,unassigned,N/A,-9999,-9999,N/A,-9999,-9999,-9999,-9999,-9999,-9999,-9999,-9999,-9999,-9999
1726,360.890537,360.890370484,-9999,2813509.5,-9999,311856.5,17.18,-1,-9999,-9999,-9999,-9999,-9999,-9999,-9999,unassigned,N/A,-9999,-9999,N/A,-9999,-9999,-9999,-9999,-9999,-9999,-9999,-9999,-9999,-9999
1727,360.894651,360.894484483,-9999,5464134.5,-9999,283584.1,35.59,-1,-9999,-9999,-9999,-9999,-9999,-9999,-9999,unassigned,N/A,-9999,-9999,N/A,-9999,-9999,-9999,-9999,-9999,-9999,-9999,-9999,-9999,-9999
1733,361.106378,361.10621142,-9999,1576574.3,-9999,302844.4,8.59,-1,-9999,-9999,-9999,-9999,-9999,-9999,-9999,unassigned,N/A,-9999,-9999,N/A,-9999,-9999,-9999,-9999,-9999,-9999,-9999,-9999,-9999,-9999
1737,361.160495,361.160328404,-9999,1632908.5,-9999,322004.5,8.98,-1,-9999,-9999,-9999,-9999,-9999,-9999,-9999,unassigned,N/A,-9999,-9999,N/A,-9999,-9999,-9999,-9999,-9999,-9999,-9999,-9999,-9999,-9999
1739,361.176691,361.176524399,-9999,1800336.6,-9999,405940.8,10.14,-1,-9999,-9999,-9999,-9999,-9999,-9999,-9999,unassigned,N/A,-9999,-9999,N/A,-9999,-9999,-9999,-9999,-9999,-9999,-9999,-9999,-9999,-9999
1744,361.251902,361.251735377,-9999,1912996.4,-9999,303791.2,10.92,-1,-9999,-9999,-9999,-9999,-9999,-9999,-9999,unassigned,N/A,-9999,-9999,N/A,-9999,-9999,-9999,-9999,-9999,-9999,-9999,-9999,-9999,-9999
1749,362.887549,362.887381894,-9999,2585169,-9999,283249.1,15.59,-1,-9999,-9999,-9999,-9999,-9999,-9999,-9999,unassigned,N/A,-9999,-9999,N/A,-9999,-9999,-9999,-9999,-9999,-9999,-9999,-9999,-9999,-9999
1750,362.89158,362.891412893,-9999,2307154.3,-9999,338532.6,13.66,-1,-9999,-9999,-9999,-9999,-9999,-9999,-9999,unassigned,N/A,-9999,-9999,N/A,-9999,-9999,-9999,-9999,-9999,-9999,-9999,-9999,-9999,-9999
1757,363.175983,363.175815809,-9999,4273820.5,-9999,277005.7,27.32,-1,-9999,-9999,-9999,-9999,-9999,-9999,-9999,unassigned,N/A,-9999,-9999,N/A,-9999,-9999,-9999,-9999,-9999,-9999,-9999,-9999,-9999,-9999
1762,363.303887,363.303719771,-9999,2056894.1,-9999,328039.6,11.92,-1,-9999,-9999,-9999,-9999,-9999,-9999,-9999,unassigned,N/A,-9999,-9999,N/A,-9999,-9999,-9999,-9999,-9999,-9999,-9999,-9999,-9999,-9999
1768,364.207709,364.207541504,-9999,1499562.5,-9999,262178.9,8.05,-1,-9999,-9999,-9999,-9999,-9999,-9999,-9999,unassigned,N/A,-9999,-9999,N/A,-9999,-9999,-9999,-9999,-9999,-9999,-9999,-9999,-9999,-9999
1774,365.133589,365.133421231,-9999,1629852.4,-9999,335855.5,8.85,-1,-9999,-9999,-9999,-9999,-9999,-9999,-9999,unassigned,N/A,-9999,-9999,N/A,-9999,-9999,-9999,-9999,-9999,-9999,-9999,-9999,-9999,-9999
1778,365.19168,365.191512214,-9999,8836268,-9999,291632.8,58.35,-1,-9999,-9999,-9999,-9999,-9999,-9999,-9999,unassigned,N/A,-9999,-9999,N/A,-9999,-9999,-9999,-9999,-9999,-9999,-9999,-9999,-9999,-9999
1789,366.194878,366.194709918,-9999,1614769.3,-9999,302294.1,8.75,-1,-9999,-9999,-9999,-9999,-9999,-9999,-9999,unassigned,N/A,-9999,-9999,N/A,-9999,-9999,-9999,-9999,-9999,-9999,-9999,-9999,-9999,-9999
1792,366.22338,366.223211909,-9999,7626168.5,-9999,285474,50.04,-1,-9999,-9999,-9999,-9999,-9999,-9999,-9999,unassigned,N/A,-9999,-9999,N/A,-9999,-9999,-9999,-9999,-9999,-9999,-9999,-9999,-9999,-9999
1793,366.760398,366.760229751,-9999,1630788.6,-9999,310812.8,8.86,-1,-9999,-9999,-9999,-9999,-9999,-9999,-9999,unassigned,N/A,-9999,-9999,N/A,-9999,-9999,-9999,-9999,-9999,-9999,-9999,-9999,-9999,-9999
1794,366.964902,366.96473369,-9999,15238778,-9999,281794.1,102.32,-1,-9999,-9999,-9999,-9999,-9999,-9999,-9999,unassigned,N/A,-9999,-9999,N/A,-9999,-9999,-9999,-9999,-9999,-9999,-9999,-9999,-9999,-9999
1801,367.153289,367.153120635,-9999,1584811,-9999,303989,8.54,-1,-9999,-9999,-9999,-9999,-9999,-9999,-9999,unassigned,N/A,-9999,-9999,N/A,-9999,-9999,-9999,-9999,-9999,-9999,-9999,-9999,-9999,-9999
1805,367.20738,367.207211619,-9999,22263482,-9999,282014.8,150.57,-1,-9999,-9999,-9999,-9999,-9999,-9999,-9999,unassigned,N/A,-9999,-9999,N/A,-9999,-9999,-9999,-9999,-9999,-9999,-9999,-9999,-9999,-9999
1809,367.243687,367.243518608,-9999,1513666.5,-9999,362419.8,8.05,-1,-9999,-9999,-9999,-9999,-9999,-9999,-9999,unassigned,N/A,-9999,-9999,N/A,-9999,-9999,-9999,-9999,-9999,-9999,-9999,-9999,-9999,-9999
1810,367.964409,367.964240395,-9999,3479934,-9999,255899.4,21.55,-1,-9999,-9999,-9999,-9999,-9999,-9999,-9999,unassigned,N/A,-9999,-9999,N/A,-9999,-9999,-9999,-9999,-9999,-9999,-9999,-9999,-9999,-9999
1812,368.17745,368.177281332,-9999,1422517.5,-9999,266020.2,7.42,-1,-9999,-9999,-9999,-9999,-9999,-9999,-9999,unassigned,N/A,-9999,-9999,N/A,-9999,-9999,-9999,-9999,-9999,-9999,-9999,-9999,-9999,-9999
1816,368.757371,368.757202161,-9999,3069004,-9999,304303.9,18.73,-1,-9999,-9999,-9999,-9999,-9999,-9999,-9999,unassigned,N/A,-9999,-9999,N/A,-9999,-9999,-9999,-9999,-9999,-9999,-9999,-9999,-9999,-9999
1817,368.96174,368.961571101,-9999,2374273.3,-9999,301429.3,13.96,-1,-9999,-9999,-9999,-9999,-9999,-9999,-9999,unassigned,N/A,-9999,-9999,N/A,-9999,-9999,-9999,-9999,-9999,-9999,-9999,-9999,-9999,-9999
1830,369.223023,369.222854024,-9999,8294597,-9999,288694.7,54.62,-1,-9999,-9999,-9999,-9999,-9999,-9999,-9999,unassigned,N/A,-9999,-9999,N/A,-9999,-9999,-9999,-9999,-9999,-9999,-9999,-9999,-9999,-9999
1836,370.979756,370.979586505,-9999,2557068,-9999,303901.3,15.21,-1,-9999,-9999,-9999,-9999,-9999,-9999,-9999,unassigned,N/A,-9999,-9999,N/A,-9999,-9999,-9999,-9999,-9999,-9999,-9999,-9999,-9999,-9999
1837,371.006031,371.005861497,-9999,3708051,-9999,231357.1,23.12,-1,-9999,-9999,-9999,-9999,-9999,-9999,-9999,unassigned,N/A,-9999,-9999,N/A,-9999,-9999,-9999,-9999,-9999,-9999,-9999,-9999,-9999,-9999
1845,371.163498,371.163328451,-9999,1807035.6,-9999,334827.7,10.06,-1,-9999,-9999,-9999,-9999,-9999,-9999,-9999,unassigned,N/A,-9999,-9999,N/A,-9999,-9999,-9999,-9999,-9999,-9999,-9999,-9999,-9999,-9999
1847,371.18125,371.181080446,-9999,1892544.3,-9999,199815.1,10.65,-1,-9999,-9999,-9999,-9999,-9999,-9999,-9999,unassigned,N/A,-9999,-9999,N/A,-9999,-9999,-9999,-9999,-9999,-9999,-9999,-9999,-9999,-9999
1858,372.189089,372.188919148,-9999,2090436.5,-9999,277523.5,12,-1,-9999,-9999,-9999,-9999,-9999,-9999,-9999,unassigned,N/A,-9999,-9999,N/A,-9999,-9999,-9999,-9999,-9999,-9999,-9999,-9999,-9999,-9999
1864,372.509582,372.509412053,-9999,1383575.3,-9999,231266,7.15,-1,-9999,-9999,-9999,-9999,-9999,-9999,-9999,unassigned,N/A,-9999,-9999,N/A,-9999,-9999,-9999,-9999,-9999,-9999,-9999,-9999,-9999,-9999
1877,373.179119,373.178948856,-9999,2583747.8,-9999,301319.1,15.39,-1,-9999,-9999,-9999,-9999,-9999,-9999,-9999,unassigned,N/A,-9999,-9999,N/A,-9999,-9999,-9999,-9999,-9999,-9999,-9999,-9999,-9999,-9999
1881,373.215487,373.215316845,-9999,2128077.3,-9999,304545.8,12.26,-1,-9999,-9999,-9999,-9999,-9999,-9999,-9999,unassigned,N/A,-9999,-9999,N/A,-9999,-9999,-9999,-9999,-9999,-9999,-9999,-9999,-9999,-9999
1886,374.105697,374.105526582,-9999,6073778,-9999,285264.9,39.36,-1,-9999,-9999,-9999,-9999,-9999,-9999,-9999,unassigned,N/A,-9999,-9999,N/A,-9999,-9999,-9999,-9999,-9999,-9999,-9999,-9999,-9999,-9999
1893,374.301167,374.300996524,-9999,3984868.5,-9999,302751.4,25.01,-1,-9999,-9999,-9999,-9999,-9999,-9999,-9999,unassigned,N/A,-9999,-9999,N/A,-9999,-9999,-9999,-9999,-9999,-9999,-9999,-9999,-9999,-9999
1894,374.681931,374.681760412,-9999,1521478.3,-9999,307214.6,8.09,-1,-9999,-9999,-9999,-9999,-9999,-9999,-9999,unassigned,N/A,-9999,-9999,N/A,-9999,-9999,-9999,-9999,-9999,-9999,-9999,-9999,-9999,-9999
1895,374.846615,374.846444363,-9999,1398384.5,-9999,371410.6,7.24,-1,-9999,-9999,-9999,-9999,-9999,-9999,-9999,unassigned,N/A,-9999,-9999,N/A,-9999,-9999,-9999,-9999,-9999,-9999,-9999,-9999,-9999,-9999
1896,374.910272,374.910101345,-9999,20135552,-9999,275352.5,135.94,-1,-9999,-9999,-9999,-9999,-9999,-9999,-9999,unassigned,N/A,-9999,-9999,N/A,-9999,-9999,-9999,-9999,-9999,-9999,-9999,-9999,-9999,-9999
1912,375.90988,375.909709049,-9999,4124545,-9999,290304.9,25.97,-1,-9999,-9999,-9999,-9999,-9999,-9999,-9999,unassigned,N/A,-9999,-9999,N/A,-9999,-9999,-9999,-9999,-9999,-9999,-9999,-9999,-9999,-9999
1920,376.704523,376.704351815,-9999,2829388.3,-9999,283484.1,17.07,-1,-9999,-9999,-9999,-9999,-9999,-9999,-9999,unassigned,N/A,-9999,-9999,N/A,-9999,-9999,-9999,-9999,-9999,-9999,-9999,-9999,-9999,-9999
1921,376.816595,376.816423782,-9999,2025576.9,-9999,317546.9,11.55,-1,-9999,-9999,-9999,-9999,-9999,-9999,-9999,unassigned,N/A,-9999,-9999,N/A,-9999,-9999,-9999,-9999,-9999,-9999,-9999,-9999,-9999,-9999
1922,376.907281,376.907109755,-9999,9642112,-9999,261117.5,63.86,-1,-9999,-9999,-9999,-9999,-9999,-9999,-9999,unassigned,N/A,-9999,-9999,N/A,-9999,-9999,-9999,-9999,-9999,-9999,-9999,-9999,-9999,-9999
1925,377.085942,377.085770702,-9999,4496557.5,-9999,291034.3,28.28,-1,-9999,-9999,-9999,-9999,-9999,-9999,-9999,unassigned,N/A,-9999,-9999,N/A,-9999,-9999,-9999,-9999,-9999,-9999,-9999,-9999,-9999,-9999
1929,377.155299,377.155127682,-9999,1457855.4,-9999,302424.5,7.58,-1,-9999,-9999,-9999,-9999,-9999,-9999,-9999,unassigned,N/A,-9999,-9999,N/A,-9999,-9999,-9999,-9999,-9999,-9999,-9999,-9999,-9999,-9999
1931,377.191677,377.191505671,-9999,1519048.8,-9999,321997,8,-1,-9999,-9999,-9999,-9999,-9999,-9999,-9999,unassigned,N/A,-9999,-9999,N/A,-9999,-9999,-9999,-9999,-9999,-9999,-9999,-9999,-9999,-9999
1937,377.319471,377.319299633,-9999,1857257.4,-9999,291484.9,10.3,-1,-9999,-9999,-9999,-9999,-9999,-9999,-9999,unassigned,N/A,-9999,-9999,N/A,-9999,-9999,-9999,-9999,-9999,-9999,-9999,-9999,-9999,-9999
1938,377.906869,377.90669746,-9999,1918335.1,-9999,333530.1,10.72,-1,-9999,-9999,-9999,-9999,-9999,-9999,-9999,unassigned,N/A,-9999,-9999,N/A,-9999,-9999,-9999,-9999,-9999,-9999,-9999,-9999,-9999,-9999
1944,378.701582,378.701410225,-9999,5270089.5,-9999,283784.8,33.54,-1,-9999,-9999,-9999,-9999,-9999,-9999,-9999,unassigned,N/A,-9999,-9999,N/A,-9999,-9999,-9999,-9999,-9999,-9999,-9999,-9999,-9999,-9999
1957,379.207424,379.207252076,-9999,2023625.9,-9999,266252.9,11.43,-1,-9999,-9999,-9999,-9999,-9999,-9999,-9999,unassigned,N/A,-9999,-9999,N/A,-9999,-9999,-9999,-9999,-9999,-9999,-9999,-9999,-9999,-9999
1963,380.180898,380.180725788,-9999,1801664.8,-9999,337639,9.92,-1,-9999,-9999,-9999,-9999,-9999,-9999,-9999,unassigned,N/A,-9999,-9999,N/A,-9999,-9999,-9999,-9999,-9999,-9999,-9999,-9999,-9999,-9999
1965,380.196161,380.195988784,-9999,3174340.8,-9999,281248.2,19.27,-1,-9999,-9999,-9999,-9999,-9999,-9999,-9999,unassigned,N/A,-9999,-9999,N/A,-9999,-9999,-9999,-9999,-9999,-9999,-9999,-9999,-9999,-9999
1966,380.202758,380.20258578200003,-9999,1934790.3,-9999,279389,10.83,-1,-9999,-9999,-9999,-9999,-9999,-9999,-9999,unassigned,N/A,-9999,-9999,N/A,-9999,-9999,-9999,-9999,-9999,-9999,-9999,-9999,-9999,-9999
1969,380.239143,380.238970771,-9999,1514703.5,-9999,265841.4,7.97,-1,-9999,-9999,-9999,-9999,-9999,-9999,-9999,unassigned,N/A,-9999,-9999,N/A,-9999,-9999,-9999,-9999,-9999,-9999,-9999,-9999,-9999,-9999
1970,380.676046,380.675873642,-9999,1388606.1,-9999,301574.1,7.11,-1,-9999,-9999,-9999,-9999,-9999,-9999,-9999,unassigned,N/A,-9999,-9999,N/A,-9999,-9999,-9999,-9999,-9999,-9999,-9999,-9999,-9999,-9999
1971,380.698562,380.698389636,-9999,4724804,-9999,293264.9,29.83,-1,-9999,-9999,-9999,-9999,-9999,-9999,-9999,unassigned,N/A,-9999,-9999,N/A,-9999,-9999,-9999,-9999,-9999,-9999,-9999,-9999,-9999,-9999
1983,381.186632,381.186459491,-9999,3843263.3,-9999,301740.9,23.82,-1,-9999,-9999,-9999,-9999,-9999,-9999,-9999,unassigned,N/A,-9999,-9999,N/A,-9999,-9999,-9999,-9999,-9999,-9999,-9999,-9999,-9999,-9999
1987,381.223061,381.222888481,-9999,4108488.3,-9999,261652.5,25.63,-1,-9999,-9999,-9999,-9999,-9999,-9999,-9999,unassigned,N/A,-9999,-9999,N/A,-9999,-9999,-9999,-9999,-9999,-9999,-9999,-9999,-9999,-9999
1988,381.228905,381.228732479,-9999,1576521.9,-9999,225812.3,8.38,-1,-9999,-9999,-9999,-9999,-9999,-9999,-9999,unassigned,N/A,-9999,-9999,N/A,-9999,-9999,-9999,-9999,-9999,-9999,-9999,-9999,-9999,-9999
1991,381.980023,381.979850257,-9999,2224519.3,-9999,277946.8,12.8,-1,-9999,-9999,-9999,-9999,-9999,-9999,-9999,unassigned,N/A,-9999,-9999,N/A,-9999,-9999,-9999,-9999,-9999,-9999,-9999,-9999,-9999,-9999
1992,382.695641,382.695468046,-9999,2631227.5,-9999,286631.9,15.56,-1,-9999,-9999,-9999,-9999,-9999,-9999,-9999,unassigned,N/A,-9999,-9999,N/A,-9999,-9999,-9999,-9999,-9999,-9999,-9999,-9999,-9999,-9999
1993,382.721394,382.721221038,-9999,4454978,-9999,270665.7,27.98,-1,-9999,-9999,-9999,-9999,-9999,-9999,-9999,unassigned,N/A,-9999,-9999,N/A,-9999,-9999,-9999,-9999,-9999,-9999,-9999,-9999,-9999,-9999
1994,382.7432,382.743027032,-9999,2058823.4,-9999,316583.6,11.67,-1,-9999,-9999,-9999,-9999,-9999,-9999,-9999,unassigned,N/A,-9999,-9999,N/A,-9999,-9999,-9999,-9999,-9999,-9999,-9999,-9999,-9999,-9999
1995,382.977248,382.977074963,-9999,2029186.3,-9999,253393.6,11.46,-1,-9999,-9999,-9999,-9999,-9999,-9999,-9999,unassigned,N/A,-9999,-9999,N/A,-9999,-9999,-9999,-9999,-9999,-9999,-9999,-9999,-9999,-9999
2008,383.202221,383.202047896,-9999,2169530.8,-9999,266562.4,12.42,-1,-9999,-9999,-9999,-9999,-9999,-9999,-9999,unassigned,N/A,-9999,-9999,N/A,-9999,-9999,-9999,-9999,-9999,-9999,-9999,-9999,-9999,-9999
2013,384.718496,384.718322449,-9999,9642039,-9999,272177.6,63.3,-1,-9999,-9999,-9999,-9999,-9999,-9999,-9999,unassigned,N/A,-9999,-9999,N/A,-9999,-9999,-9999,-9999,-9999,-9999,-9999,-9999,-9999,-9999
2014,384.740154,384.739980442,-9999,2115644,-9999,286527,12.05,-1,-9999,-9999,-9999,-9999,-9999,-9999,-9999,unassigned,N/A,-9999,-9999,N/A,-9999,-9999,-9999,-9999,-9999,-9999,-9999,-9999,-9999,-9999
2015,384.790742,384.790568427,-9999,1441864.6,-9999,310065.8,7.46,-1,-9999,-9999,-9999,-9999,-9999,-9999,-9999,unassigned,N/A,-9999,-9999,N/A,-9999,-9999,-9999,-9999,-9999,-9999,-9999,-9999,-9999,-9999
2016,384.884805,384.8846314,-9999,3378272.3,-9999,277949.6,20.65,-1,-9999,-9999,-9999,-9999,-9999,-9999,-9999,unassigned,N/A,-9999,-9999,N/A,-9999,-9999,-9999,-9999,-9999,-9999,-9999,-9999,-9999,-9999
2036,386.205023,386.20484901,-9999,1424809.3,-9999,286400.5,7.34,-1,-9999,-9999,-9999,-9999,-9999,-9999,-9999,unassigned,N/A,-9999,-9999,N/A,-9999,-9999,-9999,-9999,-9999,-9999,-9999,-9999,-9999,-9999
2037,386.71551,386.715335859,-9999,9208360,-9999,265597.8,60.35,-1,-9999,-9999,-9999,-9999,-9999,-9999,-9999,unassigned,N/A,-9999,-9999,N/A,-9999,-9999,-9999,-9999,-9999,-9999,-9999,-9999,-9999,-9999
2038,386.763058,386.762883845,-9999,7717428,-9999,271755.3,50.19,-1,-9999,-9999,-9999,-9999,-9999,-9999,-9999,unassigned,N/A,-9999,-9999,N/A,-9999,-9999,-9999,-9999,-9999,-9999,-9999,-9999,-9999,-9999
2039,386.788433,386.788258837,-9999,1380410.3,-9999,327889.9,7.04,-1,-9999,-9999,-9999,-9999,-9999,-9999,-9999,unassigned,N/A,-9999,-9999,N/A,-9999,-9999,-9999,-9999,-9999,-9999,-9999,-9999,-9999,-9999
2040,386.924295,386.924120797,-9999,2350684,-9999,296720.4,13.65,-1,-9999,-9999,-9999,-9999,-9999,-9999,-9999,unassigned,N/A,-9999,-9999,N/A,-9999,-9999,-9999,-9999,-9999,-9999,-9999,-9999,-9999,-9999
2066,388.712564,388.712389269,-9999,5654550,-9999,268440.5,36.14,-1,-9999,-9999,-9999,-9999,-9999,-9999,-9999,unassigned,N/A,-9999,-9999,N/A,-9999,-9999,-9999,-9999,-9999,-9999,-9999,-9999,-9999,-9999
2067,388.760093,388.759918255,-9999,13040674,-9999,272448.8,86.44,-1,-9999,-9999,-9999,-9999,-9999,-9999,-9999,unassigned,N/A,-9999,-9999,N/A,-9999,-9999,-9999,-9999,-9999,-9999,-9999,-9999,-9999,-9999
2068,388.922439,388.922264207,-9999,2058314,-9999,319392.3,11.65,-1,-9999,-9999,-9999,-9999,-9999,-9999,-9999,unassigned,N/A,-9999,-9999,N/A,-9999,-9999,-9999,-9999,-9999,-9999,-9999,-9999,-9999,-9999
2069,388.925972,388.925797206,-9999,37071948,-9999,266810.1,250.09,-1,-9999,-9999,-9999,-9999,-9999,-9999,-9999,unassigned,N/A,-9999,-9999,N/A,-9999,-9999,-9999,-9999,-9999,-9999,-9999,-9999,-9999,-9999
2082,389.191707,389.191532128,-9999,3028620.3,-9999,276687.1,18.26,-1,-9999,-9999,-9999,-9999,-9999,-9999,-9999,unassigned,N/A,-9999,-9999,N/A,-9999,-9999,-9999,-9999,-9999,-9999,-9999,-9999,-9999,-9999
2087,389.889565,389.889389922,-9999,1659703.9,-9999,283363.7,8.94,-1,-9999,-9999,-9999,-9999,-9999,-9999,-9999,unassigned,N/A,-9999,-9999,N/A,-9999,-9999,-9999,-9999,-9999,-9999,-9999,-9999,-9999,-9999
2088,389.925506,389.925330911,-9999,7894336.5,-9999,269199,51.39,-1,-9999,-9999,-9999,-9999,-9999,-9999,-9999,unassigned,N/A,-9999,-9999,N/A,-9999,-9999,-9999,-9999,-9999,-9999,-9999,-9999,-9999,-9999
2089,389.929278,389.92910291,-9999,1544001.6,-9999,333439.6,8.15,-1,-9999,-9999,-9999,-9999,-9999,-9999,-9999,unassigned,N/A,-9999,-9999,N/A,-9999,-9999,-9999,-9999,-9999,-9999,-9999,-9999,-9999,-9999
2095,390.709649,390.70947368,-9999,1784320.9,-9999,318315.5,9.75,-1,-9999,-9999,-9999,-9999,-9999,-9999,-9999,unassigned,N/A,-9999,-9999,N/A,-9999,-9999,-9999,-9999,-9999,-9999,-9999,-9999,-9999,-9999
2096,390.757155,390.756979666,-9999,7376396.5,-9999,278397.6,47.7,-1,-9999,-9999,-9999,-9999,-9999,-9999,-9999,unassigned,N/A,-9999,-9999,N/A,-9999,-9999,-9999,-9999,-9999,-9999,-9999,-9999,-9999,-9999
2097,390.804581,390.804405652,-9999,4909592,-9999,278282,30.96,-1,-9999,-9999,-9999,-9999,-9999,-9999,-9999,unassigned,N/A,-9999,-9999,N/A,-9999,-9999,-9999,-9999,-9999,-9999,-9999,-9999,-9999,-9999
2098,390.92295,390.922774617,-9999,16481845,-9999,257865.2,109.49,-1,-9999,-9999,-9999,-9999,-9999,-9999,-9999,unassigned,N/A,-9999,-9999,N/A,-9999,-9999,-9999,-9999,-9999,-9999,-9999,-9999,-9999,-9999
2105,391.170937,391.170761544,-9999,1403505.8,-9999,328310.1,7.16,-1,-9999,-9999,-9999,-9999,-9999,-9999,-9999,unassigned,N/A,-9999,-9999,N/A,-9999,-9999,-9999,-9999,-9999,-9999,-9999,-9999,-9999,-9999
2109,391.207372,391.207196533,-9999,2227834.8,-9999,293682.4,12.76,-1,-9999,-9999,-9999,-9999,-9999,-9999,-9999,unassigned,N/A,-9999,-9999,N/A,-9999,-9999,-9999,-9999,-9999,-9999,-9999,-9999,-9999,-9999
2113,391.886618,391.886442332,-9999,1712416.4,-9999,324299.6,9.26,-1,-9999,-9999,-9999,-9999,-9999,-9999,-9999,unassigned,N/A,-9999,-9999,N/A,-9999,-9999,-9999,-9999,-9999,-9999,-9999,-9999,-9999,-9999
2114,391.922564,391.922388322,-9999,3373865,-9999,279123.9,20.53,-1,-9999,-9999,-9999,-9999,-9999,-9999,-9999,unassigned,N/A,-9999,-9999,N/A,-9999,-9999,-9999,-9999,-9999,-9999,-9999,-9999,-9999,-9999
2121,392.754169,392.753993076,-9999,2993139.5,-9999,257916.8,17.95,-1,-9999,-9999,-9999,-9999,-9999,-9999,-9999,unassigned,N/A,-9999,-9999,N/A,-9999,-9999,-9999,-9999,-9999,-9999,-9999,-9999,-9999,-9999
2122,392.801737,392.801561062,-9999,5088255,-9999,277176.8,32.17,-1,-9999,-9999,-9999,-9999,-9999,-9999,-9999,unassigned,N/A,-9999,-9999,N/A,-9999,-9999,-9999,-9999,-9999,-9999,-9999,-9999,-9999,-9999
2130,393.164842,393.164665955,-9999,2643031,-9999,262367.9,15.57,-1,-9999,-9999,-9999,-9999,-9999,-9999,-9999,unassigned,N/A,-9999,-9999,N/A,-9999,-9999,-9999,-9999,-9999,-9999,-9999,-9999,-9999,-9999
2136,393.216567,393.21639094,-9999,2115171.5,-9999,278279.7,11.99,-1,-9999,-9999,-9999,-9999,-9999,-9999,-9999,unassigned,N/A,-9999,-9999,N/A,-9999,-9999,-9999,-9999,-9999,-9999,-9999,-9999,-9999,-9999
2140,394.175458,394.175281656,-9999,3545419.5,-9999,269038.3,21.7,-1,-9999,-9999,-9999,-9999,-9999,-9999,-9999,unassigned,N/A,-9999,-9999,N/A,-9999,-9999,-9999,-9999,-9999,-9999,-9999,-9999,-9999,-9999
2145,394.782739,394.782562477,-9999,1524701.9,-9999,258193.9,7.98,-1,-9999,-9999,-9999,-9999,-9999,-9999,-9999,unassigned,N/A,-9999,-9999,N/A,-9999,-9999,-9999,-9999,-9999,-9999,-9999,-9999,-9999,-9999
2146,394.798732,394.798555472,-9999,1412577.8,-9999,336586.9,7.22,-1,-9999,-9999,-9999,-9999,-9999,-9999,-9999,unassigned,N/A,-9999,-9999,N/A,-9999,-9999,-9999,-9999,-9999,-9999,-9999,-9999,-9999,-9999
2156,395.171736,395.171559362,-9999,1536059.5,-9999,411822.3,8.06,-1,-9999,-9999,-9999,-9999,-9999,-9999,-9999,unassigned,N/A,-9999,-9999,N/A,-9999,-9999,-9999,-9999,-9999,-9999,-9999,-9999,-9999,-9999
2158,395.199875,395.199698354,-9999,1649218.3,-9999,295591.2,8.83,-1,-9999,-9999,-9999,-9999,-9999,-9999,-9999,unassigned,N/A,-9999,-9999,N/A,-9999,-9999,-9999,-9999,-9999,-9999,-9999,-9999,-9999,-9999
2159,395.202343,395.202166353,-9999,1986114.8,-9999,294048.2,11.11,-1,-9999,-9999,-9999,-9999,-9999,-9999,-9999,unassigned,N/A,-9999,-9999,N/A,-9999,-9999,-9999,-9999,-9999,-9999,-9999,-9999,-9999,-9999
2163,395.275012,395.274835332,-9999,3336788.3,-9999,244734.8,20.28,-1,-9999,-9999,-9999,-9999,-9999,-9999,-9999,unassigned,N/A,-9999,-9999,N/A,-9999,-9999,-9999,-9999,-9999,-9999,-9999,-9999,-9999,-9999
2164,396.092316,396.09213909,-9999,1837848.1,-9999,258010.4,10.1,-1,-9999,-9999,-9999,-9999,-9999,-9999,-9999,unassigned,N/A,-9999,-9999,N/A,-9999,-9999,-9999,-9999,-9999,-9999,-9999,-9999,-9999,-9999
2168,396.234,396.233823049,-9999,2099002,-9999,257609.2,11.88,-1,-9999,-9999,-9999,-9999,-9999,-9999,-9999,unassigned,N/A,-9999,-9999,N/A,-9999,-9999,-9999,-9999,-9999,-9999,-9999,-9999,-9999,-9999
2169,396.672249,396.672071919,-9999,1703842.6,-9999,238257.5,9.19,-1,-9999,-9999,-9999,-9999,-9999,-9999,-9999,unassigned,N/A,-9999,-9999,N/A,-9999,-9999,-9999,-9999,-9999,-9999,-9999,-9999,-9999,-9999
2171,397.029479,397.029301814,-9999,2424311.8,-9999,280625.6,14.08,-1,-9999,-9999,-9999,-9999,-9999,-9999,-9999,unassigned,N/A,-9999,-9999,N/A,-9999,-9999,-9999,-9999,-9999,-9999,-9999,-9999,-9999,-9999
2176,397.142747,397.14256978,-9999,1677842.8,-9999,311473.6,9.02,-1,-9999,-9999,-9999,-9999,-9999,-9999,-9999,unassigned,N/A,-9999,-9999,N/A,-9999,-9999,-9999,-9999,-9999,-9999,-9999,-9999,-9999,-9999
2185,398.204711,398.204533467,-9999,1423374.8,-9999,280865.2,7.29,-1,-9999,-9999,-9999,-9999,-9999,-9999,-9999,unassigned,N/A,-9999,-9999,N/A,-9999,-9999,-9999,-9999,-9999,-9999,-9999,-9999,-9999,-9999
2186,398.695511,398.695333322,-9999,1791362.6,-9999,239741.8,9.78,-1,-9999,-9999,-9999,-9999,-9999,-9999,-9999,unassigned,N/A,-9999,-9999,N/A,-9999,-9999,-9999,-9999,-9999,-9999,-9999,-9999,-9999,-9999
2187,398.900403,398.900225261,-9999,9715123,-9999,259050.9,63.56,-1,-9999,-9999,-9999,-9999,-9999,-9999,-9999,unassigned,N/A,-9999,-9999,N/A,-9999,-9999,-9999,-9999,-9999,-9999,-9999,-9999,-9999,-9999
2205,399.899998,399.899819966,-9999,2161309.8,-9999,251847.5,12.29,-1,-9999,-9999,-9999,-9999,-9999,-9999,-9999,unassigned,N/A,-9999,-9999,N/A,-9999,-9999,-9999,-9999,-9999,-9999,-9999,-9999,-9999,-9999
2208,400.69244,400.692261732,-9999,3642199,-9999,283184.1,22.34,-1,-9999,-9999,-9999,-9999,-9999,-9999,-9999,unassigned,N/A,-9999,-9999,N/A,-9999,-9999,-9999,-9999,-9999,-9999,-9999,-9999,-9999,-9999
2209,400.939909,400.939730659,-9999,1634192.5,-9999,271000.7,8.71,-1,-9999,-9999,-9999,-9999,-9999,-9999,-9999,unassigned,N/A,-9999,-9999,N/A,-9999,-9999,-9999,-9999,-9999,-9999,-9999,-9999,-9999,-9999
2231,402.199831,402.199652287,-9999,1606324.5,-9999,261498.5,8.52,-1,-9999,-9999,-9999,-9999,-9999,-9999,-9999,unassigned,N/A,-9999,-9999,N/A,-9999,-9999,-9999,-9999,-9999,-9999,-9999,-9999,-9999,-9999
2233,402.689447,402.689268143,-9999,3398949.3,-9999,251003.5,20.69,-1,-9999,-9999,-9999,-9999,-9999,-9999,-9999,unassigned,N/A,-9999,-9999,N/A,-9999,-9999,-9999,-9999,-9999,-9999,-9999,-9999,-9999,-9999
2234,402.728141,402.727962131,-9999,3422510.3,-9999,293897.7,20.85,-1,-9999,-9999,-9999,-9999,-9999,-9999,-9999,unassigned,N/A,-9999,-9999,N/A,-9999,-9999,-9999,-9999,-9999,-9999,-9999,-9999,-9999,-9999
2235,402.736942,402.736763129,-9999,1986352.3,-9999,266699.4,11.1,-1,-9999,-9999,-9999,-9999,-9999,-9999,-9999,unassigned,N/A,-9999,-9999,N/A,-9999,-9999,-9999,-9999,-9999,-9999,-9999,-9999,-9999,-9999
2236,402.937946,402.937767069,-9999,1855838.5,-9999,287180.9,10.22,-1,-9999,-9999,-9999,-9999,-9999,-9999,-9999,unassigned,N/A,-9999,-9999,N/A,-9999,-9999,-9999,-9999,-9999,-9999,-9999,-9999,-9999,-9999
2237,402.941612,402.941433068,-9999,32987488,-9999,257318.8,221.48,-1,-9999,-9999,-9999,-9999,-9999,-9999,-9999,unassigned,N/A,-9999,-9999,N/A,-9999,-9999,-9999,-9999,-9999,-9999,-9999,-9999,-9999,-9999
2248,403.170994,403.170815,-9999,1728404,-9999,299832.7,9.35,-1,-9999,-9999,-9999,-9999,-9999,-9999,-9999,unassigned,N/A,-9999,-9999,N/A,-9999,-9999,-9999,-9999,-9999,-9999,-9999,-9999,-9999,-9999
2254,403.941145,403.940965773,-9999,5671492,-9999,288677.5,36.11,-1,-9999,-9999,-9999,-9999,-9999,-9999,-9999,unassigned,N/A,-9999,-9999,N/A,-9999,-9999,-9999,-9999,-9999,-9999,-9999,-9999,-9999,-9999
2260,404.294165,404.293985669,-9999,1653396.4,-9999,317141.1,8.84,-1,-9999,-9999,-9999,-9999,-9999,-9999,-9999,unassigned,N/A,-9999,-9999,N/A,-9999,-9999,-9999,-9999,-9999,-9999,-9999,-9999,-9999,-9999
2261,404.686436,404.686256553,-9999,1900781.5,-9999,297877.8,10.52,-1,-9999,-9999,-9999,-9999,-9999,-9999,-9999,unassigned,N/A,-9999,-9999,N/A,-9999,-9999,-9999,-9999,-9999,-9999,-9999,-9999,-9999,-9999
2262,404.725104,404.724924542,-9999,4492022,-9999,239142.7,28,-1,-9999,-9999,-9999,-9999,-9999,-9999,-9999,unassigned,N/A,-9999,-9999,N/A,-9999,-9999,-9999,-9999,-9999,-9999,-9999,-9999,-9999,-9999
2263,404.733988,404.733808539,-9999,3350264.3,-9999,251750.1,20.28,-1,-9999,-9999,-9999,-9999,-9999,-9999,-9999,unassigned,N/A,-9999,-9999,N/A,-9999,-9999,-9999,-9999,-9999,-9999,-9999,-9999,-9999,-9999
2264,404.938654,404.938474479,-9999,13994791,-9999,257429.4,92.24,-1,-9999,-9999,-9999,-9999,-9999,-9999,-9999,unassigned,N/A,-9999,-9999,N/A,-9999,-9999,-9999,-9999,-9999,-9999,-9999,-9999,-9999,-9999
2268,405.073454,405.073274439,-9999,2454853,-9999,250460,14.22,-1,-9999,-9999,-9999,-9999,-9999,-9999,-9999,unassigned,N/A,-9999,-9999,N/A,-9999,-9999,-9999,-9999,-9999,-9999,-9999,-9999,-9999,-9999
2272,405.186772,405.186592405,-9999,3396446.8,-9999,259089.8,20.59,-1,-9999,-9999,-9999,-9999,-9999,-9999,-9999,unassigned,N/A,-9999,-9999,N/A,-9999,-9999,-9999,-9999,-9999,-9999,-9999,-9999,-9999,-9999
2276,405.350794,405.350614357,-9999,2125187.8,-9999,277675.2,11.99,-1,-9999,-9999,-9999,-9999,-9999,-9999,-9999,unassigned,N/A,-9999,-9999,N/A,-9999,-9999,-9999,-9999,-9999,-9999,-9999,-9999,-9999,-9999
2277,405.938185,405.938005183,-9999,2507784,-9999,289375.3,14.58,-1,-9999,-9999,-9999,-9999,-9999,-9999,-9999,unassigned,N/A,-9999,-9999,N/A,-9999,-9999,-9999,-9999,-9999,-9999,-9999,-9999,-9999,-9999
2283,406.722096,406.721915952,-9999,2515127.3,-9999,268179.7,14.63,-1,-9999,-9999,-9999,-9999,-9999,-9999,-9999,unassigned,N/A,-9999,-9999,N/A,-9999,-9999,-9999,-9999,-9999,-9999,-9999,-9999,-9999,-9999
2284,406.731126,406.730945949,-9999,2574009.3,-9999,246206.4,15.03,-1,-9999,-9999,-9999,-9999,-9999,-9999,-9999,unassigned,N/A,-9999,-9999,N/A,-9999,-9999,-9999,-9999,-9999,-9999,-9999,-9999,-9999,-9999
2285,406.936642,406.936461889,-9999,2800871.3,-9999,266365.8,16.56,-1,-9999,-9999,-9999,-9999,-9999,-9999,-9999,unassigned,N/A,-9999,-9999,N/A,-9999,-9999,-9999,-9999,-9999,-9999,-9999,-9999,-9999,-9999
2296,407.208164,407.207983808,-9999,2056483.6,-9999,368428.2,11.53,-1,-9999,-9999,-9999,-9999,-9999,-9999,-9999,unassigned,N/A,-9999,-9999,N/A,-9999,-9999,-9999,-9999,-9999,-9999,-9999,-9999,-9999,-9999
2300,408.191123,408.190942518,-9999,1886717.1,-9999,330631,10.38,-1,-9999,-9999,-9999,-9999,-9999,-9999,-9999,unassigned,N/A,-9999,-9999,N/A,-9999,-9999,-9999,-9999,-9999,-9999,-9999,-9999,-9999,-9999
2301,408.745045,408.744864355,-9999,3376759,-9999,285430.3,20.45,-1,-9999,-9999,-9999,-9999,-9999,-9999,-9999,unassigned,N/A,-9999,-9999,N/A,-9999,-9999,-9999,-9999,-9999,-9999,-9999,-9999,-9999,-9999
2302,408.933553,408.933372299,-9999,1994400.3,-9999,238317.7,11.1,-1,-9999,-9999,-9999,-9999,-9999,-9999,-9999,unassigned,N/A,-9999,-9999,N/A,-9999,-9999,-9999,-9999,-9999,-9999,-9999,-9999,-9999,-9999
2322,410.742069,410.741887765,-9999,5019689,-9999,259694.8,31.56,-1,-9999,-9999,-9999,-9999,-9999,-9999,-9999,unassigned,N/A,-9999,-9999,N/A,-9999,-9999,-9999,-9999,-9999,-9999,-9999,-9999,-9999,-9999
2337,412.739187,412.739005175,-9999,3543506.5,-9999,263920.8,21.57,-1,-9999,-9999,-9999,-9999,-9999,-9999,-9999,unassigned,N/A,-9999,-9999,N/A,-9999,-9999,-9999,-9999,-9999,-9999,-9999,-9999,-9999,-9999
2338,412.786687,412.786505161,-9999,2109404.5,-9999,323474.4,11.88,-1,-9999,-9999,-9999,-9999,-9999,-9999,-9999,unassigned,N/A,-9999,-9999,N/A,-9999,-9999,-9999,-9999,-9999,-9999,-9999,-9999,-9999,-9999
2339,412.916069,412.915887123,-9999,13468152,-9999,253188.2,88.67,-1,-9999,-9999,-9999,-9999,-9999,-9999,-9999,unassigned,N/A,-9999,-9999,N/A,-9999,-9999,-9999,-9999,-9999,-9999,-9999,-9999,-9999,-9999
2353,413.915619,413.915436828,-9999,3876553.3,-9999,252063,23.82,-1,-9999,-9999,-9999,-9999,-9999,-9999,-9999,unassigned,N/A,-9999,-9999,N/A,-9999,-9999,-9999,-9999,-9999,-9999,-9999,-9999,-9999,-9999
2356,414.783669,414.783486572,-9999,2067325.1,-9999,294427.1,11.59,-1,-9999,-9999,-9999,-9999,-9999,-9999,-9999,unassigned,N/A,-9999,-9999,N/A,-9999,-9999,-9999,-9999,-9999,-9999,-9999,-9999,-9999,-9999
2357,414.829305,414.829122558,-9999,1438086.6,-9999,302337,7.34,-1,-9999,-9999,-9999,-9999,-9999,-9999,-9999,unassigned,N/A,-9999,-9999,N/A,-9999,-9999,-9999,-9999,-9999,-9999,-9999,-9999,-9999,-9999
2358,414.882696,414.882513543,-9999,1575313.6,-9999,262824.9,8.26,-1,-9999,-9999,-9999,-9999,-9999,-9999,-9999,unassigned,N/A,-9999,-9999,N/A,-9999,-9999,-9999,-9999,-9999,-9999,-9999,-9999,-9999,-9999
2359,414.912914,414.912731534,-9999,2812312,-9999,261589.1,16.63,-1,-9999,-9999,-9999,-9999,-9999,-9999,-9999,unassigned,N/A,-9999,-9999,N/A,-9999,-9999,-9999,-9999,-9999,-9999,-9999,-9999,-9999,-9999
2379,416.179096,416.17891316,-9999,2625179,-9999,268115.6,15.36,-1,-9999,-9999,-9999,-9999,-9999,-9999,-9999,unassigned,N/A,-9999,-9999,N/A,-9999,-9999,-9999,-9999,-9999,-9999,-9999,-9999,-9999,-9999
2381,416.880575,416.880391953,-9999,1754920.8,-9999,256478.4,9.47,-1,-9999,-9999,-9999,-9999,-9999,-9999,-9999,unassigned,N/A,-9999,-9999,N/A,-9999,-9999,-9999,-9999,-9999,-9999,-9999,-9999,-9999,-9999
2382,416.957265,416.95708193,-9999,13452600,-9999,248335.3,88.56,-1,-9999,-9999,-9999,-9999,-9999,-9999,-9999,unassigned,N/A,-9999,-9999,N/A,-9999,-9999,-9999,-9999,-9999,-9999,-9999,-9999,-9999,-9999
2396,417.956894,417.956710635,-9999,2778624,-9999,257197.5,16.39,-1,-9999,-9999,-9999,-9999,-9999,-9999,-9999,unassigned,N/A,-9999,-9999,N/A,-9999,-9999,-9999,-9999,-9999,-9999,-9999,-9999,-9999,-9999
2400,418.796058,418.795874387,-9999,1536166,-9999,287184.8,7.99,-1,-9999,-9999,-9999,-9999,-9999,-9999,-9999,unassigned,N/A,-9999,-9999,N/A,-9999,-9999,-9999,-9999,-9999,-9999,-9999,-9999,-9999,-9999
2412,420.794051,420.793866797,-9999,1563689.5,-9999,272515.1,8.14,-1,-9999,-9999,-9999,-9999,-9999,-9999,-9999,unassigned,N/A,-9999,-9999,N/A,-9999,-9999,-9999,-9999,-9999,-9999,-9999,-9999,-9999,-9999
2413,420.846537,420.846352782,-9999,1439795.5,-9999,300313.2,7.31,-1,-9999,-9999,-9999,-9999,-9999,-9999,-9999,unassigned,N/A,-9999,-9999,N/A,-9999,-9999,-9999,-9999,-9999,-9999,-9999,-9999,-9999,-9999
2414,420.952317,420.95213275,-9999,5157959.5,-9999,262332.9,32.35,-1,-9999,-9999,-9999,-9999,-9999,-9999,-9999,unassigned,N/A,-9999,-9999,N/A,-9999,-9999,-9999,-9999,-9999,-9999,-9999,-9999,-9999,-9999
2422,421.181642,421.181457683,-9999,2271859.5,-9999,235519,12.91,-1,-9999,-9999,-9999,-9999,-9999,-9999,-9999,unassigned,N/A,-9999,-9999,N/A,-9999,-9999,-9999,-9999,-9999,-9999,-9999,-9999,-9999,-9999
2431,423.074244,423.074059124,-9999,3311062.8,-9999,254522.2,19.91,-1,-9999,-9999,-9999,-9999,-9999,-9999,-9999,unassigned,N/A,-9999,-9999,N/A,-9999,-9999,-9999,-9999,-9999,-9999,-9999,-9999,-9999,-9999
2446,424.123927,424.123741814,-9999,1613975.4,-9999,275424.2,8.48,-1,-9999,-9999,-9999,-9999,-9999,-9999,-9999,unassigned,N/A,-9999,-9999,N/A,-9999,-9999,-9999,-9999,-9999,-9999,-9999,-9999,-9999,-9999
2449,424.667664,424.667478653,-9999,1488122,-9999,234724.8,7.63,-1,-9999,-9999,-9999,-9999,-9999,-9999,-9999,unassigned,N/A,-9999,-9999,N/A,-9999,-9999,-9999,-9999,-9999,-9999,-9999,-9999,-9999,-9999
2459,426.715901,426.715715049,-9999,1811557.5,-9999,264342.3,9.81,-1,-9999,-9999,-9999,-9999,-9999,-9999,-9999,unassigned,N/A,-9999,-9999,N/A,-9999,-9999,-9999,-9999,-9999,-9999,-9999,-9999,-9999,-9999
2460,426.931721,426.931534985,-9999,15076491,-9999,244776.6,99.13,-1,-9999,-9999,-9999,-9999,-9999,-9999,-9999,unassigned,N/A,-9999,-9999,N/A,-9999,-9999,-9999,-9999,-9999,-9999,-9999,-9999,-9999,-9999
2475,427.931223,427.93103669,-9999,4218167,-9999,246570.5,26.01,-1,-9999,-9999,-9999,-9999,-9999,-9999,-9999,unassigned,N/A,-9999,-9999,N/A,-9999,-9999,-9999,-9999,-9999,-9999,-9999,-9999,-9999,-9999
2479,428.251652,428.251465595,-9999,1621869.6,-9999,297040.7,8.53,-1,-9999,-9999,-9999,-9999,-9999,-9999,-9999,unassigned,N/A,-9999,-9999,N/A,-9999,-9999,-9999,-9999,-9999,-9999,-9999,-9999,-9999,-9999
2480,428.712958,428.712771459,-9999,1477563.5,-9999,340013.7,7.55,-1,-9999,-9999,-9999,-9999,-9999,-9999,-9999,unassigned,N/A,-9999,-9999,N/A,-9999,-9999,-9999,-9999,-9999,-9999,-9999,-9999,-9999,-9999
2481,428.928732,428.928545395,-9999,2245599.8,-9999,269229.6,12.73,-1,-9999,-9999,-9999,-9999,-9999,-9999,-9999,unassigned,N/A,-9999,-9999,N/A,-9999,-9999,-9999,-9999,-9999,-9999,-9999,-9999,-9999,-9999
2498,430.97309,430.972902792,-9999,1406767.5,-9999,318582.7,7.07,-1,-9999,-9999,-9999,-9999,-9999,-9999,-9999,unassigned,N/A,-9999,-9999,N/A,-9999,-9999,-9999,-9999,-9999,-9999,-9999,-9999,-9999,-9999
2525,434.663173,434.662984702,-9999,2285418.3,-9999,258730.9,12.99,-1,-9999,-9999,-9999,-9999,-9999,-9999,-9999,unassigned,N/A,-9999,-9999,N/A,-9999,-9999,-9999,-9999,-9999,-9999,-9999,-9999,-9999,-9999
2526,434.877243,434.877054639,-9999,1600394,-9999,282023.9,8.37,-1,-9999,-9999,-9999,-9999,-9999,-9999,-9999,unassigned,N/A,-9999,-9999,N/A,-9999,-9999,-9999,-9999,-9999,-9999,-9999,-9999,-9999,-9999
2527,434.967888,434.967699612,-9999,5440919.5,-9999,246196.3,34.24,-1,-9999,-9999,-9999,-9999,-9999,-9999,-9999,unassigned,N/A,-9999,-9999,N/A,-9999,-9999,-9999,-9999,-9999,-9999,-9999,-9999,-9999,-9999
2534,436.660235,436.660046113,-9999,5037707.5,-9999,245804.2,31.58,-1,-9999,-9999,-9999,-9999,-9999,-9999,-9999,unassigned,N/A,-9999,-9999,N/A,-9999,-9999,-9999,-9999,-9999,-9999,-9999,-9999,-9999,-9999
2542,437.212925,437.212735949,-9999,1464536.9,-9999,255979.7,7.47,-1,-9999,-9999,-9999,-9999,-9999,-9999,-9999,unassigned,N/A,-9999,-9999,N/A,-9999,-9999,-9999,-9999,-9999,-9999,-9999,-9999,-9999,-9999
2543,437.683727,437.68353781,-9999,1591066,-9999,265579.1,8.32,-1,-9999,-9999,-9999,-9999,-9999,-9999,-9999,unassigned,N/A,-9999,-9999,N/A,-9999,-9999,-9999,-9999,-9999,-9999,-9999,-9999,-9999,-9999
2545,438.139283,438.139093676,-9999,2751832.3,-9999,227700.9,16.15,-1,-9999,-9999,-9999,-9999,-9999,-9999,-9999,unassigned,N/A,-9999,-9999,N/A,-9999,-9999,-9999,-9999,-9999,-9999,-9999,-9999,-9999,-9999
2547,438.657332,438.657142523,-9999,5652382,-9999,239358,35.72,-1,-9999,-9999,-9999,-9999,-9999,-9999,-9999,unassigned,N/A,-9999,-9999,N/A,-9999,-9999,-9999,-9999,-9999,-9999,-9999,-9999,-9999,-9999
2548,438.871868,438.87167846,-9999,1495994.6,-9999,263741.2,7.68,-1,-9999,-9999,-9999,-9999,-9999,-9999,-9999,unassigned,N/A,-9999,-9999,N/A,-9999,-9999,-9999,-9999,-9999,-9999,-9999,-9999,-9999,-9999
2558,440.654355,440.654164933,-9999,3511457.5,-9999,259638.6,21.28,-1,-9999,-9999,-9999,-9999,-9999,-9999,-9999,unassigned,N/A,-9999,-9999,N/A,-9999,-9999,-9999,-9999,-9999,-9999,-9999,-9999,-9999,-9999
2559,440.680161,440.679970926,-9999,4704421,-9999,238079.6,29.32,-1,-9999,-9999,-9999,-9999,-9999,-9999,-9999,unassigned,N/A,-9999,-9999,N/A,-9999,-9999,-9999,-9999,-9999,-9999,-9999,-9999,-9999,-9999
2573,441.946881,441.946690552,-9999,1856833.4,-9999,281409.6,10.11,-1,-9999,-9999,-9999,-9999,-9999,-9999,-9999,unassigned,N/A,-9999,-9999,N/A,-9999,-9999,-9999,-9999,-9999,-9999,-9999,-9999,-9999,-9999
2574,442.122017,442.1218265,-9999,1450326.5,-9999,314375.3,7.37,-1,-9999,-9999,-9999,-9999,-9999,-9999,-9999,unassigned,N/A,-9999,-9999,N/A,-9999,-9999,-9999,-9999,-9999,-9999,-9999,-9999,-9999,-9999
2577,442.677197,442.677006336,-9999,11564441,-9999,228704.3,75.6,-1,-9999,-9999,-9999,-9999,-9999,-9999,-9999,unassigned,N/A,-9999,-9999,N/A,-9999,-9999,-9999,-9999,-9999,-9999,-9999,-9999,-9999,-9999
2592,444.246823,444.246631873,-9999,2329677.3,-9999,267541.1,13.3,-1,-9999,-9999,-9999,-9999,-9999,-9999,-9999,unassigned,N/A,-9999,-9999,N/A,-9999,-9999,-9999,-9999,-9999,-9999,-9999,-9999,-9999,-9999
2594,444.674245,444.674053746,-9999,12150397,-9999,237417.5,79.55,-1,-9999,-9999,-9999,-9999,-9999,-9999,-9999,unassigned,N/A,-9999,-9999,N/A,-9999,-9999,-9999,-9999,-9999,-9999,-9999,-9999,-9999,-9999
2595,444.72158,444.721388732,-9999,1514113.8,-9999,273363.8,7.8,-1,-9999,-9999,-9999,-9999,-9999,-9999,-9999,unassigned,N/A,-9999,-9999,N/A,-9999,-9999,-9999,-9999,-9999,-9999,-9999,-9999,-9999,-9999
2596,444.743679,444.743487726,-9999,1532292.3,-9999,155204.3,7.92,-1,-9999,-9999,-9999,-9999,-9999,-9999,-9999,unassigned,N/A,-9999,-9999,N/A,-9999,-9999,-9999,-9999,-9999,-9999,-9999,-9999,-9999,-9999
2597,444.85143,444.851238694,-9999,1947280,-9999,288043.2,10.72,-1,-9999,-9999,-9999,-9999,-9999,-9999,-9999,unassigned,N/A,-9999,-9999,N/A,-9999,-9999,-9999,-9999,-9999,-9999,-9999,-9999,-9999,-9999
2613,446.189881,446.189689299,-9999,1542942.6,-9999,292912.3,7.99,-1,-9999,-9999,-9999,-9999,-9999,-9999,-9999,unassigned,N/A,-9999,-9999,N/A,-9999,-9999,-9999,-9999,-9999,-9999,-9999,-9999,-9999,-9999
2616,446.671305,446.671113157,-9999,8189776,-9999,231923.2,52.83,-1,-9999,-9999,-9999,-9999,-9999,-9999,-9999,unassigned,N/A,-9999,-9999,N/A,-9999,-9999,-9999,-9999,-9999,-9999,-9999,-9999,-9999,-9999
2617,446.718772,446.718580143,-9999,2196309,-9999,287100.3,12.4,-1,-9999,-9999,-9999,-9999,-9999,-9999,-9999,unassigned,N/A,-9999,-9999,N/A,-9999,-9999,-9999,-9999,-9999,-9999,-9999,-9999,-9999,-9999
2618,446.891132,446.890940092,-9999,1907046.4,-9999,231593.5,10.45,-1,-9999,-9999,-9999,-9999,-9999,-9999,-9999,unassigned,N/A,-9999,-9999,N/A,-9999,-9999,-9999,-9999,-9999,-9999,-9999,-9999,-9999,-9999
2629,448.668457,448.668264567,-9999,2366483.8,-9999,225630.8,13.55,-1,-9999,-9999,-9999,-9999,-9999,-9999,-9999,unassigned,N/A,-9999,-9999,N/A,-9999,-9999,-9999,-9999,-9999,-9999,-9999,-9999,-9999,-9999
2630,448.715913,448.715720553,-9999,2200600.3,-9999,237015.9,12.43,-1,-9999,-9999,-9999,-9999,-9999,-9999,-9999,unassigned,N/A,-9999,-9999,N/A,-9999,-9999,-9999,-9999,-9999,-9999,-9999,-9999,-9999,-9999
2631,448.763454,448.763261539,-9999,1765404.8,-9999,224026.7,9.49,-1,-9999,-9999,-9999,-9999,-9999,-9999,-9999,unassigned,N/A,-9999,-9999,N/A,-9999,-9999,-9999,-9999,-9999,-9999,-9999,-9999,-9999,-9999
2632,448.892849,448.892656501,-9999,2177065,-9999,261333,12.27,-1,-9999,-9999,-9999,-9999,-9999,-9999,-9999,unassigned,N/A,-9999,-9999,N/A,-9999,-9999,-9999,-9999,-9999,-9999,-9999,-9999,-9999,-9999
2643,449.845309,449.84511622,-9999,1779328.5,-9999,247437.9,9.58,-1,-9999,-9999,-9999,-9999,-9999,-9999,-9999,unassigned,N/A,-9999,-9999,N/A,-9999,-9999,-9999,-9999,-9999,-9999,-9999,-9999,-9999,-9999
2646,450.760302,450.76010895,-9999,2344146,-9999,231542.8,13.39,-1,-9999,-9999,-9999,-9999,-9999,-9999,-9999,unassigned,N/A,-9999,-9999,N/A,-9999,-9999,-9999,-9999,-9999,-9999,-9999,-9999,-9999,-9999
2653,451.171089,451.170895828,-9999,4788469.5,-9999,243644.7,29.88,-1,-9999,-9999,-9999,-9999,-9999,-9999,-9999,unassigned,N/A,-9999,-9999,N/A,-9999,-9999,-9999,-9999,-9999,-9999,-9999,-9999,-9999,-9999
2657,452.634239,452.634045396,-9999,1734513,-9999,253153.1,9.28,-1,-9999,-9999,-9999,-9999,-9999,-9999,-9999,unassigned,N/A,-9999,-9999,N/A,-9999,-9999,-9999,-9999,-9999,-9999,-9999,-9999,-9999,-9999
2658,452.887662,452.887468321,-9999,3890565.8,-9999,245240.4,23.83,-1,-9999,-9999,-9999,-9999,-9999,-9999,-9999,unassigned,N/A,-9999,-9999,N/A,-9999,-9999,-9999,-9999,-9999,-9999,-9999,-9999,-9999,-9999
2667,454.631218,454.631023807,-9999,1732624.5,-9999,254469.3,9.27,-1,-9999,-9999,-9999,-9999,-9999,-9999,-9999,unassigned,N/A,-9999,-9999,N/A,-9999,-9999,-9999,-9999,-9999,-9999,-9999,-9999,-9999,-9999
2668,454.884641,454.884446732,-9999,1910820,-9999,236469.8,10.49,-1,-9999,-9999,-9999,-9999,-9999,-9999,-9999,unassigned,N/A,-9999,-9999,N/A,-9999,-9999,-9999,-9999,-9999,-9999,-9999,-9999,-9999,-9999
2683,456.654093,456.653898209,-9999,1795241.4,-9999,255652.3,9.71,-1,-9999,-9999,-9999,-9999,-9999,-9999,-9999,unassigned,N/A,-9999,-9999,N/A,-9999,-9999,-9999,-9999,-9999,-9999,-9999,-9999,-9999,-9999
2694,458.651196,458.65100062,-9999,2927417.8,-9999,235579.8,17.36,-1,-9999,-9999,-9999,-9999,-9999,-9999,-9999,unassigned,N/A,-9999,-9999,N/A,-9999,-9999,-9999,-9999,-9999,-9999,-9999,-9999,-9999,-9999
2695,458.867128,458.866932556,-9999,4191049,-9999,236959,25.9,-1,-9999,-9999,-9999,-9999,-9999,-9999,-9999,unassigned,N/A,-9999,-9999,N/A,-9999,-9999,-9999,-9999,-9999,-9999,-9999,-9999,-9999,-9999
2708,459.866646,459.866450261,-9999,1633679,-9999,243033.9,8.61,-1,-9999,-9999,-9999,-9999,-9999,-9999,-9999,unassigned,N/A,-9999,-9999,N/A,-9999,-9999,-9999,-9999,-9999,-9999,-9999,-9999,-9999,-9999
2712,460.648207,460.64801103,-9999,4236229,-9999,242526.8,26.21,-1,-9999,-9999,-9999,-9999,-9999,-9999,-9999,unassigned,N/A,-9999,-9999,N/A,-9999,-9999,-9999,-9999,-9999,-9999,-9999,-9999,-9999,-9999
2720,462.645071,462.644874441,-9999,3134541.8,-9999,233261,18.76,-1,-9999,-9999,-9999,-9999,-9999,-9999,-9999,unassigned,N/A,-9999,-9999,N/A,-9999,-9999,-9999,-9999,-9999,-9999,-9999,-9999,-9999,-9999
2721,462.683824,462.683627429,-9999,2318928.3,-9999,245977.2,13.25,-1,-9999,-9999,-9999,-9999,-9999,-9999,-9999,unassigned,N/A,-9999,-9999,N/A,-9999,-9999,-9999,-9999,-9999,-9999,-9999,-9999,-9999,-9999
2722,462.908534,462.908337363,-9999,1637983.6,-9999,258168.7,8.64,-1,-9999,-9999,-9999,-9999,-9999,-9999,-9999,unassigned,N/A,-9999,-9999,N/A,-9999,-9999,-9999,-9999,-9999,-9999,-9999,-9999,-9999,-9999
2729,464.680798,464.680600839,-9999,2398423.8,-9999,214036.4,13.78,-1,-9999,-9999,-9999,-9999,-9999,-9999,-9999,unassigned,N/A,-9999,-9999,N/A,-9999,-9999,-9999,-9999,-9999,-9999,-9999,-9999,-9999,-9999
2739,466.703811,466.703613242,-9999,2301793.8,-9999,206656.3,13.13,-1,-9999,-9999,-9999,-9999,-9999,-9999,-9999,unassigned,N/A,-9999,-9999,N/A,-9999,-9999,-9999,-9999,-9999,-9999,-9999,-9999,-9999,-9999
2740,466.903416,466.903218183,-9999,10429807,-9999,227844.8,68.07,-1,-9999,-9999,-9999,-9999,-9999,-9999,-9999,unassigned,N/A,-9999,-9999,N/A,-9999,-9999,-9999,-9999,-9999,-9999,-9999,-9999,-9999,-9999
2749,467.902813,467.902614888,-9999,2440628.5,-9999,234166.3,14.07,-1,-9999,-9999,-9999,-9999,-9999,-9999,-9999,unassigned,N/A,-9999,-9999,N/A,-9999,-9999,-9999,-9999,-9999,-9999,-9999,-9999,-9999,-9999
2750,468.688947,468.688748656,-9999,1684459.6,-9999,283386.7,8.95,-1,-9999,-9999,-9999,-9999,-9999,-9999,-9999,unassigned,N/A,-9999,-9999,N/A,-9999,-9999,-9999,-9999,-9999,-9999,-9999,-9999,-9999,-9999
2751,468.700764,468.700565653,-9999,4513260.5,-9999,213554,28.08,-1,-9999,-9999,-9999,-9999,-9999,-9999,-9999,unassigned,N/A,-9999,-9999,N/A,-9999,-9999,-9999,-9999,-9999,-9999,-9999,-9999,-9999,-9999
2752,468.900368,468.900169594,-9999,5017082.5,-9999,219962.1,31.48,-1,-9999,-9999,-9999,-9999,-9999,-9999,-9999,unassigned,N/A,-9999,-9999,N/A,-9999,-9999,-9999,-9999,-9999,-9999,-9999,-9999,-9999,-9999
2761,470.226114,470.225915202,-9999,6018649.5,-9999,229103.5,38.25,-1,-9999,-9999,-9999,-9999,-9999,-9999,-9999,unassigned,N/A,-9999,-9999,N/A,-9999,-9999,-9999,-9999,-9999,-9999,-9999,-9999,-9999,-9999
2762,470.697793,470.697594063,-9999,2888315.5,-9999,250202.1,17.09,-1,-9999,-9999,-9999,-9999,-9999,-9999,-9999,unassigned,N/A,-9999,-9999,N/A,-9999,-9999,-9999,-9999,-9999,-9999,-9999,-9999,-9999,-9999
2774,472.695063,472.694863473,-9999,1776401.1,-9999,211523.9,9.57,-1,-9999,-9999,-9999,-9999,-9999,-9999,-9999,unassigned,N/A,-9999,-9999,N/A,-9999,-9999,-9999,-9999,-9999,-9999,-9999,-9999,-9999,-9999
2775,472.742512,472.742312459,-9999,1648916.8,-9999,266166.1,8.71,-1,-9999,-9999,-9999,-9999,-9999,-9999,-9999,unassigned,N/A,-9999,-9999,N/A,-9999,-9999,-9999,-9999,-9999,-9999,-9999,-9999,-9999,-9999
2776,472.882873,472.882673418,-9999,6252319.5,-9999,229505.2,39.83,-1,-9999,-9999,-9999,-9999,-9999,-9999,-9999,unassigned,N/A,-9999,-9999,N/A,-9999,-9999,-9999,-9999,-9999,-9999,-9999,-9999,-9999,-9999
2790,473.882364,473.882164123,-9999,1583469.8,-9999,273464.5,8.27,-1,-9999,-9999,-9999,-9999,-9999,-9999,-9999,unassigned,N/A,-9999,-9999,N/A,-9999,-9999,-9999,-9999,-9999,-9999,-9999,-9999,-9999,-9999
2792,474.879981,474.879780828,-9999,1599934,-9999,232824.3,8.37,-1,-9999,-9999,-9999,-9999,-9999,-9999,-9999,unassigned,N/A,-9999,-9999,N/A,-9999,-9999,-9999,-9999,-9999,-9999,-9999,-9999,-9999,-9999
2800,476.877964,476.877763238,-9999,1513062.6,-9999,252673,7.78,-1,-9999,-9999,-9999,-9999,-9999,-9999,-9999,unassigned,N/A,-9999,-9999,N/A,-9999,-9999,-9999,-9999,-9999,-9999,-9999,-9999,-9999,-9999
2810,478.657798,478.657596713,-9999,1494278.9,-9999,204271.7,7.65,-1,-9999,-9999,-9999,-9999,-9999,-9999,-9999,unassigned,N/A,-9999,-9999,N/A,-9999,-9999,-9999,-9999,-9999,-9999,-9999,-9999,-9999,-9999
2818,480.919043,480.918841045,-9999,13414882,-9999,217065.7,88.14,-1,-9999,-9999,-9999,-9999,-9999,-9999,-9999,unassigned,N/A,-9999,-9999,N/A,-9999,-9999,-9999,-9999,-9999,-9999,-9999,-9999,-9999,-9999
2824,481.918469,481.91826675,-9999,2939465.3,-9999,198389.6,17.41,-1,-9999,-9999,-9999,-9999,-9999,-9999,-9999,unassigned,N/A,-9999,-9999,N/A,-9999,-9999,-9999,-9999,-9999,-9999,-9999,-9999,-9999,-9999
2825,482.915979,482.915776455,-9999,7000756.5,-9999,216119.7,44.83,-1,-9999,-9999,-9999,-9999,-9999,-9999,-9999,unassigned,N/A,-9999,-9999,N/A,-9999,-9999,-9999,-9999,-9999,-9999,-9999,-9999,-9999,-9999
2832,483.91541,483.91520716,-9999,1555236,-9999,207958.5,8.06,-1,-9999,-9999,-9999,-9999,-9999,-9999,-9999,unassigned,N/A,-9999,-9999,N/A,-9999,-9999,-9999,-9999,-9999,-9999,-9999,-9999,-9999,-9999
2834,484.674648,484.674444936,-9999,2209660,-9999,224462.9,12.48,-1,-9999,-9999,-9999,-9999,-9999,-9999,-9999,unassigned,N/A,-9999,-9999,N/A,-9999,-9999,-9999,-9999,-9999,-9999,-9999,-9999,-9999,-9999
2845,486.671445,486.671241347,-9999,1766768.6,-9999,211211.1,9.49,-1,-9999,-9999,-9999,-9999,-9999,-9999,-9999,unassigned,N/A,-9999,-9999,N/A,-9999,-9999,-9999,-9999,-9999,-9999,-9999,-9999,-9999,-9999
2846,486.898481,486.89827728,-9999,4355213.5,-9999,235873.6,26.96,-1,-9999,-9999,-9999,-9999,-9999,-9999,-9999,unassigned,N/A,-9999,-9999,N/A,-9999,-9999,-9999,-9999,-9999,-9999,-9999,-9999,-9999,-9999
2857,488.236761,488.236556884,-9999,4801855,-9999,214956.2,29.98,-1,-9999,-9999,-9999,-9999,-9999,-9999,-9999,unassigned,N/A,-9999,-9999,N/A,-9999,-9999,-9999,-9999,-9999,-9999,-9999,-9999,-9999,-9999
2868,490.893254,490.8930491,-9999,1744573,-9999,205010.2,9.33,-1,-9999,-9999,-9999,-9999,-9999,-9999,-9999,unassigned,N/A,-9999,-9999,N/A,-9999,-9999,-9999,-9999,-9999,-9999,-9999,-9999,-9999,-9999
2883,494.18981,494.189604127,-9999,1761492.6,-9999,253046.1,9.44,-1,-9999,-9999,-9999,-9999,-9999,-9999,-9999,unassigned,N/A,-9999,-9999,N/A,-9999,-9999,-9999,-9999,-9999,-9999,-9999,-9999,-9999,-9999
2884,494.618984,494.618778,-9999,2645279.8,-9999,227546.7,15.41,-1,-9999,-9999,-9999,-9999,-9999,-9999,-9999,unassigned,N/A,-9999,-9999,N/A,-9999,-9999,-9999,-9999,-9999,-9999,-9999,-9999,-9999,-9999
2885,494.934648,494.934441907,-9999,11176280,-9999,216225.2,73.01,-1,-9999,-9999,-9999,-9999,-9999,-9999,-9999,unassigned,N/A,-9999,-9999,N/A,-9999,-9999,-9999,-9999,-9999,-9999,-9999,-9999,-9999,-9999
2892,495.934276,495.934069612,-9999,3303950.3,-9999,216154.5,19.7,-1,-9999,-9999,-9999,-9999,-9999,-9999,-9999,unassigned,N/A,-9999,-9999,N/A,-9999,-9999,-9999,-9999,-9999,-9999,-9999,-9999,-9999,-9999
2893,496.616078,496.61587141,-9999,3353231,-9999,205188,20.03,-1,-9999,-9999,-9999,-9999,-9999,-9999,-9999,unassigned,N/A,-9999,-9999,N/A,-9999,-9999,-9999,-9999,-9999,-9999,-9999,-9999,-9999,-9999
2894,496.931681,496.931474317,-9999,5561035.5,-9999,217865.1,34.82,-1,-9999,-9999,-9999,-9999,-9999,-9999,-9999,unassigned,N/A,-9999,-9999,N/A,-9999,-9999,-9999,-9999,-9999,-9999,-9999,-9999,-9999,-9999
2898,497.931258,497.931051022,-9999,1977745,-9999,237810.4,10.81,-1,-9999,-9999,-9999,-9999,-9999,-9999,-9999,unassigned,N/A,-9999,-9999,N/A,-9999,-9999,-9999,-9999,-9999,-9999,-9999,-9999,-9999,-9999
2900,498.613034,498.612826821,-9999,2221596,-9999,220306.7,12.45,-1,-9999,-9999,-9999,-9999,-9999,-9999,-9999,unassigned,N/A,-9999,-9999,N/A,-9999,-9999,-9999,-9999,-9999,-9999,-9999,-9999,-9999,-9999
2901,498.638973,498.638765813,-9999,2752545.5,-9999,216195.8,16,-1,-9999,-9999,-9999,-9999,-9999,-9999,-9999,unassigned,N/A,-9999,-9999,N/A,-9999,-9999,-9999,-9999,-9999,-9999,-9999,-9999,-9999,-9999
2909,500.610098,500.609890231,-9999,1755080.8,-9999,247332.5,9.32,-1,-9999,-9999,-9999,-9999,-9999,-9999,-9999,unassigned,N/A,-9999,-9999,N/A,-9999,-9999,-9999,-9999,-9999,-9999,-9999,-9999,-9999,-9999
2910,500.63584,500.635632224,-9999,7998926.5,-9999,203998.1,51.14,-1,-9999,-9999,-9999,-9999,-9999,-9999,-9999,unassigned,N/A,-9999,-9999,N/A,-9999,-9999,-9999,-9999,-9999,-9999,-9999,-9999,-9999,-9999
2911,500.914217,500.914009141,-9999,2868748.8,-9999,216561.4,16.78,-1,-9999,-9999,-9999,-9999,-9999,-9999,-9999,unassigned,N/A,-9999,-9999,N/A,-9999,-9999,-9999,-9999,-9999,-9999,-9999,-9999,-9999,-9999
2926,502.632908,502.632699634,-9999,10309530,-9999,212992.3,66.61,-1,-9999,-9999,-9999,-9999,-9999,-9999,-9999,unassigned,N/A,-9999,-9999,N/A,-9999,-9999,-9999,-9999,-9999,-9999,-9999,-9999,-9999,-9999
2935,504.231644,504.231435162,-9999,2074910.1,-9999,214411.4,11.45,-1,-9999,-9999,-9999,-9999,-9999,-9999,-9999,unassigned,N/A,-9999,-9999,N/A,-9999,-9999,-9999,-9999,-9999,-9999,-9999,-9999,-9999,-9999
2936,504.630004,504.629795044,-9999,7850369.5,-9999,219028.9,50.14,-1,-9999,-9999,-9999,-9999,-9999,-9999,-9999,unassigned,N/A,-9999,-9999,N/A,-9999,-9999,-9999,-9999,-9999,-9999,-9999,-9999,-9999,-9999
2937,504.677504,504.67729503,-9999,2111373.5,-9999,223712.4,11.7,-1,-9999,-9999,-9999,-9999,-9999,-9999,-9999,unassigned,N/A,-9999,-9999,N/A,-9999,-9999,-9999,-9999,-9999,-9999,-9999,-9999,-9999,-9999
2950,506.627031,506.626821455,-9999,4005762,-9999,208851.7,24.38,-1,-9999,-9999,-9999,-9999,-9999,-9999,-9999,unassigned,N/A,-9999,-9999,N/A,-9999,-9999,-9999,-9999,-9999,-9999,-9999,-9999,-9999,-9999
2951,506.674505,506.674295441,-9999,1593742.5,-9999,246418.1,8.23,-1,-9999,-9999,-9999,-9999,-9999,-9999,-9999,unassigned,N/A,-9999,-9999,N/A,-9999,-9999,-9999,-9999,-9999,-9999,-9999,-9999,-9999,-9999
2959,508.205525,508.205314989,-9999,1765159.1,-9999,250169.8,9.37,-1,-9999,-9999,-9999,-9999,-9999,-9999,-9999,unassigned,N/A,-9999,-9999,N/A,-9999,-9999,-9999,-9999,-9999,-9999,-9999,-9999,-9999,-9999
2965,509.949872,509.949661474,-9999,1588487.4,-9999,227572.9,8.19,-1,-9999,-9999,-9999,-9999,-9999,-9999,-9999,unassigned,N/A,-9999,-9999,N/A,-9999,-9999,-9999,-9999,-9999,-9999,-9999,-9999,-9999,-9999
2978,514.288859,514.288647193,-9999,2638826.3,-9999,211313.3,15.21,-1,-9999,-9999,-9999,-9999,-9999,-9999,-9999,unassigned,N/A,-9999,-9999,N/A,-9999,-9999,-9999,-9999,-9999,-9999,-9999,-9999,-9999,-9999
2985,516.268055,516.267842608,-9999,4050490,-9999,211012.5,24.66,-1,-9999,-9999,-9999,-9999,-9999,-9999,-9999,unassigned,N/A,-9999,-9999,N/A,-9999,-9999,-9999,-9999,-9999,-9999,-9999,-9999,-9999,-9999
2986,516.609859,516.609646507,-9999,2733729.3,-9999,219611,15.84,-1,-9999,-9999,-9999,-9999,-9999,-9999,-9999,unassigned,N/A,-9999,-9999,N/A,-9999,-9999,-9999,-9999,-9999,-9999,-9999,-9999,-9999,-9999
2990,518.607027,518.606813918,-9999,2558209.5,-9999,230964.5,14.66,-1,-9999,-9999,-9999,-9999,-9999,-9999,-9999,unassigned,N/A,-9999,-9999,N/A,-9999,-9999,-9999,-9999,-9999,-9999,-9999,-9999,-9999,-9999
2995,520.603737,520.603523328,-9999,2516840.5,-9999,183640.9,14.3,-1,-9999,-9999,-9999,-9999,-9999,-9999,-9999,unassigned,N/A,-9999,-9999,N/A,-9999,-9999,-9999,-9999,-9999,-9999,-9999,-9999,-9999,-9999
3003,522.600964,522.600749738,-9999,1708499.8,-9999,248154.4,8.91,-1,-9999,-9999,-9999,-9999,-9999,-9999,-9999,unassigned,N/A,-9999,-9999,N/A,-9999,-9999,-9999,-9999,-9999,-9999,-9999,-9999,-9999,-9999
3011,526.659618,526.65940254,-9999,1732799.9,-9999,214370.1,9.07,-1,-9999,-9999,-9999,-9999,-9999,-9999,-9999,unassigned,N/A,-9999,-9999,N/A,-9999,-9999,-9999,-9999,-9999,-9999,-9999,-9999,-9999,-9999
3012,526.870043,526.869827478,-9999,3941121,-9999,201343.4,23.77,-1,-9999,-9999,-9999,-9999,-9999,-9999,-9999,unassigned,N/A,-9999,-9999,N/A,-9999,-9999,-9999,-9999,-9999,-9999,-9999,-9999,-9999,-9999
3015,527.869869,527.869653183,-9999,1600565.6,-9999,215982.4,8.18,-1,-9999,-9999,-9999,-9999,-9999,-9999,-9999,unassigned,N/A,-9999,-9999,N/A,-9999,-9999,-9999,-9999,-9999,-9999,-9999,-9999,-9999,-9999
3018,528.656578,528.65636195,-9999,1425191.5,-9999,254813.4,7.01,-1,-9999,-9999,-9999,-9999,-9999,-9999,-9999,unassigned,N/A,-9999,-9999,N/A,-9999,-9999,-9999,-9999,-9999,-9999,-9999,-9999,-9999,-9999
3019,528.867147,528.866930888,-9999,1989480.1,-9999,230192.9,10.77,-1,-9999,-9999,-9999,-9999,-9999,-9999,-9999,unassigned,N/A,-9999,-9999,N/A,-9999,-9999,-9999,-9999,-9999,-9999,-9999,-9999,-9999,-9999
3038,536.844457,536.844238533,-9999,2151587.5,-9999,206951.4,11.83,-1,-9999,-9999,-9999,-9999,-9999,-9999,-9999,unassigned,N/A,-9999,-9999,N/A,-9999,-9999,-9999,-9999,-9999,-9999,-9999,-9999,-9999,-9999
3047,540.885934,540.88571434,-9999,4983538.5,-9999,195274.2,30.68,-1,-9999,-9999,-9999,-9999,-9999,-9999,-9999,unassigned,N/A,-9999,-9999,N/A,-9999,-9999,-9999,-9999,-9999,-9999,-9999,-9999,-9999,-9999
3052,541.885667,541.885447044,-9999,1650166,-9999,184087.8,8.49,-1,-9999,-9999,-9999,-9999,-9999,-9999,-9999,unassigned,N/A,-9999,-9999,N/A,-9999,-9999,-9999,-9999,-9999,-9999,-9999,-9999,-9999,-9999
3054,542.283719,542.283498927,-9999,2295899.8,-9999,223496.7,12.78,-1,-9999,-9999,-9999,-9999,-9999,-9999,-9999,unassigned,N/A,-9999,-9999,N/A,-9999,-9999,-9999,-9999,-9999,-9999,-9999,-9999,-9999,-9999
3055,542.882743,542.88252275,-9999,2369266.8,-9999,204626.3,13.27,-1,-9999,-9999,-9999,-9999,-9999,-9999,-9999,unassigned,N/A,-9999,-9999,N/A,-9999,-9999,-9999,-9999,-9999,-9999,-9999,-9999,-9999,-9999
3062,544.630902,544.630681234,-9999,1495710.6,-9999,203609.9,7.49,-1,-9999,-9999,-9999,-9999,-9999,-9999,-9999,unassigned,N/A,-9999,-9999,N/A,-9999,-9999,-9999,-9999,-9999,-9999,-9999,-9999,-9999,-9999
3067,545.881473,545.881251865,-9999,1602243.9,-9999,180394.2,8.2,-1,-9999,-9999,-9999,-9999,-9999,-9999,-9999,unassigned,N/A,-9999,-9999,N/A,-9999,-9999,-9999,-9999,-9999,-9999,-9999,-9999,-9999,-9999
3069,546.460106,546.459884694,-9999,1527879.8,-9999,165621.1,7.7,-1,-9999,-9999,-9999,-9999,-9999,-9999,-9999,unassigned,N/A,-9999,-9999,N/A,-9999,-9999,-9999,-9999,-9999,-9999,-9999,-9999,-9999,-9999
3075,550.860351,550.860128395,-9999,2662363.8,-9999,226330,15.28,-1,-9999,-9999,-9999,-9999,-9999,-9999,-9999,unassigned,N/A,-9999,-9999,N/A,-9999,-9999,-9999,-9999,-9999,-9999,-9999,-9999,-9999,-9999
3080,554.574238,554.574014298,-9999,2024028,-9999,182012.8,11.01,-1,-9999,-9999,-9999,-9999,-9999,-9999,-9999,unassigned,N/A,-9999,-9999,N/A,-9999,-9999,-9999,-9999,-9999,-9999,-9999,-9999,-9999,-9999
3081,554.901377,554.901153202,-9999,3468942.3,-9999,160933.7,20.68,-1,-9999,-9999,-9999,-9999,-9999,-9999,-9999,unassigned,N/A,-9999,-9999,N/A,-9999,-9999,-9999,-9999,-9999,-9999,-9999,-9999,-9999,-9999
3083,556.29951,556.299285789,-9999,1439066.4,-9999,200513,7.09,-1,-9999,-9999,-9999,-9999,-9999,-9999,-9999,unassigned,N/A,-9999,-9999,N/A,-9999,-9999,-9999,-9999,-9999,-9999,-9999,-9999,-9999,-9999
3084,556.572064,556.571839708,-9999,1451904,-9999,195892.6,7.18,-1,-9999,-9999,-9999,-9999,-9999,-9999,-9999,unassigned,N/A,-9999,-9999,N/A,-9999,-9999,-9999,-9999,-9999,-9999,-9999,-9999,-9999,-9999
3085,556.898636,556.898411612,-9999,1790892.5,-9999,220132.9,9.45,-1,-9999,-9999,-9999,-9999,-9999,-9999,-9999,unassigned,N/A,-9999,-9999,N/A,-9999,-9999,-9999,-9999,-9999,-9999,-9999,-9999,-9999,-9999
3090,558.242413,558.242188215,-9999,1644633.6,-9999,232718.7,8.47,-1,-9999,-9999,-9999,-9999,-9999,-9999,-9999,unassigned,N/A,-9999,-9999,N/A,-9999,-9999,-9999,-9999,-9999,-9999,-9999,-9999,-9999,-9999
3093,558.594812,558.594587111,-9999,3524740.5,-9999,193403.3,21.05,-1,-9999,-9999,-9999,-9999,-9999,-9999,-9999,unassigned,N/A,-9999,-9999,N/A,-9999,-9999,-9999,-9999,-9999,-9999,-9999,-9999,-9999,-9999
3094,558.638901,558.638676098,-9999,1652873.9,-9999,173203.5,8.52,-1,-9999,-9999,-9999,-9999,-9999,-9999,-9999,unassigned,N/A,-9999,-9999,N/A,-9999,-9999,-9999,-9999,-9999,-9999,-9999,-9999,-9999,-9999
3095,558.896656,558.896431022,-9999,1948328.4,-9999,186805.7,10.5,-1,-9999,-9999,-9999,-9999,-9999,-9999,-9999,unassigned,N/A,-9999,-9999,N/A,-9999,-9999,-9999,-9999,-9999,-9999,-9999,-9999,-9999,-9999
3098,559.237914,559.237688921,-9999,1477840.1,-9999,236109.4,7.35,-1,-9999,-9999,-9999,-9999,-9999,-9999,-9999,unassigned,N/A,-9999,-9999,N/A,-9999,-9999,-9999,-9999,-9999,-9999,-9999,-9999,-9999,-9999
3100,560.591752,560.591526521,-9999,4366692.5,-9999,209741.7,26.68,-1,-9999,-9999,-9999,-9999,-9999,-9999,-9999,unassigned,N/A,-9999,-9999,N/A,-9999,-9999,-9999,-9999,-9999,-9999,-9999,-9999,-9999,-9999
3101,562.588486,562.588259932,-9999,4288037.5,-9999,182857.7,26.15,-1,-9999,-9999,-9999,-9999,-9999,-9999,-9999,unassigned,N/A,-9999,-9999,N/A,-9999,-9999,-9999,-9999,-9999,-9999,-9999,-9999,-9999,-9999
3103,564.585813,564.585586342,-9999,2304712.8,-9999,215832.6,12.88,-1,-9999,-9999,-9999,-9999,-9999,-9999,-9999,unassigned,N/A,-9999,-9999,N/A,-9999,-9999,-9999,-9999,-9999,-9999,-9999,-9999,-9999,-9999
3104,564.876066,564.875839256,-9999,3213022,-9999,178878.4,18.96,-1,-9999,-9999,-9999,-9999,-9999,-9999,-9999,unassigned,N/A,-9999,-9999,N/A,-9999,-9999,-9999,-9999,-9999,-9999,-9999,-9999,-9999,-9999
3107,565.875289,565.875061961,-9999,1513763.4,-9999,227379.6,7.59,-1,-9999,-9999,-9999,-9999,-9999,-9999,-9999,unassigned,N/A,-9999,-9999,N/A,-9999,-9999,-9999,-9999,-9999,-9999,-9999,-9999,-9999,-9999
3120,572.258236,572.258007077,-9999,1524808.5,-9999,204776.4,7.66,-1,-9999,-9999,-9999,-9999,-9999,-9999,-9999,unassigned,N/A,-9999,-9999,N/A,-9999,-9999,-9999,-9999,-9999,-9999,-9999,-9999,-9999,-9999
3122,572.912034,572.911804884,-9999,2624601.3,-9999,206887.8,15.03,-1,-9999,-9999,-9999,-9999,-9999,-9999,-9999,unassigned,N/A,-9999,-9999,N/A,-9999,-9999,-9999,-9999,-9999,-9999,-9999,-9999,-9999,-9999
3127,574.909267,574.909037294,-9999,1507967,-9999,185314.2,7.55,-1,-9999,-9999,-9999,-9999,-9999,-9999,-9999,unassigned,N/A,-9999,-9999,N/A,-9999,-9999,-9999,-9999,-9999,-9999,-9999,-9999,-9999,-9999
3128,576.56569,576.565459805,-9999,3010703.8,-9999,189270,17.62,-1,-9999,-9999,-9999,-9999,-9999,-9999,-9999,unassigned,N/A,-9999,-9999,N/A,-9999,-9999,-9999,-9999,-9999,-9999,-9999,-9999,-9999,-9999
3131,578.601537,578.601306204,-9999,1952147.8,-9999,150301.2,10.53,-1,-9999,-9999,-9999,-9999,-9999,-9999,-9999,unassigned,N/A,-9999,-9999,N/A,-9999,-9999,-9999,-9999,-9999,-9999,-9999,-9999,-9999,-9999
3132,578.891516,578.891285118,-9999,2979987,-9999,194469.9,17.41,-1,-9999,-9999,-9999,-9999,-9999,-9999,-9999,unassigned,N/A,-9999,-9999,N/A,-9999,-9999,-9999,-9999,-9999,-9999,-9999,-9999,-9999,-9999
3144,586.614932,586.614698838,-9999,1436179.1,-9999,209157.1,7.07,-1,-9999,-9999,-9999,-9999,-9999,-9999,-9999,unassigned,N/A,-9999,-9999,N/A,-9999,-9999,-9999,-9999,-9999,-9999,-9999,-9999,-9999,-9999
3145,586.837119,586.836885772,-9999,1656844.9,-9999,230219.7,8.55,-1,-9999,-9999,-9999,-9999,-9999,-9999,-9999,unassigned,N/A,-9999,-9999,N/A,-9999,-9999,-9999,-9999,-9999,-9999,-9999,-9999,-9999,-9999
3146,586.927828,586.927594746,-9999,1889802.4,-9999,199726,10.11,-1,-9999,-9999,-9999,-9999,-9999,-9999,-9999,unassigned,N/A,-9999,-9999,N/A,-9999,-9999,-9999,-9999,-9999,-9999,-9999,-9999,-9999,-9999
3151,588.924437,588.924203156,-9999,1476557.6,-9999,213599.3,7.35,-1,-9999,-9999,-9999,-9999,-9999,-9999,-9999,unassigned,N/A,-9999,-9999,N/A,-9999,-9999,-9999,-9999,-9999,-9999,-9999,-9999,-9999,-9999
3153,591.592583,591.592348368,-9999,1441265.6,-9999,119327.1,7.11,-1,-9999,-9999,-9999,-9999,-9999,-9999,-9999,unassigned,N/A,-9999,-9999,N/A,-9999,-9999,-9999,-9999,-9999,-9999,-9999,-9999,-9999,-9999
3158,600.943656,600.943418607,-9999,1700354.8,-9999,166544.1,8.85,-1,-9999,-9999,-9999,-9999,-9999,-9999,-9999,unassigned,N/A,-9999,-9999,N/A,-9999,-9999,-9999,-9999,-9999,-9999,-9999,-9999,-9999,-9999
3161,618.863491,618.863248316,-9999,1959522.6,-9999,200047.2,10.54,-1,-9999,-9999,-9999,-9999,-9999,-9999,-9999,unassigned,N/A,-9999,-9999,N/A,-9999,-9999,-9999,-9999,-9999,-9999,-9999,-9999,-9999,-9999
3163,630.790578,630.790331795,-9999,1437524.1,-9999,125953.6,7.06,-1,-9999,-9999,-9999,-9999,-9999,-9999,-9999,unassigned,N/A,-9999,-9999,N/A,-9999,-9999,-9999,-9999,-9999,-9999,-9999,-9999,-9999,-9999
3164,632.878691,632.878444178,-9999,2057145.3,-9999,159232.3,11.19,-1,-9999,-9999,-9999,-9999,-9999,-9999,-9999,unassigned,N/A,-9999,-9999,N/A,-9999,-9999,-9999,-9999,-9999,-9999,-9999,-9999,-9999,-9999
