Index,Mass,Calibrated_Mass,Calculated_Mass,Peak_Height,Peak_Area,Resolving_Power,S_N,Ion_Charge,Error_ppm,Error_Score,Isotopologue_Similarity,Confidence_Score,DBE,OtoC_ratio,HtoC_ratio,Heteroatom_Class,Ion_Type,Is_Isotopologue,Mono_Isotopic_Index,Molecular_Formula,C,H,O,N,P,S,13C,15N,18O,34S
44,116.027142,116.027043308,116.027074428,1125922,-9999,664518.7,7.93,-1,-0.268215497,0.987031488,0,0.592218893,2,0.25,2,N1 P1 O1,de-protonated,0,-9999,C4 H8 O1 N1 P1,4,8,1,1,1,-9999,-9999,N/A,-9999,-9999
98,129.055816,129.055714049,129.055717729,25301870,-9999,670418.8,230.57,-1,-0.028512464,0.992334883,0.995578112,0.993632175,2,0.5,1.666666667,O3,de-protonated,0,-9999,C6 H10 O3,6,10,3,-9999,-9999,-9999,-9999,N/A,-9999,-9999
102,130.059137,130.059034798,130.059072564,1515669.3,-9999,615661.1,11.42,-1,-0.290373544,0.984817266,0.995578112,0.989121604,2,0.5,1.666666667,13C1 O3,de-protonated,1,98,C5 H10 O3 13C1,5,10,3,-9999,-9999,-9999,1,N/A,-9999,-9999
139,145.050734,145.050628048,145.050632348,1252506.8,-9999,645526.5,8.75,-1,-0.029643859,0.999840563,0,0.599904338,2,0.666666667,1.666666667,O4,de-protonated,0,-9999,C6 H10 O4,6,10,4,-9999,-9999,-9999,-9999,N/A,-9999,-9999
152,149.024559,149.024452054,149.0244176,1578674.6,-9999,869296.3,11.61,-1,0.231201776,0.99034768,0,0.594208608,6,0.375,0.75,O3,de-protonated,0,-9999,C8 H6 O3,8,6,3,-9999,-9999,-9999,-9999,N/A,-9999,-9999
168,157.050779,157.050670047,157.050632348,1203439.3,-9999,706332,8.11,-1,0.240041883,0.989599372,0,0.593759623,3,0.571428571,1.428571429,O4,de-protonated,0,-9999,C7 H10 O4,7,10,4,-9999,-9999,-9999,-9999,N/A,-9999,-9999
178,159.066438,159.066328543,159.066282413,4480089.5,-9999,749581.7,37.09,-1,0.290005644,0.984855422,0,0.590913253,2,0.571428571,1.714285714,O4,de-protonated,0,-9999,C7 H12 O4,7,12,4,-9999,-9999,-9999,-9999,N/A,-9999,-9999
198,164.071828,164.071717291,164.071702146,1983658.5,-9999,801945.1,14.83,-1,0.092307988,0.998455113,0,0.599073068,5,0.222222222,1.222222222,N1 O2,de-protonated,0,-9999,C9 H11 O2 N1,9,11,2,1,-9999,-9999,-9999,N/A,-9999,-9999
204,165.019463,165.019352054,165.019332219,3145661.5,-9999,681742.1,25.01,-1,0.120195308,0.99738206,0,0.598429236,6,0.5,0.75,O4,de-protonated,0,-9999,C8 H6 O4,8,6,4,-9999,-9999,-9999,-9999,N/A,-9999,-9999
205,165.055867,165.055756045,165.055717729,1145809.6,-9999,754113.3,7.49,-1,0.232140363,0.990269535,0,0.594161721,5,0.333333333,1.111111111,O3,de-protonated,0,-9999,C9 H10 O3,9,10,3,-9999,-9999,-9999,-9999,N/A,-9999,-9999
212,169.08715,169.087038036,169.087017858,1393479.1,-9999,836876,9.57,-1,0.11934023,0.997419128,0,0.598451477,3,0.333333333,1.555555556,O3,de-protonated,0,-9999,C9 H14 O3,9,14,3,-9999,-9999,-9999,-9999,N/A,-9999,-9999
215,171.012288,171.012175555,171.012138839,2171153,-9999,707079.1,16.33,-1,0.214700284,0.991670785,0,0.595002471,4,0.428571429,1.142857143,S1 O3,de-protonated,0,-9999,C7 H8 O3 S1,7,8,3,-9999,-9999,1,-9999,N/A,-9999,-9999
216,171.066432,171.066319541,171.066282413,2460459.5,-9999,685960,18.85,-1,0.217042902,0.991488811,0,0.594893287,3,0.5,1.5,O4,de-protonated,0,-9999,C8 H12 O4,8,12,4,-9999,-9999,-9999,-9999,N/A,-9999,-9999
217,171.102816,171.102703532,171.102667922,1311293.4,-9999,872537.9,8.85,-1,0.208122249,0.992171378,0,0.595302827,2,0.333333333,1.777777778,O3,de-protonated,0,-9999,C9 H16 O3,9,16,3,-9999,-9999,-9999,-9999,N/A,-9999,-9999
224,173.082067,173.081954037,173.081932477,11721196,-9999,606808.4,99.09,-1,0.124565969,0.997188478,0,0.598313087,2,0.5,1.75,O4,de-protonated,0,-9999,C8 H14 O4,8,14,4,-9999,-9999,-9999,-9999,N/A,-9999,-9999
225,173.118492,173.118379028,173.118317987,1941372.4,-9999,665325.7,14.27,-1,0.352600805,0.977693522,0,0.586616113,1,0.333333333,2,O3,de-protonated,0,-9999,C9 H18 O3,9,18,3,-9999,-9999,-9999,-9999,N/A,-9999,-9999
228,175.097732,175.097618533,175.097582542,2224493.3,-9999,750464.9,16.66,-1,0.205551139,0.992362875,0,0.595417725,1,0.5,2,O4,de-protonated,0,-9999,C8 H16 O4,8,16,4,-9999,-9999,-9999,-9999,N/A,-9999,-9999
231,179.035101,179.034986548,179.034982284,1309943.6,-9999,719096,8.73,-1,0.023819626,0.999897056,0,0.599938234,6,0.444444444,0.888888889,O4,de-protonated,0,-9999,C9 H8 O4,9,8,4,-9999,-9999,-9999,-9999,N/A,-9999,-9999
234,180.033775,180.033660299,180.033602559,1126352.1,-9999,571225.2,7.12,-1,0.320713692,0.981509764,0,0.588905859,1,0.8,2.2,N1 S1 O4,de-protonated,0,-9999,C5 H11 O4 N1 S1,5,11,4,1,-9999,1,-9999,N/A,-9999,-9999
235,181.014395,181.014280053,181.014246839,2301967.8,-9999,610310.6,17.24,-1,0.183490431,0.993909475,0,0.596345685,6,0.625,0.75,O5,de-protonated,0,-9999,C8 H6 O5,8,6,5,-9999,-9999,-9999,-9999,N/A,-9999,-9999
237,183.004898,183.004782555,183.004744783,1822818.4,-9999,720588.3,13.11,-1,0.206399699,0.992299933,0,0.59537996,6,0.833333333,0.666666667,N2 O5,de-protonated,0,-9999,C6 H4 O5 N2,6,4,5,2,-9999,-9999,-9999,N/A,-9999,-9999
239,183.066444,183.06632854,183.066282413,1192947.6,-9999,766981,7.69,-1,0.251970598,0.988546073,0,0.593127644,4,0.444444444,1.333333333,O4,de-protonated,0,-9999,C9 H12 O4,9,12,4,-9999,-9999,-9999,-9999,N/A,-9999,-9999
240,183.102788,183.102672531,183.102667922,1293693.9,-9999,706505.3,8.54,-1,0.025171017,0.999885044,0,0.599931027,3,0.3,1.6,O3,de-protonated,0,-9999,C10 H16 O3,10,16,3,-9999,-9999,-9999,-9999,N/A,-9999,-9999
242,185.027964,185.027848049,185.027788903,1372792.3,-9999,605420.5,9.21,-1,0.31966194,0.981629721,0,0.588977832,4,0.375,1.25,S1 O3,de-protonated,0,-9999,C8 H10 O3 S1,8,10,3,-9999,-9999,1,-9999,N/A,-9999,-9999
243,185.045735,185.045619045,185.045546968,1299836.6,-9999,593443,8.58,-1,0.389510357,0.972846382,0,0.583707829,4,0.625,1.25,O5,de-protonated,0,-9999,C8 H10 O5,8,10,5,-9999,-9999,-9999,-9999,N/A,-9999,-9999
244,185.08209,185.081974036,185.081932477,4588165.5,-9999,622713.2,36.81,-1,0.224542253,0.990893218,0,0.594535931,3,0.444444444,1.555555556,O4,de-protonated,0,-9999,C9 H14 O4,9,14,4,-9999,-9999,-9999,-9999,N/A,-9999,-9999
245,185.118438,185.118322027,185.118317987,1790606.6,-9999,509904,12.8,-1,0.021825354,0.999913571,0,0.599948143,2,0.3,1.8,O3,de-protonated,0,-9999,C10 H18 O3,10,18,3,-9999,-9999,-9999,-9999,N/A,-9999,-9999
246,186.077329,186.077212787,186.077181449,2448754.8,-9999,665487.9,18.44,-1,0.168411775,0.994866877,0,0.596920126,3,0.5,1.625,N1 O4,de-protonated,0,-9999,C8 H13 O4 N1,8,13,4,1,-9999,-9999,-9999,N/A,-9999,-9999
247,186.11375,186.113633778,186.113566959,3716475.3,-9999,606547.7,29.33,-1,0.359023418,0.976883048,0,0.586129829,2,0.333333333,1.888888889,N1 O3,de-protonated,0,-9999,C9 H17 O3 N1,9,17,3,1,-9999,-9999,-9999,N/A,-9999,-9999
251,187.061359,187.061242541,187.061197032,3494990.3,-9999,631110.7,27.36,-1,0.243281647,0.989318245,0,0.593590947,3,0.625,1.5,O5,de-protonated,0,-9999,C8 H12 O5,8,12,5,-9999,-9999,-9999,-9999,N/A,-9999,-9999
253,187.097742,187.097625532,187.097582542,44602456,-9999,585587,379.35,-1,0.229773713,0.990961167,0.995485299,0.99277082,2,0.444444444,1.777777778,O4,de-protonated,0,-9999,C9 H16 O4,9,16,4,-9999,-9999,-9999,-9999,N/A,-9999,-9999
254,187.108978,187.108861529,187.108815931,3457112.5,-9999,632610.2,27.03,-1,0.243697795,0.989281867,0,0.59356912,2,0.375,2,N2 O3,de-protonated,0,-9999,C8 H16 O3 N2,8,16,3,2,-9999,-9999,-9999,N/A,-9999,-9999
255,187.13413,187.134013523,187.133968051,1870941.9,-9999,692583.8,13.45,-1,0.242989851,0.989343716,0,0.59360623,1,0.3,2,O3,de-protonated,0,-9999,C10 H20 O3,10,20,3,-9999,-9999,-9999,-9999,N/A,-9999,-9999
257,188.101095,188.100978281,188.100937377,4100390.3,-9999,604710.2,32.54,-1,0.217458145,0.991456353,0.995485299,0.993067931,2,0.444444444,1.777777778,13C1 O4,de-protonated,1,253,C8 H16 O4 13C1,8,16,4,-9999,-9999,-9999,1,N/A,-9999,-9999
259,189.07702,189.076903037,189.076847097,3066851,-9999,604645.9,23.69,-1,0.295858255,0.984242877,0,0.590545726,2,0.625,1.75,O5,de-protonated,0,-9999,C8 H14 O5,8,14,5,-9999,-9999,-9999,-9999,N/A,-9999,-9999
260,189.113412,189.113295028,189.113232606,1684713.8,-9999,687132.2,11.85,-1,0.330074701,0.980425411,0,0.588255246,1,0.444444444,2,O4,de-protonated,0,-9999,C9 H18 O4,9,18,4,-9999,-9999,-9999,-9999,N/A,-9999,-9999
264,193.050845,193.050727043,193.050632348,1530722,-9999,659208.8,10.48,-1,0.49051648,0.957281561,0,0.574368937,6,0.4,1,O4,de-protonated,0,-9999,C10 H10 O4,10,10,4,-9999,-9999,-9999,-9999,N/A,-9999,-9999
265,193.08718,193.087062034,193.087017858,2729319,-9999,573740.7,20.69,-1,0.228788445,0.990547184,0,0.59432831,5,0.272727273,1.272727273,O3,de-protonated,0,-9999,C11 H14 O3,11,14,3,-9999,-9999,-9999,-9999,N/A,-9999,-9999
266,193.123511,193.123393025,193.123403367,1218859.9,-9999,493630.6,7.82,-1,-0.053553108,0.999479752,0,0.599687851,4,0.166666667,1.5,O2,de-protonated,0,-9999,C12 H18 O2,12,18,2,-9999,-9999,-9999,-9999,N/A,-9999,-9999
268,195.030038,195.029919548,195.029896903,2795354.8,-9999,637908,21.25,-1,0.116107212,0.9975569,0,0.59853414,6,0.555555556,0.888888889,O5,de-protonated,0,-9999,C9 H8 O5,9,8,5,-9999,-9999,-9999,-9999,N/A,-9999,-9999
269,195.066413,195.066294539,195.066282413,1741919,-9999,514962.1,12.27,-1,0.062163124,0.999299082,0,0.599579449,5,0.4,1.2,O4,de-protonated,0,-9999,C10 H12 O4,10,12,4,-9999,-9999,-9999,-9999,N/A,-9999,-9999
270,195.13925,195.13913152,195.139053431,1812839.4,-9999,571593.9,12.88,-1,0.400171111,0.971361451,0,0.582816871,3,0.166666667,1.666666667,O2,de-protonated,0,-9999,C12 H20 O2,12,20,2,-9999,-9999,-9999,-9999,N/A,-9999,-9999
273,196.025301,196.025182299,196.025145876,1173064.5,-9999,534507.9,7.43,-1,0.185809048,0.993755065,0,0.596253039,6,0.625,0.875,N1 O5,de-protonated,0,-9999,C8 H7 O5 N1,8,7,5,1,-9999,-9999,-9999,N/A,-9999,-9999
276,197.082077,197.081958034,197.081932477,1536818.6,-9999,685028.3,10.5,-1,0.129678648,0.996953309,0,0.598171986,4,0.4,1.4,O4,de-protonated,0,-9999,C10 H14 O4,10,14,4,-9999,-9999,-9999,-9999,N/A,-9999,-9999
277,197.118466,197.118347025,197.118317987,1557814,-9999,649245.1,10.67,-1,0.147316938,0.996069893,0,0.597641936,3,0.272727273,1.636363636,O3,de-protonated,0,-9999,C11 H18 O3,11,18,3,-9999,-9999,-9999,-9999,N/A,-9999,-9999
281,199.00722,199.007100553,199.007053458,6150362.5,-9999,533594.1,49.7,-1,0.23664884,0.989889843,0,0.593933906,5,0.5,1,S1 O4,de-protonated,0,-9999,C8 H8 O4 S1,8,8,4,-9999,-9999,1,-9999,N/A,-9999,-9999
282,199.061365,199.061245539,199.061197032,4607198.5,-9999,549020.3,36.58,-1,0.243679615,0.989283457,0,0.593570074,4,0.555555556,1.333333333,O5,de-protonated,0,-9999,C9 H12 O5,9,12,5,-9999,-9999,-9999,-9999,N/A,-9999,-9999
283,199.097742,199.09762253,199.097582542,34429664,-9999,532078.5,289.99,-1,0.200849789,0.995456759,0.981885536,0.99002827,3,0.4,1.6,O4,de-protonated,0,-9999,C10 H16 O4,10,16,4,-9999,-9999,-9999,-9999,N/A,-9999,-9999
284,199.134152,199.134032521,199.133968051,2067684.5,-9999,640016.7,15.01,-1,0.323753156,0.98116097,0,0.588696582,2,0.272727273,1.818181818,O3,de-protonated,0,-9999,C11 H20 O3,11,20,3,-9999,-9999,-9999,-9999,N/A,-9999,-9999
288,200.093005,200.092885281,200.092831514,2088748,-9999,564424.6,15.14,-1,0.268713153,0.986983634,0,0.59219018,3,0.444444444,1.666666667,N1 O4,de-protonated,0,-9999,C9 H15 O4 N1,9,15,4,1,-9999,-9999,-9999,N/A,-9999,-9999
289,200.101077,200.100957279,200.100937377,4505388.5,-9999,511692.4,35.62,-1,0.099463236,0.99820655,0.981885536,0.991678145,3,0.4,1.6,13C1 O4,de-protonated,1,283,C9 H16 O4 13C1,9,16,4,-9999,-9999,-9999,1,N/A,-9999,-9999
292,201.077009,201.076889035,201.076847097,6621038.5,-9999,539181.1,53.55,-1,0.208569761,0.992137808,0,0.595282685,3,0.555555556,1.555555556,O5,de-protonated,0,-9999,C9 H14 O5,9,14,5,-9999,-9999,-9999,-9999,N/A,-9999,-9999
293,201.088234,201.088114032,201.088080486,1211119.4,-9999,636266.4,7.7,-1,0.166824668,0.994962927,0,0.596977756,3,0.5,1.75,N2 O4,de-protonated,0,-9999,C8 H14 O4 N2,8,14,4,2,-9999,-9999,-9999,N/A,-9999,-9999
294,201.113389,201.113269026,201.113232606,27376496,-9999,518709.7,229.43,-1,0.181092513,0.991872082,0.997498628,0.9941227,2,0.4,1.8,O4,de-protonated,0,-9999,C10 H18 O4,10,18,4,-9999,-9999,-9999,-9999,N/A,-9999,-9999
295,201.124628,201.124508023,201.124465995,5878641.5,-9999,561670.9,47.26,-1,0.208965127,0.992108091,0,0.595264854,2,0.333333333,2,N2 O3,de-protonated,0,-9999,C9 H18 O3 N2,9,18,3,2,-9999,-9999,-9999,N/A,-9999,-9999
296,201.149784,201.149664017,201.149618115,2308467.3,-9999,640167.8,17,-1,0.228196544,0.990595801,0,0.594357481,1,0.272727273,2,O3,de-protonated,0,-9999,C11 H22 O3,11,22,3,-9999,-9999,-9999,-9999,N/A,-9999,-9999
298,202.072289,202.072168786,202.072096069,1215915.5,-9999,491167.2,7.74,-1,0.35985876,0.976776611,0,0.586065966,3,0.625,1.625,N1 O5,de-protonated,0,-9999,C8 H13 O5 N1,8,13,5,1,-9999,-9999,-9999,N/A,-9999,-9999
299,202.116756,202.116635775,202.116587441,3045294,-9999,582293.2,23.25,-1,0.239139561,0.989677013,0.997498628,0.992805659,2,0.4,1.8,13C1 O4,de-protonated,1,294,C9 H18 O4 13C1,9,18,4,-9999,-9999,-9999,1,N/A,-9999,-9999
301,203.092658,203.092537531,203.092497161,3897315.5,-9999,529010.2,30.47,-1,0.19877614,0.992856247,0,0.595713748,2,0.555555556,1.777777778,O5,de-protonated,0,-9999,C9 H16 O5,9,16,5,-9999,-9999,-9999,-9999,N/A,-9999,-9999
302,203.129028,203.128907522,203.128882671,1354853.5,-9999,517103.3,8.92,-1,0.122343488,0.997287774,0,0.598372664,1,0.4,2,O4,de-protonated,0,-9999,C10 H20 O4,10,20,4,-9999,-9999,-9999,-9999,N/A,-9999,-9999
306,205.050776,205.050655041,205.050632348,1734976.1,-9999,524841.8,12.11,-1,0.110670885,0.997780076,0,0.598668046,7,0.363636364,0.909090909,O4,de-protonated,0,-9999,C11 H10 O4,11,10,4,-9999,-9999,-9999,-9999,N/A,-9999,-9999
307,205.071884,205.071763036,205.071761716,1148353,-9999,533363.8,7.15,-1,0.006435774,0.999992485,0,0.599995491,2,0.75,1.75,O6,de-protonated,0,-9999,C8 H14 O6,8,14,6,-9999,-9999,-9999,-9999,N/A,-9999,-9999
312,207.012315,207.012193551,207.012138839,1354764.5,-9999,562033.3,8.89,-1,0.264294412,0.987405513,0,0.592443308,7,0.3,0.8,S1 O3,de-protonated,0,-9999,C10 H8 O3 S1,10,8,3,-9999,-9999,1,-9999,N/A,-9999,-9999
313,207.030059,207.029937546,207.029896903,1325837.1,-9999,574015.5,8.65,-1,0.196314514,0.993031472,0,0.595818883,7,0.5,0.8,O5,de-protonated,0,-9999,C10 H8 O5,10,8,5,-9999,-9999,-9999,-9999,N/A,-9999,-9999
319,209.009333,209.009211051,209.009161458,1803470,-9999,625105.8,12.65,-1,0.237275792,0.989836476,0,0.593901886,7,0.666666667,0.666666667,O6,de-protonated,0,-9999,C9 H6 O6,9,6,6,-9999,-9999,-9999,-9999,N/A,-9999,-9999
320,209.045711,209.045589042,209.045546968,1927375.1,-9999,506548.4,13.69,-1,0.201268892,0.992676613,0,0.595605968,6,0.5,1,O5,de-protonated,0,-9999,C10 H10 O5,10,10,5,-9999,-9999,-9999,-9999,N/A,-9999,-9999
325,211.024991,211.024868547,211.024811523,2226696.5,-9999,559733.4,16.21,-1,0.270225119,0.986837714,0,0.592102629,6,0.666666667,0.888888889,O6,de-protonated,0,-9999,C9 H8 O6,9,8,6,-9999,-9999,-9999,-9999,N/A,-9999,-9999
326,211.061336,211.061213538,211.061197032,2247945.5,-9999,602162.5,16.39,-1,0.07820369,0.998890909,0,0.599334545,5,0.5,1.2,O5,de-protonated,0,-9999,C10 H12 O5,10,12,5,-9999,-9999,-9999,-9999,N/A,-9999,-9999
327,211.09773,211.097607529,211.097582542,2361098.5,-9999,559481.8,17.35,-1,0.118368535,0.997460931,0,0.598476559,4,0.363636364,1.454545455,O4,de-protonated,0,-9999,C11 H16 O4,11,16,4,-9999,-9999,-9999,-9999,N/A,-9999,-9999
328,211.134136,211.13401352,211.133968051,2498315.5,-9999,508887.1,18.45,-1,0.215355474,0.991620085,0,0.594972051,3,0.25,1.666666667,O3,de-protonated,0,-9999,C12 H20 O3,12,20,3,-9999,-9999,-9999,-9999,N/A,-9999,-9999
329,212.020313,212.020190298,212.020060495,1203748,-9999,431863.8,7.57,-1,0.612220645,0.934251571,0,0.560550942,6,0.75,0.875,N1 O6,de-protonated,0,-9999,C8 H7 O6 N1,8,7,6,1,-9999,-9999,-9999,N/A,-9999,-9999
330,212.035493,212.035370294,212.035316636,1417508.4,-9999,442058,9.37,-1,0.253061482,0.988447257,0,0.593068354,10,0.25,0.583333333,N1 O3,de-protonated,0,-9999,C12 H7 O3 N1,12,7,3,1,-9999,-9999,-9999,N/A,-9999,-9999
332,213.015509,213.015386049,213.015309467,3114303.5,-9999,493340.2,23.62,-1,0.3595138,0.976820593,0,0.586092356,6,0.857142857,0.857142857,N2 O6,de-protonated,0,-9999,C7 H6 O6 N2,7,6,6,2,-9999,-9999,-9999,N/A,-9999,-9999
333,213.040565,213.040442043,213.040461587,1269824.1,-9999,570030.7,8.13,-1,-0.091740243,0.998474044,0,0.599084426,5,0.666666667,1.111111111,O6,de-protonated,0,-9999,C9 H10 O6,9,10,6,-9999,-9999,-9999,-9999,N/A,-9999,-9999
334,213.077036,213.076913034,213.076847097,2925889,-9999,526473.8,22.04,-1,0.309452412,0.982774416,0,0.58966465,4,0.5,1.4,O5,de-protonated,0,-9999,C10 H14 O5,10,14,5,-9999,-9999,-9999,-9999,N/A,-9999,-9999
335,213.113394,213.113271025,213.113232606,21790018,-9999,477382.7,180.49,-1,0.180273652,0.997060044,0.998653497,0.997697425,3,0.363636364,1.636363636,O4,de-protonated,0,-9999,C11 H18 O4,11,18,4,-9999,-9999,-9999,-9999,N/A,-9999,-9999
336,213.124635,213.124512022,213.124465995,4981058.5,-9999,500852.6,39.3,-1,0.215961123,0.991573084,0,0.594943851,3,0.3,1.8,N2 O3,de-protonated,0,-9999,C10 H18 O3 N2,10,18,3,2,-9999,-9999,-9999,N/A,-9999,-9999
337,213.149768,213.149645016,213.149618115,2137411,-9999,580659.9,15.41,-1,0.126203618,0.997114175,0,0.598268505,2,0.25,1.833333333,O3,de-protonated,0,-9999,C12 H22 O3,12,22,3,-9999,-9999,-9999,-9999,N/A,-9999,-9999
338,214.05111,214.05098679,214.050966701,1487836.4,-9999,493210.7,9.96,-1,0.093853219,0.998402999,0,0.599041799,9,0.25,0.75,N1 O3,de-protonated,0,-9999,C12 H9 O3 N1,12,9,3,1,-9999,-9999,-9999,N/A,-9999,-9999
339,214.108628,214.108504776,214.108481578,2188894,-9999,540006.7,15.85,-1,0.108344966,0.997872307,0,0.598723384,3,0.4,1.7,N1 O4,de-protonated,0,-9999,C10 H17 O4 N1,10,17,4,1,-9999,-9999,-9999,N/A,-9999,-9999
340,214.116711,214.116587774,214.116587441,2555742.3,-9999,516536.1,18.93,-1,0.001553754,0.999999562,0.998653497,0.999461136,3,0.363636364,1.636363636,13C1 O4,de-protonated,1,335,C10 H18 O4 13C1,10,18,4,-9999,-9999,-9999,1,N/A,-9999,-9999
341,214.145062,214.144938767,214.144867088,1360479.1,-9999,460842.1,8.89,-1,0.334722538,0.979875887,0,0.587925532,2,0.272727273,1.909090909,N1 O3,de-protonated,0,-9999,C11 H21 O3 N1,11,21,3,1,-9999,-9999,-9999,N/A,-9999,-9999
343,215.056266,215.056142539,215.056111652,1591673.8,-9999,537613.5,10.83,-1,0.143622964,0.996264153,0,0.597758492,4,0.666666667,1.333333333,O6,de-protonated,0,-9999,C9 H12 O6,9,12,6,-9999,-9999,-9999,-9999,N/A,-9999,-9999
344,215.092662,215.09253853,215.092497161,7201147,-9999,472118.9,57.95,-1,0.192329084,0.993310601,0,0.595986361,3,0.5,1.6,O5,de-protonated,0,-9999,C10 H16 O5,10,16,5,-9999,-9999,-9999,-9999,N/A,-9999,-9999
345,215.129034,215.128910521,215.128882671,30633340,-9999,467229.9,254.77,-1,0.129457725,0.993695209,0.98491334,0.990182461,2,0.363636364,1.818181818,O4,de-protonated,0,-9999,C11 H20 O4,11,20,4,-9999,-9999,-9999,-9999,N/A,-9999,-9999
346,215.140253,215.140129518,215.14011606,3242364.3,-9999,492186,24.69,-1,0.06255458,0.99929023,0,0.599574138,2,0.3,2,N2 O3,de-protonated,0,-9999,C10 H20 O3 N2,10,20,3,2,-9999,-9999,-9999,N/A,-9999,-9999
347,215.165435,215.165311512,215.16526818,2286717,-9999,496407.5,16.61,-1,0.201387713,0.992667995,0,0.595600797,1,0.25,2,O3,de-protonated,0,-9999,C12 H24 O3,12,24,3,-9999,-9999,-9999,-9999,N/A,-9999,-9999
348,216.08792,216.087796281,216.087746133,2898841.5,-9999,512333,21.74,-1,0.232069672,0.990275432,0,0.594165259,3,0.555555556,1.666666667,N1 O5,de-protonated,0,-9999,C9 H15 O5 N1,9,15,5,1,-9999,-9999,-9999,N/A,-9999,-9999
349,216.132411,216.13228727,216.132237506,3075483,-9999,537992.7,23.22,-1,0.230248227,0.990426753,0.98491334,0.988221388,2,0.363636364,1.818181818,13C1 O4,de-protonated,1,345,C10 H20 O4 13C1,10,20,4,-9999,-9999,-9999,1,N/A,-9999,-9999
351,217.071919,217.071795035,217.071761716,7114170.5,-9999,488615.5,57.04,-1,0.153490199,0.995734331,0,0.597440598,3,0.666666667,1.555555556,O6,de-protonated,0,-9999,C9 H14 O6,9,14,6,-9999,-9999,-9999,-9999,N/A,-9999,-9999
352,217.108271,217.108147026,217.108147226,4368315.5,-9999,487492.9,34.04,-1,-9.2145e-4,0.999999846,0,0.599999908,2,0.5,1.8,O5,de-protonated,0,-9999,C10 H18 O5,10,18,5,-9999,-9999,-9999,-9999,N/A,-9999,-9999
353,217.119538,217.119414023,217.119380615,2680764,-9999,530808.3,19.91,-1,0.15386852,0.995713322,0,0.597427993,2,0.444444444,2,N2 O4,de-protonated,0,-9999,C9 H18 O4 N2,9,18,4,2,-9999,-9999,-9999,N/A,-9999,-9999
354,217.144697,217.144573017,217.144532735,2055356.8,-9999,549889.7,14.68,-1,0.185505407,0.993775395,0,0.596265237,1,0.363636364,2,O4,de-protonated,0,-9999,C11 H22 O4,11,22,4,-9999,-9999,-9999,-9999,N/A,-9999,-9999
355,218.103562,218.103437777,218.103396198,6713823.5,-9999,470668.1,53.68,-1,0.190638054,0.99342733,0,0.596056398,2,0.555555556,1.888888889,N1 O5,de-protonated,0,-9999,C9 H17 O5 N1,9,17,5,1,-9999,-9999,-9999,N/A,-9999,-9999
357,219.087585,219.087460531,219.087411781,1921030.5,-9999,465476.6,13.55,-1,0.222512905,0.991056348,0,0.594633809,2,0.666666667,1.777777778,O6,de-protonated,0,-9999,C9 H16 O6,9,16,6,-9999,-9999,-9999,-9999,N/A,-9999,-9999
359,221.045681,221.045556041,221.045546968,1850464.5,-9999,563399,12.92,-1,0.041045723,0.999694351,0,0.59981661,7,0.454545455,0.909090909,O5,de-protonated,0,-9999,C11 H10 O5,11,10,5,-9999,-9999,-9999,-9999,N/A,-9999,-9999
360,221.082081,221.081956032,221.081932477,15593058,-9999,464436.1,127.61,-1,0.10654204,0.992290487,0.984865802,0.989320613,6,0.333333333,1.166666667,O4,de-protonated,0,-9999,C12 H14 O4,12,14,4,-9999,-9999,-9999,-9999,N/A,-9999,-9999
361,221.093297,221.093172029,221.093165866,4160611,-9999,474075.4,32.2,-1,0.027872525,0.999859047,0,0.599915428,6,0.272727273,1.272727273,N2 O3,de-protonated,0,-9999,C11 H14 O3 N2,11,14,3,2,-9999,-9999,-9999,N/A,-9999,-9999
362,221.154857,221.154732013,221.154703496,6462054,-9999,464955.7,51.41,-1,0.128948727,0.996987459,0,0.598192475,4,0.142857143,1.571428571,O2,de-protonated,0,-9999,C14 H22 O2,14,22,2,-9999,-9999,-9999,-9999,N/A,-9999,-9999
363,222.085473,222.085347781,222.085287312,2330264.3,-9999,460444.4,16.92,-1,0.272275961,0.986638515,0.984865802,0.98592943,6,0.333333333,1.166666667,13C1 O4,de-protonated,1,360,C11 H14 O4 13C1,11,14,4,-9999,-9999,-9999,1,N/A,-9999,-9999
364,222.090349,222.09022378,222.090068609,2556568.5,-9999,453085.3,18.81,-1,0.698683045,0.915233891,0,0.549140335,1,0.5,2.25,N1 P1 O4,de-protonated,0,-9999,C8 H18 O4 N1 P1,8,18,4,1,1,-9999,-9999,N/A,-9999,-9999
368,223.024949,223.024823546,223.024811523,2447568,-9999,530358.3,17.9,-1,0.053907977,0.999472836,0,0.599683702,7,0.6,0.8,O6,de-protonated,0,-9999,C10 H8 O6,10,8,6,-9999,-9999,-9999,-9999,N/A,-9999,-9999
369,223.061336,223.061210537,223.061197032,2066130.3,-9999,413606.8,14.72,-1,0.060541079,0.999335171,0,0.599601103,6,0.454545455,1.090909091,O5,de-protonated,0,-9999,C11 H12 O5,11,12,5,-9999,-9999,-9999,-9999,N/A,-9999,-9999
370,223.074412,223.074286533,223.074084192,2152403,-9999,477346.6,15.44,-1,0.907059759,0.861320803,0,0.516792482,1,0.625,2.125,P1 O5,de-protonated,0,-9999,C8 H17 O5 P1,8,17,5,-9999,1,-9999,-9999,N/A,-9999,-9999
371,223.097785,223.097659528,223.097582542,2064340.6,-9999,545070.2,14.7,-1,0.345077244,0.978625149,0,0.587175089,5,0.333333333,1.333333333,O4,de-protonated,0,-9999,C12 H16 O4,12,16,4,-9999,-9999,-9999,-9999,N/A,-9999,-9999
374,225.040618,225.040492042,225.040461587,1783387.5,-9999,495100.6,12.31,-1,0.135327683,0.99668254,0,0.598009524,6,0.6,1,O6,de-protonated,0,-9999,C10 H10 O6,10,10,6,-9999,-9999,-9999,-9999,N/A,-9999,-9999
375,225.077014,225.076888033,225.076847097,1931870.3,-9999,524838.7,13.55,-1,0.181874553,0.994015952,0,0.596409571,5,0.454545455,1.272727273,O5,de-protonated,0,-9999,C11 H14 O5,11,14,5,-9999,-9999,-9999,-9999,N/A,-9999,-9999
376,225.113383,225.113257023,225.113232606,2757473,-9999,437523.2,20.42,-1,0.108466767,0.997867526,0,0.598720516,4,0.333333333,1.5,O4,de-protonated,0,-9999,C12 H18 O4,12,18,4,-9999,-9999,-9999,-9999,N/A,-9999,-9999
377,225.149742,225.149616014,225.149618115,1806947.9,-9999,470384.7,12.51,-1,-0.009332192,0.999984198,0,0.599990519,3,0.230769231,1.692307692,O3,de-protonated,0,-9999,C13 H22 O3,13,22,3,-9999,-9999,-9999,-9999,N/A,-9999,-9999
378,226.108618,226.108491774,226.108481578,1921201.6,-9999,377383.5,13.46,-1,0.045094195,0.999631095,0,0.599778657,4,0.363636364,1.545454545,N1 O4,de-protonated,0,-9999,C11 H17 O4 N1,11,17,4,1,-9999,-9999,-9999,N/A,-9999,-9999
382,227.056336,227.056209537,227.056111652,1163782,-9999,587729.1,7.16,-1,0.431107444,0.966839382,0,0.580103629,5,0.6,1.2,O6,de-protonated,0,-9999,C10 H12 O6,10,12,6,-9999,-9999,-9999,-9999,N/A,-9999,-9999
383,227.092669,227.092542528,227.092497161,4238345.5,-9999,432200.5,32.73,-1,0.19977385,0.992784614,0,0.595670768,4,0.454545455,1.454545455,O5,de-protonated,0,-9999,C11 H16 O5,11,16,5,-9999,-9999,-9999,-9999,N/A,-9999,-9999
384,227.103884,227.103757526,227.10373055,2280074.5,-9999,365439.6,16.44,-1,0.11877853,0.997443334,0,0.598466001,4,0.4,1.6,N2 O4,de-protonated,0,-9999,C10 H16 O4 N2,10,16,4,2,-9999,-9999,-9999,N/A,-9999,-9999
385,227.129052,227.128925519,227.128882671,12058637,-9999,427062.4,97.78,-1,0.188653649,0.993300808,0.997880326,0.995132615,3,0.333333333,1.666666667,O4,de-protonated,0,-9999,C12 H20 O4,12,20,4,-9999,-9999,-9999,-9999,N/A,-9999,-9999
386,227.140283,227.140156516,227.14011606,18671630,-9999,433161.8,152.78,-1,0.178112938,0.997126835,0.98936396,0.994021685,3,0.272727273,1.818181818,N2 O3,de-protonated,0,-9999,C11 H20 O3 N2,11,20,3,2,-9999,-9999,-9999,N/A,-9999,-9999
387,227.16544,227.16531351,227.16526818,1983248.3,-9999,549631,13.97,-1,0.199547411,0.992800903,0,0.595680542,2,0.230769231,1.846153846,O3,de-protonated,0,-9999,C13 H24 O3,13,24,3,-9999,-9999,-9999,-9999,N/A,-9999,-9999
389,228.124305,228.12417827,228.124131643,5967982.5,-9999,467590.2,47.12,-1,0.204395575,0.992448178,0,0.595468907,3,0.363636364,1.727272727,N1 O4,de-protonated,0,-9999,C11 H19 O4 N1,11,19,4,1,-9999,-9999,-9999,N/A,-9999,-9999
390,228.132409,228.132282268,228.132237506,1532527.4,-9999,566045.1,10.23,-1,0.196213682,0.993038604,0.997880326,0.994975293,3,0.333333333,1.666666667,13C1 O4,de-protonated,1,385,C11 H20 O4 13C1,11,20,4,-9999,-9999,-9999,1,N/A,-9999,-9999
391,228.143599,228.143472265,228.143470895,2473072.5,-9999,509920.4,18.05,-1,0.006007524,0.999993451,0.98936396,0.995741655,3,0.272727273,1.818181818,13C1 N2 O3,de-protonated,1,386,C10 H20 O3 N2 13C1,10,20,3,2,-9999,-9999,1,N/A,-9999,-9999
392,228.160683,228.160556261,228.160517152,1977202.4,-9999,482608,13.92,-1,0.171410526,0.994682939,0,0.596809763,2,0.25,1.916666667,N1 O3,de-protonated,0,-9999,C12 H23 O3 N1,12,23,3,1,-9999,-9999,-9999,N/A,-9999,-9999
395,229.071964,229.071837033,229.071761716,2089940.4,-9999,448088.3,14.77,-1,0.328792066,0.98057576,0,0.588345456,4,0.6,1.4,O6,de-protonated,0,-9999,C10 H14 O6,10,14,6,-9999,-9999,-9999,-9999,N/A,-9999,-9999
396,229.108299,229.108172024,229.108147226,5187288.5,-9999,437163.9,40.38,-1,0.10823945,0.997876445,0,0.598725867,3,0.454545455,1.636363636,O5,de-protonated,0,-9999,C11 H18 O5,11,18,5,-9999,-9999,-9999,-9999,N/A,-9999,-9999
397,229.144703,229.144576015,229.144532735,11798749,-9999,446743.9,95.04,-1,0.188876794,0.995001802,0.999889375,0.996956831,2,0.333333333,1.833333333,O4,de-protonated,0,-9999,C12 H22 O4,12,22,4,-9999,-9999,-9999,-9999,N/A,-9999,-9999
398,229.155919,229.155792012,229.155766124,27271390,-9999,432999.9,222.96,-1,0.112971145,0.991258904,0.99889727,0.994314251,2,0.272727273,2,N2 O3,de-protonated,0,-9999,C11 H22 O3 N2,11,22,3,2,-9999,-9999,-9999,N/A,-9999,-9999
399,229.181085,229.180958006,229.180918244,2679008.8,-9999,498533.4,19.64,-1,0.173494527,0.994553219,0,0.596731931,1,0.230769231,2,O3,de-protonated,0,-9999,C13 H26 O3,13,26,3,-9999,-9999,-9999,-9999,N/A,-9999,-9999
400,230.103555,230.103427775,230.103396198,5486925.5,-9999,476160.2,42.85,-1,0.137231394,0.996588707,0,0.597953224,3,0.5,1.7,N1 O5,de-protonated,0,-9999,C10 H17 O5 N1,10,17,5,1,-9999,-9999,-9999,N/A,-9999,-9999
401,230.148047,230.147919764,230.14788757,1533011,-9999,485725.3,10.17,-1,0.139884237,0.99645578,0.999889375,0.997829218,2,0.333333333,1.833333333,13C1 O4,de-protonated,1,397,C11 H22 O4 13C1,11,22,4,-9999,-9999,-9999,1,N/A,-9999,-9999
402,230.159315,230.159187761,230.159120959,3282260.3,-9999,466046,24.63,-1,0.290242477,0.98483086500000006,0.99889727,0.990457427,2,0.272727273,2,13C1 N2 O3,de-protonated,1,398,C10 H22 O3 N2 13C1,10,22,3,2,-9999,-9999,1,N/A,-9999,-9999
404,231.033473,231.033345543,231.033268207,1402436.4,-9999,466593.2,9.08,-1,0.334739679,0.979873846,0,0.587924308,4,0.555555556,1.333333333,S1 O5,de-protonated,0,-9999,C9 H12 O5 S1,9,12,5,-9999,-9999,1,-9999,N/A,-9999,-9999
405,231.051154,231.051026538,231.051026271,1273798.8,-9999,540151,8.02,-1,0.001154895,0.999999758,0,0.599999855,4,0.777777778,1.333333333,O7,de-protonated,0,-9999,C9 H12 O7,9,12,7,-9999,-9999,-9999,-9999,N/A,-9999,-9999
406,231.087574,231.087446529,231.087411781,5753291.5,-9999,441343,45.05,-1,0.150368989,0.995905699,0,0.597543419,3,0.6,1.6,O6,de-protonated,0,-9999,C10 H16 O6,10,16,6,-9999,-9999,-9999,-9999,N/A,-9999,-9999
407,231.123983,231.12385552,231.12379729,4157904.5,-9999,440356.8,31.87,-1,0.251942572,0.988548606,0,0.593129164,2,0.454545455,1.818181818,O5,de-protonated,0,-9999,C11 H20 O5,11,20,5,-9999,-9999,-9999,-9999,N/A,-9999,-9999
408,231.135213,231.135085517,231.135030679,7524818,-9999,423410,59.7,-1,0.237254496,0.989838291,0,0.593902975,2,0.4,2,N2 O4,de-protonated,0,-9999,C10 H20 O4 N2,10,20,4,2,-9999,-9999,-9999,N/A,-9999,-9999
409,231.160357,231.160229511,231.160182799,2078677.3,-9999,517012.1,14.68,-1,0.202074058,0.992618119,0,0.595570871,1,0.333333333,2,O4,de-protonated,0,-9999,C12 H24 O4,12,24,4,-9999,-9999,-9999,-9999,N/A,-9999,-9999
412,233.103236,233.103108025,233.103061845,1678320,-9999,490918.3,11.36,-1,0.198108809,0.992903962,0,0.595742377,2,0.6,1.8,O6,de-protonated,0,-9999,C10 H18 O6,10,18,6,-9999,-9999,-9999,-9999,N/A,-9999,-9999
413,233.154899,233.154771012,233.154703496,8888056,-9999,446831.6,70.97,-1,0.289576866,0.970515216,0.988203091,0.977590366,5,0.133333333,1.466666667,O2,de-protonated,0,-9999,C15 H22 O2,15,22,2,-9999,-9999,-9999,-9999,N/A,-9999,-9999
414,234.158303,234.158174761,234.158058331,1585563.6,-9999,413063.3,10.52,-1,0.49722897,0.956130599,0.988203091,0.968959596,5,0.133333333,1.466666667,13C1 O2,de-protonated,1,413,C14 H22 O2 13C1,14,22,2,-9999,-9999,-9999,1,N/A,-9999,-9999
415,235.02501,235.024881544,235.024811523,1582641.8,-9999,548421.8,10.5,-1,0.297931959,0.984022996,0,0.590413798,8,0.545454545,0.727272727,O6,de-protonated,0,-9999,C11 H8 O6,11,8,6,-9999,-9999,-9999,-9999,N/A,-9999,-9999
416,235.061399,235.061270535,235.061197032,3492920.3,-9999,450831.1,26.18,-1,0.312697084,0.982414506,0,0.589448704,7,0.416666667,1,O5,de-protonated,0,-9999,C12 H12 O5,12,12,5,-9999,-9999,-9999,-9999,N/A,-9999,-9999
417,235.072583,235.072454532,235.072430422,2174010.3,-9999,404176.2,15.35,-1,0.102567807,0.998092952,0,0.598855771,7,0.363636364,1.090909091,N2 O4,de-protonated,0,-9999,C11 H12 O4 N2,11,12,4,2,-9999,-9999,-9999,N/A,-9999,-9999
419,235.108994,235.108865523,235.108815931,4782144.5,-9999,469727.8,36.77,-1,0.210933846,0.991959289,0,0.595175573,6,0.25,1.333333333,N2 O3,de-protonated,0,-9999,C12 H16 O3 N2,12,16,3,2,-9999,-9999,-9999,N/A,-9999,-9999
422,237.040635,237.04050604,237.040461587,1408173.5,-9999,549669.7,9.06,-1,0.187532546,0.993639047,0,0.596183428,7,0.545454545,0.909090909,O6,de-protonated,0,-9999,C11 H10 O6,11,10,6,-9999,-9999,-9999,-9999,N/A,-9999,-9999
423,237.077075,237.076946031,237.076847097,2033332.8,-9999,461173.8,14.19,-1,0.417309148,0.968895292,0,0.581337175,6,0.416666667,1.166666667,O5,de-protonated,0,-9999,C12 H14 O5,12,14,5,-9999,-9999,-9999,-9999,N/A,-9999,-9999
424,237.090068,237.089939028,237.089734256,1758647.3,-9999,550333.9,11.94,-1,0.863687827,0.87340767,0,0.524044602,1,0.555555556,2.111111111,P1 O5,de-protonated,0,-9999,C9 H19 O5 P1,9,19,5,-9999,1,-9999,-9999,N/A,-9999,-9999
426,237.113439,237.113310022,237.113232606,1504956,-9999,462084.8,9.86,-1,0.326493342,0.980843808,0,0.588506285,5,0.307692308,1.384615385,O4,de-protonated,0,-9999,C13 H18 O4,13,18,4,-9999,-9999,-9999,-9999,N/A,-9999,-9999
427,237.149799,237.149670013,237.149618115,1446083.3,-9999,456682.5,9.37,-1,0.218838419,0.991348022,0,0.594808813,4,0.214285714,1.571428571,O3,de-protonated,0,-9999,C14 H22 O3,14,22,3,-9999,-9999,-9999,-9999,N/A,-9999,-9999
431,238.963184,238.963054559,238.963080645,3624765.8,-9999,472239,27.06,-1,-0.109161758,0.997840141,0,0.598704084,12,0.076923077,0.307692308,S2 O1,de-protonated,0,-9999,C13 H4 O1 S2,13,4,1,-9999,-9999,2,-9999,N/A,-9999,-9999
432,239.035147,239.035017541,239.034982284,1282765.4,-9999,344487.7,7.97,-1,0.147499502,0.996060165,0,0.597636099,11,0.285714286,0.571428571,O4,de-protonated,0,-9999,C14 H8 O4,14,8,4,-9999,-9999,-9999,-9999,N/A,-9999,-9999
433,239.05626,239.056130536,239.056111652,2356306,-9999,409127.4,16.72,-1,0.078994843,0.998868367,0,0.59932102,6,0.545454545,1.090909091,O6,de-protonated,0,-9999,C11 H12 O6,11,12,6,-9999,-9999,-9999,-9999,N/A,-9999,-9999
434,239.067551,239.067421533,239.067345041,1661524.4,-9999,444279.8,11.06,-1,0.319960411,0.981595717,0,0.58895743,6,0.5,1.2,N2 O5,de-protonated,0,-9999,C10 H12 O5 N2,10,12,5,2,-9999,-9999,-9999,N/A,-9999,-9999
435,239.092678,239.092548527,239.092497161,2517338,-9999,482250.7,18.04,-1,0.214836274,0.991660274,0,0.594996164,5,0.416666667,1.333333333,O5,de-protonated,0,-9999,C12 H16 O5,12,16,5,-9999,-9999,-9999,-9999,N/A,-9999,-9999
436,239.105658,239.105528524,239.105384321,1278172.8,-9999,493984.8,7.93,-1,0.603093591,0.936133806,0,0.561680284,0,0.555555556,2.333333333,P1 O5,de-protonated,0,-9999,C9 H21 O5 P1,9,21,5,-9999,1,-9999,-9999,N/A,-9999,-9999
437,239.129075,239.128945518,239.128882671,22820706,-9999,435940.8,183.56,-1,0.262817637,0.982068308,0.975321496,0.979369584,4,0.307692308,1.538461538,O4,de-protonated,0,-9999,C13 H20 O4,13,20,4,-9999,-9999,-9999,-9999,N/A,-9999,-9999
438,239.165377,239.165247509,239.16526818,2364777.8,-9999,471927.4,16.79,-1,-0.086430367,0.998645459,0,0.599187275,3,0.214285714,1.714285714,O3,de-protonated,0,-9999,C14 H24 O3,14,24,3,-9999,-9999,-9999,-9999,N/A,-9999,-9999
440,240.132454,240.132324267,240.132237506,2496066.3,-9999,521688.2,17.86,-1,0.361306158,0.976591628,0.975321496,0.976083576,4,0.307692308,1.538461538,13C1 O4,de-protonated,1,437,C12 H20 O4 13C1,12,20,4,-9999,-9999,-9999,1,N/A,-9999,-9999
442,241.035627,241.035497041,241.035376207,1359123.9,-9999,532308.4,8.59,-1,0.501312378,0.955423469,0,0.573254082,6,0.7,1,O7,de-protonated,0,-9999,C10 H10 O7,10,10,7,-9999,-9999,-9999,-9999,N/A,-9999,-9999
443,241.046803,241.046673038,241.046609596,46156056,-9999,429285.1,373.79,-1,0.26319363,0.986982802,0.99644136,0.990766226,6,0.666666667,1.111111111,N2 O6,de-protonated,0,-9999,C9 H10 O6 N2,9,10,6,2,-9999,-9999,-9999,N/A,-9999,-9999
444,241.071953,241.071823032,241.071761716,2175772.5,-9999,536714.8,15.25,-1,0.254345766,0.988330388,0,0.592998233,5,0.545454545,1.272727273,O6,de-protonated,0,-9999,C11 H14 O6,11,14,6,-9999,-9999,-9999,-9999,N/A,-9999,-9999
445,241.108334,241.108204023,241.108147226,10621221,-9999,435579.6,84.1,-1,0.235567039,0.965675077,0.970109312,0.967448771,4,0.416666667,1.5,O5,de-protonated,0,-9999,C12 H18 O5,12,18,5,-9999,-9999,-9999,-9999,N/A,-9999,-9999
446,241.119537,241.11940702,241.119380615,2612519.8,-9999,414807.2,18.81,-1,0.109510236,0.997826344,0,0.598695806,4,0.363636364,1.636363636,N2 O4,de-protonated,0,-9999,C11 H18 O4 N2,11,18,4,2,-9999,-9999,-9999,N/A,-9999,-9999
448,241.144716,241.144586014,241.144532735,9287982,-9999,421076.9,73.23,-1,0.220940869,0.979995419,0.978066896,0.979224009,3,0.307692308,1.692307692,O4,de-protonated,0,-9999,C13 H22 O4,13,22,4,-9999,-9999,-9999,-9999,N/A,-9999,-9999
449,241.181104,241.180974005,241.180918244,6978870.5,-9999,423964.5,54.4,-1,0.231196696,0.98592837,0.966425151,0.978127082,2,0.214285714,1.857142857,O3,de-protonated,0,-9999,C14 H26 O3,14,26,3,-9999,-9999,-9999,-9999,N/A,-9999,-9999
452,242.050161,242.050030787,242.049964431,4691464,-9999,454997.5,35.75,-1,0.274141357,0.986456055,0.99644136,0.990450177,6,0.666666667,1.111111111,13C1 N2 O6,de-protonated,1,443,C8 H10 O6 N2 13C1,8,10,6,2,-9999,-9999,1,N/A,-9999,-9999
453,242.06717,242.067039783,242.067010689,1340940.1,-9999,466868.5,8.44,-1,0.120191766,0.997382214,0,0.598429328,5,0.6,1.3,N1 O6,de-protonated,0,-9999,C10 H13 O6 N1,10,13,6,1,-9999,-9999,-9999,N/A,-9999,-9999
454,242.111772,242.111641772,242.111502061,1797911,-9999,338047.4,12.17,-1,0.577052658,0.941368552,0.970109312,0.952864856,4,0.416666667,1.5,13C1 O5,de-protonated,1,445,C11 H18 O5 13C1,11,18,5,-9999,-9999,-9999,1,N/A,-9999,-9999
455,242.139993,242.139862765,242.139781707,7824926,-9999,419764.8,61.3,-1,0.334755185,0.979872001,0,0.5879232,3,0.333333333,1.75,N1 O4,de-protonated,0,-9999,C12 H21 O4 N1,12,21,4,1,-9999,-9999,-9999,N/A,-9999,-9999
456,242.148119,242.147988763,242.14788757,1577760,-9999,499324.4,10.37,-1,0.417896047,0.96880912,0.978066896,0.97251223,3,0.307692308,1.692307692,13C1 O4,de-protonated,1,448,C12 H22 O4 13C1,12,22,4,-9999,-9999,-9999,1,N/A,-9999,-9999
457,242.176347,242.176216756,242.176167217,51546664,-9999,425853.1,417.74,-1,0.204558133,0.990457827,0.998224516,0.993564503,2,0.230769231,1.923076923,N1 O3,de-protonated,0,-9999,C13 H25 O3 N1,13,25,3,1,-9999,-9999,-9999,N/A,-9999,-9999
458,242.184481,242.184350754,242.184273079,1379880.9,-9999,485880.4,8.76,-1,0.320723551,0.981508638,0.966425151,0.975475243,2,0.214285714,1.857142857,13C1 O3,de-protonated,1,449,C13 H26 O3 13C1,13,26,3,-9999,-9999,-9999,1,N/A,-9999,-9999
459,243.051204,243.051073537,243.051026271,2029825.3,-9999,469372.4,14.05,-1,0.194467101,0.993161562,0,0.595896937,5,0.7,1.2,O7,de-protonated,0,-9999,C10 H12 O7,10,12,7,-9999,-9999,-9999,-9999,N/A,-9999,-9999
460,243.087636,243.087505528,243.087411781,3254538.5,-9999,439260.1,24.04,-1,0.385651258,0.973374577,0,0.584024746,4,0.545454545,1.454545455,O6,de-protonated,0,-9999,C11 H16 O6,11,16,6,-9999,-9999,-9999,-9999,N/A,-9999,-9999
461,243.098834,243.098703525,243.09864517,2950413.3,-9999,434431.3,21.56,-1,0.240046074,0.989599011,0,0.593759406,4,0.5,1.6,N2 O5,de-protonated,0,-9999,C10 H16 O5 N2,10,16,5,2,-9999,-9999,-9999,N/A,-9999,-9999
462,243.123987,243.123856519,243.12379729,14678804,-9999,417400.3,117.17,-1,0.243614672,0.994608652,0.981667418,0.989432158,3,0.416666667,1.666666667,O5,de-protonated,0,-9999,C12 H20 O5,12,20,5,-9999,-9999,-9999,-9999,N/A,-9999,-9999
464,243.13516,243.135029516,243.135030679,1692694.5,-9999,470728.9,11.31,-1,-0.004785655,0.999995844,0,0.599997507,3,0.363636364,1.818181818,N2 O4,de-protonated,0,-9999,C11 H20 O4 N2,11,20,4,2,-9999,-9999,-9999,N/A,-9999,-9999
465,243.160382,243.16025151,243.160182799,25029404,-9999,431216.3,201.56,-1,0.282571227,0.988287983,0.99303469,0.990186666,2,0.307692308,1.846153846,O4,de-protonated,0,-9999,C13 H24 O4,13,24,4,-9999,-9999,-9999,-9999,N/A,-9999,-9999
466,243.171604,243.171473507,243.171416189,24390432,-9999,418322.7,196.35,-1,0.235710164,0.991310097,0.994861926,0.992730828,2,0.25,2,N2 O3,de-protonated,0,-9999,C12 H24 O3 N2,12,24,3,2,-9999,-9999,-9999,N/A,-9999,-9999
467,243.179714,243.179583505,243.179522052,7128866,-9999,420488.9,55.62,-1,0.252706623,0.988479447,0.998224516,0.992377475,2,0.230769231,1.923076923,13C1 N1 O3,de-protonated,1,457,C12 H25 O3 N1 13C1,12,25,3,1,-9999,-9999,1,N/A,-9999,-9999
468,243.196787,243.1966565,243.196568309,4294950,-9999,416513.5,32.52,-1,0.362635116,0.97642116,0,0.585852696,1,0.214285714,2,O3,de-protonated,0,-9999,C14 H28 O3,14,28,3,-9999,-9999,-9999,-9999,N/A,-9999,-9999
470,244.082815,244.082684279,244.082660753,1202314.5,-9999,491316.1,7.25,-1,0.096384788,0.998315757,0,0.598989454,4,0.6,1.5,N1 O6,de-protonated,0,-9999,C10 H15 O6 N1,10,15,6,1,-9999,-9999,-9999,N/A,-9999,-9999
471,244.119269,244.11913827,244.119046262,4738580,-9999,434005.7,35.87,-1,0.376895572,0.9745545,0,0.5847327,3,0.454545455,1.727272727,N1 O5,de-protonated,0,-9999,C11 H19 O5 N1,11,19,5,1,-9999,-9999,-9999,N/A,-9999,-9999
472,244.127278,244.127147268,244.127152125,2255894,-9999,477558.2,15.78,-1,-0.019897359,0.999928166,0.981667418,0.992623867,3,0.416666667,1.666666667,13C1 O5,de-protonated,1,462,C11 H20 O5 13C1,11,20,5,-9999,-9999,-9999,1,N/A,-9999,-9999
473,244.130473,244.130342267,244.130279652,5721111,-9999,435154.5,43.82,-1,0.256483118,0.98813461,0,0.592880766,3,0.4,1.9,N3 O4,de-protonated,0,-9999,C10 H19 O4 N3,10,19,4,3,-9999,-9999,-9999,N/A,-9999,-9999
475,244.163723,244.163592259,244.163537635,3747871.8,-9999,433077.8,27.85,-1,0.223719109,0.990959563,0.99303469,0.991789614,2,0.307692308,1.846153846,13C1 O4,de-protonated,1,465,C12 H24 O4 13C1,12,24,4,-9999,-9999,-9999,1,N/A,-9999,-9999
476,244.174951,244.174820256,244.174771024,3326498.5,-9999,457218.6,24.44,-1,0.20162587,0.992650707,0.994861926,0.993535195,2,0.25,2,13C1 N2 O3,de-protonated,1,466,C11 H24 O3 N2 13C1,11,24,3,2,-9999,-9999,1,N/A,-9999,-9999
479,245.049131,245.049000037,245.048918271,2141450.5,-9999,435289.8,14.85,-1,0.333672127,0.980000724,0,0.588000434,4,0.5,1.4,S1 O5,de-protonated,0,-9999,C10 H14 O5 S1,10,14,5,-9999,-9999,1,-9999,N/A,-9999,-9999
480,245.066928,245.066797033,245.066676336,1536527.3,-9999,432390.5,9.95,-1,0.492505975,0.956941918,0,0.574165151,4,0.7,1.4,O7,de-protonated,0,-9999,C10 H14 O7,10,14,7,-9999,-9999,-9999,-9999,N/A,-9999,-9999
481,245.103268,245.103137024,245.103061845,5444889,-9999,409798.7,41.58,-1,0.306721436,0.983074536,0,0.589844722,3,0.545454545,1.636363636,O6,de-protonated,0,-9999,C11 H18 O6,11,18,6,-9999,-9999,-9999,-9999,N/A,-9999,-9999
482,245.114507,245.114376021,245.114295235,6504732,-9999,426381.2,50.16,-1,0.32958609,0.980482752,0,0.588289651,3,0.5,1.8,N2 O5,de-protonated,0,-9999,C10 H18 O5 N2,10,18,5,2,-9999,-9999,-9999,N/A,-9999,-9999
483,245.13966,245.139529015,245.139447355,4039970.8,-9999,420397.3,30.21,-1,0.333116158,0.980066647,0,0.588039988,2,0.416666667,1.833333333,O5,de-protonated,0,-9999,C12 H22 O5,12,22,5,-9999,-9999,-9999,-9999,N/A,-9999,-9999
484,245.176006,245.175875005,245.175832864,2917164.5,-9999,458048,21.13,-1,0.171882643,0.994653687,0,0.596792212,1,0.307692308,2,O4,de-protonated,0,-9999,C13 H26 O4,13,26,4,-9999,-9999,-9999,-9999,N/A,-9999,-9999
486,246.134813,246.134681766,246.134696327,1532594.3,-9999,401188.1,9.92,-1,-0.05915945,0.99936516,0,0.599619096,2,0.454545455,1.909090909,N1 O5,de-protonated,0,-9999,C11 H21 O5 N1,11,21,5,1,-9999,-9999,-9999,N/A,-9999,-9999
487,246.940537,246.940405564,246.940644924,1759251.1,-9999,488868,11.75,-1,-0.969299923,0.843261031,0,0.505956619,6,0.5,0.833333333,N2 S2 P1 O3,de-protonated,0,-9999,C6 H5 O3 N2 P1 S2,6,5,3,2,1,2,-9999,N/A,-9999,-9999
489,247.024999,247.024867543,247.024811523,1227051,-9999,545577.2,7.45,-1,0.226778865,0.990711743,0,0.594427046,9,0.5,0.666666667,O6,de-protonated,0,-9999,C12 H8 O6,12,8,6,-9999,-9999,-9999,-9999,N/A,-9999,-9999
490,247.061348,247.061216534,247.061197032,1262645.3,-9999,537841.5,7.73,-1,0.078934147,0.998870105,0,0.599322063,8,0.384615385,0.923076923,O5,de-protonated,0,-9999,C13 H12 O5,13,12,5,-9999,-9999,-9999,-9999,N/A,-9999,-9999
491,247.08262,247.082488529,247.0823264,1242427.3,-9999,455497.6,7.57,-1,0.656170706,0.924849234,0,0.55490954,3,0.7,1.6,O7,de-protonated,0,-9999,C10 H16 O7,10,16,7,-9999,-9999,-9999,-9999,N/A,-9999,-9999
492,247.1108,247.110668521,247.110469701,2298691.3,-9999,429711.1,16.12,-1,0.804580544,0.889175384,0,0.533505231,2,0.363636364,1.909090909,P1 O4,de-protonated,0,-9999,C11 H21 O4 P1,11,21,4,-9999,1,-9999,-9999,N/A,-9999,-9999
493,247.118947,247.118815519,247.11871191,2580293.5,-9999,414504.9,18.4,-1,0.419271158,0.968606773,0,0.581164064,2,0.545454545,1.818181818,O6,de-protonated,0,-9999,C11 H20 O6,11,20,6,-9999,-9999,-9999,-9999,N/A,-9999,-9999
494,247.170635,247.170503507,247.17035356,1332436.3,-9999,432719.8,8.3,-1,0.606651155,0.935403057,0,0.561241834,5,0.125,1.5,O2,de-protonated,0,-9999,C16 H24 O2,16,24,2,-9999,-9999,-9999,-9999,N/A,-9999,-9999
495,249.040625,249.040493039,249.040461587,1491441.6,-9999,340028.9,9.58,-1,0.126290342,0.997110213,0,0.598266128,8,0.5,0.833333333,O6,de-protonated,0,-9999,C12 H10 O6,12,10,6,-9999,-9999,-9999,-9999,N/A,-9999,-9999
496,249.076996,249.07686403,249.076847097,1356156.4,-9999,506810.3,8.49,-1,0.067982866,0.999161756,0,0.599497053,7,0.384615385,1.076923077,O5,de-protonated,0,-9999,C13 H14 O5,13,14,5,-9999,-9999,-9999,-9999,N/A,-9999,-9999
499,249.149864,249.149732011,249.149618115,2160018,-9999,471702.1,14.99,-1,0.457139101,0.962791454,0,0.577674872,5,0.2,1.466666667,O3,de-protonated,0,-9999,C15 H22 O3,15,22,3,-9999,-9999,-9999,-9999,N/A,-9999,-9999
501,251.019891,251.019758544,251.019726143,1426629.9,-9999,402493.9,8.98,-1,0.129078492,0.996981402,0,0.598188841,8,0.636363636,0.727272727,O7,de-protonated,0,-9999,C11 H8 O7,11,8,7,-9999,-9999,-9999,-9999,N/A,-9999,-9999
501,251.019891,251.019758544,251.019563951,1426629.9,-9999,402493.9,8.98,-1,0.775208811,0.896693336,0,0.538016002,3,0.166666667,2.166666667,N4 S2 P1 O1,de-protonated,0,-9999,C6 H13 O1 N4 P1 S2,6,13,1,4,1,2,-9999,N/A,-9999,-9999
502,251.056316,251.056183535,251.056111652,2738129,-9999,405882.3,19.51,-1,0.286321599,0.985234915,0,0.591140949,7,0.5,1,O6,de-protonated,0,-9999,C12 H12 O6,12,12,6,-9999,-9999,-9999,-9999,N/A,-9999,-9999
503,251.069375,251.069242531,251.068998811,1372373,-9999,492448,8.55,-1,0.970728971,0.842836937,0,0.505702162,2,0.666666667,1.888888889,P1 O6,de-protonated,0,-9999,C9 H17 O6 P1,9,17,6,-9999,1,-9999,-9999,N/A,-9999,-9999
504,251.078773,251.078640529,251.07857843,30602200,-9999,410755.5,243.27,-1,0.247327314,0.989861795,0.979573697,0.985746556,7,0.4,1.2,N4 O4,de-protonated,0,-9999,C10 H12 O4 N4,10,12,4,4,-9999,-9999,-9999,N/A,-9999,-9999
505,251.092691,251.092558526,251.092497161,1991388.3,-9999,440950.2,13.52,-1,0.244389378,0.989221277,0,0.593532766,6,0.384615385,1.230769231,O5,de-protonated,0,-9999,C13 H16 O5,13,16,5,-9999,-9999,-9999,-9999,N/A,-9999,-9999
506,251.103962,251.103829523,251.10373055,4238303.5,-9999,418953.3,31.56,-1,0.394148784,0.972204947,0,0.583322968,6,0.333333333,1.333333333,N2 O4,de-protonated,0,-9999,C12 H16 O4 N2,12,16,4,2,-9999,-9999,-9999,N/A,-9999,-9999
508,251.116997,251.116864519,251.11661771,1293539.8,-9999,478045.6,7.91,-1,0.982847739,0.839224055,0,0.503534433,1,0.444444444,2.333333333,N2 P1 O4,de-protonated,0,-9999,C9 H21 O4 N2 P1,9,21,4,2,1,-9999,-9999,N/A,-9999,-9999
509,251.12908,251.128947516,251.128882671,2050535.4,-9999,461099.9,13.99,-1,0.258217562,0.987974562,0,0.592784737,5,0.285714286,1.428571429,O4,de-protonated,0,-9999,C14 H20 O4,14,20,4,-9999,-9999,-9999,-9999,N/A,-9999,-9999
512,252.082123,252.081990278,252.081933266,4095246.8,-9999,403119.7,30.41,-1,0.226166807,0.99076158,0.979573697,0.986286427,7,0.4,1.2,13C1 N4 O4,de-protonated,1,504,C9 H12 O4 N4 13C1,9,12,4,4,-9999,-9999,1,N/A,-9999,-9999
514,252.978805,252.978672054,252.978730709,6527529,-9999,390010.5,49.94,-1,-0.231859923,0.990292917,0,0.59417575,12,0.071428571,0.428571429,S2 O1,de-protonated,0,-9999,C14 H6 O1 S2,14,6,1,-9999,-9999,2,-9999,N/A,-9999,-9999
515,253.035575,253.03544204,253.035376207,1564475,-9999,428970.4,10.08,-1,0.260171652,0.987792985,0,0.592675791,7,0.636363636,0.909090909,O7,de-protonated,0,-9999,C11 H10 O7,11,10,7,-9999,-9999,-9999,-9999,N/A,-9999,-9999
515,253.035575,253.03544204,253.035214016,1564475,-9999,428970.4,10.08,-1,0.901155053,0.862991077,0,0.517794646,2,0.166666667,2.5,N4 S2 P1 O1,de-protonated,0,-9999,C6 H15 O1 N4 P1 S2,6,15,1,4,1,2,-9999,N/A,-9999,-9999
516,253.050932,253.050799036,253.050632348,1218623.9,-9999,357869.4,7.31,-1,0.65871205,0.924288646,0,0.554573187,11,0.266666667,0.666666667,O4,de-protonated,0,-9999,C15 H10 O4,15,10,4,-9999,-9999,-9999,-9999,N/A,-9999,-9999
517,253.071984,253.07185103,253.071761716,3179078.5,-9999,443605.4,23.05,-1,0.352920352,0.977653528,0,0.586592117,6,0.5,1.166666667,O6,de-protonated,0,-9999,C12 H14 O6,12,14,6,-9999,-9999,-9999,-9999,N/A,-9999,-9999
518,253.083183,253.083050028,253.082995106,1481290,-9999,479275.8,9.42,-1,0.217012147,0.991491213,0,0.594894728,6,0.454545455,1.272727273,N2 O5,de-protonated,0,-9999,C11 H14 O5 N2,11,14,5,2,-9999,-9999,-9999,N/A,-9999,-9999
520,253.108399,253.108266021,253.108147226,2517586,-9999,419640.1,17.74,-1,0.469347663,0.960817468,0,0.576490481,5,0.384615385,1.384615385,O5,de-protonated,0,-9999,C13 H18 O5,13,18,5,-9999,-9999,-9999,-9999,N/A,-9999,-9999
521,253.144754,253.144621012,253.144532735,6471261.5,-9999,413390.1,49.49,-1,0.348722816,0.978176124,0,0.586905674,4,0.285714286,1.571428571,O4,de-protonated,0,-9999,C14 H22 O4,14,22,4,-9999,-9999,-9999,-9999,N/A,-9999,-9999
522,253.181132,253.180999003,253.180918244,2367081.3,-9999,491605.4,16.53,-1,0.318976746,0.981707665,0,0.589024599,3,0.2,1.733333333,O3,de-protonated,0,-9999,C15 H26 O3,15,26,3,-9999,-9999,-9999,-9999,N/A,-9999,-9999
524,254.080283,254.080149778,254.079897848,2740616.8,-9999,402014.7,19.53,-1,0.991539335,0.836614974,0,0.501968984,1,0.75,2.25,N1 P1 O6,de-protonated,0,-9999,C8 H18 O6 N1 P1,8,18,6,1,1,-9999,-9999,N/A,-9999,-9999
526,255.051245,255.051111535,255.051026271,6157507.5,-9999,417012.4,46.59,-1,0.334301808,0.979925934,0,0.58795556,6,0.636363636,1.090909091,O7,de-protonated,0,-9999,C11 H12 O7,11,12,7,-9999,-9999,-9999,-9999,N/A,-9999,-9999
527,255.054364,255.054230535,255.054397575,1825732.5,-9999,367012.1,12.08,-1,-0.65491943,0.925124577,0,0.555074746,1,0.875,2,S1 O7,de-protonated,0,-9999,C8 H16 O7 S1,8,16,7,-9999,-9999,1,-9999,N/A,-9999,-9999
527,255.054364,255.054230535,255.054017452,1825732.5,-9999,367012.1,12.08,-1,0.835440435,0.88104722,0,0.528628332,6,0.4,1.3,N2 P1 O4,de-protonated,0,-9999,C10 H13 O4 N2 P1,10,13,4,2,1,-9999,-9999,N/A,-9999,-9999
528,255.061718,255.061584533,255.061411508,24312006,-9999,566621.2,191.21,-1,0.678367138,0.306630542,0.85140418,0.524539997,5,0.166666667,1.416666667,S1 P1 O2,de-protonated,0,-9999,C12 H17 O2 P1 S1,12,17,2,-9999,1,1,-9999,N/A,-9999,-9999
529,255.06242,255.062286533,255.062259661,429373632,-9999,410731,3418.04,-1,0.105354411,0.981743507,0.986943996,0.983823703,6,0.6,1.2,N2 O6,de-protonated,0,-9999,C10 H12 O6 N2,10,12,6,2,-9999,-9999,-9999,N/A,-9999,-9999
530,255.087616,255.087482526,255.087411781,3808463.3,-9999,435137.6,27.87,-1,0.277338548,0.986140511,0,0.591684306,5,0.5,1.333333333,O6,de-protonated,0,-9999,C12 H16 O6,12,16,6,-9999,-9999,-9999,-9999,N/A,-9999,-9999
531,255.123983,255.123849517,255.12379729,9799899,-9999,412833.2,75.6,-1,0.204712876,0.995339024,0.999370739,0.99695171,4,0.384615385,1.538461538,O5,de-protonated,0,-9999,C13 H20 O5,13,20,5,-9999,-9999,-9999,-9999,N/A,-9999,-9999
532,255.160406,255.160272508,255.160182799,16679143,-9999,402778.1,130.41,-1,0.351577842,0.985096728,0.978979638,0.982649892,3,0.285714286,1.714285714,O4,de-protonated,0,-9999,C14 H24 O4,14,24,4,-9999,-9999,-9999,-9999,N/A,-9999,-9999
533,255.19678,255.196646499,255.196568309,12695795,-9999,394184,98.67,-1,0.306392124,0.980940575,0.978680446,0.980036523,2,0.2,1.866666667,O3,de-protonated,0,-9999,C15 H28 O3,15,28,3,-9999,-9999,-9999,-9999,N/A,-9999,-9999
534,255.233173,255.23303949,255.232953818,2628862.8,-9999,397480.4,18.48,-1,0.335661069,0.979764027,0,0.587858416,1,0.125,2,O2,de-protonated,0,-9999,C16 H32 O2,16,32,2,-9999,-9999,-9999,-9999,N/A,-9999,-9999
535,256.059535,256.059401283,256.059294555,2506766.3,-9999,454567.3,17.5,-1,0.416810057,0.975939598,0.986943996,0.980341357,6,0.6,1.2,N1 15N1 O6,de-protonated,1,529,C10 H12 O6 N1 15N1,10,12,6,1,-9999,-9999,-9999,TRUE,-9999,-9999
536,256.065827,256.065693282,256.065614496,40663568,-9999,399659.8,321.47,-1,0.307678544,0.978739831,0.986943996,0.982021497,6,0.6,1.2,13C1 N2 O6,de-protonated,1,529,C9 H12 O6 N2 13C1,9,12,6,2,-9999,-9999,1,N/A,-9999,-9999
538,256.127311,256.127177266,256.127152125,1369892.6,-9999,481957.7,8.45,-1,0.098158697,0.998253246,0.999370739,0.998700243,4,0.384615385,1.538461538,13C1 O5,de-protonated,1,531,C12 H20 O5 13C1,12,20,5,-9999,-9999,-9999,1,N/A,-9999,-9999
539,256.155609,256.155475259,256.155431772,1545518,-9999,434028.6,9.84,-1,0.169770164,0.994783954,0,0.596870372,3,0.307692308,1.769230769,N1 O4,de-protonated,0,-9999,C13 H23 O4 N1,13,23,4,1,-9999,-9999,-9999,N/A,-9999,-9999
540,256.163724,256.163590257,256.163537635,3001904.8,-9999,453033.3,21.45,-1,0.205425996,0.992372135,0.978979638,0.987015137,3,0.285714286,1.714285714,13C1 O4,de-protonated,1,532,C13 H24 O4 13C1,13,24,4,-9999,-9999,-9999,1,N/A,-9999,-9999
541,256.200145,256.200011248,256.199923144,2434620.8,-9999,384244.8,16.93,-1,0.343888434,0.978770598,0.978680446,0.978734537,2,0.2,1.866666667,13C1 O3,de-protonated,1,533,C14 H28 O3 13C1,14,28,3,-9999,-9999,-9999,1,N/A,-9999,-9999
544,257.045685,257.045551037,257.045546968,1337429.6,-9999,484686.7,8.18,-1,0.015829011,0.999954538,0,0.599972723,10,0.357142857,0.714285714,O5,de-protonated,0,-9999,C14 H10 O5,14,10,5,-9999,-9999,-9999,-9999,N/A,-9999,-9999
545,257.066723,257.066589031,257.066676336,4954972.5,-9999,400202.7,37,-1,-0.33961829,0.979289082,0,0.587573449,5,0.636363636,1.272727273,O7,de-protonated,0,-9999,C11 H14 O7,11,14,7,-9999,-9999,-9999,-9999,N/A,-9999,-9999
545,257.066723,257.066589031,257.066504654,4954972.5,-9999,400202.7,37,-1,0.328231541,0.978274159,0.986943996,0.981742094,6,0.6,1.2,N2 O5 18O1,de-protonated,1,529,C10 H12 O5 N2 18O1,10,12,5,2,-9999,-9999,-9999,N/A,1,-9999
546,257.069193,257.069059031,257.068969331,1914205.5,-9999,479317.1,12.78,-1,0.348933079,0.977775919,0.986943996,0.98144315,6,0.6,1.2,13C2 N2 O6,de-protonated,1,529,C8 H12 O6 N2 13C2,8,12,6,2,-9999,-9999,2,N/A,-9999,-9999
547,257.103285,257.103151022,257.103061845,5007209,-9999,423913.1,37.42,-1,0.346852968,0.978406996,0,0.587044198,4,0.5,1.5,O6,de-protonated,0,-9999,C12 H18 O6,12,18,6,-9999,-9999,-9999,-9999,N/A,-9999,-9999
548,257.114524,257.114390019,257.114295235,2641772.5,-9999,441125.8,18.57,-1,0.368648733,0.975642336,0,0.585385401,4,0.454545455,1.636363636,N2 O5,de-protonated,0,-9999,C11 H18 O5 N2,11,18,5,2,-9999,-9999,-9999,N/A,-9999,-9999
549,257.139659,257.139525013,257.139447355,5970805,-9999,401728.6,45.09,-1,0.30200933,0.983586328,0,0.590151797,3,0.384615385,1.692307692,O5,de-protonated,0,-9999,C13 H22 O5,13,22,5,-9999,-9999,-9999,-9999,N/A,-9999,-9999
550,257.150828,257.15069401,257.150680744,1700984.8,-9999,461454,11.08,-1,0.051590098,0.999517184,0,0.59971031,3,0.333333333,1.833333333,N2 O4,de-protonated,0,-9999,C12 H22 O4 N2,12,22,4,2,-9999,-9999,-9999,N/A,-9999,-9999
551,257.176038,257.175904004,257.175832864,26393474,-9999,395451.8,207.79,-1,0.276620328,0.987378806,0.993454501,0.989809084,2,0.285714286,1.857142857,O4,de-protonated,0,-9999,C14 H26 O4,14,26,4,-9999,-9999,-9999,-9999,N/A,-9999,-9999
552,257.212434,257.212299995,257.212218373,5579661.5,-9999,422781.7,41.98,-1,0.317331776,0.981894133,0,0.58913648,1,0.2,2,O3,de-protonated,0,-9999,C15 H30 O3,15,30,3,-9999,-9999,-9999,-9999,N/A,-9999,-9999
554,258.098508,258.098373773,258.098310817,2213558.8,-9999,425014.4,15.16,-1,0.243921931,0.989262248,0,0.593557349,4,0.545454545,1.545454545,N1 O6,de-protonated,0,-9999,C11 H17 O6 N1,11,17,6,1,-9999,-9999,-9999,N/A,-9999,-9999
555,258.134872,258.134737764,258.134696327,2512067,-9999,431482.4,17.54,-1,0.160526243,0.995335222,0,0.597201133,3,0.416666667,1.75,N1 O5,de-protonated,0,-9999,C12 H21 O5 N1,12,21,5,1,-9999,-9999,-9999,N/A,-9999,-9999
556,258.146161,258.146026761,258.145929716,10386631,-9999,401122.8,80.27,-1,0.37593186,0.970691546,0.998423228,0.981784219,3,0.363636364,1.909090909,N3 O4,de-protonated,0,-9999,C11 H21 O4 N3,11,21,4,3,-9999,-9999,-9999,N/A,-9999,-9999
557,258.171316,258.171181755,258.171081836,1191631.3,-9999,456715.7,7.02,-1,0.387026026,0.973186983,0,0.58391219,2,0.307692308,1.923076923,N1 O4,de-protonated,0,-9999,C13 H25 O4 N1,13,25,4,1,-9999,-9999,-9999,N/A,-9999,-9999
558,258.179387,258.179252753,258.179187699,4227282,-9999,396694.4,31.2,-1,0.251972437,0.988545906,0.993454501,0.990509344,2,0.285714286,1.857142857,13C1 O4,de-protonated,1,551,C13 H26 O4 13C1,13,26,4,-9999,-9999,-9999,1,N/A,-9999,-9999
562,259.046146,259.046011536,259.045940891,1731063.5,-9999,405321.3,11.31,-1,0.272713242,0.986595852,0,0.591957511,5,0.8,1.2,O8,de-protonated,0,-9999,C10 H12 O8,10,12,8,-9999,-9999,-9999,-9999,N/A,-9999,-9999
563,259.082625,259.082490527,259.0823264,2722820,-9999,376799.5,19.21,-1,0.633492785,0.929770278,0,0.557862167,4,0.636363636,1.454545455,O7,de-protonated,0,-9999,C11 H16 O7,11,16,7,-9999,-9999,-9999,-9999,N/A,-9999,-9999
564,259.118928,259.118793518,259.11871191,8263184.5,-9999,402875.8,63.35,-1,0.314945817,0.491081473,0.885121231,0.648697376,3,0.5,1.666666667,O6,de-protonated,0,-9999,C12 H20 O6,12,20,6,-9999,-9999,-9999,-9999,N/A,-9999,-9999
565,259.130164,259.130029515,259.129945299,24411668,-9999,396522.7,191.99,-1,0.324996225,0.982596056,0.989889908,0.985513597,3,0.454545455,1.818181818,N2 O5,de-protonated,0,-9999,C11 H20 O5 N2,11,20,5,2,-9999,-9999,-9999,N/A,-9999,-9999
566,259.149531,259.14939651,259.149284551,1215258.8,-9999,439996,7.21,-1,0.432026082,0.966700291,0.998423228,0.979389466,3,0.363636364,1.909090909,13C1 N3 O4,de-protonated,1,556,C10 H21 O4 N3 13C1,10,21,4,3,-9999,-9999,1,N/A,-9999,-9999
567,259.155329,259.155194509,259.155097419,4408860.5,-9999,430533.9,32.65,-1,0.374640132,0.974854284,0,0.58491257,2,0.384615385,1.846153846,O5,de-protonated,0,-9999,C13 H24 O5,13,24,5,-9999,-9999,-9999,-9999,N/A,-9999,-9999
568,259.191676,259.1915415,259.191482928,9674281,-9999,401841.4,74.59,-1,0.22597756,0.979294944,0.973484173,0.976970636,1,0.285714286,2,O4,de-protonated,0,-9999,C14 H28 O4,14,28,4,-9999,-9999,-9999,-9999,N/A,-9999,-9999
570,260.133512,260.133377264,260.133300134,2598762.8,-9999,441238.1,18.22,-1,0.296502716,0.984174702,0.989889908,0.986460785,3,0.454545455,1.818181818,13C1 N2 O5,de-protonated,1,565,C10 H20 O5 N2 13C1,10,20,5,2,-9999,-9999,1,N/A,-9999,-9999
571,260.150488,260.15035326,260.150346391,1870192.6,-9999,429023.4,12.42,-1,0.026403171,0.999873515,0,0.599924109,2,0.416666667,1.916666667,N1 O5,de-protonated,0,-9999,C12 H23 O5 N1,12,23,5,1,-9999,-9999,-9999,N/A,-9999,-9999
572,260.195083,260.194948249,260.194837763,1815679.9,-9999,432585,11.99,-1,0.42462572,0.967812926,0.973484173,0.970081425,1,0.285714286,2,13C1 O4,de-protonated,1,568,C13 H28 O4 13C1,13,28,4,-9999,-9999,-9999,1,N/A,-9999,-9999
574,260.956226,260.956091059,260.956294988,7741573.5,-9999,398494.8,59.19,-1,-0.781470185,0.895108872,0,0.537065323,6,0.428571429,1,N2 S2 P1 O3,de-protonated,0,-9999,C7 H7 O3 N2 P1 S2,7,7,3,2,1,2,-9999,N/A,-9999,-9999
576,261.040686,261.040551037,261.040461587,1522594.8,-9999,426515.5,9.65,-1,0.342667149,0.978919521,0,0.587351712,9,0.461538462,0.769230769,O6,de-protonated,0,-9999,C13 H10 O6,13,10,6,-9999,-9999,-9999,-9999,N/A,-9999,-9999
577,261.088283,261.088148025,261.088080486,1366451.1,-9999,418069.6,8.33,-1,0.258684525,0.987931292,0,0.592758775,8,0.307692308,1.076923077,N2 O4,de-protonated,0,-9999,C13 H14 O4 N2,13,14,4,2,-9999,-9999,-9999,N/A,-9999,-9999
579,261.098242,261.098107023,261.097976465,1842358.6,-9999,445577.2,12.09,-1,0.500035224,0.955645201,0,0.573387121,3,0.636363636,1.636363636,O7,de-protonated,0,-9999,C11 H18 O7,11,18,7,-9999,-9999,-9999,-9999,N/A,-9999,-9999
580,261.124694,261.124559016,261.124465995,6344895.5,-9999,410754.3,47.67,-1,0.356232376,0.977236966,0,0.58634218,7,0.214285714,1.285714286,N2 O3,de-protonated,0,-9999,C14 H18 O3 N2,14,18,3,2,-9999,-9999,-9999,N/A,-9999,-9999
581,261.128122,261.127987016,261.127837299,1399488.9,-9999,408179,8.6,-1,0.573346807,0.942097033,0,0.56525822,2,0.272727273,2,N2 S1 O3,de-protonated,0,-9999,C11 H22 O3 N2 S1,11,22,3,2,-9999,1,-9999,N/A,-9999,-9999
582,261.134595,261.134460014,261.134361974,4167875.3,-9999,407314.8,30.47,-1,0.375437924,0.97474844,0,0.584849064,2,0.5,1.833333333,O6,de-protonated,0,-9999,C12 H22 O6,12,22,6,-9999,-9999,-9999,-9999,N/A,-9999,-9999
587,263.019982,263.019846542,263.019726143,1419857.1,-9999,417924.6,8.75,-1,0.457759682,0.962692271,0,0.577615363,9,0.583333333,0.666666667,O7,de-protonated,0,-9999,C12 H8 O7,12,8,7,-9999,-9999,-9999,-9999,N/A,-9999,-9999
588,263.044232,263.044096536,263.043846691,35193688,-9999,390118.6,275.57,-1,0.94982226,0.862389341,0.983685446,0.910907783,4,0.75,1.625,N2 P1 O6,de-protonated,0,-9999,C8 H13 O6 N2 P1,8,13,6,2,1,-9999,-9999,N/A,-9999,-9999
589,263.05629,263.056154533,263.056111652,1730909.8,-9999,440064.3,11.21,-1,0.16301235,0.995189965,0,0.597113979,8,0.461538462,0.923076923,O6,de-protonated,0,-9999,C13 H12 O6,13,12,6,-9999,-9999,-9999,-9999,N/A,-9999,-9999
590,263.092669,263.092533524,263.092497161,1322602.5,-9999,454969.6,7.98,-1,0.138213542,0.996539789,0,0.597923873,7,0.357142857,1.142857143,O5,de-protonated,0,-9999,C14 H16 O5,14,16,5,-9999,-9999,-9999,-9999,N/A,-9999,-9999
592,263.117007,263.116871518,263.11661771,2220915,-9999,461471.3,15.08,-1,0.964621698,0.844646486,0,0.506787892,2,0.4,2.1,N2 P1 O4,de-protonated,0,-9999,C10 H21 O4 N2 P1,10,21,4,2,1,-9999,-9999,N/A,-9999,-9999
593,263.129139,263.129003515,263.128882671,1948279.1,-9999,423995.7,12.93,-1,0.45925963400000003,0.962452033,0,0.57747122,6,0.266666667,1.333333333,O4,de-protonated,0,-9999,C15 H20 O4,15,20,4,-9999,-9999,-9999,-9999,N/A,-9999,-9999
594,263.140324,263.140188512,263.14011606,8101755,-9999,386586.7,61.54,-1,0.275337671,0.985045299,0.940402463,0.967188164,6,0.214285714,1.428571429,N2 O3,de-protonated,0,-9999,C14 H20 O3 N2,14,20,3,2,-9999,-9999,-9999,N/A,-9999,-9999
595,263.142133,263.141997512,263.14176983,3143035.8,-9999,370718.9,22.36,-1,0.865243303,0.872981575,0,0.523788945,1,0.333333333,2.083333333,P1 O4,de-protonated,0,-9999,C12 H25 O4 P1,12,25,4,-9999,1,-9999,-9999,N/A,-9999,-9999
596,263.165482,263.165346506,263.16526818,1926019.9,-9999,389075.1,12.75,-1,0.29763059,0.984055044,0,0.590433026,5,0.1875,1.5,O3,de-protonated,0,-9999,C16 H24 O3,16,24,3,-9999,-9999,-9999,-9999,N/A,-9999,-9999
597,264.047563,264.047427285,264.047201526,3735224,-9999,410191.1,27.04,-1,0.854994409,0.875778748,0.983685446,0.918941427,4,0.75,1.625,13C1 N2 P1 O6,de-protonated,1,588,C7 H13 O6 N2 P1 13C1,7,13,6,2,1,-9999,1,N/A,-9999,-9999
599,264.143686,264.143550261,264.143470895,1914073.6,-9999,411333.2,12.65,-1,0.30046686,0.983752195,0.940402463,0.966412302,6,0.214285714,1.428571429,13C1 N2 O3,de-protonated,1,594,C13 H20 O3 N2 13C1,13,20,3,2,-9999,-9999,1,N/A,-9999,-9999
603,265.035703,265.035567038,265.035376207,1357842.3,-9999,409679.7,8.26,-1,0.72002162,0.910220275,0,0.546132165,8,0.583333333,0.833333333,O7,de-protonated,0,-9999,C12 H10 O7,12,10,7,-9999,-9999,-9999,-9999,N/A,-9999,-9999
605,265.058056,265.057920033,265.057842986,50939420,-9999,387833.5,399.96,-1,0.290680062,0.9866791,0.99878163,0.991520112,8,0.5,1,N4 O5,de-protonated,0,-9999,C10 H10 O5 N4,10,10,5,4,-9999,-9999,-9999,N/A,-9999,-9999
606,265.072026,265.071890029,265.071761716,2387999,-9999,480880.3,16.39,-1,0.484068032,0.95837379599999994,0,0.575024278,7,0.461538462,1.076923077,O6,de-protonated,0,-9999,C13 H14 O6,13,14,6,-9999,-9999,-9999,-9999,N/A,-9999,-9999
608,265.108353,265.10821702,265.108147226,1773611.8,-9999,447072.6,11.54,-1,0.26326739,0.987502592,0,0.592501555,6,0.357142857,1.285714286,O5,de-protonated,0,-9999,C14 H18 O5,14,18,5,-9999,-9999,-9999,-9999,N/A,-9999,-9999
610,265.119635,265.119499017,265.119380615,9967152,-9999,384819.2,76.27,-1,0.446599633,0.482228435,0.876728111,0.640028306,6,0.307692308,1.384615385,N2 O4,de-protonated,0,-9999,C13 H18 O4 N2,13,18,4,2,-9999,-9999,-9999,N/A,-9999,-9999
612,265.132665,265.132529014,265.132267775,9975348,-9999,397170.1,76.34,-1,0.98531722,0.419242133,0.902398978,0.612504871,1,0.4,2.3,N2 P1 O4,de-protonated,0,-9999,C10 H23 O4 N2 P1,10,23,4,2,1,-9999,-9999,N/A,-9999,-9999
613,265.144722,265.144586011,265.144532735,3027512.5,-9999,466392.9,21.45,-1,0.20093148,0.992701056,0,0.595620634,5,0.266666667,1.466666667,O4,de-protonated,0,-9999,C15 H22 O4,15,22,4,-9999,-9999,-9999,-9999,N/A,-9999,-9999
614,265.148147,265.14801101,265.147904038,12887610,-9999,398895.7,99.34,-1,0.403441646,0.975873454,0.984860723,0.979468361,0,0.333333333,2.166666667,S1 O4,de-protonated,0,-9999,C12 H26 O4 S1,12,26,4,-9999,-9999,1,-9999,N/A,-9999,-9999
615,265.157795,265.157659008,265.157419895,3140157,-9999,386628.3,22.34,-1,0.901777683,0.862815315,0,0.517689189,0,0.333333333,2.25,P1 O4,de-protonated,0,-9999,C12 H27 O4 P1,12,27,4,-9999,1,-9999,-9999,N/A,-9999,-9999
616,265.181114,265.180978002,265.180918244,3856965.3,-9999,421501.2,28,-1,0.225345895,0.990828215,0,0.594496929,4,0.1875,1.625,O3,de-protonated,0,-9999,C16 H26 O3,16,26,3,-9999,-9999,-9999,-9999,N/A,-9999,-9999
617,266.04474,266.044603786,266.044381719,1308276.6,-9999,472989.4,7.86,-1,0.834699769,0.881244998,0,0.528746999,2,0.222222222,2,N1 S2 P1 O2,de-protonated,0,-9999,C9 H18 O2 N1 P1 S2,9,18,2,1,1,2,-9999,N/A,-9999,-9999
618,266.061401,266.061264782,266.061137462,5585786.5,-9999,392517.8,41.65,-1,0.478536167,0.479650119,0.829532115,0.619602917,16,0.052631579,0.473684211,N1 O1,de-protonated,0,-9999,C19 H9 O1 N1,19,9,1,1,-9999,-9999,-9999,N/A,-9999,-9999
618,266.061401,266.061264782,266.061197821,5585786.5,-9999,392517.8,41.65,-1,0.251675206,0.988572759,0.99878163,0.992656307,8,0.5,1,13C1 N4 O5,de-protonated,1,605,C9 H10 O5 N4 13C1,9,10,5,4,-9999,-9999,1,N/A,-9999,-9999
620,266.136109,266.135972763,266.13575895499997,1505172.8,-9999,437982.1,9.42,-1,0.803378403,0.889487308,0,0.533692385,1,0.666666667,2.333333333,N3 O6,de-protonated,0,-9999,C9 H21 O6 N3,9,21,6,3,-9999,-9999,-9999,N/A,-9999,-9999
621,266.151482,266.151345759,266.151258873,1926042.1,-9999,438636.1,12.74,-1,0.326452283,0.980848579,0.984860723,0.982453437,0,0.333333333,2.166666667,13C1 S1 O4,de-protonated,1,614,C11 H26 O4 S1 13C1,11,26,4,-9999,-9999,1,1,N/A,-9999,-9999
625,266.994428,266.994291548,266.994380774,1754562.6,-9999,413985.5,11.38,-1,-0.334185417,0.979939769,0,0.587963861,12,0.066666667,0.533333333,S2 O1,de-protonated,0,-9999,C15 H8 O1 S2,15,8,1,-9999,-9999,2,-9999,N/A,-9999,-9999
626,267.030129,267.029992539,267.029896903,1542095.3,-9999,401904.8,9.71,-1,0.35814702,0.976994463,0,0.586196678,12,0.333333333,0.533333333,O5,de-protonated,0,-9999,C15 H8 O5,15,8,5,-9999,-9999,-9999,-9999,N/A,-9999,-9999
628,267.051262,267.051125534,267.051026271,3565270.8,-9999,400020.4,25.69,-1,0.371699063,0.975242632,0,0.585145579,7,0.583333333,1,O7,de-protonated,0,-9999,C12 H12 O7,12,12,7,-9999,-9999,-9999,-9999,N/A,-9999,-9999
628,267.051262,267.051125534,267.05086408,3565270.8,-9999,400020.4,25.69,-1,0.979041754,0.84036186,0,0.504217116,2,0.142857143,2.428571429,N4 S2 P1 O1,de-protonated,0,-9999,C7 H17 O1 N4 P1 S2,7,17,1,4,1,2,-9999,N/A,-9999,-9999
629,267.073717,267.073580528,267.07349305,21993694,-9999,387087.8,171.28,-1,0.327544373,0.976010986,0.98706839,0.980433948,7,0.5,1.2,N4 O5,de-protonated,0,-9999,C10 H12 O5 N4,10,12,5,4,-9999,-9999,-9999,N/A,-9999,-9999
630,267.087634,267.087497525,267.087411781,3732707.5,-9999,419496.1,27.01,-1,0.321034108,0.981473144,0,0.588883887,6,0.461538462,1.230769231,O6,de-protonated,0,-9999,C13 H16 O6,13,16,6,-9999,-9999,-9999,-9999,N/A,-9999,-9999
632,267.100641,267.100504522,267.10029894,2331368,-9999,443642.9,15.94,-1,0.769678456,0.898084519,0,0.538850712,1,0.6,2.1,P1 O6,de-protonated,0,-9999,C10 H21 O6 P1,10,21,6,-9999,1,-9999,-9999,N/A,-9999,-9999
633,267.111934,267.111797519,267.11153233,2719468,-9999,399755.6,19.01,-1,0.992803376,0.836234295,0,0.501740577,1,0.555555556,2.333333333,N2 P1 O5,de-protonated,0,-9999,C9 H21 O5 N2 P1,9,21,5,2,1,-9999,-9999,N/A,-9999,-9999
634,267.124037,267.123900516,267.12379729,3111664.3,-9999,396423.8,22.11,-1,0.386433987,0.973267847,0,0.583960708,5,0.357142857,1.428571429,O5,de-protonated,0,-9999,C14 H20 O5,14,20,5,-9999,-9999,-9999,-9999,N/A,-9999,-9999
636,267.137055,267.136918513,267.13668445,1445236.9,-9999,351073.5,8.94,-1,0.876191484,0.869966785,0,0.521980071,0,0.454545455,2.272727273,P1 O5,de-protonated,0,-9999,C11 H25 O5 P1,11,25,5,-9999,1,-9999,-9999,N/A,-9999,-9999
638,267.160399,267.160262507,267.160182799,8147197,-9999,401360.7,61.89,-1,0.298350108,0.991640821,0.936861447,0.969729072,4,0.266666667,1.6,O4,de-protonated,0,-9999,C15 H24 O4,15,24,4,-9999,-9999,-9999,-9999,N/A,-9999,-9999
639,267.196803,267.196666498,267.196568309,6932746,-9999,410659.4,52.29,-1,0.367477826,0.987570528,0.948204812,0.971824242,3,0.1875,1.75,O3,de-protonated,0,-9999,C16 H28 O3,16,28,3,-9999,-9999,-9999,-9999,N/A,-9999,-9999
640,268.077092,268.076955277,268.076787526,2733119.8,-9999,405283.1,18.95,-1,0.625758241,0.931414878,0,0.558848927,15,0.052631579,0.578947368,N1 O1,de-protonated,0,-9999,C19 H11 O1 N1,19,11,1,1,-9999,-9999,-9999,N/A,-9999,-9999
640,268.077092,268.076955277,268.076847885,2733119.8,-9999,405283.1,18.95,-1,0.400602999,0.971300497,0.98706839,0.977607654,7,0.5,1.2,13C1 N4 O5,de-protonated,1,629,C9 H12 O5 N4 13C1,9,12,5,4,-9999,-9999,1,N/A,-9999,-9999
641,268.16369099999997,268.163554256,268.163537635,2071646.1,-9999,382918,13.77,-1,0.061981802,0.999303164,0.936861447,0.974326477,4,0.266666667,1.6,13C1 O4,de-protonated,1,638,C14 H24 O4 13C1,14,24,4,-9999,-9999,-9999,1,N/A,-9999,-9999
642,268.200076,268.199939247,268.199923144,1725803,-9999,478044.7,11.06,-1,0.060040319,0.99934612,0.948204812,0.978889597,3,0.1875,1.75,13C1 O3,de-protonated,1,639,C15 H28 O3 13C1,15,28,3,-9999,-9999,-9999,1,N/A,-9999,-9999
646,269.030666,269.030529039,269.030290827,1427855.1,-9999,397100,8.72,-1,0.88544834,0.86739642,0,0.520437852,7,0.727272727,0.909090909,O8,de-protonated,0,-9999,C11 H10 O8,11,10,8,-9999,-9999,-9999,-9999,N/A,-9999,-9999
647,269.045715,269.045578035,269.045546968,1371796.4,-9999,450512,8.28,-1,0.115472532,0.997583505,0,0.598550103,11,0.333333333,0.666666667,O5,de-protonated,0,-9999,C15 H10 O5,15,10,5,-9999,-9999,-9999,-9999,N/A,-9999,-9999
648,269.066896,269.06675903,269.066676336,4041627.8,-9999,371074.9,29.19,-1,0.307336508,0.983007167,0,0.5898043,6,0.583333333,1.166666667,O7,de-protonated,0,-9999,C12 H14 O7,12,14,7,-9999,-9999,-9999,-9999,N/A,-9999,-9999
649,269.103293,269.103156021,269.103061845,5575592.5,-9999,399133.8,41.21,-1,0.349960936,0.978022598,0,0.586813559,5,0.461538462,1.384615385,O6,de-protonated,0,-9999,C13 H18 O6,13,18,6,-9999,-9999,-9999,-9999,N/A,-9999,-9999
651,269.118498,269.118361017,269.118317987,1306414,-9999,360724.1,7.77,-1,0.15989423,0.995371796,0,0.597223078,9,0.176470588,1.058823529,O3,de-protonated,0,-9999,C17 H18 O3,17,18,3,-9999,-9999,-9999,-9999,N/A,-9999,-9999
652,269.131395,269.131258014,269.131205146,2532274.5,-9999,464774.2,17.37,-1,0.196438278,0.993022714,0,0.595813628,4,0.214285714,1.642857143,P1 O3,de-protonated,0,-9999,C14 H23 O3 P1,14,23,3,-9999,1,-9999,-9999,N/A,-9999,-9999
653,269.139678,269.139541012,269.139447355,14009269,-9999,384485.8,107.26,-1,0.347987297,0.97521165,0.968428628,0.972498441,4,0.357142857,1.571428571,O5,de-protonated,0,-9999,C14 H22 O5,14,22,5,-9999,-9999,-9999,-9999,N/A,-9999,-9999
654,269.176063,269.175926003,269.175832864,30841794,-9999,384511.5,239.09,-1,0.346014192,0.97572531,0.996355389,0.983977342,3,0.266666667,1.733333333,O4,de-protonated,0,-9999,C15 H26 O4,15,26,4,-9999,-9999,-9999,-9999,N/A,-9999,-9999
655,269.212445,269.212307993,269.212218373,49236944,-9999,384245.4,383.17,-1,0.332897998,0.979519473,0.9872492,0.982611364,2,0.1875,1.875,O3,de-protonated,0,-9999,C16 H30 O3,16,30,3,-9999,-9999,-9999,-9999,N/A,-9999,-9999
656,270.134997,270.134859763,270.134696327,1280787,-9999,385018.6,7.57,-1,0.605016554,0.935739279,0,0.561443567,4,0.384615385,1.615384615,N1 O5,de-protonated,0,-9999,C13 H21 O5 N1,13,21,5,1,-9999,-9999,-9999,N/A,-9999,-9999
657,270.143046,270.142908761,270.14280219,1555477.9,-9999,506230.1,9.72,-1,0.394499054,0.972156218,0.968428628,0.970665182,4,0.357142857,1.571428571,13C1 O5,de-protonated,1,653,C13 H22 O5 13C1,13,22,5,-9999,-9999,-9999,1,N/A,-9999,-9999
658,270.146125,270.14598776,270.145929716,2137367,-9999,409149.2,14.28,-1,0.214861241,0.991658344,0,0.594995006,4,0.333333333,1.75,N3 O4,de-protonated,0,-9999,C12 H21 O4 N3,12,21,4,3,-9999,-9999,-9999,N/A,-9999,-9999
659,270.17943,270.179292752,270.179187699,5156130.5,-9999,406373.9,37.92,-1,0.388825766,0.972940445,0.996355389,0.982306423,3,0.266666667,1.733333333,13C1 O4,de-protonated,1,654,C14 H26 O4 13C1,14,26,4,-9999,-9999,-9999,1,N/A,-9999,-9999
660,270.207717,270.207579745,270.207467345,1849900.5,-9999,447857.8,12.02,-1,0.415973236,0.969091016,0,0.58145461,2,0.2,1.933333333,N1 O3,de-protonated,0,-9999,C15 H29 O3 N1,15,29,3,1,-9999,-9999,-9999,N/A,-9999,-9999
661,270.215803,270.215665743,270.215573208,9397551,-9999,386166.4,71.14,-1,0.342445778,0.97894646,0.9872492,0.982267556,2,0.1875,1.875,13C1 O3,de-protonated,1,655,C15 H30 O3 13C1,15,30,3,-9999,-9999,-9999,1,N/A,-9999,-9999
665,271.046179,271.046041535,271.045940891,2170194.5,-9999,345313.9,14.53,-1,0.371316578,0.975292923,0,0.585175754,6,0.727272727,1.090909091,O8,de-protonated,0,-9999,C11 H12 O8,11,12,8,-9999,-9999,-9999,-9999,N/A,-9999,-9999
666,271.082538,271.082400526,271.0823264,4924511,-9999,326004.1,36.1,-1,0.27344242,0.986524562,0,0.591914737,5,0.583333333,1.333333333,O7,de-protonated,0,-9999,C12 H16 O7,12,16,7,-9999,-9999,-9999,-9999,N/A,-9999,-9999
667,271.085612,271.085474525,271.085697704,1757280.3,-9999,466367,11.3,-1,-0.823277227,0.884278457,0,0.530567074,0,0.777777778,2.222222222,S1 O7,de-protonated,0,-9999,C9 H20 O7 S1,9,20,7,-9999,-9999,1,-9999,N/A,-9999,-9999
667,271.085612,271.085474525,271.085317581,1757280.3,-9999,466367,11.3,-1,0.578946289,0.940994717,0,0.56459683,5,0.363636364,1.545454545,N2 P1 O4,de-protonated,0,-9999,C11 H17 O4 N2 P1,11,17,4,2,1,-9999,-9999,N/A,-9999,-9999
668,271.093734,271.093596523,271.09355979,1348195,-9999,492108.4,8.09,-1,0.135500515,0.996674075,0,0.598004445,5,0.545454545,1.454545455,N2 O6,de-protonated,0,-9999,C11 H16 O6 N2,11,16,6,2,-9999,-9999,-9999,N/A,-9999,-9999
669,271.118948,271.118810517,271.11871191,5336684,-9999,406459.6,39.33,-1,0.363703965,0.976283624,0,0.585770174,4,0.461538462,1.538461538,O6,de-protonated,0,-9999,C13 H20 O6,13,20,6,-9999,-9999,-9999,-9999,N/A,-9999,-9999
670,271.130146,271.130008514,271.129945299,3195503.8,-9999,397879.4,22.56,-1,0.233153368,0.990184846,0,0.594110908,4,0.416666667,1.666666667,N2 O5,de-protonated,0,-9999,C12 H20 O5 N2,12,20,5,2,-9999,-9999,-9999,N/A,-9999,-9999
671,271.155342,271.155204508,271.155097419,10135161,-9999,390009.6,76.91,-1,0.394934482,0.961617168,0.997612764,0.976015407,3,0.357142857,1.714285714,O5,de-protonated,0,-9999,C14 H24 O5,14,24,5,-9999,-9999,-9999,-9999,N/A,-9999,-9999
672,271.19171,271.191572498,271.191482928,36564612,-9999,382167.3,283.91,-1,0.330283424,0.983088337,0.997768524,0.988960412,2,0.266666667,1.866666667,O4,de-protonated,0,-9999,C15 H28 O4,15,28,4,-9999,-9999,-9999,-9999,N/A,-9999,-9999
673,271.228097,271.227959489,271.227868438,6148754,-9999,389800.3,45.69,-1,0.335701494,0.489879601,0.85247738,0.634918713,1,0.1875,2,O3,de-protonated,0,-9999,C16 H32 O3,16,32,3,-9999,-9999,-9999,-9999,N/A,-9999,-9999
674,272.158733,272.158595257,272.158452254,1502679,-9999,441708.3,9.3,-1,0.525438258,0.951138751,0.997612764,0.969728357,3,0.357142857,1.714285714,13C1 O5,de-protonated,1,671,C13 H24 O5 13C1,13,24,5,-9999,-9999,-9999,1,N/A,-9999,-9999
675,272.161765,272.161627256,272.161579781,3132888,-9999,377243.5,22.07,-1,0.174437865,0.99449399,0,0.596696394,3,0.333333333,1.916666667,N3 O4,de-protonated,0,-9999,C12 H23 O4 N3,12,23,4,3,-9999,-9999,-9999,N/A,-9999,-9999
676,272.195052,272.194914247,272.194837763,6042595.5,-9999,364796.7,44.86,-1,0.280990006,0.985775783,0.997768524,0.990572879,2,0.266666667,1.866666667,13C1 O4,de-protonated,1,672,C14 H28 O4 13C1,14,28,4,-9999,-9999,-9999,1,N/A,-9999,-9999
679,273.061786,273.061648031,273.061590955,2556177,-9999,378733.7,17.55,-1,0.20901971,0.992103984,0,0.59526239,5,0.727272727,1.272727273,O8,de-protonated,0,-9999,C11 H14 O8,11,14,8,-9999,-9999,-9999,-9999,N/A,-9999,-9999
680,273.098201,273.098063022,273.097976465,5465374,-9999,360543.5,40.33,-1,0.316944116,0.981937941,0,0.589162765,4,0.583333333,1.5,O7,de-protonated,0,-9999,C12 H18 O7,12,18,7,-9999,-9999,-9999,-9999,N/A,-9999,-9999
681,273.109427,273.109289019,273.109209854,2811681.8,-9999,398094.9,19.55,-1,0.289864625,0.984870035,0,0.590922021,4,0.545454545,1.636363636,N2 O6,de-protonated,0,-9999,C11 H18 O6 N2,11,18,6,2,-9999,-9999,-9999,N/A,-9999,-9999
682,273.134603,273.134465013,273.134361974,6731050.5,-9999,377842.4,50.25,-1,0.377244156,0.974508016,0,0.584704809,3,0.461538462,1.692307692,O6,de-protonated,0,-9999,C13 H22 O6,13,22,6,-9999,-9999,-9999,-9999,N/A,-9999,-9999
683,273.145888,273.14575001,273.145595363,1387566.3,-9999,499086.2,8.39,-1,0.566167758,0.943496487,0,0.566097892,3,0.416666667,1.833333333,N2 O5,de-protonated,0,-9999,C12 H22 O5 N2,12,22,5,2,-9999,-9999,-9999,N/A,-9999,-9999
684,273.170995,273.170857003,273.170747484,6440247,-9999,382049.8,47.97,-1,0.400921002,0.971255577,0,0.582753346,2,0.357142857,1.857142857,O5,de-protonated,0,-9999,C14 H26 O5,14,26,5,-9999,-9999,-9999,-9999,N/A,-9999,-9999
685,273.207354,273.207215994,273.207132993,11880772,-9999,382029.5,90.58,-1,0.303804095,0.976546652,0.998583865,0.985361537,1,0.266666667,2,O4,de-protonated,0,-9999,C15 H30 O4,15,30,4,-9999,-9999,-9999,-9999,N/A,-9999,-9999
687,274.0935,274.093361773,274.093225437,2465910.3,-9999,389775.4,16.69,-1,0.497406149,0.956100026,0,0.573660016,4,0.636363636,1.545454545,N1 O7,de-protonated,0,-9999,C11 H17 O7 N1,11,17,7,1,-9999,-9999,-9999,N/A,-9999,-9999
688,274.141053,274.140914761,274.140844336,1352326.6,-9999,458239.7,8.04,-1,0.256893942,0.988096796,0,0.592858077,3,0.454545455,1.909090909,N3 O5,de-protonated,0,-9999,C11 H21 O5 N3,11,21,5,3,-9999,-9999,-9999,N/A,-9999,-9999
689,274.210739,274.210600743,274.210487828,1904798.6,-9999,416817.6,12.33,-1,0.411783712,0.969701006,0.998583865,0.98125415,1,0.266666667,2,13C1 O4,de-protonated,1,685,C14 H30 O4 13C1,14,30,4,-9999,-9999,-9999,1,N/A,-9999,-9999
691,274.971867,274.971728553,274.971945053,23737252,-9999,373064,181.79,-1,-0.787351481,0.297870519,0.850333679,0.518855783,6,0.375,1.125,N2 S2 P1 O3,de-protonated,0,-9999,C8 H9 O3 N2 P1 S2,8,9,3,2,1,2,-9999,N/A,-9999,-9999
692,275.077474,275.077335527,275.07724102,1241544.6,-9999,302037.1,7.18,-1,0.343564002,0.978810209,0,0.587286125,4,0.727272727,1.454545455,O8,de-protonated,0,-9999,C11 H16 O8,11,16,8,-9999,-9999,-9999,-9999,N/A,-9999,-9999
693,275.103991,275.10385252,275.10373055,1414097.6,-9999,446792.7,8.52,-1,0.443357947,0.96496187,0,0.578977122,8,0.285714286,1.142857143,N2 O4,de-protonated,0,-9999,C14 H16 O4 N2,14,16,4,2,-9999,-9999,-9999,N/A,-9999,-9999
694,275.105797,275.105658519,275.105384321,3274194.3,-9999,393823.8,22.96,-1,0.996704206,0.83505756,0,0.501034536,3,0.416666667,1.75,P1 O5,de-protonated,0,-9999,C12 H21 O5 P1,12,21,5,-9999,1,-9999,-9999,N/A,-9999,-9999
695,275.113874,275.113735517,275.113626529,3611605,-9999,382176.4,25.58,-1,0.39615698,0.971925017,0,0.58315501,3,0.583333333,1.666666667,O7,de-protonated,0,-9999,C12 H20 O7,12,20,7,-9999,-9999,-9999,-9999,N/A,-9999,-9999
696,275.142138,275.14199951,275.14176983,2228702.8,-9999,403150.4,14.84,-1,0.834770578,0.881226096,0,0.528735658,2,0.307692308,1.923076923,P1 O4,de-protonated,0,-9999,C13 H25 O4 P1,13,25,4,-9999,1,-9999,-9999,N/A,-9999,-9999
697,275.150189,275.150050508,275.150012039,1912289.5,-9999,417043,12.39,-1,0.139813733,0.996459346,0,0.597875607,2,0.461538462,1.846153846,O6,de-protonated,0,-9999,C13 H24 O6,13,24,6,-9999,-9999,-9999,-9999,N/A,-9999,-9999
699,275.186705,275.186566499,275.186397548,1888750,-9999,415428.8,12.2,-1,0.613952102,0.933891741,0,0.560335044,1,0.357142857,2,O5,de-protonated,0,-9999,C14 H28 O5,14,28,5,-9999,-9999,-9999,-9999,N/A,-9999,-9999
703,275.971432,275.971293303,275.971216777,3787514,-9999,368679.1,26.94,-1,0.277297846,0.98614455,0,0.59168673,10,0.083333333,0.666666667,N1 S2 P1 O1,de-protonated,0,-9999,C12 H8 O1 N1 P1 S2,12,8,1,1,1,2,-9999,N/A,-9999,-9999
704,276.06215,276.06201128,276.06174586,1220888.9,-9999,516643.3,7.02,-1,0.961451914,0.845582693,0,0.507349616,8,0.071428571,1.142857143,N1 S1 P1 O1,de-protonated,0,-9999,C14 H16 O1 N1 P1 S1,14,16,1,1,1,1,-9999,N/A,-9999,-9999
705,276.124339,276.124200265,276.124131643,1246254,-9999,429607.1,7.21,-1,0.248518516,0.988856025,0,0.593313615,7,0.266666667,1.266666667,N1 O4,de-protonated,0,-9999,C15 H19 O4 N1,15,19,4,1,-9999,-9999,-9999,N/A,-9999,-9999
708,277.023498,277.02335904,277.023111246,7041630.5,-9999,369380.9,52.19,-1,0.894486181,0.864868249,0,0.518920949,5,0.875,1.375,N2 P1 O7,de-protonated,0,-9999,C8 H11 O7 N2 P1,8,11,7,2,1,-9999,-9999,N/A,-9999,-9999
709,277.035668,277.035529037,277.035376207,1502562.8,-9999,442174.4,9.2,-1,0.551661715,0.946276569,0,0.567765941,9,0.538461538,0.769230769,O7,de-protonated,0,-9999,C13 H10 O7,13,10,7,-9999,-9999,-9999,-9999,N/A,-9999,-9999
710,277.050304,277.050165033,277.0499809,1451623.6,-9999,396250.2,8.81,-1,0.6646221,0.922977913,0,0.553786748,4,0.666666667,1.555555556,N2 S1 O6,de-protonated,0,-9999,C9 H14 O6 N2 S1,9,14,6,2,-9999,1,-9999,N/A,-9999,-9999
712,277.05986,277.059721031,277.059496756,431937120,-9999,376562.5,3350.09,-1,0.80948281,0.689676823,0.993409846,0.811170033,4,0.666666667,1.666666667,N2 P1 O6,de-protonated,0,-9999,C9 H15 O6 N2 P1,9,15,6,2,1,-9999,-9999,N/A,-9999,-9999
713,277.071978,277.071839028,277.071761716,1994862.9,-9999,436829.9,13.02,-1,0.279030164,0.985972119,0,0.591583272,8,0.428571429,1,O6,de-protonated,0,-9999,C14 H14 O6,14,14,6,-9999,-9999,-9999,-9999,N/A,-9999,-9999
714,277.084987,277.084848024,277.084648876,1843827.4,-9999,370598.6,11.85,-1,0.718728216,0.910527668,0,0.546316601,3,0.545454545,1.727272727,P1 O6,de-protonated,0,-9999,C11 H19 O6 P1,11,19,6,-9999,1,-9999,-9999,N/A,-9999,-9999
715,277.10847,277.108331019,277.108147226,1319035.3,-9999,483866.5,7.78,-1,0.663253332,0.923282355,0,0.553969413,7,0.333333333,1.2,O5,de-protonated,0,-9999,C15 H18 O5,15,18,5,-9999,-9999,-9999,-9999,N/A,-9999,-9999
716,277.119583,277.119444016,277.119380615,2634367,-9999,395416.5,17.99,-1,0.22878527,0.990547445,0,0.594328467,7,0.285714286,1.285714286,N2 O4,de-protonated,0,-9999,C14 H18 O4 N2,14,18,4,2,-9999,-9999,-9999,N/A,-9999,-9999
718,277.122977,277.122838015,277.122751918,4351616,-9999,387566.8,31.31,-1,0.310680602,0.982638607,0,0.589583164,2,0.363636364,2,N2 S1 O4,de-protonated,0,-9999,C11 H22 O4 N2 S1,11,22,4,2,-9999,1,-9999,N/A,-9999,-9999
719,277.144765,277.144626009,277.144532735,7259783.5,-9999,367002.8,53.89,-1,0.336555345,0.489828582,0.85247738,0.634888101,6,0.25,1.375,O4,de-protonated,0,-9999,C16 H22 O4,16,22,4,-9999,-9999,-9999,-9999,N/A,-9999,-9999
720,277.156007,277.155868007,277.155766124,12453515,-9999,373346.2,94.2,-1,0.367599684,0.964542653,0.996863452,0.977470972,6,0.2,1.466666667,N2 O3,de-protonated,0,-9999,C15 H22 O3 N2,15,22,3,2,-9999,-9999,-9999,N/A,-9999,-9999
721,277.157825,277.157686006,277.157419895,11282060,-9999,367109.5,85.11,-1,0.960146178,0.422983876,0.876728111,0.60448157,1,0.307692308,2.076923077,P1 O4,de-protonated,0,-9999,C13 H27 O4 P1,13,27,4,-9999,1,-9999,-9999,N/A,-9999,-9999
722,277.194195,277.194055997,277.193805404,2287256.3,-9999,355124.9,15.29,-1,0.904036042,0.862177086,0,0.517306251,0,0.214285714,2.214285714,P1 O3,de-protonated,0,-9999,C14 H31 O3 P1,14,31,3,-9999,1,-9999,-9999,N/A,-9999,-9999
723,278.056921,278.056781781,278.05653165,2854329.5,-9999,365684.7,19.69,-1,0.899569117,0.684784562,0.993409846,0.808234676,4,0.666666667,1.666666667,N1 15N1 P1 O6,de-protonated,1,712,C9 H15 O6 N1 P1 15N1,9,15,6,1,1,-9999,-9999,TRUE,-9999,-9999
724,278.063248,278.06310878,278.062851591,42112956,-9999,366712.1,324.4,-1,0.924930693,0.683340741,0.993409846,0.807368383,4,0.666666667,1.666666667,13C1 N2 P1 O6,de-protonated,1,712,C8 H15 O6 N2 P1 13C1,8,15,6,2,1,-9999,1,N/A,-9999,-9999
725,278.103746,278.10360677,278.103396198,1297609.1,-9999,378125.4,7.61,-1,0.757170785,0.901201946,0,0.540721168,7,0.357142857,1.214285714,N1 O5,de-protonated,0,-9999,C14 H17 O5 N1,14,17,5,1,-9999,-9999,-9999,N/A,-9999,-9999
726,278.114875,278.114735767,278.114629587,3871181,-9999,396999.2,27.58,-1,0.38178392,0.973898907,0,0.584339344,7,0.307692308,1.307692308,N3 O4,de-protonated,0,-9999,C13 H17 O4 N3,13,17,4,3,-9999,-9999,-9999,N/A,-9999,-9999
727,278.153072,278.152932757,278.152668867,29915098,-9999,368488.4,229.73,-1,0.948725427,0.852973506,0.981909864,0.904548049,1,0.333333333,2.166666667,N1 P1 O4,de-protonated,0,-9999,C12 H26 O4 N1 P1,12,26,4,1,1,-9999,-9999,N/A,-9999,-9999
728,278.159403,278.159263756,278.159120959,1967835.8,-9999,382592.2,12.81,-1,0.513362049,0.95330623,0.996863452,0.970729119,6,0.2,1.466666667,13C1 N2 O3,de-protonated,1,720,C14 H22 O3 N2 13C1,14,22,3,2,-9999,-9999,1,N/A,-9999,-9999
732,279.014822,279.014682542,279.014640762,1274615.9,-9999,371783.6,7.43,-1,0.149740105,0.995939805,0,0.597563883,9,0.666666667,0.666666667,O8,de-protonated,0,-9999,C12 H8 O8,12,8,8,-9999,-9999,-9999,-9999,N/A,-9999,-9999
732,279.014822,279.014682542,279.014478571,1274615.9,-9999,371783.6,7.43,-1,0.731040958,0.907583263,0,0.544549958,4,0.285714286,1.857142857,N4 S2 P1 O2,de-protonated,0,-9999,C7 H13 O2 N4 P1 S2,7,13,2,4,1,2,-9999,N/A,-9999,-9999
734,279.051293,279.051153533,279.051026271,2540548,-9999,311346,17.25,-1,0.456049961,0.962965222,0,0.577779133,8,0.538461538,0.923076923,O7,de-protonated,0,-9999,C13 H12 O7,13,12,7,-9999,-9999,-9999,-9999,N/A,-9999,-9999
736,279.064154,279.064014529,279.063913431,4208392,-9999,347796.8,30.2,-1,0.362276948,0.976467162,0,0.585880297,3,0.7,1.7,P1 O7,de-protonated,0,-9999,C10 H17 O7 P1,10,17,7,-9999,1,-9999,-9999,N/A,-9999,-9999
736,279.064154,279.064014529,279.063741749,4208392,-9999,347796.8,30.2,-1,0.977483858,0.680262238,0.993409846,0.805521282,4,0.666666667,1.666666667,N2 P1 O5 18O1,de-protonated,1,712,C9 H15 O5 N2 P1 18O1,9,15,5,2,1,-9999,-9999,N/A,1,-9999
737,279.08768,279.087540524,279.087411781,2865424,-9999,389942.4,19.77,-1,0.461299053,0.962124227,0,0.577274536,7,0.428571429,1.142857143,O6,de-protonated,0,-9999,C14 H16 O6,14,16,6,-9999,-9999,-9999,-9999,N/A,-9999,-9999
738,279.098854,279.098714521,279.09864517,9480468,-9999,357559.3,71.12,-1,0.248480869,0.981057838,0.954403046,0.970395921,7,0.384615385,1.230769231,N2 O5,de-protonated,0,-9999,C13 H16 O5 N2,13,16,5,2,-9999,-9999,-9999,N/A,-9999,-9999
739,279.100675,279.10053552,279.10029894,3059476.3,-9999,384120.6,21.28,-1,0.847652043,0.877767595,0,0.526660557,2,0.545454545,1.909090909,P1 O6,de-protonated,0,-9999,C11 H21 O6 P1,11,21,6,-9999,1,-9999,-9999,N/A,-9999,-9999
740,279.124053,279.123913514,279.12379729,2243356,-9999,407431.5,14.95,-1,0.416389833,0.969030044,0,0.581418026,6,0.333333333,1.333333333,O5,de-protonated,0,-9999,C15 H20 O5,15,20,5,-9999,-9999,-9999,-9999,N/A,-9999,-9999
741,279.135287,279.135147512,279.135030679,3356959.8,-9999,395221.8,23.59,-1,0.418550875,0.96871284,0,0.581227704,6,0.285714286,1.428571429,N2 O4,de-protonated,0,-9999,C14 H20 O4 N2,14,20,4,2,-9999,-9999,-9999,N/A,-9999,-9999
742,279.137067,279.136927511,279.13668445,3590432.3,-9999,419448.7,25.4,-1,0.870761529,0.871465461,0,0.522879277,1,0.416666667,2.083333333,P1 O5,de-protonated,0,-9999,C12 H25 O5 P1,12,25,5,-9999,1,-9999,-9999,N/A,-9999,-9999
745,279.156421,279.156281506,279.156023702,4587814.5,-9999,380419,33.14,-1,0.923513962,0.856626225,0.981909864,0.90673968,1,0.333333333,2.166666667,13C1 N1 P1 O4,de-protonated,1,727,C11 H26 O4 N1 P1 13C1,11,26,4,1,1,-9999,1,N/A,-9999,-9999
745,279.156421,279.156281506,279.156160047,4587814.5,-9999,380419,33.14,-1,0.435092908,0.966233944,0,0.579740367,1,0.545454545,2.181818182,N2 O6,de-protonated,0,-9999,C11 H24 O6 N2,11,24,6,2,-9999,-9999,-9999,N/A,-9999,-9999
746,279.160439,279.160299505,279.160182799,3300136,-9999,398531.8,23.15,-1,0.418060553,0.968784945,0,0.581270967,5,0.25,1.5,O4,de-protonated,0,-9999,C16 H24 O4,16,24,4,-9999,-9999,-9999,-9999,N/A,-9999,-9999
747,279.163744,279.163604505,279.163554103,2609449,-9999,351381.9,17.79,-1,0.180545466,0.994102835,0,0.596461701,0,0.307692308,2.153846154,S1 O4,de-protonated,0,-9999,C13 H28 O4 S1,13,28,4,-9999,-9999,1,-9999,N/A,-9999,-9999
748,279.173483,279.173343502,279.173069959,7203116.5,-9999,378513.9,53.44,-1,0.979833148,0.840125508,0,0.504075305,0,0.307692308,2.230769231,P1 O4,de-protonated,0,-9999,C13 H29 O4 P1,13,29,4,-9999,1,-9999,-9999,N/A,-9999,-9999
749,279.196739,279.196599496,279.196568309,2297140,-9999,406662.2,15.36,-1,0.111704207,0.997738475,0,0.598643085,4,0.176470588,1.647058824,O3,de-protonated,0,-9999,C17 H28 O3,17,28,3,-9999,-9999,-9999,-9999,N/A,-9999,-9999
750,280.060304,280.06016428,280.060031783,14543439,-9999,369842.5,110.41,-1,0.47310285,0.320066889,0.834975182,0.526030206,2,0.2,2,N1 S2 P1 O2,de-protonated,0,-9999,C10 H20 O2 N1 P1 S2,10,20,2,1,1,2,-9999,N/A,-9999,-9999
752,280.095879,280.095739271,280.095547913,1983323,-9999,378150.5,12.93,-1,0.683191229,0.918795946,0,0.551277568,2,0.6,2,N1 P1 O6,de-protonated,0,-9999,C10 H20 O6 N1 P1,10,20,6,1,1,-9999,-9999,N/A,-9999,-9999
753,280.102248,280.10210827,280.102000005,1926237.1,-9999,425466.9,12.48,-1,0.38651862,0.973256295,0.954403046,0.965714995,7,0.384615385,1.230769231,13C1 N2 O5,de-protonated,1,738,C12 H16 O5 N2 13C1,12,16,5,2,-9999,-9999,1,N/A,-9999,-9999
754,280.10716,280.107020269,280.106781302,2468446.8,-9999,409373.3,16.69,-1,0.853127185,0.876285726,0,0.525771435,2,0.555555556,2.222222222,N3 P1 O5,de-protonated,0,-9999,C9 H20 O5 N3 P1,9,20,5,3,1,-9999,-9999,N/A,-9999,-9999
756,280.151553,280.151413257,280.15140902,1284717.1,-9999,484247.5,7.5,-1,0.0151267,0.999958482,0,0.599975089,1,0.6,2.3,N3 O6,de-protonated,0,-9999,C10 H23 O6 N3,10,23,6,3,-9999,-9999,-9999,N/A,-9999,-9999
758,280.17681,280.176670251,280.17656114,1564789.4,-9999,463078.3,9.68,-1,0.389437963,0.972856337,0,0.583713802,0,0.5,2.25,N1 O6,de-protonated,0,-9999,C12 H27 O6 N1,12,27,6,1,-9999,-9999,-9999,N/A,-9999,-9999
760,281.030536,281.030396038,281.030290827,1993610.3,-9999,396682.3,12.81,-1,0.374376221,0.97488925,0,0.58493355,8,0.666666667,0.833333333,O8,de-protonated,0,-9999,C12 H10 O8,12,10,8,-9999,-9999,-9999,-9999,N/A,-9999,-9999
760,281.030536,281.030396038,281.030128635,1993610.3,-9999,396682.3,12.81,-1,0.951507902,0.848506355,0,0.509103813,3,0.285714286,2.142857143,N4 S2 P1 O2,de-protonated,0,-9999,C7 H15 O2 N4 P1 S2,7,15,2,4,1,2,-9999,N/A,-9999,-9999
761,281.053009,281.052869032,281.052757605,12278673,-9999,368803.6,91.45,-1,0.396462423,0.985794511,0.985808821,0.985800235,8,0.6,1,N4 O6,de-protonated,0,-9999,C10 H10 O6 N4,10,10,6,4,-9999,-9999,-9999,N/A,-9999,-9999
763,281.066921,281.066781028,281.066676336,4339606,-9999,368783.5,30.75,-1,0.372483174,0.97513938,0,0.585083628,7,0.538461538,1.076923077,O7,de-protonated,0,-9999,C13 H14 O7,13,14,7,-9999,-9999,-9999,-9999,N/A,-9999,-9999
763,281.066921,281.066781028,281.066514145,4339606,-9999,368783.5,30.75,-1,0.949540142,0.849082486,0,0.509449492,2,0.125,2.375,N4 S2 P1 O1,de-protonated,0,-9999,C8 H19 O1 N4 P1 S2,8,19,1,4,1,2,-9999,N/A,-9999,-9999
764,281.072296,281.072156027,281.072036498,5280663.5,-9999,382220.6,37.94,-1,0.425260175,0.48385912,0.829532115,0.622128318,16,0.052631579,0.526315789,N2 O1,de-protonated,0,-9999,C19 H10 O1 N2,19,10,1,2,-9999,-9999,-9999,N/A,-9999,-9999
766,281.091184,281.091044022,281.090796885,1251741.8,-9999,429217.9,7.14,-1,0.87920943,0.869130921,0,0.521478553,2,0.666666667,2.111111111,N2 P1 O6,de-protonated,0,-9999,C9 H19 O6 N2 P1,9,19,6,2,1,-9999,-9999,N/A,-9999,-9999
768,281.100839,281.10069902,281.100559922,1993888.9,-9999,380232.4,12.81,-1,0.494834391,0.956542823,0,0.573925694,10,0.055555556,1,S1 O1,de-protonated,0,-9999,C18 H18 O1 S1,18,18,1,-9999,-9999,1,-9999,N/A,-9999,-9999
769,281.10328,281.103140019,281.103061845,3859361.5,-9999,375993.1,27.07,-1,0.278097873,0.986065047,0,0.591639028,6,0.428571429,1.285714286,O6,de-protonated,0,-9999,C14 H18 O6,14,18,6,-9999,-9999,-9999,-9999,N/A,-9999,-9999
772,281.139608,281.13946801,281.139447355,3755437.3,-9999,350483.7,26.28,-1,0.073471467,0.999021009,0,0.599412606,5,0.333333333,1.466666667,O5,de-protonated,0,-9999,C15 H22 O5,15,22,5,-9999,-9999,-9999,-9999,N/A,-9999,-9999
774,281.152701,281.152561007,281.152334514,2104497.5,-9999,238625.1,13.66,-1,0.805587772,0.888913761,0,0.533348257,0,0.416666667,2.25,P1 O5,de-protonated,0,-9999,C12 H27 O5 P1,12,27,5,-9999,1,-9999,-9999,N/A,-9999,-9999
776,281.176079,281.175939001,281.175832864,10826681,-9999,370381.1,80.35,-1,0.377476451,0.960583284,0.985136773,0.97040468,4,0.25,1.625,O4,de-protonated,0,-9999,C16 H26 O4,16,26,4,-9999,-9999,-9999,-9999,N/A,-9999,-9999
777,281.212483,281.212342992,281.212218373,3730372.8,-9999,410564.2,26.09,-1,0.443148598,0.964994366,0,0.578996619,3,0.176470588,1.764705882,O3,de-protonated,0,-9999,C17 H30 O3,17,30,3,-9999,-9999,-9999,-9999,N/A,-9999,-9999
778,282.056264,282.056123781,282.056052081,1545426.5,-9999,336705.5,9.38,-1,0.254203823,0.988343333,0,0.593006,16,0.105263158,0.473684211,N1 O2,de-protonated,0,-9999,C19 H9 O2 N1,19,9,2,1,-9999,-9999,-9999,N/A,-9999,-9999
778,282.056264,282.056123781,282.05611244,1545426.5,-9999,336705.5,9.38,-1,0.040207803,0.999706701,0.985808821,0.994147549,8,0.6,1,13C1 N4 O6,de-protonated,1,761,C9 H10 O6 N4 13C1,9,10,6,4,-9999,-9999,1,N/A,-9999,-9999
781,282.179483,282.17934275,282.179187699,2098937.5,-9999,338501.5,13.61,-1,0.549477865,0.946689552,0.985136773,0.96206844,4,0.25,1.625,13C1 O4,de-protonated,1,776,C15 H26 O4 13C1,15,26,4,-9999,-9999,-9999,1,N/A,-9999,-9999
784,283.025074,283.024933539,283.024811523,1349892,-9999,481507.9,7.88,-1,0.431113409,0.96683848,0,0.580103088,12,0.4,0.533333333,O6,de-protonated,0,-9999,C15 H8 O6,15,8,6,-9999,-9999,-9999,-9999,N/A,-9999,-9999
785,283.046149,283.046008533,283.045940891,3026442.5,-9999,409309,20.7,-1,0.238980499,0.98969067,0,0.593814402,7,0.666666667,1,O8,de-protonated,0,-9999,C12 H12 O8,12,12,8,-9999,-9999,-9999,-9999,N/A,-9999,-9999
785,283.046149,283.046008533,283.0457787,3026442.5,-9999,409309,20.7,-1,0.812002183,0.887241786,0,0.532345071,2,0.285714286,2.428571429,N4 S2 P1 O2,de-protonated,0,-9999,C7 H17 O2 N4 P1 S2,7,17,2,4,1,2,-9999,N/A,-9999,-9999
786,283.061433,283.06129253,283.061197032,1854479.4,-9999,400319.6,11.74,-1,0.337373502,0.979559156,0,0.587735494,11,0.3125,0.75,O5,de-protonated,0,-9999,C16 H12 O5,16,12,5,-9999,-9999,-9999,-9999,N/A,-9999,-9999
787,283.068678,283.068537528,283.06840767,5805585.5,-9999,359720.8,41.95,-1,0.458752166,0.962533392,0,0.577520035,7,0.6,1.2,N4 O6,de-protonated,0,-9999,C10 H12 O6 N4,10,12,6,4,-9999,-9999,-9999,N/A,-9999,-9999
788,283.082557,283.082416524,283.0823264,5483030,-9999,345622.4,39.48,-1,0.318366763,0.981776919,0,0.589066152,6,0.538461538,1.230769231,O7,de-protonated,0,-9999,C13 H16 O7,13,16,7,-9999,-9999,-9999,-9999,N/A,-9999,-9999
789,283.09562,283.095479521,283.09521356,5515802,-9999,352575.3,39.73,-1,0.939476027,0.852016514,0,0.511209908,1,0.7,2.1,P1 O7,de-protonated,0,-9999,C10 H21 O7 P1,10,21,7,-9999,1,-9999,-9999,N/A,-9999,-9999
791,283.11893,283.118789515,283.11871191,4973089.5,-9999,369418.7,35.58,-1,0.274109598,0.986459172,0,0.591875503,5,0.428571429,1.428571429,O6,de-protonated,0,-9999,C14 H20 O6,14,20,6,-9999,-9999,-9999,-9999,N/A,-9999,-9999
792,283.130209,283.130068512,283.129945299,2016292.9,-9999,397076.4,12.98,-1,0.435183375,0.966220141,0,0.579732085,5,0.384615385,1.538461538,N2 O5,de-protonated,0,-9999,C13 H20 O5 N2,13,20,5,2,-9999,-9999,-9999,N/A,-9999,-9999
793,283.131997,283.131856512,283.131599069,1850917.4,-9999,407424.8,11.71,-1,0.90926876,0.860693971,0,0.516416383,0,0.545454545,2.272727273,P1 O6,de-protonated,0,-9999,C11 H25 O6 P1,11,25,6,-9999,1,-9999,-9999,N/A,-9999,-9999
794,283.137569,283.137428511,283.137339354,1505831.1,-9999,397784.9,9.07,-1,0.31488706,0.98216954,0,0.589301724,4,0.2,1.6,S1 O3,de-protonated,0,-9999,C15 H24 O3 S1,15,24,3,-9999,-9999,1,-9999,N/A,-9999,-9999
795,283.155335,283.155194506,283.155097419,11202093,-9999,360879.9,83.21,-1,0.342876048,0.986181273,0.984153378,0.985370115,4,0.333333333,1.6,O5,de-protonated,0,-9999,C15 H24 O5,15,24,5,-9999,-9999,-9999,-9999,N/A,-9999,-9999
796,283.191724,283.191583497,283.191482928,49405496,-9999,362600,375.31,-1,0.355125968,0.979172454,0.990812544,0.98382849000000006,3,0.25,1.75,O4,de-protonated,0,-9999,C16 H28 O4,16,28,4,-9999,-9999,-9999,-9999,N/A,-9999,-9999
797,283.22812,283.227979488,283.227868438,11730499,-9999,360752.1,87.25,-1,0.392087815,0.974253551,0.99066841,0.980819494,2,0.176470588,1.882352941,O3,de-protonated,0,-9999,C17 H32 O3,17,32,3,-9999,-9999,-9999,-9999,N/A,-9999,-9999
798,283.264514,283.264373479,283.264253947,2282574.8,-9999,358383.7,15.01,-1,0.421979624,0.968206404,0,0.580923842,1,0.111111111,2,O2,de-protonated,0,-9999,C18 H36 O2,18,36,2,-9999,-9999,-9999,-9999,N/A,-9999,-9999
800,284.158647,284.158506255,284.158452254,2061667.4,-9999,415417.9,13.32,-1,0.19003864,0.993468462,0.984153378,0.989742428,4,0.333333333,1.6,13C1 O5,de-protonated,1,795,C14 H24 O5 13C1,14,24,5,-9999,-9999,-9999,1,N/A,-9999,-9999
801,284.161808,284.161667254,284.161579781,8886116,-9999,363624.6,65.5,-1,0.307831465,0.989475903,0.963823322,0.979214871,4,0.307692308,1.769230769,N3 O4,de-protonated,0,-9999,C13 H23 O4 N3,13,23,4,3,-9999,-9999,-9999,N/A,-9999,-9999
802,284.195071,284.194930246,284.194837763,7931758.5,-9999,354382.6,58.2,-1,0.325419794,0.980968372,0.990812544,0.984906041,3,0.25,1.75,13C1 O4,de-protonated,1,796,C15 H28 O4 13C1,15,28,4,-9999,-9999,-9999,1,N/A,-9999,-9999
803,284.231468,284.231327237,284.231223273,2005113.8,-9999,321357,12.89,-1,0.365773228,0.976016263,0.99066841,0.981877122,2,0.176470588,1.882352941,13C1 O3,de-protonated,1,797,C16 H32 O3 13C1,16,32,3,-9999,-9999,-9999,1,N/A,-9999,-9999
806,285.061845,285.061704029,285.061590955,4436086.5,-9999,361756.6,31.47,-1,0.396664597,0.971854045,0,0.583112427,6,0.666666667,1.166666667,O8,de-protonated,0,-9999,C12 H14 O8,12,14,8,-9999,-9999,-9999,-9999,N/A,-9999,-9999
807,285.07712,285.076979025,285.076847097,1556091,-9999,414311.4,9.45,-1,0.462783042,0.961884855,0,0.577130913,10,0.3125,0.875,O5,de-protonated,0,-9999,C16 H14 O5,16,14,5,-9999,-9999,-9999,-9999,N/A,-9999,-9999
809,285.098858,285.09871702,285.098845845,6705281.5,-9999,316122.7,48.82,-1,-0.451859551,0.963630209,0,0.578178126,4,0.142857143,1.571428571,S2 O2,de-protonated,0,-9999,C14 H22 O2 S2,14,22,2,-9999,-9999,2,-9999,N/A,-9999,-9999
810,285.12636,285.126219013,285.126119766,2192009.8,-9999,415830.1,14.32,-1,0.348082788,0.978255282,0,0.586953169,4,0.285714286,1.642857143,P1 O4,de-protonated,0,-9999,C14 H23 O4 P1,14,23,4,-9999,1,-9999,-9999,N/A,-9999,-9999
811,285.13461,285.134469011,285.134361974,6518924.5,-9999,378298.4,47.4,-1,0.375391239,0.974754639,0,0.584852784,4,0.428571429,1.571428571,O6,de-protonated,0,-9999,C14 H22 O6,14,22,6,-9999,-9999,-9999,-9999,N/A,-9999,-9999
812,285.145822,285.145681008,285.145595363,3894415.8,-9999,375513.6,27.33,-1,0.300354796,0.983764214,0,0.590258528,4,0.384615385,1.692307692,N2 O5,de-protonated,0,-9999,C13 H22 O5 N2,13,22,5,2,-9999,-9999,-9999,N/A,-9999,-9999
813,285.165118,285.164977003,285.164934616,1685653.5,-9999,387715.3,10.44,-1,0.148643314,0.995998947,0.963823322,0.983128697,4,0.307692308,1.769230769,13C1 N3 O4,de-protonated,1,801,C12 H23 O4 N3 13C1,12,23,4,3,-9999,-9999,1,N/A,-9999,-9999
814,285.170975,285.170834002,285.170747484,10438807,-9999,365595.7,77.37,-1,0.303391903,0.985618542,0.992364521,0.988316934,3,0.333333333,1.733333333,O5,de-protonated,0,-9999,C15 H26 O5,15,26,5,-9999,-9999,-9999,-9999,N/A,-9999,-9999
816,285.207325,285.207183993,285.207132993,186900640,-9999,363776.3,1426.59,-1,0.178817597,0.720390447,0.970153605,0.82029571,2,0.25,1.875,O4,de-protonated,0,-9999,C16 H30 O4,16,30,4,-9999,-9999,-9999,-9999,N/A,-9999,-9999
820,286.174318,286.174176751,286.174102319,1802178.8,-9999,380230.9,11.33,-1,0.26009507,0.987800126,0.992364521,0.989625884,3,0.333333333,1.733333333,13C1 O5,de-protonated,1,814,C14 H26 O5 13C1,14,26,5,-9999,-9999,-9999,1,N/A,-9999,-9999
821,286.177472,286.17733075,286.177229845,6418883.5,-9999,364939.7,46.63,-1,0.35259711,0.977693984,0,0.586616391,3,0.307692308,1.923076923,N3 O4,de-protonated,0,-9999,C13 H25 O4 N3,13,25,4,3,-9999,-9999,-9999,N/A,-9999,-9999
822,286.210717,286.210575742,286.210487828,26796494,-9999,356599.9,202.44,-1,0.30716561,0.717593211,0.970153605,0.818617369,2,0.25,1.875,13C1 O4,de-protonated,1,816,C15 H30 O4 13C1,15,30,4,-9999,-9999,-9999,1,N/A,-9999,-9999
825,287.055502,287.055360531,287.055080081,30233286,-9999,355167.6,228.71,-1,0.97699018,0.420486993,0.911293294,0.616809513,6,0.555555556,1.444444444,N4 P1 O5,de-protonated,0,-9999,C9 H13 O5 N4 P1,9,13,5,4,1,-9999,-9999,N/A,-9999,-9999
826,287.077527,287.077385525,287.07724102,4059851.5,-9999,371985.6,28.59,-1,0.503367056,0.95506567,0,0.573039402,5,0.666666667,1.333333333,O8,de-protonated,0,-9999,C12 H16 O8,12,16,8,-9999,-9999,-9999,-9999,N/A,-9999,-9999
827,287.096038,287.095896521,287.095868465,2652368.8,-9999,361296.3,17.83,-1,0.097723405,0.99826869,0,0.598961214,4,0.384615385,1.538461538,S1 O5,de-protonated,0,-9999,C13 H20 O5 S1,13,20,5,-9999,-9999,1,-9999,N/A,-9999,-9999
828,287.114562,287.114420516,287.114495909,9286358,-9999,304995.3,68.55,-1,-0.262589519,0.493783233,0.86849267,0.643667008,3,0.142857143,1.714285714,S2 O2,de-protonated,0,-9999,C14 H24 O2 S2,14,24,2,-9999,-9999,2,-9999,N/A,-9999,-9999
829,287.125082,287.124940513,287.124859919,3846361.3,-9999,377616.2,26.96,-1,0.280695623,0.98580536,0,0.591483216,4,0.5,1.666666667,N2 O6,de-protonated,0,-9999,C12 H20 O6 N2,12,20,6,2,-9999,-9999,-9999,N/A,-9999,-9999
830,287.142175,287.142033509,287.14176983,2254046.3,-9999,384254.3,14.79,-1,0.918288016,0.858123606,0,0.514874163,3,0.285714286,1.785714286,P1 O4,de-protonated,0,-9999,C14 H25 O4 P1,14,25,4,-9999,1,-9999,-9999,N/A,-9999,-9999
831,287.150236,287.150094507,287.150012039,7120608.5,-9999,350316.6,52,-1,0.287196018,0.492572634,0.86849267,0.642940648,3,0.428571429,1.714285714,O6,de-protonated,0,-9999,C14 H24 O6,14,24,6,-9999,-9999,-9999,-9999,N/A,-9999,-9999
832,287.186623,287.186481498,287.186397548,9018091,-9999,355479.3,66.5,-1,0.292318472,0.983173434,0.994095909,0.987542424,2,0.333333333,1.866666667,O5,de-protonated,0,-9999,C15 H28 O5,15,28,5,-9999,-9999,-9999,-9999,N/A,-9999,-9999
833,287.214198,287.214056491,287.213842663,2011379.1,-9999,303378.7,12.93,-1,0.744490446,0.697916998,0.970153605,0.806811641,2,0.25,1.875,13C2 O4,de-protonated,1,816,C14 H30 O4 13C2,14,30,4,-9999,-9999,-9999,2,N/A,-9999,-9999
834,287.223008,287.222866489,287.222783057,62481140,-9999,355127.6,475.28,-1,0.290476394,0.986875178,0.986595756,0.986763409,1,0.25,2,O4,de-protonated,0,-9999,C16 H32 O4,16,32,4,-9999,-9999,-9999,-9999,N/A,-9999,-9999
836,288.156752,288.156610255,288.1564944,6423554,-9999,361982,46.66,-1,0.402056194,0.971094948,0,0.582656969,3,0.416666667,1.916666667,N3 O5,de-protonated,0,-9999,C12 H23 O5 N3,12,23,5,3,-9999,-9999,-9999,N/A,-9999,-9999
837,288.189986,288.189844247,288.189752383,1391627.4,-9999,366257.3,8.19,-1,0.31876172,0.981732093,0.994095909,0.986677619,2,0.333333333,1.866666667,13C1 O5,de-protonated,1,832,C14 H28 O5 13C1,14,28,5,-9999,-9999,-9999,1,N/A,-9999,-9999
838,288.226351,288.226209238,288.226137892,9677846,-9999,362551.5,70.4,-1,0.247532775,0.988943764,0.986595756,0.988004561,1,0.25,2,13C1 O4,de-protonated,1,834,C15 H32 O4 13C1,15,32,4,-9999,-9999,-9999,1,N/A,-9999,-9999
840,288.987526,288.987384047,288.987595117,33236204,-9999,356867.4,247.63,-1,-0.730375907,0.302581111,0.842584448,0.518582446,6,0.333333333,1.222222222,N2 S2 P1 O3,de-protonated,0,-9999,C9 H11 O3 N2 P1 S2,9,11,3,2,1,2,-9999,N/A,-9999,-9999
841,289.035468,289.035326035,289.035376207,1254906.3,-9999,447762.9,7.03,-1,-0.173582689,0.994547697,0,0.596728618,10,0.5,0.714285714,O7,de-protonated,0,-9999,C14 H10 O7,14,10,7,-9999,-9999,-9999,-9999,N/A,-9999,-9999
841,289.035468,289.035326035,289.035214016,1254906.3,-9999,447762.9,7.03,-1,0.387564513,0.973113332,0,0.583867999,5,0.111111111,1.666666667,N4 S2 P1 O1,de-protonated,0,-9999,C9 H15 O1 N4 P1 S2,9,15,1,4,1,2,-9999,N/A,-9999,-9999
843,289.071932,289.071790026,289.071761716,1385732.4,-9999,439403.3,8.01,-1,0.097934131,0.998261222,0,0.598956733,9,0.4,0.933333333,O6,de-protonated,0,-9999,C15 H14 O6,15,14,6,-9999,-9999,-9999,-9999,N/A,-9999,-9999
844,289.093831,289.093689021,289.093760464,2597642.5,-9999,292689,17.13,-1,-0.247128874,0.988979617,0,0.59338777,3,0.230769231,1.692307692,S2 O3,de-protonated,0,-9999,C13 H22 O3 S2,13,22,3,-9999,-9999,2,-9999,N/A,-9999,-9999
845,289.111667,289.111525016,289.111518529,3132687.5,-9999,348453.7,21.15,-1,0.022439035,0.999908643,0,0.599945186,3,0.384615385,1.692307692,S1 O5,de-protonated,0,-9999,C13 H22 O5 S1,13,22,5,-9999,-9999,1,-9999,N/A,-9999,-9999
846,289.121442,289.121300014,289.121034385,4779282.5,-9999,371251.3,33.54,-1,0.918745636,0.85799272,0,0.514795632,3,0.384615385,1.769230769,P1 O5,de-protonated,0,-9999,C13 H23 O5 P1,13,23,5,-9999,1,-9999,-9999,N/A,-9999,-9999
847,289.129502,289.129360012,289.129276594,2976532.5,-9999,343123,19.98,-1,0.288515171,0.985009522,0,0.591005713,3,0.538461538,1.692307692,O7,de-protonated,0,-9999,C13 H22 O7,13,22,7,-9999,-9999,-9999,-9999,N/A,-9999,-9999
848,289.157836,289.157694005,289.157419895,4906268.5,-9999,377147.1,34.5,-1,0.947961965,0.849543973,0,0.509726384,2,0.285714286,1.928571429,P1 O4,de-protonated,0,-9999,C14 H27 O4 P1,14,27,4,-9999,1,-9999,-9999,N/A,-9999,-9999
849,289.165811,289.165669003,289.165662103,2056478.8,-9999,396470.8,13.06,-1,0.023860894,0.999896699,0,0.599938019,2,0.428571429,1.857142857,O6,de-protonated,0,-9999,C14 H26 O6,14,26,6,-9999,-9999,-9999,-9999,N/A,-9999,-9999
850,289.194201,289.194058996,289.193805404,3945766.8,-9999,365324.3,27.27,-1,0.876892194,0.869772898,0,0.521863739,1,0.2,2.066666667,P1 O3,de-protonated,0,-9999,C15 H31 O3 P1,15,31,3,-9999,1,-9999,-9999,N/A,-9999,-9999
851,289.202289,289.202146994,289.202047612,1683240.9,-9999,444040.4,10.25,-1,0.343639605,0.978800981,0,0.587280589,1,0.333333333,2,O5,de-protonated,0,-9999,C15 H30 O5,15,30,5,-9999,-9999,-9999,-9999,N/A,-9999,-9999
852,289.987116,289.986973797,289.986866841,4535811,-9999,378937.1,31.71,-1,0.368831218,0.975618512,0,0.585371107,10,0.076923077,0.769230769,N1 S2 P1 O1,de-protonated,0,-9999,C13 H10 O1 N1 P1 S2,13,10,1,1,1,2,-9999,N/A,-9999,-9999
854,290.161316,290.161173754,290.160911075,1426738.8,-9999,354170.5,8.32,-1,0.905285822,0.861823405,0,0.517094043,2,0.461538462,1.923076923,N1 O6,de-protonated,0,-9999,C13 H25 O6 N1,13,25,6,1,-9999,-9999,-9999,N/A,-9999,-9999
857,291.039182,291.039039534,291.038761311,52610852,-9999,350145.1,393.38,-1,0.955966583,0.865871268,0.991372598,0.9160718,5,0.777777778,1.444444444,N2 P1 O7,de-protonated,0,-9999,C9 H13 O7 N2 P1,9,13,7,2,1,-9999,-9999,N/A,-9999,-9999
858,291.051241,291.051098531,291.051026271,1559333.5,-9999,344707.6,9.31,-1,0.248272012,0.988877998,0,0.593326799,9,0.5,0.857142857,O7,de-protonated,0,-9999,C14 H12 O7,14,12,7,-9999,-9999,-9999,-9999,N/A,-9999,-9999
858,291.051241,291.051098531,291.05086408,1559333.5,-9999,344707.6,9.31,-1,0.805533269,0.888927924,0,0.533356755,4,0.111111111,1.888888889,N4 S2 P1 O1,de-protonated,0,-9999,C9 H17 O1 N4 P1 S2,9,17,1,4,1,2,-9999,N/A,-9999,-9999
859,291.087741,291.087598522,291.087411781,1713967.4,-9999,382073.1,10.48,-1,0.641530129,0.928043024,0,0.556825814,8,0.4,1.066666667,O6,de-protonated,0,-9999,C15 H16 O6,15,16,6,-9999,-9999,-9999,-9999,N/A,-9999,-9999
860,291.09098,291.090837521,291.090783084,1315120.3,-9999,381312.3,7.48,-1,0.187011124,0.993674258,0,0.596204555,3,0.5,1.666666667,S1 O6,de-protonated,0,-9999,C12 H20 O6 S1,12,20,6,-9999,-9999,1,-9999,N/A,-9999,-9999
861,291.100712,291.100569519,291.10029894,2996019,-9999,361065.6,20.12,-1,0.929502757,0.85490306,0,0.512941836,3,0.5,1.75,P1 O6,de-protonated,0,-9999,C12 H21 O6 P1,12,21,6,-9999,1,-9999,-9999,N/A,-9999,-9999
862,291.108466,291.108323517,291.108541149,1276853,-9999,255389.1,7.19,-1,-0.747597092,0.903560755,0,0.542136453,3,0.666666667,1.666666667,O8,de-protonated,0,-9999,C12 H20 O8,12,20,8,-9999,-9999,-9999,-9999,N/A,-9999,-9999
863,291.124109,291.123966513,291.12379729,1399865.3,-9999,377612.4,8.11,-1,0.581274702,0.940533574,0,0.564320144,7,0.3125,1.25,O5,de-protonated,0,-9999,C16 H20 O5,16,20,5,-9999,-9999,-9999,-9999,N/A,-9999,-9999
864,291.137094,291.13695151,291.13668445,4963133,-9999,364482.3,34.92,-1,0.917301374,0.858405645,0,0.515043387,2,0.384615385,1.923076923,P1 O5,de-protonated,0,-9999,C13 H25 O5 P1,13,25,5,-9999,1,-9999,-9999,N/A,-9999,-9999
866,291.16041,291.160267504,291.160182799,1777475.1,-9999,427037.8,10.95,-1,0.29092051,0.984760452,0,0.590856271,6,0.235294118,1.411764706,O4,de-protonated,0,-9999,C17 H24 O4,17,24,4,-9999,-9999,-9999,-9999,N/A,-9999,-9999
867,291.173491,291.173348501,291.173069959,22886214,-9999,353509.6,169.76,-1,0.956618781,0.864319168,0.996609128,0.917235152,1,0.285714286,2.071428571,P1 O4,de-protonated,0,-9999,C14 H29 O4 P1,14,29,4,-9999,1,-9999,-9999,N/A,-9999,-9999
869,291.196838,291.196695495,291.196568309,3494221,-9999,354837.4,23.87,-1,0.436770284,0.96597758,0,0.579586548,5,0.166666667,1.555555556,O3,de-protonated,0,-9999,C18 H28 O3,18,28,3,-9999,-9999,-9999,-9999,N/A,-9999,-9999
870,291.209868,291.209725492,291.209455468,28137296,-9999,351889.2,209.26,-1,0.927247291,0.867470169,0.990957337,0.916865036,0,0.2,2.2,P1 O3,de-protonated,0,-9999,C15 H33 O3 P1,15,33,3,-9999,1,-9999,-9999,N/A,-9999,-9999
871,292.042499,292.042356283,292.042116146,5673007.5,-9999,342022.7,40.26,-1,0.822269463,0.884544577,0.991372598,0.927275785,5,0.777777778,1.444444444,13C1 N2 P1 O7,de-protonated,1,857,C8 H13 O7 N2 P1 13C1,8,13,7,2,1,-9999,1,N/A,-9999,-9999
872,292.130536,292.130393261,292.130279652,5576775,-9999,342707.7,39.54,-1,0.388900748,0.97293015,0,0.58375809,7,0.285714286,1.357142857,N3 O4,de-protonated,0,-9999,C14 H19 O4 N3,14,19,4,3,-9999,-9999,-9999,N/A,-9999,-9999
873,292.176811,292.17666825,292.176424794,3568723.5,-9999,341679.2,24.43,-1,0.833248645,0.881632107,0.996609128,0.927622915,1,0.285714286,2.071428571,13C1 P1 O4,de-protonated,1,867,C13 H29 O4 P1 13C1,13,29,4,-9999,1,-9999,1,N/A,-9999,-9999
873,292.176811,292.17666825,292.17656114,3568723.5,-9999,341679.2,24.43,-1,0.36659337,0.975909897,0,0.585545938,1,0.461538462,2.076923077,N1 O6,de-protonated,0,-9999,C13 H27 O6 N1,13,27,6,1,-9999,-9999,-9999,N/A,-9999,-9999
874,292.213199,292.213056241,292.212810303,4912221,-9999,362037.2,34.54,-1,0.841637157,0.879387409,0.990957337,0.92401538,0,0.2,2.2,13C1 P1 O3,de-protonated,1,870,C14 H33 O3 P1 13C1,14,33,3,-9999,1,-9999,1,N/A,-9999,-9999
874,292.213199,292.213056241,292.212946649,4912221,-9999,362037.2,34.54,-1,0.375039984,0.974801261,0,0.584880757,0,0.357142857,2.214285714,N1 O5,de-protonated,0,-9999,C14 H31 O5 N1,14,31,5,1,-9999,-9999,-9999,N/A,-9999,-9999
877,293.030458,293.030315036,293.030290827,1672500.9,-9999,361221.9,10.16,-1,0.082618349,0.998762236,0,0.599257341,9,0.615384615,0.769230769,O8,de-protonated,0,-9999,C13 H10 O8,13,10,8,-9999,-9999,-9999,-9999,N/A,-9999,-9999
877,293.030458,293.030315036,293.030128635,1672500.9,-9999,361221.9,10.16,-1,0.636115507,0.929208687,0,0.557525212,4,0.25,1.875,N4 S2 P1 O2,de-protonated,0,-9999,C8 H15 O2 N4 P1 S2,8,15,2,4,1,2,-9999,N/A,-9999,-9999
880,293.066975,293.066832027,293.066676336,3003710.5,-9999,284250.8,20.18,-1,0.531248375,0.950079774,0,0.570047864,8,0.5,1,O7,de-protonated,0,-9999,C14 H14 O7,14,14,7,-9999,-9999,-9999,-9999,N/A,-9999,-9999
883,293.103308,293.103165018,293.103061845,2645832,-9999,392636.2,17.48,-1,0.352001638,0.977768419,0,0.586661051,7,0.4,1.2,O6,de-protonated,0,-9999,C15 H18 O6,15,18,6,-9999,-9999,-9999,-9999,N/A,-9999,-9999
884,293.114531,293.114388015,293.114295235,11888971,-9999,343108,87.02,-1,0.31653407,0.980676236,0.983647339,0.981864677,7,0.357142857,1.285714286,N2 O5,de-protonated,0,-9999,C14 H18 O5 N2,14,18,5,2,-9999,-9999,-9999,N/A,-9999,-9999
887,293.139647,293.139504009,293.139447355,2640721.5,-9999,367795.8,17.45,-1,0.193267469,0.993245387,0,0.595947232,6,0.3125,1.375,O5,de-protonated,0,-9999,C16 H22 O5,16,22,5,-9999,-9999,-9999,-9999,N/A,-9999,-9999
888,293.150905,293.150762006,293.150680744,6392148.5,-9999,354006.6,45.67,-1,0.277202881,0.493076986,0.860410506,0.640010394,6,0.266666667,1.466666667,N2 O4,de-protonated,0,-9999,C15 H22 O4 N2,15,22,4,2,-9999,-9999,-9999,N/A,-9999,-9999
890,293.165379,293.165236002,293.165285436,1714264.1,-9999,357846.8,10.48,-1,-0.16862166,0.994854107,0,0.596912464,1,0.272727273,2.363636364,N4 S1 O3,de-protonated,0,-9999,C11 H26 O3 N4 S1,11,26,3,4,-9999,1,-9999,N/A,-9999,-9999
892,293.176017,293.175874,293.175832864,390916448,-9999,354641.4,2938.52,-1,0.140311266,0.988878996,0.988313165,0.988652664,5,0.235294118,1.529411765,O4,de-protonated,0,-9999,C17 H26 O4,17,26,4,-9999,-9999,-9999,-9999,N/A,-9999,-9999
894,293.212465,293.212321991,293.212218373,9171301,-9999,357703.1,66.58,-1,0.353387068,0.984179755,0.993830372,0.988040002,4,0.166666667,1.666666667,O3,de-protonated,0,-9999,C18 H30 O3,18,30,3,-9999,-9999,-9999,-9999,N/A,-9999,-9999
895,294.039606,294.039462784,294.039296338,2466363.5,-9999,419967.5,16.13,-1,0.566065952,0.94351622,0,0.566109732,3,0.3,1.8,N1 S2 P1 O3,de-protonated,0,-9999,C10 H18 O3 N1 P1 S2,10,18,3,1,1,2,-9999,N/A,-9999,-9999
896,294.117893,294.117749764,294.11765007,2062927.6,-9999,371115.8,13.1,-1,0.33896175,0.979368249,0.983647339,0.981079885,7,0.357142857,1.285714286,13C1 N2 O5,de-protonated,1,884,C13 H18 O5 N2 13C1,13,18,5,2,-9999,-9999,1,N/A,-9999,-9999
897,294.122824,294.122680763,294.122431366,2480721,-9999,359322.1,16.24,-1,0.847934987,0.877691187,0,0.526614712,2,0.5,2.2,N3 P1 O5,de-protonated,0,-9999,C10 H22 O5 N3 P1,10,22,5,3,1,-9999,-9999,N/A,-9999,-9999
899,294.179441,294.179297749,294.179187699,66562656,-9999,348169.2,498.34,-1,0.374091145,0.983502208,0.988313165,0.985426591,5,0.235294118,1.529411765,13C1 O4,de-protonated,1,892,C16 H26 O4 13C1,16,26,4,-9999,-9999,-9999,1,N/A,-9999,-9999
900,294.184399,294.184255748,294.183968996,11815521,-9999,355593,86.47,-1,0.974736625,0.893696519,0.971452265,0.924798818,0,0.307692308,2.307692308,N1 P1 O4,de-protonated,0,-9999,C13 H30 O4 N1 P1,13,30,4,1,1,-9999,-9999,N/A,-9999,-9999
901,294.192455,294.192311746,294.192211204,1378146.9,-9999,372735.4,7.94,-1,0.341754066,0.97903053,0,0.587418318,0,0.461538462,2.230769231,N1 O6,de-protonated,0,-9999,C13 H29 O6 N1,13,29,6,1,-9999,-9999,-9999,N/A,-9999,-9999
903,294.215783,294.21563974,294.215573208,1866856.9,-9999,429369.9,11.62,-1,0.226131434,0.990764456,0.993830372,0.991990823,4,0.166666667,1.666666667,13C1 O3,de-protonated,1,894,C17 H30 O3 13C1,17,30,3,-9999,-9999,-9999,1,N/A,-9999,-9999
906,294.937986,294.937842559,294.937653743,2807585.8,-9999,380615.3,18.7,-1,0.640190536,0.928332195,0,0.556999317,10,0.545454545,0.363636364,S2 O6,de-protonated,0,-9999,C11 H4 O6 S2,11,4,6,-9999,-9999,2,-9999,N/A,-9999,-9999
907,295.046235,295.046091532,295.045940891,2164029.5,-9999,407701.5,13.86,-1,0.510568081,0.953801213,0,0.572280728,8,0.615384615,0.923076923,O8,de-protonated,0,-9999,C13 H12 O8,13,12,8,-9999,-9999,-9999,-9999,N/A,-9999,-9999
908,295.082571,295.082427523,295.0823264,4059462.8,-9999,333652.9,28.11,-1,0.342692843,0.978916393,0,0.587349836,7,0.5,1.142857143,O7,de-protonated,0,-9999,C14 H16 O7,14,16,7,-9999,-9999,-9999,-9999,N/A,-9999,-9999
908,295.082571,295.082427523,295.082164209,4059462.8,-9999,333652.9,28.11,-1,0.892341061,0.865469961,0,0.519281977,2,0.111111111,2.333333333,N4 S2 P1 O1,de-protonated,0,-9999,C9 H21 O1 N4 P1 S2,9,21,1,4,1,2,-9999,N/A,-9999,-9999
911,295.118939,295.118795514,295.11871191,6491984,-9999,363327.9,46.42,-1,0.283289917,0.492771839,0.860410506,0.639827306,6,0.4,1.333333333,O6,de-protonated,0,-9999,C15 H20 O6,15,20,6,-9999,-9999,-9999,-9999,N/A,-9999,-9999
913,295.137517,295.137373509,295.137339354,1328468.6,-9999,409271.6,7.57,-1,0.115725441,0.997572921,0,0.598543752,5,0.1875,1.5,S1 O3,de-protonated,0,-9999,C16 H24 O3 S1,16,24,3,-9999,-9999,1,-9999,N/A,-9999,-9999
914,295.140088,295.139944509,295.139841278,2499925.3,-9999,413306.3,16.38,-1,0.34976913,0.978046416,0,0.58682785,1,0.666666667,2,O8,de-protonated,0,-9999,C12 H24 O8,12,24,8,-9999,-9999,-9999,-9999,N/A,-9999,-9999
916,295.155329,295.155185505,295.155097419,3467097.3,-9999,366320.5,23.66,-1,0.2984387,0.983969039,0,0.590381424,5,0.3125,1.5,O5,de-protonated,0,-9999,C16 H24 O5,16,24,5,-9999,-9999,-9999,-9999,N/A,-9999,-9999
917,295.168404,295.168260501,295.167984579,5834588.5,-9999,358174.7,41.47,-1,0.934799428,0.853372674,0,0.512023604,0,0.384615385,2.230769231,P1 O5,de-protonated,0,-9999,C13 H29 O5 P1,13,29,5,-9999,1,-9999,-9999,N/A,-9999,-9999
918,295.180261,295.180117499,295.180077857,2831711.5,-9999,370719.9,18.88,-1,0.134295268,0.98895368,0.988313165,0.988697474,5,0.235294118,1.529411765,O3 18O1,de-protonated,1,892,C17 H26 O3 18O1,17,26,3,-9999,-9999,-9999,-9999,N/A,1,-9999
919,295.182764,295.182620498,295.182542534,5341024,-9999,350002.2,37.76,-1,0.264120672,0.98662595,0.988313165,0.987300836,5,0.235294118,1.529411765,13C2 O4,de-protonated,1,892,C15 H26 O4 13C2,15,26,4,-9999,-9999,-9999,2,N/A,-9999,-9999
921,295.187631,295.187487497,295.187323831,2114913.3,-9999,381705.8,13.49,-1,0.55444757,0.945747628,0.971452265,0.956029483,0,0.307692308,2.307692308,13C1 N1 P1 O4,de-protonated,1,900,C12 H30 O4 N1 P1 13C1,12,30,4,1,1,-9999,1,N/A,-9999,-9999
921,295.187631,295.187487497,295.187460176,2114913.3,-9999,381705.8,13.49,-1,0.092552286,0.998446931,0,0.599068159,0,0.5,2.333333333,N2 O6,de-protonated,0,-9999,C12 H28 O6 N2,12,28,6,2,-9999,-9999,-9999,N/A,-9999,-9999
922,295.191696,295.191552496,295.191482928,6743906.5,-9999,357916,48.31,-1,0.235668241,0.494986518,0.844689208,0.634867594,4,0.235294118,1.647058824,O4,de-protonated,0,-9999,C17 H28 O4,17,28,4,-9999,-9999,-9999,-9999,N/A,-9999,-9999
923,295.228107,295.227963487,295.227868438,15184748,-9999,340907.8,111.81,-1,0.321950638,0.979422621,0.992894466,0.984811359,3,0.166666667,1.777777778,O3,de-protonated,0,-9999,C18 H32 O3,18,32,3,-9999,-9999,-9999,-9999,N/A,-9999,-9999
928,296.231472,296.231328236,296.231223273,3111528.5,-9999,373113,20.63,-1,0.354327174,0.977477042,0.992894466,0.983644012,3,0.166666667,1.777777778,13C1 O3,de-protonated,1,923,C17 H32 O3 13C1,17,32,3,-9999,-9999,-9999,1,N/A,-9999,-9999
933,296.989939,296.989795046,296.989689317,2312997.5,-9999,373221.8,14.72,-1,0.356003124,0.97726592,0,0.586359552,8,0.416666667,0.833333333,S2 O5,de-protonated,0,-9999,C12 H10 O5 S2,12,10,5,-9999,-9999,2,-9999,N/A,-9999,-9999
934,297.040566,297.040422033,297.040461587,1328305.9,-9999,331950.8,7.44,-1,-0.133160901,0.996787754,0,0.598072652,12,0.375,0.625,O6,de-protonated,0,-9999,C16 H10 O6,16,10,6,-9999,-9999,-9999,-9999,N/A,-9999,-9999
935,297.061869,297.061725028,297.061590955,3597623.3,-9999,389669.7,24.23,-1,0.451328749,0.963714038,0,0.578228423,7,0.615384615,1.076923077,O8,de-protonated,0,-9999,C13 H14 O8,13,14,8,-9999,-9999,-9999,-9999,N/A,-9999,-9999
935,297.061869,297.061725028,297.061428764,3597623.3,-9999,389669.7,24.23,-1,0.997314823,0.834873092,0,0.500923855,2,0.25,2.375,N4 S2 P1 O2,de-protonated,0,-9999,C8 H19 O2 N4 P1 S2,8,19,2,4,1,2,-9999,N/A,-9999,-9999
936,297.098258,297.098114019,297.097976465,4846912,-9999,351665.9,33.47,-1,0.462991995,0.961851094,0,0.577110656,6,0.5,1.285714286,O7,de-protonated,0,-9999,C14 H18 O7,14,18,7,-9999,-9999,-9999,-9999,N/A,-9999,-9999
937,297.111289,297.111145016,297.110863624,2959683.5,-9999,351666.8,19.51,-1,0.947091439,0.849798309,0,0.509878986,1,0.636363636,2.090909091,P1 O7,de-protonated,0,-9999,C11 H23 O7 P1,11,23,7,-9999,1,-9999,-9999,N/A,-9999,-9999
938,297.134601,297.13445701,297.134361974,5077321,-9999,368906,35.17,-1,0.319840304,0.981609404,0,0.588965643,5,0.4,1.466666667,O6,de-protonated,0,-9999,C15 H22 O6,15,22,6,-9999,-9999,-9999,-9999,N/A,-9999,-9999
939,297.145876,297.145732007,297.145595363,2054732,-9999,325242.4,12.81,-1,0.459853475,0.96235672,0,0.577414032,5,0.357142857,1.571428571,N2 O5,de-protonated,0,-9999,C14 H22 O5 N2,14,22,5,2,-9999,-9999,-9999,N/A,-9999,-9999
940,297.147593,297.147449006,297.147249134,1535820.4,-9999,377744.5,8.97,-1,0.672638653,0.921184309,0,0.552710586,0,0.5,2.25,P1 O6,de-protonated,0,-9999,C12 H27 O6 P1,12,27,6,-9999,1,-9999,-9999,N/A,-9999,-9999
941,297.153228,297.153084005,297.152989419,61828428,-9999,343668.8,455,-1,0.318308344,0.961109543,0.992736978,0.973760517,4,0.1875,1.625,S1 O3,de-protonated,0,-9999,C16 H26 O3 S1,16,26,3,-9999,-9999,1,-9999,N/A,-9999,-9999
943,297.171006,297.170862001,297.170747484,9844050,-9999,354347.5,70.44,-1,0.38535788,0.975492133,0.97870128,0.976775792,4,0.3125,1.625,O5,de-protonated,0,-9999,C16 H26 O5,16,26,5,-9999,-9999,-9999,-9999,N/A,-9999,-9999
944,297.207401,297.207256991,297.207132993,21777756,-9999,349144.2,158.72,-1,0.417212854,0.97139044,0.98464345,0.976691644,3,0.235294118,1.764705882,O4,de-protonated,0,-9999,C17 H30 O4,17,30,4,-9999,-9999,-9999,-9999,N/A,-9999,-9999
945,297.243761,297.243616982,297.243518502,10110308,-9999,348292.9,72.4,-1,0.331311487,0.975092091,0.96450032,0.970855383,2,0.166666667,1.888888889,O3,de-protonated,0,-9999,C18 H34 O3,18,34,3,-9999,-9999,-9999,-9999,N/A,-9999,-9999
947,298.141147,298.141002758,298.140844336,1836096.6,-9999,404368.3,11.19,-1,0.531367318,0.950057985,0,0.570034791,5,0.384615385,1.615384615,N3 O5,de-protonated,0,-9999,C13 H21 O5 N3,13,21,5,3,-9999,-9999,-9999,N/A,-9999,-9999
948,298.156579,298.156434754,298.156344254,11200068,-9999,345634.1,80.46,-1,0.303532871,0.961655592,0.992736978,0.974088146,4,0.1875,1.625,13C1 S1 O3,de-protonated,1,941,C15 H26 O3 S1 13C1,15,26,3,-9999,-9999,1,1,N/A,-9999,-9999
949,298.174352,298.17420775,298.174102319,1999432.6,-9999,373478.1,12.4,-1,0.353588944,0.977569737,0.97870128,0.978022354,4,0.3125,1.625,13C1 O5,de-protonated,1,943,C15 H26 O5 13C1,15,26,5,-9999,-9999,-9999,1,N/A,-9999,-9999
950,298.17748,298.177335749,298.177229845,6585929.5,-9999,341638.8,46.33,-1,0.355170861,0.97737088,0,0.586422528,4,0.285714286,1.785714286,N3 O4,de-protonated,0,-9999,C14 H25 O4 N3,14,25,4,3,-9999,-9999,-9999,N/A,-9999,-9999
951,298.210746,298.210601741,298.210487828,4481617.5,-9999,358755.7,30.76,-1,0.38198728,0.973871461,0.98464345,0.978180256,3,0.235294118,1.764705882,13C1 O4,de-protonated,1,944,C16 H30 O4 13C1,16,30,4,-9999,-9999,-9999,1,N/A,-9999,-9999
952,298.24714,298.246995731,298.246873337,2503258.5,-9999,359362.5,16.13,-1,0.410378687,0.969904279,0.96450032,0.967742695,2,0.166666667,1.888888889,13C1 O3,de-protonated,1,945,C17 H34 O3 13C1,17,34,3,-9999,-9999,-9999,1,N/A,-9999,-9999
955,299.00545,299.005305542,299.005339381,3318034.5,-9999,342074.4,22.15,-1,-0.113172947,0.997678683,0,0.59860721,7,0.416666667,1,S2 O5,de-protonated,0,-9999,C12 H12 O5 S2,12,12,5,-9999,-9999,2,-9999,N/A,-9999,-9999
956,299.041096,299.040951533,299.040855511,2550043.3,-9999,365186.7,16.47,-1,0.321100903,0.981465506,0,0.588879304,7,0.75,1,O9,de-protonated,0,-9999,C12 H12 O9,12,12,9,-9999,-9999,-9999,-9999,N/A,-9999,-9999
956,299.041096,299.040951533,299.040693319,2550043.3,-9999,365186.7,16.47,-1,0.863473181,0.873466424,0,0.524079855,2,0.428571429,2.428571429,N4 S2 P1 O3,de-protonated,0,-9999,C7 H17 O3 N4 P1 S2,7,17,3,4,1,2,-9999,N/A,-9999,-9999
957,299.077512,299.077367524,299.07724102,7146276,-9999,353894.5,50.47,-1,0.42298046500000003,0.968057848,0,0.580834709,6,0.615384615,1.230769231,O8,de-protonated,0,-9999,C13 H16 O8,13,16,8,-9999,-9999,-9999,-9999,N/A,-9999,-9999
958,299.113871,299.113726515,299.113626529,5608237,-9999,352002.4,39.1,-1,0.334272256,0.979929447,0,0.587957668,5,0.5,1.428571429,O7,de-protonated,0,-9999,C14 H20 O7,14,20,7,-9999,-9999,-9999,-9999,N/A,-9999,-9999
959,299.117074,299.116929514,299.116997833,2803501.5,-9999,359481.7,18.35,-1,-0.228401378,0.99057899,0,0.594347394,0,0.636363636,2.181818182,S1 O7,de-protonated,0,-9999,C11 H24 O7 S1,11,24,7,-9999,-9999,1,-9999,N/A,-9999,-9999
960,299.142147,299.142002508,299.14176983,1980979.6,-9999,326099.7,12.26,-1,0.777816667,0.896034617,0,0.53762077,4,0.266666667,1.666666667,P1 O4,de-protonated,0,-9999,C15 H25 O4 P1,15,25,4,-9999,1,-9999,-9999,N/A,-9999,-9999
961,299.149135,299.148990506,299.148785248,2937653.3,-9999,333433.5,19.34,-1,0.686138392,0.939889493,0.992736978,0.961028487,4,0.1875,1.625,34S1 O3,de-protonated,1,941,C16 H26 O3 34S1,16,26,3,-9999,-9999,-9999,-9999,N/A,-9999,1
962,299.150235,299.150090506,299.150012039,6376245.5,-9999,344841.4,44.78,-1,0.262299643,0.493796865,0.860410506,0.640442322,4,0.4,1.6,O6,de-protonated,0,-9999,C15 H24 O6,15,24,6,-9999,-9999,-9999,-9999,N/A,-9999,-9999
964,299.161407,299.161262503,299.161245428,3070776.3,-9999,353668.3,20.32,-1,0.057075765,0.99940908,0,0.599645448,4,0.357142857,1.714285714,N2 O5,de-protonated,0,-9999,C14 H24 O5 N2,14,24,5,2,-9999,-9999,-9999,N/A,-9999,-9999
966,299.186641,299.186496496,299.186397548,33386302,-9999,344299.5,244.59,-1,0.330725215,0.981382839,0.988911376,0.984394253,3,0.3125,1.75,O5,de-protonated,0,-9999,C16 H28 O5,16,28,5,-9999,-9999,-9999,-9999,N/A,-9999,-9999
967,299.223032,299.222887487,299.222783057,28024648,-9999,347711.3,204.93,-1,0.349004286,0.969904109,0.996202884,0.980423619,2,0.235294118,1.882352941,O4,de-protonated,0,-9999,C17 H32 O4,17,32,4,-9999,-9999,-9999,-9999,N/A,-9999,-9999
968,299.259448,299.259303478,299.259168567,4658000,-9999,356673,32.07,-1,0.45081852,0.963794532,0,0.578276719,1,0.166666667,2,O3,de-protonated,0,-9999,C18 H36 O3,18,36,3,-9999,-9999,-9999,-9999,N/A,-9999,-9999
970,300.120419,300.120274263,300.120108891,2254366.5,-9999,392509.8,14.28,-1,0.551019866,0.946398099,0,0.567838859,5,0.5,1.583333333,N3 O6,de-protonated,0,-9999,C12 H19 O6 N3,12,19,6,3,-9999,-9999,-9999,N/A,-9999,-9999
971,300.145522,300.145377257,300.145261011,1306276.5,-9999,320816.2,7.27,-1,0.38729848100000003,0.97314973,0,0.583889838,4,0.428571429,1.642857143,N1 O6,de-protonated,0,-9999,C14 H23 O6 N1,14,23,6,1,-9999,-9999,-9999,N/A,-9999,-9999
972,300.156761,300.156616254,300.1564944,3448871.3,-9999,356221.3,23.12,-1,0.405967236,0.970538265,0,0.582322959,4,0.384615385,1.769230769,N3 O5,de-protonated,0,-9999,C13 H23 O5 N3,13,23,5,3,-9999,-9999,-9999,N/A,-9999,-9999
973,300.18185,300.181705248,300.18164652,2341421.3,-9999,336460,14.93,-1,0.195639434,0.99307915,0,0.59584749,3,0.333333333,1.8,N1 O5,de-protonated,0,-9999,C15 H27 O5 N1,15,27,5,1,-9999,-9999,-9999,N/A,-9999,-9999
974,300.189991,300.189846246,300.189752383,5274671,-9999,367646.7,36.63,-1,0.3126771,0.982416734,0.988911376,0.985014591,3,0.3125,1.75,13C1 O5,de-protonated,1,966,C15 H28 O5 13C1,15,28,5,-9999,-9999,-9999,1,N/A,-9999,-9999
975,300.193158,300.193013245,300.192879909,8028208,-9999,345089.5,57,-1,0.444165262,0.482418212,0.86849267,0.636847995,3,0.285714286,1.928571429,N3 O4,de-protonated,0,-9999,C14 H27 O4 N3,14,27,4,3,-9999,-9999,-9999,N/A,-9999,-9999
976,300.226422,300.226277236,300.226137892,5004344,-9999,353462.7,34.63,-1,0.464130139,0.961666951,0.996202884,0.975481324,2,0.235294118,1.882352941,13C1 O4,de-protonated,1,967,C16 H32 O4 13C1,16,32,4,-9999,-9999,-9999,1,N/A,-9999,-9999
981,301.056781,301.056636029,301.056505575,2875901.3,-9999,282533.6,18.88,-1,0.43331956,0.966503977,0,0.579902386,6,0.75,1.166666667,O9,de-protonated,0,-9999,C12 H14 O9,12,14,9,-9999,-9999,-9999,-9999,N/A,-9999,-9999
982,301.09314,301.09299502,301.092891084,5582085.5,-9999,346063.2,38.9,-1,0.345193233,0.978610932,0,0.587166559,5,0.615384615,1.384615385,O8,de-protonated,0,-9999,C13 H18 O8,13,18,8,-9999,-9999,-9999,-9999,N/A,-9999,-9999
983,301.104274,301.104129017,301.104124474,1279624.4,-9999,254916.6,7.07,-1,0.015088315,0.999958693,0,0.599975216,5,0.583333333,1.5,N2 O7,de-protonated,0,-9999,C12 H18 O7 N2,12,18,7,2,-9999,-9999,-9999,N/A,-9999,-9999
984,301.121326,301.121181013,301.121034385,1372172.4,-9999,388387,7.76,-1,0.486938148,0.957889288,0,0.574733573,4,0.357142857,1.642857143,P1 O5,de-protonated,0,-9999,C14 H23 O5 P1,14,23,5,-9999,1,-9999,-9999,N/A,-9999,-9999
985,301.130248,301.13010301,301.130145974,6653198.5,-9999,303007.2,46.82,-1,-0.142673436,0.498156648,0.860410506,0.643058191,3,0.133333333,1.733333333,S2 O2,de-protonated,0,-9999,C15 H26 O2 S2,15,26,2,-9999,-9999,2,-9999,N/A,-9999,-9999
986,301.140835,301.140690008,301.140509983,3405073,-9999,359612.4,22.79,-1,0.597809505,0.937212305,0,0.562327383,4,0.461538462,1.692307692,N2 O6,de-protonated,0,-9999,C13 H22 O6 N2,13,22,6,2,-9999,-9999,-9999,N/A,-9999,-9999
987,301.144771,301.144626007,301.144532735,1699346,-9999,335919.9,10.18,-1,0.309723952,0.982744435,0,0.589646661,8,0.222222222,1.222222222,O4,de-protonated,0,-9999,C18 H22 O4,18,22,4,-9999,-9999,-9999,-9999,N/A,-9999,-9999
988,301.152046,301.151901005,301.151743372,1508115.8,-9999,335003.2,8.76,-1,0.523432352,0.951501924,0,0.570901155,4,0.416666667,1.833333333,N4 O5,de-protonated,0,-9999,C12 H22 O5 N4,12,22,5,4,-9999,-9999,-9999,N/A,-9999,-9999
989,301.157844,301.157699003,301.157419895,6999317,-9999,340333.7,49.38,-1,0.926787177,0.880379783,0.974429493,0.917999667,3,0.266666667,1.8,P1 O4,de-protonated,0,-9999,C15 H27 O4 P1,15,27,4,-9999,1,-9999,-9999,N/A,-9999,-9999
990,301.165904,301.165759001,301.165662103,6430999,-9999,344824.9,45.18,-1,0.32174428,0.490695927,0.860410506,0.638581759,3,0.4,1.733333333,O6,de-protonated,0,-9999,C15 H26 O6,15,26,6,-9999,-9999,-9999,-9999,N/A,-9999,-9999
991,301.202291,301.202145992,301.202047612,48951584,-9999,341824.9,359.74,-1,0.326624201,0.975775943,0.994243967,0.983163153,2,0.3125,1.875,O5,de-protonated,0,-9999,C16 H30 O5,16,30,5,-9999,-9999,-9999,-9999,N/A,-9999,-9999
993,301.238671,301.238525983,301.238433122,7536936,-9999,343878.2,53.36,-1,0.308265542,0.491452581,0.844689208,0.632747232,1,0.235294118,2,O4,de-protonated,0,-9999,C17 H34 O4,17,34,4,-9999,-9999,-9999,-9999,N/A,-9999,-9999
995,302.089453,302.08930777,302.089009436,1296880.4,-9999,306638.6,7.2,-1,0.987569739,0.837808426,0,0.502685056,4,0.230769231,1.615384615,N1 S2 O3,de-protonated,0,-9999,C13 H21 O3 N1 S2,13,21,3,1,-9999,2,-9999,N/A,-9999,-9999
996,302.124564,302.124418762,302.124525566,1412344.6,-9999,333759.3,8.05,-1,-0.353510849,0.977579532,0,0.586547719,4,0.538461538,1.615384615,N1 O7,de-protonated,0,-9999,C13 H21 O7 N1,13,21,7,1,-9999,-9999,-9999,N/A,-9999,-9999
997,302.136013,302.135867759,302.13575895499997,6332923.5,-9999,347620.2,44.45,-1,0.360114768,0.976743943,0,0.586046366,4,0.5,1.75,N3 O6,de-protonated,0,-9999,C12 H21 O6 N3,12,21,6,3,-9999,-9999,-9999,N/A,-9999,-9999
998,302.151239,302.151093755,302.151015097,1473790.9,-9999,385626.1,8.51,-1,0.260328268,0.987778374,0,0.592667025,8,0.1875,1.3125,N3 O3,de-protonated,0,-9999,C16 H21 O3 N3,16,21,3,3,-9999,-9999,-9999,N/A,-9999,-9999
999,302.161144,302.160998752,302.16077473,1384705.1,-9999,381073.6,7.85,-1,0.741402729,0.905074198,0.974429493,0.932816316,3,0.266666667,1.8,13C1 P1 O4,de-protonated,1,989,C14 H27 O4 P1 13C1,14,27,4,-9999,1,-9999,1,N/A,-9999,-9999
999,302.161144,302.160998752,302.160911075,1384705.1,-9999,381073.6,7.85,-1,0.290167258,0.984838666,0,0.5909032,3,0.428571429,1.785714286,N1 O6,de-protonated,0,-9999,C14 H25 O6 N1,14,25,6,1,-9999,-9999,-9999,N/A,-9999,-9999
1000,302.172396,302.17225075,302.172144465,6473220,-9999,356049.2,45.49,-1,0.351736918,0.977801471,0,0.586680883,3,0.384615385,1.923076923,N3 O5,de-protonated,0,-9999,C13 H25 O5 N3,13,25,5,3,-9999,-9999,-9999,N/A,-9999,-9999
1001,302.20567,302.205524741,302.205402447,8086027.5,-9999,338838.6,57.42,-1,0.404671278,0.970723289,0.994243967,0.98013156,2,0.3125,1.875,13C1 O5,de-protonated,1,991,C15 H30 O5 13C1,15,30,5,-9999,-9999,-9999,1,N/A,-9999,-9999
1003,303.003185,303.003039542,303.003245181,6525637.5,-9999,361576.7,45.88,-1,-0.678671231,0.919822748,0,0.551893649,6,0.3,1.3,N2 S2 P1 O3,de-protonated,0,-9999,C10 H13 O3 N2 P1 S2,10,13,3,2,1,2,-9999,N/A,-9999,-9999
1005,303.050439,303.05029353,303.0499947,14877393,-9999,329756.1,107.66,-1,0.986074347,0.419128606,0.911293294,0.615994481,6,0.666666667,1.444444444,N4 P1 O6,de-protonated,0,-9999,C9 H13 O6 N4 P1,9,13,6,4,1,-9999,-9999,N/A,-9999,-9999
1006,303.069801,303.069655525,303.069653716,3886805.3,-9999,356264.1,26.35,-1,0.005969496,0.999993534,0,0.59999612,9,0.25,1,S1 O4,de-protonated,0,-9999,C16 H16 O4 S1,16,16,4,-9999,-9999,1,-9999,N/A,-9999,-9999
1007,303.07236,303.072214525,303.072155639,1666773.8,-9999,292406,9.93,-1,0.194293939,0.993173693,0,0.595904216,5,0.75,1.333333333,O9,de-protonated,0,-9999,C12 H16 O9,12,16,9,-9999,-9999,-9999,-9999,N/A,-9999,-9999
1008,303.0877,303.087554521,303.087411781,1388249.4,-9999,343711.1,7.87,-1,0.4709531,0.960554322,0,0.576332593,9,0.375,1,O6,de-protonated,0,-9999,C16 H16 O6,16,16,6,-9999,-9999,-9999,-9999,N/A,-9999,-9999
1009,303.100709,303.100563517,303.10029894,1646812.4,-9999,372089.3,9.78,-1,0.872902908,0.870875242,0,0.522525145,4,0.461538462,1.615384615,P1 O6,de-protonated,0,-9999,C13 H21 O6 P1,13,21,6,-9999,1,-9999,-9999,N/A,-9999,-9999
1010,303.108726,303.10858051500003,303.108541149,2425054.3,-9999,372127.4,15.54,-1,0.129876371,0.996944026,0,0.598166416,4,0.615384615,1.538461538,O8,de-protonated,0,-9999,C13 H20 O8,13,20,8,-9999,-9999,-9999,-9999,N/A,-9999,-9999
1011,303.127406,303.127260511,303.127168593,2120930.5,-9999,335945.2,13.29,-1,0.303230342,0.983454446,0,0.590072668,3,0.357142857,1.714285714,S1 O5,de-protonated,0,-9999,C14 H24 O5 S1,14,24,5,-9999,-9999,1,-9999,N/A,-9999,-9999
1012,303.137099,303.136953508,303.13668445,5313253,-9999,339188.3,36.91,-1,0.887582053,0.866801204,0,0.520080723,3,0.357142857,1.785714286,P1 O5,de-protonated,0,-9999,C14 H25 O5 P1,14,25,5,-9999,1,-9999,-9999,N/A,-9999,-9999
1013,303.145169,303.145023506,303.144926658,5606118.5,-9999,346673.5,39.07,-1,0.319478123,0.981650647,0,0.588990388,3,0.5,1.714285714,O7,de-protonated,0,-9999,C14 H24 O7,14,24,7,-9999,-9999,-9999,-9999,N/A,-9999,-9999
1015,303.173495,303.173349499,303.173069959,27067118,-9999,339620.5,197.84,-1,0.922048345,0.847398587,0.999115331,0.908085285,2,0.266666667,1.933333333,P1 O4,de-protonated,0,-9999,C15 H29 O4 P1,15,29,4,-9999,1,-9999,-9999,N/A,-9999,-9999
1016,303.181553,303.181407497,303.181312168,2646767.3,-9999,356205.7,17.18,-1,0.314431392,0.982220646,0,0.589332388,2,0.4,1.866666667,O6,de-protonated,0,-9999,C15 H28 O6,15,28,6,-9999,-9999,-9999,-9999,N/A,-9999,-9999
1017,303.20979,303.20964449,303.209455468,1652725.8,-9999,368508.8,9.83,-1,0.62340338,0.931912153,0,0.559147292,1,0.1875,2.0625,P1 O3,de-protonated,0,-9999,C16 H33 O3 P1,16,33,3,-9999,1,-9999,-9999,N/A,-9999,-9999
1018,303.217938,303.217792488,303.217697677,36418296,-9999,339613.6,267.01,-1,0.312683831,0.975225759,0.986390479,0.979691647,1,0.3125,2,O5,de-protonated,0,-9999,C16 H32 O5,16,32,5,-9999,-9999,-9999,-9999,N/A,-9999,-9999
1019,304.002509,304.002363292,304.002516906,1385901.3,-9999,338060,7.85,-1,-0.505304148,0.95472713,0,0.572836278,10,0.071428571,0.857142857,N1 S2 P1 O1,de-protonated,0,-9999,C14 H12 O1 N1 P1 S2,14,12,1,1,1,2,-9999,N/A,-9999,-9999
1022,304.130651,304.13050526,304.130279652,1841098.9,-9999,386577,11.22,-1,0.741814518,0.904973899,0,0.54298434,8,0.266666667,1.266666667,N3 O4,de-protonated,0,-9999,C15 H19 O4 N3,15,19,4,3,-9999,-9999,-9999,N/A,-9999,-9999
1023,304.176871,304.176725248,304.176424794,4423637.5,-9999,335037,30.32,-1,0.987762929,0.837750415,0.999115331,0.902296382,2,0.266666667,1.933333333,13C1 P1 O4,de-protonated,1,1015,C14 H29 O4 P1 13C1,14,29,4,-9999,1,-9999,1,N/A,-9999,-9999
1023,304.176871,304.176725248,304.17656114,4423637.5,-9999,335037,30.32,-1,0.539517495,0.948554601,0,0.569132761,2,0.428571429,1.928571429,N1 O6,de-protonated,0,-9999,C14 H27 O6 N1,14,27,6,1,-9999,-9999,-9999,N/A,-9999,-9999
1024,304.221327,304.221181237,304.22105251200003,5630944,-9999,346516.1,39.26,-1,0.423130602,0.968035534,0.986390479,0.975377512,1,0.3125,2,13C1 O5,de-protonated,1,1018,C15 H32 O5 13C1,15,32,5,-9999,-9999,-9999,1,N/A,-9999,-9999
1027,305.030364,305.030218035,305.030290827,1429401.8,-9999,344880.5,8.03,-1,-0.238637599,0.989720081,0,0.593832049,10,0.571428571,0.714285714,O8,de-protonated,0,-9999,C14 H10 O8,14,10,8,-9999,-9999,-9999,-9999,N/A,-9999,-9999
1027,305.030364,305.030218035,305.030128635,1429401.8,-9999,344880.5,8.03,-1,0.293084601,0.984534651,0,0.59072079,5,0.222222222,1.666666667,N4 S2 P1 O2,de-protonated,0,-9999,C9 H15 O2 N4 P1 S2,9,15,2,4,1,2,-9999,N/A,-9999,-9999
1029,305.066919,305.066773026,305.066676336,3034274.3,-9999,326691,19.7,-1,0.316946485,0.981937674,0,0.589162604,9,0.466666667,0.933333333,O7,de-protonated,0,-9999,C15 H14 O7,15,14,7,-9999,-9999,-9999,-9999,N/A,-9999,-9999
1029,305.066919,305.066773026,305.066514145,3034274.3,-9999,326691,19.7,-1,0.848605562,0.877510027,0,0.526506016,4,0.1,1.9,N4 S2 P1 O1,de-protonated,0,-9999,C10 H19 O1 N4 P1 S2,10,19,1,4,1,2,-9999,N/A,-9999,-9999
1031,305.103192,305.103046017,305.103061845,1973674.5,-9999,321848.5,11.99,-1,-0.051879558,0.999511752,0,0.599707051,8,0.375,1.125,O6,de-protonated,0,-9999,C16 H18 O6,16,18,6,-9999,-9999,-9999,-9999,N/A,-9999,-9999
1034,305.139694,305.139548007,305.139447355,1423794.9,-9999,411707.7,7.99,-1,0.329858723,0.980450767,0,0.58827046,7,0.294117647,1.294117647,O5,de-protonated,0,-9999,C17 H22 O5,17,22,5,-9999,-9999,-9999,-9999,N/A,-9999,-9999
1035,305.152778,305.152632004,305.152334514,7067830,-9999,339794.8,49.02,-1,0.974890349,0.420799821,0.86849267,0.59987696,2,0.357142857,1.928571429,P1 O5,de-protonated,0,-9999,C14 H27 O5 P1,14,27,5,-9999,1,-9999,-9999,N/A,-9999,-9999
1037,305.176075,305.175928998,305.175832864,4248763,-9999,327031.4,28.53,-1,0.315013342,0.982155364,0,0.589293219,6,0.222222222,1.444444444,O4,de-protonated,0,-9999,C18 H26 O4,18,26,4,-9999,-9999,-9999,-9999,N/A,-9999,-9999
1038,305.189149,305.189002995,305.188720024,140244160,-9999,340326.3,1017.15,-1,0.92720209,0.423466212,0.977659231,0.64514342,1,0.266666667,2.066666667,P1 O4,de-protonated,0,-9999,C15 H31 O4 P1,15,31,4,-9999,1,-9999,-9999,N/A,-9999,-9999
1039,305.225459,305.225312986,305.225105533,1952454.5,-9999,369784.2,11.83,-1,0.679672751,0.919595723,0,0.551757434,0,0.1875,2.1875,P1 O3,de-protonated,0,-9999,C16 H35 O3 P1,16,35,3,-9999,1,-9999,-9999,N/A,-9999,-9999
1040,306.173923,306.173776749,306.174073017,1321119.1,-9999,430711.8,7.24,-1,-0.967646008,0.843751344,0,0.506250806,6,0.0625,1.625,N3 P1 O1,de-protonated,0,-9999,C16 H26 O1 N3 P1,16,26,1,3,1,-9999,-9999,N/A,-9999,-9999
1041,306.192523,306.192376744,306.192074859,21357988,-9999,338381.3,152.9,-1,0.985935343,0.419149453,0.977659231,0.642553364,1,0.266666667,2.066666667,13C1 P1 O4,de-protonated,1,1038,C14 H31 O4 P1 13C1,14,31,4,-9999,1,-9999,1,N/A,-9999,-9999
1041,306.192523,306.192376744,306.192211204,21357988,-9999,338381.3,152.9,-1,0.54064069,0.474172905,0.86849267,0.631900811,1,0.428571429,2.071428571,N1 O6,de-protonated,0,-9999,C14 H29 O6 N1,14,29,6,1,-9999,-9999,-9999,N/A,-9999,-9999
1046,307.046236,307.046089531,307.045940891,1908837.6,-9999,392746.5,11.51,-1,0.484095768,0.958369126,0,0.575021476,9,0.571428571,0.857142857,O8,de-protonated,0,-9999,C14 H12 O8,14,12,8,-9999,-9999,-9999,-9999,N/A,-9999,-9999
1047,307.070499,307.070352525,307.07006144,80901736,-9999,337975.3,585.76,-1,0.947942338,0.566061669,0.987185377,0.734511153,4,0.7,1.7,N2 P1 O7,de-protonated,0,-9999,C10 H17 O7 N2 P1,10,17,7,2,1,-9999,-9999,N/A,-9999,-9999
1048,307.082608,307.082461522,307.0823264,2666093.8,-9999,342805.2,17.02,-1,0.440016184,0.965478882,0,0.579287329,8,0.466666667,1.066666667,O7,de-protonated,0,-9999,C15 H16 O7,15,16,7,-9999,-9999,-9999,-9999,N/A,-9999,-9999
1048,307.082608,307.082461522,307.082164209,2666093.8,-9999,342805.2,17.02,-1,0.968185581,0.843591445,0,0.506154867,3,0.1,2.1,N4 S2 P1 O1,de-protonated,0,-9999,C10 H21 O1 N4 P1 S2,10,21,1,4,1,2,-9999,N/A,-9999,-9999
1049,307.095562,307.095415518,307.09521356,2523248.8,-9999,360742.9,15.98,-1,0.657640935,0.924525143,0,0.554715086,3,0.583333333,1.75,P1 O7,de-protonated,0,-9999,C12 H21 O7 P1,12,21,7,-9999,1,-9999,-9999,N/A,-9999,-9999
1050,307.118958,307.118811512,307.11871191,2548854,-9999,330448.6,16.16,-1,0.324313524,0.98109632,0,0.588657792,7,0.375,1.25,O6,de-protonated,0,-9999,C16 H20 O6,16,20,6,-9999,-9999,-9999,-9999,N/A,-9999,-9999
1051,307.131988,307.131841509,307.131599069,2477689,-9999,369409.2,15.65,-1,0.789368217,0.893096115,0,0.535857669,2,0.461538462,1.923076923,P1 O6,de-protonated,0,-9999,C13 H25 O6 P1,13,25,6,-9999,1,-9999,-9999,N/A,-9999,-9999
1053,307.155326,307.155179503,307.155097419,2150014.3,-9999,367801.2,13.27,-1,0.267240577,0.987124985,0,0.592274991,6,0.294117647,1.411764706,O5,de-protonated,0,-9999,C17 H24 O5,17,24,5,-9999,-9999,-9999,-9999,N/A,-9999,-9999
1054,307.168417,307.1682705,307.167984579,12193409,-9999,333628.2,86.28,-1,0.930830932,0.875221977,0.99041224,0.921298082,1,0.357142857,2.071428571,P1 O5,de-protonated,0,-9999,C14 H29 O5 P1,14,29,5,-9999,1,-9999,-9999,N/A,-9999,-9999
1056,307.191737,307.191590494,307.191482928,11658887,-9999,332438.1,82.39,-1,0.350158954,0.955177042,0.992664209,0.970171909,5,0.222222222,1.555555556,O4,de-protonated,0,-9999,C18 H28 O4,18,28,4,-9999,-9999,-9999,-9999,N/A,-9999,-9999
1057,307.195083,307.194936493,307.194854232,1993095.4,-9999,270678.6,12.12,-1,0.26778343,0.987072965,0,0.592243779,0,0.266666667,2.133333333,S1 O4,de-protonated,0,-9999,C15 H32 O4 S1,15,32,4,-9999,-9999,1,-9999,N/A,-9999,-9999
1058,307.204814,307.204667491,307.204370088,12172938,-9999,342562.7,86.13,-1,0.968094977,0.842198867,0.984602456,0.899160303,0,0.266666667,2.2,P1 O4,de-protonated,0,-9999,C15 H33 O4 P1,15,33,4,-9999,1,-9999,-9999,N/A,-9999,-9999
1060,308.073856,308.073709274,308.073416275,9557838,-9999,337515.9,67.12,-1,0.951067734,0.565756866,0.987185377,0.73432827,4,0.7,1.7,13C1 N2 P1 O7,de-protonated,1,1047,C9 H17 O7 N2 P1 13C1,9,17,7,2,1,-9999,1,N/A,-9999,-9999
1061,308.125351,308.125204261,308.125194271,1495898,-9999,374301,8.51,-1,0.032420413,0.999809301,0,0.59988558,7,0.357142857,1.357142857,N3 O5,de-protonated,0,-9999,C14 H19 O5 N3,14,19,5,3,-9999,-9999,-9999,N/A,-9999,-9999
1062,308.138515,308.138368257,308.138081431,1986397,-9999,328947.5,12.07,-1,0.930838156,0.85451778,0,0.512710668,2,0.454545455,2.181818182,N3 P1 O5,de-protonated,0,-9999,C11 H24 O5 N3 P1,11,24,5,3,1,-9999,-9999,N/A,-9999,-9999
1063,308.171726,308.171579249,308.171339414,1693028.5,-9999,346438.1,9.94,-1,0.778253576,0.895924089,0.99041224,0.93371935,1,0.357142857,2.071428571,13C1 P1 O5,de-protonated,1,1054,C13 H29 O5 P1 13C1,13,29,5,-9999,1,-9999,1,N/A,-9999,-9999
1063,308.171726,308.171579249,308.171475759,1693028.5,-9999,346438.1,9.94,-1,0.335818968,0.979745179,0,0.587847107,1,0.538461538,2.076923077,N1 O7,de-protonated,0,-9999,C13 H27 O7 N1,13,27,7,1,-9999,-9999,-9999,N/A,-9999,-9999
1065,308.195176,308.195029243,308.194837763,2392937.8,-9999,347395.5,15.03,-1,0.621294643,0.93235608699999994,0.992664209,0.956479336,5,0.222222222,1.555555556,13C1 O4,de-protonated,1,1056,C17 H28 O4 13C1,17,28,4,-9999,-9999,-9999,1,N/A,-9999,-9999
1066,308.208173,308.20802624,308.207724923,2232684.8,-9999,322678.9,13.86,-1,0.977642533,0.840779435,0.984602456,0.898308644,0,0.266666667,2.2,13C1 P1 O4,de-protonated,1,1058,C14 H33 O4 P1 13C1,14,33,4,-9999,1,-9999,1,N/A,-9999,-9999
1066,308.208173,308.20802624,308.207861269,2232684.8,-9999,322678.9,13.86,-1,0.535260069,0.949342485,0,0.569605491,0,0.428571429,2.214285714,N1 O6,de-protonated,0,-9999,C14 H31 O6 N1,14,31,6,1,-9999,-9999,-9999,N/A,-9999,-9999
1068,308.991723,308.991576044,308.991811118,1358749.6,-9999,284791.4,7.51,-1,-0.760775883,0.900307542,0,0.540184525,10,0.636363636,0.636363636,N2 P1 O7,de-protonated,0,-9999,C11 H7 O7 N2 P1,11,7,7,2,1,-9999,-9999,N/A,-9999,-9999
1069,309.061923,309.061776026,309.061590955,2977837.5,-9999,294776.9,19.28,-1,0.598815995,0.937007514,0,0.562204508,8,0.571428571,1,O8,de-protonated,0,-9999,C14 H14 O8,14,14,8,-9999,-9999,-9999,-9999,N/A,-9999,-9999
1071,309.074912,309.074765023,309.074478115,1477424.4,-9999,310045.7,8.37,-1,0.928281775,0.855254997,0,0.513152998,3,0.727272727,1.727272727,P1 O8,de-protonated,0,-9999,C11 H19 O8 P1,11,19,8,-9999,1,-9999,-9999,N/A,-9999,-9999
1072,309.098227,309.098080017,309.097976465,3842101.8,-9999,348620.8,25.56,-1,0.335015437,0.97984101,0,0.587904606,7,0.466666667,1.2,O7,de-protonated,0,-9999,C15 H18 O7,15,18,7,-9999,-9999,-9999,-9999,N/A,-9999,-9999
1072,309.098227,309.098080017,309.097814273,3842101.8,-9999,348620.8,25.56,-1,0.859740546,0.874486443,0,0.524691866,2,0.1,2.3,N4 S2 P1 O1,de-protonated,0,-9999,C10 H23 O1 N4 P1 S2,10,23,1,4,1,2,-9999,N/A,-9999,-9999
1073,309.101616,309.101469017,309.101347768,8871990,-9999,336075.1,62.13,-1,0.392261072,0.965406585,0.963457386,0.964626905,2,0.583333333,1.833333333,S1 O7,de-protonated,0,-9999,C12 H22 O7 S1,12,22,7,-9999,-9999,1,-9999,N/A,-9999,-9999
1074,309.109484,309.109337015,309.109209854,2086968.3,-9999,405304.3,12.8,-1,0.411377222,0.969759882,0,0.581855929,7,0.428571429,1.285714286,N2 O6,de-protonated,0,-9999,C14 H18 O6 N2,14,18,6,2,-9999,-9999,-9999,N/A,-9999,-9999
1075,309.111311,309.111164014,309.110863624,2316344.8,-9999,338813.5,14.47,-1,0.971786458,0.842522846,0,0.505513708,2,0.583333333,1.916666667,P1 O7,de-protonated,0,-9999,C12 H23 O7 P1,12,23,7,-9999,1,-9999,-9999,N/A,-9999,-9999
1076,309.134625,309.134478008,309.134361974,2271806,-9999,374772.5,14.15,-1,0.375351803,0.974759876,0,0.584855925,6,0.375,1.375,O6,de-protonated,0,-9999,C16 H22 O6,16,22,6,-9999,-9999,-9999,-9999,N/A,-9999,-9999
1077,309.147627,309.147480005,309.147249134,2994752.8,-9999,344621.1,19.4,-1,0.746800493,0.903755948,0,0.542253569,1,0.461538462,2.076923077,P1 O6,de-protonated,0,-9999,C13 H27 O6 P1,13,27,6,-9999,1,-9999,-9999,N/A,-9999,-9999
1078,309.153225,309.153078004,309.152989419,1356866.1,-9999,360118,7.5,-1,0.286540583,0.985212489,0,0.591127493,5,0.176470588,1.529411765,S1 O3,de-protonated,0,-9999,C17 H26 O3 S1,17,26,3,-9999,-9999,1,-9999,N/A,-9999,-9999
1080,309.171018,309.170870999,309.170747484,12453958,-9999,335623.6,88.17,-1,0.399506385,0.966438536,0.990812713,0.976188207,5,0.294117647,1.529411765,O5,de-protonated,0,-9999,C17 H26 O5,17,26,5,-9999,-9999,-9999,-9999,N/A,-9999,-9999
1081,309.174317,309.174169998,309.174118787,3204166.8,-9999,351112.7,20.93,-1,0.16563981,0.995034046,0,0.597020428,0,0.357142857,2.142857143,S1 O5,de-protonated,0,-9999,C14 H30 O5 S1,14,30,5,-9999,-9999,1,-9999,N/A,-9999,-9999
1082,309.184062,309.183914996,309.183634643,11835465,-9999,335262.5,83.67,-1,0.906751922,0.891793885,0.998946244,0.934654829,0,0.357142857,2.214285714,P1 O5,de-protonated,0,-9999,C14 H31 O5 P1,14,31,5,-9999,1,-9999,-9999,N/A,-9999,-9999
1084,309.207388,309.20724099,309.207132993,57555024,-9999,331980.7,416.03,-1,0.349271505,0.650888373,0.985239802,0.784628945,4,0.222222222,1.666666667,O4,de-protonated,0,-9999,C18 H30 O4,18,30,4,-9999,-9999,-9999,-9999,N/A,-9999,-9999
1085,310.070897,310.070749774,310.070596467,3373328.8,-9999,373766,22.15,-1,0.494426188,0.956612914,0,0.57396774800000006,2,0.272727273,2,N1 S2 P1 O3,de-protonated,0,-9999,C11 H22 O3 N1 P1 S2,11,22,3,1,1,2,-9999,N/A,-9999,-9999
1086,310.105,310.104852766,310.104702603,1583128.5,-9999,394614.9,9.14,-1,0.484231267,0.95834631,0.963457386,0.960390741,2,0.583333333,1.833333333,13C1 S1 O7,de-protonated,1,1073,C11 H22 O7 S1 13C1,11,22,7,-9999,-9999,1,1,N/A,-9999,-9999
1087,310.174394,310.174246748,310.174102319,2131240.3,-9999,352220.2,13.12,-1,0.465640605,0.961421926,0.990812713,0.973178241,5,0.294117647,1.529411765,13C1 O5,de-protonated,1,1080,C16 H26 O5 13C1,16,26,5,-9999,-9999,-9999,1,N/A,-9999,-9999
1088,310.187344,310.187196745,310.186989478,1808683.1,-9999,387407.5,10.78,-1,0.668199681,0.9221797,0.998946244,0.952886318,0,0.357142857,2.214285714,13C1 P1 O5,de-protonated,1,1082,C13 H31 O5 P1 13C1,13,31,5,-9999,1,-9999,1,N/A,-9999,-9999
1088,310.187344,310.187196745,310.187125824,1808683.1,-9999,387407.5,10.78,-1,0.228640139,0.990559377,0,0.594335626,0,0.538461538,2.230769231,N1 O7,de-protonated,0,-9999,C13 H29 O7 N1,13,29,7,1,-9999,-9999,-9999,N/A,-9999,-9999
1089,310.210752,310.210604739,310.210487828,11153712,-9999,339610.6,78.71,-1,0.376877048,0.649704646,0.985239802,0.783918708,4,0.222222222,1.666666667,13C1 O4,de-protonated,1,1084,C17 H30 O4 13C1,17,30,4,-9999,-9999,-9999,1,N/A,-9999,-9999
1092,311.041122,311.040974531,311.040855511,1720299.3,-9999,316797.5,10.14,-1,0.382653537,0.973781441,0,0.584268865,8,0.692307692,0.923076923,O9,de-protonated,0,-9999,C13 H12 O9,13,12,9,-9999,-9999,-9999,-9999,N/A,-9999,-9999
1092,311.041122,311.040974531,311.040693319,1720299.3,-9999,316797.5,10.14,-1,0.904101037,0.862158701,0,0.51729521999999994,3,0.375,2.125,N4 S2 P1 O3,de-protonated,0,-9999,C8 H17 O3 N4 P1 S2,8,17,3,4,1,2,-9999,N/A,-9999,-9999
1093,311.077547,311.077399522,311.07724102,4709875.5,-9999,354044.5,31.87,-1,0.509527545,0.953984931,0,0.572390959,7,0.571428571,1.142857143,O8,de-protonated,0,-9999,C14 H16 O8,14,16,8,-9999,-9999,-9999,-9999,N/A,-9999,-9999
1094,311.090544,311.090396519,311.090128179,1975030.4,-9999,338877.3,11.99,-1,0.862578327,0.873711256,0,0.524226753,2,0.727272727,1.909090909,P1 O8,de-protonated,0,-9999,C11 H21 O8 P1,11,21,8,-9999,1,-9999,-9999,N/A,-9999,-9999
1095,311.107414,311.107266515,311.107101854,1781498.1,-9999,233683.7,10.58,-1,0.52927449,0.950440716,0,0.57026443,6,0.285714286,1.428571429,N2 S1 O4,de-protonated,0,-9999,C14 H20 O4 N2 S1,14,20,4,2,-9999,1,-9999,N/A,-9999,-9999
1096,311.113889,311.113741513,311.113626529,4973051.5,-9999,342961.9,33.78,-1,0.369588386,0.975519541,0,0.585311724,6,0.466666667,1.333333333,O7,de-protonated,0,-9999,C15 H20 O7,15,20,7,-9999,-9999,-9999,-9999,N/A,-9999,-9999
1096,311.113889,311.113741513,311.11346433800003,4973051.5,-9999,342961.9,33.78,-1,0.890913911,0.865869712,0,0.519521827,1,0.1,2.5,N4 S2 P1 O1,de-protonated,0,-9999,C10 H25 O1 N4 P1 S2,10,25,1,4,1,2,-9999,N/A,-9999,-9999
1097,311.126948,311.12680051,311.126513689,2183678.5,-9999,329053.2,13.5,-1,0.921879475,0.857095183,0,0.51425711,1,0.583333333,2.083333333,P1 O7,de-protonated,0,-9999,C12 H25 O7 P1,12,25,7,-9999,1,-9999,-9999,N/A,-9999,-9999
1098,311.140393,311.140245507,311.14011606,1303041.6,-9999,422394.6,7.1,-1,0.41604013,0.96908123,0,0.581448738,10,0.166666667,1.111111111,N2 O3,de-protonated,0,-9999,C18 H20 O3 N2,18,20,3,2,-9999,-9999,-9999,N/A,-9999,-9999
1099,311.150281,311.150133504,311.150012039,3395075.8,-9999,343834.6,22.31,-1,0.390376109,0.972727204,0,0.583636323,5,0.375,1.5,O6,de-protonated,0,-9999,C16 H24 O6,16,24,6,-9999,-9999,-9999,-9999,N/A,-9999,-9999
1100,311.163255,311.163107501,311.162899198,1983238.8,-9999,337635.8,12.05,-1,0.669433009,0.921903694,0,0.553142216,0,0.461538462,2.230769231,P1 O6,de-protonated,0,-9999,C13 H29 O6 P1,13,29,6,-9999,1,-9999,-9999,N/A,-9999,-9999
1101,311.168894,311.168746499,311.168639483,101530120,-9999,333845.4,735.71,-1,0.343917259,0.961940702,0.99030877,0.973287929,4,0.176470588,1.647058824,S1 O3,de-protonated,0,-9999,C17 H28 O3 S1,17,28,3,-9999,-9999,1,-9999,N/A,-9999,-9999
1103,311.186657,311.186509495,311.186397548,7600652,-9999,332465.8,52.88,-1,0.359742854,0.960728178,0.981067059,0.96886373,4,0.294117647,1.647058824,O5,de-protonated,0,-9999,C17 H28 O5,17,28,5,-9999,-9999,-9999,-9999,N/A,-9999,-9999
1104,311.223012,311.222864486,311.222783057,253426192,-9999,334717.7,1839.93,-1,0.261640999,0.981051897,0.981369637,0.981178993,3,0.222222222,1.777777778,O4,de-protonated,0,-9999,C18 H32 O4,18,32,4,-9999,-9999,-9999,-9999,N/A,-9999,-9999
1106,312.156787,312.156639252,312.1564944,1407974.4,-9999,350555.2,7.86,-1,0.464037429,0.961681966,0,0.57700918,5,0.357142857,1.642857143,N3 O5,de-protonated,0,-9999,C14 H23 O5 N3,14,23,5,3,-9999,-9999,-9999,N/A,-9999,-9999
1107,312.172245,312.172097249,312.171994318,17312490,-9999,327649.3,123.48,-1,0.329722854,0.96236561,0.99030877,0.973542874,4,0.176470588,1.647058824,13C1 S1 O3,de-protonated,1,1101,C16 H28 O3 S1 13C1,16,28,3,-9999,-9999,1,1,N/A,-9999,-9999
1108,312.190075,312.189927244,312.189752383,1603821.9,-9999,371772.9,9.29,-1,0.560111407,0.944664963,0.981067059,0.959225801,4,0.294117647,1.647058824,13C1 O5,de-protonated,1,1103,C16 H28 O5 13C1,16,28,5,-9999,-9999,-9999,1,N/A,-9999,-9999
1109,312.193156,312.193008243,312.192879909,1751790.5,-9999,401063.9,10.36,-1,0.411072318,0.969804009,0,0.581882405,4,0.266666667,1.8,N3 O4,de-protonated,0,-9999,C15 H27 O4 N3,15,27,4,3,-9999,-9999,-9999,N/A,-9999,-9999
1110,312.226411,312.226263235,312.226137892,43145976,-9999,332144.8,311.28,-1,0.401448143,0.976933264,0.981369637,0.978707814,3,0.222222222,1.777777778,13C1 O4,de-protonated,1,1104,C17 H32 O4 13C1,17,32,4,-9999,-9999,-9999,1,N/A,-9999,-9999
1113,313.021152,313.021004036,313.020989446,12639145,-9999,331017.6,87.89,-1,0.046612418,0.664912204,0.923790618,0.768463569,7,0.384615385,1.076923077,S2 O5,de-protonated,0,-9999,C13 H14 O5 S2,13,14,5,-9999,-9999,2,-9999,N/A,-9999,-9999
1114,313.056801,313.056653027,313.056505575,3336625,-9999,340386.4,21.49,-1,0.47100848,0.96054523,0,0.576327138,7,0.692307692,1.076923077,O9,de-protonated,0,-9999,C13 H14 O9,13,14,9,-9999,-9999,-9999,-9999,N/A,-9999,-9999
1114,313.056801,313.056653027,313.056343384,3336625,-9999,340386.4,21.49,-1,0.989098625,0.837349134,0,0.502409481,2,0.375,2.375,N4 S2 P1 O3,de-protonated,0,-9999,C8 H19 O3 N4 P1 S2,8,19,3,4,1,2,-9999,N/A,-9999,-9999
1115,313.093153,313.093005018,313.092891084,6706105.5,-9999,329861.8,45.54,-1,0.363897839,0.976258636,0,0.585755181,6,0.571428571,1.285714286,O8,de-protonated,0,-9999,C14 H18 O8,14,18,8,-9999,-9999,-9999,-9999,N/A,-9999,-9999
1116,313.096431,313.096283017,313.096262388,1527482,-9999,355142.5,8.57,-1,0.065889278,0.999212569,0,0.599527542,1,0.727272727,2,S1 O8,de-protonated,0,-9999,C11 H22 O8 S1,11,22,8,-9999,-9999,1,-9999,N/A,-9999,-9999
1117,313.09974,313.099592017,313.099905017,1540794.8,-9999,408686.1,8.67,-1,-0.9996829,0.834157013,0,0.500494208,10,0.166666667,1.055555556,P1 O3,de-protonated,0,-9999,C18 H19 O3 P1,18,19,3,-9999,1,-9999,-9999,N/A,-9999,-9999
1118,313.129558,313.129410009,313.129276594,5124033.5,-9999,337653.7,34.25,-1,0.426071214,0.967597008,0,0.580558205,5,0.466666667,1.466666667,O7,de-protonated,0,-9999,C15 H22 O7,15,22,7,-9999,-9999,-9999,-9999,N/A,-9999,-9999
1119,313.13274,313.132592008,313.132647897,4556738,-9999,352839.6,30.2,-1,-0.17848265,0.994236434,0,0.59654186,0,0.583333333,2.166666667,S1 O7,de-protonated,0,-9999,C12 H26 O7 S1,12,26,7,-9999,-9999,1,-9999,N/A,-9999,-9999
1120,313.140806,313.140658006,313.140509983,1430468,-9999,389606.2,7.88,-1,0.472705584,0.960266132,0,0.576159679,5,0.428571429,1.571428571,N2 O6,de-protonated,0,-9999,C14 H22 O6 N2,14,22,6,2,-9999,-9999,-9999,N/A,-9999,-9999
1121,313.148142,313.147994004,313.147904038,1588165.6,-9999,367886.6,9.01,-1,0.287295913,0.985135009,0,0.591081005,4,0.25,1.625,S1 O4,de-protonated,0,-9999,C16 H26 O4 S1,16,26,4,-9999,-9999,1,-9999,N/A,-9999,-9999
1123,313.164727,313.164579,313.164435313,4522441.5,-9999,270976.4,29.95,-1,0.45882437,0.957879388,0.99030877,0.970851141,4,0.176470588,1.647058824,34S1 O3,de-protonated,1,1101,C17 H28 O3 34S1,17,28,3,-9999,-9999,-9999,-9999,N/A,-9999,1
1124,313.165915,313.165767,313.165662103,6294473.5,-9999,286315.3,42.6,-1,0.334956671,0.489924005,0.85247738,0.634945355,4,0.375,1.625,O6,de-protonated,0,-9999,C16 H26 O6,16,26,6,-9999,-9999,-9999,-9999,N/A,-9999,-9999
1125,313.175701,313.175552998,313.175349153,2041803.9,-9999,288612.2,12.24,-1,0.650894748,0.948750732,0.99030877,0.965373947,4,0.176470588,1.647058824,13C2 S1 O3,de-protonated,1,1101,C15 H28 O3 S1 13C2,15,28,3,-9999,-9999,1,2,N/A,-9999,-9999
1126,313.17715,313.177001997,313.17689549200003,1347788.3,-9999,399814.7,7.29,-1,0.340078815,0.979233463,0,0.587540078,4,0.333333333,1.733333333,N2 O5,de-protonated,0,-9999,C15 H26 O5 N2,15,26,5,2,-9999,-9999,-9999,N/A,-9999,-9999
1127,313.202307,313.202158991,313.202047612,16329682,-9999,329185.9,114.24,-1,0.35561222,0.982472952,0.983395762,0.982842076,3,0.294117647,1.764705882,O5,de-protonated,0,-9999,C17 H30 O5,17,30,5,-9999,-9999,-9999,-9999,N/A,-9999,-9999
1128,313.227269,313.227120985,313.227028051,1785559.5,-9999,283464.1,10.41,-1,0.2966987,0.98017649,0.981369637,0.980653749,3,0.222222222,1.777777778,O3 18O1,de-protonated,1,1104,C18 H32 O3 18O1,18,32,3,-9999,-9999,-9999,-9999,N/A,1,-9999
1129,313.229742,313.229593984,313.229492727,4145112,-9999,340593,27.26,-1,0.323266441,0.979442264,0.981369637,0.980213213,3,0.222222222,1.777777778,13C2 O4,de-protonated,1,1104,C16 H32 O4 13C2,16,32,4,-9999,-9999,-9999,2,N/A,-9999,-9999
1131,313.238633,313.238484982,313.238433122,469564384,-9999,333273.6,3349.68,-1,0.165560909,0.977654691,0.975715129,0.976878866,2,0.222222222,1.888888889,O4,de-protonated,0,-9999,C18 H34 O4,18,34,4,-9999,-9999,-9999,-9999,N/A,-9999,-9999
1132,314.024544,314.024395785,314.024344281,1575563.5,-9999,342484.4,8.91,-1,0.164014769,0.663420514,0.923790618,0.767568555,7,0.384615385,1.076923077,13C1 S2 O5,de-protonated,1,1113,C12 H14 O5 S2 13C1,12,14,5,-9999,-9999,2,1,N/A,-9999,-9999
1132,314.024544,314.024395785,314.024100504,1575563.5,-9999,342484.4,8.91,-1,0.940314867,0.851772773,0,0.511063664,12,0.285714286,0.642857143,N3 S1 O4,de-protonated,0,-9999,C14 H9 O4 N3 S1,14,9,4,3,-9999,1,-9999,N/A,-9999,-9999
1133,314.136064,314.135915757,314.13575895499997,3465380.8,-9999,349412.6,22.4,-1,0.499154053,0.955797885,0,0.573478731,5,0.461538462,1.615384615,N3 O6,de-protonated,0,-9999,C13 H21 O6 N3,13,21,6,3,-9999,-9999,-9999,N/A,-9999,-9999
1134,314.172398,314.172249748,314.172144465,10122413,-9999,331014.1,69.93,-1,0.335114686,0.9795288,0.990849302,0.984057001,4,0.357142857,1.785714286,N3 O5,de-protonated,0,-9999,C14 H25 O5 N3,14,25,5,3,-9999,-9999,-9999,N/A,-9999,-9999
1135,314.197633,314.197484742,314.197296585,1487794.6,-9999,353593.7,8.29,-1,0.598850881,0.93700041,0,0.562200246,3,0.3125,1.8125,N1 O5,de-protonated,0,-9999,C16 H29 O5 N1,16,29,5,1,-9999,-9999,-9999,N/A,-9999,-9999
1136,314.205633,314.20548474,314.205402447,3390132.5,-9999,304754.7,21.87,-1,0.261906562,0.987630656,0.983395762,0.985936698,3,0.294117647,1.764705882,13C1 O5,de-protonated,1,1127,C16 H30 O5 13C1,16,30,5,-9999,-9999,-9999,1,N/A,-9999,-9999
1137,314.208807,314.208658739,314.208529974,2681525,-9999,373647.7,16.81,-1,0.409808235,0.969986623,0,0.581991974,3,0.266666667,1.933333333,N3 O4,de-protonated,0,-9999,C15 H29 O4 N3,15,29,4,3,-9999,-9999,-9999,N/A,-9999,-9999
1138,314.22586,314.225711735,314.225439885,4148409,-9999,336545.2,27.28,-1,0.865141307,0.873009532,0,0.523805719,2,0.117647059,2,N1 P1 O2,de-protonated,0,-9999,C17 H34 O2 N1 P1,17,34,2,1,1,-9999,-9999,N/A,-9999,-9999
1139,314.24205,314.241901731,314.241787957,77003968,-9999,329952.7,547.36,-1,0.36205878,0.97301879,0.975715129,0.974097326,2,0.222222222,1.888888889,13C1 O4,de-protonated,1,1131,C17 H34 O4 13C1,17,34,4,-9999,-9999,-9999,1,N/A,-9999,-9999
1142,315.018228,315.018079537,315.018012065,3819884.3,-9999,375008.3,24.93,-1,0.214182399,0.991710752,0,0.595026451,7,0.666666667,1,S1 O8,de-protonated,0,-9999,C12 H12 O8 S1,12,12,8,-9999,-9999,1,-9999,N/A,-9999,-9999
1143,315.051099,315.050950528,315.051026271,1592691.8,-9999,328581,9.04,-1,-0.240414827,0.989567198,0,0.593740319,11,0.4375,0.75,O7,de-protonated,0,-9999,C16 H12 O7,16,12,7,-9999,-9999,-9999,-9999,N/A,-9999,-9999
1143,315.051099,315.050950528,315.05086408,1592691.8,-9999,328581,9.04,-1,0.274395032,0.986431149,0,0.591858689,6,0.090909091,1.545454545,N4 S2 P1 O1,de-protonated,0,-9999,C11 H17 O1 N4 P1 S2,11,17,1,4,1,2,-9999,N/A,-9999,-9999
1144,315.072427,315.072278523,315.072155639,4759928.5,-9999,337550.1,31.64,-1,0.390017541,0.972776595,0,0.583665957,6,0.692307692,1.230769231,O9,de-protonated,0,-9999,C13 H16 O9,13,16,9,-9999,-9999,-9999,-9999,N/A,-9999,-9999
1145,315.100717,315.100568516,315.10029894,1649535,-9999,340564.6,9.44,-1,0.855523566,0.875634926,0,0.525380955,5,0.428571429,1.5,P1 O6,de-protonated,0,-9999,C14 H21 O6 P1,14,21,6,-9999,1,-9999,-9999,N/A,-9999,-9999
1146,315.108817,315.108668514,315.108541149,5450113,-9999,341455.8,36.57,-1,0.404194742,0.970791183,0,0.58247471,5,0.571428571,1.428571429,O8,de-protonated,0,-9999,C14 H20 O8,14,20,8,-9999,-9999,-9999,-9999,N/A,-9999,-9999
1147,315.120134,315.119985511,315.119774538,1851779.4,-9999,369402.7,10.88,-1,0.669501288,0.921888401,0,0.553133041,5,0.538461538,1.538461538,N2 O7,de-protonated,0,-9999,C13 H20 O7 N2,13,20,7,2,-9999,-9999,-9999,N/A,-9999,-9999
1148,315.129762,315.129613509,315.129670517,1523845.6,-9999,393131.9,8.54,-1,-0.180903572,0.994079487,0,0.596447692,0,0.909090909,2.181818182,O10,de-protonated,0,-9999,C11 H24 O10,11,24,10,-9999,-9999,-9999,-9999,N/A,-9999,-9999
1149,315.137088,315.136939507,315.13668445,3422087.3,-9999,318126.4,22.09,-1,0.809354471,0.887933161,0,0.532759897,4,0.333333333,1.666666667,P1 O5,de-protonated,0,-9999,C15 H25 O5 P1,15,25,5,-9999,1,-9999,-9999,N/A,-9999,-9999
1150,315.145203,315.145054505,315.144926658,4510089,-9999,353369.7,29.86,-1,0.4056761,0.970579879,0,0.582347928,4,0.466666667,1.6,O7,de-protonated,0,-9999,C15 H24 O7,15,24,7,-9999,-9999,-9999,-9999,N/A,-9999,-9999
1151,315.156391,315.156242502,315.156160047,2154379.8,-9999,347354.8,13.04,-1,0.261631175,0.987656493,0,0.592593896,4,0.428571429,1.714285714,N2 O6,de-protonated,0,-9999,C14 H24 O6 N2,14,24,6,2,-9999,-9999,-9999,N/A,-9999,-9999
1152,315.167662,315.167513499,315.167393437,3907982.3,-9999,341140,25.56,-1,0.380948569,0.974011506,0,0.584406904,4,0.384615385,1.846153846,N4 O5,de-protonated,0,-9999,C13 H24 O5 N4,13,24,5,4,-9999,-9999,-9999,N/A,-9999,-9999
1153,315.173467,315.173318498,315.173069959,5448079.5,-9999,346187.6,36.56,-1,0.788578909,0.89329797,0,0.535978782,3,0.25,1.8125,P1 O4,de-protonated,0,-9999,C16 H29 O4 P1,16,29,4,-9999,1,-9999,-9999,N/A,-9999,-9999
1154,315.175755,315.175606497,315.175438941,1411216,-9999,401851.1,7.74,-1,0.531629444,0.950009953,0,0.570005972,12,0.043478261,1.043478261,O1,de-protonated,0,-9999,C23 H24 O1,23,24,1,-9999,-9999,-9999,-9999,N/A,-9999,-9999
1154,315.175755,315.175606497,315.1754993,1411216,-9999,401851.1,7.74,-1,0.340120579,0.979228416,0.990849302,0.98387677,4,0.357142857,1.785714286,13C1 N3 O5,de-protonated,1,1134,C13 H25 O5 N3 13C1,13,25,5,3,-9999,-9999,1,N/A,-9999,-9999
1155,315.181597,315.181448496,315.181312168,10370449,-9999,333423,71.7,-1,0.432539325,0.982939523,0.980347849,0.981902853,3,0.375,1.75,O6,de-protonated,0,-9999,C16 H28 O6,16,28,6,-9999,-9999,-9999,-9999,N/A,-9999,-9999
1156,315.209907,315.209758489,315.209455468,2432407.8,-9999,366538.1,15.03,-1,0.961330208,0.845618599,0,0.507371159,2,0.176470588,1.941176471,P1 O3,de-protonated,0,-9999,C17 H33 O3 P1,17,33,3,-9999,1,-9999,-9999,N/A,-9999,-9999
1157,315.217954,315.217805487,315.217697677,20929946,-9999,326738.6,147.07,-1,0.342017182,0.975139544,0.9964895,0.983679527,2,0.294117647,1.882352941,O5,de-protonated,0,-9999,C17 H32 O5,17,32,5,-9999,-9999,-9999,-9999,N/A,-9999,-9999
1158,315.242938,315.242789481,315.242678115,3034015.3,-9999,354861.7,19.32,-1,0.353268918,0.973297466,0.975715129,0.974264531,2,0.222222222,1.888888889,O3 18O1,de-protonated,1,1131,C18 H34 O3 18O1,18,34,3,-9999,-9999,-9999,-9999,N/A,1,-9999
1159,315.245438,315.24528948,315.245142792,7136672,-9999,334986.9,48.61,-1,0.465313956,0.969263745,0.975715129,0.971844298,2,0.222222222,1.888888889,13C2 O4,de-protonated,1,1131,C16 H34 O4 13C2,16,34,4,-9999,-9999,-9999,2,N/A,-9999,-9999
1160,315.254367,315.254218478,315.254083186,14335394,-9999,334947.4,100,-1,0.429150385,0.965804491,0.978036192,0.970697172,1,0.222222222,2,O4,de-protonated,0,-9999,C18 H36 O4,18,36,4,-9999,-9999,-9999,-9999,N/A,-9999,-9999
1163,316.104816,316.104667265,316.104659501,3277923.3,-9999,352047.4,21.06,-1,0.02456158,0.999890543,0,0.599934326,4,0.214285714,1.642857143,N1 S2 O3,de-protonated,0,-9999,C14 H23 O3 N1 S2,14,23,3,1,-9999,2,-9999,N/A,-9999,-9999
1164,316.115257,316.115108262,316.11502351,1819749.5,-9999,357605.8,10.65,-1,0.268104936,0.987042108,0,0.592225265,5,0.583333333,1.583333333,N3 O7,de-protonated,0,-9999,C12 H19 O7 N3,12,19,7,3,-9999,-9999,-9999,N/A,-9999,-9999
1165,316.140448,316.140299256,316.14017563,1556587.3,-9999,350160.5,8.78,-1,0.391046906,0.972634692,0,0.583580815,4,0.5,1.642857143,N1 O7,de-protonated,0,-9999,C14 H23 O7 N1,14,23,7,1,-9999,-9999,-9999,N/A,-9999,-9999
1166,316.151662,316.151513253,316.15140902,21540462,-9999,323865.1,151.43,-1,0.329695013,0.987194662,0.979424111,0.984086442,4,0.461538462,1.769230769,N3 O6,de-protonated,0,-9999,C13 H23 O6 N3,13,23,6,3,-9999,-9999,-9999,N/A,-9999,-9999
1167,316.167006,316.166857249,316.166665161,1742961.4,-9999,392374.5,10.11,-1,0.607554294,0.935216952,0,0.561130171,8,0.176470588,1.352941176,N3 O3,de-protonated,0,-9999,C17 H23 O3 N3,17,23,3,3,-9999,-9999,-9999,N/A,-9999,-9999
1168,316.176889,316.176740247,316.17656114,1950835.6,-9999,325342,11.59,-1,0.566478339,0.943436265,0,0.566061759,3,0.4,1.8,N1 O6,de-protonated,0,-9999,C15 H27 O6 N1,15,27,6,1,-9999,-9999,-9999,N/A,-9999,-9999
1169,316.184836,316.184687245,316.184667003,1520501.4,-9999,346418.1,8.52,-1,0.064020547,0.999256585,0.980347849,0.991693091,3,0.375,1.75,13C1 O6,de-protonated,1,1155,C15 H28 O6 13C1,15,28,6,-9999,-9999,-9999,1,N/A,-9999,-9999
1170,316.188091,316.187942244,316.187794529,6414966,-9999,338872,43.46,-1,0.467175153,0.961172244,0,0.576703346,3,0.357142857,1.928571429,N3 O5,de-protonated,0,-9999,C14 H27 O5 N3,14,27,5,3,-9999,-9999,-9999,N/A,-9999,-9999
1171,316.213241,316.213092238,316.212946649,1581691.9,-9999,374056.2,8.95,-1,0.460413567,0.96226672,0,0.577360032,2,0.3125,1.9375,N1 O5,de-protonated,0,-9999,C16 H31 O5 N1,16,31,5,1,-9999,-9999,-9999,N/A,-9999,-9999
1172,316.221328,316.221179236,316.22105251200003,3951741.8,-9999,310493.9,25.87,-1,0.40074447,0.971280518,0.9964895,0.981364111,2,0.294117647,1.882352941,13C1 O5,de-protonated,1,1157,C16 H32 O5 13C1,16,32,5,-9999,-9999,-9999,1,N/A,-9999,-9999
1174,316.241521,316.241372231,316.24108995,40623748,-9999,325730.6,287.66,-1,0.892612651,0.869747869,0.998356976,0.921191512,1,0.117647059,2.117647059,N1 P1 O2,de-protonated,0,-9999,C17 H36 O2 N1 P1,17,36,2,1,1,-9999,-9999,N/A,-9999,-9999
1175,316.257728,316.257579227,316.257438021,3252358,-9999,334266.8,20.88,-1,0.446488736,0.964474203,0.978036192,0.969898999,1,0.222222222,2,13C1 O4,de-protonated,1,1160,C17 H36 O4 13C1,17,36,4,-9999,-9999,-9999,1,N/A,-9999,-9999
1178,317.030487,317.030338033,317.030290827,1671990.5,-9999,220741.5,9.6,-1,0.148903355,0.995984964,0,0.597590978,11,0.533333333,0.666666667,O8,de-protonated,0,-9999,C15 H10 O8,15,10,8,-9999,-9999,-9999,-9999,N/A,-9999,-9999
1178,317.030487,317.030338033,317.030128635,1671990.5,-9999,220741.5,9.6,-1,0.660499382,0.92389329,0,0.554335974,6,0.2,1.5,N4 S2 P1 O2,de-protonated,0,-9999,C10 H15 O2 N4 P1 S2,10,15,2,4,1,2,-9999,N/A,-9999,-9999
1180,317.051563,317.051414028,317.051420195,1335099.3,-9999,336892.4,7.19,-1,-0.019449392,0.999931364,0,0.599958818,6,0.833333333,1.166666667,O10,de-protonated,0,-9999,C12 H14 O10,12,14,10,-9999,-9999,-9999,-9999,N/A,-9999,-9999
1181,317.066929,317.066780024,317.066676336,1439806.9,-9999,342907.8,7.94,-1,0.327023989,0.980782091,0,0.588469255,10,0.4375,0.875,O7,de-protonated,0,-9999,C16 H14 O7,16,14,7,-9999,-9999,-9999,-9999,N/A,-9999,-9999
1181,317.066929,317.066780024,317.066514145,1439806.9,-9999,342907.8,7.94,-1,0.838561398,0.880212403,0,0.528127442,5,0.090909091,1.727272727,N4 S2 P1 O1,de-protonated,0,-9999,C11 H19 O1 N4 P1 S2,11,19,1,4,1,2,-9999,N/A,-9999,-9999
1182,317.079913,317.079764021,317.079563495,1487169.8,-9999,417362.1,8.28,-1,0.632414116,0.930000673,0,0.558000404,5,0.538461538,1.461538462,P1 O7,de-protonated,0,-9999,C13 H19 O7 P1,13,19,7,-9999,1,-9999,-9999,N/A,-9999,-9999
1183,317.088881,317.088732019,317.088675084,4301636,-9999,288573.2,28.37,-1,0.179555416,0.994167145,0,0.596500287,4,0.285714286,1.571428571,S2 O4,de-protonated,0,-9999,C14 H22 O4 S2,14,22,4,-9999,-9999,2,-9999,N/A,-9999,-9999
1184,317.103287,317.103138015,317.103061845,1398599.1,-9999,336335.8,7.65,-1,0.240205708,0.989585245,0,0.593751147,9,0.352941176,1.058823529,O6,de-protonated,0,-9999,C17 H18 O6,17,18,6,-9999,-9999,-9999,-9999,N/A,-9999,-9999
1185,317.116378,317.116229012,317.115949005,2270538.3,-9999,346332.3,13.87,-1,0.882980254,0.868083633,0,0.52085018,4,0.428571429,1.642857143,P1 O6,de-protonated,0,-9999,C14 H23 O6 P1,14,23,6,-9999,1,-9999,-9999,N/A,-9999,-9999
1186,317.124519,317.12437001,317.124191213,3313996,-9999,328704.4,21.32,-1,0.563806231,0.943953428,0,0.566372057,4,0.571428571,1.571428571,O8,de-protonated,0,-9999,C14 H22 O8,14,22,8,-9999,-9999,-9999,-9999,N/A,-9999,-9999
1187,317.139717,317.139568006,317.139447355,7866191.5,-9999,320855,53.82,-1,0.38043676,0.972441638,0.969162922,0.971130151,8,0.277777778,1.222222222,O5,de-protonated,0,-9999,C18 H22 O5,18,22,5,-9999,-9999,-9999,-9999,N/A,-9999,-9999
1188,317.152774,317.152625003,317.152334514,9178962,-9999,335173.9,63.19,-1,0.915927889,0.891602402,0.96732159,0.921890077,3,0.333333333,1.8,P1 O5,de-protonated,0,-9999,C15 H27 O5 P1,15,27,5,-9999,1,-9999,-9999,N/A,-9999,-9999
1189,317.154971,317.154822002,317.154703496,3619155,-9999,317076,23.5,-1,0.373654867,0.974984705,0,0.584990823,12,0.090909091,1,O2,de-protonated,0,-9999,C22 H22 O2,22,22,2,-9999,-9999,-9999,-9999,N/A,-9999,-9999
1189,317.154971,317.154822002,317.154763855,3619155,-9999,317076,23.5,-1,0.18334118,0.993919348,0.979424111,0.988121254,4,0.461538462,1.769230769,13C1 N3 O6,de-protonated,1,1166,C12 H23 O6 N3 13C1,12,23,6,3,-9999,-9999,1,N/A,-9999,-9999
1190,317.160858,317.160709001,317.160576723,3400532.3,-9999,334362.2,21.94,-1,0.417069982,0.968930375,0,0.581358225,3,0.466666667,1.733333333,O7,de-protonated,0,-9999,C15 H26 O7,15,26,7,-9999,-9999,-9999,-9999,N/A,-9999,-9999
1192,317.175683,317.175533997,317.175832864,1350487.8,-9999,214294.1,7.3,-1,-0.942274949,0.851202659,0,0.510721595,7,0.210526316,1.368421053,O4,de-protonated,0,-9999,C19 H26 O4,19,26,4,-9999,-9999,-9999,-9999,N/A,-9999,-9999
1193,317.189152,317.189002994,317.188720024,11067227,-9999,318916.3,76.67,-1,0.892119428,0.432766036,0.85247738,0.600650574,2,0.25,1.9375,P1 O4,de-protonated,0,-9999,C16 H31 O4 P1,16,31,4,-9999,1,-9999,-9999,N/A,-9999,-9999
1194,317.19719,317.197040992,317.196962232,5313372.5,-9999,339122.5,35.59,-1,0.248299096,0.988875585,0,0.593325351,2,0.375,1.875,O6,de-protonated,0,-9999,C16 H30 O6,16,30,6,-9999,-9999,-9999,-9999,N/A,-9999,-9999
1195,317.212433,317.212283988,317.212218373,3299168,-9999,380037.4,21.21,-1,0.206847695,0.9922666,0,0.59535996,6,0.15,1.5,O3,de-protonated,0,-9999,C20 H30 O3,20,30,3,-9999,-9999,-9999,-9999,N/A,-9999,-9999
1196,317.225561,317.225411985,317.225105533,11534179,-9999,322518.4,80,-1,0.966038808,0.877136153,0.997787616,0.925396738,1,0.176470588,2.058823529,P1 O3,de-protonated,0,-9999,C17 H35 O3 P1,17,35,3,-9999,1,-9999,-9999,N/A,-9999,-9999
1197,317.233579,317.233429983,317.233347741,6844261,-9999,313972.3,46.52,-1,0.259245341,0.493939613,0.844689208,0.634239451,1,0.294117647,2,O5,de-protonated,0,-9999,C17 H34 O5,17,34,5,-9999,-9999,-9999,-9999,N/A,-9999,-9999
1198,317.244867,317.24471798,317.244444785,7563111.5,-9999,333894.9,51.65,-1,0.861149119,0.874101901,0.998356976,0.923803931,1,0.117647059,2.117647059,13C1 N1 P1 O2,de-protonated,1,1174,C16 H36 O2 N1 P1 13C1,16,36,2,1,1,-9999,1,N/A,-9999,-9999
1198,317.244867,317.24471798,317.244581131,7563111.5,-9999,333894.9,51.65,-1,0.43136798,0.483399981,0.85247738,0.631030941,1,0.25,2.125,N2 O4,de-protonated,0,-9999,C16 H34 O4 N2,16,34,4,2,-9999,-9999,-9999,N/A,-9999,-9999
1201,318.092182,318.092032768,318.091786142,1419562.3,-9999,371923.9,7.79,-1,0.775329283,0.896662944,0,0.537997767,9,0.2,1.133333333,N3 S1 O3,de-protonated,0,-9999,C15 H17 O3 N3 S1,15,17,3,3,-9999,1,-9999,N/A,-9999,-9999
1202,318.101857,318.101707765,318.101682121,1660716.5,-9999,338402.8,9.52,-1,0.080617891,0.998821416,0,0.599292849,4,0.461538462,1.615384615,N1 S1 O6,de-protonated,0,-9999,C13 H21 O6 N1 S1,13,21,6,1,-9999,1,-9999,N/A,-9999,-9999
1203,318.10987,318.109720763,318.109544207,2036782.3,-9999,419517.1,12.2,-1,0.555018596,0.945638917,0,0.56738335,9,0.333333333,1.133333333,N3 O5,de-protonated,0,-9999,C15 H17 O5 N3,15,17,5,3,-9999,-9999,-9999,N/A,-9999,-9999
1204,318.14308,318.142930755,318.14280219,1890870,-9999,369108.2,11.16,-1,0.404112478,0.970802896,0.969162922,0.970146907,8,0.277777778,1.222222222,13C1 O5,de-protonated,1,1187,C17 H22 O5 13C1,17,22,5,-9999,-9999,-9999,1,N/A,-9999,-9999
1205,318.146208,318.146058754,318.145929716,2483766.8,-9999,300356.2,15.39,-1,0.405594609,0.970591522,0,0.582354913,8,0.25,1.3125,N3 O4,de-protonated,0,-9999,C16 H21 O4 N3,16,21,4,3,-9999,-9999,-9999,N/A,-9999,-9999
1206,318.156048,318.155898752,318.155689349,1910328.9,-9999,304395.7,11.3,-1,0.658176703,0.924406888,0.96732159,0.941572769,3,0.333333333,1.8,13C1 P1 O5,de-protonated,1,1188,C14 H27 O5 P1 13C1,14,27,5,-9999,1,-9999,1,N/A,-9999,-9999
1206,318.156048,318.155898752,318.155825695,1910328.9,-9999,304395.7,11.3,-1,0.229626607,0.990478128,0,0.594286877,3,0.5,1.785714286,N1 O7,de-protonated,0,-9999,C14 H25 O7 N1,14,25,7,1,-9999,-9999,-9999,N/A,-9999,-9999
1207,318.167315,318.167165749,318.167059084,3644475.5,-9999,308577.4,23.68,-1,0.335248202,0.979813272,0,0.587887963,3,0.461538462,1.923076923,N3 O6,de-protonated,0,-9999,C13 H25 O6 N3,13,25,6,3,-9999,-9999,-9999,N/A,-9999,-9999
1208,318.192559,318.192409743,318.192211204,2699841.3,-9999,323231.4,16.93,-1,0.623957953,0.931795189,0,0.559077114,2,0.4,1.933333333,N1 O6,de-protonated,0,-9999,C15 H29 O6 N1,15,29,6,1,-9999,-9999,-9999,N/A,-9999,-9999
1210,318.228839,318.228689734,318.228460368,2156617.8,-9999,359912.5,13.06,-1,0.72075815,0.91004503,0.997787616,0.945142064,1,0.176470588,2.058823529,13C1 P1 O3,de-protonated,1,1196,C16 H35 O3 P1 13C1,16,35,3,-9999,1,-9999,1,N/A,-9999,-9999
1210,318.228839,318.228689734,318.228596714,2156617.8,-9999,359912.5,13.06,-1,0.292306026,0.984616074,0,0.590769645,1,0.3125,2.0625,N1 O5,de-protonated,0,-9999,C16 H33 O5 N1,16,33,5,1,-9999,-9999,-9999,N/A,-9999,-9999
1215,319.046256,319.046106529,319.045940891,1841926.8,-9999,325779.8,10.81,-1,0.519167354,0.952269949,0,0.571361969,10,0.533333333,0.8,O8,de-protonated,0,-9999,C15 H12 O8,15,12,8,-9999,-9999,-9999,-9999,N/A,-9999,-9999
1217,319.083375,319.08322552,319.08319578,2087183.4,-9999,296329.3,12.56,-1,0.093203695,0.99842501,0,0.599055006,8,0.117647059,1.176470588,S2 O2,de-protonated,0,-9999,C17 H20 O2 S2,17,20,2,-9999,-9999,2,-9999,N/A,-9999,-9999
1218,319.085862,319.085712519,319.085697704,1646095.9,-9999,339912.6,9.41,-1,0.046431604,0.999608892,0,0.599765335,4,0.538461538,1.538461538,S1 O7,de-protonated,0,-9999,C13 H20 O7 S1,13,20,7,-9999,-9999,1,-9999,N/A,-9999,-9999
1220,319.118959,319.118809511,319.11871191,1848599.6,-9999,346234.5,10.86,-1,0.305846536,0.98317014,0,0.589902084,8,0.352941176,1.176470588,O6,de-protonated,0,-9999,C17 H20 O6,17,20,6,-9999,-9999,-9999,-9999,N/A,-9999,-9999
1222,319.14018,319.140030506,319.139841278,1336604.5,-9999,386248.4,7.2,-1,0.59293125,0.938200636,0,0.562920382,3,0.571428571,1.714285714,O8,de-protonated,0,-9999,C14 H24 O8,14,24,8,-9999,-9999,-9999,-9999,N/A,-9999,-9999
1224,319.155294,319.155144502,319.155097419,1710112,-9999,283510.4,9.87,-1,0.147523618,0.996058879,0,0.597635328,7,0.277777778,1.333333333,O5,de-protonated,0,-9999,C18 H24 O5,18,24,5,-9999,-9999,-9999,-9999,N/A,-9999,-9999
1225,319.168424,319.168274499,319.167984579,27808036,-9999,320288.6,196.17,-1,0.908361975,0.861392953,0.999503228,0.916637063,2,0.333333333,1.933333333,P1 O5,de-protonated,0,-9999,C15 H29 O5 P1,15,29,5,-9999,1,-9999,-9999,N/A,-9999,-9999
1227,319.204803,319.20465349,319.204370088,18207020,-9999,327161.6,127.63,-1,0.887837506,0.879691576,0.997195641,0.926693202,1,0.25,2.0625,P1 O4,de-protonated,0,-9999,C16 H33 O4 P1,16,33,4,-9999,1,-9999,-9999,N/A,-9999,-9999
1228,319.212858,319.212708488,319.212612296,1453613.4,-9999,373969.5,8.04,-1,0.301338679,0.983658546,0,0.590195128,1,0.375,2,O6,de-protonated,0,-9999,C16 H32 O6,16,32,6,-9999,-9999,-9999,-9999,N/A,-9999,-9999
1230,319.228108,319.227958484,319.227868438,2061616.9,-9999,330593.9,12.38,-1,0.282074379,0.985666578,0,0.591399947,5,0.15,1.6,O3,de-protonated,0,-9999,C20 H32 O3,20,32,3,-9999,-9999,-9999,-9999,N/A,-9999,-9999
1231,319.241187,319.24103748,319.240755597,67797296,-9999,324748.4,481.63,-1,0.882979872,0.57278028,0.983474407,0.737057931,0,0.176470588,2.176470588,P1 O3,de-protonated,0,-9999,C17 H37 O3 P1,17,37,3,-9999,1,-9999,-9999,N/A,-9999,-9999
1234,320.171779,320.171629248,320.171339414,4492813,-9999,327109.7,29.73,-1,0.905246658,0.861834494,0.999503228,0.916901987,2,0.333333333,1.933333333,13C1 P1 O5,de-protonated,1,1225,C14 H29 O5 P1 13C1,14,29,5,-9999,1,-9999,1,N/A,-9999,-9999
1234,320.171779,320.171629248,320.171475759,4492813,-9999,327109.7,29.73,-1,0.479394408,0.959157144,0,0.575494286,2,0.5,1.928571429,N1 O7,de-protonated,0,-9999,C14 H27 O7 N1,14,27,7,1,-9999,-9999,-9999,N/A,-9999,-9999
1235,320.208128,320.207978239,320.207724923,3080725.5,-9999,334845.6,19.65,-1,0.791097696,0.892653277,0.997195641,0.934470223,1,0.25,2.0625,13C1 P1 O4,de-protonated,1,1227,C15 H33 O4 P1 13C1,15,33,4,-9999,1,-9999,1,N/A,-9999,-9999
1235,320.208128,320.207978239,320.207861269,3080725.5,-9999,334845.6,19.65,-1,0.365293884,0.976078326,0,0.585646995,1,0.4,2.066666667,N1 O6,de-protonated,0,-9999,C15 H31 O6 N1,15,31,6,1,-9999,-9999,-9999,N/A,-9999,-9999
1236,320.244563,320.24441323,320.244110432,11962910,-9999,333382.8,83.05,-1,0.945519748,0.566838067,0.983474407,0.733492603,0,0.176470588,2.176470588,13C1 P1 O3,de-protonated,1,1231,C16 H37 O3 P1 13C1,16,37,3,-9999,1,-9999,1,N/A,-9999,-9999
1236,320.244563,320.24441323,320.244246778,11962910,-9999,333382.8,83.05,-1,0.519764249,0.476081402,0.85247738,0.626639793,0,0.3125,2.1875,N1 O5,de-protonated,0,-9999,C16 H35 O5 N1,16,35,5,1,-9999,-9999,-9999,N/A,-9999,-9999
1241,321.025423,321.025273034,321.025205446,1335509.5,-9999,386653.5,7.19,-1,0.210538311,0.991989295,0,0.595193577,10,0.642857143,0.714285714,O9,de-protonated,0,-9999,C14 H10 O9,14,10,9,-9999,-9999,-9999,-9999,N/A,-9999,-9999
1241,321.025423,321.025273034,321.025043255,1335509.5,-9999,386653.5,7.19,-1,0.715767942,0.91122952,0,0.546737712,5,0.333333333,1.666666667,N4 S2 P1 O3,de-protonated,0,-9999,C9 H15 O3 N4 P1 S2,9,15,3,4,1,2,-9999,N/A,-9999,-9999
1242,321.061891,321.061741025,321.061590955,2630366.3,-9999,352029.6,16.43,-1,0.467416961,0.961132831,0,0.576679699,9,0.533333333,0.933333333,O8,de-protonated,0,-9999,C15 H14 O8,15,14,8,-9999,-9999,-9999,-9999,N/A,-9999,-9999
1242,321.061891,321.061741025,321.061428764,2630366.3,-9999,352029.6,16.43,-1,0.972589465,0.84228419,0,0.505370514,4,0.2,1.9,N4 S2 P1 O2,de-protonated,0,-9999,C10 H19 O2 N4 P1 S2,10,19,2,4,1,2,-9999,N/A,-9999,-9999
1243,321.07488,321.074730022,321.074478115,1930721.3,-9999,328302.5,11.44,-1,0.784574395,0.894319661,0,0.536591796,4,0.666666667,1.583333333,P1 O8,de-protonated,0,-9999,C12 H19 O8 P1,12,19,8,-9999,1,-9999,-9999,N/A,-9999,-9999
1244,321.09903,321.098880016,321.098845845,2392807,-9999,318809.9,14.74,-1,0.10641933,0.99794719,0,0.598768314,7,0.117647059,1.294117647,S2 O2,de-protonated,0,-9999,C17 H22 O2 S2,17,22,2,-9999,-9999,2,-9999,N/A,-9999,-9999
1246,321.134652,321.134502007,321.134361974,1977071.4,-9999,389575.2,11.77,-1,0.436056527,0.966086781,0,0.579652068,7,0.352941176,1.294117647,O6,de-protonated,0,-9999,C17 H22 O6,17,22,6,-9999,-9999,-9999,-9999,N/A,-9999,-9999
1249,321.171044,321.170893998,321.170747484,3391224,-9999,364592.4,21.86,-1,0.456188128,0.962943199,0,0.577765919,6,0.277777778,1.444444444,O5,de-protonated,0,-9999,C18 H26 O5,18,26,5,-9999,-9999,-9999,-9999,N/A,-9999,-9999
1250,321.184056,321.183905995,321.183634643,174981888,-9999,323663.9,1246.77,-1,0.844848331,0.64402515,0.984296478,0.780133681,1,0.333333333,2.066666667,P1 O5,de-protonated,0,-9999,C15 H31 O5 P1,15,31,5,-9999,1,-9999,-9999,N/A,-9999,-9999
1252,321.220469,321.220318985,321.220020152,4141827.5,-9999,337921.6,27.22,-1,0.930306274,0.85467128,0,0.512802768,0,0.25,2.1875,P1 O4,de-protonated,0,-9999,C16 H35 O4 P1,16,35,4,-9999,1,-9999,-9999,N/A,-9999,-9999
1256,322.140996,322.140845755,322.140844336,2743262,-9999,323796.6,16.91,-1,0.004406585,0.999996477,0,0.599997886,7,0.333333333,1.4,N3 O5,de-protonated,0,-9999,C15 H21 O5 N3,15,21,5,3,-9999,-9999,-9999,N/A,-9999,-9999
1258,322.154171,322.154020752,322.153731495,5947361,-9999,329065.4,39.36,-1,0.897883984,0.863913059,0,0.518347835,2,0.416666667,2.166666667,N3 P1 O5,de-protonated,0,-9999,C12 H26 O5 N3 P1,12,26,5,3,1,-9999,-9999,N/A,-9999,-9999
1259,322.169022,322.168871748,322.168987637,1371364.8,-9999,339085.6,7.3,-1,-0.359712862,0.976795218,0,0.586077131,6,0.125,1.625,N3 P1 O2,de-protonated,0,-9999,C16 H26 O2 N3 P1,16,26,2,3,1,-9999,-9999,N/A,-9999,-9999
1260,322.187448,322.187297744,322.186989478,26448874,-9999,317478.3,182.96,-1,0.956790413,0.636133165,0.984296478,0.77539849,1,0.333333333,2.066666667,13C1 P1 O5,de-protonated,1,1250,C14 H31 O5 P1 13C1,14,31,5,-9999,1,-9999,1,N/A,-9999,-9999
1260,322.187448,322.187297744,322.187125824,26448874,-9999,317478.3,182.96,-1,0.533602335,0.950668309,0.944567079,0.948227817,1,0.5,2.071428571,N1 O7,de-protonated,0,-9999,C14 H29 O7 N1,14,29,7,1,-9999,-9999,-9999,N/A,-9999,-9999
1265,323.007395,323.007244538,323.007461182,11193518,-9999,317583.4,76.1,-1,-0.670707509,0.460809013,0.885121231,0.6305339,10,0.583333333,0.75,N2 P1 O7,de-protonated,0,-9999,C12 H9 O7 N2 P1,12,9,7,2,1,-9999,-9999,N/A,-9999,-9999
1266,323.016686,323.016535536,323.01657277,3003055.8,-9999,351636.2,18.73,-1,-0.115270288,0.997591952,0,0.598555171,9,0.307692308,0.923076923,N2 S2 O4,de-protonated,0,-9999,C13 H12 O4 N2 S2,13,12,4,2,-9999,2,-9999,N/A,-9999,-9999
1267,323.041118,323.04096753,323.040855511,2292917.8,-9999,330412.7,13.76,-1,0.346765692,0.978417744,0,0.587050646,9,0.642857143,0.857142857,O9,de-protonated,0,-9999,C14 H12 O9,14,12,9,-9999,-9999,-9999,-9999,N/A,-9999,-9999
1267,323.041118,323.04096753,323.040693319,2292917.8,-9999,330412.7,13.76,-1,0.848842952,0.87744587,0,0.526467522,4,0.333333333,1.888888889,N4 S2 P1 O3,de-protonated,0,-9999,C9 H17 O3 N4 P1 S2,9,17,3,4,1,2,-9999,N/A,-9999,-9999
1268,323.077479,323.077328521,323.07724102,3428030.5,-9999,274307.2,21.71,-1,0.27083629,0.986778504,0,0.592067103,8,0.533333333,1.066666667,O8,de-protonated,0,-9999,C15 H16 O8,15,16,8,-9999,-9999,-9999,-9999,N/A,-9999,-9999
1268,323.077479,323.077328521,323.077078829,3428030.5,-9999,274307.2,21.71,-1,0.772856967,0.897285906,0,0.538371543,3,0.2,2.1,N4 S2 P1 O2,de-protonated,0,-9999,C10 H21 O2 N4 P1 S2,10,21,2,4,1,2,-9999,N/A,-9999,-9999
1270,323.113917,323.113766512,323.113626529,3421383.3,-9999,316255.7,21.66,-1,0.433230189,0.966517559,0,0.579910535,7,0.4375,1.25,O7,de-protonated,0,-9999,C16 H20 O7,16,20,7,-9999,-9999,-9999,-9999,N/A,-9999,-9999
1270,323.113917,323.113766512,323.11346433800003,3421383.3,-9999,316255.7,21.66,-1,0.935194416,0.85325831,0,0.511954986,2,0.090909091,2.272727273,N4 S2 P1 O1,de-protonated,0,-9999,C11 H25 O1 N4 P1 S2,11,25,1,4,1,2,-9999,N/A,-9999,-9999
1271,323.126983,323.126832509,323.126513689,2788554.5,-9999,374463.8,17.23,-1,0.986671554,0.838078035,0,0.502846821,2,0.538461538,1.923076923,P1 O7,de-protonated,0,-9999,C13 H25 O7 P1,13,25,7,-9999,1,-9999,-9999,N/A,-9999,-9999
1272,323.150249,323.150098503,323.150012039,3067088,-9999,309222.1,19.18,-1,0.26756657,0.987093759,0,0.592256255,6,0.352941176,1.411764706,O6,de-protonated,0,-9999,C17 H24 O6,17,24,6,-9999,-9999,-9999,-9999,N/A,-9999,-9999
1273,323.163362,323.163211499,323.162899198,3293395.3,-9999,334851.2,20.76,-1,0.966389679,0.84412342,0,0.506474052,1,0.428571429,2.071428571,P1 O6,de-protonated,0,-9999,C14 H29 O6 P1,14,29,6,-9999,1,-9999,-9999,N/A,-9999,-9999
1275,323.186651,323.186500494,323.186397548,14984409,-9999,319494.2,102.66,-1,0.318533473,0.980003826,0.98453334,0.981815631,5,0.277777778,1.555555556,O5,de-protonated,0,-9999,C18 H28 O5,18,28,5,-9999,-9999,-9999,-9999,N/A,-9999,-9999
1276,323.1908,323.190649493,323.190344313,2177753.8,-9999,337551.7,12.95,-1,0.944271397,0.63704951,0.984296478,0.775948297,1,0.333333333,2.066666667,13C2 P1 O5,de-protonated,1,1250,C13 H31 O5 P1 13C2,13,31,5,-9999,1,-9999,2,N/A,-9999,-9999
1276,323.1908,323.190649493,323.190480659,2177753.8,-9999,337551.7,12.95,-1,0.522397125,0.951688864,0.944567079,0.94884015,1,0.5,2.071428571,13C1 N1 O7,de-protonated,1,1260,C13 H29 O7 N1 13C1,13,29,7,1,-9999,-9999,1,N/A,-9999,-9999
1277,323.199732,323.19958149,323.199284708,54174940,-9999,320018.3,377.17,-1,0.918265781,0.866322228,0.988231524,0.915085947,0,0.333333333,2.2,P1 O5,de-protonated,0,-9999,C15 H33 O5 P1,15,33,5,-9999,1,-9999,-9999,N/A,-9999,-9999
1279,323.222996,323.222845485,323.222783057,2094305.6,-9999,320028.2,12.37,-1,0.19313999,0.993254265,0,0.595952559,4,0.210526316,1.684210526,O4,de-protonated,0,-9999,C19 H32 O4,19,32,4,-9999,-9999,-9999,-9999,N/A,-9999,-9999
1282,324.184499,324.184348244,324.184637701,8222155,-9999,311714.3,55.29,-1,-0.892876649,0.432659912,0.85247738,0.600586899,5,0.125,1.75,N3 P1 O2,de-protonated,0,-9999,C16 H28 O2 N3 P1,16,28,2,3,1,-9999,-9999,N/A,-9999,-9999
1283,324.190016,324.189865243,324.189752383,3254220.3,-9999,324251.8,20.49,-1,0.348128392,0.97824964700000006,0.98453334,0.980763124,5,0.277777778,1.555555556,13C1 O5,de-protonated,1,1275,C17 H28 O5 13C1,17,28,5,-9999,-9999,-9999,1,N/A,-9999,-9999
1284,324.203069,324.202918239,324.202639543,7939535.5,-9999,317495,53.31,-1,0.859637734,0.874514493,0.988231524,0.920001305,0,0.333333333,2.2,13C1 P1 O5,de-protonated,1,1277,C14 H33 O5 P1 13C1,14,33,5,-9999,1,-9999,1,N/A,-9999,-9999
1284,324.203069,324.202918239,324.202775888,7939535.5,-9999,317495,53.31,-1,0.439080764,0.482811476,0.86849267,0.637083953,0,0.5,2.214285714,N1 O7,de-protonated,0,-9999,C14 H31 O7 N1,14,31,7,1,-9999,-9999,-9999,N/A,-9999,-9999
1288,325.032392,325.032241032,325.032222835,1350298.8,-9999,366882.9,7.15,-1,0.055985726,0.999431429,0,0.599658857,8,0.307692308,1.076923077,N2 S2 O4,de-protonated,0,-9999,C13 H14 O4 N2 S2,13,14,4,2,-9999,2,-9999,N/A,-9999,-9999
1289,325.056802,325.056651026,325.056505575,3059360.8,-9999,313170.4,19.12,-1,0.44746334,0.964321744,0,0.578593047,8,0.642857143,1,O9,de-protonated,0,-9999,C14 H14 O9,14,14,9,-9999,-9999,-9999,-9999,N/A,-9999,-9999
1289,325.056802,325.056651026,325.056343384,3059360.8,-9999,313170.4,19.12,-1,0.946427307,0.849992239,0,0.509995343,3,0.333333333,2.111111111,N4 S2 P1 O3,de-protonated,0,-9999,C9 H19 O3 N4 P1 S2,9,19,3,4,1,2,-9999,N/A,-9999,-9999
1290,325.093171,325.093020017,325.092891084,4395690,-9999,340151.2,28.48,-1,0.396601792,0.971862831,0,0.583117699,7,0.533333333,1.2,O8,de-protonated,0,-9999,C15 H18 O8,15,18,8,-9999,-9999,-9999,-9999,N/A,-9999,-9999
1290,325.093171,325.093020017,325.092728893,4395690,-9999,340151.2,28.48,-1,0.895509888,0.864580735,0,0.518748441,2,0.2,2.3,N4 S2 P1 O2,de-protonated,0,-9999,C10 H23 O2 N4 P1 S2,10,23,2,4,1,2,-9999,N/A,-9999,-9999
1291,325.129567,325.129416008,325.129276594,3593906.8,-9999,366892,22.87,-1,0.428795498,0.967188212,0,0.580312927,6,0.4375,1.375,O7,de-protonated,0,-9999,C16 H22 O7,16,22,7,-9999,-9999,-9999,-9999,N/A,-9999,-9999
1291,325.129567,325.129416008,325.129114402,3593906.8,-9999,366892,22.87,-1,0.927647776,0.855437615,0,0.513262569,1,0.090909091,2.454545455,N4 S2 P1 O1,de-protonated,0,-9999,C11 H27 O1 N4 P1 S2,11,27,1,4,1,2,-9999,N/A,-9999,-9999
1292,325.142491,325.142340004,325.142163753,1730998,-9999,347457.8,9.82,-1,0.542074167,0.948078778,0,0.568847267,1,0.538461538,2.076923077,P1 O7,de-protonated,0,-9999,C13 H27 O7 P1,13,27,7,-9999,1,-9999,-9999,N/A,-9999,-9999
1293,325.148175,325.148024003,325.147904038,1518775.4,-9999,327849.4,8.33,-1,0.368954265,0.975602441,0,0.585361465,5,0.235294118,1.529411765,S1 O4,de-protonated,0,-9999,C17 H26 O4 S1,17,26,4,-9999,-9999,1,-9999,N/A,-9999,-9999
1294,325.165895,325.16574399899997,325.165662103,3892923.8,-9999,319618.4,24.96,-1,0.251857878,0.988556259,0,0.593133756,5,0.352941176,1.529411765,O6,de-protonated,0,-9999,C17 H26 O6,17,26,6,-9999,-9999,-9999,-9999,N/A,-9999,-9999
1296,325.184547,325.184395994,325.184289548,65586880,-9999,316587.2,457.1,-1,0.327341333,0.710266826,0.963100441,0.811400272,4,0.166666667,1.666666667,S1 O3,de-protonated,0,-9999,C18 H30 O3 S1,18,30,3,-9999,-9999,1,-9999,N/A,-9999,-9999
1298,325.20231,325.20215899,325.202047612,44402372,-9999,317150.2,308.71,-1,0.342485776,0.974770085,0.999642307,0.984718974,4,0.277777778,1.666666667,O5,de-protonated,0,-9999,C18 H30 O5,18,30,5,-9999,-9999,-9999,-9999,N/A,-9999,-9999
1299,325.238757,325.23860598,325.238433122,2547917.8,-9999,321496.4,15.54,-1,0.531482729,0.95003684,0,0.570022104,3,0.210526316,1.789473684,O4,de-protonated,0,-9999,C19 H34 O4,19,34,4,-9999,-9999,-9999,-9999,N/A,-9999,-9999
1300,326.187921,326.187769743,326.187644383,12148666,-9999,313493.3,82.79,-1,0.384319364,0.708469472,0.963100441,0.810321859,4,0.166666667,1.666666667,13C1 S1 O3,de-protonated,1,1296,C17 H30 O3 S1 13C1,17,30,3,-9999,-9999,1,1,N/A,-9999,-9999
1301,326.20015,326.19999874,326.200287765,3094972.8,-9999,339416.4,19.37,-1,-0.886036927,0.867232332,0,0.520339399,4,0.125,1.875,N3 P1 O2,de-protonated,0,-9999,C16 H30 O2 N3 P1,16,30,2,3,1,-9999,-9999,N/A,-9999,-9999
1302,326.205686,326.205534739,326.205402447,8667070,-9999,323644.6,58.4,-1,0.40554523,0.970598576,0.999642307,0.982216068,4,0.277777778,1.666666667,13C1 O5,de-protonated,1,1298,C17 H30 O5 13C1,17,30,5,-9999,-9999,-9999,1,N/A,-9999,-9999
1303,326.20883,326.208678738,326.208529974,4930495,-9999,347859.8,32.23,-1,0.456039082,0.962966956,0,0.577780173,4,0.25,1.8125,N3 O4,de-protonated,0,-9999,C16 H29 O4 N3,16,29,4,3,-9999,-9999,-9999,N/A,-9999,-9999
1306,327.07243,327.072278522,327.072155639,5279896.5,-9999,328361.9,34.67,-1,0.375703849,0.974713112,0,0.584827867,7,0.642857143,1.142857143,O9,de-protonated,0,-9999,C14 H16 O9,14,16,9,-9999,-9999,-9999,-9999,N/A,-9999,-9999
1306,327.07243,327.072278522,327.071993448,5279896.5,-9999,328361.9,34.67,-1,0.87159281,0.871236463,0,0.522741878,2,0.333333333,2.333333333,N4 S2 P1 O3,de-protonated,0,-9999,C9 H21 O3 N4 P1 S2,9,21,3,4,1,2,-9999,N/A,-9999,-9999
1307,327.087561,327.087409518,327.087411781,1369500.4,-9999,298590.8,7.28,-1,-0.006918049,0.999991316,0,0.59999479,11,0.333333333,0.888888889,O6,de-protonated,0,-9999,C18 H16 O6,18,16,6,-9999,-9999,-9999,-9999,N/A,-9999,-9999
1308,327.108865,327.108713513,327.108541149,6385825.5,-9999,312798.6,42.42,-1,0.526931532,0.47543379,0.860410506,0.629424477,6,0.533333333,1.333333333,O8,de-protonated,0,-9999,C15 H20 O8,15,20,8,-9999,-9999,-9999,-9999,N/A,-9999,-9999
1310,327.145259,327.145107504,327.144926658,3519147,-9999,312864.4,22.34,-1,0.552798889,0.946060944,0,0.567636566,5,0.4375,1.5,O7,de-protonated,0,-9999,C16 H24 O7,16,24,7,-9999,-9999,-9999,-9999,N/A,-9999,-9999
1311,327.163794,327.163642499,327.163554103,3181743.8,-9999,309768.3,19.98,-1,0.270189344,0.986841176,0,0.592104706,4,0.235294118,1.647058824,S1 O4,de-protonated,0,-9999,C17 H28 O4 S1,17,28,4,-9999,-9999,1,-9999,N/A,-9999,-9999
1312,327.167551,327.167399498,327.167393437,1788080.6,-9999,355126.5,10.21,-1,0.018526285,0.999937725,0,0.599962635,5,0.357142857,1.714285714,N4 O5,de-protonated,0,-9999,C14 H24 O5 N4,14,24,5,4,-9999,-9999,-9999,N/A,-9999,-9999
1314,327.181611,327.181459494,327.181312168,5701812,-9999,264076.1,37.63,-1,0.450291335,0.481938806,0.844689208,0.627038967,4,0.352941176,1.647058824,O6,de-protonated,0,-9999,C17 H28 O6,17,28,6,-9999,-9999,-9999,-9999,N/A,-9999,-9999
1315,327.191417,327.191265492,327.190999218,1396150.6,-9999,342592.5,7.47,-1,0.813818742,0.686772154,0.963100441,0.797303469,4,0.166666667,1.666666667,13C2 S1 O3,de-protonated,1,1296,C16 H30 O3 S1 13C2,16,30,3,-9999,-9999,1,2,N/A,-9999,-9999
1316,327.211472,327.211320487,327.211173001,1738427.8,-9999,343895.1,9.87,-1,0.45073504,0.963807694,0,0.578284616,3,0.117647059,1.882352941,N2 S1 O2,de-protonated,0,-9999,C17 H32 O2 N2 S1,17,32,2,2,-9999,1,-9999,N/A,-9999,-9999
1317,327.217974,327.217822485,327.217697677,171641024,-9999,319557,1199.97,-1,0.381423333,0.98219654,0.993451301,0.986698444,3,0.277777778,1.777777778,O5,de-protonated,0,-9999,C18 H32 O5,18,32,5,-9999,-9999,-9999,-9999,N/A,-9999,-9999
1318,328.151677,328.151525252,328.15140902,5603756,-9999,333157.7,36.94,-1,0.354202777,0.977492675,0,0.586495605,5,0.428571429,1.642857143,N3 O6,de-protonated,0,-9999,C14 H23 O6 N3,14,23,6,3,-9999,-9999,-9999,N/A,-9999,-9999
1319,328.188069,328.187917243,328.187794529,8935861,-9999,327490.1,60.28,-1,0.373913016,0.966591359,0.992749576,0.977054646,4,0.333333333,1.8,N3 O5,de-protonated,0,-9999,C15 H27 O5 N3,15,27,5,3,-9999,-9999,-9999,N/A,-9999,-9999
1320,328.221324,328.221172234,328.22105251200003,32500158,-9999,317364.9,225.34,-1,0.364761612,0.982746442,0.993451301,0.987028386,3,0.277777778,1.777777778,13C1 O5,de-protonated,1,1317,C17 H32 O5 13C1,17,32,5,-9999,-9999,-9999,1,N/A,-9999,-9999
1321,328.224402,328.224250234,328.224180038,2568638.8,-9999,348227.5,15.68,-1,0.21386374,0.991735297,0,0.595041178,3,0.25,1.9375,N3 O4,de-protonated,0,-9999,C16 H31 O4 N3,16,31,4,3,-9999,-9999,-9999,N/A,-9999,-9999
1325,329.051693,329.051541027,329.051420195,2498197.3,-9999,330208.5,15.18,-1,0.367213462,0.975829325,0,0.585497595,7,0.769230769,1.076923077,O10,de-protonated,0,-9999,C13 H14 O10,13,14,10,-9999,-9999,-9999,-9999,N/A,-9999,-9999
1325,329.051693,329.051541027,329.051258003,2498197.3,-9999,330208.5,15.18,-1,0.860119615,0.874383002,0,0.524629801,2,0.5,2.375,N4 S2 P1 O4,de-protonated,0,-9999,C8 H19 O4 N4 P1 S2,8,19,4,4,1,2,-9999,N/A,-9999,-9999
1326,329.088073,329.087921018,329.087805704,5162654.5,-9999,303949.4,33.85,-1,0.350403935,0.977967541,0,0.586780524,6,0.642857143,1.285714286,O9,de-protonated,0,-9999,C14 H18 O9,14,18,9,-9999,-9999,-9999,-9999,N/A,-9999,-9999
1327,329.103392,329.103240014,329.103061845,1466018.6,-9999,372856.4,7.95,-1,0.541376126,0.94820889,0,0.568925334,10,0.333333333,1,O6,de-protonated,0,-9999,C18 H18 O6,18,18,6,-9999,-9999,-9999,-9999,N/A,-9999,-9999
1329,329.124477,329.124325009,329.124191213,3935912.3,-9999,299471.1,25.26,-1,0.406518908,0.970459335,0,0.582275601,5,0.533333333,1.466666667,O8,de-protonated,0,-9999,C15 H22 O8,15,22,8,-9999,-9999,-9999,-9999,N/A,-9999,-9999
1330,329.127624,329.127472008,329.127562517,2016425,-9999,343331.4,11.81,-1,-0.274996416,0.986372014,0,0.591823208,0,0.666666667,2.166666667,S1 O8,de-protonated,0,-9999,C12 H26 O8 S1,12,26,8,-9999,-9999,1,-9999,N/A,-9999,-9999
1330,329.127624,329.127472008,329.127182394,2016425,-9999,343331.4,11.81,-1,0.879944396,0.868927048,0,0.521356229,5,0.357142857,1.642857143,N2 P1 O5,de-protonated,0,-9999,C14 H23 O5 N2 P1,14,23,5,2,1,-9999,-9999,N/A,-9999,-9999
1331,329.139434,329.139282005,329.139447355,1602732.1,-9999,370915.7,8.91,-1,-0.502370122,0.955239441,0,0.573143665,9,0.263157895,1.157894737,O5,de-protonated,0,-9999,C19 H22 O5,19,22,5,-9999,-9999,-9999,-9999,N/A,-9999,-9999
1332,329.145983,329.145831003,329.145809839,2705581.8,-9999,332604.9,16.64,-1,0.06430104,0.999250059,0,0.599550036,4,0.133333333,1.8,N2 S1 P1 O2,de-protonated,0,-9999,C15 H27 O2 N2 P1 S1,15,27,2,2,1,1,-9999,N/A,-9999,-9999
1333,329.152712,329.152560001,329.152334514,546900672,-9999,316024.4,3828.5,-1,0.68505449,0.525877723,0.983341956,0.708863416,4,0.3125,1.6875,P1 O5,de-protonated,0,-9999,C16 H27 O5 P1,16,27,5,-9999,1,-9999,-9999,N/A,-9999,-9999
1334,329.160831,329.160678999,329.160576723,3297969.8,-9999,336156.7,20.79,-1,0.310719969,0.982634245,0,0.589580547,4,0.4375,1.625,O7,de-protonated,0,-9999,C16 H26 O7,16,26,7,-9999,-9999,-9999,-9999,N/A,-9999,-9999
1335,329.172163,329.172010997,329.171810112,1771188.6,-9999,353519.3,10.09,-1,0.610272914,0.934655297,0,0.560793178,4,0.4,1.733333333,N2 O6,de-protonated,0,-9999,C15 H26 O6 N2,15,26,6,2,-9999,-9999,-9999,N/A,-9999,-9999
1336,329.183314,329.183161994,329.183043501,4351671.5,-9999,317289.6,28.17,-1,0.359959491,0.97676376,0,0.586058256,4,0.357142857,1.857142857,N4 O5,de-protonated,0,-9999,C14 H26 O5 N4,14,26,5,4,-9999,-9999,-9999,N/A,-9999,-9999
1337,329.189168,329.189015992,329.188720024,23317178,-9999,313709,161.01,-1,0.899085535,0.8690292,0.964083248,0.907050819,3,0.235294118,1.823529412,P1 O4,de-protonated,0,-9999,C17 H31 O4 P1,17,31,4,-9999,1,-9999,-9999,N/A,-9999,-9999
1338,329.191461,329.191308992,329.191089005,1537977.6,-9999,354336,8.46,-1,0.668263906,0.922165338,0,0.553299203,12,0.041666667,1.083333333,O1,de-protonated,0,-9999,C24 H26 O1,24,26,1,-9999,-9999,-9999,-9999,N/A,-9999,-9999
1338,329.191461,329.191308992,329.191149364,1537977.6,-9999,354336,8.46,-1,0.484908702,0.958232153,0.992749576,0.972039122,4,0.333333333,1.8,13C1 N3 O5,de-protonated,1,1319,C14 H27 O5 N3 13C1,14,27,5,3,-9999,-9999,1,N/A,-9999,-9999
1339,329.197223,329.19707099,329.196962232,7406267,-9999,318828.2,49.56,-1,0.330374591,0.490195088,0.844689208,0.631992736,3,0.352941176,1.764705882,O6,de-protonated,0,-9999,C17 H30 O6,17,30,6,-9999,-9999,-9999,-9999,N/A,-9999,-9999
1341,329.222165,329.222012984,329.22194267,1582273.8,-9999,388115.2,8.77,-1,0.213575963,0.986649013,0.993451301,0.989369928,3,0.277777778,1.777777778,O4 18O1,de-protonated,1,1317,C18 H32 O4 18O1,18,32,4,-9999,-9999,-9999,-9999,N/A,1,-9999
1342,329.224648,329.224495983,329.224407347,2501314.5,-9999,356791.6,15.21,-1,0.269227981,0.985443164,0.993451301,0.988646419,3,0.277777778,1.777777778,13C2 O5,de-protonated,1,1317,C16 H32 O5 13C2,16,32,5,-9999,-9999,-9999,2,N/A,-9999,-9999
1343,329.233558,329.233405981,329.233347741,397085376,-9999,315286.3,2779.11,-1,0.176895428,0.980279266,0.980166841,0.980234296,2,0.277777778,1.888888889,O5,de-protonated,0,-9999,C18 H34 O5,18,34,5,-9999,-9999,-9999,-9999,N/A,-9999,-9999
1345,330.120597,330.120444759,330.120309565,1828014.4,-9999,325997.2,10.49,-1,0.409529456,0.970026825,0,0.582016095,4,0.2,1.666666667,N1 S2 O3,de-protonated,0,-9999,C15 H25 O3 N1 S2,15,25,3,1,-9999,2,-9999,N/A,-9999,-9999
1346,330.130935,330.130782757,330.130673575,1857457.1,-9999,337893,10.69,-1,0.33072354,0.98034914,0,0.588209484,5,0.538461538,1.615384615,N3 O7,de-protonated,0,-9999,C13 H21 O7 N3,13,21,7,3,-9999,-9999,-9999,N/A,-9999,-9999
1347,330.156163,330.15601075,330.155689349,88640440,-9999,315593.3,618.57,-1,0.973483861,0.510607163,0.983341956,0.69970108,4,0.3125,1.6875,13C1 P1 O5,de-protonated,1,1333,C15 H27 O5 P1 13C1,15,27,5,-9999,1,-9999,1,N/A,-9999,-9999
1347,330.156163,330.15601075,330.155825695,88640440,-9999,315593.3,618.57,-1,0.560509919,0.476408125,0.921364922,0.654390844,4,0.466666667,1.666666667,N1 O7,de-protonated,0,-9999,C15 H25 O7 N1,15,25,7,1,-9999,-9999,-9999,N/A,-9999,-9999
1348,330.167344,330.167191748,330.167059084,22121402,-9999,314765.4,152.64,-1,0.401807282,0.973090555,0.992625693,0.98090461,4,0.428571429,1.785714286,N3 O6,de-protonated,0,-9999,C14 H25 O6 N3,14,25,6,3,-9999,-9999,-9999,N/A,-9999,-9999
1349,330.192511,330.192358741,330.192074859,5513153.5,-9999,313528.8,36.3,-1,0.859750477,0.874483733,0.964083248,0.910323539,3,0.235294118,1.823529412,13C1 P1 O4,de-protonated,1,1337,C16 H31 O4 P1 13C1,16,31,4,-9999,1,-9999,1,N/A,-9999,-9999
1349,330.192511,330.192358741,330.192211204,5513153.5,-9999,313528.8,36.3,-1,0.44682209,0.964422091,0,0.578653255,3,0.375,1.8125,N1 O6,de-protonated,0,-9999,C16 H29 O6 N1,16,29,6,1,-9999,-9999,-9999,N/A,-9999,-9999
1350,330.203736,330.203583739,330.203444593,9788356,-9999,314062.4,66.25,-1,0.421391959,0.484146739,0.860410506,0.634652246,3,0.333333333,1.933333333,N3 O5,de-protonated,0,-9999,C15 H29 O5 N3,15,29,5,3,-9999,-9999,-9999,N/A,-9999,-9999
1351,330.236969,330.23681673,330.236702576,67144656,-9999,313788.6,468,-1,0.345672765,0.976332744,0.980166841,0.977866382,2,0.277777778,1.888888889,13C1 O5,de-protonated,1,1343,C17 H34 O5 13C1,17,34,5,-9999,-9999,-9999,1,N/A,-9999,-9999
1355,331.046328,331.046175528,331.045940891,1384101.8,-9999,319929.6,7.38,-1,0.708774194,0.912878287,0,0.547726972,11,0.5,0.75,O8,de-protonated,0,-9999,C16 H12 O8,16,12,8,-9999,-9999,-9999,-9999,N/A,-9999,-9999
1356,331.067301,331.067148523,331.067070259,1594539.4,-9999,413105.5,8.85,-1,0.236397762,0.989911177,0,0.593946706,6,0.769230769,1.230769231,O10,de-protonated,0,-9999,C13 H16 O10,13,16,10,-9999,-9999,-9999,-9999,N/A,-9999,-9999
1357,331.082636,331.082483519,331.0823264,2089135.5,-9999,375407.4,12.32,-1,0.474559879,0.959960128,0,0.575976077,10,0.411764706,0.941176471,O7,de-protonated,0,-9999,C17 H16 O7,17,16,7,-9999,-9999,-9999,-9999,N/A,-9999,-9999
1357,331.082636,331.082483519,331.082164209,2089135.5,-9999,375407.4,12.32,-1,0.964442526,0.844699459,0,0.506819676,5,0.083333333,1.75,N4 S2 P1 O1,de-protonated,0,-9999,C12 H21 O1 N4 P1 S2,12,21,1,4,1,2,-9999,N/A,-9999,-9999
1358,331.095621,331.095468515,331.09521356,2295475,-9999,336111.8,13.76,-1,0.770037018,0.897994558,0,0.538796735,5,0.5,1.5,P1 O7,de-protonated,0,-9999,C14 H21 O7 P1,14,21,7,-9999,1,-9999,-9999,N/A,-9999,-9999
1359,331.103731,331.103578513,331.103455768,3297973.3,-9999,328541,20.78,-1,0.370715106,0.975371908,0,0.585223145,5,0.642857143,1.428571429,O9,de-protonated,0,-9999,C14 H20 O9,14,20,9,-9999,-9999,-9999,-9999,N/A,-9999,-9999
1360,331.132023,331.131870506,331.131599069,3258044.8,-9999,328784.3,20.5,-1,0.819725804,0.885215185,0,0.531129111,4,0.4,1.666666667,P1 O6,de-protonated,0,-9999,C15 H25 O6 P1,15,25,6,-9999,1,-9999,-9999,N/A,-9999,-9999
1361,331.140153,331.140000504,331.139841278,3025087,-9999,301479.1,18.87,-1,0.480843961,0.958914928,0,0.575348957,4,0.533333333,1.6,O8,de-protonated,0,-9999,C15 H24 O8,15,24,8,-9999,-9999,-9999,-9999,N/A,-9999,-9999
1362,331.143088,331.142935504,331.142832459,1379007.9,-9999,340341.2,7.34,-1,0.311180097,0.982583226,0,0.589549936,4,0.357142857,1.785714286,N2 P1 O5,de-protonated,0,-9999,C14 H25 O5 N2 P1,14,25,5,2,1,-9999,-9999,N/A,-9999,-9999
1364,331.151084,331.150931502,331.151074667,6352066,-9999,561516.6,42.18,-1,-0.432326639,0.966654723,0,0.579992834,4,0.5,1.714285714,N2 O7,de-protonated,0,-9999,C14 H24 O7 N2,14,24,7,2,-9999,-9999,-9999,N/A,-9999,-9999
1365,331.159488,331.1593355,331.159044184,7734468,-9999,319383.4,51.86,-1,0.879683711,0.516003394,0.983341956,0.702938818,4,0.3125,1.6875,13C2 P1 O5,de-protonated,1,1333,C14 H27 O5 P1 13C2,14,27,5,-9999,1,-9999,2,N/A,-9999,-9999
1365,331.159488,331.1593355,331.15918053,7734468,-9999,319383.4,51.86,-1,0.467961047,0.48052204,0.921364922,0.656859193,4,0.466666667,1.666666667,13C1 N1 O7,de-protonated,1,1347,C14 H25 O7 N1 13C1,14,25,7,1,-9999,-9999,1,N/A,-9999,-9999
1366,331.168437,331.168284497,331.167984579,6389958.5,-9999,313948.4,42.44,-1,0.905639049,0.859145519,0.948044761,0.894705216,3,0.3125,1.8125,P1 O5,de-protonated,0,-9999,C16 H29 O5 P1,16,29,5,-9999,1,-9999,-9999,N/A,-9999,-9999
1367,331.17069,331.170537497,331.17035356,3135175.3,-9999,328088,19.64,-1,0.555413167,0.945563741,0,0.567338245,12,0.086956522,1.043478261,O2,de-protonated,0,-9999,C23 H24 O2,23,24,2,-9999,-9999,-9999,-9999,N/A,-9999,-9999
1367,331.17069,331.170537497,331.170413919,3135175.3,-9999,328088,19.64,-1,0.37315382,0.975050904,0.992625693,0.98208082,4,0.428571429,1.785714286,13C1 N3 O6,de-protonated,1,1348,C13 H25 O6 N3 13C1,13,25,6,3,-9999,-9999,1,N/A,-9999,-9999
1368,331.176517,331.176364495,331.176226787,2689736.8,-9999,373992.3,16.52,-1,0.415815317,0.969114114,0,0.581468468,3,0.4375,1.75,O7,de-protonated,0,-9999,C16 H28 O7,16,28,7,-9999,-9999,-9999,-9999,N/A,-9999,-9999
1370,331.191776,331.191623491,331.191482928,3052749,-9999,324855.7,19.07,-1,0.424416232,0.967844161,0,0.580706497,7,0.2,1.4,O4,de-protonated,0,-9999,C20 H28 O4,20,28,4,-9999,-9999,-9999,-9999,N/A,-9999,-9999
1371,331.204842,331.204689488,331.204370088,54430928,-9999,313061.2,378.95,-1,0.96435987,0.849149959,0.962617058,0.894536799,2,0.235294118,1.941176471,P1 O4,de-protonated,0,-9999,C17 H33 O4 P1,17,33,4,-9999,1,-9999,-9999,N/A,-9999,-9999
1372,331.212897,331.212744486,331.212612296,4869330.5,-9999,317260.4,31.79,-1,0.399108287,0.971511188,0,0.582906713,2,0.352941176,1.882352941,O6,de-protonated,0,-9999,C17 H32 O6,17,32,6,-9999,-9999,-9999,-9999,N/A,-9999,-9999
1373,331.23784,331.23768748,331.237592735,3866841.5,-9999,318346.8,24.77,-1,0.2860342,0.978010797,0.980166841,0.978873215,2,0.277777778,1.888888889,O4 18O1,de-protonated,1,1343,C18 H34 O4 18O1,18,34,4,-9999,-9999,-9999,-9999,N/A,1,-9999
1374,331.240361,331.240208479,331.240057411,5983450,-9999,337932.7,39.59,-1,0.456067422,0.972435327,0.980166841,0.975527932,2,0.277777778,1.888888889,13C2 O5,de-protonated,1,1343,C16 H34 O5 13C2,16,34,5,-9999,-9999,-9999,2,N/A,-9999,-9999
1375,331.24929,331.249137477,331.248997806,57674972,-9999,312190.4,401.67,-1,0.42165032,0.647821084,0.985239802,0.782788571,1,0.277777778,2,O5,de-protonated,0,-9999,C18 H36 O5,18,36,5,-9999,-9999,-9999,-9999,N/A,-9999,-9999
1379,332.125546,332.125393258,332.125194271,2462155,-9999,312508.8,14.78,-1,0.599131602,0.936943235,0,0.562165941,9,0.3125,1.1875,N3 O5,de-protonated,0,-9999,C16 H19 O5 N3,16,19,5,3,-9999,-9999,-9999,N/A,-9999,-9999
1380,332.146607,332.146454253,332.146323639,4242897,-9999,306846.8,27.13,-1,0.393240457,0.972331122,0,0.583398673,4,0.538461538,1.769230769,N3 O7,de-protonated,0,-9999,C13 H23 O7 N3,13,23,7,3,-9999,-9999,-9999,N/A,-9999,-9999
1381,332.153216,332.153063251,332.153337572,29388242,-9999,311293.3,201.53,-1,-0.825886872,0.86674705,0.928890865,0.891604576,8,0.117647059,1.411764706,N3 P1 O2,de-protonated,0,-9999,C17 H24 O2 N3 P1,17,24,2,3,1,-9999,-9999,N/A,-9999,-9999
1382,332.161823,332.161670249,332.161579781,2539477,-9999,288735.9,15.32,-1,0.272362253,0.986630101,0,0.59197806100000006,8,0.235294118,1.352941176,N3 O4,de-protonated,0,-9999,C17 H23 O4 N3,17,23,4,3,-9999,-9999,-9999,N/A,-9999,-9999
1383,332.171799,332.171646246,332.171339414,1592279.8,-9999,334192.9,8.75,-1,0.923717957,0.856567655,0.948044761,0.893158498,3,0.3125,1.8125,13C1 P1 O5,de-protonated,1,1366,C15 H29 O5 P1 13C1,15,29,5,-9999,1,-9999,1,N/A,-9999,-9999
1383,332.171799,332.171646246,332.171475759,1592279.8,-9999,334192.9,8.75,-1,0.513250004,0.953326127,0,0.571995676,3,0.466666667,1.8,N1 O7,de-protonated,0,-9999,C15 H27 O7 N1,15,27,7,1,-9999,-9999,-9999,N/A,-9999,-9999
1384,332.183007,332.182854244,332.182709149,4398555,-9999,306259.1,28.21,-1,0.436792505,0.965974178,0,0.579584507,3,0.428571429,1.928571429,N3 O6,de-protonated,0,-9999,C14 H27 O6 N3,14,27,6,3,-9999,-9999,-9999,N/A,-9999,-9999
1386,332.208188,332.208035237,332.207724923,12991970,-9999,311471.9,87.81,-1,0.934096821,0.853576023,0.962617058,0.897192437,2,0.235294118,1.941176471,13C1 P1 O4,de-protonated,1,1371,C16 H33 O4 P1 13C1,16,33,4,-9999,1,-9999,1,N/A,-9999,-9999
1386,332.208188,332.208035237,332.207861269,12991970,-9999,311471.9,87.81,-1,0.52367382,0.475729136,0.85247738,0.626428434,2,0.375,1.9375,N1 O6,de-protonated,0,-9999,C16 H31 O6 N1,16,31,6,1,-9999,-9999,-9999,N/A,-9999,-9999
1387,332.236449,332.23629623,332.23600457,8615401,-9999,324017.1,57.46,-1,0.877871835,0.434750821,0.844689208,0.598726176,1,0.176470588,2.117647059,N1 P1 O3,de-protonated,0,-9999,C17 H36 O3 N1 P1,17,36,3,1,1,-9999,-9999,N/A,-9999,-9999
1388,332.252629,332.252476226,332.252352641,11757038,-9999,310826.8,79.25,-1,0.371961923,0.650138694,0.985239802,0.784179137,1,0.277777778,2,13C1 O5,de-protonated,1,1375,C17 H36 O5 13C1,17,36,5,-9999,-9999,-9999,1,N/A,-9999,-9999
1391,333.02557,333.025417033,333.025205446,1479107.8,-9999,374088.2,7.96,-1,0.635347311,0.929373382,0,0.557624029,11,0.6,0.666666667,O9,de-protonated,0,-9999,C15 H10 O9,15,10,9,-9999,-9999,-9999,-9999,N/A,-9999,-9999
1391,333.02557,333.025417033,333.025694703,1479107.8,-9999,374088.2,7.96,-1,-0.833781554,0.881490004,0,0.528894002,15,0.055555556,0.611111111,N2 S1 P1 O1,de-protonated,0,-9999,C18 H11 O1 N2 P1 S1,18,11,1,2,1,1,-9999,N/A,-9999,-9999
1392,333.053688,333.053535026,333.053348747,1423563.6,-9999,391372.7,7.57,-1,0.55930612,0.944819492,0,0.566891695,10,0.375,0.9375,P1 O6,de-protonated,0,-9999,C16 H15 O6 P1,16,15,6,-9999,1,-9999,-9999,N/A,-9999,-9999
1393,333.061908,333.061755024,333.061590955,3190478,-9999,321478.7,19.83,-1,0.492606276,0.956924762,0,0.574154857,10,0.5,0.875,O8,de-protonated,0,-9999,C16 H14 O8,16,14,8,-9999,-9999,-9999,-9999,N/A,-9999,-9999
1393,333.061908,333.061755024,333.061428764,3190478,-9999,321478.7,19.83,-1,0.979577735,0.840201801,0,0.504121081,5,0.181818182,1.727272727,N4 S2 P1 O2,de-protonated,0,-9999,C11 H19 O2 N4 P1 S2,11,19,2,4,1,2,-9999,N/A,-9999,-9999
1395,333.086181,333.086028018,333.085711504,3941076.8,-9999,354625.4,25.03,-1,0.950245802,0.848875971,0,0.509325583,5,0.583333333,1.583333333,N2 P1 O7,de-protonated,0,-9999,C12 H19 O7 N2 P1,12,19,7,2,1,-9999,-9999,N/A,-9999,-9999
1396,333.09825,333.098097015,333.097976465,2368216,-9999,369949.2,14.13,-1,0.361904902,0.9765149,0,0.58590894,9,0.411764706,1.058823529,O7,de-protonated,0,-9999,C17 H18 O7,17,18,7,-9999,-9999,-9999,-9999,N/A,-9999,-9999
1396,333.09825,333.098097015,333.097814273,2368216,-9999,369949.2,14.13,-1,0.848823103,0.877451235,0,0.526470741,4,0.083333333,1.916666667,N4 S2 P1 O1,de-protonated,0,-9999,C12 H23 O1 N4 P1 S2,12,23,1,4,1,2,-9999,N/A,-9999,-9999
1397,333.111341,333.111188011,333.110863624,6491867.5,-9999,304269.6,42.73,-1,0.973810768,0.841920966,0,0.505152579,4,0.5,1.642857143,P1 O7,de-protonated,0,-9999,C14 H23 O7 P1,14,23,7,-9999,1,-9999,-9999,N/A,-9999,-9999
1398,333.119451,333.119298009,333.119105833,1363934,-9999,378192.7,7.16,-1,0.576900047,0.941398633,0,0.56483918,4,0.642857143,1.571428571,O9,de-protonated,0,-9999,C14 H22 O9,14,22,9,-9999,-9999,-9999,-9999,N/A,-9999,-9999
1398,333.119451,333.119298009,333.11959509,1363934,-9999,378192.7,7.16,-1,-0.891814612,0.865617475,0,0.519370485,8,0.058823529,1.352941176,N2 S1 P1 O1,de-protonated,0,-9999,C17 H23 O1 N2 P1 S1,17,23,1,2,1,1,-9999,N/A,-9999,-9999
1399,333.147712,333.147559002,333.147249134,5290726,-9999,333857.7,34.4,-1,0.930124742,0.854723656,0,0.512834194,3,0.4,1.8,P1 O6,de-protonated,0,-9999,C15 H27 O6 P1,15,27,6,-9999,1,-9999,-9999,N/A,-9999,-9999
1401,333.15653,333.156377,333.156360722,2702056.3,-9999,342415.5,16.44,-1,0.048859741,0.999566926,0,0.599740156,2,0.1875,1.875,S2 O3,de-protonated,0,-9999,C16 H30 O3 S2,16,30,3,-9999,-9999,2,-9999,N/A,-9999,-9999
1401,333.15653,333.156377,333.156692407,2702056.3,-9999,342415.5,16.44,-1,-0.94672298,0.849905912,0.928890865,0.881499893,8,0.117647059,1.411764706,13C1 N3 P1 O2,de-protonated,1,1381,C16 H24 O2 N3 P1 13C1,16,24,2,3,1,-9999,1,N/A,-9999,-9999
1403,333.184107,333.183953993,333.183634643,20184816,-9999,316196.1,137.7,-1,0.958480588,0.8508376,0.997591769,0.909539268,2,0.3125,1.9375,P1 O5,de-protonated,0,-9999,C16 H31 O5 P1,16,31,5,-9999,1,-9999,-9999,N/A,-9999,-9999
1405,333.207395,333.207241987,333.207132993,11200246,-9999,308008.7,75.38,-1,0.327107167,0.975391125,0.998117935,0.984481849,6,0.2,1.5,O4,de-protonated,0,-9999,C20 H30 O4,20,30,4,-9999,-9999,-9999,-9999,N/A,-9999,-9999
1406,333.22048,333.220326984,333.220020152,40857340,-9999,312574.6,281.07,-1,0.920807815,0.86206213,0.996868679,0.91598475,1,0.235294118,2.058823529,P1 O4,de-protonated,0,-9999,C17 H35 O4 P1,17,35,4,-9999,1,-9999,-9999,N/A,-9999,-9999
1407,333.239865,333.239711979,333.23949575,1597695.6,-9999,392735,8.78,-1,0.648869575,0.926449581,0,0.555869749,1,0.3125,2.125,N2 O5,de-protonated,0,-9999,C16 H34 O5 N2,16,34,5,2,-9999,-9999,-9999,N/A,-9999,-9999
1409,334.114765,334.11461176,334.114354805,1747958.1,-9999,397789.4,9.82,-1,0.769063883,0.898238635,0,0.538943181,4,0.692307692,1.615384615,N1 O9,de-protonated,0,-9999,C13 H21 O9 N1,13,21,9,1,-9999,-9999,-9999,N/A,-9999,-9999
1409,334.114765,334.11461176,334.114844062,1747958.1,-9999,397789.4,9.82,-1,-0.695276103,0.916022911,0,0.549613747,8,0.0625,1.375,N3 S1 P1 O1,de-protonated,0,-9999,C16 H22 O1 N3 P1 S1,16,22,1,3,1,1,-9999,N/A,-9999,-9999
1411,334.177569,334.177415745,334.177229845,2268168,-9999,304979.8,13.43,-1,0.556290579,0.945396402,0,0.567237841,7,0.235294118,1.470588235,N3 O4,de-protonated,0,-9999,C17 H25 O4 N3,17,25,4,3,-9999,-9999,-9999,N/A,-9999,-9999
1412,334.187453,334.187299742,334.186989478,3426314.8,-9999,322378.3,21.46,-1,0.928414428,0.855216776,0.997591769,0.912166773,2,0.3125,1.9375,13C1 P1 O5,de-protonated,1,1403,C15 H31 O5 P1 13C1,15,31,5,-9999,1,-9999,1,N/A,-9999,-9999
1412,334.187453,334.187299742,334.187125824,3426314.8,-9999,322378.3,21.46,-1,0.52042221,0.952044567,0,0.57122674,2,0.466666667,1.933333333,N1 O7,de-protonated,0,-9999,C15 H29 O7 N1,15,29,7,1,-9999,-9999,-9999,N/A,-9999,-9999
1413,334.20526,334.205106738,334.205373146,3991568,-9999,331773.2,25.38,-1,-0.797139013,0.891100513,0,0.534660308,6,0.055555556,1.666666667,N3 P1 O1,de-protonated,0,-9999,C18 H30 O1 N3 P1,18,30,1,3,1,-9999,-9999,N/A,-9999,-9999
1414,334.210778,334.210624736,334.210487828,2454033.5,-9999,370797.1,14.72,-1,0.409647254,0.970009841,0.998117935,0.981253078,6,0.2,1.5,13C1 O4,de-protonated,1,1405,C19 H30 O4 13C1,19,30,4,-9999,-9999,-9999,1,N/A,-9999,-9999
1415,334.223825,334.223671733,334.223374987,7692309,-9999,315468.1,51.05,-1,0.887866013,0.866721914,0.996868679,0.91878062,1,0.235294118,2.058823529,13C1 P1 O4,de-protonated,1,1406,C16 H35 O4 P1 13C1,16,35,4,-9999,1,-9999,1,N/A,-9999,-9999
1415,334.223825,334.223671733,334.223511333,7692309,-9999,315468.1,51.05,-1,0.479918228,0.479534846,0.85247738,0.62871186,1,0.375,2.0625,N1 O6,de-protonated,0,-9999,C16 H33 O6 N1,16,33,6,1,-9999,-9999,-9999,N/A,-9999,-9999
1417,334.25213,334.251976726,334.251654634,40431644,-9999,307947.5,278.12,-1,0.963621306,0.853591949,0.985568745,0.906382668,0,0.176470588,2.235294118,N1 P1 O3,de-protonated,0,-9999,C17 H38 O3 N1 P1,17,38,3,1,1,-9999,-9999,N/A,-9999,-9999
1422,335.029507,335.029353532,335.02945993,3336444.3,-9999,327311.3,20.84,-1,-0.317579203,0.981866145,0,0.589119687,5,0.363636364,1.545454545,N2 S2 P1 O4,de-protonated,0,-9999,C11 H17 O4 N2 P1 S2,11,17,4,2,1,2,-9999,N/A,-9999,-9999
1423,335.041181,335.041027529,335.040855511,2834175.5,-9999,339144.8,17.35,-1,0.513424164,0.953295198,0,0.571977119,10,0.6,0.8,O9,de-protonated,0,-9999,C15 H12 O9,15,12,9,-9999,-9999,-9999,-9999,N/A,-9999,-9999
1423,335.041181,335.041027529,335.041344768,2834175.5,-9999,339144.8,17.35,-1,-0.946866062,0.849864131,0,0.509918478,14,0.055555556,0.722222222,N2 S1 P1 O1,de-protonated,0,-9999,C18 H13 O1 N2 P1 S1,18,13,1,2,1,1,-9999,N/A,-9999,-9999
1423,335.041181,335.041027529,335.040693319,2834175.5,-9999,339144.8,17.35,-1,0.997518832,0.834811445,0,0.500886867,5,0.3,1.7,N4 S2 P1 O3,de-protonated,0,-9999,C10 H17 O3 N4 P1 S2,10,17,3,4,1,2,-9999,N/A,-9999,-9999
1424,335.077555,335.07740152,335.07724102,3072778,-9999,335282.3,19.01,-1,0.478992912,0.959224114,0,0.575534468,9,0.5,1,O8,de-protonated,0,-9999,C16 H16 O8,16,16,8,-9999,-9999,-9999,-9999,N/A,-9999,-9999
1424,335.077555,335.07740152,335.077078829,3072778,-9999,335282.3,19.01,-1,0.963034997,0.845115379,0,0.507069228,4,0.181818182,1.909090909,N4 S2 P1 O2,de-protonated,0,-9999,C11 H21 O2 N4 P1 S2,11,21,2,4,1,2,-9999,N/A,-9999,-9999
1426,335.090578,335.090424516,335.090128179,2991373.8,-9999,308623.5,18.44,-1,0.884349526,0.867702543,0,0.520621526,4,0.615384615,1.615384615,P1 O8,de-protonated,0,-9999,C13 H21 O8 P1,13,21,8,-9999,1,-9999,-9999,N/A,-9999,-9999
1428,335.114715,335.11456151,335.114495909,3995924.8,-9999,302963,25.41,-1,0.195757301,0.993070837,0,0.595842502,7,0.111111111,1.333333333,S2 O2,de-protonated,0,-9999,C18 H24 O2 S2,18,24,2,-9999,-9999,2,-9999,N/A,-9999,-9999
1429,335.126976,335.126822507,335.126513689,3842328.3,-9999,341403.5,24.35,-1,0.921497792,0.857204611,0,0.514322767,3,0.5,1.785714286,P1 O7,de-protonated,0,-9999,C14 H25 O7 P1,14,25,7,-9999,1,-9999,-9999,N/A,-9999,-9999
1431,335.150293,335.150139501,335.150012039,2210079,-9999,345675.2,13.03,-1,0.380315458,0.974096689,0,0.584458013,7,0.333333333,1.333333333,O6,de-protonated,0,-9999,C18 H24 O6,18,24,6,-9999,-9999,-9999,-9999,N/A,-9999,-9999
1432,335.163349,335.163195498,335.162899198,12163363,-9999,308139.7,82.06,-1,0.884047416,0.433893331,0.860410506,0.604500201,2,0.4,1.933333333,P1 O6,de-protonated,0,-9999,C15 H29 O6 P1,15,29,6,-9999,1,-9999,-9999,N/A,-9999,-9999
1434,335.186614,335.186460492,335.186397548,1614377.6,-9999,286196.1,8.89,-1,0.187788933,0.993621698,0,0.596173019,6,0.263157895,1.473684211,O5,de-protonated,0,-9999,C19 H28 O5,19,28,5,-9999,-9999,-9999,-9999,N/A,-9999,-9999
1435,335.189738,335.189584491,335.189768851,1451562.5,-9999,326183.1,7.76,-1,-0.550016208,0.946587883,0,0.56795273,1,0.3125,2,S1 O5,de-protonated,0,-9999,C16 H32 O5 S1,16,32,5,-9999,-9999,1,-9999,N/A,-9999,-9999
1435,335.189738,335.189584491,335.189388729,1451562.5,-9999,326183.1,7.76,-1,0.584036133,0.939984568,0,0.563990741,6,0.111111111,1.611111111,N2 P1 O2,de-protonated,0,-9999,C18 H29 O2 N2 P1,18,29,2,2,1,-9999,-9999,N/A,-9999,-9999
1436,335.199748,335.199594489,335.199284708,34672940,-9999,311581.4,238.18,-1,0.924170949,0.855587037,0.99634566,0.911890486,1,0.3125,2.0625,P1 O5,de-protonated,0,-9999,C16 H33 O5 P1,16,33,5,-9999,1,-9999,-9999,N/A,-9999,-9999
1438,335.223042,335.222888483,335.222783057,8220980,-9999,312055.7,54.71,-1,0.314494838,0.988913099,0.936921975,0.968116649,5,0.2,1.6,O4,de-protonated,0,-9999,C20 H32 O4,20,32,4,-9999,-9999,-9999,-9999,N/A,-9999,-9999
1439,335.236104,335.23595048,335.235670217,11286840,-9999,308315,75.98,-1,0.836017831,0.867192677,0.975734296,0.910609325,0,0.235294118,2.176470588,P1 O4,de-protonated,0,-9999,C17 H37 O4 P1,17,37,4,-9999,1,-9999,-9999,N/A,-9999,-9999
1440,335.255466,335.255312475,335.255009469,8266045.5,-9999,315405.1,55.03,-1,0.903807509,0.862241722,0.985568745,0.911572531,0,0.176470588,2.235294118,13C1 N1 P1 O3,de-protonated,1,1417,C16 H38 O3 N1 P1 13C1,16,38,3,1,1,-9999,1,N/A,-9999,-9999
1440,335.255466,335.255312475,335.255145815,8266045.5,-9999,315405.1,55.03,-1,0.497115039,0.478075127,0.85247738,0.627836028,0,0.3125,2.25,N2 O5,de-protonated,0,-9999,C16 H36 O5 N2,16,36,5,2,-9999,-9999,-9999,N/A,-9999,-9999
1442,336.120403,336.120249259,336.120108891,3137594.5,-9999,299377.1,19.46,-1,0.417612473,0.96885077,0,0.581310462,8,0.4,1.266666667,N3 O6,de-protonated,0,-9999,C15 H19 O6 N3,15,19,6,3,-9999,-9999,-9999,N/A,-9999,-9999
1444,336.156653,336.15649925,336.1564944,2185797.3,-9999,307581.1,12.85,-1,0.014426415,0.999962237,0,0.599977342,7,0.3125,1.4375,N3 O5,de-protonated,0,-9999,C16 H23 O5 N3,16,23,5,3,-9999,-9999,-9999,N/A,-9999,-9999
1445,336.166776,336.166622247,336.166390379,2073672.1,-9999,335771,12.08,-1,0.689742455,0.917297674,0,0.550378604,2,0.571428571,1.928571429,N1 O8,de-protonated,0,-9999,C14 H27 O8 N1,14,27,8,1,-9999,-9999,-9999,N/A,-9999,-9999
1446,336.169835,336.169681246,336.16938156,10768969,-9999,310534,72.38,-1,0.891475198,0.432856274,0.876728111,0.610405008,2,0.384615385,2.153846154,N3 P1 O5,de-protonated,0,-9999,C13 H28 O5 N3 P1,13,28,5,3,1,-9999,-9999,N/A,-9999,-9999
1447,336.203106,336.202952238,336.202639543,6175315,-9999,317437.5,40.52,-1,0.930080189,0.85473651,0.99634566,0.91138017,1,0.3125,2.0625,13C1 P1 O5,de-protonated,1,1436,C15 H33 O5 P1 13C1,15,33,5,-9999,1,-9999,1,N/A,-9999,-9999
1447,336.203106,336.202952238,336.202775888,6175315,-9999,317437.5,40.52,-1,0.524534023,0.95130262,0,0.570781572,1,0.466666667,2.066666667,N1 O7,de-protonated,0,-9999,C15 H31 O7 N1,15,31,7,1,-9999,-9999,-9999,N/A,-9999,-9999
1448,336.2062,336.206046237,336.205767069,2843731.8,-9999,357099.2,17.42,-1,0.830349292,0.882404042,0,0.529442425,1,0.285714286,2.285714286,N3 P1 O4,de-protonated,0,-9999,C14 H32 O4 N3 P1,14,32,4,3,1,-9999,-9999,N/A,-9999,-9999
1449,336.220896,336.220742234,336.22102321,2877528.3,-9999,313720.6,17.65,-1,-0.83569059,0.880980393,0,0.528588236,5,0.055555556,1.777777778,N3 P1 O1,de-protonated,0,-9999,C18 H32 O1 N3 P1,18,32,1,3,1,-9999,-9999,N/A,-9999,-9999
1450,336.226344,336.226190232,336.226137892,2609241.8,-9999,290858.5,15.79,-1,0.155668511,0.995612664,0.936921975,0.972136388,5,0.2,1.6,13C1 O4,de-protonated,1,1438,C19 H32 O4 13C1,19,32,4,-9999,-9999,-9999,1,N/A,-9999,-9999
1451,336.239493,336.239339229,336.239025052,2470493.8,-9999,291003.8,14.83,-1,0.934385779,0.853492405,0.975734296,0.902389161,0,0.235294118,2.176470588,13C1 P1 O4,de-protonated,1,1439,C16 H37 O4 P1 13C1,16,37,4,-9999,1,-9999,1,N/A,-9999,-9999
1451,336.239493,336.239339229,336.239161398,2470493.8,-9999,291003.8,14.83,-1,0.528883497,0.95051207,0,0.570307242,0,0.375,2.1875,N1 O6,de-protonated,0,-9999,C16 H35 O6 N1,16,35,6,1,-9999,-9999,-9999,N/A,-9999,-9999
1456,336.986676,336.986522042,336.986725737,8696636,-9999,311784.3,58.01,-1,-0.604460276,0.46792676,0.885121231,0.634804548,11,0.666666667,0.583333333,N2 P1 O8,de-protonated,0,-9999,C12 H7 O8 N2 P1,12,7,8,2,1,-9999,-9999,N/A,-9999,-9999
1458,337.056709,337.056555025,337.056505575,3419985,-9999,316571.1,21.41,-1,0.146709805,0.996102157,0,0.597661294,9,0.6,0.933333333,O9,de-protonated,0,-9999,C15 H14 O9,15,14,9,-9999,-9999,-9999,-9999,N/A,-9999,-9999
1458,337.056709,337.056555025,337.056343384,3419985,-9999,316571.1,21.41,-1,0.627909334,0.930959227,0,0.558575536,4,0.3,1.9,N4 S2 P1 O3,de-protonated,0,-9999,C10 H19 O3 N4 P1 S2,10,19,3,4,1,2,-9999,N/A,-9999,-9999
1459,337.09316,337.093006015,337.092891084,5453660,-9999,325370.1,35.52,-1,0.340947645,0.979128336,0,0.587477002,8,0.5,1.125,O8,de-protonated,0,-9999,C16 H18 O8,16,18,8,-9999,-9999,-9999,-9999,N/A,-9999,-9999
1459,337.09316,337.093006015,337.092728893,5453660,-9999,325370.1,35.52,-1,0.822095327,0.884590536,0,0.530754322,3,0.181818182,2.090909091,N4 S2 P1 O2,de-protonated,0,-9999,C11 H23 O2 N4 P1 S2,11,23,2,4,1,2,-9999,N/A,-9999,-9999
1460,337.106213,337.106059012,337.105778244,3273056,-9999,304977.4,20.39,-1,0.832878611,0.881730738,0,0.529038443,3,0.615384615,1.769230769,P1 O8,de-protonated,0,-9999,C13 H23 O8 P1,13,23,8,-9999,1,-9999,-9999,N/A,-9999,-9999
1461,337.111522,337.111368011,337.111518529,1397601.5,-9999,256316.8,7.39,-1,-0.446493718,0.964473425,0,0.578684055,7,0.294117647,1.294117647,S1 O5,de-protonated,0,-9999,C17 H22 O5 S1,17,22,5,-9999,-9999,1,-9999,N/A,-9999,-9999
1461,337.111522,337.111368011,337.111138406,1397601.5,-9999,256316.8,7.39,-1,0.681093914,0.919273095,0,0.551563857,12,0.105263158,1,N2 P1 O2,de-protonated,0,-9999,C19 H19 O2 N2 P1,19,19,2,2,1,-9999,-9999,N/A,-9999,-9999
1462,337.129566,337.129412006,337.129276594,4652903,-9999,334124.3,29.96,-1,0.401663637,0.971150543,0,0.582690326,7,0.411764706,1.294117647,O7,de-protonated,0,-9999,C17 H22 O7,17,22,7,-9999,-9999,-9999,-9999,N/A,-9999,-9999
1462,337.129566,337.129412006,337.129114402,4652903,-9999,334124.3,29.96,-1,0.88275942,0.868145055,0,0.520887033,2,0.083333333,2.25,N4 S2 P1 O1,de-protonated,0,-9999,C12 H27 O1 N4 P1 S2,12,27,1,4,1,2,-9999,N/A,-9999,-9999
1465,337.165926,337.165771997,337.165662103,3746674,-9999,284792.5,23.68,-1,0.32593511,0.980908629,0,0.588545177,6,0.333333333,1.444444444,O6,de-protonated,0,-9999,C18 H26 O6,18,26,6,-9999,-9999,-9999,-9999,N/A,-9999,-9999
1466,337.173259,337.173104995,337.17287274,1521012.1,-9999,278623.3,8.24,-1,0.688830632,0.917506918,0,0.550504151,2,0.583333333,2.166666667,N4 O7,de-protonated,0,-9999,C12 H26 O7 N4,12,26,7,4,-9999,-9999,-9999,N/A,-9999,-9999
1467,337.179001,337.178846994,337.178549263,20820854,-9999,306195.1,142.1,-1,0.883007794,0.863902713,0.990620856,0.91458997,1,0.4,2.066666667,P1 O6,de-protonated,0,-9999,C15 H31 O6 P1,15,31,6,-9999,1,-9999,-9999,N/A,-9999,-9999
1469,337.202412,337.202257988,337.202047612,2126204.8,-9999,322620.3,12.44,-1,0.623886044,0.93181036,0,0.559086216,5,0.263157895,1.578947368,O5,de-protonated,0,-9999,C19 H30 O5,19,30,5,-9999,-9999,-9999,-9999,N/A,-9999,-9999
1470,337.205625,337.205470987,337.205418916,2691453.8,-9999,319406,16.36,-1,0.154420792,0.995682561,0,0.597409537,0,0.3125,2.125,S1 O5,de-protonated,0,-9999,C16 H34 O5 S1,16,34,5,-9999,-9999,1,-9999,N/A,-9999,-9999
1471,337.215398,337.215243985,337.214934772,13134721,-9999,303545.1,88.79,-1,0.916960673,0.850314794,0.99183766,0.90692394,0,0.3125,2.1875,P1 O5,de-protonated,0,-9999,C16 H35 O5 P1,16,35,5,-9999,1,-9999,-9999,N/A,-9999,-9999
1473,337.23871,337.238555979,337.238433122,2948999.8,-9999,312562.3,18.15,-1,0.364303741,0.976206278,0,0.585723767,4,0.2,1.7,O4,de-protonated,0,-9999,C20 H34 O4,20,34,4,-9999,-9999,-9999,-9999,N/A,-9999,-9999
1476,338.027648,338.027493782,338.027471807,3501175.3,-9999,345045,21.97,-1,0.065008433,0.999233474,0,0.599540085,9,0.307692308,1,N3 S2 O4,de-protonated,0,-9999,C13 H13 O4 N3 S2,13,13,4,3,-9999,2,-9999,N/A,-9999,-9999
1477,338.124696,338.124541757,338.124525566,1368213,-9999,298489.9,7.18,-1,0.047886124,0.99958401,0,0.599750406,7,0.4375,1.3125,N1 O7,de-protonated,0,-9999,C16 H21 O7 N1,16,21,7,1,-9999,-9999,-9999,N/A,-9999,-9999
1478,338.133711,338.133556755,338.133257032,1627799.8,-9999,461147.3,8.98,-1,0.88640609,0.867129375,0,0.520277625,11,0.052631579,1.105263158,N3 S1 O1,de-protonated,0,-9999,C19 H21 O1 N3 S1,19,21,1,3,-9999,1,-9999,N/A,-9999,-9999
1479,338.149079,338.148924751,338.148646115,3233948.5,-9999,340401,20.12,-1,0.824006003,0.884085856,0,0.530451514,2,0.5,2.166666667,N3 P1 O6,de-protonated,0,-9999,C12 H26 O6 N3 P1,12,26,6,3,1,-9999,-9999,N/A,-9999,-9999
1481,338.172568,338.172413745,338.172144465,1470115.6,-9999,341029.5,7.89,-1,0.796283384,0.891320984,0,0.53479259,6,0.3125,1.5625,N3 O5,de-protonated,0,-9999,C16 H25 O5 N3,16,25,5,3,-9999,-9999,-9999,N/A,-9999,-9999
1482,338.182367,338.182212743,338.181904098,3644582.8,-9999,335281.8,22.97,-1,0.912660479,0.859729453,0.990620856,0.912086014,1,0.4,2.066666667,13C1 P1 O6,de-protonated,1,1467,C14 H31 O6 P1 13C1,14,31,6,-9999,1,-9999,1,N/A,-9999,-9999
1482,338.182367,338.182212743,338.182040443,3644582.8,-9999,335281.8,22.97,-1,0.509487844,0.953991934,0,0.572395161,1,0.571428571,2.071428571,N1 O8,de-protonated,0,-9999,C14 H29 O8 N1,14,29,8,1,-9999,-9999,-9999,N/A,-9999,-9999
1483,338.200165,338.200010739,338.200287765,2105516.3,-9999,320744.7,12.29,-1,-0.819120838,0.885374447,0,0.531224668,5,0.117647059,1.764705882,N3 P1 O2,de-protonated,0,-9999,C17 H30 O2 N3 P1,17,30,2,3,1,-9999,-9999,N/A,-9999,-9999
1484,338.218773,338.218618734,338.218289607,2421937.8,-9999,332698.4,14.49,-1,0.97311947,0.842126599,0.99183766,0.902011023,0,0.3125,2.1875,13C1 P1 O5,de-protonated,1,1471,C15 H35 O5 P1 13C1,15,35,5,-9999,1,-9999,1,N/A,-9999,-9999
1484,338.218773,338.218618734,338.218425953,2421937.8,-9999,332698.4,14.49,-1,0.569990184,0.942753295,0,0.565651977,0,0.466666667,2.2,N1 O7,de-protonated,0,-9999,C15 H33 O7 N1,15,33,7,1,-9999,-9999,-9999,N/A,-9999,-9999
1485,338.236512,338.236357729,338.236673275,1501111.4,-9999,351873.7,8.1,-1,-0.932912865,0.853918447,0,0.512351068,4,0.055555556,1.888888889,N3 P1 O1,de-protonated,0,-9999,C18 H34 O1 N3 P1,18,34,1,3,1,-9999,-9999,N/A,-9999,-9999
1491,339.037893,339.037738529,339.037976921,1496751.5,-9999,287145.6,8.07,-1,-0.70314109,0.914196655,0,0.548517993,13,0.0625,0.75,N4 S2 O1,de-protonated,0,-9999,C16 H12 O1 N4 S2,16,12,1,4,-9999,2,-9999,N/A,-9999,-9999
1492,339.056437,339.056282524,339.056386434,2442165.3,-9999,325349.4,14.63,-1,-0.306466992,0.983102367,0,0.58986142,22,0.041666667,0.333333333,N2 O1,de-protonated,0,-9999,C24 H8 O1 N2,24,8,1,2,-9999,-9999,-9999,N/A,-9999,-9999
1494,339.07245,339.07229552,339.072155639,5907898.5,-9999,316263.6,38.66,-1,0.412540109,0.969591304,0,0.581754782,8,0.6,1.066666667,O9,de-protonated,0,-9999,C15 H16 O9,15,16,9,-9999,-9999,-9999,-9999,N/A,-9999,-9999
1494,339.07245,339.07229552,339.071993448,5907898.5,-9999,316263.6,38.66,-1,0.890879223,0.865879423,0,0.519527654,3,0.3,2.1,N4 S2 P1 O3,de-protonated,0,-9999,C10 H21 O3 N4 P1 S2,10,21,3,4,1,2,-9999,N/A,-9999,-9999
1495,339.108836,339.108681511,339.108541149,7419333.5,-9999,303986.3,49.15,-1,0.413915889,0.484695644,0.85247738,0.631808338,7,0.5,1.25,O8,de-protonated,0,-9999,C16 H20 O8,16,20,8,-9999,-9999,-9999,-9999,N/A,-9999,-9999
1495,339.108836,339.108681511,339.108378958,7419333.5,-9999,303986.3,49.15,-1,0.892203679,0.865508463,0,0.519305078,2,0.181818182,2.272727273,N4 S2 P1 O2,de-protonated,0,-9999,C11 H25 O2 N4 P1 S2,11,25,2,4,1,2,-9999,N/A,-9999,-9999
1496,339.121866,339.121711508,339.121428308,2041289.8,-9999,328238.5,11.85,-1,0.835097875,0.881138709,0,0.528683226,2,0.615384615,1.923076923,P1 O8,de-protonated,0,-9999,C13 H25 O8 P1,13,25,8,-9999,1,-9999,-9999,N/A,-9999,-9999
1497,339.145226,339.145071502,339.144926658,3923409,-9999,303951.8,24.9,-1,0.427085739,0.967445057,0,0.580467034,6,0.411764706,1.411764706,O7,de-protonated,0,-9999,C17 H24 O7,17,24,7,-9999,-9999,-9999,-9999,N/A,-9999,-9999
1497,339.145226,339.145071502,339.144764467,3923409,-9999,303951.8,24.9,-1,0.905322221,0.861813099,0,0.51708786,1,0.083333333,2.416666667,N4 S2 P1 O1,de-protonated,0,-9999,C12 H29 O1 N4 P1 S2,12,29,1,4,1,2,-9999,N/A,-9999,-9999
1499,339.163791,339.163636498,339.163554103,1464790.9,-9999,336981.5,7.85,-1,0.24293503,0.989348498,0,0.593609099,5,0.222222222,1.555555556,S1 O4,de-protonated,0,-9999,C18 H28 O4 S1,18,28,4,-9999,-9999,1,-9999,N/A,-9999,-9999
1500,339.166313,339.166158497,339.166056026,2714071.5,-9999,311379.1,16.51,-1,0.302125244,0.98357383,0,0.590144298,1,0.642857143,2,O9,de-protonated,0,-9999,C14 H28 O9,14,28,9,-9999,-9999,-9999,-9999,N/A,-9999,-9999
1502,339.181593,339.181438493,339.181312168,8883676,-9999,306250.2,59.3,-1,0.37244244,0.97343759,0.95543761,0.966237598,5,0.333333333,1.555555556,O6,de-protonated,0,-9999,C18 H28 O6,18,28,6,-9999,-9999,-9999,-9999,N/A,-9999,-9999
1503,339.194678,339.19452349,339.194199327,26711520,-9999,304899.2,182.95,-1,0.9556846,0.859435579,0.999368896,0.915408906,0,0.4,2.2,P1 O6,de-protonated,0,-9999,C15 H33 O6 P1,15,33,6,-9999,1,-9999,-9999,N/A,-9999,-9999
1504,339.200247,339.200092488,339.199939612,21145058,-9999,307931,144.34,-1,0.450696542,0.962527551,0.991544836,0.974134465,4,0.157894737,1.684210526,S1 O3,de-protonated,0,-9999,C19 H32 O3 S1,19,32,3,-9999,-9999,1,-9999,N/A,-9999,-9999
1506,339.217918,339.217763484,339.217697677,3047911.8,-9999,320842.8,18.83,-1,0.1939966,0.9931945,0,0.5959167,4,0.263157895,1.684210526,O5,de-protonated,0,-9999,C19 H32 O5,19,32,5,-9999,-9999,-9999,-9999,N/A,-9999,-9999
1509,340.024659,340.024504282,340.024494427,1439974.4,-9999,381363.9,7.67,-1,0.02898409,0.999847581,0,0.599908548,9,0.583333333,0.916666667,N3 S1 O7,de-protonated,0,-9999,C12 H11 O7 N3 S1,12,11,7,3,-9999,1,-9999,N/A,-9999,-9999
1510,340.184957,340.184802242,340.184667003,2326297.5,-9999,319201.2,13.82,-1,0.397547275,0.971730432,0.95543761,0.965213303,5,0.333333333,1.555555556,13C1 O6,de-protonated,1,1502,C17 H28 O6 13C1,17,28,6,-9999,-9999,-9999,1,N/A,-9999,-9999
1511,340.198005,340.197850239,340.197554162,4310813.5,-9999,307380.2,27.58,-1,0.870308003,0.87159033,0.999368896,0.922701756,0,0.4,2.2,13C1 P1 O6,de-protonated,1,1503,C14 H33 O6 P1 13C1,14,33,6,-9999,1,-9999,1,N/A,-9999,-9999
1511,340.198005,340.197850239,340.197690508,4310813.5,-9999,307380.2,27.58,-1,0.469524158,0.960788579,0,0.576473147,0,0.571428571,2.214285714,N1 O8,de-protonated,0,-9999,C14 H31 O8 N1,14,31,8,1,-9999,-9999,-9999,N/A,-9999,-9999
1512,340.203608,340.203453237,340.203294447,4607775.5,-9999,313834.8,29.64,-1,0.466750955,0.96124134,0.991544836,0.973362738,4,0.157894737,1.684210526,13C1 S1 O3,de-protonated,1,1504,C18 H32 O3 S1 13C1,18,32,3,-9999,-9999,1,1,N/A,-9999,-9999
1513,340.224495,340.224340232,340.224180038,4606758,-9999,287998.1,29.64,-1,0.470847864,0.960571597,0,0.576342958,4,0.235294118,1.823529412,N3 O4,de-protonated,0,-9999,C17 H31 O4 N3,17,31,4,3,-9999,-9999,-9999,N/A,-9999,-9999
1516,341.051723,341.051568025,341.051420195,3531824.3,-9999,313213.1,22.18,-1,0.433455767,0.966483273,0,0.579889964,8,0.714285714,1,O10,de-protonated,0,-9999,C14 H14 O10,14,14,10,-9999,-9999,-9999,-9999,N/A,-9999,-9999
1516,341.051723,341.051568025,341.051258003,3531824.3,-9999,313213.1,22.18,-1,0.909018887,0.860764929,0,0.516458958,3,0.444444444,2.111111111,N4 S2 P1 O4,de-protonated,0,-9999,C9 H19 O4 N4 P1 S2,9,19,4,4,1,2,-9999,N/A,-9999,-9999
1517,341.088053,341.087898016,341.087805704,7915580,-9999,301743.3,52.58,-1,0.270640776,0.49339873,0.860410506,0.64020344,7,0.6,1.2,O9,de-protonated,0,-9999,C15 H18 O9,15,18,9,-9999,-9999,-9999,-9999,N/A,-9999,-9999
1517,341.088053,341.087898016,341.087643513,7915580,-9999,301743.3,52.58,-1,0.746153087,0.903914461,0,0.542348677,2,0.3,2.3,N4 S2 P1 O3,de-protonated,0,-9999,C10 H23 O3 N4 P1 S2,10,23,3,4,1,2,-9999,N/A,-9999,-9999
1518,341.124496,341.124341007,341.124191213,5800008,-9999,303841.2,37.91,-1,0.43911809,0.965617208,0,0.579370325,6,0.5,1.375,O8,de-protonated,0,-9999,C16 H22 O8,16,22,8,-9999,-9999,-9999,-9999,N/A,-9999,-9999
1518,341.124496,341.124341007,341.124029022,5800008,-9999,303841.2,37.91,-1,0.914579762,0.859182547,0,0.515509528,1,0.181818182,2.454545455,N4 S2 P1 O2,de-protonated,0,-9999,C11 H27 O2 N4 P1 S2,11,27,2,4,1,2,-9999,N/A,-9999,-9999
1520,341.152812,341.152657,341.152334514,2363985,-9999,285124.6,14.08,-1,0.945284052,0.850325859,0,0.510195515,5,0.294117647,1.588235294,P1 O5,de-protonated,0,-9999,C17 H27 O5 P1,17,27,5,-9999,1,-9999,-9999,N/A,-9999,-9999
1521,341.160887,341.160731998,341.160576723,5106771.5,-9999,302928.6,33.1,-1,0.455138612,0.96311033,0,0.577866198,5,0.411764706,1.529411765,O7,de-protonated,0,-9999,C17 H26 O7,17,26,7,-9999,-9999,-9999,-9999,N/A,-9999,-9999
1522,341.179569,341.179413993,341.179204167,2814553.8,-9999,337157.6,17.2,-1,0.615002515,0.933673017,0,0.56020381,4,0.222222222,1.666666667,S1 O4,de-protonated,0,-9999,C18 H30 O4 S1,18,30,4,-9999,-9999,1,-9999,N/A,-9999,-9999
1523,341.183344,341.183188992,341.183043501,7776347,-9999,308498.9,51.62,-1,0.426431375,0.483771552,0.860410506,0.634427134,5,0.333333333,1.733333333,N4 O5,de-protonated,0,-9999,C15 H26 O5 N4,15,26,5,4,-9999,-9999,-9999,N/A,-9999,-9999
1525,341.19725,341.197094989,341.196962232,27441248,-9999,296837.8,188.01,-1,0.389091701,0.978351391,0.999235226,0.986704925,4,0.333333333,1.666666667,O6,de-protonated,0,-9999,C18 H30 O6,18,30,6,-9999,-9999,-9999,-9999,N/A,-9999,-9999
1526,341.233652,341.23349698,341.233347741,5509227,-9999,319697.8,35.89,-1,0.437350138,0.482944372,0.829532115,0.621579469,3,0.263157895,1.789473684,O5,de-protonated,0,-9999,C19 H34 O5,19,34,5,-9999,-9999,-9999,-9999,N/A,-9999,-9999
1527,341.270075,341.269919971,341.269733251,2787447,-9999,334433.4,17.02,-1,0.547133172,0.947131327,0,0.568278796,2,0.2,1.9,O4,de-protonated,0,-9999,C20 H38 O4,20,38,4,-9999,-9999,-9999,-9999,N/A,-9999,-9999
1530,342.12055,342.120394758,342.120309565,3097485.8,-9999,317789.4,19.01,-1,0.249013582,0.988811831,0,0.593287099,5,0.1875,1.5625,N1 S2 O3,de-protonated,0,-9999,C16 H25 O3 N1 S2,16,25,3,1,-9999,2,-9999,N/A,-9999,-9999
1531,342.167353,342.167197746,342.167059084,15546781,-9999,300768.4,104.67,-1,0.405246863,0.985265926,0.998147902,0.990418717,5,0.4,1.666666667,N3 O6,de-protonated,0,-9999,C15 H25 O6 N3,15,25,6,3,-9999,-9999,-9999,N/A,-9999,-9999
1532,342.200575,342.200419738,342.200317067,5372328,-9999,313320.4,34.66,-1,0.30003154,0.983798858,0.999235226,0.989973405,4,0.333333333,1.666666667,13C1 O6,de-protonated,1,1525,C17 H30 O6 13C1,17,30,6,-9999,-9999,-9999,1,N/A,-9999,-9999
1533,342.24009,342.239934728,342.239830103,2426805.3,-9999,333511.2,14.4,-1,0.30570736,0.983185324,0,0.589911194,3,0.235294118,1.941176471,N3 O4,de-protonated,0,-9999,C17 H33 O4 N3,17,33,4,3,-9999,-9999,-9999,N/A,-9999,-9999
1539,343.067359,343.067203521,343.067070259,3657416.5,-9999,311455.9,22.86,-1,0.388443289,0.972992929,0,0.583795758,7,0.714285714,1.142857143,O10,de-protonated,0,-9999,C14 H16 O10,14,16,10,-9999,-9999,-9999,-9999,N/A,-9999,-9999
1539,343.067359,343.067203521,343.066908068,3657416.5,-9999,311455.9,22.86,-1,0.861212271,0.87408465,0,0.52445078999999994,2,0.444444444,2.333333333,N4 S2 P1 O4,de-protonated,0,-9999,C9 H21 O4 N4 P1 S2,9,21,4,4,1,2,-9999,N/A,-9999,-9999
1540,343.103707,343.103551512,343.103455768,6370004.5,-9999,304102.7,41.53,-1,0.279051867,0.492984976,0.860410506,0.639955188,6,0.6,1.333333333,O9,de-protonated,0,-9999,C15 H20 O9,15,20,9,-9999,-9999,-9999,-9999,N/A,-9999,-9999
1540,343.103707,343.103551512,343.103293577,6370004.5,-9999,304102.7,41.53,-1,0.751770661,0.902535386,0,0.541521231,1,0.3,2.5,N4 S2 P1 O3,de-protonated,0,-9999,C10 H25 O3 N4 P1 S2,10,25,3,4,1,2,-9999,N/A,-9999,-9999
1541,343.132016,343.131860505,343.131599069,1807582.1,-9999,285608.4,10.14,-1,0.76191094,0.900025246,0,0.540015148,5,0.375,1.5625,P1 O6,de-protonated,0,-9999,C16 H25 O6 P1,16,25,6,-9999,1,-9999,-9999,N/A,-9999,-9999
1542,343.140134,343.139978503,343.139841278,3267296.8,-9999,323358.9,20.18,-1,0.399910422,0.971398213,0,0.582838928,5,0.5,1.5,O8,de-protonated,0,-9999,C16 H24 O8,16,24,8,-9999,-9999,-9999,-9999,N/A,-9999,-9999
1544,343.168452,343.168296496,343.167984579,17267434,-9999,301733.8,116.51,-1,0.908934604,0.871190756,0.994386571,0.920469082,4,0.294117647,1.705882353,P1 O5,de-protonated,0,-9999,C17 H29 O5 P1,17,29,5,-9999,1,-9999,-9999,N/A,-9999,-9999
1545,343.170561,343.170405495,343.17035356,2483435,-9999,353246.4,14.79,-1,0.151338856,0.995852823,0,0.597511694,13,0.083333333,1,O2,de-protonated,0,-9999,C24 H24 O2,24,24,2,-9999,-9999,-9999,-9999,N/A,-9999,-9999
1545,343.170561,343.170405495,343.170413919,2483435,-9999,353246.4,14.79,-1,-0.024547167,0.999890672,0.998147902,0.999193564,5,0.4,1.666666667,13C1 N3 O6,de-protonated,1,1531,C14 H25 O6 N3 13C1,14,25,6,3,-9999,-9999,1,N/A,-9999,-9999
1546,343.17655,343.176394494,343.176226787,3061485,-9999,284692.3,18.76,-1,0.488689855,0.957592294,0,0.574555377,4,0.411764706,1.647058824,O7,de-protonated,0,-9999,C17 H28 O7,17,28,7,-9999,-9999,-9999,-9999,N/A,-9999,-9999
1547,343.187861,343.187705491,343.187460176,1457648.9,-9999,341142.8,7.73,-1,0.714812311,0.911455587,0,0.546873352,4,0.375,1.75,N2 O6,de-protonated,0,-9999,C16 H28 O6 N2,16,28,6,2,-9999,-9999,-9999,N/A,-9999,-9999
1548,343.199036,343.198880488,343.198693566,4793076.5,-9999,300625.7,30.68,-1,0.544648158,0.947597702,0,0.568558621,4,0.333333333,1.866666667,N4 O5,de-protonated,0,-9999,C15 H28 O5 N4,15,28,5,4,-9999,-9999,-9999,N/A,-9999,-9999
1549,343.212919,343.212763485,343.212612296,66476792,-9999,300905.8,455.1,-1,0.440509144,0.643976775,0.976162844,0.776851203,3,0.333333333,1.777777778,O6,de-protonated,0,-9999,C18 H32 O6,18,32,6,-9999,-9999,-9999,-9999,N/A,-9999,-9999
1550,343.249302,343.249146476,343.248997806,9743109,-9999,298428.4,64.74,-1,0.433125355,0.982404051,0.9741842,0.979116111,2,0.263157895,1.894736842,O5,de-protonated,0,-9999,C19 H36 O5,19,36,5,-9999,-9999,-9999,-9999,N/A,-9999,-9999
1553,344.102144,344.101988262,344.102076044,1397285.8,-9999,286140.5,7.31,-1,-0.255103331,0.988261179,0,0.592956707,1,0.818181818,2.090909091,N1 S1 O9,de-protonated,0,-9999,C11 H23 O9 N1 S1,11,23,9,1,-9999,1,-9999,N/A,-9999,-9999
1553,344.102144,344.101988262,344.101695921,1397285.8,-9999,286140.5,7.31,-1,0.849577139,0.877247362,0,0.526348417,6,0.461538462,1.538461538,N3 P1 O6,de-protonated,0,-9999,C13 H20 O6 N3 P1,13,20,6,3,1,-9999,-9999,N/A,-9999,-9999
1554,344.136204,344.136048254,344.13595963,2872369.3,-9999,373356.6,17.46,-1,0.257526111,0.988038492,0,0.592823095,4,0.1875,1.6875,N1 S2 O3,de-protonated,0,-9999,C16 H27 O3 N1 S2,16,27,3,1,-9999,2,-9999,N/A,-9999,-9999
1555,344.146535,344.146379251,344.146323639,2631733,-9999,307169.2,15.8,-1,0.16159403,0.995273105,0,0.597163863,5,0.5,1.642857143,N3 O7,de-protonated,0,-9999,C14 H23 O7 N3,14,23,7,3,-9999,-9999,-9999,N/A,-9999,-9999
1556,344.171782,344.171626245,344.171339414,3311677.5,-9999,303649.4,20.48,-1,0.833396636,0.881592651,0.994386571,0.926710219,4,0.294117647,1.705882353,13C1 P1 O5,de-protonated,1,1544,C16 H29 O5 P1 13C1,16,29,5,-9999,1,-9999,1,N/A,-9999,-9999
1556,344.171782,344.171626245,344.171475759,3311677.5,-9999,303649.4,20.48,-1,0.437240234,0.96590559,0,0.579543354,4,0.4375,1.6875,N1 O7,de-protonated,0,-9999,C16 H27 O7 N1,16,27,7,1,-9999,-9999,-9999,N/A,-9999,-9999
1557,344.183006,344.182850242,344.182709149,22359106,-9999,298612.7,151.54,-1,0.409937848,0.984204521,0.976359475,0.981066503,4,0.4,1.8,N3 O6,de-protonated,0,-9999,C15 H27 O6 N3,15,27,6,3,-9999,-9999,-9999,N/A,-9999,-9999
1558,344.216272,344.216116234,344.215967132,11867213,-9999,302676.9,79.35,-1,0.433164882,0.644351655,0.976162844,0.77707613,3,0.333333333,1.777777778,13C1 O6,de-protonated,1,1549,C17 H32 O6 13C1,17,32,6,-9999,-9999,-9999,1,N/A,-9999,-9999
1559,344.219393,344.219237233,344.219094658,4309069.5,-9999,316437.9,27.34,-1,0.414198604,0.969350108,0,0.581610065,3,0.3125,1.9375,N3 O5,de-protonated,0,-9999,C16 H31 O5 N3,16,31,5,3,-9999,-9999,-9999,N/A,-9999,-9999
1560,344.252542,344.252386225,344.252352641,1647705,-9999,353022.5,9.03,-1,0.097555897,0.998274615,0.9741842,0.988638449,2,0.263157895,1.894736842,13C1 O5,de-protonated,1,1550,C18 H36 O5 13C1,18,36,5,-9999,-9999,-9999,1,N/A,-9999,-9999
1561,344.272878,344.27272222,344.272390079,1389407.9,-9999,337090.3,7.26,-1,0.964761568,0.844605128,0,0.506763077,1,0.105263158,2.105263158,N1 P1 O2,de-protonated,0,-9999,C19 H40 O2 N1 P1,19,40,2,1,1,-9999,-9999,N/A,-9999,-9999
1566,345.054733,345.054577024,345.054686157,2787180,-9999,309438.1,16.87,-1,-0.316278574,0.982013032,0,0.589207819,16,0.111111111,0.611111111,N4 P1 O2,de-protonated,0,-9999,C18 H11 O2 N4 P1,18,11,2,4,1,-9999,-9999,N/A,-9999,-9999
1566,345.054733,345.054577024,345.054414831,2787180,-9999,309438.1,16.87,-1,0.470049792,0.960702484,0,0.57642149,2,0.875,2.25,N4 S2 O7,de-protonated,0,-9999,C8 H18 O7 N4 S2,8,18,7,4,-9999,2,-9999,N/A,-9999,-9999
1567,345.061964,345.061808022,345.061590955,1832814.5,-9999,344253.8,10.3,-1,0.629066877,0.930713478,0,0.558428087,11,0.470588235,0.823529412,O8,de-protonated,0,-9999,C17 H14 O8,17,14,8,-9999,-9999,-9999,-9999,N/A,-9999,-9999
1568,345.068167,345.068011021,345.068333562,3365232.8,-9999,319420.3,20.85,-1,-0.934717396,0.853396421,0,0.512037853,1,0.727272727,2,S2 O8,de-protonated,0,-9999,C11 H22 O8 S2,11,22,8,-9999,-9999,2,-9999,N/A,-9999,-9999
1568,345.068167,345.068011021,345.06795344,3365232.8,-9999,319420.3,20.85,-1,0.166869005,0.994960256,0,0.596976153,6,0.384615385,1.461538462,N2 S1 P1 O5,de-protonated,0,-9999,C13 H19 O5 N2 P1 S1,13,19,5,2,1,1,-9999,N/A,-9999,-9999
1569,345.073306,345.073150019,345.072824345,7017842.5,-9999,299799.9,45.98,-1,0.943785391,0.425381389,0.85247738,0.596219786,11,0.4375,0.875,N2 O7,de-protonated,0,-9999,C16 H14 O7 N2,16,14,7,2,-9999,-9999,-9999,N/A,-9999,-9999
1570,345.083054,345.082898017,345.082720324,3419509.8,-9999,330743.4,21.22,-1,0.514930108,0.95302736,0,0.571816416,6,0.714285714,1.285714286,O10,de-protonated,0,-9999,C14 H18 O10,14,18,10,-9999,-9999,-9999,-9999,N/A,-9999,-9999
1570,345.083054,345.082898017,345.083209581,3419509.8,-9999,330743.4,21.22,-1,-0.902865915,0.862507913,0,0.517504748,10,0.117647059,1.117647059,N2 S1 P1 O2,de-protonated,0,-9999,C17 H19 O2 N2 P1 S1,17,19,2,2,1,1,-9999,N/A,-9999,-9999
1571,345.098268,345.098112013,345.097976465,2241915,-9999,355966.8,13.12,-1,0.39278233,0.972394655,0,0.583436793,10,0.388888889,1,O7,de-protonated,0,-9999,C18 H18 O7,18,18,7,-9999,-9999,-9999,-9999,N/A,-9999,-9999
1571,345.098268,345.098112013,345.097814273,2241915,-9999,355966.8,13.12,-1,0.862769061,0.873659086,0,0.524195452,5,0.076923077,1.769230769,N4 S2 P1 O1,de-protonated,0,-9999,C13 H23 O1 N4 P1 S2,13,23,1,4,1,2,-9999,N/A,-9999,-9999
1572,345.119495,345.119339008,345.119105833,2446210.3,-9999,332623.3,14.52,-1,0.675636364,0.92050899,0,0.552305394,5,0.6,1.466666667,O9,de-protonated,0,-9999,C15 H22 O9,15,22,9,-9999,-9999,-9999,-9999,N/A,-9999,-9999
1572,345.119495,345.119339008,345.11959509,2446210.3,-9999,332623.3,14.52,-1,-0.74201041,0.904926171,0,0.542955703,9,0.055555556,1.277777778,N2 S1 P1 O1,de-protonated,0,-9999,C18 H23 O1 N2 P1 S1,18,23,1,2,1,1,-9999,N/A,-9999,-9999
1573,345.130681,345.130525005,345.130339222,1557382.3,-9999,313631.6,8.41,-1,0.53829788,0.948780876,0,0.569268525,5,0.571428571,1.571428571,N2 O8,de-protonated,0,-9999,C14 H22 O8 N2,14,22,8,2,-9999,-9999,-9999,N/A,-9999,-9999
1574,345.147743,345.147587001,345.147249134,12416396,-9999,300304,83.13,-1,0.9789071,0.851351482,0.974200133,0.900490942,4,0.375,1.6875,P1 O6,de-protonated,0,-9999,C16 H27 O6 P1,16,27,6,-9999,1,-9999,-9999,N/A,-9999,-9999
1575,345.1559,345.155743999,345.155491342,2539919,-9999,271279.6,15.17,-1,0.732007946,0.907350312,0,0.544410187,4,0.5,1.625,O8,de-protonated,0,-9999,C16 H26 O8,16,26,8,-9999,-9999,-9999,-9999,N/A,-9999,-9999
1578,345.178283,345.178126993,345.177958121,5052822.5,-9999,313768.3,32.46,-1,0.489232815,0.95750004,0,0.574500024,4,0.428571429,1.857142857,N4 O6,de-protonated,0,-9999,C14 H26 O6 N4,14,26,6,4,-9999,-9999,-9999,N/A,-9999,-9999
1579,345.184107,345.183950992,345.183634643,68394392,-9999,298472.5,468.29,-1,0.91646479,0.579094007,0.84674866,0.686155868,3,0.294117647,1.823529412,P1 O5,de-protonated,0,-9999,C17 H31 O5 P1,17,31,5,-9999,1,-9999,-9999,N/A,-9999,-9999
1580,345.186252,345.186095991,345.186003625,4361625.5,-9999,307227.3,27.7,-1,0.267584403,0.493546025,0.793917021,0.613694423,12,0.083333333,1.083333333,O2,de-protonated,0,-9999,C24 H26 O2,24,26,2,-9999,-9999,-9999,-9999,N/A,-9999,-9999
1580,345.186252,345.186095991,345.186063984,4361625.5,-9999,307227.3,27.7,-1,0.092725414,0.99844112,0.976359475,0.989608462,4,0.4,1.8,13C1 N3 O6,de-protonated,1,1557,C14 H27 O6 N3 13C1,14,27,6,3,-9999,-9999,1,N/A,-9999,-9999
1581,345.192243,345.19208699,345.191876852,2755483.5,-9999,304906.5,16.65,-1,0.608757437,0.934968656,0,0.560981193,3,0.411764706,1.764705882,O7,de-protonated,0,-9999,C17 H30 O7,17,30,7,-9999,-9999,-9999,-9999,N/A,-9999,-9999
1582,345.228552,345.228395981,345.228262361,31120808,-9999,296507.1,211.82,-1,0.38704737,0.969066438,0.990794979,0.977757854,2,0.333333333,1.888888889,O6,de-protonated,0,-9999,C18 H34 O6,18,34,6,-9999,-9999,-9999,-9999,N/A,-9999,-9999
1585,346.115511,346.115354759,346.115224185,2848476.3,-9999,311060.3,17.29,-1,0.377255373,0.974506519,0,0.584703912,4,0.266666667,1.666666667,N1 S2 O4,de-protonated,0,-9999,C15 H25 O4 N1 S2,15,25,4,1,-9999,2,-9999,N/A,-9999,-9999
1586,346.133233,346.133076754,346.13298225,1576674.5,-9999,337894.4,8.54,-1,0.273029905,0.986564915,0,0.591938949,4,0.4,1.666666667,N1 S1 O6,de-protonated,0,-9999,C15 H25 O6 N1 S1,15,25,6,1,-9999,1,-9999,N/A,-9999,-9999
1587,346.151073,346.15091675,346.150603969,2603240.8,-9999,333127,15.6,-1,0.90359823,0.862300902,0.974200133,0.907060595,4,0.375,1.6875,13C1 P1 O6,de-protonated,1,1574,C15 H27 O6 P1 13C1,15,27,6,-9999,1,-9999,1,N/A,-9999,-9999
1587,346.151073,346.15091675,346.150740314,2603240.8,-9999,333127,15.6,-1,0.509706993,0.953953272,0,0.572371963,4,0.533333333,1.666666667,N1 O8,de-protonated,0,-9999,C15 H25 O8 N1,15,25,8,1,-9999,-9999,-9999,N/A,-9999,-9999
1588,346.162257,346.162100747,346.161973704,16178925,-9999,302605.3,109.01,-1,0.367005551,0.970845044,0.998214562,0.981792851,4,0.5,1.785714286,N3 O7,de-protonated,0,-9999,C14 H25 O7 N3,14,25,7,3,-9999,-9999,-9999,N/A,-9999,-9999
1589,346.187493,346.187336741,346.187125824,14438133,-9999,304823.1,97.03,-1,0.609257185,0.94925926,0.955023546,0.951564974,3,0.4375,1.8125,N1 O7,de-protonated,0,-9999,C16 H29 O7 N1,16,29,7,1,-9999,-9999,-9999,N/A,-9999,-9999
1590,346.215743,346.215586734,346.215269125,9789183,-9999,311838.1,65.05,-1,0.917374525,0.892973384,0.990823294,0.932113348,2,0.235294118,2,N1 P1 O4,de-protonated,0,-9999,C17 H34 O4 N1 P1,17,34,4,1,1,-9999,-9999,N/A,-9999,-9999
1591,346.231927,346.23177073,346.231617196,5654277,-9999,315167.5,36.6,-1,0.443442056,0.96494881,0.990794979,0.975287278,2,0.333333333,1.888888889,13C1 O6,de-protonated,1,1582,C17 H34 O6 13C1,17,34,6,-9999,-9999,-9999,1,N/A,-9999,-9999
1595,346.968852,346.968695545,346.968953872,1591048.3,-9999,280917.7,8.64,-1,-0.744523117,0.904313064,0,0.542587838,12,0.4,0.533333333,S2 O6,de-protonated,0,-9999,C15 H8 O6 S2,15,8,6,-9999,-9999,2,-9999,N/A,-9999,-9999
1596,347.041104,347.040947527,347.040855511,1509665.8,-9999,368108.1,8.08,-1,0.265146567,0.987324684,0,0.592394811,11,0.5625,0.75,O9,de-protonated,0,-9999,C16 H12 O9,16,12,9,-9999,-9999,-9999,-9999,N/A,-9999,-9999
1596,347.041104,347.040947527,347.040693319,1509665.8,-9999,368108.1,8.08,-1,0.732502057,0.907231183,0,0.54433871,6,0.272727273,1.545454545,N4 S2 P1 O3,de-protonated,0,-9999,C11 H17 O3 N4 P1 S2,11,17,3,4,1,2,-9999,N/A,-9999,-9999
1598,347.070331,347.07017452,347.069868191,4740140,-9999,331279.6,30.3,-1,0.882613789,0.868185554,0,0.520911333,9,0.055555556,1.166666667,S2 P1 O1,de-protonated,0,-9999,C18 H21 O1 P1 S2,18,21,1,-9999,1,2,-9999,N/A,-9999,-9999
1598,347.070331,347.07017452,347.070336222,4740140,-9999,331279.6,30.3,-1,-0.465905558,0.961378871,0,0.576827322,15,0.111111111,0.722222222,N4 P1 O2,de-protonated,0,-9999,C18 H13 O2 N4 P1,18,13,2,4,1,-9999,-9999,N/A,-9999,-9999
1598,347.070331,347.07017452,347.070064896,4740140,-9999,331279.6,30.3,-1,0.315855997,0.982060631,0,0.589236379,1,0.875,2.5,N4 S2 O7,de-protonated,0,-9999,C8 H20 O7 N4 S2,8,20,7,4,-9999,2,-9999,N/A,-9999,-9999
1599,347.077611,347.077454518,347.07724102,2862638.8,-9999,290087,17.39,-1,0.615131692,0.933646097,0,0.560187658,10,0.470588235,0.941176471,O8,de-protonated,0,-9999,C17 H16 O8,17,16,8,-9999,-9999,-9999,-9999,N/A,-9999,-9999
1600,347.090572,347.090415515,347.090128179,1593907.3,-9999,300958,8.66,-1,0.827840885,0.883070262,0,0.529842157,5,0.571428571,1.5,P1 O8,de-protonated,0,-9999,C14 H21 O8 P1,14,21,8,-9999,1,-9999,-9999,N/A,-9999,-9999
1601,347.113958,347.113801509,347.113626529,1798715.5,-9999,349873.3,10.06,-1,0.504099397,0.95493782,0,0.572962692,9,0.388888889,1.111111111,O7,de-protonated,0,-9999,C18 H20 O7,18,20,7,-9999,-9999,-9999,-9999,N/A,-9999,-9999
1601,347.113958,347.113801509,347.11346433800003,1798715.5,-9999,349873.3,10.06,-1,0.971357018,0.842650424,0,0.505590255,4,0.076923077,1.923076923,N4 S2 P1 O1,de-protonated,0,-9999,C13 H25 O1 N4 P1 S2,13,25,1,4,1,2,-9999,N/A,-9999,-9999
1602,347.126954,347.126797506,347.126513689,3146304,-9999,320710.5,19.34,-1,0.817618182,0.885769647,0,0.531461788,4,0.466666667,1.666666667,P1 O7,de-protonated,0,-9999,C15 H25 O7 P1,15,25,7,-9999,1,-9999,-9999,N/A,-9999,-9999
1603,347.135018,347.134861504,347.134755897,1779011,-9999,301497.1,9.93,-1,0.304223188,0.98334683,0,0.590008098,4,0.6,1.6,O9,de-protonated,0,-9999,C15 H24 O9,15,24,9,-9999,-9999,-9999,-9999,N/A,-9999,-9999
1605,347.150364,347.1502075,347.150012039,1885000.4,-9999,283112.4,10.66,-1,0.563045678,0.944100231,0,0.566460139,8,0.315789474,1.263157895,O6,de-protonated,0,-9999,C19 H24 O6,19,24,6,-9999,-9999,-9999,-9999,N/A,-9999,-9999
1606,347.163391,347.163234497,347.162899198,5208141,-9999,302694.1,33.52,-1,0.96582465,0.844290655,0,0.506574393,3,0.375,1.8125,P1 O6,de-protonated,0,-9999,C16 H29 O6 P1,16,29,6,-9999,1,-9999,-9999,N/A,-9999,-9999
1607,347.165637,347.165480496,347.16526818,2411597.8,-9999,270083.4,14.28,-1,0.611570982,0.934386357,0,0.560631814,12,0.130434783,1.043478261,O3,de-protonated,0,-9999,C23 H24 O3,23,24,3,-9999,-9999,-9999,-9999,N/A,-9999,-9999
1607,347.165637,347.165480496,347.165328539,2411597.8,-9999,270083.4,14.28,-1,0.437708842,0.965833734,0.998214562,0.978786065,4,0.5,1.785714286,13C1 N3 O7,de-protonated,1,1588,C13 H25 O7 N3 13C1,13,25,7,3,-9999,-9999,1,N/A,-9999,-9999
1609,347.186686,347.186529491,347.186397548,4767829,-9999,288819.4,30.49,-1,0.380034702,0.48706721,0.822155738,0.621102622,7,0.25,1.4,O5,de-protonated,0,-9999,C20 H28 O5,20,28,5,-9999,-9999,-9999,-9999,N/A,-9999,-9999
1610,347.190794,347.19063749,347.190344313,1649750.8,-9999,398355.8,9.04,-1,0.844426138,0.585758265,0.84674866,0.690154423,3,0.294117647,1.823529412,13C2 P1 O5,de-protonated,1,1579,C15 H31 O5 P1 13C2,15,31,5,-9999,1,-9999,2,N/A,-9999,-9999
1610,347.190794,347.19063749,347.190480659,1649750.8,-9999,398355.8,9.04,-1,0.451714521,0.963653123,0.955023546,0.960201292,3,0.4375,1.8125,13C1 N1 O7,de-protonated,1,1589,C15 H29 O7 N1 13C1,15,29,7,1,-9999,-9999,1,N/A,-9999,-9999
1612,347.199711,347.199554488,347.199284708,347218016,-9999,299307.2,2386.74,-1,0.777017878,0.660123404,0.980194461,0.788151827,2,0.294117647,1.941176471,P1 O5,de-protonated,0,-9999,C17 H33 O5 P1,17,33,5,-9999,1,-9999,-9999,N/A,-9999,-9999
1613,347.219004,347.218847483,347.21862396,1675360.6,-9999,340681.7,9.22,-1,0.643753101,0.927562027,0.990823294,0.952866533,2,0.235294118,2,13C1 N1 P1 O4,de-protonated,1,1590,C16 H34 O4 N1 P1 13C1,16,34,4,1,1,-9999,1,N/A,-9999,-9999
1613,347.219004,347.218847483,347.218760305,1675360.6,-9999,340681.7,9.22,-1,0.251073547,0.988627018,0,0.593176211,2,0.375,2,N2 O6,de-protonated,0,-9999,C16 H32 O6 N2,16,32,6,2,-9999,-9999,-9999,N/A,-9999,-9999
1614,347.244327,347.244170476,347.243912425,2979945.8,-9999,308601.3,18.19,-1,0.743140608,0.904650605,0,0.542790363,1,0.333333333,2,O6,de-protonated,0,-9999,C18 H36 O6,18,36,6,-9999,-9999,-9999,-9999,N/A,-9999,-9999
1615,347.272494,347.272337469,347.272055726,2961523.8,-9999,328312.1,18.07,-1,0.811303825,0.887424309,0,0.532454585,0,0.157894737,2.157894737,P1 O3,de-protonated,0,-9999,C19 H41 O3 P1,19,41,3,-9999,1,-9999,-9999,N/A,-9999,-9999
1616,348.156857,348.156700248,348.1564944,2848686.8,-9999,307501.2,17.29,-1,0.591251597,0.938539298,0,0.563123579,8,0.294117647,1.352941176,N3 O5,de-protonated,0,-9999,C17 H23 O5 N3,17,23,5,3,-9999,-9999,-9999,N/A,-9999,-9999
1617,348.166769,348.166612246,348.166390379,1894322.4,-9999,343918.8,10.72,-1,0.637243687,0.928966506,0,0.557379904,3,0.533333333,1.8,N1 O8,de-protonated,0,-9999,C15 H27 O8 N1,15,27,8,1,-9999,-9999,-9999,N/A,-9999,-9999
1618,348.184521,348.184364241,348.184637701,3997112.8,-9999,304785.6,25.19,-1,-0.785387023,0.894112657,0,0.536467594,7,0.111111111,1.555555556,N3 P1 O2,de-protonated,0,-9999,C18 H28 O2 N3 P1,18,28,2,3,1,-9999,-9999,N/A,-9999,-9999
1619,348.203109,348.202952237,348.202639543,57958848,-9999,299205.9,396.48,-1,0.898023103,0.652032736,0.980194461,0.783297426,2,0.294117647,1.941176471,13C1 P1 O5,de-protonated,1,1612,C16 H33 O5 P1 13C1,16,33,5,-9999,1,-9999,1,N/A,-9999,-9999
1619,348.203109,348.202952237,348.202775888,57958848,-9999,299205.9,396.48,-1,0.506453156,0.959422536,0.933955635,0.949235775,2,0.4375,1.9375,N1 O7,de-protonated,0,-9999,C16 H31 O7 N1,16,31,7,1,-9999,-9999,-9999,N/A,-9999,-9999
1621,348.231403,348.23124623,348.230919189,7449033.5,-9999,306412.3,48.94,-1,0.939148249,0.870283515,0.979377574,0.913921139,1,0.235294118,2.117647059,N1 P1 O4,de-protonated,0,-9999,C17 H36 O4 N1 P1,17,36,4,1,1,-9999,-9999,N/A,-9999,-9999
1625,349.056793,349.056636023,349.056505575,2562290.8,-9999,261175.4,15.31,-1,0.37371621,0.974976594,0,0.584985957,10,0.5625,0.875,O9,de-protonated,0,-9999,C16 H14 O9,16,14,9,-9999,-9999,-9999,-9999,N/A,-9999,-9999
1625,349.056793,349.056636023,349.056343384,2562290.8,-9999,261175.4,15.31,-1,0.838372973,0.88026287,0,0.528157722,5,0.272727273,1.727272727,N4 S2 P1 O3,de-protonated,0,-9999,C11 H19 O3 N4 P1 S2,11,19,3,4,1,2,-9999,N/A,-9999,-9999
1626,349.09326,349.093103014,349.092891084,3774208,-9999,305945.8,23.65,-1,0.607086563,0.935313365,0,0.561188019,9,0.470588235,1.058823529,O8,de-protonated,0,-9999,C17 H18 O8,17,18,8,-9999,-9999,-9999,-9999,N/A,-9999,-9999
1627,349.106248,349.106091011,349.105778244,6181636.5,-9999,300409.6,40.22,-1,0.895908359,0.864468759,0,0.518681255,4,0.571428571,1.642857143,P1 O8,de-protonated,0,-9999,C14 H23 O8 P1,14,23,8,-9999,1,-9999,-9999,N/A,-9999,-9999
1628,349.129594,349.129437005,349.129276594,2452749,-9999,343039.4,14.56,-1,0.459460654,0.962419781,0,0.577451869,8,0.388888889,1.222222222,O7,de-protonated,0,-9999,C18 H22 O7,18,22,7,-9999,-9999,-9999,-9999,N/A,-9999,-9999
1628,349.129594,349.129437005,349.129114402,2452749,-9999,343039.4,14.56,-1,0.924020606,0.856480744,0,0.513888447,3,0.076923077,2.076923077,N4 S2 P1 O1,de-protonated,0,-9999,C13 H27 O1 N4 P1 S2,13,27,1,4,1,2,-9999,N/A,-9999,-9999
1629,349.142631,349.142474002,349.142163753,4468498,-9999,301635.4,28.43,-1,0.888601742,0.866516393,0,0.519909836,3,0.466666667,1.8,P1 O7,de-protonated,0,-9999,C15 H27 O7 P1,15,27,7,-9999,1,-9999,-9999,N/A,-9999,-9999
1631,349.165982,349.165824996,349.165662103,1516826.3,-9999,385673.6,8.12,-1,0.466519856,0.961278958,0,0.576767375,7,0.315789474,1.368421053,O6,de-protonated,0,-9999,C19 H26 O6,19,26,6,-9999,-9999,-9999,-9999,N/A,-9999,-9999
1632,349.179011,349.178853993,349.178549263,10011423,-9999,297913.4,66.57,-1,0.872705057,0.435464909,0.85247738,0.602269898,2,0.375,1.9375,P1 O6,de-protonated,0,-9999,C16 H31 O6 P1,16,31,6,-9999,1,-9999,-9999,N/A,-9999,-9999
1634,349.202357,349.202199987,349.202047612,11936551,-9999,294956.1,79.81,-1,0.436349865,0.975781426,0.981154979,0.977930847,6,0.25,1.5,O5,de-protonated,0,-9999,C20 H30 O5,20,30,5,-9999,-9999,-9999,-9999,N/A,-9999,-9999
1635,349.206444,349.206286986,349.205994378,5141289,-9999,356905,33.06,-1,0.837923744,0.656160052,0.980194461,0.785773815,2,0.294117647,1.941176471,13C2 P1 O5,de-protonated,1,1612,C15 H33 O5 P1 13C2,15,33,5,-9999,1,-9999,2,N/A,-9999,-9999
1635,349.206444,349.206286986,349.206130723,5141289,-9999,356905,33.06,-1,0.447478897,0.964319308,0.933955635,0.952173839,2,0.4375,1.9375,13C1 N1 O7,de-protonated,1,1619,C15 H31 O7 N1 13C1,15,31,7,1,-9999,-9999,1,N/A,-9999,-9999
1637,349.215315,349.215157983,349.214934772,817701696,-9999,297401.5,5623.93,-1,0.639180726,0.301784897,0.972772611,0.570179982,1,0.294117647,2.058823529,P1 O5,de-protonated,0,-9999,C17 H35 O5 P1,17,35,5,-9999,1,-9999,-9999,N/A,-9999,-9999
1638,349.234713,349.234555979,349.234274024,1590323.1,-9999,350668.1,8.63,-1,0.807350437,0.888455314,0.979377574,0.924824218,1,0.235294118,2.117647059,13C1 N1 P1 O4,de-protonated,1,1621,C16 H36 O4 N1 P1 13C1,16,36,4,1,1,-9999,1,N/A,-9999,-9999
1638,349.234713,349.234555979,349.23441037,1590323.1,-9999,350668.1,8.63,-1,0.416937219,0.968949842,0,0.581369905,1,0.375,2.125,N2 O6,de-protonated,0,-9999,C16 H34 O6 N2,16,34,6,2,-9999,-9999,-9999,N/A,-9999,-9999
1640,350.08915,350.088992765,350.089009436,1803882,-9999,320891.5,10.09,-1,-0.047620904,0.999588604,0,0.599753163,8,0.176470588,1.235294118,N1 S2 O3,de-protonated,0,-9999,C17 H21 O3 N1 S2,17,21,3,1,-9999,2,-9999,N/A,-9999,-9999
1641,350.124879,350.124721756,350.124525566,1368439,-9999,335098.2,7.1,-1,0.560343575,0.944620375,0,0.566772225,8,0.411764706,1.235294118,N1 O7,de-protonated,0,-9999,C17 H21 O7 N1,17,21,7,1,-9999,-9999,-9999,N/A,-9999,-9999
1642,350.136096,350.135938753,350.13575895499997,4690043,-9999,310028.7,29.95,-1,0.51350919799999994,0.953280093,0,0.571968056,8,0.375,1.3125,N3 O6,de-protonated,0,-9999,C16 H21 O6 N3,16,21,6,3,-9999,-9999,-9999,N/A,-9999,-9999
1644,350.172452,350.172294744,350.172144465,2844808.3,-9999,306497.1,17.25,-1,0.429158892,0.967133498,0,0.580280099,7,0.294117647,1.470588235,N3 O5,de-protonated,0,-9999,C17 H25 O5 N3,17,25,5,3,-9999,-9999,-9999,N/A,-9999,-9999
1645,350.18243,350.182272742,350.182040443,2428044,-9999,284448.1,14.39,-1,0.663364185,0.923257719,0,0.553954631,2,0.533333333,1.933333333,N1 O8,de-protonated,0,-9999,C15 H29 O8 N1,15,29,8,1,-9999,-9999,-9999,N/A,-9999,-9999
1646,350.185505,350.185347741,350.185031624,4761741,-9999,301824.4,30.44,-1,0.902713212,0.862551064,0,0.517530638,2,0.357142857,2.142857143,N3 P1 O5,de-protonated,0,-9999,C14 H30 O5 N3 P1,14,30,5,3,1,-9999,-9999,N/A,-9999,-9999
1647,350.20015,350.199992737,350.200287765,19068050,-9999,299367.3,128.88,-1,-0.842455899,0.439583712,0.837042051,0.598567048,6,0.111111111,1.666666667,N3 P1 O2,de-protonated,0,-9999,C18 H30 O2 N3 P1,18,30,2,3,1,-9999,-9999,N/A,-9999,-9999
1648,350.205659,350.205501736,350.205402447,2922644.5,-9999,305224,17.79,-1,0.283514341,0.98552093,0.981154979,0.98377455,6,0.25,1.5,13C1 O5,de-protonated,1,1634,C19 H30 O5 13C1,19,30,5,-9999,-9999,-9999,1,N/A,-9999,-9999
1649,350.218738,350.218580732,350.218289607,143107232,-9999,295730.6,982.34,-1,0.831268444,0.29405318,0.972772611,0.565540953,1,0.294117647,2.058823529,13C1 P1 O5,de-protonated,1,1637,C16 H35 O5 P1 13C1,16,35,5,-9999,1,-9999,1,N/A,-9999,-9999
1649,350.218738,350.218580732,350.218425953,143107232,-9999,295730.6,982.34,-1,0.441952168,0.241294951,0.832310836,0.477701305,1,0.4375,2.0625,N1 O7,de-protonated,0,-9999,C16 H33 O7 N1,16,33,7,1,-9999,-9999,-9999,N/A,-9999,-9999
1650,350.247047,350.246889725,350.246569254,12027044,-9999,294254.6,80.43,-1,0.914989269,0.901688319,0.98413894,0.934668567,0,0.235294118,2.235294118,N1 P1 O4,de-protonated,0,-9999,C17 H38 O4 N1 P1,17,38,4,1,1,-9999,-9999,N/A,-9999,-9999
1653,351.036018,351.035860528,351.03577013,1997765.4,-9999,323651.7,11.42,-1,0.25751771,0.988039268,0,0.592823561,10,0.666666667,0.8,O10,de-protonated,0,-9999,C15 H12 O10,15,12,10,-9999,-9999,-9999,-9999,N/A,-9999,-9999
1653,351.036018,351.035860528,351.035607939,1997765.4,-9999,323651.7,11.42,-1,0.719554518,0.910331339,0,0.546198804,5,0.4,1.7,N4 S2 P1 O4,de-protonated,0,-9999,C10 H17 O4 N4 P1 S2,10,17,4,4,1,2,-9999,N/A,-9999,-9999
1654,351.072355,351.072197519,351.072155639,3896786.8,-9999,334746.7,24.49,-1,0.119290261,0.997421286,0,0.598452771,9,0.5625,1,O9,de-protonated,0,-9999,C16 H16 O9,16,16,9,-9999,-9999,-9999,-9999,N/A,-9999,-9999
1654,351.072355,351.072197519,351.071993448,3896786.8,-9999,334746.7,24.49,-1,0.581279119,0.940532698,0,0.564319619,4,0.272727273,1.909090909,N4 S2 P1 O3,de-protonated,0,-9999,C11 H21 O3 N4 P1 S2,11,21,3,4,1,2,-9999,N/A,-9999,-9999
1657,351.10871,351.10855251,351.108541149,4631008,-9999,334885,29.54,-1,0.032357646,0.999810038,0,0.599886023,8,0.470588235,1.176470588,O8,de-protonated,0,-9999,C17 H20 O8,17,20,8,-9999,-9999,-9999,-9999,N/A,-9999,-9999
1657,351.10871,351.10855251,351.108378958,4631008,-9999,334885,29.54,-1,0.494298588,0.956634813,0,0.573980888,3,0.166666667,2.083333333,N4 S2 P1 O2,de-protonated,0,-9999,C12 H25 O2 N4 P1 S2,12,25,2,4,1,2,-9999,N/A,-9999,-9999
1658,351.121832,351.121674507,351.121428308,2574821,-9999,323667.8,15.39,-1,0.701176784,0.914654351,0,0.54879261,3,0.571428571,1.785714286,P1 O8,de-protonated,0,-9999,C14 H25 O8 P1,14,25,8,-9999,1,-9999,-9999,N/A,-9999,-9999
1659,351.13475,351.134592503,351.134379231,24032746,-9999,292057.4,163.04,-1,0.607381805,0.62344221,0.9581643,0.757331046,3,0.5,2,N4 S1 O6,de-protonated,0,-9999,C12 H24 O6 N4 S1,12,24,6,4,-9999,1,-9999,N/A,-9999,-9999
1660,351.139555,351.139397502,351.139053431,1762539.5,-9999,316462,9.81,-1,0.979870361,0.840114391,0,0.504068635,16,0.08,0.8,O2,de-protonated,0,-9999,C25 H20 O2,25,20,2,-9999,-9999,-9999,-9999,N/A,-9999,-9999
1661,351.145287,351.145129501,351.144926658,3604973.8,-9999,263887.7,22.48,-1,0.577660482,0.941248674,0,0.564749205,7,0.388888889,1.333333333,O7,de-protonated,0,-9999,C18 H24 O7,18,24,7,-9999,-9999,-9999,-9999,N/A,-9999,-9999
1662,351.15827,351.158112497,351.157813818,5020146.5,-9999,306324.4,32.22,-1,0.850556982,0.876982238,0,0.526189343,2,0.466666667,1.933333333,P1 O7,de-protonated,0,-9999,C15 H29 O7 P1,15,29,7,-9999,1,-9999,-9999,N/A,-9999,-9999
1664,351.194672,351.194514488,351.194199327,16954880,-9999,299498.3,114.34,-1,0.897398864,0.878186674,0.999914859,0.926877948,1,0.375,2.0625,P1 O6,de-protonated,0,-9999,C16 H33 O6 P1,16,33,6,-9999,1,-9999,-9999,N/A,-9999,-9999
1666,351.218004,351.217846483,351.217697677,26789384,-9999,291907.5,182,-1,0.42368497,0.976319631,0.998948316,0.985371105,5,0.25,1.6,O5,de-protonated,0,-9999,C20 H32 O5,20,32,5,-9999,-9999,-9999,-9999,N/A,-9999,-9999
1668,351.231048,351.230890479,351.230584836,23164430,-9999,294784.5,157.06,-1,0.870205615,0.882533499,0.988960818,0.925104426,0,0.294117647,2.176470588,P1 O5,de-protonated,0,-9999,C17 H37 O5 P1,17,37,5,-9999,1,-9999,-9999,N/A,-9999,-9999
1669,351.250279,351.250121474,351.249924089,1948948.4,-9999,272841.7,11.09,-1,0.56195274,0.944310884,0.98413894,0.960242106,0,0.235294118,2.235294118,13C1 N1 P1 O4,de-protonated,1,1650,C16 H38 O4 N1 P1 13C1,16,38,4,1,1,-9999,1,N/A,-9999,-9999
1669,351.250279,351.250121474,351.250060434,1948948.4,-9999,272841.7,11.09,-1,0.173780005,0.994535328,0,0.596721197,0,0.375,2.25,N2 O6,de-protonated,0,-9999,C16 H36 O6 N2,16,36,6,2,-9999,-9999,-9999,N/A,-9999,-9999
1670,352.138106,352.137948252,352.137673707,4319069.5,-9999,302350,27.39,-1,0.779653804,0.895569537,0,0.537341722,11,0.095238095,1.095238095,N1 S1 O2,de-protonated,0,-9999,C21 H23 O2 N1 S1,21,23,2,1,-9999,1,-9999,N/A,-9999,-9999
1670,352.138106,352.137948252,352.137734066,4319069.5,-9999,302350,27.39,-1,0.608246678,0.623382743,0.9581643,0.757295366,3,0.5,2,13C1 N4 S1 O6,de-protonated,1,1659,C11 H24 O6 N4 S1 13C1,11,24,6,4,-9999,1,1,N/A,-9999,-9999
1671,352.149379,352.14922125,352.148907096,1493345.6,-9999,416424.7,7.95,-1,0.892103769,0.865536459,0,0.519321876,11,0.05,1.15,N3 S1 O1,de-protonated,0,-9999,C20 H23 O1 N3 S1,20,23,1,3,-9999,1,-9999,N/A,-9999,-9999
1672,352.151664,352.151506249,352.15140902,2096482.5,-9999,302659,12.1,-1,0.276100971,0.986263074,0,0.591757845,7,0.375,1.4375,N3 O6,de-protonated,0,-9999,C16 H23 O6 N3,16,23,6,3,-9999,-9999,-9999,N/A,-9999,-9999
1673,352.164781,352.164623246,352.164296179,4192103.3,-9999,293838,26.52,-1,0.928732693,0.855125061,0,0.513075036,2,0.461538462,2.153846154,N3 P1 O6,de-protonated,0,-9999,C13 H28 O6 N3 P1,13,28,6,3,1,-9999,-9999,N/A,-9999,-9999
1675,352.189941,352.189783239,352.189448299,1370736.8,-9999,358197.2,7.11,-1,0.951022649,0.848648504,0,0.509189102,1,0.4,2.133333333,N1 P1 O6,de-protonated,0,-9999,C15 H32 O6 N1 P1,15,32,6,1,1,-9999,-9999,N/A,-9999,-9999
1676,352.197991,352.197833237,352.197554162,2932083.8,-9999,309472.9,17.85,-1,0.792382728,0.892323756,0.999914859,0.935360197,1,0.375,2.0625,13C1 P1 O6,de-protonated,1,1664,C15 H33 O6 P1 13C1,15,33,6,-9999,1,-9999,1,N/A,-9999,-9999
1676,352.197991,352.197833237,352.197690508,2932083.8,-9999,309472.9,17.85,-1,0.405254329,0.970640116,0,0.582384069,1,0.533333333,2.066666667,N1 O8,de-protonated,0,-9999,C15 H31 O8 N1,15,31,8,1,-9999,-9999,-9999,N/A,-9999,-9999
1677,352.215824,352.215666233,352.21593783,43321212,-9999,295691.6,295.75,-1,-0.771109091,0.448862693,0.837042051,0.604134436,5,0.111111111,1.777777778,N3 P1 O2,de-protonated,0,-9999,C18 H32 O2 N3 P1,18,32,2,3,1,-9999,-9999,N/A,-9999,-9999
1678,352.221313,352.221155232,352.22105251200003,5836668.5,-9999,299244.9,37.84,-1,0.291634031,0.984686183,0.998948316,0.990391036,5,0.25,1.6,13C1 O5,de-protonated,1,1666,C19 H32 O5 13C1,19,32,5,-9999,-9999,-9999,1,N/A,-9999,-9999
1679,352.234375,352.234217228,352.233939672,3905409.3,-9999,315203.3,24.55,-1,0.787989961,0.893448484,0.988960818,0.931653418,0,0.294117647,2.176470588,13C1 P1 O5,de-protonated,1,1668,C16 H37 O5 P1 13C1,16,37,5,-9999,1,-9999,1,N/A,-9999,-9999
1679,352.234375,352.234217228,352.234076017,3905409.3,-9999,315203.3,24.55,-1,0.400901554,0.971258325,0,0.582754995,0,0.4375,2.1875,N1 O7,de-protonated,0,-9999,C16 H35 O7 N1,16,35,7,1,-9999,-9999,-9999,N/A,-9999,-9999
1682,353.017935,353.017777032,353.018025866,1831589.8,-9999,335132.1,10.19,-1,-0.704875317,0.913791696,0,0.548275018,10,0.615384615,0.846153846,N2 P1 O8,de-protonated,0,-9999,C13 H11 O8 N2 P1,13,11,8,2,1,-9999,-9999,N/A,-9999,-9999
1683,353.039448,353.039290027,353.039022292,1809069.9,-9999,328472.7,10.04,-1,0.758371113,0.900904525,0,0.540542715,18,0.095238095,0.476190476,N2 S1 O2,de-protonated,0,-9999,C21 H10 O2 N2 S1,21,10,2,2,-9999,1,-9999,N/A,-9999,-9999
1684,353.051719,353.051561024,353.051420195,3432626.5,-9999,320586,21.11,-1,0.398891774,0.971541646,0,0.582924987,9,0.666666667,0.933333333,O10,de-protonated,0,-9999,C15 H14 O10,15,14,10,-9999,-9999,-9999,-9999,N/A,-9999,-9999
1684,353.051719,353.051561024,353.051909452,3432626.5,-9999,320586,21.11,-1,-0.986903154,0.838008531,0,0.502805119,13,0.111111111,0.833333333,N2 S1 P1 O2,de-protonated,0,-9999,C18 H15 O2 N2 P1 S1,18,15,2,2,1,1,-9999,N/A,-9999,-9999
1684,353.051719,353.051561024,353.051258003,3432626.5,-9999,320586,21.11,-1,0.858290773,0.874881751,0,0.524929051,4,0.4,1.9,N4 S2 P1 O4,de-protonated,0,-9999,C10 H19 O4 N4 P1 S2,10,19,4,4,1,2,-9999,N/A,-9999,-9999
1685,353.071899,353.071741019,353.072036498,1625274,-9999,374001.4,8.78,-1,-0.836881768,0.880661971,0,0.528397182,22,0.04,0.4,N2 O1,de-protonated,0,-9999,C25 H10 O1 N2,25,10,1,2,-9999,-9999,-9999,N/A,-9999,-9999
1686,353.088126,353.087968015,353.087805704,6402240,-9999,292599.9,41.37,-1,0.459689767,0.481191503,0.85247738,0.629705854,8,0.5625,1.125,O9,de-protonated,0,-9999,C16 H18 O9,16,18,9,-9999,-9999,-9999,-9999,N/A,-9999,-9999
1686,353.088126,353.087968015,353.088294961,6402240,-9999,292599.9,41.37,-1,-0.925962439,0.427961324,0.829532115,0.58858964,12,0.052631579,1,N2 S1 P1 O1,de-protonated,0,-9999,C19 H19 O1 N2 P1 S1,19,19,1,2,1,1,-9999,N/A,-9999,-9999
1686,353.088126,353.087968015,353.087643513,6402240,-9999,292599.9,41.37,-1,0.919041454,0.857908088,0,0.514744853,3,0.272727273,2.090909091,N4 S2 P1 O3,de-protonated,0,-9999,C11 H23 O3 N4 P1 S2,11,23,3,4,1,2,-9999,N/A,-9999,-9999
1687,353.124475,353.124317006,353.124191213,5889229.5,-9999,297675,37.87,-1,0.356227109,0.987697314,0.946803631,0.971339841,7,0.470588235,1.294117647,O8,de-protonated,0,-9999,C17 H22 O8,17,22,8,-9999,-9999,-9999,-9999,N/A,-9999,-9999
1687,353.124475,353.124317006,353.124029022,5889229.5,-9999,297675,37.87,-1,0.815531417,0.886317556,0,0.531790533,2,0.166666667,2.25,N4 S2 P1 O2,de-protonated,0,-9999,C12 H27 O2 N4 P1 S2,12,27,2,4,1,2,-9999,N/A,-9999,-9999
1688,353.131812,353.131654004,353.131401851,8038608.5,-9999,300207.2,52.54,-1,0.714049454,0.911635875,0,0.546981525,3,0.818181818,2,N4 O9,de-protonated,0,-9999,C11 H22 O9 N4,11,22,9,4,-9999,-9999,-9999,N/A,-9999,-9999
1690,353.147075,353.146917,353.146657992,2127830.3,-9999,264982.7,12.21,-1,0.733429501,0.907007404,0,0.544204442,7,0.4,1.466666667,N4 O6,de-protonated,0,-9999,C15 H22 O6 N4,15,22,6,4,-9999,-9999,-9999,N/A,-9999,-9999
1691,353.160838,353.160679997,353.160576723,3556571.3,-9999,300626.9,21.96,-1,0.292427784,0.984603355,0,0.590762013,6,0.388888889,1.444444444,O7,de-protonated,0,-9999,C18 H26 O7,18,26,7,-9999,-9999,-9999,-9999,N/A,-9999,-9999
1691,353.160838,353.160679997,353.160414531,3556571.3,-9999,300626.9,21.96,-1,0.751684741,0.90255654,0,0.541533924,1,0.076923077,2.384615385,N4 S2 P1 O1,de-protonated,0,-9999,C13 H31 O1 N4 P1 S2,13,31,1,4,1,2,-9999,N/A,-9999,-9999
1693,353.189147,353.18898899,353.188720024,3084006,-9999,309477.8,18.73,-1,0.761536281,0.900118463,0,0.540071078,5,0.210526316,1.631578947,P1 O4,de-protonated,0,-9999,C19 H31 O4 P1,19,31,4,-9999,1,-9999,-9999,N/A,-9999,-9999
1695,353.197218,353.197059988,353.196962232,3279593,-9999,289297.7,20.07,-1,0.276773376,0.986196549,0,0.591717929,5,0.315789474,1.578947368,O6,de-protonated,0,-9999,C19 H30 O6,19,30,6,-9999,-9999,-9999,-9999,N/A,-9999,-9999
1696,353.20063,353.200471987,353.200333535,1733866.3,-9999,380602.8,9.52,-1,0.391990972,0.972504237,0,0.583502542,0,0.375,2.125,S1 O6,de-protonated,0,-9999,C16 H34 O6 S1,16,34,6,-9999,-9999,1,-9999,N/A,-9999,-9999
1701,353.233623,353.233464978,353.233347741,19994870,-9999,297598.5,134.11,-1,0.33189692,0.975707251,0.99714368,0.984281823,4,0.25,1.7,O5,de-protonated,0,-9999,C20 H34 O5,20,34,5,-9999,-9999,-9999,-9999,N/A,-9999,-9999
1703,354.12774,354.127581755,354.127546048,1551431,-9999,339143.2,8.28,-1,0.100829226,0.998156996,0.946803631,0.97761565,7,0.470588235,1.294117647,13C1 O8,de-protonated,1,1687,C16 H22 O8 13C1,16,22,8,-9999,-9999,-9999,1,N/A,-9999,-9999
1704,354.143992,354.143833751,354.143560734,1567309.1,-9999,373894.3,8.38,-1,0.770919994,0.897772885,0,0.538663731,2,0.583333333,2.166666667,N3 P1 O7,de-protonated,0,-9999,C12 H26 O7 N3 P1,12,26,7,3,1,-9999,-9999,N/A,-9999,-9999
1705,354.192629,354.192470739,354.192211204,1370207.5,-9999,282250.2,7.04,-1,0.732750011,0.907171378,0,0.544302827,5,0.333333333,1.611111111,N1 O6,de-protonated,0,-9999,C18 H29 O6 N1,18,29,6,1,-9999,-9999,-9999,N/A,-9999,-9999
1706,354.231409,354.231250729,354.231587894,1642094.1,-9999,239926,8.89,-1,-0.951822238,0.848414247,0,0.509048548,4,0.111111111,1.888888889,N3 P1 O2,de-protonated,0,-9999,C18 H34 O2 N3 P1,18,34,2,3,1,-9999,-9999,N/A,-9999,-9999
1707,354.237003,354.236844727,354.236702576,4409968.5,-9999,312616,27.78,-1,0.401288255,0.971203658,0.99714368,0.981579667,4,0.25,1.7,13C1 O5,de-protonated,1,1701,C19 H34 O5 13C1,19,34,5,-9999,-9999,-9999,1,N/A,-9999,-9999
1710,355.067399,355.06724052,355.067070259,5829546.5,-9999,306506.5,37.46,-1,0.479516989,0.959136687,0,0.575482012,8,0.666666667,1.066666667,O10,de-protonated,0,-9999,C15 H16 O10,15,16,10,-9999,-9999,-9999,-9999,N/A,-9999,-9999
1710,355.067399,355.06724052,355.067559516,5829546.5,-9999,306506.5,37.46,-1,-0.898411159,0.431882315,0.837042051,0.593946209,12,0.111111111,0.944444444,N2 S1 P1 O2,de-protonated,0,-9999,C18 H17 O2 N2 P1 S1,18,17,2,2,1,1,-9999,N/A,-9999,-9999
1710,355.067399,355.06724052,355.066908068,5829546.5,-9999,306506.5,37.46,-1,0.936308101,0.85293568,0,0.511761408,3,0.4,2.1,N4 S2 P1 O4,de-protonated,0,-9999,C10 H21 O4 N4 P1 S2,10,21,4,4,1,2,-9999,N/A,-9999,-9999
1711,355.103732,355.103573511,355.103455768,8926136,-9999,288920.2,58.59,-1,0.331571695,0.988069149,0.960007158,0.976844353,7,0.5625,1.25,O9,de-protonated,0,-9999,C16 H20 O9,16,20,9,-9999,-9999,-9999,-9999,N/A,-9999,-9999
1711,355.103732,355.103573511,355.103293577,8926136,-9999,288920.2,58.59,-1,0.788315935,0.914437575,0.918807935,0.916185719,2,0.272727273,2.272727273,N4 S2 P1 O3,de-protonated,0,-9999,C11 H25 O3 N4 P1 S2,11,25,3,4,1,2,-9999,N/A,-9999,-9999
1712,355.111967,355.111808509,355.111535786,2281403.5,-9999,324601.7,13.25,-1,0.76799261,0.898507047,0,0.539104228,2,0.454545455,2.181818182,N4 S2 O5,de-protonated,0,-9999,C11 H24 O5 N4 S2,11,24,5,4,-9999,2,-9999,N/A,-9999,-9999
1713,355.132084,355.131925504,355.131599069,1459395.3,-9999,325301.6,7.64,-1,0.919192503,0.857864866,0,0.514718919,6,0.352941176,1.470588235,P1 O6,de-protonated,0,-9999,C17 H25 O6 P1,17,25,6,-9999,1,-9999,-9999,N/A,-9999,-9999
1714,355.140195,355.140036502,355.139841278,4734918.5,-9999,292786.2,29.99,-1,0.549709613,0.946645796,0,0.567987477,6,0.470588235,1.411764706,O8,de-protonated,0,-9999,C17 H24 O8,17,24,8,-9999,-9999,-9999,-9999,N/A,-9999,-9999
1716,355.176514,355.176355492,355.176226787,6208468,-9999,291103.1,40.05,-1,0.362370398,0.488227582,0.837042051,0.627753369,5,0.388888889,1.555555556,O7,de-protonated,0,-9999,C18 H28 O7,18,28,7,-9999,-9999,-9999,-9999,N/A,-9999,-9999
1717,355.199019,355.198860487,355.198693566,5906396.5,-9999,296253.2,37.99,-1,0.469937376,0.960720904,0,0.576432543,5,0.3125,1.75,N4 O5,de-protonated,0,-9999,C16 H28 O5 N4,16,28,5,4,-9999,-9999,-9999,N/A,-9999,-9999
1720,355.212917,355.212758483,355.212612296,6060002,-9999,295892.4,39.03,-1,0.411547594,0.484867606,0.829532115,0.62273341,4,0.315789474,1.684210526,O6,de-protonated,0,-9999,C19 H32 O6,19,32,6,-9999,-9999,-9999,-9999,N/A,-9999,-9999
1721,355.249287,355.249128474,355.248997806,4291568,-9999,292918.9,26.97,-1,0.367822147,0.975750109,0,0.585450066,3,0.25,1.8,O5,de-protonated,0,-9999,C20 H36 O5,20,36,5,-9999,-9999,-9999,-9999,N/A,-9999,-9999
1722,355.285585,355.285426465,355.285383315,1539325.5,-9999,313117.2,8.19,-1,0.121451719,0.997327116,0,0.59839627,2,0.19047619,1.904761905,O4,de-protonated,0,-9999,C21 H40 O4,21,40,4,-9999,-9999,-9999,-9999,N/A,-9999,-9999
1723,356.107023,356.10686426,356.106810603,2060086.6,-9999,290849.2,11.74,-1,0.150674583,0.995889074,0.960007158,0.981536308,7,0.5625,1.25,13C1 O9,de-protonated,1,1711,C15 H20 O9 13C1,15,20,9,-9999,-9999,-9999,1,N/A,-9999,-9999
1723,356.107023,356.10686426,356.106648412,2060086.6,-9999,290849.2,11.74,-1,0.606131832,0.935509962,0.918807935,0.928829151,2,0.272727273,2.272727273,13C1 N4 S2 P1 O3,de-protonated,1,1711,C10 H25 O3 N4 P1 S2 13C1,10,25,3,4,1,2,1,N/A,-9999,-9999
1724,356.136153,356.135994252,356.13595963,2142017.8,-9999,352602.3,12.3,-1,0.097217392,0.998286558,0,0.598971935,5,0.176470588,1.588235294,N1 S2 O3,de-protonated,0,-9999,C17 H27 O3 N1 S2,17,27,3,1,-9999,2,-9999,N/A,-9999,-9999
1725,356.146626,356.14646725,356.146323639,1866565.6,-9999,329242.2,10.42,-1,0.403234739,0.970927732,0,0.582556639,6,0.466666667,1.533333333,N3 O7,de-protonated,0,-9999,C15 H23 O7 N3,15,23,7,3,-9999,-9999,-9999,N/A,-9999,-9999
1726,356.171846,356.171687244,356.171475759,3094863.3,-9999,315024.6,18.8,-1,0.593770743,0.938031058,0,0.562818635,5,0.411764706,1.588235294,N1 O7,de-protonated,0,-9999,C17 H27 O7 N1,17,27,7,1,-9999,-9999,-9999,N/A,-9999,-9999
1727,356.183014,356.182855241,356.182709149,13079892,-9999,286416.6,86.93,-1,0.410160613,0.956776112,0.993296431,0.97138424,5,0.375,1.6875,N3 O6,de-protonated,0,-9999,C16 H27 O6 N3,16,27,6,3,-9999,-9999,-9999,N/A,-9999,-9999
1728,356.208177,356.208018234,356.207861269,1944413.1,-9999,300521.6,10.95,-1,0.440657778,0.965379901,0,0.579227941,4,0.333333333,1.722222222,N1 O6,de-protonated,0,-9999,C18 H31 O6 N1,18,31,6,1,-9999,-9999,-9999,N/A,-9999,-9999
1732,357.046516,357.046357025,357.046334814,2371742.3,-9999,313179.6,13.86,-1,0.062206414,0.999298106,0,0.599578863,8,0.785714286,1,O11,de-protonated,0,-9999,C14 H14 O11,14,14,11,-9999,-9999,-9999,-9999,N/A,-9999,-9999
1732,357.046516,357.046357025,357.046172623,2371742.3,-9999,313179.6,13.86,-1,0.516465142,0.952753619,0,0.571652171,3,0.555555556,2.111111111,N4 S2 P1 O5,de-protonated,0,-9999,C9 H19 O5 N4 P1 S2,9,19,5,4,1,2,-9999,N/A,-9999,-9999
1733,357.061967,357.061808021,357.061590955,3001508,-9999,291304.6,18.16,-1,0.6079215,0.935141216,0,0.56108473,12,0.444444444,0.777777778,O8,de-protonated,0,-9999,C18 H14 O8,18,14,8,-9999,-9999,-9999,-9999,N/A,-9999,-9999
1734,357.083046,357.082887016,357.082720324,6536876,-9999,297496,42.28,-1,0.466816444,0.480615338,0.860410506,0.632533405,7,0.666666667,1.2,O10,de-protonated,0,-9999,C15 H18 O10,15,18,10,-9999,-9999,-9999,-9999,N/A,-9999,-9999
1734,357.083046,357.082887016,357.083209581,6536876,-9999,297496,42.28,-1,-0.903333609,0.431187859,0.837042051,0.593529536,11,0.111111111,1.055555556,N2 S1 P1 O2,de-protonated,0,-9999,C18 H19 O2 N2 P1 S1,18,19,2,2,1,1,-9999,N/A,-9999,-9999
1734,357.083046,357.082887016,357.082558132,6536876,-9999,297496,42.28,-1,0.921029068,0.85733895,0,0.51440337,2,0.4,2.3,N4 S2 P1 O4,de-protonated,0,-9999,C10 H23 O4 N4 P1 S2,10,23,4,4,1,2,-9999,N/A,-9999,-9999
1735,357.119357,357.119198007,357.119105833,6144698,-9999,296631,39.61,-1,0.258103395,0.493992565,0.85247738,0.637386491,6,0.5625,1.375,O9,de-protonated,0,-9999,C16 H22 O9,16,22,9,-9999,-9999,-9999,-9999,N/A,-9999,-9999
1735,357.119357,357.119198007,357.118943642,6144698,-9999,296631,39.61,-1,0.712269646,0.91205589,0,0.547233534,1,0.272727273,2.454545455,N4 S2 P1 O3,de-protonated,0,-9999,C11 H27 O3 N4 P1 S2,11,27,3,4,1,2,-9999,N/A,-9999,-9999
1736,357.130728,357.130569004,357.130339222,2102974.5,-9999,337938.5,12.03,-1,0.643410806,0.927636183,0,0.55658171,6,0.533333333,1.466666667,N2 O8,de-protonated,0,-9999,C15 H22 O8 N2,15,22,8,2,-9999,-9999,-9999,N/A,-9999,-9999
1737,357.145356,357.145197,357.144943915,1388228.1,-9999,372129.8,7.15,-1,0.708634562,0.912911071,0,0.547746643,1,0.636363636,2.363636364,N4 S1 O7,de-protonated,0,-9999,C11 H26 O7 N4 S1,11,26,7,4,-9999,1,-9999,N/A,-9999,-9999
1738,357.14772,357.147560999,357.147249134,2388677,-9999,301614.9,13.98,-1,0.87321322,0.870789625,0,0.522473775,5,0.352941176,1.588235294,P1 O6,de-protonated,0,-9999,C17 H27 O6 P1,17,27,6,-9999,1,-9999,-9999,N/A,-9999,-9999
1739,357.155713,357.155553997,357.155491342,3262664,-9999,299809.6,19.94,-1,0.175428383,0.994431457,0,0.596658874,5,0.470588235,1.529411765,O8,de-protonated,0,-9999,C17 H26 O8,17,26,8,-9999,-9999,-9999,-9999,N/A,-9999,-9999
1740,357.167168,357.167008995,357.166724732,1792204.5,-9999,302043.6,9.91,-1,0.795883366,0.891423994,0,0.534854396,5,0.4375,1.625,N2 O7,de-protonated,0,-9999,C16 H26 O7 N2,16,26,7,2,-9999,-9999,-9999,N/A,-9999,-9999
1741,357.181641,357.181481991,357.181329424,1970386,-9999,348116.8,11.13,-1,0.427141098,0.967436755,0,0.580462053,0,0.5,2.5,N4 S1 O6,de-protonated,0,-9999,C12 H30 O6 N4 S1,12,30,6,4,-9999,1,-9999,N/A,-9999,-9999
1743,357.186425,357.18626599,357.186003625,2385108,-9999,293875.2,13.96,-1,0.734533117,0.90674082,0,0.544044492,13,0.08,1.04,O2,de-protonated,0,-9999,C25 H26 O2,25,26,2,-9999,-9999,-9999,-9999,N/A,-9999,-9999
1743,357.186425,357.18626599,357.186063984,2385108,-9999,293875.2,13.96,-1,0.565548601,0.943616453,0.993296431,0.963488444,5,0.375,1.6875,13C1 N3 O6,de-protonated,1,1727,C15 H27 O6 N3 13C1,15,27,6,3,-9999,-9999,1,N/A,-9999,-9999
1744,357.192148,357.191988988,357.191876852,10356438,-9999,285618.1,68.34,-1,0.313939803,0.49113785,0.837042051,0.629499531,4,0.388888889,1.666666667,O7,de-protonated,0,-9999,C18 H30 O7,18,30,7,-9999,-9999,-9999,-9999,N/A,-9999,-9999
1745,357.214624,357.214464983,357.21434363,8404703,-9999,297796,55.03,-1,0.339719129,0.951997101,0.968966962,0.958785045,4,0.3125,1.875,N4 O5,de-protonated,0,-9999,C16 H30 O5 N4,16,30,5,4,-9999,-9999,-9999,N/A,-9999,-9999
1746,357.228564,357.228404979,357.228262361,8773348,-9999,287473.1,57.54,-1,0.399235739,0.979468711,0.995107604,0.985724268,3,0.315789474,1.789473684,O6,de-protonated,0,-9999,C19 H34 O6,19,34,6,-9999,-9999,-9999,-9999,N/A,-9999,-9999
1747,357.264969,357.26480997,357.26464787,3548914,-9999,342761.9,21.9,-1,0.453724808,0.963334908,0,0.578000945,2,0.25,1.9,O5,de-protonated,0,-9999,C20 H38 O5,20,38,5,-9999,-9999,-9999,-9999,N/A,-9999,-9999
1749,357.993783,357.993623788,357.993802696,2770442.5,-9999,330873.6,16.58,-1,-0.499753302,0.955694078,0,0.573416447,4,0.875,1.75,N3 S2 P1 O7,de-protonated,0,-9999,C8 H14 O7 N3 P1 S2,8,14,7,3,1,2,-9999,N/A,-9999,-9999
1750,358.151882,358.151722748,358.151609694,4504647.5,-9999,323578.8,28.41,-1,0.315659567,0.982082736,0,0.589249642,4,0.176470588,1.705882353,N1 S2 O3,de-protonated,0,-9999,C17 H29 O3 N1 S2,17,29,3,1,-9999,2,-9999,N/A,-9999,-9999
1751,358.162246,358.162086746,358.161973704,2318411.3,-9999,328438.8,13.5,-1,0.315616894,0.982087536,0,0.589252522,5,0.466666667,1.666666667,N3 O7,de-protonated,0,-9999,C15 H25 O7 N3,15,25,7,3,-9999,-9999,-9999,N/A,-9999,-9999
1752,358.198681,358.198521737,358.198359213,44552280,-9999,288731.8,301.65,-1,0.453724878,0.971571469,0.996971365,0.981731427,4,0.375,1.8125,N3 O6,de-protonated,0,-9999,C16 H29 O6 N3,16,29,6,3,-9999,-9999,-9999,N/A,-9999,-9999
1753,358.218093,358.217933732,358.217638106,1826912.9,-9999,298979.1,10.14,-1,0.825267463,0.883752175,0,0.530251305,12,0.04,1.16,N1 O1,de-protonated,0,-9999,C25 H29 O1 N1,25,29,1,1,-9999,-9999,-9999,N/A,-9999,-9999
1753,358.218093,358.217933732,358.217698465,1826912.9,-9999,298979.1,10.14,-1,0.656769592,0.924717292,0.968966962,0.94241716,4,0.3125,1.875,13C1 N4 O5,de-protonated,1,1745,C15 H30 O5 N4 13C1,15,30,5,4,-9999,-9999,1,N/A,-9999,-9999
1754,358.223695,358.22353573,358.223511333,2134115,-9999,282761.9,12.24,-1,0.068106056,0.999158716,0,0.59949523,3,0.333333333,1.833333333,N1 O6,de-protonated,0,-9999,C18 H33 O6 N1,18,33,6,1,-9999,-9999,-9999,N/A,-9999,-9999
1755,358.231871,358.231711728,358.231617196,1740902.1,-9999,296797.3,9.56,-1,0.263885907,0.987444171,0.995107604,0.990509544,3,0.315789474,1.789473684,13C1 O6,de-protonated,1,1746,C18 H34 O6 13C1,18,34,6,-9999,-9999,-9999,1,N/A,-9999,-9999
1761,359.041279,359.041119526,359.040855511,1555358.8,-9999,275608,8.29,-1,0.735334837,0.906546959,0,0.543928175,12,0.529411765,0.705882353,O9,de-protonated,0,-9999,C17 H12 O9,17,12,9,-9999,-9999,-9999,-9999,N/A,-9999,-9999
1761,359.041279,359.041119526,359.041344768,1555358.8,-9999,275608,8.29,-1,-0.627343074,0.931079304,0,0.558647582,16,0.05,0.65,N2 S1 P1 O1,de-protonated,0,-9999,C20 H13 O1 N2 P1 S1,20,13,1,2,1,1,-9999,N/A,-9999,-9999
1762,359.062283,359.062123521,359.061984879,2561959,-9999,320669.2,15.16,-1,0.386122568,0.973310336,0,0.583986201,7,0.785714286,1.142857143,O11,de-protonated,0,-9999,C14 H16 O11,14,16,11,-9999,-9999,-9999,-9999,N/A,-9999,-9999
1762,359.062283,359.062123521,359.062474136,2561959,-9999,320669.2,15.16,-1,-0.97647468,0.841127664,0,0.504676598,11,0.176470588,1,N2 S1 P1 O3,de-protonated,0,-9999,C17 H17 O3 N2 P1 S1,17,17,3,2,1,1,-9999,N/A,-9999,-9999
1762,359.062283,359.062123521,359.061822687,2561959,-9999,320669.2,15.16,-1,0.837831389,0.880407879,0,0.528244727,2,0.555555556,2.333333333,N4 S2 P1 O5,de-protonated,0,-9999,C9 H21 O5 N4 P1 S2,9,21,5,4,1,2,-9999,N/A,-9999,-9999
1763,359.077595,359.077435517,359.07724102,1899436.9,-9999,340085.3,10.64,-1,0.541657319,0.948156495,0,0.568893897,11,0.444444444,0.888888889,O8,de-protonated,0,-9999,C18 H16 O8,18,16,8,-9999,-9999,-9999,-9999,N/A,-9999,-9999
1763,359.077595,359.077435517,359.077078829,1899436.9,-9999,340085.3,10.64,-1,0.993347019,0.836070476,0,0.501642286,6,0.153846154,1.615384615,N4 S2 P1 O2,de-protonated,0,-9999,C13 H21 O2 N4 P1 S2,13,21,2,4,1,2,-9999,N/A,-9999,-9999
1764,359.083784,359.083624515,359.083603504,2653615.3,-9999,273597.6,15.78,-1,0.058513248,0.999378949,0,0.599627369,6,0.357142857,1.5,N2 S1 P1 O5,de-protonated,0,-9999,C14 H21 O5 N2 P1 S1,14,21,5,2,1,1,-9999,N/A,-9999,-9999
1765,359.088966,359.088806514,359.088474409,4841905,-9999,303098.4,30.71,-1,0.924854752,0.856241104,0,0.513744662,11,0.411764706,0.941176471,N2 O7,de-protonated,0,-9999,C17 H16 O7 N2,17,16,7,2,-9999,-9999,-9999,N/A,-9999,-9999
1766,359.098693,359.098533511,359.098370388,3706293,-9999,298773.4,22.96,-1,0.454258477,0.963250212,0,0.577950127,6,0.666666667,1.333333333,O10,de-protonated,0,-9999,C15 H20 O10,15,20,10,-9999,-9999,-9999,-9999,N/A,-9999,-9999
1766,359.098693,359.098533511,359.098859645,3706293,-9999,298773.4,22.96,-1,-0.908200799,0.860997152,0,0.516598291,10,0.111111111,1.166666667,N2 S1 P1 O2,de-protonated,0,-9999,C18 H21 O2 N2 P1 S1,18,21,2,2,1,1,-9999,N/A,-9999,-9999
1766,359.098693,359.098533511,359.098208197,3706293,-9999,298773.4,22.96,-1,0.90592156,0.861643364,0,0.516986018,1,0.4,2.5,N4 S2 P1 O4,de-protonated,0,-9999,C10 H25 O4 N4 P1 S2,10,25,4,4,1,2,-9999,N/A,-9999,-9999
1767,359.113998,359.113838508,359.113626529,1583546.9,-9999,246830,8.48,-1,0.590282142,0.938734383,0,0.56324063,10,0.368421053,1.052631579,O7,de-protonated,0,-9999,C19 H20 O7,19,20,7,-9999,-9999,-9999,-9999,N/A,-9999,-9999
1769,359.134932,359.134772502,359.134755897,2344387,-9999,310948.7,13.67,-1,0.046236307,0.999612175,0,0.599767305,5,0.5625,1.5,O9,de-protonated,0,-9999,C16 H24 O9,16,24,9,-9999,-9999,-9999,-9999,N/A,-9999,-9999
1770,359.150286,359.150126499,359.150012039,1662153,-9999,270055,9.02,-1,0.31869673,0.981739473,0,0.589043684,9,0.3,1.2,O6,de-protonated,0,-9999,C20 H24 O6,20,24,6,-9999,-9999,-9999,-9999,N/A,-9999,-9999
1771,359.157539,359.157379497,359.157025971,4474315.5,-9999,297861.3,28.2,-1,0.984319657,0.419391627,0.793917021,0.569201785,13,0.041666667,1.041666667,P1 O1,de-protonated,0,-9999,C24 H25 O1 P1,24,25,1,-9999,1,-9999,-9999,N/A,-9999,-9999
1771,359.157539,359.157379497,359.157222676,4474315.5,-9999,297861.3,28.2,-1,0.436635603,0.965998198,0,0.579598919,5,0.5,1.714285714,N4 O7,de-protonated,0,-9999,C14 H24 O7 N4,14,24,7,4,-9999,-9999,-9999,N/A,-9999,-9999
1772,359.161052,359.160892496,359.161245428,3310029,-9999,317458.3,20.26,-1,-0.982656266,0.839281365,0,0.503568819,9,0.263157895,1.263157895,N2 O5,de-protonated,0,-9999,C19 H24 O5 N2,19,24,5,2,-9999,-9999,-9999,N/A,-9999,-9999
1773,359.163378,359.163218495,359.162899198,13951438,-9999,289593.8,92.86,-1,0.889003544,0.892868862,0.967291373,0.922637866,4,0.352941176,1.705882353,P1 O6,de-protonated,0,-9999,C17 H29 O6 P1,17,29,6,-9999,1,-9999,-9999,N/A,-9999,-9999
1774,359.171437,359.171277493,359.171141407,1742033.1,-9999,285232.1,9.56,-1,0.378890642,0.974287902,0,0.584572741,4,0.470588235,1.647058824,O8,de-protonated,0,-9999,C17 H28 O8,17,28,8,-9999,-9999,-9999,-9999,N/A,-9999,-9999
1775,359.193884,359.193724488,359.193608185,3908057.8,-9999,308755.5,24.34,-1,0.323787471,0.981157015,0,0.588694209,4,0.4,1.866666667,N4 O6,de-protonated,0,-9999,C15 H28 O6 N4,15,28,6,4,-9999,-9999,-9999,N/A,-9999,-9999
1777,359.201994,359.201834486,359.201653689,7524829,-9999,300586.9,49.02,-1,0.503328311,0.477536215,0.787157861,0.601384873,12,0.08,1.12,O2,de-protonated,0,-9999,C25 H28 O2,25,28,2,-9999,-9999,-9999,-9999,N/A,-9999,-9999
1777,359.201994,359.201834486,359.201714048,7524829,-9999,300586.9,49.02,-1,0.335292085,0.979808041,0.996971365,0.986673371,4,0.375,1.8125,13C1 N3 O6,de-protonated,1,1752,C15 H29 O6 N3 13C1,15,29,6,3,-9999,-9999,1,N/A,-9999,-9999
1778,359.207823,359.207663484,359.207526916,11811295,-9999,287365.4,78.26,-1,0.380192851,0.985612264,0.989101786,0.987008073,3,0.388888889,1.777777778,O7,de-protonated,0,-9999,C18 H32 O7,18,32,7,-9999,-9999,-9999,-9999,N/A,-9999,-9999
1779,359.210937,359.210777483,359.210518097,2520544.5,-9999,347149.4,14.87,-1,0.722101781,0.90972496,0,0.545834976,3,0.235294118,1.941176471,N2 P1 O4,de-protonated,0,-9999,C17 H33 O4 N2 P1,17,33,4,2,1,-9999,-9999,N/A,-9999,-9999
1780,359.223029,359.22286948,359.222783057,1472741,-9999,354654.5,7.73,-1,0.240583405,0.989552639,0,0.593731583,7,0.181818182,1.454545455,O4,de-protonated,0,-9999,C22 H32 O4,22,32,4,-9999,-9999,-9999,-9999,N/A,-9999,-9999
1781,359.244257,359.244097475,359.243912425,5154285.5,-9999,296887.1,32.84,-1,0.515108717,0.476497773,0.829532115,0.61771151,2,0.315789474,1.894736842,O6,de-protonated,0,-9999,C19 H36 O6,19,36,6,-9999,-9999,-9999,-9999,N/A,-9999,-9999
1783,360.131194,360.131034253,360.130874249,1867589,-9999,371197.4,10.42,-1,0.444293518,0.964816475,0,0.578889885,4,0.25,1.6875,N1 S2 O4,de-protonated,0,-9999,C16 H27 O4 N1 S2,16,27,4,1,-9999,2,-9999,N/A,-9999,-9999
1784,360.141611,360.141451251,360.141238259,2059081.1,-9999,283376.1,11.72,-1,0.591411827,0.938507028,0,0.563104217,5,0.571428571,1.642857143,N3 O8,de-protonated,0,-9999,C14 H23 O8 N3,14,23,8,3,-9999,-9999,-9999,N/A,-9999,-9999
1785,360.166659,360.166499244,360.166254033,3230546.8,-9999,306416.7,19.72,-1,0.680827479,0.919333623,0.967291373,0.938516723,4,0.352941176,1.705882353,13C1 P1 O6,de-protonated,1,1773,C16 H29 O6 P1 13C1,16,29,6,-9999,1,-9999,1,N/A,-9999,-9999
1785,360.166659,360.166499244,360.166390379,3230546.8,-9999,306416.7,19.72,-1,0.302264358,0.983558825,0,0.590135295,4,0.5,1.6875,N1 O8,de-protonated,0,-9999,C16 H27 O8 N1,16,27,8,1,-9999,-9999,-9999,N/A,-9999,-9999
1786,360.177956,360.177796242,360.177623768,13321047,-9999,284881.7,88.56,-1,0.478856364,0.97951673399999994,0.977110333,0.978554174,4,0.466666667,1.8,N3 O7,de-protonated,0,-9999,C15 H27 O7 N3,15,27,7,3,-9999,-9999,-9999,N/A,-9999,-9999
1787,360.193069,360.192909238,360.192879909,1448541,-9999,315093.8,7.56,-1,0.081423812,0.998797748,0,0.599278649,8,0.210526316,1.421052632,N3 O4,de-protonated,0,-9999,C19 H27 O4 N3,19,27,4,3,-9999,-9999,-9999,N/A,-9999,-9999
1788,360.211087,360.210927233,360.210881751,2485604,-9999,288778.9,14.63,-1,0.126265288,0.997111358,0.989101786,0.993907529,3,0.388888889,1.777777778,13C1 O7,de-protonated,1,1778,C17 H32 O7 13C1,17,32,7,-9999,-9999,-9999,1,N/A,-9999,-9999
1791,361.056829,361.056669022,361.056505575,2480812.8,-9999,291388.8,14.6,-1,0.452689992,0.963498876,0,0.578099325,11,0.529411765,0.823529412,O9,de-protonated,0,-9999,C17 H14 O9,17,14,9,-9999,-9999,-9999,-9999,N/A,-9999,-9999
1791,361.056829,361.056669022,361.056994832,2480812.8,-9999,291388.8,14.6,-1,-0.9023802,0.862645149,0,0.517587089,15,0.05,0.75,N2 S1 P1 O1,de-protonated,0,-9999,C20 H15 O1 N2 P1 S1,20,15,1,2,1,1,-9999,N/A,-9999,-9999
1791,361.056829,361.056669022,361.056343384,2480812.8,-9999,291388.8,14.6,-1,0.901903546,0.862779775,0,0.517667865,6,0.25,1.583333333,N4 S2 P1 O3,de-protonated,0,-9999,C12 H19 O3 N4 P1 S2,12,19,3,4,1,2,-9999,N/A,-9999,-9999
1792,361.085974,361.085814014,361.085518256,3166392,-9999,305788.6,19.28,-1,0.819081996,0.885384669,0,0.531230802,9,0.052631579,1.210526316,S2 P1 O1,de-protonated,0,-9999,C19 H23 O1 P1 S2,19,23,1,-9999,1,2,-9999,N/A,-9999,-9999
1792,361.085974,361.085814014,361.085986286,3166392,-9999,305788.6,19.28,-1,-0.477094126,0.959540137,0,0.575724082,15,0.105263158,0.789473684,N4 P1 O2,de-protonated,0,-9999,C19 H15 O2 N4 P1,19,15,2,4,1,-9999,-9999,N/A,-9999,-9999
1792,361.085974,361.085814014,361.08571496,3166392,-9999,305788.6,19.28,-1,0.274323112,0.986438212,0,0.591862927,1,0.777777778,2.444444444,N4 S2 O7,de-protonated,0,-9999,C9 H22 O7 N4 S2,9,22,7,4,-9999,2,-9999,N/A,-9999,-9999
1793,361.093217,361.093057013,361.092891084,3463354.8,-9999,309272.8,21.3,-1,0.459516704,0.962410786,0,0.577446472,10,0.444444444,1,O8,de-protonated,0,-9999,C18 H18 O8,18,18,8,-9999,-9999,-9999,-9999,N/A,-9999,-9999
1793,361.093217,361.093057013,361.092728893,3463354.8,-9999,309272.8,21.3,-1,0.908684997,0.860859725,0,0.516515835,5,0.153846154,1.769230769,N4 S2 P1 O2,de-protonated,0,-9999,C13 H23 O2 N4 P1 S2,13,23,2,4,1,2,-9999,N/A,-9999,-9999
1794,361.129524,361.129364004,361.129276594,2159817,-9999,311714.4,12.41,-1,0.242045688,0.989425929,0,0.593655557,9,0.368421053,1.157894737,O7,de-protonated,0,-9999,C19 H22 O7,19,22,7,-9999,-9999,-9999,-9999,N/A,-9999,-9999
1794,361.129524,361.129364004,361.129114402,2159817,-9999,311714.4,12.41,-1,0.691168628,0.916969938,0,0.550181963,4,0.071428571,1.928571429,N4 S2 P1 O1,de-protonated,0,-9999,C14 H27 O1 N4 P1 S2,14,27,1,4,1,2,-9999,N/A,-9999,-9999
1795,361.142682,361.142522,361.142163753,3324110,-9999,293101.8,20.35,-1,0.991983101,0.836481365,0,0.501888819,4,0.4375,1.6875,P1 O7,de-protonated,0,-9999,C16 H27 O7 P1,16,27,7,-9999,1,-9999,-9999,N/A,-9999,-9999
1796,361.150811,361.150650998,361.150405962,2380497.3,-9999,282527.4,13.91,-1,0.678488508,0.919864138,0,0.551918483,4,0.5625,1.625,O9,de-protonated,0,-9999,C16 H26 O9,16,26,9,-9999,-9999,-9999,-9999,N/A,-9999,-9999
1796,361.150811,361.150650998,361.150895219,2380497.3,-9999,282527.4,13.91,-1,-0.676229668,0.920375034,0,0.55222502,8,0.052631579,1.421052632,N2 S1 P1 O1,de-protonated,0,-9999,C19 H27 O1 N2 P1 S1,19,27,1,2,1,1,-9999,N/A,-9999,-9999
1798,361.16603,361.165869994,361.165662103,2393815.3,-9999,303513.2,14,-1,0.57561204,0.941652233,0,0.56499134,8,0.3,1.3,O6,de-protonated,0,-9999,C20 H26 O6,20,26,6,-9999,-9999,-9999,-9999,N/A,-9999,-9999
1800,361.179042,361.178881991,361.178549263,36230364,-9999,285756.3,244.86,-1,0.921229901,0.858468728,0.983390716,0.908437523,3,0.352941176,1.823529412,P1 O6,de-protonated,0,-9999,C17 H31 O6 P1,17,31,6,-9999,1,-9999,-9999,N/A,-9999,-9999
1801,361.181151,361.180990991,361.180918244,2584285,-9999,315462.3,15.3,-1,0.201412168,0.992666221,0,0.595599732,12,0.125,1.083333333,O3,de-protonated,0,-9999,C24 H26 O3,24,26,3,-9999,-9999,-9999,-9999,N/A,-9999,-9999
1801,361.181151,361.180990991,361.180978603,2584285,-9999,315462.3,15.3,-1,0.034296827,0.99978659,0.977110333,0.990716087,4,0.466666667,1.8,13C1 N3 O7,de-protonated,1,1786,C14 H27 O7 N3 13C1,14,27,7,3,-9999,-9999,1,N/A,-9999,-9999
1803,361.215413,361.215252982,361.214934772,9061610,-9999,293488.7,59.5,-1,0.880943731,0.434324823,0.837042051,0.595411714,2,0.277777778,1.944444444,P1 O5,de-protonated,0,-9999,C18 H35 O5 P1,18,35,5,-9999,1,-9999,-9999,N/A,-9999,-9999
1804,361.22343,361.22326998,361.22317698,6923501.5,-9999,290822.1,44.91,-1,0.257457281,0.494022424,0.837042051,0.631230275,2,0.388888889,1.888888889,O7,de-protonated,0,-9999,C18 H34 O7,18,34,7,-9999,-9999,-9999,-9999,N/A,-9999,-9999
1805,362.172515,362.172354743,362.172144465,3289695,-9999,305737,20.11,-1,0.580602562,0.940666858,0,0.564400115,8,0.277777778,1.388888889,N3 O5,de-protonated,0,-9999,C18 H25 O5 N3,18,25,5,3,-9999,-9999,-9999,N/A,-9999,-9999
1806,362.182395,362.18223474,362.181904098,7521891,-9999,282966.2,48.99,-1,0.912918205,0.859656059,0.983390716,0.909149922,3,0.352941176,1.823529412,13C1 P1 O6,de-protonated,1,1800,C16 H31 O6 P1 13C1,16,31,6,-9999,1,-9999,1,N/A,-9999,-9999
1806,362.182395,362.18223474,362.182040443,7521891,-9999,282966.2,48.99,-1,0.536461813,0.474560328,0.85247738,0.625727149,3,0.5,1.8125,N1 O8,de-protonated,0,-9999,C16 H29 O8 N1,16,29,8,1,-9999,-9999,-9999,N/A,-9999,-9999
1808,362.210641,362.210480733,362.210183744,2990702,-9999,323200.5,18.07,-1,0.819935282,0.885160018,0,0.531096011,2,0.294117647,2,N1 P1 O5,de-protonated,0,-9999,C17 H34 O5 N1 P1,17,34,5,1,1,-9999,-9999,N/A,-9999,-9999
1809,362.218822,362.218661731,362.218425953,2340977,-9999,317641.7,13.64,-1,0.65092871,0.925999769,0,0.555599861,2,0.411764706,1.941176471,N1 O7,de-protonated,0,-9999,C17 H33 O7 N1,17,33,7,1,-9999,-9999,-9999,N/A,-9999,-9999
1812,363.072582,363.072421518,363.072155639,3228606,-9999,322911.7,19.69,-1,0.732300809,0.907279711,0,0.544367827,10,0.529411765,0.941176471,O9,de-protonated,0,-9999,C17 H16 O9,17,16,9,-9999,-9999,-9999,-9999,N/A,-9999,-9999
1812,363.072582,363.072421518,363.072644897,3228606,-9999,322911.7,19.69,-1,-0.615246893,0.933622085,0,0.560173251,14,0.05,0.85,N2 S1 P1 O1,de-protonated,0,-9999,C20 H17 O1 N2 P1 S1,20,17,1,2,1,1,-9999,N/A,-9999,-9999
1813,363.085528,363.085367514,363.085042799,1624003,-9999,290099.9,8.75,-1,0.894322782,0.864914119,0,0.518948471,5,0.642857143,1.5,P1 O9,de-protonated,0,-9999,C14 H21 O9 P1,14,21,9,-9999,1,-9999,-9999,N/A,-9999,-9999
1814,363.108772,363.108611508,363.108541149,3828684.3,-9999,297561.2,23.79,-1,0.193770247,0.993210318,0,0.595926191,9,0.444444444,1.111111111,O8,de-protonated,0,-9999,C18 H20 O8,18,20,8,-9999,-9999,-9999,-9999,N/A,-9999,-9999
1814,363.108772,363.108611508,363.108378958,3828684.3,-9999,297561.2,23.79,-1,0.640445044,0.928277295,0,0.556966377,4,0.153846154,1.923076923,N4 S2 P1 O2,de-protonated,0,-9999,C13 H25 O2 N4 P1 S2,13,25,2,4,1,2,-9999,N/A,-9999,-9999
1815,363.121884,363.121723505,363.121428308,1935825.3,-9999,275341.2,10.87,-1,0.812942336,0.886995877,0,0.532197526,4,0.533333333,1.666666667,P1 O8,de-protonated,0,-9999,C15 H25 O8 P1,15,25,8,-9999,1,-9999,-9999,N/A,-9999,-9999
1816,363.141249,363.1410885,363.140903906,1724888.9,-9999,293678.4,9.44,-1,0.508326538,0.95419656,0,0.572517936,4,0.642857143,1.714285714,N2 O9,de-protonated,0,-9999,C14 H24 O9 N2,14,24,9,2,-9999,-9999,-9999,N/A,-9999,-9999
1816,363.141249,363.1410885,363.141393164,1724888.9,-9999,293678.4,9.44,-1,-0.83896575,0.880104074,0,0.528062444,8,0.058823529,1.470588235,N4 S1 P1 O1,de-protonated,0,-9999,C17 H25 O1 N4 P1 S1,17,25,1,4,1,1,-9999,N/A,-9999,-9999
1817,363.145287,363.145126499,363.144926658,2648538.5,-9999,296320.3,15.74,-1,0.550306872,0.946532952,0,0.567919771,8,0.368421053,1.263157895,O7,de-protonated,0,-9999,C19 H24 O7,19,24,7,-9999,-9999,-9999,-9999,N/A,-9999,-9999
1817,363.145287,363.145126499,363.144764467,2648538.5,-9999,296320.3,15.74,-1,0.996937073,0.834987219,0,0.500992332,3,0.071428571,2.071428571,N4 S2 P1 O1,de-protonated,0,-9999,C14 H29 O1 N4 P1 S2,14,29,1,4,1,2,-9999,N/A,-9999,-9999
1818,363.15832,363.158159496,363.157813818,3438559.5,-9999,327269.7,21.13,-1,0.951868047,0.848400823,0,0.509040494,3,0.4375,1.8125,P1 O7,de-protonated,0,-9999,C16 H29 O7 P1,16,29,7,-9999,1,-9999,-9999,N/A,-9999,-9999
1820,363.181579,363.18141849,363.181312168,4304872.5,-9999,273238.8,27.04,-1,0.292753834,0.984569268,0,0.590741561,7,0.3,1.4,O6,de-protonated,0,-9999,C20 H28 O6,20,28,6,-9999,-9999,-9999,-9999,N/A,-9999,-9999
1821,363.194649,363.194488487,363.194199327,114014192,-9999,284799.9,775.56,-1,0.796157766,0.436256555,0.97029745,0.649872913,2,0.352941176,1.941176471,P1 O6,de-protonated,0,-9999,C17 H33 O6 P1,17,33,6,-9999,1,-9999,-9999,N/A,-9999,-9999
1823,363.231079,363.230918478,363.230584836,7821308,-9999,276524.2,51.03,-1,0.918538897,0.868718679,0.987455377,0.916213359,1,0.277777778,2.055555556,P1 O5,de-protonated,0,-9999,C18 H37 O5 P1,18,37,5,-9999,1,-9999,-9999,N/A,-9999,-9999
1826,364.151772,364.151611248,364.15140902,3806563.3,-9999,292683.9,23.64,-1,0.55534021,0.945577645,0,0.567346587,8,0.352941176,1.352941176,N3 O6,de-protonated,0,-9999,C17 H23 O6 N3,17,23,6,3,-9999,-9999,-9999,N/A,-9999,-9999
1828,364.179421,364.179260241,364.179552321,2373486,-9999,342802.8,13.86,-1,-0.802021568,0.889838941,0,0.533903364,7,0.166666667,1.555555556,N3 P1 O3,de-protonated,0,-9999,C18 H28 O3 N3 P1,18,28,3,3,1,-9999,-9999,N/A,-9999,-9999
1830,364.188143,364.187982239,364.187794529,3730801.5,-9999,278594.3,23.12,-1,0.515419451,0.952940176,0,0.571764106,7,0.277777778,1.5,N3 O5,de-protonated,0,-9999,C18 H27 O5 N3,18,27,5,3,-9999,-9999,-9999,N/A,-9999,-9999
1831,364.198055,364.197894236,364.197554162,19380598,-9999,288452.8,129.89,-1,0.93376202,0.426836442,0.97029745,0.644220845,2,0.352941176,1.941176471,13C1 P1 O6,de-protonated,1,1821,C16 H33 O6 P1 13C1,16,33,6,-9999,1,-9999,1,N/A,-9999,-9999
1831,364.198055,364.197894236,364.197690508,19380598,-9999,288452.8,129.89,-1,0.559389115,0.472401788,0.85247738,0.624432025,2,0.5,1.9375,N1 O8,de-protonated,0,-9999,C16 H31 O8 N1,16,31,8,1,-9999,-9999,-9999,N/A,-9999,-9999
1832,364.201095,364.200934235,364.200681689,4480374.5,-9999,300329.2,28.23,-1,0.693427213,0.916449768,0,0.549869861,2,0.333333333,2.133333333,N3 P1 O5,de-protonated,0,-9999,C15 H32 O5 N3 P1,15,32,5,3,1,-9999,-9999,N/A,-9999,-9999
1833,364.226292,364.226131229,364.225833809,14870912,-9999,282511.5,99.12,-1,0.816582114,0.443020907,0.844689208,0.603688227,1,0.294117647,2.117647059,N1 P1 O5,de-protonated,0,-9999,C17 H36 O5 N1 P1,17,36,5,1,1,-9999,-9999,N/A,-9999,-9999
1834,364.234407,364.234246227,364.233939672,1384707.4,-9999,246870.7,7.11,-1,0.841644252,0.879385503,0.987455377,0.922613453,1,0.277777778,2.055555556,13C1 P1 O5,de-protonated,1,1823,C17 H37 O5 P1 13C1,17,37,5,-9999,1,-9999,1,N/A,-9999,-9999
1834,364.234407,364.234246227,364.234076017,1384707.4,-9999,246870.7,7.11,-1,0.46730878,0.961150466,0,0.57669028,1,0.411764706,2.058823529,N1 O7,de-protonated,0,-9999,C17 H35 O7 N1,17,35,7,1,-9999,-9999,-9999,N/A,-9999,-9999
1837,365.051725,365.051564023,365.051420195,2806466.5,-9999,293003.9,16.66,-1,0.393993555,0.972226529,0,0.583335918,10,0.625,0.875,O10,de-protonated,0,-9999,C16 H14 O10,16,14,10,-9999,-9999,-9999,-9999,N/A,-9999,-9999
1837,365.051725,365.051564023,365.051909452,2806466.5,-9999,293003.9,16.66,-1,-0.946247463,0.850044738,0,0.510026843,14,0.105263158,0.789473684,N2 S1 P1 O2,de-protonated,0,-9999,C19 H15 O2 N2 P1 S1,19,15,2,2,1,1,-9999,N/A,-9999,-9999
1837,365.051725,365.051564023,365.051258003,2806466.5,-9999,293003.9,16.66,-1,0.838291145,0.880284784,0,0.52817087,5,0.363636364,1.727272727,N4 S2 P1 O4,de-protonated,0,-9999,C11 H19 O4 N4 P1 S2,11,19,4,4,1,2,-9999,N/A,-9999,-9999
1838,365.08813,365.087969013,365.087805704,4710096.5,-9999,285505.8,29.53,-1,0.447315547,0.964344884,0,0.57860693,9,0.529411765,1.058823529,O9,de-protonated,0,-9999,C17 H18 O9,17,18,9,-9999,-9999,-9999,-9999,N/A,-9999,-9999
1838,365.08813,365.087969013,365.088294961,4710096.5,-9999,285505.8,29.53,-1,-0.892791971,0.865343565,0,0.519206139,13,0.05,0.95,N2 S1 P1 O1,de-protonated,0,-9999,C20 H19 O1 N2 P1 S1,20,19,1,2,1,1,-9999,N/A,-9999,-9999
1838,365.08813,365.087969013,365.087643513,4710096.5,-9999,285505.8,29.53,-1,0.89156888,0.865686309,0,0.519411785,4,0.25,1.916666667,N4 S2 P1 O3,de-protonated,0,-9999,C12 H23 O3 N4 P1 S2,12,23,3,4,1,2,-9999,N/A,-9999,-9999
1839,365.100956,365.10079501,365.100559922,1423445.6,-9999,221305,7.31,-1,0.643900419,0.927530101,0,0.55651806,17,0.04,0.72,S1 O1,de-protonated,0,-9999,C25 H18 O1 S1,25,18,1,-9999,-9999,1,-9999,N/A,-9999,-9999
1839,365.100956,365.10079501,365.100692864,1423445.6,-9999,221305,7.31,-1,0.279776718,0.985897487,0,0.591538492,4,0.642857143,1.642857143,P1 O9,de-protonated,0,-9999,C14 H23 O9 P1,14,23,9,-9999,1,-9999,-9999,N/A,-9999,-9999
1840,365.124468,365.124307004,365.124191213,4919007,-9999,295956.1,30.94,-1,0.317127749,0.981917196,0,0.589150318,8,0.444444444,1.222222222,O8,de-protonated,0,-9999,C18 H22 O8,18,22,8,-9999,-9999,-9999,-9999,N/A,-9999,-9999
1840,365.124468,365.124307004,365.124029022,4919007,-9999,295956.1,30.94,-1,0.761336753,0.900168092,0,0.540100855,3,0.153846154,2.076923077,N4 S2 P1 O2,de-protonated,0,-9999,C13 H27 O2 N4 P1 S2,13,27,2,4,1,2,-9999,N/A,-9999,-9999
1842,365.137577,365.137416001,365.137078373,2539236,-9999,284910.2,14.85,-1,0.924661405,0.856296663,0,0.513777998,3,0.533333333,1.8,P1 O8,de-protonated,0,-9999,C15 H27 O8 P1,15,27,8,-9999,1,-9999,-9999,N/A,-9999,-9999
1843,365.146881,365.146719999,365.146657992,1398247.6,-9999,278885.7,7.14,-1,0.169813486,0.994781298,0,0.596868779,8,0.375,1.375,N4 O6,de-protonated,0,-9999,C16 H22 O6 N4,16,22,6,4,-9999,-9999,-9999,N/A,-9999,-9999
1844,365.161005,365.160843995,365.160576723,2530029.3,-9999,296301.4,14.79,-1,0.731931488,0.90736874,0,0.544421244,7,0.368421053,1.368421053,O7,de-protonated,0,-9999,C19 H26 O7,19,26,7,-9999,-9999,-9999,-9999,N/A,-9999,-9999
1845,365.173948,365.173786992,365.173463882,4229874,-9999,296959.8,26.28,-1,0.8848116,0.867573845,0,0.520544307,2,0.4375,1.9375,P1 O7,de-protonated,0,-9999,C16 H31 O7 P1,16,31,7,-9999,1,-9999,-9999,N/A,-9999,-9999
1847,365.194691,365.194529987,365.194460309,1596666.3,-9999,314461.3,8.48,-1,0.190797524,0.993416365,0,0.596049819,10,0.041666667,1.25,S1 O1,de-protonated,0,-9999,C24 H30 O1 S1,24,30,1,-9999,-9999,1,-9999,N/A,-9999,-9999
1848,365.197279,365.197117986,365.196962232,8215291.5,-9999,280145.1,53.23,-1,0.42649342,0.979053325,0.996504799,0.986033915,6,0.3,1.5,O6,de-protonated,0,-9999,C20 H30 O6,20,30,6,-9999,-9999,-9999,-9999,N/A,-9999,-9999
1849,365.210283,365.210121983,365.209849392,245709568,-9999,284732.3,1659.16,-1,0.746396296,0.438678579,0.973341207,0.65254363,1,0.352941176,2.058823529,P1 O6,de-protonated,0,-9999,C17 H35 O6 P1,17,35,6,-9999,1,-9999,-9999,N/A,-9999,-9999
1850,365.233737,365.233575977,365.233347741,2346761.5,-9999,307859.6,13.55,-1,0.624903597,0.931595539,0,0.558957323,5,0.238095238,1.619047619,O5,de-protonated,0,-9999,C21 H34 O5,21,34,5,-9999,-9999,-9999,-9999,N/A,-9999,-9999
1851,365.246734,365.246572974,365.246234901,6104846.5,-9999,286275.7,38.96,-1,0.925602456,0.428013085,0.837042051,0.591624671,0,0.277777778,2.166666667,P1 O5,de-protonated,0,-9999,C18 H39 O5 P1,18,39,5,-9999,1,-9999,-9999,N/A,-9999,-9999
1852,366.13095,366.130788753,366.130673575,3024487.5,-9999,290317.5,18.13,-1,0.314581086,0.982203865,0,0.589322319,8,0.4375,1.3125,N3 O7,de-protonated,0,-9999,C16 H21 O7 N3,16,21,7,3,-9999,-9999,-9999,N/A,-9999,-9999
1854,366.167319,366.167157743,366.167059084,1734261.8,-9999,295682.7,9.41,-1,0.26943805,0.986913774,0,0.592148264,7,0.352941176,1.470588235,N3 O6,de-protonated,0,-9999,C17 H25 O6 N3,17,25,6,3,-9999,-9999,-9999,N/A,-9999,-9999
1855,366.180382,366.18022074,366.179946244,6533243,-9999,270176.8,41.86,-1,0.749621884,0.903063868,0,0.541838321,2,0.428571429,2.142857143,N3 P1 O6,de-protonated,0,-9999,C14 H30 O6 N3 P1,14,30,6,3,1,-9999,-9999,N/A,-9999,-9999
1856,366.195057,366.194895737,366.195202385,6896768.5,-9999,293939.1,44.32,-1,-0.837390707,0.44026291,0.837042051,0.598974566,6,0.166666667,1.666666667,N3 P1 O3,de-protonated,0,-9999,C18 H30 O3 N3 P1,18,30,3,3,1,-9999,-9999,N/A,-9999,-9999
1858,366.200562,366.200400735,366.200317067,1734786.8,-9999,310909.2,9.41,-1,0.228476301,0.990572838,0.996504799,0.992945622,6,0.3,1.5,13C1 O6,de-protonated,1,1848,C19 H30 O6 13C1,19,30,6,-9999,-9999,-9999,1,N/A,-9999,-9999
1859,366.213711,366.213549732,366.213204227,42794120,-9999,285152.8,287.05,-1,0.943453789,0.425429695,0.973341207,0.6445943,1,0.352941176,2.058823529,13C1 P1 O6,de-protonated,1,1849,C16 H35 O6 P1 13C1,16,35,6,-9999,1,-9999,1,N/A,-9999,-9999
1859,366.213711,366.213549732,366.213340572,42794120,-9999,285152.8,287.05,-1,0.571141441,0.91947214,0.940677096,0.927954122,1,0.5,2.0625,N1 O8,de-protonated,0,-9999,C16 H33 O8 N1,16,33,8,1,-9999,-9999,-9999,N/A,-9999,-9999
1861,366.241913,366.241751725,366.241483873,1765522.9,-9999,307284.5,9.62,-1,0.731352709,0.907508188,0,0.544504913,0,0.294117647,2.235294118,N1 P1 O5,de-protonated,0,-9999,C17 H38 O5 N1 P1,17,38,5,1,1,-9999,-9999,N/A,-9999,-9999
1864,367.067342,367.067180518,367.067070259,4040148.8,-9999,281535.1,25,-1,0.300379186,0.983761598,0,0.590256959,9,0.625,1,O10,de-protonated,0,-9999,C16 H16 O10,16,16,10,-9999,-9999,-9999,-9999,N/A,-9999,-9999
1864,367.067342,367.067180518,367.066908068,4040148.8,-9999,281535.1,25,-1,0.742236992,0.904870952,0,0.542922571,4,0.363636364,1.909090909,N4 S2 P1 O4,de-protonated,0,-9999,C11 H21 O4 N4 P1 S2,11,21,4,4,1,2,-9999,N/A,-9999,-9999
1865,367.103794,367.103632509,367.103455768,6632931,-9999,286776.6,42.53,-1,0.481446954,0.969912312,0.890607996,0.938190585,8,0.529411765,1.176470588,O9,de-protonated,0,-9999,C17 H20 O9,17,20,9,-9999,-9999,-9999,-9999,N/A,-9999,-9999
1865,367.103794,367.103632509,367.103945026,6632931,-9999,286776.6,42.53,-1,-0.851302509,0.438390181,0.822155738,0.591896404,12,0.05,1.05,N2 S1 P1 O1,de-protonated,0,-9999,C20 H21 O1 N2 P1 S1,20,21,1,2,1,1,-9999,N/A,-9999,-9999
1865,367.103794,367.103632509,367.103293577,6632931,-9999,286776.6,42.53,-1,0.923261045,0.856698828,0,0.514019297,3,0.25,2.083333333,N4 S2 P1 O3,de-protonated,0,-9999,C12 H25 O3 N4 P1 S2,12,25,3,4,1,2,-9999,N/A,-9999,-9999
1866,367.116831,367.116669506,367.116342928,2008551.9,-9999,305681.6,11.26,-1,0.889576332,0.86624396,0,0.519746376,3,0.642857143,1.785714286,P1 O9,de-protonated,0,-9999,C14 H25 O9 P1,14,25,9,-9999,1,-9999,-9999,N/A,-9999,-9999
1867,367.131524,367.131362502,367.131599069,1855469.6,-9999,337169.9,10.22,-1,-0.644365551,0.927429259,0,0.556457555,7,0.333333333,1.388888889,P1 O6,de-protonated,0,-9999,C18 H25 O6 P1,18,25,6,-9999,1,-9999,-9999,N/A,-9999,-9999
1868,367.134477,367.134315502,367.133968051,1404398.8,-9999,307184.4,7.17,-1,0.946386378,0.850004187,0,0.510002512,16,0.12,0.8,O3,de-protonated,0,-9999,C25 H20 O3,25,20,3,-9999,-9999,-9999,-9999,N/A,-9999,-9999
1869,367.140172,367.1400105,367.139841278,5047793,-9999,302250,31.81,-1,0.460920806,0.962185126,0,0.577311075,7,0.444444444,1.333333333,O8,de-protonated,0,-9999,C18 H24 O8,18,24,8,-9999,-9999,-9999,-9999,N/A,-9999,-9999
1869,367.140172,367.1400105,367.139679086,5047793,-9999,302250,31.81,-1,0.902691103,0.862557311,0,0.517534387,2,0.153846154,2.230769231,N4 S2 P1 O2,de-protonated,0,-9999,C13 H29 O2 N4 P1 S2,13,29,2,4,1,2,-9999,N/A,-9999,-9999
1871,367.166112,367.165950494,367.16567936,2199035,-9999,289688.2,12.55,-1,0.738451383,0.905791743,0,0.543475046,2,0.461538462,2.153846154,N4 S1 O6,de-protonated,0,-9999,C13 H28 O6 N4 S1,13,28,6,4,-9999,1,-9999,N/A,-9999,-9999
1872,367.168504,367.168342493,367.167984579,2269180,-9999,348927,13.02,-1,0.974797533,0.841627277,0,0.504976366,6,0.263157895,1.526315789,P1 O5,de-protonated,0,-9999,C19 H29 O5 P1,19,29,5,-9999,1,-9999,-9999,N/A,-9999,-9999
1874,367.176542,367.176380491,367.176226787,2447871.3,-9999,323099.7,14.23,-1,0.41861083,0.968704017,0,0.58122241,6,0.368421053,1.473684211,O7,de-protonated,0,-9999,C19 H28 O7,19,28,7,-9999,-9999,-9999,-9999,N/A,-9999,-9999
1874,367.176542,367.176380491,367.176064596,2447871.3,-9999,323099.7,14.23,-1,0.86033733,0.874323577,0,0.524594146,1,0.071428571,2.357142857,N4 S2 P1 O1,de-protonated,0,-9999,C14 H33 O1 N4 P1 S2,14,33,1,4,1,2,-9999,N/A,-9999,-9999
1875,367.189622,367.189460488,367.189113947,3324932.3,-9999,279154.4,20.16,-1,0.943767368,0.85076803,0,0.510460818,1,0.4375,2.0625,P1 O7,de-protonated,0,-9999,C16 H33 O7 P1,16,33,7,-9999,1,-9999,-9999,N/A,-9999,-9999
1877,367.212938,367.212776482,367.212612296,14052877,-9999,285694,92.7,-1,0.447112888,0.969946094,0.98225137,0.974868205,5,0.3,1.6,O6,de-protonated,0,-9999,C20 H32 O6,20,32,6,-9999,-9999,-9999,-9999,N/A,-9999,-9999
1878,367.217142,367.216980481,367.216695407,4139535,-9999,313207.5,25.67,-1,0.77630885,0.896415688,0.940677096,0.914120251,1,0.5,2.0625,13C1 N1 O8,de-protonated,1,1859,C15 H33 O8 N1 13C1,15,33,8,1,-9999,-9999,1,N/A,-9999,-9999
1878,367.217142,367.216980481,367.21732101,4139535,-9999,313207.5,25.67,-1,-0.927323904,0.855530871,0,0.513318523,5,0.111111111,1.777777778,N4 S1 O2,de-protonated,0,-9999,C18 H32 O2 N4 S1,18,32,2,4,-9999,1,-9999,N/A,-9999,-9999
1879,367.225989,367.225827479,367.225499456,61636116,-9999,283583.8,414.46,-1,0.893245861,0.865969576,0.989410956,0.915346128,0,0.352941176,2.176470588,P1 O6,de-protonated,0,-9999,C17 H37 O6 P1,17,37,6,-9999,1,-9999,-9999,N/A,-9999,-9999
1880,367.249341,367.249179473,367.248997806,2650651.5,-9999,289366.7,15.6,-1,0.494669932,0.956571068,0,0.573942641,4,0.238095238,1.714285714,O5,de-protonated,0,-9999,C21 H36 O5,21,36,5,-9999,-9999,-9999,-9999,N/A,-9999,-9999
1883,368.107092,368.106930258,368.106810603,2387817.3,-9999,285549.8,13.82,-1,0.325054646,0.98101065,0.890607996,0.944849588,8,0.529411765,1.176470588,13C1 O9,de-protonated,1,1865,C16 H20 O9 13C1,16,20,9,-9999,-9999,-9999,1,N/A,-9999,-9999
1884,368.159614,368.159452245,368.159210799,1666429.8,-9999,309338.4,8.94,-1,0.655820485,0.924926344,0,0.554955807,2,0.538461538,2.153846154,N3 P1 O7,de-protonated,0,-9999,C13 H28 O7 N3 P1,13,28,7,3,1,-9999,-9999,N/A,-9999,-9999
1886,368.210741,368.210579232,368.210852449,13852562,-9999,279829.2,91.34,-1,-0.742012555,0.452462824,0.837042051,0.606294515,5,0.166666667,1.777777778,N3 P1 O3,de-protonated,0,-9999,C18 H32 O3 N3 P1,18,32,3,3,1,-9999,-9999,N/A,-9999,-9999
1888,368.216265,368.216103231,368.215967132,3416979.8,-9999,282463.7,20.78,-1,0.369618607,0.975515586,0.98225137,0.9782099,5,0.3,1.6,13C1 O6,de-protonated,1,1877,C19 H32 O6 13C1,19,32,6,-9999,-9999,-9999,1,N/A,-9999,-9999
1889,368.229343,368.229181228,368.228854291,12259225,-9999,281092.5,80.57,-1,0.887862611,0.866722864,0.989410956,0.915798101,0,0.352941176,2.176470588,13C1 P1 O6,de-protonated,1,1879,C16 H37 O6 P1 13C1,16,37,6,-9999,1,-9999,1,N/A,-9999,-9999
1889,368.229343,368.229181228,368.228990637,12259225,-9999,281092.5,80.57,-1,0.517588286,0.476276432,0.85247738,0.626756811,0,0.5,2.1875,N1 O8,de-protonated,0,-9999,C16 H35 O8 N1,16,35,8,1,-9999,-9999,-9999,N/A,-9999,-9999
1891,369.046583,369.046421023,369.046334814,2384598,-9999,294045.7,13.8,-1,0.233599818,0.990147407,0,0.594088444,9,0.733333333,0.933333333,O11,de-protonated,0,-9999,C15 H14 O11,15,14,11,-9999,-9999,-9999,-9999,N/A,-9999,-9999
1891,369.046583,369.046421023,369.046172623,2384598,-9999,294045.7,13.8,-1,0.673087828,0.92108328,0,0.552649968,4,0.5,1.9,N4 S2 P1 O5,de-protonated,0,-9999,C10 H19 O5 N4 P1 S2,10,19,5,4,1,2,-9999,N/A,-9999,-9999
1892,369.083057,369.082895014,369.082720324,6375652.5,-9999,294201.6,40.78,-1,0.473310384,0.480083223,0.85247738,0.629040886,8,0.625,1.125,O10,de-protonated,0,-9999,C16 H18 O10,16,18,10,-9999,-9999,-9999,-9999,N/A,-9999,-9999
1892,369.083057,369.082895014,369.083209581,6375652.5,-9999,294201.6,40.78,-1,-0.852291998,0.438256113,0.829532115,0.594766514,12,0.105263158,1,N2 S1 P1 O2,de-protonated,0,-9999,C19 H19 O2 N2 P1 S1,19,19,2,2,1,1,-9999,N/A,-9999,-9999
1892,369.083057,369.082895014,369.082558132,6375652.5,-9999,294201.6,40.78,-1,0.912755173,0.859702488,0,0.515821493,3,0.363636364,2.090909091,N4 S2 P1 O4,de-protonated,0,-9999,C11 H23 O4 N4 P1 S2,11,23,4,4,1,2,-9999,N/A,-9999,-9999
1893,369.119396,369.119234005,369.119105833,7266546.5,-9999,276474.6,46.81,-1,0.347238176,0.955320573,0.995017373,0.971199293,7,0.529411765,1.294117647,O9,de-protonated,0,-9999,C17 H22 O9,17,22,9,-9999,-9999,-9999,-9999,N/A,-9999,-9999
1893,369.119396,369.119234005,369.11959509,7266546.5,-9999,276474.6,46.81,-1,-0.978233369,0.877738881,0.982449158,0.919622992,11,0.05,1.15,N2 S1 P1 O1,de-protonated,0,-9999,C20 H23 O1 N2 P1 S1,20,23,1,2,1,1,-9999,N/A,-9999,-9999
1893,369.119396,369.119234005,369.118943642,7266546.5,-9999,276474.6,46.81,-1,0.786639592,0.893793261,0,0.536275957,2,0.25,2.25,N4 S2 P1 O3,de-protonated,0,-9999,C12 H27 O3 N4 P1 S2,12,27,3,4,1,2,-9999,N/A,-9999,-9999
1894,369.127585,369.127423003,369.12718585,3704053.5,-9999,278109.9,22.72,-1,0.642469712,0.927839893,0,0.556703936,2,0.416666667,2.166666667,N4 S2 O5,de-protonated,0,-9999,C12 H26 O5 N4 S2,12,26,5,4,-9999,2,-9999,N/A,-9999,-9999
1895,369.132482,369.132320002,369.131992992,1575671.5,-9999,324952.9,8.33,-1,0.885887456,0.867274009,0,0.520364406,2,0.642857143,1.928571429,P1 O9,de-protonated,0,-9999,C14 H27 O9 P1,14,27,9,-9999,1,-9999,-9999,N/A,-9999,-9999
1896,369.155864,369.155701996,369.155491342,3750144.5,-9999,294642.4,23.03,-1,0.570636978,0.942627103,0,0.565576262,6,0.444444444,1.444444444,O8,de-protonated,0,-9999,C18 H26 O8,18,26,8,-9999,-9999,-9999,-9999,N/A,-9999,-9999
1897,369.181752,369.18158999,369.181329424,10821899,-9999,285392,70.85,-1,0.70579246,0.933814389,0.98217281,0.953157757,1,0.461538462,2.307692308,N4 S1 O6,de-protonated,0,-9999,C13 H30 O6 N4 S1,13,30,6,4,-9999,1,-9999,N/A,-9999,-9999
1898,369.184106,369.183943989,369.183634643,7147787.5,-9999,285091.4,46,-1,0.837918643,0.440192261,0.829532115,0.595928202,5,0.263157895,1.631578947,P1 O5,de-protonated,0,-9999,C19 H31 O5 P1,19,31,5,-9999,1,-9999,-9999,N/A,-9999,-9999
1899,369.192178,369.192015987,369.191876852,2993422.5,-9999,294398.5,17.91,-1,0.376864578,0.974558631,0,0.584735179,5,0.368421053,1.578947368,O7,de-protonated,0,-9999,C19 H30 O7,19,30,7,-9999,-9999,-9999,-9999,N/A,-9999,-9999
1899,369.192178,369.192015987,369.19171466,2993422.5,-9999,294398.5,17.91,-1,0.816179397,0.886147533,0,0.53168852,0,0.071428571,2.5,N4 S2 P1 O1,de-protonated,0,-9999,C14 H35 O1 N4 P1 S2,14,35,1,4,1,2,-9999,N/A,-9999,-9999
1901,369.228579,369.228416978,369.228262361,11161885,-9999,276062.3,73.15,-1,0.418756911,0.924060303,0.981318268,0.946963489,4,0.3,1.7,O6,de-protonated,0,-9999,C20 H34 O6,20,34,6,-9999,-9999,-9999,-9999,N/A,-9999,-9999
1902,369.301302,369.30113996,369.30103338,1924920.9,-9999,275962.1,10.69,-1,0.288599239,0.985000851,0,0.59100051,2,0.181818182,1.909090909,O4,de-protonated,0,-9999,C22 H42 O4,22,42,4,-9999,-9999,-9999,-9999,N/A,-9999,-9999
1903,370.122853,370.122690754,370.122460668,1387126.9,-9999,290857,7.05,-1,0.621648828,0.932281614,0.995017373,0.957375918,7,0.529411765,1.294117647,13C1 O9,de-protonated,1,1893,C16 H22 O9 13C1,16,22,9,-9999,-9999,-9999,1,N/A,-9999,-9999
1903,370.122853,370.122690754,370.122949925,1387126.9,-9999,290857,7.05,-1,-0.7002299,0.914874605,0.982449158,0.941904426,11,0.05,1.15,13C1 N2 S1 P1 O1,de-protonated,1,1893,C19 H23 O1 N2 P1 S1 13C1,19,23,1,2,1,1,1,N/A,-9999,-9999
1904,370.154182,370.154019746,370.154111618,2406531,-9999,311702.5,13.94,-1,-0.248197816,0.988884607,0,0.593330764,1,0.571428571,2.071428571,N1 S1 O8,de-protonated,0,-9999,C14 H29 O8 N1 S1,14,29,8,1,-9999,1,-9999,N/A,-9999,-9999
1904,370.154182,370.154019746,370.153731495,2406531,-9999,311702.5,13.94,-1,0.778733411,0.895802646,0,0.537481588,6,0.3125,1.625,N3 P1 O5,de-protonated,0,-9999,C16 H26 O5 N3 P1,16,26,5,3,1,-9999,-9999,N/A,-9999,-9999
1905,370.185035,370.184872739,370.1846239,1777806.9,-9999,362205.5,9.69,-1,0.672200424,0.921282823,0,0.552769694,9,0.090909091,1.318181818,N1 S1 O2,de-protonated,0,-9999,C22 H29 O2 N1 S1,22,29,2,1,-9999,1,-9999,N/A,-9999,-9999
1905,370.185035,370.184872739,370.184684259,1777806.9,-9999,362205.5,9.69,-1,0.509149619,0.954051574,0.98217281,0.965300069,1,0.461538462,2.307692308,13C1 N4 S1 O6,de-protonated,1,1897,C12 H30 O6 N4 S1 13C1,12,30,6,4,-9999,1,1,N/A,-9999,-9999
1906,370.187594,370.187431738,370.187125824,1948303.9,-9999,315452.1,10.84,-1,0.82637712,0.88345833,0,0.530074998,5,0.388888889,1.611111111,N1 O7,de-protonated,0,-9999,C18 H29 O7 N1,18,29,7,1,-9999,-9999,-9999,N/A,-9999,-9999
1907,370.226365,370.226202728,370.226502514,4295327,-9999,285561,26.71,-1,-0.809735862,0.887833678,0,0.532700207,4,0.166666667,1.888888889,N3 P1 O3,de-protonated,0,-9999,C18 H34 O3 N3 P1,18,34,3,3,1,-9999,-9999,N/A,-9999,-9999
1908,370.232091,370.231928727,370.231617196,2730145,-9999,256401.3,16.13,-1,0.841448453,0.879438089,0.981318268,0.92019016,4,0.3,1.7,13C1 O6,de-protonated,1,1901,C19 H34 O6 13C1,19,34,6,-9999,-9999,-9999,1,N/A,-9999,-9999
1911,371.041004,371.040841524,371.040855511,1476825.1,-9999,317871.9,7.65,-1,-0.037694181,0.999742222,0,0.599845333,13,0.5,0.666666667,O9,de-protonated,0,-9999,C18 H12 O9,18,12,9,-9999,-9999,-9999,-9999,N/A,-9999,-9999
1911,371.041004,371.040841524,371.040693319,1476825.1,-9999,317871.9,7.65,-1,0.399431253,0.971465726,0,0.582879436,8,0.230769231,1.307692308,N4 S2 P1 O3,de-protonated,0,-9999,C13 H17 O3 N4 P1 S2,13,17,3,4,1,2,-9999,N/A,-9999,-9999
1912,371.062326,371.062163519,371.061984879,3085281.3,-9999,302430.9,18.53,-1,0.481430417,0.958816743,0,0.575290046,8,0.733333333,1.066666667,O11,de-protonated,0,-9999,C15 H16 O11,15,16,11,-9999,-9999,-9999,-9999,N/A,-9999,-9999
1912,371.062326,371.062163519,371.062474136,3085281.3,-9999,302430.9,18.53,-1,-0.83710115,0.880603289,0,0.528361973,12,0.166666667,0.944444444,N2 S1 P1 O3,de-protonated,0,-9999,C18 H17 O3 N2 P1 S1,18,17,3,2,1,1,-9999,N/A,-9999,-9999
1912,371.062326,371.062163519,371.061822687,3085281.3,-9999,302430.9,18.53,-1,0.918531186,0.858054061,0,0.514832437,3,0.5,2.1,N4 S2 P1 O5,de-protonated,0,-9999,C10 H21 O5 N4 P1 S2,10,21,5,4,1,2,-9999,N/A,-9999,-9999
1913,371.077633,371.077470515,371.07724102,1650407.3,-9999,301183.8,8.83,-1,0.618457243,0.932951379,0,0.559770827,12,0.421052632,0.842105263,O8,de-protonated,0,-9999,C19 H16 O8,19,16,8,-9999,-9999,-9999,-9999,N/A,-9999,-9999
1914,371.098668,371.09850551,371.098370388,6618095.5,-9999,288875,42.42,-1,0.364113931,0.981207239,0.942346178,0.965662815,7,0.625,1.25,O10,de-protonated,0,-9999,C16 H20 O10,16,20,10,-9999,-9999,-9999,-9999,N/A,-9999,-9999
1914,371.098668,371.09850551,371.098859645,6618095.5,-9999,288875,42.42,-1,-0.954288203,0.42384548,0.829532115,0.586120134,11,0.105263158,1.105263158,N2 S1 P1 O2,de-protonated,0,-9999,C19 H21 O2 N2 P1 S1,19,21,2,2,1,1,-9999,N/A,-9999,-9999
1914,371.098668,371.09850551,371.098208197,6618095.5,-9999,288875,42.42,-1,0.801171792,0.890058934,0,0.53403536,2,0.363636364,2.272727273,N4 S2 P1 O4,de-protonated,0,-9999,C11 H25 O4 N4 P1 S2,11,25,4,4,1,2,-9999,N/A,-9999,-9999
1915,371.1141,371.113937506,371.113626529,1456629.3,-9999,342462.1,7.52,-1,0.837956125,0.880374487,0,0.528224692,11,0.35,1,O7,de-protonated,0,-9999,C20 H20 O7,20,20,7,-9999,-9999,-9999,-9999,N/A,-9999,-9999
1916,371.135066,371.134903501,371.134755897,4227069.5,-9999,294842.5,26.25,-1,0.397709,0.971707755,0,0.583024653,6,0.529411765,1.411764706,O9,de-protonated,0,-9999,C17 H24 O9,17,24,9,-9999,-9999,-9999,-9999,N/A,-9999,-9999
1916,371.135066,371.134903501,371.135245155,4227069.5,-9999,294842.5,26.25,-1,-0.920563924,0.857472217,0,0.51448333,10,0.05,1.25,N2 S1 P1 O1,de-protonated,0,-9999,C20 H25 O1 N2 P1 S1,20,25,1,2,1,1,-9999,N/A,-9999,-9999
1916,371.135066,371.134903501,371.134593706,4227069.5,-9999,294842.5,26.25,-1,0.834724027,0.881238523,0,0.528743114,1,0.25,2.416666667,N4 S2 P1 O3,de-protonated,0,-9999,C12 H29 O3 N4 P1 S2,12,29,3,4,1,2,-9999,N/A,-9999,-9999
1917,371.146319,371.146156498,371.145989287,7721985.5,-9999,282960.2,49.88,-1,0.450527644,0.481920192,0.85247738,0.630143067,6,0.5,1.5,N2 O8,de-protonated,0,-9999,C16 H24 O8 N2,16,24,8,2,-9999,-9999,-9999,N/A,-9999,-9999
1918,371.157536,371.157373495,371.157025971,2472454,-9999,283633.9,14.39,-1,0.936325862,0.852930532,0,0.511758319,14,0.04,1,P1 O1,de-protonated,0,-9999,C25 H25 O1 P1,25,25,1,-9999,1,-9999,-9999,N/A,-9999,-9999
1918,371.157536,371.157373495,371.157222676,2472454,-9999,283633.9,14.39,-1,0.406349178,0.97048363,0,0.582290178,6,0.466666667,1.6,N4 O7,de-protonated,0,-9999,C15 H24 O7 N4,15,24,7,4,-9999,-9999,-9999,N/A,-9999,-9999
1920,371.171425,371.171262492,371.171141407,2667531.3,-9999,297592.7,15.7,-1,0.326224685,0.980875017,0,0.58852501,5,0.444444444,1.555555556,O8,de-protonated,0,-9999,C18 H28 O8,18,28,8,-9999,-9999,-9999,-9999,N/A,-9999,-9999
1921,371.178804,371.17864149,371.178352044,3570702.3,-9999,288062,21.81,-1,0.779803163,0.895531689,0,0.537319013,1,0.75,2.333333333,N4 O9,de-protonated,0,-9999,C12 H28 O9 N4,12,28,9,4,-9999,-9999,-9999,N/A,-9999,-9999
1923,371.193957,371.193794486,371.193608185,2440724,-9999,247561.7,14.17,-1,0.501897039,0.955321792,0,0.573193075,5,0.375,1.75,N4 O6,de-protonated,0,-9999,C16 H28 O6 N4,16,28,6,4,-9999,-9999,-9999,N/A,-9999,-9999
1924,371.197369,371.197206485,371.196979489,28943382,-9999,276933,193.38,-1,0.611526527,0.621936184,0.95907891,0.756793274,0,0.461538462,2.461538462,N4 S1 O6,de-protonated,0,-9999,C13 H32 O6 N4 S1,13,32,6,4,-9999,1,-9999,N/A,-9999,-9999
1925,371.199776,371.199613485,371.199284708,6861846.5,-9999,284634.3,44.07,-1,0.885716248,0.88363806600000006,0.88077938,0.882494592,4,0.263157895,1.736842105,P1 O5,de-protonated,0,-9999,C19 H33 O5 P1,19,33,5,-9999,1,-9999,-9999,N/A,-9999,-9999
1926,371.207852,371.207689483,371.207526916,4845593.5,-9999,269028,30.43,-1,0.437940278,0.965798219,0,0.579478931,4,0.368421053,1.684210526,O7,de-protonated,0,-9999,C19 H32 O7,19,32,7,-9999,-9999,-9999,-9999,N/A,-9999,-9999
1927,371.230299,371.230136477,371.229993695,3515426,-9999,318242.1,21.44,-1,0.384620143,0.973514864,0,0.584108918,4,0.294117647,1.882352941,N4 O5,de-protonated,0,-9999,C17 H32 O5 N4,17,32,5,4,-9999,-9999,-9999,N/A,-9999,-9999
1928,371.244215,371.244052474,371.243912425,4177959.5,-9999,288630,25.92,-1,0.377240617,0.974508488,0,0.584705093,3,0.3,1.8,O6,de-protonated,0,-9999,C20 H36 O6,20,36,6,-9999,-9999,-9999,-9999,N/A,-9999,-9999
1930,372.101991,372.101828259,372.101725223,1708400.9,-9999,300795.5,9.22,-1,0.276902959,0.98618371,0.942346178,0.968648697,7,0.625,1.25,13C1 O10,de-protonated,1,1914,C15 H20 O10 13C1,15,20,10,-9999,-9999,-9999,1,N/A,-9999,-9999
1931,372.131112,372.130949252,372.130874249,3323260,-9999,299197.3,20.14,-1,0.201548541,0.992656323,0,0.595593794,5,0.235294118,1.588235294,N1 S2 O4,de-protonated,0,-9999,C17 H27 O4 N1 S2,17,27,4,1,-9999,2,-9999,N/A,-9999,-9999
1932,372.151011,372.150848247,372.151134238,1430659.8,-9999,247263.6,7.34,-1,-0.768480076,0.898384947,0,0.539030968,1,0.846153846,2.076923077,N1 O11,de-protonated,0,-9999,C13 H27 O11 N1,13,27,11,1,-9999,-9999,-9999,N/A,-9999,-9999
1933,372.167705,372.167542243,372.167259759,2128778,-9999,323692.7,12.06,-1,0.759024135,0.900742561,0,0.540445536,4,0.166666667,1.722222222,N1 S2 O3,de-protonated,0,-9999,C18 H31 O3 N1 S2,18,31,3,1,-9999,2,-9999,N/A,-9999,-9999
1934,372.177902,372.17773924,372.177623768,1848206,-9999,319748.6,10.16,-1,0.310260356,0.982685135,0,0.589611081,5,0.4375,1.6875,N3 O7,de-protonated,0,-9999,C16 H27 O7 N3,16,27,7,3,-9999,-9999,-9999,N/A,-9999,-9999
1936,372.20073,372.200567234,372.200273965,5494167,-9999,297184,34.82,-1,0.787935052,0.446731256,0.807789663,0.591154619,8,0.090909091,1.409090909,N1 S1 O2,de-protonated,0,-9999,C22 H31 O2 N1 S1,22,31,2,1,-9999,1,-9999,N/A,-9999,-9999
1936,372.20073,372.200567234,372.200334324,5494167,-9999,297184,34.82,-1,0.62576723,0.620941984,0.95907891,0.756196755,0,0.461538462,2.461538462,13C1 N4 S1 O6,de-protonated,1,1924,C12 H32 O6 N4 S1 13C1,12,32,6,4,-9999,1,1,N/A,-9999,-9999
1937,372.203086,372.202923234,372.202639543,2798487.8,-9999,270927.3,16.59,-1,0.762195624,0.899954391,0.88077938,0.892284387,4,0.263157895,1.736842105,13C1 P1 O5,de-protonated,1,1925,C18 H33 O5 P1 13C1,18,33,5,-9999,1,-9999,1,N/A,-9999,-9999
1937,372.203086,372.202923234,372.202775888,2798487.8,-9999,270927.3,16.59,-1,0.395874541,0.971964468,0,0.583178681,4,0.388888889,1.722222222,N1 O7,de-protonated,0,-9999,C18 H31 O7 N1,18,31,7,1,-9999,-9999,-9999,N/A,-9999,-9999
1938,372.214311,372.214148231,372.214009278,35407260,-9999,278371.3,237.09,-1,0.373316162,0.976814388,0.999667488,0.985955628,4,0.352941176,1.823529412,N3 O6,de-protonated,0,-9999,C17 H31 O6 N3,17,31,6,3,-9999,-9999,-9999,N/A,-9999,-9999
1939,372.239262,372.239099225,372.239161398,1399717.5,-9999,299955.6,7.13,-1,-0.167023789,0.994950925,0,0.596970555,3,0.315789474,1.842105263,N1 O6,de-protonated,0,-9999,C19 H35 O6 N1,19,35,6,1,-9999,-9999,-9999,N/A,-9999,-9999
1940,372.304161,372.303998209,372.303690208,31204798,-9999,280246.1,208.67,-1,0.827283668,0.884953495,0.997560068,0.929996124,1,0.095238095,2.095238095,N1 P1 O2,de-protonated,0,-9999,C21 H44 O2 N1 P1,21,44,2,1,1,-9999,-9999,N/A,-9999,-9999
1943,372.976832,372.97666904,372.976361728,1868479.6,-9999,289263.8,10.3,-1,0.823946577,0.884101567,0,0.53046094,13,0.235294118,0.647058824,S2 P1 O4,de-protonated,0,-9999,C17 H11 O4 P1 S2,17,11,4,-9999,1,2,-9999,N/A,-9999,-9999
1945,373.056906,373.05674302,373.056505575,1531614.1,-9999,339937.1,8.02,-1,0.636486015,0.929129192,0,0.557477515,12,0.5,0.777777778,O9,de-protonated,0,-9999,C18 H14 O9,18,14,9,-9999,-9999,-9999,-9999,N/A,-9999,-9999
1945,373.056906,373.05674302,373.056994832,1531614.1,-9999,339937.1,8.02,-1,-0.674996327,0.920653387,0,0.552392032,16,0.047619048,0.714285714,N2 S1 P1 O1,de-protonated,0,-9999,C21 H15 O1 N2 P1 S1,21,15,1,2,1,1,-9999,N/A,-9999,-9999
1946,373.078018,373.077855015,373.077634943,3387110.3,-9999,302094.4,20.56,-1,0.589882339,0.938814755,0,0.563288853,7,0.733333333,1.2,O11,de-protonated,0,-9999,C15 H18 O11,15,18,11,-9999,-9999,-9999,-9999,N/A,-9999,-9999
1946,373.078018,373.077855015,373.0781242,3387110.3,-9999,302094.4,20.56,-1,-0.721525666,0.909862257,0,0.545917354,11,0.166666667,1.055555556,N2 S1 P1 O3,de-protonated,0,-9999,C18 H19 O3 N2 P1 S1,18,19,3,2,1,1,-9999,N/A,-9999,-9999
1947,373.093259,373.093096011,373.092891084,2276588,-9999,301340.7,13.06,-1,0.549264837,0.946729759,0,0.568037855,11,0.421052632,0.947368421,O8,de-protonated,0,-9999,C19 H18 O8,19,18,8,-9999,-9999,-9999,-9999,N/A,-9999,-9999
1947,373.093259,373.093096011,373.092728893,2276588,-9999,301340.7,13.06,-1,0.983986306,0.838883121,0,0.503329873,6,0.142857143,1.642857143,N4 S2 P1 O2,de-protonated,0,-9999,C14 H23 O2 N4 P1 S2,14,23,2,4,1,2,-9999,N/A,-9999,-9999
1949,373.106149,373.105986008,373.105778244,1554672.9,-9999,349912.4,8.17,-1,0.556850159,0.945289556,0,0.567173734,6,0.5,1.4375,P1 O8,de-protonated,0,-9999,C16 H23 O8 P1,16,23,8,-9999,1,-9999,-9999,N/A,-9999,-9999
1950,373.114309,373.114146006,373.114020452,4279028,-9999,284952.4,26.6,-1,0.336501644,0.979663588,0,0.587798153,6,0.625,1.375,O10,de-protonated,0,-9999,C16 H22 O10,16,22,10,-9999,-9999,-9999,-9999,N/A,-9999,-9999
1950,373.114309,373.114146006,373.11450971,4279028,-9999,284952.4,26.6,-1,-0.974778143,0.84163305,0,0.50497983,10,0.105263158,1.210526316,N2 S1 P1 O2,de-protonated,0,-9999,C19 H23 O2 N2 P1 S1,19,23,2,2,1,1,-9999,N/A,-9999,-9999
1950,373.114309,373.114146006,373.113858261,4279028,-9999,284952.4,26.6,-1,0.771198402,0.897702949,0,0.538621769,1,0.363636364,2.454545455,N4 S2 P1 O4,de-protonated,0,-9999,C11 H27 O4 N4 P1 S2,11,27,4,4,1,2,-9999,N/A,-9999,-9999
1951,373.14268,373.142516999,373.142163753,2052862.8,-9999,310729.4,11.54,-1,0.946678128,0.849919009,0,0.509951405,5,0.411764706,1.588235294,P1 O7,de-protonated,0,-9999,C17 H27 O7 P1,17,27,7,-9999,1,-9999,-9999,N/A,-9999,-9999
1952,373.15069,373.150526997,373.150405962,2269954,-9999,313496.7,13.01,-1,0.324359909,0.981090964,0,0.588654578,5,0.529411765,1.529411765,O9,de-protonated,0,-9999,C17 H26 O9,17,26,9,-9999,-9999,-9999,-9999,N/A,-9999,-9999
1952,373.15069,373.150526997,373.150895219,2269954,-9999,313496.7,13.01,-1,-0.986792001,0.83804189,0,0.502825134,9,0.05,1.35,N2 S1 P1 O1,de-protonated,0,-9999,C20 H27 O1 N2 P1 S1,20,27,1,2,1,1,-9999,N/A,-9999,-9999
1953,373.173209,373.173045991,373.172676036,13178634,-9999,284743.4,86.77,-1,0.991378343,0.418331718,0.787157861,0.565862175,13,0.04,1.08,P1 O1,de-protonated,0,-9999,C25 H27 O1 P1,25,27,1,-9999,1,-9999,-9999,N/A,-9999,-9999
1953,373.173209,373.173045991,373.17287274,13178634,-9999,284743.4,86.77,-1,0.464264237,0.480822614,0.860410506,0.632657771,5,0.466666667,1.733333333,N4 O7,de-protonated,0,-9999,C15 H26 O7 N4,15,26,7,4,-9999,-9999,-9999,N/A,-9999,-9999
1954,373.176701,373.17653799,373.17689549200003,1867019.9,-9999,311936.2,10.29,-1,-0.957996217,0.846601011,0,0.507960606,9,0.25,1.3,N2 O5,de-protonated,0,-9999,C20 H26 O5 N2,20,26,5,2,-9999,-9999,-9999,N/A,-9999,-9999
1954,373.176701,373.17653799,373.176244044,1867019.9,-9999,311936.2,10.29,-1,0.787688473,0.8935255,0,0.5361153,0,0.583333333,2.5,N4 S1 O7,de-protonated,0,-9999,C12 H30 O7 N4 S1,12,30,7,4,-9999,1,-9999,N/A,-9999,-9999
1955,373.179043,373.17887999,373.178549263,2627340.8,-9999,288263.4,15.43,-1,0.886243544,0.867174712,0,0.520304827,4,0.333333333,1.722222222,P1 O6,de-protonated,0,-9999,C18 H31 O6 P1,18,31,6,-9999,1,-9999,-9999,N/A,-9999,-9999
1956,373.187129,373.186965988,373.186791471,4238095.5,-9999,288378.3,26.32,-1,0.467638651,0.961096681,0,0.576658008,4,0.444444444,1.666666667,O8,de-protonated,0,-9999,C18 H30 O8,18,30,8,-9999,-9999,-9999,-9999,N/A,-9999,-9999
1957,373.194411,373.194247986,373.194002108,10039059,-9999,277767.3,65.54,-1,0.658846216,0.910910116,0.929760538,0.918450285,0,0.75,2.5,N4 O9,de-protonated,0,-9999,C12 H30 O9 N4,12,30,9,4,-9999,-9999,-9999,N/A,-9999,-9999
1958,373.197088,373.196924985,373.197176707,2346259.5,-9999,228688.1,13.53,-1,-0.674501467,0.920764952,0,0.552458971,3,0.157894737,1.842105263,S1 P1 O3,de-protonated,0,-9999,C19 H35 O3 P1 S1,19,35,3,-9999,1,1,-9999,N/A,-9999,-9999
1959,373.209569,373.209405982,373.20925825,2148120.3,-9999,277252.1,12.19,-1,0.395843275,0.971968834,0,0.5831813,4,0.375,1.875,N4 O6,de-protonated,0,-9999,C16 H30 O6 N4,16,30,6,4,-9999,-9999,-9999,N/A,-9999,-9999
1960,373.215382,373.215218981,373.214934772,4644634.5,-9999,279782.9,29.07,-1,0.761514652,0.900123843,0,0.540074306,3,0.263157895,1.842105263,P1 O5,de-protonated,0,-9999,C19 H35 O5 P1,19,35,5,-9999,1,-9999,-9999,N/A,-9999,-9999
1961,373.217656,373.21749298,373.217303754,6526747.5,-9999,276297.6,41.79,-1,0.507013877,0.477213673,0.780512821,0.598533332,12,0.076923077,1.153846154,O2,de-protonated,0,-9999,C26 H30 O2,26,30,2,-9999,-9999,-9999,-9999,N/A,-9999,-9999
1961,373.217656,373.21749298,373.217364113,6526747.5,-9999,276297.6,41.79,-1,0.345288014,0.978599311,0.999667488,0.987026582,4,0.352941176,1.823529412,13C1 N3 O6,de-protonated,1,1938,C16 H31 O6 N3 13C1,16,31,6,3,-9999,-9999,1,N/A,-9999,-9999
1962,373.223513,373.223349979,373.22317698,4948765.5,-9999,277188.6,31.12,-1,0.463524583,0.961764977,0,0.577058986,3,0.368421053,1.789473684,O7,de-protonated,0,-9999,C19 H34 O7,19,34,7,-9999,-9999,-9999,-9999,N/A,-9999,-9999
1963,373.259837,373.25967397,373.25956249,3186987.5,-9999,285258.9,19.21,-1,0.298665308,0.983944882,0,0.590366929,2,0.3,1.9,O6,de-protonated,0,-9999,C20 H38 O6,20,38,6,-9999,-9999,-9999,-9999,N/A,-9999,-9999
1964,373.307512,373.307348958,373.307045043,6973245.5,-9999,284442.7,44.81,-1,0.814114659,0.88668894,0.997560068,0.931037391,1,0.095238095,2.095238095,13C1 N1 P1 O2,de-protonated,1,1940,C20 H44 O2 N1 P1 13C1,20,44,2,1,1,-9999,1,N/A,-9999,-9999
1964,373.307512,373.307348958,373.307181388,6973245.5,-9999,284442.7,44.81,-1,0.448877295,0.482050005,0.822155738,0.618092298,1,0.2,2.1,N2 O4,de-protonated,0,-9999,C20 H42 O4 N2,20,42,4,2,-9999,-9999,-9999,N/A,-9999,-9999
1967,374.110427,374.110263757,374.110138805,4106350.8,-9999,299491.9,25.43,-1,0.333998608,0.979961963,0,0.587977178,5,0.3125,1.5625,N1 S2 O5,de-protonated,0,-9999,C16 H25 O5 N1 S2,16,25,5,1,-9999,2,-9999,N/A,-9999,-9999
1968,374.146875,374.146711748,374.146524314,2587260.8,-9999,314360.1,15.15,-1,0.500963625,0.955484069,0,0.573290441,4,0.235294118,1.705882353,N1 S2 O4,de-protonated,0,-9999,C17 H29 O4 N1 S2,17,29,4,1,-9999,2,-9999,N/A,-9999,-9999
1969,374.157272,374.157108745,374.156888323,4442240.5,-9999,297361.7,27.7,-1,0.589115918,0.938968695,0,0.563381217,5,0.533333333,1.666666667,N3 O8,de-protonated,0,-9999,C15 H25 O8 N3,15,25,8,3,-9999,-9999,-9999,N/A,-9999,-9999
1971,374.197809,374.197645735,374.197296585,2280592,-9999,289038.2,13.08,-1,0.933064704,0.853874549,0,0.512324729,8,0.238095238,1.380952381,N1 O5,de-protonated,0,-9999,C21 H29 O5 N1,21,29,5,1,-9999,-9999,-9999,N/A,-9999,-9999
1971,374.197809,374.197645735,374.197356943,2280592,-9999,289038.2,13.08,-1,0.771762319,0.897561232,0.929760538,0.910440954,0,0.75,2.5,13C1 N4 O9,de-protonated,1,1957,C11 H30 O9 N4 13C1,11,30,9,4,-9999,-9999,1,N/A,-9999,-9999
1972,374.208804,374.208640732,374.208529974,3388052.3,-9999,270296.8,20.57,-1,0.295980024,0.984230007,0,0.590538004,8,0.2,1.45,N3 O4,de-protonated,0,-9999,C20 H29 O4 N3,20,29,4,3,-9999,-9999,-9999,N/A,-9999,-9999
1973,374.218769,374.21860573,374.218425953,3191960,-9999,294341.7,19.24,-1,0.480406562,0.958988087,0,0.575392852,3,0.388888889,1.833333333,N1 O7,de-protonated,0,-9999,C18 H33 O7 N1,18,33,7,1,-9999,-9999,-9999,N/A,-9999,-9999
1977,375.072514,375.072350516,375.072155639,3002330.5,-9999,275934.6,17.96,-1,0.519571098,0.952197487,0,0.571318492,11,0.5,0.888888889,O9,de-protonated,0,-9999,C18 H16 O9,18,16,9,-9999,-9999,-9999,-9999,N/A,-9999,-9999
1977,375.072514,375.072350516,375.072644897,3002330.5,-9999,275934.6,17.96,-1,-0.784863152,0.894246124,0,0.536547674,15,0.047619048,0.80952381,N2 S1 P1 O1,de-protonated,0,-9999,C21 H17 O1 N2 P1 S1,21,17,1,2,1,1,-9999,N/A,-9999,-9999
1977,375.072514,375.072350516,375.071993448,3002330.5,-9999,275934.6,17.96,-1,0.951998517,0.848362585,0,0.509017551,6,0.230769231,1.615384615,N4 S2 P1 O3,de-protonated,0,-9999,C13 H21 O3 N4 P1 S2,13,21,3,4,1,2,-9999,N/A,-9999,-9999
1978,375.093577,375.093413511,375.093285008,1524194.5,-9999,299843.2,7.96,-1,0.342590306,0.978928874,0,0.587357324,6,0.733333333,1.333333333,O11,de-protonated,0,-9999,C15 H20 O11,15,20,11,-9999,-9999,-9999,-9999,N/A,-9999,-9999
1978,375.093577,375.093413511,375.093774265,1524194.5,-9999,299843.2,7.96,-1,-0.961770233,0.845488769,0,0.507293261,10,0.166666667,1.166666667,N2 S1 P1 O3,de-protonated,0,-9999,C18 H21 O3 N2 P1 S1,18,21,3,2,1,1,-9999,N/A,-9999,-9999
1978,375.093577,375.093413511,375.093122816,1524194.5,-9999,299843.2,7.96,-1,0.77499329,0.896747698,0,0.538048619,1,0.5,2.5,N4 S2 P1 O5,de-protonated,0,-9999,C10 H25 O5 N4 P1 S2,10,25,5,4,1,2,-9999,N/A,-9999,-9999
1979,375.100271,375.100107509,375.10029894,21678564,-9999,278027.9,144.25,-1,-0.51034657,0.950300943,0.972889722,0.959336455,10,0.315789474,1.105263158,P1 O6,de-protonated,0,-9999,C19 H21 O6 P1,19,21,6,-9999,1,-9999,-9999,N/A,-9999,-9999
1980,375.10886,375.108696507,375.108541149,3389928.3,-9999,297537.3,20.58,-1,0.414168684,0.969354467,0,0.58161268,10,0.421052632,1.052631579,O8,de-protonated,0,-9999,C19 H20 O8,19,20,8,-9999,-9999,-9999,-9999,N/A,-9999,-9999
1980,375.10886,375.108696507,375.108378958,3389928.3,-9999,297537.3,20.58,-1,0.846554113,0.878063906,0,0.526838343,5,0.142857143,1.785714286,N4 S2 P1 O2,de-protonated,0,-9999,C14 H25 O2 N4 P1 S2,14,25,2,4,1,2,-9999,N/A,-9999,-9999
1981,375.121954,375.121790504,375.121428308,2007533.3,-9999,331017.8,11.23,-1,0.965541658,0.84437439,0,0.506624634,5,0.5,1.5625,P1 O8,de-protonated,0,-9999,C16 H25 O8 P1,16,25,8,-9999,1,-9999,-9999,N/A,-9999,-9999
1982,375.145374,375.145210498,375.144926658,2441718,-9999,289672.7,14.17,-1,0.756613532,0.901339898,0,0.540803939,9,0.35,1.2,O7,de-protonated,0,-9999,C20 H24 O7,20,24,7,-9999,-9999,-9999,-9999,N/A,-9999,-9999
1983,375.158309,375.158145495,375.157813818,6496763,-9999,291818.2,41.59,-1,0.884099732,0.433886048,0.844689208,0.598207312,4,0.411764706,1.705882353,P1 O7,de-protonated,0,-9999,C17 H29 O7 P1,17,29,7,-9999,1,-9999,-9999,N/A,-9999,-9999
1984,375.16767,375.167506492,375.167393437,2651134.3,-9999,227016.5,15.58,-1,0.301347008,0.98365765,0,0.59019459,9,0.277777778,1.333333333,N4 O5,de-protonated,0,-9999,C18 H24 O5 N4,18,24,5,4,-9999,-9999,-9999,N/A,-9999,-9999
1985,375.181406,375.181242489,375.181312168,1440771.6,-9999,239382.4,7.4,-1,-0.185719896,0.993761037,0,0.596256622,8,0.285714286,1.333333333,O6,de-protonated,0,-9999,C21 H28 O6,21,28,6,-9999,-9999,-9999,-9999,N/A,-9999,-9999
1986,375.188713,375.188549487,375.1883261,1522182.4,-9999,299396.1,7.95,-1,0.595398958,0.937701562,0,0.562620937,12,0.04,1.16,P1 O1,de-protonated,0,-9999,C25 H29 O1 P1,25,29,1,-9999,1,-9999,-9999,N/A,-9999,-9999
1986,375.188713,375.188549487,375.188522805,1522182.4,-9999,299396.1,7.95,-1,0.07111691,0.999082723,0,0.599449634,4,0.466666667,1.866666667,N4 O7,de-protonated,0,-9999,C15 H28 O7 N4,15,28,7,4,-9999,-9999,-9999,N/A,-9999,-9999
1987,375.194696,375.194532486,375.194199327,8317448.5,-9999,269882.3,53.9,-1,0.887962747,0.873948504,0.980573623,0.916598552,3,0.333333333,1.833333333,P1 O6,de-protonated,0,-9999,C18 H33 O6 P1,18,33,6,-9999,1,-9999,-9999,N/A,-9999,-9999
1988,375.202824,375.202660484,375.202441536,3438091.5,-9999,289556.6,20.9,-1,0.583546173,0.940082144,0,0.564049287,3,0.444444444,1.777777778,O8,de-protonated,0,-9999,C18 H32 O8,18,32,8,-9999,-9999,-9999,-9999,N/A,-9999,-9999
1990,375.218155,375.21799148,375.217697677,1981457.4,-9999,280011.9,11.05,-1,0.783019634,0.894715246,0,0.536829147,7,0.227272727,1.454545455,O5,de-protonated,0,-9999,C22 H32 O5,22,32,5,-9999,-9999,-9999,-9999,N/A,-9999,-9999
1991,375.231042,375.230878476,375.230584836,2270230.3,-9999,309241.8,13.01,-1,0.782558893,0.894832357,0,0.536899414,2,0.263157895,1.947368421,P1 O5,de-protonated,0,-9999,C19 H37 O5 P1,19,37,5,-9999,1,-9999,-9999,N/A,-9999,-9999
1992,375.239271,375.239107474,375.238827045,2156569.3,-9999,294638.8,12.24,-1,0.747335997,0.90362475,0,0.54217485,2,0.368421053,1.894736842,O7,de-protonated,0,-9999,C19 H36 O7,19,36,7,-9999,-9999,-9999,-9999,N/A,-9999,-9999
1993,375.275629,375.275465465,375.275212554,1496103,-9999,298048.1,7.77,-1,0.673934837,0.920892615,0,0.552535569,1,0.3,2,O6,de-protonated,0,-9999,C20 H40 O6,20,40,6,-9999,-9999,-9999,-9999,N/A,-9999,-9999
1994,375.303615,375.303451458,375.303355855,2312753.5,-9999,366190.3,13.29,-1,0.254735744,0.988294786,0,0.592976871,0,0.142857143,2.142857143,P1 O3,de-protonated,0,-9999,C21 H45 O3 P1,21,45,3,-9999,1,-9999,-9999,N/A,-9999,-9999
1996,376.060527,376.060363269,376.060031783,1583693.6,-9999,301741.6,8.36,-1,0.881470843,0.868503235,0,0.521101941,10,0.111111111,1.111111111,N1 S2 P1 O2,de-protonated,0,-9999,C18 H20 O2 N1 P1 S2,18,20,2,1,1,2,-9999,N/A,-9999,-9999
1997,376.103611,376.103447258,376.103653775,3627869.8,-9999,244273.4,22.19,-1,-0.549096428,0.946761535,0.972889722,0.95721281,10,0.315789474,1.105263158,13C1 P1 O6,de-protonated,1,1979,C18 H21 O6 P1 13C1,18,21,6,-9999,1,-9999,1,N/A,-9999,-9999
1997,376.103611,376.103447258,376.103790121,3627869.8,-9999,244273.4,22.19,-1,-0.911617489,0.86002632,0,0.516015792,10,0.444444444,1.055555556,N1 O8,de-protonated,0,-9999,C18 H19 O8 N1,18,19,8,1,-9999,-9999,-9999,N/A,-9999,-9999
1998,376.107277,376.107113257,376.107161424,1507423,-9999,276635.7,7.85,-1,-0.128067303,0.997028441,0,0.598217065,5,0.533333333,1.533333333,N1 S1 O8,de-protonated,0,-9999,C15 H23 O8 N1 S1,15,23,8,1,-9999,1,-9999,N/A,-9999,-9999
1998,376.107277,376.107113257,376.106781302,1507423,-9999,276635.7,7.85,-1,0.882609692,0.868186694,0,0.520912016,10,0.294117647,1.176470588,N3 P1 O5,de-protonated,0,-9999,C17 H20 O5 N3 P1,17,20,5,3,1,-9999,-9999,N/A,-9999,-9999
1999,376.151757,376.151593246,376.15140902,4239215.5,-9999,298548.3,26.32,-1,0.489766941,0.957409196,0,0.574445518,9,0.333333333,1.277777778,N3 O6,de-protonated,0,-9999,C18 H23 O6 N3,18,23,6,3,-9999,-9999,-9999,N/A,-9999,-9999
2000,376.155077,376.154913245,376.154780323,2250097,-9999,313433.3,12.87,-1,0.353371489,0.977597006,0,0.586558204,4,0.4,1.8,N3 S1 O6,de-protonated,0,-9999,C15 H27 O6 N3 S1,15,27,6,3,-9999,1,-9999,N/A,-9999,-9999
2001,376.198032,376.197868235,376.197554162,1855361,-9999,299868.1,10.2,-1,0.834860428,0.881202109,0.980573623,0.920950715,3,0.333333333,1.833333333,13C1 P1 O6,de-protonated,1,1987,C17 H33 O6 P1 13C1,17,33,6,-9999,1,-9999,1,N/A,-9999,-9999
2001,376.198032,376.197868235,376.197690508,1855361,-9999,299868.1,10.2,-1,0.472429351,0.960311623,0,0.576186974,3,0.470588235,1.823529412,N1 O8,de-protonated,0,-9999,C17 H31 O8 N1,17,31,8,1,-9999,-9999,-9999,N/A,-9999,-9999
2002,376.201181,376.201017234,376.200681689,3123074.3,-9999,301961.6,18.77,-1,0.891931513,0.865584724,0,0.519350834,3,0.3125,2,N3 P1 O5,de-protonated,0,-9999,C16 H32 O5 N3 P1,16,32,5,3,1,-9999,-9999,N/A,-9999,-9999
2003,376.216688,376.21652423,376.216317952,4351880,-9999,285707.6,27.08,-1,0.548295076,0.946912617,0,0.56814757,2,0.277777778,1.944444444,N1 S1 O5,de-protonated,0,-9999,C18 H35 O5 N1 S1,18,35,5,1,-9999,1,-9999,N/A,-9999,-9999
2004,376.234308,376.234144226,376.234076017,2833294.5,-9999,299986,16.81,-1,0.181292477,0.99405408,0,0.596432448,2,0.388888889,1.944444444,N1 O7,de-protonated,0,-9999,C18 H35 O7 N1,18,35,7,1,-9999,-9999,-9999,N/A,-9999,-9999
2008,376.99675,376.996586035,376.996896498,3671210.8,-9999,290996.8,22.48,-1,-0.823516412,0.88421526,0,0.530529156,17,0.333333333,0.388888889,N2 P1 O6,de-protonated,0,-9999,C18 H7 O6 N2 P1,18,7,6,2,1,-9999,-9999,N/A,-9999,-9999
2008,376.99675,376.996586035,376.996245049,3671210.8,-9999,290996.8,22.48,-1,0.904479959,0.862051499,0,0.517230899,8,0.8,1.1,N4 S1 P1 O8,de-protonated,0,-9999,C10 H11 O8 N4 P1 S1,10,11,8,4,1,1,-9999,N/A,-9999,-9999
2009,377.051772,377.051608021,377.051420195,2716863,-9999,294314.9,15.92,-1,0.498145575,0.955972327,0,0.573583396,11,0.588235294,0.823529412,O10,de-protonated,0,-9999,C17 H14 O10,17,14,10,-9999,-9999,-9999,-9999,N/A,-9999,-9999
2009,377.051772,377.051608021,377.051909452,2716863,-9999,294314.9,15.92,-1,-0.79944126,0.890506387,0,0.534303832,15,0.1,0.75,N2 S1 P1 O2,de-protonated,0,-9999,C20 H15 O2 N2 P1 S1,20,15,2,2,1,1,-9999,N/A,-9999,-9999
2009,377.051772,377.051608021,377.051258003,2716863,-9999,294314.9,15.92,-1,0.928303033,0.855248872,0,0.513149323,6,0.333333333,1.583333333,N4 S2 P1 O4,de-protonated,0,-9999,C12 H19 O4 N4 P1 S2,12,19,4,4,1,2,-9999,N/A,-9999,-9999
2011,377.088103,377.087939012,377.087805704,4551884.5,-9999,274765.1,28.26,-1,0.353519942,0.977578391,0,0.586547035,10,0.5,1,O9,de-protonated,0,-9999,C18 H18 O9,18,18,9,-9999,-9999,-9999,-9999,N/A,-9999,-9999
2011,377.088103,377.087939012,377.088294961,4551884.5,-9999,274765.1,28.26,-1,-0.9439415,0.425358644,0.81490939,0.581178943,14,0.047619048,0.904761905,N2 S1 P1 O1,de-protonated,0,-9999,C21 H19 O1 N2 P1 S1,21,19,1,2,1,1,-9999,N/A,-9999,-9999
2011,377.088103,377.087939012,377.087643513,4551884.5,-9999,274765.1,28.26,-1,0.783635832,0.894558536,0,0.536735122,5,0.230769231,1.769230769,N4 S2 P1 O3,de-protonated,0,-9999,C13 H23 O3 N4 P1 S2,13,23,3,4,1,2,-9999,N/A,-9999,-9999
2012,377.101098,377.100934009,377.100559922,2187473.5,-9999,313572.8,12.37,-1,0.992008522,0.83647371,0,0.501884226,18,0.038461538,0.692307692,S1 O1,de-protonated,0,-9999,C26 H18 O1 S1,26,18,1,-9999,-9999,1,-9999,N/A,-9999,-9999
2012,377.101098,377.100934009,377.100692864,2187473.5,-9999,313572.8,12.37,-1,0.639471748,0.928487145,0,0.557092287,5,0.6,1.533333333,P1 O9,de-protonated,0,-9999,C15 H23 O9 P1,15,23,9,-9999,1,-9999,-9999,N/A,-9999,-9999
2013,377.124454,377.124290003,377.124191213,3708122,-9999,277622.3,22.59,-1,0.261955132,0.987626096,0,0.592575658,9,0.421052632,1.157894737,O8,de-protonated,0,-9999,C19 H22 O8,19,22,8,-9999,-9999,-9999,-9999,N/A,-9999,-9999
2013,377.124454,377.124290003,377.124029022,3708122,-9999,277622.3,22.59,-1,0.69202948500000006,0.916771841,0,0.550063104,4,0.142857143,1.928571429,N4 S2 P1 O2,de-protonated,0,-9999,C14 H27 O2 N4 P1 S2,14,27,2,4,1,2,-9999,N/A,-9999,-9999
2016,377.159803,377.159638994,377.159545151,2117863.3,-9999,378780.1,11.9,-1,0.248814135,0.988829646,0,0.593297787,4,0.428571429,1.928571429,N4 P1 O6,de-protonated,0,-9999,C14 H27 O6 N4 P1,14,27,6,4,1,-9999,-9999,N/A,-9999,-9999
2018,377.173953,377.173788991,377.173463882,18267372,-9999,274546,120.43,-1,0.861959676,0.868724192,0.997983415,0.920427881,3,0.411764706,1.823529412,P1 O7,de-protonated,0,-9999,C17 H31 O7 P1,17,31,7,-9999,1,-9999,-9999,N/A,-9999,-9999
2020,377.210325,377.210160981,377.209849392,19721466,-9999,275461.1,130.2,-1,0.826038531,0.897454159,0.974220196,0.928160574,2,0.333333333,1.944444444,P1 O6,de-protonated,0,-9999,C18 H35 O6 P1,18,35,6,-9999,1,-9999,-9999,N/A,-9999,-9999
2021,377.233666,377.233501976,377.233347741,4240642.5,-9999,285631.9,26.16,-1,0.408856356,0.970123786,0,0.582074272,6,0.227272727,1.545454545,O5,de-protonated,0,-9999,C22 H34 O5,22,34,5,-9999,-9999,-9999,-9999,N/A,-9999,-9999
2022,377.246732,377.246567972,377.246234901,2641671.5,-9999,295154.2,15.42,-1,0.88290189,0.86810543,0,0.520863258,1,0.263157895,2.052631579,P1 O5,de-protonated,0,-9999,C19 H39 O5 P1,19,39,5,-9999,1,-9999,-9999,N/A,-9999,-9999
2024,378.167382,378.167217742,378.167059084,4884059.5,-9999,286687.2,30.49,-1,0.419544537,0.968566471,0,0.581139883,8,0.333333333,1.388888889,N3 O6,de-protonated,0,-9999,C18 H25 O6 N3,18,25,6,3,-9999,-9999,-9999,N/A,-9999,-9999
2025,378.177323,378.17715874,378.176818717,3410527,-9999,295124.7,20.58,-1,0.899109281,0.863567975,0.997983415,0.917334151,3,0.411764706,1.823529412,13C1 P1 O7,de-protonated,1,2018,C16 H31 O7 P1 13C1,16,31,7,-9999,1,-9999,1,N/A,-9999,-9999
2025,378.177323,378.17715874,378.176955063,3410527,-9999,295124.7,20.58,-1,0.538575037,0.948729495,0,0.569237697,3,0.5625,1.8125,N1 O9,de-protonated,0,-9999,C16 H29 O9 N1,16,29,9,1,-9999,-9999,-9999,N/A,-9999,-9999
2025,378.177323,378.17715874,378.17744432,3410527,-9999,295124.7,20.58,-1,-0.755149962,0.90170183,0,0.541021098,7,0.052631579,1.578947368,N3 S1 P1 O1,de-protonated,0,-9999,C19 H30 O1 N3 P1 S1,19,30,1,3,1,1,-9999,N/A,-9999,-9999
2026,378.205624,378.205459732,378.205098364,2670697.5,-9999,255781.2,15.61,-1,0.955483494,0.847339919,0,0.508403951,2,0.352941176,2,N1 P1 O6,de-protonated,0,-9999,C17 H34 O6 N1 P1,17,34,6,1,1,-9999,-9999,N/A,-9999,-9999
2027,378.213639,378.21347473,378.213204227,4588140.5,-9999,269346.8,28.5,-1,0.715215257,0.911360295,0.974220196,0.936504255,2,0.333333333,1.944444444,13C1 P1 O6,de-protonated,1,2020,C17 H35 O6 P1 13C1,17,35,6,-9999,1,-9999,1,N/A,-9999,-9999
2027,378.213639,378.21347473,378.213340572,4588140.5,-9999,269346.8,28.5,-1,0.354715764,0.977428175,0,0.586456905,2,0.470588235,1.941176471,N1 O8,de-protonated,0,-9999,C17 H33 O8 N1,17,33,8,1,-9999,-9999,-9999,N/A,-9999,-9999
2028,378.216798,378.21663373,378.216331753,4666989.5,-9999,304237.3,29.03,-1,0.798423068,0.890769308,0,0.534461585,2,0.3125,2.125,N3 P1 O5,de-protonated,0,-9999,C16 H34 O5 N3 P1,16,34,5,3,1,-9999,-9999,N/A,-9999,-9999
2029,378.242002,378.241837723,378.241483873,3708534.8,-9999,264406.8,22.59,-1,0.935514202,0.853165696,0,0.511899418,1,0.277777778,2.111111111,N1 P1 O5,de-protonated,0,-9999,C18 H38 O5 N1 P1,18,38,5,1,1,-9999,-9999,N/A,-9999,-9999
2033,379.067372,379.067207517,379.067070259,4245413,-9999,301100.5,26.19,-1,0.362093973,0.976490646,0,0.585894387,10,0.588235294,0.941176471,O10,de-protonated,0,-9999,C17 H16 O10,17,16,10,-9999,-9999,-9999,-9999,N/A,-9999,-9999
2033,379.067372,379.067207517,379.067559516,4245413,-9999,301100.5,26.19,-1,-0.928592911,0.855165345,0,0.513099207,14,0.1,0.85,N2 S1 P1 O2,de-protonated,0,-9999,C20 H17 O2 N2 P1 S1,20,17,2,2,1,1,-9999,N/A,-9999,-9999
2033,379.067372,379.067207517,379.066908068,4245413,-9999,301100.5,26.19,-1,0.789964054,0.892943634,0,0.53576618,5,0.333333333,1.75,N4 S2 P1 O4,de-protonated,0,-9999,C12 H21 O4 N4 P1 S2,12,21,4,4,1,2,-9999,N/A,-9999,-9999
2035,379.10376,379.103595508,379.103455768,5362610.5,-9999,287405.3,33.7,-1,0.368605055,0.487824018,0.837042051,0.627511231,9,0.5,1.111111111,O9,de-protonated,0,-9999,C18 H20 O9,18,20,9,-9999,-9999,-9999,-9999,N/A,-9999,-9999
2035,379.10376,379.103595508,379.103945026,5362610.5,-9999,287405.3,33.7,-1,-0.92195796,0.428536339,0.81490939,0.583085559,13,0.047619048,1,N2 S1 P1 O1,de-protonated,0,-9999,C21 H21 O1 N2 P1 S1,21,21,1,2,1,1,-9999,N/A,-9999,-9999
2035,379.10376,379.103595508,379.103293577,5362610.5,-9999,287405.3,33.7,-1,0.796434073,0.891282169,0,0.534769301,4,0.230769231,1.923076923,N4 S2 P1 O3,de-protonated,0,-9999,C13 H25 O3 N4 P1 S2,13,25,3,4,1,2,-9999,N/A,-9999,-9999
2036,379.112814,379.112649506,379.112838683,3822517.5,-9999,261298.7,23.35,-1,-0.499000073,0.47791227,0.761234226,0.591241053,22,0.034482759,0.551724138,O1,de-protonated,0,-9999,C29 H16 O1,29,16,1,-9999,-9999,-9999,-9999,N/A,-9999,-9999
2037,379.140172,379.140007499,379.139841278,4451263.5,-9999,285361.7,27.57,-1,0.43841605299999997,0.965725154,0,0.579435093,8,0.421052632,1.263157895,O8,de-protonated,0,-9999,C19 H24 O8,19,24,8,-9999,-9999,-9999,-9999,N/A,-9999,-9999
2037,379.140172,379.140007499,379.139679086,4451263.5,-9999,285361.7,27.57,-1,0.866204043,0.872718119,0,0.523630871,3,0.142857143,2.071428571,N4 S2 P1 O2,de-protonated,0,-9999,C14 H29 O2 N4 P1 S2,14,29,2,4,1,2,-9999,N/A,-9999,-9999
2038,379.153108,379.152943496,379.152728437,2607556.3,-9999,251656.4,15.18,-1,0.567207279,0.94329481,0,0.565976886,3,0.5,1.8125,P1 O8,de-protonated,0,-9999,C16 H29 O8 P1,16,29,8,-9999,1,-9999,-9999,N/A,-9999,-9999
2039,379.162614,379.162449493,379.162308056,1998791.8,-9999,270371.1,11.09,-1,0.373024419,0.975067987,0,0.585040792,8,0.352941176,1.411764706,N4 O6,de-protonated,0,-9999,C17 H24 O6 N4,17,24,6,4,-9999,-9999,-9999,N/A,-9999,-9999
2041,379.176683,379.17651849,379.176226787,4349901,-9999,312958.7,26.89,-1,0.769305907,0.898177955,0,0.538906773,7,0.35,1.4,O7,de-protonated,0,-9999,C20 H28 O7,20,28,7,-9999,-9999,-9999,-9999,N/A,-9999,-9999
2042,379.189612,379.189447486,379.189113947,34017232,-9999,270697.4,226.27,-1,0.879613087,0.869735611,0.983271139,0.915149822,2,0.411764706,1.941176471,P1 O7,de-protonated,0,-9999,C17 H33 O7 P1,17,33,7,-9999,1,-9999,-9999,N/A,-9999,-9999
2044,379.212932,379.212767481,379.212612296,2021338.1,-9999,269355.8,11.24,-1,0.409227144,0.970070392,0,0.582042235,6,0.285714286,1.523809524,O6,de-protonated,0,-9999,C21 H32 O6,21,32,6,-9999,-9999,-9999,-9999,N/A,-9999,-9999
2045,379.226,379.225835477,379.225499456,48951264,-9999,272645.7,326.63,-1,0.88607242,0.862757375,0.996137814,0.916109551,1,0.333333333,2.055555556,P1 O6,de-protonated,0,-9999,C18 H37 O6 P1,18,37,6,-9999,1,-9999,-9999,N/A,-9999,-9999
2046,379.249465,379.249300471,379.248997806,1693415.4,-9999,285068.3,9.04,-1,0.798065674,0.890861534,0,0.53451692,5,0.227272727,1.636363636,O5,de-protonated,0,-9999,C22 H36 O5,22,36,5,-9999,-9999,-9999,-9999,N/A,-9999,-9999
2047,380.146657,380.146492247,380.146323639,5205292.5,-9999,276867.4,32.64,-1,0.443533855,0.96493455400000006,0,0.578960733,8,0.411764706,1.352941176,N3 O7,de-protonated,0,-9999,C17 H23 O7 N3,17,23,7,3,-9999,-9999,-9999,N/A,-9999,-9999
2048,380.159676,380.159511244,380.159210799,2393393.3,-9999,294294,13.74,-1,0.790313452,0.892854178,0,0.535712507,3,0.5,2,N3 P1 O7,de-protonated,0,-9999,C14 H28 O7 N3 P1,14,28,7,3,1,-9999,-9999,N/A,-9999,-9999
2049,380.18071,380.180545238,380.180207225,2341688.8,-9999,307307,13.39,-1,0.889087177,0.866380723,0,0.519828434,11,0.045454545,1.227272727,N3 S1 O1,de-protonated,0,-9999,C22 H27 O1 N3 S1,22,27,1,3,-9999,1,-9999,N/A,-9999,-9999
2050,380.183016,380.182851238,380.182709149,1684793.6,-9999,283309.4,8.98,-1,0.373739565,0.974973506,0,0.584984104,7,0.333333333,1.5,N3 O6,de-protonated,0,-9999,C18 H27 O6 N3,18,27,6,3,-9999,-9999,-9999,N/A,-9999,-9999
2051,380.192966,380.192801235,380.192468782,5472573.5,-9999,277970.2,34.44,-1,0.874435211,0.870452256,0.983271139,0.915579809,2,0.411764706,1.941176471,13C1 P1 O7,de-protonated,1,2042,C16 H33 O7 P1 13C1,16,33,7,-9999,1,-9999,1,N/A,-9999,-9999
2051,380.192966,380.192801235,380.192605127,5472573.5,-9999,277970.2,34.44,-1,0.515812404,0.952870111,0,0.571722067,2,0.5625,1.9375,N1 O9,de-protonated,0,-9999,C16 H31 O9 N1,16,31,9,1,-9999,-9999,-9999,N/A,-9999,-9999
2051,380.192966,380.192801235,380.193094385,5472573.5,-9999,277970.2,34.44,-1,-0.77105369,0.448869652,0.829532115,0.601134637,6,0.052631579,1.684210526,N3 S1 P1 O1,de-protonated,0,-9999,C19 H32 O1 N3 P1 S1,19,32,1,3,1,1,-9999,N/A,-9999,-9999
2052,380.196066,380.195901235,380.195596308,3801406.3,-9999,276340.5,23.2,-1,0.802025298,0.889837975,0,0.533902785,2,0.4,2.133333333,N3 P1 O6,de-protonated,0,-9999,C15 H32 O6 N3 P1,15,32,6,3,1,-9999,-9999,N/A,-9999,-9999
2055,380.221246,380.221081228,380.220748428,1634887.4,-9999,252604.6,8.64,-1,0.875281346,0.870218454,0,0.522131073,1,0.352941176,2.117647059,N1 P1 O6,de-protonated,0,-9999,C17 H36 O6 N1 P1,17,36,6,1,1,-9999,-9999,N/A,-9999,-9999
2056,380.229368,380.229203226,380.228854291,9261386,-9999,274674.6,59.9,-1,0.917697916,0.858292316,0.996137814,0.913430515,1,0.333333333,2.055555556,13C1 P1 O6,de-protonated,1,2045,C17 H37 O6 P1 13C1,17,37,6,-9999,1,-9999,1,N/A,-9999,-9999
2056,380.229368,380.229203226,380.228990637,9261386,-9999,274674.6,59.9,-1,0.559109411,0.472428605,0.844689208,0.621332846,1,0.470588235,2.058823529,N1 O8,de-protonated,0,-9999,C17 H35 O8 N1,17,35,8,1,-9999,-9999,-9999,N/A,-9999,-9999
2059,380.980577,380.980412038,380.980577728,20230744,-9999,274089.9,133.61,-1,-0.434903621,0.483131408,0.837042051,0.624695665,16,0.444444444,0.388888889,P1 O8,de-protonated,0,-9999,C18 H7 O8 P1,18,7,8,-9999,1,-9999,-9999,N/A,-9999,-9999
2060,381.046509,381.046344022,381.046334814,2579567.5,-9999,229573.9,14.99,-1,0.024164454,0.999894054,0,0.599936432,10,0.6875,0.875,O11,de-protonated,0,-9999,C16 H14 O11,16,14,11,-9999,-9999,-9999,-9999,N/A,-9999,-9999
2060,381.046509,381.046344022,381.046172623,2579567.5,-9999,229573.9,14.99,-1,0.449811909,0.963953088,0,0.578371853,5,0.454545455,1.727272727,N4 S2 P1 O5,de-protonated,0,-9999,C11 H19 O5 N4 P1 S2,11,19,5,4,1,2,-9999,N/A,-9999,-9999
2061,381.083023,381.082858013,381.082720324,5889660.5,-9999,284563.7,37.24,-1,0.361310777,0.488295518,0.844689208,0.630852994,9,0.588235294,1.058823529,O10,de-protonated,0,-9999,C17 H18 O10,17,18,10,-9999,-9999,-9999,-9999,N/A,-9999,-9999
2061,381.083023,381.082858013,381.083209581,5889660.5,-9999,284563.7,37.24,-1,-0.922549321,0.428451532,0.822155738,0.585933214,13,0.1,0.95,N2 S1 P1 O2,de-protonated,0,-9999,C20 H19 O2 N2 P1 S1,20,19,2,2,1,1,-9999,N/A,-9999,-9999
2061,381.083023,381.082858013,381.082558132,5889660.5,-9999,284563.7,37.24,-1,0.786917736,0.893722283,0,0.53623337,4,0.333333333,1.916666667,N4 S2 P1 O4,de-protonated,0,-9999,C12 H23 O4 N4 P1 S2,12,23,4,4,1,2,-9999,N/A,-9999,-9999
2062,381.109885,381.109720006,381.110079234,1496710.3,-9999,327274,7.71,-1,-0.942582982,0.85111299,0,0.510667794,12,0.047619048,1.047619048,N2 S2 O1,de-protonated,0,-9999,C21 H22 O1 N2 S2,21,22,1,2,-9999,2,-9999,N/A,-9999,-9999
2063,381.119421,381.119256004,381.119105833,6036105.5,-9999,285482.9,38.22,-1,0.394026008,0.96527333,0.973538235,0.968579292,8,0.5,1.222222222,O9,de-protonated,0,-9999,C18 H22 O9,18,22,9,-9999,-9999,-9999,-9999,N/A,-9999,-9999
2063,381.119421,381.119256004,381.11959509,6036105.5,-9999,285482.9,38.22,-1,-0.889711561,0.878799151,0.995670896,0.925547849,12,0.047619048,1.095238095,N2 S1 P1 O1,de-protonated,0,-9999,C21 H23 O1 N2 P1 S1,21,23,1,2,1,1,-9999,N/A,-9999,-9999
2063,381.119421,381.119256004,381.118943642,6036105.5,-9999,285482.9,38.22,-1,0.819592348,0.885250326,0,0.531150196,3,0.230769231,2.076923077,N4 S2 P1 O3,de-protonated,0,-9999,C13 H27 O3 N4 P1 S2,13,27,3,4,1,2,-9999,N/A,-9999,-9999
2064,381.13247,381.132305,381.131992992,2256526.3,-9999,316948.5,12.82,-1,0.818635045,0.885502271,0,0.531301363,3,0.6,1.8,P1 O9,de-protonated,0,-9999,C15 H27 O9 P1,15,27,9,-9999,1,-9999,-9999,N/A,-9999,-9999
2065,381.150135,381.149969996,381.149618115,1724564.6,-9999,300115.9,9.25,-1,0.923208528,0.856713902,0,0.514028341,16,0.115384615,0.846153846,O3,de-protonated,0,-9999,C26 H22 O3,26,22,3,-9999,-9999,-9999,-9999,N/A,-9999,-9999
2066,381.155934,381.155768995,381.155491342,3187350.8,-9999,348512.4,19.08,-1,0.728449055,0.908206437,0,0.544923862,7,0.421052632,1.368421053,O8,de-protonated,0,-9999,C19 H26 O8,19,26,8,-9999,-9999,-9999,-9999,N/A,-9999,-9999
2067,381.168798,381.168632991,381.168378502,2475675.3,-9999,279129.9,14.29,-1,0.667656564,0.922301109,0,0.553380666,2,0.5,1.9375,P1 O8,de-protonated,0,-9999,C16 H31 O8 P1,16,31,8,-9999,1,-9999,-9999,N/A,-9999,-9999
2068,381.184115,381.183949988,381.183634643,1457824.8,-9999,320471,7.45,-1,0.827276987,0.883219821,0,0.529931893,6,0.25,1.55,P1 O5,de-protonated,0,-9999,C20 H31 O5 P1,20,31,5,-9999,1,-9999,-9999,N/A,-9999,-9999
2070,381.192168,381.192002986,381.191876852,7033507.5,-9999,274906.3,44.92,-1,0.33089358,0.490164564,0.822155738,0.622961034,6,0.35,1.5,O7,de-protonated,0,-9999,C20 H30 O7,20,30,7,-9999,-9999,-9999,-9999,N/A,-9999,-9999
2070,381.192168,381.192002986,381.19171466,7033507.5,-9999,274906.3,44.92,-1,0.75637865,0.45069901,0.860410506,0.614583608,1,0.066666667,2.333333333,N4 S2 P1 O1,de-protonated,0,-9999,C15 H35 O1 N4 P1 S2,15,35,1,4,1,2,-9999,N/A,-9999,-9999
2071,381.205269,381.205103982,381.204764011,14308008,-9999,273217.5,93.81,-1,0.891833288,0.867065095,0.982747099,0.913337897,1,0.411764706,2.058823529,P1 O7,de-protonated,0,-9999,C17 H35 O7 P1,17,35,7,-9999,1,-9999,-9999,N/A,-9999,-9999
2073,381.228599,381.228433976,381.228262361,3059376.5,-9999,286811.2,18.22,-1,0.450164638,0.963897565,0,0.578338539,5,0.285714286,1.619047619,O6,de-protonated,0,-9999,C21 H34 O6,21,34,6,-9999,-9999,-9999,-9999,N/A,-9999,-9999
2074,381.241553,381.241387973,381.24114952,4060853.3,-9999,287427.7,24.95,-1,0.625464153,0.931477068,0,0.558886241,0,0.333333333,2.166666667,P1 O6,de-protonated,0,-9999,C18 H39 O6 P1,18,39,6,-9999,1,-9999,-9999,N/A,-9999,-9999
2077,382.122811,382.122645753,382.122460668,1410541.8,-9999,362035.6,7.13,-1,0.484359923,0.958324641,0.973538235,0.964410079,8,0.5,1.222222222,13C1 O9,de-protonated,1,2063,C17 H22 O9 13C1,17,22,9,-9999,-9999,-9999,1,N/A,-9999,-9999
2077,382.122811,382.122645753,382.122949925,1410541.8,-9999,362035.6,7.13,-1,-0.796007004,0.89139216,0.995670896,0.933103654,12,0.047619048,1.095238095,13C1 N2 S1 P1 O1,de-protonated,1,2063,C20 H23 O1 N2 P1 S1 13C1,20,23,1,2,1,1,1,N/A,-9999,-9999
2078,382.138842,382.138676749,382.138475354,1675763.4,-9999,321281.2,8.92,-1,0.527020488,0.950851404,0,0.570510843,3,0.615384615,2,N3 P1 O8,de-protonated,0,-9999,C13 H26 O8 N3 P1,13,26,8,3,1,-9999,-9999,N/A,-9999,-9999
2079,382.193313,382.193147735,382.193488308,1416710.6,-9999,363875.6,7.17,-1,-0.891100421,0.865817496,0,0.519490497,1,0.266666667,2.266666667,N3 S1 P1 O4,de-protonated,0,-9999,C15 H34 O4 N3 P1 S1,15,34,4,3,1,1,-9999,N/A,-9999,-9999
2080,382.208621,382.208455731,382.208118846,2291724,-9999,309057.4,13.05,-1,0.881417888,0.868517947,0.982747099,0.914209608,1,0.411764706,2.058823529,13C1 P1 O7,de-protonated,1,2071,C16 H35 O7 P1 13C1,16,35,7,-9999,1,-9999,1,N/A,-9999,-9999
2080,382.208621,382.208455731,382.208255192,2291724,-9999,309057.4,13.05,-1,0.524686346,0.951275033,0,0.57076502,1,0.5625,2.0625,N1 O9,de-protonated,0,-9999,C16 H33 O9 N1,16,33,9,1,-9999,-9999,-9999,N/A,-9999,-9999
2080,382.208621,382.208455731,382.208744449,2291724,-9999,309057.4,13.05,-1,-0.755393227,0.90164171,0,0.540985026,5,0.052631579,1.789473684,N3 S1 P1 O1,de-protonated,0,-9999,C19 H34 O1 N3 P1 S1,19,34,1,3,1,1,-9999,N/A,-9999,-9999
2081,382.226325,382.226159727,382.226502514,2710546.3,-9999,289503.4,15.87,-1,-0.896816581,0.864213404,0,0.518528042,5,0.157894737,1.789473684,N3 P1 O3,de-protonated,0,-9999,C19 H34 O3 N3 P1,19,34,3,3,1,-9999,-9999,N/A,-9999,-9999
2086,383.062325,383.062159518,383.061984879,4653367.5,-9999,286361.7,28.92,-1,0.455903051,0.962988632,0,0.577793179,9,0.6875,1,O11,de-protonated,0,-9999,C16 H16 O11,16,16,11,-9999,-9999,-9999,-9999,N/A,-9999,-9999
2086,383.062325,383.062159518,383.062474136,4653367.5,-9999,286361.7,28.92,-1,-0.821323528,0.884794146,0,0.530876488,13,0.157894737,0.894736842,N2 S1 P1 O3,de-protonated,0,-9999,C19 H17 O3 N2 P1 S1,19,17,3,2,1,1,-9999,N/A,-9999,-9999
2086,383.062325,383.062159518,383.061822687,4653367.5,-9999,286361.7,28.92,-1,0.879310956,0.869102766,0,0.52146166,4,0.454545455,1.909090909,N4 S2 P1 O5,de-protonated,0,-9999,C11 H21 O5 N4 P1 S2,11,21,5,4,1,2,-9999,N/A,-9999,-9999
2087,383.098682,383.098516509,383.098370388,7847236,-9999,265537.1,50.39,-1,0.381418182,0.986219894,0.967664542,0.978797753,8,0.588235294,1.176470588,O10,de-protonated,0,-9999,C17 H20 O10,17,20,10,-9999,-9999,-9999,-9999,N/A,-9999,-9999
2087,383.098682,383.098516509,383.098859645,7847236,-9999,265537.1,50.39,-1,-0.895686994,0.432265485,0.822155738,0.588221586,12,0.1,1.05,N2 S1 P1 O2,de-protonated,0,-9999,C20 H21 O2 N2 P1 S1,20,21,2,2,1,1,-9999,N/A,-9999,-9999
2087,383.098682,383.098516509,383.098208197,7847236,-9999,265537.1,50.39,-1,0.804785842,0.889122079,0,0.533473248,3,0.333333333,2.083333333,N4 S2 P1 O4,de-protonated,0,-9999,C12 H25 O4 N4 P1 S2,12,25,4,4,1,2,-9999,N/A,-9999,-9999
2088,383.135094,383.1349285,383.134755897,5597520.5,-9999,283571,35.27,-1,0.45050005,0.481922366,0.837042051,0.62397024,7,0.5,1.333333333,O9,de-protonated,0,-9999,C18 H24 O9,18,24,9,-9999,-9999,-9999,-9999,N/A,-9999,-9999
2088,383.135094,383.1349285,383.135245155,5597520.5,-9999,283571,35.27,-1,-0.82648393,0.441715015,0.81490939,0.590992765,11,0.047619048,1.19047619,N2 S1 P1 O1,de-protonated,0,-9999,C21 H25 O1 N2 P1 S1,21,25,1,2,1,1,-9999,N/A,-9999,-9999
2088,383.135094,383.1349285,383.134593706,5597520.5,-9999,283571,35.27,-1,0.873827533,0.870620067,0,0.52237204,2,0.230769231,2.230769231,N4 S2 P1 O3,de-protonated,0,-9999,C13 H29 O3 N4 P1 S2,13,29,3,4,1,2,-9999,N/A,-9999,-9999
2089,383.143298,383.143132498,383.143487363,2480467.5,-9999,277077.7,14.32,-1,-0.926195216,0.855855692,0,0.513513415,11,0.142857143,1.142857143,N2 S1 O3,de-protonated,0,-9999,C21 H24 O3 N2 S1,21,24,3,2,-9999,1,-9999,N/A,-9999,-9999
2089,383.143298,383.143132498,383.142835914,2480467.5,-9999,277077.7,14.32,-1,0.7740795,0.896978053,0,0.538186832,2,0.384615385,2.153846154,N4 S2 O5,de-protonated,0,-9999,C13 H28 O5 N4 S2,13,28,5,4,-9999,2,-9999,N/A,-9999,-9999
2090,383.160976,383.160810493,383.160593979,3439961.8,-9999,273196.1,20.77,-1,0.565073384,0.943708452,0,0.566225071,2,0.538461538,2.153846154,N4 S1 O7,de-protonated,0,-9999,C13 H28 O7 N4 S1,13,28,7,4,-9999,1,-9999,N/A,-9999,-9999
2091,383.163432,383.163266492,383.162899198,4332890.5,-9999,276088.1,26.77,-1,0.958585186,0.846427627,0,0.507856576,6,0.315789474,1.526315789,P1 O6,de-protonated,0,-9999,C19 H29 O6 P1,19,29,6,-9999,1,-9999,-9999,N/A,-9999,-9999
2092,383.171445,383.17127949,383.171141407,3794269.3,-9999,259592.8,23.15,-1,0.360371045,0.97671122,0,0.586026732,6,0.421052632,1.473684211,O8,de-protonated,0,-9999,C19 H28 O8,19,28,8,-9999,-9999,-9999,-9999,N/A,-9999,-9999
2092,383.171445,383.17127949,383.170979215,3794269.3,-9999,259592.8,23.15,-1,0.783658291,0.894552823,0,0.536731694,1,0.142857143,2.357142857,N4 S2 P1 O2,de-protonated,0,-9999,C14 H33 O2 N4 P1 S2,14,33,2,4,1,2,-9999,N/A,-9999,-9999
2093,383.176464,383.176298489,383.176501569,1711455.1,-9999,349841.1,9.15,-1,-0.529990722,0.950309886,0,0.570185932,15,0.08,0.96,N2 O2,de-protonated,0,-9999,C25 H24 O2 N2,25,24,2,2,-9999,-9999,-9999,N/A,-9999,-9999
2094,383.184435,383.184269487,383.184028566,2044257.9,-9999,280609.6,11.39,-1,0.628734362,0.930784112,0,0.558470467,1,0.5,2.0625,P1 O8,de-protonated,0,-9999,C16 H33 O8 P1,16,33,8,-9999,1,-9999,-9999,N/A,-9999,-9999
2095,383.192642,383.192476485,383.192270775,1983332.8,-9999,228497.4,10.98,-1,0.536833435,0.949051967,0,0.56943118,1,0.625,2,O10,de-protonated,0,-9999,C16 H32 O10,16,32,10,-9999,-9999,-9999,-9999,N/A,-9999,-9999
2095,383.192642,383.192476485,383.192760032,1983332.8,-9999,228497.4,10.98,-1,-0.739958988,0.905425493,0,0.543255296,5,0.105263158,1.736842105,N2 S1 P1 O2,de-protonated,0,-9999,C19 H33 O2 N2 P1 S1,19,33,2,2,1,1,-9999,N/A,-9999,-9999
2097,383.207845,383.207679481,383.207526916,8697194,-9999,269234.7,56.1,-1,0.398127176,0.972810183,0.984695208,0.977564193,5,0.35,1.6,O7,de-protonated,0,-9999,C20 H32 O7,20,32,7,-9999,-9999,-9999,-9999,N/A,-9999,-9999
2097,383.207845,383.207679481,383.207364725,8697194,-9999,269234.7,56.1,-1,0.821374247,0.887132675,0.94644044,0.910855781,0,0.066666667,2.466666667,N4 S2 P1 O1,de-protonated,0,-9999,C15 H37 O1 N4 P1 S2,15,37,1,4,1,2,-9999,N/A,-9999,-9999
2098,383.220735,383.220569478,383.220414076,2235246.5,-9999,262561.4,12.67,-1,0.405517375,0.970602555,0,0.582361533,0,0.411764706,2.176470588,P1 O7,de-protonated,0,-9999,C17 H37 O7 P1,17,37,7,-9999,1,-9999,-9999,N/A,-9999,-9999
2099,383.24423,383.244064472,383.243912425,5027190.5,-9999,278245.2,31.43,-1,0.396736582,0.926811809,0.950227866,0.936178232,4,0.285714286,1.714285714,O6,de-protonated,0,-9999,C21 H36 O6,21,36,6,-9999,-9999,-9999,-9999,N/A,-9999,-9999
2100,384.101926,384.101760258,384.101725223,1812639.4,-9999,207205.2,9.83,-1,0.091211999,0.998491553,0.967664542,0.986160749,8,0.588235294,1.176470588,13C1 O10,de-protonated,1,2087,C16 H20 O10 13C1,16,20,10,-9999,-9999,-9999,1,N/A,-9999,-9999
2101,384.16776,384.167594241,384.167259759,2241206,-9999,337112.9,12.71,-1,0.87066899,0.871490944,0,0.522894566,5,0.157894737,1.631578947,N1 S2 O3,de-protonated,0,-9999,C19 H31 O3 N1 S2,19,31,3,1,-9999,2,-9999,N/A,-9999,-9999
2102,384.211194,384.21102823,384.210881751,2081989,-9999,258968.7,11.64,-1,0.381247157,0.973971286,0.984695208,0.978260854,5,0.35,1.6,13C1 O7,de-protonated,1,2097,C19 H32 O7 13C1,19,32,7,-9999,-9999,-9999,1,N/A,-9999,-9999
2102,384.211194,384.21102823,384.21071956,2081989,-9999,258968.7,11.64,-1,0.803388923,0.889484579,0.94644044,0.912266924,0,0.066666667,2.466666667,13C1 N4 S2 P1 O1,de-protonated,1,2097,C14 H37 O1 N4 P1 S2 13C1,14,37,1,4,1,2,1,N/A,-9999,-9999
2103,384.247753,384.247587221,384.24726726,1543121.5,-9999,259002.9,8.02,-1,0.832695089,0.881779643,0.950227866,0.909158933,4,0.285714286,1.714285714,13C1 O6,de-protonated,1,2099,C20 H36 O6 13C1,20,36,6,-9999,-9999,-9999,1,N/A,-9999,-9999
2106,385.077986,385.077820014,385.077634943,5222381,-9999,293812.9,32.74,-1,0.480605729,0.958954782,0,0.575372869,8,0.6875,1.125,O11,de-protonated,0,-9999,C16 H18 O11,16,18,11,-9999,-9999,-9999,-9999,N/A,-9999,-9999
2106,385.077986,385.077820014,385.0781242,5222381,-9999,293812.9,32.74,-1,-0.789935375,0.446475488,0.829532115,0.599698138,12,0.157894737,1,N2 S1 P1 O3,de-protonated,0,-9999,C19 H19 O3 N2 P1 S1,19,19,3,2,1,1,-9999,N/A,-9999,-9999
2106,385.077986,385.077820014,385.077472752,5222381,-9999,293812.9,32.74,-1,0.901797358,0.86280976,0,0.51768585600000006,3,0.454545455,2.090909091,N4 S2 P1 O5,de-protonated,0,-9999,C11 H23 O5 N4 P1 S2,11,23,5,4,1,2,-9999,N/A,-9999,-9999
2107,385.11433,385.114164005,385.114020452,6219769,-9999,276527.9,39.45,-1,0.372752145,0.487551957,0.844689208,0.630406857,7,0.588235294,1.294117647,O10,de-protonated,0,-9999,C17 H22 O10,17,22,10,-9999,-9999,-9999,-9999,N/A,-9999,-9999
2107,385.11433,385.114164005,385.11450971,6219769,-9999,276527.9,39.45,-1,-0.897668782,0.431986816,0.822155738,0.588054385,11,0.1,1.15,N2 S1 P1 O2,de-protonated,0,-9999,C20 H23 O2 N2 P1 S1,20,23,2,2,1,1,-9999,N/A,-9999,-9999
2107,385.11433,385.114164005,385.113858261,6219769,-9999,276527.9,39.45,-1,0.793903934,0.891933139,0,0.535159884,2,0.333333333,2.25,N4 S2 P1 O4,de-protonated,0,-9999,C12 H27 O4 N4 P1 S2,12,27,4,4,1,2,-9999,N/A,-9999,-9999
2108,385.125445,385.125279002,385.125253842,2163196.8,-9999,272106,12.18,-1,0.065329414,0.999225889,0,0.599535533,7,0.5625,1.375,N2 O9,de-protonated,0,-9999,C16 H22 O9 N2,16,22,9,2,-9999,-9999,-9999,N/A,-9999,-9999
2110,385.142848,385.142681997,385.143033133,1871874.8,-9999,296308.3,10.23,-1,-0.911702291,0.860002191,0,0.516001315,5,0.105263158,1.631578947,S2 P1 O2,de-protonated,0,-9999,C19 H31 O2 P1 S2,19,31,2,-9999,1,2,-9999,N/A,-9999,-9999
2111,385.150711,385.150544995,385.150405962,3014661.5,-9999,283860,17.91,-1,0.360985281,0.976632698,0,0.585979619,6,0.5,1.444444444,O9,de-protonated,0,-9999,C18 H26 O9,18,26,9,-9999,-9999,-9999,-9999,N/A,-9999,-9999
2111,385.150711,385.150544995,385.150895219,3014661.5,-9999,283860,17.91,-1,-0.909315613,0.860680664,0,0.516408399,10,0.047619048,1.285714286,N2 S1 P1 O1,de-protonated,0,-9999,C21 H27 O1 N2 P1 S1,21,27,1,2,1,1,-9999,N/A,-9999,-9999
2111,385.150711,385.150544995,385.15024377,3014661.5,-9999,283860,17.91,-1,0.782097279,0.894949636,0,0.536969782,1,0.230769231,2.384615385,N4 S2 P1 O3,de-protonated,0,-9999,C13 H31 O3 N4 P1 S2,13,31,3,4,1,2,-9999,N/A,-9999,-9999
2113,385.173331,385.17316499,385.17287274,3799053,-9999,253157,23.18,-1,0.758748631,0.900810905,0,0.540486543,6,0.4375,1.625,N4 O7,de-protonated,0,-9999,C16 H26 O7 N4,16,26,7,4,-9999,-9999,-9999,N/A,-9999,-9999
2114,385.176655,385.176488989,385.176244044,13174798,-9999,269174.5,86.18,-1,0.635930285,0.943169628,0.984516744,0.959708475,1,0.538461538,2.307692308,N4 S1 O7,de-protonated,0,-9999,C13 H30 O7 N4 S1,13,30,7,4,-9999,1,-9999,N/A,-9999,-9999
2115,385.179035,385.178868988,385.178549263,11208719,-9999,265089.1,72.97,-1,0.830071363,0.936374673,0.985834422,0.956158572,5,0.315789474,1.631578947,P1 O6,de-protonated,0,-9999,C19 H31 O6 P1,19,31,6,-9999,1,-9999,-9999,N/A,-9999,-9999
2116,385.187178,385.187011986,385.186791471,2763793.8,-9999,271223.4,16.22,-1,0.572488884,0.94226509,0,0.565359054,5,0.421052632,1.578947368,O8,de-protonated,0,-9999,C19 H30 O8,19,30,8,-9999,-9999,-9999,-9999,N/A,-9999,-9999
2116,385.187178,385.187011986,385.18662928,2763793.8,-9999,271223.4,16.22,-1,0.993561192,0.836005922,0,0.501603553,0,0.142857143,2.5,N4 S2 P1 O2,de-protonated,0,-9999,C14 H35 O2 N4 P1 S2,14,35,2,4,1,2,-9999,N/A,-9999,-9999
2117,385.192078,385.191911985,385.192151634,1945619.5,-9999,268187.8,10.72,-1,-0.622153354,0.932175467,0,0.55930528,14,0.08,1.04,N2 O2,de-protonated,0,-9999,C25 H26 O2 N2,25,26,2,2,-9999,-9999,-9999,N/A,-9999,-9999
2118,385.202265,385.202098983,385.202047612,2176535,-9999,257020.5,12.27,-1,0.133358827,0.996778213,0,0.598066928,9,0.217391304,1.304347826,O5,de-protonated,0,-9999,C23 H30 O5,23,30,5,-9999,-9999,-9999,-9999,N/A,-9999,-9999
2119,385.209597,385.209430981,385.20925825,2641433.5,-9999,298236.4,15.4,-1,0.448408146,0.964173653,0,0.578504192,5,0.352941176,1.764705882,N4 O6,de-protonated,0,-9999,C17 H30 O6 N4,17,30,6,4,-9999,-9999,-9999,N/A,-9999,-9999
2120,385.223484,385.223317977,385.22317698,6443038,-9999,292989.4,40.95,-1,0.366013091,0.487992589,0.822155738,0.621657849,4,0.35,1.7,O7,de-protonated,0,-9999,C20 H34 O7,20,34,7,-9999,-9999,-9999,-9999,N/A,-9999,-9999
2121,385.259837,385.259670968,385.25956249,3067946.5,-9999,268937.3,18.26,-1,0.281571943,0.985717228,0,0.591430337,3,0.285714286,1.80952381,O6,de-protonated,0,-9999,C21 H38 O6,21,38,6,-9999,-9999,-9999,-9999,N/A,-9999,-9999
2122,385.29643,385.296263959,385.295947999,1666102.8,-9999,338714.6,8.84,-1,0.82004439,0.885131279,0,0.531078768,2,0.227272727,1.909090909,O5,de-protonated,0,-9999,C22 H42 O5,22,42,5,-9999,-9999,-9999,-9999,N/A,-9999,-9999
2123,386.1468,386.146633746,386.146524314,3292500.5,-9999,296448.9,19.77,-1,0.283396101,0.985532917,0,0.59131975,5,0.222222222,1.611111111,N1 S2 O4,de-protonated,0,-9999,C18 H29 O4 N1 S2,18,29,4,1,-9999,2,-9999,N/A,-9999,-9999
2124,386.179955,386.179788738,386.17953852,2122591.5,-9999,309081.5,11.91,-1,0.647932041,0.926653983,0,0.55599239,9,0.136363636,1.318181818,N1 S1 O3,de-protonated,0,-9999,C22 H29 O3 N1 S1,22,29,3,1,-9999,1,-9999,N/A,-9999,-9999
2124,386.179955,386.179788738,386.179598879,2122591.5,-9999,309081.5,11.91,-1,0.491634533,0.957090844,0.984516744,0.968061204,1,0.538461538,2.307692308,13C1 N4 S1 O7,de-protonated,1,2114,C12 H30 O7 N4 S1 13C1,12,30,7,4,-9999,1,1,N/A,-9999,-9999
2125,386.18216,386.181993737,386.181904098,2076512.3,-9999,330960.4,11.6,-1,0.232117855,0.990271413,0.985834422,0.988496616,5,0.315789474,1.631578947,13C1 P1 O6,de-protonated,1,2115,C18 H31 O6 P1 13C1,18,31,6,-9999,1,-9999,1,N/A,-9999,-9999
2125,386.18216,386.181993737,386.182040443,2076512.3,-9999,330960.4,11.6,-1,-0.120942716,0.997349444,0,0.598409666,5,0.444444444,1.611111111,N1 O8,de-protonated,0,-9999,C18 H29 O8 N1,18,29,8,1,-9999,-9999,-9999,N/A,-9999,-9999
2126,386.19364,386.193473735,386.193273833,1825636,-9999,253450.1,9.91,-1,0.51762148,0.952546924,0,0.571528155,5,0.411764706,1.705882353,N3 O7,de-protonated,0,-9999,C17 H29 O7 N3,17,29,7,3,-9999,-9999,-9999,N/A,-9999,-9999
2130,387.057386,387.057219519,387.056899498,1984130.1,-9999,308003.4,10.98,-1,0.826804346,0.883345119,0,0.530007071,8,0.8,1.066666667,O12,de-protonated,0,-9999,C15 H16 O12,15,16,12,-9999,-9999,-9999,-9999,N/A,-9999,-9999
2130,387.057386,387.057219519,387.057388756,1984130.1,-9999,308003.4,10.98,-1,-0.437240131,0.965905606,0,0.579543363,12,0.222222222,0.944444444,N2 S1 P1 O4,de-protonated,0,-9999,C18 H17 O4 N2 P1 S1,18,17,4,2,1,1,-9999,N/A,-9999,-9999
2131,387.072262,387.072095515,387.072155639,1490823,-9999,247162.8,7.66,-1,-0.15533198,0.995631571,0,0.597378943,12,0.473684211,0.842105263,O9,de-protonated,0,-9999,C19 H16 O9,19,16,9,-9999,-9999,-9999,-9999,N/A,-9999,-9999
2131,387.072262,387.072095515,387.071993448,1490823,-9999,247162.8,7.66,-1,0.263689049,0.98746278,0,0.592477668,7,0.214285714,1.5,N4 S2 P1 O3,de-protonated,0,-9999,C14 H21 O3 N4 P1 S2,14,21,3,4,1,2,-9999,N/A,-9999,-9999
2132,387.093538,387.093371509,387.093285008,4144782,-9999,287218.8,25.5,-1,0.223465345,0.990979967,0,0.59458798,7,0.6875,1.25,O11,de-protonated,0,-9999,C16 H20 O11,16,20,11,-9999,-9999,-9999,-9999,N/A,-9999,-9999
2132,387.093538,387.093371509,387.093122816,4144782,-9999,287218.8,25.5,-1,0.64246366,0.927841202,0,0.556704721,2,0.454545455,2.272727273,N4 S2 P1 O5,de-protonated,0,-9999,C11 H25 O5 N4 P1 S2,11,25,5,4,1,2,-9999,N/A,-9999,-9999
2133,387.108933,387.108766506,387.108541149,2226323,-9999,304392,12.6,-1,0.582154021,0.940359002,0,0.564215401,11,0.4,1,O8,de-protonated,0,-9999,C20 H20 O8,20,20,8,-9999,-9999,-9999,-9999,N/A,-9999,-9999
2134,387.129999,387.1298325,387.129670517,3445402,-9999,295810.5,20.8,-1,0.418421726,0.96873184,0,0.581239104,6,0.588235294,1.411764706,O10,de-protonated,0,-9999,C17 H24 O10,17,24,10,-9999,-9999,-9999,-9999,N/A,-9999,-9999
2134,387.129999,387.1298325,387.130159774,3445402,-9999,295810.5,20.8,-1,-0.845384626,0.878379216,0,0.52702753,10,0.1,1.25,N2 S1 P1 O2,de-protonated,0,-9999,C20 H25 O2 N2 P1 S1,20,25,2,2,1,1,-9999,N/A,-9999,-9999
2134,387.129999,387.1298325,387.129508326,3445402,-9999,295810.5,20.8,-1,0.837380742,0.880528486,0,0.528317092,1,0.333333333,2.416666667,N4 S2 P1 O4,de-protonated,0,-9999,C12 H29 O4 N4 P1 S2,12,29,4,4,1,2,-9999,N/A,-9999,-9999
2135,387.142209,387.142042497,387.142424735,1511326,-9999,297359.7,7.8,-1,-0.987330255,0.837880328,0,0.502728197,14,0.08,0.96,S1 O2,de-protonated,0,-9999,C25 H24 O2 S1,25,24,2,-9999,-9999,1,-9999,N/A,-9999,-9999
2135,387.142209,387.142042497,387.141773286,1511326,-9999,297359.7,7.8,-1,0.695381562,0.915998535,0,0.549599121,5,0.235294118,1.647058824,N2 S2 O4,de-protonated,0,-9999,C17 H28 O4 N2 S2,17,28,4,2,-9999,2,-9999,N/A,-9999,-9999
2136,387.152599,387.152432495,387.152137295,1759905.4,-9999,295660.8,9.47,-1,0.762488964,0.89988136,0,0.539928816,6,0.533333333,1.6,N4 O8,de-protonated,0,-9999,C15 H24 O8 N4,15,24,8,4,-9999,-9999,-9999,N/A,-9999,-9999
2137,387.171385,387.17121849,387.171416189,2442919.5,-9999,290392.1,14.06,-1,-0.510623327,0.95379145,0,0.57227487,14,0.125,1,N2 O3,de-protonated,0,-9999,C24 H24 O3 N2,24,24,3,2,-9999,-9999,-9999,N/A,-9999,-9999
2138,387.173679,387.173512489,387.173266664,4775592.5,-9999,274621.4,29.74,-1,0.634924776,0.929463898,0,0.557678339,1,0.833333333,2.333333333,N4 O10,de-protonated,0,-9999,C12 H28 O10 N4,12,28,10,4,-9999,-9999,-9999,N/A,-9999,-9999
2140,387.18887,387.188703486,387.1883261,13306541,-9999,271013.3,87.07,-1,0.974681505,0.841302612,0.920004654,0.872783429,13,0.038461538,1.115384615,P1 O1,de-protonated,0,-9999,C26 H29 O1 P1,26,29,1,-9999,1,-9999,-9999,N/A,-9999,-9999
2140,387.18887,387.188703486,387.188522805,13306541,-9999,271013.3,87.07,-1,0.466648156,0.960953829,0.991969214,0.973359983,5,0.4375,1.75,N4 O7,de-protonated,0,-9999,C16 H28 O7 N4,16,28,7,4,-9999,-9999,-9999,N/A,-9999,-9999
2141,387.192287,387.192120485,387.191894108,40655536,-9999,268475.5,270.86,-1,0.584662642,0.629969988,0.952960002,0.759165993,0,0.538461538,2.461538462,N4 S1 O7,de-protonated,0,-9999,C13 H32 O7 N4 S1,13,32,7,4,-9999,1,-9999,N/A,-9999,-9999
2142,387.194649,387.194482484,387.194199327,14543535,-9999,256943.8,95.38,-1,0.73130508,0.922626618,0.967803609,0.940697415,4,0.315789474,1.736842105,P1 O6,de-protonated,0,-9999,C19 H33 O6 P1,19,33,6,-9999,1,-9999,-9999,N/A,-9999,-9999
2143,387.202755,387.202588482,387.202441536,2504882,-9999,282158.3,14.48,-1,0.37950837,0.974205085,0,0.584523051,4,0.421052632,1.684210526,O8,de-protonated,0,-9999,C19 H32 O8,19,32,8,-9999,-9999,-9999,-9999,N/A,-9999,-9999
2144,387.20992,387.20975348,387.209455468,2257588.3,-9999,288381.1,12.81,-1,0.769640232,0.898094108,0,0.538856465,8,0.130434783,1.434782609,P1 O3,de-protonated,0,-9999,C23 H33 O3 P1,23,33,3,-9999,1,-9999,-9999,N/A,-9999,-9999
2144,387.20992,387.20975348,387.209652173,2257588.3,-9999,288381.1,12.81,-1,0.261634711,0.987656162,0,0.592593697,0,0.692307692,2.461538462,N4 O9,de-protonated,0,-9999,C13 H32 O9 N4,13,32,9,4,-9999,-9999,-9999,N/A,-9999,-9999
2145,387.225261,387.225094477,387.224908314,2865337.3,-9999,298846.7,16.9,-1,0.480760287,0.958928928,0,0.575357357,4,0.352941176,1.882352941,N4 O6,de-protonated,0,-9999,C17 H32 O6 N4,17,32,6,4,-9999,-9999,-9999,N/A,-9999,-9999
2146,387.239102,387.238935473,387.238827045,2998973.8,-9999,288684.5,17.8,-1,0.28000324,0.985874804,0,0.591524882,3,0.35,1.8,O7,de-protonated,0,-9999,C20 H36 O7,20,36,7,-9999,-9999,-9999,-9999,N/A,-9999,-9999
2147,388.126094,388.125927251,388.125788869,3729374.5,-9999,294546,22.7,-1,0.356539707,0.977198124,0,0.586318875,5,0.294117647,1.588235294,N1 S2 O5,de-protonated,0,-9999,C17 H27 O5 N1 S2,17,27,5,1,-9999,2,-9999,N/A,-9999,-9999
2148,388.143952,388.143785247,388.143546934,1564132.3,-9999,281319.7,8.15,-1,0.613981735,0.933885575,0,0.560331345,5,0.411764706,1.588235294,N1 S1 O7,de-protonated,0,-9999,C17 H27 O7 N1 S1,17,27,7,1,-9999,1,-9999,N/A,-9999,-9999
2149,388.162433,388.162266242,388.162174378,3623914.3,-9999,286075.5,21.99,-1,0.236663493,0.989888597,0,0.593933158,4,0.222222222,1.722222222,N1 S2 O4,de-protonated,0,-9999,C18 H31 O4 N1 S2,18,31,4,1,-9999,2,-9999,N/A,-9999,-9999
2150,388.172905,388.17273824,388.172538388,3513325.5,-9999,286390,21.25,-1,0.514852951,0.9530411,0,0.57182466,5,0.5,1.6875,N3 O8,de-protonated,0,-9999,C16 H27 O8 N3,16,27,8,3,-9999,-9999,-9999,N/A,-9999,-9999
2151,388.192227,388.192060235,388.191680935,2157043.8,-9999,315591,12.14,-1,0.977092742,0.840943405,0.920004654,0.872567905,13,0.038461538,1.115384615,13C1 P1 O1,de-protonated,1,2140,C25 H29 O1 P1 13C1,25,29,1,-9999,1,-9999,1,N/A,-9999,-9999
2151,388.192227,388.192060235,388.191817281,2157043.8,-9999,315591,12.14,-1,0.625859802,0.931393395,0,0.558836037,13,0.12,1.08,N1 O3,de-protonated,0,-9999,C25 H27 O3 N1,25,27,3,1,-9999,-9999,-9999,N/A,-9999,-9999
2151,388.192227,388.192060235,388.19187764,2157043.8,-9999,315591,12.14,-1,0.4703725,0.960649583,0.991969214,0.973177436,5,0.4375,1.75,13C1 N4 O7,de-protonated,1,2140,C15 H28 O7 N4 13C1,15,28,7,4,-9999,-9999,1,N/A,-9999,-9999
2152,388.195622,388.195455234,388.195188584,8072181,-9999,272943.1,51.89,-1,0.686895389,0.458975128,0.807789663,0.598500942,8,0.136363636,1.409090909,N1 S1 O3,de-protonated,0,-9999,C22 H31 O3 N1 S1,22,31,3,1,-9999,1,-9999,N/A,-9999,-9999
2152,388.195622,388.195455234,388.195248943,8072181,-9999,272943.1,51.89,-1,0.531409427,0.633366847,0.952960002,0.761204109,0,0.538461538,2.461538462,13C1 N4 S1 O7,de-protonated,1,2141,C12 H32 O7 N4 S1 13C1,12,32,7,4,-9999,1,1,N/A,-9999,-9999
2153,388.197952,388.197785233,388.197554162,3696629.8,-9999,269587.4,22.48,-1,0.595240927,0.937733577,0.967803609,0.94976159,4,0.315789474,1.736842105,13C1 P1 O6,de-protonated,1,2142,C18 H33 O6 P1 13C1,18,33,6,-9999,1,-9999,1,N/A,-9999,-9999
2153,388.197952,388.197785233,388.197690508,3696629.8,-9999,269587.4,22.48,-1,0.244013435,0.989254234,0,0.59355254,4,0.444444444,1.722222222,N1 O8,de-protonated,0,-9999,C18 H31 O8 N1,18,31,8,1,-9999,-9999,-9999,N/A,-9999,-9999
2154,388.2991,388.298933208,388.298604827,2938902.3,-9999,277119.6,17.39,-1,0.845690892,0.878296673,0,0.52697800400000006,1,0.142857143,2.095238095,N1 P1 O3,de-protonated,0,-9999,C21 H44 O3 N1 P1,21,44,3,1,1,-9999,-9999,N/A,-9999,-9999
2159,389.072814,389.072647014,389.072549563,1603853.5,-9999,293957.8,8.42,-1,0.250471987,0.988681142,0,0.593208685,7,0.8,1.2,O12,de-protonated,0,-9999,C15 H18 O12,15,18,12,-9999,-9999,-9999,-9999,N/A,-9999,-9999
2159,389.072814,389.072647014,389.072387371,1603853.5,-9999,293957.8,8.42,-1,0.667338812,0.922372102,0,0.553423261,2,0.6,2.3,N4 S2 P1 O6,de-protonated,0,-9999,C10 H23 O6 N4 P1 S2,10,23,6,4,1,2,-9999,N/A,-9999,-9999
2160,389.088202,389.088035011,389.087805704,3505426.5,-9999,265549.8,21.2,-1,0.589344185,0.938922864,0,0.563353719,11,0.473684211,0.947368421,O9,de-protonated,0,-9999,C19 H18 O9,19,18,9,-9999,-9999,-9999,-9999,N/A,-9999,-9999
2160,389.088202,389.088035011,389.088294961,3505426.5,-9999,265549.8,21.2,-1,-0.668102118,0.922201516,0,0.553320909,15,0.045454545,0.863636364,N2 S1 P1 O1,de-protonated,0,-9999,C22 H19 O1 N2 P1 S1,22,19,1,2,1,1,-9999,N/A,-9999,-9999
2161,389.101419,389.101252007,389.101562243,1511958.6,-9999,227401.2,7.8,-1,-0.797313966,0.89105541,0,0.534633246,5,0.235294118,1.588235294,S2 P1 O4,de-protonated,0,-9999,C17 H27 O4 P1 S2,17,27,4,-9999,1,2,-9999,N/A,-9999,-9999
2162,389.109316,389.109149005,389.108935072,1626393.1,-9999,359130,8.57,-1,0.54980309,0.946628142,0,0.567976885,6,0.6875,1.375,O11,de-protonated,0,-9999,C16 H22 O11,16,22,11,-9999,-9999,-9999,-9999,N/A,-9999,-9999
2162,389.109316,389.109149005,389.109424329,1626393.1,-9999,359130,8.57,-1,-0.707574882,0.913159695,0,0.547895817,10,0.157894737,1.210526316,N2 S1 P1 O3,de-protonated,0,-9999,C19 H23 O3 N2 P1 S1,19,23,3,2,1,1,-9999,N/A,-9999,-9999
2162,389.109316,389.109149005,389.108772881,1626393.1,-9999,359130,8.57,-1,0.966631058,0.844051957,0,0.506431174,1,0.454545455,2.454545455,N4 S2 P1 O5,de-protonated,0,-9999,C11 H27 O5 N4 P1 S2,11,27,5,4,1,2,-9999,N/A,-9999,-9999
2163,389.124552,389.124385001,389.124191213,3214622,-9999,269295,19.24,-1,0.498011171,0.955995552,0,0.573597331,10,0.4,1.1,O8,de-protonated,0,-9999,C20 H22 O8,20,22,8,-9999,-9999,-9999,-9999,N/A,-9999,-9999
2163,389.124552,389.124385001,389.124029022,3214622,-9999,269295,19.24,-1,0.914822775,0.859113243,0,0.515467946,5,0.133333333,1.8,N4 S2 P1 O2,de-protonated,0,-9999,C15 H27 O2 N4 P1 S2,15,27,2,4,1,2,-9999,N/A,-9999,-9999
2164,389.137634,389.137466998,389.137078373,1580322.1,-9999,257996,8.26,-1,0.998684972,0.834458907,0,0.500675344,5,0.470588235,1.588235294,P1 O8,de-protonated,0,-9999,C17 H27 O8 P1,17,27,8,-9999,1,-9999,-9999,N/A,-9999,-9999
2165,389.145834,389.145666996,389.145320581,1457956.8,-9999,246690,7.44,-1,0.890193953,0.866071202,0,0.519642721,5,0.588235294,1.529411765,O10,de-protonated,0,-9999,C17 H26 O10,17,26,10,-9999,-9999,-9999,-9999,N/A,-9999,-9999
2165,389.145834,389.145666996,389.145809839,1457956.8,-9999,246690,7.44,-1,-0.367066882,0.975848382,0,0.585509029,9,0.1,1.35,N2 S1 P1 O2,de-protonated,0,-9999,C20 H27 O2 N2 P1 S1,20,27,2,2,1,1,-9999,N/A,-9999,-9999
2166,389.168125,389.167957991,389.167590655,2545963.8,-9999,312336.6,14.75,-1,0.943899632,0.850729489,0,0.510437694,13,0.08,1.08,P1 O2,de-protonated,0,-9999,C25 H27 O2 P1,25,27,2,-9999,1,-9999,-9999,N/A,-9999,-9999
2166,389.168125,389.167957991,389.16778736,2545963.8,-9999,312336.6,14.75,-1,0.438450101,0.965719923,0,0.579431954,5,0.533333333,1.733333333,N4 O8,de-protonated,0,-9999,C15 H26 O8 N4,15,26,8,4,-9999,-9999,-9999,N/A,-9999,-9999
2167,389.173988,389.173820989,389.173463882,4116781.8,-9999,268856.3,25.3,-1,0.91760344,0.85831932,0,0.514991592,4,0.388888889,1.722222222,P1 O7,de-protonated,0,-9999,C18 H31 O7 P1,18,31,7,-9999,1,-9999,-9999,N/A,-9999,-9999
2168,389.182106,389.181938987,389.181706091,1927216.3,-9999,222464.7,10.59,-1,0.598425839,0.937086935,0,0.562252161,4,0.5,1.666666667,O9,de-protonated,0,-9999,C18 H30 O9,18,30,9,-9999,-9999,-9999,-9999,N/A,-9999,-9999
2168,389.182106,389.181938987,389.182195348,1927216.3,-9999,222464.7,10.59,-1,-0.658717085,0.924287533,0,0.55457252,8,0.047619048,1.476190476,N2 S1 P1 O1,de-protonated,0,-9999,C21 H31 O1 N2 P1 S1,21,31,1,2,1,1,-9999,N/A,-9999,-9999
2169,389.18935,389.189182985,389.188916728,13827379,-9999,274005.3,90.56,-1,0.684133786,0.919097658,0.96377417,0.936968263,0,0.833333333,2.5,N4 O10,de-protonated,0,-9999,C12 H30 O10 N4,12,30,10,4,-9999,-9999,-9999,N/A,-9999,-9999
2172,389.204695,389.204527981,389.204172869,1506871.4,-9999,303877.3,7.76,-1,0.912405837,0.859801954,0,0.515881172,4,0.4375,1.875,N4 O7,de-protonated,0,-9999,C16 H30 O7 N4,16,30,7,4,-9999,-9999,-9999,N/A,-9999,-9999
2173,389.208036,389.207868981,389.208195621,7202104.5,-9999,264717.9,46.04,-1,-0.839244087,0.440014741,0.81490939,0.589972601,8,0.238095238,1.428571429,N2 O5,de-protonated,0,-9999,C21 H30 O5 N2,21,30,5,2,-9999,-9999,-9999,N/A,-9999,-9999
2174,389.210376,389.21020898,389.209849392,11646265,-9999,265454,75.9,-1,0.923893521,0.904412784,0.916506998,0.90925047,3,0.315789474,1.842105263,P1 O6,de-protonated,0,-9999,C19 H35 O6 P1,19,35,6,-9999,1,-9999,-9999,N/A,-9999,-9999
2175,389.254843,389.254675969,389.254477109,1733191.3,-9999,248763.5,9.28,-1,0.510872727,0.953747361,0,0.572248416,2,0.35,1.9,O7,de-protonated,0,-9999,C20 H38 O7,20,38,7,-9999,-9999,-9999,-9999,N/A,-9999,-9999
2178,390.167426,390.167258741,390.167059084,3485285.5,-9999,275846,21.06,-1,0.511720581,0.953597331,0,0.572158399,9,0.315789474,1.315789474,N3 O6,de-protonated,0,-9999,C19 H25 O6 N3,19,25,6,3,-9999,-9999,-9999,N/A,-9999,-9999
2179,390.170667,390.17049974,390.170430387,1971302.4,-9999,304961.3,10.88,-1,0.177748948,0.994283587,0,0.596570152,4,0.375,1.8125,N3 S1 O6,de-protonated,0,-9999,C16 H29 O6 N3 S1,16,29,6,3,-9999,1,-9999,N/A,-9999,-9999
2180,390.192704,390.192536734,390.192211204,2461293.3,-9999,308952.5,14.18,-1,0.83428147,0.881356637,0,0.528813982,8,0.285714286,1.380952381,N1 O6,de-protonated,0,-9999,C21 H29 O6 N1,21,29,6,1,-9999,-9999,-9999,N/A,-9999,-9999
2180,390.192704,390.192536734,390.192271563,2461293.3,-9999,308952.5,14.18,-1,0.67959127,0.919614204,0.96377417,0.93727819,0,0.833333333,2.5,13C1 N4 O10,de-protonated,1,2169,C11 H30 O10 N4 13C1,11,30,10,4,-9999,-9999,1,N/A,-9999,-9999
2181,390.203761,390.203593732,390.203444593,2002544.6,-9999,296307.2,11.09,-1,0.382205944,0.973841933,0,0.58430516,8,0.25,1.45,N3 O5,de-protonated,0,-9999,C20 H29 O5 N3,20,29,5,3,-9999,-9999,-9999,N/A,-9999,-9999
2182,390.211251,390.21108373,390.210838649,2246771,-9999,292762.3,12.73,-1,0.628072976,0.930924509,0,0.558554705,7,0.136363636,1.5,N1 S1 O3,de-protonated,0,-9999,C22 H33 O3 N1 S1,22,33,3,1,-9999,1,-9999,N/A,-9999,-9999
2183,390.213574,390.213406729,390.213204227,3964531.8,-9999,265425.8,24.28,-1,0.518953407,0.952308326,0.916506998,0.937987795,3,0.315789474,1.842105263,13C1 P1 O6,de-protonated,1,2174,C18 H35 O6 P1 13C1,18,35,6,-9999,1,-9999,1,N/A,-9999,-9999
2183,390.213574,390.213406729,390.213340572,3964531.8,-9999,265425.8,24.28,-1,0.16954021,0.994798038,0,0.596878823,3,0.444444444,1.833333333,N1 O8,de-protonated,0,-9999,C18 H33 O8 N1,18,33,8,1,-9999,-9999,-9999,N/A,-9999,-9999
2185,390.314729,390.314561704,390.314254892,12832403,-9999,268641.2,83.81,-1,0.786064017,0.872943984,0.973016948,0.91297317,0,0.142857143,2.19047619,N1 P1 O3,de-protonated,0,-9999,C21 H46 O3 N1 P1,21,46,3,1,1,-9999,-9999,N/A,-9999,-9999
2187,391.067345,391.067177516,391.067070259,2804602.5,-9999,301850.6,16.47,-1,0.274266277,0.986443793,0,0.591866276,11,0.555555556,0.888888889,O10,de-protonated,0,-9999,C18 H16 O10,18,16,10,-9999,-9999,-9999,-9999,N/A,-9999,-9999
2187,391.067345,391.067177516,391.067559516,2804602.5,-9999,301850.6,16.47,-1,-0.976815467,0.841026077,0,0.504615646,15,0.095238095,0.80952381,N2 S1 P1 O2,de-protonated,0,-9999,C21 H17 O2 N2 P1 S1,21,17,2,2,1,1,-9999,N/A,-9999,-9999
2187,391.067345,391.067177516,391.066908068,2804602.5,-9999,301850.6,16.47,-1,0.689007006,0.917466462,0,0.550479877,6,0.307692308,1.615384615,N4 S2 P1 O4,de-protonated,0,-9999,C13 H21 O4 N4 P1 S2,13,21,4,4,1,2,-9999,N/A,-9999,-9999
2188,391.103781,391.103613506,391.103455768,4156293.8,-9999,305354.9,25.55,-1,0.403315399,0.970916271,0,0.582549763,10,0.473684211,1.052631579,O9,de-protonated,0,-9999,C19 H20 O9,19,20,9,-9999,-9999,-9999,-9999,N/A,-9999,-9999
2188,391.103781,391.103613506,391.103945026,4156293.8,-9999,305354.9,25.55,-1,-0.847650115,0.877768115,0,0.526660869,14,0.045454545,0.954545455,N2 S1 P1 O1,de-protonated,0,-9999,C22 H21 O1 N2 P1 S1,22,21,1,2,1,1,-9999,N/A,-9999,-9999
2188,391.103781,391.103613506,391.103293577,4156293.8,-9999,305354.9,25.55,-1,0.818017596,0.885664654,0,0.531398792,5,0.214285714,1.785714286,N4 S2 P1 O3,de-protonated,0,-9999,C14 H25 O3 N4 P1 S2,14,25,3,4,1,2,-9999,N/A,-9999,-9999
2189,391.131444,391.1312765,391.131599069,1516686,-9999,299812.9,7.82,-1,-0.824708956,0.883899959,0,0.530339975,9,0.3,1.25,P1 O6,de-protonated,0,-9999,C20 H25 O6 P1,20,25,6,-9999,1,-9999,-9999,N/A,-9999,-9999
2189,391.131444,391.1312765,391.130947621,1516686,-9999,299812.9,7.82,-1,0.840841026,0.879601166,0,0.5277607,0,0.666666667,2.416666667,N2 S1 P1 O8,de-protonated,0,-9999,C12 H29 O8 N2 P1 S1,12,29,8,2,1,1,-9999,N/A,-9999,-9999
2190,391.140252,391.140084497,391.139841278,2497936.8,-9999,309325.2,14.41,-1,0.621822551,0.932245073,0,0.559347044,9,0.4,1.2,O8,de-protonated,0,-9999,C20 H24 O8,20,24,8,-9999,-9999,-9999,-9999,N/A,-9999,-9999
2192,391.15319,391.153022494,391.152728437,5712788.5,-9999,266282.1,36,-1,0.751769697,0.451267811,0.844689208,0.60863637,4,0.470588235,1.705882353,P1 O8,de-protonated,0,-9999,C17 H29 O8 P1,17,29,8,-9999,1,-9999,-9999,N/A,-9999,-9999
2193,391.170687,391.17051949,391.17035356,2088346,-9999,250375.6,11.66,-1,0.424187008,0.967878322,0,0.580726993,17,0.071428571,0.857142857,O2,de-protonated,0,-9999,C28 H24 O2,28,24,2,-9999,-9999,-9999,-9999,N/A,-9999,-9999
2194,391.175307,391.175139489,391.175195216,1849243.4,-9999,209672.4,10.05,-1,-0.142461343,0.996324229,0,0.597794537,4,0.4,1.933333333,N4 P1 O6,de-protonated,0,-9999,C15 H29 O6 N4 P1,15,29,6,4,1,-9999,-9999,N/A,-9999,-9999
2195,391.189592,391.189424485,391.189113947,6334367.5,-9999,266509.1,40.17,-1,0.793831685,0.445975852,0.837042051,0.602402332,3,0.388888889,1.833333333,P1 O7,de-protonated,0,-9999,C18 H33 O7 P1,18,33,7,-9999,1,-9999,-9999,N/A,-9999,-9999
2196,391.199063,391.198895483,391.198693566,2617250.5,-9999,214123.5,15.21,-1,0.516149307,0.952810002,0,0.571686001,8,0.263157895,1.473684211,N4 O5,de-protonated,0,-9999,C19 H28 O5 N4,19,28,5,4,-9999,-9999,-9999,N/A,-9999,-9999
2199,391.213017,391.212849479,391.212612296,2689446.8,-9999,282903.4,15.7,-1,0.606275634,0.935480367,0,0.56128822,7,0.272727273,1.454545455,O6,de-protonated,0,-9999,C22 H32 O6,22,32,6,-9999,-9999,-9999,-9999,N/A,-9999,-9999
2200,391.22605,391.225882476,391.225499456,4112298.8,-9999,266086.2,25.25,-1,0.979025767,0.840366633,0,0.50421998,2,0.315789474,1.947368421,P1 O6,de-protonated,0,-9999,C19 H37 O6 P1,19,37,6,-9999,1,-9999,-9999,N/A,-9999,-9999
2201,391.262299,391.262131467,391.261884965,1910709.9,-9999,306218.1,10.47,-1,0.630016461,0.93051159,0,0.558306954,1,0.25,2.05,P1 O5,de-protonated,0,-9999,C20 H41 O5 P1,20,41,5,-9999,1,-9999,-9999,N/A,-9999,-9999
2202,391.298637,391.298469458,391.298270475,2072512.9,-9999,292713.8,11.55,-1,0.508519982,0.954162504,0,0.572497502,0,0.19047619,2.142857143,P1 O4,de-protonated,0,-9999,C21 H45 O4 P1,21,45,4,-9999,1,-9999,-9999,N/A,-9999,-9999
2203,391.318145,391.317977453,391.317609727,3453894.8,-9999,264527.4,20.83,-1,0.939712246,0.851947891,0.973016948,0.900375514,0,0.142857143,2.19047619,13C1 N1 P1 O3,de-protonated,1,2185,C20 H46 O3 N1 P1 13C1,20,46,3,1,1,-9999,1,N/A,-9999,-9999
2203,391.318145,391.317977453,391.317746073,3453894.8,-9999,264527.4,20.83,-1,0.591285043,0.938532563,0,0.563119538,0,0.25,2.2,N2 O5,de-protonated,0,-9999,C20 H44 O5 N2,20,44,5,2,-9999,-9999,-9999,N/A,-9999,-9999
2206,392.146621,392.146453246,392.146323639,1845952,-9999,255316,10.03,-1,0.330505137,0.980374829,0,0.588224898,9,0.388888889,1.277777778,N3 O7,de-protonated,0,-9999,C18 H23 O7 N3,18,23,7,3,-9999,-9999,-9999,N/A,-9999,-9999
2207,392.149892,392.149724245,392.149694943,3925185,-9999,276394.2,23.99,-1,0.074722069,0.998987415,0,0.599392449,4,0.466666667,1.8,N3 S1 O7,de-protonated,0,-9999,C15 H27 O7 N3 S1,15,27,7,3,-9999,1,-9999,N/A,-9999,-9999
2208,392.183033,392.182865237,392.182709149,14885067,-9999,265157,97.6,-1,0.397997958,0.953672466,0.945248966,0.950303066,8,0.315789474,1.421052632,N3 O6,de-protonated,0,-9999,C19 H27 O6 N3,19,27,6,3,-9999,-9999,-9999,N/A,-9999,-9999
2209,392.229279,392.229111225,392.228990637,1911512.6,-9999,284313.3,10.47,-1,0.307443441,0.982995441,0,0.589797265,2,0.444444444,1.944444444,N1 O8,de-protonated,0,-9999,C18 H35 O8 N1,18,35,8,1,-9999,-9999,-9999,N/A,-9999,-9999
2213,393.04658,393.046412021,393.046334814,1579977.5,-9999,343834.6,8.24,-1,0.196430683,0.993023251,0,0.595813951,11,0.647058824,0.823529412,O11,de-protonated,0,-9999,C17 H14 O11,17,14,11,-9999,-9999,-9999,-9999,N/A,-9999,-9999
2213,393.04658,393.046412021,393.046172623,1579977.5,-9999,343834.6,8.24,-1,0.609082868,0.934901423,0,0.560940854,6,0.416666667,1.583333333,N4 S2 P1 O5,de-protonated,0,-9999,C12 H19 O5 N4 P1 S2,12,19,5,4,1,2,-9999,N/A,-9999,-9999
2214,393.07338,393.073212014,393.072824345,2430929.3,-9999,299731,13.96,-1,0.986252554,0.838203753,0,0.502922252,15,0.35,0.7,N2 O7,de-protonated,0,-9999,C20 H14 O7 N2,20,14,7,2,-9999,-9999,-9999,N/A,-9999,-9999
2215,393.083029,393.082861011,393.082720324,4157908,-9999,277817.5,25.55,-1,0.357909127,0.977024662,0,0.586214797,10,0.555555556,1,O10,de-protonated,0,-9999,C18 H18 O10,18,18,10,-9999,-9999,-9999,-9999,N/A,-9999,-9999
2215,393.083029,393.082861011,393.083209581,4157908,-9999,277817.5,25.55,-1,-0.88675743,0.867031361,0,0.52021881699999994,14,0.095238095,0.904761905,N2 S1 P1 O2,de-protonated,0,-9999,C21 H19 O2 N2 P1 S1,21,19,2,2,1,1,-9999,N/A,-9999,-9999
2215,393.083029,393.082861011,393.082558132,4157908,-9999,277817.5,25.55,-1,0.770523182,0.89787253,0,0.538723518,5,0.307692308,1.769230769,N4 S2 P1 O4,de-protonated,0,-9999,C13 H23 O4 N4 P1 S2,13,23,4,4,1,2,-9999,N/A,-9999,-9999
2216,393.11954,393.119372002,393.119105833,5176798.5,-9999,284281,32.4,-1,0.677070657,0.460092494,0.829532115,0.607868342,9,0.473684211,1.157894737,O9,de-protonated,0,-9999,C19 H22 O9,19,22,9,-9999,-9999,-9999,-9999,N/A,-9999,-9999
2216,393.11954,393.119372002,393.11959509,5176798.5,-9999,284281,32.4,-1,-0.567481096,0.471620817,0.807789663,0.606088355,13,0.045454545,1.045454545,N2 S1 P1 O1,de-protonated,0,-9999,C22 H23 O1 N2 P1 S1,22,23,1,2,1,1,-9999,N/A,-9999,-9999
2217,393.132363,393.132194999,393.131860051,1867746.5,-9999,274693.5,10.17,-1,0.852000049,0.876591364,0,0.525954819,17,0.037037037,0.814814815,S1 O1,de-protonated,0,-9999,C27 H22 O1 S1,27,22,1,-9999,-9999,1,-9999,N/A,-9999,-9999
2217,393.132363,393.132194999,393.131992992,1867746.5,-9999,274693.5,10.17,-1,0.513839214,0.95322145,0,0.57193287,4,0.5625,1.6875,P1 O9,de-protonated,0,-9999,C16 H27 O9 P1,16,27,9,-9999,1,-9999,-9999,N/A,-9999,-9999
2218,393.141868,393.141699997,393.141375907,1646053.3,-9999,283611.4,8.69,-1,0.824359268,0.88399245,0,0.53039547,17,0.037037037,0.851851852,P1 O1,de-protonated,0,-9999,C27 H23 O1 P1,27,23,1,-9999,1,-9999,-9999,N/A,-9999,-9999
2218,393.141868,393.141699997,393.141572611,1646053.3,-9999,283611.4,8.69,-1,0.324018765,0.98113034,0,0.588678204,9,0.411764706,1.294117647,N4 O7,de-protonated,0,-9999,C17 H22 O7 N4,17,22,7,4,-9999,-9999,-9999,N/A,-9999,-9999
2219,393.147186,393.147017995,393.147249134,3643878.8,-9999,260616,22.1,-1,-0.587918048,0.939208942,0,0.563525365,8,0.3,1.35,P1 O6,de-protonated,0,-9999,C20 H27 O6 P1,20,27,6,-9999,1,-9999,-9999,N/A,-9999,-9999
2220,393.155888,393.155719993,393.155491342,3143145.3,-9999,273854,18.74,-1,0.581578982,0.940473191,0,0.564283915,8,0.4,1.3,O8,de-protonated,0,-9999,C20 H26 O8,20,26,8,-9999,-9999,-9999,-9999,N/A,-9999,-9999
2220,393.155888,393.155719993,393.155329151,3143145.3,-9999,273854,18.74,-1,0.994116755,0.835838428,0,0.501503057,3,0.133333333,2.066666667,N4 S2 P1 O2,de-protonated,0,-9999,C15 H31 O2 N4 P1 S2,15,31,2,4,1,2,-9999,N/A,-9999,-9999
2222,393.168887,393.16871899,393.168378502,5415405,-9999,266159.8,34,-1,0.866011021,0.872771067,0,0.52366264,3,0.470588235,1.823529412,P1 O8,de-protonated,0,-9999,C17 H31 O8 P1,17,31,8,-9999,1,-9999,-9999,N/A,-9999,-9999
2223,393.178338,393.178169988,393.177958121,2243568,-9999,226936.5,12.7,-1,0.538857204,0.948677162,0,0.569206297,8,0.333333333,1.444444444,N4 O6,de-protonated,0,-9999,C18 H26 O6 N4,18,26,6,4,-9999,-9999,-9999,N/A,-9999,-9999
2224,393.18647,393.186301986,393.186003625,4326898,-9999,268169.1,26.69,-1,0.758828489,0.450395548,0.767553728,0.57725882,16,0.071428571,0.928571429,O2,de-protonated,0,-9999,C28 H26 O2,28,26,2,-9999,-9999,-9999,-9999,N/A,-9999,-9999
2224,393.18647,393.186301986,393.186063984,4326898,-9999,268169.1,26.69,-1,0.605316141,0.935677715,0.945248966,0.939506215,8,0.315789474,1.421052632,13C1 N3 O6,de-protonated,1,2208,C18 H27 O6 N3 13C1,18,27,6,3,-9999,-9999,1,N/A,-9999,-9999
2225,393.19127,393.191101984,393.19084528,5855731.5,-9999,275485.8,36.96,-1,0.652873722,0.92557378,0,0.555344268,3,0.4,2.066666667,N4 P1 O6,de-protonated,0,-9999,C15 H31 O6 N4 P1,15,31,6,4,1,-9999,-9999,N/A,-9999,-9999
2226,393.20527,393.205101981,393.204764011,10293752,-9999,267946.3,66.76,-1,0.859525951,0.437272494,0.837042051,0.597180317,2,0.388888889,1.944444444,P1 O7,de-protonated,0,-9999,C18 H35 O7 P1,18,35,7,-9999,1,-9999,-9999,N/A,-9999,-9999
2228,393.228553,393.228384975,393.228262361,4155902.5,-9999,286638.2,25.54,-1,0.311814046,0.982512814,0,0.589507689,6,0.272727273,1.545454545,O6,de-protonated,0,-9999,C22 H34 O6,22,34,6,-9999,-9999,-9999,-9999,N/A,-9999,-9999
2229,393.241635,393.241466972,393.24114952,4424194.5,-9999,283634.8,27.34,-1,0.807268654,0.888476602,0,0.533085961,1,0.315789474,2.052631579,P1 O6,de-protonated,0,-9999,C19 H39 O6 P1,19,39,6,-9999,1,-9999,-9999,N/A,-9999,-9999
2230,393.278054,393.277885963,393.27753503,6236685,-9999,279620.5,39.51,-1,0.892328606,0.432736726,0.822155738,0.588504331,0,0.25,2.15,P1 O5,de-protonated,0,-9999,C20 H43 O5 P1,20,43,5,-9999,1,-9999,-9999,N/A,-9999,-9999
2232,394.162336,394.162167741,394.161973704,4659979,-9999,283226.4,28.92,-1,0.492279225,0.956980692,0,0.574188415,8,0.388888889,1.388888889,N3 O7,de-protonated,0,-9999,C18 H25 O7 N3,18,25,7,3,-9999,-9999,-9999,N/A,-9999,-9999
2236,394.20049,394.200321732,394.200012983,1533206,-9999,271241.4,7.93,-1,0.783228229,0.894662207,0,0.536797324,2,0.411764706,2,N1 P1 O7,de-protonated,0,-9999,C17 H34 O7 N1 P1,17,34,7,1,1,-9999,-9999,N/A,-9999,-9999
2237,394.208784,394.20861573,394.208255192,2334488.5,-9999,296991.9,13.31,-1,0.91458768,0.85918029,0,0.515508174,2,0.529411765,1.941176471,N1 O9,de-protonated,0,-9999,C17 H33 O9 N1,17,33,9,1,-9999,-9999,-9999,N/A,-9999,-9999
2237,394.208784,394.20861573,394.208744449,2334488.5,-9999,296991.9,13.31,-1,-0.326525828,0.980840032,0,0.588504019,6,0.05,1.7,N3 S1 P1 O1,de-protonated,0,-9999,C20 H34 O1 N3 P1 S1,20,34,1,3,1,1,-9999,N/A,-9999,-9999
2238,394.236854,394.236685723,394.236398493,2464032.5,-9999,271058.5,14.18,-1,0.728573348,0.908176594,0,0.544905956,1,0.333333333,2.111111111,N1 P1 O6,de-protonated,0,-9999,C18 H38 O6 N1 P1,18,38,6,1,1,-9999,-9999,N/A,-9999,-9999
2241,394.996262,394.996093533,394.996227793,9518070,-9999,266276.4,61.55,-1,-0.339901595,0.489627437,0.829532115,0.625589308,16,0.421052632,0.473684211,P1 O8,de-protonated,0,-9999,C19 H9 O8 P1,19,9,8,-9999,1,-9999,-9999,N/A,-9999,-9999
2243,395.062328,395.062159516,395.061984879,2916872.8,-9999,254095.5,17.22,-1,0.442051462,0.965164432,0,0.579098659,10,0.647058824,0.941176471,O11,de-protonated,0,-9999,C17 H16 O11,17,16,11,-9999,-9999,-9999,-9999,N/A,-9999,-9999
2243,395.062328,395.062159516,395.062474136,2916872.8,-9999,254095.5,17.22,-1,-0.796379415,0.891296248,0,0.534777749,14,0.15,0.85,N2 S1 P1 O3,de-protonated,0,-9999,C20 H17 O3 N2 P1 S1,20,17,3,2,1,1,-9999,N/A,-9999,-9999
2243,395.062328,395.062159516,395.061822687,2916872.8,-9999,254095.5,17.22,-1,0.852598349,0.876429164,0,0.525857498,5,0.416666667,1.75,N4 S2 P1 O5,de-protonated,0,-9999,C12 H21 O5 N4 P1 S2,12,21,5,4,1,2,-9999,N/A,-9999,-9999
2244,395.070421,395.070252514,395.069868191,1522187,-9999,321828,7.85,-1,0.972797636,0.842222299,0,0.50533338,13,0.045454545,0.954545455,S2 P1 O1,de-protonated,0,-9999,C22 H21 O1 P1 S2,22,21,1,-9999,1,2,-9999,N/A,-9999,-9999
2244,395.070421,395.070252514,395.070336222,1522187,-9999,321828,7.85,-1,-0.211880287,0.991887265,0,0.595132359,19,0.090909091,0.590909091,N4 P1 O2,de-protonated,0,-9999,C22 H13 O2 N4 P1,22,13,2,4,1,-9999,-9999,N/A,-9999,-9999
2244,395.070421,395.070252514,395.070064896,1522187,-9999,321828,7.85,-1,0.474899418,0.959903977,0,0.575942386,5,0.583333333,1.666666667,N4 S2 O7,de-protonated,0,-9999,C12 H20 O7 N4 S2,12,20,7,4,-9999,2,-9999,N/A,-9999,-9999
2245,395.098728,395.098559507,395.098370388,6663187,-9999,275044.8,42.37,-1,0.478663766,0.479639489,0.837042051,0.622600514,9,0.555555556,1.111111111,O10,de-protonated,0,-9999,C18 H20 O10,18,20,10,-9999,-9999,-9999,-9999,N/A,-9999,-9999
2245,395.098728,395.098559507,395.098859645,6663187,-9999,275044.8,42.37,-1,-0.759653107,0.450293228,0.81490939,0.596139693,13,0.095238095,1,N2 S1 P1 O2,de-protonated,0,-9999,C21 H21 O2 N2 P1 S1,21,21,2,2,1,1,-9999,N/A,-9999,-9999
2245,395.098728,395.098559507,395.098208197,6663187,-9999,275044.8,42.37,-1,0.88917286,0.866356771,0,0.519814062,4,0.307692308,1.923076923,N4 S2 P1 O4,de-protonated,0,-9999,C13 H25 O4 N4 P1 S2,13,25,4,4,1,2,-9999,N/A,-9999,-9999
2246,395.107832,395.107663505,395.107753302,3283989.5,-9999,276543.2,19.68,-1,-0.227273503,0.495335685,0.761234226,0.601695102,22,0.068965517,0.551724138,O2,de-protonated,0,-9999,C29 H16 O2,29,16,2,-9999,-9999,-9999,-9999,N/A,-9999,-9999
2247,395.135095,395.134926498,395.134755897,6030365,-9999,276395.9,38.12,-1,0.431753535,0.483370793,0.829532115,0.621835322,8,0.473684211,1.263157895,O9,de-protonated,0,-9999,C19 H24 O9,19,24,9,-9999,-9999,-9999,-9999,N/A,-9999,-9999
2247,395.135095,395.134926498,395.135245155,6030365,-9999,276395.9,38.12,-1,-0.806449251,0.444344899,0.807789663,0.589722804,12,0.045454545,1.136363636,N2 S1 P1 O1,de-protonated,0,-9999,C22 H25 O1 N2 P1 S1,22,25,1,2,1,1,-9999,N/A,-9999,-9999
2247,395.135095,395.134926498,395.134593706,6030365,-9999,276395.9,38.12,-1,0.842224809,0.879229531,0,0.527537718,3,0.214285714,2.071428571,N4 S2 P1 O3,de-protonated,0,-9999,C14 H29 O3 N4 P1 S2,14,29,3,4,1,2,-9999,N/A,-9999,-9999
2248,395.148083,395.147914495,395.147643057,1481760.6,-9999,300024.5,7.58,-1,0.686928073,0.917942778,0,0.550765667,3,0.5625,1.8125,P1 O9,de-protonated,0,-9999,C16 H29 O9 P1,16,29,9,-9999,1,-9999,-9999,N/A,-9999,-9999
2249,395.162879,395.162710491,395.162899198,8442917,-9999,267403.2,54.33,-1,-0.477542254,0.978124322,0.969633241,0.97472789,7,0.3,1.45,P1 O6,de-protonated,0,-9999,C20 H29 O6 P1,20,29,6,-9999,1,-9999,-9999,N/A,-9999,-9999
2251,395.171673,395.171504489,395.171141407,3764263.3,-9999,320208.2,22.91,-1,0.918797683,0.857977831,0,0.514786698,7,0.4,1.4,O8,de-protonated,0,-9999,C20 H28 O8,20,28,8,-9999,-9999,-9999,-9999,N/A,-9999,-9999
2252,395.184568,395.184399486,395.184028566,5992491,-9999,261785.1,37.87,-1,0.938599505,0.426135523,0.844689208,0.593556997,2,0.470588235,1.941176471,P1 O8,de-protonated,0,-9999,C17 H33 O8 P1,17,33,8,-9999,1,-9999,-9999,N/A,-9999,-9999
2254,395.199635,395.199466482,395.199284708,1717295,-9999,307048.5,9.16,-1,0.459956488,0.962340175,0,0.577404105,6,0.238095238,1.571428571,P1 O5,de-protonated,0,-9999,C21 H33 O5 P1,21,33,5,-9999,1,-9999,-9999,N/A,-9999,-9999
2256,395.208047,395.20787848,395.207526916,1951793.3,-9999,267041.4,10.73,-1,0.889567777,0.866246352,0,0.519747811,6,0.333333333,1.523809524,O7,de-protonated,0,-9999,C21 H32 O7,21,32,7,-9999,-9999,-9999,-9999,N/A,-9999,-9999
2257,395.220955,395.220786477,395.220414076,7480373,-9999,258035.5,47.86,-1,0.942261759,0.884534823,0.988866043,0.926267311,1,0.388888889,2.055555556,P1 O7,de-protonated,0,-9999,C18 H37 O7 P1,18,37,7,-9999,1,-9999,-9999,N/A,-9999,-9999
2259,395.244253,395.244084471,395.243912425,2421307.3,-9999,249409.5,13.89,-1,0.435289375,0.966203965,0,0.579722379,5,0.272727273,1.636363636,O6,de-protonated,0,-9999,C22 H36 O6,22,36,6,-9999,-9999,-9999,-9999,N/A,-9999,-9999
2261,395.995671,395.995502283,395.995696221,1556490.3,-9999,282162.6,8.08,-1,-0.489749026,0.957412244,0,0.574447347,12,0.923076923,0.538461538,N3 O12,de-protonated,0,-9999,C13 H7 O12 N3,13,7,12,3,-9999,-9999,-9999,N/A,-9999,-9999
2263,396.141506,396.141337246,396.141238259,1861938,-9999,279792.3,10.13,-1,0.249879609,0.988734315,0,0.593240589,8,0.470588235,1.352941176,N3 O8,de-protonated,0,-9999,C17 H23 O8 N3,17,23,8,3,-9999,-9999,-9999,N/A,-9999,-9999
2264,396.154585,396.154416243,396.154125418,1931061.5,-9999,198860,10.59,-1,0.734120277,0.906840582,0,0.544104349,3,0.571428571,2,N3 P1 O8,de-protonated,0,-9999,C14 H28 O8 N3 P1,14,28,8,3,1,-9999,-9999,N/A,-9999,-9999
2265,396.16637,396.16620124,396.166254033,1460536.6,-9999,262031.7,7.43,-1,-0.133259814,0.996782988,0.969633241,0.985923089,7,0.3,1.45,13C1 P1 O6,de-protonated,1,2249,C19 H29 O6 P1 13C1,19,29,6,-9999,1,-9999,1,N/A,-9999,-9999
2265,396.16637,396.16620124,396.166390379,1460536.6,-9999,262031.7,7.43,-1,-0.47742228,0.959485603,0,0.575691362,7,0.421052632,1.421052632,N1 O8,de-protonated,0,-9999,C19 H27 O8 N1,19,27,8,1,-9999,-9999,-9999,N/A,-9999,-9999
2266,396.172298,396.172129239,396.171750541,1471546.4,-9999,248873.4,7.51,-1,0.955891821,0.847219932,0,0.50833195900000006,16,0.08,0.92,N3 O2,de-protonated,0,-9999,C25 H23 O2 N3,25,23,2,3,-9999,-9999,-9999,N/A,-9999,-9999
2267,396.218425,396.218256227,396.21803203,1590598.9,-9999,320724.1,8.31,-1,0.565844209,0.943559191,0,0.566135515,10,0.166666667,1.291666667,N1 O4,de-protonated,0,-9999,C24 H31 O4 N1,24,31,4,1,-9999,-9999,-9999,N/A,-9999,-9999
2268,396.22421,396.224041226,396.223768911,1576776.4,-9999,329780.9,8.21,-1,0.687275987,0.917863148,0.988866043,0.946264306,1,0.388888889,2.055555556,13C1 P1 O7,de-protonated,1,2257,C17 H37 O7 P1 13C1,17,37,7,-9999,1,-9999,1,N/A,-9999,-9999
2268,396.22421,396.224041226,396.223905256,1576776.4,-9999,329780.9,8.21,-1,0.343163197,0.978859094,0,0.587315457,1,0.529411765,2.058823529,N1 O9,de-protonated,0,-9999,C17 H35 O9 N1,17,35,9,1,-9999,-9999,-9999,N/A,-9999,-9999
2268,396.22421,396.224041226,396.224394514,1576776.4,-9999,329780.9,8.21,-1,-0.891635883,0.865667541,0,0.519400525,5,0.05,1.8,N3 S1 P1 O1,de-protonated,0,-9999,C20 H36 O1 N3 P1 S1,20,36,1,3,1,1,-9999,N/A,-9999,-9999
2269,396.234103,396.233934223,396.234290492,1434699.1,-9999,199128.4,7.26,-1,-0.899137558,0.863560007,0,0.518136004,0,0.222222222,2.222222222,N1 S1 P1 O4,de-protonated,0,-9999,C18 H40 O4 N1 P1 S1,18,40,4,1,1,1,-9999,N/A,-9999,-9999
2271,396.99649899999997,396.996330033,396.996621716,2107416.3,-9999,258586.9,11.78,-1,-0.734724918,0.906694457,0,0.544016674,11,0.733333333,0.733333333,P1 O11,de-protonated,0,-9999,C15 H11 O11 P1,15,11,11,-9999,1,-9999,-9999,N/A,-9999,-9999
2274,397.077953,397.077784012,397.077634943,5017134,-9999,267872.3,31.32,-1,0.37541557,0.974751408,0,0.584850845,9,0.647058824,1.058823529,O11,de-protonated,0,-9999,C17 H18 O11,17,18,11,-9999,-9999,-9999,-9999,N/A,-9999,-9999
2274,397.077953,397.077784012,397.0781242,5017134,-9999,267872.3,31.32,-1,-0.856728695,0.437653567,0.822155738,0.591454436,13,0.15,0.95,N2 S1 P1 O3,de-protonated,0,-9999,C20 H19 O3 N2 P1 S1,20,19,3,2,1,1,-9999,N/A,-9999,-9999
2274,397.077953,397.077784012,397.077472752,5017134,-9999,267872.3,31.32,-1,0.783878407,0.894496819,0,0.536698092,4,0.416666667,1.916666667,N4 S2 P1 O5,de-protonated,0,-9999,C12 H23 O5 N4 P1 S2,12,23,5,4,1,2,-9999,N/A,-9999,-9999
2275,397.104898,397.104729005,397.104993854,1772085,-9999,268410.2,9.52,-1,-0.666947197,0.922459558,0,0.553475735,12,0.095238095,1.047619048,N2 S2 O2,de-protonated,0,-9999,C21 H22 O2 N2 S2,21,22,2,2,-9999,2,-9999,N/A,-9999,-9999
2276,397.114332,397.114163003,397.114020452,7314999.5,-9999,267144.3,46.75,-1,0.35896662,0.488445138,0.837042051,0.627883903,8,0.555555556,1.222222222,O10,de-protonated,0,-9999,C18 H22 O10,18,22,10,-9999,-9999,-9999,-9999,N/A,-9999,-9999
2276,397.114332,397.114163003,397.11450971,7314999.5,-9999,267144.3,46.75,-1,-0.87306473,0.435415298,0.81490939,0.587212935,12,0.095238095,1.095238095,N2 S1 P1 O2,de-protonated,0,-9999,C21 H23 O2 N2 P1 S1,21,23,2,2,1,1,-9999,N/A,-9999,-9999
2276,397.114332,397.114163003,397.113858261,7314999.5,-9999,267144.3,46.75,-1,0.767392025,0.449328698,0.876728111,0.620288463,3,0.307692308,2.076923077,N4 S2 P1 O4,de-protonated,0,-9999,C13 H27 O4 N4 P1 S2,13,27,4,4,1,2,-9999,N/A,-9999,-9999
2277,397.123188,397.123019001,397.123403367,1409849.9,-9999,231565.3,7.09,-1,-0.967875613,0.843683309,0,0.506209985,21,0.068965517,0.620689655,O2,de-protonated,0,-9999,C29 H18 O2,29,18,2,-9999,-9999,-9999,-9999,N/A,-9999,-9999
2277,397.123188,397.123019001,397.122751918,1409849.9,-9999,231565.3,7.09,-1,0.672544248,0.921205536,0,0.552723322,12,0.19047619,1.047619048,N2 S1 O4,de-protonated,0,-9999,C21 H22 O4 N2 S1,21,22,4,2,-9999,1,-9999,N/A,-9999,-9999
2279,397.150712,397.150542994,397.150405962,4752961,-9999,279772.6,29.54,-1,0.345038621,0.978629882,0,0.587177929,7,0.473684211,1.368421053,O9,de-protonated,0,-9999,C19 H26 O9,19,26,9,-9999,-9999,-9999,-9999,N/A,-9999,-9999
2279,397.150712,397.150542994,397.150895219,4752961,-9999,279772.6,29.54,-1,-0.886879838,0.433498603,0.807789663,0.583215027,11,0.045454545,1.227272727,N2 S1 P1 O1,de-protonated,0,-9999,C22 H27 O1 N2 P1 S1,22,27,1,2,1,1,-9999,N/A,-9999,-9999
2279,397.150712,397.150542994,397.15024377,4752961,-9999,279772.6,29.54,-1,0.753426602,0.902127294,0,0.541276376,2,0.214285714,2.214285714,N4 S2 P1 O3,de-protonated,0,-9999,C14 H31 O3 N4 P1 S2,14,31,3,4,1,2,-9999,N/A,-9999,-9999
2280,397.163744,397.163574991,397.163293121,2334276.5,-9999,258105,13.3,-1,0.709706571,0.912659244,0,0.547595547,2,0.5625,1.9375,P1 O9,de-protonated,0,-9999,C16 H31 O9 P1,16,31,9,-9999,1,-9999,-9999,N/A,-9999,-9999
2281,397.181471,397.181301986,397.180918244,1769545.4,-9999,252172.6,9.51,-1,0.966164127,0.844190186,0,0.506514111,15,0.111111111,0.962962963,O3,de-protonated,0,-9999,C27 H26 O3,27,26,3,-9999,-9999,-9999,-9999,N/A,-9999,-9999
2282,397.187112,397.186942985,397.186791471,4272715,-9999,280440,26.32,-1,0.381467303,0.973941612,0,0.584364967,6,0.4,1.5,O8,de-protonated,0,-9999,C20 H30 O8,20,30,8,-9999,-9999,-9999,-9999,N/A,-9999,-9999
2282,397.187112,397.186942985,397.18662928,4272715,-9999,280440,26.32,-1,0.789817887,0.892981048,0,0.535788629,1,0.133333333,2.333333333,N4 S2 P1 O2,de-protonated,0,-9999,C15 H35 O2 N4 P1 S2,15,35,2,4,1,2,-9999,N/A,-9999,-9999
2283,397.20002,397.199850982,397.199678631,3234382.3,-9999,284924,19.34,-1,0.433915194,0.966413393,0,0.579848036,1,0.470588235,2.058823529,P1 O8,de-protonated,0,-9999,C17 H35 O8 P1,17,35,8,-9999,1,-9999,-9999,N/A,-9999,-9999
2285,397.223436,397.223266976,397.22317698,2172500.5,-9999,253854.7,12.21,-1,0.226561148,0.990729486,0,0.594437692,5,0.333333333,1.619047619,O7,de-protonated,0,-9999,C21 H34 O7,21,34,7,-9999,-9999,-9999,-9999,N/A,-9999,-9999
2285,397.223436,397.223266976,397.223014789,2172500.5,-9999,253854.7,12.21,-1,0.634874264,0.929474715,0,0.557684829,0,0.0625,2.4375,N4 S2 P1 O1,de-protonated,0,-9999,C16 H39 O1 N4 P1 S2,16,39,1,4,1,2,-9999,N/A,-9999,-9999
2286,397.236524,397.236354973,397.23606414,1659480,-9999,322098.4,8.77,-1,0.73214021,0.90731843,0,0.544391058,0,0.388888889,2.166666667,P1 O7,de-protonated,0,-9999,C18 H39 O7 P1,18,39,7,-9999,1,-9999,-9999,N/A,-9999,-9999
2287,397.245897,397.24572797,397.245643759,1755226.5,-9999,292032.4,9.41,-1,0.211987576,0.99187908,0,0.595127448,5,0.263157895,1.789473684,N4 O5,de-protonated,0,-9999,C19 H34 O5 N4,19,34,5,4,-9999,-9999,-9999,N/A,-9999,-9999
2288,397.259944,397.259774967,397.25956249,2208862.3,-9999,275126.9,12.46,-1,0.534856497,0.949416881,0,0.569650128,4,0.272727273,1.727272727,O6,de-protonated,0,-9999,C22 H38 O6,22,38,6,-9999,-9999,-9999,-9999,N/A,-9999,-9999
2289,397.332538,397.332368949,397.332333509,1604209.4,-9999,367404.5,8.4,-1,0.089194857,0.998557486,0,0.599134492,2,0.166666667,1.916666667,O4,de-protonated,0,-9999,C24 H46 O4,24,46,4,-9999,-9999,-9999,-9999,N/A,-9999,-9999
2290,398.183292,398.183122736,398.182909823,2198864,-9999,286557,12.39,-1,0.534710401,0.9494438,0,0.56966628,5,0.15,1.65,N1 S2 O3,de-protonated,0,-9999,C20 H33 O3 N1 S2,20,33,3,1,-9999,2,-9999,N/A,-9999,-9999
2292,398.229615,398.229445724,398.229659342,1440860.1,-9999,272784.6,7.3,-1,-0.536418642,0.949128632,0,0.56947717899999994,5,0.315789474,1.736842105,N3 O6,de-protonated,0,-9999,C19 H33 O6 N3,19,33,6,3,-9999,-9999,-9999,N/A,-9999,-9999
2295,399.012174,399.012004528,399.012138839,2208804.8,-9999,255990.1,12.45,-1,-0.336606787,0.979651008,0,0.587790605,23,0.115384615,0.307692308,S1 O3,de-protonated,0,-9999,C26 H8 O3 S1,26,8,3,-9999,-9999,1,-9999,N/A,-9999,-9999
2295,399.012174,399.012004528,399.01227178,2208804.8,-9999,255990.1,12.45,-1,-0.669783721,0.92182513,0,0.553095078,10,0.733333333,0.866666667,P1 O11,de-protonated,0,-9999,C15 H13 O11 P1,15,13,11,-9999,1,-9999,-9999,N/A,-9999,-9999
2296,399.026397,399.026227525,399.025874151,1492264.5,-9999,264129.8,7.64,-1,0.885590463,0.867356806,0,0.520414083,19,0.333333333,0.380952381,N2 O7,de-protonated,0,-9999,C21 H8 O7 N2,21,8,7,2,-9999,-9999,-9999,N/A,-9999,-9999
2297,399.037109,399.036939522,399.03663951,2484267.3,-9999,300483.5,14.3,-1,0.751841209,0.902518014,0,0.541510809,13,0.25,0.8,S2 O5,de-protonated,0,-9999,C20 H16 O5 S2,20,16,5,-9999,-9999,2,-9999,N/A,-9999,-9999
2297,399.037109,399.036939522,399.037107541,2484267.3,-9999,300483.5,14.3,-1,-0.42105974,0.968342653,0,0.581005592,19,0.3,0.4,N4 O6,de-protonated,0,-9999,C20 H8 O6 N4,20,8,6,4,-9999,-9999,-9999,N/A,-9999,-9999
2298,399.057076,399.056906517,399.056899498,2962480.3,-9999,256334.4,17.52,-1,0.017588984,0.999943866,0,0.59996632,9,0.75,1,O12,de-protonated,0,-9999,C16 H16 O12,16,16,12,-9999,-9999,-9999,-9999,N/A,-9999,-9999
2298,399.057076,399.056906517,399.056737307,2962480.3,-9999,256334.4,17.52,-1,0.424025757,0.967902343,0,0.580741406,4,0.545454545,1.909090909,N4 S2 P1 O6,de-protonated,0,-9999,C11 H21 O6 N4 P1 S2,11,21,6,4,1,2,-9999,N/A,-9999,-9999
2299,399.072582,399.072412513,399.072155639,1989684.1,-9999,228650.6,10.98,-1,0.643677674,0.92757837,0,0.556547022,13,0.45,0.8,O9,de-protonated,0,-9999,C20 H16 O9,20,16,9,-9999,-9999,-9999,-9999,N/A,-9999,-9999
2299,399.072582,399.072412513,399.072644897,1989684.1,-9999,228650.6,10.98,-1,-0.5823088,0.94032825,0,0.56419695,17,0.043478261,0.739130435,N2 S1 P1 O1,de-protonated,0,-9999,C23 H17 O1 N2 P1 S1,23,17,1,2,1,1,-9999,N/A,-9999,-9999
2300,399.085602,399.08543251,399.085042799,1470519.5,-9999,275349.3,7.5,-1,0.976511191,0.841116781,0,0.504670069,8,0.529411765,1.235294118,P1 O9,de-protonated,0,-9999,C17 H21 O9 P1,17,21,9,-9999,1,-9999,-9999,N/A,-9999,-9999
2301,399.093648,399.093478508,399.093285008,6873145.5,-9999,269976.5,43.78,-1,0.484850323,0.978903644,0.95695538,0.970124339,8,0.647058824,1.176470588,O11,de-protonated,0,-9999,C17 H20 O11,17,20,11,-9999,-9999,-9999,-9999,N/A,-9999,-9999
2301,399.093648,399.093478508,399.093774265,6873145.5,-9999,269976.5,43.78,-1,-0.741071049,0.452577476,0.822155738,0.600408781,12,0.15,1.05,N2 S1 P1 O3,de-protonated,0,-9999,C20 H21 O3 N2 P1 S1,20,21,3,2,1,1,-9999,N/A,-9999,-9999
2301,399.093648,399.093478508,399.093122816,6873145.5,-9999,269976.5,43.78,-1,0.891250231,0.865775548,0,0.519465329,3,0.416666667,2.083333333,N4 S2 P1 O5,de-protonated,0,-9999,C12 H25 O5 N4 P1 S2,12,25,5,4,1,2,-9999,N/A,-9999,-9999
2302,399.108995,399.108825504,399.108541149,1687101.4,-9999,289306.8,8.95,-1,0.712476307,0.912007164,0,0.547204298,12,0.380952381,0.952380952,O8,de-protonated,0,-9999,C21 H20 O8,21,20,8,-9999,-9999,-9999,-9999,N/A,-9999,-9999
2303,399.12208,399.121910501,399.122297688,1403200.8,-9999,249563.7,7.04,-1,-0.970096974,0.843024544,0,0.505814726,6,0.157894737,1.526315789,S2 P1 O3,de-protonated,0,-9999,C19 H29 O3 P1 S2,19,29,3,-9999,1,2,-9999,N/A,-9999,-9999
2304,399.130015,399.129845499,399.129670517,5639234.5,-9999,266773.4,35.49,-1,0.438409056,0.482863115,0.837042051,0.624534689,7,0.555555556,1.333333333,O10,de-protonated,0,-9999,C18 H24 O10,18,24,10,-9999,-9999,-9999,-9999,N/A,-9999,-9999
2304,399.130015,399.129845499,399.130159774,5639234.5,-9999,266773.4,35.49,-1,-0.787400501,0.446799521,0.81490939,0.594043469,11,0.095238095,1.19047619,N2 S1 P1 O2,de-protonated,0,-9999,C21 H25 O2 N2 P1 S1,21,25,2,2,1,1,-9999,N/A,-9999,-9999
2304,399.130015,399.129845499,399.129508326,5639234.5,-9999,266773.4,35.49,-1,0.844771898,0.878544287,0,0.527126572,2,0.307692308,2.230769231,N4 S2 P1 O4,de-protonated,0,-9999,C13 H29 O4 N4 P1 S2,13,29,4,4,1,2,-9999,N/A,-9999,-9999
2305,399.142,399.141830496,399.141773286,2169413.8,-9999,325318.4,12.19,-1,0.14333229,0.996279231,0,0.597767539,6,0.222222222,1.555555556,N2 S2 O4,de-protonated,0,-9999,C18 H28 O4 N2 S2,18,28,4,2,-9999,2,-9999,N/A,-9999,-9999
2306,399.155905,399.155735492,399.155508599,3027017.3,-9999,286446.1,17.95,-1,0.568434311,0.943056335,0,0.565833801,2,0.615384615,2.153846154,N4 S1 O8,de-protonated,0,-9999,C13 H28 O8 N4 S1,13,28,8,4,-9999,1,-9999,N/A,-9999,-9999
2307,399.158296,399.158126492,399.157813818,4336714,-9999,255524,26.74,-1,0.783334605,0.894635155,0,0.536781093,6,0.368421053,1.526315789,P1 O7,de-protonated,0,-9999,C19 H29 O7 P1,19,29,7,-9999,1,-9999,-9999,N/A,-9999,-9999
2308,399.166369,399.16619949,399.166056026,2781260,-9999,307485.8,16.3,-1,0.359408364,0.976834028,0,0.586100417,6,0.473684211,1.473684211,O9,de-protonated,0,-9999,C19 H28 O9,19,28,9,-9999,-9999,-9999,-9999,N/A,-9999,-9999
2308,399.166369,399.16619949,399.166545284,2781260,-9999,307485.8,16.3,-1,-0.866289359,0.872694713,0,0.523616828,10,0.045454545,1.318181818,N2 S1 P1 O1,de-protonated,0,-9999,C22 H29 O1 N2 P1 S1,22,29,1,2,1,1,-9999,N/A,-9999,-9999
2308,399.166369,399.16619949,399.165893835,2781260,-9999,307485.8,16.3,-1,0.765734132,0.899071952,0,0.539443171,1,0.214285714,2.357142857,N4 S2 P1 O3,de-protonated,0,-9999,C14 H33 O3 N4 P1 S2,14,33,3,4,1,2,-9999,N/A,-9999,-9999
2309,399.188853,399.188683484,399.1883261,6940753.5,-9999,271174.3,44.23,-1,0.895276446,0.43232316,0.773979033,0.568985509,14,0.037037037,1.074074074,P1 O1,de-protonated,0,-9999,C27 H29 O1 P1,27,29,1,-9999,1,-9999,-9999,N/A,-9999,-9999
2309,399.188853,399.188683484,399.188522805,6940753.5,-9999,271174.3,44.23,-1,0.402515119,0.485514944,0.844689208,0.62918465,6,0.411764706,1.647058824,N4 O7,de-protonated,0,-9999,C17 H28 O7 N4,17,28,7,4,-9999,-9999,-9999,N/A,-9999,-9999
2310,399.194632,399.194462483,399.194199327,2200147,-9999,276275.1,12.4,-1,0.65921722,0.924176994,0,0.554506197,5,0.3,1.65,P1 O6,de-protonated,0,-9999,C20 H33 O6 P1,20,33,6,-9999,1,-9999,-9999,N/A,-9999,-9999
2311,399.202771,399.202601481,399.202441536,5769301,-9999,255212.6,36.36,-1,0.400661789,0.485646098,0.822155738,0.620249954,5,0.4,1.6,O8,de-protonated,0,-9999,C20 H32 O8,20,32,8,-9999,-9999,-9999,-9999,N/A,-9999,-9999
2311,399.202771,399.202601481,399.202279344,5769301,-9999,255212.6,36.36,-1,0.806950539,0.88855939,0,0.533135634,0,0.133333333,2.466666667,N4 S2 P1 O2,de-protonated,0,-9999,C15 H37 O2 N4 P1 S2,15,37,2,4,1,2,-9999,N/A,-9999,-9999
2312,399.225326,399.225156475,399.224908314,2059866.9,-9999,259852.7,11.45,-1,0.621606864,0.93229044,0,0.559374264,5,0.333333333,1.777777778,N4 O6,de-protonated,0,-9999,C18 H32 O6 N4,18,32,6,4,-9999,-9999,-9999,N/A,-9999,-9999
2313,399.239094,399.238924472,399.238827045,2976862.3,-9999,284604.1,17.61,-1,0.244031199,0.989252678,0,0.593551607,4,0.333333333,1.714285714,O7,de-protonated,0,-9999,C21 H36 O7,21,36,7,-9999,-9999,-9999,-9999,N/A,-9999,-9999
2314,399.275554,399.275384463,399.275212554,4558951.5,-9999,249260.8,28.24,-1,0.430550795,0.483461765,0.807789663,0.613192924,3,0.272727273,1.818181818,O6,de-protonated,0,-9999,C22 H40 O6,22,40,6,-9999,-9999,-9999,-9999,N/A,-9999,-9999
2316,400.079306,400.079136262,400.079507381,1510192.5,-9999,309997.9,7.76,-1,-0.927613923,0.855447364,0,0.513268419,12,0.157894737,1,N3 S2 O3,de-protonated,0,-9999,C19 H19 O3 N3 S2,19,19,3,3,-9999,2,-9999,N/A,-9999,-9999
2317,400.09679,400.096620257,400.096639843,1700660.9,-9999,268440,9.04,-1,-0.048951834,0.999565292,0.95695538,0.982521328,8,0.647058824,1.176470588,13C1 O11,de-protonated,1,2301,C16 H20 O11 13C1,16,20,11,-9999,-9999,-9999,1,N/A,-9999,-9999
2317,400.09679,400.096620257,400.096417292,1700660.9,-9999,268440,9.04,-1,0.50728956,0.954378921,0,0.572627353,11,0.047619048,1.142857143,N1 S2 P1 O1,de-protonated,0,-9999,C21 H24 O1 N1 P1 S2,21,24,1,1,1,2,-9999,N/A,-9999,-9999
2318,400.125983,400.12581325,400.125788869,4008252.3,-9999,280208.9,24.54,-1,0.060933048,0.999326538,0,0.599595923,6,0.277777778,1.5,N1 S2 O5,de-protonated,0,-9999,C18 H27 O5 N1 S2,18,27,5,1,-9999,2,-9999,N/A,-9999,-9999
2319,400.164889,400.16471924,400.164676302,2590021.8,-9999,273611.9,15.01,-1,0.107301707,0.997913043,0,0.598747826,1,0.6,2.066666667,N1 S1 O9,de-protonated,0,-9999,C15 H31 O9 N1 S1,15,31,9,1,-9999,1,-9999,N/A,-9999,-9999
2320,400.198974,400.198804232,400.198559888,1401678.1,-9999,357018.8,7.03,-1,0.610556739,0.934596535,0,0.560757921,4,0.15,1.75,N1 S2 O3,de-protonated,0,-9999,C20 H35 O3 N1 S2,20,35,3,1,-9999,2,-9999,N/A,-9999,-9999
2321,400.209302,400.209132229,400.208923897,1481040.8,-9999,257492.2,7.56,-1,0.520557919,0.952020164,0,0.571212098,5,0.388888889,1.722222222,N3 O7,de-protonated,0,-9999,C18 H31 O7 N3,18,31,7,3,-9999,-9999,-9999,N/A,-9999,-9999
2325,401.016312,401.016142027,401.015904065,3617302,-9999,280808.6,21.91,-1,0.593398031,0.938106372,0,0.562863823,13,0.315789474,0.736842105,S2 O6,de-protonated,0,-9999,C19 H14 O6 S2,19,14,6,-9999,-9999,2,-9999,N/A,-9999,-9999
2325,401.016312,401.016142027,401.016372096,3617302,-9999,280808.6,21.91,-1,-0.573713739,0.942025087,0,0.565215052,19,0.368421053,0.315789474,N4 O7,de-protonated,0,-9999,C19 H6 O7 N4,19,6,7,4,-9999,-9999,-9999,N/A,-9999,-9999
2326,401.035319,401.035149022,401.03499954,2216986.5,-9999,265729.4,12.51,-1,0.372740619,0.975105434,0,0.58506326,18,0.2,0.5,N4 S1 O4,de-protonated,0,-9999,C20 H10 O4 N4 S1,20,10,4,4,-9999,1,-9999,N/A,-9999,-9999
2327,401.072694,401.072524013,401.072549563,2971171.8,-9999,271000.7,17.57,-1,-0.063703173,0.999263935,0,0.599558361,8,0.75,1.125,O12,de-protonated,0,-9999,C16 H18 O12,16,18,12,-9999,-9999,-9999,-9999,N/A,-9999,-9999
2327,401.072694,401.072524013,401.072387371,2971171.8,-9999,271000.7,17.57,-1,0.340690958,0.979159421,0,0.587495653,3,0.545454545,2.090909091,N4 S2 P1 O6,de-protonated,0,-9999,C11 H23 O6 N4 P1 S2,11,23,6,4,1,2,-9999,N/A,-9999,-9999
2328,401.088237,401.088067009,401.087805704,1854503.5,-9999,261921.7,10.07,-1,0.651491331,0.925876657,0,0.555525994,12,0.45,0.9,O9,de-protonated,0,-9999,C20 H18 O9,20,18,9,-9999,-9999,-9999,-9999,N/A,-9999,-9999
2328,401.088237,401.088067009,401.088294961,1854503.5,-9999,261921.7,10.07,-1,-0.568334017,0.943075844,0,0.565845507,16,0.043478261,0.826086957,N2 S1 P1 O1,de-protonated,0,-9999,C23 H19 O1 N2 P1 S1,23,19,1,2,1,1,-9999,N/A,-9999,-9999
2329,401.1093,401.109130004,401.108935072,3833388.5,-9999,273936.6,23.36,-1,0.485982443,0.958050913,0,0.574830548,7,0.647058824,1.294117647,O11,de-protonated,0,-9999,C17 H22 O11,17,22,11,-9999,-9999,-9999,-9999,N/A,-9999,-9999
2329,401.1093,401.109130004,401.109424329,3833388.5,-9999,273936.6,23.36,-1,-0.733778446,0.90692315,0,0.54415389,11,0.15,1.15,N2 S1 P1 O3,de-protonated,0,-9999,C20 H23 O3 N2 P1 S1,20,23,3,2,1,1,-9999,N/A,-9999,-9999
2329,401.1093,401.109130004,401.108772881,3833388.5,-9999,273936.6,23.36,-1,0.890340113,0.866030307,0,0.519618184,2,0.416666667,2.25,N4 S2 P1 O5,de-protonated,0,-9999,C12 H27 O5 N4 P1 S2,12,27,5,4,1,2,-9999,N/A,-9999,-9999
2330,401.124728,401.124558,401.124191213,6447664.5,-9999,251429.8,40.92,-1,0.914396986,0.429617332,0.81490939,0.583734156,11,0.380952381,1.047619048,O8,de-protonated,0,-9999,C21 H22 O8,21,22,8,-9999,-9999,-9999,-9999,N/A,-9999,-9999
2331,401.137874,401.137703997,401.137947753,1750835.4,-9999,166448.7,9.37,-1,-0.607661225,0.935194902,0,0.561116941,5,0.157894737,1.631578947,S2 P1 O3,de-protonated,0,-9999,C19 H31 O3 P1 S2,19,31,3,-9999,1,2,-9999,N/A,-9999,-9999
2332,401.145703,401.145532995,401.145320581,2283573.3,-9999,286598.8,12.95,-1,0.529517445,0.950396355,0,0.570237813,6,0.555555556,1.444444444,O10,de-protonated,0,-9999,C18 H26 O10,18,26,10,-9999,-9999,-9999,-9999,N/A,-9999,-9999
2332,401.145703,401.145532995,401.145809839,2283573.3,-9999,286598.8,12.95,-1,-0.69013286,0.917208014,0,0.550324808,10,0.095238095,1.285714286,N2 S1 P1 O2,de-protonated,0,-9999,C21 H27 O2 N2 P1 S1,21,27,2,2,1,1,-9999,N/A,-9999,-9999
2332,401.145703,401.145532995,401.14515839,2283573.3,-9999,286598.8,12.95,-1,0.933838456,0.853650773,0,0.512190464,1,0.307692308,2.384615385,N4 S2 P1 O4,de-protonated,0,-9999,C13 H31 O4 N4 P1 S2,13,31,4,4,1,2,-9999,N/A,-9999,-9999
2333,401.155978,401.155807992,401.155705817,1760823.8,-9999,193148.3,9.44,-1,0.254700989,0.988297961,0,0.592978776,5,0.263157895,1.631578947,S1 P1 O5,de-protonated,0,-9999,C19 H31 O5 P1 S1,19,31,5,-9999,1,1,-9999,N/A,-9999,-9999
2334,401.16823,401.168059989,401.16778736,3251770.8,-9999,249634.4,19.45,-1,0.679589038,0.91961471,0,0.551768826,6,0.5,1.625,N4 O8,de-protonated,0,-9999,C16 H26 O8 N4,16,26,8,4,-9999,-9999,-9999,N/A,-9999,-9999
2335,401.171589,401.171418988,401.171810112,6268475.5,-9999,262125.7,39.71,-1,-0.974952874,0.91003775,0.990945814,0.942400976,10,0.285714286,1.238095238,N2 O6,de-protonated,0,-9999,C21 H26 O6 N2,21,26,6,2,-9999,-9999,-9999,N/A,-9999,-9999
2335,401.171589,401.171418988,401.17115866300003,6268475.5,-9999,262125.7,39.71,-1,0.648912727,0.926440167,0,0.5558641,1,0.615384615,2.307692308,N4 S1 O8,de-protonated,0,-9999,C13 H30 O8 N4 S1,13,30,8,4,-9999,1,-9999,N/A,-9999,-9999
2336,401.173953,401.173782988,401.173463882,7848508,-9999,257466.5,50.32,-1,0.795430276,0.445770311,0.829532115,0.599275033,5,0.368421053,1.631578947,P1 O7,de-protonated,0,-9999,C19 H31 O7 P1,19,31,7,-9999,1,-9999,-9999,N/A,-9999,-9999
2337,401.204521,401.20435098,401.203976165,9751107,-9999,266629.7,63.1,-1,0.934226269,0.426769283,0.773979033,0.565653183,13,0.037037037,1.148148148,P1 O1,de-protonated,0,-9999,C27 H31 O1 P1,27,31,1,-9999,1,-9999,-9999,N/A,-9999,-9999
2337,401.204521,401.20435098,401.204172869,9751107,-9999,266629.7,63.1,-1,0.443940556,0.94261194,0.997839389,0.96470292,5,0.411764706,1.764705882,N4 O7,de-protonated,0,-9999,C17 H30 O7 N4,17,30,7,4,-9999,-9999,-9999,N/A,-9999,-9999
2338,401.210355,401.210184979,401.209849392,2951749,-9999,291645.5,17.44,-1,0.836437752,0.880780703,0,0.528468422,4,0.3,1.75,P1 O6,de-protonated,0,-9999,C20 H35 O6 P1,20,35,6,-9999,1,-9999,-9999,N/A,-9999,-9999
2339,401.218443,401.218272977,401.2180916,4148806.8,-9999,257825.8,25.48,-1,0.452064738,0.96359778,0,0.578158668,4,0.4,1.7,O8,de-protonated,0,-9999,C20 H34 O8,20,34,8,-9999,-9999,-9999,-9999,N/A,-9999,-9999
2340,401.254832,401.254661968,401.254477109,5661263.5,-9999,260437.3,35.64,-1,0.460700405,0.481110295,0.81490939,0.614629933,3,0.333333333,1.80952381,O7,de-protonated,0,-9999,C21 H38 O7,21,38,7,-9999,-9999,-9999,-9999,N/A,-9999,-9999
2341,402.123001,402.12283075,402.122811489,1559838.4,-9999,313753.2,8.09,-1,0.047899662,0.999583775,0,0.599750265,6,0.470588235,1.470588235,N1 S1 O8,de-protonated,0,-9999,C17 H25 O8 N1 S1,17,25,8,1,-9999,1,-9999,N/A,-9999,-9999
2341,402.123001,402.12283075,402.122431366,1559838.4,-9999,313753.2,8.09,-1,0.993190221,0.83611773,0,0.501670638,11,0.263157895,1.157894737,N3 P1 O5,de-protonated,0,-9999,C19 H22 O5 N3 P1,19,22,5,3,1,-9999,-9999,N/A,-9999,-9999
2342,402.141644,402.141473746,402.141438933,4218659,-9999,272524.7,25.95,-1,0.086567238,0.998641168,0,0.599184701,5,0.277777778,1.611111111,N1 S2 O5,de-protonated,0,-9999,C18 H29 O5 N1 S2,18,29,5,1,-9999,2,-9999,N/A,-9999,-9999
2343,402.175196,402.175025737,402.175164947,1510186.8,-9999,293273.1,7.76,-1,-0.346141956,0.978494475,0.990945814,0.98347501,10,0.285714286,1.238095238,13C1 N2 O6,de-protonated,1,2335,C20 H26 O6 N2 13C1,20,26,6,2,-9999,-9999,1,N/A,-9999,-9999
2345,402.20797,402.207799729,402.207467345,1822514.4,-9999,297609.6,9.85,-1,0.826398442,0.883452681,0,0.530071609,13,0.115384615,1.115384615,N1 O3,de-protonated,0,-9999,C26 H29 O3 N1,26,29,3,1,-9999,-9999,-9999,N/A,-9999,-9999
2345,402.20797,402.207799729,402.207527704,1822514.4,-9999,297609.6,9.85,-1,0.676329347,0.920352519,0.997839389,0.951347267,5,0.411764706,1.764705882,13C1 N4 O7,de-protonated,1,2337,C16 H30 O7 N4 13C1,16,30,7,4,-9999,-9999,1,N/A,-9999,-9999
2349,403.013372,403.013201528,403.012926685,3824622,-9999,268702.1,23.3,-1,0.681969937,0.919073944,0,0.551444366,13,0.5,0.666666667,S1 O9,de-protonated,0,-9999,C18 H12 O9 S1,18,12,9,-9999,-9999,1,-9999,N/A,-9999,-9999
2349,403.013372,403.013201528,403.013415942,3824622,-9999,268702.1,23.3,-1,-0.532028566,0.949936776,0,0.569962066,17,0.047619048,0.619047619,N2 S2 P1 O1,de-protonated,0,-9999,C21 H13 O1 N2 P1 S2,21,13,1,2,1,2,-9999,N/A,-9999,-9999
2350,403.032001,403.031830523,403.031825456,3436530.3,-9999,280653,20.69,-1,0.01257288,0.499985659,0.761234226,0.604485086,26,0.034482759,0.310344828,P1 O1,de-protonated,0,-9999,C29 H9 O1 P1,29,9,1,-9999,1,-9999,-9999,N/A,-9999,-9999
2350,403.032001,403.031830523,403.03155413,3436530.3,-9999,280653,20.69,-1,0.685786083,0.918203918,0,0.550922351,12,0.315789474,0.842105263,S2 O6,de-protonated,0,-9999,C19 H16 O6 S2,19,16,6,-9999,-9999,2,-9999,N/A,-9999,-9999
2350,403.032001,403.031830523,403.03202216,3436530.3,-9999,280653,20.69,-1,-0.475488817,0.959806417,0,0.57588385,18,0.368421053,0.421052632,N4 O7,de-protonated,0,-9999,C19 H8 O7 N4,19,8,7,4,-9999,-9999,-9999,N/A,-9999,-9999
2351,403.067513,403.067342514,403.067070259,2511354.5,-9999,250794.4,14.48,-1,0.675458475,0.920549134,0,0.552329481,12,0.526315789,0.842105263,O10,de-protonated,0,-9999,C19 H16 O10,19,16,10,-9999,-9999,-9999,-9999,N/A,-9999,-9999
2351,403.067513,403.067342514,403.067559516,2511354.5,-9999,250794.4,14.48,-1,-0.538376945,0.948766221,0,0.569259732,16,0.090909091,0.772727273,N2 S1 P1 O2,de-protonated,0,-9999,C22 H17 O2 N2 P1 S1,22,17,2,2,1,1,-9999,N/A,-9999,-9999
2352,403.076437,403.076266512,403.076453174,4815868.5,-9999,243693.6,29.96,-1,-0.463092503,0.480917425,0.755017935,0.590557629,25,0.066666667,0.4,O2,de-protonated,0,-9999,C30 H12 O2,30,12,2,-9999,-9999,-9999,-9999,N/A,-9999,-9999
2353,403.088405,403.088234509,403.088199627,2309631.3,-9999,283965.2,13.12,-1,0.086536354,0.998642137,0,0.599185282,7,0.75,1.25,O12,de-protonated,0,-9999,C16 H20 O12,16,20,12,-9999,-9999,-9999,-9999,N/A,-9999,-9999
2353,403.088405,403.088234509,403.088037436,2309631.3,-9999,283965.2,13.12,-1,0.488908365,0.957555179,0,0.574533107,2,0.545454545,2.272727273,N4 S2 P1 O6,de-protonated,0,-9999,C11 H25 O6 N4 P1 S2,11,25,6,4,1,2,-9999,N/A,-9999,-9999
2354,403.103805,403.103634505,403.103455768,2471938.8,-9999,281219.3,14.21,-1,0.443401412,0.964955122,0,0.578973073,11,0.45,1,O9,de-protonated,0,-9999,C20 H20 O9,20,20,9,-9999,-9999,-9999,-9999,N/A,-9999,-9999
2354,403.103805,403.103634505,403.103945026,2471938.8,-9999,281219.3,14.21,-1,-0.770324162,0.897922492,0,0.538753495,15,0.043478261,0.913043478,N2 S1 P1 O1,de-protonated,0,-9999,C23 H21 O1 N2 P1 S1,23,21,1,2,1,1,-9999,N/A,-9999,-9999
2354,403.103805,403.103634505,403.103293577,2471938.8,-9999,281219.3,14.21,-1,0.845758337,0.878278493,0,0.526967096,6,0.2,1.666666667,N4 S2 P1 O3,de-protonated,0,-9999,C15 H25 O3 N4 P1 S2,15,25,3,4,1,2,-9999,N/A,-9999,-9999
2355,403.121765,403.121594501,403.12170309,2461191,-9999,267458.1,14.14,-1,-0.269372599,0.986920089,0,0.592152053,15,0.130434783,0.913043478,N2 P1 O3,de-protonated,0,-9999,C23 H21 O3 N2 P1,23,21,3,2,1,-9999,-9999,N/A,-9999,-9999
2355,403.121765,403.121594501,403.121431764,2461191,-9999,267458.1,14.14,-1,0.403690319,0.97086297,0,0.582517782,1,0.615384615,2.153846154,N2 S2 O8,de-protonated,0,-9999,C13 H28 O8 N2 S2,13,28,8,2,-9999,2,-9999,N/A,-9999,-9999
2356,403.124693,403.1245225,403.124585136,1663239.6,-9999,255559.9,8.78,-1,-0.155377879,0.995628995,0,0.597377397,6,0.647058824,1.411764706,O11,de-protonated,0,-9999,C17 H24 O11,17,24,11,-9999,-9999,-9999,-9999,N/A,-9999,-9999
2356,403.124693,403.1245225,403.124422945,1663239.6,-9999,255559.9,8.78,-1,0.246957716,0.988994792,0,0.593396875,1,0.416666667,2.416666667,N4 S2 P1 O5,de-protonated,0,-9999,C12 H29 O5 N4 P1 S2,12,29,5,4,1,2,-9999,N/A,-9999,-9999
2357,403.14033,403.140159496,403.139841278,3943435.3,-9999,269707.9,24.1,-1,0.789349311,0.893100952,0,0.535860571,10,0.380952381,1.142857143,O8,de-protonated,0,-9999,C21 H24 O8,21,24,8,-9999,-9999,-9999,-9999,N/A,-9999,-9999
2359,403.166221,403.166050489,403.166330808,2431505,-9999,288821.4,13.94,-1,-0.695293427,0.916018907,0,0.549611344,14,0.166666667,1,N2 O4,de-protonated,0,-9999,C24 H24 O4 N2,24,24,4,2,-9999,-9999,-9999,N/A,-9999,-9999
2359,403.166221,403.166050489,403.16567936,2431505,-9999,288821.4,13.94,-1,0.920539121,0.857479322,0,0.514487593,5,0.375,1.75,N4 S1 O6,de-protonated,0,-9999,C16 H28 O6 N4 S1,16,28,6,4,-9999,1,-9999,N/A,-9999,-9999
2360,403.168589,403.168418489,403.168181283,2395665.8,-9999,271807.2,13.7,-1,0.588354312,0.939121494,0,0.563472896,1,0.916666667,2.333333333,N4 O11,de-protonated,0,-9999,C12 H28 O11 N4,12,28,11,4,-9999,-9999,-9999,N/A,-9999,-9999
2362,403.176506,403.176335487,403.176226787,1743379.5,-9999,296506.4,9.32,-1,0.269608549,0.986897316,0,0.592138389,9,0.318181818,1.272727273,O7,de-protonated,0,-9999,C22 H28 O7,22,28,7,-9999,-9999,-9999,-9999,N/A,-9999,-9999
2362,403.176506,403.176335487,403.176064596,1743379.5,-9999,296506.4,9.32,-1,0.671892782,0.921351948,0,0.552811169,4,0.058823529,1.941176471,N4 S2 P1 O1,de-protonated,0,-9999,C17 H33 O1 N4 P1 S2,17,33,1,4,1,2,-9999,N/A,-9999,-9999
2363,403.183785,403.183614485,403.18324072,7099413,-9999,257677.6,45.29,-1,0.9270354,0.427806962,0.780512821,0.568889306,13,0.076923077,1.115384615,P1 O2,de-protonated,0,-9999,C26 H29 O2 P1,26,29,2,-9999,1,-9999,-9999,N/A,-9999,-9999
2363,403.183785,403.183614485,403.183437424,7099413,-9999,257677.6,45.29,-1,0.439156549,0.956177757,0.97566602,0.963973062,5,0.5,1.75,N4 O8,de-protonated,0,-9999,C16 H28 O8 N4,16,28,8,4,-9999,-9999,-9999,N/A,-9999,-9999
2364,403.187353,403.187182484,403.187460176,4520982,-9999,260286.2,27.97,-1,-0.688742267,0.458763592,0.81490939,0.601221911,9,0.285714286,1.333333333,N2 O6,de-protonated,0,-9999,C21 H28 O6 N2,21,28,6,2,-9999,-9999,-9999,N/A,-9999,-9999
2364,403.187353,403.187182484,403.186808728,4520982,-9999,260286.2,27.97,-1,0.927005612,0.855622499,0,0.513373499,0,0.615384615,2.461538462,N4 S1 O8,de-protonated,0,-9999,C13 H32 O8 N4 S1,13,32,8,4,-9999,1,-9999,N/A,-9999,-9999
2365,403.189623,403.189452484,403.189113947,12692502,-9999,255063.6,82.85,-1,0.839647935,0.89195979,0.985540219,0.929391962,4,0.368421053,1.736842105,P1 O7,de-protonated,0,-9999,C19 H33 O7 P1,19,33,7,-9999,1,-9999,-9999,N/A,-9999,-9999
2366,403.197722,403.197551482,403.197356155,1673496.4,-9999,203645.8,8.85,-1,0.484443631,0.95831054,0,0.574986324,4,0.473684211,1.684210526,O9,de-protonated,0,-9999,C19 H32 O9,19,32,9,-9999,-9999,-9999,-9999,N/A,-9999,-9999
2366,403.197722,403.197551482,403.197845413,1673496.4,-9999,203645.8,8.85,-1,-0.728999329,0.908074283,0,0.54484457,8,0.045454545,1.5,N2 S1 P1 O1,de-protonated,0,-9999,C22 H33 O1 N2 P1 S1,22,33,1,2,1,1,-9999,N/A,-9999,-9999
2367,403.225992,403.225821474,403.225499456,3111966.8,-9999,245991.6,18.51,-1,0.79860639,0.890721989,0,0.534433193,3,0.3,1.85,P1 O6,de-protonated,0,-9999,C20 H37 O6 P1,20,37,6,-9999,1,-9999,-9999,N/A,-9999,-9999
2368,403.234153,403.233982472,403.233741665,2287136.8,-9999,266171.9,12.97,-1,0.597191912,0.937337819,0,0.562402691,3,0.4,1.8,O8,de-protonated,0,-9999,C20 H36 O8,20,36,8,-9999,-9999,-9999,-9999,N/A,-9999,-9999
2369,403.27027,403.270099463,403.270127174,1455145,-9999,298358.5,7.39,-1,-0.068714374,0.999143627,0,0.599486176,2,0.333333333,1.904761905,O7,de-protonated,0,-9999,C21 H40 O7,21,40,7,-9999,-9999,-9999,-9999,N/A,-9999,-9999
2370,403.335195,403.335024447,403.334655984,3916855.8,-9999,285623.9,23.92,-1,0.913541872,0.859478397,0,0.515687038,0,0.130434783,2.130434783,P1 O3,de-protonated,0,-9999,C23 H49 O3 P1,23,49,3,-9999,1,-9999,-9999,N/A,-9999,-9999
2373,404.120929,404.120758251,404.120974815,2399465.8,-9999,290839.7,13.73,-1,-0.535889156,0.949226418,0,0.569535851,19,0.037037037,0.740740741,N1 P1 O1,de-protonated,0,-9999,C27 H20 O1 N1 P1,27,20,1,1,1,-9999,-9999,N/A,-9999,-9999
2373,404.120929,404.120758251,404.120703489,2399465.8,-9999,290839.7,13.73,-1,0.135509295,0.996673644,0,0.598004187,5,0.352941176,1.588235294,N1 S2 O6,de-protonated,0,-9999,C17 H27 O6 N1 S2,17,27,6,1,-9999,2,-9999,N/A,-9999,-9999
2374,404.187185,404.187014234,404.186731901,1473272.6,-9999,323691.3,7.51,-1,0.698522385,0.91527117,0,0.549162702,13,0.16,1.08,N1 O4,de-protonated,0,-9999,C25 H27 O4 N1,25,27,4,1,-9999,-9999,-9999,N/A,-9999,-9999
2374,404.187185,404.187014234,404.186792259,1473272.6,-9999,323691.3,7.51,-1,0.549188183,0.946744223,0.97566602,0.958312942,5,0.5,1.75,13C1 N4 O8,de-protonated,1,2363,C15 H28 O8 N4 13C1,15,28,8,4,-9999,-9999,1,N/A,-9999,-9999
2375,404.192941,404.192770233,404.192468782,2879738,-9999,278073.8,16.95,-1,0.74581026,0.903998356,0.985540219,0.936615101,4,0.368421053,1.736842105,13C1 P1 O7,de-protonated,1,2365,C18 H33 O7 P1 13C1,18,33,7,-9999,1,-9999,1,N/A,-9999,-9999
2375,404.192941,404.192770233,404.192605127,2879738,-9999,278073.8,16.95,-1,0.40848167,0.970177695,0,0.582106617,4,0.5,1.722222222,N1 O9,de-protonated,0,-9999,C18 H31 O9 N1,18,31,9,1,-9999,-9999,-9999,N/A,-9999,-9999
2375,404.192941,404.192770233,404.193094385,2879738,-9999,278073.8,16.95,-1,-0.801973325,0.889851435,0,0.533910861,8,0.047619048,1.523809524,N3 S1 P1 O1,de-protonated,0,-9999,C21 H32 O1 N3 P1 S1,21,32,1,3,1,1,-9999,N/A,-9999,-9999
2376,404.294016,404.293845207,404.293519447,1852432.5,-9999,249374,10.05,-1,0.805752292,0.888871004,0,0.533322602,1,0.19047619,2.095238095,N1 P1 O4,de-protonated,0,-9999,C21 H44 O4 N1 P1,21,44,4,1,1,-9999,-9999,N/A,-9999,-9999
2379,404.993382,404.993211032,404.993528651,1742763.4,-9999,289014.6,9.31,-1,-0.78425491,0.894400998,0,0.536640599,18,0.333333333,0.333333333,N4 S1 O6,de-protonated,0,-9999,C18 H6 O6 N4 S1,18,6,6,4,-9999,1,-9999,N/A,-9999,-9999
2380,405.029023,405.028852024,405.028576749,3240371.3,-9999,267111,19.36,-1,0.679641162,0.919602888,0,0.551761733,12,0.5,0.777777778,S1 O9,de-protonated,0,-9999,C18 H14 O9 S1,18,14,9,-9999,-9999,1,-9999,N/A,-9999,-9999
2380,405.029023,405.028852024,405.029066007,3240371.3,-9999,267111,19.36,-1,-0.528315806,0.950615585,0,0.570369351,16,0.047619048,0.714285714,N2 S2 P1 O1,de-protonated,0,-9999,C21 H15 O1 N2 P1 S2,21,15,1,2,1,2,-9999,N/A,-9999,-9999
2381,405.046607,405.046436019,405.046334814,1578935,-9999,309596.6,8.21,-1,0.24986019,0.988736056,0,0.593241634,12,0.611111111,0.777777778,O11,de-protonated,0,-9999,C18 H14 O11,18,14,11,-9999,-9999,-9999,-9999,N/A,-9999,-9999
2381,405.046607,405.046436019,405.046824072,1578935,-9999,309596.6,8.21,-1,-0.958043299,0.846587153,0,0.507952292,16,0.142857143,0.714285714,N2 S1 P1 O3,de-protonated,0,-9999,C21 H15 O3 N2 P1 S1,21,15,3,2,1,1,-9999,N/A,-9999,-9999
2381,405.046607,405.046436019,405.046172623,1578935,-9999,309596.6,8.21,-1,0.650287059,0.926140065,0,0.555684039,7,0.384615385,1.461538462,N4 S2 P1 O5,de-protonated,0,-9999,C13 H19 O5 N4 P1 S2,13,19,5,4,1,2,-9999,N/A,-9999,-9999
2382,405.073551,405.073380012,405.073693725,2404285,-9999,278446.4,13.75,-1,-0.77445719,0.89688286800000006,0,0.538129721,15,0.090909091,0.818181818,N2 S2 O2,de-protonated,0,-9999,C22 H18 O2 N2 S2,22,18,2,2,-9999,2,-9999,N/A,-9999,-9999
2383,405.083094,405.08292301,405.082720324,3391935,-9999,258224.6,20.37,-1,0.500358244,0.955589169,0,0.573353501,11,0.526315789,0.947368421,O10,de-protonated,0,-9999,C19 H18 O10,19,18,10,-9999,-9999,-9999,-9999,N/A,-9999,-9999
2383,405.083094,405.08292301,405.083209581,3391935,-9999,258224.6,20.37,-1,-0.707437052,0.913192011,0,0.547915207,15,0.090909091,0.863636364,N2 S1 P1 O2,de-protonated,0,-9999,C22 H19 O2 N2 P1 S1,22,19,2,2,1,1,-9999,N/A,-9999,-9999
2383,405.083094,405.08292301,405.082558132,3391935,-9999,258224.6,20.37,-1,0.900749245,0.863105587,0,0.517863352,6,0.285714286,1.642857143,N4 S2 P1 O4,de-protonated,0,-9999,C14 H23 O4 N4 P1 S2,14,23,4,4,1,2,-9999,N/A,-9999,-9999
2384,405.096098,405.095927007,405.095607483,1544897.9,-9999,202400.8,7.98,-1,0.788761097,0.893251392,0,0.535950835,6,0.625,1.4375,P1 O10,de-protonated,0,-9999,C16 H23 O10 P1,16,23,10,-9999,1,-9999,-9999,N/A,-9999,-9999
2385,405.119455,405.119284001,405.119105833,2807239,-9999,293207.7,16.45,-1,0.439791734,0.965513477,0,0.57930808600000006,10,0.45,1.1,O9,de-protonated,0,-9999,C20 H22 O9,20,22,9,-9999,-9999,-9999,-9999,N/A,-9999,-9999
2385,405.119455,405.119284001,405.11959509,2807239,-9999,293207.7,16.45,-1,-0.767895011,0.898531485,0,0.539118891,14,0.043478261,1,N2 S1 P1 O1,de-protonated,0,-9999,C23 H23 O1 N2 P1 S1,23,23,1,2,1,1,-9999,N/A,-9999,-9999
2385,405.119455,405.119284001,405.118943642,2807239,-9999,293207.7,16.45,-1,0.84014675,0.879787453,0,0.527872472,5,0.2,1.8,N4 S2 P1 O3,de-protonated,0,-9999,C15 H27 O3 N4 P1 S2,15,27,3,4,1,2,-9999,N/A,-9999,-9999
2386,405.128637,405.128465999,405.128488747,2278345,-9999,245202.9,12.9,-1,-0.056152019,0.999428047,0,0.599656828,23,0.032258065,0.580645161,O1,de-protonated,0,-9999,C31 H18 O1,31,18,1,-9999,-9999,-9999,-9999,N/A,-9999,-9999
2386,405.128637,405.128465999,405.12883962,2278345,-9999,245202.9,12.9,-1,-0.922229341,0.85699485,0,0.51419691,0,0.461538462,2.384615385,N2 S2 P1 O6,de-protonated,0,-9999,C13 H31 O6 N2 P1 S2,13,31,6,2,1,2,-9999,N/A,-9999,-9999
2387,405.132674,405.132502998,405.132862372,1639369.9,-9999,242067.6,8.61,-1,-0.887053966,0.866948614,0,0.520169168,4,0.222222222,1.722222222,S2 P1 O4,de-protonated,0,-9999,C18 H31 O4 P1 S2,18,31,4,-9999,1,2,-9999,N/A,-9999,-9999
2388,405.145932,405.145760994,405.145595363,1763276.8,-9999,280814.6,9.45,-1,0.408818048,0.9701293,0,0.58207758,14,0.217391304,0.956521739,N2 O5,de-protonated,0,-9999,C23 H22 O5 N2,23,22,5,2,-9999,-9999,-9999,N/A,-9999,-9999
2390,405.168858,405.168686989,405.168378502,3047889.8,-9999,282288.6,18.07,-1,0.761379154,0.900157546,0,0.540094528,4,0.444444444,1.722222222,P1 O8,de-protonated,0,-9999,C18 H31 O8 P1,18,31,8,-9999,1,-9999,-9999,N/A,-9999,-9999
2391,405.1843,405.184128985,405.183831348,1552853.1,-9999,303589.7,8.03,-1,0.734573031,0.906731173,0,0.544038704,0,0.916666667,2.5,N4 O11,de-protonated,0,-9999,C12 H30 O11 N4,12,30,11,4,-9999,-9999,-9999,N/A,-9999,-9999
2394,405.192381,405.192209983,405.191876852,2010582.9,-9999,290470,11.1,-1,0.822156398,0.884574419,0,0.530744651,8,0.318181818,1.363636364,O7,de-protonated,0,-9999,C22 H30 O7,22,30,7,-9999,-9999,-9999,-9999,N/A,-9999,-9999
2395,405.205277,405.205105979,405.204764011,8596954,-9999,255604.5,55.3,-1,0.843939481,0.868844665,0.954750726,0.903207089,3,0.368421053,1.842105263,P1 O7,de-protonated,0,-9999,C19 H35 O7 P1,19,35,7,-9999,1,-9999,-9999,N/A,-9999,-9999
2397,405.268368,405.268196964,405.268019174,14589415,-9999,258787.5,95.52,-1,0.438697504,0.959024212,0.994828835,0.973346061,1,0.238095238,2,S1 O5,de-protonated,0,-9999,C21 H42 O5 S1,21,42,5,-9999,-9999,1,-9999,N/A,-9999,-9999
2398,405.277967,405.277795961,405.27753503,1742313.6,-9999,281099.2,9.3,-1,0.643833903,0.927544516,0,0.55652671,1,0.238095238,2.047619048,P1 O5,de-protonated,0,-9999,C21 H43 O5 P1,21,43,5,-9999,1,-9999,-9999,N/A,-9999,-9999
2401,406.162411,406.16223974,406.161973704,1422504.1,-9999,305552.3,7.16,-1,0.655000592,0.925106731,0,0.555064039,9,0.368421053,1.315789474,N3 O7,de-protonated,0,-9999,C19 H25 O7 N3,19,25,7,3,-9999,-9999,-9999,N/A,-9999,-9999
2402,406.165694,406.165522739,406.165345007,3455656.8,-9999,271103.2,20.8,-1,0.437585812,0.965852606,0,0.579511564,4,0.4375,1.8125,N3 S1 O7,de-protonated,0,-9999,C16 H29 O7 N3 S1,16,29,7,3,-9999,1,-9999,N/A,-9999,-9999
2403,406.198696,406.198524731,406.198359213,13303472,-9999,254183.6,86.88,-1,0.407480493,0.925933738,0.900746425,0.915858813,8,0.3,1.45,N3 O6,de-protonated,0,-9999,C20 H29 O6 N3,20,29,6,3,-9999,-9999,-9999,N/A,-9999,-9999
2404,406.208662,406.208490728,406.208118846,2364594,-9999,231592.6,13.48,-1,0.915496879,0.85892093,0.954750726,0.897252848,3,0.368421053,1.842105263,13C1 P1 O7,de-protonated,1,2395,C18 H35 O7 P1 13C1,18,35,7,-9999,1,-9999,1,N/A,-9999,-9999
2404,406.208662,406.208490728,406.208255192,2364594,-9999,231592.6,13.48,-1,0.579842094,0.940817495,0,0.564490497,3,0.5,1.833333333,N1 O9,de-protonated,0,-9999,C18 H33 O9 N1,18,33,9,1,-9999,-9999,-9999,N/A,-9999,-9999
2404,406.208662,406.208490728,406.208744449,2364594,-9999,231592.6,13.48,-1,-0.624606704,0.931658249,0,0.558994949,7,0.047619048,1.619047619,N3 S1 P1 O1,de-protonated,0,-9999,C21 H34 O1 N3 P1 S1,21,34,1,3,1,1,-9999,N/A,-9999,-9999
2405,406.23689,406.236718721,406.236398493,1851575.9,-9999,213496.5,10.04,-1,0.788281715,0.893373933,0,0.53602436,2,0.315789474,2,N1 P1 O6,de-protonated,0,-9999,C19 H38 O6 N1 P1,19,38,6,1,1,-9999,-9999,N/A,-9999,-9999
2406,406.271756,406.271584713,406.271374009,3428031.3,-9999,280455.8,20.61,-1,0.518628798,0.952366527,0.994828835,0.96935145,1,0.238095238,2,13C1 S1 O5,de-protonated,1,2397,C20 H42 O5 S1 13C1,20,42,5,-9999,-9999,1,1,N/A,-9999,-9999
2407,406.309688,406.309516703,406.309169511,3386055.5,-9999,268009.6,20.33,-1,0.854501554,0.875912644,0,0.525547586,0,0.19047619,2.19047619,N1 P1 O4,de-protonated,0,-9999,C21 H46 O4 N1 P1,21,46,4,1,1,-9999,-9999,N/A,-9999,-9999
2409,407.003524,407.00335253,407.002970399,1448793.4,-9999,318029.9,7.33,-1,0.938888226,0.852187223,0,0.511312334,7,0.571428571,1.214285714,S2 P1 O8,de-protonated,0,-9999,C14 H17 O8 P1 S2,14,17,8,-9999,1,2,-9999,N/A,-9999,-9999
2409,407.003524,407.00335253,407.00343843,1448793.4,-9999,318029.9,7.33,-1,-0.211055595,0.991950041,0,0.595170025,13,0.642857143,0.642857143,N4 P1 O9,de-protonated,0,-9999,C14 H9 O9 N4 P1,14,9,9,4,1,-9999,-9999,N/A,-9999,-9999
2410,407.062257,407.062085515,407.061984879,2180453.5,-9999,277272.5,12.24,-1,0.2472261,0.988970992,0,0.593382595,11,0.611111111,0.888888889,O11,de-protonated,0,-9999,C18 H16 O11,18,16,11,-9999,-9999,-9999,-9999,N/A,-9999,-9999
2410,407.062257,407.062085515,407.062474136,2180453.5,-9999,277272.5,12.24,-1,-0.954696215,0.847571165,0,0.508542699,15,0.142857143,0.80952381,N2 S1 P1 O3,de-protonated,0,-9999,C21 H17 O3 N2 P1 S1,21,17,3,2,1,1,-9999,N/A,-9999,-9999
2410,407.062257,407.062085515,407.061822687,2180453.5,-9999,277272.5,12.24,-1,0.645670172,0.927146084,0,0.556287651,6,0.384615385,1.615384615,N4 S2 P1 O5,de-protonated,0,-9999,C13 H21 O5 N4 P1 S2,13,21,5,4,1,2,-9999,N/A,-9999,-9999
2411,407.098685,407.098513506,407.098370388,4277101,-9999,278948.5,26.31,-1,0.351556027,0.977824043,0,0.586694426,10,0.526315789,1.052631579,O10,de-protonated,0,-9999,C19 H20 O10,19,20,10,-9999,-9999,-9999,-9999,N/A,-9999,-9999
2411,407.098685,407.098513506,407.098859645,4277101,-9999,278948.5,26.31,-1,-0.850258988,0.877062892,0,0.526237735,14,0.090909091,0.954545455,N2 S1 P1 O2,de-protonated,0,-9999,C22 H21 O2 N2 P1 S1,22,21,2,2,1,1,-9999,N/A,-9999,-9999
2411,407.098685,407.098513506,407.098208197,4277101,-9999,278948.5,26.31,-1,0.749964528,0.902979677,0,0.541787806,5,0.285714286,1.785714286,N4 S2 P1 O4,de-protonated,0,-9999,C14 H25 O4 N4 P1 S2,14,25,4,4,1,2,-9999,N/A,-9999,-9999
2412,407.135121,407.134949497,407.134755897,4147060.8,-9999,283677.9,25.44,-1,0.475516815,0.95980178,0,0.575881068,9,0.45,1.2,O9,de-protonated,0,-9999,C20 H24 O9,20,24,9,-9999,-9999,-9999,-9999,N/A,-9999,-9999
2412,407.135121,407.134949497,407.135245155,4147060.8,-9999,283677.9,25.44,-1,-0.726190943,0.45437395,0.800793265,0.592941676,13,0.043478261,1.086956522,N2 S1 P1 O1,de-protonated,0,-9999,C23 H25 O1 N2 P1 S1,23,25,1,2,1,1,-9999,N/A,-9999,-9999
2412,407.135121,407.134949497,407.134593706,4147060.8,-9999,283677.9,25.44,-1,0.87388976,0.870602887,0,0.522361732,4,0.2,1.933333333,N4 S2 P1 O3,de-protonated,0,-9999,C15 H29 O3 N4 P1 S2,15,29,3,4,1,2,-9999,N/A,-9999,-9999
2413,407.144164,407.143992494,407.144138812,2740598.5,-9999,257450.5,16,-1,-0.359374839,0.9768383,0,0.58610298,22,0.032258065,0.64516129,O1,de-protonated,0,-9999,C31 H20 O1,31,20,1,-9999,-9999,-9999,-9999,N/A,-9999,-9999
2413,407.144164,407.143992494,407.143620305,2740598.5,-9999,257450.5,16,-1,0.914148158,0.859305604,0,0.515583362,0,0.916666667,2.416666667,N2 P1 O11,de-protonated,0,-9999,C12 H29 O11 N2 P1,12,29,11,2,1,-9999,-9999,N/A,-9999,-9999
2414,407.148203,407.148031493,407.147643057,1937015.5,-9999,240448.5,10.61,-1,0.954043544,0.847762776,0,0.508657665,4,0.529411765,1.705882353,P1 O9,de-protonated,0,-9999,C17 H29 O9 P1,17,29,9,-9999,1,-9999,-9999,N/A,-9999,-9999
2415,407.157497,407.157325491,407.157025971,2140537.5,-9999,292689.9,11.97,-1,0.735636908,0.906473872,0,0.543884323,17,0.035714286,0.892857143,P1 O1,de-protonated,0,-9999,C28 H25 O1 P1,28,25,1,-9999,1,-9999,-9999,N/A,-9999,-9999
2415,407.157497,407.157325491,407.157222676,2140537.5,-9999,292689.9,11.97,-1,0.252519764,0.98849638,0,0.593097828,9,0.388888889,1.333333333,N4 O7,de-protonated,0,-9999,C18 H24 O7 N4,18,24,7,4,-9999,-9999,-9999,N/A,-9999,-9999
2416,407.161491,407.16131949,407.161245428,2130298.3,-9999,215593.7,11.91,-1,0.181899058,0.994014345,0,0.596408607,13,0.217391304,1.043478261,N2 O5,de-protonated,0,-9999,C23 H24 O5 N2,23,24,5,2,-9999,-9999,-9999,N/A,-9999,-9999
2417,407.171687,407.171515488,407.171141407,1628028.3,-9999,312537,8.53,-1,0.918731434,0.857996782,0,0.514798069,8,0.380952381,1.333333333,O8,de-protonated,0,-9999,C21 H28 O8,21,28,8,-9999,-9999,-9999,-9999,N/A,-9999,-9999
2418,407.174127,407.173955487,407.174132587,6606717,-9999,269277.6,41.94,-1,-0.434950233,0.919739301,0.767759652,0.858947441,8,0.25,1.45,N2 P1 O5,de-protonated,0,-9999,C20 H29 O5 N2 P1,20,29,5,2,1,-9999,-9999,N/A,-9999,-9999
2419,407.184526,407.184354484,407.184028566,4231039,-9999,266726.5,26,-1,0.800419767,0.890253472,0,0.53415208300000006,3,0.444444444,1.833333333,P1 O8,de-protonated,0,-9999,C18 H33 O8 P1,18,33,8,-9999,1,-9999,-9999,N/A,-9999,-9999
2420,407.19412,407.193948482,407.193608185,1454209,-9999,202073.7,7.37,-1,0.835712371,0.880974573,0,0.528584744,8,0.315789474,1.473684211,N4 O6,de-protonated,0,-9999,C19 H28 O6 N4,19,28,6,4,-9999,-9999,-9999,N/A,-9999,-9999
2421,407.202225,407.20205348,407.201653689,5099394.5,-9999,272664.9,31.83,-1,0.981800307,0.419768736,0.761234226,0.556354932,16,0.068965517,0.965517241,O2,de-protonated,0,-9999,C29 H28 O2,29,28,2,-9999,-9999,-9999,-9999,N/A,-9999,-9999
2421,407.202225,407.20205348,407.201714048,5099394.5,-9999,272664.9,31.83,-1,0.833571733,0.881545962,0.900746425,0.889226147,8,0.3,1.45,13C1 N3 O6,de-protonated,1,2403,C19 H29 O6 N3 13C1,19,29,6,3,-9999,-9999,1,N/A,-9999,-9999
2422,407.206783,407.206611479,407.206495345,2124675.5,-9999,368496.1,11.87,-1,0.285196823,0.98534984,0,0.591209904,3,0.375,2.0625,N4 P1 O6,de-protonated,0,-9999,C16 H33 O6 N4 P1,16,33,6,4,1,-9999,-9999,N/A,-9999,-9999
2423,407.20837,407.208198478,407.208396296,1515396,-9999,411235.4,7.78,-1,-0.485789267,0.958083547,0,0.574850128,6,0.086956522,1.565217391,S2 O2,de-protonated,0,-9999,C23 H36 O2 S2,23,36,2,-9999,-9999,2,-9999,N/A,-9999,-9999
2424,407.220859,407.220687475,407.220414076,4094854.5,-9999,252581.3,25.09,-1,0.671380163,0.921467072,0,0.552880243,2,0.368421053,1.947368421,P1 O7,de-protonated,0,-9999,C19 H37 O7 P1,19,37,7,-9999,1,-9999,-9999,N/A,-9999,-9999
2425,408.141604,408.141432245,408.141238259,1485123.1,-9999,280344.1,7.57,-1,0.475291826,0.959839036,0,0.575903422,9,0.444444444,1.277777778,N3 O8,de-protonated,0,-9999,C18 H23 O8 N3,18,23,8,3,-9999,-9999,-9999,N/A,-9999,-9999
2426,408.178012,408.177840236,408.177487423,4592714.5,-9999,263728,28.43,-1,0.864362609,0.873222894,0.767759652,0.831037597,8,0.25,1.45,13C1 N2 P1 O5,de-protonated,1,2418,C19 H29 O5 N2 P1 13C1,19,29,5,2,1,-9999,1,N/A,-9999,-9999
2426,408.178012,408.177840236,408.177623768,4592714.5,-9999,263728,28.43,-1,0.530327302,0.95024835,0,0.57014901,8,0.368421053,1.421052632,N3 O7,de-protonated,0,-9999,C19 H27 O7 N3,19,27,7,3,-9999,-9999,-9999,N/A,-9999,-9999
2429,409.077972,409.077800011,409.077634943,3669246.5,-9999,274287.7,22.23,-1,0.403511972,0.97088833,0,0.582532998,10,0.611111111,1,O11,de-protonated,0,-9999,C18 H18 O11,18,18,11,-9999,-9999,-9999,-9999,N/A,-9999,-9999
2429,409.077972,409.077800011,409.0781242,3669246.5,-9999,274287.7,22.23,-1,-0.792488299,0.892296666,0,0.535378,14,0.142857143,0.904761905,N2 S1 P1 O3,de-protonated,0,-9999,C21 H19 O3 N2 P1 S1,21,19,3,2,1,1,-9999,N/A,-9999,-9999
2429,409.077972,409.077800011,409.077472752,3669246.5,-9999,274287.7,22.23,-1,0.79999285,0.890363847,0,0.534218308,5,0.384615385,1.769230769,N4 S2 P1 O5,de-protonated,0,-9999,C13 H23 O5 N4 P1 S2,13,23,5,4,1,2,-9999,N/A,-9999,-9999
2430,409.093406,409.093234007,409.092891084,7577857.5,-9999,249100.5,48.46,-1,0.838251117,0.440147751,0.807789663,0.587204516,14,0.363636364,0.818181818,O8,de-protonated,0,-9999,C22 H18 O8,22,18,8,-9999,-9999,-9999,-9999,N/A,-9999,-9999
2431,409.11436,409.114188002,409.114020452,5863685.5,-9999,263721.2,36.96,-1,0.40954175,0.485012526,0.829532115,0.622820362,9,0.526315789,1.157894737,O10,de-protonated,0,-9999,C19 H22 O10,19,22,10,-9999,-9999,-9999,-9999,N/A,-9999,-9999
2431,409.11436,409.114188002,409.11450971,5863685.5,-9999,263721.2,36.96,-1,-0.786352159,0.446933295,0.807789663,0.591275842,13,0.090909091,1.045454545,N2 S1 P1 O2,de-protonated,0,-9999,C22 H23 O2 N2 P1 S1,22,23,2,2,1,1,-9999,N/A,-9999,-9999
2431,409.11436,409.114188002,409.113858261,5863685.5,-9999,263721.2,36.96,-1,0.805987368,0.888809898,0,0.533285939,4,0.285714286,1.928571429,N4 S2 P1 O4,de-protonated,0,-9999,C14 H27 O4 N4 P1 S2,14,27,4,4,1,2,-9999,N/A,-9999,-9999
2432,409.142223,409.142050995,409.142163753,2275083.3,-9999,262516,12.87,-1,-0.275597499,0.986312783,0,0.59178767,8,0.35,1.35,P1 O7,de-protonated,0,-9999,C20 H27 O7 P1,20,27,7,-9999,1,-9999,-9999,N/A,-9999,-9999
2433,409.15089,409.150717993,409.150405962,3631373,-9999,275901.4,21.98,-1,0.762631005,0.899845989,0,0.539907593,8,0.45,1.3,O9,de-protonated,0,-9999,C20 H26 O9,20,26,9,-9999,-9999,-9999,-9999,N/A,-9999,-9999
2433,409.15089,409.150717993,409.150895219,3631373,-9999,275901.4,21.98,-1,-0.433156977,0.966528683,0,0.57991721,12,0.043478261,1.173913043,N2 S1 P1 O1,de-protonated,0,-9999,C23 H27 O1 N2 P1 S1,23,27,1,2,1,1,-9999,N/A,-9999,-9999
2434,409.159862,409.15968999,409.159788876,4071694.8,-9999,216047.5,24.93,-1,-0.241680589,0.993908078,0.99297687,0.993535595,21,0.032258065,0.709677419,O1,de-protonated,0,-9999,C31 H22 O1,31,22,1,-9999,-9999,-9999,-9999,N/A,-9999,-9999
2435,409.163782,409.163609989,409.163293121,2387727.5,-9999,280523.1,13.63,-1,0.774429173,0.89688993,0,0.538133958,3,0.529411765,1.823529412,P1 O9,de-protonated,0,-9999,C17 H31 O9 P1,17,31,9,-9999,1,-9999,-9999,N/A,-9999,-9999
2437,409.176541,409.176368986,409.176047339,2290450,-9999,253894.2,12.98,-1,0.786084527,0.893934847,0,0.536360908,11,0.04,1.24,S1 P1 O1,de-protonated,0,-9999,C25 H31 O1 P1 S1,25,31,1,-9999,1,1,-9999,N/A,-9999,-9999
2437,409.176541,409.176368986,409.176244044,2290450,-9999,253894.2,12.98,-1,0.30535123,0.983224147,0,0.589934488,3,0.466666667,2,N4 S1 O7,de-protonated,0,-9999,C15 H30 O7 N4 S1,15,30,7,4,-9999,1,-9999,N/A,-9999,-9999
2439,409.187432,409.187259983,409.187660851,1655572.1,-9999,271157.9,8.72,-1,-0.97966682,0.840175192,0,0.504105115,6,0.136363636,1.545454545,S2 O3,de-protonated,0,-9999,C22 H34 O3 S2,22,34,3,-9999,-9999,2,-9999,N/A,-9999,-9999
2440,409.190481,409.190308983,409.190162774,2065172.8,-9999,255285.6,11.47,-1,0.357311163,0.977100483,0,0.58626029,2,0.444444444,1.888888889,S1 O8,de-protonated,0,-9999,C18 H34 O8 S1,18,34,8,-9999,-9999,1,-9999,N/A,-9999,-9999
2441,409.2001,409.19992798,409.199678631,5256470.5,-9999,247820.4,32.88,-1,0.609359122,0.934844325,0,0.560906595,2,0.444444444,1.944444444,P1 O8,de-protonated,0,-9999,C18 H35 O8 P1,18,35,8,-9999,1,-9999,-9999,N/A,-9999,-9999
2442,409.218245,409.218072976,409.218306075,1757978.1,-9999,198690.9,9.4,-1,-0.569621613,0.942825148,0,0.565695089,1,0.263157895,2.052631579,S1 P1 O5,de-protonated,0,-9999,C19 H39 O5 P1 S1,19,39,5,-9999,1,1,-9999,N/A,-9999,-9999
2443,409.223528,409.223355974,409.22317698,4500763,-9999,256832,27.81,-1,0.437399266,0.962671938,0.931596551,0.950241783,6,0.318181818,1.545454545,O7,de-protonated,0,-9999,C22 H34 O7,22,34,7,-9999,-9999,-9999,-9999,N/A,-9999,-9999
2443,409.223528,409.223355974,409.223014789,4500763,-9999,256832,27.81,-1,0.833739147,0.881501315,0,0.528900789,1,0.058823529,2.294117647,N4 S2 P1 O1,de-protonated,0,-9999,C17 H39 O1 N4 P1 S2,17,39,1,4,1,2,-9999,N/A,-9999,-9999
2444,409.236581,409.236408971,409.23606414,3608861.8,-9999,256101.1,21.82,-1,0.842621442,0.879122926,0,0.527473755,1,0.368421053,2.052631579,P1 O7,de-protonated,0,-9999,C19 H39 O7 P1,19,39,7,-9999,1,-9999,-9999,N/A,-9999,-9999
2445,409.311528,409.311355952,409.31120414,26718508,-9999,250448.1,176.9,-1,0.37089607,0.648611188,0.96717409,0.776036349,8,0.071428571,1.5,O2,de-protonated,0,-9999,C28 H42 O2,28,42,2,-9999,-9999,-9999,-9999,N/A,-9999,-9999
2446,410.163355,410.163182739,410.163143711,1416657.9,-9999,330706.1,7.11,-1,0.095152286,0.99835852,0.99297687,0.99620586,21,0.032258065,0.709677419,13C1 O1,de-protonated,1,2434,C30 H22 O1 13C1,30,22,1,-9999,-9999,-9999,1,N/A,-9999,-9999
2447,410.221989,410.221816725,410.221797256,5098973,-9999,262603.2,31.82,-1,0.047458876,0.999591398,0,0.599754839,1,0.388888889,2.055555556,N1 S1 O7,de-protonated,0,-9999,C18 H37 O7 N1 S1,18,37,7,1,-9999,1,-9999,N/A,-9999,-9999
2447,410.221989,410.221816725,410.221417133,5098973,-9999,262603.2,31.82,-1,0.9740866,0.866875949,0.852923805,0.861295091,6,0.2,1.7,N3 P1 O4,de-protonated,0,-9999,C20 H34 O4 N3 P1,20,34,4,3,1,-9999,-9999,N/A,-9999,-9999
2448,410.2269,410.226727723,410.226531816,1586398.1,-9999,280423.4,8.25,-1,0.477560255,0.959462664,0.931596551,0.948316219,6,0.318181818,1.545454545,13C1 O7,de-protonated,1,2443,C21 H34 O7 13C1,21,34,7,-9999,-9999,-9999,1,N/A,-9999,-9999
2449,410.314898,410.314725701,410.314558976,8204783,-9999,255099.3,52.66,-1,0.406336758,0.646990271,0.96717409,0.775063799,8,0.071428571,1.5,13C1 O2,de-protonated,1,2445,C27 H42 O2 13C1,27,42,2,-9999,-9999,-9999,1,N/A,-9999,-9999
2450,411.030697,411.030524522,411.030899225,1421430.6,-9999,283333.5,7.14,-1,-0.911616539,0.86002659,0,0.516015954,10,0.470588235,1,S1 P1 O8,de-protonated,0,-9999,C17 H17 O8 P1 S1,17,17,8,-9999,1,1,-9999,N/A,-9999,-9999
2451,411.057167,411.056994516,411.056899498,2528891.5,-9999,246981,14.57,-1,0.231154334,0.990351622,0,0.594210973,10,0.705882353,0.941176471,O12,de-protonated,0,-9999,C17 H16 O12,17,16,12,-9999,-9999,-9999,-9999,N/A,-9999,-9999
2451,411.057167,411.056994516,411.057388756,2528891.5,-9999,246981,14.57,-1,-0.959086923,0.846279867,0,0.50776792,14,0.2,0.85,N2 S1 P1 O4,de-protonated,0,-9999,C20 H17 O4 N2 P1 S1,20,17,4,2,1,1,-9999,N/A,-9999,-9999
2451,411.057167,411.056994516,411.056737307,2528891.5,-9999,246981,14.57,-1,0.625726063,0.931421684,0,0.55885301,5,0.5,1.75,N4 S2 P1 O6,de-protonated,0,-9999,C12 H21 O6 N4 P1 S2,12,21,6,4,1,2,-9999,N/A,-9999,-9999
2452,411.090551,411.090378507,411.090783084,5577346,-9999,260843.3,35.03,-1,-0.984154067,0.419416433,0.807789663,0.574765725,13,0.272727273,0.909090909,S1 O6,de-protonated,0,-9999,C22 H20 O6 S1,22,20,6,-9999,-9999,1,-9999,N/A,-9999,-9999
2452,411.090551,411.090378507,411.090402962,5577346,-9999,260843.3,35.03,-1,-0.059486054,0.499679067,0.793917021,0.617374248,18,0.125,0.708333333,N2 P1 O3,de-protonated,0,-9999,C24 H17 O3 N2 P1,24,17,3,2,1,-9999,-9999,N/A,-9999,-9999
2452,411.090551,411.090378507,411.090131635,5577346,-9999,260843.3,35.03,-1,0.600530139,0.936658045,0,0.561994827,4,0.571428571,1.714285714,N2 S2 O8,de-protonated,0,-9999,C14 H24 O8 N2 S2,14,24,8,2,-9999,2,-9999,N/A,-9999,-9999
2453,411.093653,411.093480507,411.093285008,5425794.5,-9999,239330.3,34.01,-1,0.475558992,0.479897397,0.837042051,0.622755259,9,0.611111111,1.111111111,O11,de-protonated,0,-9999,C18 H20 O11,18,20,11,-9999,-9999,-9999,-9999,N/A,-9999,-9999
2453,411.093653,411.093480507,411.093774265,5425794.5,-9999,239330.3,34.01,-1,-0.714577209,0.455755583,0.81490939,0.599417106,13,0.142857143,1,N2 S1 P1 O3,de-protonated,0,-9999,C21 H21 O3 N2 P1 S1,21,21,3,2,1,1,-9999,N/A,-9999,-9999
2453,411.093653,411.093480507,411.093122816,5425794.5,-9999,239330.3,34.01,-1,0.870095894,0.871648713,0,0.522989228,4,0.384615385,1.923076923,N4 S2 P1 O5,de-protonated,0,-9999,C13 H25 O5 N4 P1 S2,13,25,5,4,1,2,-9999,N/A,-9999,-9999
2454,411.130056,411.129883498,411.129670517,6156937.5,-9999,270325.4,38.92,-1,0.518037661,0.476236215,0.829532115,0.617554575,8,0.526315789,1.263157895,O10,de-protonated,0,-9999,C19 H24 O10,19,24,10,-9999,-9999,-9999,-9999,N/A,-9999,-9999
2454,411.130056,411.129883498,411.130159774,6156937.5,-9999,270325.4,38.92,-1,-0.671993262,0.460664687,0.807789663,0.599514677,12,0.090909091,1.136363636,N2 S1 P1 O2,de-protonated,0,-9999,C22 H25 O2 N2 P1 S1,22,25,2,2,1,1,-9999,N/A,-9999,-9999
2454,411.130056,411.129883498,411.129508326,6156937.5,-9999,270325.4,38.92,-1,0.912539663,0.859763853,0,0.515858312,3,0.285714286,2.071428571,N4 S2 P1 O4,de-protonated,0,-9999,C14 H29 O4 N4 P1 S2,14,29,4,4,1,2,-9999,N/A,-9999,-9999
2455,411.15769,411.157517491,411.157813818,4010638.5,-9999,231850,24.52,-1,-0.72071382,0.910055581,0,0.546033349,7,0.35,1.45,P1 O7,de-protonated,0,-9999,C20 H29 O7 P1,20,29,7,-9999,1,-9999,-9999,N/A,-9999,-9999
2456,411.166537,411.166364488,411.166056026,2640528,-9999,224977.7,15.32,-1,0.750213141,0.902918571,0,0.541751143,7,0.45,1.4,O9,de-protonated,0,-9999,C20 H28 O9,20,28,9,-9999,-9999,-9999,-9999,N/A,-9999,-9999
2456,411.166537,411.166364488,411.166545284,2640528,-9999,224977.7,15.32,-1,-0.439712748,0.965525647,0,0.579315388,11,0.043478261,1.260869565,N2 S1 P1 O1,de-protonated,0,-9999,C23 H29 O1 N2 P1 S1,23,29,1,2,1,1,-9999,N/A,-9999,-9999
2457,411.173899,411.173726487,411.174136043,1604241.5,-9999,175618.7,8.37,-1,-0.996066598,0.835250105,0,0.501150063,2,0.333333333,2.133333333,N4 S2 O5,de-protonated,0,-9999,C15 H32 O5 N4 S2,15,32,5,4,-9999,2,-9999,N/A,-9999,-9999
2458,411.179323,411.179150485,411.178810244,2161298.5,-9999,240080.2,12.11,-1,0.827477321,0.883166697,0,0.529900018,15,0.035714286,1,S1 O1,de-protonated,0,-9999,C28 H28 O1 S1,28,28,1,-9999,-9999,1,-9999,N/A,-9999,-9999
2458,411.179323,411.179150485,411.178943186,2161298.5,-9999,240080.2,12.11,-1,0.504158625,0.954927472,0,0.572956483,2,0.529411765,1.941176471,P1 O9,de-protonated,0,-9999,C17 H33 O9 P1,17,33,9,-9999,1,-9999,-9999,N/A,-9999,-9999
2459,411.189282,411.189109483,411.189392185,1729172.4,-9999,284926.6,9.21,-1,-0.687522504,0.917806706,0,0.550684024,6,0.105263158,1.684210526,N4 S2 O2,de-protonated,0,-9999,C19 H32 O2 N4 S2,19,32,2,4,-9999,2,-9999,N/A,-9999,-9999
2460,411.192349,411.192176482,411.192545557,2298005,-9999,287309.8,13.03,-1,-0.897571859,0.864000911,0,0.518400546,11,0.217391304,1.217391304,N2 O5,de-protonated,0,-9999,C23 H28 O5 N2,23,28,5,2,-9999,-9999,-9999,N/A,-9999,-9999
2460,411.192349,411.192176482,411.191894108,2298005,-9999,287309.8,13.03,-1,0.686720304,0.917990315,0,0.550794189,2,0.466666667,2.133333333,N4 S1 O7,de-protonated,0,-9999,C15 H32 O7 N4 S1,15,32,7,4,-9999,1,-9999,N/A,-9999,-9999
2461,411.194594,411.194421481,411.194199327,2267797.3,-9999,285108.4,12.82,-1,0.540266136,0.94841548,0,0.569049288,6,0.285714286,1.571428571,P1 O6,de-protonated,0,-9999,C21 H33 O6 P1,21,33,6,-9999,1,-9999,-9999,N/A,-9999,-9999
2462,411.196947,411.196774481,411.196568309,1684117.8,-9999,268168.5,8.91,-1,0.501395217,0.95540907,0,0.573245442,15,0.107142857,1,O3,de-protonated,0,-9999,C28 H28 O3,28,28,3,-9999,-9999,-9999,-9999,N/A,-9999,-9999
2463,411.215745,411.215572476,411.215328695,6900377.5,-9999,252874,43.91,-1,0.592830407,0.945096308,0.840108455,0.903101167,1,0.444444444,2.055555556,P1 O8,de-protonated,0,-9999,C18 H37 O8 P1,18,37,8,-9999,1,-9999,-9999,N/A,-9999,-9999
2464,411.225271,411.225098474,411.224771969,2454171,-9999,233166.3,14.07,-1,0.793982271,0.891913008,0.852923805,0.876317327,6,0.2,1.7,13C1 N3 P1 O4,de-protonated,1,2447,C19 H34 O4 N3 P1 13C1,19,34,4,3,1,-9999,1,N/A,-9999,-9999
2464,411.225271,411.225098474,411.224908314,2454171,-9999,233166.3,14.07,-1,0.462422276,0.961943113,0,0.577165868,6,0.315789474,1.684210526,N4 O6,de-protonated,0,-9999,C19 H32 O6 N4,19,32,6,4,-9999,-9999,-9999,N/A,-9999,-9999
2465,411.239186,411.23901347,411.238827045,2643613.8,-9999,253990.8,15.34,-1,0.453326134,0.963398119,0,0.578038872,5,0.318181818,1.636363636,O7,de-protonated,0,-9999,C22 H36 O7,22,36,7,-9999,-9999,-9999,-9999,N/A,-9999,-9999
2465,411.239186,411.23901347,411.238664854,2643613.8,-9999,253990.8,15.34,-1,0.847723397,0.877748328,0,0.526648997,0,0.058823529,2.411764706,N4 S2 P1 O1,de-protonated,0,-9999,C17 H41 O1 N4 P1 S2,17,41,1,4,1,2,-9999,N/A,-9999,-9999
2466,412.201041,412.20086823,412.201061811,1702735,-9999,309882.8,9.03,-1,-0.469628674,0.960771467,0,0.57646288,1,0.470588235,2.058823529,N1 S1 O8,de-protonated,0,-9999,C17 H35 O8 N1 S1,17,35,8,1,-9999,1,-9999,N/A,-9999,-9999
2466,412.201041,412.20086823,412.200681689,1702735,-9999,309882.8,9.03,-1,0.452549183,0.96352116,0,0.578112696,6,0.263157895,1.684210526,N3 P1 O5,de-protonated,0,-9999,C19 H32 O5 N3 P1,19,32,5,3,1,-9999,-9999,N/A,-9999,-9999
2467,412.219071,412.218898225,412.21868353,3289938.3,-9999,189027.9,19.68,-1,0.520827757,0.951971623,0.840108455,0.907226356,1,0.444444444,2.055555556,13C1 P1 O8,de-protonated,1,2463,C17 H37 O8 P1 13C1,17,37,8,-9999,1,-9999,1,N/A,-9999,-9999
2467,412.219071,412.218898225,412.218819876,3289938.3,-9999,189027.9,19.68,-1,0.190067286,0.993466499,0,0.596079899,1,0.588235294,2.058823529,N1 O10,de-protonated,0,-9999,C17 H35 O10 N1,17,35,10,1,-9999,-9999,-9999,N/A,-9999,-9999
2467,412.219071,412.218898225,412.219309133,3289938.3,-9999,189027.9,19.68,-1,-0.996818996,0.835022888,0,0.501013733,5,0.1,1.8,N3 S1 P1 O2,de-protonated,0,-9999,C20 H36 O2 N3 P1 S1,20,36,2,3,1,1,-9999,N/A,-9999,-9999
2470,413.072854,413.072681012,413.072549563,2959339.8,-9999,291036.9,17.46,-1,0.31822247,0.981793283,0,0.58907597,9,0.705882353,1.058823529,O12,de-protonated,0,-9999,C17 H18 O12,17,18,12,-9999,-9999,-9999,-9999,N/A,-9999,-9999
2470,413.072854,413.072681012,413.07303882,2959339.8,-9999,291036.9,17.46,-1,-0.866210934,0.872716229,0,0.523629737,13,0.2,0.95,N2 S1 P1 O4,de-protonated,0,-9999,C20 H19 O4 N2 P1 S1,20,19,4,2,1,1,-9999,N/A,-9999,-9999
2470,413.072854,413.072681012,413.072387371,2959339.8,-9999,291036.9,17.46,-1,0.71086886,0.912385859,0,0.547431515,4,0.5,1.916666667,N4 S2 P1 O6,de-protonated,0,-9999,C12 H23 O6 N4 P1 S2,12,23,6,4,1,2,-9999,N/A,-9999,-9999
2471,413.109324,413.109151003,413.108935072,5518322.5,-9999,261133,34.63,-1,0.52269626,0.475817441,0.837042051,0.620307285,8,0.611111111,1.222222222,O11,de-protonated,0,-9999,C18 H22 O11,18,22,11,-9999,-9999,-9999,-9999,N/A,-9999,-9999
2471,413.109324,413.109151003,413.109424329,5518322.5,-9999,261133,34.63,-1,-0.661633065,0.461821027,0.81490939,0.603056372,12,0.142857143,1.095238095,N2 S1 P1 O3,de-protonated,0,-9999,C21 H23 O3 N2 P1 S1,21,23,3,2,1,1,-9999,N/A,-9999,-9999
2471,413.109324,413.109151003,413.108772881,5518322.5,-9999,261133,34.63,-1,0.915308147,0.858974783,0,0.51538487,3,0.384615385,2.076923077,N4 S2 P1 O5,de-protonated,0,-9999,C13 H27 O5 N4 P1 S2,13,27,5,4,1,2,-9999,N/A,-9999,-9999
2472,413.137593,413.137419995,413.137078373,1745911.3,-9999,286048,9.32,-1,0.826898825,0.883320077,0,0.529992046,7,0.421052632,1.421052632,P1 O8,de-protonated,0,-9999,C19 H27 O8 P1,19,27,8,-9999,1,-9999,-9999,N/A,-9999,-9999
2473,413.145588,413.145414993,413.145320581,3702776.8,-9999,259566.9,22.45,-1,0.228520257,0.990569227,0,0.594341536,7,0.526315789,1.368421053,O10,de-protonated,0,-9999,C19 H26 O10,19,26,10,-9999,-9999,-9999,-9999,N/A,-9999,-9999
2473,413.145588,413.145414993,413.145809839,3702776.8,-9999,259566.9,22.45,-1,-0.955704416,0.847275005,0,0.508365003,11,0.090909091,1.227272727,N2 S1 P1 O2,de-protonated,0,-9999,C22 H27 O2 N2 P1 S1,22,27,2,2,1,1,-9999,N/A,-9999,-9999
2473,413.145588,413.145414993,413.14515839,3702776.8,-9999,259566.9,22.45,-1,0.621097452,0.932397534,0,0.559438521,2,0.285714286,2.214285714,N4 S2 P1 O4,de-protonated,0,-9999,C14 H31 O4 N4 P1 S2,14,31,4,4,1,2,-9999,N/A,-9999,-9999
2474,413.157528,413.15735499,413.157423351,1536506.9,-9999,350220.7,7.91,-1,-0.165457686,0.995044933,0,0.59702696,6,0.210526316,1.578947368,N2 S2 O4,de-protonated,0,-9999,C19 H30 O4 N2 S2,19,30,4,2,-9999,2,-9999,N/A,-9999,-9999
2474,413.157528,413.15735499,413.157043228,1536506.9,-9999,350220.7,7.91,-1,0.754585826,0.901841189,0,0.541104713,11,0.047619048,1.285714286,N4 S1 P1 O1,de-protonated,0,-9999,C21 H27 O1 N4 P1 S1,21,27,1,4,1,1,-9999,N/A,-9999,-9999
2475,413.182022,413.181848984,413.181706091,2644479.3,-9999,279771.4,15.35,-1,0.345837219,0.978531915,0,0.587119149,6,0.45,1.5,O9,de-protonated,0,-9999,C20 H30 O9,20,30,9,-9999,-9999,-9999,-9999,N/A,-9999,-9999
2475,413.182022,413.181848984,413.182195348,2644479.3,-9999,279771.4,15.35,-1,-0.838283308,0.880286882,0,0.528172129,10,0.043478261,1.347826087,N2 S1 P1 O1,de-protonated,0,-9999,C23 H31 O1 N2 P1 S1,23,31,1,2,1,1,-9999,N/A,-9999,-9999
2475,413.182022,413.181848984,413.181543899,2644479.3,-9999,279771.4,15.35,-1,0.738379888,0.905809096,0,0.543485458,1,0.2,2.333333333,N4 S2 P1 O3,de-protonated,0,-9999,C15 H35 O3 N4 P1 S2,15,35,3,4,1,2,-9999,N/A,-9999,-9999
2476,413.204505,413.204331979,413.203976165,8371203,-9999,247168.9,53.78,-1,0.861109572,0.437056352,0.767553728,0.569255302,14,0.035714286,1.107142857,P1 O1,de-protonated,0,-9999,C28 H31 O1 P1,28,31,1,-9999,1,-9999,-9999,N/A,-9999,-9999
2476,413.204505,413.204331979,413.204172869,8371203,-9999,247168.9,53.78,-1,0.385062445,0.946388834,0.990205096,0.963915339,6,0.388888889,1.666666667,N4 O7,de-protonated,0,-9999,C18 H30 O7 N4,18,30,7,4,-9999,-9999,-9999,N/A,-9999,-9999
2477,413.210414,413.210240977,413.209849392,2034692.3,-9999,279684.2,11.26,-1,0.947667757,0.849629948,0,0.509777969,5,0.285714286,1.666666667,P1 O6,de-protonated,0,-9999,C21 H35 O6 P1,21,35,6,-9999,1,-9999,-9999,N/A,-9999,-9999
2478,413.218561,413.218387975,413.2180916,2139653.5,-9999,257723.5,11.96,-1,0.717236562,0.910881619,0,0.546528971,5,0.380952381,1.619047619,O8,de-protonated,0,-9999,C21 H34 O8,21,34,8,-9999,-9999,-9999,-9999,N/A,-9999,-9999
2479,413.240872,413.24069897,413.240558379,1776649.6,-9999,267687.6,9.52,-1,0.34021579,0.979216906,0,0.587530144,5,0.315789474,1.789473684,N4 O6,de-protonated,0,-9999,C19 H34 O6 N4,19,34,6,4,-9999,-9999,-9999,N/A,-9999,-9999
2480,413.254744,413.254570966,413.254477109,1860108,-9999,253337.3,10.08,-1,0.227116047,0.990684232,0,0.594410539,4,0.318181818,1.727272727,O7,de-protonated,0,-9999,C22 H38 O7,22,38,7,-9999,-9999,-9999,-9999,N/A,-9999,-9999
2482,414.141684,414.141510744,414.141438933,2645671,-9999,274521.9,15.35,-1,0.173396956,0.994559327,0,0.596735596,6,0.263157895,1.526315789,N1 S2 O5,de-protonated,0,-9999,C19 H29 O5 N1 S2,19,29,5,1,-9999,2,-9999,N/A,-9999,-9999
2483,414.180428,414.180254735,414.180326366,2045101.8,-9999,262395.7,11.32,-1,-0.172947919,0.994587393,0,0.596752436,1,0.5625,2.0625,N1 S1 O9,de-protonated,0,-9999,C16 H33 O9 N1 S1,16,33,9,1,-9999,1,-9999,N/A,-9999,-9999
2483,414.180428,414.180254735,414.179946244,2045101.8,-9999,262395.7,11.32,-1,0.744823348,0.904239696,0,0.542543817,6,0.333333333,1.666666667,N3 P1 O6,de-protonated,0,-9999,C18 H30 O6 N3 P1,18,30,6,3,1,-9999,-9999,N/A,-9999,-9999
2484,414.207983,414.207809728,414.207467345,1748146.5,-9999,299677.8,9.33,-1,0.826595968,0.883400343,0,0.530040206,14,0.111111111,1.074074074,N1 O3,de-protonated,0,-9999,C27 H29 O3 N1,27,29,3,1,-9999,-9999,-9999,N/A,-9999,-9999
2484,414.207983,414.207809728,414.207527704,1748146.5,-9999,299677.8,9.33,-1,0.680874522,0.919322938,0.990205096,0.947675801,6,0.388888889,1.666666667,13C1 N4 O7,de-protonated,1,2476,C17 H30 O7 N4 13C1,17,30,7,4,-9999,-9999,1,N/A,-9999,-9999
2488,415.067656,415.067482513,415.067070259,1645893,-9999,300040.7,8.64,-1,0.993221731,0.836108235,0,0.501664941,13,0.5,0.8,O10,de-protonated,0,-9999,C20 H16 O10,20,16,10,-9999,-9999,-9999,-9999,N/A,-9999,-9999
2488,415.067656,415.067482513,415.067559516,1645893,-9999,300040.7,8.64,-1,-0.185520921,0.993774357,0,0.596264614,17,0.086956522,0.739130435,N2 S1 P1 O2,de-protonated,0,-9999,C23 H17 O2 N2 P1 S1,23,17,2,2,1,1,-9999,N/A,-9999,-9999
2489,415.088491,415.088317507,415.088199627,3862856.5,-9999,275665.6,23.52,-1,0.283988711,0.985472791,0,0.591283675,8,0.705882353,1.176470588,O12,de-protonated,0,-9999,C17 H20 O12,17,20,12,-9999,-9999,-9999,-9999,N/A,-9999,-9999
2489,415.088491,415.088317507,415.088688884,3862856.5,-9999,275665.6,23.52,-1,-0.894693103,0.864810152,0,0.518886091,12,0.2,1.05,N2 S1 P1 O4,de-protonated,0,-9999,C20 H21 O4 N2 P1 S1,20,21,4,2,1,1,-9999,N/A,-9999,-9999
2489,415.088491,415.088317507,415.088037436,3862856.5,-9999,275665.6,23.52,-1,0.674728413,0.920713796,0,0.552428278,3,0.5,2.083333333,N4 S2 P1 O6,de-protonated,0,-9999,C12 H25 O6 N4 P1 S2,12,25,6,4,1,2,-9999,N/A,-9999,-9999
2490,415.103738,415.103564504,415.103455768,1787723.1,-9999,315385.4,9.6,-1,0.261947372,0.987626825,0,0.592576095,12,0.428571429,0.952380952,O9,de-protonated,0,-9999,C21 H20 O9,21,20,9,-9999,-9999,-9999,-9999,N/A,-9999,-9999
2490,415.103738,415.103564504,415.103945026,1787723.1,-9999,315385.4,9.6,-1,-0.916691097,0.858579993,0,0.515147996,16,0.041666667,0.875,N2 S1 P1 O1,de-protonated,0,-9999,C24 H21 O1 N2 P1 S1,24,21,1,2,1,1,-9999,N/A,-9999,-9999
2490,415.103738,415.103564504,415.103293577,1787723.1,-9999,315385.4,9.6,-1,0.652672705,0.925617856,0,0.555370713,7,0.1875,1.5625,N4 S2 P1 O3,de-protonated,0,-9999,C16 H25 O3 N4 P1 S2,16,25,3,4,1,2,-9999,N/A,-9999,-9999
2491,415.124885,415.124711498,415.124585136,3919182.5,-9999,247690.1,23.9,-1,0.304395149,0.983328156,0,0.589996894,7,0.611111111,1.333333333,O11,de-protonated,0,-9999,C18 H24 O11,18,24,11,-9999,-9999,-9999,-9999,N/A,-9999,-9999
2491,415.124885,415.124711498,415.125074394,3919182.5,-9999,247690.1,23.9,-1,-0.874183378,0.87052181,0,0.522313086,11,0.142857143,1.19047619,N2 S1 P1 O3,de-protonated,0,-9999,C21 H25 O3 N2 P1 S1,21,25,3,2,1,1,-9999,N/A,-9999,-9999
2491,415.124885,415.124711498,415.124422945,3919182.5,-9999,247690.1,23.9,-1,0.695100611,0.916063467,0,0.54963808,2,0.384615385,2.230769231,N4 S2 P1 O5,de-protonated,0,-9999,C13 H29 O5 N4 P1 S2,13,29,5,4,1,2,-9999,N/A,-9999,-9999
2492,415.153539,415.153365491,415.153597817,2693971.5,-9999,238948.3,15.68,-1,-0.559614533,0.944760333,0,0.5668562,5,0.15,1.65,S2 P1 O3,de-protonated,0,-9999,C20 H33 O3 P1 S2,20,33,3,-9999,1,2,-9999,N/A,-9999,-9999
2493,415.161181,415.161007489,415.160970646,2216276.8,-9999,229978.8,12.47,-1,0.088745052,0.998571988,0,0.599143193,6,0.526315789,1.473684211,O10,de-protonated,0,-9999,C19 H28 O10,19,28,10,-9999,-9999,-9999,-9999,N/A,-9999,-9999
2493,415.161181,415.161007489,415.160808454,2216276.8,-9999,229978.8,12.47,-1,0.479416187,0.95915351,0,0.575492106,1,0.285714286,2.357142857,N4 S2 P1 O4,de-protonated,0,-9999,C14 H33 O4 N4 P1 S2,14,33,4,4,1,2,-9999,N/A,-9999,-9999
2494,415.173352,415.173178486,415.173073415,1907030.8,-9999,309566.7,10.4,-1,0.253078257,0.988445734,0,0.59306744,5,0.210526316,1.684210526,N2 S2 O4,de-protonated,0,-9999,C19 H32 O4 N2 S2,19,32,4,2,-9999,2,-9999,N/A,-9999,-9999
2495,415.183803,415.183629484,415.18324072,3759448.5,-9999,250187.5,22.83,-1,0.936366634,0.426459358,0.773979033,0.565467228,14,0.074074074,1.074074074,P1 O2,de-protonated,0,-9999,C27 H29 O2 P1,27,29,2,-9999,1,-9999,-9999,N/A,-9999,-9999
2495,415.183803,415.183629484,415.183437424,3759448.5,-9999,250187.5,22.83,-1,0.462588886,0.961916214,0,0.577149728,6,0.470588235,1.647058824,N4 O8,de-protonated,0,-9999,C17 H28 O8 N4,17,28,8,4,-9999,-9999,-9999,N/A,-9999,-9999
2496,415.1897,415.189526482,415.189113947,2655577.5,-9999,269791.4,15.42,-1,0.993608635,0.835991621,0,0.501594973,5,0.35,1.65,P1 O7,de-protonated,0,-9999,C20 H33 O7 P1,20,33,7,-9999,1,-9999,-9999,N/A,-9999,-9999
2497,415.197769,415.19759548,415.197356155,2551131,-9999,284515.2,14.72,-1,0.576412583,0.94149467,0,0.564896802,5,0.45,1.6,O9,de-protonated,0,-9999,C20 H32 O9,20,32,9,-9999,-9999,-9999,-9999,N/A,-9999,-9999
2497,415.197769,415.19759548,415.197845413,2551131,-9999,284515.2,14.72,-1,-0.601959697,0.936365933,0,0.56181956,9,0.043478261,1.434782609,N2 S1 P1 O1,de-protonated,0,-9999,C23 H33 O1 N2 P1 S1,23,33,1,2,1,1,-9999,N/A,-9999,-9999
2497,415.197769,415.19759548,415.197193964,2551131,-9999,284515.2,14.72,-1,0.967049673,0.843927995,0,0.506356797,0,0.2,2.466666667,N4 S2 P1 O3,de-protonated,0,-9999,C15 H37 O3 N4 P1 S2,15,37,3,4,1,2,-9999,N/A,-9999,-9999
2498,415.220189,415.220015475,415.219626229,13370719,-9999,248316.6,87.32,-1,0.937444327,0.877495353,0.936846616,0.901235858,13,0.035714286,1.178571429,P1 O1,de-protonated,0,-9999,C28 H33 O1 P1,28,33,1,-9999,1,-9999,-9999,N/A,-9999,-9999
2498,415.220189,415.220015475,415.219822934,13370719,-9999,248316.6,87.32,-1,0.463708095,0.973815756,0.993665061,0.981755478,5,0.388888889,1.777777778,N4 O7,de-protonated,0,-9999,C18 H32 O7 N4,18,32,7,4,-9999,-9999,-9999,N/A,-9999,-9999
2499,415.233726,415.233552471,415.233741665,1965408.9,-9999,260418.6,10.79,-1,-0.455630995,0.963031964,0,0.577819179,4,0.380952381,1.714285714,O8,de-protonated,0,-9999,C21 H36 O8,21,36,8,-9999,-9999,-9999,-9999,N/A,-9999,-9999
2500,415.270442,415.270268462,415.270127174,3563879,-9999,257457.8,21.52,-1,0.340231802,0.97921497,0,0.587528982,3,0.318181818,1.818181818,O7,de-protonated,0,-9999,C22 H40 O7,22,40,7,-9999,-9999,-9999,-9999,N/A,-9999,-9999
2501,416.074762,416.074588261,416.074422,1925100.3,-9999,296615.5,10.52,-1,0.399592889,0.971442961,0,0.582865777,12,0.210526316,1,N3 S2 O4,de-protonated,0,-9999,C19 H19 O4 N3 S2,19,19,4,3,-9999,2,-9999,N/A,-9999,-9999
2502,416.110446,416.110272252,416.10993813,2154994.3,-9999,291992.1,12.06,-1,0.802965621,0.889594331,0,0.533756599,12,0.421052632,1,N3 O8,de-protonated,0,-9999,C19 H19 O8 N3,19,19,8,3,-9999,-9999,-9999,N/A,-9999,-9999
2503,416.157368,416.15719424,416.157088998,6579706,-9999,259520.9,41.75,-1,0.25289068,0.494231378,0.829532115,0.628351673,5,0.263157895,1.631578947,N1 S2 O5,de-protonated,0,-9999,C19 H31 O5 N1 S2,19,31,5,1,-9999,2,-9999,N/A,-9999,-9999
2505,416.204273,416.204099228,416.203838517,1476097.5,-9999,292819.9,7.5,-1,0.626403995,0.931278233,0,0.55876694,5,0.444444444,1.722222222,N3 O8,de-protonated,0,-9999,C18 H31 O8 N3,18,31,8,3,-9999,-9999,-9999,N/A,-9999,-9999
2506,416.215402,416.215228226,416.214875201,1869315.3,-9999,295171.1,10.14,-1,0.848177672,0.877625637,0,0.526575382,13,0.037037037,1.185185185,N1 P1 O1,de-protonated,0,-9999,C27 H32 O1 N1 P1,27,32,1,1,1,-9999,-9999,N/A,-9999,-9999
2507,416.223468,416.22329422400003,416.222981064,2724868.5,-9999,278537.2,15.88,-1,0.752383435,0.902384456,0.936846616,0.91616932,13,0.035714286,1.178571429,13C1 P1 O1,de-protonated,1,2498,C27 H33 O1 P1 13C1,27,33,1,-9999,1,-9999,1,N/A,-9999,-9999
2507,416.223468,416.22329422400003,416.22311741,2724868.5,-9999,278537.2,15.88,-1,0.424804988,0.967786186,0,0.580671711,13,0.111111111,1.148148148,N1 O3,de-protonated,0,-9999,C27 H31 O3 N1,27,31,3,1,-9999,-9999,-9999,N/A,-9999,-9999
2507,416.223468,416.22329422400003,416.223177769,2724868.5,-9999,278537.2,15.88,-1,0.279789287,0.985896229,0.993665061,0.989003762,5,0.388888889,1.777777778,13C1 N4 O7,de-protonated,1,2498,C17 H32 O7 N4 13C1,17,32,7,4,-9999,-9999,1,N/A,-9999,-9999
2511,417.047826,417.047652017,417.04747552,1819273.6,-9999,305420.8,9.81,-1,0.423206544,0.968024245,0,0.580814547,26,0.033333333,0.366666667,P1 O1,de-protonated,0,-9999,C30 H11 O1 P1,30,11,1,-9999,1,-9999,-9999,N/A,-9999,-9999
2511,417.047826,417.047652017,417.047672225,1819273.6,-9999,305420.8,9.81,-1,-0.04845314,0.999574102,0,0.599744461,18,0.35,0.5,N4 O7,de-protonated,0,-9999,C20 H10 O7 N4,20,10,7,4,-9999,-9999,-9999,N/A,-9999,-9999
2512,417.083004,417.082830009,417.082720324,1963151.3,-9999,271876.8,10.77,-1,0.26298165,0.987529536,0,0.592517722,12,0.5,0.9,O10,de-protonated,0,-9999,C20 H18 O10,20,18,10,-9999,-9999,-9999,-9999,N/A,-9999,-9999
2512,417.083004,417.082830009,417.083209581,1963151.3,-9999,271876.8,10.77,-1,-0.910063602,0.860468164,0,0.516280898,16,0.086956522,0.826086957,N2 S1 P1 O2,de-protonated,0,-9999,C23 H19 O2 N2 P1 S1,23,19,2,2,1,1,-9999,N/A,-9999,-9999
2512,417.083004,417.082830009,417.082558132,1963151.3,-9999,271876.8,10.77,-1,0.651852797,0.925797513,0,0.555478508,7,0.266666667,1.533333333,N4 S2 P1 O4,de-protonated,0,-9999,C15 H23 O4 N4 P1 S2,15,23,4,4,1,2,-9999,N/A,-9999,-9999
2513,417.095973,417.095799005,417.095474541,1602193.3,-9999,281374,8.35,-1,0.777913063,0.896010235,0,0.537606141,20,0.071428571,0.642857143,S1 O2,de-protonated,0,-9999,C28 H18 O2 S1,28,18,2,-9999,-9999,1,-9999,N/A,-9999,-9999
2513,417.095973,417.095799005,417.095607483,1602193.3,-9999,281374,8.35,-1,0.459180785,0.96246468,0,0.577478808,7,0.588235294,1.352941176,P1 O10,de-protonated,0,-9999,C17 H23 O10 P1,17,23,10,-9999,1,-9999,-9999,N/A,-9999,-9999
2514,417.104059,417.103885003,417.103849692,2017938.6,-9999,281370,11.14,-1,0.084659434,0.998700363,0,0.599220218,7,0.705882353,1.294117647,O12,de-protonated,0,-9999,C17 H22 O12,17,22,12,-9999,-9999,-9999,-9999,N/A,-9999,-9999
2514,417.104059,417.103885003,417.1036875,2017938.6,-9999,281370,11.14,-1,0.473510812,0.960133385,0,0.576080031,2,0.5,2.25,N4 S2 P1 O6,de-protonated,0,-9999,C12 H27 O6 N4 P1 S2,12,27,6,4,1,2,-9999,N/A,-9999,-9999
2515,417.119472,417.119297999,417.119105833,2641045,-9999,257643.1,15.32,-1,0.460699661,0.962220709,0,0.577332425,11,0.428571429,1.047619048,O9,de-protonated,0,-9999,C21 H22 O9,21,22,9,-9999,-9999,-9999,-9999,N/A,-9999,-9999
2515,417.119472,417.119297999,417.11959509,2641045,-9999,257643.1,15.32,-1,-0.712243497,0.912062054,0,0.547237233,15,0.041666667,0.958333333,N2 S1 P1 O1,de-protonated,0,-9999,C24 H23 O1 N2 P1 S1,24,23,1,2,1,1,-9999,N/A,-9999,-9999
2515,417.119472,417.119297999,417.118943642,2641045,-9999,257643.1,15.32,-1,0.849536963,0.877258228,0,0.526354937,6,0.1875,1.6875,N4 S2 P1 O3,de-protonated,0,-9999,C16 H27 O3 N4 P1 S2,16,27,3,4,1,2,-9999,N/A,-9999,-9999
2516,417.13257,417.132395996,417.131992992,1428119.1,-9999,327290.5,7.18,-1,0.966130126,0.844200249,0,0.50652015,6,0.5,1.5,P1 O9,de-protonated,0,-9999,C18 H27 O9 P1,18,27,9,-9999,1,-9999,-9999,N/A,-9999,-9999
2517,417.155967,417.15579299,417.155491342,1547162.8,-9999,277959.7,7.98,-1,0.723107232,0.909485133,0,0.54569108,10,0.363636364,1.181818182,O8,de-protonated,0,-9999,C22 H26 O8,22,26,8,-9999,-9999,-9999,-9999,N/A,-9999,-9999
2518,417.166602,417.166427988,417.166724732,1724060.5,-9999,287668.3,9.17,-1,-0.711331416,0.912276958,0,0.547366175,10,0.333333333,1.238095238,N2 O7,de-protonated,0,-9999,C21 H26 O7 N2,21,26,7,2,-9999,-9999,-9999,N/A,-9999,-9999
2518,417.166602,417.166427988,417.166073283,1724060.5,-9999,287668.3,9.17,-1,0.850272602,0.877059208,0,0.526235525,1,0.692307692,2.307692308,N4 S1 O9,de-protonated,0,-9999,C13 H30 O9 N4 S1,13,30,9,4,-9999,1,-9999,N/A,-9999,-9999
2519,417.168885,417.168710987,417.168378502,5240477,-9999,235324.3,32.76,-1,0.797005164,0.445567507,0.829532115,0.59915335,5,0.421052632,1.631578947,P1 O8,de-protonated,0,-9999,C19 H31 O8 P1,19,31,8,-9999,1,-9999,-9999,N/A,-9999,-9999
2520,417.199456,417.199281979,417.198890784,7911073.5,-9999,251015.2,50.69,-1,0.937670579,0.42627031,0.773979033,0.565353799,13,0.074074074,1.148148148,P1 O2,de-protonated,0,-9999,C27 H31 O2 P1,27,31,2,-9999,1,-9999,-9999,N/A,-9999,-9999
2520,417.199456,417.199281979,417.199087489,7911073.5,-9999,251015.2,50.69,-1,0.466181833,0.934550264,0.961139636,0.945186013,5,0.470588235,1.764705882,N4 O8,de-protonated,0,-9999,C17 H30 O8 N4,17,30,8,4,-9999,-9999,-9999,N/A,-9999,-9999
2521,417.20527,417.205095978,417.204764011,3821218.8,-9999,260832.6,23.24,-1,0.795692978,0.891473008,0,0.534883805,4,0.35,1.75,P1 O7,de-protonated,0,-9999,C20 H35 O7 P1,20,35,7,-9999,1,-9999,-9999,N/A,-9999,-9999
2522,417.213408,417.213233976,417.21300622,2515108,-9999,245517.8,14.48,-1,0.54589951,0.947363091,0,0.568417855,4,0.45,1.7,O9,de-protonated,0,-9999,C20 H34 O9,20,34,9,-9999,-9999,-9999,-9999,N/A,-9999,-9999
2522,417.213408,417.213233976,417.213495477,2515108,-9999,245517.8,14.48,-1,-0.626779759,0.931198664,0,0.558719199,8,0.043478261,1.52173913,N2 S1 P1 O1,de-protonated,0,-9999,C23 H35 O1 N2 P1 S1,23,35,1,2,1,1,-9999,N/A,-9999,-9999
2523,417.322599,417.322424949,417.322162748,1421493.3,-9999,306981.3,7.14,-1,0.628294011,0.930877602,0,0.558526561,1,0.260869565,2,O6,de-protonated,0,-9999,C23 H46 O6,23,46,6,-9999,-9999,-9999,-9999,N/A,-9999,-9999
2524,417.350763,417.350588942,417.350306049,1914553.8,-9999,264400.4,10.44,-1,0.677831326,0.920012924,0,0.552007754,0,0.125,2.125,P1 O3,de-protonated,0,-9999,C24 H51 O3 P1,24,51,3,-9999,1,-9999,-9999,N/A,-9999,-9999
2526,417.96066,417.960485789,417.960570559,1809689.4,-9999,279392.5,9.74,-1,-0.202818352,0.992563843,0,0.595538306,15,0.6875,0.375,N1 P1 O11,de-protonated,0,-9999,C16 H6 O11 N1 P1,16,6,11,1,1,-9999,-9999,N/A,-9999,-9999
2527,418.07183,418.071655761,418.07144462,1788202.6,-9999,248863.3,9.6,-1,0.505035761,0.954774106,0,0.572864463,12,0.388888889,0.944444444,N3 S1 O7,de-protonated,0,-9999,C18 H17 O7 N3 S1,18,17,7,3,-9999,1,-9999,N/A,-9999,-9999
2528,418.136858,418.136683745,418.136624879,1441076.8,-9999,337601.9,7.27,-1,0.140781439,0.996410252,0,0.597846151,19,0.035714286,0.785714286,N1 P1 O1,de-protonated,0,-9999,C28 H22 O1 N1 P1,28,22,1,1,1,-9999,-9999,N/A,-9999,-9999
2528,418.136858,418.136683745,418.136353553,1441076.8,-9999,337601.9,7.27,-1,0.789675504,0.893017488,0,0.535810493,5,0.333333333,1.611111111,N1 S2 O6,de-protonated,0,-9999,C18 H29 O6 N1 S2,18,29,6,1,-9999,2,-9999,N/A,-9999,-9999
2529,418.15442,418.154245741,418.154111618,2490167.5,-9999,295328.9,14.31,-1,0.320749933,0.981505624,0,0.588903374,5,0.444444444,1.611111111,N1 S1 O8,de-protonated,0,-9999,C18 H29 O8 N1 S1,18,29,8,1,-9999,1,-9999,N/A,-9999,-9999
2530,418.202922,418.202747729,418.202381965,1906238.9,-9999,218711.8,10.39,-1,0.874608725,0.870404324,0,0.522242595,13,0.153846154,1.115384615,N1 O4,de-protonated,0,-9999,C26 H29 O4 N1,26,29,4,1,-9999,-9999,-9999,N/A,-9999,-9999
2530,418.202922,418.202747729,418.202442324,1906238.9,-9999,218711.8,10.39,-1,0.730279289,0.907766577,0.961139636,0.929115801,5,0.470588235,1.764705882,13C1 N4 O8,de-protonated,1,2520,C16 H30 O8 N4 13C1,16,30,8,4,-9999,-9999,1,N/A,-9999,-9999
2532,418.954258,418.954083541,418.95369773,10612658,-9999,250216.9,68.81,-1,0.920889689,0.428689444,0.844689208,0.595089349,14,0.529411765,0.470588235,S2 O9,de-protonated,0,-9999,C17 H8 O9 S2,17,8,9,-9999,-9999,2,-9999,N/A,-9999,-9999
2533,419.044757,419.044582518,419.044226814,2039743.4,-9999,272321.3,11.28,-1,0.848846118,0.877445014,0,0.526467008,12,0.473684211,0.842105263,S1 O9,de-protonated,0,-9999,C19 H16 O9 S1,19,16,9,-9999,-9999,1,-9999,N/A,-9999,-9999
2533,419.044757,419.044582518,419.044716071,2039743.4,-9999,272321.3,11.28,-1,-0.31870891,0.98173809,0,0.589042854,16,0.045454545,0.772727273,N2 S2 P1 O1,de-protonated,0,-9999,C22 H17 O1 N2 P1 S2,22,17,1,2,1,2,-9999,N/A,-9999,-9999
2534,419.062492,419.062317514,419.061984879,1862082,-9999,308496.4,10.09,-1,0.793760592,0.891969971,0,0.535181983,12,0.578947368,0.842105263,O11,de-protonated,0,-9999,C19 H16 O11,19,16,11,-9999,-9999,-9999,-9999,N/A,-9999,-9999
2534,419.062492,419.062317514,419.062474136,1862082,-9999,308496.4,10.09,-1,-0.373744896,0.97497280099999994,0,0.584983681,16,0.136363636,0.772727273,N2 S1 P1 O3,de-protonated,0,-9999,C22 H17 O3 N2 P1 S1,22,17,3,2,1,1,-9999,N/A,-9999,-9999
2535,419.09873,419.098555504,419.098370388,2678727.5,-9999,279063.4,15.57,-1,0.441701731,0.965218561,0,0.579131137,11,0.5,1,O10,de-protonated,0,-9999,C20 H20 O10,20,20,10,-9999,-9999,-9999,-9999,N/A,-9999,-9999
2535,419.09873,419.098555504,419.098859645,2678727.5,-9999,279063.4,15.57,-1,-0.725701985,0.908864966,0,0.54531898,15,0.086956522,0.913043478,N2 S1 P1 O2,de-protonated,0,-9999,C23 H21 O2 N2 P1 S1,23,21,2,2,1,1,-9999,N/A,-9999,-9999
2535,419.09873,419.098555504,419.098208197,2678727.5,-9999,279063.4,15.57,-1,0.828702674,0.882841546,0,0.529704927,6,0.266666667,1.666666667,N4 S2 P1 O4,de-protonated,0,-9999,C15 H25 O4 N4 P1 S2,15,25,4,4,1,2,-9999,N/A,-9999,-9999
2536,419.135219,419.135044495,419.134755897,3033037,-9999,275439.2,17.95,-1,0.688556592,0.91756976,0,0.550541856,10,0.428571429,1.142857143,O9,de-protonated,0,-9999,C21 H24 O9,21,24,9,-9999,-9999,-9999,-9999,N/A,-9999,-9999
2536,419.135219,419.135044495,419.135245155,3033037,-9999,275439.2,17.95,-1,-0.478746069,0.959265262,0,0.575559157,14,0.041666667,1.041666667,N2 S1 P1 O1,de-protonated,0,-9999,C24 H25 O1 N2 P1 S1,24,25,1,2,1,1,-9999,N/A,-9999,-9999
2537,419.147725,419.147550492,419.147510115,1662670.9,-9999,190654,8.75,-1,0.096331316,0.998317623,0,0.598990574,18,0.034482759,0.827586207,S1 O1,de-protonated,0,-9999,C29 H24 O1 S1,29,24,1,-9999,-9999,1,-9999,N/A,-9999,-9999
2537,419.147725,419.147550492,419.147643057,1662670.9,-9999,190654,8.75,-1,-0.220840318,0.991189707,0,0.594713824,5,0.5,1.611111111,P1 O9,de-protonated,0,-9999,C18 H29 O9 P1,18,29,9,-9999,1,-9999,-9999,N/A,-9999,-9999
2538,419.157538,419.15736349,419.157025971,1402832.4,-9999,297814.8,7.01,-1,0.805231228,0.889006401,0,0.53340384,18,0.034482759,0.862068966,P1 O1,de-protonated,0,-9999,C29 H25 O1 P1,29,25,1,-9999,1,-9999,-9999,N/A,-9999,-9999
2538,419.157538,419.15736349,419.157222676,1402832.4,-9999,297814.8,7.01,-1,0.335945152,0.97973011,0,0.587838066,10,0.368421053,1.263157895,N4 O7,de-protonated,0,-9999,C19 H24 O7 N4,19,24,7,4,-9999,-9999,-9999,N/A,-9999,-9999
2539,419.166184,419.166009488,419.166270502,1798865.6,-9999,215962.2,9.67,-1,-0.622697827,0.932060831,0,0.559236499,4,0.315789474,1.736842105,S1 P1 O6,de-protonated,0,-9999,C19 H33 O6 P1 S1,19,33,6,-9999,1,1,-9999,N/A,-9999,-9999
2540,419.184567,419.184392483,419.184028566,6293460.5,-9999,247379,39.83,-1,0.868155062,0.436091226,0.829532115,0.593467581,4,0.421052632,1.736842105,P1 O8,de-protonated,0,-9999,C19 H33 O8 P1,19,33,8,-9999,1,-9999,-9999,N/A,-9999,-9999
2541,419.220881,419.220706474,419.220414076,4576218,-9999,253465,28.3,-1,0.697481072,0.915512621,0,0.549307573,3,0.35,1.85,P1 O7,de-protonated,0,-9999,C20 H37 O7 P1,20,37,7,-9999,1,-9999,-9999,N/A,-9999,-9999
2542,419.247559,419.247384467,419.247283729,3132382,-9999,257359.7,18.62,-1,0.240284278,0.989578466,0,0.59374708,2,0.285714286,1.904761905,S1 O6,de-protonated,0,-9999,C21 H40 O6 S1,21,40,6,-9999,-9999,1,-9999,N/A,-9999,-9999
2543,419.25743,419.257255465,419.257668965,1893855.4,-9999,218089.9,10.3,-1,-0.98626713,0.83819938,0,0.502919628,1,0.045454545,2.045454545,S2 P1 O1,de-protonated,0,-9999,C22 H45 O1 P1 S2,22,45,1,-9999,1,2,-9999,N/A,-9999,-9999
2544,419.330076,419.329901447,419.329570604,2768874.3,-9999,246921.9,16.18,-1,0.78898071,0.893195234,0,0.535917141,0,0.173913043,2.130434783,P1 O4,de-protonated,0,-9999,C23 H49 O4 P1,23,49,4,-9999,1,-9999,-9999,N/A,-9999,-9999
2547,420.252634,420.252459216,420.252048557,2126450.5,-9999,221325.1,11.85,-1,0.977172381,0.840919657,0,0.504551794,2,0.3,2,N1 P1 O6,de-protonated,0,-9999,C20 H40 O6 N1 P1,20,40,6,1,1,-9999,-9999,N/A,-9999,-9999
2551,421.077974,421.077799009,421.077634943,3331305.5,-9999,254994.5,19.93,-1,0.389634382,0.972829325,0,0.583697595,11,0.578947368,0.947368421,O11,de-protonated,0,-9999,C19 H18 O11,19,18,11,-9999,-9999,-9999,-9999,N/A,-9999,-9999
2551,421.077974,421.077799009,421.0781242,3331305.5,-9999,254994.5,19.93,-1,-0.772281929,0.897430577,0,0.538458346,15,0.136363636,0.863636364,N2 S1 P1 O3,de-protonated,0,-9999,C22 H19 O3 N2 P1 S1,22,19,3,2,1,1,-9999,N/A,-9999,-9999
2551,421.077974,421.077799009,421.077472752,3331305.5,-9999,254994.5,19.93,-1,0.774816216,0.896792352,0,0.538075411,6,0.357142857,1.642857143,N4 S2 P1 O5,de-protonated,0,-9999,C14 H23 O5 N4 P1 S2,14,23,5,4,1,2,-9999,N/A,-9999,-9999
2552,421.114422,421.114247,421.114020452,4849902.5,-9999,262303.2,30.11,-1,0.537972726,0.474420562,0.822155738,0.613514632,10,0.5,1.1,O10,de-protonated,0,-9999,C20 H22 O10,20,22,10,-9999,-9999,-9999,-9999,N/A,-9999,-9999
2552,421.114422,421.114247,421.11450971,4849902.5,-9999,262303.2,30.11,-1,-0.623843364,0.465909682,0.800793265,0.599863115,14,0.086956522,1,N2 S1 P1 O2,de-protonated,0,-9999,C23 H23 O2 N2 P1 S1,23,23,2,2,1,1,-9999,N/A,-9999,-9999
2552,421.114422,421.114247,421.113858261,4849902.5,-9999,262303.2,30.11,-1,0.923121336,0.856738927,0,0.514043356,5,0.266666667,1.8,N4 S2 P1 O4,de-protonated,0,-9999,C15 H27 O4 N4 P1 S2,15,27,4,4,1,2,-9999,N/A,-9999,-9999
2553,421.123415,421.123239998,421.123403367,4895984,-9999,260806.8,30.42,-1,-0.38793596,0.486531235,0.748902347,0.59147968,23,0.064516129,0.580645161,O2,de-protonated,0,-9999,C31 H18 O2,31,18,2,-9999,-9999,-9999,-9999,N/A,-9999,-9999
2554,421.142679,421.142503993,421.142163753,4759794.5,-9999,243300.6,29.51,-1,0.807898043,0.444156366,0.81490939,0.592457576,9,0.333333333,1.285714286,P1 O7,de-protonated,0,-9999,C21 H27 O7 P1,21,27,7,-9999,1,-9999,-9999,N/A,-9999,-9999
2555,421.150826,421.150650991,421.150405962,2943219.8,-9999,262125.3,17.33,-1,0.581809726,0.940427383,0,0.56425643,9,0.428571429,1.238095238,O9,de-protonated,0,-9999,C21 H26 O9,21,26,9,-9999,-9999,-9999,-9999,N/A,-9999,-9999
2555,421.150826,421.150650991,421.150895219,2943219.8,-9999,262125.3,17.33,-1,-0.579906039,0.940804835,0,0.564482901,13,0.041666667,1.125,N2 S1 P1 O1,de-protonated,0,-9999,C24 H27 O1 N2 P1 S1,24,27,1,2,1,1,-9999,N/A,-9999,-9999
2555,421.150826,421.150650991,421.15024377,2943219.8,-9999,262125.3,17.33,-1,0.966925078,0.843964894,0,0.506378936,4,0.1875,1.9375,N4 S2 P1 O3,de-protonated,0,-9999,C16 H31 O3 N4 P1 S2,16,31,3,4,1,2,-9999,N/A,-9999,-9999
2556,421.155573,421.15539799,421.155766124,41949428,-9999,243395.6,278.87,-1,-0.874104867,0.577891754,0.919090951,0.714371433,18,0.111111111,0.814814815,N2 O3,de-protonated,0,-9999,C27 H22 O3 N2,27,22,3,2,-9999,-9999,-9999,N/A,-9999,-9999
2556,421.155573,421.15539799,421.155114676,41949428,-9999,243395.6,278.87,-1,0.672707906,0.616335472,0.964213641,0.755486739,9,0.263157895,1.368421053,N4 S1 O5,de-protonated,0,-9999,C19 H26 O5 N4 S1,19,26,5,4,-9999,1,-9999,N/A,-9999,-9999
2557,421.16385,421.163674988,421.163293121,1965301.8,-9999,264639.1,10.77,-1,0.906694817,0.861424257,0,0.516854554,4,0.5,1.722222222,P1 O9,de-protonated,0,-9999,C18 H31 O9 P1,18,31,9,-9999,1,-9999,-9999,N/A,-9999,-9999
2558,421.173295,421.173119986,421.17287274,2766071,-9999,279978.6,16.14,-1,0.587039714,0.939384832,0,0.563630899,9,0.368421053,1.368421053,N4 O7,de-protonated,0,-9999,C19 H26 O7 N4,19,26,7,4,-9999,-9999,-9999,N/A,-9999,-9999
2559,421.181501,421.181325984,421.180918244,2684152.3,-9999,257225.3,15.59,-1,0.968085525,0.8436211,0,0.50617266,17,0.103448276,0.896551724,O3,de-protonated,0,-9999,C29 H26 O3,29,26,3,-9999,-9999,-9999,-9999,N/A,-9999,-9999
2562,421.226922,421.226746972,421.226548284,30062846,-9999,245941.6,199.17,-1,0.471689998,0.638213879,0.96452057,0.768736556,2,0.35,1.9,S1 O7,de-protonated,0,-9999,C20 H38 O7 S1,20,38,7,-9999,-9999,1,-9999,N/A,-9999,-9999
2563,421.23669,421.23651497,421.23693352,2103040,-9999,279550.5,11.7,-1,-0.993621832,0.835987643,0,0.501592586,1,0.095238095,2.047619048,S2 P1 O2,de-protonated,0,-9999,C21 H43 O2 P1 S2,21,43,2,-9999,1,2,-9999,N/A,-9999,-9999
2564,421.263243,421.263067963,421.262933793,2130691.8,-9999,303581.5,11.88,-1,0.318494471,0.981762431,0,0.589057458,1,0.285714286,2,S1 O6,de-protonated,0,-9999,C21 H42 O6 S1,21,42,6,-9999,-9999,1,-9999,N/A,-9999,-9999
2566,422.158916,422.158740739,422.158409152,8528257,-9999,242972.4,54.78,-1,0.785456869,0.447047429,0.767553728,0.575249948,17,0.035714286,0.892857143,N1 S1 O1,de-protonated,0,-9999,C28 H25 O1 N1 S1,28,25,1,1,-9999,1,-9999,N/A,-9999,-9999
2566,422.158916,422.158740739,422.158542094,8528257,-9999,242972.4,54.78,-1,0.470547135,0.480310471,0.844689208,0.626061966,4,0.529411765,1.764705882,N1 P1 O9,de-protonated,0,-9999,C17 H30 O9 N1 P1,17,30,9,1,1,-9999,-9999,N/A,-9999,-9999
2566,422.158916,422.158740739,422.159120959,8528257,-9999,242972.4,54.78,-1,-0.900656432,0.575421181,0.919090951,0.712889089,18,0.111111111,0.814814815,13C1 N2 O3,de-protonated,1,2556,C26 H22 O3 N2 13C1,26,22,3,2,-9999,-9999,1,N/A,-9999,-9999
2566,422.158916,422.158740739,422.158469511,8528257,-9999,242972.4,54.78,-1,0.64247995,0.618558452,0.964213641,0.756820528,9,0.263157895,1.368421053,13C1 N4 S1 O5,de-protonated,1,2556,C18 H26 O5 N4 S1 13C1,18,26,5,4,-9999,1,1,N/A,-9999,-9999
2567,422.193574,422.19339873,422.193273833,5710214,-9999,254960.8,35.88,-1,0.295830752,0.949977702,0.85740217,0.912947489,8,0.35,1.45,N3 O7,de-protonated,0,-9999,C20 H29 O7 N3,20,29,7,3,-9999,-9999,-9999,N/A,-9999,-9999
2568,422.230293,422.230117721,422.229903119,6893963,-9999,245896.6,43.82,-1,0.508259406,0.636138917,0.96452057,0.767491579,2,0.35,1.9,13C1 S1 O7,de-protonated,1,2562,C19 H38 O7 S1 13C1,19,38,7,-9999,-9999,1,1,N/A,-9999,-9999
2568,422.230293,422.230117721,422.230528722,6893963,-9999,245896.6,43.82,-1,-0.973403442,0.42102107,0.807789663,0.575728507,6,0.045454545,1.681818182,N3 S2 O1,de-protonated,0,-9999,C22 H37 O1 N3 S2,22,37,1,3,-9999,2,-9999,N/A,-9999,-9999
2570,423.057133,423.056957514,423.056899498,2086395.6,-9999,262253.2,11.58,-1,0.137135675,0.996593456,0,0.597956074,11,0.666666667,0.888888889,O12,de-protonated,0,-9999,C18 H16 O12,18,16,12,-9999,-9999,-9999,-9999,N/A,-9999,-9999
2570,423.057133,423.056957514,423.056737307,2086395.6,-9999,262253.2,11.58,-1,0.520515345,0.95202782,0,0.571216692,6,0.461538462,1.615384615,N4 S2 P1 O6,de-protonated,0,-9999,C13 H21 O6 N4 P1 S2,13,21,6,4,1,2,-9999,N/A,-9999,-9999
2572,423.093625,423.093449505,423.093285008,4569600.5,-9999,264457.1,28.23,-1,0.388797747,0.972944292,0,0.583766575,10,0.578947368,1.052631579,O11,de-protonated,0,-9999,C19 H20 O11,19,20,11,-9999,-9999,-9999,-9999,N/A,-9999,-9999
2572,423.093625,423.093449505,423.093774265,4569600.5,-9999,264457.1,28.23,-1,-0.767583107,0.449304786,0.807789663,0.592698736,14,0.136363636,0.954545455,N2 S1 P1 O3,de-protonated,0,-9999,C22 H21 O3 N2 P1 S1,22,21,3,2,1,1,-9999,N/A,-9999,-9999
2572,423.093625,423.093449505,423.093122816,4569600.5,-9999,264457.1,28.23,-1,0.772144544,0.897465129,0,0.53847907800000006,5,0.357142857,1.785714286,N4 S2 P1 O5,de-protonated,0,-9999,C14 H25 O5 N4 P1 S2,14,25,5,4,1,2,-9999,N/A,-9999,-9999
2573,423.120532,423.120356499,423.120643918,2575364,-9999,278062.9,14.86,-1,-0.679284898,0.919683675,0,0.551810205,13,0.086956522,1.043478261,N2 S2 O2,de-protonated,0,-9999,C23 H24 O2 N2 S2,23,24,2,2,-9999,2,-9999,N/A,-9999,-9999
2573,423.120532,423.120356499,423.12077686,2575364,-9999,278062.9,14.86,-1,-0.993478025,0.83603099,0,0.501618594,0,0.833333333,2.416666667,N2 S1 P1 O10,de-protonated,0,-9999,C12 H29 O10 N2 P1 S1,12,29,10,2,1,1,-9999,N/A,-9999,-9999
2574,423.129996,423.129820496,423.129670517,5460485.5,-9999,262415.8,34.21,-1,0.354452263,0.488730659,0.822155738,0.622100691,9,0.5,1.2,O10,de-protonated,0,-9999,C20 H24 O10,20,24,10,-9999,-9999,-9999,-9999,N/A,-9999,-9999
2574,423.129996,423.129820496,423.130159774,5460485.5,-9999,262415.8,34.21,-1,-0.801829113,0.943048889,0.993485997,0.963223732,13,0.086956522,1.086956522,N2 S1 P1 O2,de-protonated,0,-9999,C23 H25 O2 N2 P1 S1,23,25,2,2,1,1,-9999,N/A,-9999,-9999
2574,423.129996,423.129820496,423.129508326,5460485.5,-9999,262415.8,34.21,-1,0.737766081,0.905958028,0,0.543574817,4,0.266666667,1.933333333,N4 S2 P1 O4,de-protonated,0,-9999,C15 H29 O4 N4 P1 S2,15,29,4,4,1,2,-9999,N/A,-9999,-9999
2575,423.139043,423.138867494,423.139053431,9808391,-9999,250907.2,63.36,-1,-0.439424138,0.955914312,0.907622951,0.936597767,22,0.064516129,0.64516129,O2,de-protonated,0,-9999,C31 H20 O2,31,20,2,-9999,-9999,-9999,-9999,N/A,-9999,-9999
2576,423.143079,423.142903493,423.142557676,1548807.1,-9999,273802.6,7.98,-1,0.817257496,0.885864426,0,0.531518655,4,0.588235294,1.705882353,P1 O10,de-protonated,0,-9999,C17 H29 O10 P1,17,29,10,-9999,1,-9999,-9999,N/A,-9999,-9999
2577,423.152639,423.152463491,423.152137295,15149576,-9999,247410.5,99.17,-1,0.77086938,0.91591274,0.98413846,0.943203028,9,0.444444444,1.333333333,N4 O8,de-protonated,0,-9999,C18 H24 O8 N4,18,24,8,4,-9999,-9999,-9999,N/A,-9999,-9999
2578,423.166541,423.166365487,423.166056026,2659850.3,-9999,299935,15.43,-1,0.731298681,0.907521201,0,0.544512721,8,0.428571429,1.333333333,O9,de-protonated,0,-9999,C21 H28 O9,21,28,9,-9999,-9999,-9999,-9999,N/A,-9999,-9999
2578,423.166541,423.166365487,423.166545284,2659850.3,-9999,299935,15.43,-1,-0.424883709,0.96777444,0,0.580664664,12,0.041666667,1.208333333,N2 S1 P1 O1,de-protonated,0,-9999,C24 H29 O1 N2 P1 S1,24,29,1,2,1,1,-9999,N/A,-9999,-9999
2579,423.168841,423.168665486,423.169047207,2806794.5,-9999,253920.6,16.41,-1,-0.902052263,0.862737777,0,0.517642666,8,0.3,1.45,N2 P1 O6,de-protonated,0,-9999,C20 H29 O6 N2 P1,20,29,6,2,1,-9999,-9999,N/A,-9999,-9999
2580,423.179381,423.179205484,423.178810244,2664972,-9999,237115.8,15.46,-1,0.933978067,0.853610382,0,0.512166229,16,0.034482759,0.965517241,S1 O1,de-protonated,0,-9999,C29 H28 O1 S1,29,28,1,-9999,-9999,1,-9999,N/A,-9999,-9999
2580,423.179381,423.179205484,423.178943186,2664972,-9999,237115.8,15.46,-1,0.61982762,0.932664164,0,0.559598499,3,0.5,1.833333333,P1 O9,de-protonated,0,-9999,C18 H33 O9 P1,18,33,9,-9999,1,-9999,-9999,N/A,-9999,-9999
2581,423.197099,423.196923479,423.196568309,2692622.5,-9999,276632.3,15.65,-1,0.839256701,0.880026102,0,0.528015661,16,0.103448276,0.965517241,O3,de-protonated,0,-9999,C29 H28 O3,29,28,3,-9999,-9999,-9999,-9999,N/A,-9999,-9999
2581,423.197099,423.196923479,423.196628668,2692622.5,-9999,276632.3,15.65,-1,0.696630515,0.915709621,0.85740217,0.892386641,8,0.35,1.45,13C1 N3 O7,de-protonated,1,2567,C19 H29 O7 N3 13C1,19,29,7,3,-9999,-9999,1,N/A,-9999,-9999
2582,423.202965,423.202789478,423.202441536,1675279.1,-9999,231080.7,8.83,-1,0.822165196,0.884572097,0,0.530743258,7,0.363636364,1.454545455,O8,de-protonated,0,-9999,C22 H32 O8,22,32,8,-9999,-9999,-9999,-9999,N/A,-9999,-9999
2583,423.215733,423.215557475,423.215328695,2745360.8,-9999,208210.6,16,-1,0.540574832,0.948358064,0,0.569014838,2,0.421052632,1.947368421,P1 O8,de-protonated,0,-9999,C19 H37 O8 P1,19,37,8,-9999,1,-9999,-9999,N/A,-9999,-9999
2584,423.239177,423.239001469,423.238827045,14764564,-9999,242846.3,96.59,-1,0.412116989,0.974996615,0.972518039,0.974005184,6,0.304347826,1.565217391,O7,de-protonated,0,-9999,C23 H36 O7,23,36,7,-9999,-9999,-9999,-9999,N/A,-9999,-9999
2584,423.239177,423.239001469,423.238664854,14764564,-9999,242846.3,96.59,-1,0.79533197,0.601141572,0.924914038,0.730650559,1,0.055555556,2.277777778,N4 S2 P1 O1,de-protonated,0,-9999,C18 H41 O1 N4 P1 S2,18,41,1,4,1,2,-9999,N/A,-9999,-9999
2585,423.252254,423.252078466,423.251714205,1415445.8,-9999,271614.2,7.08,-1,0.860625151,0.874244999,0,0.524546999,1,0.35,2.05,P1 O7,de-protonated,0,-9999,C20 H41 O7 P1,20,41,7,-9999,1,-9999,-9999,N/A,-9999,-9999
2587,424.133629,424.133453245,424.133514609,1414282.3,-9999,274151,7.08,-1,-0.144681271,0.996208999,0.993485997,0.99511979800000006,13,0.086956522,1.086956522,13C1 N2 S1 P1 O2,de-protonated,1,2574,C22 H25 O2 N2 P1 S1 13C1,22,25,2,2,1,1,1,N/A,-9999,-9999
2587,424.133629,424.133453245,424.133650955,1414282.3,-9999,274151,7.08,-1,-0.466149752,0.961339168,0,0.576803501,13,0.181818182,1.045454545,N3 S1 O4,de-protonated,0,-9999,C22 H23 O4 N3 S1,22,23,4,3,-9999,1,-9999,N/A,-9999,-9999
2588,424.14235,424.142174243,424.142408266,1850507.4,-9999,266784.3,10,-1,-0.551756964,0.946258524,0.907622951,0.930804295,22,0.064516129,0.64516129,13C1 O2,de-protonated,1,2575,C30 H20 O2 13C1,30,20,2,-9999,-9999,-9999,1,N/A,-9999,-9999
2589,424.155928,424.15575224,424.155431772,3298957.3,-9999,262483,19.71,-1,0.755543517,0.901604561,0,0.540962736,17,0.148148148,0.851851852,N1 O4,de-protonated,0,-9999,C27 H23 O4 N1,27,23,4,1,-9999,-9999,-9999,N/A,-9999,-9999
2589,424.155928,424.15575224,424.155492131,3298957.3,-9999,262483,19.71,-1,0.613239771,0.934039883,0.98413846,0.954079314,9,0.444444444,1.333333333,13C1 N4 O8,de-protonated,1,2577,C17 H24 O8 N4 13C1,17,24,8,4,-9999,-9999,1,N/A,-9999,-9999
2590,424.183819,424.183643233,424.183575073,2530960.8,-9999,273484.3,14.56,-1,0.160685266,0.995325997,0,0.597195598,16,0.035714286,1,N1 P1 O1,de-protonated,0,-9999,C28 H28 O1 N1 P1,28,28,1,1,1,-9999,-9999,N/A,-9999,-9999
2590,424.183819,424.183643233,424.183303746,2530960.8,-9999,273484.3,14.56,-1,0.800329027,0.890276935,0,0.534166161,2,0.333333333,1.944444444,N1 S2 O6,de-protonated,0,-9999,C18 H35 O6 N1 S2,18,35,6,1,-9999,2,-9999,N/A,-9999,-9999
2591,424.242498,424.242322218,424.24218188,4328088.5,-9999,244897.4,26.61,-1,0.330796653,0.980340537,0.972518039,0.977211537,6,0.304347826,1.565217391,13C1 O7,de-protonated,1,2584,C22 H36 O7 13C1,22,36,7,-9999,-9999,-9999,1,N/A,-9999,-9999
2591,424.242498,424.242322218,424.242019689,4328088.5,-9999,244897.4,26.61,-1,0.713105279,0.607905864,0.924914038,0.734709134,1,0.055555556,2.277777778,13C1 N4 S2 P1 O1,de-protonated,1,2584,C17 H41 O1 N4 P1 S2 13C1,17,41,1,4,1,2,1,N/A,-9999,-9999
2592,425.053051,425.052875015,425.052757605,1572096.8,-9999,301253.1,8.13,-1,0.276224678,0.986250847,0,0.591750508,20,0.272727273,0.454545455,N4 O6,de-protonated,0,-9999,C22 H10 O6 N4,22,10,6,4,-9999,-9999,-9999,N/A,-9999,-9999
2593,425.072851,425.07267501,425.072549563,3954435.3,-9999,227755.7,24.11,-1,0.295120372,0.984320759,0,0.590592455,10,0.666666667,1,O12,de-protonated,0,-9999,C18 H18 O12,18,18,12,-9999,-9999,-9999,-9999,N/A,-9999,-9999
2593,425.072851,425.07267501,425.07303882,3954435.3,-9999,227755.7,24.11,-1,-0.855875927,0.87553912,0,0.525323472,14,0.19047619,0.904761905,N2 S1 P1 O4,de-protonated,0,-9999,C21 H19 O4 N2 P1 S1,21,19,4,2,1,1,-9999,N/A,-9999,-9999
2593,425.072851,425.07267501,425.072387371,3954435.3,-9999,227755.7,24.11,-1,0.676682155,0.920272806,0,0.552163684,5,0.461538462,1.769230769,N4 S2 P1 O6,de-protonated,0,-9999,C13 H23 O6 N4 P1 S2,13,23,6,4,1,2,-9999,N/A,-9999,-9999
2594,425.109284,425.109108001,425.108935072,5833480,-9999,254352.8,36.71,-1,0.406787748,0.485210417,0.829532115,0.622939096,9,0.578947368,1.157894737,O11,de-protonated,0,-9999,C19 H22 O11,19,22,11,-9999,-9999,-9999,-9999,N/A,-9999,-9999
2594,425.109284,425.109108001,425.109424329,5833480,-9999,254352.8,36.71,-1,-0.744110164,0.45220697,0.807789663,0.594440047,13,0.136363636,1.045454545,N2 S1 P1 O3,de-protonated,0,-9999,C22 H23 O3 N2 P1 S1,22,23,3,2,1,1,-9999,N/A,-9999,-9999
2594,425.109284,425.109108001,425.108772881,5833480,-9999,254352.8,36.71,-1,0.788316915,0.893364937,0,0.536018962,4,0.357142857,1.928571429,N4 S2 P1 O5,de-protonated,0,-9999,C14 H27 O5 N4 P1 S2,14,27,5,4,1,2,-9999,N/A,-9999,-9999
2595,425.12473,425.124553997,425.124191213,1937673.8,-9999,297795,10.58,-1,0.853359937,0.876222574,0,0.525733545,13,0.347826087,0.956521739,O8,de-protonated,0,-9999,C23 H22 O8,23,22,8,-9999,-9999,-9999,-9999,N/A,-9999,-9999
2596,425.13616,425.135983994,425.136293982,4376331,-9999,267517.1,26.94,-1,-0.729149851,0.45401906,0.800793265,0.592728742,12,0.086956522,1.130434783,N2 S2 O2,de-protonated,0,-9999,C23 H26 O2 N2 S2,23,26,2,2,-9999,2,-9999,N/A,-9999,-9999
2597,425.145769,425.145592992,425.145320581,4552460.5,-9999,255841,28.12,-1,0.640747099,0.928212115,0,0.556927269,8,0.5,1.3,O10,de-protonated,0,-9999,C20 H26 O10,20,26,10,-9999,-9999,-9999,-9999,N/A,-9999,-9999
2597,425.145769,425.145592992,425.145809839,4552460.5,-9999,255841,28.12,-1,-0.510052584,0.476946136,0.800793265,0.606484988,12,0.086956522,1.173913043,N2 S1 P1 O2,de-protonated,0,-9999,C23 H27 O2 N2 P1 S1,23,27,2,2,1,1,-9999,N/A,-9999,-9999
2598,425.158797,425.158620989,425.158207741,1606414.1,-9999,229372.6,8.36,-1,0.971985945,0.84246357,0,0.505478142,3,0.588235294,1.823529412,P1 O10,de-protonated,0,-9999,C17 H31 O10 P1,17,31,10,-9999,1,-9999,-9999,N/A,-9999,-9999
2599,425.166256,425.166079987,425.166449949,1671951,-9999,230113.2,8.8,-1,-0.87015933,0.871631253,0,0.522978752,3,0.705882353,1.764705882,O12,de-protonated,0,-9999,C17 H30 O12,17,30,12,-9999,-9999,-9999,-9999,N/A,-9999,-9999
2599,425.166256,425.166079987,425.165936885,1671951,-9999,230113.2,8.8,-1,0.336578461,0.979654397,0,0.587792638,21,0.033333333,0.733333333,N2 O1,de-protonated,0,-9999,C30 H22 O1 N2,30,22,1,2,-9999,-9999,-9999,N/A,-9999,-9999
2600,425.171786,425.171609985,425.171810112,2403599.8,-9999,220693.7,13.71,-1,-0.470695497,0.960596601,0,0.576357961,12,0.260869565,1.130434783,N2 O6,de-protonated,0,-9999,C23 H26 O6 N2,23,26,6,2,-9999,-9999,-9999,N/A,-9999,-9999
2601,425.182209,425.182032983,425.181706091,1854225.1,-9999,319914.6,10.02,-1,0.768829331,0.898297428,0,0.538978457,7,0.428571429,1.428571429,O9,de-protonated,0,-9999,C21 H30 O9,21,30,9,-9999,-9999,-9999,-9999,N/A,-9999,-9999
2601,425.182209,425.182032983,425.182195348,1854225.1,-9999,319914.6,10.02,-1,-0.381872019,0.973887019,0,0.584332211,11,0.041666667,1.291666667,N2 S1 P1 O1,de-protonated,0,-9999,C24 H31 O1 N2 P1 S1,24,31,1,2,1,1,-9999,N/A,-9999,-9999
2602,425.195042,425.19486598,425.194460309,3200274.8,-9999,227393.8,19.05,-1,0.954083731,0.84775098,0,0.508650588,15,0.034482759,1.034482759,S1 O1,de-protonated,0,-9999,C29 H30 O1 S1,29,30,1,-9999,-9999,1,-9999,N/A,-9999,-9999
2602,425.195042,425.19486598,425.19459325,3200274.8,-9999,227393.8,19.05,-1,0.641422519,0.928066272,0,0.556839763,2,0.5,1.944444444,P1 O9,de-protonated,0,-9999,C18 H35 O9 P1,18,35,9,-9999,1,-9999,-9999,N/A,-9999,-9999
2603,425.210341,425.210164976,425.209849392,1629460.6,-9999,267410.4,8.52,-1,0.742184761,0.904883682,0,0.542930209,6,0.272727273,1.590909091,P1 O6,de-protonated,0,-9999,C22 H35 O6 P1,22,35,6,-9999,1,-9999,-9999,N/A,-9999,-9999
2604,425.218362,425.218185974,425.2180916,2431765.8,-9999,309454.8,13.9,-1,0.221942049,0.991101975,0,0.594661185,6,0.363636364,1.545454545,O8,de-protonated,0,-9999,C22 H34 O8,22,34,8,-9999,-9999,-9999,-9999,N/A,-9999,-9999
2604,425.218362,425.218185974,425.217929409,2431765.8,-9999,309454.8,13.9,-1,0.603373204,0.936076507,0,0.561645904,1,0.117647059,2.294117647,N4 S2 P1 O2,de-protonated,0,-9999,C17 H39 O2 N4 P1 S2,17,39,2,4,1,2,-9999,N/A,-9999,-9999
2605,425.276834,425.276657959,425.276943888,1669149,-9999,166922.9,8.78,-1,-0.672335486,0.921252467,0,0.55275148,5,0.238095238,1.80952381,N4 O5,de-protonated,0,-9999,C21 H38 O5 N4,21,38,5,4,-9999,-9999,-9999,N/A,-9999,-9999
2606,425.291303,425.291126956,425.290862619,1791774.9,-9999,285452,9.61,-1,0.621543639,0.932303736,0,0.559382241,4,0.25,1.75,O6,de-protonated,0,-9999,C24 H42 O6,24,42,6,-9999,-9999,-9999,-9999,N/A,-9999,-9999
2609,426.996403,426.996226529,426.996506031,1738736.9,-9999,262597.2,9.25,-1,-0.654575926,0.925200088,0,0.555120053,20,0.142857143,0.380952381,N4 S2 O3,de-protonated,0,-9999,C21 H8 O3 N4 S2,21,8,3,4,-9999,2,-9999,N/A,-9999,-9999
2610,427.052249,427.052072515,427.051814118,2080759.5,-9999,206101.4,11.54,-1,0.605072664,0.93572775,0,0.56143665,10,0.764705882,0.941176471,O13,de-protonated,0,-9999,C17 H16 O13,17,16,13,-9999,-9999,-9999,-9999,N/A,-9999,-9999
2610,427.052249,427.052072515,427.052303375,2080759.5,-9999,206101.4,11.54,-1,-0.540589453,0.948355344,0,0.569013206,14,0.25,0.85,N2 S1 P1 O5,de-protonated,0,-9999,C20 H17 O5 N2 P1 S1,20,17,5,2,1,1,-9999,N/A,-9999,-9999
2610,427.052249,427.052072515,427.051651926,2080759.5,-9999,206101.4,11.54,-1,0.984866132,0.83861949,0,0.503171694,5,0.583333333,1.75,N4 S2 P1 O7,de-protonated,0,-9999,C12 H21 O7 N4 P1 S2,12,21,7,4,1,2,-9999,N/A,-9999,-9999
2611,427.068761,427.068584511,427.06840767,2151929.5,-9999,277892.9,12.02,-1,0.41408223,0.969367061,0,0.581620237,19,0.272727273,0.545454545,N4 O6,de-protonated,0,-9999,C22 H12 O6 N4,22,12,6,4,-9999,-9999,-9999,N/A,-9999,-9999
2612,427.088544,427.088367506,427.088199627,5355516,-9999,239456.5,33.5,-1,0.393077943,0.486176834,0.837042051,0.626522921,9,0.666666667,1.111111111,O12,de-protonated,0,-9999,C18 H20 O12,18,20,12,-9999,-9999,-9999,-9999,N/A,-9999,-9999
2612,427.088544,427.088367506,427.088688884,5355516,-9999,239456.5,33.5,-1,-0.752486328,0.451179552,0.81490939,0.596671487,13,0.19047619,1,N2 S1 P1 O4,de-protonated,0,-9999,C21 H21 O4 N2 P1 S1,21,21,4,2,1,1,-9999,N/A,-9999,-9999
2612,427.088544,427.088367506,427.088037436,5355516,-9999,239456.5,33.5,-1,0.772838974,0.897290434,0,0.53837426,4,0.461538462,1.923076923,N4 S2 P1 O6,de-protonated,0,-9999,C13 H25 O6 N4 P1 S2,13,25,6,4,1,2,-9999,N/A,-9999,-9999
2613,427.117045,427.116868499,427.117212308,1520383.3,-9999,263978,7.78,-1,-0.804952125,0.889078897,0,0.533447338,7,0.2,1.45,S2 P1 O4,de-protonated,0,-9999,C20 H29 O4 P1 S2,20,29,4,-9999,1,2,-9999,N/A,-9999,-9999
2614,427.124916,427.124739497,427.124585136,5823488,-9999,250235,36.64,-1,0.361394565,0.488290153,0.829532115,0.624786938,8,0.578947368,1.263157895,O11,de-protonated,0,-9999,C19 H24 O11,19,24,11,-9999,-9999,-9999,-9999,N/A,-9999,-9999
2614,427.124916,427.124739497,427.125074394,5823488,-9999,250235,36.64,-1,-0.784072082,0.447223766,0.807789663,0.591450125,12,0.136363636,1.136363636,N2 S1 P1 O3,de-protonated,0,-9999,C22 H25 O3 N2 P1 S1,22,25,3,2,1,1,-9999,N/A,-9999,-9999
2614,427.124916,427.124739497,427.124422945,5823488,-9999,250235,36.64,-1,0.741123234,0.905142248,0,0.543085349,3,0.357142857,2.071428571,N4 S2 P1 O5,de-protonated,0,-9999,C14 H29 O5 N4 P1 S2,14,29,5,4,1,2,-9999,N/A,-9999,-9999
2615,427.140412,427.140235493,427.139841278,9571330,-9999,244106.8,61.77,-1,0.922918678,0.428398543,0.800793265,0.577356432,12,0.347826087,1.043478261,O8,de-protonated,0,-9999,C23 H24 O8,23,24,8,-9999,-9999,-9999,-9999,N/A,-9999,-9999
2616,427.153323,427.15314649,427.152728437,1422339.6,-9999,226006.9,7.13,-1,0.9786957,0.84046517,0,0.504279102,7,0.4,1.45,P1 O8,de-protonated,0,-9999,C20 H29 O8 P1,20,29,8,-9999,1,-9999,-9999,N/A,-9999,-9999
2617,427.161451,427.161274488,427.160970646,2933764.5,-9999,270447.5,17.26,-1,0.711305659,0.912283023,0,0.547369814,7,0.5,1.4,O10,de-protonated,0,-9999,C20 H28 O10,20,28,10,-9999,-9999,-9999,-9999,N/A,-9999,-9999
2617,427.161451,427.161274488,427.161459903,2933764.5,-9999,270447.5,17.26,-1,-0.434063819,0.966390772,0,0.579834463,11,0.086956522,1.260869565,N2 S1 P1 O2,de-protonated,0,-9999,C23 H29 O2 N2 P1 S1,23,29,2,2,1,1,-9999,N/A,-9999,-9999
2618,427.175166,427.174989484,427.174727185,1796038.3,-9999,177883.5,9.63,-1,0.614032452,0.933875021,0,0.560325013,1,0.277777778,2.055555556,S2 P1 O5,de-protonated,0,-9999,C18 H37 O5 P1 S2,18,37,5,-9999,1,2,-9999,N/A,-9999,-9999
2618,427.175166,427.174989484,427.175195216,1796038.3,-9999,177883.5,9.63,-1,-0.481609202,0.958786789,0,0.575272073,7,0.333333333,1.611111111,N4 P1 O6,de-protonated,0,-9999,C18 H29 O6 N4 P1,18,29,6,4,1,-9999,-9999,N/A,-9999,-9999
2619,427.187346,427.187169481,427.187460176,2298375.8,-9999,267816.2,13,-1,-0.680485895,0.919411194,0,0.551646717,11,0.260869565,1.217391304,N2 O6,de-protonated,0,-9999,C23 H28 O6 N2,23,28,6,2,-9999,-9999,-9999,N/A,-9999,-9999
2619,427.187346,427.187169481,427.186808728,2298375.8,-9999,267816.2,13,-1,0.844486841,0.878621052,0,0.527172631,2,0.533333333,2.133333333,N4 S1 O8,de-protonated,0,-9999,C15 H32 O8 N4 S1,15,32,8,4,-9999,1,-9999,N/A,-9999,-9999
2620,427.189678,427.189501481,427.189113947,2397192,-9999,290664.7,13.66,-1,0.907172217,0.861288917,0,0.51677335,6,0.333333333,1.571428571,P1 O7,de-protonated,0,-9999,C21 H33 O7 P1,21,33,7,-9999,1,-9999,-9999,N/A,-9999,-9999
2621,427.197778,427.197601479,427.197356155,1992712.9,-9999,248365,10.95,-1,0.574262869,0.941917341,0,0.565150405,6,0.428571429,1.523809524,O9,de-protonated,0,-9999,C21 H32 O9,21,32,9,-9999,-9999,-9999,-9999,N/A,-9999,-9999
2621,427.197778,427.197601479,427.197845413,1992712.9,-9999,248365,10.95,-1,-0.571008897,0.942554483,0,0.56553269,10,0.041666667,1.375,N2 S1 P1 O1,de-protonated,0,-9999,C24 H33 O1 N2 P1 S1,24,33,1,2,1,1,-9999,N/A,-9999,-9999
2621,427.197778,427.197601479,427.197193964,1992712.9,-9999,248365,10.95,-1,0.953926934,0.847797001,0,0.5086782,1,0.1875,2.3125,N4 S2 P1 O3,de-protonated,0,-9999,C16 H37 O3 N4 P1 S2,16,37,3,4,1,2,-9999,N/A,-9999,-9999
2622,427.210532,427.210355476,427.210110373,3247114.5,-9999,242817.2,19.36,-1,0.573728345,0.942022222,0,0.565213333,14,0.034482759,1.103448276,S1 O1,de-protonated,0,-9999,C29 H32 O1 S1,29,32,1,-9999,-9999,1,-9999,N/A,-9999,-9999
2622,427.210532,427.210355476,427.210243315,3247114.5,-9999,242817.2,19.36,-1,0.26254244,0.987570896,0,0.592542537,1,0.5,2.055555556,P1 O9,de-protonated,0,-9999,C18 H37 O9 P1,18,37,9,-9999,1,-9999,-9999,N/A,-9999,-9999
2623,427.22027,427.220093473,427.219822934,4241419.5,-9999,251743.2,26.03,-1,0.633255667,0.929820953,0,0.557892572,6,0.368421053,1.684210526,N4 O7,de-protonated,0,-9999,C19 H32 O7 N4,19,32,7,4,-9999,-9999,-9999,N/A,-9999,-9999
2624,427.234174,427.23399747,427.233741665,1750029.3,-9999,199612.1,9.32,-1,0.59874748,0.937021464,0,0.562212878,5,0.363636364,1.636363636,O8,de-protonated,0,-9999,C22 H36 O8,22,36,8,-9999,-9999,-9999,-9999,N/A,-9999,-9999
2624,427.234174,427.23399747,427.233579473,1750029.3,-9999,199612.1,9.32,-1,0.97837922,0.840559631,0,0.504335779,0,0.117647059,2.411764706,N4 S2 P1 O2,de-protonated,0,-9999,C17 H41 O2 N4 P1 S2,17,41,2,4,1,2,-9999,N/A,-9999,-9999
2625,427.256592,427.256415464,427.256208443,2027536,-9999,256070,11.18,-1,0.484535824,0.958295006,0,0.574977004,5,0.3,1.8,N4 O6,de-protonated,0,-9999,C20 H36 O6 N4,20,36,6,4,-9999,-9999,-9999,N/A,-9999,-9999
2630,429.067664,429.067487011,429.067464182,2210018.3,-9999,170915,12.41,-1,0.053205689,0.999486479,0,0.599691887,9,0.764705882,1.058823529,O13,de-protonated,0,-9999,C17 H18 O13,17,18,13,-9999,-9999,-9999,-9999,N/A,-9999,-9999
2630,429.067664,429.067487011,429.067301991,2210018.3,-9999,170915,12.41,-1,0.431214775,0.966823145,0,0.580093887,4,0.583333333,1.916666667,N4 S2 P1 O7,de-protonated,0,-9999,C12 H23 O7 N4 P1 S2,12,23,7,4,1,2,-9999,N/A,-9999,-9999
2631,429.104282,429.104105002,429.103849692,3581158.3,-9999,271899.4,21.6,-1,0.594984924,0.937785423,0,0.562671254,8,0.666666667,1.222222222,O12,de-protonated,0,-9999,C18 H22 O12,18,22,12,-9999,-9999,-9999,-9999,N/A,-9999,-9999
2631,429.104282,429.104105002,429.104338949,3581158.3,-9999,271899.4,21.6,-1,-0.545198469,0.947494586,0,0.568496751,12,0.19047619,1.095238095,N2 S1 P1 O4,de-protonated,0,-9999,C21 H23 O4 N2 P1 S1,21,23,4,2,1,1,-9999,N/A,-9999,-9999
2631,429.104282,429.104105002,429.1036875,3581158.3,-9999,271899.4,21.6,-1,0.972962162,0.842173379,0,0.505304027,3,0.461538462,2.076923077,N4 S2 P1 O6,de-protonated,0,-9999,C13 H27 O6 N4 P1 S2,13,27,6,4,1,2,-9999,N/A,-9999,-9999
2632,429.13289,429.132712995,429.132862372,1925353.6,-9999,241750.8,10.5,-1,-0.348091645,0.978254188,0,0.586952513,6,0.2,1.55,S2 P1 O4,de-protonated,0,-9999,C20 H31 O4 P1 S2,20,31,4,-9999,1,2,-9999,N/A,-9999,-9999
2633,429.137491,429.137313994,429.137733277,5029098,-9999,251606.2,31.31,-1,-0.977038028,0.42047986,0.800793265,0.572605222,11,0.260869565,1.130434783,S1 O6,de-protonated,0,-9999,C23 H26 O6 S1,23,26,6,-9999,-9999,1,-9999,N/A,-9999,-9999
2633,429.137491,429.137313994,429.137353155,5029098,-9999,251606.2,31.31,-1,-0.091256015,0.499245049,0.787157861,0.614410174,16,0.12,0.92,N2 P1 O3,de-protonated,0,-9999,C25 H23 O3 N2 P1,25,23,3,2,1,-9999,-9999,N/A,-9999,-9999
2633,429.137491,429.137313994,429.137081829,5029098,-9999,251606.2,31.31,-1,0.541003807,0.948278228,0,0.568966937,2,0.533333333,2,N2 S2 O8,de-protonated,0,-9999,C15 H30 O8 N2 S2,15,30,8,2,-9999,2,-9999,N/A,-9999,-9999
2634,429.14062,429.140442993,429.140235201,2645226.5,-9999,298600.3,15.33,-1,0.484205081,0.95835072,0,0.575010432,7,0.578947368,1.368421053,O11,de-protonated,0,-9999,C19 H26 O11,19,26,11,-9999,-9999,-9999,-9999,N/A,-9999,-9999
2634,429.14062,429.140442993,429.140724458,2645226.5,-9999,298600.3,15.33,-1,-0.655881512,0.92491291,0,0.554947746,11,0.136363636,1.227272727,N2 S1 P1 O3,de-protonated,0,-9999,C22 H27 O3 N2 P1 S1,22,27,3,2,1,1,-9999,N/A,-9999,-9999
2634,429.14062,429.140442993,429.14007301,2645226.5,-9999,298600.3,15.33,-1,0.86215023,0.873828317,0,0.52429699,2,0.357142857,2.214285714,N4 S2 P1 O5,de-protonated,0,-9999,C14 H31 O5 N4 P1 S2,14,31,5,4,1,2,-9999,N/A,-9999,-9999
2635,429.156028,429.155850989,429.155491342,17452268,-9999,242764.2,114.61,-1,0.838033641,0.860212951,0.943296833,0.893446504,11,0.347826087,1.130434783,O8,de-protonated,0,-9999,C23 H26 O8,23,26,8,-9999,-9999,-9999,-9999,N/A,-9999,-9999
2636,429.162991,429.162813987,429.162505275,1486061,-9999,220593.4,7.55,-1,0.719336366,0.91038319,0,0.546229914,15,0.111111111,1,P1 O3,de-protonated,0,-9999,C27 H27 O3 P1,27,27,3,-9999,1,-9999,-9999,N/A,-9999,-9999
2636,429.162991,429.162813987,429.16270198,1486061,-9999,220593.4,7.55,-1,0.260991243,0.98771643,0,0.592629858,7,0.529411765,1.529411765,N4 O9,de-protonated,0,-9999,C17 H26 O9 N4,17,26,9,4,-9999,-9999,-9999,N/A,-9999,-9999
2637,429.199455,429.199277978,429.198890784,5607665,-9999,242027.2,35.19,-1,0.902131239,0.431357736,0.767553728,0.565836133,14,0.071428571,1.107142857,P1 O2,de-protonated,0,-9999,C28 H31 O2 P1,28,31,2,-9999,1,-9999,-9999,N/A,-9999,-9999
2637,429.199455,429.199277978,429.199087489,5607665,-9999,242027.2,35.19,-1,0.443824888,0.48244467,0.837042051,0.624283622,6,0.444444444,1.666666667,N4 O8,de-protonated,0,-9999,C18 H30 O8 N4,18,30,8,4,-9999,-9999,-9999,N/A,-9999,-9999
2638,429.205343,429.205165977,429.204764011,1873649.8,-9999,285825.5,10.15,-1,0.936535467,0.852869781,0,0.511721868,5,0.333333333,1.666666667,P1 O7,de-protonated,0,-9999,C21 H35 O7 P1,21,35,7,-9999,1,-9999,-9999,N/A,-9999,-9999
2639,429.213495,429.213317975,429.21300622,1921778.6,-9999,196744.6,10.47,-1,0.726340886,0.908711988,0,0.545227193,5,0.428571429,1.619047619,O9,de-protonated,0,-9999,C21 H34 O9,21,34,9,-9999,-9999,-9999,-9999,N/A,-9999,-9999
2639,429.213495,429.213317975,429.213495477,1921778.6,-9999,196744.6,10.47,-1,-0.413552688,0.969444152,0,0.581666491,9,0.041666667,1.458333333,N2 S1 P1 O1,de-protonated,0,-9999,C24 H35 O1 N2 P1 S1,24,35,1,2,1,1,-9999,N/A,-9999,-9999
2640,429.235926,429.235748969,429.235472998,10616053,-9999,239232,68.77,-1,0.642935597,0.959099919,0.992390144,0.972416009,5,0.368421053,1.789473684,N4 O7,de-protonated,0,-9999,C19 H34 O7 N4,19,34,7,4,-9999,-9999,-9999,N/A,-9999,-9999
2641,429.286238,429.28606095599997,429.285777238,2168058.8,-9999,264153.4,12.13,-1,0.6609072,0.923802955,0,0.554281773,3,0.304347826,1.826086957,O7,de-protonated,0,-9999,C23 H42 O7,23,42,7,-9999,-9999,-9999,-9999,N/A,-9999,-9999
2642,429.297717,429.297539954,429.297880007,1553916.1,-9999,222129.2,8.01,-1,-0.792116584,0.892392037,0,0.535435222,2,0.043478261,2,N2 S2 O1,de-protonated,0,-9999,C23 H46 O1 N2 S2,23,46,1,2,-9999,2,-9999,N/A,-9999,-9999
2643,430.159445,430.159267738,430.158846177,2900315.8,-9999,276202.4,17.03,-1,0.980011689,0.840072169,0.943296833,0.881362034,11,0.347826087,1.130434783,13C1 O8,de-protonated,1,2635,C22 H26 O8 13C1,22,26,8,-9999,-9999,-9999,1,N/A,-9999,-9999
2643,430.159445,430.159267738,430.15947178,2900315.8,-9999,276202.4,17.03,-1,-0.474340997,0.959996306,0,0.575997784,15,0.08,1,N3 S1 O2,de-protonated,0,-9999,C25 H25 O2 N3 S1,25,25,2,3,-9999,1,-9999,N/A,-9999,-9999
2643,430.159445,430.159267738,430.159604722,2900315.8,-9999,276202.4,17.03,-1,-0.783392952,0.894620316,0,0.53677219,2,0.714285714,2.142857143,N3 P1 O10,de-protonated,0,-9999,C14 H30 O10 N3 P1,14,30,10,3,1,-9999,-9999,N/A,-9999,-9999
2644,430.173049,430.172871735,430.172739062,4165981.3,-9999,248746.2,25.52,-1,0.308416185,0.982888594,0,0.589733157,5,0.25,1.65,N1 S2 O5,de-protonated,0,-9999,C20 H33 O5 N1 S2,20,33,5,1,-9999,2,-9999,N/A,-9999,-9999
2646,430.231007,430.23082972,430.230525266,1500515.5,-9999,283792.4,7.65,-1,0.707653574,0.913141243,0,0.547884746,13,0.035714286,1.214285714,N1 P1 O1,de-protonated,0,-9999,C28 H34 O1 N1 P1,28,34,1,1,1,-9999,-9999,N/A,-9999,-9999
2647,430.239104,430.238926718,430.238767474,2065252.4,-9999,247964.6,11.44,-1,0.370128556,0.975448816,0,0.58526929,13,0.107142857,1.178571429,N1 O3,de-protonated,0,-9999,C28 H33 O3 N1,28,33,3,1,-9999,-9999,-9999,N/A,-9999,-9999
2647,430.239104,430.238926718,430.238827833,2065252.4,-9999,247964.6,11.44,-1,0.229836958,0.990460758,0.992390144,0.991232512,5,0.368421053,1.789473684,13C1 N4 O7,de-protonated,1,2640,C18 H34 O7 N4 13C1,18,34,7,4,-9999,-9999,1,N/A,-9999,-9999
2650,431.062258,431.062080512,431.061984879,1461181.3,-9999,308030.1,7.38,-1,0.221855678,0.991108868,0,0.594665321,13,0.55,0.8,O11,de-protonated,0,-9999,C20 H16 O11,20,16,11,-9999,-9999,-9999,-9999,N/A,-9999,-9999
2650,431.062258,431.062080512,431.062474136,1461181.3,-9999,308030.1,7.38,-1,-0.913147918,0.859590631,0,0.515754379,17,0.130434783,0.739130435,N2 S1 P1 O3,de-protonated,0,-9999,C23 H17 O3 N2 P1 S1,23,17,3,2,1,1,-9999,N/A,-9999,-9999
2650,431.062258,431.062080512,431.061822687,1461181.3,-9999,308030.1,7.38,-1,0.598115782,0.937150018,0,0.562290011,8,0.333333333,1.4,N4 S2 P1 O5,de-protonated,0,-9999,C15 H21 O5 N4 P1 S2,15,21,5,4,1,2,-9999,N/A,-9999,-9999
2651,431.098817,431.098639503,431.098370388,2606529.3,-9999,237364.1,15.06,-1,0.624254401,0.931732629,0,0.559039577,12,0.476190476,0.952380952,O10,de-protonated,0,-9999,C21 H20 O10,21,20,10,-9999,-9999,-9999,-9999,N/A,-9999,-9999
2651,431.098817,431.098639503,431.098859645,2606529.3,-9999,237364.1,15.06,-1,-0.510653856,0.953786054,0,0.572271632,16,0.083333333,0.875,N2 S1 P1 O2,de-protonated,0,-9999,C24 H21 O2 N2 P1 S1,24,21,2,2,1,1,-9999,N/A,-9999,-9999
2652,431.112139,431.1119615,431.112126927,1445058.6,-9999,214765.6,7.28,-1,-0.383723182,0.973636609,0,0.584181966,6,0.263157895,1.526315789,S2 P1 O5,de-protonated,0,-9999,C19 H29 O5 P1 S2,19,29,5,-9999,1,2,-9999,N/A,-9999,-9999
2653,431.119721,431.119543498,431.119499756,1885123.4,-9999,273031.8,10.23,-1,0.101460887,0.998133854,0,0.598880312,7,0.666666667,1.333333333,O12,de-protonated,0,-9999,C18 H24 O12,18,24,12,-9999,-9999,-9999,-9999,N/A,-9999,-9999
2653,431.119721,431.119543498,431.119337565,1885123.4,-9999,273031.8,10.23,-1,0.477670749,0.959444289,0,0.575666573,2,0.461538462,2.230769231,N4 S2 P1 O6,de-protonated,0,-9999,C13 H29 O6 N4 P1 S2,13,29,6,4,1,2,-9999,N/A,-9999,-9999
2654,431.131954,431.131776495,431.131873851,1640388.8,-9999,266970.1,8.59,-1,-0.22581632,0.990790059,0,0.594474035,20,0.035714286,0.75,N2 P1 O1,de-protonated,0,-9999,C28 H21 O1 N2 P1,28,21,1,2,1,-9999,-9999,N/A,-9999,-9999
2654,431.131954,431.131776495,431.131602525,1640388.8,-9999,266970.1,8.59,-1,0.403518429,0.970887413,0,0.582532448,6,0.333333333,1.555555556,N2 S2 O6,de-protonated,0,-9999,C18 H28 O6 N2 S2,18,28,6,2,-9999,2,-9999,N/A,-9999,-9999
2655,431.135112,431.134934494,431.134755897,1987013,-9999,242886.9,10.91,-1,0.414247807,0.969342938,0,0.581605763,11,0.409090909,1.090909091,O9,de-protonated,0,-9999,C22 H24 O9,22,24,9,-9999,-9999,-9999,-9999,N/A,-9999,-9999
2655,431.135112,431.134934494,431.135245155,1987013,-9999,242886.9,10.91,-1,-0.720564432,0.910091136,0,0.546054682,15,0.04,1,N2 S1 P1 O1,de-protonated,0,-9999,C25 H25 O1 N2 P1 S1,25,25,1,2,1,1,-9999,N/A,-9999,-9999
2655,431.135112,431.134934494,431.134593706,1987013,-9999,242886.9,10.91,-1,0.790444474,0.892820624,0,0.535692375,6,0.176470588,1.705882353,N4 S2 P1 O3,de-protonated,0,-9999,C17 H29 O3 N4 P1 S2,17,29,3,4,1,2,-9999,N/A,-9999,-9999
2656,431.148288,431.148110491,431.148512437,1891782.4,-9999,291757.9,10.27,-1,-0.932268341,0.854104732,0,0.512462839,5,0.2,1.65,S2 P1 O4,de-protonated,0,-9999,C20 H33 O4 P1 S2,20,33,4,-9999,1,2,-9999,N/A,-9999,-9999
2657,431.153151,431.152973489,431.153383342,9715143,-9999,245625,62.73,-1,-0.950595567,0.424386786,0.800793265,0.574949378,10,0.260869565,1.217391304,S1 O6,de-protonated,0,-9999,C23 H28 O6 S1,23,28,6,-9999,-9999,1,-9999,N/A,-9999,-9999
2657,431.153151,431.152973489,431.153003219,9715143,-9999,245625,62.73,-1,-0.068954581,0.986389073,0.943116077,0.969079875,15,0.12,1,N2 P1 O3,de-protonated,0,-9999,C25 H25 O3 N2 P1,25,25,3,2,1,-9999,-9999,N/A,-9999,-9999
2657,431.153151,431.152973489,431.152731893,9715143,-9999,245625,62.73,-1,0.560349425,0.966930832,0.983631278,0.97361101,1,0.533333333,2.133333333,N2 S2 O8,de-protonated,0,-9999,C15 H32 O8 N2 S2,15,32,8,2,-9999,2,-9999,N/A,-9999,-9999
2658,431.156059,431.155881489,431.155885265,1647559.3,-9999,304343.7,8.63,-1,-0.008759412,0.999986078,0,0.599991647,6,0.578947368,1.473684211,O11,de-protonated,0,-9999,C19 H28 O11,19,28,11,-9999,-9999,-9999,-9999,N/A,-9999,-9999
2658,431.156059,431.155881489,431.155723074,1647559.3,-9999,304343.7,8.63,-1,0.36741866,0.975802634,0,0.58548158,1,0.357142857,2.357142857,N4 S2 P1 O5,de-protonated,0,-9999,C14 H33 O5 N4 P1 S2,14,33,5,4,1,2,-9999,N/A,-9999,-9999
2659,431.178778,431.178600483,431.178352044,3076041.8,-9999,239209.7,18.21,-1,0.576186314,0.941539224,0,0.564923534,6,0.529411765,1.647058824,N4 O9,de-protonated,0,-9999,C17 H28 O9 N4,17,28,9,4,-9999,-9999,-9999,N/A,-9999,-9999
2660,431.184526,431.184348482,431.184028566,1995210.3,-9999,256961.8,10.97,-1,0.741946191,0.904941819,0,0.542965091,5,0.4,1.65,P1 O8,de-protonated,0,-9999,C20 H33 O8 P1,20,33,8,-9999,1,-9999,-9999,N/A,-9999,-9999
2661,431.194037,431.193859479,431.193608185,2126283.3,-9999,213051.1,11.84,-1,0.582786837,0.940233226,0,0.564139935,10,0.285714286,1.333333333,N4 O6,de-protonated,0,-9999,C21 H28 O6 N4,21,28,6,4,-9999,-9999,-9999,N/A,-9999,-9999
2662,431.215105,431.214927474,431.214540849,5985741.5,-9999,251993.1,37.72,-1,0.896595738,0.432137756,0.767553728,0.566304145,13,0.071428571,1.178571429,P1 O2,de-protonated,0,-9999,C28 H33 O2 P1,28,33,2,-9999,1,-9999,-9999,N/A,-9999,-9999
2662,431.215105,431.214927474,431.214737553,5985741.5,-9999,251993.1,37.72,-1,0.440431676,0.482707399,0.837042051,0.62444126,5,0.444444444,1.777777778,N4 O8,de-protonated,0,-9999,C18 H32 O8 N4,18,32,8,4,-9999,-9999,-9999,N/A,-9999,-9999
2663,431.221045,431.220867472,431.221283455,2604494.3,-9999,234815.8,15.05,-1,-0.964662511,0.844634418,0,0.506780651,3,0.090909091,1.863636364,S2 P1 O2,de-protonated,0,-9999,C22 H41 O2 P1 S2,22,41,2,-9999,1,2,-9999,N/A,-9999,-9999
2664,431.229,431.22882247,431.228656284,1782735,-9999,291451.7,9.54,-1,0.385378805,0.97341168,0,0.584047008,4,0.428571429,1.714285714,O9,de-protonated,0,-9999,C21 H36 O9,21,36,9,-9999,-9999,-9999,-9999,N/A,-9999,-9999
2664,431.229,431.22882247,431.229145541,1782735,-9999,291451.7,9.54,-1,-0.749186295,0.903170853,0,0.541902512,8,0.041666667,1.541666667,N2 S1 P1 O1,de-protonated,0,-9999,C24 H37 O1 N2 P1 S1,24,37,1,2,1,1,-9999,N/A,-9999,-9999
2666,432.086809,432.086631256,432.086246532,1440808.9,-9999,285552.1,7.25,-1,0.890387891,0.866016937,0,0.519610162,11,0.142857143,1.142857143,N1 S2 P1 O3,de-protonated,0,-9999,C21 H24 O3 N1 P1 S2,21,24,3,1,1,2,-9999,N/A,-9999,-9999
2667,432.15637,432.156192239,432.156358054,1795120.1,-9999,245893.1,9.62,-1,-0.383694382,0.973640514,0.943116077,0.961430739,15,0.12,1,13C1 N2 P1 O3,de-protonated,1,2657,C24 H25 O3 N2 P1 13C1,24,25,3,2,1,-9999,1,N/A,-9999,-9999
2667,432.15637,432.156192239,432.156086728,1795120.1,-9999,245893.1,9.62,-1,0.244148345,0.989242413,0.983631278,0.986997959,1,0.533333333,2.133333333,13C1 N2 S2 O8,de-protonated,1,2657,C14 H32 O8 N2 S2 13C1,14,32,8,2,-9999,2,1,N/A,-9999,-9999
2667,432.15637,432.156192239,432.1564944,1795120.1,-9999,245893.1,9.62,-1,-0.69919483,0.915115092,0,0.549069055,15,0.208333333,0.958333333,N3 O5,de-protonated,0,-9999,C24 H23 O5 N3,24,23,5,3,-9999,-9999,-9999,N/A,-9999,-9999
2668,432.170273,432.170095235,432.169761682,1531185.5,-9999,236743,7.85,-1,0.771809774,0.897549302,0,0.538529581,5,0.421052632,1.631578947,N1 S1 O8,de-protonated,0,-9999,C19 H31 O8 N1 S1,19,31,8,1,-9999,1,-9999,N/A,-9999,-9999
2670,432.969804,432.969626035,432.969347795,2474115,-9999,239615.6,14.18,-1,0.642632467,0.927804681,0,0.556682809,14,0.5,0.555555556,S2 O9,de-protonated,0,-9999,C18 H10 O9 S2,18,10,9,-9999,-9999,2,-9999,N/A,-9999,-9999
2671,433.0779,433.077722008,433.077634943,2155662,-9999,282139.4,12.04,-1,0.201037728,0.992693364,0,0.595616018,12,0.55,0.9,O11,de-protonated,0,-9999,C20 H18 O11,20,18,11,-9999,-9999,-9999,-9999,N/A,-9999,-9999
2671,433.0779,433.077722008,433.0781242,2155662,-9999,282139.4,12.04,-1,-0.928683265,0.855139306,0,0.513083584,16,0.130434783,0.826086957,N2 S1 P1 O3,de-protonated,0,-9999,C23 H19 O3 N2 P1 S1,23,19,3,2,1,1,-9999,N/A,-9999,-9999
2671,433.0779,433.077722008,433.077472752,2155662,-9999,282139.4,12.04,-1,0.575546615,0.941665102,0,0.564999061,7,0.333333333,1.533333333,N4 S2 P1 O5,de-protonated,0,-9999,C15 H23 O5 N4 P1 S2,15,23,5,4,1,2,-9999,N/A,-9999,-9999
2672,433.1143,433.114121999,433.114020452,2752145.8,-9999,281019.3,16.04,-1,0.234456712,0.990075352,0,0.594045211,11,0.476190476,1.047619048,O10,de-protonated,0,-9999,C21 H22 O10,21,22,10,-9999,-9999,-9999,-9999,N/A,-9999,-9999
2672,433.1143,433.114121999,433.11450971,2752145.8,-9999,281019.3,16.04,-1,-0.895169411,0.864676386,0,0.518805831,15,0.083333333,0.958333333,N2 S1 P1 O2,de-protonated,0,-9999,C24 H23 O2 N2 P1 S1,24,23,2,2,1,1,-9999,N/A,-9999,-9999
2672,433.1143,433.114121999,433.113858261,2752145.8,-9999,281019.3,16.04,-1,0.608934151,0.934932151,0,0.560959291,6,0.25,1.6875,N4 S2 P1 O4,de-protonated,0,-9999,C16 H27 O4 N4 P1 S2,16,27,4,4,1,2,-9999,N/A,-9999,-9999
2673,433.150906,433.15072799,433.150405962,2273941.3,-9999,216038.6,12.83,-1,0.743455343,0.904573806,0,0.542744284,10,0.409090909,1.181818182,O9,de-protonated,0,-9999,C22 H26 O9,22,26,9,-9999,-9999,-9999,-9999,N/A,-9999,-9999
2673,433.150906,433.15072799,433.150895219,2273941.3,-9999,216038.6,12.83,-1,-0.386076465,0.973316623,0,0.583989974,14,0.04,1.08,N2 S1 P1 O1,de-protonated,0,-9999,C25 H27 O1 N2 P1 S1,25,27,1,2,1,1,-9999,N/A,-9999,-9999
2674,433.163786,433.163607987,433.163293121,2336918.5,-9999,252428.5,13.25,-1,0.726897217,0.908578692,0,0.545147215,5,0.473684211,1.631578947,P1 O9,de-protonated,0,-9999,C19 H31 O9 P1,19,31,9,-9999,1,-9999,-9999,N/A,-9999,-9999
2675,433.173361,433.173182984,433.17287274,1682583.6,-9999,265224.6,8.87,-1,0.71621241,0.911124291,0,0.546674575,10,0.35,1.3,N4 O7,de-protonated,0,-9999,C20 H26 O7 N4,20,26,7,4,-9999,-9999,-9999,N/A,-9999,-9999
2676,433.194445,433.194266979,433.194002108,2852505.8,-9999,244279.5,16.71,-1,0.611436106,0.934414324,0,0.560648594,5,0.529411765,1.764705882,N4 O9,de-protonated,0,-9999,C17 H30 O9 N4,17,30,9,4,-9999,-9999,-9999,N/A,-9999,-9999
2677,433.200306,433.200127977,433.200548011,3870362.3,-9999,245997.7,23.54,-1,-0.969604411,0.843170704,0,0.505902422,3,0.142857143,1.857142857,S2 P1 O3,de-protonated,0,-9999,C21 H39 O3 P1 S2,21,39,3,-9999,1,2,-9999,N/A,-9999,-9999
2678,433.236447,433.236268968,433.23606414,1656989.9,-9999,276567.2,8.7,-1,0.47278686,0.960252742,0,0.576151645,3,0.333333333,1.857142857,P1 O7,de-protonated,0,-9999,C21 H39 O7 P1,21,39,7,-9999,1,-9999,-9999,N/A,-9999,-9999
2679,434.019155,434.018976773,434.018740341,1475819.4,-9999,254514.5,7.48,-1,0.544749312,0.947578755,0,0.568547253,13,0.555555556,0.722222222,N1 S1 O10,de-protonated,0,-9999,C18 H13 O10 N1 S1,18,13,10,1,-9999,1,-9999,N/A,-9999,-9999
2679,434.019155,434.018976773,434.019229599,1475819.4,-9999,254514.5,7.48,-1,-0.582522438,0.940285791,0,0.564171475,17,0.095238095,0.666666667,N3 S2 P1 O2,de-protonated,0,-9999,C21 H14 O2 N3 P1 S2,21,14,2,3,1,2,-9999,N/A,-9999,-9999
2683,435.057205,435.057026513,435.056899498,1663311.4,-9999,240760.8,8.74,-1,0.291949804,0.984653258,0,0.590791955,12,0.631578947,0.842105263,O12,de-protonated,0,-9999,C19 H16 O12,19,16,12,-9999,-9999,-9999,-9999,N/A,-9999,-9999
2683,435.057205,435.057026513,435.057388756,1663311.4,-9999,240760.8,8.74,-1,-0.8326317,0.881796533,0,0.52907792,16,0.181818182,0.772727273,N2 S1 P1 O4,de-protonated,0,-9999,C22 H17 O4 N2 P1 S1,22,17,4,2,1,1,-9999,N/A,-9999,-9999
2683,435.057205,435.057026513,435.056737307,1663311.4,-9999,240760.8,8.74,-1,0.66475492,0.922948344,0,0.553769006,7,0.428571429,1.5,N4 S2 P1 O6,de-protonated,0,-9999,C14 H21 O6 N4 P1 S2,14,21,6,4,1,2,-9999,N/A,-9999,-9999
2684,435.093681,435.093502504,435.093285008,3019602.8,-9999,242549.4,17.83,-1,0.499884303,0.955671369,0,0.573402822,11,0.55,1,O11,de-protonated,0,-9999,C20 H20 O11,20,20,11,-9999,-9999,-9999,-9999,N/A,-9999,-9999
2684,435.093681,435.093502504,435.093774265,3019602.8,-9999,242549.4,17.83,-1,-0.62460339,0.931658949,0,0.558995369,15,0.130434783,0.913043478,N2 S1 P1 O3,de-protonated,0,-9999,C23 H21 O3 N2 P1 S1,23,21,3,2,1,1,-9999,N/A,-9999,-9999
2684,435.093681,435.093502504,435.093122816,3019602.8,-9999,242549.4,17.83,-1,0.87265832,0.87094271,0,0.522565626,6,0.333333333,1.666666667,N4 S2 P1 O5,de-protonated,0,-9999,C15 H25 O5 N4 P1 S2,15,25,5,4,1,2,-9999,N/A,-9999,-9999
2685,435.130074,435.129895495,435.129670517,4557654.5,-9999,223302,28.14,-1,0.517036337,0.476325785,0.81490939,0.611759227,10,0.476190476,1.142857143,O10,de-protonated,0,-9999,C21 H24 O10,21,24,10,-9999,-9999,-9999,-9999,N/A,-9999,-9999
2685,435.130074,435.129895495,435.130159774,4557654.5,-9999,223302,28.14,-1,-0.607357346,0.467628778,0.793917021,0.598144075,14,0.083333333,1.041666667,N2 S1 P1 O2,de-protonated,0,-9999,C24 H25 O2 N2 P1 S1,24,25,2,2,1,1,-9999,N/A,-9999,-9999
2685,435.130074,435.129895495,435.129508326,4557654.5,-9999,223302,28.14,-1,0.889779189,0.866187227,0,0.519712336,5,0.25,1.8125,N4 S2 P1 O4,de-protonated,0,-9999,C16 H29 O4 N4 P1 S2,16,29,4,4,1,2,-9999,N/A,-9999,-9999
2686,435.166406,435.166227486,435.166056026,2493273.8,-9999,247790.6,14.3,-1,0.394009163,0.97222436,0,0.583334616,9,0.409090909,1.272727273,O9,de-protonated,0,-9999,C22 H28 O9,22,28,9,-9999,-9999,-9999,-9999,N/A,-9999,-9999
2686,435.166406,435.166227486,435.166545284,2493273.8,-9999,247790.6,14.3,-1,-0.730290368,0.907763912,0,0.544658347,13,0.04,1.16,N2 S1 P1 O1,de-protonated,0,-9999,C25 H29 O1 N2 P1 S1,25,29,1,2,1,1,-9999,N/A,-9999,-9999
2686,435.166406,435.166227486,435.165893835,2493273.8,-9999,247790.6,14.3,-1,0.766720803,0.89882532,0,0.539295192,4,0.176470588,1.941176471,N4 S2 P1 O3,de-protonated,0,-9999,C17 H33 O3 N4 P1 S2,17,33,3,4,1,2,-9999,N/A,-9999,-9999
2687,435.179434,435.179255482,435.178943186,3285851,-9999,252051.6,19.62,-1,0.717627978,0.910788798,0,0.546473279,4,0.473684211,1.736842105,P1 O9,de-protonated,0,-9999,C19 H33 O9 P1,19,33,9,-9999,1,-9999,-9999,N/A,-9999,-9999
2688,435.188916,435.18873748,435.1883261,1554267.9,-9999,302017.5,8.01,-1,0.945291197,0.850323775,0,0.510194265,17,0.033333333,0.966666667,P1 O1,de-protonated,0,-9999,C30 H29 O1 P1,30,29,1,-9999,1,-9999,-9999,N/A,-9999,-9999
2688,435.188916,435.18873748,435.188522805,1554267.9,-9999,302017.5,8.01,-1,0.493292429,0.95680731,0,0.574084386,9,0.35,1.4,N4 O7,de-protonated,0,-9999,C20 H28 O7 N4,20,28,7,4,-9999,-9999,-9999,N/A,-9999,-9999
2689,435.215979,435.215800473,435.216198075,4389726.5,-9999,251820.4,27.02,-1,-0.913573018,0.859469522,0,0.515681713,2,0.142857143,1.952380952,S2 P1 O3,de-protonated,0,-9999,C21 H41 O3 P1 S2,21,41,3,-9999,1,2,-9999,N/A,-9999,-9999
2691,436.09723,436.097051253,436.097265446,1433520.6,-9999,208809.3,7.2,-1,-0.491158184,0.957172148,0,0.574303289,15,0.227272727,0.863636364,N3 S1 O5,de-protonated,0,-9999,C22 H19 O5 N3 S1,22,19,5,3,-9999,1,-9999,N/A,-9999,-9999
2693,436.964824,436.964645036,436.964262414,5081087.5,-9999,238212.2,31.72,-1,0.875635384,0.870120579,0,0.522072347,13,0.588235294,0.588235294,S2 O10,de-protonated,0,-9999,C17 H10 O10 S2,17,10,10,-9999,-9999,2,-9999,N/A,-9999,-9999
2694,437.07286,437.072681009,437.072549563,2628105.3,-9999,228716.7,15.24,-1,0.300742218,0.983722645,0,0.590233587,11,0.631578947,0.947368421,O12,de-protonated,0,-9999,C19 H18 O12,19,18,12,-9999,-9999,-9999,-9999,N/A,-9999,-9999
2694,437.07286,437.072681009,437.07303882,2628105.3,-9999,228716.7,15.24,-1,-0.818653063,0.885497531,0,0.531298519,15,0.181818182,0.863636364,N2 S1 P1 O4,de-protonated,0,-9999,C22 H19 O4 N2 P1 S1,22,19,4,2,1,1,-9999,N/A,-9999,-9999
2694,437.07286,437.072681009,437.072387371,2628105.3,-9999,228716.7,15.24,-1,0.671828069,0.921366486,0,0.552819891,6,0.428571429,1.642857143,N4 S2 P1 O6,de-protonated,0,-9999,C14 H23 O6 N4 P1 S2,14,23,6,4,1,2,-9999,N/A,-9999,-9999
2695,437.109302,437.109123,437.108935072,4260876.5,-9999,265097.8,26.21,-1,0.429933337,0.967016752,0,0.580210051,10,0.55,1.1,O11,de-protonated,0,-9999,C20 H22 O11,20,22,11,-9999,-9999,-9999,-9999,N/A,-9999,-9999
2695,437.109302,437.109123,437.109424329,4260876.5,-9999,265097.8,26.21,-1,-0.689368909,0.458691711,0.800793265,0.595532333,14,0.130434783,1,N2 S1 P1 O3,de-protonated,0,-9999,C23 H23 O3 N2 P1 S1,23,23,3,2,1,1,-9999,N/A,-9999,-9999
2695,437.109302,437.109123,437.108772881,4260876.5,-9999,265097.8,26.21,-1,0.800988346,0.890106402,0,0.534063841,5,0.333333333,1.8,N4 S2 P1 O5,de-protonated,0,-9999,C15 H27 O5 N4 P1 S2,15,27,5,4,1,2,-9999,N/A,-9999,-9999
2696,437.118358,437.118178997,437.118317987,2333197.3,-9999,247660.3,13.26,-1,-0.317966729,0.981822267,0,0.58909336,23,0.096774194,0.580645161,O3,de-protonated,0,-9999,C31 H18 O3,31,18,3,-9999,-9999,-9999,-9999,N/A,-9999,-9999
2697,437.14574,437.145560991,437.145320581,3815439.8,-9999,252522.7,23.22,-1,0.549952677,0.946599885,0,0.567959931,9,0.476190476,1.238095238,O10,de-protonated,0,-9999,C21 H26 O10,21,26,10,-9999,-9999,-9999,-9999,N/A,-9999,-9999
2697,437.14574,437.145560991,437.145809839,3815439.8,-9999,252522.7,23.22,-1,-0.569256539,0.942896279,0,0.565737768,13,0.083333333,1.125,N2 S1 P1 O2,de-protonated,0,-9999,C24 H27 O2 N2 P1 S1,24,27,2,2,1,1,-9999,N/A,-9999,-9999
2697,437.14574,437.145560991,437.14515839,3815439.8,-9999,252522.7,23.22,-1,0.920976847,0.857353914,0,0.514412349,4,0.25,1.9375,N4 S2 P1 O4,de-protonated,0,-9999,C16 H31 O4 N4 P1 S2,16,31,4,4,1,2,-9999,N/A,-9999,-9999
2698,437.16817,437.167990985,437.167590655,2533393.8,-9999,246840.4,14.6,-1,0.915734716,0.858853054,0,0.515311833,17,0.068965517,0.931034483,P1 O2,de-protonated,0,-9999,C29 H27 O2 P1,29,27,2,-9999,1,-9999,-9999,N/A,-9999,-9999
2698,437.16817,437.167990985,437.16778736,2533393.8,-9999,246840.4,14.6,-1,0.465782373,0.961398891,0,0.576839335,9,0.421052632,1.368421053,N4 O8,de-protonated,0,-9999,C19 H26 O8 N4,19,26,8,4,-9999,-9999,-9999,N/A,-9999,-9999
2699,437.182308,437.182128981,437.181706091,2745363,-9999,261658.4,16.03,-1,0.96731116,0.843850544,0,0.506310326,8,0.409090909,1.363636364,O9,de-protonated,0,-9999,C22 H30 O9,22,30,9,-9999,-9999,-9999,-9999,N/A,-9999,-9999
2699,437.182308,437.182128981,437.182195348,2745363,-9999,261658.4,16.03,-1,-0.151805374,0.995827268,0,0.597496361,12,0.04,1.24,N2 S1 P1 O1,de-protonated,0,-9999,C25 H31 O1 N2 P1 S1,25,31,1,2,1,1,-9999,N/A,-9999,-9999
2700,437.19514,437.194960978,437.19459325,3855380,-9999,218016.9,23.48,-1,0.841108214,0.879529444,0,0.527717666,3,0.473684211,1.842105263,P1 O9,de-protonated,0,-9999,C19 H35 O9 P1,19,35,9,-9999,1,-9999,-9999,N/A,-9999,-9999
2701,437.231466,437.231286969,437.23097876,2936855.3,-9999,254412.8,17.31,-1,0.704912376,0.913783034,0,0.54826982,2,0.4,1.95,P1 O8,de-protonated,0,-9999,C20 H39 O8 P1,20,39,8,-9999,1,-9999,-9999,N/A,-9999,-9999
2704,438.967753,438.967573535,438.967647518,1595054.3,-9999,260477.9,8.29,-1,-0.168539906,0.994859083,0,0.59691545,8,0.833333333,1.083333333,N2 S2 P1 O10,de-protonated,0,-9999,C12 H13 O10 N2 P1 S2,12,13,10,2,1,2,-9999,N/A,-9999,-9999
2705,439.05194,439.051760514,439.051814118,1969333.4,-9999,249265.2,10.81,-1,-0.122090243,0.997298975,0,0.598379385,11,0.722222222,0.888888889,O13,de-protonated,0,-9999,C18 H16 O13,18,16,13,-9999,-9999,-9999,-9999,N/A,-9999,-9999
2705,439.05194,439.051760514,439.051651926,1969333.4,-9999,249265.2,10.81,-1,0.24732258,0.98896243,0,0.593377458,6,0.538461538,1.615384615,N4 S2 P1 O7,de-protonated,0,-9999,C13 H21 O7 N4 P1 S2,13,21,7,4,1,2,-9999,N/A,-9999,-9999
2706,439.068415,439.06823551,439.067939639,1552054.8,-9999,299939.6,8.01,-1,0.673861036,0.920909236,0,0.552545541,14,0.217391304,0.869565217,S2 O5,de-protonated,0,-9999,C23 H20 O5 S2,23,20,5,-9999,-9999,2,-9999,N/A,-9999,-9999
2706,439.068415,439.06823551,439.06840767,1552054.8,-9999,299939.6,8.01,-1,-0.392102621,0.972488789,0,0.583493274,20,0.260869565,0.52173913,N4 O6,de-protonated,0,-9999,C23 H12 O6 N4,23,12,6,4,-9999,-9999,-9999,N/A,-9999,-9999
2707,439.088606,439.088426505,439.088199627,4330680.5,-9999,245968.6,26.68,-1,0.516701512,0.952711402,0,0.571626841,10,0.631578947,1.052631579,O12,de-protonated,0,-9999,C19 H20 O12,19,20,12,-9999,-9999,-9999,-9999,N/A,-9999,-9999
2707,439.088606,439.088426505,439.088688884,4330680.5,-9999,245968.6,26.68,-1,-0.597555392,0.468631981,0.807789663,0.604295054,14,0.181818182,0.954545455,N2 S1 P1 O4,de-protonated,0,-9999,C22 H21 O4 N2 P1 S1,22,21,4,2,1,1,-9999,N/A,-9999,-9999
2707,439.088606,439.088426505,439.088037436,4330680.5,-9999,245968.6,26.68,-1,0.886083959,0.867219217,0,0.52033153,5,0.428571429,1.785714286,N4 S2 P1 O6,de-protonated,0,-9999,C14 H25 O6 N4 P1 S2,14,25,6,4,1,2,-9999,N/A,-9999,-9999
2708,439.124938,439.124758496,439.124585136,5953723.5,-9999,234598.8,37.58,-1,0.394783406,0.486058315,0.822155738,0.620497284,9,0.55,1.2,O11,de-protonated,0,-9999,C20 H24 O11,20,24,11,-9999,-9999,-9999,-9999,N/A,-9999,-9999
2708,439.124938,439.124758496,439.125074394,5953723.5,-9999,234598.8,37.58,-1,-0.719381036,0.455186287,0.800793265,0.593429078,13,0.130434783,1.086956522,N2 S1 P1 O3,de-protonated,0,-9999,C23 H25 O3 N2 P1 S1,23,25,3,2,1,1,-9999,N/A,-9999,-9999
2708,439.124938,439.124758496,439.124422945,5953723.5,-9999,234598.8,37.58,-1,0.764135201,0.899471095,0,0.539682657,4,0.333333333,1.933333333,N4 S2 P1 O5,de-protonated,0,-9999,C15 H29 O5 N4 P1 S2,15,29,5,4,1,2,-9999,N/A,-9999,-9999
2709,439.134102,439.133922493,439.133968051,6521020.5,-9999,228253.3,41.4,-1,-0.103744452,0.499024495,0.748902347,0.598975636,22,0.096774194,0.64516129,O3,de-protonated,0,-9999,C31 H20 O3,31,20,3,-9999,-9999,-9999,-9999,N/A,-9999,-9999
2710,439.161303,439.161123486,439.160970646,3118270.8,-9999,248846.3,18.53,-1,0.348028773,0.978261957,0,0.586957174,8,0.476190476,1.333333333,O10,de-protonated,0,-9999,C21 H28 O10,21,28,10,-9999,-9999,-9999,-9999,N/A,-9999,-9999
2710,439.161303,439.161123486,439.161459903,3118270.8,-9999,248846.3,18.53,-1,-0.766043305,0.898994697,0,0.539396818,12,0.083333333,1.208333333,N2 S1 P1 O2,de-protonated,0,-9999,C24 H29 O2 N2 P1 S1,24,29,2,2,1,1,-9999,N/A,-9999,-9999
2710,439.161303,439.161123486,439.160808454,3118270.8,-9999,248846.3,18.53,-1,0.717349949,0.910854734,0,0.546512841,3,0.25,2.0625,N4 S2 P1 O4,de-protonated,0,-9999,C16 H33 O4 N4 P1 S2,16,33,4,4,1,2,-9999,N/A,-9999,-9999
2711,439.197793,439.197613477,439.197356155,1949377.8,-9999,293024,10.68,-1,0.585891908,0.939614336,0,0.563768602,7,0.409090909,1.454545455,O9,de-protonated,0,-9999,C22 H32 O9,22,32,9,-9999,-9999,-9999,-9999,N/A,-9999,-9999
2711,439.197793,439.197613477,439.197845413,1949377.8,-9999,293024,10.68,-1,-0.528088139,0.95065707,0,0.570394242,11,0.04,1.32,N2 S1 P1 O1,de-protonated,0,-9999,C25 H33 O1 N2 P1 S1,25,33,1,2,1,1,-9999,N/A,-9999,-9999
2711,439.197793,439.197613477,439.197193964,1949377.8,-9999,293024,10.68,-1,0.955182576,0.847428322,0,0.508456993,2,0.176470588,2.176470588,N4 S2 P1 O3,de-protonated,0,-9999,C17 H37 O3 N4 P1 S2,17,37,3,4,1,2,-9999,N/A,-9999,-9999
2712,439.211891,439.211711474,439.211960848,1691202.9,-9999,160293.7,8.94,-1,-0.567775884,0.943184358,0,0.565910615,2,0.444444444,2,N2 S1 O8,de-protonated,0,-9999,C18 H36 O8 N2 S1,18,36,8,2,-9999,1,-9999,N/A,-9999,-9999
2712,439.211891,439.211711474,439.211580725,1691202.9,-9999,160293.7,8.94,-1,0.297689238,0.98404881,0,0.590429286,7,0.25,1.65,N4 P1 O5,de-protonated,0,-9999,C20 H33 O5 N4 P1,20,33,5,4,1,-9999,-9999,N/A,-9999,-9999
2713,439.220357,439.220177472,439.219822934,2470595.5,-9999,252311.4,14.18,-1,0.807199345,0.888494641,0,0.533096785,7,0.35,1.6,N4 O7,de-protonated,0,-9999,C20 H32 O7 N4,20,32,7,4,-9999,-9999,-9999,N/A,-9999,-9999
2714,439.270676,439.270496459,439.270127174,2214599.8,-9999,254382.3,12.46,-1,0.840679174,0.879644604,0,0.527786762,5,0.291666667,1.666666667,O7,de-protonated,0,-9999,C24 H40 O7,24,40,7,-9999,-9999,-9999,-9999,N/A,-9999,-9999
2718,440.947406,440.94722604,440.947563522,15696210,-9999,236388.6,103.05,-1,-0.765357444,0.449583022,0.829532115,0.601562659,17,0.473684211,0.368421053,S1 P1 O9,de-protonated,0,-9999,C19 H7 O9 P1 S1,19,7,9,-9999,1,1,-9999,N/A,-9999,-9999
2719,441.067849,441.06766901,441.067464182,2228571.3,-9999,270986.8,12.55,-1,0.464390148,0.961624825,0,0.576974895,10,0.722222222,1,O13,de-protonated,0,-9999,C18 H18 O13,18,18,13,-9999,-9999,-9999,-9999,N/A,-9999,-9999
2719,441.067849,441.06766901,441.06795344,2228571.3,-9999,270986.8,12.55,-1,-0.64486654,0.927320574,0,0.556392345,14,0.238095238,0.904761905,N2 S1 P1 O5,de-protonated,0,-9999,C21 H19 O5 N2 P1 S1,21,19,5,2,1,1,-9999,N/A,-9999,-9999
2719,441.067849,441.06766901,441.067301991,2228571.3,-9999,270986.8,12.55,-1,0.832114993,0.881934175,0,0.529160505,5,0.538461538,1.769230769,N4 S2 P1 O7,de-protonated,0,-9999,C13 H23 O7 N4 P1 S2,13,23,7,4,1,2,-9999,N/A,-9999,-9999
2720,441.104173,441.103993001,441.103849692,4013406.3,-9999,237300.5,24.54,-1,0.324887098,0.981030034,0,0.588618021,9,0.631578947,1.157894737,O12,de-protonated,0,-9999,C19 H22 O12,19,22,12,-9999,-9999,-9999,-9999,N/A,-9999,-9999
2720,441.104173,441.103993001,441.104338949,4013406.3,-9999,237300.5,24.54,-1,-0.784277935,0.894395137,0,0.536637082,13,0.181818182,1.045454545,N2 S1 P1 O4,de-protonated,0,-9999,C22 H23 O4 N2 P1 S1,22,23,4,2,1,1,-9999,N/A,-9999,-9999
2720,441.104173,441.103993001,441.1036875,4013406.3,-9999,237300.5,24.54,-1,0.69258156,0.916644692,0,0.549986815,4,0.428571429,1.928571429,N4 S2 P1 O6,de-protonated,0,-9999,C14 H27 O6 N4 P1 S2,14,27,6,4,1,2,-9999,N/A,-9999,-9999
2721,441.119756,441.119575997,441.119975213,1684319.4,-9999,244540.7,8.89,-1,-0.905005736,0.861902698,0,0.517141619,12,0.166666667,1.083333333,S2 O4,de-protonated,0,-9999,C24 H26 O4 S2,24,26,4,-9999,-9999,2,-9999,N/A,-9999,-9999
2721,441.119756,441.119575997,441.11959509,1684319.4,-9999,244540.7,8.89,-1,-0.043284379,0.999660107,0,0.599796064,17,0.038461538,0.884615385,N2 S1 P1 O1,de-protonated,0,-9999,C26 H23 O1 N2 P1 S1,26,23,1,2,1,1,-9999,N/A,-9999,-9999
2722,441.131086,441.130905994,441.131208602,3383648.3,-9999,263212.8,20.31,-1,-0.685982369,0.918159059,0,0.550895435,12,0.130434783,1.130434783,N2 S2 O3,de-protonated,0,-9999,C23 H26 O3 N2 S2,23,26,3,2,-9999,2,-9999,N/A,-9999,-9999
2723,441.140712,441.140531991,441.140235201,4100449,-9999,234054.3,25.13,-1,0.672780302,0.921152455,0,0.552691473,8,0.55,1.3,O11,de-protonated,0,-9999,C20 H26 O11,20,26,11,-9999,-9999,-9999,-9999,N/A,-9999,-9999
2723,441.140712,441.140531991,441.140724458,4100449,-9999,234054.3,25.13,-1,-0.436293633,0.966050523,0,0.579630314,12,0.130434783,1.173913043,N2 S1 P1 O3,de-protonated,0,-9999,C23 H27 O3 N2 P1 S1,23,27,3,2,1,1,-9999,N/A,-9999,-9999
2724,441.166611,441.166430985,441.166724732,1650019.1,-9999,215110.8,8.66,-1,-0.665840329,0.922706512,0,0.553623907,12,0.304347826,1.130434783,N2 O7,de-protonated,0,-9999,C23 H26 O7 N2,23,26,7,2,-9999,-9999,-9999,N/A,-9999,-9999
2724,441.166611,441.166430985,441.166073283,1650019.1,-9999,215110.8,8.66,-1,0.810810496,0.887553174,0,0.532531904,3,0.6,2,N4 S1 O9,de-protonated,0,-9999,C15 H30 O9 N4 S1,15,30,9,4,-9999,1,-9999,N/A,-9999,-9999
2725,441.176921,441.176740982,441.17662071,2535780,-9999,229537.8,14.62,-1,0.272616564,0.98660529,0,0.591963174,7,0.476190476,1.428571429,O10,de-protonated,0,-9999,C21 H30 O10,21,30,10,-9999,-9999,-9999,-9999,N/A,-9999,-9999
2725,441.176921,441.176740982,441.177109968,2535780,-9999,229537.8,14.62,-1,-0.836365458,0.880800031,0,0.528480018,11,0.083333333,1.291666667,N2 S1 P1 O2,de-protonated,0,-9999,C24 H31 O2 N2 P1 S1,24,31,2,2,1,1,-9999,N/A,-9999,-9999
2725,441.176921,441.176740982,441.176458519,2535780,-9999,229537.8,14.62,-1,0.640250355,0.928319293,0,0.556991576,2,0.25,2.1875,N4 S2 P1 O4,de-protonated,0,-9999,C16 H35 O4 N4 P1 S2,16,35,4,4,1,2,-9999,N/A,-9999,-9999
2726,441.199357,441.199176977,441.198890784,1830245.8,-9999,237606.5,9.87,-1,0.648669701,0.92649317899999994,0,0.555895907,15,0.068965517,1.068965517,P1 O2,de-protonated,0,-9999,C29 H31 O2 P1,29,31,2,-9999,1,-9999,-9999,N/A,-9999,-9999
2726,441.199357,441.199176977,441.199087489,1830245.8,-9999,237606.5,9.87,-1,0.202828757,0.992563083,0,0.59553785,7,0.421052632,1.578947368,N4 O8,de-protonated,0,-9999,C19 H30 O8 N4,19,30,8,4,-9999,-9999,-9999,N/A,-9999,-9999
2727,441.203497,441.203316976,441.203110241,14066022,-9999,228606.2,92.09,-1,0.468570648,0.964734902,0.981585189,0.971475017,11,0.25,1.25,N2 O6,de-protonated,0,-9999,C24 H30 O6 N2,24,30,6,2,-9999,-9999,-9999,N/A,-9999,-9999
2728,441.213414,441.213233973,441.21300622,1670502.9,-9999,262909.9,8.8,-1,0.516198692,0.952801187,0,0.571680712,6,0.409090909,1.545454545,O9,de-protonated,0,-9999,C22 H34 O9,22,34,9,-9999,-9999,-9999,-9999,N/A,-9999,-9999
2728,441.213414,441.213233973,441.213495477,1670502.9,-9999,262909.9,8.8,-1,-0.592692145,0.938248897,0,0.562949338,10,0.04,1.4,N2 S1 P1 O1,de-protonated,0,-9999,C25 H35 O1 N2 P1 S1,25,35,1,2,1,1,-9999,N/A,-9999,-9999
2728,441.213414,441.213233973,441.212844028,1670502.9,-9999,262909.9,8.8,-1,0.883802256,0.867854908,0,0.520712945,1,0.176470588,2.294117647,N4 S2 P1 O3,de-protonated,0,-9999,C17 H39 O3 N4 P1 S2,17,39,3,4,1,2,-9999,N/A,-9999,-9999
2729,441.235806,441.235625968,441.235276294,5063016.5,-9999,257957.4,31.6,-1,0.792488509,0.933738634,0.988960192,0.955827258,14,0.033333333,1.166666667,P1 O1,de-protonated,0,-9999,C30 H35 O1 P1,30,35,1,-9999,1,-9999,-9999,N/A,-9999,-9999
2729,441.235806,441.235625968,441.235472998,5063016.5,-9999,257957.4,31.6,-1,0.346684266,0.988735627,0.943902004,0.970802178,6,0.35,1.7,N4 O7,de-protonated,0,-9999,C20 H34 O7 N4,20,34,7,4,-9999,-9999,-9999,N/A,-9999,-9999
2730,441.286094,441.285913955,441.285777238,5698924.5,-9999,241056.5,35.87,-1,0.309814423,0.990525069,0.992862722,0.99146013,4,0.291666667,1.75,O7,de-protonated,0,-9999,C24 H42 O7,24,42,7,-9999,-9999,-9999,-9999,N/A,-9999,-9999
2732,442.194758,442.194577728,442.194139757,1697204,-9999,275466.3,8.98,-1,0.990450002,0.836942787,0,0.502165672,15,0.071428571,1.071428571,N1 P1 O2,de-protonated,0,-9999,C28 H30 O2 N1 P1,28,30,2,1,1,-9999,-9999,N/A,-9999,-9999
2733,442.206831,442.206650725,442.206465076,3249589,-9999,231266.1,19.41,-1,0.419823819,0.968525274,0.981585189,0.97374924,11,0.25,1.25,13C1 N2 O6,de-protonated,1,2727,C23 H30 O6 N2 13C1,23,30,6,2,-9999,-9999,1,N/A,-9999,-9999
2734,442.231079,442.230898719,442.230525266,2710966.8,-9999,280000.2,15.79,-1,0.844475292,0.878624162,0,0.527174497,14,0.034482759,1.172413793,N1 P1 O1,de-protonated,0,-9999,C29 H34 O1 N1 P1,29,34,1,1,1,-9999,-9999,N/A,-9999,-9999
2735,442.238976,442.238795717,442.238631129,1546167.4,-9999,199425.1,7.96,-1,0.372169899,0.975180657,0.988960192,0.980692471,14,0.033333333,1.166666667,13C1 P1 O1,de-protonated,1,2729,C29 H35 O1 P1 13C1,29,35,1,-9999,1,-9999,1,N/A,-9999,-9999
2735,442.238976,442.238795717,442.238767474,1546167.4,-9999,199425.1,7.96,-1,0.063862078,0.99926026,0,0.599556156,14,0.103448276,1.137931034,N1 O3,de-protonated,0,-9999,C29 H33 O3 N1,29,33,3,1,-9999,-9999,-9999,N/A,-9999,-9999
2735,442.238976,442.238795717,442.238827833,1546167.4,-9999,199425.1,7.96,-1,-0.072622713,0.999043487,0.943902004,0.976986894,6,0.35,1.7,13C1 N4 O7,de-protonated,1,2729,C19 H34 O7 N4 13C1,19,34,7,4,-9999,-9999,1,N/A,-9999,-9999
2736,442.289355,442.289174704,442.289132073,1415355.4,-9999,270867.9,7.09,-1,0.096386488,0.998315697,0.992862722,0.996134507,4,0.291666667,1.75,13C1 O7,de-protonated,1,2730,C23 H42 O7 13C1,23,42,7,-9999,-9999,-9999,1,N/A,-9999,-9999
2741,443.083563,443.083382505,443.083114247,2801656,-9999,248354.6,16.4,-1,0.605436662,0.935652941,0,0.561391765,9,0.722222222,1.111111111,O13,de-protonated,0,-9999,C18 H20 O13,18,20,13,-9999,-9999,-9999,-9999,N/A,-9999,-9999
2741,443.083563,443.083382505,443.083603504,2801656,-9999,248354.6,16.4,-1,-0.498774016,0.95586366,0,0.573518196,13,0.238095238,1,N2 S1 P1 O5,de-protonated,0,-9999,C21 H21 O5 N2 P1 S1,21,21,5,2,1,1,-9999,N/A,-9999,-9999
2741,443.083563,443.083382505,443.082952055,2801656,-9999,248354.6,16.4,-1,0.971488724,0.842611301,0,0.505566781,4,0.538461538,1.923076923,N4 S2 P1 O7,de-protonated,0,-9999,C13 H25 O7 N4 P1 S2,13,25,7,4,1,2,-9999,N/A,-9999,-9999
2742,443.098841,443.098660502,443.098370388,1963513.3,-9999,225735.9,10.77,-1,0.654738698,0.925164311,0,0.555098586,13,0.454545455,0.909090909,O10,de-protonated,0,-9999,C22 H20 O10,22,20,10,-9999,-9999,-9999,-9999,N/A,-9999,-9999
2742,443.098841,443.098660502,443.098859645,1963513.3,-9999,225735.9,10.77,-1,-0.449434016,0.964012527,0,0.578407516,17,0.08,0.84,N2 S1 P1 O2,de-protonated,0,-9999,C25 H21 O2 N2 P1 S1,25,21,2,2,1,1,-9999,N/A,-9999,-9999
2743,443.11198,443.111799498,443.112126927,1793018.3,-9999,238426.7,9.62,-1,-0.738930524,0.905675408,0,0.543405245,7,0.25,1.45,S2 P1 O5,de-protonated,0,-9999,C20 H29 O5 P1 S2,20,29,5,-9999,1,2,-9999,N/A,-9999,-9999
2744,443.119874,443.119693496,443.119499756,3461627,-9999,239079.3,20.84,-1,0.437219147,0.965908822,0,0.579545293,8,0.631578947,1.263157895,O12,de-protonated,0,-9999,C19 H24 O12,19,24,12,-9999,-9999,-9999,-9999,N/A,-9999,-9999
2744,443.119874,443.119693496,443.119989013,3461627,-9999,239079.3,20.84,-1,-0.666900677,0.922469944,0,0.553481966,12,0.181818182,1.136363636,N2 S1 P1 O4,de-protonated,0,-9999,C22 H25 O4 N2 P1 S1,22,25,4,2,1,1,-9999,N/A,-9999,-9999
2744,443.119874,443.119693496,443.119337565,3461627,-9999,239079.3,20.84,-1,0.80324109,0.889522914,0,0.533713748,3,0.428571429,2.071428571,N4 S2 P1 O6,de-protonated,0,-9999,C14 H29 O6 N4 P1 S2,14,29,6,4,1,2,-9999,N/A,-9999,-9999
2745,443.13532,443.135139493,443.134755897,5431804,-9999,251020.1,34.07,-1,0.865640014,0.436436407,0.800793265,0.58217915,12,0.391304348,1.043478261,O9,de-protonated,0,-9999,C23 H24 O9,23,24,9,-9999,-9999,-9999,-9999,N/A,-9999,-9999
2745,443.13532,443.135139493,443.135245155,5431804,-9999,251020.1,34.07,-1,-0.23844227,0.494868408,0.780512821,0.609126173,16,0.038461538,0.961538462,N2 S1 P1 O1,de-protonated,0,-9999,C26 H25 O1 N2 P1 S1,26,25,1,2,1,1,-9999,N/A,-9999,-9999
2746,443.156433,443.156252487,443.155885265,2056189.6,-9999,302982.3,11.39,-1,0.828651605,0.882855104,0,0.529713063,7,0.55,1.4,O11,de-protonated,0,-9999,C20 H28 O11,20,28,11,-9999,-9999,-9999,-9999,N/A,-9999,-9999
2746,443.156433,443.156252487,443.156374523,2056189.6,-9999,302982.3,11.39,-1,-0.275377996,0.986334428,0,0.591800657,11,0.130434783,1.260869565,N2 S1 P1 O3,de-protonated,0,-9999,C23 H29 O3 N2 P1 S1,23,29,3,2,1,1,-9999,N/A,-9999,-9999
2747,443.178756,443.178575482,443.178155339,1465855.4,-9999,215130,7.42,-1,0.948020919,0.849526743,0,0.509716046,15,0.107142857,1.035714286,P1 O3,de-protonated,0,-9999,C28 H29 O3 P1,28,29,3,-9999,1,-9999,-9999,N/A,-9999,-9999
2747,443.178756,443.178575482,443.178352044,1465855.4,-9999,215130,7.42,-1,0.504170998,0.954925311,0,0.572955186,7,0.5,1.555555556,N4 O9,de-protonated,0,-9999,C18 H28 O9 N4,18,28,9,4,-9999,-9999,-9999,N/A,-9999,-9999
2748,443.184651,443.18447048,443.184897946,2238463.8,-9999,239569.5,12.62,-1,-0.964531856,0.844673049,0,0.506803829,5,0.136363636,1.681818182,S2 P1 O3,de-protonated,0,-9999,C22 H37 O3 P1 S2,22,37,3,-9999,1,2,-9999,N/A,-9999,-9999
2748,443.184651,443.18447048,443.184028566,2238463.8,-9999,239569.5,12.62,-1,0.997134123,0.834927689,0,0.500956614,6,0.380952381,1.571428571,P1 O8,de-protonated,0,-9999,C21 H33 O8 P1,21,33,8,-9999,1,-9999,-9999,N/A,-9999,-9999
2749,443.192407,443.192226478,443.192270775,1568256.4,-9999,212098.8,8.11,-1,-0.099948747,0.998189014,0,0.598913409,6,0.476190476,1.523809524,O10,de-protonated,0,-9999,C21 H32 O10,21,32,10,-9999,-9999,-9999,-9999,N/A,-9999,-9999
2749,443.192407,443.192226478,443.192108583,1568256.4,-9999,212098.8,8.11,-1,0.2660129,0.98724225,0,0.59234535,1,0.25,2.3125,N4 S2 P1 O4,de-protonated,0,-9999,C16 H37 O4 N4 P1 S2,16,37,4,4,1,2,-9999,N/A,-9999,-9999
2750,443.215085,443.214904473,443.214540849,7971330,-9999,232301.2,51.14,-1,0.820423728,0.442515671,0.761234226,0.570003093,14,0.068965517,1.137931034,P1 O2,de-protonated,0,-9999,C29 H33 O2 P1,29,33,2,-9999,1,-9999,-9999,N/A,-9999,-9999
2750,443.215085,443.214904473,443.214737553,7971330,-9999,232301.2,51.14,-1,0.376610301,0.958972185,0.995330899,0.973515671,6,0.421052632,1.684210526,N4 O8,de-protonated,0,-9999,C19 H32 O8 N4,19,32,8,4,-9999,-9999,-9999,N/A,-9999,-9999
2751,443.228917,443.228736469,443.228656284,1478659.1,-9999,285653.1,7.51,-1,0.18091115,0.994078993,0,0.596447396,5,0.409090909,1.636363636,O9,de-protonated,0,-9999,C22 H36 O9,22,36,9,-9999,-9999,-9999,-9999,N/A,-9999,-9999
2751,443.228917,443.228736469,443.229145541,1478659.1,-9999,285653.1,7.51,-1,-0.922936472,0.856791981,0,0.514075188,9,0.04,1.48,N2 S1 P1 O1,de-protonated,0,-9999,C25 H37 O1 N2 P1 S1,25,37,1,2,1,1,-9999,N/A,-9999,-9999
2751,443.228917,443.228736469,443.228494093,1478659.1,-9999,285653.1,7.51,-1,0.546842857,0.94718591,0,0.568311546,0,0.176470588,2.411764706,N4 S2 P1 O3,de-protonated,0,-9999,C17 H41 O3 N4 P1 S2,17,41,3,4,1,2,-9999,N/A,-9999,-9999
2752,443.251435,443.251254463,443.250926358,5896709,-9999,233476.8,37.2,-1,0.7402247,0.45268044,0.755017935,0.573615438,13,0.033333333,1.233333333,P1 O1,de-protonated,0,-9999,C30 H37 O1 P1,30,37,1,-9999,1,-9999,-9999,N/A,-9999,-9999
2752,443.251435,443.251254463,443.251123063,5896709,-9999,233476.8,37.2,-1,0.296447741,0.946544735,0.984687235,0.961801735,5,0.35,1.8,N4 O7,de-protonated,0,-9999,C20 H36 O7 N4,20,36,7,4,-9999,-9999,-9999,N/A,-9999,-9999
2753,443.301815,443.301634451,443.301427303,9884169,-9999,237479.8,63.99,-1,0.467284922,0.962160655,0.934127108,0.950947236,3,0.291666667,1.833333333,O7,de-protonated,0,-9999,C24 H44 O7,24,44,7,-9999,-9999,-9999,-9999,N/A,-9999,-9999
2754,444.123115,444.122934245,444.122632041,1781317.8,-9999,253666.5,9.54,-1,0.68045289900000006,0.919418686,0,0.551651212,11,0.086956522,1.217391304,N1 S2 P1 O2,de-protonated,0,-9999,C23 H28 O2 N1 P1 S2,23,28,2,1,1,2,-9999,N/A,-9999,-9999
2755,444.210395,444.210214224,444.209789821,5591628,-9999,240172.3,35.15,-1,0.955410241,0.423680721,0.767553728,0.561229924,14,0.071428571,1.142857143,N1 P1 O2,de-protonated,0,-9999,C28 H32 O2 N1 P1,28,32,2,1,1,-9999,-9999,N/A,-9999,-9999
2756,444.218525,444.218344222,444.21803203,1692492.8,-9999,203123.4,8.95,-1,0.702790153,0.914278503,0,0.548567102,14,0.142857143,1.107142857,N1 O4,de-protonated,0,-9999,C28 H31 O4 N1,28,31,4,1,-9999,-9999,-9999,N/A,-9999,-9999
2756,444.218525,444.218344222,444.218092388,1692492.8,-9999,203123.4,8.95,-1,0.566913399,0.943351859,0.995330899,0.964143475,6,0.421052632,1.684210526,13C1 N4 O8,de-protonated,1,2750,C18 H32 O8 N4 13C1,18,32,8,4,-9999,-9999,1,N/A,-9999,-9999
2757,444.254981,444.254800212,444.254417539,1411663.5,-9999,233005,7.06,-1,0.861383872,0.874037768,0,0.524422661,13,0.103448276,1.206896552,N1 O3,de-protonated,0,-9999,C29 H35 O3 N1,29,35,3,1,-9999,-9999,-9999,N/A,-9999,-9999
2757,444.254981,444.254800212,444.254477898,1411663.5,-9999,233005,7.06,-1,0.725518225,0.908908945,0.984687235,0.939220261,5,0.35,1.8,13C1 N4 O7,de-protonated,1,2752,C19 H36 O7 N4 13C1,19,36,7,4,-9999,-9999,1,N/A,-9999,-9999
2758,444.305165,444.3049842,444.304782138,1611859.1,-9999,251668.8,8.41,-1,0.45478252,0.963166955,0.934127108,0.951551016,3,0.291666667,1.833333333,13C1 O7,de-protonated,1,2753,C23 H44 O7 13C1,23,44,7,-9999,-9999,-9999,1,N/A,-9999,-9999
2758,444.305165,444.3049842,444.305407741,1611859.1,-9999,251668.8,8.41,-1,-0.953265286,0.847991142,0,0.508794685,7,0.038461538,1.653846154,N3 S1 O1,de-protonated,0,-9999,C26 H43 O1 N3 S1,26,43,1,3,-9999,1,-9999,N/A,-9999,-9999
2761,445.070217,445.070036009,445.070262114,2114186.8,-9999,223340.3,11.78,-1,-0.508022963,0.954249981,0,0.572549989,12,0.181818182,1.045454545,S2 P1 O4,de-protonated,0,-9999,C22 H23 O4 P1 S2,22,23,4,-9999,1,2,-9999,N/A,-9999,-9999
2761,445.070217,445.070036009,445.070458819,2114186.8,-9999,223340.3,11.78,-1,-0.949985323,0.848952214,0,0.509371328,4,0.833333333,1.833333333,N4 S2 O10,de-protonated,0,-9999,C12 H22 O10 N4 S2,12,22,10,4,-9999,2,-9999,N/A,-9999,-9999
2762,445.099059,445.098878001,445.098764311,1702540.8,-9999,249251.1,9.01,-1,0.255426889,0.988231559,0,0.592938935,8,0.722222222,1.222222222,O13,de-protonated,0,-9999,C18 H22 O13,18,22,13,-9999,-9999,-9999,-9999,N/A,-9999,-9999
2762,445.099059,445.098878001,445.099253568,1702540.8,-9999,249251.1,9.01,-1,-0.843782941,0.878810528,0,0.527286317,12,0.238095238,1.095238095,N2 S1 P1 O5,de-protonated,0,-9999,C21 H23 O5 N2 P1 S1,21,23,5,2,1,1,-9999,N/A,-9999,-9999
2762,445.099059,445.098878001,445.09860212,1702540.8,-9999,249251.1,9.01,-1,0.619821139,0.932665524,0,0.559599314,3,0.538461538,2.076923077,N4 S2 P1 O7,de-protonated,0,-9999,C13 H27 O7 N4 P1 S2,13,27,7,4,1,2,-9999,N/A,-9999,-9999
2763,445.114497,445.114315997,445.114020452,1942157.9,-9999,247801.7,10.62,-1,0.663976032,0.923121678,0,0.553873007,12,0.454545455,1,O10,de-protonated,0,-9999,C22 H22 O10,22,22,10,-9999,-9999,-9999,-9999,N/A,-9999,-9999
2763,445.114497,445.114315997,445.11450971,1942157.9,-9999,247801.7,10.62,-1,-0.435196572,0.966218127,0,0.579730876,16,0.08,0.92,N2 S1 P1 O2,de-protonated,0,-9999,C25 H23 O2 N2 P1 S1,25,23,2,2,1,1,-9999,N/A,-9999,-9999
2764,445.132391,445.132209993,445.132647897,2402447.3,-9999,202583,13.72,-1,-0.983760788,0.838950671,0,0.503370403,11,0.304347826,1.130434783,S1 O7,de-protonated,0,-9999,C23 H26 O7 S1,23,26,7,-9999,-9999,1,-9999,N/A,-9999,-9999
2764,445.132391,445.132209993,445.132267775,2402447.3,-9999,202583,13.72,-1,-0.129807539,0.996947259,0,0.598168356,16,0.16,0.92,N2 P1 O4,de-protonated,0,-9999,C25 H23 O4 N2 P1,25,23,4,2,1,-9999,-9999,N/A,-9999,-9999
2764,445.132391,445.132209993,445.131996448,2402447.3,-9999,202583,13.72,-1,0.479733287,0.959100578,0,0.575460347,2,0.6,2,N2 S2 O9,de-protonated,0,-9999,C15 H30 O9 N2 S2,15,30,9,2,-9999,2,-9999,N/A,-9999,-9999
2765,445.135773,445.135591992,445.1360192,1926799.4,-9999,254617.7,10.52,-1,-0.959725099,0.846091852,0,0.507655111,6,0.35,1.5,S2 O7,de-protonated,0,-9999,C20 H30 O7 S2,20,30,7,-9999,-9999,2,-9999,N/A,-9999,-9999
2765,445.135773,445.135591992,445.13514982,1926799.4,-9999,254617.7,10.52,-1,0.993342494,0.83607184,0,0.501643104,7,0.631578947,1.368421053,O12,de-protonated,0,-9999,C19 H26 O12,19,26,12,-9999,-9999,-9999,-9999,N/A,-9999,-9999
2765,445.135773,445.135591992,445.135639078,1926799.4,-9999,254617.7,10.52,-1,-0.105778298,0.997971821,0,0.598783093,11,0.181818182,1.227272727,N2 S1 P1 O4,de-protonated,0,-9999,C22 H27 O4 N2 P1 S1,22,27,4,2,1,1,-9999,N/A,-9999,-9999
2766,445.150936,445.150754988,445.150405962,12116625,-9999,222818,78.99,-1,0.784064381,0.924686854,0.97448294,0.944605289,11,0.391304348,1.130434783,O9,de-protonated,0,-9999,C23 H26 O9,23,26,9,-9999,-9999,-9999,-9999,N/A,-9999,-9999
2766,445.150936,445.150754988,445.150895219,12116625,-9999,222818,78.99,-1,-0.315018512,0.960227923,0.954202496,0.957817752,15,0.038461538,1.038461538,N2 S1 P1 O1,de-protonated,0,-9999,C26 H27 O1 N2 P1 S1,26,27,1,2,1,1,-9999,N/A,-9999,-9999
2767,445.163942,445.163760985,445.164162501,1415313.5,-9999,301369.9,7.08,-1,-0.901950672,0.862766467,0,0.51765988,5,0.19047619,1.666666667,S2 P1 O4,de-protonated,0,-9999,C21 H35 O4 P1 S2,21,35,4,-9999,1,2,-9999,N/A,-9999,-9999
2768,445.194369,445.194187978,445.193805404,2922131.8,-9999,239375.8,17.21,-1,0.859341616,0.874595268,0,0.524757161,14,0.107142857,1.107142857,P1 O3,de-protonated,0,-9999,C28 H31 O3 P1,28,31,3,-9999,1,-9999,-9999,N/A,-9999,-9999
2768,445.194369,445.194187978,445.194002108,2922131.8,-9999,239375.8,17.21,-1,0.417501299,0.968867092,0,0.581320255,6,0.5,1.666666667,N4 O9,de-protonated,0,-9999,C18 H30 O9 N4,18,30,9,4,-9999,-9999,-9999,N/A,-9999,-9999
2769,445.200249,445.200067976,445.199678631,2595988,-9999,238412.9,15.02,-1,0.87454089,0.870423064,0,0.522253838,5,0.380952381,1.666666667,P1 O8,de-protonated,0,-9999,C21 H35 O8 P1,21,35,8,-9999,1,-9999,-9999,N/A,-9999,-9999
2770,445.230782,445.230600968,445.230190913,6828694,-9999,236920.5,43.46,-1,0.920995734,0.428674251,0.761234226,0.561698241,13,0.068965517,1.206896552,P1 O2,de-protonated,0,-9999,C29 H35 O2 P1,29,35,2,-9999,1,-9999,-9999,N/A,-9999,-9999
2770,445.230782,445.230600968,445.230387618,6828694,-9999,236920.5,43.46,-1,0.479191498,0.479595498,0.829532115,0.619570145,5,0.421052632,1.789473684,N4 O8,de-protonated,0,-9999,C19 H34 O8 N4,19,34,8,4,-9999,-9999,-9999,N/A,-9999,-9999
2771,445.299585,445.299403951,445.299319303,1444251.1,-9999,270674.2,7.28,-1,0.190093885,0.993464676,0,0.596078806,2,0.208333333,1.916666667,S1 O5,de-protonated,0,-9999,C24 H46 O5 S1,24,46,5,-9999,-9999,1,-9999,N/A,-9999,-9999
2772,446.12105,446.120868746,446.120502814,1851605.3,-9999,259118,10.02,-1,0.820253257,0.885076257,0,0.531045754,12,0.45,1.05,N3 O9,de-protonated,0,-9999,C20 H21 O9 N3,20,21,9,3,-9999,-9999,-9999,N/A,-9999,-9999
2773,446.154167,446.153985737,446.153760797,2546903.5,-9999,191202.8,14.69,-1,0.504177264,0.954924216,0.97448294,0.962747706,11,0.391304348,1.130434783,13C1 O9,de-protonated,1,2766,C22 H26 O9 13C1,22,26,9,-9999,-9999,-9999,1,N/A,-9999,-9999
2773,446.154167,446.153985737,446.154250054,2546903.5,-9999,191202.8,14.69,-1,-0.592433598,0.938301063,0.954202496,0.944661636,15,0.038461538,1.038461538,13C1 N2 S1 P1 O1,de-protonated,1,2766,C25 H27 O1 N2 P1 S1 13C1,25,27,1,2,1,1,1,N/A,-9999,-9999
2773,446.154167,446.153985737,446.1543864,2546903.5,-9999,191202.8,14.69,-1,-0.898035298,0.863870462,0,0.518322277,15,0.12,1,N3 S1 O3,de-protonated,0,-9999,C25 H25 O3 N3 S1,25,25,3,3,-9999,1,-9999,N/A,-9999,-9999
2776,447.066974,447.066792509,447.066633286,1576214.8,-9999,270346.6,8.16,-1,0.356151595,0.977247171,0,0.586348302,3,0.692307692,1.923076923,N2 S2 P1 O9,de-protonated,0,-9999,C13 H25 O9 N2 P1 S2,13,25,9,2,1,2,-9999,N/A,-9999,-9999
2777,447.09353,447.093348502,447.093285008,2209048.5,-9999,246250.7,12.42,-1,0.142017213,0.99634707,0,0.597808242,12,0.523809524,0.952380952,O11,de-protonated,0,-9999,C21 H20 O11,21,20,11,-9999,-9999,-9999,-9999,N/A,-9999,-9999
2777,447.09353,447.093348502,447.093774265,2209048.5,-9999,246250.7,12.42,-1,-0.952288831,0.848277488,0,0.508966493,16,0.125,0.875,N2 S1 P1 O3,de-protonated,0,-9999,C24 H21 O3 N2 P1 S1,24,21,3,2,1,1,-9999,N/A,-9999,-9999
2777,447.09353,447.093348502,447.093122816,2209048.5,-9999,246250.7,12.42,-1,0.504785828,0.954817831,0,0.572890698,7,0.3125,1.5625,N4 S2 P1 O5,de-protonated,0,-9999,C16 H25 O5 N4 P1 S2,16,25,5,4,1,2,-9999,N/A,-9999,-9999
2778,447.130173,447.129991493,447.129670517,2820891,-9999,221346.1,16.53,-1,0.717859826,0.910733799,0,0.546440279,11,0.454545455,1.090909091,O10,de-protonated,0,-9999,C22 H24 O10,22,24,10,-9999,-9999,-9999,-9999,N/A,-9999,-9999
2778,447.130173,447.129991493,447.130159774,2820891,-9999,221346.1,16.53,-1,-0.376357799,0.974626134,0,0.58477568,15,0.08,1,N2 S1 P1 O2,de-protonated,0,-9999,C25 H25 O2 N2 P1 S1,25,25,2,2,1,1,-9999,N/A,-9999,-9999
2779,447.134719,447.134537492,447.134379231,31064860,-9999,230428.8,206.32,-1,0.353946057,0.651155452,0.96452057,0.776501499,11,0.3,1.2,N4 S1 O6,de-protonated,0,-9999,C20 H24 O6 N4 S1,20,24,6,4,-9999,1,-9999,N/A,-9999,-9999
2780,447.148069,447.147887489,447.148297962,6673180.5,-9999,227769.7,42.41,-1,-0.917978802,0.900457266,0.994360314,0.938018485,10,0.304347826,1.217391304,S1 O7,de-protonated,0,-9999,C23 H28 O7 S1,23,28,7,-9999,-9999,1,-9999,N/A,-9999,-9999
2780,447.148069,447.147887489,447.147917839,6673180.5,-9999,227769.7,42.41,-1,-0.067874941,0.99262207,0.992004282,0.992374955,15,0.16,1,N2 P1 O4,de-protonated,0,-9999,C25 H25 O4 N2 P1,25,25,4,2,1,-9999,-9999,N/A,-9999,-9999
2780,447.148069,447.147887489,447.147646513,6673180.5,-9999,227769.7,42.41,-1,0.538918237,0.908318408,0.934743073,0.918888274,1,0.6,2.133333333,N2 S2 O9,de-protonated,0,-9999,C15 H32 O9 N2 S2,15,32,9,2,-9999,2,-9999,N/A,-9999,-9999
2781,447.16654,447.166358484,447.166056026,3153693.5,-9999,255318.3,18.76,-1,0.676388508,0.920339155,0,0.552203493,10,0.391304348,1.217391304,O9,de-protonated,0,-9999,C23 H28 O9,23,28,9,-9999,-9999,-9999,-9999,N/A,-9999,-9999
2781,447.16654,447.166358484,447.166545284,3153693.5,-9999,255318.3,18.76,-1,-0.417740036,0.968832037,0,0.581299222,14,0.038461538,1.115384615,N2 S1 P1 O1,de-protonated,0,-9999,C26 H29 O1 N2 P1 S1,26,29,1,2,1,1,-9999,N/A,-9999,-9999
2782,447.17944,447.179258481,447.178943186,1708318.5,-9999,271436.4,9.05,-1,0.705076099,0.913744759,0,0.548246855,5,0.45,1.65,P1 O9,de-protonated,0,-9999,C20 H33 O9 P1,20,33,9,-9999,1,-9999,-9999,N/A,-9999,-9999
2783,447.188972,447.188790479,447.188522805,2159391,-9999,279125,12.08,-1,0.59857035,0.937057523,0,0.562234514,10,0.333333333,1.333333333,N4 O7,de-protonated,0,-9999,C21 H28 O7 N4,21,28,7,4,-9999,-9999,-9999,N/A,-9999,-9999
2784,447.210017,447.209835473,447.209455468,2672928.5,-9999,237155.9,15.53,-1,0.849724782,0.877207428,0,0.526324457,13,0.107142857,1.178571429,P1 O3,de-protonated,0,-9999,C28 H33 O3 P1,28,33,3,-9999,1,-9999,-9999,N/A,-9999,-9999
2784,447.210017,447.209835473,447.209652173,2672928.5,-9999,237155.9,15.53,-1,0.409875919,0.969976858,0,0.581986115,5,0.5,1.777777778,N4 O9,de-protonated,0,-9999,C18 H32 O9 N4,18,32,9,4,-9999,-9999,-9999,N/A,-9999,-9999
2785,447.215765,447.215583472,447.215328695,2729249,-9999,247832.2,15.91,-1,0.569695923,0.942810665,0,0.565686399,4,0.380952381,1.761904762,P1 O8,de-protonated,0,-9999,C21 H37 O8 P1,21,37,8,-9999,1,-9999,-9999,N/A,-9999,-9999
2787,448.13808,448.137898241,448.137673707,6759263,-9999,228758.8,42.99,-1,0.501038646,0.477735518,0.761234226,0.591135001,19,0.068965517,0.793103448,N1 S1 O2,de-protonated,0,-9999,C29 H23 O2 N1 S1,29,23,2,1,-9999,1,-9999,N/A,-9999,-9999
2787,448.13808,448.137898241,448.137806649,6759263,-9999,228758.8,42.99,-1,0.204384816,0.496224485,0.837042051,0.632551511,6,0.555555556,1.555555556,N1 P1 O10,de-protonated,0,-9999,C18 H28 O10 N1 P1,18,28,10,1,1,-9999,-9999,N/A,-9999,-9999
2787,448.13808,448.137898241,448.137734066,6759263,-9999,228758.8,42.99,-1,0.366350366,0.650627624,0.96452057,0.776184803,11,0.3,1.2,13C1 N4 S1 O6,de-protonated,1,2779,C19 H24 O6 N4 S1 13C1,19,24,6,4,-9999,1,1,N/A,-9999,-9999
2788,448.151579,448.151397238,448.151652797,1719136,-9999,232634.5,9.12,-1,-0.570250543,0.942702513,0.994360314,0.963365633,10,0.304347826,1.217391304,13C1 S1 O7,de-protonated,1,2780,C22 H28 O7 S1 13C1,22,28,7,-9999,-9999,1,1,N/A,-9999,-9999
2788,448.151579,448.151397238,448.151272674,1719136,-9999,232634.5,9.12,-1,0.277950336,0.986079725,0.992004282,0.988449548,15,0.16,1,13C1 N2 P1 O4,de-protonated,1,2780,C24 H25 O4 N2 P1 13C1,24,25,4,2,1,-9999,1,N/A,-9999,-9999
2788,448.151579,448.151397238,448.151001348,1719136,-9999,232634.5,9.12,-1,0.883385188,0.867970978,0.934743073,0.894679816,1,0.6,2.133333333,13C1 N2 S2 O9,de-protonated,1,2780,C14 H32 O9 N2 S2 13C1,14,32,9,2,-9999,2,1,N/A,-9999,-9999
2788,448.151579,448.151397238,448.15140902,1719136,-9999,232634.5,9.12,-1,-0.026289827,0.999874599,0,0.599924759,15,0.25,0.958333333,N3 O6,de-protonated,0,-9999,C24 H23 O6 N3,24,23,6,3,-9999,-9999,-9999,N/A,-9999,-9999
2792,448.983522,448.98334003,448.98335789,10273687,-9999,235654.7,66.61,-1,-0.039778681,0.499856464,0.829532115,0.631726724,19,0.421052632,0.315789474,N4 S1 O8,de-protonated,0,-9999,C19 H6 O8 N4 S1,19,6,8,4,-9999,1,-9999,N/A,-9999,-9999
2793,449.073039,449.072857007,449.072549563,2253725,-9999,229464.7,12.72,-1,0.684621504,0.918469852,0,0.551081911,12,0.6,0.9,O12,de-protonated,0,-9999,C20 H18 O12,20,18,12,-9999,-9999,-9999,-9999,N/A,-9999,-9999
2793,449.073039,449.072857007,449.07303882,2253725,-9999,229464.7,12.72,-1,-0.404862038,0.970696089,0,0.582417653,16,0.173913043,0.826086957,N2 S1 P1 O4,de-protonated,0,-9999,C23 H19 O4 N2 P1 S1,23,19,4,2,1,1,-9999,N/A,-9999,-9999
2794,449.109383,449.109200998,449.108935072,4136863.3,-9999,235305.7,25.37,-1,0.592119781,0.938364354,0,0.563018613,11,0.523809524,1.047619048,O11,de-protonated,0,-9999,C21 H22 O11,21,22,11,-9999,-9999,-9999,-9999,N/A,-9999,-9999
2794,449.109383,449.109200998,449.109424329,4136863.3,-9999,235305.7,25.37,-1,-0.497275394,0.478061295,0.793917021,0.604403585,15,0.125,0.958333333,N2 S1 P1 O3,de-protonated,0,-9999,C24 H23 O3 N2 P1 S1,24,23,3,2,1,1,-9999,N/A,-9999,-9999
2794,449.109383,449.109200998,449.108772881,4136863.3,-9999,235305.7,25.37,-1,0.953260412,0.847992571,0,0.508795543,6,0.3125,1.6875,N4 S2 P1 O5,de-protonated,0,-9999,C16 H27 O5 N4 P1 S2,16,27,5,4,1,2,-9999,N/A,-9999,-9999
2795,449.145767,449.145584989,449.145320581,3071905.8,-9999,207948.3,18.21,-1,0.588691058,0.939053955,0,0.563432373,10,0.454545455,1.181818182,O10,de-protonated,0,-9999,C22 H26 O10,22,26,10,-9999,-9999,-9999,-9999,N/A,-9999,-9999
2795,449.145767,449.145584989,449.145809839,3071905.8,-9999,207948.3,18.21,-1,-0.500615861,0.955544458,0,0.573326675,14,0.08,1.08,N2 S1 P1 O2,de-protonated,0,-9999,C25 H27 O2 N2 P1 S1,25,27,2,2,1,1,-9999,N/A,-9999,-9999
2795,449.145767,449.145584989,449.14515839,3071905.8,-9999,207948.3,18.21,-1,0.949802432,0.849005738,0,0.509403443,5,0.235294118,1.823529412,N4 S2 P1 O4,de-protonated,0,-9999,C17 H31 O4 N4 P1 S2,17,31,4,4,1,2,-9999,N/A,-9999,-9999
2796,449.150372,449.150189988,449.150029295,4017058,-9999,243866.9,24.56,-1,0.357770971,0.977042191,0,0.586225314,10,0.3,1.3,N4 S1 O6,de-protonated,0,-9999,C20 H26 O6 N4 S1,20,26,6,4,-9999,1,-9999,N/A,-9999,-9999
2797,449.174016,449.173833982,449.173463882,10441636,-9999,233299.9,67.74,-1,0.823957642,0.863792641,0.989151538,0.9139362,9,0.304347826,1.347826087,P1 O7,de-protonated,0,-9999,C23 H31 O7 P1,23,31,7,-9999,1,-9999,-9999,N/A,-9999,-9999
2798,449.182211,449.18202898,449.181706091,1854884,-9999,293761,10.04,-1,0.71883909,0.910501335,0,0.546300801,9,0.391304348,1.304347826,O9,de-protonated,0,-9999,C23 H30 O9,23,30,9,-9999,-9999,-9999,-9999,N/A,-9999,-9999
2798,449.182211,449.18202898,449.182195348,1854884,-9999,293761,10.04,-1,-0.370379733,0.975415896,0,0.585249538,13,0.038461538,1.192307692,N2 S1 P1 O1,de-protonated,0,-9999,C26 H31 O1 N2 P1 S1,26,31,1,2,1,1,-9999,N/A,-9999,-9999
2799,449.194973,449.194790977,449.194460309,3281829,-9999,215444.4,19.62,-1,0.736136275,0.453176498,0.748902347,0.571466837,17,0.032258065,0.967741935,S1 O1,de-protonated,0,-9999,C31 H30 O1 S1,31,30,1,-9999,-9999,1,-9999,N/A,-9999,-9999
2799,449.194973,449.194790977,449.19459325,3281829,-9999,215444.4,19.62,-1,0.440180291,0.965453578,0,0.579272147,4,0.45,1.75,P1 O9,de-protonated,0,-9999,C20 H35 O9 P1,20,35,9,-9999,1,-9999,-9999,N/A,-9999,-9999
2800,449.204585,449.204402974,449.203976165,2920357.5,-9999,246498.9,17.2,-1,0.950146716,0.848904976,0,0.509342985,17,0.032258065,1,P1 O1,de-protonated,0,-9999,C31 H31 O1 P1,31,31,1,-9999,1,-9999,-9999,N/A,-9999,-9999
2800,449.204585,449.204402974,449.204172869,2920357.5,-9999,246498.9,17.2,-1,0.51225079,0.953503395,0,0.572102037,9,0.333333333,1.428571429,N4 O7,de-protonated,0,-9999,C21 H30 O7 N4,21,30,7,4,-9999,-9999,-9999,N/A,-9999,-9999
2804,450.141838,450.14165574,450.141438933,1542114,-9999,294108.4,7.93,-1,0.481641127,0.958781439,0,0.575268863,9,0.227272727,1.318181818,N1 S2 O5,de-protonated,0,-9999,C22 H29 O5 N1 S2,22,29,5,1,-9999,2,-9999,N/A,-9999,-9999
2805,450.177437,450.177254731,450.176818717,2776548.3,-9999,225298.5,16.23,-1,0.968539134,0.84348664,0.989151538,0.901752599,9,0.304347826,1.347826087,13C1 P1 O7,de-protonated,1,2797,C22 H31 O7 P1 13C1,22,31,7,-9999,1,-9999,1,N/A,-9999,-9999
2805,450.177437,450.177254731,450.176955063,2776548.3,-9999,225298.5,16.23,-1,0.665667673,0.922745002,0,0.553647001,9,0.409090909,1.318181818,N1 O9,de-protonated,0,-9999,C22 H29 O9 N1,22,29,9,1,-9999,-9999,-9999,N/A,-9999,-9999
2805,450.177437,450.177254731,450.17744432,2776548.3,-9999,225298.5,16.23,-1,-0.421143054,0.968330324,0,0.580998194,13,0.04,1.2,N3 S1 P1 O1,de-protonated,0,-9999,C25 H30 O1 N3 P1 S1,25,30,1,3,1,1,-9999,N/A,-9999,-9999
2808,451.076831,451.076648506,451.076453174,2604061.3,-9999,257437.9,15.07,-1,0.43303662,0.966546966,0,0.57992818,29,0.058823529,0.352941176,O2,de-protonated,0,-9999,C34 H12 O2,34,12,2,-9999,-9999,-9999,-9999,N/A,-9999,-9999
2808,451.076831,451.076648506,451.076804046,2604061.3,-9999,257437.9,15.07,-1,-0.344819986,0.978656665,0,0.587193999,6,0.4375,1.5625,N2 S2 P1 O7,de-protonated,0,-9999,C16 H25 O7 N2 P1 S2,16,25,7,2,1,2,-9999,N/A,-9999,-9999
2809,451.088654,451.088471503,451.088199627,2732574,-9999,245268,15.93,-1,0.602711678,0.936212032,0,0.561727219,11,0.6,1,O12,de-protonated,0,-9999,C20 H20 O12,20,20,12,-9999,-9999,-9999,-9999,N/A,-9999,-9999
2809,451.088654,451.088471503,451.088688884,2732574,-9999,245268,15.93,-1,-0.481903514,0.958737457,0,0.575242474,15,0.173913043,0.913043478,N2 S1 P1 O4,de-protonated,0,-9999,C23 H21 O4 N2 P1 S1,23,21,4,2,1,1,-9999,N/A,-9999,-9999
2809,451.088654,451.088471503,451.088037436,2732574,-9999,245268,15.93,-1,0.962267716,0.845341938,0,0.507205163,6,0.4,1.666666667,N4 S2 P1 O6,de-protonated,0,-9999,C15 H25 O6 N4 P1 S2,15,25,6,4,1,2,-9999,N/A,-9999,-9999
2810,451.125052,451.124869494,451.124585136,4673568.5,-9999,238458.7,28.98,-1,0.630330692,0.465222363,0.81490939,0.605097174,10,0.523809524,1.142857143,O11,de-protonated,0,-9999,C21 H24 O11,21,24,11,-9999,-9999,-9999,-9999,N/A,-9999,-9999
2810,451.125052,451.124869494,451.125074394,4673568.5,-9999,238458.7,28.98,-1,-0.45419705,0.481629983,0.793917021,0.606544798,14,0.125,1.041666667,N2 S1 P1 O3,de-protonated,0,-9999,C24 H25 O3 N2 P1 S1,24,25,3,2,1,1,-9999,N/A,-9999,-9999
2810,451.125052,451.124869494,451.124422945,4673568.5,-9999,238458.7,28.98,-1,0.98985774,0.837120919,0,0.502272551,5,0.3125,1.8125,N4 S2 P1 O5,de-protonated,0,-9999,C16 H29 O5 N4 P1 S2,16,29,5,4,1,2,-9999,N/A,-9999,-9999
2811,451.161431,451.161248485,451.160970646,2949154.5,-9999,266242.8,17.39,-1,0.61583169,0.933500134,0,0.56010008,9,0.454545455,1.272727273,O10,de-protonated,0,-9999,C22 H28 O10,22,28,10,-9999,-9999,-9999,-9999,N/A,-9999,-9999
2811,451.161431,451.161248485,451.161459903,2949154.5,-9999,266242.8,17.39,-1,-0.468608571,0.960938333,0,0.576563,13,0.08,1.16,N2 S1 P1 O2,de-protonated,0,-9999,C25 H29 O2 N2 P1 S1,25,29,2,2,1,1,-9999,N/A,-9999,-9999
2811,451.161431,451.161248485,451.160808454,2949154.5,-9999,266242.8,17.39,-1,0.975329738,0.841468797,0,0.504881278,4,0.235294118,1.941176471,N4 S2 P1 O4,de-protonated,0,-9999,C17 H33 O4 N4 P1 S2,17,33,4,4,1,2,-9999,N/A,-9999,-9999
2812,451.171133,451.170950483,451.171355882,3194915.3,-9999,265905.9,19.04,-1,-0.898548453,0.863725964,0,0.518235578,8,0.217391304,1.434782609,S1 P1 O5,de-protonated,0,-9999,C23 H33 O5 P1 S1,23,33,5,-9999,1,1,-9999,N/A,-9999,-9999
2813,451.174308,451.174125482,451.173724864,2340387.3,-9999,225891.8,13.3,-1,0.887946571,0.866699417,0,0.52001965000000006,17,0.066666667,0.933333333,S1 O2,de-protonated,0,-9999,C30 H28 O2 S1,30,28,2,-9999,-9999,1,-9999,N/A,-9999,-9999
2813,451.174308,451.174125482,451.173857805,2340387.3,-9999,225891.8,13.3,-1,0.593288879,0.938128421,0,0.562877052,4,0.526315789,1.736842105,P1 O10,de-protonated,0,-9999,C19 H33 O10 P1,19,33,10,-9999,1,-9999,-9999,N/A,-9999,-9999
2814,451.18374,451.183557479,451.18324072,2645540,-9999,200550.7,15.35,-1,0.702064094,0.914447732,0,0.548668639,17,0.066666667,0.966666667,P1 O2,de-protonated,0,-9999,C30 H29 O2 P1,30,29,2,-9999,1,-9999,-9999,N/A,-9999,-9999
2814,451.18374,451.183557479,451.183437424,2645540,-9999,200550.7,15.35,-1,0.266089251,0.987234973,0,0.592340984,9,0.4,1.4,N4 O8,de-protonated,0,-9999,C20 H28 O8 N4,20,28,8,4,-9999,-9999,-9999,N/A,-9999,-9999
2815,451.210705,451.210522473,451.210110373,3533861.8,-9999,247118.6,21.32,-1,0.913321087,0.42977065,0.748902347,0.557423329,16,0.032258065,1.032258065,S1 O1,de-protonated,0,-9999,C31 H32 O1 S1,31,32,1,-9999,-9999,1,-9999,N/A,-9999,-9999
2815,451.210705,451.210522473,451.210243315,3533861.8,-9999,247118.6,21.32,-1,0.618687148,0.932903232,0,0.559741939,3,0.45,1.85,P1 O9,de-protonated,0,-9999,C20 H37 O9 P1,20,37,9,-9999,1,-9999,-9999,N/A,-9999,-9999
2820,452.958206,452.958023036,452.958145463,1524369.4,-9999,245847.1,7.81,-1,-0.270283715,0.986832043,0,0.592099226,9,0.909090909,1,N4 S2 P1 O10,de-protonated,0,-9999,C11 H11 O10 N4 P1 S2,11,11,10,4,1,2,-9999,N/A,-9999,-9999
2821,453.067749,453.06756600799997,453.067464182,1792152,-9999,233890.6,9.61,-1,0.22474801,0.990876597,0,0.594525958,11,0.684210526,0.947368421,O13,de-protonated,0,-9999,C19 H18 O13,19,18,13,-9999,-9999,-9999,-9999,N/A,-9999,-9999
2821,453.067749,453.06756600799997,453.06795344,1792152,-9999,233890.6,9.61,-1,-0.855128543,0.875742297,0,0.525445378,15,0.227272727,0.863636364,N2 S1 P1 O5,de-protonated,0,-9999,C22 H19 O5 N2 P1 S1,22,19,5,2,1,1,-9999,N/A,-9999,-9999
2821,453.067749,453.06756600799997,453.067301991,1792152,-9999,233890.6,9.61,-1,0.582733161,0.940243899,0,0.564146339,6,0.5,1.642857143,N4 S2 P1 O7,de-protonated,0,-9999,C14 H23 O7 N4 P1 S2,14,23,7,4,1,2,-9999,N/A,-9999,-9999
2822,453.104232,453.104048999,453.103849692,3783834.3,-9999,244328.9,23,-1,0.439871646,0.965501162,0,0.579300697,10,0.6,1.1,O12,de-protonated,0,-9999,C20 H22 O12,20,22,12,-9999,-9999,-9999,-9999,N/A,-9999,-9999
2822,453.104232,453.104048999,453.104338949,3783834.3,-9999,244328.9,23,-1,-0.639918422,0.928390872,0,0.557034523,14,0.173913043,1,N2 S1 P1 O4,de-protonated,0,-9999,C23 H23 O4 N2 P1 S1,23,23,4,2,1,1,-9999,N/A,-9999,-9999
2822,453.104232,453.104048999,453.1036875,3783834.3,-9999,244328.9,23,-1,0.797828127,0.890922816,0,0.53455369,5,0.4,1.8,N4 S2 P1 O6,de-protonated,0,-9999,C15 H27 O6 N4 P1 S2,15,27,6,4,1,2,-9999,N/A,-9999,-9999
2823,453.132424,453.132240992,453.131860051,2116252,-9999,240279.1,11.79,-1,0.840685435,0.879642924,0,0.527785754,22,0.03125,0.6875,S1 O1,de-protonated,0,-9999,C32 H22 O1 S1,32,22,1,-9999,-9999,1,-9999,N/A,-9999,-9999
2823,453.132424,453.132240992,453.131992992,2116252,-9999,240279.1,11.79,-1,0.547301071,0.947099748,0,0.568259849,9,0.428571429,1.285714286,P1 O9,de-protonated,0,-9999,C21 H27 O9 P1,21,27,9,-9999,1,-9999,-9999,N/A,-9999,-9999
2824,453.14066,453.14047699,453.140235201,4542620.5,-9999,254032.6,28.09,-1,0.533585535,0.474825422,0.81490939,0.610859009,9,0.523809524,1.238095238,O11,de-protonated,0,-9999,C21 H26 O11,21,26,11,-9999,-9999,-9999,-9999,N/A,-9999,-9999
2824,453.14066,453.14047699,453.140724458,4542620.5,-9999,254032.6,28.09,-1,-0.546117931,0.473661046,0.793917021,0.601763436,13,0.125,1.125,N2 S1 P1 O3,de-protonated,0,-9999,C24 H27 O3 N2 P1 S1,24,27,3,2,1,1,-9999,N/A,-9999,-9999
2824,453.14066,453.14047699,453.14007301,4542620.5,-9999,254032.6,28.09,-1,0.891513307,0.865701874,0,0.519421125,4,0.3125,1.9375,N4 S2 P1 O5,de-protonated,0,-9999,C16 H31 O5 N4 P1 S2,16,31,5,4,1,2,-9999,N/A,-9999,-9999
2825,453.177106,453.176922981,453.17662071,2058910.6,-9999,285743.6,11.41,-1,0.667003979,0.92244688,0,0.553468128,8,0.454545455,1.363636364,O10,de-protonated,0,-9999,C22 H30 O10,22,30,10,-9999,-9999,-9999,-9999,N/A,-9999,-9999
2825,453.177106,453.176922981,453.177109968,2058910.6,-9999,285743.6,11.41,-1,-0.412612943,0.969580731,0,0.581748438,12,0.08,1.24,N2 S1 P1 O2,de-protonated,0,-9999,C25 H31 O2 N2 P1 S1,25,31,2,2,1,1,-9999,N/A,-9999,-9999
2826,453.190091,453.189907978,453.18950787,1737375.4,-9999,258897.7,9.24,-1,0.882870818,0.868114073,0,0.520868444,3,0.526315789,1.842105263,P1 O10,de-protonated,0,-9999,C19 H35 O10 P1,19,35,10,-9999,1,-9999,-9999,N/A,-9999,-9999
2827,453.226411,453.226227969,453.225893379,1995937.6,-9999,236387.2,10.98,-1,0.738239721,0.905843115,0,0.543505869,2,0.45,1.95,P1 O9,de-protonated,0,-9999,C20 H39 O9 P1,20,39,9,-9999,1,-9999,-9999,N/A,-9999,-9999
2828,453.235802,453.235618966,453.235276294,1476258.1,-9999,260044.9,7.49,-1,0.756058732,0.901477162,0,0.540886297,15,0.032258065,1.129032258,P1 O1,de-protonated,0,-9999,C31 H35 O1 P1,31,35,1,-9999,1,-9999,-9999,N/A,-9999,-9999
2828,453.235802,453.235618966,453.235472998,1476258.1,-9999,260044.9,7.49,-1,0.322057754,0.981355917,0,0.58881355,7,0.333333333,1.619047619,N4 O7,de-protonated,0,-9999,C21 H34 O7 N4,21,34,7,4,-9999,-9999,-9999,N/A,-9999,-9999
2829,453.250295,453.250111963,453.250261109,1429923,-9999,201026.1,7.18,-1,-0.329059417,0.980544468,0,0.588326681,5,0.12,1.68,S2 O3,de-protonated,0,-9999,C25 H42 O3 S2,25,42,3,-9999,-9999,2,-9999,N/A,-9999,-9999
2832,454.963016,454.962832534,454.963213587,5688585,-9999,224147,35.88,-1,-0.837545729,0.440242168,0.822155738,0.593007596,17,0.45,0.45,S1 P1 O9,de-protonated,0,-9999,C20 H9 O9 P1 S1,20,9,9,-9999,1,1,-9999,N/A,-9999,-9999
2832,454.963016,454.962832534,454.962562138,5688585,-9999,224147,35.88,-1,0.594326228,0.937918735,0,0.562751241,8,0.916666667,1.083333333,N2 S2 P1 O11,de-protonated,0,-9999,C12 H13 O11 N2 P1 S2,12,13,11,2,1,2,-9999,N/A,-9999,-9999
2833,455.083535,455.083351504,455.083114247,2238736.3,-9999,251863.7,12.64,-1,0.521349535,0.951877698,0,0.571126619,10,0.684210526,1.052631579,O13,de-protonated,0,-9999,C19 H20 O13,19,20,13,-9999,-9999,-9999,-9999,N/A,-9999,-9999
2833,455.083535,455.083351504,455.083603504,2238736.3,-9999,251863.7,12.64,-1,-0.553744363,0.945881367,0,0.56752882,14,0.227272727,0.954545455,N2 S1 P1 O5,de-protonated,0,-9999,C22 H21 O5 N2 P1 S1,22,21,5,2,1,1,-9999,N/A,-9999,-9999
2833,455.083535,455.083351504,455.082952055,2238736.3,-9999,251863.7,12.64,-1,0.877749206,0.86953561,0,0.521721366,5,0.5,1.785714286,N4 S2 P1 O7,de-protonated,0,-9999,C14 H25 O7 N4 P1 S2,14,25,7,4,1,2,-9999,N/A,-9999,-9999
2834,455.119977,455.119793495,455.119499756,4160786.5,-9999,227500.3,25.59,-1,0.645410502,0.927202486,0,0.556321491,9,0.6,1.2,O12,de-protonated,0,-9999,C20 H24 O12,20,24,12,-9999,-9999,-9999,-9999,N/A,-9999,-9999
2834,455.119977,455.119793495,455.119989013,4160786.5,-9999,227500.3,25.59,-1,-0.429597578,0.483533695,0.800793265,0.610437523,13,0.173913043,1.086956522,N2 S1 P1 O4,de-protonated,0,-9999,C23 H25 O4 N2 P1 S1,23,25,4,2,1,1,-9999,N/A,-9999,-9999
2835,455.15622,455.156036486,455.155885265,2835732.5,-9999,247101.7,16.66,-1,0.332238899,0.980170451,0,0.58810227,8,0.523809524,1.333333333,O11,de-protonated,0,-9999,C21 H28 O11,21,28,11,-9999,-9999,-9999,-9999,N/A,-9999,-9999
2835,455.15622,455.156036486,455.156374523,2835732.5,-9999,247101.7,16.66,-1,-0.742682908,0.904762242,0,0.542857345,12,0.125,1.208333333,N2 S1 P1 O3,de-protonated,0,-9999,C24 H29 O3 N2 P1 S1,24,29,3,2,1,1,-9999,N/A,-9999,-9999
2835,455.15622,455.156036486,455.155723074,2835732.5,-9999,247101.7,16.66,-1,0.688581521,0.917564044,0,0.550538426,3,0.3125,2.0625,N4 S2 P1 O5,de-protonated,0,-9999,C16 H33 O5 N4 P1 S2,16,33,5,4,1,2,-9999,N/A,-9999,-9999
2836,455.19236,455.192176477,455.192270775,1789206.6,-9999,227336.5,9.61,-1,-0.20716059,0.992243277,0,0.595345966,7,0.454545455,1.454545455,O10,de-protonated,0,-9999,C22 H32 O10,22,32,10,-9999,-9999,-9999,-9999,N/A,-9999,-9999
2836,455.19236,455.192176477,455.192108583,1789206.6,-9999,227336.5,9.61,-1,0.149153357,0.995971497,0,0.597582898,2,0.235294118,2.176470588,N4 S2 P1 O4,de-protonated,0,-9999,C17 H37 O4 N4 P1 S2,17,37,4,4,1,2,-9999,N/A,-9999,-9999
2837,455.251575,455.251391462,455.251123063,5551386,-9999,232211.8,34.96,-1,0.589563312,0.469439427,0.81490939,0.607627413,6,0.333333333,1.714285714,N4 O7,de-protonated,0,-9999,C21 H36 O7 N4,21,36,7,4,-9999,-9999,-9999,N/A,-9999,-9999
2838,455.265391,455.265207459,455.265041793,2718491,-9999,238027.9,15.87,-1,0.363887229,0.976260003,0,0.585756002,5,0.333333333,1.666666667,O8,de-protonated,0,-9999,C24 H40 O8,24,40,8,-9999,-9999,-9999,-9999,N/A,-9999,-9999
2838,455.265391,455.265207459,455.264879602,2718491,-9999,238027.9,15.87,-1,0.720144424,0.910191066,0,0.54611464,0,0.105263158,2.368421053,N4 S2 P1 O2,de-protonated,0,-9999,C19 H45 O2 N4 P1 S2,19,45,2,4,1,2,-9999,N/A,-9999,-9999
2839,456.014635,456.014451271,456.014323666,1425478.8,-9999,228336.7,7.16,-1,0.279827057,0.985892448,0,0.591535469,16,0.473684211,0.578947368,N3 S1 O9,de-protonated,0,-9999,C19 H11 O9 N3 S1,19,11,9,3,-9999,1,-9999,N/A,-9999,-9999
2840,456.210347,456.210163222,456.209789821,3128658,-9999,234821.7,18.64,-1,0.818485714,0.885541552,0,0.531324931,15,0.068965517,1.103448276,N1 P1 O2,de-protonated,0,-9999,C29 H32 O2 N1 P1,29,32,2,1,1,-9999,-9999,N/A,-9999,-9999
2845,457.062702,457.062518009,457.062378802,1451395.4,-9999,188188.5,7.34,-1,0.30456945,0.983309218,0,0.589985531,10,0.777777778,1,O14,de-protonated,0,-9999,C18 H18 O14,18,18,14,-9999,-9999,-9999,-9999,N/A,-9999,-9999
2845,457.062702,457.062518009,457.062868059,1451395.4,-9999,188188.5,7.34,-1,-0.76586863,0.899038347,0,0.539423008,14,0.285714286,0.904761905,N2 S1 P1 O6,de-protonated,0,-9999,C21 H19 O6 N2 P1 S1,21,19,6,2,1,1,-9999,N/A,-9999,-9999
2845,457.062702,457.062518009,457.06221661,1451395.4,-9999,188188.5,7.34,-1,0.659425689,0.924130898,0,0.554478539,5,0.615384615,1.769230769,N4 S2 P1 O8,de-protonated,0,-9999,C13 H23 O8 N4 P1 S2,13,23,8,4,1,2,-9999,N/A,-9999,-9999
2846,457.099252,457.099068,457.098764311,1857413.5,-9999,270887,10.07,-1,0.664383213,0.923031085,0,0.553818651,9,0.684210526,1.157894737,O13,de-protonated,0,-9999,C19 H22 O13,19,22,13,-9999,-9999,-9999,-9999,N/A,-9999,-9999
2846,457.099252,457.099068,457.099253568,1857413.5,-9999,270887,10.07,-1,-0.405970045,0.970537864,0,0.582322718,13,0.227272727,1.045454545,N2 S1 P1 O5,de-protonated,0,-9999,C22 H23 O5 N2 P1 S1,22,23,5,2,1,1,-9999,N/A,-9999,-9999
2847,457.114498,457.114313996,457.114020452,1550726.4,-9999,237134.9,8.01,-1,0.642167226,0.927905316,0,0.55674319,13,0.434782609,0.956521739,O10,de-protonated,0,-9999,C23 H22 O10,23,22,10,-9999,-9999,-9999,-9999,N/A,-9999,-9999
2847,457.114498,457.114313996,457.11450971,1550726.4,-9999,237134.9,8.01,-1,-0.428150285,0.96728525,0,0.58037115,17,0.076923077,0.884615385,N2 S1 P1 O2,de-protonated,0,-9999,C26 H23 O2 N2 P1 S1,26,23,2,2,1,1,-9999,N/A,-9999,-9999
2847,457.114498,457.114313996,457.113858261,1550726.4,-9999,237134.9,8.01,-1,0.996983496,0.834973196,0,0.500983917,8,0.222222222,1.5,N4 S2 P1 O4,de-protonated,0,-9999,C18 H27 O4 N4 P1 S2,18,27,4,4,1,2,-9999,N/A,-9999,-9999
2848,457.135386,457.135201991,457.13514982,2546055.5,-9999,258212.7,14.71,-1,0.114124582,0.997639526,0,0.598583716,8,0.6,1.3,O12,de-protonated,0,-9999,C20 H26 O12,20,26,12,-9999,-9999,-9999,-9999,N/A,-9999,-9999
2848,457.135386,457.135201991,457.135639078,2546055.5,-9999,258212.7,14.71,-1,-0.956142892,0.847146137,0,0.508287682,12,0.173913043,1.173913043,N2 S1 P1 O4,de-protonated,0,-9999,C23 H27 O4 N2 P1 S1,23,27,4,2,1,1,-9999,N/A,-9999,-9999
2848,457.135386,457.135201991,457.134987629,2546055.5,-9999,258212.7,14.71,-1,0.468924264,0.960886728,0,0.576532037,3,0.4,2.066666667,N4 S2 P1 O6,de-protonated,0,-9999,C15 H31 O6 N4 P1 S2,15,31,6,4,1,2,-9999,N/A,-9999,-9999
2849,457.163729,457.163544984,457.16316018,1660809.1,-9999,217902.5,8.75,-1,0.84172167,0.879364709,0,0.527618825,20,0.03125,0.8125,S1 O1,de-protonated,0,-9999,C32 H26 O1 S1,32,26,1,-9999,-9999,1,-9999,N/A,-9999,-9999
2849,457.163729,457.163544984,457.163293121,1660809.1,-9999,217902.5,8.75,-1,0.550924391,0.946416166,0,0.567849699,7,0.428571429,1.476190476,P1 O9,de-protonated,0,-9999,C21 H31 O9 P1,21,31,9,-9999,1,-9999,-9999,N/A,-9999,-9999
2850,457.17211,457.171925982,457.17153533,1438601.6,-9999,317684.9,7.25,-1,0.854497256,0.875913811,0,0.525548287,7,0.523809524,1.428571429,O11,de-protonated,0,-9999,C21 H30 O11,21,30,11,-9999,-9999,-9999,-9999,N/A,-9999,-9999
2850,457.17211,457.171925982,457.172024587,1438601.6,-9999,317684.9,7.25,-1,-0.21568583,0.991594464,0,0.594956679,11,0.125,1.291666667,N2 S1 P1 O3,de-protonated,0,-9999,C24 H31 O3 N2 P1 S1,24,31,3,2,1,1,-9999,N/A,-9999,-9999
2851,457.194125,457.193940976,457.193805404,1658762.9,-9999,196493.9,8.74,-1,0.296531197,0.984171686,0,0.590503012,15,0.103448276,1.068965517,P1 O3,de-protonated,0,-9999,C29 H31 O3 P1,29,31,3,-9999,1,-9999,-9999,N/A,-9999,-9999
2851,457.194125,457.193940976,457.193534078,1658762.9,-9999,196493.9,8.74,-1,0.889991559,0.866127824,0,0.519676695,1,0.421052632,2,S2 O8,de-protonated,0,-9999,C19 H38 O8 S2,19,38,8,-9999,-9999,2,-9999,N/A,-9999,-9999
2851,457.194125,457.193940976,457.194002108,1658762.9,-9999,196493.9,8.74,-1,-0.133711867,0.99676116,0,0.598056696,7,0.473684211,1.578947368,N4 O9,de-protonated,0,-9999,C19 H30 O9 N4,19,30,9,4,-9999,-9999,-9999,N/A,-9999,-9999
2852,457.208102,457.207917973,457.207920839,1648011.8,-9999,283259.9,8.66,-1,-0.006269641,0.999992868,0,0.599995721,6,0.454545455,1.545454545,O10,de-protonated,0,-9999,C22 H34 O10,22,34,10,-9999,-9999,-9999,-9999,N/A,-9999,-9999
2852,457.208102,457.207917973,457.207758648,1648011.8,-9999,283259.9,8.66,-1,0.348473527,0.978206972,0,0.586924183,1,0.235294118,2.294117647,N4 S2 P1 O4,de-protonated,0,-9999,C17 H39 O4 N4 P1 S2,17,39,4,4,1,2,-9999,N/A,-9999,-9999
2853,457.230741,457.230556967,457.230190913,2942349,-9999,229091.5,17.38,-1,0.800589561,0.890209561,0,0.534125736,14,0.066666667,1.166666667,P1 O2,de-protonated,0,-9999,C30 H35 O2 P1,30,35,2,-9999,1,-9999,-9999,N/A,-9999,-9999
2853,457.230741,457.230556967,457.230387618,2942349,-9999,229091.5,17.38,-1,0.370380518,0.975415793,0,0.585249476,6,0.4,1.7,N4 O8,de-protonated,0,-9999,C20 H34 O8 N4,20,34,8,4,-9999,-9999,-9999,N/A,-9999,-9999
2854,457.267204,457.267019958,457.266576423,4190607,-9999,240208,25.79,-1,0.969970846,0.421530987,0.748902347,0.552479531,13,0.032258065,1.258064516,P1 O1,de-protonated,0,-9999,C31 H39 O1 P1,31,39,1,-9999,1,-9999,-9999,N/A,-9999,-9999
2854,457.267204,457.267019958,457.266773127,4190607,-9999,240208,25.79,-1,0.539795963,0.948502873,0,0.569101724,5,0.333333333,1.80952381,N4 O7,de-protonated,0,-9999,C21 H38 O7 N4,21,38,7,4,-9999,-9999,-9999,N/A,-9999,-9999
2856,458.225999,458.225814718,458.225439885,5152198,-9999,241316.3,32.27,-1,0.818009117,0.923382942,0.99555227,0.952250673,14,0.068965517,1.172413793,N1 P1 O2,de-protonated,0,-9999,C29 H34 O2 N1 P1,29,34,2,1,1,-9999,-9999,N/A,-9999,-9999
2860,458.958089,458.957904535,458.958128206,1583087.5,-9999,180173.4,8.22,-1,-0.487345766,0.957820266,0,0.574692159,16,0.526315789,0.473684211,S1 P1 O10,de-protonated,0,-9999,C19 H9 O10 P1 S1,19,9,10,-9999,1,1,-9999,N/A,-9999,-9999
2861,458.975246,458.975061531,458.975101881,1445616.5,-9999,242390.1,7.3,-1,-0.087913095,0.998598618,0,0.599159171,20,0.272727273,0.363636364,N2 S2 O6,de-protonated,0,-9999,C22 H8 O6 N2 S2,22,8,6,2,-9999,2,-9999,N/A,-9999,-9999
2862,459.083124,459.082939504,459.082540876,1785334.6,-9999,254225.4,9.59,-1,0.868314629,0.872138603,0,0.523283162,17,0.153846154,0.807692308,S1 P1 O4,de-protonated,0,-9999,C26 H21 O4 P1 S1,26,21,4,-9999,1,1,-9999,N/A,-9999,-9999
2862,459.083124,459.082939504,459.083389029,1785334.6,-9999,254225.4,9.59,-1,-0.979179588,0.840320704,0,0.504192422,18,0.333333333,0.666666667,N2 O8,de-protonated,0,-9999,C24 H16 O8 N2,24,16,8,2,-9999,-9999,-9999,N/A,-9999,-9999
2862,459.083124,459.082939504,459.08273758,1785334.6,-9999,254225.4,9.59,-1,0.439841405,0.965505822,0,0.579303493,9,0.625,1.25,N4 S1 O10,de-protonated,0,-9999,C16 H20 O10 N4 S1,16,20,10,4,-9999,1,-9999,N/A,-9999,-9999
2863,459.093777,459.093592501,459.093285008,1494263.3,-9999,235781.5,7.63,-1,0.669784316,0.921824997,0,0.553094998,13,0.5,0.909090909,O11,de-protonated,0,-9999,C22 H20 O11,22,20,11,-9999,-9999,-9999,-9999,N/A,-9999,-9999
2863,459.093777,459.093592501,459.093774265,1494263.3,-9999,235781.5,7.63,-1,-0.395918826,0.971958284,0,0.58317497,17,0.12,0.84,N2 S1 P1 O3,de-protonated,0,-9999,C25 H21 O3 N2 P1 S1,25,21,3,2,1,1,-9999,N/A,-9999,-9999
2864,459.114679,459.114494496,459.114414376,1680888.4,-9999,255093.8,8.88,-1,0.174510299,0.994489429,0,0.596693657,8,0.684210526,1.263157895,O13,de-protonated,0,-9999,C19 H24 O13,19,24,13,-9999,-9999,-9999,-9999,N/A,-9999,-9999
2864,459.114679,459.114494496,459.114903633,1680888.4,-9999,255093.8,8.88,-1,-0.891143269,0.865805499,0,0.519483299,12,0.227272727,1.136363636,N2 S1 P1 O5,de-protonated,0,-9999,C22 H25 O5 N2 P1 S1,22,25,5,2,1,1,-9999,N/A,-9999,-9999
2864,459.114679,459.114494496,459.114252184,1680888.4,-9999,255093.8,8.88,-1,0.527780444,0.950713113,0,0.570427868,3,0.5,2.071428571,N4 S2 P1 O7,de-protonated,0,-9999,C14 H29 O7 N4 P1 S2,14,29,7,4,1,2,-9999,N/A,-9999,-9999
2865,459.130149,459.129964492,459.129670517,2771449.3,-9999,228441.5,16.23,-1,0.6402876,0.92831126,0,0.556986756,12,0.434782609,1.043478261,O10,de-protonated,0,-9999,C23 H24 O10,23,24,10,-9999,-9999,-9999,-9999,N/A,-9999,-9999
2865,459.130149,459.129964492,459.130159774,2771449.3,-9999,228441.5,16.23,-1,-0.425331056,0.967707654,0,0.580624592,16,0.076923077,0.961538462,N2 S1 P1 O2,de-protonated,0,-9999,C26 H25 O2 N2 P1 S1,26,25,2,2,1,1,-9999,N/A,-9999,-9999
2865,459.130149,459.129964492,459.129508326,2771449.3,-9999,228441.5,16.23,-1,0.99354617,0.83601045,0,0.50160627,7,0.222222222,1.611111111,N4 S2 P1 O4,de-protonated,0,-9999,C18 H29 O4 N4 P1 S2,18,29,4,4,1,2,-9999,N/A,-9999,-9999
2866,459.163134,459.162949484,459.16317398,1443323.1,-9999,313674.6,7.28,-1,-0.488925524,0.957552264,0,0.574531358,20,0.033333333,0.833333333,N2 P1 O1,de-protonated,0,-9999,C30 H25 O1 N2 P1,30,25,1,2,1,-9999,-9999,N/A,-9999,-9999
2866,459.163134,459.162949484,459.162902654,1443323.1,-9999,313674.6,7.28,-1,0.101988998,0.998114395,0,0.598868637,6,0.3,1.6,N2 S2 O6,de-protonated,0,-9999,C20 H32 O6 N2 S2,20,32,6,2,-9999,2,-9999,N/A,-9999,-9999
2866,459.163134,459.162949484,459.162522532,1443323.1,-9999,313674.6,7.28,-1,0.929849593,0.85480303,0,0.512881818,11,0.136363636,1.318181818,N4 S1 P1 O3,de-protonated,0,-9999,C22 H29 O3 N4 P1 S1,22,29,3,4,1,1,-9999,N/A,-9999,-9999
2867,459.166443,459.166258483,459.166056026,1855483.3,-9999,197321.2,10.06,-1,0.440922416,0.965339036,0,0.579203422,11,0.375,1.166666667,O9,de-protonated,0,-9999,C24 H28 O9,24,28,9,-9999,-9999,-9999,-9999,N/A,-9999,-9999
2867,459.166443,459.166258483,459.166545284,1855483.3,-9999,197321.2,10.06,-1,-0.624611584,0.931657218,0,0.558994331,15,0.037037037,1.074074074,N2 S1 P1 O1,de-protonated,0,-9999,C27 H29 O1 N2 P1 S1,27,29,1,2,1,1,-9999,N/A,-9999,-9999
2867,459.166443,459.166258483,459.165893835,1855483.3,-9999,197321.2,10.06,-1,0.794152923,0.891869149,0,0.535121489,6,0.157894737,1.736842105,N4 S2 P1 O3,de-protonated,0,-9999,C19 H33 O3 N4 P1 S2,19,33,3,4,1,2,-9999,N/A,-9999,-9999
2868,459.209974,459.209789472,459.209455468,2997757.8,-9999,207654.6,17.75,-1,0.727344712,0.908471413,0,0.545082848,14,0.103448276,1.137931034,P1 O3,de-protonated,0,-9999,C29 H33 O3 P1,29,33,3,-9999,1,-9999,-9999,N/A,-9999,-9999
2868,459.209974,459.209789472,459.209652173,2997757.8,-9999,207654.6,17.75,-1,0.298989967,0.98391024,0,0.590346144,6,0.473684211,1.684210526,N4 O9,de-protonated,0,-9999,C19 H32 O9 N4,19,32,9,4,-9999,-9999,-9999,N/A,-9999,-9999
2869,459.229194,459.229009467,459.228794721,1576702.9,-9999,232738.3,8.18,-1,0.467624426,0.961099001,0.99555227,0.974880309,14,0.068965517,1.172413793,13C1 N1 P1 O2,de-protonated,1,2856,C28 H34 O2 N1 P1 13C1,28,34,2,1,1,-9999,1,N/A,-9999,-9999
2869,459.229194,459.229009467,459.228931066,1576702.9,-9999,232738.3,8.18,-1,0.170723089,0.994725389,0,0.596835233,14,0.142857143,1.142857143,N2 O4,de-protonated,0,-9999,C28 H32 O4 N2,28,32,4,2,-9999,-9999,-9999,N/A,-9999,-9999
2870,459.246449,459.246264463,459.245840978,6729216,-9999,229705.7,42.89,-1,0.922131587,0.428511443,0.755017935,0.55911404,13,0.066666667,1.233333333,P1 O2,de-protonated,0,-9999,C30 H37 O2 P1,30,37,2,-9999,1,-9999,-9999,N/A,-9999,-9999
2870,459.246449,459.246264463,459.246037682,6729216,-9999,229705.7,42.89,-1,0.493810697,0.478359249,0.822155738,0.615877845,5,0.4,1.8,N4 O8,de-protonated,0,-9999,C20 H36 O8 N4,20,36,8,4,-9999,-9999,-9999,N/A,-9999,-9999
2871,459.296654,459.29646945,459.296341922,1673218.6,-9999,224041.4,8.83,-1,0.277659361,0.986108652,0,0.591665191,3,0.333333333,1.833333333,O8,de-protonated,0,-9999,C24 H44 O8,24,44,8,-9999,-9999,-9999,-9999,N/A,-9999,-9999
2872,459.39769,459.397505425,459.397256242,1955336.4,-9999,266288.1,10.73,-1,0.542413118,0.948015545,0,0.568809327,0,0.111111111,2.111111111,P1 O3,de-protonated,0,-9999,C27 H57 O3 P1,27,57,3,-9999,1,-9999,-9999,N/A,-9999,-9999
2876,460.990512,460.990327027,460.990751945,1498210.1,-9999,256787.9,7.65,-1,-0.92175045,0.857132178,0,0.514279307,19,0.272727273,0.454545455,N2 S2 O6,de-protonated,0,-9999,C22 H10 O6 N2 S2,22,10,6,2,-9999,2,-9999,N/A,-9999,-9999
2877,461.073033,461.072848006,461.072549563,1888870.8,-9999,241586.1,10.28,-1,0.647280623,0.926795857,0,0.556077514,13,0.571428571,0.857142857,O12,de-protonated,0,-9999,C21 H18 O12,21,18,12,-9999,-9999,-9999,-9999,N/A,-9999,-9999
2877,461.073033,461.072848006,461.07303882,1888870.8,-9999,241586.1,10.28,-1,-0.413847714,0.969401213,0,0.581640728,17,0.166666667,0.791666667,N2 S1 P1 O4,de-protonated,0,-9999,C24 H19 O4 N2 P1 S1,24,19,4,2,1,1,-9999,N/A,-9999,-9999
2877,461.073033,461.072848006,461.072387371,1888870.8,-9999,241586.1,10.28,-1,0.999050626,0.834348311,0,0.500608987,8,0.375,1.4375,N4 S2 P1 O6,de-protonated,0,-9999,C16 H23 O6 N4 P1 S2,16,23,6,4,1,2,-9999,N/A,-9999,-9999
2878,461.080374,461.080189004,461.080432875,1471591.1,-9999,287592.8,7.47,-1,-0.528912445,0.950506789,0,0.570304073,16,0.076923077,0.884615385,S2 P1 O2,de-protonated,0,-9999,C26 H23 O2 P1 S2,26,23,2,-9999,1,2,-9999,N/A,-9999,-9999
2878,461.080374,461.080189004,461.08062958,1471591.1,-9999,287592.8,7.47,-1,-0.955528471,0.847326704,0,0.508396023,8,0.5,1.375,N4 S2 O8,de-protonated,0,-9999,C16 H22 O8 N4 S2,16,22,8,4,-9999,2,-9999,N/A,-9999,-9999
2878,461.080374,461.080189004,461.0797602,1471591.1,-9999,287592.8,7.47,-1,0.930000052,0.854759628,0,0.512855777,9,0.866666667,1.2,N4 O13,de-protonated,0,-9999,C15 H18 O13 N4,15,18,13,4,-9999,-9999,-9999,N/A,-9999,-9999
2879,461.108952,461.108766997,461.108935072,1671784.8,-9999,220978.6,8.82,-1,-0.364501735,0.976180718,0,0.585708431,12,0.5,1,O11,de-protonated,0,-9999,C22 H22 O11,22,22,11,-9999,-9999,-9999,-9999,N/A,-9999,-9999
2879,461.108952,461.108766997,461.108772881,1671784.8,-9999,220978.6,8.82,-1,-0.012759846,0.999970458,0,0.599982275,7,0.294117647,1.588235294,N4 S2 P1 O5,de-protonated,0,-9999,C17 H27 O5 N4 P1 S2,17,27,5,4,1,2,-9999,N/A,-9999,-9999
2880,461.145735,461.145549988,461.145320581,3072106.8,-9999,216034.4,18.25,-1,0.497471042,0.956088826,0,0.573653296,11,0.434782609,1.130434783,O10,de-protonated,0,-9999,C23 H26 O10,23,26,10,-9999,-9999,-9999,-9999,N/A,-9999,-9999
2880,461.145735,461.145549988,461.145809839,3072106.8,-9999,216034.4,18.25,-1,-0.563489685,0.94401455,0,0.56640873,15,0.076923077,1.038461538,N2 S1 P1 O2,de-protonated,0,-9999,C26 H27 O2 N2 P1 S1,26,27,2,2,1,1,-9999,N/A,-9999,-9999
2880,461.145735,461.145549988,461.14515839,3072106.8,-9999,216034.4,18.25,-1,0.849185481,0.877353273,0,0.526411964,6,0.222222222,1.722222222,N4 S2 P1 O4,de-protonated,0,-9999,C18 H31 O4 N4 P1 S2,18,31,4,4,1,2,-9999,N/A,-9999,-9999
2881,461.294553,461.294367951,461.294233922,1668979.1,-9999,199815.4,8.8,-1,0.290548833,0.98479907,0,0.590879442,2,0.25,1.916666667,S1 O6,de-protonated,0,-9999,C24 H46 O6 S1,24,46,6,-9999,-9999,1,-9999,N/A,-9999,-9999
2882,461.340738,461.340552939,461.340135288,1569909.8,-9999,279018,8.14,-1,0.905300271,0.861819314,0,0.517091589,1,0.2,2.04,P1 O5,de-protonated,0,-9999,C25 H51 O5 P1,25,51,5,-9999,1,-9999,-9999,N/A,-9999,-9999
2884,462.987844,462.987658527,462.987774565,1764050.1,-9999,223559,9.44,-1,-0.250628322,0.988667088,0,0.593200253,19,0.428571429,0.380952381,N2 S1 O9,de-protonated,0,-9999,C21 H8 O9 N2 S1,21,8,9,2,-9999,1,-9999,N/A,-9999,-9999
2885,462.999217,462.999031524,462.99881125,5238483,-9999,229889.9,32.84,-1,0.475756095,0.47988107,0.755017935,0.589935816,27,0.066666667,0.3,S1 P1 O2,de-protonated,0,-9999,C30 H9 O2 P1 S1,30,9,2,-9999,1,1,-9999,N/A,-9999,-9999
2885,462.999217,462.999031524,462.999007954,5238483,-9999,229889.9,32.84,-1,0.050907272,0.499764939,0.822155738,0.628721258,19,0.4,0.4,N4 S1 O8,de-protonated,0,-9999,C20 H8 O8 N4 S1,20,8,8,4,-9999,1,-9999,N/A,-9999,-9999
2886,463.032314,463.032128516,463.03202216,1917652.6,-9999,224832.7,10.48,-1,0.229694067,0.990472559,0,0.594283535,23,0.291666667,0.333333333,N4 O7,de-protonated,0,-9999,C24 H8 O7 N4,24,8,7,4,-9999,-9999,-9999,N/A,-9999,-9999
2887,463.088392,463.088206502,463.088199627,1775319.8,-9999,249708.4,9.52,-1,0.014845536,0.999960011,0,0.599976007,12,0.571428571,0.952380952,O12,de-protonated,0,-9999,C21 H20 O12,21,20,12,-9999,-9999,-9999,-9999,N/A,-9999,-9999
2887,463.088392,463.088206502,463.088037436,1775319.8,-9999,249708.4,9.52,-1,0.365084193,0.976105451,0,0.585663271,7,0.375,1.5625,N4 S2 P1 O6,de-protonated,0,-9999,C16 H25 O6 N4 P1 S2,16,25,6,4,1,2,-9999,N/A,-9999,-9999
2888,463.12496,463.124774493,463.124585136,2304217.8,-9999,228784,13.08,-1,0.408866863,0.970122274,0,0.582073364,11,0.5,1.090909091,O11,de-protonated,0,-9999,C22 H24 O11,22,24,11,-9999,-9999,-9999,-9999,N/A,-9999,-9999
2888,463.12496,463.124774493,463.125074394,2304217.8,-9999,228784,13.08,-1,-0.647559527,0.926735129,0,0.556041077,15,0.12,1,N2 S1 P1 O3,de-protonated,0,-9999,C25 H25 O3 N2 P1 S1,25,25,3,2,1,1,-9999,N/A,-9999,-9999
2888,463.12496,463.124774493,463.124422945,2304217.8,-9999,228784,13.08,-1,0.759078141,0.900729161,0,0.540437497,6,0.294117647,1.705882353,N4 S2 P1 O5,de-protonated,0,-9999,C17 H29 O5 N4 P1 S2,17,29,5,4,1,2,-9999,N/A,-9999,-9999
2889,463.161325,463.161139484,463.160970646,2090203.9,-9999,218667.8,11.64,-1,0.364533848,0.976176572,0,0.585705943,10,0.434782609,1.217391304,O10,de-protonated,0,-9999,C23 H28 O10,23,28,10,-9999,-9999,-9999,-9999,N/A,-9999,-9999
2889,463.161325,463.161139484,463.161459903,2090203.9,-9999,218667.8,11.64,-1,-0.691809503,0.916822481,0,0.550093489,14,0.076923077,1.115384615,N2 S1 P1 O2,de-protonated,0,-9999,C26 H29 O2 N2 P1 S1,26,29,2,2,1,1,-9999,N/A,-9999,-9999
2889,463.161325,463.161139484,463.160808454,2090203.9,-9999,218667.8,11.64,-1,0.714717598,0.911477979,0,0.546886788,5,0.222222222,1.833333333,N4 S2 P1 O4,de-protonated,0,-9999,C18 H33 O4 N4 P1 S2,18,33,4,4,1,2,-9999,N/A,-9999,-9999
2890,463.19759,463.197404475,463.197356155,1494493.9,-9999,209723,7.63,-1,0.104317154,0.998027411,0,0.598816447,9,0.375,1.333333333,O9,de-protonated,0,-9999,C24 H32 O9,24,32,9,-9999,-9999,-9999,-9999,N/A,-9999,-9999
2890,463.19759,463.197404475,463.197845413,1494493.9,-9999,209723,7.63,-1,-0.951942942,0.848378873,0,0.509027324,13,0.037037037,1.222222222,N2 S1 P1 O1,de-protonated,0,-9999,C27 H33 O1 N2 P1 S1,27,33,1,2,1,1,-9999,N/A,-9999,-9999
2890,463.19759,463.197404475,463.197193964,1494493.9,-9999,209723,7.63,-1,0.454473306,0.963216092,0,0.577929655,4,0.157894737,1.947368421,N4 S2 P1 O3,de-protonated,0,-9999,C19 H37 O3 N4 P1 S2,19,37,3,4,1,2,-9999,N/A,-9999,-9999
2891,463.21083,463.210644471,463.210243315,2360030.8,-9999,249096.6,13.46,-1,0.866035573,0.872764333,0,0.5236586,4,0.428571429,1.761904762,P1 O9,de-protonated,0,-9999,C21 H37 O9 P1,21,37,9,-9999,1,-9999,-9999,N/A,-9999,-9999
2892,463.220325,463.220139469,463.219822934,1789663.3,-9999,265878.5,9.61,-1,0.683336826,0.918762776,0,0.551257666,9,0.318181818,1.454545455,N4 O7,de-protonated,0,-9999,C22 H32 O7 N4,22,32,7,4,-9999,-9999,-9999,N/A,-9999,-9999
2893,464.15754,464.157354234,464.157088998,1424147.9,-9999,295778.8,7.15,-1,0.571437164,0.942470808,0,0.565482485,9,0.217391304,1.347826087,N1 S2 O5,de-protonated,0,-9999,C23 H31 O5 N1 S2,23,31,5,1,-9999,2,-9999,N/A,-9999,-9999
2894,464.985056,464.984870028,464.984797185,1544514.5,-9999,287038.1,7.96,-1,0.15665623,0.995556936,0,0.597334162,19,0.6,0.3,N2 O12,de-protonated,0,-9999,C20 H6 O12 N2,20,6,12,2,-9999,-9999,-9999,N/A,-9999,-9999
2894,464.985056,464.984870028,464.985286442,1544514.5,-9999,287038.1,7.96,-1,-0.895543573,0.86457127,0,0.518742762,23,0.173913043,0.304347826,N4 S1 P1 O4,de-protonated,0,-9999,C23 H7 O4 N4 P1 S1,23,7,4,4,1,1,-9999,N/A,-9999,-9999
2895,464.996364,464.996178025,464.996030574,2727747.3,-9999,251942.8,15.93,-1,0.317100873,0.981920233,0,0.58915214,19,0.578947368,0.315789474,N4 O11,de-protonated,0,-9999,C19 H6 O11 N4,19,6,11,4,-9999,-9999,-9999,N/A,-9999,-9999
2896,465.104134,465.103947998,465.103849692,2458441.3,-9999,281044.1,14.12,-1,0.211363896,0.991926601,0,0.595155961,11,0.571428571,1.047619048,O12,de-protonated,0,-9999,C21 H22 O12,21,22,12,-9999,-9999,-9999,-9999,N/A,-9999,-9999
2896,465.104134,465.103947998,465.104338949,2458441.3,-9999,281044.1,14.12,-1,-0.840566633,0.879674805,0,0.527804883,15,0.166666667,0.958333333,N2 S1 P1 O4,de-protonated,0,-9999,C24 H23 O4 N2 P1 S1,24,23,4,2,1,1,-9999,N/A,-9999,-9999
2896,465.104134,465.103947998,465.1036875,2458441.3,-9999,281044.1,14.12,-1,0.56008477,0.944670078,0,0.566802047,6,0.375,1.6875,N4 S2 P1 O6,de-protonated,0,-9999,C16 H27 O6 N4 P1 S2,16,27,6,4,1,2,-9999,N/A,-9999,-9999
2897,465.132701,465.132514991,465.132862372,2055498.9,-9999,215559.6,11.4,-1,-0.746844055,0.903745278,0,0.542247167,9,0.173913043,1.347826087,S2 P1 O4,de-protonated,0,-9999,C23 H31 O4 P1 S2,23,31,4,-9999,1,2,-9999,N/A,-9999,-9999
2898,465.140692,465.140505989,465.140235201,3297099.3,-9999,244058.8,19.77,-1,0.582163502,0.940357119,0,0.564214271,10,0.5,1.181818182,O11,de-protonated,0,-9999,C22 H26 O11,22,26,11,-9999,-9999,-9999,-9999,N/A,-9999,-9999
2898,465.140692,465.140505989,465.140724458,3297099.3,-9999,244058.8,19.77,-1,-0.46968513,0.960762222,0,0.576457333,14,0.12,1.08,N2 S1 P1 O3,de-protonated,0,-9999,C25 H27 O3 N2 P1 S1,25,27,3,2,1,1,-9999,N/A,-9999,-9999
2898,465.140692,465.140505989,465.14007301,3297099.3,-9999,244058.8,19.77,-1,0.930857226,0.854512275,0,0.512707365,5,0.294117647,1.823529412,N4 S2 P1 O5,de-protonated,0,-9999,C17 H31 O5 N4 P1 S2,17,31,5,4,1,2,-9999,N/A,-9999,-9999
2899,465.16886,465.168673982,465.168378502,2005324.9,-9999,218396.6,11.07,-1,0.635210338,0.92940273,0,0.557641638,9,0.347826087,1.347826087,P1 O8,de-protonated,0,-9999,C23 H31 O8 P1,23,31,8,-9999,1,-9999,-9999,N/A,-9999,-9999
2900,465.17712,465.176933979,465.17662071,1861453.4,-9999,224203.1,10.1,-1,0.673441426,0.921003708,0,0.552602225,9,0.434782609,1.304347826,O10,de-protonated,0,-9999,C23 H30 O10,23,30,10,-9999,-9999,-9999,-9999,N/A,-9999,-9999
2900,465.17712,465.176933979,465.177109968,1861453.4,-9999,224203.1,10.1,-1,-0.378325028,0.97436362,0,0.584618172,13,0.076923077,1.192307692,N2 S1 P1 O2,de-protonated,0,-9999,C26 H31 O2 N2 P1 S1,26,31,2,2,1,1,-9999,N/A,-9999,-9999
2901,465.190044,465.189857976,465.18950787,1855822.1,-9999,267274.2,10.06,-1,0.752610277,0.902328559,0,0.541397135,4,0.5,1.75,P1 O10,de-protonated,0,-9999,C20 H35 O10 P1,20,35,10,-9999,1,-9999,-9999,N/A,-9999,-9999
2902,465.199385,465.199198974,465.198890784,2504526.8,-9999,229141.9,14.43,-1,0.66248986,0.923451937,0,0.554071162,17,0.064516129,1,P1 O2,de-protonated,0,-9999,C31 H31 O2 P1,31,31,2,-9999,1,-9999,-9999,N/A,-9999,-9999
2902,465.199385,465.199198974,465.199087489,2504526.8,-9999,229141.9,14.43,-1,0.239650208,0.989633109,0,0.593779866,9,0.380952381,1.428571429,N4 O8,de-protonated,0,-9999,C21 H30 O8 N4,21,30,8,4,-9999,-9999,-9999,N/A,-9999,-9999
2905,467.052183,467.051996511,467.0520889,2120120,-9999,247975.4,11.84,-1,-0.197813819,0.99292500400000006,0,0.595755002,21,0.32,0.48,N2 O8,de-protonated,0,-9999,C25 H12 O8 N2,25,12,8,2,-9999,-9999,-9999,N/A,-9999,-9999
2906,467.083496,467.083309503,467.083114247,2237882,-9999,253291.6,12.63,-1,0.418032626,0.96878905,0,0.58127343,11,0.65,1,O13,de-protonated,0,-9999,C20 H20 O13,20,20,13,-9999,-9999,-9999,-9999,N/A,-9999,-9999
2906,467.083496,467.083309503,467.083603504,2237882,-9999,253291.6,12.63,-1,-0.629440569,0.93063406,0,0.558380436,15,0.217391304,0.913043478,N2 S1 P1 O5,de-protonated,0,-9999,C23 H21 O5 N2 P1 S1,23,21,5,2,1,1,-9999,N/A,-9999,-9999
2906,467.083496,467.083309503,467.082952055,2237882,-9999,253291.6,12.63,-1,0.765275866,0.899186416,0,0.53951185,6,0.466666667,1.666666667,N4 S2 P1 O7,de-protonated,0,-9999,C15 H25 O7 N4 P1 S2,15,25,7,4,1,2,-9999,N/A,-9999,-9999
2907,467.119978,467.119791494,467.119499756,3895228,-9999,218385.6,23.8,-1,0.624545766,0.931671117,0,0.55900267,10,0.571428571,1.142857143,O12,de-protonated,0,-9999,C21 H24 O12,21,24,12,-9999,-9999,-9999,-9999,N/A,-9999,-9999
2907,467.119978,467.119791494,467.119989013,3895228,-9999,218385.6,23.8,-1,-0.422846054,0.968077818,0,0.580846691,14,0.166666667,1.041666667,N2 S1 P1 O4,de-protonated,0,-9999,C24 H25 O4 N2 P1 S1,24,25,4,2,1,1,-9999,N/A,-9999,-9999
2907,467.119978,467.119791494,467.119337565,3895228,-9999,218385.6,23.8,-1,0.971762031,0.842530104,0,0.505518062,5,0.375,1.8125,N4 S2 P1 O6,de-protonated,0,-9999,C16 H29 O6 N4 P1 S2,16,29,6,4,1,2,-9999,N/A,-9999,-9999
2908,467.129798,467.129611491,467.129884992,2164668.5,-9999,247381,12.14,-1,-0.585492556,0.939694095,0,0.563816457,9,0.318181818,1.318181818,S1 P1 O7,de-protonated,0,-9999,C22 H29 O7 P1 S1,22,29,7,-9999,1,1,-9999,N/A,-9999,-9999
2908,467.129798,467.129611491,467.129233543,2164668.5,-9999,247381,12.14,-1,0.809085758,0.888003232,0,0.532801939,0,0.642857143,2.357142857,N2 S2 P1 O9,de-protonated,0,-9999,C14 H33 O9 N2 P1 S2,14,33,9,2,1,2,-9999,N/A,-9999,-9999
2909,467.156343,467.156156484,467.155885265,3642302,-9999,223676.4,22.09,-1,0.580575069,0.940672307,0,0.564403384,9,0.5,1.272727273,O11,de-protonated,0,-9999,C22 H28 O11,22,28,11,-9999,-9999,-9999,-9999,N/A,-9999,-9999
2909,467.156343,467.156156484,467.156374523,3642302,-9999,223676.4,22.09,-1,-0.466735127,0.961243917,0,0.57674635,13,0.12,1.16,N2 S1 P1 O3,de-protonated,0,-9999,C25 H29 O3 N2 P1 S1,25,29,3,2,1,1,-9999,N/A,-9999,-9999
2909,467.156343,467.156156484,467.155723074,3642302,-9999,223676.4,22.09,-1,0.92776427400000006,0.855404065,0,0.513242439,4,0.294117647,1.941176471,N4 S2 P1 O5,de-protonated,0,-9999,C17 H33 O5 N4 P1 S2,17,33,5,4,1,2,-9999,N/A,-9999,-9999
2910,467.193103,467.192916475,467.193140155,1900480.3,-9999,248190.7,10.36,-1,-0.47877277,0.959260812,0,0.575556487,7,0.208333333,1.5,S2 O5,de-protonated,0,-9999,C24 H36 O5 S2,24,36,5,-9999,-9999,2,-9999,N/A,-9999,-9999
2910,467.193103,467.192916475,467.192760032,1900480.3,-9999,248190.7,10.36,-1,0.334857856,0.979859777,0,0.587915866,12,0.076923077,1.269230769,N2 S1 P1 O2,de-protonated,0,-9999,C26 H33 O2 N2 P1 S1,26,33,2,2,1,1,-9999,N/A,-9999,-9999
2911,467.205742,467.205555472,467.205157934,1988032.9,-9999,236661.2,10.95,-1,0.850884838,0.876893477,0,0.526136086,3,0.5,1.85,P1 O10,de-protonated,0,-9999,C20 H37 O10 P1,20,37,10,-9999,1,-9999,-9999,N/A,-9999,-9999
2915,469.062795,469.062608008,469.062378802,1639468.6,-9999,273864.8,8.6,-1,0.488646768,0.957599611,0,0.574559767,11,0.736842105,0.947368421,O14,de-protonated,0,-9999,C19 H18 O14,19,18,14,-9999,-9999,-9999,-9999,N/A,-9999,-9999
2915,469.062795,469.062608008,469.062868059,1639468.6,-9999,273864.8,8.6,-1,-0.554406568,0.94575543,0,0.567453258,15,0.272727273,0.863636364,N2 S1 P1 O6,de-protonated,0,-9999,C22 H19 O6 N2 P1 S1,22,19,6,2,1,1,-9999,N/A,-9999,-9999
2915,469.062795,469.062608008,469.06221661,1639468.6,-9999,273864.8,8.6,-1,0.834424798,0.881318389,0,0.528791034,6,0.571428571,1.642857143,N4 S2 P1 O8,de-protonated,0,-9999,C14 H23 O8 N4 P1 S2,14,23,8,4,1,2,-9999,N/A,-9999,-9999
2916,469.098973,469.098785999,469.098764311,2307118.8,-9999,235018.1,13.1,-1,0.046232090000000003,0.999612246,0,0.599767347,10,0.65,1.1,O13,de-protonated,0,-9999,C20 H22 O13,20,22,13,-9999,-9999,-9999,-9999,N/A,-9999,-9999
2916,469.098973,469.098785999,469.099253568,2307118.8,-9999,235018.1,13.1,-1,-0.99673988,0.835046785,0,0.501028071,14,0.217391304,1,N2 S1 P1 O5,de-protonated,0,-9999,C23 H23 O5 N2 P1 S1,23,23,5,2,1,1,-9999,N/A,-9999,-9999
2916,469.098973,469.098785999,469.09860212,2307118.8,-9999,235018.1,13.1,-1,0.391983147,0.972505319,0,0.583503192,5,0.466666667,1.8,N4 S2 P1 O7,de-protonated,0,-9999,C15 H27 O7 N4 P1 S2,15,27,7,4,1,2,-9999,N/A,-9999,-9999
2917,469.135569,469.135381989,469.13514982,3884080.8,-9999,234013.5,23.72,-1,0.494887056,0.956533777,0,0.573920266,9,0.571428571,1.238095238,O12,de-protonated,0,-9999,C21 H26 O12,21,26,12,-9999,-9999,-9999,-9999,N/A,-9999,-9999
2917,469.135569,469.135381989,469.135639078,3884080.8,-9999,234013.5,23.72,-1,-0.54800449,0.946967354,0,0.568180413,13,0.166666667,1.125,N2 S1 P1 O4,de-protonated,0,-9999,C24 H27 O4 N2 P1 S1,24,27,4,2,1,1,-9999,N/A,-9999,-9999
2917,469.135569,469.135381989,469.134987629,3884080.8,-9999,234013.5,23.72,-1,0.840611452,0.879662778,0,0.527797667,4,0.375,1.9375,N4 S2 P1 O6,de-protonated,0,-9999,C16 H31 O6 N4 P1 S2,16,31,6,4,1,2,-9999,N/A,-9999,-9999
2918,469.172177,469.17198998,469.17240471,2170931,-9999,259349.5,12.18,-1,-0.883959625,0.867811102,0,0.520686661,7,0.260869565,1.47826087,S2 O6,de-protonated,0,-9999,C23 H34 O6 S2,23,34,6,-9999,-9999,2,-9999,N/A,-9999,-9999
2918,469.172177,469.17198998,469.17153533,2170931,-9999,259349.5,12.18,-1,0.969049426,0.843335328,0,0.506001197,8,0.5,1.363636364,O11,de-protonated,0,-9999,C22 H30 O11,22,30,11,-9999,-9999,-9999,-9999,N/A,-9999,-9999
2918,469.172177,469.17198998,469.172024587,2170931,-9999,259349.5,12.18,-1,-0.073761736,0.999013262,0,0.599407957,12,0.12,1.24,N2 S1 P1 O3,de-protonated,0,-9999,C25 H31 O3 N2 P1 S1,25,31,3,2,1,1,-9999,N/A,-9999,-9999
2919,469.267269,469.267081956,469.266773127,2508344.5,-9999,238904.3,14.45,-1,0.658110398,0.924421527,0,0.554652916,6,0.318181818,1.727272727,N4 O7,de-protonated,0,-9999,C22 H38 O7 N4,22,38,7,4,-9999,-9999,-9999,N/A,-9999,-9999
2920,470.226069,470.225881717,470.225439885,4763761.5,-9999,224008,29.64,-1,0.939615626,0.425987981,0.755017935,0.557599962,15,0.066666667,1.133333333,N1 P1 O2,de-protonated,0,-9999,C30 H34 O2 N1 P1,30,34,2,1,1,-9999,-9999,N/A,-9999,-9999
2921,470.270793,470.270605705,470.271069925,1577076,-9999,257929.6,8.18,-1,-0.987131645,0.837939949,0,0.502763969,0,0.285714286,2.19047619,N1 S1 P1 O6,de-protonated,0,-9999,C21 H46 O6 N1 P1 S1,21,46,6,1,1,1,-9999,N/A,-9999,-9999
2922,471.078587,471.078399503,471.078028866,1743012.4,-9999,236894.5,9.3,-1,0.786785096,0.893756133,0,0.53625368,10,0.736842105,1.052631579,O14,de-protonated,0,-9999,C19 H20 O14,19,20,14,-9999,-9999,-9999,-9999,N/A,-9999,-9999
2922,471.078587,471.078399503,471.078518124,1743012.4,-9999,236894.5,9.3,-1,-0.251805534,0.988560988,0,0.593136593,14,0.272727273,0.954545455,N2 S1 P1 O6,de-protonated,0,-9999,C22 H21 O6 N2 P1 S1,22,21,6,2,1,1,-9999,N/A,-9999,-9999
2923,471.114858,471.114670494,471.114414376,2891942.5,-9999,255876.2,17.04,-1,0.543644479,0.947785531,0,0.568671318,9,0.65,1.2,O13,de-protonated,0,-9999,C20 H24 O13,20,24,13,-9999,-9999,-9999,-9999,N/A,-9999,-9999
2923,471.114858,471.114670494,471.114903633,2891942.5,-9999,255876.2,17.04,-1,-0.494865685,0.956537448,0,0.573922469,13,0.217391304,1.086956522,N2 S1 P1 O5,de-protonated,0,-9999,C23 H25 O5 N2 P1 S1,23,25,5,2,1,1,-9999,N/A,-9999,-9999
2923,471.114858,471.114670494,471.114252184,2891942.5,-9999,255876.2,17.04,-1,0.88791642,0.866707837,0,0.520024702,4,0.466666667,1.933333333,N4 S2 P1 O7,de-protonated,0,-9999,C15 H29 O7 N4 P1 S2,15,29,7,4,1,2,-9999,N/A,-9999,-9999
2924,471.151201,471.151013485,471.150799885,1908392.8,-9999,234402.1,10.41,-1,0.453358692,0.963392959,0,0.578035776,8,0.571428571,1.333333333,O12,de-protonated,0,-9999,C21 H28 O12,21,28,12,-9999,-9999,-9999,-9999,N/A,-9999,-9999
2924,471.151201,471.151013485,471.151289142,1908392.8,-9999,234402.1,10.41,-1,-0.585071178,0.939778201,0,0.56386692,12,0.166666667,1.208333333,N2 S1 P1 O4,de-protonated,0,-9999,C24 H29 O4 N2 P1 S1,24,29,4,2,1,1,-9999,N/A,-9999,-9999
2924,471.151201,471.151013485,471.150637694,1908392.8,-9999,234402.1,10.41,-1,0.797604015,0.890980619,0,0.534588371,3,0.375,2.0625,N4 S2 P1 O6,de-protonated,0,-9999,C16 H33 O6 N4 P1 S2,16,33,6,4,1,2,-9999,N/A,-9999,-9999
2925,471.187823,471.187635476,471.188054774,1577899,-9999,233712.2,8.19,-1,-0.88987415,0.866160667,0,0.5196964,6,0.260869565,1.565217391,S2 O6,de-protonated,0,-9999,C23 H36 O6 S2,23,36,6,-9999,-9999,2,-9999,N/A,-9999,-9999
2925,471.187823,471.187635476,471.187185394,1577899,-9999,233712.2,8.19,-1,0.955208067,0.847420834,0,0.5084525,7,0.5,1.454545455,O11,de-protonated,0,-9999,C22 H32 O11,22,32,11,-9999,-9999,-9999,-9999,N/A,-9999,-9999
2925,471.187823,471.187635476,471.187674652,1577899,-9999,233712.2,8.19,-1,-0.083142135,0.998746501,0,0.599247901,11,0.12,1.32,N2 S1 P1 O3,de-protonated,0,-9999,C25 H33 O3 N2 P1 S1,25,33,3,2,1,1,-9999,N/A,-9999,-9999
2926,471.20993,471.209742471,471.209455468,2246316.3,-9999,234451,12.69,-1,0.609075599,0.934902925,0,0.560941755,15,0.1,1.1,P1 O3,de-protonated,0,-9999,C30 H33 O3 P1,30,33,3,-9999,1,-9999,-9999,N/A,-9999,-9999
2926,471.20993,471.209742471,471.209652173,2246316.3,-9999,234451,12.69,-1,0.191629545,0.993359012,0,0.596015407,7,0.45,1.6,N4 O9,de-protonated,0,-9999,C20 H32 O9 N4,20,32,9,4,-9999,-9999,-9999,N/A,-9999,-9999
2927,471.28293,471.282742452,471.282423192,3808432.8,-9999,222380.7,23.21,-1,0.677429747,0.920103781,0,0.552062269,5,0.318181818,1.818181818,N4 O7,de-protonated,0,-9999,C22 H40 O7 N4,22,40,7,4,-9999,-9999,-9999,N/A,-9999,-9999
2928,472.123985,472.123797242,472.123419887,1474532,-9999,212749.8,7.49,-1,0.799271324,0.890550286,0,0.534330172,3,0.470588235,1.882352941,N1 S2 P1 O8,de-protonated,0,-9999,C17 H32 O8 N1 P1 S2,17,32,8,1,1,2,-9999,N/A,-9999,-9999
2928,472.123985,472.123797242,472.12426804,1474532,-9999,212749.8,7.49,-1,-0.997191822,0.834910257,0,0.500946154,4,0.8,1.8,N3 S1 O12,de-protonated,0,-9999,C15 H27 O12 N3 S1,15,27,12,3,-9999,1,-9999,N/A,-9999,-9999
2929,472.205307,472.205119222,472.204704441,1944808.9,-9999,231624.4,10.66,-1,0.878392394,0.869357415,0,0.521614449,15,0.103448276,1.103448276,N1 P1 O3,de-protonated,0,-9999,C29 H32 O3 N1 P1,29,32,3,1,1,-9999,-9999,N/A,-9999,-9999
2930,472.241701,472.241513213,472.24108995,8304875,-9999,222973.9,53.5,-1,0.896284921,0.902219035,0.912442203,0.906308302,14,0.066666667,1.2,N1 P1 O2,de-protonated,0,-9999,C30 H36 O2 N1 P1,30,36,2,1,1,-9999,-9999,N/A,-9999,-9999
2932,472.973703,472.973515029,472.973778271,1616664.5,-9999,292055.1,8.45,-1,-0.556566367,0.945343755,0,0.567206253,16,0.5,0.55,S1 P1 O10,de-protonated,0,-9999,C20 H11 O10 P1 S1,20,11,10,-9999,1,1,-9999,N/A,-9999,-9999
2933,473.094197,473.094008999,473.093678931,1631008,-9999,292766.2,8.54,-1,0.697681219,0.915466236,0,0.549279741,9,0.736842105,1.157894737,O14,de-protonated,0,-9999,C19 H22 O14,19,22,14,-9999,-9999,-9999,-9999,N/A,-9999,-9999
2933,473.094197,473.094008999,473.094168188,1631008,-9999,292766.2,8.54,-1,-0.336484332,0.979665659,0,0.587799395,13,0.272727273,1.045454545,N2 S1 P1 O6,de-protonated,0,-9999,C22 H23 O6 N2 P1 S1,22,23,6,2,1,1,-9999,N/A,-9999,-9999
2934,473.145951,473.145762986,473.146189961,1541411.3,-9999,236183.2,7.94,-1,-0.902416396,0.862634924,0,0.517580954,11,0.2,1.2,S2 O5,de-protonated,0,-9999,C25 H30 O5 S2,25,30,5,-9999,-9999,2,-9999,N/A,-9999,-9999
2934,473.145951,473.145762986,473.145320581,1541411.3,-9999,236183.2,7.94,-1,0.935029834,0.853305967,0,0.51198358,12,0.416666667,1.083333333,O10,de-protonated,0,-9999,C24 H26 O10,24,26,10,-9999,-9999,-9999,-9999,N/A,-9999,-9999
2934,473.145951,473.145762986,473.145809839,1541411.3,-9999,236183.2,7.94,-1,-0.099023089,0.998222374,0,0.598933424,16,0.074074074,1,N2 S1 P1 O2,de-protonated,0,-9999,C27 H27 O2 N2 P1 S1,27,27,2,2,1,1,-9999,N/A,-9999,-9999
2935,473.17881,473.178621978,473.178824045,2174757.3,-9999,219343.7,12.2,-1,-0.427040683,0.967451812,0,0.580471087,20,0.032258065,0.870967742,N2 P1 O1,de-protonated,0,-9999,C31 H27 O1 N2 P1,31,27,1,2,1,-9999,-9999,N/A,-9999,-9999
2935,473.17881,473.178621978,473.178552719,2174757.3,-9999,219343.7,12.2,-1,0.14637086,0.996120112,0,0.597672067,6,0.285714286,1.619047619,N2 S2 O6,de-protonated,0,-9999,C21 H34 O6 N2 S2,21,34,6,2,-9999,2,-9999,N/A,-9999,-9999
2935,473.17881,473.178621978,473.178172596,2174757.3,-9999,219343.7,12.2,-1,0.949710062,0.849032768,0,0.509419661,11,0.130434783,1.347826087,N4 S1 P1 O3,de-protonated,0,-9999,C23 H31 O3 N4 P1 S1,23,31,3,4,1,1,-9999,N/A,-9999,-9999
2936,473.225619,473.225430966,473.225105533,2630440.3,-9999,229505.4,15.27,-1,0.68769294,0.917767674,0,0.550660604,14,0.1,1.166666667,P1 O3,de-protonated,0,-9999,C30 H35 O3 P1,30,35,3,-9999,1,-9999,-9999,N/A,-9999,-9999
2936,473.225619,473.225430966,473.225302237,2630440.3,-9999,229505.4,15.27,-1,0.272024918,0.986662978,0,0.591997787,6,0.45,1.7,N4 O9,de-protonated,0,-9999,C20 H34 O9 N4,20,34,9,4,-9999,-9999,-9999,N/A,-9999,-9999
2937,473.244909,473.244720962,473.244444785,1551657.4,-9999,266485.3,8.01,-1,0.583581238,0.940075163,0.912442203,0.929021979,14,0.066666667,1.2,13C1 N1 P1 O2,de-protonated,1,2930,C29 H36 O2 N1 P1 13C1,29,36,2,1,1,-9999,1,N/A,-9999,-9999
2937,473.244909,473.244720962,473.244581131,1551657.4,-9999,266485.3,8.01,-1,0.295472922,0.984283571,0,0.590570143,14,0.137931034,1.172413793,N2 O4,de-protonated,0,-9999,C29 H34 O4 N2,29,34,4,2,-9999,-9999,-9999,N/A,-9999,-9999
2938,473.262128,473.261939957,473.261491042,1992490.5,-9999,257464.4,10.98,-1,0.948556117,0.849370293,0,0.509622176,13,0.064516129,1.258064516,P1 O2,de-protonated,0,-9999,C31 H39 O2 P1,31,39,2,-9999,1,-9999,-9999,N/A,-9999,-9999
2938,473.262128,473.261939957,473.261687747,1992490.5,-9999,257464.4,10.98,-1,0.532919945,0.949773169,0,0.569863901,5,0.380952381,1.80952381,N4 O8,de-protonated,0,-9999,C21 H38 O8 N4,21,38,8,4,-9999,-9999,-9999,N/A,-9999,-9999
2939,473.283008,473.282819952,473.28262041,7489836,-9999,220530.7,48,-1,0.421612355,0.955892897,0.998288878,0.97285129,8,0.142857143,1.535714286,P1 O4,de-protonated,0,-9999,C28 H43 O4 P1,28,43,4,-9999,1,-9999,-9999,N/A,-9999,-9999
2939,473.283008,473.282819952,473.282817115,7489836,-9999,220530.7,48,-1,0.005994957,0.997924688,0.928800555,0.970275035,0,0.555555556,2.333333333,N4 O10,de-protonated,0,-9999,C18 H42 O10 N4,18,42,10,4,-9999,-9999,-9999,N/A,-9999,-9999
2941,474.115995,474.115806744,474.115417433,2068320.4,-9999,252512.1,11.49,-1,0.821129649,0.884845271,0,0.530907163,13,0.476190476,1,N3 O10,de-protonated,0,-9999,C21 H21 O10 N3,21,21,10,3,-9999,-9999,-9999,N/A,-9999,-9999
2942,474.220877,474.220688717,474.220354505,4451687,-9999,217759.6,27.54,-1,0.70476189,0.456909104,0.761234226,0.578639153,14,0.103448276,1.172413793,N1 P1 O3,de-protonated,0,-9999,C29 H34 O3 N1 P1,29,34,3,1,1,-9999,-9999,N/A,-9999,-9999
2943,474.286432,474.286243701,474.285975245,2290027.3,-9999,233308.8,12.99,-1,0.566020863,0.943524959,0.998288878,0.965430527,8,0.142857143,1.535714286,13C1 P1 O4,de-protonated,1,2939,C27 H43 O4 P1 13C1,27,43,4,-9999,1,-9999,1,N/A,-9999,-9999
2943,474.286432,474.286243701,474.286111591,2290027.3,-9999,233308.8,12.99,-1,0.278545236,0.986020493,0,0.591612296,8,0.222222222,1.518518519,N1 O6,de-protonated,0,-9999,C27 H41 O6 N1,27,41,6,1,-9999,-9999,-9999,N/A,-9999,-9999
2943,474.286432,474.286243701,474.28617195,2290027.3,-9999,233308.8,12.99,-1,0.151282646,0.995855896,0.928800555,0.96903376,0,0.555555556,2.333333333,13C1 N4 O10,de-protonated,1,2939,C17 H42 O10 N4 13C1,17,42,10,4,-9999,-9999,1,N/A,-9999,-9999
2946,475.124974,475.124785491,475.124585136,2000801.4,-9999,258941,11.04,-1,0.421689174,0.968249454,0,0.580949672,12,0.47826087,1.043478261,O11,de-protonated,0,-9999,C23 H24 O11,23,24,11,-9999,-9999,-9999,-9999,N/A,-9999,-9999
2946,475.124974,475.124785491,475.125074394,2000801.4,-9999,258941,11.04,-1,-0.608055587,0.935113551,0,0.56106813,16,0.115384615,0.961538462,N2 S1 P1 O3,de-protonated,0,-9999,C26 H25 O3 N2 P1 S1,26,25,3,2,1,1,-9999,N/A,-9999,-9999
2946,475.124974,475.124785491,475.124422945,2000801.4,-9999,258941,11.04,-1,0.763055331,0.899740292,0,0.539844175,7,0.277777778,1.611111111,N4 S2 P1 O5,de-protonated,0,-9999,C18 H29 O5 N4 P1 S2,18,29,5,4,1,2,-9999,N/A,-9999,-9999
2947,475.161435,475.161246482,475.160970646,2029987.8,-9999,164441.6,11.24,-1,0.580511535,0.940684898,0,0.564410939,11,0.416666667,1.166666667,O10,de-protonated,0,-9999,C24 H28 O10,24,28,10,-9999,-9999,-9999,-9999,N/A,-9999,-9999
2947,475.161435,475.161246482,475.161459903,2029987.8,-9999,164441.6,11.24,-1,-0.449154537,0.964056456,0,0.578433874,15,0.074074074,1.074074074,N2 S1 P1 O2,de-protonated,0,-9999,C27 H29 O2 N2 P1 S1,27,29,2,2,1,1,-9999,N/A,-9999,-9999
2947,475.161435,475.161246482,475.160808454,2029987.8,-9999,164441.6,11.24,-1,0.921851606,0.857103174,0,0.514261905,6,0.210526316,1.736842105,N4 S2 P1 O4,de-protonated,0,-9999,C19 H33 O4 N4 P1 S2,19,33,4,4,1,2,-9999,N/A,-9999,-9999
2948,477.015088,477.014899019,477.014461314,1521182.9,-9999,243276,7.81,-1,0.917591563,0.858322714,0,0.514993629,27,0.064516129,0.35483871,S1 P1 O2,de-protonated,0,-9999,C31 H11 O2 P1 S1,31,11,2,-9999,1,1,-9999,N/A,-9999,-9999
2948,477.015088,477.014899019,477.014658019,1521182.9,-9999,243276,7.81,-1,0.50522547,0.954740903,0,0.572844542,19,0.380952381,0.476190476,N4 S1 O8,de-protonated,0,-9999,C21 H10 O8 N4 S1,21,10,8,4,-9999,1,-9999,N/A,-9999,-9999
2949,477.104381,477.104191996,477.103849692,1573924.9,-9999,248455.3,8.16,-1,0.717463717,0.910827756,0,0.546496654,12,0.545454545,1,O12,de-protonated,0,-9999,C22 H22 O12,22,22,12,-9999,-9999,-9999,-9999,N/A,-9999,-9999
2949,477.104381,477.104191996,477.104338949,1573924.9,-9999,248455.3,8.16,-1,-0.308009458,0.982933309,0,0.589759986,16,0.16,0.92,N2 S1 P1 O4,de-protonated,0,-9999,C25 H23 O4 N2 P1 S1,25,23,4,2,1,1,-9999,N/A,-9999,-9999
2950,477.140424,477.140234987,477.140235201,2092583.4,-9999,238110.9,11.66,-1,-4.478e-4,0.999999964,0,0.599999978,11,0.47826087,1.130434783,O11,de-protonated,0,-9999,C23 H26 O11,23,26,11,-9999,-9999,-9999,-9999,N/A,-9999,-9999
2950,477.140424,477.140234987,477.14007301,2092583.4,-9999,238110.9,11.66,-1,0.339476132,0.979306236,0,0.587583742,6,0.277777778,1.722222222,N4 S2 P1 O5,de-protonated,0,-9999,C18 H31 O5 N4 P1 S2,18,31,5,4,1,2,-9999,N/A,-9999,-9999
2951,477.173007,477.172817979,477.172597958,6212137.5,-9999,227141.8,39.44,-1,0.461092774,0.481078722,0.829532115,0.620460079,6,0.631578947,1.578947368,N2 O12,de-protonated,0,-9999,C19 H30 O12 N2,19,30,12,2,-9999,-9999,-9999,N/A,-9999,-9999
2951,477.173007,477.172817979,477.173087216,6212137.5,-9999,227141.8,39.44,-1,-0.564232394,0.471935547,0.807789663,0.606277193,10,0.181818182,1.409090909,N4 S1 P1 O4,de-protonated,0,-9999,C22 H31 O4 N4 P1 S1,22,31,4,4,1,1,-9999,N/A,-9999,-9999
2952,477.199274,477.199084973,477.198890784,1524011.4,-9999,196466.1,7.83,-1,0.406933421,0.970399962,0,0.582239977,18,0.0625,0.96875,P1 O2,de-protonated,0,-9999,C32 H31 O2 P1,32,31,2,-9999,1,-9999,-9999,N/A,-9999,-9999
2952,477.199274,477.199084973,477.198619458,1524011.4,-9999,196466.1,7.83,-1,0.975514845,0.841413662,0,0.504848197,4,0.318181818,1.727272727,S2 O7,de-protonated,0,-9999,C22 H38 O7 S2,22,38,7,-9999,-9999,2,-9999,N/A,-9999,-9999
2952,477.199274,477.199084973,477.199087489,1524011.4,-9999,196466.1,7.83,-1,-0.005273088,0.999994955,0,0.599996973,10,0.363636364,1.363636364,N4 O8,de-protonated,0,-9999,C22 H30 O8 N4,22,30,8,4,-9999,-9999,-9999,N/A,-9999,-9999
2953,477.235807,477.235617963,477.235276294,1643565.9,-9999,208516.8,8.63,-1,0.715935528,0.91118985,0,0.54671391,17,0.03030303,1.060606061,P1 O1,de-protonated,0,-9999,C33 H35 O1 P1,33,35,1,-9999,1,-9999,-9999,N/A,-9999,-9999
2953,477.235807,477.235617963,477.235472998,1643565.9,-9999,208516.8,8.63,-1,0.303760319,0.983397043,0,0.590038226,9,0.304347826,1.47826087,N4 O7,de-protonated,0,-9999,C23 H34 O7 N4,23,34,7,4,-9999,-9999,-9999,N/A,-9999,-9999
2954,479.0819,479.081710502,479.081614645,1517742.6,-9999,273010.5,7.78,-1,0.200084554,0.992762234,0,0.59565734,2,0.733333333,1.933333333,S2 P1 O11,de-protonated,0,-9999,C15 H29 O11 P1 S2,15,29,11,-9999,1,2,-9999,N/A,-9999,-9999
2954,479.0819,479.081710502,479.081949734,1517742.6,-9999,273010.5,7.78,-1,-0.499355254,0.955763044,0,0.573457826,21,0.153846154,0.615384615,N4 S1 O4,de-protonated,0,-9999,C26 H16 O4 N4 S1,26,16,4,4,-9999,1,-9999,N/A,-9999,-9999
2954,479.0819,479.081710502,479.082082675,1517742.6,-9999,273010.5,7.78,-1,-0.77684771,0.896279568,0,0.537767741,8,0.8,1.4,N4 P1 O12,de-protonated,0,-9999,C15 H21 O12 N4 P1,15,21,12,4,1,-9999,-9999,N/A,-9999,-9999
2955,479.119868,479.119678492,479.119499756,2473137.3,-9999,214398.6,14.23,-1,0.373051263,0.975064444,0,0.585038666,11,0.545454545,1.090909091,O12,de-protonated,0,-9999,C22 H24 O12,22,24,12,-9999,-9999,-9999,-9999,N/A,-9999,-9999
2955,479.119868,479.119678492,479.119989013,2473137.3,-9999,214398.6,14.23,-1,-0.64810741,0.926615768,0,0.555969461,15,0.16,1,N2 S1 P1 O4,de-protonated,0,-9999,C25 H25 O4 N2 P1 S1,25,25,4,2,1,1,-9999,N/A,-9999,-9999
2955,479.119868,479.119678492,479.119337565,2473137.3,-9999,214398.6,14.23,-1,0.711571081,0.91222051,0,0.547332306,6,0.352941176,1.705882353,N4 S2 P1 O6,de-protonated,0,-9999,C17 H29 O6 N4 P1 S2,17,29,6,4,1,2,-9999,N/A,-9999,-9999
2956,479.148405,479.148215485,479.148512437,2149043.3,-9999,213010.4,12.04,-1,-0.619748836,0.932680691,0,0.559608415,9,0.166666667,1.375,S2 P1 O4,de-protonated,0,-9999,C24 H33 O4 P1 S2,24,33,4,-9999,1,2,-9999,N/A,-9999,-9999
2957,479.156307,479.156117483,479.155885265,2524340,-9999,215375.9,14.57,-1,0.484639087,0.958277604,0,0.574966563,10,0.47826087,1.217391304,O11,de-protonated,0,-9999,C23 H28 O11,23,28,11,-9999,-9999,-9999,-9999,N/A,-9999,-9999
2957,479.156307,479.156117483,479.156374523,2524340,-9999,215375.9,14.57,-1,-0.536442157,0.949124287,0,0.569474572,14,0.115384615,1.115384615,N2 S1 P1 O3,de-protonated,0,-9999,C26 H29 O3 N2 P1 S1,26,29,3,2,1,1,-9999,N/A,-9999,-9999
2957,479.156307,479.156117483,479.155723074,2524340,-9999,215375.9,14.57,-1,0.823133236,0.884316496,0,0.530589898,5,0.277777778,1.833333333,N4 S2 P1 O5,de-protonated,0,-9999,C18 H33 O5 N4 P1 S2,18,33,5,4,1,2,-9999,N/A,-9999,-9999
2958,479.192668,479.192478474,479.192270775,1490614.5,-9999,292131.9,7.6,-1,0.433436094,0.966486264,0,0.579891758,9,0.416666667,1.333333333,O10,de-protonated,0,-9999,C24 H32 O10,24,32,10,-9999,-9999,-9999,-9999,N/A,-9999,-9999
2958,479.192668,479.192478474,479.192760032,1490614.5,-9999,292131.9,7.6,-1,-0.587567566,0.939279155,0,0.563567493,13,0.074074074,1.222222222,N2 S1 P1 O2,de-protonated,0,-9999,C27 H33 O2 N2 P1 S1,27,33,2,2,1,1,-9999,N/A,-9999,-9999
2958,479.192668,479.192478474,479.192108583,1490614.5,-9999,292131.9,7.6,-1,0.771904524,0.897525482,0,0.538515289,4,0.210526316,1.947368421,N4 S2 P1 O4,de-protonated,0,-9999,C19 H37 O4 N4 P1 S2,19,37,4,4,1,2,-9999,N/A,-9999,-9999
2959,479.215224,479.215034468,479.214737553,2762424.3,-9999,237604.2,16.18,-1,0.619586547,0.93271473,0,0.559628838,9,0.363636364,1.454545455,N4 O8,de-protonated,0,-9999,C22 H32 O8 N4,22,32,8,4,-9999,-9999,-9999,N/A,-9999,-9999
2961,481.079156,481.078966002,481.078775649,1905472.9,-9999,278797.3,10.4,-1,0.395679489,0.971991698,0,0.583195019,29,0.028571429,0.428571429,P1 O1,de-protonated,0,-9999,C35 H15 O1 P1,35,15,1,-9999,1,-9999,-9999,N/A,-9999,-9999
2961,481.079156,481.078966002,481.078504323,1905472.9,-9999,278797.3,10.4,-1,0.959675313,0.846106523,0,0.507663914,15,0.24,0.88,S2 O6,de-protonated,0,-9999,C25 H22 O6 S2,25,22,6,-9999,-9999,2,-9999,N/A,-9999,-9999
2961,481.079156,481.078966002,481.078972354,1905472.9,-9999,278797.3,10.4,-1,-0.013202584,0.999968372,0,0.599981023,21,0.28,0.56,N4 O7,de-protonated,0,-9999,C25 H14 O7 N4,25,14,7,4,-9999,-9999,-9999,N/A,-9999,-9999
2962,481.097712,481.097521997,481.097264709,2925378.3,-9999,220627.2,17.27,-1,0.534794525,0.9494283,0,0.56965698,1,0.733333333,2.066666667,S2 P1 O11,de-protonated,0,-9999,C15 H31 O11 P1 S2,15,31,11,-9999,1,2,-9999,N/A,-9999,-9999
2962,481.097712,481.097521997,481.097599798,2925378.3,-9999,220627.2,17.27,-1,-0.16171508,0.995266037,0,0.597159622,20,0.153846154,0.692307692,N4 S1 O4,de-protonated,0,-9999,C26 H18 O4 N4 S1,26,18,4,4,-9999,1,-9999,N/A,-9999,-9999
2962,481.097712,481.097521997,481.09773274,2925378.3,-9999,220627.2,17.27,-1,-0.438045022,0.96578214,0,0.579469284,7,0.8,1.533333333,N4 P1 O12,de-protonated,0,-9999,C15 H23 O12 N4 P1,15,23,12,4,1,-9999,-9999,N/A,-9999,-9999
2963,481.13562,481.135429988,481.13514982,2836293.3,-9999,237862.3,16.67,-1,0.582305204,0.940328964,0,0.564197379,10,0.545454545,1.181818182,O12,de-protonated,0,-9999,C22 H26 O12,22,26,12,-9999,-9999,-9999,-9999,N/A,-9999,-9999
2963,481.13562,481.135429988,481.135639078,2836293.3,-9999,237862.3,16.67,-1,-0.434575682,0.96631281,0,0.579787686,14,0.16,1.08,N2 S1 P1 O4,de-protonated,0,-9999,C25 H27 O4 N2 P1 S1,25,27,4,2,1,1,-9999,N/A,-9999,-9999
2963,481.13562,481.135429988,481.134987629,2836293.3,-9999,237862.3,16.67,-1,0.919406909,0.857803506,0,0.514682104,5,0.352941176,1.823529412,N4 S2 P1 O6,de-protonated,0,-9999,C17 H31 O6 N4 P1 S2,17,31,6,4,1,2,-9999,N/A,-9999,-9999
2964,481.17174,481.171549979,481.17153533,2747207.8,-9999,230662.5,16.07,-1,0.030444689,0.999831833,0,0.5998991,9,0.47826087,1.304347826,O11,de-protonated,0,-9999,C23 H30 O11,23,30,11,-9999,-9999,-9999,-9999,N/A,-9999,-9999
2964,481.17174,481.171549979,481.172024587,2747207.8,-9999,230662.5,16.07,-1,-0.986358741,0.838171895,0,0.502903137,13,0.115384615,1.192307692,N2 S1 P1 O3,de-protonated,0,-9999,C26 H31 O3 N2 P1 S1,26,31,3,2,1,1,-9999,N/A,-9999,-9999
2964,481.17174,481.171549979,481.171373139,2747207.8,-9999,230662.5,16.07,-1,0.367520716,0.975789354,0,0.585473612,4,0.277777778,1.944444444,N4 S2 P1 O5,de-protonated,0,-9999,C18 H35 O5 N4 P1 S2,18,35,5,4,1,2,-9999,N/A,-9999,-9999
2965,481.276399,481.276208953,481.275820953,2619727.8,-9999,232437.4,15.21,-1,0.806190637,0.88875705,0,0.53325423,1,0.260869565,2.043478261,S1 P1 O6,de-protonated,0,-9999,C23 H47 O6 P1 S1,23,47,6,-9999,1,1,-9999,N/A,-9999,-9999
2965,481.276399,481.276208953,481.276669106,2619727.8,-9999,232437.4,15.21,-1,-0.956109321,0.847156005,0,0.508293603,2,0.476190476,2,N2 O10,de-protonated,0,-9999,C21 H42 O10 N2,21,42,10,2,-9999,-9999,-9999,N/A,-9999,-9999
2968,483.078279,483.078088502,483.078028866,1432795.4,-9999,184688.2,7.21,-1,0.123449726,0.997238572,0,0.598343143,11,0.7,1,O14,de-protonated,0,-9999,C20 H20 O14,20,20,14,-9999,-9999,-9999,-9999,N/A,-9999,-9999
2968,483.078279,483.078088502,483.078518124,1432795.4,-9999,184688.2,7.21,-1,-0.889340932,0.866309782,0,0.519785869,15,0.260869565,0.913043478,N2 S1 P1 O6,de-protonated,0,-9999,C23 H21 O6 N2 P1 S1,23,21,6,2,1,1,-9999,N/A,-9999,-9999
2968,483.078279,483.078088502,483.077866675,1432795.4,-9999,184688.2,7.21,-1,0.459195496,0.96246232,0,0.577477392,6,0.533333333,1.666666667,N4 S2 P1 O8,de-protonated,0,-9999,C15 H25 O8 N4 P1 S2,15,25,8,4,1,2,-9999,N/A,-9999,-9999
2969,483.094781,483.094590498,483.094425714,3314652.8,-9999,253095.4,19.9,-1,0.341101852,0.489554825,0.725399619,0.583892743,28,0.028571429,0.485714286,P1 O1,de-protonated,0,-9999,C35 H17 O1 P1,35,17,1,-9999,1,-9999,-9999,N/A,-9999,-9999
2969,483.094781,483.094590498,483.094154387,3314652.8,-9999,253095.4,19.9,-1,0.902744443,0.862542239,0,0.517525343,14,0.24,0.96,S2 O6,de-protonated,0,-9999,C25 H24 O6 S2,25,24,6,-9999,-9999,2,-9999,N/A,-9999,-9999
2969,483.094781,483.094590498,483.094622418,3314652.8,-9999,253095.4,19.9,-1,-0.066074192,0.999208145,0,0.599524887,20,0.28,0.64,N4 O7,de-protonated,0,-9999,C25 H16 O7 N4,25,16,7,4,-9999,-9999,-9999,N/A,-9999,-9999
2970,483.114646,483.114455493,483.114414376,2373598.3,-9999,222133.3,13.55,-1,0.085109041,0.998686531,0,0.599211919,10,0.619047619,1.142857143,O13,de-protonated,0,-9999,C21 H24 O13,21,24,13,-9999,-9999,-9999,-9999,N/A,-9999,-9999
2970,483.114646,483.114455493,483.114903633,2373598.3,-9999,222133.3,13.55,-1,-0.927605301,0.855449847,0,0.513269908,14,0.208333333,1.041666667,N2 S1 P1 O5,de-protonated,0,-9999,C24 H25 O5 N2 P1 S1,24,25,5,2,1,1,-9999,N/A,-9999,-9999
2970,483.114646,483.114455493,483.114252184,2373598.3,-9999,222133.3,13.55,-1,0.420829511,0.96837671,0,0.581026026,5,0.4375,1.8125,N4 S2 P1 O7,de-protonated,0,-9999,C16 H29 O7 N4 P1 S2,16,29,7,4,1,2,-9999,N/A,-9999,-9999
2971,483.151325,483.151134484,483.150799885,3081697.3,-9999,200573.6,18.33,-1,0.692535085,0.916655399,0,0.549993239,9,0.545454545,1.272727273,O12,de-protonated,0,-9999,C22 H28 O12,22,28,12,-9999,-9999,-9999,-9999,N/A,-9999,-9999
2971,483.151325,483.151134484,483.151289142,3081697.3,-9999,200573.6,18.33,-1,-0.320103605,0.981579393,0,0.588947636,13,0.16,1.16,N2 S1 P1 O4,de-protonated,0,-9999,C25 H29 O4 N2 P1 S1,25,29,4,2,1,1,-9999,N/A,-9999,-9999
2972,483.187569,483.187378475,483.187185394,1515492.1,-9999,258387.5,7.77,-1,0.399597653,0.97144229,0,0.582865374,8,0.47826087,1.391304348,O11,de-protonated,0,-9999,C23 H32 O11,23,32,11,-9999,-9999,-9999,-9999,N/A,-9999,-9999
2972,483.187569,483.187378475,483.187674652,1515492.1,-9999,258387.5,7.77,-1,-0.612964486,0.934097094,0,0.560458256,12,0.115384615,1.269230769,N2 S1 P1 O3,de-protonated,0,-9999,C26 H33 O3 N2 P1 S1,26,33,3,2,1,1,-9999,N/A,-9999,-9999
2972,483.187569,483.187378475,483.187023203,1515492.1,-9999,258387.5,7.77,-1,0.735267667,0.906563207,0,0.543937924,3,0.277777778,2.055555556,N4 S2 P1 O5,de-protonated,0,-9999,C18 H37 O5 N4 P1 S2,18,37,5,4,1,2,-9999,N/A,-9999,-9999
2973,483.251967,483.251776459,483.251714205,1517033.3,-9999,197835,7.78,-1,0.12882344,0.996993301,0,0.598195981,6,0.28,1.64,P1 O7,de-protonated,0,-9999,C25 H41 O7 P1,25,41,7,-9999,1,-9999,-9999,N/A,-9999,-9999
2976,485.094116,485.093924998,485.093678931,1930624.3,-9999,167810.8,10.56,-1,0.507257066,0.95438463,0,0.572630778,10,0.7,1.1,O14,de-protonated,0,-9999,C20 H22 O14,20,22,14,-9999,-9999,-9999,-9999,N/A,-9999,-9999
2976,485.094116,485.093924998,485.094168188,1930624.3,-9999,167810.8,10.56,-1,-0.501325659,0.955421161,0,0.573252696,14,0.260869565,1,N2 S1 P1 O6,de-protonated,0,-9999,C23 H23 O6 N2 P1 S1,23,23,6,2,1,1,-9999,N/A,-9999,-9999
2976,485.094116,485.093924998,485.093516739,1930624.3,-9999,167810.8,10.56,-1,0.84160788,0.879395272,0,0.527637163,5,0.533333333,1.8,N4 S2 P1 O8,de-protonated,0,-9999,C15 H27 O8 N4 P1 S2,15,27,8,4,1,2,-9999,N/A,-9999,-9999
2977,485.099038,485.098846997,485.099039093,2685056.8,-9999,236911.9,15.65,-1,-0.395994507,0.971947714,0,0.583168629,19,0.307692308,0.692307692,N2 O8,de-protonated,0,-9999,C26 H18 O8 N2,26,18,8,2,-9999,-9999,-9999,N/A,-9999,-9999
2977,485.099038,485.098846997,485.098387645,2685056.8,-9999,236911.9,15.65,-1,0.94692569,0.849846717,0,0.50990803,10,0.555555556,1.222222222,N4 S1 O10,de-protonated,0,-9999,C18 H22 O10 N4 S1,18,22,10,4,-9999,1,-9999,N/A,-9999,-9999
2978,485.130485,485.130293989,485.13006444,2339459.3,-9999,242059.3,13.32,-1,0.4731695,0.960189678,0,0.576113807,9,0.619047619,1.238095238,O13,de-protonated,0,-9999,C21 H26 O13,21,26,13,-9999,-9999,-9999,-9999,N/A,-9999,-9999
2978,485.130485,485.130293989,485.130553697,2339459.3,-9999,242059.3,13.32,-1,-0.535337546,0.949328197,0,0.569596918,13,0.208333333,1.125,N2 S1 P1 O5,de-protonated,0,-9999,C24 H27 O5 N2 P1 S1,24,27,5,2,1,1,-9999,N/A,-9999,-9999
2978,485.130485,485.130293989,485.129902249,2339459.3,-9999,242059.3,13.32,-1,0.807495225,0.888417623,0,0.533050574,4,0.4375,1.9375,N4 S2 P1 O7,de-protonated,0,-9999,C16 H31 O7 N4 P1 S2,16,31,7,4,1,2,-9999,N/A,-9999,-9999
2979,485.167064,485.16687298,485.167319329,1452678.4,-9999,225156.4,7.34,-1,-0.919991107,0.857636268,0,0.514581761,7,0.304347826,1.47826087,S2 O7,de-protonated,0,-9999,C23 H34 O7 S2,23,34,7,-9999,-9999,2,-9999,N/A,-9999,-9999
2979,485.167064,485.16687298,485.166449949,1452678.4,-9999,225156.4,7.34,-1,0.871928079,0.87114406,0,0.522686436,8,0.545454545,1.363636364,O12,de-protonated,0,-9999,C22 H30 O12,22,30,12,-9999,-9999,-9999,-9999,N/A,-9999,-9999
2979,485.167064,485.16687298,485.166939207,1452678.4,-9999,225156.4,7.34,-1,-0.136503735,0.996624727,0,0.597974836,12,0.16,1.24,N2 S1 P1 O4,de-protonated,0,-9999,C25 H31 O4 N2 P1 S1,25,31,4,2,1,1,-9999,N/A,-9999,-9999
2980,486.220936,486.220744716,486.220354505,2172128.8,-9999,232593.4,12.19,-1,0.802539458,0.88970478,0,0.533822868,15,0.1,1.133333333,N1 P1 O3,de-protonated,0,-9999,C30 H34 O3 N1 P1,30,34,3,1,1,-9999,-9999,N/A,-9999,-9999
2981,486.257406,486.257214707,486.256740014,6464740,-9999,221545.1,41.13,-1,0.97621793,0.856527095,0.947430068,0.892888284,14,0.064516129,1.225806452,N1 P1 O2,de-protonated,0,-9999,C31 H38 O2 N1 P1,31,38,2,1,1,-9999,-9999,N/A,-9999,-9999
2983,487.096164,487.095972497,487.09608294,2811182,-9999,241402.9,16.5,-1,-0.226736825,0.990715171,0,0.594429102,17,0.071428571,0.892857143,S2 P1 O2,de-protonated,0,-9999,C28 H25 O2 P1 S2,28,25,2,-9999,1,2,-9999,N/A,-9999,-9999
2983,487.096164,487.095972497,487.096279644,2811182,-9999,241402.9,16.5,-1,-0.630567553,0.930394305,0,0.558236583,9,0.444444444,1.333333333,N4 S2 O8,de-protonated,0,-9999,C18 H24 O8 N4 S2,18,24,8,4,-9999,2,-9999,N/A,-9999,-9999
2984,487.114677,487.114485493,487.114689158,5862703.5,-9999,218396.5,37.07,-1,-0.418105149,0.484389195,0.780512821,0.602838645,18,0.307692308,0.769230769,N2 O8,de-protonated,0,-9999,C26 H20 O8 N2,26,20,8,2,-9999,-9999,-9999,N/A,-9999,-9999
2984,487.114677,487.114485493,487.114037709,5862703.5,-9999,218396.5,37.07,-1,0.919258091,0.428923048,0.837042051,0.592170649,9,0.555555556,1.333333333,N4 S1 O10,de-protonated,0,-9999,C18 H24 O10 N4 S1,18,24,10,4,-9999,1,-9999,N/A,-9999,-9999
2985,487.161808,487.161616481,487.161840026,1435443.8,-9999,261665.1,7.23,-1,-0.45887202,0.962514184,0,0.577508511,11,0.192307692,1.230769231,S2 O5,de-protonated,0,-9999,C26 H32 O5 S2,26,32,5,-9999,-9999,2,-9999,N/A,-9999,-9999
2985,487.161808,487.161616481,487.161459903,1435443.8,-9999,261665.1,7.23,-1,0.321407983,0.98143037,0,0.588858222,16,0.071428571,1.035714286,N2 S1 P1 O2,de-protonated,0,-9999,C28 H29 O2 N2 P1 S1,28,29,2,2,1,1,-9999,N/A,-9999,-9999
2986,487.241424,487.241232461,487.240755597,2366779,-9999,258790.2,13.5,-1,0.978702035,0.840463279,0,0.504277967,14,0.096774194,1.193548387,P1 O3,de-protonated,0,-9999,C31 H37 O3 P1,31,37,3,-9999,1,-9999,-9999,N/A,-9999,-9999
2986,487.241424,487.241232461,487.240952302,2366779,-9999,258790.2,13.5,-1,0.574990726,0.941774388,0,0.565064633,6,0.428571429,1.714285714,N4 O9,de-protonated,0,-9999,C21 H36 O9 N4,21,36,9,4,-9999,-9999,-9999,N/A,-9999,-9999
2987,487.26071,487.260518456,487.260094849,1601340.6,-9999,295182.8,8.34,-1,0.869364308,0.871850005,0.947430068,0.90208203,14,0.064516129,1.225806452,13C1 N1 P1 O2,de-protonated,1,2981,C30 H38 O2 N1 P1 13C1,30,38,2,1,1,-9999,1,N/A,-9999,-9999
2987,487.26071,487.260518456,487.260231195,1601340.6,-9999,295182.8,8.34,-1,0.589543116,0.938882911,0,0.563329747,14,0.133333333,1.2,N2 O4,de-protonated,0,-9999,C30 H36 O4 N2,30,36,4,2,-9999,-9999,-9999,N/A,-9999,-9999
2988,487.429121,487.428929414,487.428556371,2547019.8,-9999,237443.4,14.72,-1,0.765328678,0.899173228,0,0.539503937,0,0.103448276,2.103448276,P1 O3,de-protonated,0,-9999,C29 H61 O3 P1,29,61,3,-9999,1,-9999,-9999,N/A,-9999,-9999
2990,488.236658,488.236466212,488.23600457,4248981.5,-9999,227846,26.19,-1,0.945531239,0.425126874,0.755017935,0.557083298,14,0.1,1.2,N1 P1 O3,de-protonated,0,-9999,C30 H36 O3 N1 P1,30,36,3,1,1,-9999,-9999,N/A,-9999,-9999
2993,489.104111,489.103918995,489.103849692,1489894.8,-9999,224798.7,7.59,-1,0.141694591,0.996363618,0,0.597818171,13,0.52173913,0.956521739,O12,de-protonated,0,-9999,C23 H22 O12,23,22,12,-9999,-9999,-9999,-9999,N/A,-9999,-9999
2993,489.104111,489.103918995,489.104338949,1489894.8,-9999,224798.7,7.59,-1,-0.85861839,0.874792463,0,0.524875478,17,0.153846154,0.884615385,N2 S1 P1 O4,de-protonated,0,-9999,C26 H23 O4 N2 P1 S1,26,23,4,2,1,1,-9999,N/A,-9999,-9999
2993,489.104111,489.103918995,489.1036875,1489894.8,-9999,224798.7,7.59,-1,0.473303935,0.96016751,0,0.576100506,8,0.333333333,1.5,N4 S2 P1 O6,de-protonated,0,-9999,C18 H27 O6 N4 P1 S2,18,27,6,4,1,2,-9999,N/A,-9999,-9999
2994,489.111773,489.111580993,489.111733004,6319591.5,-9999,211623.2,40.15,-1,-0.31079037,0.491313222,0.767553728,0.601809424,16,0.071428571,0.964285714,S2 P1 O2,de-protonated,0,-9999,C28 H27 O2 P1 S2,28,27,2,-9999,1,2,-9999,N/A,-9999,-9999
2994,489.111773,489.111580993,489.111929709,6319591.5,-9999,211623.2,40.15,-1,-0.712956861,0.455946908,0.837042051,0.60838496500000006,8,0.444444444,1.444444444,N4 S2 O8,de-protonated,0,-9999,C18 H26 O8 N4 S2,18,26,8,4,-9999,2,-9999,N/A,-9999,-9999
2995,489.140629,489.140436986,489.140235201,1932778.3,-9999,232639.6,10.58,-1,0.412529724,0.969592811,0,0.581755687,12,0.458333333,1.083333333,O11,de-protonated,0,-9999,C24 H26 O11,24,26,11,-9999,-9999,-9999,-9999,N/A,-9999,-9999
2995,489.140629,489.140436986,489.140724458,1932778.3,-9999,232639.6,10.58,-1,-0.587709118,0.939250802,0,0.563550481,16,0.111111111,1,N2 S1 P1 O3,de-protonated,0,-9999,C27 H27 O3 N2 P1 S1,27,27,3,2,1,1,-9999,N/A,-9999,-9999
2995,489.140629,489.140436986,489.14007301,1932778.3,-9999,232639.6,10.58,-1,0.744114491,0.904412883,0,0.54264773,7,0.263157895,1.631578947,N4 S2 P1 O5,de-protonated,0,-9999,C19 H31 O5 N4 P1 S2,19,31,5,4,1,2,-9999,N/A,-9999,-9999
2996,489.235836,489.235643962,489.235276294,1481203.4,-9999,254969.2,7.53,-1,0.751516298,0.902598008,0,0.541558805,18,0.029411765,1.029411765,P1 O1,de-protonated,0,-9999,C34 H35 O1 P1,34,35,1,-9999,1,-9999,-9999,N/A,-9999,-9999
2996,489.235836,489.235643962,489.235472998,1481203.4,-9999,254969.2,7.53,-1,0.349450935,0.978085901,0,0.58685154,10,0.291666667,1.416666667,N4 O7,de-protonated,0,-9999,C24 H34 O7 N4,24,34,7,4,-9999,-9999,-9999,N/A,-9999,-9999
2998,491.083797,491.0836045,491.083983627,1482152.5,-9999,201416.4,7.54,-1,-0.772020214,0.897496394,0,0.538497836,12,0.347826087,1.043478261,S2 O8,de-protonated,0,-9999,C23 H24 O8 S2,23,24,8,-9999,-9999,2,-9999,N/A,-9999,-9999
2998,491.083797,491.0836045,491.083114247,1482152.5,-9999,201416.4,7.54,-1,0.998309845,0.834572341,0,0.500743404,13,0.590909091,0.909090909,O13,de-protonated,0,-9999,C22 H20 O13,22,20,13,-9999,-9999,-9999,-9999,N/A,-9999,-9999
2998,491.083797,491.0836045,491.083603504,1482152.5,-9999,201416.4,7.54,-1,0.002027675,0.999999254,0,0.599999552,17,0.2,0.84,N2 S1 P1 O5,de-protonated,0,-9999,C25 H21 O5 N2 P1 S1,25,21,5,2,1,1,-9999,N/A,-9999,-9999
2999,491.108753,491.108560494,491.108755624,1922219,-9999,234171.4,10.5,-1,-0.397326543,0.971761368,0,0.583056821,16,0.185185185,0.925925926,S1 P1 O5,de-protonated,0,-9999,C27 H25 O5 P1 S1,27,25,5,-9999,1,1,-9999,N/A,-9999,-9999
2999,491.108753,491.108560494,491.108104175,1922219,-9999,234171.4,10.5,-1,0.929160264,0.855001812,0,0.513001087,7,0.368421053,1.526315789,N2 S2 P1 O7,de-protonated,0,-9999,C19 H29 O7 N2 P1 S2,19,29,7,2,1,2,-9999,N/A,-9999,-9999
2999,491.108753,491.108560494,491.108952329,1922219,-9999,234171.4,10.5,-1,-0.797857649,0.890915201,0,0.53454912,8,0.647058824,1.411764706,N4 S1 O11,de-protonated,0,-9999,C17 H24 O11 N4 S1,17,24,11,4,-9999,1,-9999,N/A,-9999,-9999
3000,491.120029,491.119836491,491.119499756,1807532.1,-9999,232932.7,9.73,-1,0.685647171,0.918235659,0,0.550941395,12,0.52173913,1.043478261,O12,de-protonated,0,-9999,C23 H24 O12,23,24,12,-9999,-9999,-9999,-9999,N/A,-9999,-9999
3000,491.120029,491.119836491,491.119989013,1807532.1,-9999,232932.7,9.73,-1,-0.310560877,0.982651869,0,0.589591121,16,0.153846154,0.961538462,N2 S1 P1 O4,de-protonated,0,-9999,C26 H25 O4 N2 P1 S1,26,25,4,2,1,1,-9999,N/A,-9999,-9999
3001,491.156111,491.155918482,491.155885265,2283183.8,-9999,212172.1,12.94,-1,0.067628877,0.999170459,0,0.599502275,11,0.458333333,1.166666667,O11,de-protonated,0,-9999,C24 H28 O11,24,28,11,-9999,-9999,-9999,-9999,N/A,-9999,-9999
3001,491.156111,491.155918482,491.156374523,2283183.8,-9999,212172.1,12.94,-1,-0.928504755,0.855190748,0,0.513114449,15,0.111111111,1.074074074,N2 S1 P1 O3,de-protonated,0,-9999,C27 H29 O3 N2 P1 S1,27,29,3,2,1,1,-9999,N/A,-9999,-9999
3001,491.156111,491.155918482,491.155723074,2283183.8,-9999,212172.1,12.94,-1,0.397852741,0.971687593,0,0.583012556,6,0.263157895,1.736842105,N4 S2 P1 O5,de-protonated,0,-9999,C19 H33 O5 N4 P1 S2,19,33,5,4,1,2,-9999,N/A,-9999,-9999
3002,491.192667,491.192474473,491.192270775,1420467.5,-9999,266678.2,7.12,-1,0.4147008,0.96927689400000006,0,0.581566136,10,0.4,1.28,O10,de-protonated,0,-9999,C25 H32 O10,25,32,10,-9999,-9999,-9999,-9999,N/A,-9999,-9999
3002,491.192667,491.192474473,491.192760032,1420467.5,-9999,266678.2,7.12,-1,-0.581359388,0.940516771,0,0.564310063,14,0.071428571,1.178571429,N2 S1 P1 O2,de-protonated,0,-9999,C28 H33 O2 N2 P1 S1,28,33,2,2,1,1,-9999,N/A,-9999,-9999
3002,491.192667,491.192474473,491.192108583,1420467.5,-9999,266678.2,7.12,-1,0.744900318,0.904220883,0,0.54253253,5,0.2,1.85,N4 S2 P1 O4,de-protonated,0,-9999,C20 H37 O4 N4 P1 S2,20,37,4,4,1,2,-9999,N/A,-9999,-9999
3004,492.183908,492.183715225,492.183496995,4152089.3,-9999,220265,25.54,-1,0.443390937,0.964956748,0,0.578974049,6,0.631578947,1.631578947,N3 O12,de-protonated,0,-9999,C19 H31 O12 N3,19,31,12,3,-9999,-9999,-9999,N/A,-9999,-9999
3005,492.297081,492.296888196,492.296676275,1652517.1,-9999,222340.2,8.69,-1,0.430474865,0.966935,0,0.580161,7,0.259259259,1.592592593,N1 O7,de-protonated,0,-9999,C27 H43 O7 N1,27,43,7,1,-9999,-9999,-9999,N/A,-9999,-9999
3007,493.098865,493.098671996,493.098764311,1748858.1,-9999,200976.3,9.33,-1,-0.187214734,0.99366052,0,0.596196312,12,0.590909091,1,O13,de-protonated,0,-9999,C22 H22 O13,22,22,13,-9999,-9999,-9999,-9999,N/A,-9999,-9999
3007,493.098865,493.098671996,493.098251247,1748858.1,-9999,200976.3,9.33,-1,0.853275985,0.876245354,0,0.525747213,30,0.057142857,0.4,N2 O2,de-protonated,0,-9999,C35 H14 O2 N2,35,14,2,2,-9999,-9999,-9999,N/A,-9999,-9999
3007,493.098865,493.098671996,493.09860212,1748858.1,-9999,200976.3,9.33,-1,0.141707917,0.996362935,0,0.597817761,7,0.411764706,1.588235294,N4 S2 P1 O7,de-protonated,0,-9999,C17 H27 O7 N4 P1 S2,17,27,7,4,1,2,-9999,N/A,-9999,-9999
3008,493.135674,493.135480987,493.13514982,2513790,-9999,242574.9,14.49,-1,0.671552392,0.921428401,0,0.552857041,11,0.52173913,1.130434783,O12,de-protonated,0,-9999,C23 H26 O12,23,26,12,-9999,-9999,-9999,-9999,N/A,-9999,-9999
3008,493.135674,493.135480987,493.135639078,2513790,-9999,242574.9,14.49,-1,-0.320583726,0.981524608,0,0.588914765,15,0.153846154,1.038461538,N2 S1 P1 O4,de-protonated,0,-9999,C26 H27 O4 N2 P1 S1,26,27,4,2,1,1,-9999,N/A,-9999,-9999
3009,493.172108,493.171914977,493.17240471,1764226,-9999,213589.4,9.44,-1,-0.993024425,0.836167692,0,0.501700615,9,0.24,1.36,S2 O6,de-protonated,0,-9999,C25 H34 O6 S2,25,34,6,-9999,-9999,2,-9999,N/A,-9999,-9999
3009,493.172108,493.171914977,493.17153533,1764226,-9999,213589.4,9.44,-1,0.769808473,0.898051903,0,0.538831142,10,0.458333333,1.25,O11,de-protonated,0,-9999,C24 H30 O11,24,30,11,-9999,-9999,-9999,-9999,N/A,-9999,-9999
3009,493.172108,493.171914977,493.172024587,1764226,-9999,213589.4,9.44,-1,-0.222254544,0.991077013,0,0.594646208,14,0.111111111,1.148148148,N2 S1 P1 O3,de-protonated,0,-9999,C27 H31 O3 N2 P1 S1,27,31,3,2,1,1,-9999,N/A,-9999,-9999
3010,493.187079,493.186885974,493.186791471,1433475.6,-9999,172189.6,7.21,-1,0.191616227,0.993359932,0,0.596015959,14,0.285714286,1.071428571,O8,de-protonated,0,-9999,C28 H30 O8,28,30,8,-9999,-9999,-9999,-9999,N/A,-9999,-9999
3010,493.187079,493.186885974,493.18662928,1433475.6,-9999,172189.6,7.21,-1,0.520480294,0.952034123,0,0.571220474,9,0.086956522,1.52173913,N4 S2 P1 O2,de-protonated,0,-9999,C23 H35 O2 N4 P1 S2,23,35,2,4,1,2,-9999,N/A,-9999,-9999
3011,493.208897,493.208703968,493.208790219,1615238,-9999,246541.3,8.43,-1,-0.17487684,0.99446632,0,0.596679792,8,0.192307692,1.461538462,S2 O5,de-protonated,0,-9999,C26 H38 O5 S2,26,38,5,-9999,-9999,2,-9999,N/A,-9999,-9999
3011,493.208897,493.208703968,493.208410097,1615238,-9999,246541.3,8.43,-1,0.595836809,0.937612822,0,0.562567693,13,0.071428571,1.25,N2 S1 P1 O2,de-protonated,0,-9999,C28 H35 O2 N2 P1 S1,28,35,2,2,1,1,-9999,N/A,-9999,-9999
3012,493.230769,493.230575963,493.230190913,1913224.3,-9999,239354.2,10.44,-1,0.780668989,0.895312172,0,0.537187303,17,0.060606061,1.060606061,P1 O2,de-protonated,0,-9999,C33 H35 O2 P1,33,35,2,-9999,1,-9999,-9999,N/A,-9999,-9999
3012,493.230769,493.230575963,493.230387618,1913224.3,-9999,239354.2,10.44,-1,0.381860139,0.973888622,0,0.584333173,9,0.347826087,1.47826087,N4 O8,de-protonated,0,-9999,C23 H34 O8 N4,23,34,8,4,-9999,-9999,-9999,N/A,-9999,-9999
3017,495.114889,495.114695492,495.114414376,2545753.3,-9999,262305.3,14.71,-1,0.567779763,0.943183604,0,0.565910162,11,0.590909091,1.090909091,O13,de-protonated,0,-9999,C22 H24 O13,22,24,13,-9999,-9999,-9999,-9999,N/A,-9999,-9999
3017,495.114889,495.114695492,495.114903633,2545753.3,-9999,262305.3,14.71,-1,-0.420390103,0.968441661,0,0.581064997,15,0.2,1,N2 S1 P1 O5,de-protonated,0,-9999,C25 H25 O5 N2 P1 S1,25,25,5,2,1,1,-9999,N/A,-9999,-9999
3017,495.114889,495.114695492,495.114252184,2545753.3,-9999,262305.3,14.71,-1,0.895363591,0.864621837,0,0.518773102,6,0.411764706,1.705882353,N4 S2 P1 O7,de-protonated,0,-9999,C17 H29 O7 N4 P1 S2,17,29,7,4,1,2,-9999,N/A,-9999,-9999
3018,495.15126,495.151066482,495.150799885,3023965.5,-9999,214897.4,17.93,-1,0.538416777,0.948758837,0,0.569255302,10,0.52173913,1.217391304,O12,de-protonated,0,-9999,C23 H28 O12,23,28,12,-9999,-9999,-9999,-9999,N/A,-9999,-9999
3018,495.15126,495.151066482,495.151289142,3023965.5,-9999,214897.4,17.93,-1,-0.449680445,0.963973771,0,0.578384263,14,0.153846154,1.115384615,N2 S1 P1 O4,de-protonated,0,-9999,C26 H29 O4 N2 P1 S1,26,29,4,2,1,1,-9999,N/A,-9999,-9999
3018,495.15126,495.151066482,495.150637694,3023965.5,-9999,214897.4,17.93,-1,0.865976524,0.872780529,0,0.523668317,5,0.333333333,1.833333333,N4 S2 P1 O6,de-protonated,0,-9999,C18 H33 O6 N4 P1 S2,18,33,6,4,1,2,-9999,N/A,-9999,-9999
3019,495.183601,495.183407474,495.183162642,13693025,-9999,208636.6,89.86,-1,0.494427269,0.968404257,0.998292034,0.980359368,5,0.684210526,1.684210526,N2 O13,de-protonated,0,-9999,C19 H32 O13 N2,19,32,13,2,-9999,-9999,-9999,N/A,-9999,-9999
3019,495.183601,495.183407474,495.1836519,13693025,-9999,208636.6,89.86,-1,-0.493605332,0.941039052,0.979965514,0.956609637,9,0.227272727,1.5,N4 S1 P1 O5,de-protonated,0,-9999,C22 H33 O5 N4 P1 S1,22,33,5,4,1,1,-9999,N/A,-9999,-9999
3020,495.187415,495.187221473,495.187185394,1902177.6,-9999,223622.8,10.37,-1,0.072859529,0.999037241,0,0.599422345,9,0.458333333,1.333333333,O11,de-protonated,0,-9999,C24 H32 O11,24,32,11,-9999,-9999,-9999,-9999,N/A,-9999,-9999
3020,495.187415,495.187221473,495.187674652,1902177.6,-9999,223622.8,10.37,-1,-0.91516463,0.859015729,0,0.515409437,13,0.111111111,1.222222222,N2 S1 P1 O3,de-protonated,0,-9999,C27 H33 O3 N2 P1 S1,27,33,3,2,1,1,-9999,N/A,-9999,-9999
3020,495.187415,495.187221473,495.187023203,1902177.6,-9999,223622.8,10.37,-1,0.400395054,0.971329853,0,0.582797912,4,0.263157895,1.947368421,N4 S2 P1 O5,de-protonated,0,-9999,C19 H37 O5 N4 P1 S2,19,37,5,4,1,2,-9999,N/A,-9999,-9999
3022,496.186876,496.186682223,496.186946376,2847957.8,-9999,242084.7,16.71,-1,-0.532364724,0.949875105,0,0.569925063,17,0.032258065,1.032258065,N1 S1 P1 O1,de-protonated,0,-9999,C31 H32 O1 N1 P1 S1,31,32,1,1,1,1,-9999,N/A,-9999,-9999
3022,496.186876,496.186682223,496.186517477,2847957.8,-9999,242084.7,16.71,-1,0.332024445,0.980195786,0.998292034,0.987434285,5,0.684210526,1.684210526,13C1 N2 O13,de-protonated,1,3019,C18 H32 O13 N2 13C1,18,32,13,2,-9999,-9999,1,N/A,-9999,-9999
3022,496.186876,496.186682223,496.186294927,2847957.8,-9999,242084.7,16.71,-1,0.780546051,0.895343353,0,0.537206012,8,0.130434783,1.565217391,N3 S2 P1 O3,de-protonated,0,-9999,C23 H36 O3 N3 P1 S2,23,36,3,3,1,2,-9999,N/A,-9999,-9999
3022,496.186876,496.186682223,496.187006735,2847957.8,-9999,242084.7,16.71,-1,-0.654010066,0.925324405,0.979965514,0.947180849,9,0.227272727,1.5,13C1 N4 S1 P1 O5,de-protonated,1,3019,C21 H33 O5 N4 P1 S1 13C1,21,33,5,4,1,1,1,N/A,-9999,-9999
3025,497.092822,497.092627997,497.092179329,3602754.3,-9999,222928.5,21.78,-1,0.902585053,0.862587275,0,0.517552365,1,0.8,2.066666667,S2 P1 O12,de-protonated,0,-9999,C15 H31 O12 P1 S2,15,31,12,-9999,1,2,-9999,N/A,-9999,-9999
3025,497.092822,497.092627997,497.092514418,3602754.3,-9999,222928.5,21.78,-1,0.228486746,0.99057198,0,0.594343188,20,0.192307692,0.692307692,N4 S1 O5,de-protonated,0,-9999,C26 H18 O5 N4 S1,26,18,5,4,-9999,1,-9999,N/A,-9999,-9999
3025,497.092822,497.092627997,497.09264736,3602754.3,-9999,222928.5,21.78,-1,-0.038951851,0.999724735,0,0.599834841,7,0.866666667,1.533333333,N4 P1 O13,de-protonated,0,-9999,C15 H23 O13 N4 P1,15,23,13,4,1,-9999,-9999,N/A,-9999,-9999
3026,497.130573,497.130378987,497.13006444,2495815,-9999,234808.7,14.34,-1,0.632726426,0.929934001,0,0.5579604,10,0.590909091,1.181818182,O13,de-protonated,0,-9999,C22 H26 O13,22,26,13,-9999,-9999,-9999,-9999,N/A,-9999,-9999
3026,497.130573,497.130378987,497.130553697,2495815,-9999,234808.7,14.34,-1,-0.351436901,0.977838901,0,0.586703341,14,0.2,1.08,N2 S1 P1 O5,de-protonated,0,-9999,C25 H27 O5 N2 P1 S1,25,27,5,2,1,1,-9999,N/A,-9999,-9999
3026,497.130573,497.130378987,497.129902249,2495815,-9999,234808.7,14.34,-1,0.958982063,0.846310753,0,0.507786452,5,0.411764706,1.823529412,N4 S2 P1 O7,de-protonated,0,-9999,C17 H31 O7 N4 P1 S2,17,31,7,4,1,2,-9999,N/A,-9999,-9999
3027,497.139962,497.139767985,497.139447355,1570120,-9999,250538.7,8.11,-1,0.644950752,0.927302298,0,0.556381379,23,0.151515152,0.666666667,O5,de-protonated,0,-9999,C33 H22 O5,33,22,5,-9999,-9999,-9999,-9999,N/A,-9999,-9999
3027,497.139962,497.139767985,497.139798228,1570120,-9999,250538.7,8.11,-1,-0.060832908,0.999328749,0,0.599597249,0,0.666666667,2.333333333,N2 S2 P1 O10,de-protonated,0,-9999,C15 H35 O10 N2 P1 S2,15,35,10,2,1,2,-9999,N/A,-9999,-9999
3028,497.167166,497.166971978,497.167319329,1895755.4,-9999,212208,10.3,-1,-0.69866025,0.915239181,0,0.549143509,8,0.291666667,1.416666667,S2 O7,de-protonated,0,-9999,C24 H34 O7 S2,24,34,7,-9999,-9999,2,-9999,N/A,-9999,-9999
3028,497.167166,497.166971978,497.166939207,1895755.4,-9999,212208,10.3,-1,0.065916444,0.99921192,0,0.599527152,13,0.153846154,1.192307692,N2 S1 P1 O4,de-protonated,0,-9999,C26 H31 O4 N2 P1 S1,26,31,4,2,1,1,-9999,N/A,-9999,-9999
3029,497.271143,497.270948952,497.270735572,1934680,-9999,222302.3,10.56,-1,0.429102147,0.967142045,0,0.580285227,1,0.304347826,2.043478261,S1 P1 O7,de-protonated,0,-9999,C23 H47 O7 P1 S1,23,47,7,-9999,1,1,-9999,N/A,-9999,-9999
3031,498.257385,498.257190706,498.256740014,2603474.3,-9999,240514.3,15.06,-1,0.904535992,0.862035644,0,0.517221386,15,0.0625,1.1875,N1 P1 O2,de-protonated,0,-9999,C32 H38 O2 N1 P1,32,38,2,1,1,-9999,-9999,N/A,-9999,-9999
3034,499.090014,499.089819497,499.089340333,3009084.5,-9999,223099.1,17.79,-1,0.960076927,0.422994082,0.725399619,0.543956297,28,0.057142857,0.485714286,P1 O2,de-protonated,0,-9999,C35 H17 O2 P1,35,17,2,-9999,1,-9999,-9999,N/A,-9999,-9999
3034,499.090014,499.089819497,499.089537038,3009084.5,-9999,223099.1,17.79,-1,0.565949893,0.943538713,0,0.566123228,20,0.32,0.64,N4 O8,de-protonated,0,-9999,C25 H16 O8 N4,25,16,8,4,-9999,-9999,-9999,N/A,-9999,-9999
3035,499.124644,499.124449489,499.124585136,1908800.9,-9999,188582.3,10.39,-1,-0.271771468,0.986687652,0,0.592012591,14,0.44,0.96,O11,de-protonated,0,-9999,C25 H24 O11,25,24,11,-9999,-9999,-9999,-9999,N/A,-9999,-9999
3035,499.124644,499.124449489,499.124422945,1908800.9,-9999,188582.3,10.39,-1,0.053180144,0.999486972,0,0.599692183,9,0.25,1.45,N4 S2 P1 O5,de-protonated,0,-9999,C20 H29 O5 N4 P1 S2,20,29,5,4,1,2,-9999,N/A,-9999,-9999
3036,499.146014,499.145819483,499.145714505,1877571.6,-9999,244465.2,10.18,-1,0.210316889,0.992006068,0,0.595203641,9,0.590909091,1.272727273,O13,de-protonated,0,-9999,C22 H28 O13,22,28,13,-9999,-9999,-9999,-9999,N/A,-9999,-9999
3036,499.146014,499.145819483,499.146203762,1877571.6,-9999,244465.2,10.18,-1,-0.76987178,0.89803602,0,0.538821612,13,0.2,1.16,N2 S1 P1 O5,de-protonated,0,-9999,C25 H29 O5 N2 P1 S1,25,29,5,2,1,1,-9999,N/A,-9999,-9999
3036,499.146014,499.145819483,499.145552313,1877571.6,-9999,244465.2,10.18,-1,0.535254902,0.949343438,0,0.569606063,4,0.411764706,1.941176471,N4 S2 P1 O7,de-protonated,0,-9999,C17 H33 O7 N4 P1 S2,17,33,7,4,1,2,-9999,N/A,-9999,-9999
3037,499.252395,499.252200457,499.25236910900003,1591889.5,-9999,181894,8.25,-1,-0.337809982,0.979506777,0,0.587704066,10,0.172413793,1.379310345,S1 O5,de-protonated,0,-9999,C29 H40 O5 S1,29,40,5,-9999,-9999,1,-9999,N/A,-9999,-9999
3037,499.252395,499.252200457,499.251988987,1591889.5,-9999,181894,8.25,-1,0.423573848,0.967969616,0,0.58078177,15,0.064516129,1.193548387,N2 P1 O2,de-protonated,0,-9999,C31 H37 O2 N2 P1,31,37,2,2,1,-9999,-9999,N/A,-9999,-9999
3037,499.252395,499.252200457,499.25171766,1591889.5,-9999,181894,8.25,-1,0.96703973,0.843930939,0,0.506358564,1,0.333333333,2.095238095,N2 S2 O7,de-protonated,0,-9999,C21 H44 O7 N2 S2,21,44,7,2,-9999,2,-9999,N/A,-9999,-9999
3038,500.236636,500.236441211,500.23600457,2982611,-9999,236517.1,17.61,-1,0.87287,0.87088432,0,0.522530592,15,0.096774194,1.161290323,N1 P1 O3,de-protonated,0,-9999,C31 H36 O3 N1 P1,31,36,3,1,1,-9999,-9999,N/A,-9999,-9999
3039,500.273082,500.272887201,500.272390079,3764952,-9999,221962.3,22.87,-1,0.993703721,0.417981479,0.742885034,0.547942901,14,0.0625,1.25,N1 P1 O2,de-protonated,0,-9999,C32 H40 O2 N1 P1,32,40,2,1,1,-9999,-9999,N/A,-9999,-9999
3043,501.087878,501.087682998,501.088080486,1569350.1,-9999,130301.5,8.1,-1,-0.793250616,0.89210097,0,0.535260582,28,0.121212121,0.424242424,N2 O4,de-protonated,0,-9999,C33 H14 O4 N2,33,14,4,2,-9999,-9999,-9999,N/A,-9999,-9999
3043,501.087878,501.087682998,501.087429037,1569350.1,-9999,130301.5,8.1,-1,0.506818245,0.954461694,0,0.572677017,19,0.24,0.72,N4 S1 O6,de-protonated,0,-9999,C25 H18 O6 N4 S1,25,18,6,4,-9999,1,-9999,N/A,-9999,-9999
3044,501.094184,501.093988996,501.093953713,1922886.9,-9999,189398.1,10.48,-1,0.070412393,0.999100799,0,0.59946048,19,0.346153846,0.692307692,N2 O9,de-protonated,0,-9999,C26 H18 O9 N2,26,18,9,2,-9999,-9999,-9999,N/A,-9999,-9999
3044,501.094184,501.093988996,501.09444297,1922886.9,-9999,189398.1,10.48,-1,-0.905965197,0.861631002,0,0.516978601,23,0.034482759,0.655172414,N4 S1 P1 O1,de-protonated,0,-9999,C29 H19 O1 N4 P1 S1,29,19,1,4,1,1,-9999,N/A,-9999,-9999
3045,501.141108,501.140912984,501.141375907,1416269.4,-9999,204821.2,7.07,-1,-0.923736663,0.856562284,0,0.51393737,26,0.027777778,0.638888889,P1 O1,de-protonated,0,-9999,C36 H23 O1 P1,36,23,1,-9999,1,-9999,-9999,N/A,-9999,-9999
3045,501.141108,501.140912984,501.141104581,1416269.4,-9999,204821.2,7.07,-1,-0.382320469,0.973826461,0,0.584295877,12,0.230769231,1.153846154,S2 O6,de-protonated,0,-9999,C26 H30 O6 S2,26,30,6,-9999,-9999,2,-9999,N/A,-9999,-9999
3045,501.141108,501.140912984,501.140724458,1416269.4,-9999,204821.2,7.07,-1,0.376193769,0.974647964,0,0.584788778,17,0.107142857,0.964285714,N2 S1 P1 O3,de-protonated,0,-9999,C28 H27 O3 N2 P1 S1,28,27,3,2,1,1,-9999,N/A,-9999,-9999
3046,501.231792,501.231596962,501.231633664,1664601.8,-9999,191513,8.74,-1,-0.073224875,0.999027567,0,0.59941654,10,0.214285714,1.357142857,S1 O6,de-protonated,0,-9999,C28 H38 O6 S1,28,38,6,-9999,-9999,1,-9999,N/A,-9999,-9999
3046,501.231792,501.231596962,501.231253542,1664601.8,-9999,191513,8.74,-1,0.685152599,0.918348622,0,0.551009173,15,0.1,1.166666667,N2 P1 O3,de-protonated,0,-9999,C30 H35 O3 N2 P1,30,35,3,2,1,-9999,-9999,N/A,-9999,-9999
3047,501.257392,501.257196955,501.257471746,1738077.3,-9999,258729.6,9.24,-1,-0.548203154,0.946929935,0,0.568157961,5,0.173913043,1.826086957,N4 S2 O4,de-protonated,0,-9999,C23 H42 O4 N4 S2,23,42,4,4,-9999,2,-9999,N/A,-9999,-9999
3050,502.215861,502.215665715,502.215269125,2129378.5,-9999,227429.5,11.87,-1,0.789682988,0.893015573,0,0.535809344,15,0.133333333,1.133333333,N1 P1 O4,de-protonated,0,-9999,C30 H34 O4 N1 P1,30,34,4,1,1,-9999,-9999,N/A,-9999,-9999
3051,502.252349,502.252153706,502.251654634,3799015.5,-9999,217576.9,23.1,-1,0.993669953,0.417986568,0.748902347,0.55035288,14,0.096774194,1.225806452,N1 P1 O3,de-protonated,0,-9999,C31 H38 O3 N1 P1,31,38,3,1,1,-9999,-9999,N/A,-9999,-9999
3053,503.090867,503.090671497,503.090997559,1938782.8,-9999,183109.4,10.58,-1,-0.648118791,0.926613287,0,0.555967972,17,0.107142857,0.892857143,S2 P1 O3,de-protonated,0,-9999,C28 H25 O3 P1 S2,28,25,3,-9999,1,2,-9999,N/A,-9999,-9999
3053,503.090867,503.090671497,503.090324884,1938782.8,-9999,183109.4,10.58,-1,0.688967037,0.917475631,0,0.550485378,10,0.823529412,1.176470588,N4 O14,de-protonated,0,-9999,C17 H20 O14 N4,17,20,14,4,-9999,-9999,-9999,N/A,-9999,-9999
3054,503.109596,503.109400492,503.109603777,4855905.5,-9999,189606.9,30.21,-1,-0.404057729,0.485405345,0.780512821,0.603448335,18,0.346153846,0.769230769,N2 O9,de-protonated,0,-9999,C26 H20 O9 N2,26,20,9,2,-9999,-9999,-9999,N/A,-9999,-9999
3054,503.109596,503.109400492,503.108952329,4855905.5,-9999,189606.9,30.21,-1,0.890787878,0.865904992,0,0.519542995,9,0.611111111,1.333333333,N4 S1 O11,de-protonated,0,-9999,C18 H24 O11 N4 S1,18,24,11,4,-9999,1,-9999,N/A,-9999,-9999
3055,503.119945,503.119749489,503.119499756,2045026.9,-9999,194024.3,11.3,-1,0.496369785,0.956278716,0,0.573767229,13,0.5,1,O12,de-protonated,0,-9999,C24 H24 O12,24,24,12,-9999,-9999,-9999,-9999,N/A,-9999,-9999
3055,503.119945,503.119749489,503.119989013,2045026.9,-9999,194024.3,11.3,-1,-0.476077352,0.95970889,0,0.575825334,17,0.148148148,0.925925926,N2 S1 P1 O4,de-protonated,0,-9999,C27 H25 O4 N2 P1 S1,27,25,4,2,1,1,-9999,N/A,-9999,-9999
3055,503.119945,503.119749489,503.119337565,2045026.9,-9999,194024.3,11.3,-1,0.818741434,0.885474282,0,0.531284569,8,0.315789474,1.526315789,N4 S2 P1 O6,de-protonated,0,-9999,C19 H29 O6 N4 P1 S2,19,29,6,4,1,2,-9999,N/A,-9999,-9999
3057,504.231432,504.231236211,504.230919189,1851652.3,-9999,239463.6,10,-1,0.628724369,0.930786234,0,0.55847174,14,0.133333333,1.2,N1 P1 O4,de-protonated,0,-9999,C30 H36 O4 N1 P1,30,36,4,1,1,-9999,-9999,N/A,-9999,-9999
3059,504.909274,504.909078042,504.909463936,2298216.5,-9999,202123.6,13,-1,-0.764283482,0.899434107,0,0.539660464,17,0.578947368,0.368421053,S2 P1 O11,de-protonated,0,-9999,C19 H7 O11 P1 S2,19,7,11,-9999,1,2,-9999,N/A,-9999,-9999
3060,504.96149,504.961294029,504.961105586,1945968.3,-9999,218060.3,10.63,-1,0.373181884,0.975047199,0,0.585028319,20,0.291666667,0.458333333,S2 P1 O7,de-protonated,0,-9999,C24 H11 O7 P1 S2,24,11,7,-9999,1,2,-9999,N/A,-9999,-9999
3060,504.96149,504.961294029,504.961302291,1945968.3,-9999,218060.3,10.63,-1,-0.016361953,0.999951425,0,0.599970855,12,0.928571429,0.714285714,N4 S2 O13,de-protonated,0,-9999,C14 H10 O13 N4 S2,14,10,13,4,-9999,2,-9999,N/A,-9999,-9999
3061,504.979088,504.978892024,504.978863651,2360691,-9999,221097.4,13.42,-1,0.056186897,0.999427336,0,0.599656402,20,0.375,0.458333333,S1 P1 O9,de-protonated,0,-9999,C24 H11 O9 P1 S1,24,11,9,-9999,1,1,-9999,N/A,-9999,-9999
3062,505.093319,505.093122996,505.092891084,1778052,-9999,224498.8,9.5,-1,0.459146047,0.962470251,0,0.57748215,22,0.266666667,0.6,O8,de-protonated,0,-9999,C30 H18 O8,30,18,8,-9999,-9999,-9999,-9999,N/A,-9999,-9999
3062,505.093319,505.093122996,505.092728893,1778052,-9999,224498.8,9.5,-1,0.780258182,0.89541635,0,0.53724981,17,0.08,0.92,N4 S2 P1 O2,de-protonated,0,-9999,C25 H23 O2 N4 P1 S2,25,23,2,4,1,2,-9999,N/A,-9999,-9999
3063,505.106592,505.106395992,505.106647624,4796806,-9999,204168.3,29.81,-1,-0.498174706,0.92747725,0.991338129,0.953021601,16,0.107142857,0.964285714,S2 P1 O3,de-protonated,0,-9999,C28 H27 O3 P1 S2,28,27,3,-9999,1,2,-9999,N/A,-9999,-9999
3063,505.106592,505.106395992,505.106844328,4796806,-9999,204168.3,29.81,-1,-0.88760596,0.866794529,0,0.520076718,8,0.5,1.444444444,N4 S2 O9,de-protonated,0,-9999,C18 H26 O9 N4 S2,18,26,9,4,-9999,2,-9999,N/A,-9999,-9999
3063,505.106592,505.106395992,505.105974948,4796806,-9999,204168.3,29.81,-1,0.833575617,0.881544926,0,0.528926956,9,0.823529412,1.294117647,N4 O14,de-protonated,0,-9999,C17 H22 O14 N4,17,22,14,4,-9999,-9999,-9999,N/A,-9999,-9999
3064,505.135581,505.135384985,505.13514982,1787274.3,-9999,258501.3,9.56,-1,0.465548109,0.961436952,0,0.576862171,12,0.5,1.083333333,O12,de-protonated,0,-9999,C24 H26 O12,24,26,12,-9999,-9999,-9999,-9999,N/A,-9999,-9999
3064,505.135581,505.135384985,505.135639078,1787274.3,-9999,258501.3,9.56,-1,-0.503018628,0.955126438,0,0.573075863,16,0.148148148,1,N2 S1 P1 O4,de-protonated,0,-9999,C27 H27 O4 N2 P1 S1,27,27,4,2,1,1,-9999,N/A,-9999,-9999
3064,505.135581,505.135384985,505.134987629,1787274.3,-9999,258501.3,9.56,-1,0.786633382,0.893794845,0,0.536276907,7,0.315789474,1.631578947,N4 S2 P1 O6,de-protonated,0,-9999,C19 H31 O6 N4 P1 S2,19,31,6,4,1,2,-9999,N/A,-9999,-9999
3065,505.17225,505.172053976,505.17240471,2213775.8,-9999,156759.6,12.43,-1,-0.694285108,0.91625182,0,0.549751092,10,0.230769231,1.307692308,S2 O6,de-protonated,0,-9999,C26 H34 O6 S2,26,34,6,-9999,-9999,2,-9999,N/A,-9999,-9999
3065,505.17225,505.172053976,505.172024587,2213775.8,-9999,156759.6,12.43,-1,0.05817591,0.999386087,0,0.599631652,15,0.107142857,1.107142857,N2 S1 P1 O3,de-protonated,0,-9999,C28 H31 O3 N2 P1 S1,28,31,3,2,1,1,-9999,N/A,-9999,-9999
3066,505.230664,505.230467961,505.230190913,1485208.5,-9999,263568.5,7.53,-1,0.548360227,0.946900342,0,0.568140205,18,0.058823529,1.029411765,P1 O2,de-protonated,0,-9999,C34 H35 O2 P1,34,35,2,-9999,1,-9999,-9999,N/A,-9999,-9999
3066,505.230664,505.230467961,505.230387618,1485208.5,-9999,263568.5,7.53,-1,0.159023792,0.995421934,0,0.597253161,10,0.333333333,1.416666667,N4 O8,de-protonated,0,-9999,C24 H34 O8 N4,24,34,8,4,-9999,-9999,-9999,N/A,-9999,-9999
3067,505.267521,505.267324952,505.267642507,1930142,-9999,221194.4,10.52,-1,-0.62848827,0.930836366,0,0.55850182,8,0.076923077,1.615384615,N4 S2 O2,de-protonated,0,-9999,C26 H42 O2 N4 S2,26,42,2,4,-9999,2,-9999,N/A,-9999,-9999
3069,506.109811,506.109614742,506.110002459,1523997.1,-9999,176390.3,7.79,-1,-0.766073275,0.898987207,0.991338129,0.935927575,16,0.107142857,0.964285714,13C1 S2 P1 O3,de-protonated,1,3063,C27 H27 O3 P1 S2 13C1,27,27,3,-9999,1,2,1,N/A,-9999,-9999
3069,506.109811,506.109614742,506.109269425,1523997.1,-9999,176390.3,7.79,-1,0.682297132,0.918999506,0,0.551399704,17,0.384615385,0.807692308,N1 O10,de-protonated,0,-9999,C26 H21 O10 N1,26,21,10,1,-9999,-9999,-9999,N/A,-9999,-9999
3069,506.109811,506.109614742,506.109758682,1523997.1,-9999,176390.3,7.79,-1,-0.284405595,0.985430422,0,0.591258253,21,0.068965517,0.75862069,N3 S1 P1 O2,de-protonated,0,-9999,C29 H22 O2 N3 P1 S1,29,22,2,3,1,1,-9999,N/A,-9999,-9999
3070,506.22565,506.225453713,506.225439885,1758766.8,-9999,165396.1,9.37,-1,0.027314075,0.999864638,0,0.599918783,18,0.060606061,1.03030303,N1 P1 O2,de-protonated,0,-9999,C33 H34 O2 N1 P1,33,34,2,1,1,-9999,-9999,N/A,-9999,-9999
3070,506.22565,506.225453713,506.225168559,1758766.8,-9999,165396.1,9.37,-1,0.563293288,0.944052456,0,0.566431474,4,0.304347826,1.782608696,N1 S2 O7,de-protonated,0,-9999,C23 H41 O7 N1 S2,23,41,7,1,-9999,2,-9999,N/A,-9999,-9999
3072,506.977097,506.976900525,506.976755651,5199522,-9999,221938.9,32.52,-1,0.285760123,0.49264617,0.793917021,0.61315451,19,0.291666667,0.541666667,S2 P1 O7,de-protonated,0,-9999,C24 H13 O7 P1 S2,24,13,7,-9999,1,2,-9999,N/A,-9999,-9999
3072,506.977097,506.976900525,506.976952355,5199522,-9999,221938.9,32.52,-1,-0.102234923,0.998105299,0,0.59886318,11,0.928571429,0.857142857,N4 S2 O13,de-protonated,0,-9999,C14 H12 O13 N4 S2,14,12,13,4,-9999,2,-9999,N/A,-9999,-9999
3073,507.104358,507.104161493,507.103670244,1437109.6,-9999,155605.5,7.2,-1,0.968735091,0.843428541,0,0.506057124,16,0.222222222,0.925925926,S1 P1 O6,de-protonated,0,-9999,C27 H25 O6 P1 S1,27,25,6,-9999,1,1,-9999,N/A,-9999,-9999
3073,507.104358,507.104161493,507.104518397,1437109.6,-9999,155605.5,7.2,-1,-0.703807671,0.914041099,0,0.548424659,17,0.4,0.8,N2 O10,de-protonated,0,-9999,C25 H20 O10 N2,25,20,10,2,-9999,-9999,-9999,N/A,-9999,-9999
3073,507.104358,507.104161493,507.103866948,1437109.6,-9999,155605.5,7.2,-1,0.580836884,0.940620408,0,0.564372245,8,0.705882353,1.411764706,N4 S1 O12,de-protonated,0,-9999,C17 H24 O12 N4 S1,17,24,12,4,-9999,1,-9999,N/A,-9999,-9999
3074,507.114852,507.11465549,507.114414376,1747127.3,-9999,210410.8,9.29,-1,0.475463817,0.959810557,0,0.575886334,12,0.565217391,1.043478261,O13,de-protonated,0,-9999,C23 H24 O13,23,24,13,-9999,-9999,-9999,-9999,N/A,-9999,-9999
3074,507.114852,507.11465549,507.114903633,1747127.3,-9999,210410.8,9.29,-1,-0.489322623,0.957484772,0,0.574490863,16,0.192307692,0.961538462,N2 S1 P1 O5,de-protonated,0,-9999,C26 H25 O5 N2 P1 S1,26,25,5,2,1,1,-9999,N/A,-9999,-9999
3074,507.114852,507.11465549,507.114252184,1747127.3,-9999,210410.8,9.29,-1,0.79529589999999994,0.891575203,0,0.534945122,7,0.388888889,1.611111111,N4 S2 P1 O7,de-protonated,0,-9999,C18 H29 O7 N4 P1 S2,18,29,7,4,1,2,-9999,N/A,-9999,-9999
3075,507.151264,507.151067481,507.150799885,2818748.8,-9999,205900.8,16.5,-1,0.527646014,0.950737589,0,0.570442553,11,0.5,1.166666667,O12,de-protonated,0,-9999,C24 H28 O12,24,28,12,-9999,-9999,-9999,-9999,N/A,-9999,-9999
3075,507.151264,507.151067481,507.151289142,2818748.8,-9999,205900.8,16.5,-1,-0.437071258,0.965931483,0,0.57955889,15,0.148148148,1.074074074,N2 S1 P1 O4,de-protonated,0,-9999,C27 H29 O4 N2 P1 S1,27,29,4,2,1,1,-9999,N/A,-9999,-9999
3075,507.151264,507.151067481,507.150637694,2818748.8,-9999,205900.8,16.5,-1,0.847455167,0.877820749,0,0.526692449,6,0.315789474,1.736842105,N4 S2 P1 O6,de-protonated,0,-9999,C19 H33 O6 N4 P1 S2,19,33,6,4,1,2,-9999,N/A,-9999,-9999
3076,507.187169,507.186972472,507.187185394,1554626.4,-9999,207325.1,7.99,-1,-0.419809961,0.968527318,0,0.581116391,10,0.44,1.28,O11,de-protonated,0,-9999,C25 H32 O11,25,32,11,-9999,-9999,-9999,-9999,N/A,-9999,-9999
3076,507.187169,507.186972472,507.186533946,1554626.4,-9999,207325.1,7.99,-1,0.864625573,0.873150858,0,0.523890515,1,0.764705882,2.117647059,N2 S1 O13,de-protonated,0,-9999,C17 H36 O13 N2 S1,17,36,13,2,-9999,1,-9999,N/A,-9999,-9999
3076,507.187169,507.186972472,507.187023203,1554626.4,-9999,207325.1,7.99,-1,-0.100024054,0.998186287,0,0.598911772,5,0.25,1.85,N4 S2 P1 O5,de-protonated,0,-9999,C20 H37 O5 N4 P1 S2,20,37,5,4,1,2,-9999,N/A,-9999,-9999
3078,508.950339,508.950142031,508.950343684,14063575,-9999,203147.8,92.15,-1,-0.39621278,0.65628615,0.874351556,0.743512312,20,0.45,0.3,N4 S2 O9,de-protonated,0,-9999,C20 H6 O9 N4 S2,20,6,9,4,-9999,2,-9999,N/A,-9999,-9999
3079,508.9752,508.975003025,508.975495804,2036698.5,-9999,226152.4,11.24,-1,-0.968178061,0.843593674,0,0.506156204,19,0.409090909,0.454545455,N2 S2 O9,de-protonated,0,-9999,C22 H10 O9 N2 S2,22,10,9,2,-9999,2,-9999,N/A,-9999,-9999
3080,509.130457,509.130259986,509.13006444,1857011.1,-9999,232354.9,10.03,-1,0.384078594,0.973588401,0,0.584153041,11,0.565217391,1.130434783,O13,de-protonated,0,-9999,C23 H26 O13,23,26,13,-9999,-9999,-9999,-9999,N/A,-9999,-9999
3080,509.130457,509.130259986,509.130553697,1857011.1,-9999,232354.9,10.03,-1,-0.576888165,0.941400975,0,0.564840585,15,0.192307692,1.038461538,N2 S1 P1 O5,de-protonated,0,-9999,C26 H27 O5 N2 P1 S1,26,27,5,2,1,1,-9999,N/A,-9999,-9999
3080,509.130457,509.130259986,509.129902249,1857011.1,-9999,232354.9,10.03,-1,0.702644428,0.91431248,0,0.548587488,6,0.388888889,1.722222222,N4 S2 P1 O7,de-protonated,0,-9999,C18 H31 O7 N4 P1 S2,18,31,7,4,1,2,-9999,N/A,-9999,-9999
3081,509.166817,509.166619977,509.166449949,1914361,-9999,222299.3,10.41,-1,0.333933068,0.979969747,0,0.587981848,10,0.5,1.25,O12,de-protonated,0,-9999,C24 H30 O12,24,30,12,-9999,-9999,-9999,-9999,N/A,-9999,-9999
3081,509.166817,509.166619977,509.166939207,1914361,-9999,222299.3,10.41,-1,-0.626964971,0.93115943,0,0.558695658,14,0.148148148,1.148148148,N2 S1 P1 O4,de-protonated,0,-9999,C27 H31 O4 N2 P1 S1,27,31,4,2,1,1,-9999,N/A,-9999,-9999
3081,509.166817,509.166619977,509.166287758,1914361,-9999,222299.3,10.41,-1,0.652476122,0.925660948,0,0.555396569,5,0.315789474,1.842105263,N4 S2 P1 O6,de-protonated,0,-9999,C19 H35 O6 N4 P1 S2,19,35,6,4,1,2,-9999,N/A,-9999,-9999
3082,509.225682,509.225484962,509.225105533,1510914.3,-9999,256217.4,7.7,-1,0.745111244,0.90416932,0,0.542501592,17,0.090909091,1.060606061,P1 O3,de-protonated,0,-9999,C33 H35 O3 P1,33,35,3,-9999,1,-9999,-9999,N/A,-9999,-9999
3082,509.225682,509.225484962,509.225302237,1510914.3,-9999,256217.4,7.7,-1,0.35882911,0.976907773,0,0.586144664,9,0.391304348,1.47826087,N4 O9,de-protonated,0,-9999,C23 H34 O9 N4,23,34,9,4,-9999,-9999,-9999,N/A,-9999,-9999
3085,509.953962,509.95376478,509.953771102,1712246.6,-9999,200838.2,9.05,-1,-0.012396385,0.999972117,0,0.59998327,15,0.722222222,0.555555556,N1 S1 P1 O13,de-protonated,0,-9999,C18 H10 O13 N1 P1 S1,18,10,13,1,1,1,-9999,N/A,-9999,-9999
3085,509.953962,509.95376478,509.953698519,1712246.6,-9999,200838.2,9.05,-1,0.129935869,0.664627486,0.874351556,0.748517114,20,0.45,0.3,13C1 N4 S2 O9,de-protonated,1,3078,C19 H6 O9 N4 S2 13C1,19,6,9,4,-9999,2,1,N/A,-9999,-9999
3087,511.108304,511.108106491,511.107829393,1774384.9,-9999,186995.4,9.47,-1,0.542151755,0.948064307,0,0.568838584,1,0.75,2.0625,S2 P1 O12,de-protonated,0,-9999,C16 H33 O12 P1 S2,16,33,12,-9999,1,2,-9999,N/A,-9999,-9999
3087,511.108304,511.108106491,511.108164482,1774384.9,-9999,186995.4,9.47,-1,-0.113461136,0.997666859,0,0.598600115,20,0.185185185,0.740740741,N4 S1 O5,de-protonated,0,-9999,C27 H20 O5 N4 S1,27,20,5,4,-9999,1,-9999,N/A,-9999,-9999
3087,511.108304,511.108106491,511.108297424,1774384.9,-9999,186995.4,9.47,-1,-0.373565924,0.974996462,0,0.584997877,7,0.8125,1.5625,N4 P1 O13,de-protonated,0,-9999,C16 H25 O13 N4 P1,16,25,13,4,1,-9999,-9999,N/A,-9999,-9999
3088,511.145886,511.145688482,511.145714505,1431863,-9999,264852.1,7.16,-1,-0.050910322,0.999529821,0,0.599717892,10,0.565217391,1.217391304,O13,de-protonated,0,-9999,C23 H28 O13,23,28,13,-9999,-9999,-9999,-9999,N/A,-9999,-9999
3088,511.145886,511.145688482,511.14520144,1431863,-9999,264852.1,7.16,-1,0.952844037,0.848114698,0,0.508868819,28,0.055555556,0.555555556,N2 O2,de-protonated,0,-9999,C36 H20 O2 N2,36,20,2,2,-9999,-9999,-9999,N/A,-9999,-9999
3088,511.145886,511.145688482,511.145552313,1431863,-9999,264852.1,7.16,-1,0.266399143,0.987205414,0,0.592323248,5,0.388888889,1.833333333,N4 S2 P1 O7,de-protonated,0,-9999,C18 H33 O7 N4 P1 S2,18,33,7,4,1,2,-9999,N/A,-9999,-9999
3089,511.182666,511.182468473,511.182969394,1756989,-9999,249495,9.35,-1,-0.97992508,0.840098044,0,0.504058826,8,0.28,1.44,S2 O7,de-protonated,0,-9999,C25 H36 O7 S2,25,36,7,-9999,-9999,2,-9999,N/A,-9999,-9999
3089,511.182666,511.182468473,511.182100014,1756989,-9999,249495,9.35,-1,0.720797653,0.910035627,0,0.546021376,9,0.5,1.333333333,O12,de-protonated,0,-9999,C24 H32 O12,24,32,12,-9999,-9999,-9999,-9999,N/A,-9999,-9999
3089,511.182666,511.182468473,511.182589271,1756989,-9999,249495,9.35,-1,-0.236311828,0.989918473,0,0.593951084,13,0.148148148,1.222222222,N2 S1 P1 O4,de-protonated,0,-9999,C27 H33 O4 N2 P1 S1,27,33,4,2,1,1,-9999,N/A,-9999,-9999
3090,512.272976,512.2727782,512.272390079,2826734.8,-9999,228610.5,16.55,-1,0.75764607,0.901084223,0,0.540650534,15,0.060606061,1.212121212,N1 P1 O2,de-protonated,0,-9999,C33 H40 O2 N1 P1,33,40,2,1,1,-9999,-9999,N/A,-9999,-9999
3092,513.125838,513.125639987,513.126119766,1442427.1,-9999,208111.3,7.23,-1,-0.935011751,0.853311203,0,0.511986722,23,0.121212121,0.696969697,P1 O4,de-protonated,0,-9999,C33 H23 O4 P1,33,23,4,-9999,1,-9999,-9999,N/A,-9999,-9999
3092,513.125838,513.125639987,513.12584844,1442427.1,-9999,208111.3,7.23,-1,-0.406241066,0.9704991,0,0.58229946,9,0.391304348,1.304347826,S2 O9,de-protonated,0,-9999,C23 H30 O9 S2,23,30,9,-9999,-9999,2,-9999,N/A,-9999,-9999
3092,513.125838,513.125639987,513.125468317,1442427.1,-9999,208111.3,7.23,-1,0.334557022,0.979895583,0,0.58793735,14,0.24,1.08,N2 S1 P1 O6,de-protonated,0,-9999,C25 H27 O6 N2 P1 S1,25,27,6,2,1,1,-9999,N/A,-9999,-9999
3093,513.231996,513.23179796,513.231633664,1668236.6,-9999,192825.3,8.75,-1,0.320120421,0.981577476,0,0.588946486,11,0.206896552,1.310344828,S1 O6,de-protonated,0,-9999,C29 H38 O6 S1,29,38,6,-9999,-9999,1,-9999,N/A,-9999,-9999
3094,513.346871,513.346672931,513.346283297,1489055.6,-9999,207693.8,7.55,-1,0.759009867,0.900746101,0,0.54044766,4,0.185185185,1.888888889,N2 P1 O5,de-protonated,0,-9999,C27 H51 O5 N2 P1,27,51,5,2,1,-9999,-9999,N/A,-9999,-9999
3096,514.288531,514.288332696,514.288040143,1924923.8,-9999,253165.1,10.48,-1,0.568849665,0.942975507,0,0.565785304,14,0.060606061,1.272727273,N1 P1 O2,de-protonated,0,-9999,C33 H42 O2 N1 P1,33,42,2,1,1,-9999,-9999,N/A,-9999,-9999
3098,515.247667,515.247468456,515.247283729,1611739.5,-9999,245967.9,8.37,-1,0.358521664,0.976946867,0,0.58616812,10,0.206896552,1.379310345,S1 O6,de-protonated,0,-9999,C29 H40 O6 S1,29,40,6,-9999,-9999,1,-9999,N/A,-9999,-9999
3099,515.460439,515.460240403,515.4598565,1433599,-9999,230112.7,7.17,-1,0.744777757,0.904250838,0,0.542550503,0,0.096774194,2.096774194,P1 O3,de-protonated,0,-9999,C31 H65 O3 P1,31,65,3,-9999,1,-9999,-9999,N/A,-9999,-9999
3103,517.309511,517.30931194,517.308835159,7445813,-9999,205959.8,47.62,-1,0.92165747,0.428579418,0.755017935,0.559154825,8,0.166666667,1.566666667,P1 O5,de-protonated,0,-9999,C30 H47 O5 P1,30,47,5,-9999,1,-9999,-9999,N/A,-9999,-9999
3103,517.309511,517.30931194,517.309031863,7445813,-9999,205959.8,47.62,-1,0.541411507,0.911245162,0.883058627,0.899970548,0,0.55,2.3,N4 O11,de-protonated,0,-9999,C20 H46 O11 N4,20,46,11,4,-9999,-9999,-9999,N/A,-9999,-9999
3104,518.2472,518.247000706,518.246569254,1423826.5,-9999,226029.3,7.1,-1,0.832523082,0.881825473,0,0.529095284,14,0.129032258,1.225806452,N1 P1 O4,de-protonated,0,-9999,C31 H38 O4 N1 P1,31,38,4,1,1,-9999,-9999,N/A,-9999,-9999
3105,518.313032,518.312832689,518.313195719,3112413.5,-9999,189093.3,18.46,-1,-0.700406642,0.914833512,0,0.548900107,7,0.066666667,1.633333333,N1 S2 O2,de-protonated,0,-9999,C30 H49 O2 N1 S2,30,49,2,1,-9999,2,-9999,N/A,-9999,-9999
3105,518.313032,518.312832689,518.312326339,3112413.5,-9999,189093.3,18.46,-1,0.976920361,0.840994803,0,0.504596882,8,0.24137931,1.551724138,N1 O7,de-protonated,0,-9999,C29 H45 O7 N1,29,45,7,1,-9999,-9999,-9999,N/A,-9999,-9999
3105,518.313032,518.312832689,518.312386698,3112413.5,-9999,189093.3,18.46,-1,0.860467561,0.874288025,0.883058627,0.877796266,0,0.55,2.3,13C1 N4 O11,de-protonated,1,3103,C19 H46 O11 N4 13C1,19,46,11,4,-9999,-9999,1,N/A,-9999,-9999
3107,518.925063,518.924863536,518.925114,1871940.5,-9999,234298.8,10.12,-1,-0.482659245,0.958610656,0,0.575166393,17,0.55,0.45,S2 P1 O11,de-protonated,0,-9999,C20 H9 O11 P1 S2,20,9,11,-9999,1,2,-9999,N/A,-9999,-9999
3108,519.306456,519.306256441,519.306727158,2304132.8,-9999,224960.1,13.02,-1,-0.906434698,0.861497978,0,0.516898787,7,0.1,1.633333333,S1 P1 O3,de-protonated,0,-9999,C30 H49 O3 P1 S1,30,49,3,-9999,1,1,-9999,N/A,-9999,-9999
3109,520.241481,520.241281207,520.24108995,1945889.8,-9999,213472.8,10.61,-1,0.367631531,0.97577493,0,0.585464958,18,0.058823529,1.058823529,N1 P1 O2,de-protonated,0,-9999,C34 H36 O2 N1 P1,34,36,2,1,1,-9999,-9999,N/A,-9999,-9999
3109,520.241481,520.241281207,520.240818624,1945889.8,-9999,213472.8,10.61,-1,0.889171267,0.866357216,0,0.519814329,4,0.291666667,1.791666667,N1 S2 O7,de-protonated,0,-9999,C24 H43 O7 N1 S2,24,43,7,1,-9999,2,-9999,N/A,-9999,-9999
3111,521.130554,521.130353985,521.13006444,1413047,-9999,218803.3,7.03,-1,0.555608966,0.945526419,0,0.567315851,12,0.541666667,1.083333333,O13,de-protonated,0,-9999,C24 H26 O13,24,26,13,-9999,-9999,-9999,-9999,N/A,-9999,-9999
3111,521.130554,521.130353985,521.130553697,1413047,-9999,218803.3,7.03,-1,-0.383229907,0.973703447,0,0.584222068,16,0.185185185,1,N2 S1 P1 O5,de-protonated,0,-9999,C27 H27 O5 N2 P1 S1,27,27,5,2,1,1,-9999,N/A,-9999,-9999
3111,521.130554,521.130353985,521.129902249,1413047,-9999,218803.3,7.03,-1,0.866839274,0.872543808,0,0.523526285,7,0.368421053,1.631578947,N4 S2 P1 O7,de-protonated,0,-9999,C19 H31 O7 N4 P1 S2,19,31,7,4,1,2,-9999,N/A,-9999,-9999
3112,521.20355,521.203349966,521.203704839,1499075.3,-9999,203669.9,7.61,-1,-0.680870623,0.919323823,0,0.551594294,9,0.222222222,1.407407407,S2 O6,de-protonated,0,-9999,C27 H38 O6 S2,27,38,6,-9999,-9999,2,-9999,N/A,-9999,-9999
3112,521.20355,521.203349966,521.202835459,1499075.3,-9999,203669.9,7.61,-1,0.98715422,0.837933172,0,0.502759903,10,0.423076923,1.307692308,O11,de-protonated,0,-9999,C26 H34 O11,26,34,11,-9999,-9999,-9999,-9999,N/A,-9999,-9999
3112,521.20355,521.203349966,521.203324716,1499075.3,-9999,203669.9,7.61,-1,0.048446024,0.999574227,0,0.599744536,14,0.103448276,1.206896552,N2 S1 P1 O3,de-protonated,0,-9999,C29 H35 O3 N2 P1 S1,29,35,3,2,1,1,-9999,N/A,-9999,-9999
3114,522.966192,522.965991525,522.965993748,4198633.5,-9999,198113.3,25.77,-1,-0.004250157,0.999996722,0,0.599998033,20,0.428571429,0.380952381,N4 S2 O9,de-protonated,0,-9999,C21 H8 O9 N4 S2,21,8,9,4,-9999,2,-9999,N/A,-9999,-9999
3115,523.109605,523.10940449,523.109328995,1771265.5,-9999,209170.2,9.44,-1,0.144318651,0.996227942,0,0.597736765,12,0.608695652,1.043478261,O14,de-protonated,0,-9999,C23 H24 O14,23,24,14,-9999,-9999,-9999,-9999,N/A,-9999,-9999
3115,523.109605,523.10940449,523.109818253,1771265.5,-9999,209170.2,9.44,-1,-0.7909676,0.892686615,0,0.535611969,16,0.230769231,0.961538462,N2 S1 P1 O6,de-protonated,0,-9999,C26 H25 O6 N2 P1 S1,26,25,6,2,1,1,-9999,N/A,-9999,-9999
3115,523.109605,523.10940449,523.109166804,1771265.5,-9999,209170.2,9.44,-1,0.454371244,0.963232304,0,0.577939382,7,0.444444444,1.611111111,N4 S2 P1 O8,de-protonated,0,-9999,C18 H29 O8 N4 P1 S2,18,29,8,4,1,2,-9999,N/A,-9999,-9999
3117,524.963175,524.962974026,524.963016368,2174003.8,-9999,214335,12.14,-1,-0.080657141,0.998820269,0,0.599292161,20,0.6,0.3,N4 S1 O12,de-protonated,0,-9999,C20 H6 O12 N4 S1,20,6,12,4,-9999,1,-9999,N/A,-9999,-9999
3118,525.125526,525.125324985,525.12584844,1498190.5,-9999,190447.7,7.6,-1,-0.996816504,0.83502364,0,0.501014184,10,0.375,1.25,S2 O9,de-protonated,0,-9999,C24 H30 O9 S2,24,30,9,-9999,-9999,2,-9999,N/A,-9999,-9999
3118,525.125526,525.125324985,525.12497906,1498190.5,-9999,190447.7,7.6,-1,0.658749386,0.924280396,0,0.554568238,11,0.608695652,1.130434783,O14,de-protonated,0,-9999,C23 H26 O14,23,26,14,-9999,-9999,-9999,-9999,N/A,-9999,-9999
3118,525.125526,525.125324985,525.125468317,1498190.5,-9999,190447.7,7.6,-1,-0.272947326,0.986572986,0,0.591943792,15,0.230769231,1.038461538,N2 S1 P1 O6,de-protonated,0,-9999,C26 H27 O6 N2 P1 S1,26,27,6,2,1,1,-9999,N/A,-9999,-9999
3118,525.125526,525.125324985,525.124816868,1498190.5,-9999,190447.7,7.6,-1,0.967612025,0.843761412,0,0.506256847,6,0.444444444,1.722222222,N4 S2 P1 O8,de-protonated,0,-9999,C18 H31 O8 N4 P1 S2,18,31,8,4,1,2,-9999,N/A,-9999,-9999
3119,526.288521,526.288319695,526.288040143,2453260.3,-9999,214001.1,14.02,-1,0.531175254,0.950093166,0,0.5700559,15,0.058823529,1.235294118,N1 P1 O2,de-protonated,0,-9999,C34 H42 O2 N1 P1,34,42,2,1,1,-9999,-9999,N/A,-9999,-9999
3121,526.960852,526.960650526,526.960711663,2588537.3,-9999,224671.2,14.93,-1,-0.116017943,0.997560651,0,0.598536391,27,0.133333333,0.3,S2 P1 O4,de-protonated,0,-9999,C30 H9 O4 P1 S2,30,9,4,-9999,1,2,-9999,N/A,-9999,-9999
3121,526.960852,526.960650526,526.960908368,2588537.3,-9999,224671.2,14.93,-1,-0.48929889,0.957488807,0,0.574493284,19,0.5,0.4,N4 S2 O10,de-protonated,0,-9999,C20 H8 O10 N4 S2,20,8,10,4,-9999,2,-9999,N/A,-9999,-9999
3122,527.14084,527.140638481,527.140629124,1449878.3,-9999,262260.8,7.27,-1,0.017750926,0.999942828,0,0.599965697,10,0.608695652,1.217391304,O14,de-protonated,0,-9999,C23 H28 O14,23,28,14,-9999,-9999,-9999,-9999,N/A,-9999,-9999
3122,527.14084,527.140638481,527.14011606,1449878.3,-9999,262260.8,7.27,-1,0.991048619,0.836762674,0,0.502057604,28,0.083333333,0.555555556,N2 O3,de-protonated,0,-9999,C36 H20 O3 N2,36,20,3,2,-9999,-9999,-9999,N/A,-9999,-9999
3122,527.14084,527.140638481,527.141118381,1449878.3,-9999,262260.8,7.27,-1,-0.910382626,0.860377493,0,0.516226496,14,0.230769231,1.115384615,N2 S1 P1 O6,de-protonated,0,-9999,C26 H29 O6 N2 P1 S1,26,29,6,2,1,1,-9999,N/A,-9999,-9999
3122,527.14084,527.140638481,527.140466933,1449878.3,-9999,262260.8,7.27,-1,0.325432356,0.980966917,0,0.58858015,5,0.444444444,1.833333333,N4 S2 P1 O8,de-protonated,0,-9999,C18 H33 O8 N4 P1 S2,18,33,8,4,1,2,-9999,N/A,-9999,-9999
3123,527.247421,527.247219455,527.247283729,1544103.4,-9999,202118.1,7.9,-1,-0.121904892,0.997307159,0,0.598384295,11,0.2,1.333333333,S1 O6,de-protonated,0,-9999,C30 H40 O6 S1,30,40,6,-9999,-9999,1,-9999,N/A,-9999,-9999
3123,527.247421,527.247219455,527.246903606,1544103.4,-9999,202118.1,7.9,-1,0.59905235,0.936959379,0,0.562175627,16,0.09375,1.15625,N2 P1 O3,de-protonated,0,-9999,C32 H37 O3 N2 P1,32,37,3,2,1,-9999,-9999,N/A,-9999,-9999
3125,529.263201,529.26299895,529.262933793,1755111.8,-9999,174956.2,9.32,-1,0.123109578,0.997253747,0,0.598352248,10,0.2,1.4,S1 O6,de-protonated,0,-9999,C30 H42 O6 S1,30,42,6,-9999,-9999,1,-9999,N/A,-9999,-9999
3125,529.263201,529.26299895,529.262553671,1755111.8,-9999,174956.2,9.32,-1,0.841321294,0.879472235,0,0.527683341,15,0.09375,1.21875,N2 P1 O3,de-protonated,0,-9999,C32 H39 O3 N2 P1,32,39,3,2,1,-9999,-9999,N/A,-9999,-9999
3126,530.200189,530.199986716,530.200287765,1579385.9,-9999,223468.5,8.14,-1,-0.567802954,0.943179097,0,0.565907458,21,0.060606061,0.909090909,N3 P1 O2,de-protonated,0,-9999,C33 H30 O2 N3 P1,33,30,2,3,1,-9999,-9999,N/A,-9999,-9999
3126,530.200189,530.199986716,530.200016439,1579385.9,-9999,223468.5,8.14,-1,-0.05606022,0.999429915,0,0.599657949,7,0.304347826,1.608695652,N3 S2 O7,de-protonated,0,-9999,C23 H37 O7 N3 S2,23,37,7,3,-9999,2,-9999,N/A,-9999,-9999
3128,530.283597,530.283394695,530.282954763,1701766.8,-9999,227632.1,8.96,-1,0.829618178,0.882598378,0,0.529559027,14,0.090909091,1.272727273,N1 P1 O3,de-protonated,0,-9999,C33 H42 O3 N1 P1,33,42,3,1,1,-9999,-9999,N/A,-9999,-9999
3129,531.242389,531.242186455,531.242198348,1700122,-9999,168087.4,8.95,-1,-0.022386778,0.999909068,0,0.599945441,10,0.24137931,1.379310345,S1 O7,de-protonated,0,-9999,C29 H40 O7 S1,29,40,7,-9999,-9999,1,-9999,N/A,-9999,-9999
3129,531.242389,531.242186455,531.241818226,1700122,-9999,168087.4,8.95,-1,0.693148969,0.916513925,0,0.549908355,15,0.129032258,1.193548387,N2 P1 O4,de-protonated,0,-9999,C31 H37 O4 N2 P1,31,37,4,2,1,-9999,-9999,N/A,-9999,-9999
3130,532.940427,532.940224031,532.939894685,2050840.9,-9999,182103.3,11.31,-1,0.617979503,0.933051379,0,0.559830827,18,0.8,0.35,P1 O16,de-protonated,0,-9999,C20 H7 O16 P1,20,7,16,-9999,1,-9999,-9999,N/A,-9999,-9999
3131,535.182394,535.18219047,535.182100014,2043996.5,-9999,178330.1,11.26,-1,0.169019346,0.994829869,0,0.596897921,11,0.461538462,1.230769231,O12,de-protonated,0,-9999,C26 H32 O12,26,32,12,-9999,-9999,-9999,-9999,N/A,-9999,-9999
3131,535.182394,535.18219047,535.182589271,2043996.5,-9999,178330.1,11.26,-1,-0.745168527,0.904155315,0,0.542493189,15,0.137931034,1.137931034,N2 S1 P1 O4,de-protonated,0,-9999,C29 H33 O4 N2 P1 S1,29,33,4,2,1,1,-9999,N/A,-9999,-9999
3131,535.182394,535.18219047,535.181937823,2043996.5,-9999,178330.1,11.26,-1,0.4720777,0.960369499,0,0.576221699,6,0.285714286,1.761904762,N4 S2 P1 O6,de-protonated,0,-9999,C21 H37 O6 N4 P1 S2,21,37,6,4,1,2,-9999,N/A,-9999,-9999
3132,535.266491,535.266287449,535.266104422,1940072.3,-9999,206870.3,10.56,-1,0.34193666,0.979008354,0,0.587405012,9,0.333333333,1.481481481,N2 O9,de-protonated,0,-9999,C27 H40 O9 N2,27,40,9,2,-9999,-9999,-9999,N/A,-9999,-9999
3132,535.266491,535.266287449,535.266593679,1940072.3,-9999,206870.3,10.56,-1,-0.572107898,0.94233965,0,0.56540379,13,0.033333333,1.366666667,N4 S1 P1 O1,de-protonated,0,-9999,C30 H41 O1 N4 P1 S1,30,41,1,4,1,1,-9999,N/A,-9999,-9999
3133,537.125753,537.125548984,537.12584844,1413479.5,-9999,216853.5,7.01,-1,-0.557514722,0.945162542,0,0.567097525,11,0.36,1.2,S2 O9,de-protonated,0,-9999,C25 H30 O9 S2,25,30,9,-9999,-9999,2,-9999,N/A,-9999,-9999
3133,537.125753,537.125548984,537.125468317,1413479.5,-9999,216853.5,7.01,-1,0.150182698,0.995915816,0,0.59754949,16,0.222222222,1,N2 S1 P1 O6,de-protonated,0,-9999,C27 H27 O6 N2 P1 S1,27,27,6,2,1,1,-9999,N/A,-9999,-9999
3134,537.161453,537.161248975,537.16136456900006,1502316.3,-9999,195592.1,7.61,-1,-0.215194139,0.991632584,0,0.59497955,11,0.52,1.2,O13,de-protonated,0,-9999,C25 H30 O13,25,30,13,-9999,-9999,-9999,-9999,N/A,-9999,-9999
3134,537.161453,537.161248975,537.160851505,1502316.3,-9999,195592.1,7.61,-1,0.739946464,0.905428538,0,0.543257123,29,0.052631579,0.578947368,N2 O2,de-protonated,0,-9999,C38 H22 O2 N2,38,22,2,2,-9999,-9999,-9999,N/A,-9999,-9999
3134,537.161453,537.161248975,537.16071312,1502316.3,-9999,195592.1,7.61,-1,0.997568679,0.834796381,0,0.500877829,2,0.882352941,2,N2 S1 O15,de-protonated,0,-9999,C17 H34 O15 N2 S1,17,34,15,2,-9999,1,-9999,N/A,-9999,-9999
3134,537.161453,537.161248975,537.161202378,1502316.3,-9999,195592.1,7.61,-1,0.086747428,0.998635509,0,0.599181306,6,0.35,1.75,N4 S2 P1 O7,de-protonated,0,-9999,C20 H35 O7 N4 P1 S2,20,35,7,4,1,2,-9999,N/A,-9999,-9999
3135,537.198741,537.198536966,537.198890784,1514097.3,-9999,176933.7,7.69,-1,-0.658636288,0.924305384,0,0.554583231,23,0.054054054,0.837837838,P1 O2,de-protonated,0,-9999,C37 H31 O2 P1,37,31,2,-9999,1,-9999,-9999,N/A,-9999,-9999
3135,537.198741,537.198536966,537.198619458,1514097.3,-9999,176933.7,7.69,-1,-0.153560565,0.995730427,0,0.597438256,9,0.259259259,1.407407407,S2 O7,de-protonated,0,-9999,C27 H38 O7 S2,27,38,7,-9999,-9999,2,-9999,N/A,-9999,-9999
3135,537.198741,537.198536966,537.198239336,1514097.3,-9999,176933.7,7.69,-1,0.554041273,0.945824918,0,0.567494951,14,0.137931034,1.206896552,N2 S1 P1 O4,de-protonated,0,-9999,C29 H35 O4 N2 P1 S1,29,35,4,2,1,1,-9999,N/A,-9999,-9999
3136,537.269149,537.268944948,537.269356584,1568634.8,-9999,231826.7,8.06,-1,-0.766163245,0.89896472,0,0.539378832,17,0.03030303,1.151515152,N4 S1 O1,de-protonated,0,-9999,C33 H38 O1 N4 S1,33,38,1,4,-9999,1,-9999,N/A,-9999,-9999
3137,539.038242,539.038037506,539.038353587,1663584.6,-9999,235558.7,8.69,-1,-0.586380396,0.939516711,0,0.563710026,31,0.111111111,0.333333333,S1 O4,de-protonated,0,-9999,C36 H12 O4 S1,36,12,4,-9999,-9999,1,-9999,N/A,-9999,-9999
3137,539.038242,539.038037506,539.038486529,1663584.6,-9999,235558.7,8.69,-1,-0.833007781,0.881696312,0,0.529017787,18,0.48,0.68,P1 O12,de-protonated,0,-9999,C25 H17 O12 P1,25,17,12,-9999,1,-9999,-9999,N/A,-9999,-9999
3137,539.038242,539.038037506,539.037702138,1663584.6,-9999,235558.7,8.69,-1,0.622158998,0.932174279,0,0.559304567,22,0.214285714,0.571428571,N2 S2 O6,de-protonated,0,-9999,C28 H16 O6 N2 S2,28,16,6,2,-9999,2,-9999,N/A,-9999,-9999
3137,539.038242,539.038037506,539.03783508,1663584.6,-9999,235558.7,8.69,-1,0.375531017,0.974736075,0,0.584841645,9,0.823529412,1.235294118,N2 S1 P1 O14,de-protonated,0,-9999,C17 H21 O14 N2 P1 S1,17,21,14,2,1,1,-9999,N/A,-9999,-9999
3138,539.056596,539.056391501,539.056111652,1448035,-9999,297069,7.24,-1,0.519146597,0.952273673,0,0.571364204,31,0.166666667,0.333333333,O6,de-protonated,0,-9999,C36 H12 O6,36,12,6,-9999,-9999,-9999,-9999,N/A,-9999,-9999
3138,539.056596,539.056391501,539.056462525,1448035,-9999,297069,7.24,-1,-0.131755723,0.996855084,0,0.598113051,8,0.611111111,1.388888889,N2 S2 P1 O11,de-protonated,0,-9999,C18 H25 O11 N2 P1 S2,18,25,11,2,1,2,-9999,N/A,-9999,-9999
3139,539.177241,539.177036471,539.177014633,1751666.1,-9999,189559.2,9.29,-1,0.04050132,0.999702404,0,0.599821442,10,0.52,1.28,O13,de-protonated,0,-9999,C25 H32 O13,25,32,13,-9999,-9999,-9999,-9999,N/A,-9999,-9999
3139,539.177241,539.177036471,539.176501569,1751666.1,-9999,189559.2,9.29,-1,0.992071482,0.83645475,0,0.50187285,28,0.052631579,0.631578947,N2 O2,de-protonated,0,-9999,C38 H24 O2 N2,38,24,2,2,-9999,-9999,-9999,N/A,-9999,-9999
3139,539.177241,539.177036471,539.177503891,1751666.1,-9999,189559.2,9.29,-1,-0.866912966,0.87252358,0,0.523514148,14,0.178571429,1.178571429,N2 S1 P1 O5,de-protonated,0,-9999,C28 H33 O5 N2 P1 S1,28,33,5,2,1,1,-9999,N/A,-9999,-9999
3139,539.177241,539.177036471,539.176852442,1751666.1,-9999,189559.2,9.29,-1,0.34131419,0.979083907,0,0.587450344,5,0.35,1.85,N4 S2 P1 O7,de-protonated,0,-9999,C20 H37 O7 N4 P1 S2,20,37,7,4,1,2,-9999,N/A,-9999,-9999
3141,540.97649,540.976285021,540.976361728,1872717.8,-9999,209643.7,10.1,-1,-0.141793443,0.996358551,0,0.597815131,27,0.129032258,0.35483871,S2 P1 O4,de-protonated,0,-9999,C31 H11 O4 P1 S2,31,11,4,-9999,1,2,-9999,N/A,-9999,-9999
3141,540.97649,540.976285021,540.976558432,1872717.8,-9999,209643.7,10.1,-1,-0.505403398,0.954709752,0,0.572825851,19,0.476190476,0.476190476,N4 S2 O10,de-protonated,0,-9999,C21 H10 O10 N4 S2,21,10,10,4,-9999,2,-9999,N/A,-9999,-9999
3142,541.053446,541.053241002,541.053352203,3529558.8,-9999,206835.4,21.25,-1,-0.205527493,0.496182312,0.767553728,0.604730879,21,0.214285714,0.642857143,N2 S2 O6,de-protonated,0,-9999,C28 H18 O6 N2 S2,28,18,6,2,-9999,2,-9999,N/A,-9999,-9999
3142,541.053446,541.053241002,541.053485145,3529558.8,-9999,206835.4,21.25,-1,-0.451236478,0.963728601,0,0.578237161,8,0.823529412,1.352941176,N2 S1 P1 O14,de-protonated,0,-9999,C17 H23 O14 N2 P1 S1,17,23,14,2,1,1,-9999,N/A,-9999,-9999
3142,541.053446,541.053241002,541.05297208,3529558.8,-9999,206835.4,21.25,-1,0.497032998,0.478082202,0.755017935,0.588856495,26,0.1,0.5,N4 S1 P1 O3,de-protonated,0,-9999,C30 H15 O3 N4 P1 S1,30,15,3,4,1,1,-9999,N/A,-9999,-9999
3143,541.263392,541.263186949,541.262933793,1949551.5,-9999,175364.6,10.62,-1,0.467713331,0.961084499,0,0.5766507,11,0.193548387,1.35483871,S1 O6,de-protonated,0,-9999,C31 H42 O6 S1,31,42,6,-9999,-9999,1,-9999,N/A,-9999,-9999
3147,543.050741,543.050535502,543.051026271,1689656.8,-9999,214447.6,8.87,-1,-0.903726173,0.862264723,0,0.517358834,30,0.2,0.342857143,O7,de-protonated,0,-9999,C35 H12 O7,35,12,7,-9999,-9999,-9999,-9999,N/A,-9999,-9999
3147,543.050741,543.050535502,543.050374823,1689656.8,-9999,214447.6,8.87,-1,0.29588278,0.984240286,0,0.590544171,21,0.333333333,0.592592593,N2 S1 O9,de-protonated,0,-9999,C27 H16 O9 N2 S1,27,16,9,2,-9999,1,-9999,N/A,-9999,-9999
3147,543.050741,543.050535502,543.05086408,1689656.8,-9999,214447.6,8.87,-1,-0.605059521,0.935730451,0,0.56143827,25,0.033333333,0.566666667,N4 S2 P1 O1,de-protonated,0,-9999,C30 H17 O1 N4 P1 S2,30,17,1,4,1,2,-9999,N/A,-9999,-9999
3147,543.050741,543.050535502,543.0499947,1689656.8,-9999,214447.6,8.87,-1,0.995860012,0.835312472,0,0.501187483,26,0.206896552,0.448275862,N4 P1 O6,de-protonated,0,-9999,C29 H13 O6 N4 P1,29,13,6,4,1,-9999,-9999,N/A,-9999,-9999
3148,543.278899,543.278693445,543.278583858,3017809.3,-9999,183413.5,17.8,-1,0.201714777,0.992644248,0,0.595586549,10,0.193548387,1.419354839,S1 O6,de-protonated,0,-9999,C31 H44 O6 S1,31,44,6,-9999,-9999,1,-9999,N/A,-9999,-9999
3148,543.278899,543.278693445,543.278203735,3017809.3,-9999,183413.5,17.8,-1,0.901397912,0.431461265,0.736963647,0.553662218,15,0.090909091,1.242424242,N2 P1 O3,de-protonated,0,-9999,C33 H41 O3 N2 P1,33,41,3,2,1,-9999,-9999,N/A,-9999,-9999
3150,544.262831,544.262625199,544.262219318,1459896.3,-9999,272448.9,7.32,-1,0.745745003,0.904014322,0,0.542408593,15,0.121212121,1.212121212,N1 P1 O4,de-protonated,0,-9999,C33 H40 O4 N1 P1,33,40,4,1,1,-9999,-9999,N/A,-9999,-9999
3151,545.073153,545.072946996,545.073418943,2025737.4,-9999,178267.4,11.24,-1,-0.865839992,0.872817975,0,0.523690785,19,0.24137931,0.75862069,S2 O7,de-protonated,0,-9999,C29 H22 O7 S2,29,22,7,-9999,-9999,2,-9999,N/A,-9999,-9999
3151,545.073153,545.072946996,545.072549563,2025737.4,-9999,178267.4,11.24,-1,0.729138728,0.908040793,0,0.544824476,20,0.428571429,0.642857143,O12,de-protonated,0,-9999,C28 H18 O12,28,18,12,-9999,-9999,-9999,-9999,N/A,-9999,-9999
3151,545.073153,545.072946996,545.07303882,2025737.4,-9999,178267.4,11.24,-1,-0.168461542,0.99486385,0,0.59691831,24,0.129032258,0.612903226,N2 S1 P1 O4,de-protonated,0,-9999,C31 H19 O4 N2 P1 S1,31,19,4,2,1,1,-9999,N/A,-9999,-9999
3152,545.258387,545.25818095,545.257848413,1681947.5,-9999,169302.7,8.9,-1,0.609871286,0.934738408,0,0.560843045,10,0.233333333,1.4,S1 O7,de-protonated,0,-9999,C30 H42 O7 S1,30,42,7,-9999,-9999,1,-9999,N/A,-9999,-9999
3154,547.070398,547.070191497,547.070441562,2211778,-9999,187141.1,12.5,-1,-0.457099743,0.96279774,0,0.577678644,19,0.357142857,0.714285714,S1 O10,de-protonated,0,-9999,C28 H20 O10 S1,28,20,10,-9999,-9999,1,-9999,N/A,-9999,-9999
3154,547.070398,547.070191497,547.07006144,2211778,-9999,187141.1,12.5,-1,0.237733282,0.989797447,0,0.593878468,24,0.233333333,0.566666667,N2 P1 O7,de-protonated,0,-9999,C30 H17 O7 N2 P1,30,17,7,2,1,-9999,-9999,N/A,-9999,-9999
3154,547.070398,547.070191497,547.06979011400006,2211778,-9999,187141.1,12.5,-1,0.733696009,0.906943057,0,0.544165834,10,0.6,1.2,N2 S2 O12,de-protonated,0,-9999,C20 H24 O12 N2 S2,20,24,12,2,-9999,2,-9999,N/A,-9999,-9999
3155,548.209965,548.209758212,548.209711743,1751073.4,-9999,186607.8,9.37,-1,0.084763487,0.998697168,0,0.599218301,7,0.590909091,1.590909091,N3 O13,de-protonated,0,-9999,C22 H35 O13 N3,22,35,13,3,-9999,-9999,-9999,N/A,-9999,-9999
3156,549.125469,549.125261983,549.12497906,1561704.3,-9999,192126.4,8.08,-1,0.515225104,0.952974811,0,0.571784887,13,0.56,1.04,O14,de-protonated,0,-9999,C25 H26 O14,25,26,14,-9999,-9999,-9999,-9999,N/A,-9999,-9999
3156,549.125469,549.125261983,549.125468317,1561704.3,-9999,192126.4,8.08,-1,-0.375750876,0.974706862,0,0.584824117,17,0.214285714,0.964285714,N2 S1 P1 O6,de-protonated,0,-9999,C28 H27 O6 N2 P1 S1,28,27,6,2,1,1,-9999,N/A,-9999,-9999
3156,549.125469,549.125261983,549.124816868,1561704.3,-9999,192126.4,8.08,-1,0.810588577,0.887611123,0,0.532566674,8,0.4,1.55,N4 S2 P1 O8,de-protonated,0,-9999,C20 H31 O8 N4 P1 S2,20,31,8,4,1,2,-9999,N/A,-9999,-9999
3161,554.992129,554.991920515,554.992011792,1457582.8,-9999,168168.6,7.37,-1,-0.164465258,0.995104051,0,0.597062431,27,0.125,0.40625,S2 P1 O4,de-protonated,0,-9999,C32 H13 O4 P1 S2,32,13,4,-9999,1,2,-9999,N/A,-9999,-9999
3161,554.992129,554.991920515,554.992208497,1457582.8,-9999,168168.6,7.37,-1,-0.51889268,0.952319217,0,0.57139153,19,0.454545455,0.545454545,N4 S2 O10,de-protonated,0,-9999,C22 H12 O10 N4 S2,22,12,10,4,-9999,2,-9999,N/A,-9999,-9999
3162,555.051704,555.0514955,555.051895651,1525680.9,-9999,221022.2,7.83,-1,-0.720925266,0.910005247,0,0.546003148,30,0.054054054,0.432432432,S2 O2,de-protonated,0,-9999,C37 H16 O2 S2,37,16,2,-9999,-9999,2,-9999,N/A,-9999,-9999
3162,555.051704,555.0514955,555.051026271,1525680.9,-9999,221022.2,7.83,-1,0.845379816,0.878380512,0,0.527028307,31,0.194444444,0.333333333,O7,de-protonated,0,-9999,C36 H12 O7,36,12,7,-9999,-9999,-9999,-9999,N/A,-9999,-9999
3162,555.051704,555.0514955,555.052028593,1525680.9,-9999,221022.2,7.83,-1,-0.960437289,0.845881934,0,0.50752916,17,0.384615385,0.807692308,S1 P1 O10,de-protonated,0,-9999,C26 H21 O10 P1 S1,26,21,10,-9999,1,1,-9999,N/A,-9999,-9999
3162,555.051704,555.0514955,555.051377144,1525680.9,-9999,221022.2,7.83,-1,0.213234341,0.991783671,0,0.595070202,8,0.666666667,1.388888889,N2 S2 P1 O12,de-protonated,0,-9999,C18 H25 O12 N2 P1 S2,18,25,12,2,1,2,-9999,N/A,-9999,-9999
3164,556.29928,556.299071188,556.298604827,1805273,-9999,188254.9,9.73,-1,0.838328483,0.880274785,0,0.528164871,15,0.085714286,1.257142857,N1 P1 O3,de-protonated,0,-9999,C35 H44 O3 N1 P1,35,44,3,1,1,-9999,-9999,N/A,-9999,-9999
3167,558.364907,558.364697672,558.364755836,1538439.5,-9999,142188.8,7.92,-1,-0.104169813,0.998032974,0,0.598819784,4,0.310344828,1.827586207,N1 O9,de-protonated,0,-9999,C29 H53 O9 N1,29,53,9,1,-9999,-9999,-9999,N/A,-9999,-9999
3167,558.364907,558.364697672,558.365245094,1538439.5,-9999,142188.8,7.92,-1,-0.980401461,0.839955703,0,0.503973422,8,0.03125,1.6875,N3 S1 P1 O1,de-protonated,0,-9999,C32 H54 O1 N3 P1 S1,32,54,1,3,1,1,-9999,N/A,-9999,-9999
3172,559.067848,559.067638496,559.067939639,1457170,-9999,144980.1,7.37,-1,-0.53865201,0.948715221,0,0.569229133,24,0.151515152,0.606060606,S2 O5,de-protonated,0,-9999,C33 H20 O5 S2,33,20,5,-9999,-9999,2,-9999,N/A,-9999,-9999
3172,559.067848,559.067638496,559.068072581,1457170,-9999,144980.1,7.37,-1,-0.776443551,0.896381668,0,0.537829001,11,0.590909091,1.136363636,S1 P1 O13,de-protonated,0,-9999,C22 H25 O13 P1 S1,22,25,13,-9999,1,1,-9999,N/A,-9999,-9999
3172,559.067848,559.067638496,559.067559516,1457170,-9999,144980.1,7.37,-1,0.141269958,0.996385341,0,0.597831204,29,0.057142857,0.485714286,N2 S1 P1 O2,de-protonated,0,-9999,C35 H17 O2 N2 P1 S1,35,17,2,2,1,1,-9999,N/A,-9999,-9999
3173,559.362948,559.362738422,559.362995989,1471765.6,-9999,151215.8,7.47,-1,-0.460465531,0.962258365,0,0.577355019,4,0.222222222,1.962962963,N4 P1 O6,de-protonated,0,-9999,C27 H53 O6 N4 P1,27,53,6,4,1,-9999,-9999,N/A,-9999,-9999
3176,563.065611,563.065400496,563.065356182,1782815.3,-9999,210602.6,9.58,-1,0.07870135,0.998876756,0,0.599326054,19,0.392857143,0.714285714,S1 O11,de-protonated,0,-9999,C28 H20 O11 S1,28,20,11,-9999,-9999,1,-9999,N/A,-9999,-9999
3176,563.065611,563.065400496,563.065845439,1782815.3,-9999,210602.6,9.58,-1,-0.790215478,0.892879265,0,0.535727559,23,0.096774194,0.677419355,N2 S2 P1 O3,de-protonated,0,-9999,C31 H21 O3 N2 P1 S2,31,21,3,2,1,2,-9999,N/A,-9999,-9999
3176,563.065611,563.065400496,563.064976059,1782815.3,-9999,210602.6,9.58,-1,0.753796705,0.902035987,0,0.541221592,24,0.266666667,0.566666667,N2 P1 O8,de-protonated,0,-9999,C30 H17 O8 N2 P1,30,17,8,2,1,-9999,-9999,N/A,-9999,-9999
3179,565.439797,565.439585902,565.439121055,9805830,-9999,186461,64.09,-1,0.822099574,0.889825987,0.994814287,0.931821307,4,0.117647059,1.852941176,P1 O4,de-protonated,0,-9999,C34 H63 O4 P1,34,63,4,-9999,1,-9999,-9999,N/A,-9999,-9999
3180,566.220924,566.220712707,566.221145807,5103609.5,-9999,187110,32.14,-1,-0.7648965,0.449640566,0.800793265,0.590101646,5,0.391304348,1.782608696,N3 S2 O9,de-protonated,0,-9999,C23 H41 O9 N3 S2,23,41,9,3,-9999,2,-9999,N/A,-9999,-9999
3180,566.220924,566.220712707,566.220276427,5103609.5,-9999,187110,32.14,-1,0.770511612,0.448937718,0.807789663,0.592478496,6,0.636363636,1.681818182,N3 O14,de-protonated,0,-9999,C22 H37 O14 N3,22,37,14,3,-9999,-9999,-9999,N/A,-9999,-9999
3181,566.44313,566.442918651,566.44247589,3701749.5,-9999,185409.8,22.62,-1,0.781652611,0.895062559,0.994814287,0.93496325,4,0.117647059,1.852941176,13C1 P1 O4,de-protonated,1,3179,C33 H63 O4 P1 13C1,33,63,4,-9999,1,-9999,1,N/A,-9999,-9999
3181,566.44313,566.442918651,566.443481615,3701749.5,-9999,185409.8,22.62,-1,-0.99385776,0.417958259,0.73113591,0.54322932,3,0.029411765,1.911764706,N1 S2 O1,de-protonated,0,-9999,C34 H65 O1 N1 S2,34,65,1,1,-9999,2,-9999,N/A,-9999,-9999
3181,566.44313,566.442918651,566.442612236,3701749.5,-9999,185409.8,22.62,-1,0.540947333,0.474144371,0.736963647,0.579272081,4,0.181818182,1.848484848,N1 O6,de-protonated,0,-9999,C33 H61 O6 N1,33,61,6,1,-9999,-9999,-9999,N/A,-9999,-9999
3182,567.43688,567.436668403,567.437013055,2890721.5,-9999,196821.4,17.11,-1,-0.607383648,0.467626067,0.73113591,0.573030004,3,0.058823529,1.911764706,S1 P1 O2,de-protonated,0,-9999,C34 H65 O2 P1 S1,34,65,2,-9999,1,1,-9999,N/A,-9999,-9999
3184,571.112208,571.111995483,571.112187234,1918334.8,-9999,192659.7,10.5,-1,-0.335749941,0.97975342,0,0.587852052,29,0.081081081,0.540540541,N2 S1 O3,de-protonated,0,-9999,C37 H20 O3 N2 S1,37,20,3,2,-9999,1,-9999,N/A,-9999,-9999
3184,571.112208,571.111995483,571.112320176,1918334.8,-9999,192659.7,10.5,-1,-0.568526719,0.943038357,0,0.565823014,16,0.423076923,0.961538462,N2 P1 O11,de-protonated,0,-9999,C26 H25 O11 N2 P1,26,25,11,2,1,-9999,-9999,N/A,-9999,-9999
3184,571.112208,571.111995483,571.111535786,1918334.8,-9999,192659.7,10.5,-1,0.804917722,0.889087832,0,0.533452699,20,0.172413793,0.827586207,N4 S2 O5,de-protonated,0,-9999,C29 H24 O5 N4 S2,29,24,5,4,-9999,2,-9999,N/A,-9999,-9999
3184,571.112208,571.111995483,571.111668727,1918334.8,-9999,192659.7,10.5,-1,0.572140414,0.942333289,0,0.565399973,7,0.722222222,1.611111111,N4 S1 P1 O13,de-protonated,0,-9999,C18 H29 O13 N4 P1 S1,18,29,13,4,1,1,-9999,N/A,-9999,-9999
3189,578.562695,578.56248062,578.563002153,2660970,-9999,206531.3,15.57,-1,-0.901428231,0.431456986,0.719752637,0.546775247,2,0.055555556,2.027777778,N3 O2,de-protonated,0,-9999,C36 H73 O2 N3,36,73,2,3,-9999,-9999,-9999,N/A,-9999,-9999
3193,581.434381,581.434165902,581.434035674,2018805.6,-9999,190394.2,11.2,-1,0.223975846,0.990938896,0,0.594563337,4,0.147058824,1.852941176,P1 O5,de-protonated,0,-9999,C34 H63 O5 P1,34,63,5,-9999,1,-9999,-9999,N/A,-9999,-9999
3195,583.146407,583.146191473,583.146583884,1626801.5,-9999,169984.9,8.54,-1,-0.672919977,0.92112104,0,0.552672624,15,0.266666667,1.066666667,S2 O8,de-protonated,0,-9999,C30 H32 O8 S2,30,32,8,-9999,-9999,2,-9999,N/A,-9999,-9999
3195,583.146407,583.146191473,583.145714505,1626801.5,-9999,169984.9,8.54,-1,0.817924015,0.885689257,0,0.531413554,16,0.448275862,0.965517241,O13,de-protonated,0,-9999,C29 H28 O13,29,28,13,-9999,-9999,-9999,-9999,N/A,-9999,-9999
3195,583.146407,583.146191473,583.146716826,1626801.5,-9999,169984.9,8.54,-1,-0.900892864,0.863065065,0,0.517839039,2,0.842105263,1.947368421,S1 P1 O16,de-protonated,0,-9999,C19 H37 O16 P1 S1,19,37,16,-9999,1,1,-9999,N/A,-9999,-9999
3195,583.146407,583.146191473,583.146203762,1626801.5,-9999,169984.9,8.54,-1,-0.021072702,0.999919429,0,0.599951658,20,0.15625,0.90625,N2 S1 P1 O5,de-protonated,0,-9999,C32 H29 O5 N2 P1 S1,32,29,5,2,1,1,-9999,N/A,-9999,-9999
3196,585.127826,585.127609978,585.127837299,2855270,-9999,184328.1,16.9,-1,-0.388497807,0.486492726,0.70871839,0.575382991,29,0.078947368,0.578947368,N2 S1 O3,de-protonated,0,-9999,C38 H22 O3 N2 S1,38,22,3,2,-9999,1,-9999,N/A,-9999,-9999
3196,585.127826,585.127609978,585.12797024,2855270,-9999,184328.1,16.9,-1,-0.615698839,0.933527847,0,0.560116708,16,0.407407407,1,N2 P1 O11,de-protonated,0,-9999,C27 H27 O11 N2 P1,27,27,11,2,1,-9999,-9999,N/A,-9999,-9999
3196,585.127826,585.127609978,585.127698914,2855270,-9999,184328.1,16.9,-1,-0.151994944,0.995816862,0,0.597490117,2,0.941176471,2,N2 S2 O16,de-protonated,0,-9999,C17 H34 O16 N2 S2,17,34,16,2,-9999,2,-9999,N/A,-9999,-9999
3196,585.127826,585.127609978,585.12718585,2855270,-9999,184328.1,16.9,-1,0.724847193,0.909069467,0,0.54544168,20,0.166666667,0.866666667,N4 S2 O5,de-protonated,0,-9999,C30 H26 O5 N4 S2,30,26,5,4,-9999,2,-9999,N/A,-9999,-9999
3196,585.127826,585.127609978,585.127318792,2855270,-9999,184328.1,16.9,-1,0.497645656,0.956058682,0,0.573635209,7,0.684210526,1.631578947,N4 S1 P1 O13,de-protonated,0,-9999,C19 H31 O13 N4 P1 S1,19,31,13,4,1,1,-9999,N/A,-9999,-9999
3197,585.289489,585.289272937,585.289148542,1476192.1,-9999,162638.7,7.51,-1,0.212537246,0.991837084,0,0.595102251,11,0.212121212,1.393939394,S1 O7,de-protonated,0,-9999,C33 H46 O7 S1,33,46,7,-9999,-9999,1,-9999,N/A,-9999,-9999
3197,585.289489,585.289272937,585.288768419,1476192.1,-9999,162638.7,7.51,-1,0.861998881,0.873869692,0,0.524321815,16,0.114285714,1.228571429,N2 P1 O4,de-protonated,0,-9999,C35 H43 O4 N2 P1,35,43,4,2,1,-9999,-9999,N/A,-9999,-9999
3200,587.124286,587.124069478,587.124011765,1663263.4,-9999,133228.8,8.79,-1,0.098297956,0.99824829,0,0.598948974,28,0.051282051,0.641025641,S1 P1 O2,de-protonated,0,-9999,C39 H25 O2 P1 S1,39,25,2,-9999,1,1,-9999,N/A,-9999,-9999
3200,587.124286,587.124069478,587.123873381,1663263.4,-9999,133228.8,8.79,-1,0.333996844,0.979962173,0,0.587977304,1,0.833333333,2.055555556,S2 P1 O15,de-protonated,0,-9999,C18 H37 O15 P1 S2,18,37,15,-9999,1,2,-9999,N/A,-9999,-9999
3200,587.124286,587.124069478,587.12420847,1663263.4,-9999,133228.8,8.79,-1,-0.23673253,0.989882727,0,0.593929636,20,0.275862069,0.827586207,N4 S1 O8,de-protonated,0,-9999,C29 H24 O8 N4 S1,29,24,8,4,-9999,1,-9999,N/A,-9999,-9999
3200,587.124286,587.124069478,587.124341412,1663263.4,-9999,133228.8,8.79,-1,-0.463161055,0.961823768,0,0.577094261,7,0.888888889,1.611111111,N4 P1 O16,de-protonated,0,-9999,C18 H29 O16 N4 P1,18,29,16,4,1,-9999,-9999,N/A,-9999,-9999
3201,587.305309,587.305092433,587.304798606,1624857.4,-9999,195112.6,8.52,-1,0.500297451,0.955599717,0,0.57335983,10,0.212121212,1.454545455,S1 O7,de-protonated,0,-9999,C33 H48 O7 S1,33,48,7,-9999,-9999,1,-9999,N/A,-9999,-9999
3202,588.924622,588.924405028,588.924916782,1805030.1,-9999,210066,9.75,-1,-0.868962,0.871960645,0,0.523176387,20,0.7,0.3,N4 S2 O14,de-protonated,0,-9999,C20 H6 O14 N4 S2,20,6,14,4,-9999,2,-9999,N/A,-9999,-9999
3203,589.030957,589.030740002,589.030505302,1520867,-9999,128716.9,7.82,-1,0.398450994,0.971603603,0,0.582962162,30,0.138888889,0.416666667,S1 P1 O5,de-protonated,0,-9999,C36 H15 O5 P1 S1,36,15,5,-9999,1,1,-9999,N/A,-9999,-9999
3203,589.030957,589.030740002,589.030702006,1520867,-9999,128716.9,7.82,-1,0.064504788,0.999245301,0,0.599547181,22,0.423076923,0.538461538,N4 S1 O11,de-protonated,0,-9999,C26 H14 O11 N4 S1,26,14,11,4,-9999,1,-9999,N/A,-9999,-9999
3204,592.906891,592.906673032,592.906880479,2559108.5,-9999,172067.8,14.88,-1,-0.34988065,0.978032569,0,0.586819542,19,0.80952381,0.333333333,S1 P1 O17,de-protonated,0,-9999,C21 H7 O17 P1 S1,21,7,17,-9999,1,1,-9999,N/A,-9999,-9999
3205,597.429564,597.429344901,597.429819674,2473046.8,-9999,199171.7,14.3,-1,-0.794692371,0.891730456,0,0.535038274,3,0.028571429,1.914285714,S2 P1 O1,de-protonated,0,-9999,C35 H67 O1 P1 S2,35,67,1,-9999,1,2,-9999,N/A,-9999,-9999
3205,597.429564,597.429344901,597.428950294,2473046.8,-9999,199171.7,14.3,-1,0.660508584,0.923891252,0,0.554334751,4,0.176470588,1.852941176,P1 O6,de-protonated,0,-9999,C34 H63 O6 P1,34,63,6,-9999,1,-9999,-9999,N/A,-9999,-9999
3207,612.158693,612.158470217,612.15901755,1655464.6,-9999,183642,8.64,-1,-0.894103139,0.864975769,0,0.518985461,24,0.026315789,0.842105263,N1 S2 P1 O1,de-protonated,0,-9999,C38 H32 O1 N1 P1 S2,38,32,1,1,1,2,-9999,N/A,-9999,-9999
3207,612.158693,612.158470217,612.15814817,1655464.6,-9999,183642,8.64,-1,0.52608394,0.951021584,0,0.57061295,25,0.162162162,0.756756757,N1 P1 O6,de-protonated,0,-9999,C37 H28 O6 N1 P1,37,28,6,1,1,-9999,-9999,N/A,-9999,-9999
3207,612.158693,612.158470217,612.157876844,1655464.6,-9999,183642,8.64,-1,0.969313233,0.843257083,0,0.50595425,11,0.407407407,1.296296296,N1 S2 O11,de-protonated,0,-9999,C27 H35 O11 N1 S2,27,35,11,1,-9999,2,-9999,N/A,-9999,-9999
3208,612.292247,612.292024184,612.29180537,1427892,-9999,170406.5,7.1,-1,0.35736839,0.977093232,0,0.586255939,12,0.147058824,1.411764706,N1 S1 P1 O5,de-protonated,0,-9999,C34 H48 O5 N1 P1 S1,34,48,5,1,1,1,-9999,N/A,-9999,-9999
3212,625.372702,625.372475912,625.372090321,1420457.1,-9999,170775.3,7.04,-1,0.616578057,0.933344344,0,0.560006606,15,0.073170732,1.317073171,S1 O3,de-protonated,0,-9999,C41 H54 O3 S1,41,54,3,-9999,-9999,1,-9999,N/A,-9999,-9999
3212,625.372702,625.372475912,625.373092643,1420457.1,-9999,170775.3,7.04,-1,-0.986180728,0.8382253,0,0.50293518,1,0.193548387,2.032258065,S2 P1 O6,de-protonated,0,-9999,C31 H63 O6 P1 S2,31,63,6,-9999,1,2,-9999,N/A,-9999,-9999
3212,625.372702,625.372475912,625.372223263,1420457.1,-9999,170775.3,7.04,-1,0.403997761,0.970819226,0,0.582491536,2,0.366666667,1.966666667,P1 O11,de-protonated,0,-9999,C30 H59 O11 P1,30,59,11,-9999,1,-9999,-9999,N/A,-9999,-9999
3215,636.113817,636.113588225,636.113249126,1493816.3,-9999,191178.1,7.53,-1,0.533079602,0.949743839,0,0.569846303,14,0.357142857,1.142857143,N1 S2 P1 O10,de-protonated,0,-9999,C28 H32 O10 N1 P1 S2,28,32,10,1,1,2,-9999,N/A,-9999,-9999
3215,636.113817,636.113588225,636.11409728,1493816.3,-9999,191178.1,7.53,-1,-0.800256078,0.89029579700000006,0,0.534177478,15,0.538461538,1.038461538,N3 S1 O14,de-protonated,0,-9999,C26 H27 O14 N3 S1,26,27,14,3,-9999,1,-9999,N/A,-9999,-9999
3216,646.160028,646.159796713,646.159984845,1837027.4,-9999,197115,9.66,-1,-0.291153663,0.984736203,0,0.590841722,15,0.433333333,1.1,N1 S1 O13,de-protonated,0,-9999,C30 H33 O13 N1 S1,30,33,13,1,-9999,1,-9999,N/A,-9999,-9999
3216,646.160028,646.159796713,646.15947178,1837027.4,-9999,197115,9.66,-1,0.502867199,0.955152837,0,0.573091702,33,0.046511628,0.581395349,N3 S1 O2,de-protonated,0,-9999,C43 H25 O2 N3 S1,43,25,2,3,-9999,1,-9999,N/A,-9999,-9999
3216,646.160028,646.159796713,646.159604722,1837027.4,-9999,197115,9.66,-1,0.297125775,0.984108655,0,0.590465193,20,0.3125,0.9375,N3 P1 O10,de-protonated,0,-9999,C32 H30 O10 N3 P1,32,30,10,3,1,-9999,-9999,N/A,-9999,-9999
3216,646.160028,646.159796713,646.159333396,1837027.4,-9999,197115,9.66,-1,0.717031868,0.910930144,0,0.546558086,6,0.681818182,1.681818182,N3 S2 O15,de-protonated,0,-9999,C22 H37 O15 N3 S2,22,37,15,3,-9999,2,-9999,N/A,-9999,-9999
3217,659.146511,659.146276465,659.146502351,2357783.3,-9999,150020.6,13.09,-1,-0.342695198,0.978916106,0,0.587349664,12,0.703703704,1.185185185,O19,de-protonated,0,-9999,C27 H32 O19,27,32,19,-9999,-9999,-9999,-9999,N/A,-9999,-9999
3217,659.146511,659.146276465,659.146858666,2357783.3,-9999,150020.6,13.09,-1,-0.883265927,0.43400208,0.692787115,0.537516094,29,0.073170732,0.682926829,N2 S2 O3,de-protonated,0,-9999,C41 H28 O3 N2 S2,41,28,3,2,-9999,2,-9999,N/A,-9999,-9999
3217,659.146511,659.146276465,659.145989287,2357783.3,-9999,150020.6,13.09,-1,0.435681797,0.966144045,0,0.579686427,30,0.2,0.6,N2 O8,de-protonated,0,-9999,C40 H24 O8 N2,40,24,8,2,-9999,-9999,-9999,N/A,-9999,-9999
3217,659.146511,659.146276465,659.14634016,2357783.3,-9999,150020.6,13.09,-1,-0.096632579,0.998307093,0,0.598984256,7,0.590909091,1.681818182,N4 S2 P1 O13,de-protonated,0,-9999,C22 H37 O13 N4 P1 S2,22,37,13,4,1,2,-9999,N/A,-9999,-9999
3218,671.268142,671.267904433,671.268413097,37769332,-9999,157859.8,247.35,-1,-0.75776551,0.89937118,0.844721595,0.877511346,18,0.205128205,1.128205128,S1 O8,de-protonated,0,-9999,C39 H44 O8 S1,39,44,8,-9999,-9999,1,-9999,N/A,-9999,-9999
3218,671.268142,671.267904433,671.268546038,37769332,-9999,157859.8,247.35,-1,-0.95581088299999994,0.444311961,0.756713624,0.569272626,5,0.571428571,1.75,P1 O16,de-protonated,0,-9999,C28 H49 O16 P1,28,49,16,-9999,1,-9999,-9999,N/A,-9999,-9999
3218,671.268142,671.267904433,671.268032974,37769332,-9999,157859.8,247.35,-1,-0.19149062,0.992436701,0.928276165,0.966772487,23,0.12195122,1,N2 P1 O5,de-protonated,0,-9999,C41 H41 O5 N2 P1,41,41,5,2,1,-9999,-9999,N/A,-9999,-9999
3218,671.268142,671.267904433,671.267761648,37769332,-9999,157859.8,247.35,-1,0.212708902,0.58767028,0.920826839,0.720932904,9,0.322580645,1.548387097,N2 S2 O10,de-protonated,0,-9999,C31 H48 O10 N2 S2,31,48,10,2,-9999,2,-9999,N/A,-9999,-9999
3218,671.268142,671.267904433,671.267381526,37769332,-9999,157859.8,247.35,-1,0.778984891,0.452646732,0.927220796,0.642476358,14,0.212121212,1.363636364,N4 S1 P1 O7,de-protonated,0,-9999,C33 H45 O7 N4 P1 S1,33,45,7,4,1,1,-9999,N/A,-9999,-9999
3219,672.271445,672.271207182,672.271767932,12407026,-9999,160105.7,79.56,-1,-0.834112172,0.894457975,0.844721595,0.874563423,18,0.205128205,1.128205128,13C1 S1 O8,de-protonated,1,3218,C38 H44 O8 S1 13C1,38,44,8,-9999,-9999,1,1,N/A,-9999,-9999
3219,672.271445,672.271207182,672.270676002,12407026,-9999,160105.7,79.56,-1,0.79012818,0.297633872,0.643094943,0.435818301,22,0.071428571,1.047619048,N1 S1 P1 O3,de-protonated,0,-9999,C42 H44 O3 N1 P1 S1,42,44,3,1,1,1,-9999,N/A,-9999,-9999
3219,672.271445,672.271207182,672.271387809,12407026,-9999,160105.7,79.56,-1,-0.268682481,0.990309361,0.928276165,0.965496083,23,0.12195122,1,13C1 N2 P1 O5,de-protonated,1,3218,C40 H41 O5 N2 P1 13C1,40,41,5,2,1,-9999,1,N/A,-9999,-9999
3219,672.271445,672.271207182,672.271116483,12407026,-9999,160105.7,79.56,-1,0.134913747,0.588646045,0.920826839,0.721518362,9,0.322580645,1.548387097,13C1 N2 S2 O10,de-protonated,1,3218,C30 H48 O10 N2 S2 13C1,30,48,10,2,-9999,2,1,N/A,-9999,-9999
3219,672.271445,672.271207182,672.271524155,12407026,-9999,160105.7,79.56,-1,-0.471495747,0.320155064,0.656222442,0.454582015,23,0.175,0.975,N3 O7,de-protonated,0,-9999,C40 H39 O7 N3,40,39,7,3,-9999,-9999,-9999,N/A,-9999,-9999
3219,672.271445,672.271207182,672.270736361,12407026,-9999,160105.7,79.56,-1,0.700344534,0.457423976,0.927220796,0.645342704,14,0.212121212,1.363636364,13C1 N4 S1 P1 O7,de-protonated,1,3218,C32 H45 O7 N4 P1 S1 13C1,32,45,7,4,1,1,1,N/A,-9999,-9999
3220,673.265087,673.264848933,673.264208926,11813230,-9999,164501.3,75.63,-1,0.950602855,0.886300383,0.844721595,0.869668867,18,0.205128205,1.128205128,34S1 O8,de-protonated,1,3218,C39 H44 O8 34S1,39,44,8,-9999,-9999,-9999,-9999,N/A,-9999,1
3220,673.265087,673.264848933,673.265435717,11813230,-9999,164501.3,75.63,-1,-0.871548337,0.893452865,0.981919633,0.928839572,18,0.289473684,1.105263158,O11,de-protonated,0,-9999,C38 H42 O11,38,42,11,-9999,-9999,-9999,-9999,N/A,-9999,-9999
3220,673.265087,673.264848933,673.264784268,11813230,-9999,164501.3,75.63,-1,0.096047366,0.992627388,0.971780822,0.984288761,9,0.433333333,1.533333333,N2 S1 O13,de-protonated,0,-9999,C30 H46 O13 N2 S1,30,46,13,2,-9999,1,-9999,N/A,-9999,-9999
3220,673.265087,673.264848933,673.264271204,11813230,-9999,164501.3,75.63,-1,0.85810221,0.291644377,0.63665507,0.429648654,27,0.046511628,0.88372093,N4 S1 O2,de-protonated,0,-9999,C43 H38 O2 N4 S1,43,38,2,4,-9999,1,-9999,N/A,-9999,-9999
3220,673.265087,673.264848933,673.265273525,11813230,-9999,164501.3,75.63,-1,-0.630645984,0.631100255,0.938134008,0.753913756,13,0.151515152,1.424242424,N4 S2 P1 O5,de-protonated,0,-9999,C33 H47 O5 N4 P1 S2,33,47,5,4,1,2,-9999,N/A,-9999,-9999
3220,673.265087,673.264848933,673.264404145,11813230,-9999,164501.3,75.63,-1,0.660643614,0.902772606,0.983913722,0.935229053,14,0.3125,1.34375,N4 P1 O10,de-protonated,0,-9999,C32 H43 O10 N4 P1,32,43,10,4,1,-9999,-9999,N/A,-9999,-9999
3221,673.275068,673.274829931,673.274818631,2183535,-9999,184367,11.92,-1,0.016783062,0.499974446,0.653607294,0.561427585,31,0.06122449,0.775510204,O3,de-protonated,0,-9999,C49 H38 O3,49,38,3,-9999,-9999,-9999,-9999,N/A,-9999,-9999
3221,673.275068,673.274829931,673.275122767,2183535,-9999,184367,11.92,-1,-0.434942786,0.915671734,0.844721595,0.887291678,18,0.205128205,1.128205128,13C2 S1 O8,de-protonated,1,3218,C37 H44 O8 S1 13C2,37,44,8,-9999,-9999,1,2,N/A,-9999,-9999
3221,673.275068,673.274829931,673.275255709,2183535,-9999,184367,11.92,-1,-0.632397944,0.465002062,0.756713624,0.581686687,5,0.571428571,1.75,13C2 P1 O16,de-protonated,1,3218,C26 H49 O16 P1 13C2,26,49,16,-9999,1,-9999,2,N/A,-9999,-9999
3221,673.275068,673.274829931,673.274680247,2183535,-9999,184367,11.92,-1,0.2223224,0.991071588,0,0.594642953,4,0.571428571,1.785714286,S1 O16,de-protonated,0,-9999,C28 H50 O16 S1,28,50,16,-9999,-9999,1,-9999,N/A,-9999,-9999
3221,673.275068,673.274829931,673.274742644,2183535,-9999,184367,11.92,-1,0.129644493,0.993632136,0.928276165,0.967489748,23,0.12195122,1,13C2 N2 P1 O5,de-protonated,1,3218,C39 H41 O5 N2 P1 13C2,39,41,5,2,1,-9999,2,N/A,-9999,-9999
3221,673.275068,673.274829931,673.274167182,2183535,-9999,184367,11.92,-1,0.98436614,0.838769327,0,0.503261596,22,0.12195122,1.024390244,N2 S1 O5,de-protonated,0,-9999,C41 H42 O5 N2 S1,41,42,5,2,-9999,1,-9999,N/A,-9999,-9999
3221,673.275068,673.274829931,673.275169504,2183535,-9999,184367,11.92,-1,-0.50436036,0.95489222,0,0.572935332,8,0.258064516,1.64516129,N2 S2 P1 O8,de-protonated,0,-9999,C31 H51 O8 N2 P1 S2,31,51,8,2,1,2,-9999,N/A,-9999,-9999
3221,673.275068,673.274829931,673.274471318,2183535,-9999,184367,11.92,-1,0.532639418,0.579270428,0.920826839,0.715892992,9,0.322580645,1.548387097,13C2 N2 S2 O10,de-protonated,1,3218,C29 H48 O10 N2 S2 13C2,29,48,10,2,-9999,2,2,N/A,-9999,-9999
3221,673.275068,673.274829931,673.274300124,2183535,-9999,184367,11.92,-1,0.786910421,0.89372415,0,0.53623449,9,0.433333333,1.566666667,N2 P1 O13,de-protonated,0,-9999,C30 H47 O13 N2 P1,30,47,13,2,1,-9999,-9999,N/A,-9999,-9999
3222,674.268559,674.268320682,674.268790552,4440554,-9999,159566.5,26.85,-1,-0.69685774,0.915657012,0.981919633,0.94216206,18,0.289473684,1.105263158,13C1 O11,de-protonated,1,3220,C37 H42 O11 13C1,37,42,11,-9999,-9999,-9999,1,N/A,-9999,-9999
3222,674.268559,674.268320682,674.268568001,4440554,-9999,159566.5,26.85,-1,-0.366796314,0.487941771,0.68763467,0.56781893,21,0.023809524,1.095238095,N1 S2 P1 O1,de-protonated,0,-9999,C42 H46 O1 N1 P1 S2,42,46,1,1,1,2,-9999,N/A,-9999,-9999
3222,674.268559,674.268320682,674.267698622,4440554,-9999,159566.5,26.85,-1,0.922572215,0.428448248,0.692787115,0.534183795,22,0.146341463,1.024390244,N1 P1 O6,de-protonated,0,-9999,C41 H42 O6 N1 P1,41,42,6,1,1,-9999,-9999,N/A,-9999,-9999
3222,674.268559,674.268320682,674.268139103,4440554,-9999,159566.5,26.85,-1,0.269298286,0.986927257,0.971780822,0.980868683,9,0.433333333,1.533333333,13C1 N2 S1 O13,de-protonated,1,3220,C29 H46 O13 N2 S1 13C1,29,46,13,2,-9999,1,1,N/A,-9999,-9999
3222,674.268559,674.268320682,674.26862836,4440554,-9999,159566.5,26.85,-1,-0.456313823,0.641948773,0.938134008,0.760422867,13,0.151515152,1.424242424,13C1 N4 S2 P1 O5,de-protonated,1,3220,C32 H47 O5 N4 P1 S2 13C1,32,47,5,4,1,2,1,N/A,-9999,-9999
3222,674.268559,674.268320682,674.26775898,4440554,-9999,159566.5,26.85,-1,0.833054475,0.881683866,0.983913722,0.922575809,14,0.3125,1.34375,13C1 N4 P1 O10,de-protonated,1,3220,C31 H43 O10 N4 P1 13C1,31,43,10,4,1,-9999,1,N/A,-9999,-9999
3223,677.252858,677.252618936,677.251975186,1885018.8,-9999,163341.5,9.94,-1,0.950532291,0.8487921,0,0.50927526,30,0.041666667,0.791666667,S1 O2,de-protonated,0,-9999,C48 H38 O2 S1,48,38,2,-9999,-9999,1,-9999,N/A,-9999,-9999
3223,677.252858,677.252618936,677.252977508,1885018.8,-9999,163341.5,9.94,-1,-0.529450206,0.950408634,0,0.57024518,16,0.131578947,1.236842105,S2 P1 O5,de-protonated,0,-9999,C38 H47 O5 P1 S2,38,47,5,-9999,1,2,-9999,N/A,-9999,-9999
3223,677.252858,677.252618936,677.252108128,1885018.8,-9999,163341.5,9.94,-1,0.754236326,0.901927485,0,0.541156491,17,0.27027027,1.162162162,P1 O10,de-protonated,0,-9999,C37 H43 O10 P1,37,43,10,-9999,1,-9999,-9999,N/A,-9999,-9999
3223,677.252858,677.252618936,677.253174212,1885018.8,-9999,163341.5,9.94,-1,-0.819894597,0.885170734,0,0.53110244,8,0.392857143,1.642857143,N4 S2 O11,de-protonated,0,-9999,C28 H46 O11 N4 S2,28,46,11,4,-9999,2,-9999,N/A,-9999,-9999
3223,677.252858,677.252618936,677.252304832,1885018.8,-9999,163341.5,9.94,-1,0.463791189,0.961721834,0,0.577033101,9,0.592592593,1.555555556,N4 O16,de-protonated,0,-9999,C27 H42 O16 N4,27,42,16,4,-9999,-9999,-9999,N/A,-9999,-9999
3224,692.187209,692.186966201,692.186731901,2043161,-9999,174869.7,10.71,-1,0.338492335,0.489712381,0.653607294,0.555270346,37,0.081632653,0.551020408,N1 O4,de-protonated,0,-9999,C49 H27 O4 N1,49,27,4,1,-9999,-9999,-9999,N/A,-9999,-9999
3224,692.187209,692.186966201,692.186593516,2043161,-9999,174869.7,10.71,-1,0.538415994,0.948758982,0,0.569255389,10,0.607142857,1.392857143,N1 S1 O17,de-protonated,0,-9999,C28 H39 O17 N1 S1,28,39,17,1,-9999,1,-9999,N/A,-9999,-9999
3224,692.187209,692.186966201,692.187082774,2043161,-9999,174869.7,10.71,-1,-0.168412587,0.994866827,0,0.596920096,14,0.290322581,1.290322581,N3 S2 P1 O9,de-protonated,0,-9999,C31 H40 O9 N3 P1 S2,31,40,9,3,1,2,-9999,N/A,-9999,-9999
3225,693.186147,693.185903951,693.18586524,1592750.8,-9999,170017.9,7.8,-1,0.055844015,0.999434303,0,0.599660582,14,0.46875,1.1875,S1 O15,de-protonated,0,-9999,C32 H38 O15 S1,32,38,15,-9999,-9999,1,-9999,N/A,-9999,-9999
3225,693.186147,693.185903951,693.185352176,1592750.8,-9999,170017.9,7.8,-1,0.795998545,0.891394338,0,0.534836603,32,0.088888889,0.666666667,N2 S1 O4,de-protonated,0,-9999,C45 H30 O4 N2 S1,45,30,4,2,-9999,1,-9999,N/A,-9999,-9999
3225,693.186147,693.185903951,693.186354498,1592750.8,-9999,170017.9,7.8,-1,-0.649965287,0.926210376,0,0.555726226,18,0.2,1.114285714,N2 S2 P1 O7,de-protonated,0,-9999,C35 H39 O7 N2 P1 S2,35,39,7,2,1,2,-9999,N/A,-9999,-9999
3225,693.186147,693.185903951,693.185485118,1592750.8,-9999,170017.9,7.8,-1,0.604214617,0.935903942,0,0.561542365,19,0.352941176,1.029411765,N2 P1 O12,de-protonated,0,-9999,C34 H35 O12 N2 P1,34,35,12,2,1,-9999,-9999,N/A,-9999,-9999
3225,693.186147,693.185903951,693.185213792,1592750.8,-9999,170017.9,7.8,-1,0.995634281,0.835380611,0,0.501228366,5,0.708333333,1.75,N2 S2 O17,de-protonated,0,-9999,C24 H42 O17 N2 S2,24,42,17,2,-9999,2,-9999,N/A,-9999,-9999
3226,695.263285,695.263041431,695.26253987,5852400.5,-9999,151526.8,35.29,-1,0.721398187,0.454946313,0.658260696,0.536272066,29,0.0625,0.833333333,S1 O3,de-protonated,0,-9999,C48 H40 O3 S1,48,40,3,-9999,-9999,1,-9999,N/A,-9999,-9999
3226,695.263285,695.263041431,695.263542192,5852400.5,-9999,151526.8,35.29,-1,-0.720245539,0.955080737,0.947258398,0.951951801,15,0.157894737,1.289473684,S2 P1 O6,de-protonated,0,-9999,C38 H49 O6 P1 S2,38,49,6,-9999,1,2,-9999,N/A,-9999,-9999
3226,695.263285,695.263041431,695.262672812,5852400.5,-9999,151526.8,35.29,-1,0.530187251,0.47513698,0.714192896,0.570759346,16,0.297297297,1.216216216,P1 O11,de-protonated,0,-9999,C37 H45 O11 P1,37,45,11,-9999,1,-9999,-9999,N/A,-9999,-9999
3226,695.263285,695.263041431,695.262401486,5852400.5,-9999,151526.8,35.29,-1,0.92043747,0.428754219,0.773979033,0.566844145,2,0.592592593,1.925925926,S2 O16,de-protonated,0,-9999,C27 H52 O16 S2,27,52,16,-9999,-9999,2,-9999,N/A,-9999,-9999
3226,695.263285,695.263041431,695.262869516,5852400.5,-9999,151526.8,35.29,-1,0.247266067,0.91740167,0.987480959,0.945433386,8,0.62962963,1.62962963,N4 O17,de-protonated,0,-9999,C27 H44 O17 N4,27,44,17,4,-9999,-9999,-9999,N/A,-9999,-9999
3227,696.267137,696.26689318,696.266897027,1833361.8,-9999,170309,9.35,-1,-0.005524626,0.999994462,0.947258398,0.978900036,15,0.157894737,1.289473684,13C1 S2 P1 O6,de-protonated,1,3226,C37 H49 O6 P1 S2 13C1,37,49,6,-9999,1,2,1,N/A,-9999,-9999
3227,696.267137,696.26689318,696.267304698,1833361.8,-9999,170309,9.35,-1,-0.591035069,0.938582895,0,0.563149737,29,0.063829787,0.85106383,N1 P1 O3,de-protonated,0,-9999,C47 H40 O3 N1 P1,47,40,3,1,1,-9999,-9999,N/A,-9999,-9999
3227,696.267137,696.26689318,696.267033372,1833361.8,-9999,170309,9.35,-1,-0.201348373,0.992670849,0,0.595602509,15,0.216216216,1.27027027,N1 S2 O8,de-protonated,0,-9999,C37 H47 O8 N1 S2,37,47,8,1,-9999,2,-9999,N/A,-9999,-9999
3227,696.267137,696.26689318,696.267166314,1833361.8,-9999,170309,9.35,-1,-0.392283275,0.972463785,0,0.583478271,2,0.615384615,2,N1 S1 P1 O16,de-protonated,0,-9999,C26 H52 O16 N1 P1 S1,26,52,16,1,1,1,-9999,N/A,-9999,-9999
3227,696.267137,696.26689318,696.26665325,1833361.8,-9999,170309,9.35,-1,0.344595399,0.97868416,0,0.587210496,20,0.128205128,1.128205128,N3 S1 P1 O5,de-protonated,0,-9999,C39 H44 O5 N3 P1 S1,39,44,5,3,1,1,-9999,N/A,-9999,-9999
3227,696.267137,696.26689318,696.266224351,1833361.8,-9999,170309,9.35,-1,0.960593437,0.845835895,0.987480959,0.902493921,8,0.62962963,1.62962963,13C1 N4 O17,de-protonated,1,3226,C26 H44 O17 N4 13C1,26,44,17,4,-9999,-9999,1,N/A,-9999,-9999
3228,697.229535,697.229290939,697.229919587,1477679.6,-9999,148444.5,7.06,-1,-0.901636288,0.862855237,0,0.517713142,20,0.175,1.05,S2 O7,de-protonated,0,-9999,C40 H42 O7 S2,40,42,7,-9999,-9999,2,-9999,N/A,-9999,-9999
3228,697.229535,697.229290939,697.229050207,1477679.6,-9999,148444.5,7.06,-1,0.345269713,0.978601555,0,0.587160933,21,0.307692308,0.974358974,O12,de-protonated,0,-9999,C39 H38 O12,39,38,12,-9999,-9999,-9999,-9999,N/A,-9999,-9999
3228,697.229535,697.229290939,697.229539465,1477679.6,-9999,148444.5,7.06,-1,-0.356446854,0.977209863,0,0.586325918,25,0.095238095,0.928571429,N2 S1 P1 O4,de-protonated,0,-9999,C42 H39 O4 N2 P1 S1,42,39,4,2,1,1,-9999,N/A,-9999,-9999
3228,697.229535,697.229290939,697.228888016,1477679.6,-9999,148444.5,7.06,-1,0.577892584,0.941202869,0,0.564721721,16,0.176470588,1.264705882,N4 S2 P1 O6,de-protonated,0,-9999,C34 H43 O6 N4 P1 S2,34,43,6,4,1,2,-9999,N/A,-9999,-9999
3229,734.159182,734.158928703,734.159411473,1504155.1,-9999,127024.3,7.01,-1,-0.657583088,0.924537906,0,0.554722743,29,0.090909091,0.772727273,N1 S2 P1 O4,de-protonated,0,-9999,C44 H34 O4 N1 P1 S2,44,34,4,1,1,2,-9999,N/A,-9999,-9999
3229,734.159182,734.158928703,734.158542094,1504155.1,-9999,127024.3,7.01,-1,0.526601592,0.950927555,0,0.570556533,30,0.209302326,0.697674419,N1 P1 O9,de-protonated,0,-9999,C43 H30 O9 N1 P1,43,30,9,1,1,-9999,-9999,N/A,-9999,-9999
3229,734.159182,734.158928703,734.158270767,1504155.1,-9999,127024.3,7.01,-1,0.896176265,0.864393453,0,0.518636072,16,0.424242424,1.121212121,N1 S2 O14,de-protonated,0,-9999,C33 H37 O14 N1 S2,33,37,14,1,-9999,2,-9999,N/A,-9999,-9999
3232,773.213495,773.213231934,773.213220695,1698418.5,-9999,178634.8,7.95,-1,0.014536219,0.99996166,0,0.599976996,30,0.125,0.8125,S1 P1 O6,de-protonated,0,-9999,C48 H39 O6 P1 S1,48,39,6,-9999,1,1,-9999,N/A,-9999,-9999
3232,773.213495,773.213231934,773.21308231,1698418.5,-9999,178634.8,7.95,-1,0.193509435,0.993228521,0,0.595937113,3,0.703703704,1.888888889,S2 P1 O19,de-protonated,0,-9999,C27 H51 O19 P1 S2,27,51,19,-9999,1,2,-9999,N/A,-9999,-9999
3232,773.213495,773.213231934,773.212569246,1698418.5,-9999,178634.8,7.95,-1,0.857058334,0.875217415,0,0.525130449,21,0.2,1.075,N2 S2 P1 O8,de-protonated,0,-9999,C40 H43 O8 N2 P1 S2,40,43,8,2,1,2,-9999,N/A,-9999,-9999
3232,773.213495,773.213231934,773.213930464,1698418.5,-9999,178634.8,7.95,-1,-0.903409931,0.862354142,0,0.517412485,4,0.92,1.84,N2 S1 O23,de-protonated,0,-9999,C25 H46 O23 N2 S1,25,46,23,2,-9999,1,-9999,N/A,-9999,-9999
3232,773.213495,773.213231934,773.213417399,1698418.5,-9999,178634.8,7.95,-1,-0.239862487,0.989614831,0,0.593768899,22,0.315789474,1,N4 S1 O12,de-protonated,0,-9999,C38 H38 O12 N4 S1,38,38,12,4,-9999,1,-9999,N/A,-9999,-9999
3232,773.213495,773.213231934,773.213550341,1698418.5,-9999,178634.8,7.95,-1,-0.411796487,0.969699155,0,0.581819493,9,0.740740741,1.592592593,N4 P1 O20,de-protonated,0,-9999,C27 H43 O20 N4 P1,27,43,20,4,1,-9999,-9999,N/A,-9999,-9999
3233,774.211198,774.210934685,774.210838649,1550081.6,-9999,161095,7.04,-1,0.124043903,0.997211963,0,0.598327178,39,0.055555556,0.611111111,N1 S1 O3,de-protonated,0,-9999,C54 H33 O3 N1 S1,54,33,3,1,-9999,1,-9999,N/A,-9999,-9999
3233,774.211198,774.210934685,774.210971591,1550081.6,-9999,161095,7.04,-1,-0.047668655,0.999587779,0,0.599752667,26,0.255813953,0.88372093,N1 P1 O11,de-protonated,0,-9999,C43 H38 O11 N1 P1,43,38,11,1,1,-9999,-9999,N/A,-9999,-9999
3233,774.211198,774.210934685,774.210700264,1550081.6,-9999,161095,7.04,-1,0.302786521,0.983502443,0,0.590101466,12,0.484848485,1.363636364,N1 S2 O16,de-protonated,0,-9999,C33 H45 O16 N1 S2,33,45,16,1,-9999,2,-9999,N/A,-9999,-9999
3233,774.211198,774.210934685,774.2101872,1550081.6,-9999,161095,7.04,-1,0.965480469,0.844392493,0,0.506635496,30,0.108695652,0.804347826,N3 S2 O5,de-protonated,0,-9999,C46 H37 O5 N3 S2,46,37,5,3,-9999,2,-9999,N/A,-9999,-9999
3233,774.211198,774.210934685,774.210320142,1550081.6,-9999,161095,7.04,-1,0.793767622,0.891968165,0,0.535180899,17,0.371428571,1.2,N3 S1 P1 O13,de-protonated,0,-9999,C35 H42 O13 N3 P1 S1,35,42,13,3,1,1,-9999,N/A,-9999,-9999
3234,805.211501,805.211229931,805.211292143,1727972.6,-9999,149649,8.11,-1,-0.077260795,0.998917477,0,0.599350486,30,0.208333333,0.791666667,S1 O10,de-protonated,0,-9999,C48 H38 O10 S1,48,38,10,-9999,-9999,1,-9999,N/A,-9999,-9999
3234,805.211501,805.211229931,805.211425084,1727972.6,-9999,149649,8.11,-1,-0.242362426,0.989398384,0,0.59363903,17,0.486486486,1.162162162,P1 O18,de-protonated,0,-9999,C37 H43 O18 P1,37,43,18,-9999,1,-9999,-9999,N/A,-9999,-9999
3234,805.211501,805.211229931,805.211153758,1727972.6,-9999,149649,8.11,-1,0.094600236,0.998377496,0,0.599026498,3,0.851851852,1.851851852,S2 O23,de-protonated,0,-9999,C27 H50 O23 S2,27,50,23,-9999,-9999,2,-9999,N/A,-9999,-9999
3234,805.211501,805.211229931,805.2117814,1727972.6,-9999,149649,8.11,-1,-0.684874001,0.918412226,0,0.551047336,34,0.039215686,0.764705882,N2 S2 P1 O2,de-protonated,0,-9999,C51 H39 O2 N2 P1 S2,51,39,2,2,1,2,-9999,N/A,-9999,-9999
3234,805.211501,805.211229931,805.21091202,1727972.6,-9999,149649,8.11,-1,0.394817371,0.972111899,0,0.58326714,35,0.14,0.7,N2 P1 O7,de-protonated,0,-9999,C50 H35 O7 N2 P1,50,35,7,2,1,-9999,-9999,N/A,-9999,-9999
3234,805.211501,805.211229931,805.210640694,1727972.6,-9999,149649,8.11,-1,0.731780463,0.907405136,0,0.544443082,21,0.3,1.05,N2 S2 O12,de-protonated,0,-9999,C40 H42 O12 N2 S2,40,42,12,2,-9999,2,-9999,N/A,-9999,-9999
3234,805.211501,805.211229931,805.210773636,1727972.6,-9999,149649,8.11,-1,0.566678564,0.943397427,0,0.566038456,8,0.689655172,1.620689655,N2 S1 P1 O20,de-protonated,0,-9999,C29 H47 O20 N2 P1 S1,29,47,20,2,1,1,-9999,N/A,-9999,-9999
3234,805.211501,805.211229931,805.211621789,1727972.6,-9999,149649,8.11,-1,-0.486651551,0.957937787,0,0.574762672,9,0.888888889,1.555555556,N4 O24,de-protonated,0,-9999,C27 H42 O24 N4,27,42,24,4,-9999,-9999,-9999,N/A,-9999,-9999
3235,845.232609,845.232327921,845.231848139,1567886.6,-9999,94995.4,7.03,-1,0.567633383,0.943212048,0,0.565927229,35,0.054545455,0.781818182,S2 P1 O3,de-protonated,0,-9999,C55 H43 O3 P1 S2,55,43,3,-9999,1,2,-9999,N/A,-9999,-9999
3235,845.232609,845.232327921,845.232696293,1567886.6,-9999,94995.4,7.03,-1,-0.435822417,0.966122562,0,0.579673537,36,0.132075472,0.716981132,N2 S1 O7,de-protonated,0,-9999,C53 H38 O7 N2 S1,53,38,7,2,-9999,1,-9999,N/A,-9999,-9999
3235,845.232609,845.232327921,845.232829234,1567886.6,-9999,94995.4,7.03,-1,-0.593106502,0.938165252,0,0.562899151,23,0.357142857,1.023809524,N2 P1 O15,de-protonated,0,-9999,C42 H43 O15 N2 P1,42,43,15,2,1,-9999,-9999,N/A,-9999,-9999
3235,845.232609,845.232327921,845.232557908,1567886.6,-9999,94995.4,7.03,-1,-0.272098992,0.986655762,0,0.591993457,9,0.625,1.5625,N2 S2 O20,de-protonated,0,-9999,C32 H50 O20 N2 S2,32,50,20,2,-9999,2,-9999,N/A,-9999,-9999
3235,845.232609,845.232327921,845.231688528,1567886.6,-9999,94995.4,7.03,-1,0.756470624,0.901375262,0,0.540825157,10,0.806451613,1.483870968,N2 O25,de-protonated,0,-9999,C31 H46 O25 N2,31,46,25,2,-9999,-9999,-9999,N/A,-9999,-9999
3235,845.232609,845.232327921,845.232044844,1567886.6,-9999,94995.4,7.03,-1,0.33491078,0.979853475,0,0.587912085,27,0.2,0.933333333,N4 S2 O9,de-protonated,0,-9999,C45 H42 O9 N4 S2,45,42,9,4,-9999,2,-9999,N/A,-9999,-9999
3235,845.232609,845.232327921,845.232177786,1567886.6,-9999,94995.4,7.03,-1,0.177626452,0.99429144,0,0.596574864,14,0.5,1.382352941,N4 S1 P1 O17,de-protonated,0,-9999,C34 H47 O17 N4 P1 S1,34,47,17,4,1,1,-9999,N/A,-9999,-9999
3236,871.996989,871.996701227,871.996423761,1595296.1,-9999,87033.9,7.15,-1,0.318196452,0.981796232,0,0.589077739,30,0.526315789,0.526315789,N1 S1 P1 O20,de-protonated,0,-9999,C38 H20 O20 N1 P1 S1,38,20,20,1,1,1,-9999,N/A,-9999,-9999
3236,871.996989,871.996701227,871.997271914,1595296.1,-9999,87033.9,7.15,-1,-0.654459618,0.925225647,0,0.555135388,31,0.666666667,0.416666667,N3 O24,de-protonated,0,-9999,C36 H15 O24 N3,36,15,24,3,-9999,-9999,-9999,N/A,-9999,-9999
3237,877.207687,877.207397924,877.207782455,1639775.9,-9999,105076.7,7.42,-1,-0.438357891,0.96573409,0,0.579440454,14,0.638888889,1.277777778,S1 O23,de-protonated,0,-9999,C36 H46 O23 S1,36,46,23,-9999,-9999,1,-9999,N/A,-9999,-9999
3237,877.207687,877.207397924,877.207269391,1639775.9,-9999,105076.7,7.42,-1,0.146525571,0.996111922,0,0.597667153,32,0.244897959,0.775510204,N2 S1 O12,de-protonated,0,-9999,C49 H38 O12 N2 S1,49,38,12,2,-9999,1,-9999,N/A,-9999,-9999
3237,877.207687,877.207397924,877.208271712,1639775.9,-9999,105076.7,7.42,-1,-0.996101304,0.835239626,0,0.501143776,18,0.384615385,1.205128205,N2 S2 P1 O15,de-protonated,0,-9999,C39 H47 O15 N2 P1 S2,39,47,15,2,1,2,-9999,N/A,-9999,-9999
3237,877.207687,877.207397924,877.207402332,1639775.9,-9999,105076.7,7.42,-1,-0.005025532,0.999995417,0,0.59999725,19,0.526315789,1.131578947,N2 P1 O20,de-protonated,0,-9999,C38 H43 O20 N2 P1,38,43,20,2,1,-9999,-9999,N/A,-9999,-9999
3237,877.207687,877.207397924,877.207131006,1639775.9,-9999,105076.7,7.42,-1,0.3042813,0.98334052,0,0.590004312,5,0.892857143,1.785714286,N2 S2 O25,de-protonated,0,-9999,C28 H50 O25 N2 S2,28,50,25,2,-9999,2,-9999,N/A,-9999,-9999
3237,877.207687,877.207397924,877.207758648,1639775.9,-9999,105076.7,7.42,-1,-0.411218494,0.969782857,0,0.581869714,36,0.076923077,0.75,N4 S2 P1 O4,de-protonated,0,-9999,C52 H39 O4 N4 P1 S2,52,39,4,4,1,2,-9999,N/A,-9999,-9999
3237,877.207687,877.207397924,877.206889268,1639775.9,-9999,105076.7,7.42,-1,0.579858438,0.940814259,0,0.564488555,37,0.176470588,0.68627451,N4 P1 O9,de-protonated,0,-9999,C51 H35 O9 N4 P1,51,35,9,4,1,-9999,-9999,N/A,-9999,-9999
3237,877.207687,877.207397924,877.206617942,1639775.9,-9999,105076.7,7.42,-1,0.889165631,0.866358791,0,0.519815275,23,0.341463415,1.024390244,N4 S2 O14,de-protonated,0,-9999,C41 H42 O14 N4 S2,41,42,14,4,-9999,2,-9999,N/A,-9999,-9999
3237,877.207687,877.207397924,877.206750884,1639775.9,-9999,105076.7,7.42,-1,0.737614303,0.90599484,0,0.543596904,10,0.733333333,1.566666667,N4 S1 P1 O22,de-protonated,0,-9999,C30 H47 O22 N4 P1 S1,30,47,22,4,1,1,-9999,N/A,-9999,-9999
0,98.833343,98.833248608,-9999,2184780.5,-9999,1070753.9,17.75,-1,-9999,-9999,-9999,-9999,-9999,-9999,-9999,unassigned,N/A,-9999,-9999,N/A,-9999,-9999,-9999,-9999,-9999,-9999,-9999,N/A,-9999,-9999
1,105.568513,105.568416924,-9999,1047480.8,-9999,744829.1,7.2,-1,-9999,-9999,-9999,-9999,-9999,-9999,-9999,unassigned,N/A,-9999,-9999,N/A,-9999,-9999,-9999,-9999,-9999,-9999,-9999,N/A,-9999,-9999
2,107.492072,107.491975442,-9999,1032989,-9999,801767.7,7.07,-1,-9999,-9999,-9999,-9999,-9999,-9999,-9999,unassigned,N/A,-9999,-9999,N/A,-9999,-9999,-9999,-9999,-9999,-9999,-9999,N/A,-9999,-9999
3,107.88132,107.881223345,-9999,1063581.6,-9999,1020530.6,7.35,-1,-9999,-9999,-9999,-9999,-9999,-9999,-9999,unassigned,N/A,-9999,-9999,N/A,-9999,-9999,-9999,-9999,-9999,-9999,-9999,N/A,-9999,-9999
4,108.148826,108.148729278,-9999,1300213.8,-9999,702216.2,9.54,-1,-9999,-9999,-9999,-9999,-9999,-9999,-9999,unassigned,N/A,-9999,-9999,N/A,-9999,-9999,-9999,-9999,-9999,-9999,-9999,N/A,-9999,-9999
5,108.300634,108.30053724,-9999,1040244.7,-9999,981279,7.13,-1,-9999,-9999,-9999,-9999,-9999,-9999,-9999,unassigned,N/A,-9999,-9999,N/A,-9999,-9999,-9999,-9999,-9999,-9999,-9999,N/A,-9999,-9999
6,109.360717,109.360619975,-9999,1169227.1,-9999,954663.3,8.33,-1,-9999,-9999,-9999,-9999,-9999,-9999,-9999,unassigned,N/A,-9999,-9999,N/A,-9999,-9999,-9999,-9999,-9999,-9999,-9999,N/A,-9999,-9999
7,110.865111,110.865013599,-9999,1033006.6,-9999,1086241.9,7.07,-1,-9999,-9999,-9999,-9999,-9999,-9999,-9999,unassigned,N/A,-9999,-9999,N/A,-9999,-9999,-9999,-9999,-9999,-9999,-9999,N/A,-9999,-9999
8,111.555746,111.555648426,-9999,1086969.5,-9999,728143.5,7.57,-1,-9999,-9999,-9999,-9999,-9999,-9999,-9999,unassigned,N/A,-9999,-9999,N/A,-9999,-9999,-9999,-9999,-9999,-9999,-9999,N/A,-9999,-9999
9,111.565352,111.565254424,-9999,1092621.1,-9999,932570.5,7.62,-1,-9999,-9999,-9999,-9999,-9999,-9999,-9999,unassigned,N/A,-9999,-9999,N/A,-9999,-9999,-9999,-9999,-9999,-9999,-9999,N/A,-9999,-9999
10,111.569534,111.569436423,-9999,1140722.9,-9999,605985.1,8.07,-1,-9999,-9999,-9999,-9999,-9999,-9999,-9999,unassigned,N/A,-9999,-9999,N/A,-9999,-9999,-9999,-9999,-9999,-9999,-9999,N/A,-9999,-9999
11,111.575394,111.575296421,-9999,1090724.6,-9999,962541.6,7.6,-1,-9999,-9999,-9999,-9999,-9999,-9999,-9999,unassigned,N/A,-9999,-9999,N/A,-9999,-9999,-9999,-9999,-9999,-9999,-9999,N/A,-9999,-9999
12,111.62096,111.62086241,-9999,1059958.5,-9999,1022143.7,7.32,-1,-9999,-9999,-9999,-9999,-9999,-9999,-9999,unassigned,N/A,-9999,-9999,N/A,-9999,-9999,-9999,-9999,-9999,-9999,-9999,N/A,-9999,-9999
13,111.62334,111.623242409,-9999,1070094.5,-9999,559877.8,7.41,-1,-9999,-9999,-9999,-9999,-9999,-9999,-9999,unassigned,N/A,-9999,-9999,N/A,-9999,-9999,-9999,-9999,-9999,-9999,-9999,N/A,-9999,-9999
14,111.635981,111.635883406,-9999,1034021.9,-9999,856427.4,7.08,-1,-9999,-9999,-9999,-9999,-9999,-9999,-9999,unassigned,N/A,-9999,-9999,N/A,-9999,-9999,-9999,-9999,-9999,-9999,-9999,N/A,-9999,-9999
15,111.652353,111.652255402,-9999,1047881.1,-9999,777032.7,7.21,-1,-9999,-9999,-9999,-9999,-9999,-9999,-9999,unassigned,N/A,-9999,-9999,N/A,-9999,-9999,-9999,-9999,-9999,-9999,-9999,N/A,-9999,-9999
16,111.67967,111.679572395,-9999,1334275.9,-9999,573141.4,9.86,-1,-9999,-9999,-9999,-9999,-9999,-9999,-9999,unassigned,N/A,-9999,-9999,N/A,-9999,-9999,-9999,-9999,-9999,-9999,-9999,N/A,-9999,-9999
17,111.688805,111.688707393,-9999,1056895.5,-9999,803007.3,7.29,-1,-9999,-9999,-9999,-9999,-9999,-9999,-9999,unassigned,N/A,-9999,-9999,N/A,-9999,-9999,-9999,-9999,-9999,-9999,-9999,N/A,-9999,-9999
18,111.696989,111.696891391,-9999,1178367.1,-9999,881825.4,8.42,-1,-9999,-9999,-9999,-9999,-9999,-9999,-9999,unassigned,N/A,-9999,-9999,N/A,-9999,-9999,-9999,-9999,-9999,-9999,-9999,N/A,-9999,-9999
19,111.713483,111.713385387,-9999,1051946.4,-9999,800332.2,7.24,-1,-9999,-9999,-9999,-9999,-9999,-9999,-9999,unassigned,N/A,-9999,-9999,N/A,-9999,-9999,-9999,-9999,-9999,-9999,-9999,N/A,-9999,-9999
20,111.716363,111.716265386,-9999,1159242.3,-9999,716481.6,8.24,-1,-9999,-9999,-9999,-9999,-9999,-9999,-9999,unassigned,N/A,-9999,-9999,N/A,-9999,-9999,-9999,-9999,-9999,-9999,-9999,N/A,-9999,-9999
21,111.719767,111.719669385,-9999,1037046.1,-9999,844523,7.1,-1,-9999,-9999,-9999,-9999,-9999,-9999,-9999,unassigned,N/A,-9999,-9999,N/A,-9999,-9999,-9999,-9999,-9999,-9999,-9999,N/A,-9999,-9999
22,111.730001,111.729903382,-9999,1153201.6,-9999,739219.2,8.18,-1,-9999,-9999,-9999,-9999,-9999,-9999,-9999,unassigned,N/A,-9999,-9999,N/A,-9999,-9999,-9999,-9999,-9999,-9999,-9999,N/A,-9999,-9999
23,111.738646,111.73854838,-9999,1113129.3,-9999,883520.5,7.81,-1,-9999,-9999,-9999,-9999,-9999,-9999,-9999,unassigned,N/A,-9999,-9999,N/A,-9999,-9999,-9999,-9999,-9999,-9999,-9999,N/A,-9999,-9999
24,111.779865,111.77976737,-9999,1229347.5,-9999,841842.8,8.89,-1,-9999,-9999,-9999,-9999,-9999,-9999,-9999,unassigned,N/A,-9999,-9999,N/A,-9999,-9999,-9999,-9999,-9999,-9999,-9999,N/A,-9999,-9999
25,111.79346,111.793362367,-9999,1101210.9,-9999,788396.7,7.7,-1,-9999,-9999,-9999,-9999,-9999,-9999,-9999,unassigned,N/A,-9999,-9999,N/A,-9999,-9999,-9999,-9999,-9999,-9999,-9999,N/A,-9999,-9999
26,111.797905,111.797807365,-9999,1143238.6,-9999,816005.6,8.09,-1,-9999,-9999,-9999,-9999,-9999,-9999,-9999,unassigned,N/A,-9999,-9999,N/A,-9999,-9999,-9999,-9999,-9999,-9999,-9999,N/A,-9999,-9999
27,111.799177,111.799079365,-9999,1077902.6,-9999,758563.9,7.48,-1,-9999,-9999,-9999,-9999,-9999,-9999,-9999,unassigned,N/A,-9999,-9999,N/A,-9999,-9999,-9999,-9999,-9999,-9999,-9999,N/A,-9999,-9999
28,111.812581,111.812483362,-9999,1079122,-9999,867933.6,7.5,-1,-9999,-9999,-9999,-9999,-9999,-9999,-9999,unassigned,N/A,-9999,-9999,N/A,-9999,-9999,-9999,-9999,-9999,-9999,-9999,N/A,-9999,-9999
29,111.996843,111.996745316,-9999,1101862,-9999,802365.3,7.71,-1,-9999,-9999,-9999,-9999,-9999,-9999,-9999,unassigned,N/A,-9999,-9999,N/A,-9999,-9999,-9999,-9999,-9999,-9999,-9999,N/A,-9999,-9999
30,112.026109,112.026011308,-9999,1039708.8,-9999,894751.6,7.13,-1,-9999,-9999,-9999,-9999,-9999,-9999,-9999,unassigned,N/A,-9999,-9999,N/A,-9999,-9999,-9999,-9999,-9999,-9999,-9999,N/A,-9999,-9999
31,112.285322,112.285224244,-9999,1157190,-9999,935208.4,8.22,-1,-9999,-9999,-9999,-9999,-9999,-9999,-9999,unassigned,N/A,-9999,-9999,N/A,-9999,-9999,-9999,-9999,-9999,-9999,-9999,N/A,-9999,-9999
32,112.321494,112.321396235,-9999,1034236.6,-9999,972451.9,7.08,-1,-9999,-9999,-9999,-9999,-9999,-9999,-9999,unassigned,N/A,-9999,-9999,N/A,-9999,-9999,-9999,-9999,-9999,-9999,-9999,N/A,-9999,-9999
33,114.093965,114.093866791,-9999,1115791,-9999,844699.2,7.84,-1,-9999,-9999,-9999,-9999,-9999,-9999,-9999,unassigned,N/A,-9999,-9999,N/A,-9999,-9999,-9999,-9999,-9999,-9999,-9999,N/A,-9999,-9999
34,114.319101,114.319002735,-9999,1050069.9,-9999,840925.3,7.23,-1,-9999,-9999,-9999,-9999,-9999,-9999,-9999,unassigned,N/A,-9999,-9999,N/A,-9999,-9999,-9999,-9999,-9999,-9999,-9999,N/A,-9999,-9999
35,114.328795,114.328696732,-9999,1088909.6,-9999,942395,7.59,-1,-9999,-9999,-9999,-9999,-9999,-9999,-9999,unassigned,N/A,-9999,-9999,N/A,-9999,-9999,-9999,-9999,-9999,-9999,-9999,N/A,-9999,-9999
36,114.59464,114.594541666,-9999,1042672.4,-9999,988827.1,7.16,-1,-9999,-9999,-9999,-9999,-9999,-9999,-9999,unassigned,N/A,-9999,-9999,N/A,-9999,-9999,-9999,-9999,-9999,-9999,-9999,N/A,-9999,-9999
37,114.736472,114.73637363,-9999,1037689.8,-9999,803327.2,7.11,-1,-9999,-9999,-9999,-9999,-9999,-9999,-9999,unassigned,N/A,-9999,-9999,N/A,-9999,-9999,-9999,-9999,-9999,-9999,-9999,N/A,-9999,-9999
38,114.752124,114.752025627,-9999,1060925.6,-9999,1092698.8,7.33,-1,-9999,-9999,-9999,-9999,-9999,-9999,-9999,unassigned,N/A,-9999,-9999,N/A,-9999,-9999,-9999,-9999,-9999,-9999,-9999,N/A,-9999,-9999
39,114.89653,114.89643159,-9999,1124763.3,-9999,856756.3,7.92,-1,-9999,-9999,-9999,-9999,-9999,-9999,-9999,unassigned,N/A,-9999,-9999,N/A,-9999,-9999,-9999,-9999,-9999,-9999,-9999,N/A,-9999,-9999
40,115.042694,115.042595554,-9999,1070421.3,-9999,763295.1,7.42,-1,-9999,-9999,-9999,-9999,-9999,-9999,-9999,unassigned,N/A,-9999,-9999,N/A,-9999,-9999,-9999,-9999,-9999,-9999,-9999,N/A,-9999,-9999
41,115.27743100000001,115.277332495,-9999,1092334.4,-9999,798921.8,7.62,-1,-9999,-9999,-9999,-9999,-9999,-9999,-9999,unassigned,N/A,-9999,-9999,N/A,-9999,-9999,-9999,-9999,-9999,-9999,-9999,N/A,-9999,-9999
42,115.426938,115.426839458,-9999,1028836.9,-9999,1039159.1,7.03,-1,-9999,-9999,-9999,-9999,-9999,-9999,-9999,unassigned,N/A,-9999,-9999,N/A,-9999,-9999,-9999,-9999,-9999,-9999,-9999,N/A,-9999,-9999
43,115.510105,115.510006437,-9999,1060224.3,-9999,658277.5,7.32,-1,-9999,-9999,-9999,-9999,-9999,-9999,-9999,unassigned,N/A,-9999,-9999,N/A,-9999,-9999,-9999,-9999,-9999,-9999,-9999,N/A,-9999,-9999
45,116.640747,116.640648154,-9999,1026500.1,-9999,850417.8,7.01,-1,-9999,-9999,-9999,-9999,-9999,-9999,-9999,unassigned,N/A,-9999,-9999,N/A,-9999,-9999,-9999,-9999,-9999,-9999,-9999,N/A,-9999,-9999
46,117.449537,117.449437952,-9999,1094463.1,-9999,729758.6,7.64,-1,-9999,-9999,-9999,-9999,-9999,-9999,-9999,unassigned,N/A,-9999,-9999,N/A,-9999,-9999,-9999,-9999,-9999,-9999,-9999,N/A,-9999,-9999
47,118.066177,118.066077798,-9999,1075142.3,-9999,670064.1,7.46,-1,-9999,-9999,-9999,-9999,-9999,-9999,-9999,unassigned,N/A,-9999,-9999,N/A,-9999,-9999,-9999,-9999,-9999,-9999,-9999,N/A,-9999,-9999
48,118.402364,118.402264714,-9999,1049561.1,-9999,726747.6,7.22,-1,-9999,-9999,-9999,-9999,-9999,-9999,-9999,unassigned,N/A,-9999,-9999,N/A,-9999,-9999,-9999,-9999,-9999,-9999,-9999,N/A,-9999,-9999
49,119.057728,119.05762855,-9999,1056724,-9999,676620,7.29,-1,-9999,-9999,-9999,-9999,-9999,-9999,-9999,unassigned,N/A,-9999,-9999,N/A,-9999,-9999,-9999,-9999,-9999,-9999,-9999,N/A,-9999,-9999
50,119.241122,119.241022504,-9999,1118332.9,-9999,749299.9,7.86,-1,-9999,-9999,-9999,-9999,-9999,-9999,-9999,unassigned,N/A,-9999,-9999,N/A,-9999,-9999,-9999,-9999,-9999,-9999,-9999,N/A,-9999,-9999
51,119.369712,119.369612472,-9999,1052339.5,-9999,864168.7,7.25,-1,-9999,-9999,-9999,-9999,-9999,-9999,-9999,unassigned,N/A,-9999,-9999,N/A,-9999,-9999,-9999,-9999,-9999,-9999,-9999,N/A,-9999,-9999
52,119.438251,119.438151455,-9999,1038191.1,-9999,617441.7,7.12,-1,-9999,-9999,-9999,-9999,-9999,-9999,-9999,unassigned,N/A,-9999,-9999,N/A,-9999,-9999,-9999,-9999,-9999,-9999,-9999,N/A,-9999,-9999
53,119.908406,119.908306337,-9999,1040530.4,-9999,723735.1,7.14,-1,-9999,-9999,-9999,-9999,-9999,-9999,-9999,unassigned,N/A,-9999,-9999,N/A,-9999,-9999,-9999,-9999,-9999,-9999,-9999,N/A,-9999,-9999
54,120.847794,120.847694102,-9999,1071702,-9999,796209.4,7.43,-1,-9999,-9999,-9999,-9999,-9999,-9999,-9999,unassigned,N/A,-9999,-9999,N/A,-9999,-9999,-9999,-9999,-9999,-9999,-9999,N/A,-9999,-9999
55,120.919988,120.919888084,-9999,1134747.9,-9999,726939.6,8.01,-1,-9999,-9999,-9999,-9999,-9999,-9999,-9999,unassigned,N/A,-9999,-9999,N/A,-9999,-9999,-9999,-9999,-9999,-9999,-9999,N/A,-9999,-9999
56,122.242076,122.241975753,-9999,1076796.4,-9999,913003.2,7.47,-1,-9999,-9999,-9999,-9999,-9999,-9999,-9999,unassigned,N/A,-9999,-9999,N/A,-9999,-9999,-9999,-9999,-9999,-9999,-9999,N/A,-9999,-9999
57,122.765059,122.764958622,-9999,1030530,-9999,746063.8,7.04,-1,-9999,-9999,-9999,-9999,-9999,-9999,-9999,unassigned,N/A,-9999,-9999,N/A,-9999,-9999,-9999,-9999,-9999,-9999,-9999,N/A,-9999,-9999
58,122.88376,122.883659593,-9999,1101656.9,-9999,819967.1,7.7,-1,-9999,-9999,-9999,-9999,-9999,-9999,-9999,unassigned,N/A,-9999,-9999,N/A,-9999,-9999,-9999,-9999,-9999,-9999,-9999,N/A,-9999,-9999
59,123.054892,123.05479155,-9999,1030270.9,-9999,683359.5,7.04,-1,-9999,-9999,-9999,-9999,-9999,-9999,-9999,unassigned,N/A,-9999,-9999,N/A,-9999,-9999,-9999,-9999,-9999,-9999,-9999,N/A,-9999,-9999
60,123.503694,123.503593438,-9999,1046860.1,-9999,735946.3,7.19,-1,-9999,-9999,-9999,-9999,-9999,-9999,-9999,unassigned,N/A,-9999,-9999,N/A,-9999,-9999,-9999,-9999,-9999,-9999,-9999,N/A,-9999,-9999
61,123.587331,123.587230417,-9999,1042288,-9999,540216.1,7.15,-1,-9999,-9999,-9999,-9999,-9999,-9999,-9999,unassigned,N/A,-9999,-9999,N/A,-9999,-9999,-9999,-9999,-9999,-9999,-9999,N/A,-9999,-9999
62,123.591444,123.591343416,-9999,1039024.6,-9999,572993.3,7.12,-1,-9999,-9999,-9999,-9999,-9999,-9999,-9999,unassigned,N/A,-9999,-9999,N/A,-9999,-9999,-9999,-9999,-9999,-9999,-9999,N/A,-9999,-9999
63,123.969793,123.969692321,-9999,1064384.9,-9999,705744.2,7.35,-1,-9999,-9999,-9999,-9999,-9999,-9999,-9999,unassigned,N/A,-9999,-9999,N/A,-9999,-9999,-9999,-9999,-9999,-9999,-9999,N/A,-9999,-9999
64,123.976703,123.976602319,-9999,1059266,-9999,657004.6,7.3,-1,-9999,-9999,-9999,-9999,-9999,-9999,-9999,unassigned,N/A,-9999,-9999,N/A,-9999,-9999,-9999,-9999,-9999,-9999,-9999,N/A,-9999,-9999
65,123.977759,123.977658319,-9999,1035074.1,-9999,1000931.4,7.08,-1,-9999,-9999,-9999,-9999,-9999,-9999,-9999,unassigned,N/A,-9999,-9999,N/A,-9999,-9999,-9999,-9999,-9999,-9999,-9999,N/A,-9999,-9999
66,123.980414,123.980313318,-9999,1214466.5,-9999,755575.6,8.74,-1,-9999,-9999,-9999,-9999,-9999,-9999,-9999,unassigned,N/A,-9999,-9999,N/A,-9999,-9999,-9999,-9999,-9999,-9999,-9999,N/A,-9999,-9999
67,123.99526,123.995159315,-9999,1101236.8,-9999,633132.9,7.69,-1,-9999,-9999,-9999,-9999,-9999,-9999,-9999,unassigned,N/A,-9999,-9999,N/A,-9999,-9999,-9999,-9999,-9999,-9999,-9999,N/A,-9999,-9999
68,124.027829,124.027728307,-9999,1087217.9,-9999,668258.2,7.56,-1,-9999,-9999,-9999,-9999,-9999,-9999,-9999,unassigned,N/A,-9999,-9999,N/A,-9999,-9999,-9999,-9999,-9999,-9999,-9999,N/A,-9999,-9999
69,124.041433,124.041332303,-9999,1105004,-9999,694192.4,7.72,-1,-9999,-9999,-9999,-9999,-9999,-9999,-9999,unassigned,N/A,-9999,-9999,N/A,-9999,-9999,-9999,-9999,-9999,-9999,-9999,N/A,-9999,-9999
70,124.058058,124.057957299,-9999,1145774.5,-9999,485695.4,8.1,-1,-9999,-9999,-9999,-9999,-9999,-9999,-9999,unassigned,N/A,-9999,-9999,N/A,-9999,-9999,-9999,-9999,-9999,-9999,-9999,N/A,-9999,-9999
71,124.077291,124.077190294,-9999,1052065.5,-9999,829400.6,7.23,-1,-9999,-9999,-9999,-9999,-9999,-9999,-9999,unassigned,N/A,-9999,-9999,N/A,-9999,-9999,-9999,-9999,-9999,-9999,-9999,N/A,-9999,-9999
72,124.101711,124.101610288,-9999,1211429.4,-9999,562101.5,8.71,-1,-9999,-9999,-9999,-9999,-9999,-9999,-9999,unassigned,N/A,-9999,-9999,N/A,-9999,-9999,-9999,-9999,-9999,-9999,-9999,N/A,-9999,-9999
73,124.111656,124.111555286,-9999,1053342.9,-9999,709689.4,7.24,-1,-9999,-9999,-9999,-9999,-9999,-9999,-9999,unassigned,N/A,-9999,-9999,N/A,-9999,-9999,-9999,-9999,-9999,-9999,-9999,N/A,-9999,-9999
74,124.118761,124.118660284,-9999,1059224,-9999,730465,7.3,-1,-9999,-9999,-9999,-9999,-9999,-9999,-9999,unassigned,N/A,-9999,-9999,N/A,-9999,-9999,-9999,-9999,-9999,-9999,-9999,N/A,-9999,-9999
75,124.13248,124.13237928,-9999,1119874.3,-9999,725587.7,7.86,-1,-9999,-9999,-9999,-9999,-9999,-9999,-9999,unassigned,N/A,-9999,-9999,N/A,-9999,-9999,-9999,-9999,-9999,-9999,-9999,N/A,-9999,-9999
76,124.134326,124.13422528,-9999,1039322.5,-9999,631129.8,7.11,-1,-9999,-9999,-9999,-9999,-9999,-9999,-9999,unassigned,N/A,-9999,-9999,N/A,-9999,-9999,-9999,-9999,-9999,-9999,-9999,N/A,-9999,-9999
77,124.152829,124.152728275,-9999,1044813.4,-9999,1004658.6,7.17,-1,-9999,-9999,-9999,-9999,-9999,-9999,-9999,unassigned,N/A,-9999,-9999,N/A,-9999,-9999,-9999,-9999,-9999,-9999,-9999,N/A,-9999,-9999
78,124.182704,124.182603268,-9999,1108098.1,-9999,724811.1,7.75,-1,-9999,-9999,-9999,-9999,-9999,-9999,-9999,unassigned,N/A,-9999,-9999,N/A,-9999,-9999,-9999,-9999,-9999,-9999,-9999,N/A,-9999,-9999
79,124.185469,124.185368267,-9999,1137970.6,-9999,872594.3,8.03,-1,-9999,-9999,-9999,-9999,-9999,-9999,-9999,unassigned,N/A,-9999,-9999,N/A,-9999,-9999,-9999,-9999,-9999,-9999,-9999,N/A,-9999,-9999
80,124.219059,124.218958259,-9999,1039783.9,-9999,739218.5,7.12,-1,-9999,-9999,-9999,-9999,-9999,-9999,-9999,unassigned,N/A,-9999,-9999,N/A,-9999,-9999,-9999,-9999,-9999,-9999,-9999,N/A,-9999,-9999
81,124.231599,124.231498256,-9999,1232810,-9999,749786.4,8.91,-1,-9999,-9999,-9999,-9999,-9999,-9999,-9999,unassigned,N/A,-9999,-9999,N/A,-9999,-9999,-9999,-9999,-9999,-9999,-9999,N/A,-9999,-9999
82,124.235347,124.235246255,-9999,1049386.5,-9999,685686.8,7.21,-1,-9999,-9999,-9999,-9999,-9999,-9999,-9999,unassigned,N/A,-9999,-9999,N/A,-9999,-9999,-9999,-9999,-9999,-9999,-9999,N/A,-9999,-9999
83,124.300624,124.300523238,-9999,1108933.1,-9999,697284.6,7.76,-1,-9999,-9999,-9999,-9999,-9999,-9999,-9999,unassigned,N/A,-9999,-9999,N/A,-9999,-9999,-9999,-9999,-9999,-9999,-9999,N/A,-9999,-9999
84,124.303097,124.302996238,-9999,1041525.5,-9999,735335.4,7.14,-1,-9999,-9999,-9999,-9999,-9999,-9999,-9999,unassigned,N/A,-9999,-9999,N/A,-9999,-9999,-9999,-9999,-9999,-9999,-9999,N/A,-9999,-9999
85,125.258857,125.258755999,-9999,1069660.5,-9999,897795.7,7.38,-1,-9999,-9999,-9999,-9999,-9999,-9999,-9999,unassigned,N/A,-9999,-9999,N/A,-9999,-9999,-9999,-9999,-9999,-9999,-9999,N/A,-9999,-9999
86,125.300616,125.300514988,-9999,1167428.4,-9999,700097.5,8.28,-1,-9999,-9999,-9999,-9999,-9999,-9999,-9999,unassigned,N/A,-9999,-9999,N/A,-9999,-9999,-9999,-9999,-9999,-9999,-9999,N/A,-9999,-9999
87,125.581367,125.581265918,-9999,1072922.4,-9999,931184.5,7.41,-1,-9999,-9999,-9999,-9999,-9999,-9999,-9999,unassigned,N/A,-9999,-9999,N/A,-9999,-9999,-9999,-9999,-9999,-9999,-9999,N/A,-9999,-9999
88,125.818088,125.817986859,-9999,1069249.5,-9999,574556.3,7.37,-1,-9999,-9999,-9999,-9999,-9999,-9999,-9999,unassigned,N/A,-9999,-9999,N/A,-9999,-9999,-9999,-9999,-9999,-9999,-9999,N/A,-9999,-9999
89,126.58526,126.585158667,-9999,1177492.5,-9999,528690.6,8.36,-1,-9999,-9999,-9999,-9999,-9999,-9999,-9999,unassigned,N/A,-9999,-9999,N/A,-9999,-9999,-9999,-9999,-9999,-9999,-9999,N/A,-9999,-9999
90,126.654255,126.65415365,-9999,1094491.9,-9999,778492.2,7.59,-1,-9999,-9999,-9999,-9999,-9999,-9999,-9999,unassigned,N/A,-9999,-9999,N/A,-9999,-9999,-9999,-9999,-9999,-9999,-9999,N/A,-9999,-9999
91,127.152266,127.152164525,-9999,1061454.6,-9999,743741.9,7.29,-1,-9999,-9999,-9999,-9999,-9999,-9999,-9999,unassigned,N/A,-9999,-9999,N/A,-9999,-9999,-9999,-9999,-9999,-9999,-9999,N/A,-9999,-9999
92,127.249767,127.249665501,-9999,1122421.8,-9999,946504.7,7.85,-1,-9999,-9999,-9999,-9999,-9999,-9999,-9999,unassigned,N/A,-9999,-9999,N/A,-9999,-9999,-9999,-9999,-9999,-9999,-9999,N/A,-9999,-9999
93,128.089547,128.089445291,-9999,1053207.4,-9999,803124.2,7.19,-1,-9999,-9999,-9999,-9999,-9999,-9999,-9999,unassigned,N/A,-9999,-9999,N/A,-9999,-9999,-9999,-9999,-9999,-9999,-9999,N/A,-9999,-9999
94,128.782431,128.782329117,-9999,1088465.3,-9999,744960.8,7.52,-1,-9999,-9999,-9999,-9999,-9999,-9999,-9999,unassigned,N/A,-9999,-9999,N/A,-9999,-9999,-9999,-9999,-9999,-9999,-9999,N/A,-9999,-9999
95,129.053622,129.05352005,-9999,2168109,-9999,846600.8,17.46,-1,-9999,-9999,-9999,-9999,-9999,-9999,-9999,unassigned,N/A,-9999,-9999,N/A,-9999,-9999,-9999,-9999,-9999,-9999,-9999,N/A,-9999,-9999
96,129.05461,129.054508049,-9999,2909421.3,-9999,860421.6,24.29,-1,-9999,-9999,-9999,-9999,-9999,-9999,-9999,unassigned,N/A,-9999,-9999,N/A,-9999,-9999,-9999,-9999,-9999,-9999,-9999,N/A,-9999,-9999
97,129.055517,129.055415049,-9999,21028718,-9999,835811.5,191.2,-1,-9999,-9999,-9999,-9999,-9999,-9999,-9999,unassigned,N/A,-9999,-9999,N/A,-9999,-9999,-9999,-9999,-9999,-9999,-9999,N/A,-9999,-9999
99,129.518077,129.517974933,-9999,1039043,-9999,684806.5,7.04,-1,-9999,-9999,-9999,-9999,-9999,-9999,-9999,unassigned,N/A,-9999,-9999,N/A,-9999,-9999,-9999,-9999,-9999,-9999,-9999,N/A,-9999,-9999
100,129.802078,129.801975862,-9999,1082447.4,-9999,546799.4,7.44,-1,-9999,-9999,-9999,-9999,-9999,-9999,-9999,unassigned,N/A,-9999,-9999,N/A,-9999,-9999,-9999,-9999,-9999,-9999,-9999,N/A,-9999,-9999
101,130.05889,130.058787798,-9999,1584085.1,-9999,941062,12.05,-1,-9999,-9999,-9999,-9999,-9999,-9999,-9999,unassigned,N/A,-9999,-9999,N/A,-9999,-9999,-9999,-9999,-9999,-9999,-9999,N/A,-9999,-9999
103,130.323777,130.323674732,-9999,1048087,-9999,631512,7.12,-1,-9999,-9999,-9999,-9999,-9999,-9999,-9999,unassigned,N/A,-9999,-9999,N/A,-9999,-9999,-9999,-9999,-9999,-9999,-9999,N/A,-9999,-9999
104,130.8954,130.895297589,-9999,1167357,-9999,829448.5,8.22,-1,-9999,-9999,-9999,-9999,-9999,-9999,-9999,unassigned,N/A,-9999,-9999,N/A,-9999,-9999,-9999,-9999,-9999,-9999,-9999,N/A,-9999,-9999
105,131.960768,131.960665322,-9999,1050243,-9999,776156.9,7.12,-1,-9999,-9999,-9999,-9999,-9999,-9999,-9999,unassigned,N/A,-9999,-9999,N/A,-9999,-9999,-9999,-9999,-9999,-9999,-9999,N/A,-9999,-9999
106,131.971987,131.97188432,-9999,1085382.9,-9999,814473.1,7.45,-1,-9999,-9999,-9999,-9999,-9999,-9999,-9999,unassigned,N/A,-9999,-9999,N/A,-9999,-9999,-9999,-9999,-9999,-9999,-9999,N/A,-9999,-9999
107,132.25347,132.253367249,-9999,1042185.6,-9999,712472.1,7.05,-1,-9999,-9999,-9999,-9999,-9999,-9999,-9999,unassigned,N/A,-9999,-9999,N/A,-9999,-9999,-9999,-9999,-9999,-9999,-9999,N/A,-9999,-9999
108,132.274257,132.274154244,-9999,1109456.9,-9999,649145.6,7.67,-1,-9999,-9999,-9999,-9999,-9999,-9999,-9999,unassigned,N/A,-9999,-9999,N/A,-9999,-9999,-9999,-9999,-9999,-9999,-9999,N/A,-9999,-9999
109,133.028534,133.028431055,-9999,1101025.6,-9999,779085.2,7.57,-1,-9999,-9999,-9999,-9999,-9999,-9999,-9999,unassigned,N/A,-9999,-9999,N/A,-9999,-9999,-9999,-9999,-9999,-9999,-9999,N/A,-9999,-9999
110,135.118086,135.117982533,-9999,1167247.3,-9999,717703,8.15,-1,-9999,-9999,-9999,-9999,-9999,-9999,-9999,unassigned,N/A,-9999,-9999,N/A,-9999,-9999,-9999,-9999,-9999,-9999,-9999,N/A,-9999,-9999
111,135.955378,135.955274323,-9999,1070252,-9999,645879.1,7.24,-1,-9999,-9999,-9999,-9999,-9999,-9999,-9999,unassigned,N/A,-9999,-9999,N/A,-9999,-9999,-9999,-9999,-9999,-9999,-9999,N/A,-9999,-9999
112,136.031734,136.031630304,-9999,1069708.4,-9999,662089.5,7.24,-1,-9999,-9999,-9999,-9999,-9999,-9999,-9999,unassigned,N/A,-9999,-9999,N/A,-9999,-9999,-9999,-9999,-9999,-9999,-9999,N/A,-9999,-9999
113,136.115428,136.115324283,-9999,1092528,-9999,740479.6,7.45,-1,-9999,-9999,-9999,-9999,-9999,-9999,-9999,unassigned,N/A,-9999,-9999,N/A,-9999,-9999,-9999,-9999,-9999,-9999,-9999,N/A,-9999,-9999
114,136.149141,136.149037275,-9999,1108190.4,-9999,726192.8,7.59,-1,-9999,-9999,-9999,-9999,-9999,-9999,-9999,unassigned,N/A,-9999,-9999,N/A,-9999,-9999,-9999,-9999,-9999,-9999,-9999,N/A,-9999,-9999
115,136.802901,136.802797111,-9999,1051961.3,-9999,736699.5,7.07,-1,-9999,-9999,-9999,-9999,-9999,-9999,-9999,unassigned,N/A,-9999,-9999,N/A,-9999,-9999,-9999,-9999,-9999,-9999,-9999,N/A,-9999,-9999
116,137.449977,137.449872949,-9999,1169176.3,-9999,622035.8,8.12,-1,-9999,-9999,-9999,-9999,-9999,-9999,-9999,unassigned,N/A,-9999,-9999,N/A,-9999,-9999,-9999,-9999,-9999,-9999,-9999,N/A,-9999,-9999
117,137.466263,137.466158945,-9999,1053087.6,-9999,758945.9,7.06,-1,-9999,-9999,-9999,-9999,-9999,-9999,-9999,unassigned,N/A,-9999,-9999,N/A,-9999,-9999,-9999,-9999,-9999,-9999,-9999,N/A,-9999,-9999
118,137.651253,137.651148899,-9999,1048595,-9999,870126.1,7.02,-1,-9999,-9999,-9999,-9999,-9999,-9999,-9999,unassigned,N/A,-9999,-9999,N/A,-9999,-9999,-9999,-9999,-9999,-9999,-9999,N/A,-9999,-9999
119,138.12908,138.12897578,-9999,1089068.8,-9999,724822,7.39,-1,-9999,-9999,-9999,-9999,-9999,-9999,-9999,unassigned,N/A,-9999,-9999,N/A,-9999,-9999,-9999,-9999,-9999,-9999,-9999,N/A,-9999,-9999
120,138.477319,138.477214693,-9999,1140685.6,-9999,768981.5,7.86,-1,-9999,-9999,-9999,-9999,-9999,-9999,-9999,unassigned,N/A,-9999,-9999,N/A,-9999,-9999,-9999,-9999,-9999,-9999,-9999,N/A,-9999,-9999
121,138.652617,138.652512649,-9999,1070847.4,-9999,759221.5,7.22,-1,-9999,-9999,-9999,-9999,-9999,-9999,-9999,unassigned,N/A,-9999,-9999,N/A,-9999,-9999,-9999,-9999,-9999,-9999,-9999,N/A,-9999,-9999
122,139.503798,139.503693436,-9999,1098642.6,-9999,621032.2,7.45,-1,-9999,-9999,-9999,-9999,-9999,-9999,-9999,unassigned,N/A,-9999,-9999,N/A,-9999,-9999,-9999,-9999,-9999,-9999,-9999,N/A,-9999,-9999
123,139.546757,139.546652425,-9999,1060679.3,-9999,715141.6,7.11,-1,-9999,-9999,-9999,-9999,-9999,-9999,-9999,unassigned,N/A,-9999,-9999,N/A,-9999,-9999,-9999,-9999,-9999,-9999,-9999,N/A,-9999,-9999
124,139.591227,139.591122414,-9999,1189884.6,-9999,668007.8,8.28,-1,-9999,-9999,-9999,-9999,-9999,-9999,-9999,unassigned,N/A,-9999,-9999,N/A,-9999,-9999,-9999,-9999,-9999,-9999,-9999,N/A,-9999,-9999
125,139.624833,139.624728406,-9999,1142444.8,-9999,759062.9,7.85,-1,-9999,-9999,-9999,-9999,-9999,-9999,-9999,unassigned,N/A,-9999,-9999,N/A,-9999,-9999,-9999,-9999,-9999,-9999,-9999,N/A,-9999,-9999
126,139.644277,139.644172401,-9999,1066870.1,-9999,589305.7,7.16,-1,-9999,-9999,-9999,-9999,-9999,-9999,-9999,unassigned,N/A,-9999,-9999,N/A,-9999,-9999,-9999,-9999,-9999,-9999,-9999,N/A,-9999,-9999
127,139.650814,139.650709399,-9999,1094553.4,-9999,927995.7,7.41,-1,-9999,-9999,-9999,-9999,-9999,-9999,-9999,unassigned,N/A,-9999,-9999,N/A,-9999,-9999,-9999,-9999,-9999,-9999,-9999,N/A,-9999,-9999
128,139.681731,139.681626391,-9999,1187272.3,-9999,471654.2,8.25,-1,-9999,-9999,-9999,-9999,-9999,-9999,-9999,unassigned,N/A,-9999,-9999,N/A,-9999,-9999,-9999,-9999,-9999,-9999,-9999,N/A,-9999,-9999
129,139.690914,139.690809389,-9999,1057036.6,-9999,958885.3,7.07,-1,-9999,-9999,-9999,-9999,-9999,-9999,-9999,unassigned,N/A,-9999,-9999,N/A,-9999,-9999,-9999,-9999,-9999,-9999,-9999,N/A,-9999,-9999
130,139.823395,139.823290356,-9999,1119244.8,-9999,773104.1,7.64,-1,-9999,-9999,-9999,-9999,-9999,-9999,-9999,unassigned,N/A,-9999,-9999,N/A,-9999,-9999,-9999,-9999,-9999,-9999,-9999,N/A,-9999,-9999
131,139.879508,139.879403342,-9999,1189255.9,-9999,823213.2,8.27,-1,-9999,-9999,-9999,-9999,-9999,-9999,-9999,unassigned,N/A,-9999,-9999,N/A,-9999,-9999,-9999,-9999,-9999,-9999,-9999,N/A,-9999,-9999
132,141.435761,141.435655953,-9999,1105579.3,-9999,465246.9,7.49,-1,-9999,-9999,-9999,-9999,-9999,-9999,-9999,unassigned,N/A,-9999,-9999,N/A,-9999,-9999,-9999,-9999,-9999,-9999,-9999,N/A,-9999,-9999
133,141.677127,141.677021892,-9999,1129541.8,-9999,668461.7,7.7,-1,-9999,-9999,-9999,-9999,-9999,-9999,-9999,unassigned,N/A,-9999,-9999,N/A,-9999,-9999,-9999,-9999,-9999,-9999,-9999,N/A,-9999,-9999
134,141.748085,141.747979874,-9999,1179689.9,-9999,514623.6,8.16,-1,-9999,-9999,-9999,-9999,-9999,-9999,-9999,unassigned,N/A,-9999,-9999,N/A,-9999,-9999,-9999,-9999,-9999,-9999,-9999,N/A,-9999,-9999
135,142.714831,142.714725633,-9999,1061740.3,-9999,511800,7.08,-1,-9999,-9999,-9999,-9999,-9999,-9999,-9999,unassigned,N/A,-9999,-9999,N/A,-9999,-9999,-9999,-9999,-9999,-9999,-9999,N/A,-9999,-9999
136,144.305601,144.305495235,-9999,1096103,-9999,743572.3,7.37,-1,-9999,-9999,-9999,-9999,-9999,-9999,-9999,unassigned,N/A,-9999,-9999,N/A,-9999,-9999,-9999,-9999,-9999,-9999,-9999,N/A,-9999,-9999
137,144.411109,144.411003208,-9999,1068927.9,-9999,676393.1,7.12,-1,-9999,-9999,-9999,-9999,-9999,-9999,-9999,unassigned,N/A,-9999,-9999,N/A,-9999,-9999,-9999,-9999,-9999,-9999,-9999,N/A,-9999,-9999
138,144.869807,144.869701094,-9999,4722456,-9999,630050,39.98,-1,-9999,-9999,-9999,-9999,-9999,-9999,-9999,unassigned,N/A,-9999,-9999,N/A,-9999,-9999,-9999,-9999,-9999,-9999,-9999,N/A,-9999,-9999
140,145.235935,145.235829002,-9999,1078975.9,-9999,563654.2,7.19,-1,-9999,-9999,-9999,-9999,-9999,-9999,-9999,unassigned,N/A,-9999,-9999,N/A,-9999,-9999,-9999,-9999,-9999,-9999,-9999,N/A,-9999,-9999
141,146.004802,146.00469581,-9999,1119399.3,-9999,787542.3,7.55,-1,-9999,-9999,-9999,-9999,-9999,-9999,-9999,unassigned,N/A,-9999,-9999,N/A,-9999,-9999,-9999,-9999,-9999,-9999,-9999,N/A,-9999,-9999
142,146.432479,146.432372703,-9999,1282324.9,-9999,498242.4,9.02,-1,-9999,-9999,-9999,-9999,-9999,-9999,-9999,unassigned,N/A,-9999,-9999,N/A,-9999,-9999,-9999,-9999,-9999,-9999,-9999,N/A,-9999,-9999
143,146.866495,146.866388594,-9999,1589735.6,-9999,990162.1,11.75,-1,-9999,-9999,-9999,-9999,-9999,-9999,-9999,unassigned,N/A,-9999,-9999,N/A,-9999,-9999,-9999,-9999,-9999,-9999,-9999,N/A,-9999,-9999
144,146.866882,146.866775594,-9999,4372840,-9999,697511.7,36.72,-1,-9999,-9999,-9999,-9999,-9999,-9999,-9999,unassigned,N/A,-9999,-9999,N/A,-9999,-9999,-9999,-9999,-9999,-9999,-9999,N/A,-9999,-9999
145,146.924727,146.92462058,-9999,1130696.3,-9999,625016,7.63,-1,-9999,-9999,-9999,-9999,-9999,-9999,-9999,unassigned,N/A,-9999,-9999,N/A,-9999,-9999,-9999,-9999,-9999,-9999,-9999,N/A,-9999,-9999
146,147.245625,147.245518499,-9999,1102108.8,-9999,602907.2,7.37,-1,-9999,-9999,-9999,-9999,-9999,-9999,-9999,unassigned,N/A,-9999,-9999,N/A,-9999,-9999,-9999,-9999,-9999,-9999,-9999,N/A,-9999,-9999
147,148.340928,148.340821225,-9999,1083978.6,-9999,643683.2,7.2,-1,-9999,-9999,-9999,-9999,-9999,-9999,-9999,unassigned,N/A,-9999,-9999,N/A,-9999,-9999,-9999,-9999,-9999,-9999,-9999,N/A,-9999,-9999
148,148.466074,148.465967194,-9999,1193074.1,-9999,524219,8.18,-1,-9999,-9999,-9999,-9999,-9999,-9999,-9999,unassigned,N/A,-9999,-9999,N/A,-9999,-9999,-9999,-9999,-9999,-9999,-9999,N/A,-9999,-9999
149,148.754971,148.754864122,-9999,1083927.8,-9999,663421.7,7.18,-1,-9999,-9999,-9999,-9999,-9999,-9999,-9999,unassigned,N/A,-9999,-9999,N/A,-9999,-9999,-9999,-9999,-9999,-9999,-9999,N/A,-9999,-9999
150,148.826344,148.826237104,-9999,1127328.6,-9999,671480.6,7.57,-1,-9999,-9999,-9999,-9999,-9999,-9999,-9999,unassigned,N/A,-9999,-9999,N/A,-9999,-9999,-9999,-9999,-9999,-9999,-9999,N/A,-9999,-9999
151,148.863933,148.863826095,-9999,2298070.3,-9999,688106,18.05,-1,-9999,-9999,-9999,-9999,-9999,-9999,-9999,unassigned,N/A,-9999,-9999,N/A,-9999,-9999,-9999,-9999,-9999,-9999,-9999,N/A,-9999,-9999
153,149.325373,149.325265979,-9999,1092000.1,-9999,831899.1,7.25,-1,-9999,-9999,-9999,-9999,-9999,-9999,-9999,unassigned,N/A,-9999,-9999,N/A,-9999,-9999,-9999,-9999,-9999,-9999,-9999,N/A,-9999,-9999
154,149.354858,149.354750972,-9999,1073393.1,-9999,742062.5,7.08,-1,-9999,-9999,-9999,-9999,-9999,-9999,-9999,unassigned,N/A,-9999,-9999,N/A,-9999,-9999,-9999,-9999,-9999,-9999,-9999,N/A,-9999,-9999
155,149.370062,149.369954968,-9999,1067545.9,-9999,617724.5,7.03,-1,-9999,-9999,-9999,-9999,-9999,-9999,-9999,unassigned,N/A,-9999,-9999,N/A,-9999,-9999,-9999,-9999,-9999,-9999,-9999,N/A,-9999,-9999
156,149.637182,149.637074901,-9999,1079764.4,-9999,679604.1,7.14,-1,-9999,-9999,-9999,-9999,-9999,-9999,-9999,unassigned,N/A,-9999,-9999,N/A,-9999,-9999,-9999,-9999,-9999,-9999,-9999,N/A,-9999,-9999
157,150.886773,150.886665589,-9999,2055915.8,-9999,738437.4,15.82,-1,-9999,-9999,-9999,-9999,-9999,-9999,-9999,unassigned,N/A,-9999,-9999,N/A,-9999,-9999,-9999,-9999,-9999,-9999,-9999,N/A,-9999,-9999
158,151.460976,151.460868445,-9999,1135612.4,-9999,655153.5,7.61,-1,-9999,-9999,-9999,-9999,-9999,-9999,-9999,unassigned,N/A,-9999,-9999,N/A,-9999,-9999,-9999,-9999,-9999,-9999,-9999,N/A,-9999,-9999
159,152.618285,152.618177156,-9999,1083462.3,-9999,590309.1,7.14,-1,-9999,-9999,-9999,-9999,-9999,-9999,-9999,unassigned,N/A,-9999,-9999,N/A,-9999,-9999,-9999,-9999,-9999,-9999,-9999,N/A,-9999,-9999
160,152.621357,152.621249155,-9999,1149096,-9999,609960.1,7.72,-1,-9999,-9999,-9999,-9999,-9999,-9999,-9999,unassigned,N/A,-9999,-9999,N/A,-9999,-9999,-9999,-9999,-9999,-9999,-9999,N/A,-9999,-9999
161,152.883855,152.883747089,-9999,1173635.3,-9999,1104667.1,7.92,-1,-9999,-9999,-9999,-9999,-9999,-9999,-9999,unassigned,N/A,-9999,-9999,N/A,-9999,-9999,-9999,-9999,-9999,-9999,-9999,N/A,-9999,-9999
162,153.107487,153.107379033,-9999,1086663.6,-9999,619465.5,7.14,-1,-9999,-9999,-9999,-9999,-9999,-9999,-9999,unassigned,N/A,-9999,-9999,N/A,-9999,-9999,-9999,-9999,-9999,-9999,-9999,N/A,-9999,-9999
163,153.169527,153.169419018,-9999,1071532.4,-9999,498115.8,7.01,-1,-9999,-9999,-9999,-9999,-9999,-9999,-9999,unassigned,N/A,-9999,-9999,N/A,-9999,-9999,-9999,-9999,-9999,-9999,-9999,N/A,-9999,-9999
164,153.500586,153.500477935,-9999,1303088.6,-9999,670403.3,9.06,-1,-9999,-9999,-9999,-9999,-9999,-9999,-9999,unassigned,N/A,-9999,-9999,N/A,-9999,-9999,-9999,-9999,-9999,-9999,-9999,N/A,-9999,-9999
165,153.697544,153.697435886,-9999,1110053.4,-9999,810349.2,7.35,-1,-9999,-9999,-9999,-9999,-9999,-9999,-9999,unassigned,N/A,-9999,-9999,N/A,-9999,-9999,-9999,-9999,-9999,-9999,-9999,N/A,-9999,-9999
166,155.179854,155.179745515,-9999,1160854.4,-9999,732435.4,7.77,-1,-9999,-9999,-9999,-9999,-9999,-9999,-9999,unassigned,N/A,-9999,-9999,N/A,-9999,-9999,-9999,-9999,-9999,-9999,-9999,N/A,-9999,-9999
167,155.935924,155.935815326,-9999,1082904.3,-9999,606234,7.07,-1,-9999,-9999,-9999,-9999,-9999,-9999,-9999,unassigned,N/A,-9999,-9999,N/A,-9999,-9999,-9999,-9999,-9999,-9999,-9999,N/A,-9999,-9999
169,157.322207,157.322097979,-9999,1158928.5,-9999,731295.9,7.72,-1,-9999,-9999,-9999,-9999,-9999,-9999,-9999,unassigned,N/A,-9999,-9999,N/A,-9999,-9999,-9999,-9999,-9999,-9999,-9999,N/A,-9999,-9999
170,157.330773,157.330663977,-9999,1117397.6,-9999,560355.2,7.35,-1,-9999,-9999,-9999,-9999,-9999,-9999,-9999,unassigned,N/A,-9999,-9999,N/A,-9999,-9999,-9999,-9999,-9999,-9999,-9999,N/A,-9999,-9999
171,157.67217,157.672060892,-9999,1083168.3,-9999,783795.7,7.04,-1,-9999,-9999,-9999,-9999,-9999,-9999,-9999,unassigned,N/A,-9999,-9999,N/A,-9999,-9999,-9999,-9999,-9999,-9999,-9999,N/A,-9999,-9999
172,158.244824,158.244714748,-9999,1351795.6,-9999,676673,9.42,-1,-9999,-9999,-9999,-9999,-9999,-9999,-9999,unassigned,N/A,-9999,-9999,N/A,-9999,-9999,-9999,-9999,-9999,-9999,-9999,N/A,-9999,-9999
173,158.835371,158.835261601,-9999,1120657,-9999,465122.7,7.37,-1,-9999,-9999,-9999,-9999,-9999,-9999,-9999,unassigned,N/A,-9999,-9999,N/A,-9999,-9999,-9999,-9999,-9999,-9999,-9999,N/A,-9999,-9999
174,158.846895,158.846785598,-9999,1098775.8,-9999,789023.8,7.18,-1,-9999,-9999,-9999,-9999,-9999,-9999,-9999,unassigned,N/A,-9999,-9999,N/A,-9999,-9999,-9999,-9999,-9999,-9999,-9999,N/A,-9999,-9999
175,158.870464,158.870354592,-9999,1107557.6,-9999,374351.8,7.25,-1,-9999,-9999,-9999,-9999,-9999,-9999,-9999,unassigned,N/A,-9999,-9999,N/A,-9999,-9999,-9999,-9999,-9999,-9999,-9999,N/A,-9999,-9999
176,158.929331,158.929221577,-9999,1163896.4,-9999,387404.1,7.75,-1,-9999,-9999,-9999,-9999,-9999,-9999,-9999,unassigned,N/A,-9999,-9999,N/A,-9999,-9999,-9999,-9999,-9999,-9999,-9999,N/A,-9999,-9999
177,159.066051,159.065941543,-9999,2072409.1,-9999,817552.4,15.79,-1,-9999,-9999,-9999,-9999,-9999,-9999,-9999,unassigned,N/A,-9999,-9999,N/A,-9999,-9999,-9999,-9999,-9999,-9999,-9999,N/A,-9999,-9999
179,159.170586,159.170476517,-9999,1166614.8,-9999,394697,7.77,-1,-9999,-9999,-9999,-9999,-9999,-9999,-9999,unassigned,N/A,-9999,-9999,N/A,-9999,-9999,-9999,-9999,-9999,-9999,-9999,N/A,-9999,-9999
180,159.600787,159.600677409,-9999,1116372.1,-9999,740854,7.3,-1,-9999,-9999,-9999,-9999,-9999,-9999,-9999,unassigned,N/A,-9999,-9999,N/A,-9999,-9999,-9999,-9999,-9999,-9999,-9999,N/A,-9999,-9999
181,159.831254,159.831144352,-9999,1102523.6,-9999,533431.4,7.18,-1,-9999,-9999,-9999,-9999,-9999,-9999,-9999,unassigned,N/A,-9999,-9999,N/A,-9999,-9999,-9999,-9999,-9999,-9999,-9999,N/A,-9999,-9999
182,159.844893,159.844783348,-9999,1636771.6,-9999,945729.4,11.89,-1,-9999,-9999,-9999,-9999,-9999,-9999,-9999,unassigned,N/A,-9999,-9999,N/A,-9999,-9999,-9999,-9999,-9999,-9999,-9999,N/A,-9999,-9999
183,159.845291,159.845181348,-9999,5970468,-9999,730955.2,50.11,-1,-9999,-9999,-9999,-9999,-9999,-9999,-9999,unassigned,N/A,-9999,-9999,N/A,-9999,-9999,-9999,-9999,-9999,-9999,-9999,N/A,-9999,-9999
184,160.060646,160.060536294,-9999,1154466.3,-9999,582318.3,7.64,-1,-9999,-9999,-9999,-9999,-9999,-9999,-9999,unassigned,N/A,-9999,-9999,N/A,-9999,-9999,-9999,-9999,-9999,-9999,-9999,N/A,-9999,-9999
185,160.570782,160.570672167,-9999,1088333,-9999,821520.2,7.05,-1,-9999,-9999,-9999,-9999,-9999,-9999,-9999,unassigned,N/A,-9999,-9999,N/A,-9999,-9999,-9999,-9999,-9999,-9999,-9999,N/A,-9999,-9999
186,160.841827,160.841717099,-9999,4421483,-9999,751700.6,36.45,-1,-9999,-9999,-9999,-9999,-9999,-9999,-9999,unassigned,N/A,-9999,-9999,N/A,-9999,-9999,-9999,-9999,-9999,-9999,-9999,N/A,-9999,-9999
187,160.84218,160.842070099,-9999,12590187,-9999,672055.4,108.49,-1,-9999,-9999,-9999,-9999,-9999,-9999,-9999,unassigned,N/A,-9999,-9999,N/A,-9999,-9999,-9999,-9999,-9999,-9999,-9999,N/A,-9999,-9999
188,161.710974,161.710863881,-9999,1160548.4,-9999,720245.4,7.66,-1,-9999,-9999,-9999,-9999,-9999,-9999,-9999,unassigned,N/A,-9999,-9999,N/A,-9999,-9999,-9999,-9999,-9999,-9999,-9999,N/A,-9999,-9999
189,161.726453,161.726342878,-9999,1146285.4,-9999,470849.7,7.53,-1,-9999,-9999,-9999,-9999,-9999,-9999,-9999,unassigned,N/A,-9999,-9999,N/A,-9999,-9999,-9999,-9999,-9999,-9999,-9999,N/A,-9999,-9999
190,161.841955,161.841844849,-9999,2543280.3,-9999,711509.4,19.81,-1,-9999,-9999,-9999,-9999,-9999,-9999,-9999,unassigned,N/A,-9999,-9999,N/A,-9999,-9999,-9999,-9999,-9999,-9999,-9999,N/A,-9999,-9999
191,161.842336,161.842225849,-9999,7071920.5,-9999,683217.4,59.63,-1,-9999,-9999,-9999,-9999,-9999,-9999,-9999,unassigned,N/A,-9999,-9999,N/A,-9999,-9999,-9999,-9999,-9999,-9999,-9999,N/A,-9999,-9999
192,162.838848,162.838737599,-9999,4183789.8,-9999,677187.6,34.23,-1,-9999,-9999,-9999,-9999,-9999,-9999,-9999,unassigned,N/A,-9999,-9999,N/A,-9999,-9999,-9999,-9999,-9999,-9999,-9999,N/A,-9999,-9999
193,162.839222,162.839111599,-9999,15345902,-9999,668109.2,132.36,-1,-9999,-9999,-9999,-9999,-9999,-9999,-9999,unassigned,N/A,-9999,-9999,N/A,-9999,-9999,-9999,-9999,-9999,-9999,-9999,N/A,-9999,-9999
194,162.842234,162.842123598,-9999,2929647.8,-9999,739144.1,23.21,-1,-9999,-9999,-9999,-9999,-9999,-9999,-9999,unassigned,N/A,-9999,-9999,N/A,-9999,-9999,-9999,-9999,-9999,-9999,-9999,N/A,-9999,-9999
195,162.842576,162.842465598,-9999,11414768,-9999,665408.3,97.8,-1,-9999,-9999,-9999,-9999,-9999,-9999,-9999,unassigned,N/A,-9999,-9999,N/A,-9999,-9999,-9999,-9999,-9999,-9999,-9999,N/A,-9999,-9999
196,163.839378,163.839267349,-9999,2321063.3,-9999,636553.2,17.85,-1,-9999,-9999,-9999,-9999,-9999,-9999,-9999,unassigned,N/A,-9999,-9999,N/A,-9999,-9999,-9999,-9999,-9999,-9999,-9999,N/A,-9999,-9999
197,163.847801,163.847690347,-9999,1206635.9,-9999,522912.8,8.05,-1,-9999,-9999,-9999,-9999,-9999,-9999,-9999,unassigned,N/A,-9999,-9999,N/A,-9999,-9999,-9999,-9999,-9999,-9999,-9999,N/A,-9999,-9999
199,164.83591,164.8357991,-9999,1814743.1,-9999,743003,13.35,-1,-9999,-9999,-9999,-9999,-9999,-9999,-9999,unassigned,N/A,-9999,-9999,N/A,-9999,-9999,-9999,-9999,-9999,-9999,-9999,N/A,-9999,-9999
200,164.83628,164.8361691,-9999,4958551.5,-9999,695870.8,40.9,-1,-9999,-9999,-9999,-9999,-9999,-9999,-9999,unassigned,N/A,-9999,-9999,N/A,-9999,-9999,-9999,-9999,-9999,-9999,-9999,N/A,-9999,-9999
201,164.838032,164.837921099,-9999,3952984.3,-9999,703439,32.09,-1,-9999,-9999,-9999,-9999,-9999,-9999,-9999,unassigned,N/A,-9999,-9999,N/A,-9999,-9999,-9999,-9999,-9999,-9999,-9999,N/A,-9999,-9999
202,164.83925,164.839139099,-9999,2695769,-9999,776758.4,21.07,-1,-9999,-9999,-9999,-9999,-9999,-9999,-9999,unassigned,N/A,-9999,-9999,N/A,-9999,-9999,-9999,-9999,-9999,-9999,-9999,N/A,-9999,-9999
203,164.839635,164.839524099,-9999,11018585,-9999,648655.2,94,-1,-9999,-9999,-9999,-9999,-9999,-9999,-9999,unassigned,N/A,-9999,-9999,N/A,-9999,-9999,-9999,-9999,-9999,-9999,-9999,N/A,-9999,-9999
206,166.773302,166.773190615,-9999,1147200,-9999,636994.6,7.47,-1,-9999,-9999,-9999,-9999,-9999,-9999,-9999,unassigned,N/A,-9999,-9999,N/A,-9999,-9999,-9999,-9999,-9999,-9999,-9999,N/A,-9999,-9999
207,166.835086,166.8349746,-9999,4188833.5,-9999,695194.2,34.03,-1,-9999,-9999,-9999,-9999,-9999,-9999,-9999,unassigned,N/A,-9999,-9999,N/A,-9999,-9999,-9999,-9999,-9999,-9999,-9999,N/A,-9999,-9999
208,166.836675,166.836563599,-9999,4650914,-9999,660721.3,38.06,-1,-9999,-9999,-9999,-9999,-9999,-9999,-9999,unassigned,N/A,-9999,-9999,N/A,-9999,-9999,-9999,-9999,-9999,-9999,-9999,N/A,-9999,-9999
209,167.261683,167.261571493,-9999,1106822.9,-9999,549524.4,7.11,-1,-9999,-9999,-9999,-9999,-9999,-9999,-9999,unassigned,N/A,-9999,-9999,N/A,-9999,-9999,-9999,-9999,-9999,-9999,-9999,N/A,-9999,-9999
210,168.832152,168.8320401,-9999,2019523.3,-9999,680658.5,15.08,-1,-9999,-9999,-9999,-9999,-9999,-9999,-9999,unassigned,N/A,-9999,-9999,N/A,-9999,-9999,-9999,-9999,-9999,-9999,-9999,N/A,-9999,-9999
211,168.836396,168.836284099,-9999,2955461.5,-9999,745746.9,23.25,-1,-9999,-9999,-9999,-9999,-9999,-9999,-9999,unassigned,N/A,-9999,-9999,N/A,-9999,-9999,-9999,-9999,-9999,-9999,-9999,N/A,-9999,-9999
213,170.833183,170.8330706,-9999,1201080.8,-9999,1230921.4,7.89,-1,-9999,-9999,-9999,-9999,-9999,-9999,-9999,unassigned,N/A,-9999,-9999,N/A,-9999,-9999,-9999,-9999,-9999,-9999,-9999,N/A,-9999,-9999
214,170.833469,170.8333566,-9999,3121593,-9999,777889.7,24.61,-1,-9999,-9999,-9999,-9999,-9999,-9999,-9999,unassigned,N/A,-9999,-9999,N/A,-9999,-9999,-9999,-9999,-9999,-9999,-9999,N/A,-9999,-9999
218,171.322957,171.322844477,-9999,1207209,-9999,547302,7.94,-1,-9999,-9999,-9999,-9999,-9999,-9999,-9999,unassigned,N/A,-9999,-9999,N/A,-9999,-9999,-9999,-9999,-9999,-9999,-9999,N/A,-9999,-9999
219,172.830288,172.8301751,-9999,1651318.9,-9999,876267.1,11.76,-1,-9999,-9999,-9999,-9999,-9999,-9999,-9999,unassigned,N/A,-9999,-9999,N/A,-9999,-9999,-9999,-9999,-9999,-9999,-9999,N/A,-9999,-9999
220,172.830576,172.8304631,-9999,1144695.1,-9999,1010440.7,7.37,-1,-9999,-9999,-9999,-9999,-9999,-9999,-9999,unassigned,N/A,-9999,-9999,N/A,-9999,-9999,-9999,-9999,-9999,-9999,-9999,N/A,-9999,-9999
221,172.832109,172.8319961,-9999,1321399.8,-9999,596086.5,8.9,-1,-9999,-9999,-9999,-9999,-9999,-9999,-9999,unassigned,N/A,-9999,-9999,N/A,-9999,-9999,-9999,-9999,-9999,-9999,-9999,N/A,-9999,-9999
222,172.8349,172.834787099,-9999,1120953.1,-9999,414219.7,7.16,-1,-9999,-9999,-9999,-9999,-9999,-9999,-9999,unassigned,N/A,-9999,-9999,N/A,-9999,-9999,-9999,-9999,-9999,-9999,-9999,N/A,-9999,-9999
223,173.08167,173.081557037,-9999,1787883.4,-9999,872539.7,12.94,-1,-9999,-9999,-9999,-9999,-9999,-9999,-9999,unassigned,N/A,-9999,-9999,N/A,-9999,-9999,-9999,-9999,-9999,-9999,-9999,N/A,-9999,-9999
226,174.829155,174.8290416,-9999,1633273.5,-9999,668918,11.55,-1,-9999,-9999,-9999,-9999,-9999,-9999,-9999,unassigned,N/A,-9999,-9999,N/A,-9999,-9999,-9999,-9999,-9999,-9999,-9999,N/A,-9999,-9999
227,174.883244,174.883130587,-9999,1207505,-9999,602157.1,7.87,-1,-9999,-9999,-9999,-9999,-9999,-9999,-9999,unassigned,N/A,-9999,-9999,N/A,-9999,-9999,-9999,-9999,-9999,-9999,-9999,N/A,-9999,-9999
229,175.282923,175.282809487,-9999,1154812.4,-9999,504644.6,7.42,-1,-9999,-9999,-9999,-9999,-9999,-9999,-9999,unassigned,N/A,-9999,-9999,N/A,-9999,-9999,-9999,-9999,-9999,-9999,-9999,N/A,-9999,-9999
230,177.805594,177.805479856,-9999,1199348.5,-9999,404603.3,7.78,-1,-9999,-9999,-9999,-9999,-9999,-9999,-9999,unassigned,N/A,-9999,-9999,N/A,-9999,-9999,-9999,-9999,-9999,-9999,-9999,N/A,-9999,-9999
232,179.259185,179.259070492,-9999,1136006.6,-9999,534594.3,7.23,-1,-9999,-9999,-9999,-9999,-9999,-9999,-9999,unassigned,N/A,-9999,-9999,N/A,-9999,-9999,-9999,-9999,-9999,-9999,-9999,N/A,-9999,-9999
233,179.65778,179.657665393,-9999,1213520.6,-9999,410219.9,7.89,-1,-9999,-9999,-9999,-9999,-9999,-9999,-9999,unassigned,N/A,-9999,-9999,N/A,-9999,-9999,-9999,-9999,-9999,-9999,-9999,N/A,-9999,-9999
236,181.803645,181.803529856,-9999,1169156.1,-9999,586889,7.49,-1,-9999,-9999,-9999,-9999,-9999,-9999,-9999,unassigned,N/A,-9999,-9999,N/A,-9999,-9999,-9999,-9999,-9999,-9999,-9999,N/A,-9999,-9999
238,183.046496,183.046380545,-9999,1117806.1,-9999,634221.9,7.04,-1,-9999,-9999,-9999,-9999,-9999,-9999,-9999,unassigned,N/A,-9999,-9999,N/A,-9999,-9999,-9999,-9999,-9999,-9999,-9999,N/A,-9999,-9999
241,184.899582,184.899466082,-9999,1456984.4,-9999,698510.6,9.93,-1,-9999,-9999,-9999,-9999,-9999,-9999,-9999,unassigned,N/A,-9999,-9999,N/A,-9999,-9999,-9999,-9999,-9999,-9999,-9999,N/A,-9999,-9999
248,186.281493,186.281376736,-9999,1129953.6,-9999,411155.7,7.11,-1,-9999,-9999,-9999,-9999,-9999,-9999,-9999,unassigned,N/A,-9999,-9999,N/A,-9999,-9999,-9999,-9999,-9999,-9999,-9999,N/A,-9999,-9999
249,186.429239,186.429122699,-9999,1161539,-9999,611612.9,7.38,-1,-9999,-9999,-9999,-9999,-9999,-9999,-9999,unassigned,N/A,-9999,-9999,N/A,-9999,-9999,-9999,-9999,-9999,-9999,-9999,N/A,-9999,-9999
250,187.014502,187.014385553,-9999,12983364,-9999,587855,108.6,-1,-9999,-9999,-9999,-9999,-9999,-9999,-9999,unassigned,N/A,-9999,-9999,N/A,-9999,-9999,-9999,-9999,-9999,-9999,-9999,N/A,-9999,-9999
252,187.097349,187.097232532,-9999,4572758,-9999,638488,36.59,-1,-9999,-9999,-9999,-9999,-9999,-9999,-9999,unassigned,N/A,-9999,-9999,N/A,-9999,-9999,-9999,-9999,-9999,-9999,-9999,N/A,-9999,-9999
256,187.446732,187.446615444,-9999,1168672.1,-9999,549598.9,7.44,-1,-9999,-9999,-9999,-9999,-9999,-9999,-9999,unassigned,N/A,-9999,-9999,N/A,-9999,-9999,-9999,-9999,-9999,-9999,-9999,N/A,-9999,-9999
258,189.011568,189.011451053,-9999,3738070.8,-9999,573315.4,29.43,-1,-9999,-9999,-9999,-9999,-9999,-9999,-9999,unassigned,N/A,-9999,-9999,N/A,-9999,-9999,-9999,-9999,-9999,-9999,-9999,N/A,-9999,-9999
261,189.230727,189.230609998,-9999,1138367.5,-9999,420299,7.17,-1,-9999,-9999,-9999,-9999,-9999,-9999,-9999,unassigned,N/A,-9999,-9999,N/A,-9999,-9999,-9999,-9999,-9999,-9999,-9999,N/A,-9999,-9999
262,189.879828,189.879710836,-9999,1140276.4,-9999,343626.8,7.17,-1,-9999,-9999,-9999,-9999,-9999,-9999,-9999,unassigned,N/A,-9999,-9999,N/A,-9999,-9999,-9999,-9999,-9999,-9999,-9999,N/A,-9999,-9999
263,192.491291,192.491173183,-9999,1261843.8,-9999,468049.8,8.21,-1,-9999,-9999,-9999,-9999,-9999,-9999,-9999,unassigned,N/A,-9999,-9999,N/A,-9999,-9999,-9999,-9999,-9999,-9999,-9999,N/A,-9999,-9999
267,193.815727,193.815608851,-9999,1351879.3,-9999,576800.1,8.95,-1,-9999,-9999,-9999,-9999,-9999,-9999,-9999,unassigned,N/A,-9999,-9999,N/A,-9999,-9999,-9999,-9999,-9999,-9999,-9999,N/A,-9999,-9999
271,195.81107,195.810951352,-9999,16122290,-9999,555786.2,134.79,-1,-9999,-9999,-9999,-9999,-9999,-9999,-9999,unassigned,N/A,-9999,-9999,N/A,-9999,-9999,-9999,-9999,-9999,-9999,-9999,N/A,-9999,-9999
272,195.81281,195.812691352,-9999,1508785.9,-9999,618962,10.29,-1,-9999,-9999,-9999,-9999,-9999,-9999,-9999,unassigned,N/A,-9999,-9999,N/A,-9999,-9999,-9999,-9999,-9999,-9999,-9999,N/A,-9999,-9999
274,196.720363,196.720244125,-9999,1151439.4,-9999,509024.5,7.22,-1,-9999,-9999,-9999,-9999,-9999,-9999,-9999,unassigned,N/A,-9999,-9999,N/A,-9999,-9999,-9999,-9999,-9999,-9999,-9999,N/A,-9999,-9999
275,196.741936,196.74181712,-9999,1215505.5,-9999,551712.6,7.77,-1,-9999,-9999,-9999,-9999,-9999,-9999,-9999,unassigned,N/A,-9999,-9999,N/A,-9999,-9999,-9999,-9999,-9999,-9999,-9999,N/A,-9999,-9999
278,197.808109,197.807989853,-9999,20427382,-9999,545861,171.01,-1,-9999,-9999,-9999,-9999,-9999,-9999,-9999,unassigned,N/A,-9999,-9999,N/A,-9999,-9999,-9999,-9999,-9999,-9999,-9999,N/A,-9999,-9999
279,198.740037,198.73991762,-9999,1126981,-9999,533547.5,7.01,-1,-9999,-9999,-9999,-9999,-9999,-9999,-9999,unassigned,N/A,-9999,-9999,N/A,-9999,-9999,-9999,-9999,-9999,-9999,-9999,N/A,-9999,-9999
280,198.940177,198.94005757,-9999,2708181,-9999,582630.3,20.45,-1,-9999,-9999,-9999,-9999,-9999,-9999,-9999,unassigned,N/A,-9999,-9999,N/A,-9999,-9999,-9999,-9999,-9999,-9999,-9999,N/A,-9999,-9999
285,199.400643,199.400523455,-9999,1174009,-9999,574134.5,7.41,-1,-9999,-9999,-9999,-9999,-9999,-9999,-9999,unassigned,N/A,-9999,-9999,N/A,-9999,-9999,-9999,-9999,-9999,-9999,-9999,N/A,-9999,-9999
286,199.706399,199.706279378,-9999,1169168,-9999,361180.4,7.35,-1,-9999,-9999,-9999,-9999,-9999,-9999,-9999,unassigned,N/A,-9999,-9999,N/A,-9999,-9999,-9999,-9999,-9999,-9999,-9999,N/A,-9999,-9999
287,199.805165,199.805045353,-9999,9697047,-9999,536703.6,79.62,-1,-9999,-9999,-9999,-9999,-9999,-9999,-9999,unassigned,N/A,-9999,-9999,N/A,-9999,-9999,-9999,-9999,-9999,-9999,-9999,N/A,-9999,-9999
290,200.835559,200.835439096,-9999,1512798.9,-9999,535239.8,10.26,-1,-9999,-9999,-9999,-9999,-9999,-9999,-9999,unassigned,N/A,-9999,-9999,N/A,-9999,-9999,-9999,-9999,-9999,-9999,-9999,N/A,-9999,-9999
291,200.938164,200.93804407,-9999,2883941.5,-9999,557545.4,21.88,-1,-9999,-9999,-9999,-9999,-9999,-9999,-9999,unassigned,N/A,-9999,-9999,N/A,-9999,-9999,-9999,-9999,-9999,-9999,-9999,N/A,-9999,-9999
297,201.802189,201.802068854,-9999,1818523.5,-9999,549315.4,12.85,-1,-9999,-9999,-9999,-9999,-9999,-9999,-9999,unassigned,N/A,-9999,-9999,N/A,-9999,-9999,-9999,-9999,-9999,-9999,-9999,N/A,-9999,-9999
300,202.828476,202.828355597,-9999,3393493.8,-9999,549229.8,26.2,-1,-9999,-9999,-9999,-9999,-9999,-9999,-9999,unassigned,N/A,-9999,-9999,N/A,-9999,-9999,-9999,-9999,-9999,-9999,-9999,N/A,-9999,-9999
303,203.839869,203.839748344,-9999,1230985.1,-9999,506038.7,7.85,-1,-9999,-9999,-9999,-9999,-9999,-9999,-9999,unassigned,N/A,-9999,-9999,N/A,-9999,-9999,-9999,-9999,-9999,-9999,-9999,N/A,-9999,-9999
304,204.791705,204.791584106,-9999,2786613,-9999,556962.7,20.99,-1,-9999,-9999,-9999,-9999,-9999,-9999,-9999,unassigned,N/A,-9999,-9999,N/A,-9999,-9999,-9999,-9999,-9999,-9999,-9999,N/A,-9999,-9999
305,204.825526,204.825405098,-9999,4440118.5,-9999,505807.8,34.97,-1,-9999,-9999,-9999,-9999,-9999,-9999,-9999,unassigned,N/A,-9999,-9999,N/A,-9999,-9999,-9999,-9999,-9999,-9999,-9999,N/A,-9999,-9999
308,206.788753,206.788631607,-9999,1990788.5,-9999,539174.7,14.27,-1,-9999,-9999,-9999,-9999,-9999,-9999,-9999,unassigned,N/A,-9999,-9999,N/A,-9999,-9999,-9999,-9999,-9999,-9999,-9999,N/A,-9999,-9999
309,206.789608,206.789486606,-9999,2671236.5,-9999,533348.7,20.02,-1,-9999,-9999,-9999,-9999,-9999,-9999,-9999,unassigned,N/A,-9999,-9999,N/A,-9999,-9999,-9999,-9999,-9999,-9999,-9999,N/A,-9999,-9999
310,206.792118,206.791996606,-9999,2584964.5,-9999,542621.3,19.29,-1,-9999,-9999,-9999,-9999,-9999,-9999,-9999,unassigned,N/A,-9999,-9999,N/A,-9999,-9999,-9999,-9999,-9999,-9999,-9999,N/A,-9999,-9999
311,206.822577,206.822455598,-9999,2212485.8,-9999,460442.1,16.14,-1,-9999,-9999,-9999,-9999,-9999,-9999,-9999,unassigned,N/A,-9999,-9999,N/A,-9999,-9999,-9999,-9999,-9999,-9999,-9999,N/A,-9999,-9999
314,208.78669,208.786568107,-9999,2036679.1,-9999,521511,14.61,-1,-9999,-9999,-9999,-9999,-9999,-9999,-9999,unassigned,N/A,-9999,-9999,N/A,-9999,-9999,-9999,-9999,-9999,-9999,-9999,N/A,-9999,-9999
315,208.787565,208.787443107,-9999,1143751.1,-9999,500733.3,7.09,-1,-9999,-9999,-9999,-9999,-9999,-9999,-9999,unassigned,N/A,-9999,-9999,N/A,-9999,-9999,-9999,-9999,-9999,-9999,-9999,N/A,-9999,-9999
316,208.789141,208.789019106,-9999,1734855.3,-9999,571088.7,12.07,-1,-9999,-9999,-9999,-9999,-9999,-9999,-9999,unassigned,N/A,-9999,-9999,N/A,-9999,-9999,-9999,-9999,-9999,-9999,-9999,N/A,-9999,-9999
317,208.790082,208.789960106,-9999,2387143.3,-9999,557238.9,17.57,-1,-9999,-9999,-9999,-9999,-9999,-9999,-9999,unassigned,N/A,-9999,-9999,N/A,-9999,-9999,-9999,-9999,-9999,-9999,-9999,N/A,-9999,-9999
318,208.845421,208.845299092,-9999,4858569,-9999,482465.2,38.39,-1,-9999,-9999,-9999,-9999,-9999,-9999,-9999,unassigned,N/A,-9999,-9999,N/A,-9999,-9999,-9999,-9999,-9999,-9999,-9999,N/A,-9999,-9999
321,210.785488,210.785365607,-9999,1370369.8,-9999,526143.1,9,-1,-9999,-9999,-9999,-9999,-9999,-9999,-9999,unassigned,N/A,-9999,-9999,N/A,-9999,-9999,-9999,-9999,-9999,-9999,-9999,N/A,-9999,-9999
322,210.787069,210.786946607,-9999,1828353.8,-9999,577887.1,12.86,-1,-9999,-9999,-9999,-9999,-9999,-9999,-9999,unassigned,N/A,-9999,-9999,N/A,-9999,-9999,-9999,-9999,-9999,-9999,-9999,N/A,-9999,-9999
323,210.842492,210.842369593,-9999,7016707.5,-9999,494370.8,56.57,-1,-9999,-9999,-9999,-9999,-9999,-9999,-9999,unassigned,N/A,-9999,-9999,N/A,-9999,-9999,-9999,-9999,-9999,-9999,-9999,N/A,-9999,-9999
324,210.935601,210.93547857,-9999,1289094,-9999,518465.1,8.31,-1,-9999,-9999,-9999,-9999,-9999,-9999,-9999,unassigned,N/A,-9999,-9999,N/A,-9999,-9999,-9999,-9999,-9999,-9999,-9999,N/A,-9999,-9999
331,212.839525,212.839402093,-9999,3523898.5,-9999,519818,27.06,-1,-9999,-9999,-9999,-9999,-9999,-9999,-9999,unassigned,N/A,-9999,-9999,N/A,-9999,-9999,-9999,-9999,-9999,-9999,-9999,N/A,-9999,-9999
342,214.935097,214.934973569,-9999,1439862.1,-9999,548102.2,9.55,-1,-9999,-9999,-9999,-9999,-9999,-9999,-9999,unassigned,N/A,-9999,-9999,N/A,-9999,-9999,-9999,-9999,-9999,-9999,-9999,N/A,-9999,-9999
350,216.933052,216.932928069,-9999,1331637.5,-9999,480506.2,8.62,-1,-9999,-9999,-9999,-9999,-9999,-9999,-9999,unassigned,N/A,-9999,-9999,N/A,-9999,-9999,-9999,-9999,-9999,-9999,-9999,N/A,-9999,-9999
356,219.040729,219.040604542,-9999,1747972.6,-9999,483426.9,12.1,-1,-9999,-9999,-9999,-9999,-9999,-9999,-9999,unassigned,N/A,-9999,-9999,N/A,-9999,-9999,-9999,-9999,-9999,-9999,-9999,N/A,-9999,-9999
358,220.147045,220.146920266,-9999,1247413,-9999,486950.9,7.89,-1,-9999,-9999,-9999,-9999,-9999,-9999,-9999,unassigned,N/A,-9999,-9999,N/A,-9999,-9999,-9999,-9999,-9999,-9999,-9999,N/A,-9999,-9999
365,222.158169,222.158043763,-9999,1227612.4,-9999,392258.2,7.72,-1,-9999,-9999,-9999,-9999,-9999,-9999,-9999,unassigned,N/A,-9999,-9999,N/A,-9999,-9999,-9999,-9999,-9999,-9999,-9999,N/A,-9999,-9999
366,222.950393,222.950267564,-9999,2927819.5,-9999,522177.5,21.91,-1,-9999,-9999,-9999,-9999,-9999,-9999,-9999,unassigned,N/A,-9999,-9999,N/A,-9999,-9999,-9999,-9999,-9999,-9999,-9999,N/A,-9999,-9999
367,222.978637,222.978511557,-9999,2669261.3,-9999,427561.9,19.75,-1,-9999,-9999,-9999,-9999,-9999,-9999,-9999,unassigned,N/A,-9999,-9999,N/A,-9999,-9999,-9999,-9999,-9999,-9999,-9999,N/A,-9999,-9999
372,224.975657,224.975531058,-9999,1634390.5,-9999,462238,11.07,-1,-9999,-9999,-9999,-9999,-9999,-9999,-9999,unassigned,N/A,-9999,-9999,N/A,-9999,-9999,-9999,-9999,-9999,-9999,-9999,N/A,-9999,-9999
373,224.983356,224.983230056,-9999,1145431.1,-9999,365353.3,7.01,-1,-9999,-9999,-9999,-9999,-9999,-9999,-9999,unassigned,N/A,-9999,-9999,N/A,-9999,-9999,-9999,-9999,-9999,-9999,-9999,N/A,-9999,-9999
379,226.81642,226.816293597,-9999,1603055.9,-9999,494480.8,10.81,-1,-9999,-9999,-9999,-9999,-9999,-9999,-9999,unassigned,N/A,-9999,-9999,N/A,-9999,-9999,-9999,-9999,-9999,-9999,-9999,N/A,-9999,-9999
380,226.935152,226.935025568,-9999,1326842.8,-9999,381505.4,8.52,-1,-9999,-9999,-9999,-9999,-9999,-9999,-9999,unassigned,N/A,-9999,-9999,N/A,-9999,-9999,-9999,-9999,-9999,-9999,-9999,N/A,-9999,-9999
381,226.971481,226.971354559,-9999,2035966.1,-9999,493560,14.41,-1,-9999,-9999,-9999,-9999,-9999,-9999,-9999,unassigned,N/A,-9999,-9999,N/A,-9999,-9999,-9999,-9999,-9999,-9999,-9999,N/A,-9999,-9999
388,227.66752,227.667393385,-9999,1192512.6,-9999,522366.6,7.4,-1,-9999,-9999,-9999,-9999,-9999,-9999,-9999,unassigned,N/A,-9999,-9999,N/A,-9999,-9999,-9999,-9999,-9999,-9999,-9999,N/A,-9999,-9999
393,228.969456,228.969329059,-9999,2017993,-9999,532266.2,14.18,-1,-9999,-9999,-9999,-9999,-9999,-9999,-9999,unassigned,N/A,-9999,-9999,N/A,-9999,-9999,-9999,-9999,-9999,-9999,-9999,N/A,-9999,-9999
394,229.025186,229.025059045,-9999,1187919.1,-9999,438230.8,7.31,-1,-9999,-9999,-9999,-9999,-9999,-9999,-9999,unassigned,N/A,-9999,-9999,N/A,-9999,-9999,-9999,-9999,-9999,-9999,-9999,N/A,-9999,-9999
403,230.929974,230.929846569,-9999,1249462.6,-9999,599846.2,7.82,-1,-9999,-9999,-9999,-9999,-9999,-9999,-9999,unassigned,N/A,-9999,-9999,N/A,-9999,-9999,-9999,-9999,-9999,-9999,-9999,N/A,-9999,-9999
410,231.343231,231.343103465,-9999,1158510,-9999,419254.2,7.07,-1,-9999,-9999,-9999,-9999,-9999,-9999,-9999,unassigned,N/A,-9999,-9999,N/A,-9999,-9999,-9999,-9999,-9999,-9999,-9999,N/A,-9999,-9999
411,232.2919,232.291772228,-9999,1173236.6,-9999,420778.6,7.19,-1,-9999,-9999,-9999,-9999,-9999,-9999,-9999,unassigned,N/A,-9999,-9999,N/A,-9999,-9999,-9999,-9999,-9999,-9999,-9999,N/A,-9999,-9999
418,235.07446,235.074331532,-9999,1926714.5,-9999,463248.9,13.32,-1,-9999,-9999,-9999,-9999,-9999,-9999,-9999,unassigned,N/A,-9999,-9999,N/A,-9999,-9999,-9999,-9999,-9999,-9999,-9999,N/A,-9999,-9999
420,236.105586,236.105457274,-9999,10466552,-9999,426269.8,83.44,-1,-9999,-9999,-9999,-9999,-9999,-9999,-9999,unassigned,N/A,-9999,-9999,N/A,-9999,-9999,-9999,-9999,-9999,-9999,-9999,N/A,-9999,-9999
421,236.966105,236.965976059,-9999,10147231,-9999,434235.4,80.82,-1,-9999,-9999,-9999,-9999,-9999,-9999,-9999,unassigned,N/A,-9999,-9999,N/A,-9999,-9999,-9999,-9999,-9999,-9999,-9999,N/A,-9999,-9999
425,237.108999,237.108870023,-9999,1278395.1,-9999,546158.5,8,-1,-9999,-9999,-9999,-9999,-9999,-9999,-9999,unassigned,N/A,-9999,-9999,N/A,-9999,-9999,-9999,-9999,-9999,-9999,-9999,N/A,-9999,-9999
428,238.121747,238.12161777,-9999,1873546.1,-9999,435691.6,12.88,-1,-9999,-9999,-9999,-9999,-9999,-9999,-9999,unassigned,N/A,-9999,-9999,N/A,-9999,-9999,-9999,-9999,-9999,-9999,-9999,N/A,-9999,-9999
429,238.741531,238.741401615,-9999,1238029.8,-9999,312413.1,7.61,-1,-9999,-9999,-9999,-9999,-9999,-9999,-9999,unassigned,N/A,-9999,-9999,N/A,-9999,-9999,-9999,-9999,-9999,-9999,-9999,N/A,-9999,-9999
430,238.956203,238.956073561,-9999,4811068,-9999,442900.2,36.74,-1,-9999,-9999,-9999,-9999,-9999,-9999,-9999,unassigned,N/A,-9999,-9999,N/A,-9999,-9999,-9999,-9999,-9999,-9999,-9999,N/A,-9999,-9999
439,239.760634,239.76050436,-9999,1492718,-9999,487758.7,9.68,-1,-9999,-9999,-9999,-9999,-9999,-9999,-9999,unassigned,N/A,-9999,-9999,N/A,-9999,-9999,-9999,-9999,-9999,-9999,-9999,N/A,-9999,-9999
441,240.95323,240.953100062,-9999,3683584.5,-9999,440132,27.54,-1,-9999,-9999,-9999,-9999,-9999,-9999,-9999,unassigned,N/A,-9999,-9999,N/A,-9999,-9999,-9999,-9999,-9999,-9999,-9999,N/A,-9999,-9999
447,241.136666,241.136536016,-9999,26413356,-9999,428597.4,212.84,-1,-9999,-9999,-9999,-9999,-9999,-9999,-9999,unassigned,N/A,-9999,-9999,N/A,-9999,-9999,-9999,-9999,-9999,-9999,-9999,N/A,-9999,-9999
450,241.757655,241.75752486,-9999,1581504.8,-9999,493948.3,10.4,-1,-9999,-9999,-9999,-9999,-9999,-9999,-9999,unassigned,N/A,-9999,-9999,N/A,-9999,-9999,-9999,-9999,-9999,-9999,-9999,N/A,-9999,-9999
451,241.758494,241.75836386,-9999,2055360.9,-9999,429290,14.26,-1,-9999,-9999,-9999,-9999,-9999,-9999,-9999,unassigned,N/A,-9999,-9999,N/A,-9999,-9999,-9999,-9999,-9999,-9999,-9999,N/A,-9999,-9999
463,243.133717,243.133586516,-9999,10158870,-9999,421132.6,80.32,-1,-9999,-9999,-9999,-9999,-9999,-9999,-9999,unassigned,N/A,-9999,-9999,N/A,-9999,-9999,-9999,-9999,-9999,-9999,-9999,N/A,-9999,-9999
469,243.755624,243.755493361,-9999,2215349.5,-9999,463522.5,15.45,-1,-9999,-9999,-9999,-9999,-9999,-9999,-9999,unassigned,N/A,-9999,-9999,N/A,-9999,-9999,-9999,-9999,-9999,-9999,-9999,N/A,-9999,-9999
474,244.137063,244.136932265,-9999,1427736.6,-9999,438384.1,9.08,-1,-9999,-9999,-9999,-9999,-9999,-9999,-9999,unassigned,N/A,-9999,-9999,N/A,-9999,-9999,-9999,-9999,-9999,-9999,-9999,N/A,-9999,-9999
477,244.964288,244.964157058,-9999,1214323.8,-9999,403228.1,7.35,-1,-9999,-9999,-9999,-9999,-9999,-9999,-9999,unassigned,N/A,-9999,-9999,N/A,-9999,-9999,-9999,-9999,-9999,-9999,-9999,N/A,-9999,-9999
478,244.973144,244.973013056,-9999,3559670,-9999,407593.7,26.33,-1,-9999,-9999,-9999,-9999,-9999,-9999,-9999,unassigned,N/A,-9999,-9999,N/A,-9999,-9999,-9999,-9999,-9999,-9999,-9999,N/A,-9999,-9999
485,245.752543,245.752411861,-9999,1189961.1,-9999,458905.7,7.15,-1,-9999,-9999,-9999,-9999,-9999,-9999,-9999,unassigned,N/A,-9999,-9999,N/A,-9999,-9999,-9999,-9999,-9999,-9999,-9999,N/A,-9999,-9999
488,246.97022,246.970088557,-9999,2255643.5,-9999,454198.4,15.77,-1,-9999,-9999,-9999,-9999,-9999,-9999,-9999,unassigned,N/A,-9999,-9999,N/A,-9999,-9999,-9999,-9999,-9999,-9999,-9999,N/A,-9999,-9999
497,249.090152,249.090020026,-9999,2382976.3,-9999,387169.3,16.79,-1,-9999,-9999,-9999,-9999,-9999,-9999,-9999,unassigned,N/A,-9999,-9999,N/A,-9999,-9999,-9999,-9999,-9999,-9999,-9999,N/A,-9999,-9999
498,249.126505,249.126373017,-9999,2081931,-9999,477291.5,14.36,-1,-9999,-9999,-9999,-9999,-9999,-9999,-9999,unassigned,N/A,-9999,-9999,N/A,-9999,-9999,-9999,-9999,-9999,-9999,-9999,N/A,-9999,-9999
500,250.981779,250.981646553,-9999,17167290,-9999,411778.4,135.38,-1,-9999,-9999,-9999,-9999,-9999,-9999,-9999,unassigned,N/A,-9999,-9999,N/A,-9999,-9999,-9999,-9999,-9999,-9999,-9999,N/A,-9999,-9999
507,251.105785,251.105652522,-9999,2174432.3,-9999,416234.9,14.99,-1,-9999,-9999,-9999,-9999,-9999,-9999,-9999,unassigned,N/A,-9999,-9999,N/A,-9999,-9999,-9999,-9999,-9999,-9999,-9999,N/A,-9999,-9999
510,251.142154,251.142021513,-9999,1954283.4,-9999,422406.6,13.22,-1,-9999,-9999,-9999,-9999,-9999,-9999,-9999,unassigned,N/A,-9999,-9999,N/A,-9999,-9999,-9999,-9999,-9999,-9999,-9999,N/A,-9999,-9999
511,251.981387,251.981254303,-9999,1673455.4,-9999,475221.1,10.96,-1,-9999,-9999,-9999,-9999,-9999,-9999,-9999,unassigned,N/A,-9999,-9999,N/A,-9999,-9999,-9999,-9999,-9999,-9999,-9999,N/A,-9999,-9999
513,252.824077,252.823944093,-9999,1237240,-9999,324607.7,7.46,-1,-9999,-9999,-9999,-9999,-9999,-9999,-9999,unassigned,N/A,-9999,-9999,N/A,-9999,-9999,-9999,-9999,-9999,-9999,-9999,N/A,-9999,-9999
519,253.085052,253.084919027,-9999,1663306.6,-9999,439634,10.88,-1,-9999,-9999,-9999,-9999,-9999,-9999,-9999,unassigned,N/A,-9999,-9999,N/A,-9999,-9999,-9999,-9999,-9999,-9999,-9999,N/A,-9999,-9999
523,253.931756,253.931622815,-9999,1216857,-9999,362490.4,7.29,-1,-9999,-9999,-9999,-9999,-9999,-9999,-9999,unassigned,N/A,-9999,-9999,N/A,-9999,-9999,-9999,-9999,-9999,-9999,-9999,N/A,-9999,-9999
525,254.770255,254.770121606,-9999,2540648,-9999,442307.3,17.92,-1,-9999,-9999,-9999,-9999,-9999,-9999,-9999,unassigned,N/A,-9999,-9999,N/A,-9999,-9999,-9999,-9999,-9999,-9999,-9999,N/A,-9999,-9999
537,256.077321,256.077187279,-9999,1580820.1,-9999,404534.2,10.13,-1,-9999,-9999,-9999,-9999,-9999,-9999,-9999,unassigned,N/A,-9999,-9999,N/A,-9999,-9999,-9999,-9999,-9999,-9999,-9999,N/A,-9999,-9999
542,256.767243,256.767109106,-9999,4768505,-9999,433471.8,35.52,-1,-9999,-9999,-9999,-9999,-9999,-9999,-9999,unassigned,N/A,-9999,-9999,N/A,-9999,-9999,-9999,-9999,-9999,-9999,-9999,N/A,-9999,-9999
543,256.929021,256.928887066,-9999,2567470.8,-9999,427379.7,17.98,-1,-9999,-9999,-9999,-9999,-9999,-9999,-9999,unassigned,N/A,-9999,-9999,N/A,-9999,-9999,-9999,-9999,-9999,-9999,-9999,N/A,-9999,-9999
553,257.994656,257.994521799,-9999,1528467.8,-9999,530149.7,9.7,-1,-9999,-9999,-9999,-9999,-9999,-9999,-9999,unassigned,N/A,-9999,-9999,N/A,-9999,-9999,-9999,-9999,-9999,-9999,-9999,N/A,-9999,-9999
559,258.764297,258.764162607,-9999,3141015.8,-9999,419893.9,22.55,-1,-9999,-9999,-9999,-9999,-9999,-9999,-9999,unassigned,N/A,-9999,-9999,N/A,-9999,-9999,-9999,-9999,-9999,-9999,-9999,N/A,-9999,-9999
560,258.924521,258.924386567,-9999,1390542.3,-9999,272549.9,8.6,-1,-9999,-9999,-9999,-9999,-9999,-9999,-9999,unassigned,N/A,-9999,-9999,N/A,-9999,-9999,-9999,-9999,-9999,-9999,-9999,N/A,-9999,-9999
561,258.926048,258.925913566,-9999,2429646.8,-9999,399122.7,16.88,-1,-9999,-9999,-9999,-9999,-9999,-9999,-9999,unassigned,N/A,-9999,-9999,N/A,-9999,-9999,-9999,-9999,-9999,-9999,-9999,N/A,-9999,-9999
569,259.991799,259.9916643,-9999,1360954.3,-9999,416575.9,8.36,-1,-9999,-9999,-9999,-9999,-9999,-9999,-9999,unassigned,N/A,-9999,-9999,N/A,-9999,-9999,-9999,-9999,-9999,-9999,-9999,N/A,-9999,-9999
573,260.78714,260.787005101,-9999,12744779,-9999,398286.8,99.05,-1,-9999,-9999,-9999,-9999,-9999,-9999,-9999,unassigned,N/A,-9999,-9999,N/A,-9999,-9999,-9999,-9999,-9999,-9999,-9999,N/A,-9999,-9999
575,260.977024,260.976889053,-9999,2909324.8,-9999,381769.1,20.7,-1,-9999,-9999,-9999,-9999,-9999,-9999,-9999,unassigned,N/A,-9999,-9999,N/A,-9999,-9999,-9999,-9999,-9999,-9999,-9999,N/A,-9999,-9999
578,261.09015,261.090015025,-9999,1440179.8,-9999,415901.5,8.92,-1,-9999,-9999,-9999,-9999,-9999,-9999,-9999,unassigned,N/A,-9999,-9999,N/A,-9999,-9999,-9999,-9999,-9999,-9999,-9999,N/A,-9999,-9999
583,262.784234,262.784098601,-9999,19124992,-9999,397167.4,148.63,-1,-9999,-9999,-9999,-9999,-9999,-9999,-9999,unassigned,N/A,-9999,-9999,N/A,-9999,-9999,-9999,-9999,-9999,-9999,-9999,N/A,-9999,-9999
584,262.890128,262.889992575,-9999,1740323.9,-9999,404941.7,11.28,-1,-9999,-9999,-9999,-9999,-9999,-9999,-9999,unassigned,N/A,-9999,-9999,N/A,-9999,-9999,-9999,-9999,-9999,-9999,-9999,N/A,-9999,-9999
585,262.95318,262.953044559,-9999,1199929.9,-9999,443517.2,7.01,-1,-9999,-9999,-9999,-9999,-9999,-9999,-9999,unassigned,N/A,-9999,-9999,N/A,-9999,-9999,-9999,-9999,-9999,-9999,-9999,N/A,-9999,-9999
586,262.974943,262.974807554,-9999,1985345.4,-9999,411619.4,13.22,-1,-9999,-9999,-9999,-9999,-9999,-9999,-9999,unassigned,N/A,-9999,-9999,N/A,-9999,-9999,-9999,-9999,-9999,-9999,-9999,N/A,-9999,-9999
591,263.10582,263.105684521,-9999,2670447,-9999,447474.8,18.63,-1,-9999,-9999,-9999,-9999,-9999,-9999,-9999,unassigned,N/A,-9999,-9999,N/A,-9999,-9999,-9999,-9999,-9999,-9999,-9999,N/A,-9999,-9999
598,264.137493,264.137357263,-9999,1633239.5,-9999,447978.1,10.43,-1,-9999,-9999,-9999,-9999,-9999,-9999,-9999,unassigned,N/A,-9999,-9999,N/A,-9999,-9999,-9999,-9999,-9999,-9999,-9999,N/A,-9999,-9999
600,264.781277,264.781141102,-9999,13690297,-9999,395987,105.69,-1,-9999,-9999,-9999,-9999,-9999,-9999,-9999,unassigned,N/A,-9999,-9999,N/A,-9999,-9999,-9999,-9999,-9999,-9999,-9999,N/A,-9999,-9999
601,264.850725,264.850589084,-9999,1561297.4,-9999,436481.1,9.86,-1,-9999,-9999,-9999,-9999,-9999,-9999,-9999,unassigned,N/A,-9999,-9999,N/A,-9999,-9999,-9999,-9999,-9999,-9999,-9999,N/A,-9999,-9999
602,264.997441,264.997305048,-9999,4684293,-9999,414884,34.54,-1,-9999,-9999,-9999,-9999,-9999,-9999,-9999,unassigned,N/A,-9999,-9999,N/A,-9999,-9999,-9999,-9999,-9999,-9999,-9999,N/A,-9999,-9999
604,265.041314,265.041178037,-9999,13012500,-9999,394689.9,100.33,-1,-9999,-9999,-9999,-9999,-9999,-9999,-9999,unassigned,N/A,-9999,-9999,N/A,-9999,-9999,-9999,-9999,-9999,-9999,-9999,N/A,-9999,-9999
607,265.085053,265.084917026,-9999,1881123.5,-9999,420573.1,12.39,-1,-9999,-9999,-9999,-9999,-9999,-9999,-9999,unassigned,N/A,-9999,-9999,N/A,-9999,-9999,-9999,-9999,-9999,-9999,-9999,N/A,-9999,-9999
609,265.114137,265.114001019,-9999,1222189.8,-9999,487707,7.18,-1,-9999,-9999,-9999,-9999,-9999,-9999,-9999,unassigned,N/A,-9999,-9999,N/A,-9999,-9999,-9999,-9999,-9999,-9999,-9999,N/A,-9999,-9999
611,265.121447,265.121311017,-9999,2086704.3,-9999,387610.1,14.01,-1,-9999,-9999,-9999,-9999,-9999,-9999,-9999,unassigned,N/A,-9999,-9999,N/A,-9999,-9999,-9999,-9999,-9999,-9999,-9999,N/A,-9999,-9999
619,266.089704,266.089567775,-9999,14491524,-9999,385278.6,112.01,-1,-9999,-9999,-9999,-9999,-9999,-9999,-9999,unassigned,N/A,-9999,-9999,N/A,-9999,-9999,-9999,-9999,-9999,-9999,-9999,N/A,-9999,-9999
622,266.778328,266.778191602,-9999,5515382.5,-9999,401388.6,41.1,-1,-9999,-9999,-9999,-9999,-9999,-9999,-9999,unassigned,N/A,-9999,-9999,N/A,-9999,-9999,-9999,-9999,-9999,-9999,-9999,N/A,-9999,-9999
623,266.804132,266.803995596,-9999,25868416,-9999,388511.6,201.89,-1,-9999,-9999,-9999,-9999,-9999,-9999,-9999,unassigned,N/A,-9999,-9999,N/A,-9999,-9999,-9999,-9999,-9999,-9999,-9999,N/A,-9999,-9999
624,266.848735,266.848598585,-9999,2927759.5,-9999,399175,20.65,-1,-9999,-9999,-9999,-9999,-9999,-9999,-9999,unassigned,N/A,-9999,-9999,N/A,-9999,-9999,-9999,-9999,-9999,-9999,-9999,N/A,-9999,-9999
627,267.038382,267.038245537,-9999,1584082.1,-9999,454844.8,10.04,-1,-9999,-9999,-9999,-9999,-9999,-9999,-9999,unassigned,N/A,-9999,-9999,N/A,-9999,-9999,-9999,-9999,-9999,-9999,-9999,N/A,-9999,-9999
631,267.0965,267.096363523,-9999,1532646.6,-9999,418434,9.63,-1,-9999,-9999,-9999,-9999,-9999,-9999,-9999,unassigned,N/A,-9999,-9999,N/A,-9999,-9999,-9999,-9999,-9999,-9999,-9999,N/A,-9999,-9999
635,267.129745,267.129608514,-9999,3781874.3,-9999,435853.2,27.4,-1,-9999,-9999,-9999,-9999,-9999,-9999,-9999,unassigned,N/A,-9999,-9999,N/A,-9999,-9999,-9999,-9999,-9999,-9999,-9999,N/A,-9999,-9999
637,267.15474,267.154603508,-9999,1220347.1,-9999,480074.4,7.16,-1,-9999,-9999,-9999,-9999,-9999,-9999,-9999,unassigned,N/A,-9999,-9999,N/A,-9999,-9999,-9999,-9999,-9999,-9999,-9999,N/A,-9999,-9999
643,268.775412,268.775275103,-9999,1516085.4,-9999,435143.4,9.41,-1,-9999,-9999,-9999,-9999,-9999,-9999,-9999,unassigned,N/A,-9999,-9999,N/A,-9999,-9999,-9999,-9999,-9999,-9999,-9999,N/A,-9999,-9999
644,268.801165,268.801028096,-9999,49482560,-9999,387866.2,385.09,-1,-9999,-9999,-9999,-9999,-9999,-9999,-9999,unassigned,N/A,-9999,-9999,N/A,-9999,-9999,-9999,-9999,-9999,-9999,-9999,N/A,-9999,-9999
645,268.846683,268.846546085,-9999,1946446.4,-9999,437010.1,12.78,-1,-9999,-9999,-9999,-9999,-9999,-9999,-9999,unassigned,N/A,-9999,-9999,N/A,-9999,-9999,-9999,-9999,-9999,-9999,-9999,N/A,-9999,-9999
650,269.116364,269.116227018,-9999,1510189.3,-9999,327988.7,9.37,-1,-9999,-9999,-9999,-9999,-9999,-9999,-9999,unassigned,N/A,-9999,-9999,N/A,-9999,-9999,-9999,-9999,-9999,-9999,-9999,N/A,-9999,-9999
662,270.798217,270.798079597,-9999,33664508,-9999,381357.4,261.2,-1,-9999,-9999,-9999,-9999,-9999,-9999,-9999,unassigned,N/A,-9999,-9999,N/A,-9999,-9999,-9999,-9999,-9999,-9999,-9999,N/A,-9999,-9999
663,270.84574,270.845602585,-9999,1489164.3,-9999,401016.3,9.2,-1,-9999,-9999,-9999,-9999,-9999,-9999,-9999,unassigned,N/A,-9999,-9999,N/A,-9999,-9999,-9999,-9999,-9999,-9999,-9999,N/A,-9999,-9999
664,270.961435,270.961297556,-9999,1677876.8,-9999,405130.4,10.67,-1,-9999,-9999,-9999,-9999,-9999,-9999,-9999,unassigned,N/A,-9999,-9999,N/A,-9999,-9999,-9999,-9999,-9999,-9999,-9999,N/A,-9999,-9999
677,272.795294,272.795156097,-9999,10320053,-9999,390850.5,78.36,-1,-9999,-9999,-9999,-9999,-9999,-9999,-9999,unassigned,N/A,-9999,-9999,N/A,-9999,-9999,-9999,-9999,-9999,-9999,-9999,N/A,-9999,-9999
678,272.842724,272.842586086,-9999,1243077,-9999,440390.1,7.26,-1,-9999,-9999,-9999,-9999,-9999,-9999,-9999,unassigned,N/A,-9999,-9999,N/A,-9999,-9999,-9999,-9999,-9999,-9999,-9999,N/A,-9999,-9999
686,273.972245,273.972106803,-9999,3951180.3,-9999,373459.2,28.22,-1,-9999,-9999,-9999,-9999,-9999,-9999,-9999,unassigned,N/A,-9999,-9999,N/A,-9999,-9999,-9999,-9999,-9999,-9999,-9999,N/A,-9999,-9999
690,274.792347,274.792208598,-9999,1632358.8,-9999,377426.2,10.22,-1,-9999,-9999,-9999,-9999,-9999,-9999,-9999,unassigned,N/A,-9999,-9999,N/A,-9999,-9999,-9999,-9999,-9999,-9999,-9999,N/A,-9999,-9999
698,275.178571,275.178432501,-9999,1480171.3,-9999,362509.9,9.03,-1,-9999,-9999,-9999,-9999,-9999,-9999,-9999,unassigned,N/A,-9999,-9999,N/A,-9999,-9999,-9999,-9999,-9999,-9999,-9999,N/A,-9999,-9999
700,275.234561,275.234422487,-9999,1302718.4,-9999,281664.1,7.66,-1,-9999,-9999,-9999,-9999,-9999,-9999,-9999,unassigned,N/A,-9999,-9999,N/A,-9999,-9999,-9999,-9999,-9999,-9999,-9999,N/A,-9999,-9999
701,275.76233,275.762191355,-9999,1242034.8,-9999,396753.3,7.18,-1,-9999,-9999,-9999,-9999,-9999,-9999,-9999,unassigned,N/A,-9999,-9999,N/A,-9999,-9999,-9999,-9999,-9999,-9999,-9999,N/A,-9999,-9999
702,275.969317,275.969178303,-9999,2920185.3,-9999,384098.7,20.21,-1,-9999,-9999,-9999,-9999,-9999,-9999,-9999,unassigned,N/A,-9999,-9999,N/A,-9999,-9999,-9999,-9999,-9999,-9999,-9999,N/A,-9999,-9999
706,276.850661,276.850522083,-9999,2298148.3,-9999,365331.8,15.38,-1,-9999,-9999,-9999,-9999,-9999,-9999,-9999,unassigned,N/A,-9999,-9999,N/A,-9999,-9999,-9999,-9999,-9999,-9999,-9999,N/A,-9999,-9999
707,276.968701,276.968562054,-9999,2682956,-9999,391707.1,18.36,-1,-9999,-9999,-9999,-9999,-9999,-9999,-9999,unassigned,N/A,-9999,-9999,N/A,-9999,-9999,-9999,-9999,-9999,-9999,-9999,N/A,-9999,-9999
711,277.055193,277.055054032,-9999,2375017.3,-9999,351781.2,15.97,-1,-9999,-9999,-9999,-9999,-9999,-9999,-9999,unassigned,N/A,-9999,-9999,N/A,-9999,-9999,-9999,-9999,-9999,-9999,-9999,N/A,-9999,-9999
717,277.121456,277.121317015,-9999,1930879.6,-9999,479823.1,12.53,-1,-9999,-9999,-9999,-9999,-9999,-9999,-9999,unassigned,N/A,-9999,-9999,N/A,-9999,-9999,-9999,-9999,-9999,-9999,-9999,N/A,-9999,-9999
729,278.758218,278.758078606,-9999,1937314.9,-9999,356209.4,12.57,-1,-9999,-9999,-9999,-9999,-9999,-9999,-9999,unassigned,N/A,-9999,-9999,N/A,-9999,-9999,-9999,-9999,-9999,-9999,-9999,N/A,-9999,-9999
730,278.848737,278.848597583,-9999,4294849,-9999,365129.3,30.87,-1,-9999,-9999,-9999,-9999,-9999,-9999,-9999,unassigned,N/A,-9999,-9999,N/A,-9999,-9999,-9999,-9999,-9999,-9999,-9999,N/A,-9999,-9999
731,278.885104,278.884964574,-9999,1770445,-9999,393665.8,11.28,-1,-9999,-9999,-9999,-9999,-9999,-9999,-9999,unassigned,N/A,-9999,-9999,N/A,-9999,-9999,-9999,-9999,-9999,-9999,-9999,N/A,-9999,-9999
733,279.020534,279.02039454,-9999,2521337.8,-9999,405423.3,17.1,-1,-9999,-9999,-9999,-9999,-9999,-9999,-9999,unassigned,N/A,-9999,-9999,N/A,-9999,-9999,-9999,-9999,-9999,-9999,-9999,N/A,-9999,-9999
735,279.056949,279.056809531,-9999,141154560,-9999,372270.6,1093.13,-1,-9999,-9999,-9999,-9999,-9999,-9999,-9999,unassigned,N/A,-9999,-9999,N/A,-9999,-9999,-9999,-9999,-9999,-9999,-9999,N/A,-9999,-9999
743,279.148359,279.148219508,-9999,10430756,-9999,390063.2,78.49,-1,-9999,-9999,-9999,-9999,-9999,-9999,-9999,unassigned,N/A,-9999,-9999,N/A,-9999,-9999,-9999,-9999,-9999,-9999,-9999,N/A,-9999,-9999
744,279.154917,279.154777507,-9999,3490598.3,-9999,385749.3,24.63,-1,-9999,-9999,-9999,-9999,-9999,-9999,-9999,unassigned,N/A,-9999,-9999,N/A,-9999,-9999,-9999,-9999,-9999,-9999,-9999,N/A,-9999,-9999
751,280.06895,280.068810278,-9999,49183316,-9999,367274.8,379.28,-1,-9999,-9999,-9999,-9999,-9999,-9999,-9999,unassigned,N/A,-9999,-9999,N/A,-9999,-9999,-9999,-9999,-9999,-9999,-9999,N/A,-9999,-9999
755,280.150122,280.149982258,-9999,10672749,-9999,378593.7,80.37,-1,-9999,-9999,-9999,-9999,-9999,-9999,-9999,unassigned,N/A,-9999,-9999,N/A,-9999,-9999,-9999,-9999,-9999,-9999,-9999,N/A,-9999,-9999
757,280.158213,280.158073256,-9999,1326063.4,-9999,329283.6,7.82,-1,-9999,-9999,-9999,-9999,-9999,-9999,-9999,unassigned,N/A,-9999,-9999,N/A,-9999,-9999,-9999,-9999,-9999,-9999,-9999,N/A,-9999,-9999
759,280.846719,280.846579084,-9999,2289998.8,-9999,434047.1,15.3,-1,-9999,-9999,-9999,-9999,-9999,-9999,-9999,unassigned,N/A,-9999,-9999,N/A,-9999,-9999,-9999,-9999,-9999,-9999,-9999,N/A,-9999,-9999
762,281.06124,281.06110003,-9999,1644180.1,-9999,454171.2,10.14,-1,-9999,-9999,-9999,-9999,-9999,-9999,-9999,unassigned,N/A,-9999,-9999,N/A,-9999,-9999,-9999,-9999,-9999,-9999,-9999,N/A,-9999,-9999
765,281.080015,281.079875025,-9999,1494938.1,-9999,410250.5,9,-1,-9999,-9999,-9999,-9999,-9999,-9999,-9999,unassigned,N/A,-9999,-9999,N/A,-9999,-9999,-9999,-9999,-9999,-9999,-9999,N/A,-9999,-9999
767,281.097686,281.097546021,-9999,1569183.9,-9999,466705.6,9.56,-1,-9999,-9999,-9999,-9999,-9999,-9999,-9999,unassigned,N/A,-9999,-9999,N/A,-9999,-9999,-9999,-9999,-9999,-9999,-9999,N/A,-9999,-9999
770,281.1121,281.111960017,-9999,3076516.5,-9999,395695.2,21.09,-1,-9999,-9999,-9999,-9999,-9999,-9999,-9999,unassigned,N/A,-9999,-9999,N/A,-9999,-9999,-9999,-9999,-9999,-9999,-9999,N/A,-9999,-9999
771,281.116381,281.116241016,-9999,2845093.8,-9999,370295.1,19.32,-1,-9999,-9999,-9999,-9999,-9999,-9999,-9999,unassigned,N/A,-9999,-9999,N/A,-9999,-9999,-9999,-9999,-9999,-9999,-9999,N/A,-9999,-9999
773,281.145408,281.145268009,-9999,3155375.3,-9999,375065.8,21.69,-1,-9999,-9999,-9999,-9999,-9999,-9999,-9999,unassigned,N/A,-9999,-9999,N/A,-9999,-9999,-9999,-9999,-9999,-9999,-9999,N/A,-9999,-9999
775,281.170555,281.170415003,-9999,2731959.3,-9999,399248.9,18.45,-1,-9999,-9999,-9999,-9999,-9999,-9999,-9999,unassigned,N/A,-9999,-9999,N/A,-9999,-9999,-9999,-9999,-9999,-9999,-9999,N/A,-9999,-9999
779,282.084636,282.084495774,-9999,3723995.5,-9999,379783.6,26.04,-1,-9999,-9999,-9999,-9999,-9999,-9999,-9999,unassigned,N/A,-9999,-9999,N/A,-9999,-9999,-9999,-9999,-9999,-9999,-9999,N/A,-9999,-9999
780,282.11167,282.111529767,-9999,1334244.1,-9999,394380,7.76,-1,-9999,-9999,-9999,-9999,-9999,-9999,-9999,unassigned,N/A,-9999,-9999,N/A,-9999,-9999,-9999,-9999,-9999,-9999,-9999,N/A,-9999,-9999
782,282.778036,282.777895601,-9999,5460406.5,-9999,386837.2,39.31,-1,-9999,-9999,-9999,-9999,-9999,-9999,-9999,unassigned,N/A,-9999,-9999,N/A,-9999,-9999,-9999,-9999,-9999,-9999,-9999,N/A,-9999,-9999
783,282.91727,282.917129566,-9999,6452706,-9999,374400.8,46.9,-1,-9999,-9999,-9999,-9999,-9999,-9999,-9999,unassigned,N/A,-9999,-9999,N/A,-9999,-9999,-9999,-9999,-9999,-9999,-9999,N/A,-9999,-9999
790,283.11343,283.113289517,-9999,1398559.6,-9999,433763.7,8.25,-1,-9999,-9999,-9999,-9999,-9999,-9999,-9999,unassigned,N/A,-9999,-9999,N/A,-9999,-9999,-9999,-9999,-9999,-9999,-9999,N/A,-9999,-9999
799,283.916822,283.916681316,-9999,1442841,-9999,365634.3,8.59,-1,-9999,-9999,-9999,-9999,-9999,-9999,-9999,unassigned,N/A,-9999,-9999,N/A,-9999,-9999,-9999,-9999,-9999,-9999,-9999,N/A,-9999,-9999
804,284.775117,284.774976101,-9999,8468512,-9999,369833.9,62.31,-1,-9999,-9999,-9999,-9999,-9999,-9999,-9999,unassigned,N/A,-9999,-9999,N/A,-9999,-9999,-9999,-9999,-9999,-9999,-9999,N/A,-9999,-9999
805,284.91425,284.914109066,-9999,1729097.8,-9999,398483.5,10.78,-1,-9999,-9999,-9999,-9999,-9999,-9999,-9999,unassigned,N/A,-9999,-9999,N/A,-9999,-9999,-9999,-9999,-9999,-9999,-9999,N/A,-9999,-9999
808,285.092712,285.092571022,-9999,2375295.8,-9999,361214.9,15.72,-1,-9999,-9999,-9999,-9999,-9999,-9999,-9999,unassigned,N/A,-9999,-9999,N/A,-9999,-9999,-9999,-9999,-9999,-9999,-9999,N/A,-9999,-9999
815,285.202223,285.202081994,-9999,1470880.8,-9999,371286.2,8.8,-1,-9999,-9999,-9999,-9999,-9999,-9999,-9999,unassigned,N/A,-9999,-9999,N/A,-9999,-9999,-9999,-9999,-9999,-9999,-9999,N/A,-9999,-9999
817,285.332075,285.331933962,-9999,1272903.8,-9999,334673.5,7.29,-1,-9999,-9999,-9999,-9999,-9999,-9999,-9999,unassigned,N/A,-9999,-9999,N/A,-9999,-9999,-9999,-9999,-9999,-9999,-9999,N/A,-9999,-9999
818,286.071514,286.071372777,-9999,1438628.4,-9999,415944.5,8.55,-1,-9999,-9999,-9999,-9999,-9999,-9999,-9999,unassigned,N/A,-9999,-9999,N/A,-9999,-9999,-9999,-9999,-9999,-9999,-9999,N/A,-9999,-9999
819,286.137942,286.13780076,-9999,1457848,-9999,379868.6,8.7,-1,-9999,-9999,-9999,-9999,-9999,-9999,-9999,unassigned,N/A,-9999,-9999,N/A,-9999,-9999,-9999,-9999,-9999,-9999,-9999,N/A,-9999,-9999
823,286.772184,286.772042602,-9999,6063730.5,-9999,351599.8,43.92,-1,-9999,-9999,-9999,-9999,-9999,-9999,-9999,unassigned,N/A,-9999,-9999,N/A,-9999,-9999,-9999,-9999,-9999,-9999,-9999,N/A,-9999,-9999
824,286.925317,286.925175563,-9999,1457823.1,-9999,385957.8,8.7,-1,-9999,-9999,-9999,-9999,-9999,-9999,-9999,unassigned,N/A,-9999,-9999,N/A,-9999,-9999,-9999,-9999,-9999,-9999,-9999,N/A,-9999,-9999
835,288.05888,288.05873828,-9999,3260902,-9999,362052.7,22.48,-1,-9999,-9999,-9999,-9999,-9999,-9999,-9999,unassigned,N/A,-9999,-9999,N/A,-9999,-9999,-9999,-9999,-9999,-9999,-9999,N/A,-9999,-9999
839,288.769253,288.769111102,-9999,1358511.4,-9999,438091.2,7.81,-1,-9999,-9999,-9999,-9999,-9999,-9999,-9999,unassigned,N/A,-9999,-9999,N/A,-9999,-9999,-9999,-9999,-9999,-9999,-9999,N/A,-9999,-9999
842,289.052547,289.052405031,-9999,8860927,-9999,358598.1,64.25,-1,-9999,-9999,-9999,-9999,-9999,-9999,-9999,unassigned,N/A,-9999,-9999,N/A,-9999,-9999,-9999,-9999,-9999,-9999,-9999,N/A,-9999,-9999
853,289.990911,289.990768796,-9999,1463555.9,-9999,358906.5,8.6,-1,-9999,-9999,-9999,-9999,-9999,-9999,-9999,unassigned,N/A,-9999,-9999,N/A,-9999,-9999,-9999,-9999,-9999,-9999,-9999,N/A,-9999,-9999
855,290.879513,290.879370574,-9999,1328503,-9999,313790.5,7.58,-1,-9999,-9999,-9999,-9999,-9999,-9999,-9999,unassigned,N/A,-9999,-9999,N/A,-9999,-9999,-9999,-9999,-9999,-9999,-9999,N/A,-9999,-9999
856,290.98437,290.984227548,-9999,3348755.5,-9999,353471.4,22.78,-1,-9999,-9999,-9999,-9999,-9999,-9999,-9999,unassigned,N/A,-9999,-9999,N/A,-9999,-9999,-9999,-9999,-9999,-9999,-9999,N/A,-9999,-9999
865,291.154905,291.154762505,-9999,1540929.6,-9999,446749.2,9.18,-1,-9999,-9999,-9999,-9999,-9999,-9999,-9999,unassigned,N/A,-9999,-9999,N/A,-9999,-9999,-9999,-9999,-9999,-9999,-9999,N/A,-9999,-9999
868,291.191393,291.191250496,-9999,1253707.4,-9999,356880.1,7.01,-1,-9999,-9999,-9999,-9999,-9999,-9999,-9999,unassigned,N/A,-9999,-9999,N/A,-9999,-9999,-9999,-9999,-9999,-9999,-9999,N/A,-9999,-9999
875,292.84567,292.845527082,-9999,2740484.3,-9999,371023.2,18.2,-1,-9999,-9999,-9999,-9999,-9999,-9999,-9999,unassigned,N/A,-9999,-9999,N/A,-9999,-9999,-9999,-9999,-9999,-9999,-9999,N/A,-9999,-9999
876,293.010748,293.010605041,-9999,1900847.6,-9999,392897.6,11.88,-1,-9999,-9999,-9999,-9999,-9999,-9999,-9999,unassigned,N/A,-9999,-9999,N/A,-9999,-9999,-9999,-9999,-9999,-9999,-9999,N/A,-9999,-9999
878,293.036228,293.036085035,-9999,18688310,-9999,343798.1,138.17,-1,-9999,-9999,-9999,-9999,-9999,-9999,-9999,unassigned,N/A,-9999,-9999,N/A,-9999,-9999,-9999,-9999,-9999,-9999,-9999,N/A,-9999,-9999
879,293.054874,293.05473103,-9999,3841851.3,-9999,361419.4,26.48,-1,-9999,-9999,-9999,-9999,-9999,-9999,-9999,unassigned,N/A,-9999,-9999,N/A,-9999,-9999,-9999,-9999,-9999,-9999,-9999,N/A,-9999,-9999
881,293.080019,293.079876024,-9999,1811521.9,-9999,388383.5,11.21,-1,-9999,-9999,-9999,-9999,-9999,-9999,-9999,unassigned,N/A,-9999,-9999,N/A,-9999,-9999,-9999,-9999,-9999,-9999,-9999,N/A,-9999,-9999
882,293.097864,293.097721019,-9999,1253702.5,-9999,425941.3,7.01,-1,-9999,-9999,-9999,-9999,-9999,-9999,-9999,unassigned,N/A,-9999,-9999,N/A,-9999,-9999,-9999,-9999,-9999,-9999,-9999,N/A,-9999,-9999
885,293.116403,293.116260015,-9999,2932555.3,-9999,371437.3,19.64,-1,-9999,-9999,-9999,-9999,-9999,-9999,-9999,unassigned,N/A,-9999,-9999,N/A,-9999,-9999,-9999,-9999,-9999,-9999,-9999,N/A,-9999,-9999
886,293.134254,293.13411101,-9999,1732176,-9999,390515.1,10.61,-1,-9999,-9999,-9999,-9999,-9999,-9999,-9999,unassigned,N/A,-9999,-9999,N/A,-9999,-9999,-9999,-9999,-9999,-9999,-9999,N/A,-9999,-9999
889,293.152778,293.152635006,-9999,6732117,-9999,355071.8,48.23,-1,-9999,-9999,-9999,-9999,-9999,-9999,-9999,unassigned,N/A,-9999,-9999,N/A,-9999,-9999,-9999,-9999,-9999,-9999,-9999,N/A,-9999,-9999
891,293.17053,293.170387001,-9999,7402841.5,-9999,362158.9,53.27,-1,-9999,-9999,-9999,-9999,-9999,-9999,-9999,unassigned,N/A,-9999,-9999,N/A,-9999,-9999,-9999,-9999,-9999,-9999,-9999,N/A,-9999,-9999
893,293.206926,293.206782992,-9999,10760547,-9999,351978.2,78.53,-1,-9999,-9999,-9999,-9999,-9999,-9999,-9999,unassigned,N/A,-9999,-9999,N/A,-9999,-9999,-9999,-9999,-9999,-9999,-9999,N/A,-9999,-9999
898,294.173912,294.17376875,-9999,1560158,-9999,371394.9,9.31,-1,-9999,-9999,-9999,-9999,-9999,-9999,-9999,unassigned,N/A,-9999,-9999,N/A,-9999,-9999,-9999,-9999,-9999,-9999,-9999,N/A,-9999,-9999
902,294.210259,294.210115741,-9999,2531431.5,-9999,353173.1,16.62,-1,-9999,-9999,-9999,-9999,-9999,-9999,-9999,unassigned,N/A,-9999,-9999,N/A,-9999,-9999,-9999,-9999,-9999,-9999,-9999,N/A,-9999,-9999
904,294.843653,294.843509583,-9999,6933258,-9999,372641.9,49.74,-1,-9999,-9999,-9999,-9999,-9999,-9999,-9999,unassigned,N/A,-9999,-9999,N/A,-9999,-9999,-9999,-9999,-9999,-9999,-9999,N/A,-9999,-9999
905,294.879871,294.879727574,-9999,1408787,-9999,309245.4,8.17,-1,-9999,-9999,-9999,-9999,-9999,-9999,-9999,unassigned,N/A,-9999,-9999,N/A,-9999,-9999,-9999,-9999,-9999,-9999,-9999,N/A,-9999,-9999
909,295.094031,295.09388752,-9999,1484105.6,-9999,373545.4,8.74,-1,-9999,-9999,-9999,-9999,-9999,-9999,-9999,unassigned,N/A,-9999,-9999,N/A,-9999,-9999,-9999,-9999,-9999,-9999,-9999,N/A,-9999,-9999
910,295.095689,295.09554552,-9999,2058570,-9999,405778.2,13.06,-1,-9999,-9999,-9999,-9999,-9999,-9999,-9999,unassigned,N/A,-9999,-9999,N/A,-9999,-9999,-9999,-9999,-9999,-9999,-9999,N/A,-9999,-9999
912,295.132059,295.131915511,-9999,3130707.3,-9999,362781.2,21.13,-1,-9999,-9999,-9999,-9999,-9999,-9999,-9999,unassigned,N/A,-9999,-9999,N/A,-9999,-9999,-9999,-9999,-9999,-9999,-9999,N/A,-9999,-9999
915,295.149781,295.149637506,-9999,1986647.8,-9999,381081,12.52,-1,-9999,-9999,-9999,-9999,-9999,-9999,-9999,unassigned,N/A,-9999,-9999,N/A,-9999,-9999,-9999,-9999,-9999,-9999,-9999,N/A,-9999,-9999
920,295.18621,295.186066497,-9999,3130721,-9999,361728.3,21.13,-1,-9999,-9999,-9999,-9999,-9999,-9999,-9999,unassigned,N/A,-9999,-9999,N/A,-9999,-9999,-9999,-9999,-9999,-9999,-9999,N/A,-9999,-9999
924,296.063733,296.063589278,-9999,1407550.5,-9999,368030.7,8.16,-1,-9999,-9999,-9999,-9999,-9999,-9999,-9999,unassigned,N/A,-9999,-9999,N/A,-9999,-9999,-9999,-9999,-9999,-9999,-9999,N/A,-9999,-9999
925,296.100283,296.100139268,-9999,6172743.5,-9999,349874.5,43.28,-1,-9999,-9999,-9999,-9999,-9999,-9999,-9999,unassigned,N/A,-9999,-9999,N/A,-9999,-9999,-9999,-9999,-9999,-9999,-9999,N/A,-9999,-9999
926,296.127335,296.127191262,-9999,1347790.4,-9999,340188.9,7.58,-1,-9999,-9999,-9999,-9999,-9999,-9999,-9999,unassigned,N/A,-9999,-9999,N/A,-9999,-9999,-9999,-9999,-9999,-9999,-9999,N/A,-9999,-9999
927,296.181394,296.181250248,-9999,4270172,-9999,348273.1,29.2,-1,-9999,-9999,-9999,-9999,-9999,-9999,-9999,unassigned,N/A,-9999,-9999,N/A,-9999,-9999,-9999,-9999,-9999,-9999,-9999,N/A,-9999,-9999
929,296.841612,296.841468083,-9999,3587840.5,-9999,338030.3,24.15,-1,-9999,-9999,-9999,-9999,-9999,-9999,-9999,unassigned,N/A,-9999,-9999,N/A,-9999,-9999,-9999,-9999,-9999,-9999,-9999,N/A,-9999,-9999
930,296.914869,296.914725065,-9999,5038355,-9999,354072.5,34.88,-1,-9999,-9999,-9999,-9999,-9999,-9999,-9999,unassigned,N/A,-9999,-9999,N/A,-9999,-9999,-9999,-9999,-9999,-9999,-9999,N/A,-9999,-9999
931,296.932904,296.93276006,-9999,14841111,-9999,352331.8,107.4,-1,-9999,-9999,-9999,-9999,-9999,-9999,-9999,unassigned,N/A,-9999,-9999,N/A,-9999,-9999,-9999,-9999,-9999,-9999,-9999,N/A,-9999,-9999
932,296.936026,296.935882059,-9999,3268888,-9999,312918.8,21.79,-1,-9999,-9999,-9999,-9999,-9999,-9999,-9999,unassigned,N/A,-9999,-9999,N/A,-9999,-9999,-9999,-9999,-9999,-9999,-9999,N/A,-9999,-9999
942,297.165505,297.165361002,-9999,1686608.9,-9999,409162.1,10.09,-1,-9999,-9999,-9999,-9999,-9999,-9999,-9999,unassigned,N/A,-9999,-9999,N/A,-9999,-9999,-9999,-9999,-9999,-9999,-9999,N/A,-9999,-9999
946,297.932471,297.93232681,-9999,2751501.5,-9999,356987.1,17.96,-1,-9999,-9999,-9999,-9999,-9999,-9999,-9999,unassigned,N/A,-9999,-9999,N/A,-9999,-9999,-9999,-9999,-9999,-9999,-9999,N/A,-9999,-9999
953,298.911936,298.911791565,-9999,6036220,-9999,348516.9,42.26,-1,-9999,-9999,-9999,-9999,-9999,-9999,-9999,unassigned,N/A,-9999,-9999,N/A,-9999,-9999,-9999,-9999,-9999,-9999,-9999,N/A,-9999,-9999
954,298.929963,298.929818561,-9999,5688064.5,-9999,347382.5,39.69,-1,-9999,-9999,-9999,-9999,-9999,-9999,-9999,unassigned,N/A,-9999,-9999,N/A,-9999,-9999,-9999,-9999,-9999,-9999,-9999,N/A,-9999,-9999
963,299.159969,299.159824503,-9999,1372087.9,-9999,321033.5,7.76,-1,-9999,-9999,-9999,-9999,-9999,-9999,-9999,unassigned,N/A,-9999,-9999,N/A,-9999,-9999,-9999,-9999,-9999,-9999,-9999,N/A,-9999,-9999
965,299.180805,299.180660498,-9999,1960509,-9999,330841.8,12.11,-1,-9999,-9999,-9999,-9999,-9999,-9999,-9999,unassigned,N/A,-9999,-9999,N/A,-9999,-9999,-9999,-9999,-9999,-9999,-9999,N/A,-9999,-9999
969,299.929321,299.929176311,-9999,1685232.9,-9999,307584.8,10.07,-1,-9999,-9999,-9999,-9999,-9999,-9999,-9999,unassigned,N/A,-9999,-9999,N/A,-9999,-9999,-9999,-9999,-9999,-9999,-9999,N/A,-9999,-9999
977,300.809823,300.80967809,-9999,2499778.8,-9999,358142.3,16.1,-1,-9999,-9999,-9999,-9999,-9999,-9999,-9999,unassigned,N/A,-9999,-9999,N/A,-9999,-9999,-9999,-9999,-9999,-9999,-9999,N/A,-9999,-9999
978,300.909028,300.908883066,-9999,2344922.3,-9999,329113,14.95,-1,-9999,-9999,-9999,-9999,-9999,-9999,-9999,unassigned,N/A,-9999,-9999,N/A,-9999,-9999,-9999,-9999,-9999,-9999,-9999,N/A,-9999,-9999
979,300.92782,300.927675061,-9999,1685982.6,-9999,341035.8,10.08,-1,-9999,-9999,-9999,-9999,-9999,-9999,-9999,unassigned,N/A,-9999,-9999,N/A,-9999,-9999,-9999,-9999,-9999,-9999,-9999,N/A,-9999,-9999
980,301.034791,301.034646034,-9999,9167096,-9999,321917.2,65.42,-1,-9999,-9999,-9999,-9999,-9999,-9999,-9999,unassigned,N/A,-9999,-9999,N/A,-9999,-9999,-9999,-9999,-9999,-9999,-9999,N/A,-9999,-9999
992,301.207731,301.207585991,-9999,1313056.9,-9999,380112,7.32,-1,-9999,-9999,-9999,-9999,-9999,-9999,-9999,unassigned,N/A,-9999,-9999,N/A,-9999,-9999,-9999,-9999,-9999,-9999,-9999,N/A,-9999,-9999
994,302.066405,302.066259776,-9999,36639212,-9999,338591.6,268.65,-1,-9999,-9999,-9999,-9999,-9999,-9999,-9999,unassigned,N/A,-9999,-9999,N/A,-9999,-9999,-9999,-9999,-9999,-9999,-9999,N/A,-9999,-9999
1002,302.931886,302.93174056,-9999,4676277,-9999,363203,32.2,-1,-9999,-9999,-9999,-9999,-9999,-9999,-9999,unassigned,N/A,-9999,-9999,N/A,-9999,-9999,-9999,-9999,-9999,-9999,-9999,N/A,-9999,-9999
1004,303.03181,303.031664535,-9999,3123916.3,-9999,360570.9,20.71,-1,-9999,-9999,-9999,-9999,-9999,-9999,-9999,unassigned,N/A,-9999,-9999,N/A,-9999,-9999,-9999,-9999,-9999,-9999,-9999,N/A,-9999,-9999
1014,303.154932,303.154786504,-9999,2547945,-9999,348575.8,16.45,-1,-9999,-9999,-9999,-9999,-9999,-9999,-9999,unassigned,N/A,-9999,-9999,N/A,-9999,-9999,-9999,-9999,-9999,-9999,-9999,N/A,-9999,-9999
1020,304.053801,304.053655279,-9999,1421241.1,-9999,393417.2,8.11,-1,-9999,-9999,-9999,-9999,-9999,-9999,-9999,unassigned,N/A,-9999,-9999,N/A,-9999,-9999,-9999,-9999,-9999,-9999,-9999,N/A,-9999,-9999
1021,304.063454,304.063308277,-9999,9532347,-9999,338731.3,68.12,-1,-9999,-9999,-9999,-9999,-9999,-9999,-9999,unassigned,N/A,-9999,-9999,N/A,-9999,-9999,-9999,-9999,-9999,-9999,-9999,N/A,-9999,-9999
1025,304.882115,304.881969072,-9999,8146040,-9999,333295.4,56.86,-1,-9999,-9999,-9999,-9999,-9999,-9999,-9999,unassigned,N/A,-9999,-9999,N/A,-9999,-9999,-9999,-9999,-9999,-9999,-9999,N/A,-9999,-9999
1026,304.928889,304.92874306,-9999,3510914.5,-9999,344227.2,23.16,-1,-9999,-9999,-9999,-9999,-9999,-9999,-9999,unassigned,N/A,-9999,-9999,N/A,-9999,-9999,-9999,-9999,-9999,-9999,-9999,N/A,-9999,-9999
1028,305.04742,305.047274031,-9999,3921053.8,-9999,357503.9,26.14,-1,-9999,-9999,-9999,-9999,-9999,-9999,-9999,unassigned,N/A,-9999,-9999,N/A,-9999,-9999,-9999,-9999,-9999,-9999,-9999,N/A,-9999,-9999
1030,305.080085,305.079939022,-9999,1548709.1,-9999,383631.7,8.9,-1,-9999,-9999,-9999,-9999,-9999,-9999,-9999,unassigned,N/A,-9999,-9999,N/A,-9999,-9999,-9999,-9999,-9999,-9999,-9999,N/A,-9999,-9999
1032,305.116421,305.116275013,-9999,2730157.5,-9999,357274.3,17.49,-1,-9999,-9999,-9999,-9999,-9999,-9999,-9999,unassigned,N/A,-9999,-9999,N/A,-9999,-9999,-9999,-9999,-9999,-9999,-9999,N/A,-9999,-9999
1033,305.134259,305.134113009,-9999,1996465.6,-9999,394538.2,12.15,-1,-9999,-9999,-9999,-9999,-9999,-9999,-9999,unassigned,N/A,-9999,-9999,N/A,-9999,-9999,-9999,-9999,-9999,-9999,-9999,N/A,-9999,-9999
1036,305.170553,305.170407,-9999,7797946,-9999,334738.9,54.33,-1,-9999,-9999,-9999,-9999,-9999,-9999,-9999,unassigned,N/A,-9999,-9999,N/A,-9999,-9999,-9999,-9999,-9999,-9999,-9999,N/A,-9999,-9999
1042,306.880045,306.879898572,-9999,14591552,-9999,334761.5,103.71,-1,-9999,-9999,-9999,-9999,-9999,-9999,-9999,unassigned,N/A,-9999,-9999,N/A,-9999,-9999,-9999,-9999,-9999,-9999,-9999,N/A,-9999,-9999
1043,306.907401,306.907254565,-9999,1292614,-9999,387443.2,7.03,-1,-9999,-9999,-9999,-9999,-9999,-9999,-9999,unassigned,N/A,-9999,-9999,N/A,-9999,-9999,-9999,-9999,-9999,-9999,-9999,N/A,-9999,-9999
1044,306.993808,306.993661544,-9999,1363033.6,-9999,396243.7,7.54,-1,-9999,-9999,-9999,-9999,-9999,-9999,-9999,unassigned,N/A,-9999,-9999,N/A,-9999,-9999,-9999,-9999,-9999,-9999,-9999,N/A,-9999,-9999
1045,307.026478,307.026331536,-9999,1810529.1,-9999,358508.3,10.8,-1,-9999,-9999,-9999,-9999,-9999,-9999,-9999,unassigned,N/A,-9999,-9999,N/A,-9999,-9999,-9999,-9999,-9999,-9999,-9999,N/A,-9999,-9999
1052,307.149802,307.149655505,-9999,2251389,-9999,356903.4,14,-1,-9999,-9999,-9999,-9999,-9999,-9999,-9999,unassigned,N/A,-9999,-9999,N/A,-9999,-9999,-9999,-9999,-9999,-9999,-9999,N/A,-9999,-9999
1055,307.186197,307.186050496,-9999,38065796,-9999,336975,274.36,-1,-9999,-9999,-9999,-9999,-9999,-9999,-9999,unassigned,N/A,-9999,-9999,N/A,-9999,-9999,-9999,-9999,-9999,-9999,-9999,N/A,-9999,-9999
1059,307.883332,307.883185321,-9999,1960227.3,-9999,338362,11.88,-1,-9999,-9999,-9999,-9999,-9999,-9999,-9999,unassigned,N/A,-9999,-9999,N/A,-9999,-9999,-9999,-9999,-9999,-9999,-9999,N/A,-9999,-9999
1064,308.189552,308.189405245,-9999,6237032.5,-9999,347273,42.97,-1,-9999,-9999,-9999,-9999,-9999,-9999,-9999,unassigned,N/A,-9999,-9999,N/A,-9999,-9999,-9999,-9999,-9999,-9999,-9999,N/A,-9999,-9999
1067,308.87801,308.877863072,-9999,7530500,-9999,347629.3,52.38,-1,-9999,-9999,-9999,-9999,-9999,-9999,-9999,unassigned,N/A,-9999,-9999,N/A,-9999,-9999,-9999,-9999,-9999,-9999,-9999,N/A,-9999,-9999
1070,309.067555,309.067408025,-9999,25245742,-9999,332694,181.16,-1,-9999,-9999,-9999,-9999,-9999,-9999,-9999,unassigned,N/A,-9999,-9999,N/A,-9999,-9999,-9999,-9999,-9999,-9999,-9999,N/A,-9999,-9999
1079,309.165487,309.165340001,-9999,4580421,-9999,339036.3,30.93,-1,-9999,-9999,-9999,-9999,-9999,-9999,-9999,unassigned,N/A,-9999,-9999,N/A,-9999,-9999,-9999,-9999,-9999,-9999,-9999,N/A,-9999,-9999
1083,309.201868,309.201720991,-9999,4181069,-9999,331781.4,28.03,-1,-9999,-9999,-9999,-9999,-9999,-9999,-9999,unassigned,N/A,-9999,-9999,N/A,-9999,-9999,-9999,-9999,-9999,-9999,-9999,N/A,-9999,-9999
1090,310.838712,310.838564582,-9999,1416125.8,-9999,348428.4,7.92,-1,-9999,-9999,-9999,-9999,-9999,-9999,-9999,unassigned,N/A,-9999,-9999,N/A,-9999,-9999,-9999,-9999,-9999,-9999,-9999,N/A,-9999,-9999
1091,310.948572,310.948424555,-9999,15153622,-9999,333751,107.79,-1,-9999,-9999,-9999,-9999,-9999,-9999,-9999,unassigned,N/A,-9999,-9999,N/A,-9999,-9999,-9999,-9999,-9999,-9999,-9999,N/A,-9999,-9999
1102,311.18108,311.180932496,-9999,4470283,-9999,327373.8,30.13,-1,-9999,-9999,-9999,-9999,-9999,-9999,-9999,unassigned,N/A,-9999,-9999,N/A,-9999,-9999,-9999,-9999,-9999,-9999,-9999,N/A,-9999,-9999
1105,311.948181,311.948033305,-9999,2064567.4,-9999,401120.4,12.64,-1,-9999,-9999,-9999,-9999,-9999,-9999,-9999,unassigned,N/A,-9999,-9999,N/A,-9999,-9999,-9999,-9999,-9999,-9999,-9999,N/A,-9999,-9999
1111,312.728916,312.728768109,-9999,1975655.3,-9999,359688.5,11.99,-1,-9999,-9999,-9999,-9999,-9999,-9999,-9999,unassigned,N/A,-9999,-9999,N/A,-9999,-9999,-9999,-9999,-9999,-9999,-9999,N/A,-9999,-9999
1112,312.945574,312.945426055,-9999,5750680,-9999,337713.5,38.72,-1,-9999,-9999,-9999,-9999,-9999,-9999,-9999,unassigned,N/A,-9999,-9999,N/A,-9999,-9999,-9999,-9999,-9999,-9999,-9999,N/A,-9999,-9999
1122,313.15799,313.157842002,-9999,1365191.9,-9999,344957.2,7.41,-1,-9999,-9999,-9999,-9999,-9999,-9999,-9999,unassigned,N/A,-9999,-9999,N/A,-9999,-9999,-9999,-9999,-9999,-9999,-9999,N/A,-9999,-9999
1130,313.232586,313.232437983,-9999,2506712.8,-9999,321020.4,15.56,-1,-9999,-9999,-9999,-9999,-9999,-9999,-9999,unassigned,N/A,-9999,-9999,N/A,-9999,-9999,-9999,-9999,-9999,-9999,-9999,N/A,-9999,-9999
1140,314.725946,314.72579761,-9999,3656490,-9999,323878.8,23.77,-1,-9999,-9999,-9999,-9999,-9999,-9999,-9999,unassigned,N/A,-9999,-9999,N/A,-9999,-9999,-9999,-9999,-9999,-9999,-9999,N/A,-9999,-9999
1141,314.943507,314.943358555,-9999,8523099,-9999,336198.8,58.51,-1,-9999,-9999,-9999,-9999,-9999,-9999,-9999,unassigned,N/A,-9999,-9999,N/A,-9999,-9999,-9999,-9999,-9999,-9999,-9999,N/A,-9999,-9999
1161,315.943027,315.942878305,-9999,1371966.4,-9999,374825.3,7.46,-1,-9999,-9999,-9999,-9999,-9999,-9999,-9999,unassigned,N/A,-9999,-9999,N/A,-9999,-9999,-9999,-9999,-9999,-9999,-9999,N/A,-9999,-9999
1162,316.04564,316.04549128,-9999,2458965.8,-9999,273124.2,15.22,-1,-9999,-9999,-9999,-9999,-9999,-9999,-9999,unassigned,N/A,-9999,-9999,N/A,-9999,-9999,-9999,-9999,-9999,-9999,-9999,N/A,-9999,-9999
1173,316.223234,316.223085235,-9999,1478014.1,-9999,349610.8,8.21,-1,-9999,-9999,-9999,-9999,-9999,-9999,-9999,unassigned,N/A,-9999,-9999,N/A,-9999,-9999,-9999,-9999,-9999,-9999,-9999,N/A,-9999,-9999
1176,316.723028,316.72287911,-9999,4043504.3,-9999,330922.5,26.53,-1,-9999,-9999,-9999,-9999,-9999,-9999,-9999,unassigned,N/A,-9999,-9999,N/A,-9999,-9999,-9999,-9999,-9999,-9999,-9999,N/A,-9999,-9999
1177,316.940583,316.940434056,-9999,3481378,-9999,379658.5,22.51,-1,-9999,-9999,-9999,-9999,-9999,-9999,-9999,unassigned,N/A,-9999,-9999,N/A,-9999,-9999,-9999,-9999,-9999,-9999,-9999,N/A,-9999,-9999
1179,317.042014,317.041865031,-9999,1639225.1,-9999,415806,9.36,-1,-9999,-9999,-9999,-9999,-9999,-9999,-9999,unassigned,N/A,-9999,-9999,N/A,-9999,-9999,-9999,-9999,-9999,-9999,-9999,N/A,-9999,-9999
1191,317.17064800000003,317.170498998,-9999,1825110.5,-9999,399104.8,10.69,-1,-9999,-9999,-9999,-9999,-9999,-9999,-9999,unassigned,N/A,-9999,-9999,N/A,-9999,-9999,-9999,-9999,-9999,-9999,-9999,N/A,-9999,-9999
1199,317.940027,317.939877806,-9999,1340423.1,-9999,350546.4,7.23,-1,-9999,-9999,-9999,-9999,-9999,-9999,-9999,unassigned,N/A,-9999,-9999,N/A,-9999,-9999,-9999,-9999,-9999,-9999,-9999,N/A,-9999,-9999
1200,318.061348,318.061198776,-9999,6537251,-9999,327572.2,44.33,-1,-9999,-9999,-9999,-9999,-9999,-9999,-9999,unassigned,N/A,-9999,-9999,N/A,-9999,-9999,-9999,-9999,-9999,-9999,-9999,N/A,-9999,-9999
1209,318.200703,318.200553741,-9999,1419843.3,-9999,287048.7,7.8,-1,-9999,-9999,-9999,-9999,-9999,-9999,-9999,unassigned,N/A,-9999,-9999,N/A,-9999,-9999,-9999,-9999,-9999,-9999,-9999,N/A,-9999,-9999
1211,318.23857,318.238420731,-9999,13318220,-9999,319196.4,92.73,-1,-9999,-9999,-9999,-9999,-9999,-9999,-9999,unassigned,N/A,-9999,-9999,N/A,-9999,-9999,-9999,-9999,-9999,-9999,-9999,N/A,-9999,-9999
1212,318.25724,318.257090727,-9999,1621072.3,-9999,347579.5,9.23,-1,-9999,-9999,-9999,-9999,-9999,-9999,-9999,unassigned,N/A,-9999,-9999,N/A,-9999,-9999,-9999,-9999,-9999,-9999,-9999,N/A,-9999,-9999
1213,318.72011,318.719960611,-9999,1859771.1,-9999,374075,10.94,-1,-9999,-9999,-9999,-9999,-9999,-9999,-9999,unassigned,N/A,-9999,-9999,N/A,-9999,-9999,-9999,-9999,-9999,-9999,-9999,N/A,-9999,-9999
1214,318.745842,318.745692604,-9999,7145665,-9999,330326.4,48.67,-1,-9999,-9999,-9999,-9999,-9999,-9999,-9999,unassigned,N/A,-9999,-9999,N/A,-9999,-9999,-9999,-9999,-9999,-9999,-9999,N/A,-9999,-9999
1216,319.070548,319.070398523,-9999,2257164.3,-9999,369173.5,13.77,-1,-9999,-9999,-9999,-9999,-9999,-9999,-9999,unassigned,N/A,-9999,-9999,N/A,-9999,-9999,-9999,-9999,-9999,-9999,-9999,N/A,-9999,-9999
1219,319.095731,319.095581517,-9999,3789074.3,-9999,323254.4,24.71,-1,-9999,-9999,-9999,-9999,-9999,-9999,-9999,unassigned,N/A,-9999,-9999,N/A,-9999,-9999,-9999,-9999,-9999,-9999,-9999,N/A,-9999,-9999
1221,319.132073,319.131923508,-9999,3641626.8,-9999,340093.1,23.65,-1,-9999,-9999,-9999,-9999,-9999,-9999,-9999,unassigned,N/A,-9999,-9999,N/A,-9999,-9999,-9999,-9999,-9999,-9999,-9999,N/A,-9999,-9999
1223,319.149883,319.149733503,-9999,3180830.8,-9999,376160.7,20.37,-1,-9999,-9999,-9999,-9999,-9999,-9999,-9999,unassigned,N/A,-9999,-9999,N/A,-9999,-9999,-9999,-9999,-9999,-9999,-9999,N/A,-9999,-9999
1226,319.186205,319.186055494,-9999,3376935.3,-9999,344297.3,21.77,-1,-9999,-9999,-9999,-9999,-9999,-9999,-9999,unassigned,N/A,-9999,-9999,N/A,-9999,-9999,-9999,-9999,-9999,-9999,-9999,N/A,-9999,-9999
1229,319.222549,319.222399485,-9999,4061487.8,-9999,335381.1,26.65,-1,-9999,-9999,-9999,-9999,-9999,-9999,-9999,unassigned,N/A,-9999,-9999,N/A,-9999,-9999,-9999,-9999,-9999,-9999,-9999,N/A,-9999,-9999
1232,320.058377,320.058227276,-9999,2157554.5,-9999,320903.4,13.06,-1,-9999,-9999,-9999,-9999,-9999,-9999,-9999,unassigned,N/A,-9999,-9999,N/A,-9999,-9999,-9999,-9999,-9999,-9999,-9999,N/A,-9999,-9999
1233,320.138578,320.138428256,-9999,2183173.3,-9999,393236,13.24,-1,-9999,-9999,-9999,-9999,-9999,-9999,-9999,unassigned,N/A,-9999,-9999,N/A,-9999,-9999,-9999,-9999,-9999,-9999,-9999,N/A,-9999,-9999
1237,320.742896,320.742746105,-9999,12214931,-9999,323890.4,84.85,-1,-9999,-9999,-9999,-9999,-9999,-9999,-9999,unassigned,N/A,-9999,-9999,N/A,-9999,-9999,-9999,-9999,-9999,-9999,-9999,N/A,-9999,-9999
1238,320.859363,320.859213076,-9999,1925294.4,-9999,346760.3,11.4,-1,-9999,-9999,-9999,-9999,-9999,-9999,-9999,unassigned,N/A,-9999,-9999,N/A,-9999,-9999,-9999,-9999,-9999,-9999,-9999,N/A,-9999,-9999
1239,320.923017,320.92286706,-9999,3778237.5,-9999,340338.1,24.63,-1,-9999,-9999,-9999,-9999,-9999,-9999,-9999,unassigned,N/A,-9999,-9999,N/A,-9999,-9999,-9999,-9999,-9999,-9999,-9999,N/A,-9999,-9999
1240,321.009443,321.009293038,-9999,12989138,-9999,327454.5,90.38,-1,-9999,-9999,-9999,-9999,-9999,-9999,-9999,unassigned,N/A,-9999,-9999,N/A,-9999,-9999,-9999,-9999,-9999,-9999,-9999,N/A,-9999,-9999
1245,321.111417,321.111267013,-9999,2409193.8,-9999,331266.2,14.85,-1,-9999,-9999,-9999,-9999,-9999,-9999,-9999,unassigned,N/A,-9999,-9999,N/A,-9999,-9999,-9999,-9999,-9999,-9999,-9999,N/A,-9999,-9999
1247,321.147777,321.147627004,-9999,3965682.5,-9999,340146.1,25.96,-1,-9999,-9999,-9999,-9999,-9999,-9999,-9999,unassigned,N/A,-9999,-9999,N/A,-9999,-9999,-9999,-9999,-9999,-9999,-9999,N/A,-9999,-9999
1248,321.165505,321.165354999,-9999,7734006.5,-9999,329190.8,52.86,-1,-9999,-9999,-9999,-9999,-9999,-9999,-9999,unassigned,N/A,-9999,-9999,N/A,-9999,-9999,-9999,-9999,-9999,-9999,-9999,N/A,-9999,-9999
1251,321.201867,321.20171699,-9999,5187327,-9999,330247.4,34.69,-1,-9999,-9999,-9999,-9999,-9999,-9999,-9999,unassigned,N/A,-9999,-9999,N/A,-9999,-9999,-9999,-9999,-9999,-9999,-9999,N/A,-9999,-9999
1253,321.238254,321.238103981,-9999,19428104,-9999,325885.2,136.34,-1,-9999,-9999,-9999,-9999,-9999,-9999,-9999,unassigned,N/A,-9999,-9999,N/A,-9999,-9999,-9999,-9999,-9999,-9999,-9999,N/A,-9999,-9999
1254,321.256919,321.256768976,-9999,2698508.3,-9999,335808.8,16.92,-1,-9999,-9999,-9999,-9999,-9999,-9999,-9999,unassigned,N/A,-9999,-9999,N/A,-9999,-9999,-9999,-9999,-9999,-9999,-9999,N/A,-9999,-9999
1255,322.012816,322.012665787,-9999,1719743.5,-9999,377946.5,9.74,-1,-9999,-9999,-9999,-9999,-9999,-9999,-9999,unassigned,N/A,-9999,-9999,N/A,-9999,-9999,-9999,-9999,-9999,-9999,-9999,N/A,-9999,-9999
1257,322.151253,322.151102753,-9999,1379552.5,-9999,348439.3,7.36,-1,-9999,-9999,-9999,-9999,-9999,-9999,-9999,unassigned,N/A,-9999,-9999,N/A,-9999,-9999,-9999,-9999,-9999,-9999,-9999,N/A,-9999,-9999
1261,322.241607,322.24145673,-9999,4406262,-9999,337994.5,28.56,-1,-9999,-9999,-9999,-9999,-9999,-9999,-9999,unassigned,N/A,-9999,-9999,N/A,-9999,-9999,-9999,-9999,-9999,-9999,-9999,N/A,-9999,-9999
1262,322.252019,322.251868727,-9999,2247160.5,-9999,382319.2,13.44,-1,-9999,-9999,-9999,-9999,-9999,-9999,-9999,unassigned,N/A,-9999,-9999,N/A,-9999,-9999,-9999,-9999,-9999,-9999,-9999,N/A,-9999,-9999
1263,322.739939,322.739788605,-9999,9294957,-9999,325233.3,62.8,-1,-9999,-9999,-9999,-9999,-9999,-9999,-9999,unassigned,N/A,-9999,-9999,N/A,-9999,-9999,-9999,-9999,-9999,-9999,-9999,N/A,-9999,-9999
1264,322.838629,322.838478581,-9999,1492869,-9999,345319.4,8.15,-1,-9999,-9999,-9999,-9999,-9999,-9999,-9999,unassigned,N/A,-9999,-9999,N/A,-9999,-9999,-9999,-9999,-9999,-9999,-9999,N/A,-9999,-9999
1269,323.090625,323.090474518,-9999,2087105.6,-9999,329797.8,12.32,-1,-9999,-9999,-9999,-9999,-9999,-9999,-9999,unassigned,N/A,-9999,-9999,N/A,-9999,-9999,-9999,-9999,-9999,-9999,-9999,N/A,-9999,-9999
1274,323.18112,323.180969495,-9999,48555224,-9999,317689.5,337.81,-1,-9999,-9999,-9999,-9999,-9999,-9999,-9999,unassigned,N/A,-9999,-9999,N/A,-9999,-9999,-9999,-9999,-9999,-9999,-9999,N/A,-9999,-9999
1278,323.217599,323.217448486,-9999,1557216.3,-9999,410116.2,8.6,-1,-9999,-9999,-9999,-9999,-9999,-9999,-9999,unassigned,N/A,-9999,-9999,N/A,-9999,-9999,-9999,-9999,-9999,-9999,-9999,N/A,-9999,-9999
1280,324.133482,324.133331257,-9999,3021758.5,-9999,364193.7,18.86,-1,-9999,-9999,-9999,-9999,-9999,-9999,-9999,unassigned,N/A,-9999,-9999,N/A,-9999,-9999,-9999,-9999,-9999,-9999,-9999,N/A,-9999,-9999
1281,324.151255,324.151104252,-9999,2062786.8,-9999,327191.6,12.14,-1,-9999,-9999,-9999,-9999,-9999,-9999,-9999,unassigned,N/A,-9999,-9999,N/A,-9999,-9999,-9999,-9999,-9999,-9999,-9999,N/A,-9999,-9999
1285,324.736998,324.736847106,-9999,4276818,-9999,310968.5,27.65,-1,-9999,-9999,-9999,-9999,-9999,-9999,-9999,unassigned,N/A,-9999,-9999,N/A,-9999,-9999,-9999,-9999,-9999,-9999,-9999,N/A,-9999,-9999
1286,324.762789,324.762638099,-9999,5058136.5,-9999,326915.3,33.12,-1,-9999,-9999,-9999,-9999,-9999,-9999,-9999,unassigned,N/A,-9999,-9999,N/A,-9999,-9999,-9999,-9999,-9999,-9999,-9999,N/A,-9999,-9999
1287,324.964291,324.964140049,-9999,3878538,-9999,335074.2,24.86,-1,-9999,-9999,-9999,-9999,-9999,-9999,-9999,unassigned,N/A,-9999,-9999,N/A,-9999,-9999,-9999,-9999,-9999,-9999,-9999,N/A,-9999,-9999
1295,325.179037,325.178885995,-9999,2327743,-9999,324296.1,14,-1,-9999,-9999,-9999,-9999,-9999,-9999,-9999,unassigned,N/A,-9999,-9999,N/A,-9999,-9999,-9999,-9999,-9999,-9999,-9999,N/A,-9999,-9999
1297,325.196763,325.196611991,-9999,15845059,-9999,313290.7,108.68,-1,-9999,-9999,-9999,-9999,-9999,-9999,-9999,unassigned,N/A,-9999,-9999,N/A,-9999,-9999,-9999,-9999,-9999,-9999,-9999,N/A,-9999,-9999
1304,326.759863,326.7597116,-9999,10915913,-9999,321351.1,74.15,-1,-9999,-9999,-9999,-9999,-9999,-9999,-9999,unassigned,N/A,-9999,-9999,N/A,-9999,-9999,-9999,-9999,-9999,-9999,-9999,N/A,-9999,-9999
1305,326.961163,326.96101155,-9999,1351036.4,-9999,365458,7.15,-1,-9999,-9999,-9999,-9999,-9999,-9999,-9999,unassigned,N/A,-9999,-9999,N/A,-9999,-9999,-9999,-9999,-9999,-9999,-9999,N/A,-9999,-9999
1309,327.137203,327.137051506,-9999,1506728.9,-9999,371929.1,8.24,-1,-9999,-9999,-9999,-9999,-9999,-9999,-9999,unassigned,N/A,-9999,-9999,N/A,-9999,-9999,-9999,-9999,-9999,-9999,-9999,N/A,-9999,-9999
1313,327.173574,327.173422496,-9999,3162802,-9999,349214.1,19.84,-1,-9999,-9999,-9999,-9999,-9999,-9999,-9999,unassigned,N/A,-9999,-9999,N/A,-9999,-9999,-9999,-9999,-9999,-9999,-9999,N/A,-9999,-9999
1322,328.756916,328.7567641,-9999,9525832,-9999,328245.6,64.41,-1,-9999,-9999,-9999,-9999,-9999,-9999,-9999,unassigned,N/A,-9999,-9999,N/A,-9999,-9999,-9999,-9999,-9999,-9999,-9999,N/A,-9999,-9999
1323,328.804479,328.804327089,-9999,1732180.9,-9999,362612.8,9.82,-1,-9999,-9999,-9999,-9999,-9999,-9999,-9999,unassigned,N/A,-9999,-9999,N/A,-9999,-9999,-9999,-9999,-9999,-9999,-9999,N/A,-9999,-9999
1324,328.959177,328.95902505,-9999,28355198,-9999,316934.5,196.3,-1,-9999,-9999,-9999,-9999,-9999,-9999,-9999,unassigned,N/A,-9999,-9999,N/A,-9999,-9999,-9999,-9999,-9999,-9999,-9999,N/A,-9999,-9999
1328,329.116476,329.116324011,-9999,1410982.1,-9999,396677,7.57,-1,-9999,-9999,-9999,-9999,-9999,-9999,-9999,unassigned,N/A,-9999,-9999,N/A,-9999,-9999,-9999,-9999,-9999,-9999,-9999,N/A,-9999,-9999
1340,329.220231,329.220078985,-9999,1609409.3,-9999,287529,8.96,-1,-9999,-9999,-9999,-9999,-9999,-9999,-9999,unassigned,N/A,-9999,-9999,N/A,-9999,-9999,-9999,-9999,-9999,-9999,-9999,N/A,-9999,-9999
1344,329.958729,329.9585768,-9999,4804483.5,-9999,304717.3,31.34,-1,-9999,-9999,-9999,-9999,-9999,-9999,-9999,unassigned,N/A,-9999,-9999,N/A,-9999,-9999,-9999,-9999,-9999,-9999,-9999,N/A,-9999,-9999
1352,330.753876,330.753723601,-9999,3895383.3,-9999,329790.8,24.97,-1,-9999,-9999,-9999,-9999,-9999,-9999,-9999,unassigned,N/A,-9999,-9999,N/A,-9999,-9999,-9999,-9999,-9999,-9999,-9999,N/A,-9999,-9999
1353,330.801446,330.801293589,-9999,2323044,-9999,325526,13.95,-1,-9999,-9999,-9999,-9999,-9999,-9999,-9999,unassigned,N/A,-9999,-9999,N/A,-9999,-9999,-9999,-9999,-9999,-9999,-9999,N/A,-9999,-9999
1354,330.956186,330.95603355,-9999,12321933,-9999,302407.7,83.99,-1,-9999,-9999,-9999,-9999,-9999,-9999,-9999,unassigned,N/A,-9999,-9999,N/A,-9999,-9999,-9999,-9999,-9999,-9999,-9999,N/A,-9999,-9999
1363,331.149831,331.149678502,-9999,171609280,-9999,315222.9,1199.74,-1,-9999,-9999,-9999,-9999,-9999,-9999,-9999,unassigned,N/A,-9999,-9999,N/A,-9999,-9999,-9999,-9999,-9999,-9999,-9999,N/A,-9999,-9999
1369,331.186232,331.186079493,-9999,8666315,-9999,316673.8,58.39,-1,-9999,-9999,-9999,-9999,-9999,-9999,-9999,unassigned,N/A,-9999,-9999,N/A,-9999,-9999,-9999,-9999,-9999,-9999,-9999,N/A,-9999,-9999
1376,331.930887,331.930734307,-9999,3227029.8,-9999,336473.9,20.08,-1,-9999,-9999,-9999,-9999,-9999,-9999,-9999,unassigned,N/A,-9999,-9999,N/A,-9999,-9999,-9999,-9999,-9999,-9999,-9999,N/A,-9999,-9999
1377,331.955789,331.9556363,-9999,1928092.5,-9999,357318.9,11.08,-1,-9999,-9999,-9999,-9999,-9999,-9999,-9999,unassigned,N/A,-9999,-9999,N/A,-9999,-9999,-9999,-9999,-9999,-9999,-9999,N/A,-9999,-9999
1378,332.076938,332.07678527,-9999,2570685.8,-9999,328204.6,15.53,-1,-9999,-9999,-9999,-9999,-9999,-9999,-9999,unassigned,N/A,-9999,-9999,N/A,-9999,-9999,-9999,-9999,-9999,-9999,-9999,N/A,-9999,-9999
1385,332.189483,332.189330242,-9999,2021340.6,-9999,304155.6,11.72,-1,-9999,-9999,-9999,-9999,-9999,-9999,-9999,unassigned,N/A,-9999,-9999,N/A,-9999,-9999,-9999,-9999,-9999,-9999,-9999,N/A,-9999,-9999
1389,332.876966,332.87681307,-9999,1446042.4,-9999,339110.4,7.73,-1,-9999,-9999,-9999,-9999,-9999,-9999,-9999,unassigned,N/A,-9999,-9999,N/A,-9999,-9999,-9999,-9999,-9999,-9999,-9999,N/A,-9999,-9999
1390,332.952922,332.952769051,-9999,1404335.5,-9999,359204.8,7.44,-1,-9999,-9999,-9999,-9999,-9999,-9999,-9999,unassigned,N/A,-9999,-9999,N/A,-9999,-9999,-9999,-9999,-9999,-9999,-9999,N/A,-9999,-9999
1394,333.075042,333.07488902,-9999,1614801.5,-9999,331520.3,8.9,-1,-9999,-9999,-9999,-9999,-9999,-9999,-9999,unassigned,N/A,-9999,-9999,N/A,-9999,-9999,-9999,-9999,-9999,-9999,-9999,N/A,-9999,-9999
1400,333.154129,333.153976001,-9999,1589735.6,-9999,320368.5,8.73,-1,-9999,-9999,-9999,-9999,-9999,-9999,-9999,unassigned,N/A,-9999,-9999,N/A,-9999,-9999,-9999,-9999,-9999,-9999,-9999,N/A,-9999,-9999
1402,333.165545,333.165391998,-9999,2790634.8,-9999,277880.9,17.06,-1,-9999,-9999,-9999,-9999,-9999,-9999,-9999,unassigned,N/A,-9999,-9999,N/A,-9999,-9999,-9999,-9999,-9999,-9999,-9999,N/A,-9999,-9999
1404,333.201878,333.201724989,-9999,18140916,-9999,306567.4,123.52,-1,-9999,-9999,-9999,-9999,-9999,-9999,-9999,unassigned,N/A,-9999,-9999,N/A,-9999,-9999,-9999,-9999,-9999,-9999,-9999,N/A,-9999,-9999
1408,333.927918,333.927764807,-9999,3978177.3,-9999,332931.3,25.29,-1,-9999,-9999,-9999,-9999,-9999,-9999,-9999,unassigned,N/A,-9999,-9999,N/A,-9999,-9999,-9999,-9999,-9999,-9999,-9999,N/A,-9999,-9999
1410,334.154232,334.15407875,-9999,2830849.3,-9999,333627.6,17.33,-1,-9999,-9999,-9999,-9999,-9999,-9999,-9999,unassigned,N/A,-9999,-9999,N/A,-9999,-9999,-9999,-9999,-9999,-9999,-9999,N/A,-9999,-9999
1416,334.233508,334.233354731,-9999,3317784,-9999,328446.3,20.71,-1,-9999,-9999,-9999,-9999,-9999,-9999,-9999,unassigned,N/A,-9999,-9999,N/A,-9999,-9999,-9999,-9999,-9999,-9999,-9999,N/A,-9999,-9999
1418,334.875042,334.87488857,-9999,2526927.8,-9999,312355,15.22,-1,-9999,-9999,-9999,-9999,-9999,-9999,-9999,unassigned,N/A,-9999,-9999,N/A,-9999,-9999,-9999,-9999,-9999,-9999,-9999,N/A,-9999,-9999
1419,334.938696,334.938542554,-9999,4274402,-9999,322058.5,27.34,-1,-9999,-9999,-9999,-9999,-9999,-9999,-9999,unassigned,N/A,-9999,-9999,N/A,-9999,-9999,-9999,-9999,-9999,-9999,-9999,N/A,-9999,-9999
1420,334.988733,334.988579542,-9999,8632560,-9999,311337.7,57.57,-1,-9999,-9999,-9999,-9999,-9999,-9999,-9999,unassigned,N/A,-9999,-9999,N/A,-9999,-9999,-9999,-9999,-9999,-9999,-9999,N/A,-9999,-9999
1421,335.003411,335.003257538,-9999,1412852.6,-9999,282245.6,7.5,-1,-9999,-9999,-9999,-9999,-9999,-9999,-9999,unassigned,N/A,-9999,-9999,N/A,-9999,-9999,-9999,-9999,-9999,-9999,-9999,N/A,-9999,-9999
1425,335.081666,335.081512519,-9999,1503755.3,-9999,343706.9,8.13,-1,-9999,-9999,-9999,-9999,-9999,-9999,-9999,unassigned,N/A,-9999,-9999,N/A,-9999,-9999,-9999,-9999,-9999,-9999,-9999,N/A,-9999,-9999
1427,335.108377,335.108223512,-9999,2149651,-9999,347055.5,12.61,-1,-9999,-9999,-9999,-9999,-9999,-9999,-9999,unassigned,N/A,-9999,-9999,N/A,-9999,-9999,-9999,-9999,-9999,-9999,-9999,N/A,-9999,-9999
1430,335.144905,335.144751503,-9999,2103581.5,-9999,330335.8,12.29,-1,-9999,-9999,-9999,-9999,-9999,-9999,-9999,unassigned,N/A,-9999,-9999,N/A,-9999,-9999,-9999,-9999,-9999,-9999,-9999,N/A,-9999,-9999
1433,335.181127,335.180973494,-9999,6478120,-9999,299652.6,42.63,-1,-9999,-9999,-9999,-9999,-9999,-9999,-9999,unassigned,N/A,-9999,-9999,N/A,-9999,-9999,-9999,-9999,-9999,-9999,-9999,N/A,-9999,-9999
1437,335.217527,335.217373485,-9999,14422323,-9999,309209,97.72,-1,-9999,-9999,-9999,-9999,-9999,-9999,-9999,unassigned,N/A,-9999,-9999,N/A,-9999,-9999,-9999,-9999,-9999,-9999,-9999,N/A,-9999,-9999
1441,335.718344,335.718190359,-9999,1788356.5,-9999,344822.7,10.1,-1,-9999,-9999,-9999,-9999,-9999,-9999,-9999,unassigned,N/A,-9999,-9999,N/A,-9999,-9999,-9999,-9999,-9999,-9999,-9999,N/A,-9999,-9999
1443,336.151226,336.151072251,-9999,1361475.6,-9999,328134.9,7.14,-1,-9999,-9999,-9999,-9999,-9999,-9999,-9999,unassigned,N/A,-9999,-9999,N/A,-9999,-9999,-9999,-9999,-9999,-9999,-9999,N/A,-9999,-9999
1452,336.249176,336.249022227,-9999,12982881,-9999,311713.1,87.74,-1,-9999,-9999,-9999,-9999,-9999,-9999,-9999,unassigned,N/A,-9999,-9999,N/A,-9999,-9999,-9999,-9999,-9999,-9999,-9999,N/A,-9999,-9999
1453,336.716771,336.71661711,-9999,2093291.4,-9999,314384.8,12.21,-1,-9999,-9999,-9999,-9999,-9999,-9999,-9999,unassigned,N/A,-9999,-9999,N/A,-9999,-9999,-9999,-9999,-9999,-9999,-9999,N/A,-9999,-9999
1454,336.873035,336.87288107,-9999,1372954,-9999,311043.2,7.22,-1,-9999,-9999,-9999,-9999,-9999,-9999,-9999,unassigned,N/A,-9999,-9999,N/A,-9999,-9999,-9999,-9999,-9999,-9999,-9999,N/A,-9999,-9999
1455,336.971827,336.971673046,-9999,1433399.6,-9999,337803.7,7.63,-1,-9999,-9999,-9999,-9999,-9999,-9999,-9999,unassigned,N/A,-9999,-9999,N/A,-9999,-9999,-9999,-9999,-9999,-9999,-9999,N/A,-9999,-9999
1457,337.040666,337.040512029,-9999,2007884.3,-9999,349946.3,11.62,-1,-9999,-9999,-9999,-9999,-9999,-9999,-9999,unassigned,N/A,-9999,-9999,N/A,-9999,-9999,-9999,-9999,-9999,-9999,-9999,N/A,-9999,-9999
1463,337.142688,337.142534003,-9999,3273579,-9999,313894.8,20.4,-1,-9999,-9999,-9999,-9999,-9999,-9999,-9999,unassigned,N/A,-9999,-9999,N/A,-9999,-9999,-9999,-9999,-9999,-9999,-9999,N/A,-9999,-9999
1464,337.160398,337.160243999,-9999,4295536,-9999,319228.6,27.49,-1,-9999,-9999,-9999,-9999,-9999,-9999,-9999,unassigned,N/A,-9999,-9999,N/A,-9999,-9999,-9999,-9999,-9999,-9999,-9999,N/A,-9999,-9999
1468,337.196783,337.196628989,-9999,10838907,-9999,305206,72.87,-1,-9999,-9999,-9999,-9999,-9999,-9999,-9999,unassigned,N/A,-9999,-9999,N/A,-9999,-9999,-9999,-9999,-9999,-9999,-9999,N/A,-9999,-9999
1472,337.233182,337.23302798,-9999,4748166,-9999,305430.2,30.62,-1,-9999,-9999,-9999,-9999,-9999,-9999,-9999,unassigned,N/A,-9999,-9999,N/A,-9999,-9999,-9999,-9999,-9999,-9999,-9999,N/A,-9999,-9999
1474,337.252619,337.252464976,-9999,2372492,-9999,363075.4,14.15,-1,-9999,-9999,-9999,-9999,-9999,-9999,-9999,unassigned,N/A,-9999,-9999,N/A,-9999,-9999,-9999,-9999,-9999,-9999,-9999,N/A,-9999,-9999
1475,337.715252,337.71509786,-9999,1694232,-9999,340819.6,9.44,-1,-9999,-9999,-9999,-9999,-9999,-9999,-9999,unassigned,N/A,-9999,-9999,N/A,-9999,-9999,-9999,-9999,-9999,-9999,-9999,N/A,-9999,-9999
1480,338.166927,338.166772747,-9999,3508386,-9999,328749.6,22.02,-1,-9999,-9999,-9999,-9999,-9999,-9999,-9999,unassigned,N/A,-9999,-9999,N/A,-9999,-9999,-9999,-9999,-9999,-9999,-9999,N/A,-9999,-9999
1486,338.247039,338.246884727,-9999,1455034.6,-9999,376942.7,7.78,-1,-9999,-9999,-9999,-9999,-9999,-9999,-9999,unassigned,N/A,-9999,-9999,N/A,-9999,-9999,-9999,-9999,-9999,-9999,-9999,N/A,-9999,-9999
1487,338.714001,338.71384661,-9999,1945418.8,-9999,359669.1,11.18,-1,-9999,-9999,-9999,-9999,-9999,-9999,-9999,unassigned,N/A,-9999,-9999,N/A,-9999,-9999,-9999,-9999,-9999,-9999,-9999,N/A,-9999,-9999
1488,338.715563,338.71540861,-9999,2235723.3,-9999,346528.4,13.2,-1,-9999,-9999,-9999,-9999,-9999,-9999,-9999,unassigned,N/A,-9999,-9999,N/A,-9999,-9999,-9999,-9999,-9999,-9999,-9999,N/A,-9999,-9999
1489,338.88758,338.887425567,-9999,10513793,-9999,310251.2,70.61,-1,-9999,-9999,-9999,-9999,-9999,-9999,-9999,unassigned,N/A,-9999,-9999,N/A,-9999,-9999,-9999,-9999,-9999,-9999,-9999,N/A,-9999,-9999
1490,338.933575,338.933420555,-9999,5776783,-9999,310884.7,37.75,-1,-9999,-9999,-9999,-9999,-9999,-9999,-9999,unassigned,N/A,-9999,-9999,N/A,-9999,-9999,-9999,-9999,-9999,-9999,-9999,N/A,-9999,-9999
1493,339.07091,339.070755521,-9999,2973625.8,-9999,315464.9,18.31,-1,-9999,-9999,-9999,-9999,-9999,-9999,-9999,unassigned,N/A,-9999,-9999,N/A,-9999,-9999,-9999,-9999,-9999,-9999,-9999,N/A,-9999,-9999
1498,339.158328,339.158173499,-9999,1843669.1,-9999,354709.6,10.48,-1,-9999,-9999,-9999,-9999,-9999,-9999,-9999,unassigned,N/A,-9999,-9999,N/A,-9999,-9999,-9999,-9999,-9999,-9999,-9999,N/A,-9999,-9999
1501,339.17604,339.175885494,-9999,6000090.5,-9999,300139.6,39.3,-1,-9999,-9999,-9999,-9999,-9999,-9999,-9999,unassigned,N/A,-9999,-9999,N/A,-9999,-9999,-9999,-9999,-9999,-9999,-9999,N/A,-9999,-9999
1505,339.212491,339.212336485,-9999,4013542,-9999,321499.5,25.52,-1,-9999,-9999,-9999,-9999,-9999,-9999,-9999,unassigned,N/A,-9999,-9999,N/A,-9999,-9999,-9999,-9999,-9999,-9999,-9999,N/A,-9999,-9999
1507,339.869978,339.869823321,-9999,2631349.3,-9999,288258.9,15.94,-1,-9999,-9999,-9999,-9999,-9999,-9999,-9999,unassigned,N/A,-9999,-9999,N/A,-9999,-9999,-9999,-9999,-9999,-9999,-9999,N/A,-9999,-9999
1508,339.933216,339.933061305,-9999,1498825.4,-9999,344793.6,8.08,-1,-9999,-9999,-9999,-9999,-9999,-9999,-9999,unassigned,N/A,-9999,-9999,N/A,-9999,-9999,-9999,-9999,-9999,-9999,-9999,N/A,-9999,-9999
1514,340.736708,340.736553104,-9999,1621450.4,-9999,349510.9,8.93,-1,-9999,-9999,-9999,-9999,-9999,-9999,-9999,unassigned,N/A,-9999,-9999,N/A,-9999,-9999,-9999,-9999,-9999,-9999,-9999,N/A,-9999,-9999
1515,340.885566,340.885411067,-9999,19122170,-9999,303398.4,130.31,-1,-9999,-9999,-9999,-9999,-9999,-9999,-9999,unassigned,N/A,-9999,-9999,N/A,-9999,-9999,-9999,-9999,-9999,-9999,-9999,N/A,-9999,-9999
1519,341.137589,341.137434004,-9999,2031692,-9999,340074.8,11.78,-1,-9999,-9999,-9999,-9999,-9999,-9999,-9999,unassigned,N/A,-9999,-9999,N/A,-9999,-9999,-9999,-9999,-9999,-9999,-9999,N/A,-9999,-9999
1524,341.191724,341.19156899,-9999,7985245.5,-9999,307788.7,53.07,-1,-9999,-9999,-9999,-9999,-9999,-9999,-9999,unassigned,N/A,-9999,-9999,N/A,-9999,-9999,-9999,-9999,-9999,-9999,-9999,N/A,-9999,-9999
1528,341.867049,341.866893821,-9999,2327866.3,-9999,323842.5,13.83,-1,-9999,-9999,-9999,-9999,-9999,-9999,-9999,unassigned,N/A,-9999,-9999,N/A,-9999,-9999,-9999,-9999,-9999,-9999,-9999,N/A,-9999,-9999
1529,341.888871,341.888715816,-9999,1716801.4,-9999,308180.3,9.51,-1,-9999,-9999,-9999,-9999,-9999,-9999,-9999,unassigned,N/A,-9999,-9999,N/A,-9999,-9999,-9999,-9999,-9999,-9999,-9999,N/A,-9999,-9999
1534,342.733786,342.733630605,-9999,2990681,-9999,328520.8,18.28,-1,-9999,-9999,-9999,-9999,-9999,-9999,-9999,unassigned,N/A,-9999,-9999,N/A,-9999,-9999,-9999,-9999,-9999,-9999,-9999,N/A,-9999,-9999
1535,342.761263,342.761107598,-9999,2349154.3,-9999,291635.4,13.86,-1,-9999,-9999,-9999,-9999,-9999,-9999,-9999,unassigned,N/A,-9999,-9999,N/A,-9999,-9999,-9999,-9999,-9999,-9999,-9999,N/A,-9999,-9999
1536,342.883501,342.883345567,-9999,9265803,-9999,308778,61.45,-1,-9999,-9999,-9999,-9999,-9999,-9999,-9999,unassigned,N/A,-9999,-9999,N/A,-9999,-9999,-9999,-9999,-9999,-9999,-9999,N/A,-9999,-9999
1537,342.974807,342.974651544,-9999,59808424,-9999,299846.5,409.21,-1,-9999,-9999,-9999,-9999,-9999,-9999,-9999,unassigned,N/A,-9999,-9999,N/A,-9999,-9999,-9999,-9999,-9999,-9999,-9999,N/A,-9999,-9999
1538,343.05769,343.057534524,-9999,3399365.3,-9999,319636,21.09,-1,-9999,-9999,-9999,-9999,-9999,-9999,-9999,unassigned,N/A,-9999,-9999,N/A,-9999,-9999,-9999,-9999,-9999,-9999,-9999,N/A,-9999,-9999
1543,343.166056,343.165900496,-9999,4711145.5,-9999,300316,30.11,-1,-9999,-9999,-9999,-9999,-9999,-9999,-9999,unassigned,N/A,-9999,-9999,N/A,-9999,-9999,-9999,-9999,-9999,-9999,-9999,N/A,-9999,-9999
1551,343.974439,343.974283294,-9999,8463354,-9999,303501.5,55.93,-1,-9999,-9999,-9999,-9999,-9999,-9999,-9999,unassigned,N/A,-9999,-9999,N/A,-9999,-9999,-9999,-9999,-9999,-9999,-9999,N/A,-9999,-9999
1552,343.978244,343.978088293,-9999,2367995.8,-9999,357552.4,13.99,-1,-9999,-9999,-9999,-9999,-9999,-9999,-9999,unassigned,N/A,-9999,-9999,N/A,-9999,-9999,-9999,-9999,-9999,-9999,-9999,N/A,-9999,-9999
1562,344.730854,344.730698105,-9999,2640124.5,-9999,288750.4,15.86,-1,-9999,-9999,-9999,-9999,-9999,-9999,-9999,unassigned,N/A,-9999,-9999,N/A,-9999,-9999,-9999,-9999,-9999,-9999,-9999,N/A,-9999,-9999
1563,344.759313,344.759157098,-9999,7146758.5,-9999,303702.9,46.87,-1,-9999,-9999,-9999,-9999,-9999,-9999,-9999,unassigned,N/A,-9999,-9999,N/A,-9999,-9999,-9999,-9999,-9999,-9999,-9999,N/A,-9999,-9999
1564,344.971838,344.971682045,-9999,22429008,-9999,295024,152.02,-1,-9999,-9999,-9999,-9999,-9999,-9999,-9999,unassigned,N/A,-9999,-9999,N/A,-9999,-9999,-9999,-9999,-9999,-9999,-9999,N/A,-9999,-9999
1565,344.979102,344.978946043,-9999,1798481.9,-9999,309319.6,10.07,-1,-9999,-9999,-9999,-9999,-9999,-9999,-9999,unassigned,N/A,-9999,-9999,N/A,-9999,-9999,-9999,-9999,-9999,-9999,-9999,N/A,-9999,-9999
1576,345.163246,345.163089997,-9999,1379217.4,-9999,324579.3,7.18,-1,-9999,-9999,-9999,-9999,-9999,-9999,-9999,unassigned,N/A,-9999,-9999,N/A,-9999,-9999,-9999,-9999,-9999,-9999,-9999,N/A,-9999,-9999
1577,345.165531,345.165374996,-9999,5940626,-9999,299768,38.57,-1,-9999,-9999,-9999,-9999,-9999,-9999,-9999,unassigned,N/A,-9999,-9999,N/A,-9999,-9999,-9999,-9999,-9999,-9999,-9999,N/A,-9999,-9999
1583,345.971425,345.971268795,-9999,3412650,-9999,317810,21.17,-1,-9999,-9999,-9999,-9999,-9999,-9999,-9999,unassigned,N/A,-9999,-9999,N/A,-9999,-9999,-9999,-9999,-9999,-9999,-9999,N/A,-9999,-9999
1584,345.975241,345.975084794,-9999,1357099.3,-9999,265318.3,7.03,-1,-9999,-9999,-9999,-9999,-9999,-9999,-9999,unassigned,N/A,-9999,-9999,N/A,-9999,-9999,-9999,-9999,-9999,-9999,-9999,N/A,-9999,-9999
1592,346.738522,346.738365603,-9999,2292151,-9999,320658,13.46,-1,-9999,-9999,-9999,-9999,-9999,-9999,-9999,unassigned,N/A,-9999,-9999,N/A,-9999,-9999,-9999,-9999,-9999,-9999,-9999,N/A,-9999,-9999
1593,346.757258,346.757101598,-9999,7669693.5,-9999,312168.3,50.46,-1,-9999,-9999,-9999,-9999,-9999,-9999,-9999,unassigned,N/A,-9999,-9999,N/A,-9999,-9999,-9999,-9999,-9999,-9999,-9999,N/A,-9999,-9999
1594,346.766451,346.766294596,-9999,1456832.8,-9999,321223.8,7.71,-1,-9999,-9999,-9999,-9999,-9999,-9999,-9999,unassigned,N/A,-9999,-9999,N/A,-9999,-9999,-9999,-9999,-9999,-9999,-9999,N/A,-9999,-9999
1597,347.052679,347.052522524,-9999,2093093.9,-9999,281423.5,12.09,-1,-9999,-9999,-9999,-9999,-9999,-9999,-9999,unassigned,N/A,-9999,-9999,N/A,-9999,-9999,-9999,-9999,-9999,-9999,-9999,N/A,-9999,-9999
1604,347.144778,347.144621501,-9999,4119622.5,-9999,313923.1,26.03,-1,-9999,-9999,-9999,-9999,-9999,-9999,-9999,unassigned,N/A,-9999,-9999,N/A,-9999,-9999,-9999,-9999,-9999,-9999,-9999,N/A,-9999,-9999
1608,347.181173,347.181016492,-9999,22741076,-9999,301936.8,154.16,-1,-9999,-9999,-9999,-9999,-9999,-9999,-9999,unassigned,N/A,-9999,-9999,N/A,-9999,-9999,-9999,-9999,-9999,-9999,-9999,N/A,-9999,-9999
1611,347.192131,347.191974489,-9999,1951831.3,-9999,360273.5,11.12,-1,-9999,-9999,-9999,-9999,-9999,-9999,-9999,unassigned,N/A,-9999,-9999,N/A,-9999,-9999,-9999,-9999,-9999,-9999,-9999,N/A,-9999,-9999
1620,348.212806,348.212649234,-9999,2863043,-9999,301896.3,17.39,-1,-9999,-9999,-9999,-9999,-9999,-9999,-9999,unassigned,N/A,-9999,-9999,N/A,-9999,-9999,-9999,-9999,-9999,-9999,-9999,N/A,-9999,-9999
1622,348.736423,348.736266103,-9999,2774143,-9999,293897.7,16.77,-1,-9999,-9999,-9999,-9999,-9999,-9999,-9999,unassigned,N/A,-9999,-9999,N/A,-9999,-9999,-9999,-9999,-9999,-9999,-9999,N/A,-9999,-9999
1623,348.755242,348.755085099,-9999,2760325.8,-9999,308867.8,16.68,-1,-9999,-9999,-9999,-9999,-9999,-9999,-9999,unassigned,N/A,-9999,-9999,N/A,-9999,-9999,-9999,-9999,-9999,-9999,-9999,N/A,-9999,-9999
1624,348.954318,348.954161049,-9999,3182285.8,-9999,308143.1,19.58,-1,-9999,-9999,-9999,-9999,-9999,-9999,-9999,unassigned,N/A,-9999,-9999,N/A,-9999,-9999,-9999,-9999,-9999,-9999,-9999,N/A,-9999,-9999
1630,349.160407,349.160249997,-9999,1691416.1,-9999,331404.2,9.32,-1,-9999,-9999,-9999,-9999,-9999,-9999,-9999,unassigned,N/A,-9999,-9999,N/A,-9999,-9999,-9999,-9999,-9999,-9999,-9999,N/A,-9999,-9999
1633,349.1968,349.196642988,-9999,101311272,-9999,296332.9,694.76,-1,-9999,-9999,-9999,-9999,-9999,-9999,-9999,unassigned,N/A,-9999,-9999,N/A,-9999,-9999,-9999,-9999,-9999,-9999,-9999,N/A,-9999,-9999
1636,349.207741,349.207583985,-9999,3798825.3,-9999,381756.2,23.82,-1,-9999,-9999,-9999,-9999,-9999,-9999,-9999,unassigned,N/A,-9999,-9999,N/A,-9999,-9999,-9999,-9999,-9999,-9999,-9999,N/A,-9999,-9999
1639,349.288217,349.288059965,-9999,2339654.5,-9999,283990.8,13.78,-1,-9999,-9999,-9999,-9999,-9999,-9999,-9999,unassigned,N/A,-9999,-9999,N/A,-9999,-9999,-9999,-9999,-9999,-9999,-9999,N/A,-9999,-9999
1643,350.149214,350.14905675,-9999,2364544,-9999,304664.4,13.95,-1,-9999,-9999,-9999,-9999,-9999,-9999,-9999,unassigned,N/A,-9999,-9999,N/A,-9999,-9999,-9999,-9999,-9999,-9999,-9999,N/A,-9999,-9999
1651,351.019943,351.019785532,-9999,1870783.4,-9999,331597.1,10.55,-1,-9999,-9999,-9999,-9999,-9999,-9999,-9999,unassigned,N/A,-9999,-9999,N/A,-9999,-9999,-9999,-9999,-9999,-9999,-9999,N/A,-9999,-9999
1652,351.026416,351.02625853,-9999,1409217.9,-9999,368038.9,7.38,-1,-9999,-9999,-9999,-9999,-9999,-9999,-9999,unassigned,N/A,-9999,-9999,N/A,-9999,-9999,-9999,-9999,-9999,-9999,-9999,N/A,-9999,-9999
1655,351.085685,351.085527516,-9999,1429975.6,-9999,290628,7.52,-1,-9999,-9999,-9999,-9999,-9999,-9999,-9999,unassigned,N/A,-9999,-9999,N/A,-9999,-9999,-9999,-9999,-9999,-9999,-9999,N/A,-9999,-9999
1656,351.103309,351.103151511,-9999,1912286.1,-9999,366893.4,10.84,-1,-9999,-9999,-9999,-9999,-9999,-9999,-9999,unassigned,N/A,-9999,-9999,N/A,-9999,-9999,-9999,-9999,-9999,-9999,-9999,N/A,-9999,-9999
1663,351.176098,351.175940493,-9999,3378681,-9999,295696.2,20.93,-1,-9999,-9999,-9999,-9999,-9999,-9999,-9999,unassigned,N/A,-9999,-9999,N/A,-9999,-9999,-9999,-9999,-9999,-9999,-9999,N/A,-9999,-9999
1665,351.21243,351.212272484,-9999,253306368,-9999,296193.6,1740.57,-1,-9999,-9999,-9999,-9999,-9999,-9999,-9999,unassigned,N/A,-9999,-9999,N/A,-9999,-9999,-9999,-9999,-9999,-9999,-9999,N/A,-9999,-9999
1667,351.222204,351.222046481,-9999,10933770,-9999,331300.1,72.91,-1,-9999,-9999,-9999,-9999,-9999,-9999,-9999,unassigned,N/A,-9999,-9999,N/A,-9999,-9999,-9999,-9999,-9999,-9999,-9999,N/A,-9999,-9999
1674,352.182638,352.182480241,-9999,1568622,-9999,339005.5,8.47,-1,-9999,-9999,-9999,-9999,-9999,-9999,-9999,unassigned,N/A,-9999,-9999,N/A,-9999,-9999,-9999,-9999,-9999,-9999,-9999,N/A,-9999,-9999
1680,352.244133,352.243975226,-9999,3985284.8,-9999,323799.3,25.1,-1,-9999,-9999,-9999,-9999,-9999,-9999,-9999,unassigned,N/A,-9999,-9999,N/A,-9999,-9999,-9999,-9999,-9999,-9999,-9999,N/A,-9999,-9999
1681,352.949235,352.94907705,-9999,17057932,-9999,290831.1,114.08,-1,-9999,-9999,-9999,-9999,-9999,-9999,-9999,unassigned,N/A,-9999,-9999,N/A,-9999,-9999,-9999,-9999,-9999,-9999,-9999,N/A,-9999,-9999
1689,353.137601,353.137443002,-9999,2656466.5,-9999,321777.3,15.82,-1,-9999,-9999,-9999,-9999,-9999,-9999,-9999,unassigned,N/A,-9999,-9999,N/A,-9999,-9999,-9999,-9999,-9999,-9999,-9999,N/A,-9999,-9999
1692,353.173981,353.173822993,-9999,3033824.3,-9999,307106.1,18.39,-1,-9999,-9999,-9999,-9999,-9999,-9999,-9999,unassigned,N/A,-9999,-9999,N/A,-9999,-9999,-9999,-9999,-9999,-9999,-9999,N/A,-9999,-9999
1694,353.191766,353.191607989,-9999,5810407,-9999,299647,37.34,-1,-9999,-9999,-9999,-9999,-9999,-9999,-9999,unassigned,N/A,-9999,-9999,N/A,-9999,-9999,-9999,-9999,-9999,-9999,-9999,N/A,-9999,-9999
1697,353.210361,353.210202984,-9999,6951150,-9999,298912.6,45.12,-1,-9999,-9999,-9999,-9999,-9999,-9999,-9999,unassigned,N/A,-9999,-9999,N/A,-9999,-9999,-9999,-9999,-9999,-9999,-9999,N/A,-9999,-9999
1698,353.21689,353.216731983,-9999,1664752.3,-9999,395512.5,9.05,-1,-9999,-9999,-9999,-9999,-9999,-9999,-9999,unassigned,N/A,-9999,-9999,N/A,-9999,-9999,-9999,-9999,-9999,-9999,-9999,N/A,-9999,-9999
1699,353.219131,353.218972982,-9999,3881201.3,-9999,311307.3,24.17,-1,-9999,-9999,-9999,-9999,-9999,-9999,-9999,unassigned,N/A,-9999,-9999,N/A,-9999,-9999,-9999,-9999,-9999,-9999,-9999,N/A,-9999,-9999
1700,353.228103,353.22794498,-9999,7575796.5,-9999,304107.5,49.38,-1,-9999,-9999,-9999,-9999,-9999,-9999,-9999,unassigned,N/A,-9999,-9999,N/A,-9999,-9999,-9999,-9999,-9999,-9999,-9999,N/A,-9999,-9999
1702,353.948841,353.9486828,-9999,3124739.5,-9999,318872.8,19.01,-1,-9999,-9999,-9999,-9999,-9999,-9999,-9999,unassigned,N/A,-9999,-9999,N/A,-9999,-9999,-9999,-9999,-9999,-9999,-9999,N/A,-9999,-9999
1708,354.873543,354.873384568,-9999,4387681,-9999,273958,27.62,-1,-9999,-9999,-9999,-9999,-9999,-9999,-9999,unassigned,N/A,-9999,-9999,N/A,-9999,-9999,-9999,-9999,-9999,-9999,-9999,N/A,-9999,-9999
1709,354.946066,354.94590755,-9999,2741628.8,-9999,327625.7,16.39,-1,-9999,-9999,-9999,-9999,-9999,-9999,-9999,unassigned,N/A,-9999,-9999,N/A,-9999,-9999,-9999,-9999,-9999,-9999,-9999,N/A,-9999,-9999
1715,355.153256,355.153097498,-9999,1734091.3,-9999,333871.1,9.52,-1,-9999,-9999,-9999,-9999,-9999,-9999,-9999,unassigned,N/A,-9999,-9999,N/A,-9999,-9999,-9999,-9999,-9999,-9999,-9999,N/A,-9999,-9999
1718,355.204889,355.204730485,-9999,2266079,-9999,332839.5,13.15,-1,-9999,-9999,-9999,-9999,-9999,-9999,-9999,unassigned,N/A,-9999,-9999,N/A,-9999,-9999,-9999,-9999,-9999,-9999,-9999,N/A,-9999,-9999
1719,355.207358,355.207199485,-9999,2416607.8,-9999,328426.3,14.18,-1,-9999,-9999,-9999,-9999,-9999,-9999,-9999,unassigned,N/A,-9999,-9999,N/A,-9999,-9999,-9999,-9999,-9999,-9999,-9999,N/A,-9999,-9999
1729,356.759347,356.759188097,-9999,1556016.1,-9999,318766.2,8.3,-1,-9999,-9999,-9999,-9999,-9999,-9999,-9999,unassigned,N/A,-9999,-9999,N/A,-9999,-9999,-9999,-9999,-9999,-9999,-9999,N/A,-9999,-9999
1730,356.870676,356.870517069,-9999,4990555,-9999,318623,31.73,-1,-9999,-9999,-9999,-9999,-9999,-9999,-9999,unassigned,N/A,-9999,-9999,N/A,-9999,-9999,-9999,-9999,-9999,-9999,-9999,N/A,-9999,-9999
1731,356.990487,356.990328039,-9999,57962120,-9999,289201.7,393.14,-1,-9999,-9999,-9999,-9999,-9999,-9999,-9999,unassigned,N/A,-9999,-9999,N/A,-9999,-9999,-9999,-9999,-9999,-9999,-9999,N/A,-9999,-9999
1742,357.184215,357.18405599,-9999,1574611,-9999,366298.3,8.43,-1,-9999,-9999,-9999,-9999,-9999,-9999,-9999,unassigned,N/A,-9999,-9999,N/A,-9999,-9999,-9999,-9999,-9999,-9999,-9999,N/A,-9999,-9999
1748,357.990058,357.989898789,-9999,7905289,-9999,297995.1,51.62,-1,-9999,-9999,-9999,-9999,-9999,-9999,-9999,unassigned,N/A,-9999,-9999,N/A,-9999,-9999,-9999,-9999,-9999,-9999,-9999,N/A,-9999,-9999
1756,358.75728,358.757120597,-9999,1593393,-9999,277418.4,8.55,-1,-9999,-9999,-9999,-9999,-9999,-9999,-9999,unassigned,N/A,-9999,-9999,N/A,-9999,-9999,-9999,-9999,-9999,-9999,-9999,N/A,-9999,-9999
1757,358.793632,358.793472588,-9999,1574207,-9999,343222.8,8.42,-1,-9999,-9999,-9999,-9999,-9999,-9999,-9999,unassigned,N/A,-9999,-9999,N/A,-9999,-9999,-9999,-9999,-9999,-9999,-9999,N/A,-9999,-9999
1758,358.867593,358.867433569,-9999,2106203.5,-9999,294598.9,12.05,-1,-9999,-9999,-9999,-9999,-9999,-9999,-9999,unassigned,N/A,-9999,-9999,N/A,-9999,-9999,-9999,-9999,-9999,-9999,-9999,N/A,-9999,-9999
1759,358.987472,358.987312539,-9999,21475722,-9999,281054.5,144.2,-1,-9999,-9999,-9999,-9999,-9999,-9999,-9999,unassigned,N/A,-9999,-9999,N/A,-9999,-9999,-9999,-9999,-9999,-9999,-9999,N/A,-9999,-9999
1760,358.994685,358.994525537,-9999,1561740.8,-9999,235217.5,8.33,-1,-9999,-9999,-9999,-9999,-9999,-9999,-9999,unassigned,N/A,-9999,-9999,N/A,-9999,-9999,-9999,-9999,-9999,-9999,-9999,N/A,-9999,-9999
1768,359.127124,359.126964504,-9999,1373376,-9999,304389.6,7.05,-1,-9999,-9999,-9999,-9999,-9999,-9999,-9999,unassigned,N/A,-9999,-9999,N/A,-9999,-9999,-9999,-9999,-9999,-9999,-9999,N/A,-9999,-9999
1776,359.199815,359.199655486,-9999,3916252,-9999,269708.8,24.4,-1,-9999,-9999,-9999,-9999,-9999,-9999,-9999,unassigned,N/A,-9999,-9999,N/A,-9999,-9999,-9999,-9999,-9999,-9999,-9999,N/A,-9999,-9999
1782,359.987022,359.986862289,-9999,3547917,-9999,293246.6,21.88,-1,-9999,-9999,-9999,-9999,-9999,-9999,-9999,unassigned,N/A,-9999,-9999,N/A,-9999,-9999,-9999,-9999,-9999,-9999,-9999,N/A,-9999,-9999
1789,360.890542,360.890382063,-9999,3438700,-9999,312631.3,21.13,-1,-9999,-9999,-9999,-9999,-9999,-9999,-9999,unassigned,N/A,-9999,-9999,N/A,-9999,-9999,-9999,-9999,-9999,-9999,-9999,N/A,-9999,-9999
1790,360.894601,360.894441062,-9999,2101869.5,-9999,270577.9,12.01,-1,-9999,-9999,-9999,-9999,-9999,-9999,-9999,unassigned,N/A,-9999,-9999,N/A,-9999,-9999,-9999,-9999,-9999,-9999,-9999,N/A,-9999,-9999
1797,361.160375,361.160214996,-9999,5381333,-9999,284816.7,34.39,-1,-9999,-9999,-9999,-9999,-9999,-9999,-9999,unassigned,N/A,-9999,-9999,N/A,-9999,-9999,-9999,-9999,-9999,-9999,-9999,N/A,-9999,-9999
1799,361.17667,361.176509992,-9999,3333339.3,-9999,301672.6,20.41,-1,-9999,-9999,-9999,-9999,-9999,-9999,-9999,unassigned,N/A,-9999,-9999,N/A,-9999,-9999,-9999,-9999,-9999,-9999,-9999,N/A,-9999,-9999
1802,361.196737,361.196576987,-9999,2397411,-9999,299160.9,14.03,-1,-9999,-9999,-9999,-9999,-9999,-9999,-9999,unassigned,N/A,-9999,-9999,N/A,-9999,-9999,-9999,-9999,-9999,-9999,-9999,N/A,-9999,-9999
1807,362.185593,362.185432739,-9999,2931812.3,-9999,300566.7,17.67,-1,-9999,-9999,-9999,-9999,-9999,-9999,-9999,unassigned,N/A,-9999,-9999,N/A,-9999,-9999,-9999,-9999,-9999,-9999,-9999,N/A,-9999,-9999
1810,362.887558,362.887397564,-9999,4185973.8,-9999,282115,26.23,-1,-9999,-9999,-9999,-9999,-9999,-9999,-9999,unassigned,N/A,-9999,-9999,N/A,-9999,-9999,-9999,-9999,-9999,-9999,-9999,N/A,-9999,-9999
1811,362.969926,362.969765543,-9999,1738646,-9999,341271.8,9.53,-1,-9999,-9999,-9999,-9999,-9999,-9999,-9999,unassigned,N/A,-9999,-9999,N/A,-9999,-9999,-9999,-9999,-9999,-9999,-9999,N/A,-9999,-9999
1819,363.176061,363.175900492,-9999,11573222,-9999,282334.4,76.63,-1,-9999,-9999,-9999,-9999,-9999,-9999,-9999,unassigned,N/A,-9999,-9999,N/A,-9999,-9999,-9999,-9999,-9999,-9999,-9999,N/A,-9999,-9999
1822,363.212392,363.212231483,-9999,2788340.5,-9999,291004.6,16.69,-1,-9999,-9999,-9999,-9999,-9999,-9999,-9999,unassigned,N/A,-9999,-9999,N/A,-9999,-9999,-9999,-9999,-9999,-9999,-9999,N/A,-9999,-9999
1824,363.267546,363.267385469,-9999,1617418.1,-9999,323993.1,8.7,-1,-9999,-9999,-9999,-9999,-9999,-9999,-9999,unassigned,N/A,-9999,-9999,N/A,-9999,-9999,-9999,-9999,-9999,-9999,-9999,N/A,-9999,-9999
1825,363.303907,363.30374646,-9999,1881112.3,-9999,309563.1,10.5,-1,-9999,-9999,-9999,-9999,-9999,-9999,-9999,unassigned,N/A,-9999,-9999,N/A,-9999,-9999,-9999,-9999,-9999,-9999,-9999,N/A,-9999,-9999
1827,364.164841,364.164680244,-9999,1480040.3,-9999,323725.2,7.76,-1,-9999,-9999,-9999,-9999,-9999,-9999,-9999,unassigned,N/A,-9999,-9999,N/A,-9999,-9999,-9999,-9999,-9999,-9999,-9999,N/A,-9999,-9999
1829,364.185116,364.184955239,-9999,1539184.3,-9999,253690.5,8.17,-1,-9999,-9999,-9999,-9999,-9999,-9999,-9999,unassigned,N/A,-9999,-9999,N/A,-9999,-9999,-9999,-9999,-9999,-9999,-9999,N/A,-9999,-9999
1835,364.884437,364.884276064,-9999,1650049.3,-9999,204429.7,8.84,-1,-9999,-9999,-9999,-9999,-9999,-9999,-9999,unassigned,N/A,-9999,-9999,N/A,-9999,-9999,-9999,-9999,-9999,-9999,-9999,N/A,-9999,-9999
1836,364.962894,364.962733045,-9999,1453471.8,-9999,324135.7,7.51,-1,-9999,-9999,-9999,-9999,-9999,-9999,-9999,unassigned,N/A,-9999,-9999,N/A,-9999,-9999,-9999,-9999,-9999,-9999,-9999,N/A,-9999,-9999
1841,365.133536,365.133375002,-9999,3001570.5,-9999,275784.5,17.98,-1,-9999,-9999,-9999,-9999,-9999,-9999,-9999,unassigned,N/A,-9999,-9999,N/A,-9999,-9999,-9999,-9999,-9999,-9999,-9999,N/A,-9999,-9999
1846,365.191727,365.191565987,-9999,35289848,-9999,284233.1,236.31,-1,-9999,-9999,-9999,-9999,-9999,-9999,-9999,unassigned,N/A,-9999,-9999,N/A,-9999,-9999,-9999,-9999,-9999,-9999,-9999,N/A,-9999,-9999
1853,366.144115,366.143953749,-9999,2020460.8,-9999,313763.2,11.34,-1,-9999,-9999,-9999,-9999,-9999,-9999,-9999,unassigned,N/A,-9999,-9999,N/A,-9999,-9999,-9999,-9999,-9999,-9999,-9999,N/A,-9999,-9999
1857,366.198283,366.198121736,-9999,1486465.9,-9999,354689.1,7.73,-1,-9999,-9999,-9999,-9999,-9999,-9999,-9999,unassigned,N/A,-9999,-9999,N/A,-9999,-9999,-9999,-9999,-9999,-9999,-9999,N/A,-9999,-9999
1860,366.223367,366.22320572899997,-9999,4952203.5,-9999,293720.3,31.17,-1,-9999,-9999,-9999,-9999,-9999,-9999,-9999,unassigned,N/A,-9999,-9999,N/A,-9999,-9999,-9999,-9999,-9999,-9999,-9999,N/A,-9999,-9999
1862,366.964916,366.964754544,-9999,24214956,-9999,283602.9,161.42,-1,-9999,-9999,-9999,-9999,-9999,-9999,-9999,unassigned,N/A,-9999,-9999,N/A,-9999,-9999,-9999,-9999,-9999,-9999,-9999,N/A,-9999,-9999
1863,367.021358,367.02119653,-9999,1609410.6,-9999,300534.2,8.56,-1,-9999,-9999,-9999,-9999,-9999,-9999,-9999,unassigned,N/A,-9999,-9999,N/A,-9999,-9999,-9999,-9999,-9999,-9999,-9999,N/A,-9999,-9999
1870,367.153289,367.153127497,-9999,2486262.3,-9999,270743.6,14.49,-1,-9999,-9999,-9999,-9999,-9999,-9999,-9999,unassigned,N/A,-9999,-9999,N/A,-9999,-9999,-9999,-9999,-9999,-9999,-9999,N/A,-9999,-9999
1873,367.170986,367.170824492,-9999,1791997,-9999,331544.7,9.79,-1,-9999,-9999,-9999,-9999,-9999,-9999,-9999,unassigned,N/A,-9999,-9999,N/A,-9999,-9999,-9999,-9999,-9999,-9999,-9999,N/A,-9999,-9999
1876,367.207392,367.207230483,-9999,76250632,-9999,280919.9,513.28,-1,-9999,-9999,-9999,-9999,-9999,-9999,-9999,unassigned,N/A,-9999,-9999,N/A,-9999,-9999,-9999,-9999,-9999,-9999,-9999,N/A,-9999,-9999
1881,367.964459,367.964297294,-9999,5038898,-9999,290064.9,31.75,-1,-9999,-9999,-9999,-9999,-9999,-9999,-9999,unassigned,N/A,-9999,-9999,N/A,-9999,-9999,-9999,-9999,-9999,-9999,-9999,N/A,-9999,-9999
1882,367.968248,367.968086293,-9999,1515827.4,-9999,316784.5,7.92,-1,-9999,-9999,-9999,-9999,-9999,-9999,-9999,unassigned,N/A,-9999,-9999,N/A,-9999,-9999,-9999,-9999,-9999,-9999,-9999,N/A,-9999,-9999
1885,368.177422,368.177260241,-9999,1895300.6,-9999,307311.4,10.49,-1,-9999,-9999,-9999,-9999,-9999,-9999,-9999,unassigned,N/A,-9999,-9999,N/A,-9999,-9999,-9999,-9999,-9999,-9999,-9999,N/A,-9999,-9999
1887,368.213135,368.212973232,-9999,1705874.5,-9999,300705.9,9.21,-1,-9999,-9999,-9999,-9999,-9999,-9999,-9999,unassigned,N/A,-9999,-9999,N/A,-9999,-9999,-9999,-9999,-9999,-9999,-9999,N/A,-9999,-9999
1890,368.961806,368.961644045,-9999,3787957.3,-9999,275366.3,23.29,-1,-9999,-9999,-9999,-9999,-9999,-9999,-9999,unassigned,N/A,-9999,-9999,N/A,-9999,-9999,-9999,-9999,-9999,-9999,-9999,N/A,-9999,-9999
1900,369.223047,369.222884979,-9999,20607258,-9999,279829,137.02,-1,-9999,-9999,-9999,-9999,-9999,-9999,-9999,unassigned,N/A,-9999,-9999,N/A,-9999,-9999,-9999,-9999,-9999,-9999,-9999,N/A,-9999,-9999
1909,370.979852,370.97968954,-9999,2756033.5,-9999,310973.1,16.3,-1,-9999,-9999,-9999,-9999,-9999,-9999,-9999,unassigned,N/A,-9999,-9999,N/A,-9999,-9999,-9999,-9999,-9999,-9999,-9999,N/A,-9999,-9999
1910,371.006112,371.005949533,-9999,13185996,-9999,281536.4,86.83,-1,-9999,-9999,-9999,-9999,-9999,-9999,-9999,unassigned,N/A,-9999,-9999,N/A,-9999,-9999,-9999,-9999,-9999,-9999,-9999,N/A,-9999,-9999
1919,371.163433,371.163270494,-9999,1934856.4,-9999,275242.8,10.75,-1,-9999,-9999,-9999,-9999,-9999,-9999,-9999,unassigned,N/A,-9999,-9999,N/A,-9999,-9999,-9999,-9999,-9999,-9999,-9999,N/A,-9999,-9999
1922,371.181276,371.181113489,-9999,2203663.3,-9999,235812.3,12.57,-1,-9999,-9999,-9999,-9999,-9999,-9999,-9999,unassigned,N/A,-9999,-9999,N/A,-9999,-9999,-9999,-9999,-9999,-9999,-9999,N/A,-9999,-9999
1929,372.005628,372.005465283,-9999,1488972,-9999,284216.7,7.73,-1,-9999,-9999,-9999,-9999,-9999,-9999,-9999,unassigned,N/A,-9999,-9999,N/A,-9999,-9999,-9999,-9999,-9999,-9999,-9999,N/A,-9999,-9999
1935,372.189221,372.189058237,-9999,2566546.3,-9999,303530.1,15.02,-1,-9999,-9999,-9999,-9999,-9999,-9999,-9999,unassigned,N/A,-9999,-9999,N/A,-9999,-9999,-9999,-9999,-9999,-9999,-9999,N/A,-9999,-9999
1941,372.684551,372.684388113,-9999,1870415.9,-9999,317183.7,10.31,-1,-9999,-9999,-9999,-9999,-9999,-9999,-9999,unassigned,N/A,-9999,-9999,N/A,-9999,-9999,-9999,-9999,-9999,-9999,-9999,N/A,-9999,-9999
1942,372.754431,372.754268096,-9999,1811562.6,-9999,294130,9.91,-1,-9999,-9999,-9999,-9999,-9999,-9999,-9999,unassigned,N/A,-9999,-9999,N/A,-9999,-9999,-9999,-9999,-9999,-9999,-9999,N/A,-9999,-9999
1944,373.003255,373.003092034,-9999,5210825.5,-9999,267178.9,32.9,-1,-9999,-9999,-9999,-9999,-9999,-9999,-9999,unassigned,N/A,-9999,-9999,N/A,-9999,-9999,-9999,-9999,-9999,-9999,-9999,N/A,-9999,-9999
1948,373.102301,373.102138009,-9999,22628080,-9999,274488.2,150.67,-1,-9999,-9999,-9999,-9999,-9999,-9999,-9999,unassigned,N/A,-9999,-9999,N/A,-9999,-9999,-9999,-9999,-9999,-9999,-9999,N/A,-9999,-9999
1965,374.063627,374.063463768,-9999,2084445.1,-9999,274166.3,11.75,-1,-9999,-9999,-9999,-9999,-9999,-9999,-9999,unassigned,N/A,-9999,-9999,N/A,-9999,-9999,-9999,-9999,-9999,-9999,-9999,N/A,-9999,-9999
1966,374.105744,374.105580758,-9999,3558509,-9999,298052.6,21.72,-1,-9999,-9999,-9999,-9999,-9999,-9999,-9999,unassigned,N/A,-9999,-9999,N/A,-9999,-9999,-9999,-9999,-9999,-9999,-9999,N/A,-9999,-9999
1970,374.176812,374.17664874,-9999,1683080,-9999,381622.6,9.04,-1,-9999,-9999,-9999,-9999,-9999,-9999,-9999,unassigned,N/A,-9999,-9999,N/A,-9999,-9999,-9999,-9999,-9999,-9999,-9999,N/A,-9999,-9999
1974,374.301255,374.301091709,-9999,10344631,-9999,278711.7,67.61,-1,-9999,-9999,-9999,-9999,-9999,-9999,-9999,unassigned,N/A,-9999,-9999,N/A,-9999,-9999,-9999,-9999,-9999,-9999,-9999,N/A,-9999,-9999
1975,374.681486,374.681322614,-9999,1856839,-9999,320643.9,10.21,-1,-9999,-9999,-9999,-9999,-9999,-9999,-9999,unassigned,N/A,-9999,-9999,N/A,-9999,-9999,-9999,-9999,-9999,-9999,-9999,N/A,-9999,-9999
1976,374.910263,374.910099557,-9999,12892573,-9999,274670.7,84.84,-1,-9999,-9999,-9999,-9999,-9999,-9999,-9999,unassigned,N/A,-9999,-9999,N/A,-9999,-9999,-9999,-9999,-9999,-9999,-9999,N/A,-9999,-9999
1989,375.212363,375.212199481,-9999,1661967.3,-9999,309205.6,8.89,-1,-9999,-9999,-9999,-9999,-9999,-9999,-9999,unassigned,N/A,-9999,-9999,N/A,-9999,-9999,-9999,-9999,-9999,-9999,-9999,N/A,-9999,-9999
1995,375.909891,375.909727307,-9999,2805525.3,-9999,313402.9,16.63,-1,-9999,-9999,-9999,-9999,-9999,-9999,-9999,unassigned,N/A,-9999,-9999,N/A,-9999,-9999,-9999,-9999,-9999,-9999,-9999,N/A,-9999,-9999
2005,376.70447,376.704306108,-9999,3330110,-9999,273175.3,20.17,-1,-9999,-9999,-9999,-9999,-9999,-9999,-9999,unassigned,N/A,-9999,-9999,N/A,-9999,-9999,-9999,-9999,-9999,-9999,-9999,N/A,-9999,-9999
2006,376.81673,376.81656608,-9999,1434215.8,-9999,264412.8,7.35,-1,-9999,-9999,-9999,-9999,-9999,-9999,-9999,unassigned,N/A,-9999,-9999,N/A,-9999,-9999,-9999,-9999,-9999,-9999,-9999,N/A,-9999,-9999
2007,376.907321,376.907157057,-9999,5379209.5,-9999,287103.5,34.03,-1,-9999,-9999,-9999,-9999,-9999,-9999,-9999,unassigned,N/A,-9999,-9999,N/A,-9999,-9999,-9999,-9999,-9999,-9999,-9999,N/A,-9999,-9999
2010,377.085917,377.085753013,-9999,4182219.8,-9999,293470.1,25.77,-1,-9999,-9999,-9999,-9999,-9999,-9999,-9999,unassigned,N/A,-9999,-9999,N/A,-9999,-9999,-9999,-9999,-9999,-9999,-9999,N/A,-9999,-9999
2014,377.137685,377.137521,-9999,3042527,-9999,314564.3,18.11,-1,-9999,-9999,-9999,-9999,-9999,-9999,-9999,unassigned,N/A,-9999,-9999,N/A,-9999,-9999,-9999,-9999,-9999,-9999,-9999,N/A,-9999,-9999
2015,377.155258,377.155093995,-9999,2677477.5,-9999,263046.3,15.66,-1,-9999,-9999,-9999,-9999,-9999,-9999,-9999,unassigned,N/A,-9999,-9999,N/A,-9999,-9999,-9999,-9999,-9999,-9999,-9999,N/A,-9999,-9999
2017,377.16123,377.161065994,-9999,2390247.8,-9999,358116.1,13.73,-1,-9999,-9999,-9999,-9999,-9999,-9999,-9999,unassigned,N/A,-9999,-9999,N/A,-9999,-9999,-9999,-9999,-9999,-9999,-9999,N/A,-9999,-9999
2019,377.191777,377.191612986,-9999,2990323,-9999,278188.8,17.76,-1,-9999,-9999,-9999,-9999,-9999,-9999,-9999,unassigned,N/A,-9999,-9999,N/A,-9999,-9999,-9999,-9999,-9999,-9999,-9999,N/A,-9999,-9999
2023,377.31948,377.319315954,-9999,2470690.3,-9999,295157.3,14.27,-1,-9999,-9999,-9999,-9999,-9999,-9999,-9999,unassigned,N/A,-9999,-9999,N/A,-9999,-9999,-9999,-9999,-9999,-9999,-9999,N/A,-9999,-9999
2030,378.701603,378.701438608,-9999,7249695.5,-9999,271612.2,46.38,-1,-9999,-9999,-9999,-9999,-9999,-9999,-9999,unassigned,N/A,-9999,-9999,N/A,-9999,-9999,-9999,-9999,-9999,-9999,-9999,N/A,-9999,-9999
2031,378.901008,378.900843559,-9999,1418088.3,-9999,261680,7.19,-1,-9999,-9999,-9999,-9999,-9999,-9999,-9999,unassigned,N/A,-9999,-9999,N/A,-9999,-9999,-9999,-9999,-9999,-9999,-9999,N/A,-9999,-9999
2032,379.057796,379.057631519,-9999,1579425.5,-9999,311297.6,8.28,-1,-9999,-9999,-9999,-9999,-9999,-9999,-9999,unassigned,N/A,-9999,-9999,N/A,-9999,-9999,-9999,-9999,-9999,-9999,-9999,N/A,-9999,-9999
2034,379.082923,379.082758513,-9999,1471658.6,-9999,292455.4,7.55,-1,-9999,-9999,-9999,-9999,-9999,-9999,-9999,unassigned,N/A,-9999,-9999,N/A,-9999,-9999,-9999,-9999,-9999,-9999,-9999,N/A,-9999,-9999
2040,379.170967,379.170802491,-9999,4945867,-9999,280022.5,30.9,-1,-9999,-9999,-9999,-9999,-9999,-9999,-9999,unassigned,N/A,-9999,-9999,N/A,-9999,-9999,-9999,-9999,-9999,-9999,-9999,N/A,-9999,-9999
2043,379.207453,379.207288482,-9999,6641624,-9999,269203.1,42.29,-1,-9999,-9999,-9999,-9999,-9999,-9999,-9999,unassigned,N/A,-9999,-9999,N/A,-9999,-9999,-9999,-9999,-9999,-9999,-9999,N/A,-9999,-9999
2053,380.202603,380.202438233,-9999,1604928.8,-9999,317675.6,8.44,-1,-9999,-9999,-9999,-9999,-9999,-9999,-9999,unassigned,N/A,-9999,-9999,N/A,-9999,-9999,-9999,-9999,-9999,-9999,-9999,N/A,-9999,-9999
2054,380.213644,380.21347923,-9999,2282308.8,-9999,265352.9,13,-1,-9999,-9999,-9999,-9999,-9999,-9999,-9999,unassigned,N/A,-9999,-9999,N/A,-9999,-9999,-9999,-9999,-9999,-9999,-9999,N/A,-9999,-9999
2057,380.239023,380.238858224,-9999,1402701.9,-9999,314579.6,7.08,-1,-9999,-9999,-9999,-9999,-9999,-9999,-9999,unassigned,N/A,-9999,-9999,N/A,-9999,-9999,-9999,-9999,-9999,-9999,-9999,N/A,-9999,-9999
2058,380.69865,380.698485109,-9999,6357491,-9999,278088.4,40.38,-1,-9999,-9999,-9999,-9999,-9999,-9999,-9999,unassigned,N/A,-9999,-9999,N/A,-9999,-9999,-9999,-9999,-9999,-9999,-9999,N/A,-9999,-9999
2069,381.186635,381.186469987,-9999,10818210,-9999,267992.8,70.36,-1,-9999,-9999,-9999,-9999,-9999,-9999,-9999,unassigned,N/A,-9999,-9999,N/A,-9999,-9999,-9999,-9999,-9999,-9999,-9999,N/A,-9999,-9999
2072,381.223078,381.222912978,-9999,14844591,-9999,267026.4,97.42,-1,-9999,-9999,-9999,-9999,-9999,-9999,-9999,unassigned,N/A,-9999,-9999,N/A,-9999,-9999,-9999,-9999,-9999,-9999,-9999,N/A,-9999,-9999
2075,381.980174,381.980008788,-9999,4044731.5,-9999,290406,24.84,-1,-9999,-9999,-9999,-9999,-9999,-9999,-9999,unassigned,N/A,-9999,-9999,N/A,-9999,-9999,-9999,-9999,-9999,-9999,-9999,N/A,-9999,-9999
2076,381.983763,381.983597788,-9999,1418940.6,-9999,333756.8,7.19,-1,-9999,-9999,-9999,-9999,-9999,-9999,-9999,unassigned,N/A,-9999,-9999,N/A,-9999,-9999,-9999,-9999,-9999,-9999,-9999,N/A,-9999,-9999
2082,382.695659,382.695493609,-9999,3595447.3,-9999,286165.3,21.81,-1,-9999,-9999,-9999,-9999,-9999,-9999,-9999,unassigned,N/A,-9999,-9999,N/A,-9999,-9999,-9999,-9999,-9999,-9999,-9999,N/A,-9999,-9999
2083,382.721471,382.721305603,-9999,3267776.3,-9999,300861.6,19.61,-1,-9999,-9999,-9999,-9999,-9999,-9999,-9999,unassigned,N/A,-9999,-9999,N/A,-9999,-9999,-9999,-9999,-9999,-9999,-9999,N/A,-9999,-9999
2084,382.977486,382.977320539,-9999,3306777.8,-9999,278440.2,19.87,-1,-9999,-9999,-9999,-9999,-9999,-9999,-9999,unassigned,N/A,-9999,-9999,N/A,-9999,-9999,-9999,-9999,-9999,-9999,-9999,N/A,-9999,-9999
2085,382.991151,382.990985536,-9999,1468702.5,-9999,304633.9,7.52,-1,-9999,-9999,-9999,-9999,-9999,-9999,-9999,unassigned,N/A,-9999,-9999,N/A,-9999,-9999,-9999,-9999,-9999,-9999,-9999,N/A,-9999,-9999
2096,383.202226,383.202060483,-9999,4740456,-9999,274304.2,29.51,-1,-9999,-9999,-9999,-9999,-9999,-9999,-9999,unassigned,N/A,-9999,-9999,N/A,-9999,-9999,-9999,-9999,-9999,-9999,-9999,N/A,-9999,-9999
2104,384.7185,384.718334104,-9999,8085362.5,-9999,276954.6,51.98,-1,-9999,-9999,-9999,-9999,-9999,-9999,-9999,unassigned,N/A,-9999,-9999,N/A,-9999,-9999,-9999,-9999,-9999,-9999,-9999,N/A,-9999,-9999
2105,384.790727,384.790561085,-9999,1919371.1,-9999,277136,10.55,-1,-9999,-9999,-9999,-9999,-9999,-9999,-9999,unassigned,N/A,-9999,-9999,N/A,-9999,-9999,-9999,-9999,-9999,-9999,-9999,N/A,-9999,-9999
2109,385.129835,385.129669001,-9999,1591806.4,-9999,296815.5,8.34,-1,-9999,-9999,-9999,-9999,-9999,-9999,-9999,unassigned,N/A,-9999,-9999,N/A,-9999,-9999,-9999,-9999,-9999,-9999,-9999,N/A,-9999,-9999
2112,385.16053,385.160363993,-9999,1784328.8,-9999,283197.3,9.64,-1,-9999,-9999,-9999,-9999,-9999,-9999,-9999,unassigned,N/A,-9999,-9999,N/A,-9999,-9999,-9999,-9999,-9999,-9999,-9999,N/A,-9999,-9999
2127,386.715548,386.715381604,-9999,7813649.5,-9999,273689,50.15,-1,-9999,-9999,-9999,-9999,-9999,-9999,-9999,unassigned,N/A,-9999,-9999,N/A,-9999,-9999,-9999,-9999,-9999,-9999,-9999,N/A,-9999,-9999
2128,386.788521,386.788354586,-9999,1492521.5,-9999,336544.2,7.67,-1,-9999,-9999,-9999,-9999,-9999,-9999,-9999,unassigned,N/A,-9999,-9999,N/A,-9999,-9999,-9999,-9999,-9999,-9999,-9999,N/A,-9999,-9999
2129,386.924425,386.924258552,-9999,2666582.3,-9999,272774.9,15.56,-1,-9999,-9999,-9999,-9999,-9999,-9999,-9999,unassigned,N/A,-9999,-9999,N/A,-9999,-9999,-9999,-9999,-9999,-9999,-9999,N/A,-9999,-9999
2139,387.176087,387.175920489,-9999,3434665.3,-9999,234946.1,20.72,-1,-9999,-9999,-9999,-9999,-9999,-9999,-9999,unassigned,N/A,-9999,-9999,N/A,-9999,-9999,-9999,-9999,-9999,-9999,-9999,N/A,-9999,-9999
2155,388.712615,388.712448105,-9999,4865179,-9999,281742.3,30.33,-1,-9999,-9999,-9999,-9999,-9999,-9999,-9999,unassigned,N/A,-9999,-9999,N/A,-9999,-9999,-9999,-9999,-9999,-9999,-9999,N/A,-9999,-9999
2156,388.760122,388.759955093,-9999,1613226,-9999,260126.7,8.48,-1,-9999,-9999,-9999,-9999,-9999,-9999,-9999,unassigned,N/A,-9999,-9999,N/A,-9999,-9999,-9999,-9999,-9999,-9999,-9999,N/A,-9999,-9999
2157,388.922493,388.922326052,-9999,2749661.8,-9999,315665.7,16.12,-1,-9999,-9999,-9999,-9999,-9999,-9999,-9999,unassigned,N/A,-9999,-9999,N/A,-9999,-9999,-9999,-9999,-9999,-9999,-9999,N/A,-9999,-9999
2158,388.925987,388.925820051,-9999,35020000,-9999,267870.1,232.98,-1,-9999,-9999,-9999,-9999,-9999,-9999,-9999,unassigned,N/A,-9999,-9999,N/A,-9999,-9999,-9999,-9999,-9999,-9999,-9999,N/A,-9999,-9999
2170,389.191745,389.191577985,-9999,4659507.5,-9999,248694,28.95,-1,-9999,-9999,-9999,-9999,-9999,-9999,-9999,unassigned,N/A,-9999,-9999,N/A,-9999,-9999,-9999,-9999,-9999,-9999,-9999,N/A,-9999,-9999
2171,389.197521,389.197353983,-9999,1955125.1,-9999,281981.6,10.78,-1,-9999,-9999,-9999,-9999,-9999,-9999,-9999,unassigned,N/A,-9999,-9999,N/A,-9999,-9999,-9999,-9999,-9999,-9999,-9999,N/A,-9999,-9999
2176,389.889606,389.88943881,-9999,3964430.8,-9999,275079.3,24.28,-1,-9999,-9999,-9999,-9999,-9999,-9999,-9999,unassigned,N/A,-9999,-9999,N/A,-9999,-9999,-9999,-9999,-9999,-9999,-9999,N/A,-9999,-9999
2177,389.92553,389.925362801,-9999,7259674,-9999,266744.1,46.42,-1,-9999,-9999,-9999,-9999,-9999,-9999,-9999,unassigned,N/A,-9999,-9999,N/A,-9999,-9999,-9999,-9999,-9999,-9999,-9999,N/A,-9999,-9999
2184,390.29614,390.295972708,-9999,1707149.4,-9999,289682.3,9.11,-1,-9999,-9999,-9999,-9999,-9999,-9999,-9999,unassigned,N/A,-9999,-9999,N/A,-9999,-9999,-9999,-9999,-9999,-9999,-9999,N/A,-9999,-9999
2186,390.92296,390.922792552,-9999,15220558,-9999,259251.6,99.85,-1,-9999,-9999,-9999,-9999,-9999,-9999,-9999,unassigned,N/A,-9999,-9999,N/A,-9999,-9999,-9999,-9999,-9999,-9999,-9999,N/A,-9999,-9999
2191,391.149306,391.149138495,-9999,5085075.5,-9999,272523,31.78,-1,-9999,-9999,-9999,-9999,-9999,-9999,-9999,unassigned,N/A,-9999,-9999,N/A,-9999,-9999,-9999,-9999,-9999,-9999,-9999,N/A,-9999,-9999
2197,391.20502,391.204852481,-9999,2759588.5,-9999,267084,16.17,-1,-9999,-9999,-9999,-9999,-9999,-9999,-9999,unassigned,N/A,-9999,-9999,N/A,-9999,-9999,-9999,-9999,-9999,-9999,-9999,N/A,-9999,-9999
2198,391.207366,391.207198481,-9999,4554661,-9999,276426.6,28.22,-1,-9999,-9999,-9999,-9999,-9999,-9999,-9999,unassigned,N/A,-9999,-9999,N/A,-9999,-9999,-9999,-9999,-9999,-9999,-9999,N/A,-9999,-9999
2204,391.88663,391.886462311,-9999,4717682,-9999,272047.9,29.32,-1,-9999,-9999,-9999,-9999,-9999,-9999,-9999,unassigned,N/A,-9999,-9999,N/A,-9999,-9999,-9999,-9999,-9999,-9999,-9999,N/A,-9999,-9999
2205,391.922621,391.922453302,-9999,2824829,-9999,284626.8,16.6,-1,-9999,-9999,-9999,-9999,-9999,-9999,-9999,unassigned,N/A,-9999,-9999,N/A,-9999,-9999,-9999,-9999,-9999,-9999,-9999,N/A,-9999,-9999
2210,392.232569,392.232401224,-9999,1728729.6,-9999,332833.3,9.24,-1,-9999,-9999,-9999,-9999,-9999,-9999,-9999,unassigned,N/A,-9999,-9999,N/A,-9999,-9999,-9999,-9999,-9999,-9999,-9999,N/A,-9999,-9999
2211,392.311879,392.311711204,-9999,4744433,-9999,272252.2,29.49,-1,-9999,-9999,-9999,-9999,-9999,-9999,-9999,unassigned,N/A,-9999,-9999,N/A,-9999,-9999,-9999,-9999,-9999,-9999,-9999,N/A,-9999,-9999
2212,392.919817,392.919649052,-9999,2287012.5,-9999,220027.8,12.99,-1,-9999,-9999,-9999,-9999,-9999,-9999,-9999,unassigned,N/A,-9999,-9999,N/A,-9999,-9999,-9999,-9999,-9999,-9999,-9999,N/A,-9999,-9999
2221,393.164907,393.164738991,-9999,9720300,-9999,259302.9,62.91,-1,-9999,-9999,-9999,-9999,-9999,-9999,-9999,unassigned,N/A,-9999,-9999,N/A,-9999,-9999,-9999,-9999,-9999,-9999,-9999,N/A,-9999,-9999
2227,393.223105,393.222936976,-9999,1842684.9,-9999,280794,10.01,-1,-9999,-9999,-9999,-9999,-9999,-9999,-9999,unassigned,N/A,-9999,-9999,N/A,-9999,-9999,-9999,-9999,-9999,-9999,-9999,N/A,-9999,-9999
2231,393.883784,393.883615811,-9999,1528507.6,-9999,292235.4,7.89,-1,-9999,-9999,-9999,-9999,-9999,-9999,-9999,unassigned,N/A,-9999,-9999,N/A,-9999,-9999,-9999,-9999,-9999,-9999,-9999,N/A,-9999,-9999
2233,394.168341,394.16817274,-9999,1437452.9,-9999,342572,7.28,-1,-9999,-9999,-9999,-9999,-9999,-9999,-9999,unassigned,N/A,-9999,-9999,N/A,-9999,-9999,-9999,-9999,-9999,-9999,-9999,N/A,-9999,-9999
2234,394.175436,394.175267738,-9999,3725071,-9999,274616.8,22.65,-1,-9999,-9999,-9999,-9999,-9999,-9999,-9999,unassigned,N/A,-9999,-9999,N/A,-9999,-9999,-9999,-9999,-9999,-9999,-9999,N/A,-9999,-9999
2235,394.196475,394.196306733,-9999,2143509,-9999,221563.5,12.02,-1,-9999,-9999,-9999,-9999,-9999,-9999,-9999,unassigned,N/A,-9999,-9999,N/A,-9999,-9999,-9999,-9999,-9999,-9999,-9999,N/A,-9999,-9999
2239,394.675618,394.675449613,-9999,2188700.5,-9999,287444.9,12.33,-1,-9999,-9999,-9999,-9999,-9999,-9999,-9999,unassigned,N/A,-9999,-9999,N/A,-9999,-9999,-9999,-9999,-9999,-9999,-9999,N/A,-9999,-9999
2240,394.905716,394.905547556,-9999,1758685,-9999,296441.5,9.44,-1,-9999,-9999,-9999,-9999,-9999,-9999,-9999,unassigned,N/A,-9999,-9999,N/A,-9999,-9999,-9999,-9999,-9999,-9999,-9999,N/A,-9999,-9999
2242,394.999147,394.998978532,-9999,1970167.1,-9999,305588.1,10.86,-1,-9999,-9999,-9999,-9999,-9999,-9999,-9999,unassigned,N/A,-9999,-9999,N/A,-9999,-9999,-9999,-9999,-9999,-9999,-9999,N/A,-9999,-9999
2250,395.165845,395.16567649,-9999,2585125.5,-9999,284616.2,14.99,-1,-9999,-9999,-9999,-9999,-9999,-9999,-9999,unassigned,N/A,-9999,-9999,N/A,-9999,-9999,-9999,-9999,-9999,-9999,-9999,N/A,-9999,-9999
2253,395.188447,395.188278485,-9999,2528299.8,-9999,271373.7,14.61,-1,-9999,-9999,-9999,-9999,-9999,-9999,-9999,unassigned,N/A,-9999,-9999,N/A,-9999,-9999,-9999,-9999,-9999,-9999,-9999,N/A,-9999,-9999
2255,395.202297,395.202128481,-9999,3845167.8,-9999,263916.7,23.45,-1,-9999,-9999,-9999,-9999,-9999,-9999,-9999,unassigned,N/A,-9999,-9999,N/A,-9999,-9999,-9999,-9999,-9999,-9999,-9999,N/A,-9999,-9999
2258,395.232261,395.232092474,-9999,1571384,-9999,267375,8.18,-1,-9999,-9999,-9999,-9999,-9999,-9999,-9999,unassigned,N/A,-9999,-9999,N/A,-9999,-9999,-9999,-9999,-9999,-9999,-9999,N/A,-9999,-9999
2260,395.275101,395.274932463,-9999,1850435.9,-9999,288862,10.05,-1,-9999,-9999,-9999,-9999,-9999,-9999,-9999,unassigned,N/A,-9999,-9999,N/A,-9999,-9999,-9999,-9999,-9999,-9999,-9999,N/A,-9999,-9999
2262,396.092301,396.092132259,-9999,1712420.5,-9999,282937.7,9.13,-1,-9999,-9999,-9999,-9999,-9999,-9999,-9999,unassigned,N/A,-9999,-9999,N/A,-9999,-9999,-9999,-9999,-9999,-9999,-9999,N/A,-9999,-9999
2270,396.672661,396.672492114,-9999,2281921.5,-9999,273877.6,12.95,-1,-9999,-9999,-9999,-9999,-9999,-9999,-9999,unassigned,N/A,-9999,-9999,N/A,-9999,-9999,-9999,-9999,-9999,-9999,-9999,N/A,-9999,-9999
2272,397.014851,397.014682028,-9999,1463069,-9999,237257.1,7.45,-1,-9999,-9999,-9999,-9999,-9999,-9999,-9999,unassigned,N/A,-9999,-9999,N/A,-9999,-9999,-9999,-9999,-9999,-9999,-9999,N/A,-9999,-9999
2273,397.029601,397.029432024,-9999,1676833,-9999,326078.3,8.88,-1,-9999,-9999,-9999,-9999,-9999,-9999,-9999,unassigned,N/A,-9999,-9999,N/A,-9999,-9999,-9999,-9999,-9999,-9999,-9999,N/A,-9999,-9999
2278,397.14273,397.142560996,-9999,1983551,-9999,303517.2,10.94,-1,-9999,-9999,-9999,-9999,-9999,-9999,-9999,unassigned,N/A,-9999,-9999,N/A,-9999,-9999,-9999,-9999,-9999,-9999,-9999,N/A,-9999,-9999
2284,397.217936,397.217766977,-9999,2302547,-9999,246575.6,13.09,-1,-9999,-9999,-9999,-9999,-9999,-9999,-9999,unassigned,N/A,-9999,-9999,N/A,-9999,-9999,-9999,-9999,-9999,-9999,-9999,N/A,-9999,-9999
2291,398.204815,398.20464573,-9999,2748757.8,-9999,290133.1,16.08,-1,-9999,-9999,-9999,-9999,-9999,-9999,-9999,unassigned,N/A,-9999,-9999,N/A,-9999,-9999,-9999,-9999,-9999,-9999,-9999,N/A,-9999,-9999
2293,398.695457,398.695287608,-9999,1444308,-9999,330117.8,7.32,-1,-9999,-9999,-9999,-9999,-9999,-9999,-9999,unassigned,N/A,-9999,-9999,N/A,-9999,-9999,-9999,-9999,-9999,-9999,-9999,N/A,-9999,-9999
2294,398.90047,398.900300556,-9999,6871048.5,-9999,268342.7,43.76,-1,-9999,-9999,-9999,-9999,-9999,-9999,-9999,unassigned,N/A,-9999,-9999,N/A,-9999,-9999,-9999,-9999,-9999,-9999,-9999,N/A,-9999,-9999
2315,399.899956,399.899786306,-9999,1673988,-9999,339044.9,8.86,-1,-9999,-9999,-9999,-9999,-9999,-9999,-9999,unassigned,N/A,-9999,-9999,N/A,-9999,-9999,-9999,-9999,-9999,-9999,-9999,N/A,-9999,-9999
2322,400.220569,400.220399226,-9999,1631571.5,-9999,296337.9,8.58,-1,-9999,-9999,-9999,-9999,-9999,-9999,-9999,unassigned,N/A,-9999,-9999,N/A,-9999,-9999,-9999,-9999,-9999,-9999,-9999,N/A,-9999,-9999
2323,400.692478,400.692308108,-9999,3124679.3,-9999,291957.3,18.6,-1,-9999,-9999,-9999,-9999,-9999,-9999,-9999,unassigned,N/A,-9999,-9999,N/A,-9999,-9999,-9999,-9999,-9999,-9999,-9999,N/A,-9999,-9999
2324,400.939879,400.939709046,-9999,2585091.5,-9999,245385.8,14.98,-1,-9999,-9999,-9999,-9999,-9999,-9999,-9999,unassigned,N/A,-9999,-9999,N/A,-9999,-9999,-9999,-9999,-9999,-9999,-9999,N/A,-9999,-9999
2344,402.199899,402.199728731,-9999,1838896.5,-9999,257021.6,9.96,-1,-9999,-9999,-9999,-9999,-9999,-9999,-9999,unassigned,N/A,-9999,-9999,N/A,-9999,-9999,-9999,-9999,-9999,-9999,-9999,N/A,-9999,-9999
2346,402.68943,402.689259609,-9999,3185571,-9999,280520.2,19.01,-1,-9999,-9999,-9999,-9999,-9999,-9999,-9999,unassigned,N/A,-9999,-9999,N/A,-9999,-9999,-9999,-9999,-9999,-9999,-9999,N/A,-9999,-9999
2347,402.937991,402.937820547,-9999,2541020.5,-9999,302010.2,14.68,-1,-9999,-9999,-9999,-9999,-9999,-9999,-9999,unassigned,N/A,-9999,-9999,N/A,-9999,-9999,-9999,-9999,-9999,-9999,-9999,N/A,-9999,-9999
2348,402.941619,402.941448546,-9999,43035612,-9999,257790.8,286.62,-1,-9999,-9999,-9999,-9999,-9999,-9999,-9999,unassigned,N/A,-9999,-9999,N/A,-9999,-9999,-9999,-9999,-9999,-9999,-9999,N/A,-9999,-9999
2358,403.153316,403.153145493,-9999,1714958.1,-9999,190318.2,9.13,-1,-9999,-9999,-9999,-9999,-9999,-9999,-9999,unassigned,N/A,-9999,-9999,N/A,-9999,-9999,-9999,-9999,-9999,-9999,-9999,N/A,-9999,-9999
2361,403.17096,403.170789488,-9999,2502674.3,-9999,224815.2,14.42,-1,-9999,-9999,-9999,-9999,-9999,-9999,-9999,unassigned,N/A,-9999,-9999,N/A,-9999,-9999,-9999,-9999,-9999,-9999,-9999,N/A,-9999,-9999
2371,403.941225,403.941054296,-9999,8676545,-9999,267995,55.88,-1,-9999,-9999,-9999,-9999,-9999,-9999,-9999,unassigned,N/A,-9999,-9999,N/A,-9999,-9999,-9999,-9999,-9999,-9999,-9999,N/A,-9999,-9999
2372,403.944899,403.944728295,-9999,2239682.3,-9999,296628.7,12.65,-1,-9999,-9999,-9999,-9999,-9999,-9999,-9999,unassigned,N/A,-9999,-9999,N/A,-9999,-9999,-9999,-9999,-9999,-9999,-9999,N/A,-9999,-9999
2377,404.686479,404.686308109,-9999,1481575.8,-9999,329396.6,7.56,-1,-9999,-9999,-9999,-9999,-9999,-9999,-9999,unassigned,N/A,-9999,-9999,N/A,-9999,-9999,-9999,-9999,-9999,-9999,-9999,N/A,-9999,-9999
2378,404.938634,404.938463046,-9999,18263456,-9999,250146.1,120.17,-1,-9999,-9999,-9999,-9999,-9999,-9999,-9999,unassigned,N/A,-9999,-9999,N/A,-9999,-9999,-9999,-9999,-9999,-9999,-9999,N/A,-9999,-9999
2389,405.156073,405.155901992,-9999,1820111,-9999,319624.8,9.83,-1,-9999,-9999,-9999,-9999,-9999,-9999,-9999,unassigned,N/A,-9999,-9999,N/A,-9999,-9999,-9999,-9999,-9999,-9999,-9999,N/A,-9999,-9999
2392,405.18662,405.186448984,-9999,3705301.8,-9999,268946.8,22.48,-1,-9999,-9999,-9999,-9999,-9999,-9999,-9999,unassigned,N/A,-9999,-9999,N/A,-9999,-9999,-9999,-9999,-9999,-9999,-9999,N/A,-9999,-9999
2393,405.190045,405.189873983,-9999,2551766.3,-9999,268337,14.74,-1,-9999,-9999,-9999,-9999,-9999,-9999,-9999,unassigned,N/A,-9999,-9999,N/A,-9999,-9999,-9999,-9999,-9999,-9999,-9999,N/A,-9999,-9999
2396,405.241731,405.24155997,-9999,1540065.6,-9999,298391.5,7.95,-1,-9999,-9999,-9999,-9999,-9999,-9999,-9999,unassigned,N/A,-9999,-9999,N/A,-9999,-9999,-9999,-9999,-9999,-9999,-9999,N/A,-9999,-9999
2399,405.350915,405.350743943,-9999,2102777.5,-9999,273867.1,11.72,-1,-9999,-9999,-9999,-9999,-9999,-9999,-9999,unassigned,N/A,-9999,-9999,N/A,-9999,-9999,-9999,-9999,-9999,-9999,-9999,N/A,-9999,-9999
2400,405.93821,405.938038796,-9999,2329208.3,-9999,322289.5,13.24,-1,-9999,-9999,-9999,-9999,-9999,-9999,-9999,unassigned,N/A,-9999,-9999,N/A,-9999,-9999,-9999,-9999,-9999,-9999,-9999,N/A,-9999,-9999
2408,406.936692,406.936520546,-9999,3152715.5,-9999,303433.8,18.77,-1,-9999,-9999,-9999,-9999,-9999,-9999,-9999,unassigned,N/A,-9999,-9999,N/A,-9999,-9999,-9999,-9999,-9999,-9999,-9999,N/A,-9999,-9999
2427,408.191137,408.190965233,-9999,2014285.3,-9999,300914.6,11.13,-1,-9999,-9999,-9999,-9999,-9999,-9999,-9999,unassigned,N/A,-9999,-9999,N/A,-9999,-9999,-9999,-9999,-9999,-9999,-9999,N/A,-9999,-9999
2428,408.921224,408.92105205,-9999,1502431.5,-9999,247531.7,7.69,-1,-9999,-9999,-9999,-9999,-9999,-9999,-9999,unassigned,N/A,-9999,-9999,N/A,-9999,-9999,-9999,-9999,-9999,-9999,-9999,N/A,-9999,-9999
2436,409.171102,409.170929988,-9999,4635921,-9999,261831,28.72,-1,-9999,-9999,-9999,-9999,-9999,-9999,-9999,unassigned,N/A,-9999,-9999,N/A,-9999,-9999,-9999,-9999,-9999,-9999,-9999,N/A,-9999,-9999
2438,409.181523,409.181350985,-9999,1849106.9,-9999,304849.1,10.02,-1,-9999,-9999,-9999,-9999,-9999,-9999,-9999,unassigned,N/A,-9999,-9999,N/A,-9999,-9999,-9999,-9999,-9999,-9999,-9999,N/A,-9999,-9999
2468,412.832162,412.831989072,-9999,1725888.9,-9999,307950.6,9.18,-1,-9999,-9999,-9999,-9999,-9999,-9999,-9999,unassigned,N/A,-9999,-9999,N/A,-9999,-9999,-9999,-9999,-9999,-9999,-9999,N/A,-9999,-9999
2469,412.916077,412.915904051,-9999,13722576,-9999,251395.2,89.69,-1,-9999,-9999,-9999,-9999,-9999,-9999,-9999,unassigned,N/A,-9999,-9999,N/A,-9999,-9999,-9999,-9999,-9999,-9999,-9999,N/A,-9999,-9999
2481,413.91559,413.915416801,-9999,3166336,-9999,252614.3,18.85,-1,-9999,-9999,-9999,-9999,-9999,-9999,-9999,unassigned,N/A,-9999,-9999,N/A,-9999,-9999,-9999,-9999,-9999,-9999,-9999,N/A,-9999,-9999
2485,414.236085,414.235911721,-9999,1756087.4,-9999,246287.8,9.38,-1,-9999,-9999,-9999,-9999,-9999,-9999,-9999,unassigned,N/A,-9999,-9999,N/A,-9999,-9999,-9999,-9999,-9999,-9999,-9999,N/A,-9999,-9999
2486,414.829269,414.82909557200003,-9999,2896156.8,-9999,273056.4,17.03,-1,-9999,-9999,-9999,-9999,-9999,-9999,-9999,unassigned,N/A,-9999,-9999,N/A,-9999,-9999,-9999,-9999,-9999,-9999,-9999,N/A,-9999,-9999
2487,414.913078,414.912904551,-9999,2167595,-9999,257064,12.15,-1,-9999,-9999,-9999,-9999,-9999,-9999,-9999,unassigned,N/A,-9999,-9999,N/A,-9999,-9999,-9999,-9999,-9999,-9999,-9999,N/A,-9999,-9999
2504,416.17916,416.178986235,-9999,1726717.4,-9999,231335.8,9.19,-1,-9999,-9999,-9999,-9999,-9999,-9999,-9999,unassigned,N/A,-9999,-9999,N/A,-9999,-9999,-9999,-9999,-9999,-9999,-9999,N/A,-9999,-9999
2508,416.826376,416.826202073,-9999,2377830.3,-9999,246564,13.55,-1,-9999,-9999,-9999,-9999,-9999,-9999,-9999,unassigned,N/A,-9999,-9999,N/A,-9999,-9999,-9999,-9999,-9999,-9999,-9999,N/A,-9999,-9999
2509,416.880631,416.880457059,-9999,1813102.9,-9999,233690.4,9.76,-1,-9999,-9999,-9999,-9999,-9999,-9999,-9999,unassigned,N/A,-9999,-9999,N/A,-9999,-9999,-9999,-9999,-9999,-9999,-9999,N/A,-9999,-9999
2510,416.957274,416.95710004,-9999,24704636,-9999,250975.1,163.38,-1,-9999,-9999,-9999,-9999,-9999,-9999,-9999,unassigned,N/A,-9999,-9999,N/A,-9999,-9999,-9999,-9999,-9999,-9999,-9999,N/A,-9999,-9999
2525,417.956831,417.95665679,-9999,4597528.5,-9999,262146.1,28.45,-1,-9999,-9999,-9999,-9999,-9999,-9999,-9999,unassigned,N/A,-9999,-9999,N/A,-9999,-9999,-9999,-9999,-9999,-9999,-9999,N/A,-9999,-9999
2531,418.796317,418.79614258,-9999,1514393.8,-9999,266211.8,7.76,-1,-9999,-9999,-9999,-9999,-9999,-9999,-9999,unassigned,N/A,-9999,-9999,N/A,-9999,-9999,-9999,-9999,-9999,-9999,-9999,N/A,-9999,-9999
2545,419.953842,419.953667291,-9999,1880134.8,-9999,299973.2,10.21,-1,-9999,-9999,-9999,-9999,-9999,-9999,-9999,unassigned,N/A,-9999,-9999,N/A,-9999,-9999,-9999,-9999,-9999,-9999,-9999,N/A,-9999,-9999
2546,419.980849,419.980674284,-9999,1539658.8,-9999,274654.3,7.93,-1,-9999,-9999,-9999,-9999,-9999,-9999,-9999,unassigned,N/A,-9999,-9999,N/A,-9999,-9999,-9999,-9999,-9999,-9999,-9999,N/A,-9999,-9999
2548,420.794278,420.79410308,-9999,1445568.9,-9999,316775.6,7.29,-1,-9999,-9999,-9999,-9999,-9999,-9999,-9999,unassigned,N/A,-9999,-9999,N/A,-9999,-9999,-9999,-9999,-9999,-9999,-9999,N/A,-9999,-9999
2549,420.846351,420.846176067,-9999,1823432.4,-9999,262503.4,9.82,-1,-9999,-9999,-9999,-9999,-9999,-9999,-9999,unassigned,N/A,-9999,-9999,N/A,-9999,-9999,-9999,-9999,-9999,-9999,-9999,N/A,-9999,-9999
2550,420.952315,420.952140041,-9999,7626967.5,-9999,264609.7,48.74,-1,-9999,-9999,-9999,-9999,-9999,-9999,-9999,unassigned,N/A,-9999,-9999,N/A,-9999,-9999,-9999,-9999,-9999,-9999,-9999,N/A,-9999,-9999
2560,421.200295,421.200119979,-9999,4330747,-9999,245595,26.63,-1,-9999,-9999,-9999,-9999,-9999,-9999,-9999,unassigned,N/A,-9999,-9999,N/A,-9999,-9999,-9999,-9999,-9999,-9999,-9999,N/A,-9999,-9999
2561,421.217958,421.217782974,-9999,1710845.4,-9999,272424.8,9.07,-1,-9999,-9999,-9999,-9999,-9999,-9999,-9999,unassigned,N/A,-9999,-9999,N/A,-9999,-9999,-9999,-9999,-9999,-9999,-9999,N/A,-9999,-9999
2565,421.951826,421.951650791,-9999,1617252.4,-9999,320706.1,8.44,-1,-9999,-9999,-9999,-9999,-9999,-9999,-9999,unassigned,N/A,-9999,-9999,N/A,-9999,-9999,-9999,-9999,-9999,-9999,-9999,N/A,-9999,-9999
2569,422.949318,422.949142541,-9999,4080109,-9999,248260.1,24.95,-1,-9999,-9999,-9999,-9999,-9999,-9999,-9999,unassigned,N/A,-9999,-9999,N/A,-9999,-9999,-9999,-9999,-9999,-9999,-9999,N/A,-9999,-9999
2571,423.074236,423.07406051,-9999,3146238,-9999,251262.4,18.69,-1,-9999,-9999,-9999,-9999,-9999,-9999,-9999,unassigned,N/A,-9999,-9999,N/A,-9999,-9999,-9999,-9999,-9999,-9999,-9999,N/A,-9999,-9999
2586,424.123904,424.123728248,-9999,1569161,-9999,217518.4,8.11,-1,-9999,-9999,-9999,-9999,-9999,-9999,-9999,unassigned,N/A,-9999,-9999,N/A,-9999,-9999,-9999,-9999,-9999,-9999,-9999,N/A,-9999,-9999
2607,426.683241,426.683064607,-9999,1518795,-9999,233665,7.77,-1,-9999,-9999,-9999,-9999,-9999,-9999,-9999,unassigned,N/A,-9999,-9999,N/A,-9999,-9999,-9999,-9999,-9999,-9999,-9999,N/A,-9999,-9999
2608,426.931729,426.931552545,-9999,21871594,-9999,242824.5,144.24,-1,-9999,-9999,-9999,-9999,-9999,-9999,-9999,unassigned,N/A,-9999,-9999,N/A,-9999,-9999,-9999,-9999,-9999,-9999,-9999,N/A,-9999,-9999
2626,427.931228,427.931051295,-9999,5563487.5,-9999,236708.1,34.89,-1,-9999,-9999,-9999,-9999,-9999,-9999,-9999,unassigned,N/A,-9999,-9999,N/A,-9999,-9999,-9999,-9999,-9999,-9999,-9999,N/A,-9999,-9999
2627,428.179197,428.179020233,-9999,1523324.5,-9999,215156.6,7.8,-1,-9999,-9999,-9999,-9999,-9999,-9999,-9999,unassigned,N/A,-9999,-9999,N/A,-9999,-9999,-9999,-9999,-9999,-9999,-9999,N/A,-9999,-9999
2628,428.215515,428.215338224,-9999,1631872.6,-9999,259744.2,8.53,-1,-9999,-9999,-9999,-9999,-9999,-9999,-9999,unassigned,N/A,-9999,-9999,N/A,-9999,-9999,-9999,-9999,-9999,-9999,-9999,N/A,-9999,-9999
2629,428.928614,428.928437046,-9999,3058898.5,-9999,252756.4,18.1,-1,-9999,-9999,-9999,-9999,-9999,-9999,-9999,unassigned,N/A,-9999,-9999,N/A,-9999,-9999,-9999,-9999,-9999,-9999,-9999,N/A,-9999,-9999
2645,430.194767,430.194589729,-9999,4051295.5,-9999,227277.8,24.75,-1,-9999,-9999,-9999,-9999,-9999,-9999,-9999,unassigned,N/A,-9999,-9999,N/A,-9999,-9999,-9999,-9999,-9999,-9999,-9999,N/A,-9999,-9999
2648,430.643349,430.643171617,-9999,2560912.3,-9999,222946,14.76,-1,-9999,-9999,-9999,-9999,-9999,-9999,-9999,unassigned,N/A,-9999,-9999,N/A,-9999,-9999,-9999,-9999,-9999,-9999,-9999,N/A,-9999,-9999
2649,430.973005,430.972827535,-9999,5151155.5,-9999,235503.6,32.13,-1,-9999,-9999,-9999,-9999,-9999,-9999,-9999,unassigned,N/A,-9999,-9999,N/A,-9999,-9999,-9999,-9999,-9999,-9999,-9999,N/A,-9999,-9999
2665,431.366626,431.366448436,-9999,2181597.5,-9999,286601.8,12.21,-1,-9999,-9999,-9999,-9999,-9999,-9999,-9999,unassigned,N/A,-9999,-9999,N/A,-9999,-9999,-9999,-9999,-9999,-9999,-9999,N/A,-9999,-9999
2669,432.640352,432.640174117,-9999,2774625.8,-9999,262418.8,16.19,-1,-9999,-9999,-9999,-9999,-9999,-9999,-9999,unassigned,N/A,-9999,-9999,N/A,-9999,-9999,-9999,-9999,-9999,-9999,-9999,N/A,-9999,-9999
2680,434.637418,434.637239618,-9999,1853735.3,-9999,278829.9,10.01,-1,-9999,-9999,-9999,-9999,-9999,-9999,-9999,unassigned,N/A,-9999,-9999,N/A,-9999,-9999,-9999,-9999,-9999,-9999,-9999,N/A,-9999,-9999
2681,434.663236,434.663057612,-9999,2827561.8,-9999,227211.8,16.54,-1,-9999,-9999,-9999,-9999,-9999,-9999,-9999,unassigned,N/A,-9999,-9999,N/A,-9999,-9999,-9999,-9999,-9999,-9999,-9999,N/A,-9999,-9999
2682,434.967921,434.967742535,-9999,12402503,-9999,242063.5,80.74,-1,-9999,-9999,-9999,-9999,-9999,-9999,-9999,unassigned,N/A,-9999,-9999,N/A,-9999,-9999,-9999,-9999,-9999,-9999,-9999,N/A,-9999,-9999
2690,435.967634,435.967455285,-9999,2510244.5,-9999,254874.6,14.42,-1,-9999,-9999,-9999,-9999,-9999,-9999,-9999,unassigned,N/A,-9999,-9999,N/A,-9999,-9999,-9999,-9999,-9999,-9999,-9999,N/A,-9999,-9999
2692,436.660218,436.660039112,-9999,7210980,-9999,242525.8,46.03,-1,-9999,-9999,-9999,-9999,-9999,-9999,-9999,unassigned,N/A,-9999,-9999,N/A,-9999,-9999,-9999,-9999,-9999,-9999,-9999,N/A,-9999,-9999
2702,438.139428,438.139248742,-9999,2529383.3,-9999,284349.4,14.57,-1,-9999,-9999,-9999,-9999,-9999,-9999,-9999,unassigned,N/A,-9999,-9999,N/A,-9999,-9999,-9999,-9999,-9999,-9999,-9999,N/A,-9999,-9999
2703,438.65731,438.657130613,-9999,7729300,-9999,240639.3,49.52,-1,-9999,-9999,-9999,-9999,-9999,-9999,-9999,unassigned,N/A,-9999,-9999,N/A,-9999,-9999,-9999,-9999,-9999,-9999,-9999,N/A,-9999,-9999
2715,440.251655,440.251475214,-9999,2194201.3,-9999,254974.2,12.32,-1,-9999,-9999,-9999,-9999,-9999,-9999,-9999,unassigned,N/A,-9999,-9999,N/A,-9999,-9999,-9999,-9999,-9999,-9999,-9999,N/A,-9999,-9999
2716,440.654419,440.654239113,-9999,5066042,-9999,250577.9,31.62,-1,-9999,-9999,-9999,-9999,-9999,-9999,-9999,unassigned,N/A,-9999,-9999,N/A,-9999,-9999,-9999,-9999,-9999,-9999,-9999,N/A,-9999,-9999
2717,440.680196,440.680016107,-9999,2599228,-9999,255456.1,15.04,-1,-9999,-9999,-9999,-9999,-9999,-9999,-9999,unassigned,N/A,-9999,-9999,N/A,-9999,-9999,-9999,-9999,-9999,-9999,-9999,N/A,-9999,-9999
2731,441.946884,441.94670379,-9999,4359584.5,-9999,222068.6,26.87,-1,-9999,-9999,-9999,-9999,-9999,-9999,-9999,unassigned,N/A,-9999,-9999,N/A,-9999,-9999,-9999,-9999,-9999,-9999,-9999,N/A,-9999,-9999
2737,442.651529,442.651348614,-9999,1885655.3,-9999,240023.2,10.25,-1,-9999,-9999,-9999,-9999,-9999,-9999,-9999,unassigned,N/A,-9999,-9999,N/A,-9999,-9999,-9999,-9999,-9999,-9999,-9999,N/A,-9999,-9999
2738,442.6772,442.677019607,-9999,8008153,-9999,238464.8,51.39,-1,-9999,-9999,-9999,-9999,-9999,-9999,-9999,unassigned,N/A,-9999,-9999,N/A,-9999,-9999,-9999,-9999,-9999,-9999,-9999,N/A,-9999,-9999
2739,442.89618,442.895999552,-9999,1577193.9,-9999,195232,8.17,-1,-9999,-9999,-9999,-9999,-9999,-9999,-9999,unassigned,N/A,-9999,-9999,N/A,-9999,-9999,-9999,-9999,-9999,-9999,-9999,N/A,-9999,-9999
2740,442.944225,442.94404454,-9999,2717165.5,-9999,239835.2,15.83,-1,-9999,-9999,-9999,-9999,-9999,-9999,-9999,unassigned,N/A,-9999,-9999,N/A,-9999,-9999,-9999,-9999,-9999,-9999,-9999,N/A,-9999,-9999
2759,444.674244,444.674063108,-9999,9611886,-9999,238507.4,62.16,-1,-9999,-9999,-9999,-9999,-9999,-9999,-9999,unassigned,N/A,-9999,-9999,N/A,-9999,-9999,-9999,-9999,-9999,-9999,-9999,N/A,-9999,-9999
2760,444.851643,444.851462063,-9999,1440379,-9999,261059.7,7.25,-1,-9999,-9999,-9999,-9999,-9999,-9999,-9999,unassigned,N/A,-9999,-9999,N/A,-9999,-9999,-9999,-9999,-9999,-9999,-9999,N/A,-9999,-9999
2774,446.67134,446.671158608,-9999,6224635.5,-9999,221291.9,39.4,-1,-9999,-9999,-9999,-9999,-9999,-9999,-9999,unassigned,N/A,-9999,-9999,N/A,-9999,-9999,-9999,-9999,-9999,-9999,-9999,N/A,-9999,-9999
2775,446.89108,446.890898553,-9999,1754378.8,-9999,245915.7,9.36,-1,-9999,-9999,-9999,-9999,-9999,-9999,-9999,unassigned,N/A,-9999,-9999,N/A,-9999,-9999,-9999,-9999,-9999,-9999,-9999,N/A,-9999,-9999
2786,447.848289,447.848107314,-9999,1872715.8,-9999,249829.2,10.16,-1,-9999,-9999,-9999,-9999,-9999,-9999,-9999,unassigned,N/A,-9999,-9999,N/A,-9999,-9999,-9999,-9999,-9999,-9999,-9999,N/A,-9999,-9999
2789,448.668421,448.668239109,-9999,2683266.3,-9999,235390.6,15.6,-1,-9999,-9999,-9999,-9999,-9999,-9999,-9999,unassigned,N/A,-9999,-9999,N/A,-9999,-9999,-9999,-9999,-9999,-9999,-9999,N/A,-9999,-9999
2790,448.889059,448.888877053,-9999,1807248.9,-9999,262270.3,9.72,-1,-9999,-9999,-9999,-9999,-9999,-9999,-9999,unassigned,N/A,-9999,-9999,N/A,-9999,-9999,-9999,-9999,-9999,-9999,-9999,N/A,-9999,-9999
2791,448.892842,448.892660052,-9999,2235793,-9999,247392.6,12.6,-1,-9999,-9999,-9999,-9999,-9999,-9999,-9999,unassigned,N/A,-9999,-9999,N/A,-9999,-9999,-9999,-9999,-9999,-9999,-9999,N/A,-9999,-9999
2801,449.216266,449.216083972,-9999,2040742.3,-9999,215021.8,11.28,-1,-9999,-9999,-9999,-9999,-9999,-9999,-9999,unassigned,N/A,-9999,-9999,N/A,-9999,-9999,-9999,-9999,-9999,-9999,-9999,N/A,-9999,-9999
2802,449.845256,449.845073814,-9999,3846095,-9999,242920.1,23.42,-1,-9999,-9999,-9999,-9999,-9999,-9999,-9999,unassigned,N/A,-9999,-9999,N/A,-9999,-9999,-9999,-9999,-9999,-9999,-9999,N/A,-9999,-9999
2803,449.98315,449.98296778,-9999,2099671.8,-9999,227280.3,11.68,-1,-9999,-9999,-9999,-9999,-9999,-9999,-9999,unassigned,N/A,-9999,-9999,N/A,-9999,-9999,-9999,-9999,-9999,-9999,-9999,N/A,-9999,-9999
2806,450.212914,450.212731722,-9999,1467366.5,-9999,242314.3,7.43,-1,-9999,-9999,-9999,-9999,-9999,-9999,-9999,unassigned,N/A,-9999,-9999,N/A,-9999,-9999,-9999,-9999,-9999,-9999,-9999,N/A,-9999,-9999
2807,450.980564,450.98038153,-9999,5372951,-9999,225477.5,33.68,-1,-9999,-9999,-9999,-9999,-9999,-9999,-9999,unassigned,N/A,-9999,-9999,N/A,-9999,-9999,-9999,-9999,-9999,-9999,-9999,N/A,-9999,-9999
2816,451.842289,451.842106315,-9999,2519629,-9999,253376.5,14.5,-1,-9999,-9999,-9999,-9999,-9999,-9999,-9999,unassigned,N/A,-9999,-9999,N/A,-9999,-9999,-9999,-9999,-9999,-9999,-9999,N/A,-9999,-9999
2817,452.155088,452.154905237,-9999,1542752.3,-9999,220374.7,7.94,-1,-9999,-9999,-9999,-9999,-9999,-9999,-9999,unassigned,N/A,-9999,-9999,N/A,-9999,-9999,-9999,-9999,-9999,-9999,-9999,N/A,-9999,-9999
2818,452.634419,452.634236117,-9999,2377341.8,-9999,227732.8,13.55,-1,-9999,-9999,-9999,-9999,-9999,-9999,-9999,unassigned,N/A,-9999,-9999,N/A,-9999,-9999,-9999,-9999,-9999,-9999,-9999,N/A,-9999,-9999
2819,452.887742,452.887559053,-9999,2307725,-9999,247955,13.08,-1,-9999,-9999,-9999,-9999,-9999,-9999,-9999,unassigned,N/A,-9999,-9999,N/A,-9999,-9999,-9999,-9999,-9999,-9999,-9999,N/A,-9999,-9999
2830,454.267508,454.267324708,-9999,1886944,-9999,243116.9,10.25,-1,-9999,-9999,-9999,-9999,-9999,-9999,-9999,unassigned,N/A,-9999,-9999,N/A,-9999,-9999,-9999,-9999,-9999,-9999,-9999,N/A,-9999,-9999
2831,454.631178,454.630994617,-9999,3136757.5,-9999,245897.2,18.69,-1,-9999,-9999,-9999,-9999,-9999,-9999,-9999,unassigned,N/A,-9999,-9999,N/A,-9999,-9999,-9999,-9999,-9999,-9999,-9999,N/A,-9999,-9999
2841,456.247004,456.246820213,-9999,1547604.3,-9999,263342.5,7.99,-1,-9999,-9999,-9999,-9999,-9999,-9999,-9999,unassigned,N/A,-9999,-9999,N/A,-9999,-9999,-9999,-9999,-9999,-9999,-9999,N/A,-9999,-9999
2842,456.628353,456.628169118,-9999,1635178.4,-9999,244075.5,8.58,-1,-9999,-9999,-9999,-9999,-9999,-9999,-9999,unassigned,N/A,-9999,-9999,N/A,-9999,-9999,-9999,-9999,-9999,-9999,-9999,N/A,-9999,-9999
2843,456.653869,456.653685111,-9999,1599339.8,-9999,292225.9,8.34,-1,-9999,-9999,-9999,-9999,-9999,-9999,-9999,unassigned,N/A,-9999,-9999,N/A,-9999,-9999,-9999,-9999,-9999,-9999,-9999,N/A,-9999,-9999
2844,456.970861,456.970677032,-9999,1509502.1,-9999,213572.5,7.73,-1,-9999,-9999,-9999,-9999,-9999,-9999,-9999,unassigned,N/A,-9999,-9999,N/A,-9999,-9999,-9999,-9999,-9999,-9999,-9999,N/A,-9999,-9999
2855,458.189699,458.189514727,-9999,1476547.9,-9999,200481.3,7.51,-1,-9999,-9999,-9999,-9999,-9999,-9999,-9999,unassigned,N/A,-9999,-9999,N/A,-9999,-9999,-9999,-9999,-9999,-9999,-9999,N/A,-9999,-9999
2857,458.262475,458.262290709,-9999,1917896,-9999,263725.9,10.48,-1,-9999,-9999,-9999,-9999,-9999,-9999,-9999,unassigned,N/A,-9999,-9999,N/A,-9999,-9999,-9999,-9999,-9999,-9999,-9999,N/A,-9999,-9999
2858,458.651154,458.650969612,-9999,3568094,-9999,252828.4,21.6,-1,-9999,-9999,-9999,-9999,-9999,-9999,-9999,unassigned,N/A,-9999,-9999,N/A,-9999,-9999,-9999,-9999,-9999,-9999,-9999,N/A,-9999,-9999
2859,458.867261,458.867076558,-9999,3065322.3,-9999,232980,18.21,-1,-9999,-9999,-9999,-9999,-9999,-9999,-9999,unassigned,N/A,-9999,-9999,N/A,-9999,-9999,-9999,-9999,-9999,-9999,-9999,N/A,-9999,-9999
2873,460.205379,460.205194223,-9999,3584566,-9999,245793,21.71,-1,-9999,-9999,-9999,-9999,-9999,-9999,-9999,unassigned,N/A,-9999,-9999,N/A,-9999,-9999,-9999,-9999,-9999,-9999,-9999,N/A,-9999,-9999
2874,460.648166,460.647981112,-9999,4389455,-9999,237069.8,27.13,-1,-9999,-9999,-9999,-9999,-9999,-9999,-9999,unassigned,N/A,-9999,-9999,N/A,-9999,-9999,-9999,-9999,-9999,-9999,-9999,N/A,-9999,-9999
2875,460.907039,460.906854048,-9999,1656413.4,-9999,242788.6,8.72,-1,-9999,-9999,-9999,-9999,-9999,-9999,-9999,unassigned,N/A,-9999,-9999,N/A,-9999,-9999,-9999,-9999,-9999,-9999,-9999,N/A,-9999,-9999
2883,462.645231,462.645045613,-9999,2753215,-9999,240415.9,16.11,-1,-9999,-9999,-9999,-9999,-9999,-9999,-9999,unassigned,N/A,-9999,-9999,N/A,-9999,-9999,-9999,-9999,-9999,-9999,-9999,N/A,-9999,-9999
2903,466.903358,466.903171548,-9999,6873007.5,-9999,219730.5,43.85,-1,-9999,-9999,-9999,-9999,-9999,-9999,-9999,unassigned,N/A,-9999,-9999,N/A,-9999,-9999,-9999,-9999,-9999,-9999,-9999,N/A,-9999,-9999
2904,466.909829,466.909642546,-9999,1531312,-9999,226413.1,7.87,-1,-9999,-9999,-9999,-9999,-9999,-9999,-9999,unassigned,N/A,-9999,-9999,N/A,-9999,-9999,-9999,-9999,-9999,-9999,-9999,N/A,-9999,-9999
2912,467.902968,467.902781298,-9999,2361833,-9999,216017.5,13.47,-1,-9999,-9999,-9999,-9999,-9999,-9999,-9999,unassigned,N/A,-9999,-9999,N/A,-9999,-9999,-9999,-9999,-9999,-9999,-9999,N/A,-9999,-9999
2913,468.688932,468.688745101,-9999,1770006.8,-9999,277243.8,9.48,-1,-9999,-9999,-9999,-9999,-9999,-9999,-9999,unassigned,N/A,-9999,-9999,N/A,-9999,-9999,-9999,-9999,-9999,-9999,-9999,N/A,-9999,-9999
2914,468.900107,468.899920048,-9999,2429987,-9999,263028.2,13.93,-1,-9999,-9999,-9999,-9999,-9999,-9999,-9999,unassigned,N/A,-9999,-9999,N/A,-9999,-9999,-9999,-9999,-9999,-9999,-9999,N/A,-9999,-9999
2931,472.882937,472.882749052,-9999,6361363,-9999,227914.4,40.4,-1,-9999,-9999,-9999,-9999,-9999,-9999,-9999,unassigned,N/A,-9999,-9999,N/A,-9999,-9999,-9999,-9999,-9999,-9999,-9999,N/A,-9999,-9999
2940,473.882529,473.882340802,-9999,1930577.6,-9999,253516.1,10.56,-1,-9999,-9999,-9999,-9999,-9999,-9999,-9999,unassigned,N/A,-9999,-9999,N/A,-9999,-9999,-9999,-9999,-9999,-9999,-9999,N/A,-9999,-9999
2944,474.785246,474.785057576,-9999,1515403.4,-9999,225934.3,7.77,-1,-9999,-9999,-9999,-9999,-9999,-9999,-9999,unassigned,N/A,-9999,-9999,N/A,-9999,-9999,-9999,-9999,-9999,-9999,-9999,N/A,-9999,-9999
2945,474.879492,474.879303553,-9999,1660817.4,-9999,242525.8,8.75,-1,-9999,-9999,-9999,-9999,-9999,-9999,-9999,unassigned,N/A,-9999,-9999,N/A,-9999,-9999,-9999,-9999,-9999,-9999,-9999,N/A,-9999,-9999
2960,480.91906,480.918870042,-9999,13347637,-9999,218952.3,87.54,-1,-9999,-9999,-9999,-9999,-9999,-9999,-9999,unassigned,N/A,-9999,-9999,N/A,-9999,-9999,-9999,-9999,-9999,-9999,-9999,N/A,-9999,-9999
2966,481.918625,481.918434792,-9999,3475328.8,-9999,231776,20.98,-1,-9999,-9999,-9999,-9999,-9999,-9999,-9999,unassigned,N/A,-9999,-9999,N/A,-9999,-9999,-9999,-9999,-9999,-9999,-9999,N/A,-9999,-9999
2967,482.916082,482.915891543,-9999,6362062.5,-9999,205640,40.44,-1,-9999,-9999,-9999,-9999,-9999,-9999,-9999,unassigned,N/A,-9999,-9999,N/A,-9999,-9999,-9999,-9999,-9999,-9999,-9999,N/A,-9999,-9999
2974,483.915456,483.915265293,-9999,1416734.8,-9999,249445.7,7.1,-1,-9999,-9999,-9999,-9999,-9999,-9999,-9999,unassigned,N/A,-9999,-9999,N/A,-9999,-9999,-9999,-9999,-9999,-9999,-9999,N/A,-9999,-9999
2975,484.241929,484.241738211,-9999,3241017.5,-9999,234106,19.4,-1,-9999,-9999,-9999,-9999,-9999,-9999,-9999,unassigned,N/A,-9999,-9999,N/A,-9999,-9999,-9999,-9999,-9999,-9999,-9999,N/A,-9999,-9999
2982,486.898488,486.898296547,-9999,7951644.5,-9999,224866.6,51.16,-1,-9999,-9999,-9999,-9999,-9999,-9999,-9999,unassigned,N/A,-9999,-9999,N/A,-9999,-9999,-9999,-9999,-9999,-9999,-9999,N/A,-9999,-9999
2989,487.898124,487.897932297,-9999,3062134.3,-9999,215557.7,18.19,-1,-9999,-9999,-9999,-9999,-9999,-9999,-9999,unassigned,N/A,-9999,-9999,N/A,-9999,-9999,-9999,-9999,-9999,-9999,-9999,N/A,-9999,-9999
2991,488.601998,488.601806121,-9999,1689015.5,-9999,243313.3,8.93,-1,-9999,-9999,-9999,-9999,-9999,-9999,-9999,unassigned,N/A,-9999,-9999,N/A,-9999,-9999,-9999,-9999,-9999,-9999,-9999,N/A,-9999,-9999
2992,488.895639,488.895447047,-9999,1830355,-9999,230291.7,9.89,-1,-9999,-9999,-9999,-9999,-9999,-9999,-9999,unassigned,N/A,-9999,-9999,N/A,-9999,-9999,-9999,-9999,-9999,-9999,-9999,N/A,-9999,-9999
2997,490.598774,490.598581621,-9999,2294392,-9999,215502.9,13.01,-1,-9999,-9999,-9999,-9999,-9999,-9999,-9999,unassigned,N/A,-9999,-9999,N/A,-9999,-9999,-9999,-9999,-9999,-9999,-9999,N/A,-9999,-9999
3003,491.293971,491.293778447,-9999,1480381.8,-9999,236997.9,7.53,-1,-9999,-9999,-9999,-9999,-9999,-9999,-9999,unassigned,N/A,-9999,-9999,N/A,-9999,-9999,-9999,-9999,-9999,-9999,-9999,N/A,-9999,-9999
3006,492.596076,492.595883122,-9999,2157380.5,-9999,192974.1,12.09,-1,-9999,-9999,-9999,-9999,-9999,-9999,-9999,unassigned,N/A,-9999,-9999,N/A,-9999,-9999,-9999,-9999,-9999,-9999,-9999,N/A,-9999,-9999
3013,493.242499,493.24230596,-9999,2377097.5,-9999,205522.9,13.57,-1,-9999,-9999,-9999,-9999,-9999,-9999,-9999,unassigned,N/A,-9999,-9999,N/A,-9999,-9999,-9999,-9999,-9999,-9999,-9999,N/A,-9999,-9999
3014,494.618828,494.618634616,-9999,3614753.3,-9999,210439.9,21.91,-1,-9999,-9999,-9999,-9999,-9999,-9999,-9999,unassigned,N/A,-9999,-9999,N/A,-9999,-9999,-9999,-9999,-9999,-9999,-9999,N/A,-9999,-9999
3015,494.9317,494.931506537,-9999,1868868.5,-9999,309925.9,10.14,-1,-9999,-9999,-9999,-9999,-9999,-9999,-9999,unassigned,N/A,-9999,-9999,N/A,-9999,-9999,-9999,-9999,-9999,-9999,-9999,N/A,-9999,-9999
3016,494.934679,494.934485537,-9999,18481220,-9999,209923.4,122.15,-1,-9999,-9999,-9999,-9999,-9999,-9999,-9999,unassigned,N/A,-9999,-9999,N/A,-9999,-9999,-9999,-9999,-9999,-9999,-9999,N/A,-9999,-9999
3021,495.934354,495.934160287,-9999,3991736.3,-9999,212799.8,24.4,-1,-9999,-9999,-9999,-9999,-9999,-9999,-9999,unassigned,N/A,-9999,-9999,N/A,-9999,-9999,-9999,-9999,-9999,-9999,-9999,N/A,-9999,-9999
3023,496.61602,496.615826116,-9999,4219145,-9999,201019.8,25.93,-1,-9999,-9999,-9999,-9999,-9999,-9999,-9999,unassigned,N/A,-9999,-9999,N/A,-9999,-9999,-9999,-9999,-9999,-9999,-9999,N/A,-9999,-9999
3024,496.93171,496.931516037,-9999,8198447,-9999,211252.1,52.7,-1,-9999,-9999,-9999,-9999,-9999,-9999,-9999,unassigned,N/A,-9999,-9999,N/A,-9999,-9999,-9999,-9999,-9999,-9999,-9999,N/A,-9999,-9999
3030,497.93126,497.931065787,-9999,2067881.5,-9999,255709.9,11.46,-1,-9999,-9999,-9999,-9999,-9999,-9999,-9999,unassigned,N/A,-9999,-9999,N/A,-9999,-9999,-9999,-9999,-9999,-9999,-9999,N/A,-9999,-9999
3032,498.613055,498.612860617,-9999,3435007.3,-9999,210521.7,20.65,-1,-9999,-9999,-9999,-9999,-9999,-9999,-9999,unassigned,N/A,-9999,-9999,N/A,-9999,-9999,-9999,-9999,-9999,-9999,-9999,N/A,-9999,-9999
3033,498.638818,498.63862361,-9999,2007554.6,-9999,234630.3,11.05,-1,-9999,-9999,-9999,-9999,-9999,-9999,-9999,unassigned,N/A,-9999,-9999,N/A,-9999,-9999,-9999,-9999,-9999,-9999,-9999,N/A,-9999,-9999
3040,500.610306,500.610111117,-9999,2082053.3,-9999,219842,11.55,-1,-9999,-9999,-9999,-9999,-9999,-9999,-9999,unassigned,N/A,-9999,-9999,N/A,-9999,-9999,-9999,-9999,-9999,-9999,-9999,N/A,-9999,-9999
3041,500.635886,500.63569111100003,-9999,6726408.5,-9999,212172,42.8,-1,-9999,-9999,-9999,-9999,-9999,-9999,-9999,unassigned,N/A,-9999,-9999,N/A,-9999,-9999,-9999,-9999,-9999,-9999,-9999,N/A,-9999,-9999
3042,500.914238,500.914043041,-9999,6568750.5,-9999,213832.2,41.74,-1,-9999,-9999,-9999,-9999,-9999,-9999,-9999,unassigned,N/A,-9999,-9999,N/A,-9999,-9999,-9999,-9999,-9999,-9999,-9999,N/A,-9999,-9999
3048,501.41561,501.415414916,-9999,1510003,-9999,215887.4,7.7,-1,-9999,-9999,-9999,-9999,-9999,-9999,-9999,unassigned,N/A,-9999,-9999,N/A,-9999,-9999,-9999,-9999,-9999,-9999,-9999,N/A,-9999,-9999
3049,501.913843,501.913647791,-9999,1998776.1,-9999,234971.6,10.99,-1,-9999,-9999,-9999,-9999,-9999,-9999,-9999,unassigned,N/A,-9999,-9999,N/A,-9999,-9999,-9999,-9999,-9999,-9999,-9999,N/A,-9999,-9999
3052,502.632891,502.632695611,-9999,9401373,-9999,202324.8,60.79,-1,-9999,-9999,-9999,-9999,-9999,-9999,-9999,unassigned,N/A,-9999,-9999,N/A,-9999,-9999,-9999,-9999,-9999,-9999,-9999,N/A,-9999,-9999
3056,503.33033,503.330134437,-9999,2140801.3,-9999,215326.1,11.94,-1,-9999,-9999,-9999,-9999,-9999,-9999,-9999,unassigned,N/A,-9999,-9999,N/A,-9999,-9999,-9999,-9999,-9999,-9999,-9999,N/A,-9999,-9999
3058,504.63001,504.629814112,-9999,6931775,-9999,203173.9,44.17,-1,-9999,-9999,-9999,-9999,-9999,-9999,-9999,unassigned,N/A,-9999,-9999,N/A,-9999,-9999,-9999,-9999,-9999,-9999,-9999,N/A,-9999,-9999
3068,505.80698,505.806783817,-9999,1659375.3,-9999,226742.7,8.7,-1,-9999,-9999,-9999,-9999,-9999,-9999,-9999,unassigned,N/A,-9999,-9999,N/A,-9999,-9999,-9999,-9999,-9999,-9999,-9999,N/A,-9999,-9999
3071,506.627034,506.626837612,-9999,3805804.3,-9999,209951.1,23.14,-1,-9999,-9999,-9999,-9999,-9999,-9999,-9999,unassigned,N/A,-9999,-9999,N/A,-9999,-9999,-9999,-9999,-9999,-9999,-9999,N/A,-9999,-9999
3077,507.803881,507.803684318,-9999,2678562.3,-9999,227474.8,15.56,-1,-9999,-9999,-9999,-9999,-9999,-9999,-9999,unassigned,N/A,-9999,-9999,N/A,-9999,-9999,-9999,-9999,-9999,-9999,-9999,N/A,-9999,-9999
3083,509.800899,509.800701818,-9999,2470494,-9999,208983.2,14.15,-1,-9999,-9999,-9999,-9999,-9999,-9999,-9999,unassigned,N/A,-9999,-9999,N/A,-9999,-9999,-9999,-9999,-9999,-9999,-9999,N/A,-9999,-9999
3084,509.950085,509.949887781,-9999,3967094,-9999,204173.8,24.22,-1,-9999,-9999,-9999,-9999,-9999,-9999,-9999,unassigned,N/A,-9999,-9999,N/A,-9999,-9999,-9999,-9999,-9999,-9999,-9999,N/A,-9999,-9999
3086,510.947338,510.947140532,-9999,5419287,-9999,208087.3,33.99,-1,-9999,-9999,-9999,-9999,-9999,-9999,-9999,unassigned,N/A,-9999,-9999,N/A,-9999,-9999,-9999,-9999,-9999,-9999,-9999,N/A,-9999,-9999
3091,512.590059,512.589861121,-9999,1456675,-9999,264211.6,7.33,-1,-9999,-9999,-9999,-9999,-9999,-9999,-9999,unassigned,N/A,-9999,-9999,N/A,-9999,-9999,-9999,-9999,-9999,-9999,-9999,N/A,-9999,-9999
3095,514.252485,514.252286705,-9999,2766645.8,-9999,216190.7,16.14,-1,-9999,-9999,-9999,-9999,-9999,-9999,-9999,unassigned,N/A,-9999,-9999,N/A,-9999,-9999,-9999,-9999,-9999,-9999,-9999,N/A,-9999,-9999
3097,514.929878,514.929679535,-9999,2827174.5,-9999,237281.6,16.55,-1,-9999,-9999,-9999,-9999,-9999,-9999,-9999,unassigned,N/A,-9999,-9999,N/A,-9999,-9999,-9999,-9999,-9999,-9999,-9999,N/A,-9999,-9999
3100,516.231812,516.23161321,-9999,1811072.1,-9999,204442.6,9.71,-1,-9999,-9999,-9999,-9999,-9999,-9999,-9999,unassigned,N/A,-9999,-9999,N/A,-9999,-9999,-9999,-9999,-9999,-9999,-9999,N/A,-9999,-9999
3101,516.268238,516.268039201,-9999,2465414.3,-9999,223429.1,14.11,-1,-9999,-9999,-9999,-9999,-9999,-9999,-9999,unassigned,N/A,-9999,-9999,N/A,-9999,-9999,-9999,-9999,-9999,-9999,-9999,N/A,-9999,-9999
3102,516.609754,516.609555115,-9999,3202239.5,-9999,187052.3,19.07,-1,-9999,-9999,-9999,-9999,-9999,-9999,-9999,unassigned,N/A,-9999,-9999,N/A,-9999,-9999,-9999,-9999,-9999,-9999,-9999,N/A,-9999,-9999
3106,518.606963,518.606763616,-9999,3008015,-9999,222659.1,17.76,-1,-9999,-9999,-9999,-9999,-9999,-9999,-9999,unassigned,N/A,-9999,-9999,N/A,-9999,-9999,-9999,-9999,-9999,-9999,-9999,N/A,-9999,-9999
3110,520.603952,520.603752116,-9999,2557790.8,-9999,207530.3,14.73,-1,-9999,-9999,-9999,-9999,-9999,-9999,-9999,unassigned,N/A,-9999,-9999,N/A,-9999,-9999,-9999,-9999,-9999,-9999,-9999,N/A,-9999,-9999
3113,522.600837,522.600636617,-9999,1528492.8,-9999,241804.8,7.8,-1,-9999,-9999,-9999,-9999,-9999,-9999,-9999,unassigned,N/A,-9999,-9999,N/A,-9999,-9999,-9999,-9999,-9999,-9999,-9999,N/A,-9999,-9999
3116,523.965304,523.965103276,-9999,1483663.4,-9999,226385.7,7.5,-1,-9999,-9999,-9999,-9999,-9999,-9999,-9999,unassigned,N/A,-9999,-9999,N/A,-9999,-9999,-9999,-9999,-9999,-9999,-9999,N/A,-9999,-9999
3120,526.870249,526.870047549,-9999,2519914.5,-9999,229929,14.47,-1,-9999,-9999,-9999,-9999,-9999,-9999,-9999,unassigned,N/A,-9999,-9999,N/A,-9999,-9999,-9999,-9999,-9999,-9999,-9999,N/A,-9999,-9999
3124,528.304512,528.30431019,-9999,1669712.4,-9999,228694.2,8.75,-1,-9999,-9999,-9999,-9999,-9999,-9999,-9999,unassigned,N/A,-9999,-9999,N/A,-9999,-9999,-9999,-9999,-9999,-9999,-9999,N/A,-9999,-9999
3127,530.247494,530.247291704,-9999,1556609.3,-9999,181132.7,7.98,-1,-9999,-9999,-9999,-9999,-9999,-9999,-9999,unassigned,N/A,-9999,-9999,N/A,-9999,-9999,-9999,-9999,-9999,-9999,-9999,N/A,-9999,-9999
3140,540.885875,540.885670043,-9999,5354307,-9999,217271.5,33.52,-1,-9999,-9999,-9999,-9999,-9999,-9999,-9999,unassigned,N/A,-9999,-9999,N/A,-9999,-9999,-9999,-9999,-9999,-9999,-9999,N/A,-9999,-9999
3144,541.885318,541.885112793,-9999,2370999.3,-9999,199496.1,13.45,-1,-9999,-9999,-9999,-9999,-9999,-9999,-9999,unassigned,N/A,-9999,-9999,N/A,-9999,-9999,-9999,-9999,-9999,-9999,-9999,N/A,-9999,-9999
3145,542.283813,542.283607694,-9999,2678756.3,-9999,200416.4,15.52,-1,-9999,-9999,-9999,-9999,-9999,-9999,-9999,unassigned,N/A,-9999,-9999,N/A,-9999,-9999,-9999,-9999,-9999,-9999,-9999,N/A,-9999,-9999
3146,542.883055,542.882849544,-9999,3280934.5,-9999,177081.1,19.57,-1,-9999,-9999,-9999,-9999,-9999,-9999,-9999,unassigned,N/A,-9999,-9999,N/A,-9999,-9999,-9999,-9999,-9999,-9999,-9999,N/A,-9999,-9999
3149,543.882547,543.882341294,-9999,1510801.1,-9999,187633.7,7.66,-1,-9999,-9999,-9999,-9999,-9999,-9999,-9999,unassigned,N/A,-9999,-9999,N/A,-9999,-9999,-9999,-9999,-9999,-9999,-9999,N/A,-9999,-9999
3153,546.865602,546.865395548,-9999,1512880.3,-9999,190274.2,7.75,-1,-9999,-9999,-9999,-9999,-9999,-9999,-9999,unassigned,N/A,-9999,-9999,N/A,-9999,-9999,-9999,-9999,-9999,-9999,-9999,N/A,-9999,-9999
3157,550.860156,550.859948549,-9999,2234592.3,-9999,208705.5,12.65,-1,-9999,-9999,-9999,-9999,-9999,-9999,-9999,unassigned,N/A,-9999,-9999,N/A,-9999,-9999,-9999,-9999,-9999,-9999,-9999,N/A,-9999,-9999
3158,552.577633,552.577425119,-9999,2191172,-9999,190971.6,12.36,-1,-9999,-9999,-9999,-9999,-9999,-9999,-9999,unassigned,N/A,-9999,-9999,N/A,-9999,-9999,-9999,-9999,-9999,-9999,-9999,N/A,-9999,-9999
3159,554.574787,554.57457862,-9999,2252703,-9999,219156.4,12.77,-1,-9999,-9999,-9999,-9999,-9999,-9999,-9999,unassigned,N/A,-9999,-9999,N/A,-9999,-9999,-9999,-9999,-9999,-9999,-9999,N/A,-9999,-9999
3160,554.90154,554.901331538,-9999,3723179.3,-9999,191617.6,22.77,-1,-9999,-9999,-9999,-9999,-9999,-9999,-9999,unassigned,N/A,-9999,-9999,N/A,-9999,-9999,-9999,-9999,-9999,-9999,-9999,N/A,-9999,-9999
3163,555.900959,555.900750288,-9999,1410509.3,-9999,160018.1,7.05,-1,-9999,-9999,-9999,-9999,-9999,-9999,-9999,unassigned,N/A,-9999,-9999,N/A,-9999,-9999,-9999,-9999,-9999,-9999,-9999,N/A,-9999,-9999
3165,556.571697,556.57148812,-9999,2066912.5,-9999,229655.7,11.51,-1,-9999,-9999,-9999,-9999,-9999,-9999,-9999,unassigned,N/A,-9999,-9999,N/A,-9999,-9999,-9999,-9999,-9999,-9999,-9999,N/A,-9999,-9999
3166,556.898253,556.898044039,-9999,1627881,-9999,157441,8.53,-1,-9999,-9999,-9999,-9999,-9999,-9999,-9999,unassigned,N/A,-9999,-9999,N/A,-9999,-9999,-9999,-9999,-9999,-9999,-9999,N/A,-9999,-9999
3168,558.594331,558.594121614,-9999,2352651.3,-9999,205838.9,13.45,-1,-9999,-9999,-9999,-9999,-9999,-9999,-9999,unassigned,N/A,-9999,-9999,N/A,-9999,-9999,-9999,-9999,-9999,-9999,-9999,N/A,-9999,-9999
3169,558.770446,558.77023657,-9999,1528333.9,-9999,152508.8,7.85,-1,-9999,-9999,-9999,-9999,-9999,-9999,-9999,unassigned,N/A,-9999,-9999,N/A,-9999,-9999,-9999,-9999,-9999,-9999,-9999,N/A,-9999,-9999
3170,558.794089,558.793879564,-9999,1533454.3,-9999,147352.6,7.89,-1,-9999,-9999,-9999,-9999,-9999,-9999,-9999,unassigned,N/A,-9999,-9999,N/A,-9999,-9999,-9999,-9999,-9999,-9999,-9999,N/A,-9999,-9999
3171,558.896342,558.896132539,-9999,1668111.8,-9999,233684.6,8.8,-1,-9999,-9999,-9999,-9999,-9999,-9999,-9999,unassigned,N/A,-9999,-9999,N/A,-9999,-9999,-9999,-9999,-9999,-9999,-9999,N/A,-9999,-9999
3174,560.591553,560.591343115,-9999,4198432,-9999,196907,25.99,-1,-9999,-9999,-9999,-9999,-9999,-9999,-9999,unassigned,N/A,-9999,-9999,N/A,-9999,-9999,-9999,-9999,-9999,-9999,-9999,N/A,-9999,-9999
3175,562.588753,562.588542615,-9999,3858465.5,-9999,189230.7,23.68,-1,-9999,-9999,-9999,-9999,-9999,-9999,-9999,unassigned,N/A,-9999,-9999,N/A,-9999,-9999,-9999,-9999,-9999,-9999,-9999,N/A,-9999,-9999
3177,564.586,564.585789116,-9999,2231825.8,-9999,170167.3,12.63,-1,-9999,-9999,-9999,-9999,-9999,-9999,-9999,unassigned,N/A,-9999,-9999,N/A,-9999,-9999,-9999,-9999,-9999,-9999,-9999,N/A,-9999,-9999
3178,564.876183,564.875972043,-9999,2545678.3,-9999,211353.8,14.76,-1,-9999,-9999,-9999,-9999,-9999,-9999,-9999,unassigned,N/A,-9999,-9999,N/A,-9999,-9999,-9999,-9999,-9999,-9999,-9999,N/A,-9999,-9999
3183,568.91735,568.917138032,-9999,2139582,-9999,210269.2,12.01,-1,-9999,-9999,-9999,-9999,-9999,-9999,-9999,unassigned,N/A,-9999,-9999,N/A,-9999,-9999,-9999,-9999,-9999,-9999,-9999,N/A,-9999,-9999
3185,572.912188,572.911975033,-9999,2277187,-9999,215435.9,12.96,-1,-9999,-9999,-9999,-9999,-9999,-9999,-9999,unassigned,N/A,-9999,-9999,N/A,-9999,-9999,-9999,-9999,-9999,-9999,-9999,N/A,-9999,-9999
3186,574.568916,574.568702619,-9999,2230023,-9999,205007.9,12.64,-1,-9999,-9999,-9999,-9999,-9999,-9999,-9999,unassigned,N/A,-9999,-9999,N/A,-9999,-9999,-9999,-9999,-9999,-9999,-9999,N/A,-9999,-9999
3187,574.909457,574.909243534,-9999,1538042.3,-9999,147016.2,7.93,-1,-9999,-9999,-9999,-9999,-9999,-9999,-9999,unassigned,N/A,-9999,-9999,N/A,-9999,-9999,-9999,-9999,-9999,-9999,-9999,N/A,-9999,-9999
3188,576.5657,576.565486119,-9999,3561146.3,-9999,205260,21.7,-1,-9999,-9999,-9999,-9999,-9999,-9999,-9999,unassigned,N/A,-9999,-9999,N/A,-9999,-9999,-9999,-9999,-9999,-9999,-9999,N/A,-9999,-9999
3190,578.891637,578.891422538,-9999,4619869,-9999,190156.7,28.9,-1,-9999,-9999,-9999,-9999,-9999,-9999,-9999,unassigned,N/A,-9999,-9999,N/A,-9999,-9999,-9999,-9999,-9999,-9999,-9999,N/A,-9999,-9999
3191,579.891277,579.891062288,-9999,1518644.1,-9999,226448,7.8,-1,-9999,-9999,-9999,-9999,-9999,-9999,-9999,unassigned,N/A,-9999,-9999,N/A,-9999,-9999,-9999,-9999,-9999,-9999,-9999,N/A,-9999,-9999
3192,581.295058,581.294842936,-9999,1670139.3,-9999,189408.6,8.83,-1,-9999,-9999,-9999,-9999,-9999,-9999,-9999,unassigned,N/A,-9999,-9999,N/A,-9999,-9999,-9999,-9999,-9999,-9999,-9999,N/A,-9999,-9999
3194,582.871774,582.871558542,-9999,1782716.3,-9999,205989.3,9.6,-1,-9999,-9999,-9999,-9999,-9999,-9999,-9999,unassigned,N/A,-9999,-9999,N/A,-9999,-9999,-9999,-9999,-9999,-9999,-9999,N/A,-9999,-9999
3198,586.83655,586.83633355,-9999,1450281.1,-9999,213638.6,7.34,-1,-9999,-9999,-9999,-9999,-9999,-9999,-9999,unassigned,N/A,-9999,-9999,N/A,-9999,-9999,-9999,-9999,-9999,-9999,-9999,N/A,-9999,-9999
3199,586.927835,586.927618528,-9999,4641062,-9999,178971.7,29.05,-1,-9999,-9999,-9999,-9999,-9999,-9999,-9999,unassigned,N/A,-9999,-9999,N/A,-9999,-9999,-9999,-9999,-9999,-9999,-9999,N/A,-9999,-9999
3206,600.943599,600.943379022,-9999,2835569.8,-9999,184351.4,16.76,-1,-9999,-9999,-9999,-9999,-9999,-9999,-9999,unassigned,N/A,-9999,-9999,N/A,-9999,-9999,-9999,-9999,-9999,-9999,-9999,N/A,-9999,-9999
3209,614.908099,614.907875529,-9999,1638694,-9999,111908.2,8.52,-1,-9999,-9999,-9999,-9999,-9999,-9999,-9999,unassigned,N/A,-9999,-9999,N/A,-9999,-9999,-9999,-9999,-9999,-9999,-9999,N/A,-9999,-9999
3210,614.959164,614.958940517,-9999,1946027.1,-9999,185206.5,10.59,-1,-9999,-9999,-9999,-9999,-9999,-9999,-9999,unassigned,N/A,-9999,-9999,N/A,-9999,-9999,-9999,-9999,-9999,-9999,-9999,N/A,-9999,-9999
3211,618.863123,618.86289854,-9999,1670996.8,-9999,173858.3,8.73,-1,-9999,-9999,-9999,-9999,-9999,-9999,-9999,unassigned,N/A,-9999,-9999,N/A,-9999,-9999,-9999,-9999,-9999,-9999,-9999,N/A,-9999,-9999
3213,632.879058,632.878830034,-9999,2042661,-9999,185907.1,11.22,-1,-9999,-9999,-9999,-9999,-9999,-9999,-9999,unassigned,N/A,-9999,-9999,N/A,-9999,-9999,-9999,-9999,-9999,-9999,-9999,N/A,-9999,-9999
3214,634.875539,634.875310535,-9999,1701483,-9999,207224.3,8.92,-1,-9999,-9999,-9999,-9999,-9999,-9999,-9999,unassigned,N/A,-9999,-9999,N/A,-9999,-9999,-9999,-9999,-9999,-9999,-9999,N/A,-9999,-9999
3230,747.704523,747.704266315,-9999,1628861.9,-9999,95905.4,7.77,-1,-9999,-9999,-9999,-9999,-9999,-9999,-9999,unassigned,N/A,-9999,-9999,N/A,-9999,-9999,-9999,-9999,-9999,-9999,-9999,N/A,-9999,-9999
3231,753.826909,753.826650783,-9999,1592288.4,-9999,143340.6,7.53,-1,-9999,-9999,-9999,-9999,-9999,-9999,-9999,unassigned,N/A,-9999,-9999,N/A,-9999,-9999,-9999,-9999,-9999,-9999,-9999,N/A,-9999,-9999
