Index,Mass,Calibrated_Mass,Calculated_Mass,Peak_Height,Peak_Area,Resolving_Power,S_N,Ion_Charge,Error_ppm,Error_Score,Isotopologue_Similarity,Confidence_Score,DBE,OtoC_ratio,HtoC_ratio,Heteroatom_Class,Ion_Type,Is_Isotopologue,Mono_Isotopic_Index,Molecular_Formula,C,H,O,N,P,S,13C,18O,34S
92,129.055816,129.055734843,129.055717729,5810528.5,-9999,700081.7,51.08,-1,0.132615453,0.996813974,0,0.598088384,2,0.5,1.666666667,O3,de-protonated,0,-9999,C6 H10 O3,6,10,3,-9999,-9999,-9999,-9999,-9999,-9999
131,145.050727,145.050639923,145.050632348,1535015.6,-9999,743013.3,11.31,-1,0.052223696,0.999505255,0,0.599703153,2,0.666666667,1.666666667,O4,de-protonated,0,-9999,C6 H10 O4,6,10,4,-9999,-9999,-9999,-9999,-9999,-9999
132,145.087138,145.08705091,145.087017858,1169594.9,-9999,773450.4,8.02,-1,0.227809861,0.990627495,0,0.594376497,1,0.428571429,2,O3,de-protonated,0,-9999,C7 H14 O3,7,14,3,-9999,-9999,-9999,-9999,-9999,-9999
162,159.066407,159.066314736,159.066282413,2176240,-9999,691569.6,16.72,-1,0.203204928,0.992535575,0,0.595521345,2,0.571428571,1.714285714,O4,de-protonated,0,-9999,C7 H12 O4,7,12,4,-9999,-9999,-9999,-9999,-9999,-9999
180,163.0402,163.040106265,163.040067664,1601623.1,-9999,705443.2,11.54,-1,0.236756148,0.989880719,0,0.593928431,6,0.333333333,0.888888889,O3,de-protonated,0,-9999,C9 H8 O3,9,8,3,-9999,-9999,-9999,-9999,-9999,-9999
189,165.019429,165.019334532,165.019332219,2405930.8,-9999,631763.7,18.54,-1,0.014016929,0.999964351,0,0.59997861,6,0.5,0.75,O4,de-protonated,0,-9999,C8 H6 O4,8,6,4,-9999,-9999,-9999,-9999,-9999,-9999
200,169.087168,169.087072027,169.087017858,1567283.5,-9999,625310.9,11.1,-1,0.320362964,0.981549808,0,0.588929885,3,0.333333333,1.555555556,O3,de-protonated,0,-9999,C9 H14 O3,9,14,3,-9999,-9999,-9999,-9999,-9999,-9999
205,171.012274,171.012177314,171.012138839,9775110,-9999,677702.1,82.55,-1,0.224987926,0.990857198,0,0.594514319,4,0.428571429,1.142857143,S1 O3,de-protonated,0,-9999,C7 H8 O3 S1,7,8,3,-9999,-9999,1,-9999,-9999,-9999
206,171.066418,171.066321294,171.066282413,3819809,-9999,655842.1,30.7,-1,0.227289305,0.99067008,0,0.594402048,3,0.5,1.5,O4,de-protonated,0,-9999,C8 H12 O4,8,12,4,-9999,-9999,-9999,-9999,-9999,-9999
209,172.098091,172.097993912,172.097916894,1141147.1,-9999,728984.1,7.35,-1,0.4475251,0.964312073,0,0.578587244,2,0.375,1.875,N1 O3,de-protonated,0,-9999,C8 H15 O3 N1,8,15,3,1,-9999,-9999,-9999,-9999,-9999
214,173.082064,173.081966548,173.081932477,3970033.3,-9999,704199.3,31.88,-1,0.196849162,0.992993597,0,0.595796158,2,0.5,1.75,O4,de-protonated,0,-9999,C8 H14 O4,8,14,4,-9999,-9999,-9999,-9999,-9999,-9999
215,173.118453,173.118355535,173.118317987,1290626.5,-9999,660859.1,8.64,-1,0.216893367,0.991500485,0,0.594900291,1,0.333333333,2,O3,de-protonated,0,-9999,C9 H18 O3,9,18,3,-9999,-9999,-9999,-9999,-9999,-9999
219,175.097666,175.097567802,175.097582542,1453323.1,-9999,777274.5,10.01,-1,-0.084178508,0.998715077,0,0.599229046,1,0.5,2,O4,de-protonated,0,-9999,C8 H16 O4,8,16,4,-9999,-9999,-9999,-9999,-9999,-9999
223,179.035102,179.035002345,179.034982284,1937116.5,-9999,763878.7,14.15,-1,0.112050947,0.99772443,0,0.598634658,6,0.444444444,0.888888889,O4,de-protonated,0,-9999,C9 H8 O4,9,8,4,-9999,-9999,-9999,-9999,-9999,-9999
224,179.071491,179.071391331,179.071367793,1430506.3,-9999,500949.1,9.77,-1,0.131446032,0.996869828,0,0.598121897,5,0.3,1.2,O3,de-protonated,0,-9999,C10 H12 O3,10,12,3,-9999,-9999,-9999,-9999,-9999,-9999
226,181.014393,181.014292612,181.014246839,2459813,-9999,667220.1,18.61,-1,0.25287149,0.988464497,0,0.593078698,6,0.625,0.75,O5,de-protonated,0,-9999,C8 H6 O5,8,6,5,-9999,-9999,-9999,-9999,-9999,-9999
228,183.066376,183.066274853,183.066282413,1530563.4,-9999,732755,10.58,-1,-0.0412963,0.999690608,0,0.599814365,4,0.444444444,1.333333333,O4,de-protonated,0,-9999,C9 H12 O4,9,12,4,-9999,-9999,-9999,-9999,-9999,-9999
231,185.027926,185.027824127,185.027788903,1850758.9,-9999,692392.6,13.33,-1,0.190369509,0.993445773,0,0.596067464,4,0.375,1.25,S1 O3,de-protonated,0,-9999,C8 H10 O3 S1,8,10,3,-9999,-9999,1,-9999,-9999,-9999
232,185.082073,185.081971107,185.081932477,3652502,-9999,650385.1,28.81,-1,0.20871577,0.99212684,0,0.595276104,3,0.444444444,1.555555556,O4,de-protonated,0,-9999,C9 H14 O4,9,14,4,-9999,-9999,-9999,-9999,-9999,-9999
233,186.113708,186.113605725,186.113566959,4425391.5,-9999,623584.5,35.44,-1,0.208292892,0.992158586,0,0.595295151,2,0.333333333,1.888888889,N1 O3,de-protonated,0,-9999,C9 H17 O3 N1,9,17,3,1,-9999,-9999,-9999,-9999,-9999
235,187.007198,187.007095394,187.007053458,4640663,-9999,629048.5,37.21,-1,0.224248008,0.990916962,0,0.594550177,4,0.571428571,1.142857143,S1 O4,de-protonated,0,-9999,C7 H8 O4 S1,7,8,4,-9999,-9999,1,-9999,-9999,-9999
237,187.061346,187.06124337399999,187.061197032,3254692.5,-9999,675322.5,25.33,-1,0.247736187,0.988925687,0,0.593355412,3,0.625,1.5,O5,de-protonated,0,-9999,C8 H12 O5,8,12,5,-9999,-9999,-9999,-9999,-9999,-9999
238,187.076602,187.076499368,187.076453174,1139432.4,-9999,292205.6,7.2,-1,0.246930548,0.9889972,0,0.59339832,7,0.166666667,1,O2,de-protonated,0,-9999,C12 H12 O2,12,12,2,-9999,-9999,-9999,-9999,-9999,-9999
240,187.097725,187.097622361,187.097582542,24062894,-9999,596344.1,203.7,-1,0.212824839,0.989884572,0.998289633,0.993246597,2,0.444444444,1.777777778,O4,de-protonated,0,-9999,C9 H16 O4,9,16,4,-9999,-9999,-9999,-9999,-9999,-9999
241,187.109005,187.108902356,187.108815931,1172912.5,-9999,624048.5,7.48,-1,0.461899924,0.96202739,0,0.577216434,2,0.375,2,N2 O3,de-protonated,0,-9999,C8 H16 O3 N2,8,16,3,2,-9999,-9999,-9999,-9999,-9999
242,187.134091,187.133988347,187.133968051,2234550.8,-9999,584105.2,16.58,-1,0.108458144,0.997867865,0,0.598720719,1,0.3,2,O3,de-protonated,0,-9999,C10 H20 O3,10,20,3,-9999,-9999,-9999,-9999,-9999,-9999
243,188.101089,188.100985989,188.100937377,2391971.5,-9999,664266.2,17.93,-1,0.258438754,0.987954075,0.998289633,0.992088299,2,0.444444444,1.777777778,13C1 O4,de-protonated,1,240,C8 H16 O4 13C1,8,16,4,-9999,-9999,-9999,1,-9999,-9999
245,189.076995,189.076891628,189.076847097,2791046.3,-9999,648109.2,21.35,-1,0.235519707,0.989985608,0,0.593991365,2,0.625,1.75,O5,de-protonated,0,-9999,C8 H14 O5,8,14,5,-9999,-9999,-9999,-9999,-9999,-9999
246,189.113356,189.113252615,189.113232606,1690510.4,-9999,616284.5,11.92,-1,0.105801774,0.997970922,0,0.598782553,1,0.444444444,2,O4,de-protonated,0,-9999,C9 H18 O4,9,18,4,-9999,-9999,-9999,-9999,-9999,-9999
248,191.035145,191.035040903,191.034982284,1634729.3,-9999,589749.9,11.41,-1,0.306852236,0.98306022,0,0.589836132,7,0.4,0.8,O4,de-protonated,0,-9999,C10 H8 O4,10,8,4,-9999,-9999,-9999,-9999,-9999,-9999
250,193.01442,193.014315171,193.014246839,1309347.9,-9999,529570.6,8.6,-1,0.354024749,0.977515038,0,0.586509023,7,0.555555556,0.666666667,O5,de-protonated,0,-9999,C9 H6 O5,9,6,5,-9999,-9999,-9999,-9999,-9999,-9999
251,193.050788,193.050683157,193.050632348,1376426.4,-9999,746743.2,9.17,-1,0.26319007,0.987509886,0,0.592505931,6,0.4,1,O4,de-protonated,0,-9999,C10 H10 O4,10,10,4,-9999,-9999,-9999,-9999,-9999,-9999
252,193.087161,193.087056144,193.087017858,3757233,-9999,618697.6,29.49,-1,0.198284677,0.992891402,0,0.595734841,5,0.272727273,1.272727273,O3,de-protonated,0,-9999,C11 H14 O3,11,14,3,-9999,-9999,-9999,-9999,-9999,-9999
254,195.03006,195.029954425,195.029896903,3184123,-9999,587610.2,24.6,-1,0.294935906,0.984340199,0,0.590604119,6,0.555555556,0.888888889,O5,de-protonated,0,-9999,C9 H8 O5,9,8,5,-9999,-9999,-9999,-9999,-9999,-9999
255,195.066417,195.066311411,195.066282413,2055680.8,-9999,648506.8,14.97,-1,0.148659791,0.995998062,0,0.597598837,5,0.4,1.2,O4,de-protonated,0,-9999,C10 H12 O4,10,12,4,-9999,-9999,-9999,-9999,-9999,-9999
256,195.139212,195.139106384,195.139053431,4231692.5,-9999,557752.4,33.53,-1,0.271359672,0.986727696,0,0.592036617,3,0.166666667,1.666666667,O2,de-protonated,0,-9999,C12 H20 O2,12,20,2,-9999,-9999,-9999,-9999,-9999,-9999
260,197.009243,197.009136692,197.009161458,1194661.9,-9999,502497.8,7.6,-1,-0.125711604,0.9971366,0,0.59828196,6,0.75,0.75,O6,de-protonated,0,-9999,C8 H6 O6,8,6,6,-9999,-9999,-9999,-9999,-9999,-9999
261,197.082118,197.082011665,197.081932477,1921840.3,-9999,571126.9,13.79,-1,0.40180238,0.9711309,0,0.58267854,4,0.4,1.4,O4,de-protonated,0,-9999,C10 H14 O4,10,14,4,-9999,-9999,-9999,-9999,-9999,-9999
262,197.118454,197.118347652,197.118317987,1166517.4,-9999,504816.4,7.36,-1,0.150494337,0.995898884,0,0.59753933,3,0.272727273,1.636363636,O3,de-protonated,0,-9999,C11 H18 O3,11,18,3,-9999,-9999,-9999,-9999,-9999,-9999
268,199.00721,199.007102953,199.007053458,16815154,-9999,547262.1,140.56,-1,0.248706978,0.993661687,0.977047805,0.987016134,5,0.5,1,S1 O4,de-protonated,0,-9999,C8 H8 O4 S1,8,8,4,-9999,-9999,1,-9999,-9999,-9999
269,199.061336,199.061228933,199.061197032,2795576.5,-9999,517791.3,21.22,-1,0.160253831,0.995351004,0,0.597210602,4,0.555555556,1.333333333,O5,de-protonated,0,-9999,C9 H12 O5,9,12,5,-9999,-9999,-9999,-9999,-9999,-9999
270,199.097731,199.097623919,199.097582542,8200253,-9999,563624.2,67.23,-1,0.207825219,0.992193621,0,0.595316172,3,0.4,1.6,O4,de-protonated,0,-9999,C10 H16 O4,10,16,4,-9999,-9999,-9999,-9999,-9999,-9999
271,199.134138,199.134030906,199.133968051,1326657.6,-9999,566553,8.72,-1,0.31564014,0.982084921,0,0.589250953,2,0.272727273,1.818181818,O3,de-protonated,0,-9999,C11 H20 O3,11,20,3,-9999,-9999,-9999,-9999,-9999,-9999
274,200.010534,200.010426581,200.010408293,1922220.6,-9999,579798.7,13.76,-1,0.091435324,0.998484163,0.977047805,0.98990962,5,0.5,1,13C1 S1 O4,de-protonated,1,268,C7 H8 O4 S1 13C1,7,8,4,-9999,-9999,1,1,-9999,-9999
278,201.076987,201.076879187,201.076847097,5203239.5,-9999,549706.9,41.61,-1,0.159589804,0.99538936200000006,0,0.597233617,3,0.555555556,1.555555556,O5,de-protonated,0,-9999,C9 H14 O5,9,14,5,-9999,-9999,-9999,-9999,-9999,-9999
279,201.113375,201.113267173,201.113232606,10693931,-9999,543296.6,88.23,-1,0.17187828,0.497326979,0.902398978,0.659355779,2,0.4,1.8,O4,de-protonated,0,-9999,C10 H18 O4,10,18,4,-9999,-9999,-9999,-9999,-9999,-9999
280,201.124643,201.124535169,201.124465995,1803436.6,-9999,525461.9,12.75,-1,0.343933969,0.978765036,0,0.587259022,2,0.333333333,2,N2 O3,de-protonated,0,-9999,C9 H18 O3 N2,9,18,3,2,-9999,-9999,-9999,-9999,-9999
281,201.149766,201.14965816,201.149618115,1298223.4,-9999,581132.2,8.46,-1,0.199076576,0.992834713,0,0.595700828,1,0.272727273,2,O3,de-protonated,0,-9999,C11 H22 O3,11,22,3,-9999,-9999,-9999,-9999,-9999,-9999
283,202.1086,202.108491805,202.108481578,1249303,-9999,628780.5,8.04,-1,0.050598756,0.999535557,0,0.599721334,2,0.444444444,1.888888889,N1 O4,de-protonated,0,-9999,C9 H17 O4 N1,9,17,4,1,-9999,-9999,-9999,-9999,-9999
285,203.09264,203.092531441,203.092497161,3552763.5,-9999,528892.6,27.6,-1,0.168786683,0.994844056,0,0.596906434,2,0.555555556,1.777777778,O5,de-protonated,0,-9999,C9 H16 O5,9,16,5,-9999,-9999,-9999,-9999,-9999,-9999
289,205.014413,205.014303729,205.014246839,1269168.9,-9999,540738.1,8.18,-1,0.277494426,0.986125035,0,0.591675021,8,0.5,0.6,O5,de-protonated,0,-9999,C10 H6 O5,10,6,5,-9999,-9999,-9999,-9999,-9999,-9999
290,205.159942,205.159832675,205.159788876,2292414,-9999,591716.5,16.85,-1,0.213487482,0.991764232,0,0.595058539,4,0.071428571,1.571428571,O1,de-protonated,0,-9999,C14 H22 O1,14,22,1,-9999,-9999,-9999,-9999,-9999,-9999
296,207.030055,207.029944983,207.029896903,2267229,-9999,571333.6,16.64,-1,0.232236069,0.990261549,0,0.59415693,7,0.5,0.8,O5,de-protonated,0,-9999,C10 H8 O5,10,8,5,-9999,-9999,-9999,-9999,-9999,-9999
297,207.066451,207.06634097,207.066282413,1483232,-9999,543432.6,10,-1,0.282793449,0.985593936,0,0.591356362,6,0.363636364,1.090909091,O4,de-protonated,0,-9999,C11 H12 O4,11,12,4,-9999,-9999,-9999,-9999,-9999,-9999
298,207.087571,207.087460962,207.087411781,3413857.8,-9999,522118.5,26.35,-1,0.237489622,0.989818243,0,0.593890946,1,0.75,2,O6,de-protonated,0,-9999,C8 H16 O6,8,16,6,-9999,-9999,-9999,-9999,-9999,-9999
305,209.009309,209.009198251,209.009161458,6244344,-9999,505115.4,50.18,-1,0.176031164,0.994393232,0,0.596635939,7,0.666666667,0.666666667,O6,de-protonated,0,-9999,C9 H6 O6,9,6,6,-9999,-9999,-9999,-9999,-9999,-9999
306,209.045655,209.045544237,209.045546968,1942778.6,-9999,545735,13.85,-1,-0.013062592,0.99996904,0,0.599981424,6,0.5,1,O5,de-protonated,0,-9999,C10 H10 O5,10,10,5,-9999,-9999,-9999,-9999,-9999,-9999
307,209.082055,209.081944224,209.081932477,1439357.4,-9999,508281.9,9.6,-1,0.056181329,0.99942745,0,0.59965647,5,0.363636364,1.272727273,O4,de-protonated,0,-9999,C11 H14 O4,11,14,4,-9999,-9999,-9999,-9999,-9999,-9999
314,211.024958,211.024846505,211.024811523,3024779.3,-9999,519470.7,22.99,-1,0.165770184,0.995026245,0,0.597015747,6,0.666666667,0.888888889,O6,de-protonated,0,-9999,C9 H8 O6,9,8,6,-9999,-9999,-9999,-9999,-9999,-9999
315,211.061359,211.061247491,211.061197032,2058637.9,-9999,563415.3,14.83,-1,0.239071888,0.989682825,0,0.593809695,5,0.5,1.2,O5,de-protonated,0,-9999,C10 H12 O5,10,12,5,-9999,-9999,-9999,-9999,-9999,-9999
316,211.097754,211.097642478,211.097582542,1836176.5,-9999,557470.4,12.91,-1,0.28392546,0.985479215,0,0.591287529,4,0.363636364,1.454545455,O4,de-protonated,0,-9999,C11 H16 O4,11,16,4,-9999,-9999,-9999,-9999,-9999,-9999
318,211.134102,211.133990464,211.133968051,3685523,-9999,508613.2,28.49,-1,0.106156177,0.99795732,0,0.598774392,3,0.25,1.666666667,O3,de-protonated,0,-9999,C12 H20 O3,12,20,3,-9999,-9999,-9999,-9999,-9999,-9999
323,213.015456,213.015343768,213.015309467,1794582.5,-9999,566022.4,12.56,-1,0.161023576,0.995306341,0,0.597183805,6,0.857142857,0.857142857,N2 O6,de-protonated,0,-9999,C7 H6 O6 N2,7,6,6,2,-9999,-9999,-9999,-9999,-9999
324,213.040641,213.040528759,213.040461587,1301272.3,-9999,601963.1,8.41,-1,0.315297407,0.982123456,0,0.589274074,5,0.666666667,1.111111111,O6,de-protonated,0,-9999,C9 H10 O6,9,10,6,-9999,-9999,-9999,-9999,-9999,-9999
325,213.077,213.076887745,213.076847097,2401050.8,-9999,448294.3,17.67,-1,0.190768252,0.993418378,0,0.596051027,4,0.5,1.4,O5,de-protonated,0,-9999,C10 H14 O5,10,14,5,-9999,-9999,-9999,-9999,-9999,-9999
326,213.113368,213.113255732,213.113232606,4479773.5,-9999,460651,35.18,-1,0.108512675,0.997865722,0,0.598719433,3,0.363636364,1.636363636,O4,de-protonated,0,-9999,C11 H18 O4,11,18,4,-9999,-9999,-9999,-9999,-9999,-9999
327,213.149701,213.149588718,213.149618115,1587999.9,-9999,645213.5,10.82,-1,-0.137918665,0.996554513,0,0.597932708,2,0.25,1.833333333,O3,de-protonated,0,-9999,C12 H22 O3,12,22,3,-9999,-9999,-9999,-9999,-9999,-9999
329,213.964003,213.963890417,213.963808921,1957719.9,-9999,564772,13.93,-1,0.380886727,0.974019833,0,0.5844119,6,0.428571429,0.714285714,N1 S2 O3,de-protonated,0,-9999,C7 H5 O3 N1 S2,7,5,3,1,-9999,2,-9999,-9999,-9999
330,214.108609,214.108496363,214.108481578,1221089.9,-9999,553141.5,7.73,-1,0.069053418,0.999135159,0,0.599481095,3,0.4,1.7,N1 O4,de-protonated,0,-9999,C10 H17 O4 N1,10,17,4,1,-9999,-9999,-9999,-9999,-9999
331,214.144983,214.14487035,214.144867088,1997668.4,-9999,540375.3,14.27,-1,0.01523319,0.999957896,0,0.599974737,2,0.272727273,1.909090909,N1 O3,de-protonated,0,-9999,C11 H21 O3 N1,11,21,3,1,-9999,-9999,-9999,-9999,-9999
334,215.00207,215.001957033,215.001968078,2066847.3,-9999,648068.2,14.85,-1,-0.051372742,0.999521243,0,0.599712746,5,0.625,1,S1 O5,de-protonated,0,-9999,C8 H8 O5 S1,8,8,5,-9999,-9999,1,-9999,-9999,-9999
336,215.035108,215.03499502,215.034982284,1568929.6,-9999,509445.8,10.66,-1,0.059229903,0.999363648,0,0.599618189,9,0.333333333,0.666666667,O4,de-protonated,0,-9999,C12 H8 O4,12,8,4,-9999,-9999,-9999,-9999,-9999,-9999
337,215.056192,215.056079012,215.056111652,1707939,-9999,538427.8,11.83,-1,-0.151771379,0.995829133,0,0.59749748,4,0.666666667,1.333333333,O6,de-protonated,0,-9999,C9 H12 O6,9,12,6,-9999,-9999,-9999,-9999,-9999,-9999
338,215.092634,215.092520999,215.092497161,5045157.5,-9999,478713.8,39.94,-1,0.110825805,0.997773864,0,0.598664318,3,0.5,1.6,O5,de-protonated,0,-9999,C10 H16 O5,10,16,5,-9999,-9999,-9999,-9999,-9999,-9999
339,215.129007,215.128893986,215.128882671,13785512,-9999,481449.2,113.56,-1,0.052596316,0.998106186,0.993430345,0.996235849,2,0.363636364,1.818181818,O4,de-protonated,0,-9999,C11 H20 O4,11,20,4,-9999,-9999,-9999,-9999,-9999,-9999
340,215.165436,215.165322972,215.16526818,1664938.5,-9999,535872.7,11.47,-1,0.254651477,0.988302483,0,0.59298149,1,0.25,2,O3,de-protonated,0,-9999,C12 H24 O3,12,24,3,-9999,-9999,-9999,-9999,-9999,-9999
342,216.124268,216.124154617,216.124131643,1262701,-9999,508406.7,8.06,-1,0.106301941,0.997951712,0,0.598771027,2,0.4,1.9,N1 O4,de-protonated,0,-9999,C10 H19 O4 N1,10,19,4,1,-9999,-9999,-9999,-9999,-9999
343,216.13238,216.132266614,216.132237506,1527533.6,-9999,620762,10.28,-1,0.134679317,0.9967142,0.993430345,0.995400658,2,0.363636364,1.818181818,13C1 O4,de-protonated,1,339,C10 H20 O4 13C1,10,20,4,-9999,-9999,-9999,1,-9999,-9999
347,217.071985,217.071871266,217.071761716,1625391.5,-9999,536450.7,11.1,-1,0.504672183,0.954837706,0,0.572902624,3,0.666666667,1.555555556,O6,de-protonated,0,-9999,C9 H14 O6,9,14,6,-9999,-9999,-9999,-9999,-9999,-9999
348,217.108307,217.108193253,217.108147226,3719218.3,-9999,493139.7,28.69,-1,0.212001654,0.991878006,0,0.595126804,2,0.5,1.8,O5,de-protonated,0,-9999,C10 H18 O5,10,18,5,-9999,-9999,-9999,-9999,-9999,-9999
349,217.119456,217.119342249,217.119380615,1287730.9,-9999,474517.3,8.26,-1,-0.176705231,0.994350332,0,0.596610199,2,0.444444444,2,N2 O4,de-protonated,0,-9999,C9 H18 O4 N2,9,18,4,2,-9999,-9999,-9999,-9999,-9999
350,218.103522,218.103407885,218.103396198,2478201.5,-9999,539180.2,18.26,-1,0.053583445,0.999479163,0,0.599687498,2,0.555555556,1.888888889,N1 O5,de-protonated,0,-9999,C9 H17 O5 N1,9,17,5,1,-9999,-9999,-9999,-9999,-9999
351,219.087534,219.08741952,219.087411781,1561794,-9999,521763.1,10.57,-1,0.035326598,0.999773583,0,0.59986415,2,0.666666667,1.777777778,O6,de-protonated,0,-9999,C9 H16 O6,9,16,6,-9999,-9999,-9999,-9999,-9999,-9999
354,221.009269,221.009153809,221.009161458,1809494.9,-9999,436438,12.61,-1,-0.034611105,0.999782661,0,0.599869597,8,0.6,0.6,O6,de-protonated,0,-9999,C10 H6 O6,10,6,6,-9999,-9999,-9999,-9999,-9999,-9999
355,221.045729,221.045613796,221.045546968,1558745.8,-9999,473854.8,10.51,-1,0.302325855,0.98355219,0,0.590131314,7,0.454545455,0.909090909,O5,de-protonated,0,-9999,C11 H10 O5,11,10,5,-9999,-9999,-9999,-9999,-9999,-9999
356,221.082058,221.081942782,221.081932477,11625309,-9999,479373.2,94.8,-1,0.046611623,0.994249752,0.981107552,0.988992872,6,0.333333333,1.166666667,O4,de-protonated,0,-9999,C12 H14 O4,12,14,4,-9999,-9999,-9999,-9999,-9999,-9999
357,221.093294,221.093178778,221.093165866,1481053.6,-9999,538266.1,9.86,-1,0.058398634,0.999381379,0,0.599628827,6,0.272727273,1.272727273,N2 O3,de-protonated,0,-9999,C11 H14 O3 N2,11,14,3,2,-9999,-9999,-9999,-9999,-9999
358,221.15483,221.154714755,221.154703496,5513058.5,-9999,463262.4,43.62,-1,0.050911659,0.999529796,0,0.599717878,4,0.142857143,1.571428571,O2,de-protonated,0,-9999,C14 H22 O2,14,22,2,-9999,-9999,-9999,-9999,-9999,-9999
359,222.085458,222.085342411,222.085287312,1234351.5,-9999,487923.5,7.79,-1,0.248096278,0.988893649,0.981107552,0.98577921,6,0.333333333,1.166666667,13C1 O4,de-protonated,1,356,C11 H14 O4 13C1,11,14,4,-9999,-9999,-9999,1,-9999,-9999
360,222.090406,222.090290409,222.090068609,2510768,-9999,459960.5,18.48,-1,0.998693923,0.8344562,0,0.50067372,1,0.5,2.25,N1 P1 O4,de-protonated,0,-9999,C8 H18 O4 N1 P1,8,18,4,1,1,-9999,-9999,-9999,-9999
362,223.024939,223.024823063,223.024811523,3855872.5,-9999,467959.2,29.74,-1,0.051743646,0.999514306,0,0.599708584,7,0.6,0.8,O6,de-protonated,0,-9999,C10 H8 O6,10,8,6,-9999,-9999,-9999,-9999,-9999,-9999
363,223.061305,223.06118905,223.061197032,2195203.8,-9999,463919.8,15.83,-1,-0.035787009,0.999767644,0,0.599860586,6,0.454545455,1.090909091,O5,de-protonated,0,-9999,C11 H12 O5,11,12,5,-9999,-9999,-9999,-9999,-9999,-9999
364,223.074345,223.074229045,223.074084192,1582469,-9999,454543.3,10.7,-1,0.649348897,0.926344982,0,0.555806989,1,0.625,2.125,P1 O5,de-protonated,0,-9999,C8 H17 O5 P1,8,17,5,-9999,1,-9999,-9999,-9999,-9999
365,223.09769,223.097574036,223.097582542,2237447,-9999,397417.5,16.19,-1,-0.038124618,0.999736302,0,0.599841781,5,0.333333333,1.333333333,O4,de-protonated,0,-9999,C12 H16 O4,12,16,4,-9999,-9999,-9999,-9999,-9999,-9999
366,223.134108,223.133992023,223.133968051,1585162.3,-9999,476080.5,10.73,-1,0.107431696,0.997907989,0,0.598744793,4,0.230769231,1.538461538,O3,de-protonated,0,-9999,C13 H20 O3,13,20,3,-9999,-9999,-9999,-9999,-9999,-9999
367,225.004197,225.00408033,225.004076078,2934456.8,-9999,463619.5,21.96,-1,0.018899356,0.999935191,0,0.599961115,7,0.777777778,0.666666667,O7,de-protonated,0,-9999,C9 H6 O7,9,6,7,-9999,-9999,-9999,-9999,-9999,-9999
368,225.040592,225.040475317,225.040461587,1970876.4,-9999,444896.4,13.91,-1,0.061009523,0.999324847,0,0.599594908,6,0.6,1,O6,de-protonated,0,-9999,C10 H10 O6,10,10,6,-9999,-9999,-9999,-9999,-9999,-9999
369,225.076984,225.076867304,225.076847097,1504703.9,-9999,521446.9,10.02,-1,0.0897773,0.998538599,0,0.599123159,5,0.454545455,1.272727273,O5,de-protonated,0,-9999,C11 H14 O5,11,14,5,-9999,-9999,-9999,-9999,-9999,-9999
370,225.113381,225.11326429,225.113232606,2063555.5,-9999,499753.2,14.69,-1,0.140746814,0.996412014,0,0.597847209,4,0.333333333,1.5,O4,de-protonated,0,-9999,C12 H18 O4,12,18,4,-9999,-9999,-9999,-9999,-9999,-9999
371,225.149727,225.149610277,225.149618115,1436103.1,-9999,575225.3,9.45,-1,-0.034816103,0.999780079,0,0.599868047,3,0.230769231,1.692307692,O3,de-protonated,0,-9999,C13 H22 O3,13,22,3,-9999,-9999,-9999,-9999,-9999,-9999
374,227.056282,227.056164571,227.056111652,1294350.1,-9999,531934.3,8.26,-1,0.233066142,0.990192153,0,0.594115292,5,0.6,1.2,O6,de-protonated,0,-9999,C10 H12 O6,10,12,6,-9999,-9999,-9999,-9999,-9999,-9999
375,227.092634,227.092516557,227.092497161,2957714.3,-9999,496458.6,22.15,-1,0.085411396,0.998677188,0,0.599206313,4,0.454545455,1.454545455,O5,de-protonated,0,-9999,C11 H16 O5,11,16,5,-9999,-9999,-9999,-9999,-9999,-9999
376,227.103883,227.103765553,227.10373055,1289875.4,-9999,536604.8,8.23,-1,0.154127075,0.995698934,0,0.597419361,4,0.4,1.6,N2 O4,de-protonated,0,-9999,C10 H16 O4 N2,10,16,4,2,-9999,-9999,-9999,-9999,-9999
377,227.129028,227.128910544,227.128882671,6148502,-9999,480731.9,48.78,-1,0.122720926,0.997271036,0,0.598362622,3,0.333333333,1.666666667,O4,de-protonated,0,-9999,C12 H20 O4,12,20,4,-9999,-9999,-9999,-9999,-9999,-9999
378,227.140272,227.14015454,227.14011606,5057943.5,-9999,483918.5,39.68,-1,0.169410916,0.994805948,0,0.596883569,3,0.272727273,1.818181818,N2 O3,de-protonated,0,-9999,C11 H20 O3 N2,11,20,3,2,-9999,-9999,-9999,-9999,-9999
379,227.165252,227.165134531,227.16526818,1273626.3,-9999,425039.3,8.09,-1,-0.588335055,0.939125355,0,0.563475213,2,0.230769231,1.846153846,O3,de-protonated,0,-9999,C13 H24 O3,13,24,3,-9999,-9999,-9999,-9999,-9999,-9999
380,228.124317,228.124199176,228.124131643,1348103.6,-9999,610366.7,8.71,-1,0.296035689,0.984224122,0,0.590534473,3,0.363636364,1.727272727,N1 O4,de-protonated,0,-9999,C11 H19 O4 N1,11,19,4,1,-9999,-9999,-9999,-9999,-9999
381,228.160647,228.160529162,228.160517152,4376076,-9999,447570.7,33.99,-1,0.052638765,0.999497361,0,0.599698417,2,0.25,1.916666667,N1 O3,de-protonated,0,-9999,C12 H23 O3 N1,12,23,3,1,-9999,-9999,-9999,-9999,-9999
384,229.071911,229.071792825,229.071761716,1660410.1,-9999,335439.4,11.25,-1,0.135802838,0.996659242,0,0.597995545,4,0.6,1.4,O6,de-protonated,0,-9999,C10 H14 O6,10,14,6,-9999,-9999,-9999,-9999,-9999,-9999
385,229.108284,229.108165811,229.108147226,3927166.8,-9999,427066.8,30.07,-1,0.081122313,0.99880663,0,0.599283978,3,0.454545455,1.636363636,O5,de-protonated,0,-9999,C11 H18 O5,11,18,5,-9999,-9999,-9999,-9999,-9999,-9999
386,229.144661,229.144542798,229.144532735,8775299,-9999,429210.4,70.32,-1,0.043915378,0.99774836,0.995903934,0.997010589,2,0.333333333,1.833333333,O4,de-protonated,0,-9999,C12 H22 O4,12,22,4,-9999,-9999,-9999,-9999,-9999,-9999
387,229.1559,229.155781794,229.155766124,6705796.5,-9999,457236,53.14,-1,0.068379335,0.999151954,0,0.599491172,2,0.272727273,2,N2 O3,de-protonated,0,-9999,C11 H22 O3 N2,11,22,3,2,-9999,-9999,-9999,-9999,-9999
388,229.181106,229.180987784,229.180918244,1931911.8,-9999,465455.9,13.51,-1,0.303428968,0.983432944,0,0.590059767,1,0.230769231,2,O3,de-protonated,0,-9999,C13 H26 O3,13,26,3,-9999,-9999,-9999,-9999,-9999,-9999
390,230.148041,230.147922427,230.14788757,1185028.3,-9999,567700.9,7.31,-1,0.151452712,0.995846593,0.995903934,0.995869529,2,0.333333333,1.833333333,13C1 O4,de-protonated,1,386,C11 H22 O4 13C1,11,22,4,-9999,-9999,-9999,1,-9999,-9999
393,231.030079,231.0299601,231.029896903,1434620.3,-9999,442031,9.38,-1,0.273543716,0.986514644,0,0.591908786,9,0.416666667,0.666666667,O5,de-protonated,0,-9999,C12 H8 O5,12,8,5,-9999,-9999,-9999,-9999,-9999,-9999
394,231.033396,231.033277099,231.033268207,2241148.8,-9999,504751.1,16.07,-1,0.038488954,0.999731238,0,0.599838743,4,0.555555556,1.333333333,S1 O5,de-protonated,0,-9999,C9 H12 O5 S1,9,12,5,-9999,-9999,1,-9999,-9999,-9999
395,231.051179,231.051060092,231.051026271,1306239.3,-9999,512481,8.31,-1,0.146378518,0.996119707,0,0.597671824,4,0.777777778,1.333333333,O7,de-protonated,0,-9999,C9 H12 O7,9,12,7,-9999,-9999,-9999,-9999,-9999,-9999
396,231.087532,231.087413079,231.087411781,2075012.4,-9999,456704.6,14.69,-1,0.005617362,0.999994274,0,0.599996565,3,0.6,1.6,O6,de-protonated,0,-9999,C10 H16 O6,10,16,6,-9999,-9999,-9999,-9999,-9999,-9999
397,231.123956,231.123837065,231.12379729,3073929.5,-9999,435012.7,22.99,-1,0.172095088,0.994640499,0,0.596784299,2,0.454545455,1.818181818,O5,de-protonated,0,-9999,C11 H20 O5,11,20,5,-9999,-9999,-9999,-9999,-9999,-9999
398,231.135182,231.135063061,231.135030679,1962635,-9999,491757,13.76,-1,0.140099166,0.9964449,0,0.59786694,2,0.4,2,N2 O4,de-protonated,0,-9999,C10 H20 O4 N2,10,20,4,2,-9999,-9999,-9999,-9999,-9999
399,231.160335,231.160216052,231.160182799,1192398.6,-9999,284192.3,7.37,-1,0.143850273,0.99625234,0,0.597751404,1,0.333333333,2,O4,de-protonated,0,-9999,C12 H24 O4,12,24,4,-9999,-9999,-9999,-9999,-9999,-9999
402,233.009353,233.009233368,233.009161458,1933474,-9999,437026.2,13.52,-1,0.308610551,0.982867206,0,0.589720324,9,0.545454545,0.545454545,O6,de-protonated,0,-9999,C11 H6 O6,11,6,6,-9999,-9999,-9999,-9999,-9999,-9999
403,233.103328,233.103208333,233.103061845,1814192.8,-9999,503148.2,12.53,-1,0.628423934,0.930850024,0,0.558510015,2,0.6,1.8,O6,de-protonated,0,-9999,C10 H18 O6,10,18,6,-9999,-9999,-9999,-9999,-9999,-9999
404,233.154856,233.154736314,233.154703496,15974585,-9999,443450.9,130.08,-1,0.140755605,0.994623752,0.995119567,0.994822078,5,0.133333333,1.466666667,O2,de-protonated,0,-9999,C15 H22 O2,15,22,2,-9999,-9999,-9999,-9999,-9999,-9999
405,233.97849,233.978370009,233.978410157,1213118.1,-9999,430681.1,7.49,-1,-0.17159099,0.994671767,0,0.59680306,9,0.2,0.6,N1 S1 P1 O2,de-protonated,0,-9999,C10 H6 O2 N1 P1 S1,10,6,2,1,1,1,-9999,-9999,-9999
406,234.158225,234.158104942,234.158058331,2697564,-9999,526163,19.74,-1,0.19905951,0.992835937,0.995119567,0.993749389,5,0.133333333,1.466666667,13C1 O2,de-protonated,1,404,C14 H22 O2 13C1,14,22,2,-9999,-9999,-9999,1,-9999,-9999
407,235.024967,235.024846622,235.024811523,2141679.5,-9999,501798,15.15,-1,0.149339954,0.995961432,0,0.597576859,8,0.545454545,0.727272727,O6,de-protonated,0,-9999,C11 H8 O6,11,8,6,-9999,-9999,-9999,-9999,-9999,-9999
408,235.061371,235.061250608,235.061197032,4618230,-9999,443330.2,35.58,-1,0.227922648,0.990618256,0,0.594370954,7,0.416666667,1,O5,de-protonated,0,-9999,C12 H12 O5,12,12,5,-9999,-9999,-9999,-9999,-9999,-9999
409,235.074344,235.074223603,235.074084192,1434872.1,-9999,486150.6,9.32,-1,0.593053034,0.938176049,0,0.562905629,2,0.555555556,1.888888889,P1 O5,de-protonated,0,-9999,C9 H17 O5 P1,9,17,5,-9999,1,-9999,-9999,-9999,-9999
410,235.108945,235.10882459,235.108815931,2233086,-9999,470681,15.9,-1,0.036831975,0.999753878,0,0.599852327,6,0.25,1.333333333,N2 O3,de-protonated,0,-9999,C12 H16 O3 N2,12,16,3,2,-9999,-9999,-9999,-9999,-9999
413,237.040552,237.040430876,237.040461587,1912926,-9999,500670.3,13.26,-1,-0.129563897,0.996958691,0,0.598175214,7,0.545454545,0.909090909,O6,de-protonated,0,-9999,C11 H10 O6,11,10,6,-9999,-9999,-9999,-9999,-9999,-9999
414,237.07699,237.076868862,237.076847097,2381157,-9999,516237.9,17.12,-1,0.091806845,0.998471829,0,0.599083097,6,0.416666667,1.166666667,O5,de-protonated,0,-9999,C12 H14 O5,12,14,5,-9999,-9999,-9999,-9999,-9999,-9999
417,239.019941,239.019819143,239.019726143,2622180.3,-9999,447534.2,18.98,-1,0.389090818,0.972904046,0,0.583742427,7,0.7,0.8,O7,de-protonated,0,-9999,C10 H8 O7,10,8,7,-9999,-9999,-9999,-9999,-9999,-9999
418,239.035108,239.034986137,239.034982284,1874151.3,-9999,428228.2,12.85,-1,0.016120976,0.999952845,0,0.599971707,11,0.285714286,0.571428571,O4,de-protonated,0,-9999,C14 H8 O4,14,8,4,-9999,-9999,-9999,-9999,-9999,-9999
419,239.056322,239.056200129,239.056111652,1979115.6,-9999,510494,13.71,-1,0.370112124,0.975450969,0,0.585270581,6,0.545454545,1.090909091,O6,de-protonated,0,-9999,C11 H12 O6,11,12,6,-9999,-9999,-9999,-9999,-9999,-9999
420,239.092662,239.092540116,239.092497161,2166259,-9999,462604.4,15.25,-1,0.179657519,0.994160529,0,0.596496317,5,0.416666667,1.333333333,O5,de-protonated,0,-9999,C12 H16 O5,12,16,5,-9999,-9999,-9999,-9999,-9999,-9999
421,239.129046,239.128924103,239.128882671,27442426,-9999,428233.4,222.45,-1,0.173261999,0.993638122,0.996106437,0.994625448,4,0.307692308,1.538461538,O4,de-protonated,0,-9999,C13 H20 O4,13,20,4,-9999,-9999,-9999,-9999,-9999,-9999
422,239.165468,239.165346089,239.16526818,1208065.9,-9999,568149.7,7.39,-1,0.325754312,0.9809296,0,0.58855776,3,0.214285714,1.714285714,O3,de-protonated,0,-9999,C14 H24 O3,14,24,3,-9999,-9999,-9999,-9999,-9999,-9999
424,240.132408,240.132285731,240.132237506,3998155.8,-9999,433261.7,30.26,-1,0.200828961,0.992708475,0.996106437,0.99406766,4,0.307692308,1.538461538,13C1 O4,de-protonated,1,421,C12 H20 O4 13C1,12,20,4,-9999,-9999,-9999,1,-9999,-9999
428,241.035482,241.035359397,241.035376207,1474702.3,-9999,543279.7,9.57,-1,-0.069741146,0.999117854,0,0.599470713,6,0.7,1,O7,de-protonated,0,-9999,C10 H10 O7,10,10,7,-9999,-9999,-9999,-9999,-9999,-9999
429,241.046785,241.046662393,241.046609596,4166288.8,-9999,409537.1,31.64,-1,0.219030018,0.991332931,0,0.594799759,6,0.666666667,1.111111111,N2 O6,de-protonated,0,-9999,C9 H10 O6 N2,9,10,6,2,-9999,-9999,-9999,-9999,-9999
430,241.050757,241.050634391,241.050632348,2081937.5,-9999,490456.7,14.55,-1,0.008475286,0.999986967,0,0.59999218,10,0.285714286,0.714285714,O4,de-protonated,0,-9999,C14 H10 O4,14,10,4,-9999,-9999,-9999,-9999,-9999,-9999
431,241.071899,241.071776383,241.071761716,2810006.3,-9999,472871.1,20.52,-1,0.060841169,0.999328566,0,0.59959714,5,0.545454545,1.272727273,O6,de-protonated,0,-9999,C11 H14 O6,11,14,6,-9999,-9999,-9999,-9999,-9999,-9999
432,241.108299,241.10817637,241.108147226,4986526,-9999,429904.7,38.36,-1,0.120876318,0.997352349,0,0.598411409,4,0.416666667,1.5,O5,de-protonated,0,-9999,C12 H18 O5,12,18,5,-9999,-9999,-9999,-9999,-9999,-9999
433,241.119505,241.119382366,241.119380615,1541792.6,-9999,524760.5,10.12,-1,0.007261248,0.999990433,0,0.59999426,4,0.363636364,1.636363636,N2 O4,de-protonated,0,-9999,C11 H18 O4 N2,11,18,4,2,-9999,-9999,-9999,-9999,-9999
434,241.136624,241.136501359,241.136290527,123514536,-9999,432937.5,1010.01,-1,0.874330948,0.583720147,0.988269546,0.745539907,3,0.153846154,1.769230769,P1 O2,de-protonated,0,-9999,C13 H23 O2 P1,13,23,2,-9999,1,-9999,-9999,-9999,-9999
435,241.144697,241.144574356,241.144532735,4368038,-9999,439301.6,33.29,-1,0.172599573,0.994609116,0,0.596765469,3,0.307692308,1.692307692,O4,de-protonated,0,-9999,C13 H22 O4,13,22,4,-9999,-9999,-9999,-9999,-9999,-9999
436,241.181032,241.180909343,241.180918244,3612846,-9999,462012.9,27.1,-1,-0.036907377,0.999752869,0,0.599851722,2,0.214285714,1.857142857,O3,de-protonated,0,-9999,C14 H26 O3,14,26,3,-9999,-9999,-9999,-9999,-9999,-9999
439,242.139971,242.139847988,242.139645362,19115908,-9999,431453.9,154.19,-1,0.836816649,0.587119591,0.988269546,0.747579573,3,0.153846154,1.769230769,13C1 P1 O2,de-protonated,1,434,C12 H23 O2 P1 13C1,12,23,2,-9999,1,-9999,1,-9999,-9999
439,242.139971,242.139847988,242.139781707,19115908,-9999,431453.9,154.19,-1,0.273729769,0.963211799,0.958444825,0.96130501,3,0.333333333,1.75,N1 O4,de-protonated,0,-9999,C12 H21 O4 N1,12,21,4,1,-9999,-9999,-9999,-9999,-9999
440,242.176319,242.176195975,242.176167217,56422284,-9999,427869.1,460.01,-1,0.118748527,0.996563633,0.999416984,0.997704973,2,0.230769231,1.923076923,N1 O3,de-protonated,0,-9999,C13 H25 O3 N1,13,25,3,1,-9999,-9999,-9999,-9999,-9999
444,243.051163,243.051039651,243.051026271,2080595.5,-9999,464997,14.54,-1,0.055047703,0.999450316,0,0.59967019,5,0.7,1.2,O7,de-protonated,0,-9999,C10 H12 O7,10,12,7,-9999,-9999,-9999,-9999,-9999,-9999
445,243.087566,243.087442637,243.087411781,2729052,-9999,473605.5,19.85,-1,0.126936137,0.997080626,0,0.598248376,4,0.545454545,1.454545455,O6,de-protonated,0,-9999,C11 H16 O6,11,16,6,-9999,-9999,-9999,-9999,-9999,-9999
446,243.12396,243.123836624,243.12379729,7808100.5,-9999,442029.2,61.49,-1,0.16178489,0.995261959,0,0.597157175,3,0.416666667,1.666666667,O5,de-protonated,0,-9999,C12 H20 O5,12,20,5,-9999,-9999,-9999,-9999,-9999,-9999
448,243.143402,243.143278617,243.143136542,1512552.9,-9999,458261.9,9.88,-1,0.584324126,0.93992718,0.958444825,0.947334238,3,0.333333333,1.75,13C1 N1 O4,de-protonated,1,439,C11 H21 O4 N1 13C1,11,21,4,1,-9999,-9999,1,-9999,-9999
449,243.160351,243.16022761,243.160182799,24981612,-9999,429882.3,202.27,-1,0.184285671,0.994173667,0.993739342,0.993999937,2,0.307692308,1.846153846,O4,de-protonated,0,-9999,C13 H24 O4,13,24,4,-9999,-9999,-9999,-9999,-9999,-9999
450,243.171594,243.171470606,243.171416189,6084719.5,-9999,426285,47.36,-1,0.22378241200000001,0.990954469,0,0.594572681,2,0.25,2,N2 O3,de-protonated,0,-9999,C12 H24 O3 N2,12,24,3,2,-9999,-9999,-9999,-9999,-9999
451,243.179683,243.179559603,243.179522052,7976049.5,-9999,436804.4,62.87,-1,0.154419343,0.995682642,0.999416984,0.997176379,2,0.230769231,1.923076923,13C1 N1 O3,de-protonated,1,440,C12 H25 O3 N1 13C1,12,25,3,1,-9999,-9999,1,-9999,-9999
452,243.196724,243.196600597,243.196568309,3055733.3,-9999,417608,22.53,-1,0.132765544,0.99680677,0,0.598084062,1,0.214285714,2,O3,de-protonated,0,-9999,C14 H28 O3,14,28,3,-9999,-9999,-9999,-9999,-9999,-9999
455,244.130433,244.130309251,244.130279652,1535568.8,-9999,366179.4,10,-1,0.121245693,0.997336165,0,0.598401699,3,0.4,1.9,N3 O4,de-protonated,0,-9999,C10 H19 O4 N3,10,19,4,3,-9999,-9999,-9999,-9999,-9999
457,244.163704,244.163580239,244.163537635,3717464.5,-9999,460848.6,27.77,-1,0.174491657,0.994490603,0.993739342,0.994190098,2,0.307692308,1.846153846,13C1 O4,de-protonated,1,449,C12 H24 O4 13C1,12,24,4,-9999,-9999,-9999,1,-9999,-9999
460,245.04574,245.045615913,245.045546968,1329324.9,-9999,435922.2,8.32,-1,0.281354861,0.985739085,0,0.591443451,9,0.384615385,0.769230769,O5,de-protonated,0,-9999,C13 H10 O5,13,10,5,-9999,-9999,-9999,-9999,-9999,-9999
461,245.04907,245.048945911,245.048918271,8016429.5,-9999,424423.8,62.77,-1,0.112794635,0.997694158,0,0.598616495,4,0.5,1.4,S1 O5,de-protonated,0,-9999,C10 H14 O5 S1,10,14,5,-9999,-9999,1,-9999,-9999,-9999
462,245.066822,245.066697905,245.066676336,1365810,-9999,532589.2,8.62,-1,0.088012345,0.998595454,0,0.599157273,4,0.7,1.4,O7,de-protonated,0,-9999,C10 H14 O7,10,14,7,-9999,-9999,-9999,-9999,-9999,-9999
463,245.103204,245.103079891,245.103061845,4266555,-9999,425901.6,32.24,-1,0.073626485,0.999016876,0,0.599410125,3,0.545454545,1.636363636,O6,de-protonated,0,-9999,C11 H18 O6,11,18,6,-9999,-9999,-9999,-9999,-9999,-9999
464,245.114455,245.114330887,245.114295235,2278461.5,-9999,468813.9,16.05,-1,0.145453053,0.996168523,0,0.597701114,3,0.5,1.8,N2 O5,de-protonated,0,-9999,C10 H18 O5 N2,10,18,5,2,-9999,-9999,-9999,-9999,-9999
465,245.139629,245.139504878,245.139447355,4127811.8,-9999,414323.5,31.11,-1,0.234655196,0.990058625,0,0.594035175,2,0.416666667,1.833333333,O5,de-protonated,0,-9999,C12 H22 O5,12,22,5,-9999,-9999,-9999,-9999,-9999,-9999
468,246.134858,246.134733509,246.134696327,1293625.1,-9999,553165.7,8.03,-1,0.15106641,0.99586771,0,0.597520626,2,0.454545455,1.909090909,N1 O5,de-protonated,0,-9999,C11 H21 O5 N1,11,21,5,1,-9999,-9999,-9999,-9999,-9999
470,247.024909,247.02478418,247.024811523,2022937.1,-9999,506898,13.96,-1,-0.110688865,0.997779355,0,0.598667613,9,0.5,0.666666667,O6,de-protonated,0,-9999,C12 H8 O6,12,8,6,-9999,-9999,-9999,-9999,-9999,-9999
471,247.061389,247.061264167,247.061197032,1175330.4,-9999,488157.9,7.06,-1,0.271731266,0.986691564,0,0.592014939,8,0.384615385,0.923076923,O5,de-protonated,0,-9999,C13 H12 O5,13,12,5,-9999,-9999,-9999,-9999,-9999,-9999
472,247.082562,247.082437159,247.0823264,1197863.9,-9999,489685.1,7.24,-1,0.448264984,0.964196111,0,0.578517667,3,0.7,1.6,O7,de-protonated,0,-9999,C10 H16 O7,10,16,7,-9999,-9999,-9999,-9999,-9999,-9999
473,247.110806,247.110681148,247.110469701,8537135,-9999,428416.8,67.01,-1,0.855678197,0.875592886,0,0.525355731,2,0.363636364,1.909090909,P1 O4,de-protonated,0,-9999,C11 H21 O4 P1,11,21,4,-9999,1,-9999,-9999,-9999,-9999
474,247.118889,247.118764145,247.11871191,2574385,-9999,422014.8,18.45,-1,0.211378407,0.991925497,0,0.595155298,2,0.545454545,1.818181818,O6,de-protonated,0,-9999,C11 H20 O6,11,20,6,-9999,-9999,-9999,-9999,-9999,-9999
475,248.114091,248.113965777,248.113960882,1849905,-9999,365949.8,12.55,-1,0.019728875,0.999929377,0,0.599957626,2,0.6,1.9,N1 O6,de-protonated,0,-9999,C10 H19 O6 N1,10,19,6,1,-9999,-9999,-9999,-9999,-9999
476,249.004206,249.004080447,249.004076078,1616154.1,-9999,397303.6,10.65,-1,0.017547523,0.999944131,0,0.599966478,9,0.636363636,0.545454545,O7,de-protonated,0,-9999,C11 H6 O7,11,6,7,-9999,-9999,-9999,-9999,-9999,-9999
476,249.004206,249.004080447,249.003913887,1616154.1,-9999,397303.6,10.65,-1,0.668908099,0.922021215,0,0.553212729,4,0.166666667,1.833333333,N4 S2 P1 O1,de-protonated,0,-9999,C6 H11 O1 N4 P1 S2,6,11,1,4,1,2,-9999,-9999,-9999
477,249.040567,249.040441434,249.040461587,1338915.8,-9999,568142.7,8.39,-1,-0.080924213,0.998812448,0,0.599287469,8,0.5,0.833333333,O6,de-protonated,0,-9999,C12 H10 O6,12,10,6,-9999,-9999,-9999,-9999,-9999,-9999
478,249.076975,249.076849421,249.076847097,1443885.4,-9999,489657.8,9.24,-1,0.009329535,0.999984207,0,0.599990524,7,0.384615385,1.076923077,O5,de-protonated,0,-9999,C13 H14 O5,13,14,5,-9999,-9999,-9999,-9999,-9999,-9999
479,249.090093,249.089967416,249.089734256,1286448.8,-9999,477352.9,7.96,-1,0.936045584,0.853011754,0,0.511807052,2,0.5,1.9,P1 O5,de-protonated,0,-9999,C10 H19 O5 P1,10,19,5,-9999,1,-9999,-9999,-9999,-9999
481,249.126461,249.126335402,249.126119766,1281594.4,-9999,359978.7,7.92,-1,0.865571764,0.872891528,0,0.523734917,1,0.363636364,2.090909091,P1 O4,de-protonated,0,-9999,C11 H23 O4 P1,11,23,4,-9999,1,-9999,-9999,-9999,-9999
482,249.149769,249.149643394,249.149618115,3158592.5,-9999,434771.9,23.21,-1,0.101457623,0.998133974,0,0.598880384,5,0.2,1.466666667,O3,de-protonated,0,-9999,C15 H22 O3,15,22,3,-9999,-9999,-9999,-9999,-9999,-9999
483,250.121692,250.121566034,250.121368738,1224260.1,-9999,556009.2,7.4,-1,0.788800953,0.893241201,0,0.535944721,1,0.4,2.2,N1 P1 O4,de-protonated,0,-9999,C10 H22 O4 N1 P1,10,22,4,1,1,-9999,-9999,-9999,-9999
484,250.144941,250.144815025,250.144867088,1492810.4,-9999,455045.3,9.57,-1,-0.20812904,0.992170869,0,0.595302522,5,0.214285714,1.5,N1 O3,de-protonated,0,-9999,C14 H21 O3 N1,14,21,3,1,-9999,-9999,-9999,-9999,-9999
489,251.019911,251.019784701,251.019726143,2718263.8,-9999,486496.8,19.48,-1,0.233283977,0.990173901,0,0.59410434,8,0.636363636,0.727272727,O7,de-protonated,0,-9999,C11 H8 O7,11,8,7,-9999,-9999,-9999,-9999,-9999,-9999
489,251.019911,251.019784701,251.019563951,2718263.8,-9999,486496.8,19.48,-1,0.879414363,0.869074087,0,0.521444452,3,0.166666667,2.166666667,N4 S2 P1 O1,de-protonated,0,-9999,C6 H13 O1 N4 P1 S2,6,13,1,4,1,2,-9999,-9999,-9999
490,251.056223,251.056096688,251.056111652,2612289.8,-9999,417398.9,18.62,-1,-0.059603847,0.99935559,0,0.599613354,7,0.5,1,O6,de-protonated,0,-9999,C12 H12 O6,12,12,6,-9999,-9999,-9999,-9999,-9999,-9999
491,251.078739,251.07861268,251.07857843,5745736,-9999,427711,43.96,-1,0.136408197,0.996629442,0,0.597977665,7,0.4,1.2,N4 O4,de-protonated,0,-9999,C10 H12 O4 N4,10,12,4,4,-9999,-9999,-9999,-9999,-9999
492,251.092688,251.092561674,251.092497161,1745995.6,-9999,490860.2,11.62,-1,0.256930191,0.988093456,0,0.592856074,6,0.384615385,1.230769231,O5,de-protonated,0,-9999,C13 H16 O5,13,16,5,-9999,-9999,-9999,-9999,-9999,-9999
493,251.103896,251.10376967,251.10373055,1736526.8,-9999,471823.1,11.54,-1,0.155791412,0.995605749,0,0.597363449,6,0.333333333,1.333333333,N2 O4,de-protonated,0,-9999,C12 H16 O4 N2,12,16,4,2,-9999,-9999,-9999,-9999,-9999
494,251.105746,251.10561967,251.105384321,1435215.3,-9999,567927.2,9.1,-1,0.937251269,0.852662243,0,0.511597346,1,0.5,2.1,P1 O5,de-protonated,0,-9999,C10 H21 O5 P1,10,21,5,-9999,1,-9999,-9999,-9999,-9999
495,251.113806,251.113679667,251.113626529,5346385.5,-9999,405665.7,40.73,-1,0.211606864,0.991908105,0,0.595144863,1,0.7,2,O7,de-protonated,0,-9999,C10 H20 O7,10,20,7,-9999,-9999,-9999,-9999,-9999,-9999
496,251.129086,251.128959661,251.128882671,1791061.6,-9999,508744.1,11.98,-1,0.306577326,0.983090302,0,0.589854181,5,0.285714286,1.428571429,O4,de-protonated,0,-9999,C14 H20 O4,14,20,4,-9999,-9999,-9999,-9999,-9999,-9999
500,252.978781,252.978653976,252.978730709,2970199,-9999,434132.6,21.51,-1,-0.303318262,0.98344493,0,0.590066958,12,0.071428571,0.428571429,S2 O1,de-protonated,0,-9999,C14 H6 O1 S2,14,6,1,-9999,-9999,2,-9999,-9999,-9999
501,252.99915,252.999022969,252.998990698,2629212.8,-9999,432503.8,18.76,-1,0.127554667,0.997052148,0,0.598231289,8,0.8,0.6,O8,de-protonated,0,-9999,C10 H6 O8,10,6,8,-9999,-9999,-9999,-9999,-9999,-9999
501,252.99915,252.999022969,252.998828506,2629212.8,-9999,432503.8,18.76,-1,0.768630168,0.89834734,0,0.539008404,3,0.4,2.2,N4 S2 P1 O2,de-protonated,0,-9999,C5 H11 O2 N4 P1 S2,5,11,2,4,1,2,-9999,-9999,-9999
502,253.035594,253.035466955,253.035376207,2745447,-9999,440642.1,19.7,-1,0.358639035,0.976931946,0,0.586159168,7,0.636363636,0.909090909,O7,de-protonated,0,-9999,C11 H10 O7,11,10,7,-9999,-9999,-9999,-9999,-9999,-9999
502,253.035594,253.035466955,253.035214016,2745447,-9999,440642.1,19.7,-1,0.9996225,0.83417529,0,0.500505174,2,0.166666667,2.5,N4 S2 P1 O1,de-protonated,0,-9999,C6 H15 O1 N4 P1 S2,6,15,1,4,1,2,-9999,-9999,-9999
503,253.07194,253.071812942,253.071761716,2849393.3,-9999,428791.1,20.54,-1,0.202415158,0.992593269,0,0.595555962,6,0.5,1.166666667,O6,de-protonated,0,-9999,C12 H14 O6,12,14,6,-9999,-9999,-9999,-9999,-9999,-9999
504,253.108324,253.108196928,253.108147226,2024315.4,-9999,422502.3,13.86,-1,0.196369593,0.993027575,0,0.595816545,5,0.384615385,1.384615385,O5,de-protonated,0,-9999,C13 H18 O5,13,18,5,-9999,-9999,-9999,-9999,-9999,-9999
505,253.144729,253.144601915,253.144532735,5291653.5,-9999,419862.7,40.29,-1,0.273282298,0.986540233,0,0.59192414,4,0.285714286,1.571428571,O4,de-protonated,0,-9999,C14 H22 O4,14,22,4,-9999,-9999,-9999,-9999,-9999,-9999
506,254.080185,254.080057569,254.079897848,1303695,-9999,489395.2,8.03,-1,0.628623572,0.930807639,0,0.558484583,1,0.75,2.25,N1 P1 O6,de-protonated,0,-9999,C8 H18 O6 N1 P1,8,18,6,1,1,-9999,-9999,-9999,-9999
511,255.030063,255.029935217,255.029896903,1903007.6,-9999,436164.3,12.79,-1,0.150232419,0.995913117,0,0.59754787,11,0.357142857,0.571428571,O5,de-protonated,0,-9999,C14 H8 O5,14,8,5,-9999,-9999,-9999,-9999,-9999,-9999
512,255.051221,255.051093209,255.051026271,4224165.5,-9999,428148.3,31.42,-1,0.262448923,0.987579693,0,0.592547816,6,0.636363636,1.090909091,O7,de-protonated,0,-9999,C11 H12 O7,11,12,7,-9999,-9999,-9999,-9999,-9999,-9999
513,255.062433,255.062305205,255.062259661,52452520,-9999,407204.4,418.61,-1,0.178562001,0.994869337,0.993853366,0.994462949,6,0.6,1.2,N2 O6,de-protonated,0,-9999,C10 H12 O6 N2,10,12,6,2,-9999,-9999,-9999,-9999,-9999
514,255.066483,255.066355204,255.066282413,2542250,-9999,461837.7,17.92,-1,0.285380442,0.985331109,0,0.591198665,10,0.266666667,0.8,O4,de-protonated,0,-9999,C15 H12 O4,15,12,4,-9999,-9999,-9999,-9999,-9999,-9999
515,255.087576,255.087448196,255.087411781,2412720.3,-9999,473730,16.88,-1,0.142755227,0.996309076,0,0.597785445,5,0.5,1.333333333,O6,de-protonated,0,-9999,C12 H16 O6,12,16,6,-9999,-9999,-9999,-9999,-9999,-9999
516,255.123966,255.123838182,255.12379729,5357754.5,-9999,415705,40.52,-1,0.160283921,0.995349262,0,0.597209557,4,0.384615385,1.538461538,O5,de-protonated,0,-9999,C13 H20 O5,13,20,5,-9999,-9999,-9999,-9999,-9999,-9999
517,255.160358,255.160230169,255.160182799,6772933,-9999,406619.6,51.88,-1,0.185645826,0.993765997,0,0.596259598,3,0.285714286,1.714285714,O4,de-protonated,0,-9999,C14 H24 O4,14,24,4,-9999,-9999,-9999,-9999,-9999,-9999
518,255.196731,255.196603155,255.196568309,3971791.8,-9999,414966.8,29.39,-1,0.136548115,0.996622535,0,0.597973521,2,0.2,1.866666667,O3,de-protonated,0,-9999,C15 H28 O3,15,28,3,-9999,-9999,-9999,-9999,-9999,-9999
519,255.233178,255.233050142,255.232953818,2847962.3,-9999,404440.5,20.37,-1,0.377395508,0.97448782,0,0.584692692,1,0.125,2,O2,de-protonated,0,-9999,C16 H32 O2,16,32,2,-9999,-9999,-9999,-9999,-9999,-9999
520,256.065783,256.065654834,256.065614496,6071756.5,-9999,418535.7,46.25,-1,0.157529903,0.995507351,0.993853366,0.994845757,6,0.6,1.2,13C1 N2 O6,de-protonated,1,513,C9 H12 O6 N2 13C1,9,12,6,2,-9999,-9999,1,-9999,-9999
525,257.030435,257.030306477,257.030290827,1497063.4,-9999,438660.8,9.52,-1,0.060888538,0.999327521,0,0.599596512,6,0.8,1,O8,de-protonated,0,-9999,C10 H10 O8,10,10,8,-9999,-9999,-9999,-9999,-9999,-9999
526,257.045723,257.045594471,257.045546968,3634923.8,-9999,383598.7,26.69,-1,0.184804797,0.993822179,0,0.596293307,10,0.357142857,0.714285714,O5,de-protonated,0,-9999,C14 H10 O5,14,10,5,-9999,-9999,-9999,-9999,-9999,-9999
527,257.066907,257.066778463,257.066676336,2700018,-9999,388256.8,19.18,-1,0.397279612,0.971767944,0,0.583060766,5,0.636363636,1.272727273,O7,de-protonated,0,-9999,C11 H14 O7,11,14,7,-9999,-9999,-9999,-9999,-9999,-9999
528,257.103226,257.10309745,257.103061845,4197117,-9999,433711.9,31.2,-1,0.13848359700000001,0.996526278,0,0.597915767,4,0.5,1.5,O6,de-protonated,0,-9999,C12 H18 O6,12,18,6,-9999,-9999,-9999,-9999,-9999,-9999
529,257.131549,257.131420439,257.131205146,2356741.3,-9999,368536.3,16.42,-1,0.837289327,0.880552946,0,0.528331767,3,0.230769231,1.769230769,P1 O3,de-protonated,0,-9999,C13 H23 O3 P1,13,23,3,-9999,1,-9999,-9999,-9999,-9999
530,257.13963,257.139501436,257.139447355,5528327.5,-9999,427465.3,41.89,-1,0.210320638,0.992005784,0,0.59520347,3,0.384615385,1.692307692,O5,de-protonated,0,-9999,C13 H22 O5,13,22,5,-9999,-9999,-9999,-9999,-9999,-9999
531,257.176014,257.175885423,257.175832864,11034386,-9999,417571.8,86.09,-1,0.204369577,0.995350983,0.998273908,0.996520153,2,0.285714286,1.857142857,O4,de-protonated,0,-9999,C14 H26 O4,14,26,4,-9999,-9999,-9999,-9999,-9999,-9999
532,257.212375,257.212246409,257.212218373,3963165,-9999,415143.5,29.32,-1,0.108999907,0.997846534,0,0.59870792,1,0.2,2,O3,de-protonated,0,-9999,C15 H30 O3,15,30,3,-9999,-9999,-9999,-9999,-9999,-9999
533,258.146109,258.145980064,258.145929716,2736690,-9999,422318.6,19.47,-1,0.195035881,0.993121639,0,0.595872984,3,0.363636364,1.909090909,N3 O4,de-protonated,0,-9999,C11 H21 O4 N3,11,21,4,3,-9999,-9999,-9999,-9999,-9999
534,258.171363,258.171234054,258.171081836,1516345.6,-9999,451250.9,9.67,-1,0.589602486,0.938870986,0,0.563322591,2,0.307692308,1.923076923,N1 O4,de-protonated,0,-9999,C13 H25 O4 N1,13,25,4,1,-9999,-9999,-9999,-9999,-9999
535,258.179342,258.179213051,258.179187699,1645627.9,-9999,486245.9,10.71,-1,0.098197258,0.998251874,0.998273908,0.998260688,2,0.285714286,1.857142857,13C1 O4,de-protonated,1,531,C13 H26 O4 13C1,13,26,4,-9999,-9999,-9999,1,-9999,-9999
539,259.024992,259.024862739,259.024811523,3184952.8,-9999,386941.6,23.07,-1,0.197724538,0.992931366,0,0.59575882,10,0.461538462,0.615384615,O6,de-protonated,0,-9999,C13 H8 O6,13,8,6,-9999,-9999,-9999,-9999,-9999,-9999
540,259.046106,259.045976731,259.045940891,1755967.3,-9999,452249.2,11.6,-1,0.138352627,0.996532834,0,0.5979197,5,0.8,1.2,O8,de-protonated,0,-9999,C10 H12 O8,10,12,8,-9999,-9999,-9999,-9999,-9999,-9999
541,259.082545,259.082415717,259.0823264,2459466.3,-9999,437820.9,17.24,-1,0.344743119,0.978666077,0,0.587199646,4,0.636363636,1.454545455,O7,de-protonated,0,-9999,C11 H16 O7,11,16,7,-9999,-9999,-9999,-9999,-9999,-9999
542,259.118887,259.118757704,259.11871191,4478293,-9999,421639.9,33.45,-1,0.176729994,0.994348753,0,0.596609252,3,0.5,1.666666667,O6,de-protonated,0,-9999,C12 H20 O6,12,20,6,-9999,-9999,-9999,-9999,-9999,-9999
543,259.130132,259.1300027,259.129945299,10092888,-9999,403516.9,78.53,-1,0.221512786,0.975945,0.997717248,0.984653899,3,0.454545455,1.818181818,N2 O5,de-protonated,0,-9999,C11 H20 O5 N2,11,20,5,2,-9999,-9999,-9999,-9999,-9999
544,259.155264,259.15513469,259.155097419,3558240,-9999,426958.7,26.06,-1,0.143818256,0.996254005,0,0.597752403,2,0.384615385,1.846153846,O5,de-protonated,0,-9999,C13 H24 O5,13,24,5,-9999,-9999,-9999,-9999,-9999,-9999
545,259.191666,259.191536677,259.191482928,2867051,-9999,429511.3,20.52,-1,0.20736951,0.992227685,0,0.595336611,1,0.285714286,2,O4,de-protonated,0,-9999,C14 H28 O4,14,28,4,-9999,-9999,-9999,-9999,-9999,-9999
546,260.133552,260.133422328,260.133300134,1229703,-9999,349150.4,7.37,-1,0.469736609,0.960753792,0.997717248,0.975539174,3,0.454545455,1.818181818,13C1 N2 O5,de-protonated,1,543,C10 H20 O5 N2 13C1,10,20,5,2,-9999,-9999,1,-9999,-9999
547,260.150511,260.150381322,260.150346391,1405324.1,-9999,531379.4,8.78,-1,0.134271078,0.996734057,0,0.598040434,2,0.416666667,1.916666667,N1 O5,de-protonated,0,-9999,C12 H23 O5 N1,12,23,5,1,-9999,-9999,-9999,-9999,-9999
552,261.040716,261.040585992,261.040461587,1528730.5,-9999,453430.3,9.77,-1,0.476573741,0.959626546,0,0.575775928,9,0.461538462,0.769230769,O6,de-protonated,0,-9999,C13 H10 O6,13,10,6,-9999,-9999,-9999,-9999,-9999,-9999
553,261.098154,261.098023971,261.097976465,1576620,-9999,512280.7,10.07,-1,0.181948404,0.994011106,0,0.596406664,3,0.636363636,1.636363636,O7,de-protonated,0,-9999,C11 H18 O7,11,18,7,-9999,-9999,-9999,-9999,-9999,-9999
554,261.124702,261.124571961,261.124465995,1928116.1,-9999,409197.9,12.88,-1,0.405806302,0.970561272,0,0.582336763,7,0.214285714,1.285714286,N2 O3,de-protonated,0,-9999,C14 H18 O3 N2,14,18,3,2,-9999,-9999,-9999,-9999,-9999
555,261.13456,261.134429958,261.134361974,3154359,-9999,426600.6,22.65,-1,0.260339294,0.987777345,0,0.592666407,2,0.5,1.833333333,O6,de-protonated,0,-9999,C12 H22 O6,12,22,6,-9999,-9999,-9999,-9999,-9999,-9999
559,263.019952,263.01982126,263.019726143,2121720.8,-9999,437966.2,14.41,-1,0.361635814,0.976549398,0,0.585929639,9,0.583333333,0.666666667,O7,de-protonated,0,-9999,C12 H8 O7,12,8,7,-9999,-9999,-9999,-9999,-9999,-9999
559,263.019952,263.01982126,263.019563951,2121720.8,-9999,437966.2,14.41,-1,0.978287238,0.840587081,0,0.504352249,4,0.142857143,1.857142857,N4 S2 P1 O1,de-protonated,0,-9999,C7 H13 O1 N4 P1 S2,7,13,1,4,1,2,-9999,-9999,-9999
561,263.056299,263.056168246,263.056111652,1968643.9,-9999,478894.8,13.19,-1,0.215142501,0.991636582,0,0.594981949,8,0.461538462,0.923076923,O6,de-protonated,0,-9999,C13 H12 O6,13,12,6,-9999,-9999,-9999,-9999,-9999,-9999
562,263.092786,263.092655233,263.092497161,1407503.1,-9999,354376.9,8.72,-1,0.600821751,0.936598507,0,0.561959104,7,0.357142857,1.142857143,O5,de-protonated,0,-9999,C14 H16 O5,14,16,5,-9999,-9999,-9999,-9999,-9999,-9999
563,263.105728,263.105597228,263.105384321,2942483,-9999,387048.9,20.95,-1,0.809209341,0.887971008,0,0.532782605,2,0.454545455,1.909090909,P1 O5,de-protonated,0,-9999,C11 H21 O5 P1,11,21,5,-9999,1,-9999,-9999,-9999,-9999
564,263.140289,263.140158215,263.14011606,2625565.8,-9999,397117.9,18.43,-1,0.16020162,0.995354026,0,0.597212415,6,0.214285714,1.428571429,N2 O3,de-protonated,0,-9999,C14 H20 O3 N2,14,20,3,2,-9999,-9999,-9999,-9999,-9999
565,263.141994,263.141863215,263.14176983,1820190.3,-9999,387410.6,12.01,-1,0.35488308,0.977407119,0,0.586444271,1,0.333333333,2.083333333,P1 O4,de-protonated,0,-9999,C12 H25 O4 P1,12,25,4,-9999,1,-9999,-9999,-9999,-9999
566,263.150237,263.150106212,263.150012039,1663264.9,-9999,437429.8,10.76,-1,0.357868199,0.977029855,0,0.586217913,1,0.5,2,O6,de-protonated,0,-9999,C12 H24 O6,12,24,6,-9999,-9999,-9999,-9999,-9999,-9999
567,263.165476,263.165345206,263.16526818,1859109.5,-9999,457644.5,12.32,-1,0.292690943,0.984575846,0,0.590745508,5,0.1875,1.5,O3,de-protonated,0,-9999,C16 H24 O3,16,24,3,-9999,-9999,-9999,-9999,-9999,-9999
568,264.137352,264.137220846,264.137018802,2750801.5,-9999,442044.5,19.42,-1,0.764921005,0.899275016,0,0.539565009,1,0.363636364,2.181818182,N1 P1 O4,de-protonated,0,-9999,C11 H24 O4 N1 P1,11,24,4,1,1,-9999,-9999,-9999,-9999
573,264.9991,264.998968527,264.998990698,1833820.6,-9999,366341.2,12.11,-1,-0.083661796,0.998730793,0,0.599238476,9,0.727272727,0.545454545,O8,de-protonated,0,-9999,C11 H6 O8,11,6,8,-9999,-9999,-9999,-9999,-9999,-9999
573,264.9991,264.998968527,264.998828506,1833820.6,-9999,366341.2,12.11,-1,0.528383613,0.950603226,0,0.570361935,4,0.333333333,1.833333333,N4 S2 P1 O2,de-protonated,0,-9999,C6 H11 O2 N4 P1 S2,6,11,2,4,1,2,-9999,-9999,-9999
574,265.035561,265.035429514,265.035376207,2731624,-9999,430236.6,19.27,-1,0.201131125,0.992686598,0,0.595611959,8,0.583333333,0.833333333,O7,de-protonated,0,-9999,C12 H10 O7,12,10,7,-9999,-9999,-9999,-9999,-9999,-9999
574,265.035561,265.035429514,265.035214016,2731624,-9999,430236.6,19.27,-1,0.813092683,0.886956532,0,0.532173919,3,0.142857143,2.142857143,N4 S2 P1 O1,de-protonated,0,-9999,C7 H15 O1 N4 P1 S2,7,15,1,4,1,2,-9999,-9999,-9999
575,265.058026,265.057894506,265.057842986,8233071,-9999,385994.5,63.1,-1,0.194372549,0.993168187,0,0.595900912,8,0.5,1,N4 O5,de-protonated,0,-9999,C10 H10 O5 N4,10,10,5,4,-9999,-9999,-9999,-9999,-9999
576,265.071953,265.0718215,265.071761716,2155123.3,-9999,442297.2,14.67,-1,0.22553909,0.990812555,0,0.594487533,7,0.461538462,1.076923077,O6,de-protonated,0,-9999,C13 H14 O6,13,14,6,-9999,-9999,-9999,-9999,-9999,-9999
577,265.108333,265.108201487,265.108147226,2199678.5,-9999,477227.7,15.03,-1,0.204675825,0.992427533,0,0.59545652,6,0.357142857,1.285714286,O5,de-protonated,0,-9999,C14 H18 O5,14,18,5,-9999,-9999,-9999,-9999,-9999,-9999
578,265.119547,265.119415483,265.119380615,2389122,-9999,444294.1,16.54,-1,0.131517311,0.996866438,0,0.598119863,6,0.307692308,1.384615385,N2 O4,de-protonated,0,-9999,C13 H18 O4 N2,13,18,4,2,-9999,-9999,-9999,-9999,-9999
579,265.121417,265.121285482,265.121034385,1993858.6,-9999,424004.7,13.39,-1,0.947102581,0.849795055,0,0.509877033,1,0.454545455,2.090909091,P1 O5,de-protonated,0,-9999,C11 H23 O5 P1,11,23,5,-9999,1,-9999,-9999,-9999,-9999
581,265.144789,265.144657473,265.144532735,1955977.9,-9999,431197.3,13.09,-1,0.470454299,0.960636169,0,0.576381701,5,0.266666667,1.466666667,O4,de-protonated,0,-9999,C15 H22 O4,15,22,4,-9999,-9999,-9999,-9999,-9999,-9999
582,265.148098,265.147966472,265.147904038,18462858,-9999,392274.8,144.61,-1,0.235467977,0.98889457,0.992275735,0.990247036,0,0.333333333,2.166666667,S1 O4,de-protonated,0,-9999,C12 H26 O4 S1,12,26,4,-9999,-9999,1,-9999,-9999,-9999
583,265.157792,265.157660469,265.157419895,2322574,-9999,440482.9,16.01,-1,0.907287462,0.861256239,0,0.516753743,0,0.333333333,2.25,P1 O4,de-protonated,0,-9999,C12 H27 O4 P1,12,27,4,-9999,1,-9999,-9999,-9999,-9999
584,265.181075,265.18094346,265.180918244,2298517.3,-9999,446680.6,15.82,-1,0.095088308,0.998360725,0,0.599016435,4,0.1875,1.625,O3,de-protonated,0,-9999,C16 H26 O3,16,26,3,-9999,-9999,-9999,-9999,-9999,-9999
585,266.060804,266.060672134,266.060486013,1197990.6,-9999,519752.9,7.05,-1,0.699545044,0.915033756,0,0.549020254,7,0.272727273,1.181818182,N3 S1 O3,de-protonated,0,-9999,C11 H13 O3 N3 S1,11,13,3,3,-9999,1,-9999,-9999,-9999
587,266.15146,266.151328101,266.151258873,2579906.8,-9999,443929.2,18.06,-1,0.260105477,0.987799156,0.992275735,0.989589788,0,0.333333333,2.166666667,13C1 S1 O4,de-protonated,1,582,C11 H26 O4 S1 13C1,11,26,4,-9999,-9999,1,1,-9999,-9999
594,266.994378,266.994245789,266.994380774,1481929.5,-9999,453602.8,9.31,-1,-0.505572684,0.954680106,0,0.572808063,12,0.066666667,0.533333333,S2 O1,de-protonated,0,-9999,C15 H8 O1 S2,15,8,1,-9999,-9999,2,-9999,-9999,-9999
595,267.014858,267.014725781,267.014640762,2669263.8,-9999,428714.3,18.77,-1,0.318406376,0.981772426,0,0.589063455,8,0.727272727,0.727272727,O8,de-protonated,0,-9999,C11 H8 O8,11,8,8,-9999,-9999,-9999,-9999,-9999,-9999
595,267.014858,267.014725781,267.014478571,2669263.8,-9999,428714.3,18.77,-1,0.925831796,0.855960221,0,0.513576132,3,0.333333333,2.166666667,N4 S2 P1 O2,de-protonated,0,-9999,C6 H13 O2 N4 P1 S2,6,13,2,4,1,2,-9999,-9999,-9999
596,267.03013,267.029997776,267.029896903,2460884.8,-9999,400974.7,17.11,-1,0.377756284,0.974439648,0,0.584663789,12,0.333333333,0.533333333,O5,de-protonated,0,-9999,C15 H8 O5,15,8,5,-9999,-9999,-9999,-9999,-9999,-9999
597,267.051244,267.051111768,267.051026271,2355931.3,-9999,431525.3,16.27,-1,0.320149853,0.98157412,0,0.588944472,7,0.583333333,1,O7,de-protonated,0,-9999,C12 H12 O7,12,12,7,-9999,-9999,-9999,-9999,-9999,-9999
597,267.051244,267.051111768,267.05086408,2355931.3,-9999,431525.3,16.27,-1,0.927492512,0.855482325,0,0.513289395,2,0.142857143,2.428571429,N4 S2 P1 O1,de-protonated,0,-9999,C7 H17 O1 N4 P1 S2,7,17,1,4,1,2,-9999,-9999,-9999
598,267.07367,267.073537759,267.07349305,4279522,-9999,395263.4,31.6,-1,0.167405106,0.994927904,0,0.596956742,7,0.5,1.2,N4 O5,de-protonated,0,-9999,C10 H12 O5 N4,10,12,5,4,-9999,-9999,-9999,-9999,-9999
599,267.087655,267.087522754,267.087411781,3387110.5,-9999,411017.3,24.49,-1,0.415495134,0.96916092,0,0.58149655200000006,6,0.461538462,1.230769231,O6,de-protonated,0,-9999,C13 H16 O6,13,16,6,-9999,-9999,-9999,-9999,-9999,-9999
600,267.100653,267.100520749,267.10029894,1534698.6,-9999,385701.6,9.73,-1,0.830433886,0.882381548,0,0.529428929,1,0.6,2.1,P1 O6,de-protonated,0,-9999,C10 H21 O6 P1,10,21,6,-9999,1,-9999,-9999,-9999,-9999
601,267.123988,267.123855741,267.12379729,3285234,-9999,399994,23.67,-1,0.218815107,0.991349857,0,0.594809914,5,0.357142857,1.428571429,O5,de-protonated,0,-9999,C14 H20 O5,14,20,5,-9999,-9999,-9999,-9999,-9999,-9999
603,267.136991,267.136858736,267.13668445,1449846,-9999,352097,9.05,-1,0.652423833,0.925672408,0,0.555403445,0,0.454545455,2.272727273,P1 O5,de-protonated,0,-9999,C11 H25 O5 P1,11,25,5,-9999,1,-9999,-9999,-9999,-9999
604,267.160373,267.160240727,267.160182799,6174461,-9999,380830.2,46.7,-1,0.216828364,0.991505557,0,0.594903334,4,0.266666667,1.6,O4,de-protonated,0,-9999,C15 H24 O4,15,24,4,-9999,-9999,-9999,-9999,-9999,-9999
605,267.196775,267.196642714,267.196568309,2978056.5,-9999,389048.8,21.23,-1,0.278465709,0.986028418,0,0.591617051,3,0.1875,1.75,O3,de-protonated,0,-9999,C16 H28 O3,16,28,3,-9999,-9999,-9999,-9999,-9999,-9999
609,269.030525,269.030392035,269.030290827,2634053.3,-9999,414835.3,18.34,-1,0.376197985,0.974647403,0,0.584788442,7,0.727272727,0.909090909,O8,de-protonated,0,-9999,C11 H10 O8,11,10,8,-9999,-9999,-9999,-9999,-9999,-9999
609,269.030525,269.030392035,269.030128635,2634053.3,-9999,414835.3,18.34,-1,0.979072436,0.840352699,0,0.504211619,2,0.333333333,2.5,N4 S2 P1 O2,de-protonated,0,-9999,C6 H15 O2 N4 P1 S2,6,15,2,4,1,2,-9999,-9999,-9999
610,269.045752,269.04561903,269.045546968,1964873.9,-9999,476164.5,13.05,-1,0.267842112,0.987067336,0,0.592240401,11,0.333333333,0.666666667,O5,de-protonated,0,-9999,C15 H10 O5,15,10,5,-9999,-9999,-9999,-9999,-9999,-9999
611,269.066892,269.066759022,269.066676336,3473232.5,-9999,403499.9,24.97,-1,0.307306145,0.983010496,0,0.589806297,6,0.583333333,1.166666667,O7,de-protonated,0,-9999,C12 H14 O7,12,14,7,-9999,-9999,-9999,-9999,-9999,-9999
612,269.103257,269.103124008,269.103061845,4261724,-9999,374901.4,31.2,-1,0.23100084,0.990364369,0,0.594218622,5,0.461538462,1.384615385,O6,de-protonated,0,-9999,C13 H18 O6,13,18,6,-9999,-9999,-9999,-9999,-9999,-9999
613,269.131393,269.131259998,269.131205146,1893732.6,-9999,457537.9,12.48,-1,0.203810478,0.992491189,0,0.595494713,4,0.214285714,1.642857143,P1 O3,de-protonated,0,-9999,C14 H23 O3 P1,14,23,3,-9999,1,-9999,-9999,-9999,-9999
614,269.139634,269.139500995,269.139447355,13706599,-9999,388651,105.87,-1,0.199302703,0.9961132,0.985918267,0.992035227,4,0.357142857,1.571428571,O5,de-protonated,0,-9999,C14 H22 O5,14,22,5,-9999,-9999,-9999,-9999,-9999,-9999
615,269.176027,269.175893981,269.175832864,9207155,-9999,394123.8,70.3,-1,0.227053813,0.988418612,0.993963608,0.99063661,3,0.266666667,1.733333333,O4,de-protonated,0,-9999,C15 H26 O4,15,26,4,-9999,-9999,-9999,-9999,-9999,-9999
616,269.2124,269.212266968,269.212218373,12168574,-9999,390491.3,93.71,-1,0.180506617,0.995029984,0.995171702,0.995086671,2,0.1875,1.875,O3,de-protonated,0,-9999,C16 H30 O3,16,30,3,-9999,-9999,-9999,-9999,-9999,-9999
617,270.142951,270.142817623,270.14280219,1823648.6,-9999,412524.5,11.93,-1,0.057131989,0.999407915,0.985918267,0.994012056,4,0.357142857,1.571428571,13C1 O5,de-protonated,1,614,C13 H22 O5 13C1,13,22,5,-9999,-9999,-9999,1,-9999,-9999
618,270.171231,270.171097613,270.171081836,2162089.5,-9999,413703.7,14.6,-1,0.05839577,0.999381439,0,0.599628864,3,0.285714286,1.785714286,N1 O4,de-protonated,0,-9999,C14 H25 O4 N1,14,25,4,1,-9999,-9999,-9999,-9999,-9999
619,270.179396,270.17926261,270.179187699,1419180,-9999,441710.5,8.73,-1,0.277263978,0.986147911,0.993963608,0.98927419,3,0.266666667,1.733333333,13C1 O4,de-protonated,1,615,C14 H26 O4 13C1,14,26,4,-9999,-9999,-9999,1,-9999,-9999
620,270.207649,270.2075156,270.207467345,1268660.9,-9999,419492.1,7.54,-1,0.178581368,0.994230075,0,0.596538045,2,0.2,1.933333333,N1 O3,de-protonated,0,-9999,C15 H29 O3 N1,15,29,3,1,-9999,-9999,-9999,-9999,-9999
621,270.215747,270.215613597,270.215573208,2025399.4,-9999,378082.2,13.52,-1,0.149466411,0.995954603,0.995171702,0.995641443,2,0.1875,1.875,13C1 O3,de-protonated,1,616,C15 H30 O3 13C1,15,30,3,-9999,-9999,-9999,1,-9999,-9999
625,270.980083,270.979949314,270.980183805,1319846,-9999,350830,7.94,-1,-0.865345523,0.872953555,0,0.523772133,12,0.384615385,0.384615385,P1 O5,de-protonated,0,-9999,C13 H5 O5 P1,13,5,5,-9999,1,-9999,-9999,-9999,-9999
626,271.024993,271.024859297,271.024811523,2224564,-9999,413237.3,15.09,-1,0.176271865,0.994377931,0,0.596626759,11,0.428571429,0.571428571,O6,de-protonated,0,-9999,C14 H8 O6,14,8,6,-9999,-9999,-9999,-9999,-9999,-9999
627,271.046172,271.046038289,271.045940891,3236282.5,-9999,405459.1,23.09,-1,0.359341851,0.976842502,0,0.586105501,6,0.727272727,1.090909091,O8,de-protonated,0,-9999,C11 H12 O8,11,12,8,-9999,-9999,-9999,-9999,-9999,-9999
628,271.06134,271.061206284,271.061197032,1427647.4,-9999,487629,8.79,-1,0.034129732,0.999788664,0,0.599873198,10,0.333333333,0.8,O5,de-protonated,0,-9999,C15 H12 O5,15,12,5,-9999,-9999,-9999,-9999,-9999,-9999
629,271.082489,271.082355276,271.0823264,3800518,-9999,391759.1,27.55,-1,0.106518778,0.997943356,0,0.598766013,5,0.583333333,1.333333333,O7,de-protonated,0,-9999,C12 H16 O7,12,16,7,-9999,-9999,-9999,-9999,-9999,-9999
630,271.118903,271.118769262,271.11871191,3891153.3,-9999,411633.1,28.27,-1,0.211540288,0.991913175,0,0.595147905,4,0.461538462,1.538461538,O6,de-protonated,0,-9999,C13 H20 O6,13,20,6,-9999,-9999,-9999,-9999,-9999,-9999
631,271.147163,271.147029252,271.146855211,2126810,-9999,371346.5,14.32,-1,0.641870659,0.927969433,0,0.55678166,3,0.214285714,1.785714286,P1 O3,de-protonated,0,-9999,C14 H25 O3 P1,14,25,3,-9999,1,-9999,-9999,-9999,-9999
632,271.155287,271.155153249,271.155097419,5233628.5,-9999,376726.8,38.88,-1,0.205895866,0.992337335,0,0.595402401,3,0.357142857,1.714285714,O5,de-protonated,0,-9999,C14 H24 O5,14,24,5,-9999,-9999,-9999,-9999,-9999,-9999
633,271.191676,271.191542235,271.191482928,12285928,-9999,381426.5,94.63,-1,0.21869011,0.992615674,0.964263055,0.981274626,2,0.266666667,1.866666667,O4,de-protonated,0,-9999,C15 H28 O4,15,28,4,-9999,-9999,-9999,-9999,-9999,-9999
634,271.228066,271.227932222,271.227868438,6080499.5,-9999,375522.8,45.58,-1,0.235167856,0.963301245,0.967032344,0.964793685,1,0.1875,2,O3,de-protonated,0,-9999,C16 H32 O3,16,32,3,-9999,-9999,-9999,-9999,-9999,-9999
636,272.150668,272.15053388,272.150346391,1277202.9,-9999,409823.9,7.6,-1,0.688917357,0.917487026,0,0.550492216,3,0.384615385,1.769230769,N1 O5,de-protonated,0,-9999,C13 H23 O5 N1,13,23,5,1,-9999,-9999,-9999,-9999,-9999
637,272.18684,272.186705867,272.186731901,1301022.1,-9999,276165.9,7.79,-1,-0.095646252,0.998341447,0,0.599004868,2,0.285714286,1.928571429,N1 O4,de-protonated,0,-9999,C14 H27 O4 N1,14,27,4,1,-9999,-9999,-9999,-9999,-9999
638,272.195022,272.194887864,272.194837763,2612000.8,-9999,380073.1,18.15,-1,0.184061025,0.993871653,0.964263055,0.982028214,2,0.266666667,1.866666667,13C1 O4,de-protonated,1,633,C14 H28 O4 13C1,14,28,4,-9999,-9999,-9999,1,-9999,-9999
639,272.231521,272.23138685,272.231223273,1339180,-9999,362772.8,8.09,-1,0.600877444,0.936587133,0.967032344,0.948765217,1,0.1875,2,13C1 O3,de-protonated,1,634,C15 H32 O3 13C1,15,32,3,-9999,-9999,-9999,1,-9999,-9999
643,273.040669,273.040534551,273.040461587,2333735.8,-9999,415544.3,15.95,-1,0.267226089,0.987126372,0,0.592275823,10,0.428571429,0.714285714,O6,de-protonated,0,-9999,C14 H10 O6,14,10,6,-9999,-9999,-9999,-9999,-9999,-9999
644,273.061768,273.061633543,273.061590955,2861614.3,-9999,462372.2,20.13,-1,0.155963588,0.995596052,0,0.59735763099999994,5,0.727272727,1.272727273,O8,de-protonated,0,-9999,C11 H14 O8,11,14,8,-9999,-9999,-9999,-9999,-9999,-9999
645,273.098177,273.09804253,273.097976465,3371065.5,-9999,407756.7,24.15,-1,0.241908931,0.989437811,0,0.593662687,4,0.583333333,1.5,O7,de-protonated,0,-9999,C12 H18 O7,12,18,7,-9999,-9999,-9999,-9999,-9999,-9999
646,273.134567,273.134432516,273.134361974,4495941,-9999,396193.1,33.05,-1,0.258268569,0.987969839,0,0.592781903,3,0.461538462,1.692307692,O6,de-protonated,0,-9999,C13 H22 O6,13,22,6,-9999,-9999,-9999,-9999,-9999,-9999
647,273.17095,273.17081550299997,273.170747484,4166224.3,-9999,368283.7,30.44,-1,0.248998859,0.988813147,0,0.593287888,2,0.357142857,1.857142857,O5,de-protonated,0,-9999,C14 H26 O5,14,26,5,-9999,-9999,-9999,-9999,-9999,-9999
648,273.207314,273.207179489,273.207132993,4057179.5,-9999,379469,29.58,-1,0.17018734,0.994758355,0,0.596855013,1,0.266666667,2,O4,de-protonated,0,-9999,C15 H30 O4,15,30,4,-9999,-9999,-9999,-9999,-9999,-9999
651,274.971814,274.971678836,274.971945053,11719806,-9999,381412,89.41,-1,-0.968158305,0.421799765,0.917866461,0.620226443,6,0.375,1.125,N2 S2 P1 O3,de-protonated,0,-9999,C8 H9 O3 N2 P1 S2,8,9,3,2,1,2,-9999,-9999,-9999
652,275.019854,275.019718818,275.019726143,2094732.4,-9999,410755.1,13.94,-1,-0.026631264,0.99987132,0,0.599922792,10,0.538461538,0.615384615,O7,de-protonated,0,-9999,C13 H8 O7,13,8,7,-9999,-9999,-9999,-9999,-9999,-9999
652,275.019854,275.019718818,275.019563951,2094732.4,-9999,410755.1,13.94,-1,0.563113419,0.944087163,0,0.566452298,5,0.125,1.625,N4 S2 P1 O1,de-protonated,0,-9999,C8 H13 O1 N4 P1 S2,8,13,1,4,1,2,-9999,-9999,-9999
654,275.056239,275.056103805,275.056111652,1299863.5,-9999,343484.8,7.71,-1,-0.028528507,0.999852334,0,0.599911401,9,0.428571429,0.857142857,O6,de-protonated,0,-9999,C14 H12 O6,14,12,6,-9999,-9999,-9999,-9999,-9999,-9999
655,275.077491,275.077355797,275.07724102,1355934.1,-9999,442226.6,8.15,-1,0.417254199,0.968903354,0,0.581342012,4,0.727272727,1.454545455,O8,de-protonated,0,-9999,C11 H16 O8,11,16,8,-9999,-9999,-9999,-9999,-9999,-9999
656,275.105732,275.105596787,275.105384321,3459238.8,-9999,395944.7,24.64,-1,0.772307026,0.897424265,0,0.538454559,3,0.416666667,1.75,P1 O5,de-protonated,0,-9999,C12 H21 O5 P1,12,21,5,-9999,1,-9999,-9999,-9999,-9999
657,275.113836,275.113700784,275.113626529,2584745.3,-9999,386461.3,17.78,-1,0.269904231,0.98686875,0,0.59212125,3,0.583333333,1.666666667,O7,de-protonated,0,-9999,C12 H20 O7,12,20,7,-9999,-9999,-9999,-9999,-9999,-9999
658,275.142074,275.141938773,275.14176983,1365682,-9999,482265.8,8.23,-1,0.61402171,0.933877256,0,0.560326354,2,0.307692308,1.923076923,P1 O4,de-protonated,0,-9999,C13 H25 O4 P1,13,25,4,-9999,1,-9999,-9999,-9999,-9999
659,275.150192,275.15005677,275.150012039,2261172.5,-9999,394387.5,15.25,-1,0.16257141,0.995215889,0,0.597129533,2,0.461538462,1.846153846,O6,de-protonated,0,-9999,C13 H24 O6,13,24,6,-9999,-9999,-9999,-9999,-9999,-9999
660,275.971343,275.971207466,275.971216777,1972913.1,-9999,377016.6,12.99,-1,-0.0337373,0.999793495,0,0.599876097,10,0.083333333,0.666666667,N1 S2 P1 O1,de-protonated,0,-9999,C12 H8 O1 N1 P1 S2,12,8,1,1,1,2,-9999,-9999,-9999
664,276.999209,276.999073086,276.998990698,1626603.6,-9999,380469.6,10.27,-1,0.297431251,0.984076224,0,0.590445735,10,0.666666667,0.5,O8,de-protonated,0,-9999,C12 H6 O8,12,6,8,-9999,-9999,-9999,-9999,-9999,-9999
664,276.999209,276.999073086,276.998828506,1626603.6,-9999,380469.6,10.27,-1,0.882962168,0.868088664,0,0.520853198,5,0.285714286,1.571428571,N4 S2 P1 O2,de-protonated,0,-9999,C7 H11 O2 N4 P1 S2,7,11,2,4,1,2,-9999,-9999,-9999
665,277.035562,277.035426072,277.035376207,2383606.8,-9999,380332.2,16.2,-1,0.17999633,0.994138548,0,0.596483129,9,0.538461538,0.769230769,O7,de-protonated,0,-9999,C13 H10 O7,13,10,7,-9999,-9999,-9999,-9999,-9999,-9999
665,277.035562,277.035426072,277.035214016,2383606.8,-9999,380332.2,16.2,-1,0.765450276,0.899142859,0,0.539485715,4,0.125,1.875,N4 S2 P1 O1,de-protonated,0,-9999,C8 H15 O1 N4 P1 S2,8,15,1,4,1,2,-9999,-9999,-9999
666,277.059862,277.059726063,277.059496756,65656576,-9999,373404.6,512.33,-1,0.827647129,0.8850343,0.986578648,0.925652039,4,0.666666667,1.666666667,N2 P1 O6,de-protonated,0,-9999,C9 H15 O6 N2 P1,9,15,6,2,1,-9999,-9999,-9999,-9999
667,277.071889,277.071753059,277.071761716,2198785.8,-9999,404999.4,14.75,-1,-0.031246218,0.999822863,0,0.599893718,8,0.428571429,1,O6,de-protonated,0,-9999,C14 H14 O6,14,14,6,-9999,-9999,-9999,-9999,-9999,-9999
668,277.085009,277.084873054,277.084648876,1513989.8,-9999,442071.2,9.38,-1,0.809060084,0.888009926,0,0.532805956,3,0.545454545,1.727272727,P1 O6,de-protonated,0,-9999,C11 H19 O6 P1,11,19,6,-9999,1,-9999,-9999,-9999,-9999
670,277.108292,277.108156045,277.108147226,1431308.9,-9999,379902.3,8.74,-1,0.031827761,0.999816208,0,0.599889725,7,0.333333333,1.2,O5,de-protonated,0,-9999,C15 H18 O5,15,18,5,-9999,-9999,-9999,-9999,-9999,-9999
671,277.119648,277.119512041,277.119380615,1681168.4,-9999,434651.5,10.7,-1,0.474258561,0.960009928,0,0.576005957,7,0.285714286,1.285714286,N2 O4,de-protonated,0,-9999,C14 H18 O4 N2,14,18,4,2,-9999,-9999,-9999,-9999,-9999
672,277.121404,277.121268041,277.121034385,2003216.9,-9999,429141.6,13.22,-1,0.843152557,0.878980116,0,0.52738807,2,0.416666667,1.916666667,P1 O5,de-protonated,0,-9999,C12 H23 O5 P1,12,23,5,-9999,1,-9999,-9999,-9999,-9999
673,277.122992,277.12285604,277.122751918,1217553.4,-9999,480242.2,7.06,-1,0.375724044,0.974710428,0,0.584826257,2,0.363636364,2,N2 S1 O4,de-protonated,0,-9999,C11 H22 O4 N2 S1,11,22,4,2,-9999,1,-9999,-9999,-9999
674,277.129459,277.129323038,277.129276594,1505811.4,-9999,374035.8,9.32,-1,0.167589069,0.994916778,0,0.596950067,2,0.583333333,1.833333333,O7,de-protonated,0,-9999,C12 H22 O7,12,22,7,-9999,-9999,-9999,-9999,-9999,-9999
675,277.14471,277.144574032,277.144532735,5874456,-9999,390687.7,43.58,-1,0.149008541,0.995979301,0,0.59758758,6,0.25,1.375,O4,de-protonated,0,-9999,C16 H22 O4,16,22,4,-9999,-9999,-9999,-9999,-9999,-9999
676,277.155952,277.155816028,277.155766124,3535643.5,-9999,432866.3,25.24,-1,0.180055614,0.994134698,0,0.596480819,6,0.2,1.466666667,N2 O3,de-protonated,0,-9999,C15 H22 O3 N2,15,22,3,2,-9999,-9999,-9999,-9999,-9999
677,277.157796,277.157660027,277.157419895,4654876,-9999,391654.7,34.01,-1,0.866411908,0.87266109,0,0.523596654,1,0.307692308,2.076923077,P1 O4,de-protonated,0,-9999,C13 H27 O4 P1,13,27,4,-9999,1,-9999,-9999,-9999,-9999
678,277.194159,277.194023014,277.193805404,1781031.1,-9999,399638.2,11.48,-1,0.78504525,0.894199739,0,0.536519843,0,0.214285714,2.214285714,P1 O3,de-protonated,0,-9999,C14 H31 O3 P1,14,31,3,-9999,1,-9999,-9999,-9999,-9999
679,278.063214,278.063077692,278.062851591,7468079,-9999,380847.2,56.07,-1,0.81312933,0.886946941,0.986578648,0.926799624,4,0.666666667,1.666666667,13C1 N2 P1 O6,de-protonated,1,666,C8 H15 O6 N2 P1 13C1,8,15,6,2,1,-9999,1,-9999,-9999
680,278.153028,278.152891659,278.152668867,34125900,-9999,368945,265.1,-1,0.800969945,0.87450633,0.978462396,0.916088757,1,0.333333333,2.166666667,N1 P1 O4,de-protonated,0,-9999,C12 H26 O4 N1 P1,12,26,4,1,1,-9999,-9999,-9999,-9999
684,279.014804,279.01466734,279.014640762,2981198.5,-9999,372576.8,20.88,-1,0.095255475,0.998354961,0,0.599012976,9,0.666666667,0.666666667,O8,de-protonated,0,-9999,C12 H8 O8,12,8,8,-9999,-9999,-9999,-9999,-9999,-9999
684,279.014804,279.01466734,279.014478571,2981198.5,-9999,372576.8,20.88,-1,0.676556296,0.920301246,0,0.552180748,4,0.285714286,1.857142857,N4 S2 P1 O2,de-protonated,0,-9999,C7 H13 O2 N4 P1 S2,7,13,2,4,1,2,-9999,-9999,-9999
685,279.051182,279.051045326,279.051026271,3723097.5,-9999,393191.8,26.7,-1,0.068284492,0.999154304,0,0.599492582,8,0.538461538,0.923076923,O7,de-protonated,0,-9999,C13 H12 O7,13,12,7,-9999,-9999,-9999,-9999,-9999,-9999
685,279.051182,279.051045326,279.05086408,3723097.5,-9999,393191.8,26.7,-1,0.649509502,0.92630992,0,0.555785952,3,0.125,2.125,N4 S2 P1 O1,de-protonated,0,-9999,C8 H17 O1 N4 P1 S2,8,17,1,4,1,2,-9999,-9999,-9999
687,279.064124,279.063987321,279.063913431,1367773.4,-9999,339376.1,8.23,-1,0.264779837,0.987359501,0,0.5924157,3,0.7,1.7,P1 O7,de-protonated,0,-9999,C10 H17 O7 P1,10,17,7,-9999,1,-9999,-9999,-9999,-9999
688,279.087597,279.087460313,279.087411781,2732900.5,-9999,409864.3,18.94,-1,0.173895445,0.994528085,0,0.596716851,7,0.428571429,1.142857143,O6,de-protonated,0,-9999,C14 H16 O6,14,16,6,-9999,-9999,-9999,-9999,-9999,-9999
689,279.0988,279.098663309,279.09864517,3476327.8,-9999,399410.5,24.77,-1,0.0649899,0.999233911,0,0.599540347,7,0.384615385,1.230769231,N2 O5,de-protonated,0,-9999,C13 H16 O5 N2,13,16,5,2,-9999,-9999,-9999,-9999,-9999
690,279.100626,279.100489308,279.10029894,2300776.3,-9999,411213.6,15.55,-1,0.682076077,0.9190498,0,0.55142988,2,0.545454545,1.909090909,P1 O6,de-protonated,0,-9999,C11 H21 O6 P1,11,21,6,-9999,1,-9999,-9999,-9999,-9999
692,279.123979,279.123842299,279.12379729,2121071.5,-9999,410209.6,14.14,-1,0.161251796,0.995293058,0,0.597175835,6,0.333333333,1.333333333,O5,de-protonated,0,-9999,C15 H20 O5,15,20,5,-9999,-9999,-9999,-9999,-9999,-9999
693,279.127368,279.127231298,279.127168593,1270128.4,-9999,481861.1,7.47,-1,0.22464541699999999,0.990884887,0,0.594530932,1,0.416666667,2,S1 O5,de-protonated,0,-9999,C12 H24 O5 S1,12,24,5,-9999,-9999,1,-9999,-9999,-9999
694,279.135189,279.135052295,279.135030679,1560178.8,-9999,423765.8,9.74,-1,0.077438416,0.998912497,0,0.599347498,6,0.285714286,1.428571429,N2 O4,de-protonated,0,-9999,C14 H20 O4 N2,14,20,4,2,-9999,-9999,-9999,-9999,-9999
695,279.13703400000003,279.136897295,279.13668445,2566003.3,-9999,415202.1,17.63,-1,0.762511069,0.899875856,0,0.539925513,1,0.416666667,2.083333333,P1 O5,de-protonated,0,-9999,C12 H25 O5 P1,12,25,5,-9999,1,-9999,-9999,-9999,-9999
696,279.148279,279.14814229,279.147917839,2951542.8,-9999,391252.4,20.65,-1,0.804058871,0.889310788,0,0.533586473,1,0.363636364,2.272727273,N2 P1 O4,de-protonated,0,-9999,C11 H25 O4 N2 P1,11,25,4,2,1,-9999,-9999,-9999,-9999
698,279.156416,279.156279287,279.156023702,5390713,-9999,382421.2,39.78,-1,0.915564975,0.858901497,0.978462396,0.906725857,1,0.333333333,2.166666667,13C1 N1 P1 O4,de-protonated,1,680,C11 H26 O4 N1 P1 13C1,11,26,4,1,1,-9999,1,-9999,-9999
698,279.156416,279.156279287,279.156160047,5390713,-9999,382421.2,39.78,-1,0.427143925,0.967436332,0,0.580461799,1,0.545454545,2.181818182,N2 O6,de-protonated,0,-9999,C11 H24 O6 N2,11,24,6,2,-9999,-9999,-9999,-9999,-9999
699,279.160358,279.160221286,279.160182799,2777978.3,-9999,374225.5,19.29,-1,0.137864929,0.996557192,0,0.597934315,5,0.25,1.5,O4,de-protonated,0,-9999,C16 H24 O4,16,24,4,-9999,-9999,-9999,-9999,-9999,-9999
700,279.163751,279.163614285,279.163554103,3914107.3,-9999,366303.7,28.2,-1,0.215579083,0.991602747,0,0.594961648,0,0.307692308,2.153846154,S1 O4,de-protonated,0,-9999,C13 H28 O4 S1,13,28,4,-9999,-9999,1,-9999,-9999,-9999
701,279.173453,279.173316281,279.173069959,4242814.5,-9999,379290.9,30.78,-1,0.88232716,0.86826525,0,0.52095915,0,0.307692308,2.230769231,P1 O4,de-protonated,0,-9999,C13 H29 O4 P1,13,29,4,-9999,1,-9999,-9999,-9999,-9999
702,280.060254,280.060116953,280.060031783,3616391.8,-9999,368532.1,25.86,-1,0.30411242,0.983358853,0,0.590015312,2,0.2,2,N1 S2 P1 O2,de-protonated,0,-9999,C10 H20 O2 N1 P1 S2,10,20,2,1,1,2,-9999,-9999,-9999
708,281.030498,281.030360594,281.030290827,3838888,-9999,385751,27.32,-1,0.248254916,0.988879521,0,0.593327713,8,0.666666667,0.833333333,O8,de-protonated,0,-9999,C12 H10 O8,12,10,8,-9999,-9999,-9999,-9999,-9999,-9999
708,281.030498,281.030360594,281.030128635,3838888,-9999,385751,27.32,-1,0.825386525,0.883720661,0,0.530232396,3,0.285714286,2.142857143,N4 S2 P1 O2,de-protonated,0,-9999,C7 H15 O2 N4 P1 S2,7,15,2,4,1,2,-9999,-9999,-9999
709,281.04587,281.045732588,281.045546968,1289388.6,-9999,373150.9,7.53,-1,0.660462953,0.923901357,0,0.554340814,12,0.3125,0.625,O5,de-protonated,0,-9999,C16 H10 O5,16,10,5,-9999,-9999,-9999,-9999,-9999,-9999
710,281.052933,281.052795585,281.052757605,2063534.6,-9999,382988.4,13.54,-1,0.135135723,0.996691929,0,0.598015157,8,0.6,1,N4 O6,de-protonated,0,-9999,C10 H10 O6 N4,10,10,6,4,-9999,-9999,-9999,-9999,-9999
711,281.066847,281.06670958,281.066676336,3765682.8,-9999,364563.7,26.75,-1,0.118279221,0.997464757,0,0.598478854,7,0.538461538,1.076923077,O7,de-protonated,0,-9999,C13 H14 O7,13,14,7,-9999,-9999,-9999,-9999,-9999,-9999
711,281.066847,281.06670958,281.066514145,3765682.8,-9999,364563.7,26.75,-1,0.695336043,0.916009057,0,0.549605434,2,0.125,2.375,N4 S2 P1 O1,de-protonated,0,-9999,C8 H19 O1 N4 P1 S2,8,19,1,4,1,2,-9999,-9999,-9999
712,281.1032,281.103062567,281.103061845,3097533.5,-9999,364371.2,21.57,-1,0.002566825,0.999998805,0,0.599999283,6,0.428571429,1.285714286,O6,de-protonated,0,-9999,C14 H18 O6,14,18,6,-9999,-9999,-9999,-9999,-9999,-9999
714,281.116299,281.116161562,281.115949005,2189761.5,-9999,432811.3,14.52,-1,0.756119049,0.901462242,0,0.540877345,1,0.545454545,2.090909091,P1 O6,de-protonated,0,-9999,C11 H23 O6 P1,11,23,6,-9999,1,-9999,-9999,-9999,-9999
715,281.118421,281.118283561,281.118317987,1414210,-9999,340392,8.5,-1,-0.122458691,0.99728267,0,0.598369602,10,0.166666667,1,O3,de-protonated,0,-9999,C18 H18 O3,18,18,3,-9999,-9999,-9999,-9999,-9999,-9999
716,281.139628,281.139490553,281.139447355,3229640.3,-9999,401684.5,22.59,-1,0.15365581,0.99572514,0,0.597435084,5,0.333333333,1.466666667,O5,de-protonated,0,-9999,C15 H22 O5,15,22,5,-9999,-9999,-9999,-9999,-9999,-9999
719,281.176024,281.17588654,281.175832864,5439443,-9999,386730.2,39.74,-1,0.19089794400000001,0.993409456,0,0.596045674,4,0.25,1.625,O4,de-protonated,0,-9999,C16 H26 O4,16,26,4,-9999,-9999,-9999,-9999,-9999,-9999
720,281.212479,281.212341526,281.212218373,1318877.8,-9999,400725.5,7.76,-1,0.437936325,0.965798826,0,0.579479295,3,0.176470588,1.764705882,O3,de-protonated,0,-9999,C17 H30 O3,17,30,3,-9999,-9999,-9999,-9999,-9999,-9999
724,283.024991,283.024852855,283.024811523,3834352,-9999,369747.2,27.28,-1,0.146038566,0.996137674,0,0.597682605,12,0.4,0.533333333,O6,de-protonated,0,-9999,C15 H8 O6,15,8,6,-9999,-9999,-9999,-9999,-9999,-9999
725,283.046139,283.046000848,283.045940891,3772406,-9999,367710.1,26.8,-1,0.211826568,0.991891361,0,0.595134817,7,0.666666667,1,O8,de-protonated,0,-9999,C12 H12 O8,12,12,8,-9999,-9999,-9999,-9999,-9999,-9999
725,283.046139,283.046000848,283.0457787,3772406,-9999,367710.1,26.8,-1,0.784848236,0.894249923,0,0.536549954,2,0.285714286,2.428571429,N4 S2 P1 O2,de-protonated,0,-9999,C7 H17 O2 N4 P1 S2,7,17,2,4,1,2,-9999,-9999,-9999
726,283.061402,283.061263842,283.061197032,1867770.5,-9999,451564.9,12.02,-1,0.236025678,0.98994275,0,0.59396565,11,0.3125,0.75,O5,de-protonated,0,-9999,C16 H12 O5,16,12,5,-9999,-9999,-9999,-9999,-9999,-9999
727,283.068572,283.068433839,283.06840767,1556732.5,-9999,460183.5,9.6,-1,0.092450328,0.998450349,0,0.599070209,7,0.6,1.2,N4 O6,de-protonated,0,-9999,C10 H12 O6 N4,10,12,6,4,-9999,-9999,-9999,-9999,-9999
728,283.082496,283.082357834,283.0823264,5188096.5,-9999,368012.6,37.78,-1,0.11104135,0.997765206,0,0.598659123,6,0.538461538,1.230769231,O7,de-protonated,0,-9999,C13 H16 O7,13,16,7,-9999,-9999,-9999,-9999,-9999,-9999
729,283.095578,283.095439829,283.09521356,2469892.3,-9999,367124.9,16.69,-1,0.799269718,0.890550701,0,0.53433042100000006,1,0.7,2.1,P1 O7,de-protonated,0,-9999,C10 H21 O7 P1,10,21,7,-9999,1,-9999,-9999,-9999,-9999
730,283.118902,283.118763821,283.11871191,4669963,-9999,392493.4,33.76,-1,0.183354249,0.993918484,0,0.59635109100000006,5,0.428571429,1.428571429,O6,de-protonated,0,-9999,C14 H20 O6,14,20,6,-9999,-9999,-9999,-9999,-9999,-9999
731,283.137548,283.137409814,283.137339354,2713104.5,-9999,398245.6,18.58,-1,0.248852756,0.988826197,0,0.593295718,4,0.2,1.6,S1 O3,de-protonated,0,-9999,C15 H24 O3 S1,15,24,3,-9999,-9999,1,-9999,-9999,-9999
732,283.15529,283.155151807,283.155097419,10735126,-9999,365344.4,80.83,-1,0.192079186,0.995275175,0.950861623,0.977509754,4,0.333333333,1.6,O5,de-protonated,0,-9999,C15 H24 O5,15,24,5,-9999,-9999,-9999,-9999,-9999,-9999
733,283.191695,283.191556794,283.191482928,18681376,-9999,369218.3,142.49,-1,0.260831913,0.993474738,0.985691954,0.990361624,3,0.25,1.75,O4,de-protonated,0,-9999,C16 H28 O4,16,28,4,-9999,-9999,-9999,-9999,-9999,-9999
734,283.22804,283.22790178,283.227868438,4284970.5,-9999,386117.1,30.77,-1,0.117723493,0.997488494,0,0.598493097,2,0.176470588,1.882352941,O3,de-protonated,0,-9999,C17 H32 O3,17,32,3,-9999,-9999,-9999,-9999,-9999,-9999
735,283.26447,283.264331767,283.264253947,2328629.3,-9999,383770.9,15.59,-1,0.274724887,0.986398729,0,0.591839238,1,0.111111111,2,O2,de-protonated,0,-9999,C18 H36 O2,18,36,2,-9999,-9999,-9999,-9999,-9999,-9999
737,284.158626,284.158487436,284.158452254,2497334,-9999,372274.3,16.9,-1,0.123810394,0.997222435,0.950861623,0.97867811,4,0.333333333,1.6,13C1 O5,de-protonated,1,732,C14 H24 O5 13C1,14,24,5,-9999,-9999,-9999,1,-9999,-9999
738,284.16175,284.161611435,284.161579781,2747191,-9999,407524.1,18.84,-1,0.111395051,0.997750962,0,0.598650577,4,0.307692308,1.769230769,N3 O4,de-protonated,0,-9999,C13 H23 O4 N3,13,23,4,3,-9999,-9999,-9999,-9999,-9999
739,284.194995,284.194856422,284.194837763,2871104.5,-9999,391498.1,19.8,-1,0.065655516,0.999218145,0.985691954,0.993807668,3,0.25,1.75,13C1 O4,de-protonated,1,733,C15 H28 O4 13C1,15,28,4,-9999,-9999,-9999,1,-9999,-9999
743,285.025427,285.025288115,285.025205446,1237036.4,-9999,378509.5,7.12,-1,0.290040855,0.984851772,0,0.590911063,7,0.818181818,0.909090909,O9,de-protonated,0,-9999,C11 H10 O9,11,10,9,-9999,-9999,-9999,-9999,-9999,-9999
743,285.025427,285.025288115,285.025043255,1237036.4,-9999,378509.5,7.12,-1,0.859083404,0.874665686,0,0.524799412,2,0.5,2.5,N4 S2 P1 O3,de-protonated,0,-9999,C6 H15 O3 N4 P1 S2,6,15,3,4,1,2,-9999,-9999,-9999
744,285.040678,285.040539109,285.040461587,2770992.8,-9999,376672.8,19.02,-1,0.271968474,0.986668475,0,0.592001085,11,0.4,0.666666667,O6,de-protonated,0,-9999,C15 H10 O6,15,10,6,-9999,-9999,-9999,-9999,-9999,-9999
745,285.061778,285.061639102,285.061590955,4401206.5,-9999,375010.5,31.67,-1,0.168897359,0.99483731,0,0.596902386,6,0.666666667,1.166666667,O8,de-protonated,0,-9999,C12 H14 O8,12,14,8,-9999,-9999,-9999,-9999,-9999,-9999
746,285.077076,285.076937096,285.076847097,3049531,-9999,375730.1,21.18,-1,0.315701533,0.982078014,0,0.589246809,10,0.3125,0.875,O5,de-protonated,0,-9999,C16 H14 O5,16,14,5,-9999,-9999,-9999,-9999,-9999,-9999
747,285.098216,285.098077088,285.097976465,4623425,-9999,327464.6,33.4,-1,0.352942923,0.977650702,0,0.586590421,5,0.538461538,1.384615385,O7,de-protonated,0,-9999,C13 H18 O7,13,18,7,-9999,-9999,-9999,-9999,-9999,-9999
748,285.12633,285.126191078,285.126119766,5224521,-9999,372694.7,38.06,-1,0.250107031,0.988713916,0,0.593228349,4,0.285714286,1.642857143,P1 O4,de-protonated,0,-9999,C14 H23 O4 P1,14,23,4,-9999,1,-9999,-9999,-9999,-9999
749,285.134568,285.134429075,285.134361974,6224971,-9999,388377.5,45.82,-1,0.235329435,0.990001701,0,0.59400102,4,0.428571429,1.571428571,O6,de-protonated,0,-9999,C14 H22 O6,14,22,6,-9999,-9999,-9999,-9999,-9999,-9999
751,285.170924,285.170785061,285.170747484,4905045.5,-9999,369886.8,35.58,-1,0.131772639,0.996854278,0,0.598112567,3,0.333333333,1.733333333,O5,de-protonated,0,-9999,C15 H26 O5,15,26,5,-9999,-9999,-9999,-9999,-9999,-9999
752,285.207314,285.207175048,285.207132993,35692640,-9999,361920.5,274.49,-1,0.147453827,0.995606434,0.98763618500000006,0.992418334,2,0.25,1.875,O4,de-protonated,0,-9999,C16 H30 O4,16,30,4,-9999,-9999,-9999,-9999,-9999,-9999
753,285.243703,285.243564034,285.243518502,1976938,-9999,426593.5,12.86,-1,0.159625239,0.995387319,0,0.597232392,1,0.176470588,2,O3,de-protonated,0,-9999,C17 H34 O3,17,34,3,-9999,-9999,-9999,-9999,-9999,-9999
755,286.129808,286.129668706,286.129610946,1853794.1,-9999,391353.2,11.9,-1,0.201866364,0.992633229,0,0.595579938,4,0.461538462,1.615384615,N1 O6,de-protonated,0,-9999,C13 H21 O6 N1,13,21,6,1,-9999,-9999,-9999,-9999,-9999
756,286.177289,286.177149689,286.177229845,1314287.4,-9999,348276.6,7.72,-1,-0.280093108,0.9858658,0,0.59151948,3,0.307692308,1.923076923,N3 O4,de-protonated,0,-9999,C13 H25 O4 N3,13,25,4,3,-9999,-9999,-9999,-9999,-9999
757,286.210674,286.210534676,286.210487828,5578104.5,-9999,359907.8,40.8,-1,0.163685279,0.995150267,0.98763618500000006,0.992144634,2,0.25,1.875,13C1 O4,de-protonated,1,752,C15 H30 O4 13C1,15,30,4,-9999,-9999,-9999,1,-9999,-9999
761,287.019929,287.019789377,287.019726143,1548376.5,-9999,408866,9.53,-1,0.220313559,0.991231502,0,0.594738901,11,0.5,0.571428571,O7,de-protonated,0,-9999,C14 H8 O7,14,8,7,-9999,-9999,-9999,-9999,-9999,-9999
761,287.019929,287.019789377,287.019563951,1548376.5,-9999,408866,9.53,-1,0.785401748,0.894108905,0,0.536465343,6,0.111111111,1.444444444,N4 S2 P1 O1,de-protonated,0,-9999,C9 H13 O1 N4 P1 S2,9,13,1,4,1,2,-9999,-9999,-9999
762,287.041084,287.040944369,287.040855511,1814366.3,-9999,391844.9,11.6,-1,0.309567246,0.98276174,0,0.589657044,6,0.818181818,1.090909091,O9,de-protonated,0,-9999,C11 H12 O9,11,12,9,-9999,-9999,-9999,-9999,-9999,-9999
763,287.055474,287.055334364,287.055080081,5363298,-9999,305289.8,39.13,-1,0.885833586,0.867289029,0,0.520373417,6,0.555555556,1.444444444,N4 P1 O5,de-protonated,0,-9999,C9 H13 O5 N4 P1,9,13,5,4,1,-9999,-9999,-9999,-9999
764,287.077445,287.077305356,287.07724102,3808872.3,-9999,358956.1,27.07,-1,0.224105676,0.990928436,0,0.594557061,5,0.666666667,1.333333333,O8,de-protonated,0,-9999,C12 H16 O8,12,16,8,-9999,-9999,-9999,-9999,-9999,-9999
765,287.113953,287.113813342,287.113626529,2849906.3,-9999,211304,19.63,-1,0.650657995,0.926058975,0,0.555635385,4,0.538461538,1.538461538,O7,de-protonated,0,-9999,C13 H20 O7,13,20,7,-9999,-9999,-9999,-9999,-9999,-9999
766,287.142137,287.141997332,287.14176983,2243194,-9999,391458.1,14.92,-1,0.792296729,0.892345822,0,0.535407493,3,0.285714286,1.785714286,P1 O4,de-protonated,0,-9999,C14 H25 O4 P1,14,25,4,-9999,1,-9999,-9999,-9999,-9999
767,287.150155,287.150015329,287.150012039,4450940,-9999,359731.4,32.05,-1,0.011457521,0.999976181,0,0.599985708,3,0.428571429,1.714285714,O6,de-protonated,0,-9999,C14 H24 O6,14,24,6,-9999,-9999,-9999,-9999,-9999,-9999
768,287.165485,287.165345323,287.16526818,2882688.5,-9999,385546.2,19.88,-1,0.268636467,0.986991013,0,0.592194608,7,0.166666667,1.333333333,O3,de-protonated,0,-9999,C18 H24 O3,18,24,3,-9999,-9999,-9999,-9999,-9999,-9999
769,287.1866,287.186460315,287.186397548,4786822,-9999,364179.9,34.66,-1,0.218559056,0.991370002,0,0.594822001,2,0.333333333,1.866666667,O5,de-protonated,0,-9999,C15 H28 O5,15,28,5,-9999,-9999,-9999,-9999,-9999,-9999
770,287.22298,287.222840302,287.222783057,13302416,-9999,360288.7,100.74,-1,0.199303036,0.988204089,0.999628172,0.992773722,1,0.25,2,O4,de-protonated,0,-9999,C16 H32 O4,16,32,4,-9999,-9999,-9999,-9999,-9999,-9999
773,288.156682,288.156541956,288.1564944,1853326.9,-9999,411206.8,11.9,-1,0.165035306,0.995070137,0,0.597042082,3,0.416666667,1.916666667,N3 O5,de-protonated,0,-9999,C12 H23 O5 N3,12,23,5,3,-9999,-9999,-9999,-9999,-9999
774,288.226365,288.22622493,288.226137892,2295201.8,-9999,360355.4,15.32,-1,0.3019779,0.983589716,0.999628172,0.990005098,1,0.25,2,13C1 O4,de-protonated,1,770,C15 H32 O4 13C1,15,32,4,-9999,-9999,-9999,1,-9999,-9999
776,288.987478,288.987337649,288.987595117,25392238,-9999,357015.6,192.4,-1,-0.890932338,0.288621518,0.842584448,0.51020669,6,0.333333333,1.222222222,N2 S2 P1 O3,de-protonated,0,-9999,C9 H11 O3 N2 P1 S2,9,11,3,2,1,2,-9999,-9999,-9999
777,289.035572,289.035431631,289.035376207,2032763.6,-9999,410204.4,13.14,-1,0.191754504,0.993350377,0,0.596010226,10,0.5,0.714285714,O7,de-protonated,0,-9999,C14 H10 O7,14,10,7,-9999,-9999,-9999,-9999,-9999,-9999
777,289.035572,289.035431631,289.035214016,2032763.6,-9999,410204.4,13.14,-1,0.752901912,0.902256676,0,0.541354006,5,0.111111111,1.666666667,N4 S2 P1 O1,de-protonated,0,-9999,C9 H15 O1 N4 P1 S2,9,15,1,4,1,2,-9999,-9999,-9999
779,289.071973,289.071832617,289.071761716,1269637.4,-9999,392390.8,7.28,-1,0.245271319,0.989143765,0,0.593486259,9,0.4,0.933333333,O6,de-protonated,0,-9999,C15 H14 O6,15,14,6,-9999,-9999,-9999,-9999,-9999,-9999
780,289.093179,289.093038609,289.092891084,2105483,-9999,339779.2,13.7,-1,0.510303463,0.953847967,0,0.57230878,4,0.666666667,1.5,O8,de-protonated,0,-9999,C12 H18 O8,12,18,8,-9999,-9999,-9999,-9999,-9999,-9999
781,289.111566,289.111425603,289.111518529,1332368,-9999,379018.9,7.76,-1,-0.321420303,0.98142896,0,0.588857376,3,0.384615385,1.692307692,S1 O5,de-protonated,0,-9999,C13 H22 O5 S1,13,22,5,-9999,-9999,1,-9999,-9999,-9999
781,289.111566,289.111425603,289.111138406,1332368,-9999,379018.9,7.76,-1,0.99337649,0.836061593,0,0.501636956,8,0.133333333,1.266666667,N2 P1 O2,de-protonated,0,-9999,C15 H19 O2 N2 P1,15,19,2,2,1,-9999,-9999,-9999,-9999
782,289.121414,289.121273599,289.121034385,5306514.5,-9999,360246,38.26,-1,0.827382876,0.883191743,0,0.529915046,3,0.384615385,1.769230769,P1 O5,de-protonated,0,-9999,C13 H23 O5 P1,13,23,5,-9999,1,-9999,-9999,-9999,-9999
783,289.12943,289.129289596,289.129276594,1981588.9,-9999,396715.7,12.75,-1,0.044970666,0.999633113,0,0.599779868,3,0.538461538,1.692307692,O7,de-protonated,0,-9999,C13 H22 O7,13,22,7,-9999,-9999,-9999,-9999,-9999,-9999
784,289.157738,289.157597586,289.157419895,2284188.5,-9999,365703.8,15.07,-1,0.614513017,0.933774984,0,0.56026499,2,0.285714286,1.928571429,P1 O4,de-protonated,0,-9999,C14 H27 O4 P1,14,27,4,-9999,1,-9999,-9999,-9999,-9999
785,289.165763,289.165622583,289.165662103,2395806.5,-9999,382193,15.92,-1,-0.13667066,0.996616481,0,0.597969888,2,0.428571429,1.857142857,O6,de-protonated,0,-9999,C14 H26 O6,14,26,6,-9999,-9999,-9999,-9999,-9999,-9999
786,289.181073,289.180932577,289.180918244,1738658.6,-9999,411563,10.88,-1,0.049562681,0.999554378,0,0.599732627,6,0.166666667,1.444444444,O3,de-protonated,0,-9999,C18 H26 O3,18,26,3,-9999,-9999,-9999,-9999,-9999,-9999
787,289.194197,289.194056572,289.193805404,2088614.1,-9999,404643.2,13.57,-1,0.868511529,0.872084487,0,0.523250692,1,0.2,2.066666667,P1 O3,de-protonated,0,-9999,C15 H31 O3 P1,15,31,3,-9999,1,-9999,-9999,-9999,-9999
788,289.98705,289.986909279,289.986866841,3701625.3,-9999,368494.3,25.94,-1,0.146342623,0.996121606,0,0.597672963,10,0.076923077,0.769230769,N1 S2 P1 O1,de-protonated,0,-9999,C13 H10 O1 N1 P1 S2,13,10,1,1,1,2,-9999,-9999,-9999
790,291.014828,291.014686898,291.014640762,1889415.6,-9999,336222.3,12.04,-1,0.158535499,0.995449942,0,0.597269965,10,0.615384615,0.615384615,O8,de-protonated,0,-9999,C13 H8 O8,13,8,8,-9999,-9999,-9999,-9999,-9999,-9999
790,291.014828,291.014686898,291.014478571,1889415.6,-9999,336222.3,12.04,-1,0.71586638,0.911206219,0,0.546723731,5,0.25,1.625,N4 S2 P1 O2,de-protonated,0,-9999,C8 H13 O2 N4 P1 S2,8,13,2,4,1,2,-9999,-9999,-9999
791,291.036652,291.03651089,291.03663951,1767309.4,-9999,408993.5,11.1,-1,-0.44193699,0.965182154,0,0.579109292,4,0.454545455,1.454545455,S2 O5,de-protonated,0,-9999,C11 H16 O5 S2,11,16,5,-9999,-9999,2,-9999,-9999,-9999
791,291.036652,291.03651089,291.036259387,1767309.4,-9999,408993.5,11.1,-1,0.864162645,0.873277661,0,0.523966597,9,0.153846154,1,N2 S1 P1 O2,de-protonated,0,-9999,C13 H13 O2 N2 P1 S1,13,13,2,2,1,1,-9999,-9999,-9999
792,291.03915,291.039008889,291.038761311,7539342,-9999,361604,55.39,-1,0.850671189,0.876951321,0,0.526170793,5,0.777777778,1.444444444,N2 P1 O7,de-protonated,0,-9999,C9 H13 O7 N2 P1,9,13,7,2,1,-9999,-9999,-9999,-9999
793,291.051284,291.051142885,291.051026271,2090641.1,-9999,412095.7,13.58,-1,0.400662762,0.971292058,0,0.582775235,9,0.5,0.857142857,O7,de-protonated,0,-9999,C14 H12 O7,14,12,7,-9999,-9999,-9999,-9999,-9999,-9999
793,291.051284,291.051142885,291.05086408,2090641.1,-9999,412095.7,13.58,-1,0.957924103,0.846622235,0,0.507973341,4,0.111111111,1.888888889,N4 S2 P1 O1,de-protonated,0,-9999,C9 H17 O1 N4 P1 S2,9,17,1,4,1,2,-9999,-9999,-9999
794,291.087622,291.087480871,291.087411781,1584282.6,-9999,489774.6,9.69,-1,0.23735313,0.989829884,0,0.59389793,8,0.4,1.066666667,O6,de-protonated,0,-9999,C15 H16 O6,15,16,6,-9999,-9999,-9999,-9999,-9999,-9999
795,291.100723,291.100581866,291.10029894,2070686,-9999,330900.2,13.43,-1,0.971919611,0.842483282,0,0.505489969,3,0.5,1.75,P1 O6,de-protonated,0,-9999,C12 H21 O6 P1,12,21,6,-9999,1,-9999,-9999,-9999,-9999
797,291.137083,291.136941853,291.13668445,2779815.5,-9999,400978.5,18.87,-1,0.884132077,0.867763091,0,0.520657855,2,0.384615385,1.923076923,P1 O5,de-protonated,0,-9999,C13 H25 O5 P1,13,25,5,-9999,1,-9999,-9999,-9999,-9999
798,291.160361,291.160219844,291.160182799,1735085.6,-9999,371957,10.85,-1,0.127231977,0.997067023,0,0.598240214,6,0.235294118,1.411764706,O4,de-protonated,0,-9999,C17 H24 O4,17,24,4,-9999,-9999,-9999,-9999,-9999,-9999
799,291.17342,291.17327884,291.173069959,7030449,-9999,366875,51.49,-1,0.717375691,0.455424315,0.86849267,0.620651657,1,0.285714286,2.071428571,P1 O4,de-protonated,0,-9999,C14 H29 O4 P1,14,29,4,-9999,1,-9999,-9999,-9999,-9999
801,291.20983,291.209688826,291.209455468,26584762,-9999,356399.4,201.55,-1,0.801339557,0.896496764,0.987771581,0.933006691,0,0.2,2.2,P1 O3,de-protonated,0,-9999,C15 H33 O3 P1,15,33,3,-9999,1,-9999,-9999,-9999,-9999
802,292.130478,292.130336485,292.130279652,1566889.4,-9999,423461.5,9.56,-1,0.19454909,0.993155814,0,0.595893489,7,0.285714286,1.357142857,N3 O4,de-protonated,0,-9999,C14 H19 O4 N3,14,19,4,3,-9999,-9999,-9999,-9999,-9999
803,292.213171,292.213029455,292.212810303,4758463,-9999,352479.2,34.05,-1,0.749971307,0.902978011,0.987771581,0.936895439,0,0.2,2.2,13C1 P1 O3,de-protonated,1,801,C14 H33 O3 P1 13C1,14,33,3,-9999,1,-9999,1,-9999,-9999
803,292.213171,292.213029455,292.212946649,4758463,-9999,352479.2,34.05,-1,0.283374177,0.985535139,0,0.591321083,0,0.357142857,2.214285714,N1 O5,de-protonated,0,-9999,C14 H31 O5 N1,14,31,5,1,-9999,-9999,-9999,-9999,-9999
806,293.030492,293.030350152,293.030290827,2802832.5,-9999,347593.7,19.04,-1,0.202455662,0.992590316,0,0.595554189,9,0.615384615,0.769230769,O8,de-protonated,0,-9999,C13 H10 O8,13,10,8,-9999,-9999,-9999,-9999,-9999,-9999
806,293.030492,293.030350152,293.030128635,2802832.5,-9999,347593.7,19.04,-1,0.755952886,0.90150334,0,0.540902004,4,0.25,1.875,N4 S2 P1 O2,de-protonated,0,-9999,C8 H15 O2 N4 P1 S2,8,15,2,4,1,2,-9999,-9999,-9999
808,293.054719,293.054577143,293.054411375,1446806.6,-9999,368873.8,8.63,-1,0.565655414,0.943595766,0,0.566157459,4,0.777777778,1.666666667,N2 P1 O7,de-protonated,0,-9999,C9 H15 O7 N2 P1,9,15,7,2,1,-9999,-9999,-9999,-9999
809,293.066899,293.066757139,293.066676336,3285145.8,-9999,360162.8,22.74,-1,0.275714787,0.986301211,0,0.591780727,8,0.5,1,O7,de-protonated,0,-9999,C14 H14 O7,14,14,7,-9999,-9999,-9999,-9999,-9999,-9999
809,293.066899,293.066757139,293.066514145,3285145.8,-9999,360162.8,22.74,-1,0.829143333,0.882724527,0,0.529634716,3,0.111111111,2.111111111,N4 S2 P1 O1,de-protonated,0,-9999,C9 H19 O1 N4 P1 S2,9,19,1,4,1,2,-9999,-9999,-9999
810,293.079949,293.079807134,293.079563495,1748893.1,-9999,372943.6,10.95,-1,0.831304692,0.882149895,0,0.529289937,3,0.636363636,1.727272727,P1 O7,de-protonated,0,-9999,C11 H19 O7 P1,11,19,7,-9999,1,-9999,-9999,-9999,-9999
811,293.103265,293.103123125,293.103061845,2348707,-9999,395430.9,15.56,-1,0.209073239,0.992099955,0,0.595259973,7,0.4,1.2,O6,de-protonated,0,-9999,C15 H18 O6,15,18,6,-9999,-9999,-9999,-9999,-9999,-9999
812,293.114462,293.114320121,293.114295235,3844774,-9999,358708.4,27.04,-1,0.084903986,0.998692848,0,0.599215709,7,0.357142857,1.285714286,N2 O5,de-protonated,0,-9999,C14 H18 O5 N2,14,18,5,2,-9999,-9999,-9999,-9999,-9999
813,293.116311,293.11616912,293.115949005,2248358.3,-9999,349624.9,14.79,-1,0.750950634,0.90273721,0,0.541642326,2,0.5,1.916666667,P1 O6,de-protonated,0,-9999,C12 H23 O6 P1,12,23,6,-9999,1,-9999,-9999,-9999,-9999
814,293.139655,293.139513112,293.139447355,1235884.3,-9999,430664.2,7.02,-1,0.2243205,0.990911115,0,0.594546669,6,0.3125,1.375,O5,de-protonated,0,-9999,C16 H22 O5,16,22,5,-9999,-9999,-9999,-9999,-9999,-9999
815,293.150853,293.150711108,293.150680744,3240623.3,-9999,352235.7,22.4,-1,0.103577289,0.998055266,0,0.598833159,6,0.266666667,1.466666667,N2 O4,de-protonated,0,-9999,C15 H22 O4 N2,15,22,4,2,-9999,-9999,-9999,-9999,-9999
816,293.152713,293.15257110700003,293.152334514,3435695.8,-9999,371858.6,23.9,-1,0.807064303,0.888529786,0,0.533117872,1,0.384615385,2.076923077,P1 O5,de-protonated,0,-9999,C13 H27 O5 P1,13,27,5,-9999,1,-9999,-9999,-9999,-9999
817,293.165199,293.165057102,293.165285436,1858738.9,-9999,344250.9,11.8,-1,-0.778858134,0.89577107,0,0.537462642,1,0.272727273,2.363636364,N4 S1 O3,de-protonated,0,-9999,C11 H26 O3 N4 S1,11,26,3,4,-9999,1,-9999,-9999,-9999
819,293.175989,293.175847098,293.175832864,334686400,-9999,353768.4,2565.96,-1,0.048552397,0.994528499,0.998748095,0.996216338,5,0.235294118,1.529411765,O4,de-protonated,0,-9999,C17 H26 O4,17,26,4,-9999,-9999,-9999,-9999,-9999,-9999
820,293.179373,293.179231097,293.179204167,7709878.5,-9999,357933.7,56.7,-1,0.091854458,0.499235122,0.86849267,0.646938141,0,0.285714286,2.142857143,S1 O4,de-protonated,0,-9999,C14 H30 O4 S1,14,30,4,-9999,-9999,1,-9999,-9999,-9999
821,293.189095,293.188953093,293.188720024,5642425,-9999,359599.8,40.83,-1,0.79494862,0.891664549,0,0.534998729,0,0.285714286,2.214285714,P1 O4,de-protonated,0,-9999,C14 H31 O4 P1,14,31,4,-9999,1,-9999,-9999,-9999,-9999
823,293.212342,293.212200085,293.212218373,2563262.8,-9999,373050.3,17.2,-1,-0.062372625,0.999294351,0,0.599576611,4,0.166666667,1.666666667,O3,de-protonated,0,-9999,C18 H30 O3,18,30,3,-9999,-9999,-9999,-9999,-9999,-9999
825,294.179393,294.179250727,294.179187699,61876660,-9999,348799.5,472.38,-1,0.214250144,0.992561792,0.998748095,0.995036314,5,0.235294118,1.529411765,13C1 O4,de-protonated,1,819,C16 H26 O4 13C1,16,26,4,-9999,-9999,-9999,1,-9999,-9999
826,294.184368,294.184225725,294.183968996,5424565,-9999,368975.9,39.16,-1,0.872683148,0.870935862,0,0.522561517,0,0.307692308,2.307692308,N1 P1 O4,de-protonated,0,-9999,C13 H30 O4 N1 P1,13,30,4,1,1,-9999,-9999,-9999,-9999
830,294.938006,294.937863446,294.937653743,4541042.5,-9999,364876,32.38,-1,0.71100905,0.912352859,0,0.547411716,10,0.545454545,0.363636364,S2 O6,de-protonated,0,-9999,C11 H4 O6 S2,11,4,6,-9999,-9999,2,-9999,-9999,-9999
831,295.009744,295.00960142,295.009555382,2708100.3,-9999,340008.5,18.31,-1,0.156055823,0.995590853,0,0.597354512,9,0.75,0.666666667,O9,de-protonated,0,-9999,C12 H8 O9,12,8,9,-9999,-9999,-9999,-9999,-9999,-9999
831,295.009744,295.00960142,295.00939319,2708100.3,-9999,340008.5,18.31,-1,0.705839522,0.913566191,0,0.548139715,4,0.428571429,1.857142857,N4 S2 P1 O3,de-protonated,0,-9999,C7 H13 O3 N4 P1 S2,7,13,3,4,1,2,-9999,-9999,-9999
832,295.0251,295.024957414,295.024811523,1494920.1,-9999,418511.2,9,-1,0.494504122,0.956599536,0,0.573959722,13,0.375,0.5,O6,de-protonated,0,-9999,C16 H8 O6,16,8,6,-9999,-9999,-9999,-9999,-9999,-9999
833,295.046113,295.045970406,295.045940891,4585101.5,-9999,337650.8,32.71,-1,0.10003577,0.998185862,0,0.598911517,8,0.615384615,0.923076923,O8,de-protonated,0,-9999,C13 H12 O8,13,12,8,-9999,-9999,-9999,-9999,-9999,-9999
833,295.046113,295.045970406,295.0457787,4585101.5,-9999,337650.8,32.71,-1,0.649751637,0.926257045,0,0.555754227,3,0.25,2.125,N4 S2 P1 O2,de-protonated,0,-9999,C8 H17 O2 N4 P1 S2,8,17,2,4,1,2,-9999,-9999,-9999
834,295.08248,295.082337393,295.0823264,3542166.5,-9999,348484.8,24.71,-1,0.037251765,0.999748236,0,0.599848942,7,0.5,1.142857143,O7,de-protonated,0,-9999,C14 H16 O7,14,16,7,-9999,-9999,-9999,-9999,-9999,-9999
834,295.08248,295.082337393,295.082164209,3542166.5,-9999,348484.8,24.71,-1,0.586899815,0.939412825,0,0.563647695,2,0.111111111,2.333333333,N4 S2 P1 O1,de-protonated,0,-9999,C9 H21 O1 N4 P1 S2,9,21,1,4,1,2,-9999,-9999,-9999
836,295.118909,295.118766379,295.11871191,3525791.5,-9999,376420.3,24.58,-1,0.184568114,0.993837944,0,0.596302766,6,0.4,1.333333333,O6,de-protonated,0,-9999,C15 H20 O6,15,20,6,-9999,-9999,-9999,-9999,-9999,-9999
837,295.132017,295.131874374,295.131599069,3708067,-9999,356271.6,25.98,-1,0.932821438,0.853944878,0,0.512366927,1,0.5,2.083333333,P1 O6,de-protonated,0,-9999,C12 H25 O6 P1,12,25,6,-9999,1,-9999,-9999,-9999,-9999
838,295.137566,295.137423372,295.137339354,2142372.3,-9999,364471.8,13.97,-1,0.284674209,0.985403089,0,0.591241854,5,0.1875,1.5,S1 O3,de-protonated,0,-9999,C16 H24 O3 S1,16,24,3,-9999,-9999,1,-9999,-9999,-9999
839,295.140068,295.139925371,295.139841278,7032485,-9999,347230.7,51.5,-1,0.284928027,0.98537724,0,0.591226344,1,0.666666667,2,O8,de-protonated,0,-9999,C12 H24 O8,12,24,8,-9999,-9999,-9999,-9999,-9999,-9999
840,295.15528,295.155137366,295.155097419,2634920.8,-9999,375692.4,17.75,-1,0.13534136,0.99668187,0,0.598009122,5,0.3125,1.5,O5,de-protonated,0,-9999,C16 H24 O5,16,24,5,-9999,-9999,-9999,-9999,-9999,-9999
841,295.168404,295.168261361,295.167984579,2741420,-9999,319576.3,18.57,-1,0.937710996,0.852528894,0,0.511517337,0,0.384615385,2.230769231,P1 O5,de-protonated,0,-9999,C13 H29 O5 P1,13,29,5,-9999,1,-9999,-9999,-9999,-9999
842,295.180248,295.180105357,295.180077857,2975407,-9999,388757.6,20.36,-1,0.093160999,0.994242023,0.998748095,0.996044452,5,0.235294118,1.529411765,O3 18O1,de-protonated,1,819,C17 H26 O3 18O1,17,26,3,-9999,-9999,-9999,-9999,1,-9999
843,295.18276,295.182617356,295.182542534,5116591.5,-9999,355384.2,36.79,-1,0.253475326,0.991737825,0.998748095,0.994541933,5,0.235294118,1.529411765,13C2 O4,de-protonated,1,819,C15 H26 O4 13C2,15,26,4,-9999,-9999,-9999,2,-9999,-9999
845,295.191661,295.191518352,295.191482928,2049201.8,-9999,349573.1,13.25,-1,0.120003045,0.997390417,0,0.59843425,4,0.235294118,1.647058824,O4,de-protonated,0,-9999,C17 H28 O4,17,28,4,-9999,-9999,-9999,-9999,-9999,-9999
846,295.22806,295.227917339,295.227868438,5220027,-9999,350109.9,37.59,-1,0.165638342,0.995034134,0,0.59702048,3,0.166666667,1.777777778,O3,de-protonated,0,-9999,C18 H32 O3,18,32,3,-9999,-9999,-9999,-9999,-9999,-9999
853,297.025373,297.025229674,297.025205446,2859638.8,-9999,363655.3,19.24,-1,0.081567025,0.998793518,0,0.599276111,8,0.75,0.833333333,O9,de-protonated,0,-9999,C12 H10 O9,12,10,9,-9999,-9999,-9999,-9999,-9999,-9999
853,297.025373,297.025229674,297.025043255,2859638.8,-9999,363655.3,19.24,-1,0.62761978,0.931020639,0,0.558612384,3,0.428571429,2.142857143,N4 S2 P1 O3,de-protonated,0,-9999,C7 H15 O3 N4 P1 S2,7,15,3,4,1,2,-9999,-9999,-9999
854,297.040711,297.040567668,297.040461587,2035322.4,-9999,384803.7,12.99,-1,0.357124732,0.977124098,0,0.586274459,12,0.375,0.625,O6,de-protonated,0,-9999,C16 H10 O6,16,10,6,-9999,-9999,-9999,-9999,-9999,-9999
855,297.061763,297.06161966,297.061590955,4396159.5,-9999,361553.4,30.9,-1,0.096628592,0.998307233,0,0.59898434,7,0.615384615,1.076923077,O8,de-protonated,0,-9999,C13 H14 O8,13,14,8,-9999,-9999,-9999,-9999,-9999,-9999
855,297.061763,297.06161966,297.061428764,4396159.5,-9999,361553.4,30.9,-1,0.642614473,0.927808575,0,0.556685145,2,0.25,2.375,N4 S2 P1 O2,de-protonated,0,-9999,C8 H19 O2 N4 P1 S2,8,19,2,4,1,2,-9999,-9999,-9999
856,297.077092,297.076948654,297.076847097,1519491.4,-9999,355851.5,9.08,-1,0.341856596,0.979018079,0,0.587410847,11,0.294117647,0.823529412,O5,de-protonated,0,-9999,C17 H14 O5,17,14,5,-9999,-9999,-9999,-9999,-9999,-9999
857,297.098164,297.098020647,297.097976465,4653192.5,-9999,363218.2,32.85,-1,0.14871128,0.995995294,0,0.597597177,6,0.5,1.285714286,O7,de-protonated,0,-9999,C14 H18 O7,14,18,7,-9999,-9999,-9999,-9999,-9999,-9999
858,297.111269,297.111125642,297.110863624,2206347.8,-9999,378071.7,14.29,-1,0.88188428,0.868388355,0,0.521033013,1,0.636363636,2.090909091,P1 O7,de-protonated,0,-9999,C11 H23 O7 P1,11,23,7,-9999,1,-9999,-9999,-9999,-9999
860,297.134587,297.134443633,297.134361974,3433617.5,-9999,350484.8,23.6,-1,0.274821764,0.986389201,0,0.591833521,5,0.4,1.466666667,O6,de-protonated,0,-9999,C15 H22 O6,15,22,6,-9999,-9999,-9999,-9999,-9999,-9999
861,297.153176,297.153032626,297.152989419,121564312,-9999,347470.9,919.72,-1,0.145404894,0.986039191,0.993461037,0.98900793,4,0.1875,1.625,S1 O3,de-protonated,0,-9999,C16 H26 O3 S1,16,26,3,-9999,-9999,1,-9999,-9999,-9999
863,297.170957,297.17081362,297.170747484,5861530.5,-9999,348069.2,42.02,-1,0.222552786,0.991053157,0,0.594631894,4,0.3125,1.625,O5,de-protonated,0,-9999,C16 H26 O5,16,26,5,-9999,-9999,-9999,-9999,-9999,-9999
864,297.207325,297.207181606,297.207132993,5498019,-9999,361120.3,39.26,-1,0.163567296,0.995157239,0,0.597094343,3,0.235294118,1.764705882,O4,de-protonated,0,-9999,C17 H30 O4,17,30,4,-9999,-9999,-9999,-9999,-9999,-9999
865,297.243707,297.243563593,297.243518502,7064748,-9999,342068.6,51.14,-1,0.151695658,0.989923356,0.974904258,0.983915717,2,0.166666667,1.888888889,O3,de-protonated,0,-9999,C18 H34 O3,18,34,3,-9999,-9999,-9999,-9999,-9999,-9999
866,298.156554,298.156410255,298.156344254,19967370,-9999,344208.1,149.02,-1,0.221363905,0.984783444,0.993461037,0.988254481,4,0.1875,1.625,13C1 S1 O3,de-protonated,1,861,C15 H26 O3 S1 13C1,15,26,3,-9999,-9999,1,1,-9999,-9999
867,298.177473,298.177329247,298.177229845,1499791,-9999,356114.6,8.93,-1,0.333365999,0.980037035,0,0.588022221,4,0.285714286,1.785714286,N3 O4,de-protonated,0,-9999,C14 H25 O4 N3,14,25,4,3,-9999,-9999,-9999,-9999,-9999
868,298.247106,298.246962221,298.246873337,1636255.9,-9999,326752.2,9.96,-1,0.298021891,0.984013427,0.974904258,0.980369759,2,0.166666667,1.888888889,13C1 O3,de-protonated,1,865,C17 H34 O3 13C1,17,34,3,-9999,-9999,-9999,1,-9999,-9999
872,298.932873,298.932728968,298.932568362,1718341.1,-9999,330871,10.58,-1,0.537262192,0.948972666,0,0.5693836,9,0.7,0.4,S2 O7,de-protonated,0,-9999,C10 H4 O7 S2,10,4,7,-9999,-9999,2,-9999,-9999,-9999
874,299.019941,299.019796935,299.019726143,3699290,-9999,356236,25.61,-1,0.236749668,0.98988127,0,0.593928762,12,0.466666667,0.533333333,O7,de-protonated,0,-9999,C15 H8 O7,15,8,7,-9999,-9999,-9999,-9999,-9999,-9999
874,299.019941,299.019796935,299.019563951,3699290,-9999,356236,25.61,-1,0.779160225,0.895694573,0,0.537416744,7,0.1,1.3,N4 S2 P1 O1,de-protonated,0,-9999,C10 H13 O1 N4 P1 S2,10,13,1,4,1,2,-9999,-9999,-9999
875,299.041086,299.040941928,299.040855511,3135071,-9999,386909.7,21.33,-1,0.288980361,0.984961509,0,0.590976905,7,0.75,1,O9,de-protonated,0,-9999,C12 H12 O9,12,12,9,-9999,-9999,-9999,-9999,-9999,-9999
875,299.041086,299.040941928,299.040693319,3135071,-9999,386909.7,21.33,-1,0.831352622,0.882137139,0,0.529282284,2,0.428571429,2.428571429,N4 S2 P1 O3,de-protonated,0,-9999,C7 H17 O3 N4 P1 S2,7,17,3,4,1,2,-9999,-9999,-9999
876,299.056363,299.056218922,299.056111652,2699874.8,-9999,371133.5,18.03,-1,0.358695194,0.976924805,0,0.586154883,11,0.375,0.75,O6,de-protonated,0,-9999,C16 H12 O6,16,12,6,-9999,-9999,-9999,-9999,-9999,-9999
877,299.077456,299.077311914,299.07724102,6006376,-9999,330963.3,43.11,-1,0.237042855,0.98985632,0,0.593913792,6,0.615384615,1.230769231,O8,de-protonated,0,-9999,C13 H16 O8,13,16,8,-9999,-9999,-9999,-9999,-9999,-9999
878,299.092633,299.092488908,299.092497161,1393515.5,-9999,422642,8.12,-1,-0.02759275,0.999861862,0,0.59991711700000006,10,0.294117647,0.941176471,O5,de-protonated,0,-9999,C17 H16 O5,17,16,5,-9999,-9999,-9999,-9999,-9999,-9999
879,299.113864,299.113719901,299.113626529,3656816.5,-9999,357322.5,25.29,-1,0.312159959,0.982474336,0,0.589484602,5,0.5,1.428571429,O7,de-protonated,0,-9999,C14 H20 O7,14,20,7,-9999,-9999,-9999,-9999,-9999,-9999
880,299.129189,299.129044895,299.128882671,2158196.3,-9999,349893.1,13.92,-1,0.542322539,0.948032446,0,0.568819468,9,0.222222222,1.111111111,O4,de-protonated,0,-9999,C18 H20 O4,18,20,4,-9999,-9999,-9999,-9999,-9999,-9999
881,299.149022,299.148877888,299.148785248,5680761,-9999,337881.1,40.64,-1,0.309675951,0.982683862,0.993461037,0.986994732,4,0.1875,1.625,34S1 O3,de-protonated,1,861,C16 H26 O3 34S1,16,26,3,-9999,-9999,-9999,-9999,-9999,1
882,299.150201,299.150056887,299.150012039,4267641.5,-9999,345607.1,29.92,-1,0.14991976,0.995930076,0,0.597558046,4,0.4,1.6,O6,de-protonated,0,-9999,C15 H24 O6,15,24,6,-9999,-9999,-9999,-9999,-9999,-9999
883,299.159957,299.159812884,299.159699089,1859707.6,-9999,416209.8,11.66,-1,0.380380772,0.980518404,0.993461037,0.985695458,4,0.1875,1.625,13C2 S1 O3,de-protonated,1,861,C14 H26 O3 S1 13C2,14,26,3,-9999,-9999,1,2,-9999,-9999
884,299.161506,299.161361883,299.161245428,1485180,-9999,332342.5,8.81,-1,0.389271758,0.972879184,0,0.58372751,4,0.357142857,1.714285714,N2 O5,de-protonated,0,-9999,C14 H24 O5 N2,14,24,5,2,-9999,-9999,-9999,-9999,-9999
885,299.186618,299.186473874,299.186397548,11122306,-9999,341463.6,81.92,-1,0.25511076,0.986547166,0.972216976,0.98081509,3,0.3125,1.75,O5,de-protonated,0,-9999,C16 H28 O5,16,28,5,-9999,-9999,-9999,-9999,-9999,-9999
886,299.222981,299.22283686,299.222783057,9758347,-9999,351870.9,71.57,-1,0.179808703,0.497075363,0.844689208,0.636120901,2,0.235294118,1.882352941,O4,de-protonated,0,-9999,C17 H32 O4,17,32,4,-9999,-9999,-9999,-9999,-9999,-9999
887,299.259401,299.259256847,299.259168567,5928595.5,-9999,346585.2,42.52,-1,0.294995241,0.977154633,0.941997486,0.963091774,1,0.166666667,2,O3,de-protonated,0,-9999,C18 H36 O3,18,36,3,-9999,-9999,-9999,-9999,-9999,-9999
889,300.120281,300.120136528,300.120108891,1259616.9,-9999,363476.3,7.1,-1,0.092087486,0.998462479,0,0.599077488,5,0.5,1.583333333,N3 O6,de-protonated,0,-9999,C12 H19 O6 N3,12,19,6,3,-9999,-9999,-9999,-9999,-9999
890,300.189984,300.189839502,300.189752383,2364273.5,-9999,349091.4,15.48,-1,0.290213862,0.984833833,0.972216976,0.97978709,3,0.3125,1.75,13C1 O5,de-protonated,1,885,C15 H28 O5 13C1,15,28,5,-9999,-9999,-9999,1,-9999,-9999
891,300.193125,300.192980501,300.192879909,2283890.3,-9999,380722.8,14.87,-1,0.335090043,0.979832121,0,0.587899273,3,0.285714286,1.928571429,N3 O4,de-protonated,0,-9999,C14 H27 O4 N3,14,27,4,3,-9999,-9999,-9999,-9999,-9999
892,300.262791,300.262646475,300.262523402,1681538.8,-9999,353721.8,10.3,-1,0.409886583,0.96997532,0.941997486,0.958784186,1,0.166666667,2,13C1 O3,de-protonated,1,887,C17 H36 O3 13C1,17,36,3,-9999,-9999,-9999,1,-9999,-9999
894,300.999172,300.999027203,300.998990698,1716017,-9999,350199.5,10.56,-1,0.121279961,0.997334661,0,0.598400796,12,0.571428571,0.428571429,O8,de-protonated,0,-9999,C14 H6 O8,14,6,8,-9999,-9999,-9999,-9999,-9999,-9999
894,300.999172,300.999027203,300.998828506,1716017,-9999,350199.5,10.56,-1,0.660123752,0.923976454,0,0.554385872,7,0.222222222,1.222222222,N4 S2 P1 O2,de-protonated,0,-9999,C9 H11 O2 N4 P1 S2,9,11,2,4,1,2,-9999,-9999,-9999
895,301.035504,301.035359189,301.035376207,3409977.5,-9999,287207.4,23.41,-1,-0.056530404,0.999420315,0,0.599652189,11,0.466666667,0.666666667,O7,de-protonated,0,-9999,C15 H10 O7,15,10,7,-9999,-9999,-9999,-9999,-9999,-9999
895,301.035504,301.035359189,301.035214016,3409977.5,-9999,287207.4,23.41,-1,0.482248162,0.958679652,0,0.575207791,6,0.1,1.5,N4 S2 P1 O1,de-protonated,0,-9999,C10 H15 O1 N4 P1 S2,10,15,1,4,1,2,-9999,-9999,-9999
896,301.056722,301.056577181,301.056505575,3806270.5,-9999,360651,26.42,-1,0.237850483,0.989787436,0,0.593872462,6,0.75,1.166666667,O9,de-protonated,0,-9999,C12 H14 O9,12,14,9,-9999,-9999,-9999,-9999,-9999,-9999
897,301.072017,301.071872176,301.071761716,2545730.3,-9999,373113.9,16.86,-1,0.36688756,0.975871687,0,0.585523012,10,0.375,0.875,O6,de-protonated,0,-9999,C16 H14 O6,16,14,6,-9999,-9999,-9999,-9999,-9999,-9999
898,301.093126,301.092981168,301.092891084,3717191.3,-9999,369333.2,25.74,-1,0.299188768,0.98388901,0,0.590333406,5,0.615384615,1.384615385,O8,de-protonated,0,-9999,C13 H18 O8,13,18,8,-9999,-9999,-9999,-9999,-9999,-9999
899,301.121338,301.121193158,301.121034385,2108493.8,-9999,372871.8,13.54,-1,0.527270735,0.950805886,0,0.570483532,4,0.357142857,1.642857143,P1 O5,de-protonated,0,-9999,C14 H23 O5 P1,14,23,5,-9999,1,-9999,-9999,-9999,-9999
900,301.129566,301.129421155,301.129276594,3455567.8,-9999,284884.8,23.76,-1,0.480062169,0.959045646,0,0.575427388,4,0.5,1.571428571,O7,de-protonated,0,-9999,C14 H22 O7,14,22,7,-9999,-9999,-9999,-9999,-9999,-9999
901,301.157831,301.157686144,301.157419895,3621462.5,-9999,357937.7,25.02,-1,0.884087306,0.867775556,0,0.520665334,3,0.266666667,1.8,P1 O4,de-protonated,0,-9999,C15 H27 O4 P1,15,27,4,-9999,1,-9999,-9999,-9999,-9999
902,301.16583,301.165685141,301.165662103,4170840.3,-9999,349390.3,29.18,-1,0.07649611,0.998938788,0,0.599363273,3,0.4,1.733333333,O6,de-protonated,0,-9999,C15 H26 O6,15,26,6,-9999,-9999,-9999,-9999,-9999,-9999
903,301.202244,301.202099128,301.202047612,13367393,-9999,343320.6,98.95,-1,0.17103195,0.991750879,0.984327896,0.988781686,2,0.3125,1.875,O5,de-protonated,0,-9999,C16 H30 O5,16,30,5,-9999,-9999,-9999,-9999,-9999,-9999
904,301.238632,301.238487114,301.238433122,2581097.5,-9999,373707.5,17.12,-1,0.179234618,0.994187908,0,0.596512745,1,0.235294118,2,O4,de-protonated,0,-9999,C17 H34 O4,17,34,4,-9999,-9999,-9999,-9999,-9999,-9999
906,302.135961,302.135815782,302.13575895499997,2267452,-9999,404007.9,14.74,-1,0.188083631,0.993601727,0,0.596161036,4,0.5,1.75,N3 O6,de-protonated,0,-9999,C12 H21 O6 N3,12,21,6,3,-9999,-9999,-9999,-9999,-9999
907,302.172335,302.172189769,302.172144465,1300292.5,-9999,351723.6,7.41,-1,0.14992771,0.995929645,0,0.597557787,3,0.384615385,1.923076923,N3 O5,de-protonated,0,-9999,C13 H25 O5 N3,13,25,5,3,-9999,-9999,-9999,-9999,-9999
908,302.205623,302.205477756,302.205402447,2606924.3,-9999,366375.2,17.32,-1,0.249197157,0.988795422,0.984327896,0.987008411,2,0.3125,1.875,13C1 O5,de-protonated,1,903,C15 H30 O5 13C1,15,30,5,-9999,-9999,-9999,1,-9999,-9999
910,303.00316,303.003014461,303.003245181,9761286,-9999,334883.9,71.59,-1,-0.761445383,0.450070537,0.902398978,0.631001913,6,0.3,1.3,N2 S2 P1 O3,de-protonated,0,-9999,C10 H13 O3 N2 P1 S2,10,13,3,2,1,2,-9999,-9999,-9999
911,303.014846,303.014700457,303.014640762,2630152.8,-9999,379728.7,17.49,-1,0.19700247,0.992982718,0,0.595789631,11,0.571428571,0.571428571,O8,de-protonated,0,-9999,C14 H8 O8,14,8,8,-9999,-9999,-9999,-9999,-9999,-9999
911,303.014846,303.014700457,303.014478571,2630152.8,-9999,379728.7,17.49,-1,0.732261916,0.907289089,0,0.544373453,6,0.222222222,1.444444444,N4 S2 P1 O2,de-protonated,0,-9999,C9 H13 O2 N4 P1 S2,9,13,2,4,1,2,-9999,-9999,-9999
912,303.050393,303.050247444,303.0499947,3031057,-9999,278145,20.53,-1,0.833998779,0.88143206,0,0.528859236,6,0.666666667,1.444444444,N4 P1 O6,de-protonated,0,-9999,C9 H13 O6 N4 P1,9,13,6,4,1,-9999,-9999,-9999,-9999
913,303.072342,303.072196435,303.072155639,2128918.3,-9999,367750.5,13.69,-1,0.134608017,0.996717672,0,0.598030603,5,0.75,1.333333333,O9,de-protonated,0,-9999,C12 H16 O9,12,16,9,-9999,-9999,-9999,-9999,-9999,-9999
914,303.087626,303.08748043,303.087411781,1652505.8,-9999,345813.8,10.08,-1,0.226498997,0.990734548,0,0.594440729,9,0.375,1,O6,de-protonated,0,-9999,C16 H16 O6,16,16,6,-9999,-9999,-9999,-9999,-9999,-9999
915,303.10869,303.108544422,303.108541149,1701150.6,-9999,352461.2,10.45,-1,0.010798569,0.999978842,0,0.599987305,4,0.615384615,1.538461538,O8,de-protonated,0,-9999,C13 H20 O8,13,20,8,-9999,-9999,-9999,-9999,-9999,-9999
916,303.13706,303.136914411,303.13668445,6152741,-9999,339532.3,44.21,-1,0.758607552,0.900845896,0,0.540507537,3,0.357142857,1.785714286,P1 O5,de-protonated,0,-9999,C14 H25 O5 P1,14,25,5,-9999,1,-9999,-9999,-9999,-9999
917,303.14512,303.144974408,303.144926658,3825191,-9999,381674,26.56,-1,0.157516424,0.995508119,0,0.597304871,3,0.5,1.714285714,O7,de-protonated,0,-9999,C14 H24 O7,14,24,7,-9999,-9999,-9999,-9999,-9999,-9999
919,303.160384,303.160238403,303.160182799,1871658.6,-9999,353736.4,11.74,-1,0.183412494,0.993914632,0,0.596348779,7,0.222222222,1.333333333,O4,de-protonated,0,-9999,C18 H24 O4,18,24,4,-9999,-9999,-9999,-9999,-9999,-9999
920,303.17342,303.173274398,303.173069959,6650413.5,-9999,335008,47.99,-1,0.674330904,0.88135131,0.976104016,0.919252392,2,0.266666667,1.933333333,P1 O4,de-protonated,0,-9999,C15 H29 O4 P1,15,29,4,-9999,1,-9999,-9999,-9999,-9999
921,303.181534,303.181388395,303.181312168,1425199.5,-9999,350672.7,8.35,-1,0.251425381,0.988595304,0,0.593157182,2,0.4,1.866666667,O6,de-protonated,0,-9999,C15 H28 O6,15,28,6,-9999,-9999,-9999,-9999,-9999,-9999
922,303.209847,303.209701385,303.209455468,2029622.1,-9999,349962.4,12.94,-1,0.811043763,0.887492249,0,0.532495349,1,0.1875,2.0625,P1 O3,de-protonated,0,-9999,C16 H33 O3 P1,16,33,3,-9999,1,-9999,-9999,-9999,-9999
923,303.217894,303.217748382,303.217697677,6043192,-9999,335100.9,43.38,-1,0.167221998,0.497469483,0.85247738,0.639472642,1,0.3125,2,O5,de-protonated,0,-9999,C16 H32 O5,16,32,5,-9999,-9999,-9999,-9999,-9999,-9999
925,304.176867,304.176721027,304.176424794,1299733.6,-9999,389849.8,7.4,-1,0.97388382,0.84189923,0.976104016,0.895581144,2,0.266666667,1.933333333,13C1 P1 O4,de-protonated,1,920,C14 H29 O4 P1 13C1,14,29,4,-9999,1,-9999,1,-9999,-9999
925,304.176867,304.176721027,304.17656114,1299733.6,-9999,389849.8,7.4,-1,0.525638392,0.951102448,0,0.570661469,2,0.428571429,1.928571429,N1 O6,de-protonated,0,-9999,C14 H27 O6 N1,14,27,6,1,-9999,-9999,-9999,-9999,-9999
928,305.030532,305.030385711,305.030290827,2669017.8,-9999,371613.5,17.57,-1,0.311064565,0.982596043,0,0.589557626,10,0.571428571,0.714285714,O8,de-protonated,0,-9999,C14 H10 O8,14,10,8,-9999,-9999,-9999,-9999,-9999,-9999
928,305.030532,305.030385711,305.030128635,2669017.8,-9999,371613.5,17.57,-1,0.842787058,0.879078401,0,0.527447041,5,0.222222222,1.666666667,N4 S2 P1 O2,de-protonated,0,-9999,C9 H15 O2 N4 P1 S2,9,15,2,4,1,2,-9999,-9999,-9999
929,305.066873,305.066726697,305.066676336,2817506,-9999,362878,18.68,-1,0.165082973,0.995067296,0,0.597040378,9,0.466666667,0.933333333,O7,de-protonated,0,-9999,C15 H14 O7,15,14,7,-9999,-9999,-9999,-9999,-9999,-9999
929,305.066873,305.066726697,305.066514145,2817506,-9999,362878,18.68,-1,0.69674197,0.915683818,0,0.549410291,4,0.1,1.9,N4 S2 P1 O1,de-protonated,0,-9999,C10 H19 O1 N4 P1 S2,10,19,1,4,1,2,-9999,-9999,-9999
930,305.103297,305.103150684,305.103061845,1936106.3,-9999,359898.1,12.08,-1,0.291175323,0.984733949,0,0.59084037,8,0.375,1.125,O6,de-protonated,0,-9999,C16 H18 O6,16,18,6,-9999,-9999,-9999,-9999,-9999,-9999
931,305.116302,305.116155679,305.115949005,2951149.3,-9999,326816.8,19.68,-1,0.67736249,0.920118994,0,0.552071396,3,0.461538462,1.769230769,P1 O6,de-protonated,0,-9999,C13 H23 O6 P1,13,23,6,-9999,1,-9999,-9999,-9999,-9999
933,305.139526,305.13937967,305.139447355,1498866.6,-9999,346282.6,8.8,-1,-0.221814247,0.991112174,0,0.594667304,7,0.294117647,1.294117647,O5,de-protonated,0,-9999,C17 H22 O5,17,22,5,-9999,-9999,-9999,-9999,-9999,-9999
934,305.152663,305.152516665,305.152334514,3411957.5,-9999,328128.4,23.14,-1,0.596919212,0.937393204,0,0.562435922,2,0.357142857,1.928571429,P1 O5,de-protonated,0,-9999,C14 H27 O5 P1,14,27,5,-9999,1,-9999,-9999,-9999,-9999
936,305.176045,305.175898657,305.175832864,2326267,-9999,299550.6,15,-1,0.215589996,0.991601901,0,0.59496114,6,0.222222222,1.444444444,O4,de-protonated,0,-9999,C18 H26 O4,18,26,4,-9999,-9999,-9999,-9999,-9999,-9999
937,305.189113,305.188966652,305.188720024,25727998,-9999,338196.7,190.39,-1,0.808117842,0.900028298,0.99339078,0.937373291,1,0.266666667,2.066666667,P1 O4,de-protonated,0,-9999,C15 H31 O4 P1,15,31,4,-9999,1,-9999,-9999,-9999,-9999
939,305.225513,305.225366638,305.225105533,3178502.3,-9999,357948.3,21.39,-1,0.855452656,0.875654203,0,0.525392522,0,0.1875,2.1875,P1 O3,de-protonated,0,-9999,C16 H35 O3 P1,16,35,3,-9999,1,-9999,-9999,-9999,-9999
941,306.19244,306.192293281,306.192074859,4405475,-9999,345640,30.58,-1,0.713349692,0.911801113,0.99339078,0.94443698,1,0.266666667,2.066666667,13C1 P1 O4,de-protonated,1,937,C14 H31 O4 P1 13C1,14,31,4,-9999,1,-9999,1,-9999,-9999
941,306.19244,306.192293281,306.192211204,4405475,-9999,345640,30.58,-1,0.268055161,0.987046887,0,0.592228132,1,0.428571429,2.071428571,N1 O6,de-protonated,0,-9999,C14 H29 O6 N1,14,29,6,1,-9999,-9999,-9999,-9999,-9999
946,307.046156,307.046008965,307.045940891,3471780.5,-9999,351140.8,23.58,-1,0.221704999,0.991120888,0,0.594672533,9,0.571428571,0.857142857,O8,de-protonated,0,-9999,C14 H12 O8,14,12,8,-9999,-9999,-9999,-9999,-9999,-9999
946,307.046156,307.046008965,307.0457787,3471780.5,-9999,351140.8,23.58,-1,0.749936869,0.902986474,0,0.541791885,4,0.222222222,1.888888889,N4 S2 P1 O2,de-protonated,0,-9999,C9 H17 O2 N4 P1 S2,9,17,2,4,1,2,-9999,-9999,-9999
947,307.070452,307.070304956,307.07006144,11756970,-9999,345285.9,85.68,-1,0.793029989,0.877259217,0.983372427,0.919704501,4,0.7,1.7,N2 P1 O7,de-protonated,0,-9999,C10 H17 O7 N2 P1,10,17,7,2,1,-9999,-9999,-9999,-9999
948,307.082533,307.082385951,307.0823264,2614188.8,-9999,363503.8,17.16,-1,0.193924563,0.993199536,0,0.595919721,8,0.466666667,1.066666667,O7,de-protonated,0,-9999,C15 H16 O7,15,16,7,-9999,-9999,-9999,-9999,-9999,-9999
948,307.082533,307.082385951,307.082164209,2614188.8,-9999,363503.8,17.16,-1,0.722093829,0.909726856,0,0.545836113,3,0.1,2.1,N4 S2 P1 O1,de-protonated,0,-9999,C10 H21 O1 N4 P1 S2,10,21,1,4,1,2,-9999,-9999,-9999
949,307.095615,307.095467946,307.09521356,2205103.8,-9999,353458.5,14.09,-1,0.828363265,0.882931645,0,0.529758987,3,0.583333333,1.75,P1 O7,de-protonated,0,-9999,C12 H21 O7 P1,12,21,7,-9999,1,-9999,-9999,-9999,-9999
950,307.118956,307.118808938,307.11871191,1672372.9,-9999,344133.8,10.1,-1,0.31592987,0.982052314,0,0.589231389,7,0.375,1.25,O6,de-protonated,0,-9999,C16 H20 O6,16,20,6,-9999,-9999,-9999,-9999,-9999,-9999
951,307.13201,307.131862933,307.131599069,2192312,-9999,364564.3,13.99,-1,0.859122193,0.874655108,0,0.524793065,2,0.461538462,1.923076923,P1 O6,de-protonated,0,-9999,C13 H25 O6 P1,13,25,6,-9999,1,-9999,-9999,-9999,-9999
952,307.155266,307.155118924,307.155097419,1407421.1,-9999,365260.9,8.11,-1,0.070014093,0.999110939,0,0.599466563,6,0.294117647,1.411764706,O5,de-protonated,0,-9999,C17 H24 O5,17,24,5,-9999,-9999,-9999,-9999,-9999,-9999
953,307.158665,307.158517923,307.158468722,1312702,-9999,396825.4,7.4,-1,0.160179882,0.995355283,0,0.59721317,1,0.357142857,2,S1 O5,de-protonated,0,-9999,C14 H28 O5 S1,14,28,5,-9999,-9999,1,-9999,-9999,-9999
954,307.168372,307.168224919,307.167984579,3228608,-9999,342260.6,21.76,-1,0.782440803,0.894862364,0,0.536917419,1,0.357142857,2.071428571,P1 O5,de-protonated,0,-9999,C14 H29 O5 P1,14,29,5,-9999,1,-9999,-9999,-9999,-9999
956,307.191696,307.191548911,307.191482928,3843525.5,-9999,375057.9,26.37,-1,0.214792256,0.991663677,0,0.594998206,5,0.222222222,1.555555556,O4,de-protonated,0,-9999,C18 H28 O4,18,28,4,-9999,-9999,-9999,-9999,-9999,-9999
957,307.195031,307.19488391,307.194854232,3500998.3,-9999,352249.6,23.8,-1,0.096609032,0.998307917,0,0.59898475,0,0.266666667,2.133333333,S1 O4,de-protonated,0,-9999,C15 H32 O4 S1,15,32,4,-9999,-9999,1,-9999,-9999,-9999
958,307.204768,307.204620906,307.204370088,11105736,-9999,337047.5,80.8,-1,0.816453045,0.874593564,0.995846361,0.923094683,0,0.266666667,2.2,P1 O4,de-protonated,0,-9999,C15 H33 O4 P1,15,33,4,-9999,1,-9999,-9999,-9999,-9999
960,308.073842,308.073694584,308.073416275,1516172.4,-9999,369677.4,8.93,-1,0.903386342,0.862360811,0.983372427,0.910765457,4,0.7,1.7,13C1 N2 P1 O7,de-protonated,1,947,C9 H17 O7 N2 P1 13C1,9,17,7,2,1,-9999,1,-9999,-9999
963,308.189597,308.189449541,308.189723081,1378726.5,-9999,408382.1,7.9,-1,-0.887570145,0.866804529,0,0.520082717,5,0.0625,1.75,N3 P1 O1,de-protonated,0,-9999,C16 H28 O1 N3 P1,16,28,1,3,1,-9999,-9999,-9999,-9999
964,308.200052,308.199904538,308.19961906,1441448.9,-9999,296915.9,8.37,-1,0.926274224,0.855832963,0,0.513499778,0,0.285714286,2.285714286,N1 P1 O4,de-protonated,0,-9999,C14 H32 O4 N1 P1,14,32,4,1,1,-9999,-9999,-9999,-9999
965,308.20815,308.208002535,308.207724923,1864362.6,-9999,376790.1,11.53,-1,0.900728545,0.863111427,0.995846361,0.916205401,0,0.266666667,2.2,13C1 P1 O4,de-protonated,1,958,C14 H33 O4 P1 13C1,14,33,4,-9999,1,-9999,1,-9999,-9999
965,308.20815,308.208002535,308.207861269,1864362.6,-9999,376790.1,11.53,-1,0.458346115,0.962598432,0,0.577559059,0,0.428571429,2.214285714,N1 O6,de-protonated,0,-9999,C14 H31 O6 N1,14,31,6,1,-9999,-9999,-9999,-9999,-9999
969,309.025426,309.025278232,309.025205446,3083618.3,-9999,358516.3,20.67,-1,0.23553396099999999,0.989984401,0,0.593990641,9,0.692307692,0.769230769,O9,de-protonated,0,-9999,C13 H10 O9,13,10,9,-9999,-9999,-9999,-9999,-9999,-9999
969,309.025426,309.025278232,309.025043255,3083618.3,-9999,358516.3,20.67,-1,0.760382583,0.900405281,0,0.540243169,4,0.375,1.875,N4 S2 P1 O3,de-protonated,0,-9999,C8 H15 O3 N4 P1 S2,8,15,3,4,1,2,-9999,-9999,-9999
970,309.040625,309.040477226,309.040461587,1635429.5,-9999,354133.1,9.82,-1,0.050605073,0.999535441,0,0.599721264,13,0.352941176,0.588235294,O6,de-protonated,0,-9999,C17 H10 O6,17,10,6,-9999,-9999,-9999,-9999,-9999,-9999
971,309.061843,309.061695219,309.061590955,4240234.5,-9999,352638.3,29.34,-1,0.337353799,0.979561519,0,0.587736911,8,0.571428571,1,O8,de-protonated,0,-9999,C14 H14 O8,14,14,8,-9999,-9999,-9999,-9999,-9999,-9999
971,309.061843,309.061695219,309.061428764,4240234.5,-9999,352638.3,29.34,-1,0.862140685,0.873830927,0,0.524298556,3,0.222222222,2.111111111,N4 S2 P1 O2,de-protonated,0,-9999,C9 H19 O2 N4 P1 S2,9,19,2,4,1,2,-9999,-9999,-9999
973,309.098191,309.098043205,309.097976465,3336562.5,-9999,342797.7,22.57,-1,0.215919558,0.991576314,0,0.594945789,7,0.466666667,1.2,O7,de-protonated,0,-9999,C15 H18 O7,15,18,7,-9999,-9999,-9999,-9999,-9999,-9999
973,309.098191,309.098043205,309.097814273,3336562.5,-9999,342797.7,22.57,-1,0.740644605,0.905258735,0,0.543155241,2,0.1,2.3,N4 S2 P1 O1,de-protonated,0,-9999,C10 H23 O1 N4 P1 S2,10,23,1,4,1,2,-9999,-9999,-9999
974,309.101538,309.101390204,309.101347768,9379699,-9999,337270.5,67.86,-1,0.137287462,0.963939444,0.963902982,0.963924859,2,0.583333333,1.833333333,S1 O7,de-protonated,0,-9999,C12 H22 O7 S1,12,22,7,-9999,-9999,1,-9999,-9999,-9999
975,309.111179,309.1110312,309.110863624,1716597.4,-9999,352091.5,10.43,-1,0.542122393,0.948069783,0,0.56884187,2,0.583333333,1.916666667,P1 O7,de-protonated,0,-9999,C12 H23 O7 P1,12,23,7,-9999,1,-9999,-9999,-9999,-9999
976,309.134561,309.134413192,309.134361974,1821818.6,-9999,329658.4,11.21,-1,0.165680343,0.995031621,0,0.597018973,6,0.375,1.375,O6,de-protonated,0,-9999,C16 H22 O6,16,22,6,-9999,-9999,-9999,-9999,-9999,-9999
977,309.147587,309.147439187,309.147249134,2071933.5,-9999,383215.6,13.09,-1,0.614765605,0.933722376,0,0.560233426,1,0.461538462,2.076923077,P1 O6,de-protonated,0,-9999,C13 H27 O6 P1,13,27,6,-9999,1,-9999,-9999,-9999,-9999
978,309.153203,309.153055185,309.152989419,2607486.8,-9999,334333.9,17.1,-1,0.212729552,0.991822366,0,0.59509342,5,0.176470588,1.529411765,S1 O3,de-protonated,0,-9999,C17 H26 O3 S1,17,26,3,-9999,-9999,1,-9999,-9999,-9999
979,309.170965,309.170817178,309.170747484,13870979,-9999,339779.9,101.52,-1,0.225424506,0.988724636,0.996435899,0.991809142,5,0.294117647,1.529411765,O5,de-protonated,0,-9999,C17 H26 O5,17,26,5,-9999,-9999,-9999,-9999,-9999,-9999
980,309.174362,309.174214177,309.174118787,4319107.5,-9999,313038.3,29.93,-1,0.308531923,0.98287586,0,0.589725516,0,0.357142857,2.142857143,S1 O5,de-protonated,0,-9999,C14 H30 O5 S1,14,30,5,-9999,-9999,1,-9999,-9999,-9999
981,309.18401,309.183862173,309.183634643,3723141.8,-9999,353751.1,25.46,-1,0.735906559,0.906408609,0,0.543845165,0,0.357142857,2.214285714,P1 O5,de-protonated,0,-9999,C14 H31 O5 P1,14,31,5,-9999,1,-9999,-9999,-9999,-9999
983,309.207336,309.207188165,309.207132993,12611467,-9999,337509.7,92.08,-1,0.178430072,0.994069871,0.984524551,0.990251743,4,0.222222222,1.666666667,O4,de-protonated,0,-9999,C18 H30 O4,18,30,4,-9999,-9999,-9999,-9999,-9999,-9999
985,310.105045,310.104896832,310.104702603,1667923.5,-9999,299934.4,10.06,-1,0.626334409,0.931292964,0.963902982,0.944336971,2,0.583333333,1.833333333,13C1 S1 O7,de-protonated,1,974,C11 H22 O7 S1 13C1,11,22,7,-9999,-9999,1,1,-9999,-9999
986,310.174335,310.174186807,310.174102319,2620003,-9999,368468.3,17.19,-1,0.272389664,0.986627428,0.996435899,0.990550816,5,0.294117647,1.529411765,13C1 O5,de-protonated,1,979,C16 H26 O5 13C1,16,26,5,-9999,-9999,-9999,1,-9999,-9999
987,310.210693,310.210544793,310.210487828,2181739,-9999,421501.7,13.91,-1,0.183634709,0.993899922,0.984524551,0.990149774,4,0.222222222,1.666666667,13C1 O4,de-protonated,1,983,C17 H30 O4 13C1,17,30,4,-9999,-9999,-9999,1,-9999,-9999
991,311.019925,311.019776494,311.019726143,4236575.5,-9999,308696.3,29.31,-1,0.161891065,0.995255752,0,0.597153451,13,0.4375,0.5,O7,de-protonated,0,-9999,C16 H8 O7,16,8,7,-9999,-9999,-9999,-9999,-9999,-9999
991,311.019925,311.019776494,311.019563951,4236575.5,-9999,308696.3,29.31,-1,0.683373875,0.918754335,0,0.551252601,8,0.090909091,1.181818182,N4 S2 P1 O1,de-protonated,0,-9999,C11 H13 O1 N4 P1 S2,11,13,1,4,1,2,-9999,-9999,-9999
992,311.041088,311.040939486,311.040855511,4102436,-9999,340686.4,28.3,-1,0.269981966,0.986861235,0,0.592116741,8,0.692307692,0.923076923,O9,de-protonated,0,-9999,C13 H12 O9,13,12,9,-9999,-9999,-9999,-9999,-9999,-9999
992,311.041088,311.040939486,311.040693319,4102436,-9999,340686.4,28.3,-1,0.791429408,0.892568256,0,0.535540953,3,0.375,2.125,N4 S2 P1 O3,de-protonated,0,-9999,C8 H17 O3 N4 P1 S2,8,17,3,4,1,2,-9999,-9999,-9999
993,311.077398,311.077249473,311.07724102,5813548,-9999,317210.9,41.13,-1,0.027172134,0.999866041,0,0.599919625,7,0.571428571,1.142857143,O8,de-protonated,0,-9999,C14 H16 O8,14,16,8,-9999,-9999,-9999,-9999,-9999,-9999
993,311.077398,311.077249473,311.077078829,5813548,-9999,317210.9,41.13,-1,0.548558457,0.946862983,0,0.56811779,2,0.222222222,2.333333333,N4 S2 P1 O2,de-protonated,0,-9999,C9 H21 O2 N4 P1 S2,9,21,2,4,1,2,-9999,-9999,-9999
994,311.113781,311.113632459,311.113626529,3693364.3,-9999,340701.3,25.24,-1,0.019059969,0.999934085,0,0.599960451,6,0.466666667,1.333333333,O7,de-protonated,0,-9999,C15 H20 O7,15,20,7,-9999,-9999,-9999,-9999,-9999,-9999
994,311.113781,311.113632459,311.11346433800003,3693364.3,-9999,340701.3,25.24,-1,0.540385311,0.948393317,0,0.56903599,1,0.1,2.5,N4 S2 P1 O1,de-protonated,0,-9999,C10 H25 O1 N4 P1 S2,10,25,1,4,1,2,-9999,-9999,-9999
995,311.129041,311.128892453,311.128882671,2320183.5,-9999,365134.6,14.95,-1,0.031443169,0.999820623,0,0.599892374,10,0.210526316,1.052631579,O4,de-protonated,0,-9999,C19 H20 O4,19,20,4,-9999,-9999,-9999,-9999,-9999,-9999
996,311.142163,311.142014449,311.14176983,2208570.5,-9999,340600.5,14.11,-1,0.786196117,0.893906389,0,0.536343833,5,0.25,1.5625,P1 O4,de-protonated,0,-9999,C16 H25 O4 P1,16,25,4,-9999,1,-9999,-9999,-9999,-9999
997,311.150274,311.150125446,311.150012039,2560828.3,-9999,372575,16.75,-1,0.364476795,0.976183939,0,0.585710363,5,0.375,1.5,O6,de-protonated,0,-9999,C16 H24 O6,16,24,6,-9999,-9999,-9999,-9999,-9999,-9999
998,311.163027,311.162878441,311.162899198,1528127.1,-9999,335856,9.01,-1,-0.066708888,0.999192866,0,0.599515719,0,0.461538462,2.230769231,P1 O6,de-protonated,0,-9999,C13 H29 O6 P1,13,29,6,-9999,1,-9999,-9999,-9999,-9999
999,311.168838,311.168689439,311.168639483,158300480,-9999,333222.1,1183.95,-1,0.160541493,0.65936525,0.980926032,0.787989563,4,0.176470588,1.647058824,S1 O3,de-protonated,0,-9999,C17 H28 O3 S1,17,28,3,-9999,-9999,1,-9999,-9999,-9999
1001,311.186573,311.186424432,311.186397548,3654980.3,-9999,328536.5,24.95,-1,0.08639251,0.998646644,0,0.599187987,4,0.294117647,1.647058824,O5,de-protonated,0,-9999,C17 H28 O5,17,28,5,-9999,-9999,-9999,-9999,-9999,-9999
1002,311.222986,311.222837419,311.222783057,40614220,-9999,327802.7,301.94,-1,0.174670203,0.992549921,0.99033203,0.991662765,3,0.222222222,1.777777778,O4,de-protonated,0,-9999,C18 H32 O4,18,32,4,-9999,-9999,-9999,-9999,-9999,-9999
1004,312.172201,312.172052067,312.171994318,27228704,-9999,327928.9,201.62,-1,0.184991089,0.659111153,0.980926032,0.787837105,4,0.176470588,1.647058824,13C1 S1 O3,de-protonated,1,999,C16 H28 O3 S1 13C1,16,28,3,-9999,-9999,1,1,-9999,-9999
1004,312.172201,312.172052067,312.171750541,27228704,-9999,327928.9,201.62,-1,0.965897577,0.422134537,0.837042051,0.588097543,9,0.111111111,1.277777778,N3 O2,de-protonated,0,-9999,C18 H23 O2 N3,18,23,2,3,-9999,-9999,-9999,-9999,-9999
1005,312.226358,312.226209047,312.226137892,7352875,-9999,338125.3,52.66,-1,0.227895406,0.990620488,0.99033203,0.990505105,3,0.222222222,1.777777778,13C1 O4,de-protonated,1,1002,C17 H32 O4 13C1,17,32,4,-9999,-9999,-9999,1,-9999,-9999
1010,313.021109,313.020959753,313.020989446,2236635,-9999,284018.5,14.14,-1,-0.094857586,0.998368664,0,0.599021198,7,0.384615385,1.076923077,S2 O5,de-protonated,0,-9999,C13 H14 O5 S2,13,14,5,-9999,-9999,2,-9999,-9999,-9999
1011,313.035599,313.035449748,313.035376207,2449630.3,-9999,390566.4,15.71,-1,0.234928085,0.990035605,0,0.594021363,12,0.4375,0.625,O7,de-protonated,0,-9999,C16 H10 O7,16,10,7,-9999,-9999,-9999,-9999,-9999,-9999
1011,313.035599,313.035449748,313.035214016,2449630.3,-9999,390566.4,15.71,-1,0.753053078,0.902219408,0,0.541331645,7,0.090909091,1.363636364,N4 S2 P1 O1,de-protonated,0,-9999,C11 H15 O1 N4 P1 S2,11,15,1,4,1,2,-9999,-9999,-9999
1012,313.056728,313.05657874,313.056505575,3926754.8,-9999,329142.8,26.64,-1,0.233711549,0.990138027,0,0.594082816,7,0.692307692,1.076923077,O9,de-protonated,0,-9999,C13 H14 O9,13,14,9,-9999,-9999,-9999,-9999,-9999,-9999
1012,313.056728,313.05657874,313.056343384,3926754.8,-9999,329142.8,26.64,-1,0.751801572,0.902527774,0,0.541516665,2,0.375,2.375,N4 S2 P1 O3,de-protonated,0,-9999,C8 H19 O3 N4 P1 S2,8,19,3,4,1,2,-9999,-9999,-9999
1013,313.072005,313.071855734,313.071761716,1495526.3,-9999,362371.9,8.65,-1,0.30030807,0.983769224,0,0.590261534,11,0.352941176,0.823529412,O6,de-protonated,0,-9999,C17 H14 O6,17,14,6,-9999,-9999,-9999,-9999,-9999,-9999
1014,313.093111,313.092961726,313.092891084,5222123,-9999,323691.7,36.23,-1,0.225626664,0.990805451,0,0.594483271,6,0.571428571,1.285714286,O8,de-protonated,0,-9999,C14 H18 O8,14,18,8,-9999,-9999,-9999,-9999,-9999,-9999
1015,313.108245,313.108095721,313.108147226,1677806.3,-9999,362211.4,10,-1,-0.164495198,0.995102273,0,0.597061364,10,0.277777778,1,O5,de-protonated,0,-9999,C18 H18 O5,18,18,5,-9999,-9999,-9999,-9999,-9999,-9999
1016,313.129485,313.129335713,313.129276594,2863859,-9999,345594.4,18.78,-1,0.188801547,0.993552948,0,0.596131769,5,0.466666667,1.466666667,O7,de-protonated,0,-9999,C15 H22 O7,15,22,7,-9999,-9999,-9999,-9999,-9999,-9999
1017,313.132686,313.132536712,313.132647897,1417971.6,-9999,395638.4,8.08,-1,-0.355073844,0.9773831,0,0.58642986,0,0.583333333,2.166666667,S1 O7,de-protonated,0,-9999,C12 H26 O7 S1,12,26,7,-9999,-9999,1,-9999,-9999,-9999
1017,313.132686,313.132536712,313.132267775,1417971.6,-9999,395638.4,8.08,-1,0.858861684,0.87472614,0,0.524835684,5,0.285714286,1.642857143,N2 P1 O4,de-protonated,0,-9999,C14 H23 O4 N2 P1,14,23,4,2,1,-9999,-9999,-9999,-9999
1019,313.148101,313.147951706,313.147904038,1964791.1,-9999,409174.3,12.12,-1,0.152221333,0.995804418,0,0.597482651,4,0.25,1.625,S1 O4,de-protonated,0,-9999,C16 H26 O4 S1,16,26,4,-9999,-9999,1,-9999,-9999,-9999
1020,313.157865,313.157715703,313.157419895,2474233.3,-9999,340603.6,15.89,-1,0.944598176,0.850525877,0,0.510315526,4,0.25,1.6875,P1 O4,de-protonated,0,-9999,C16 H27 O4 P1,16,27,4,-9999,1,-9999,-9999,-9999,-9999
1021,313.164656,313.1645067,313.164435313,7102202.5,-9999,322765.1,50.14,-1,0.227954282,0.658578805,0.980926032,0.787517696,4,0.176470588,1.647058824,34S1 O3,de-protonated,1,999,C17 H28 O3 34S1,17,28,3,-9999,-9999,-9999,-9999,-9999,1
1022,313.175612,313.175462696,313.175349153,2462461.3,-9999,343826.1,15.81,-1,0.362552734,0.656214818,0.980926032,0.786099304,4,0.176470588,1.647058824,13C2 S1 O3,de-protonated,1,999,C15 H28 O3 S1 13C2,15,28,3,-9999,-9999,1,2,-9999,-9999
1023,313.202287,313.202137686,313.202047612,4442883,-9999,327104.7,30.46,-1,0.287589581,0.985104831,0,0.591062899,3,0.294117647,1.764705882,O5,de-protonated,0,-9999,C17 H30 O5,17,30,5,-9999,-9999,-9999,-9999,-9999,-9999
1024,313.238644,313.238494673,313.238433122,72661768,-9999,329123.9,535.3,-1,0.196498362,0.995936286,0.989938898,0.993537331,2,0.222222222,1.888888889,O4,de-protonated,0,-9999,C18 H34 O4,18,34,4,-9999,-9999,-9999,-9999,-9999,-9999
1025,314.135959,314.13580934,314.13575895499997,1385169.3,-9999,428204.7,7.83,-1,0.160393327,0.995342926,0,0.597205755,5,0.461538462,1.615384615,N3 O6,de-protonated,0,-9999,C13 H21 O6 N3,13,21,6,3,-9999,-9999,-9999,-9999,-9999
1026,314.172398,314.172248327,314.172144465,2643417.3,-9999,367558.8,17.15,-1,0.33059087,0.980364747,0,0.588218848,4,0.357142857,1.785714286,N3 O5,de-protonated,0,-9999,C14 H25 O5 N3,14,25,5,3,-9999,-9999,-9999,-9999,-9999
1027,314.225853,314.225703307,314.225439885,1937893,-9999,405498.3,11.92,-1,0.838320848,0.880276829,0,0.528166097,2,0.117647059,2,N1 P1 O2,de-protonated,0,-9999,C17 H34 O2 N1 P1,17,34,2,1,1,-9999,-9999,-9999,-9999
1028,314.24199,314.241840301,314.241787957,15133673,-9999,325999.5,109.58,-1,0.16657366,0.996589477,0.989938898,0.993929246,2,0.222222222,1.888888889,13C1 O4,de-protonated,1,1024,C17 H34 O4 13C1,17,34,4,-9999,-9999,-9999,1,-9999,-9999
1032,315.014905,315.014755015,315.014640762,2604691,-9999,366263.9,16.86,-1,0.362691393,0.976413928,0,0.585848357,12,0.533333333,0.533333333,O8,de-protonated,0,-9999,C15 H8 O8,15,8,8,-9999,-9999,-9999,-9999,-9999,-9999
1032,315.014905,315.014755015,315.014478571,2604691,-9999,366263.9,16.86,-1,0.877561025,0.869587727,0,0.521752636,7,0.2,1.3,N4 S2 P1 O2,de-protonated,0,-9999,C10 H13 O2 N4 P1 S2,10,13,2,4,1,2,-9999,-9999,-9999
1033,315.035948,315.035798007,315.03577013,1726103.6,-9999,370545.7,10.36,-1,0.088489159,0.998580206,0,0.599148123,7,0.833333333,1,O10,de-protonated,0,-9999,C12 H12 O10,12,12,10,-9999,-9999,-9999,-9999,-9999,-9999
1033,315.035948,315.035798007,315.035607939,1726103.6,-9999,370545.7,10.36,-1,0.603324118,0.936086567,0,0.56165194,2,0.571428571,2.428571429,N4 S2 P1 O4,de-protonated,0,-9999,C7 H17 O4 N4 P1 S2,7,17,4,4,1,2,-9999,-9999,-9999
1034,315.051175,315.051025002,315.051026271,2165915,-9999,295571.2,13.61,-1,-0.004030064,0.999997053,0,0.599998232,11,0.4375,0.75,O7,de-protonated,0,-9999,C16 H12 O7,16,12,7,-9999,-9999,-9999,-9999,-9999,-9999
1034,315.051175,315.051025002,315.05086408,2165915,-9999,295571.2,13.61,-1,0.510779917,0.95376377,0,0.572258262,6,0.090909091,1.545454545,N4 S2 P1 O1,de-protonated,0,-9999,C11 H17 O1 N4 P1 S2,11,17,1,4,1,2,-9999,-9999,-9999
1035,315.072367,315.072216994,315.072155639,4792479.5,-9999,325727.9,33.05,-1,0.194731332,0.99314303,0,0.595885818,6,0.692307692,1.230769231,O9,de-protonated,0,-9999,C13 H16 O9,13,16,9,-9999,-9999,-9999,-9999,-9999,-9999
1036,315.087594,315.087443988,315.087411781,1795235,-9999,355854.7,10.87,-1,0.10221765,0.998105939,0,0.598863563,10,0.352941176,0.941176471,O6,de-protonated,0,-9999,C17 H16 O6,17,16,6,-9999,-9999,-9999,-9999,-9999,-9999
1037,315.108796,315.10864598,315.108541149,3237543.8,-9999,347155.8,21.54,-1,0.332684055,0.980117809,0,0.588070685,5,0.571428571,1.428571429,O8,de-protonated,0,-9999,C14 H20 O8,14,20,8,-9999,-9999,-9999,-9999,-9999,-9999
1038,315.123966,315.123815975,315.12379729,1696427,-9999,400474.5,10.14,-1,0.05929315,0.999362288,0,0.599617373,9,0.277777778,1.111111111,O5,de-protonated,0,-9999,C18 H20 O5,18,20,5,-9999,-9999,-9999,-9999,-9999,-9999
1039,315.136972,315.13682197,315.13668445,2278061.8,-9999,352643.9,14.44,-1,0.436383022,0.96603685,0,0.57962211,4,0.333333333,1.666666667,P1 O5,de-protonated,0,-9999,C15 H25 O5 P1,15,25,5,-9999,1,-9999,-9999,-9999,-9999
1040,315.145143,315.144992967,315.144926658,2676399.8,-9999,344320.8,17.39,-1,0.210407272,0.991999223,0,0.595199534,4,0.466666667,1.6,O7,de-protonated,0,-9999,C15 H24 O7,15,24,7,-9999,-9999,-9999,-9999,-9999,-9999
1041,315.167682,315.167531959,315.167393437,2008244.6,-9999,316474.3,12.44,-1,0.43951838,0.965555587,0,0.579333352,4,0.384615385,1.846153846,N4 O5,de-protonated,0,-9999,C13 H24 O5 N4,13,24,5,4,-9999,-9999,-9999,-9999,-9999
1042,315.173451,315.173300956,315.173069959,1698997.9,-9999,378196.4,10.15,-1,0.732922539,0.907129755,0,0.544277853,3,0.25,1.8125,P1 O4,de-protonated,0,-9999,C16 H29 O4 P1,16,29,4,-9999,1,-9999,-9999,-9999,-9999
1043,315.181502,315.181351954,315.181312168,5578935.5,-9999,333958.6,38.87,-1,0.12623203,0.997112877,0,0.598267726,3,0.375,1.75,O6,de-protonated,0,-9999,C16 H28 O6,16,28,6,-9999,-9999,-9999,-9999,-9999,-9999
1044,315.209841,315.209690943,315.209455468,4631742,-9999,324667.6,31.86,-1,0.747041765,0.903696846,0,0.542218108,2,0.176470588,1.941176471,P1 O3,de-protonated,0,-9999,C17 H33 O3 P1,17,33,3,-9999,1,-9999,-9999,-9999,-9999
1045,315.217884,315.21773394,315.217697677,5801151.5,-9999,329357,40.51,-1,0.11504164,0.498800742,0.844689208,0.637156128,2,0.294117647,1.882352941,O5,de-protonated,0,-9999,C17 H32 O5,17,32,5,-9999,-9999,-9999,-9999,-9999,-9999
1046,315.245303,315.24515293,315.245142792,1401029.8,-9999,387584.7,7.95,-1,0.032159044,0.99820092,0.989938898,0.994896111,2,0.222222222,1.888888889,13C2 O4,de-protonated,1,1024,C16 H34 O4 13C2,16,34,4,-9999,-9999,-9999,2,-9999,-9999
1047,315.254291,315.254140927,315.254083186,7369927.5,-9999,319235.3,52.12,-1,0.183154918,0.98105035,0.996849186,0.987369884,1,0.222222222,2,O4,de-protonated,0,-9999,C18 H36 O4,18,36,4,-9999,-9999,-9999,-9999,-9999,-9999
1048,316.151602,316.151451594,316.15140902,8777101,-9999,319543,62.53,-1,0.134665785,0.995698443,0.986562362,0.992044011,4,0.461538462,1.769230769,N3 O6,de-protonated,0,-9999,C13 H23 O6 N3,13,23,6,3,-9999,-9999,-9999,-9999,-9999
1049,316.176623,316.176472585,316.17656114,1313938.8,-9999,401503.4,7.3,-1,-0.280079406,0.985867173,0,0.591520304,3,0.4,1.8,N1 O6,de-protonated,0,-9999,C15 H27 O6 N1,15,27,6,1,-9999,-9999,-9999,-9999,-9999
1050,316.187943,316.187792581,316.187794529,1753749.3,-9999,336406.4,10.56,-1,-0.006160969,0.999993113,0,0.599995868,3,0.357142857,1.928571429,N3 O5,de-protonated,0,-9999,C14 H27 O5 N3,14,27,5,3,-9999,-9999,-9999,-9999,-9999
1051,316.213128,316.212977572,316.212946649,1750170.8,-9999,328054.5,10.53,-1,0.097790415,0.998266317,0,0.59895979,2,0.3125,1.9375,N1 O5,de-protonated,0,-9999,C16 H31 O5 N1,16,31,5,1,-9999,-9999,-9999,-9999,-9999
1052,316.24147,316.241319561,316.24108995,18677154,-9999,322634.7,135.8,-1,0.726063919,0.917766967,0.989584583,0.946494013,1,0.117647059,2.117647059,N1 P1 O2,de-protonated,0,-9999,C17 H36 O2 N1 P1,17,36,2,1,1,-9999,-9999,-9999,-9999
1053,316.257722,316.257571555,316.257438021,1468068.6,-9999,342647.6,8.44,-1,0.422231555,0.96816904,0.996849186,0.979641099,1,0.222222222,2,13C1 O4,de-protonated,1,1047,C17 H36 O4 13C1,17,36,4,-9999,-9999,-9999,1,-9999,-9999
1057,317.030432,317.030281269,317.030290827,2980942.8,-9999,335271.2,19.64,-1,-0.030146521,0.999835111,0,0.599901066,11,0.533333333,0.666666667,O8,de-protonated,0,-9999,C15 H10 O8,15,10,8,-9999,-9999,-9999,-9999,-9999,-9999
1057,317.030432,317.030281269,317.030128635,2980942.8,-9999,335271.2,19.64,-1,0.481449415,0.958813561,0,0.575288136,6,0.2,1.5,N4 S2 P1 O2,de-protonated,0,-9999,C10 H15 O2 N4 P1 S2,10,15,2,4,1,2,-9999,-9999,-9999
1058,317.0516,317.051449261,317.051420195,2062419.3,-9999,369030.2,12.84,-1,0.091678331,0.998476101,0,0.599085661,6,0.833333333,1.166666667,O10,de-protonated,0,-9999,C12 H14 O10,12,14,10,-9999,-9999,-9999,-9999,-9999,-9999
1059,317.066852,317.066701256,317.066676336,3284566.8,-9999,321378.7,21.89,-1,0.078594856,0.998879792,0,0.599327875,10,0.4375,0.875,O7,de-protonated,0,-9999,C16 H14 O7,16,14,7,-9999,-9999,-9999,-9999,-9999,-9999
1059,317.066852,317.066701256,317.066514145,3284566.8,-9999,321378.7,21.89,-1,0.590132138,0.938764544,0,0.563258727,5,0.090909091,1.727272727,N4 S2 P1 O1,de-protonated,0,-9999,C11 H19 O1 N4 P1 S2,11,19,1,4,1,2,-9999,-9999,-9999
1060,317.088028,317.087877248,317.087805704,2560091.3,-9999,304105.8,16.52,-1,0.225628078,0.990805337,0,0.594483202,5,0.692307692,1.384615385,O9,de-protonated,0,-9999,C13 H18 O9,13,18,9,-9999,-9999,-9999,-9999,-9999,-9999
1061,317.103289,317.103138242,317.103061845,1702750.8,-9999,353137.8,10.18,-1,0.240921589,0.989523401,0,0.593714041,9,0.352941176,1.058823529,O6,de-protonated,0,-9999,C17 H18 O6,17,18,6,-9999,-9999,-9999,-9999,-9999,-9999
1062,317.116379,317.116228237,317.115949005,1778529.5,-9999,362083,10.74,-1,0.880537732,0.868762373,0,0.521257424,4,0.428571429,1.642857143,P1 O6,de-protonated,0,-9999,C14 H23 O6 P1,14,23,6,-9999,1,-9999,-9999,-9999,-9999
1063,317.124434,317.124283234,317.124191213,2417251.3,-9999,321809.8,15.47,-1,0.29017366,0.984838002,0,0.590902801,4,0.571428571,1.571428571,O8,de-protonated,0,-9999,C14 H22 O8,14,22,8,-9999,-9999,-9999,-9999,-9999,-9999
1065,317.139654,317.139503229,317.139447355,4432486.5,-9999,340755.6,30.38,-1,0.17618169,0.994383666,0,0.5966302,8,0.277777778,1.222222222,O5,de-protonated,0,-9999,C18 H22 O5,18,22,5,-9999,-9999,-9999,-9999,-9999,-9999
1066,317.152676,317.152525224,317.152334514,5162601.5,-9999,317010.3,35.78,-1,0.601319156,0.936496894,0,0.561898136,3,0.333333333,1.8,P1 O5,de-protonated,0,-9999,C15 H27 O5 P1,15,27,5,-9999,1,-9999,-9999,-9999,-9999
1067,317.154969,317.154818223,317.154703496,1389930,-9999,373296.6,7.86,-1,0.361738937,0.97653618,0,0.585921708,12,0.090909091,1,O2,de-protonated,0,-9999,C22 H22 O2,22,22,2,-9999,-9999,-9999,-9999,-9999,-9999
1067,317.154969,317.154818223,317.154763855,1389930,-9999,373296.6,7.86,-1,0.171425252,0.994682028,0.986562362,0.991434162,4,0.461538462,1.769230769,13C1 N3 O6,de-protonated,1,1048,C12 H23 O6 N3 13C1,12,23,6,3,-9999,-9999,1,-9999,-9999
1068,317.160851,317.160700221,317.160576723,1964651.4,-9999,371323.6,12.12,-1,0.389387167,0.97286332,0,0.583717992,3,0.466666667,1.733333333,O7,de-protonated,0,-9999,C15 H26 O7,15,26,7,-9999,-9999,-9999,-9999,-9999,-9999
1069,317.18907,317.18891921,317.188720024,2800753.5,-9999,356906.8,18.3,-1,0.627976158,0.930945051,0,0.55856703,2,0.25,1.9375,P1 O4,de-protonated,0,-9999,C16 H31 O4 P1,16,31,4,-9999,1,-9999,-9999,-9999,-9999
1070,317.197186,317.197035207,317.196962232,2601075.3,-9999,393489.8,16.83,-1,0.230063552,0.99044203,0,0.594265218,2,0.375,1.875,O6,de-protonated,0,-9999,C16 H30 O6,16,30,6,-9999,-9999,-9999,-9999,-9999,-9999
1072,317.212549,317.212398202,317.212218373,2581622.8,-9999,319398.1,16.68,-1,0.566902765,0.943353923,0,0.566012354,6,0.15,1.5,O3,de-protonated,0,-9999,C20 H30 O3,20,30,3,-9999,-9999,-9999,-9999,-9999,-9999
1073,317.225482,317.225331197,317.225105533,11736698,-9999,327478.3,84.43,-1,0.711369065,0.89127878,0.980098153,0.926806529,1,0.176470588,2.058823529,P1 O3,de-protonated,0,-9999,C17 H35 O3 P1,17,35,3,-9999,1,-9999,-9999,-9999,-9999
1074,317.244801,317.24465019,317.244444785,3164797.8,-9999,347983.6,21,-1,0.647465447,0.926755616,0.989584583,0.951887203,1,0.117647059,2.117647059,13C1 N1 P1 O2,de-protonated,1,1052,C16 H36 O2 N1 P1 13C1,16,36,2,1,1,-9999,1,-9999,-9999
1074,317.244801,317.24465019,317.244581131,3164797.8,-9999,347983.6,21,-1,0.2176844,0.991438641,0,0.594863185,1,0.25,2.125,N2 O4,de-protonated,0,-9999,C16 H34 O4 N2,16,34,4,2,-9999,-9999,-9999,-9999,-9999
1076,318.22889,318.228738826,318.228460368,2493270.3,-9999,324668.8,16.03,-1,0.875024405,0.870289469,0.980098153,0.914212942,1,0.176470588,2.058823529,13C1 P1 O3,de-protonated,1,1073,C16 H35 O3 P1 13C1,16,35,3,-9999,1,-9999,1,-9999,-9999
1076,318.22889,318.228738826,318.228596714,2493270.3,-9999,324668.8,16.03,-1,0.446572215,0.964461157,0,0.578676694,1,0.3125,2.0625,N1 O5,de-protonated,0,-9999,C16 H33 O5 N1,16,33,5,1,-9999,-9999,-9999,-9999,-9999
1082,319.009751,319.009599537,319.009555382,1800194.3,-9999,397351.4,10.9,-1,0.13841257,0.996529834,0,0.5979179,11,0.642857143,0.571428571,O9,de-protonated,0,-9999,C14 H8 O9,14,8,9,-9999,-9999,-9999,-9999,-9999,-9999
1082,319.009751,319.009599537,319.00939319,1800194.3,-9999,397351.4,10.9,-1,0.646834441,0.926892963,0,0.556135778,6,0.333333333,1.444444444,N4 S2 P1 O3,de-protonated,0,-9999,C9 H13 O3 N4 P1 S2,9,13,3,4,1,2,-9999,-9999,-9999
1083,319.046085,319.045933523,319.045940891,3558410.3,-9999,348347.6,23.91,-1,-0.023093432,0.999903237,0,0.599941942,10,0.533333333,0.8,O8,de-protonated,0,-9999,C15 H12 O8,15,12,8,-9999,-9999,-9999,-9999,-9999,-9999
1083,319.046085,319.045933523,319.0457787,3558410.3,-9999,348347.6,23.91,-1,0.485270374,0.958171146,0,0.574902688,5,0.2,1.7,N4 S2 P1 O2,de-protonated,0,-9999,C10 H17 O2 N4 P1 S2,10,17,2,4,1,2,-9999,-9999,-9999
1084,319.082591,319.08243951,319.0823264,2313234.3,-9999,340968.8,14.69,-1,0.354483038,0.977457448,0,0.586474469,9,0.4375,1,O7,de-protonated,0,-9999,C16 H16 O7,16,16,7,-9999,-9999,-9999,-9999,-9999,-9999
1084,319.082591,319.08243951,319.082164209,2313234.3,-9999,340968.8,14.69,-1,0.862789066,0.873653614,0,0.524192169,4,0.090909091,1.909090909,N4 S2 P1 O1,de-protonated,0,-9999,C11 H21 O1 N4 P1 S2,11,21,1,4,1,2,-9999,-9999,-9999
1085,319.095619,319.095467505,319.09521356,5031957,-9999,342444.8,34.81,-1,0.795827921,0.891438269,0,0.534862961,4,0.538461538,1.615384615,P1 O7,de-protonated,0,-9999,C13 H21 O7 P1,13,21,7,-9999,1,-9999,-9999,-9999,-9999
1086,319.118983,319.118831496,319.11871191,1868570.3,-9999,326378.4,11.4,-1,0.374739708,0.974841085,0,0.584904651,8,0.352941176,1.176470588,O6,de-protonated,0,-9999,C17 H20 O6,17,20,6,-9999,-9999,-9999,-9999,-9999,-9999
1087,319.132047,319.131895491,319.131599069,3890205.3,-9999,343811.4,26.36,-1,0.928839539,0.855094266,0,0.513056559,3,0.428571429,1.785714286,P1 O6,de-protonated,0,-9999,C14 H25 O6 P1,14,25,6,-9999,1,-9999,-9999,-9999,-9999
1089,319.155328,319.155176483,319.155097419,1546274.3,-9999,345323.7,9.02,-1,0.247727989,0.988926416,0,0.593355849,7,0.277777778,1.333333333,O5,de-protonated,0,-9999,C18 H24 O5,18,24,5,-9999,-9999,-9999,-9999,-9999,-9999
1090,319.168379,319.168227478,319.167984579,9467941,-9999,321335.2,67.64,-1,0.761038894,0.894672611,0.998643955,0.936261149,2,0.333333333,1.933333333,P1 O5,de-protonated,0,-9999,C15 H29 O5 P1,15,29,5,-9999,1,-9999,-9999,-9999,-9999
1091,319.204761,319.204609464,319.204370088,7016493,-9999,334914.2,49.5,-1,0.749915905,0.931161783,0.989834732,0.954630963,1,0.25,2.0625,P1 O4,de-protonated,0,-9999,C16 H33 O4 P1,16,33,4,-9999,1,-9999,-9999,-9999,-9999
1093,319.241143,319.240991451,319.240755597,45850676,-9999,322712.2,336.88,-1,0.738795452,0.922655419,0.998681933,0.953066025,0,0.176470588,2.176470588,P1 O3,de-protonated,0,-9999,C17 H37 O3 P1,17,37,3,-9999,1,-9999,-9999,-9999,-9999
1094,320.098972,320.098820133,320.098704741,1624562.3,-9999,290008,9.6,-1,0.360491379,0.976695847,0,0.586017508,4,0.75,1.583333333,N1 O9,de-protonated,0,-9999,C12 H19 O9 N1,12,19,9,1,-9999,-9999,-9999,-9999,-9999
1095,320.171749,320.171597106,320.171339414,1553410.3,-9999,333685.7,9.07,-1,0.804859071,0.889103063,0.998643955,0.93291942,2,0.333333333,1.933333333,13C1 P1 O5,de-protonated,1,1090,C14 H29 O5 P1 13C1,14,29,5,-9999,1,-9999,1,-9999,-9999
1095,320.171749,320.171597106,320.171475759,1553410.3,-9999,333685.7,9.07,-1,0.379006863,0.97427233,0,0.584563398,2,0.5,1.928571429,N1 O7,de-protonated,0,-9999,C14 H27 O7 N1,14,27,7,1,-9999,-9999,-9999,-9999,-9999
1096,320.20803,320.207878093,320.207724923,1313546.3,-9999,462517.6,7.29,-1,0.478345824,0.959331941,0.989834732,0.971533057,1,0.25,2.0625,13C1 P1 O4,de-protonated,1,1091,C15 H33 O4 P1 13C1,15,33,4,-9999,1,-9999,1,-9999,-9999
1096,320.20803,320.207878093,320.207861269,1313546.3,-9999,462517.6,7.29,-1,0.052542146,0.999499204,0,0.599699523,1,0.4,2.066666667,N1 O6,de-protonated,0,-9999,C15 H31 O6 N1,15,31,6,1,-9999,-9999,-9999,-9999,-9999
1097,320.24445,320.24429808,320.244110432,8345874.5,-9999,324692,59.34,-1,0.585950505,0.939602629,0.998681933,0.963234351,0,0.176470588,2.176470588,13C1 P1 O3,de-protonated,1,1093,C16 H37 O3 P1 13C1,16,37,3,-9999,1,-9999,1,-9999,-9999
1097,320.24445,320.24429808,320.244246778,8345874.5,-9999,324692,59.34,-1,0.160195159,0.4976772,0.85247738,0.639597272,0,0.3125,2.1875,N1 O5,de-protonated,0,-9999,C16 H35 O5 N1,16,35,5,1,-9999,-9999,-9999,-9999,-9999
1104,321.025445,321.025292791,321.025205446,2853310.8,-9999,366226.5,18.69,-1,0.272079607,0.98665765,0,0.59199459,10,0.642857143,0.714285714,O9,de-protonated,0,-9999,C14 H10 O9,14,10,9,-9999,-9999,-9999,-9999,-9999,-9999
1104,321.025445,321.025292791,321.025043255,2853310.8,-9999,366226.5,18.69,-1,0.777309269,0.896162916,0,0.53769775,5,0.333333333,1.666666667,N4 S2 P1 O3,de-protonated,0,-9999,C9 H15 O3 N4 P1 S2,9,15,3,4,1,2,-9999,-9999,-9999
1105,321.061865,321.061712777,321.061590955,4280774.5,-9999,349665.4,29.25,-1,0.379433682,0.974215105,0,0.584529063,9,0.533333333,0.933333333,O8,de-protonated,0,-9999,C15 H14 O8,15,14,8,-9999,-9999,-9999,-9999,-9999,-9999
1105,321.061865,321.061712777,321.061428764,4280774.5,-9999,349665.4,29.25,-1,0.884606141,0.867631076,0,0.520578646,4,0.2,1.9,N4 S2 P1 O2,de-protonated,0,-9999,C10 H19 O2 N4 P1 S2,10,19,2,4,1,2,-9999,-9999,-9999
1106,321.074788,321.074635772,321.074478115,1295305.6,-9999,385398,7.16,-1,0.491030086,0.957194,0,0.5743164,4,0.666666667,1.583333333,P1 O8,de-protonated,0,-9999,C12 H19 O8 P1,12,19,8,-9999,1,-9999,-9999,-9999,-9999
1108,321.098216,321.098063764,321.097976465,2198990.8,-9999,385856.3,13.84,-1,0.271875825,0.986677495,0,0.592006497,8,0.4375,1.125,O7,de-protonated,0,-9999,C16 H18 O7,16,18,7,-9999,-9999,-9999,-9999,-9999,-9999
1108,321.098216,321.098063764,321.097814273,2198990.8,-9999,385856.3,13.84,-1,0.776990986,0.896243363,0,0.537746018,3,0.090909091,2.090909091,N4 S2 P1 O1,de-protonated,0,-9999,C11 H23 O1 N4 P1 S2,11,23,1,4,1,2,-9999,-9999,-9999
1109,321.111303,321.111150759,321.110863624,2406865.8,-9999,286615.5,15.38,-1,0.894190748,0.86495118,0,0.518970708,3,0.538461538,1.769230769,P1 O7,de-protonated,0,-9999,C13 H23 O7 P1,13,23,7,-9999,1,-9999,-9999,-9999,-9999
1110,321.134598,321.13444575,321.134361974,1968598.8,-9999,345558.5,12.14,-1,0.260875108,0.987727292,0,0.592636375,7,0.352941176,1.294117647,O6,de-protonated,0,-9999,C17 H22 O6,17,22,6,-9999,-9999,-9999,-9999,-9999,-9999
1113,321.171007,321.170854737,321.170747484,2845150.8,-9999,329996.3,18.63,-1,0.333944284,0.979968415,0,0.587981049,6,0.277777778,1.444444444,O5,de-protonated,0,-9999,C18 H26 O5,18,26,5,-9999,-9999,-9999,-9999,-9999,-9999
1114,321.184033,321.183880732,321.183634643,27681250,-9999,324573.4,202.42,-1,0.766193285,0.910708174,0.991860642,0.943169161,1,0.333333333,2.066666667,P1 O5,de-protonated,0,-9999,C15 H31 O5 P1,15,31,5,-9999,1,-9999,-9999,-9999,-9999
1115,321.192025,321.191872729,321.191876852,1558755.5,-9999,267116.4,9.11,-1,-0.012835642,0.999970106,0,0.599982064,1,0.466666667,2,O7,de-protonated,0,-9999,C15 H30 O7,15,30,7,-9999,-9999,-9999,-9999,-9999,-9999
1117,321.220437,321.220284718,321.220020152,5569001.5,-9999,332353.9,38.78,-1,0.823628365,0.884185675,0,0.530511405,0,0.25,2.1875,P1 O4,de-protonated,0,-9999,C16 H35 O4 P1,16,35,4,-9999,1,-9999,-9999,-9999,-9999
1120,322.154195,322.154042373,322.153731495,1786040.3,-9999,318068.1,10.65,-1,0.964997427,0.844535378,0,0.506721227,2,0.416666667,2.166666667,N3 P1 O5,de-protonated,0,-9999,C12 H26 O5 N3 P1,12,26,5,3,1,-9999,-9999,-9999,-9999
1121,322.187357,322.18720436,322.186989478,4798143.5,-9999,321867.2,32.64,-1,0.666949085,0.922459136,0.991860642,0.950219739,1,0.333333333,2.066666667,13C1 P1 O5,de-protonated,1,1114,C14 H31 O5 P1 13C1,14,31,5,-9999,1,-9999,1,-9999,-9999
1121,322.187357,322.18720436,322.187125824,4798143.5,-9999,321867.2,32.64,-1,0.24376113,0.989276325,0,0.593565795,1,0.5,2.071428571,N1 O7,de-protonated,0,-9999,C14 H29 O7 N1,14,29,7,1,-9999,-9999,-9999,-9999,-9999
1128,323.004758,323.004605058,323.004470001,1672308.9,-9999,355315.1,9.81,-1,0.418126431,0.968775262,0,0.581265157,10,0.769230769,0.615384615,O10,de-protonated,0,-9999,C13 H8 O10,13,8,10,-9999,-9999,-9999,-9999,-9999,-9999
1128,323.004758,323.004605058,323.00430781,1672308.9,-9999,355315.1,9.81,-1,0.920260285,0.857559186,0,0.514535512,5,0.5,1.625,N4 S2 P1 O4,de-protonated,0,-9999,C8 H13 O4 N4 P1 S2,8,13,4,4,1,2,-9999,-9999,-9999
1129,323.007311,323.007158057,323.007461182,3883893.5,-9999,323625.4,25.96,-1,-0.938445934,0.852315625,0,0.511389375,10,0.583333333,0.75,N2 P1 O7,de-protonated,0,-9999,C12 H9 O7 N2 P1,12,9,7,2,1,-9999,-9999,-9999,-9999
1131,323.041085,323.040932044,323.040855511,4407165,-9999,334709,29.79,-1,0.236917125,0.989867023,0,0.593920214,9,0.642857143,0.857142857,O9,de-protonated,0,-9999,C14 H12 O9,14,12,9,-9999,-9999,-9999,-9999,-9999,-9999
1131,323.041085,323.040932044,323.040693319,4407165,-9999,334709,29.79,-1,0.73899433,0.905659911,0,0.543395947,4,0.333333333,1.888888889,N4 S2 P1 O3,de-protonated,0,-9999,C9 H17 O3 N4 P1 S2,9,17,3,4,1,2,-9999,-9999,-9999
1132,323.077462,323.077309031,323.07724102,5048197,-9999,316023.7,34.47,-1,0.210510331,0.991991415,0,0.595194849,8,0.533333333,1.066666667,O8,de-protonated,0,-9999,C15 H16 O8,15,16,8,-9999,-9999,-9999,-9999,-9999,-9999
1132,323.077462,323.077309031,323.077078829,5048197,-9999,316023.7,34.47,-1,0.712530978,0.911994272,0,0.547196563,3,0.2,2.1,N4 S2 P1 O2,de-protonated,0,-9999,C10 H21 O2 N4 P1 S2,10,21,2,4,1,2,-9999,-9999,-9999
1133,323.09042,323.090267026,323.090128179,1837191.9,-9999,310918.2,11.02,-1,0.429746125,0.967044992,0,0.580226995,3,0.666666667,1.75,P1 O8,de-protonated,0,-9999,C12 H21 O8 P1,12,21,8,-9999,1,-9999,-9999,-9999,-9999
1134,323.113834,323.113681018,323.113626529,3220365,-9999,327251.8,21.12,-1,0.168635056,0.994853292,0,0.596911975,7,0.4375,1.25,O7,de-protonated,0,-9999,C16 H20 O7,16,20,7,-9999,-9999,-9999,-9999,-9999,-9999
1134,323.113834,323.113681018,323.11346433800003,3220365,-9999,327251.8,21.12,-1,0.67059915,0.921642331,0,0.552985398,2,0.090909091,2.272727273,N4 S2 P1 O1,de-protonated,0,-9999,C11 H25 O1 N4 P1 S2,11,25,1,4,1,2,-9999,-9999,-9999
1135,323.126878,323.126725013,323.126513689,1415568,-9999,407408.7,7.94,-1,0.653997359,0.925327195,0,0.555196317,2,0.538461538,1.923076923,P1 O7,de-protonated,0,-9999,C13 H25 O7 P1,13,25,7,-9999,1,-9999,-9999,-9999,-9999
1136,323.142111,323.141958007,323.14176983,2051475.4,-9999,307639.8,12.58,-1,0.582335606,0.940322923,0,0.564193754,6,0.235294118,1.470588235,P1 O4,de-protonated,0,-9999,C17 H25 O4 P1,17,25,4,-9999,1,-9999,-9999,-9999,-9999
1137,323.150287,323.150134004,323.150012039,2012565.1,-9999,370858,12.3,-1,0.377426699,0.974483657,0,0.584690194,6,0.352941176,1.411764706,O6,de-protonated,0,-9999,C17 H24 O6,17,24,6,-9999,-9999,-9999,-9999,-9999,-9999
1138,323.16329,323.163136999,323.162899198,2072984.1,-9999,300794.2,12.74,-1,0.735855076,0.906421071,0,0.543852642,1,0.428571429,2.071428571,P1 O6,de-protonated,0,-9999,C14 H29 O6 P1,14,29,6,-9999,1,-9999,-9999,-9999,-9999
1139,323.168829,323.168675997,323.168639483,1933721.3,-9999,366504.1,11.72,-1,0.112987354,0.997686281,0,0.598611769,5,0.166666667,1.555555556,S1 O3,de-protonated,0,-9999,C18 H28 O3 S1,18,28,3,-9999,-9999,1,-9999,-9999,-9999
1141,323.186649,323.186495991,323.186397548,4230045.5,-9999,340721.4,28.49,-1,0.304600177,0.983305878,0,0.589983527,5,0.277777778,1.555555556,O5,de-protonated,0,-9999,C18 H28 O5,18,28,5,-9999,-9999,-9999,-9999,-9999,-9999
1142,323.199696,323.199542986,323.199284708,12497824,-9999,323319.2,88.87,-1,0.79912997,0.892566784,0.991469165,0.932127736,0,0.333333333,2.2,P1 O5,de-protonated,0,-9999,C15 H33 O5 P1,15,33,5,-9999,1,-9999,-9999,-9999,-9999
1144,324.072936,324.072782663,324.072489992,1328994.4,-9999,238854.6,7.3,-1,0.903101791,0.862441248,0,0.517464749,8,0.571428571,1.071428571,N1 O8,de-protonated,0,-9999,C14 H15 O8 N1,14,15,8,1,-9999,-9999,-9999,-9999,-9999
1145,324.203047,324.202893614,324.202639543,2173055.5,-9999,317050.6,13.47,-1,0.783682079,0.894546771,0.991469165,0.933315729,0,0.333333333,2.2,13C1 P1 O5,de-protonated,1,1142,C14 H33 O5 P1 13C1,14,33,5,-9999,1,-9999,1,-9999,-9999
1145,324.203047,324.202893614,324.202775888,2173055.5,-9999,317050.6,13.47,-1,0.36312514,0.976358153,0,0.585814892,0,0.5,2.214285714,N1 O7,de-protonated,0,-9999,C14 H31 O7 N1,14,31,7,1,-9999,-9999,-9999,-9999,-9999
1151,325.020332,325.020178312,325.020120066,1790517.9,-9999,339428.3,10.67,-1,0.179208075,0.994189624,0,0.596513775,9,0.769230769,0.769230769,O10,de-protonated,0,-9999,C13 H10 O10,13,10,10,-9999,-9999,-9999,-9999,-9999,-9999
1151,325.020332,325.020178312,325.019957874,1790517.9,-9999,339428.3,10.67,-1,0.678227766,0.919923184,0,0.55195391,4,0.5,1.875,N4 S2 P1 O4,de-protonated,0,-9999,C8 H15 O4 N4 P1 S2,8,15,4,4,1,2,-9999,-9999,-9999
1152,325.035641,325.035487306,325.035376207,2404153.3,-9999,339827.1,15.15,-1,0.341806714,0.979024137,0,0.587414482,13,0.411764706,0.588235294,O7,de-protonated,0,-9999,C17 H10 O7,17,10,7,-9999,-9999,-9999,-9999,-9999,-9999
1152,325.035641,325.035487306,325.035214016,2404153.3,-9999,339827.1,15.15,-1,0.840803064,0.879611355,0,0.527766813,8,0.083333333,1.25,N4 S2 P1 O1,de-protonated,0,-9999,C12 H15 O1 N4 P1 S2,12,15,1,4,1,2,-9999,-9999,-9999
1153,325.056729,325.056575298,325.056505575,4794686,-9999,321613.4,32.61,-1,0.214496272,0.99168654,0,0.595011924,8,0.642857143,1,O9,de-protonated,0,-9999,C14 H14 O9,14,14,9,-9999,-9999,-9999,-9999,-9999,-9999
1153,325.056729,325.056575298,325.056343384,4794686,-9999,321613.4,32.61,-1,0.713460123,0.911775045,0,0.547065027,3,0.333333333,2.111111111,N4 S2 P1 O3,de-protonated,0,-9999,C9 H19 O3 N4 P1 S2,9,19,3,4,1,2,-9999,-9999,-9999
1154,325.093096,325.092942285,325.092891084,4560198,-9999,323967.9,30.9,-1,0.157495287,0.995509321,0,0.597305593,7,0.533333333,1.2,O8,de-protonated,0,-9999,C15 H18 O8,15,18,8,-9999,-9999,-9999,-9999,-9999,-9999
1154,325.093096,325.092942285,325.092728893,4560198,-9999,323967.9,30.9,-1,0.656403264,0.92479801,0,0.554878806,2,0.2,2.3,N4 S2 P1 O2,de-protonated,0,-9999,C10 H23 O2 N4 P1 S2,10,23,2,4,1,2,-9999,-9999,-9999
1155,325.129508,325.129354272,325.129276594,2286414.3,-9999,327863.7,14.29,-1,0.238913493,0.989696421,0,0.593817852,6,0.4375,1.375,O7,de-protonated,0,-9999,C16 H22 O7,16,22,7,-9999,-9999,-9999,-9999,-9999,-9999
1155,325.129508,325.129354272,325.129114402,2286414.3,-9999,327863.7,14.29,-1,0.737765677,0.905958126,0,0.543574876,1,0.090909091,2.454545455,N4 S2 P1 O1,de-protonated,0,-9999,C11 H27 O1 N4 P1 S2,11,27,1,4,1,2,-9999,-9999,-9999
1156,325.142576,325.142422267,325.142163753,1513553.3,-9999,358639.7,8.65,-1,0.795077948,0.89163128,0,0.534978768,1,0.538461538,2.076923077,P1 O7,de-protonated,0,-9999,C13 H27 O7 P1,13,27,7,-9999,1,-9999,-9999,-9999,-9999
1158,325.165817,325.165663258,325.165662103,3597654.5,-9999,339299,23.87,-1,0.003551981,0.999997711,0,0.599998626,5,0.352941176,1.529411765,O6,de-protonated,0,-9999,C17 H26 O6,17,26,6,-9999,-9999,-9999,-9999,-9999,-9999
1159,325.184495,325.184341251,325.184289548,69944664,-9999,318062.1,508.39,-1,0.158997408,0.984140873,0.999145414,0.990142689,4,0.166666667,1.666666667,S1 O3,de-protonated,0,-9999,C18 H30 O3 S1,18,30,3,-9999,-9999,1,-9999,-9999,-9999
1161,325.202253,325.202099245,325.202047612,12160351,-9999,310127.9,86.4,-1,0.158769438,0.997712617,0.975036116,0.988642017,4,0.277777778,1.666666667,O5,de-protonated,0,-9999,C18 H30 O5,18,30,5,-9999,-9999,-9999,-9999,-9999,-9999
1162,325.23866,325.238506231,325.238433122,1583974.8,-9999,322077.3,9.16,-1,0.224786845,0.990873459,0,0.594524075,3,0.210526316,1.789473684,O4,de-protonated,0,-9999,C19 H34 O4,19,34,4,-9999,-9999,-9999,-9999,-9999,-9999
1163,326.187875,326.18772088,326.187644383,13571644,-9999,321642.4,96.71,-1,0.234518423,0.982802549,0.999145414,0.989339695,4,0.166666667,1.666666667,13C1 S1 O3,de-protonated,1,1159,C17 H30 O3 S1 13C1,17,30,3,-9999,-9999,1,1,-9999,-9999
1163,326.187875,326.18772088,326.187400606,13571644,-9999,321642.4,96.71,-1,0.981870886,0.41975818,0.829532115,0.583667754,9,0.105263158,1.315789474,N3 O2,de-protonated,0,-9999,C19 H25 O2 N3,19,25,2,3,-9999,-9999,-9999,-9999,-9999
1164,326.205554,326.205399873,326.205402447,1946687.6,-9999,352403.4,11.81,-1,-0.007891566,0.9999887,0.975036116,0.990007666,4,0.277777778,1.666666667,13C1 O5,de-protonated,1,1161,C17 H30 O5 13C1,17,30,5,-9999,-9999,-9999,1,-9999,-9999
1167,327.014847,327.014692574,327.014640762,3630838,-9999,338362.8,24.11,-1,0.158438191,0.995455513,0,0.597273308,13,0.5,0.5,O8,de-protonated,0,-9999,C16 H8 O8,16,8,8,-9999,-9999,-9999,-9999,-9999,-9999
1167,327.014847,327.014692574,327.014478571,3630838,-9999,338362.8,24.11,-1,0.654414261,0.925235614,0,0.555141368,8,0.181818182,1.181818182,N4 S2 P1 O2,de-protonated,0,-9999,C11 H13 O2 N4 P1 S2,11,13,2,4,1,2,-9999,-9999,-9999
1168,327.035922,327.035767566,327.03577013,2461434.8,-9999,325734.9,15.57,-1,-0.007840892,0.999988845,0,0.599993307,8,0.769230769,0.923076923,O10,de-protonated,0,-9999,C13 H12 O10,13,12,10,-9999,-9999,-9999,-9999,-9999,-9999
1168,327.035922,327.035767566,327.035607939,2461434.8,-9999,325734.9,15.57,-1,0.488103051,0.957691893,0,0.574615136,3,0.5,2.125,N4 S2 P1 O4,de-protonated,0,-9999,C8 H17 O4 N4 P1 S2,8,17,4,4,1,2,-9999,-9999,-9999
1169,327.05117,327.05101556,327.051026271,1660670.1,-9999,396956.3,9.72,-1,-0.032750809,0.999805394,0,0.599883237,12,0.411764706,0.705882353,O7,de-protonated,0,-9999,C17 H12 O7,17,12,7,-9999,-9999,-9999,-9999,-9999,-9999
1169,327.05117,327.05101556,327.05086408,1660670.1,-9999,396956.3,9.72,-1,0.463169986,0.961822324,0,0.577093394,7,0.083333333,1.416666667,N4 S2 P1 O1,de-protonated,0,-9999,C12 H17 O1 N4 P1 S2,12,17,1,4,1,2,-9999,-9999,-9999
1170,327.072379,327.072224552,327.072155639,5589763,-9999,329397.5,38.42,-1,0.210696334,0.991977313,0,0.595186388,7,0.642857143,1.142857143,O9,de-protonated,0,-9999,C14 H16 O9,14,16,9,-9999,-9999,-9999,-9999,-9999,-9999
1170,327.072379,327.072224552,327.071993448,5589763,-9999,329397.5,38.42,-1,0.706585213,0.913391619,0,0.548034971,2,0.333333333,2.333333333,N4 S2 P1 O3,de-protonated,0,-9999,C9 H21 O3 N4 P1 S2,9,21,3,4,1,2,-9999,-9999,-9999
1171,327.087499,327.087344547,327.087411781,1533446.3,-9999,372611.7,8.79,-1,-0.205553561,0.992362695,0,0.595417617,11,0.333333333,0.888888889,O6,de-protonated,0,-9999,C18 H16 O6,18,16,6,-9999,-9999,-9999,-9999,-9999,-9999
1172,327.108808,327.108653539,327.108541149,4894475,-9999,305933.1,33.34,-1,0.343586476,0.978807466,0,0.58728448,6,0.533333333,1.333333333,O8,de-protonated,0,-9999,C15 H20 O8,15,20,8,-9999,-9999,-9999,-9999,-9999,-9999
1172,327.108808,327.108653539,327.108378958,4894475,-9999,305933.1,33.34,-1,0.839420261,0.879982261,0,0.527989356,1,0.2,2.5,N4 S2 P1 O2,de-protonated,0,-9999,C10 H25 O2 N4 P1 S2,10,25,2,4,1,2,-9999,-9999,-9999
1173,327.123994,327.123839533,327.12379729,1855758.5,-9999,392491.5,11.15,-1,0.129135087,0.996978758,0,0.598187255,10,0.263157895,1.052631579,O5,de-protonated,0,-9999,C19 H20 O5,19,20,5,-9999,-9999,-9999,-9999,-9999,-9999
1175,327.14506,327.144905525,327.144926658,2569491.3,-9999,334669.6,16.36,-1,-0.064597355,0.999243134,0,0.599545881,5,0.4375,1.5,O7,de-protonated,0,-9999,C16 H24 O7,16,24,7,-9999,-9999,-9999,-9999,-9999,-9999
1176,327.163777,327.163622519,327.163554103,3468055.5,-9999,347113.4,22.92,-1,0.20911793,0.99209659,0,0.595257954,4,0.235294118,1.647058824,S1 O4,de-protonated,0,-9999,C17 H28 O4 S1,17,28,4,-9999,-9999,1,-9999,-9999,-9999
1177,327.173443,327.173288515,327.173069959,1930009.8,-9999,380054.4,11.69,-1,0.668013226,0.92222139,0,0.553332834,4,0.235294118,1.705882353,P1 O4,de-protonated,0,-9999,C17 H29 O4 P1,17,29,4,-9999,1,-9999,-9999,-9999,-9999
1178,327.180322,327.180167512,327.180085377,3148571.3,-9999,259774.8,20.59,-1,0.251039581,0.98244253,0.999145414,0.989123683,4,0.166666667,1.666666667,34S1 O3,de-protonated,1,1159,C18 H30 O3 34S1,18,30,3,-9999,-9999,-9999,-9999,-9999,1
1180,327.191304,327.191149508,327.190999218,1309469.8,-9999,343927,7.16,-1,0.459335823,0.975894963,0.999145414,0.985195143,4,0.166666667,1.666666667,13C2 S1 O3,de-protonated,1,1159,C16 H30 O3 S1 13C2,16,30,3,-9999,-9999,1,2,-9999,-9999
1181,327.217944,327.217789499,327.217697677,25257764,-9999,319595.1,182.05,-1,0.280613266,0.991307362,0.997578423,0.993815787,3,0.277777778,1.777777778,O5,de-protonated,0,-9999,C18 H32 O5,18,32,5,-9999,-9999,-9999,-9999,-9999,-9999
1182,327.254341,327.254186485,327.254083186,1921324,-9999,381464.4,11.62,-1,0.31565322,0.98208345,0,0.58925007,2,0.210526316,1.894736842,O4,de-protonated,0,-9999,C19 H36 O4,19,36,4,-9999,-9999,-9999,-9999,-9999,-9999
1183,328.151674,328.151519153,328.15140902,1919991.3,-9999,349072.8,11.61,-1,0.335617145,0.979769269,0,0.587861562,5,0.428571429,1.642857143,N3 O6,de-protonated,0,-9999,C14 H23 O6 N3,14,23,6,3,-9999,-9999,-9999,-9999,-9999
1184,328.188072,328.187917139,328.187794529,2291199.5,-9999,314270.4,14.32,-1,0.373598346,0.974992177,0,0.584995306,4,0.333333333,1.8,N3 O5,de-protonated,0,-9999,C15 H27 O5 N3,15,27,5,3,-9999,-9999,-9999,-9999,-9999
1185,328.221251,328.221096127,328.22105251200003,4830215,-9999,309163.2,32.87,-1,0.132883636,0.996801096,0.997578423,0.997112027,3,0.277777778,1.777777778,13C1 O5,de-protonated,1,1181,C17 H32 O5 13C1,17,32,5,-9999,-9999,-9999,1,-9999,-9999
1190,329.030526,329.030370828,329.030290827,3434687.5,-9999,347254.4,22.67,-1,0.243142031,0.989330436,0,0.593598262,12,0.5,0.625,O8,de-protonated,0,-9999,C16 H10 O8,16,10,8,-9999,-9999,-9999,-9999,-9999,-9999
1190,329.030526,329.030370828,329.030128635,3434687.5,-9999,347254.4,22.67,-1,0.736079775,0.906366675,0,0.543820005,7,0.181818182,1.363636364,N4 S2 P1 O2,de-protonated,0,-9999,C11 H15 O2 N4 P1 S2,11,15,2,4,1,2,-9999,-9999,-9999
1191,329.051671,329.05151582,329.051420195,3451076.3,-9999,351521,22.79,-1,0.290608704,0.984792853,0,0.590875712,7,0.769230769,1.076923077,O10,de-protonated,0,-9999,C13 H14 O10,13,14,10,-9999,-9999,-9999,-9999,-9999,-9999
1191,329.051671,329.05151582,329.051258003,3451076.3,-9999,351521,22.79,-1,0.783514819,0.89458932,0,0.536753592,2,0.5,2.375,N4 S2 P1 O4,de-protonated,0,-9999,C8 H19 O4 N4 P1 S2,8,19,4,4,1,2,-9999,-9999,-9999
1192,329.066943,329.066787814,329.066676336,1895623.8,-9999,353900.7,11.43,-1,0.338771052,0.979391216,0,0.58763473,11,0.411764706,0.823529412,O7,de-protonated,0,-9999,C17 H14 O7,17,14,7,-9999,-9999,-9999,-9999,-9999,-9999
1192,329.066943,329.066787814,329.066514145,1895623.8,-9999,353900.7,11.43,-1,0.831654338,0.882056831,0,0.529234098,6,0.083333333,1.583333333,N4 S2 P1 O1,de-protonated,0,-9999,C12 H19 O1 N4 P1 S2,12,19,1,4,1,2,-9999,-9999,-9999
1193,329.088011,329.087855806,329.087805704,5238988.5,-9999,314995.7,35.85,-1,0.152246317,0.995803044,0,0.597481826,6,0.642857143,1.285714286,O9,de-protonated,0,-9999,C14 H18 O9,14,18,9,-9999,-9999,-9999,-9999,-9999,-9999
1194,329.103385,329.103229801,329.103061845,1565392.1,-9999,389994.6,9.02,-1,0.510342946,0.953840992,0,0.572304595,10,0.333333333,1,O6,de-protonated,0,-9999,C18 H18 O6,18,18,6,-9999,-9999,-9999,-9999,-9999,-9999
1195,329.124445,329.124289793,329.124191213,3437268.8,-9999,311159.8,22.69,-1,0.299520891,0.983853512,0,0.590312107,5,0.533333333,1.466666667,O8,de-protonated,0,-9999,C15 H22 O8,15,22,8,-9999,-9999,-9999,-9999,-9999,-9999
1196,329.139385,329.139229787,329.139447355,2568920.3,-9999,276884.4,16.35,-1,-0.661018454,0.923778303,0,0.554266982,9,0.263157895,1.157894737,O5,de-protonated,0,-9999,C19 H22 O5,19,22,5,-9999,-9999,-9999,-9999,-9999,-9999
1197,329.145831,329.145675785,329.145809839,2365145.8,-9999,340633.7,14.86,-1,-0.407277718,0.970350603,0,0.582210362,4,0.133333333,1.8,N2 S1 P1 O2,de-protonated,0,-9999,C15 H27 O2 N2 P1 S1,15,27,2,2,1,1,-9999,-9999,-9999
1198,329.15268,329.152524782,329.152334514,463276256,-9999,316321.1,3380.83,-1,0.578055328,0.687650851,0.990686991,0.808865307,4,0.3125,1.6875,P1 O5,de-protonated,0,-9999,C16 H27 O5 P1,16,27,5,-9999,1,-9999,-9999,-9999,-9999
1199,329.183358,329.183202771,329.183043501,1356514.4,-9999,269416,7.5,-1,0.483833658,0.958413245,0,0.575047947,4,0.357142857,1.857142857,N4 O5,de-protonated,0,-9999,C14 H26 O5 N4,14,26,5,4,-9999,-9999,-9999,-9999,-9999
1200,329.189121,329.188965769,329.188720024,7002339.5,-9999,323504.2,48.73,-1,0.746518358,0.45191252,0.844689208,0.609023195,3,0.235294118,1.823529412,P1 O4,de-protonated,0,-9999,C17 H31 O4 P1,17,31,4,-9999,1,-9999,-9999,-9999,-9999
1201,329.19719,329.197034766,329.196962232,3731685.5,-9999,326058.3,24.84,-1,0.220336013,0.991229722,0,0.594737833,3,0.352941176,1.764705882,O6,de-protonated,0,-9999,C17 H30 O6,17,30,6,-9999,-9999,-9999,-9999,-9999,-9999
1202,329.233562,329.233406752,329.233347741,56871148,-9999,313133.9,412.91,-1,0.179238022,0.99221048,0.996377657,0.993877351,2,0.277777778,1.888888889,O5,de-protonated,0,-9999,C18 H34 O5,18,34,5,-9999,-9999,-9999,-9999,-9999,-9999
1205,330.130919,330.13076342,330.130673575,1330363.5,-9999,297848.7,7.3,-1,0.272151503,0.986650645,0,0.591990387,5,0.538461538,1.615384615,N3 O7,de-protonated,0,-9999,C13 H21 O7 N3,13,21,7,3,-9999,-9999,-9999,-9999,-9999
1206,330.1561,330.155944411,330.155689349,79038912,-9999,312494.5,574.8,-1,0.772550064,0.676698948,0.990686991,0.802294165,4,0.3125,1.6875,13C1 P1 O5,de-protonated,1,1198,C15 H27 O5 P1 13C1,15,27,5,-9999,1,-9999,1,-9999,-9999
1206,330.1561,330.155944411,330.155825695,79038912,-9999,312494.5,574.8,-1,0.359576205,0.653520814,0.934938503,0.76608789,4,0.466666667,1.666666667,N1 O7,de-protonated,0,-9999,C15 H25 O7 N1,15,25,7,1,-9999,-9999,-9999,-9999,-9999
1207,330.167274,330.167118407,330.167059084,7375300,-9999,319877.6,51.45,-1,0.17967496,0.99632998,0.981316938,0.990324763,4,0.428571429,1.785714286,N3 O6,de-protonated,0,-9999,C14 H25 O6 N3,14,25,6,3,-9999,-9999,-9999,-9999,-9999
1208,330.203692,330.203536393,330.203444593,3017676.3,-9999,326155.5,19.63,-1,0.278010194,0.986073771,0,0.591644263,3,0.333333333,1.933333333,N3 O5,de-protonated,0,-9999,C15 H29 O5 N3,15,29,5,3,-9999,-9999,-9999,-9999,-9999
1209,330.220723,330.220567387,330.220354505,2484176.3,-9999,335504.1,15.73,-1,0.644666651,0.927363947,0,0.556418368,2,0.176470588,2,N1 P1 O3,de-protonated,0,-9999,C17 H34 O3 N1 P1,17,34,3,1,1,-9999,-9999,-9999,-9999
1210,330.236935,330.236779381,330.236702576,10779092,-9999,313487.1,76.31,-1,0.232574663,0.990233271,0.996377657,0.992691026,2,0.277777778,1.888888889,13C1 O5,de-protonated,1,1202,C17 H34 O5 13C1,17,34,5,-9999,-9999,-9999,1,-9999,-9999
1215,331.009941,331.009785095,331.009555382,1493254.3,-9999,233636.9,8.49,-1,0.693978003,0.916322704,0,0.549793622,12,0.6,0.533333333,O9,de-protonated,0,-9999,C15 H8 O9,15,8,9,-9999,-9999,-9999,-9999,-9999,-9999
1215,331.009941,331.009785095,331.010044639,1493254.3,-9999,233636.9,8.49,-1,-0.784097051,0.894441178,0,0.536664707,16,0.055555556,0.5,N2 S1 P1 O1,de-protonated,0,-9999,C18 H9 O1 N2 P1 S1,18,9,1,2,1,1,-9999,-9999,-9999
1216,331.046212,331.046056082,331.045940891,2507406.8,-9999,336701.2,15.9,-1,0.347959485,0.978270516,0,0.58696231,11,0.5,0.75,O8,de-protonated,0,-9999,C16 H12 O8,16,12,8,-9999,-9999,-9999,-9999,-9999,-9999
1216,331.046212,331.046056082,331.0457787,2507406.8,-9999,336701.2,15.9,-1,0.837895914,0.880390606,0,0.528234363,6,0.181818182,1.545454545,N4 S2 P1 O2,de-protonated,0,-9999,C11 H17 O2 N4 P1 S2,11,17,2,4,1,2,-9999,-9999,-9999
1217,331.06726,331.067104074,331.067070259,3930771.5,-9999,325591.9,26.29,-1,0.102138593,0.998108865,0,0.598865319,6,0.769230769,1.230769231,O10,de-protonated,0,-9999,C13 H16 O10,13,16,10,-9999,-9999,-9999,-9999,-9999,-9999
1218,331.082581,331.082425068,331.0823264,2431639,-9999,331049.5,15.35,-1,0.298015799,0.984014075,0,0.590408445,10,0.411764706,0.941176471,O7,de-protonated,0,-9999,C17 H16 O7,17,16,7,-9999,-9999,-9999,-9999,-9999,-9999
1218,331.082581,331.082425068,331.082164209,2431639,-9999,331049.5,15.35,-1,0.78789836,0.893471886,0,0.536083132,5,0.083333333,1.75,N4 S2 P1 O1,de-protonated,0,-9999,C12 H21 O1 N4 P1 S2,12,21,1,4,1,2,-9999,-9999,-9999
1219,331.095527,331.095371063,331.09521356,1413018.1,-9999,365390.5,7.91,-1,0.475704257,0.959770729,0,0.575862437,5,0.5,1.5,P1 O7,de-protonated,0,-9999,C14 H21 O7 P1,14,21,7,-9999,1,-9999,-9999,-9999,-9999
1220,331.103694,331.10353806,331.103455768,2947740,-9999,314680.8,19.11,-1,0.248538299,0.98885426,0,0.593312556,5,0.642857143,1.428571429,O9,de-protonated,0,-9999,C14 H20 O9,14,20,9,-9999,-9999,-9999,-9999,-9999,-9999
1221,331.131974,331.13181805,331.131599069,2350754.5,-9999,320293.1,14.75,-1,0.661309773,0.923713735,0,0.554228241,4,0.4,1.666666667,P1 O6,de-protonated,0,-9999,C15 H25 O6 P1,15,25,6,-9999,1,-9999,-9999,-9999,-9999
1222,331.140036,331.139880047,331.139841278,2259620.5,-9999,341686.3,14.09,-1,0.117077693,0.997515939,0,0.598509564,4,0.533333333,1.6,O8,de-protonated,0,-9999,C15 H24 O8,15,24,8,-9999,-9999,-9999,-9999,-9999,-9999
1223,331.142941,331.142785046,331.142832459,1574053.1,-9999,288153.4,9.08,-1,-0.143179263,0.996287157,0,0.597772294,4,0.357142857,1.785714286,N2 P1 O5,de-protonated,0,-9999,C14 H25 O5 N2 P1,14,25,5,2,1,-9999,-9999,-9999,-9999
1225,331.159436,331.15928004,331.159044184,7346857,-9999,308558.9,51.24,-1,0.712211767,0.680375549,0.990686991,0.804500126,4,0.3125,1.6875,13C2 P1 O5,de-protonated,1,1198,C14 H27 O5 P1 13C2,14,27,5,-9999,1,-9999,2,-9999,-9999
1225,331.159436,331.15928004,331.15918053,7346857,-9999,308558.9,51.24,-1,0.300489172,0.655833201,0.934938503,0.767475322,4,0.466666667,1.666666667,13C1 N1 O7,de-protonated,1,1206,C14 H25 O7 N1 13C1,14,25,7,1,-9999,-9999,1,-9999,-9999
1226,331.168316,331.168160036,331.167984579,2299051,-9999,363977.4,14.38,-1,0.529814987,0.950342002,0,0.570205201,3,0.3125,1.8125,P1 O5,de-protonated,0,-9999,C16 H29 O5 P1,16,29,5,-9999,1,-9999,-9999,-9999,-9999
1227,331.1706,331.170444036,331.17035356,1303467.5,-9999,259895.5,7.11,-1,0.273198355,0.986548444,0,0.591929067,12,0.086956522,1.043478261,O2,de-protonated,0,-9999,C23 H24 O2,23,24,2,-9999,-9999,-9999,-9999,-9999,-9999
1227,331.1706,331.170444036,331.170413919,1303467.5,-9999,259895.5,7.11,-1,0.090939059,0.998500561,0.981316938,0.991627111,4,0.428571429,1.785714286,13C1 N3 O6,de-protonated,1,1207,C13 H25 O6 N3 13C1,13,25,6,3,-9999,-9999,1,-9999,-9999
1228,331.176486,331.176330033,331.176226787,1942188.9,-9999,350764.7,11.77,-1,0.311756216,0.982519243,0,0.589511546,3,0.4375,1.75,O7,de-protonated,0,-9999,C16 H28 O7,16,28,7,-9999,-9999,-9999,-9999,-9999,-9999
1230,331.191648,331.191492028,331.191482928,2310832.3,-9999,326794.7,14.46,-1,0.027474576,0.999863042,0,0.599917825,7,0.2,1.4,O4,de-protonated,0,-9999,C20 H28 O4,20,28,4,-9999,-9999,-9999,-9999,-9999,-9999
1231,331.204794,331.204638023,331.204370088,15350451,-9999,308158.9,109.69,-1,0.808971542,0.867549577,0.992821801,0.917658466,2,0.235294118,1.941176471,P1 O4,de-protonated,0,-9999,C17 H33 O4 P1,17,33,4,-9999,1,-9999,-9999,-9999,-9999
1232,331.212923,331.21276702,331.212612296,1641397.3,-9999,352016.8,9.57,-1,0.467142269,0.961177603,0,0.576706562,2,0.352941176,1.882352941,O6,de-protonated,0,-9999,C17 H32 O6,17,32,6,-9999,-9999,-9999,-9999,-9999,-9999
1234,331.249248,331.249092006,331.248997806,12724926,-9999,313746.6,90.52,-1,0.28438008,0.985355033,0.990572104,0.987441862,1,0.277777778,2,O5,de-protonated,0,-9999,C18 H36 O5,18,36,5,-9999,-9999,-9999,-9999,-9999,-9999
1236,332.125452,332.125295682,332.125194271,1321097.4,-9999,391244,7.16,-1,0.305339469,0.983225428,0,0.589935257,9,0.3125,1.1875,N3 O5,de-protonated,0,-9999,C16 H19 O5 N3,16,19,5,3,-9999,-9999,-9999,-9999,-9999
1237,332.14647,332.146313674,332.146323639,2251662.3,-9999,289478.1,13.88,-1,-0.030001563,0.999836693,0,0.599902016,4,0.538461538,1.769230769,N3 O7,de-protonated,0,-9999,C13 H23 O7 N3,13,23,7,3,-9999,-9999,-9999,-9999,-9999
1239,332.182927,332.182770661,332.182709149,1312918.9,-9999,359885.1,7.1,-1,0.185175946,0.993797417,0,0.59627845,3,0.428571429,1.928571429,N3 O6,de-protonated,0,-9999,C14 H27 O6 N3,14,27,6,3,-9999,-9999,-9999,-9999,-9999
1240,332.208199,332.208042651,332.207724923,2978204.8,-9999,342551.8,19.13,-1,0.956415007,0.847066143,0.992821801,0.905368406,2,0.235294118,1.941176471,13C1 P1 O4,de-protonated,1,1231,C16 H33 O4 P1 13C1,16,33,4,-9999,1,-9999,1,-9999,-9999
1240,332.208199,332.208042651,332.207861269,2978204.8,-9999,342551.8,19.13,-1,0.545991997,0.947345732,0,0.568407439,2,0.375,1.9375,N1 O6,de-protonated,0,-9999,C16 H31 O6 N1,16,31,6,1,-9999,-9999,-9999,-9999,-9999
1241,332.236409,332.236252641,332.23600457,7224227.5,-9999,313031.3,49.81,-1,0.746672633,0.451893631,0.844689208,0.609011862,1,0.176470588,2.117647059,N1 P1 O3,de-protonated,0,-9999,C17 H36 O3 N1 P1,17,36,3,1,1,-9999,-9999,-9999,-9999
1242,332.252604,332.252447635,332.252352641,2308007,-9999,366104.2,14.29,-1,0.285909723,0.98527705,0.990572104,0.987395071,1,0.277777778,2,13C1 O5,de-protonated,1,1234,C17 H36 O5 13C1,17,36,5,-9999,-9999,-9999,1,-9999,-9999
1244,333.025424,333.025267349,333.025205446,2825820,-9999,312033.2,18.03,-1,0.185880547,0.993750273,0,0.596250164,11,0.6,0.666666667,O9,de-protonated,0,-9999,C15 H10 O9,15,10,9,-9999,-9999,-9999,-9999,-9999,-9999
1244,333.025424,333.025267349,333.025043255,2825820,-9999,312033.2,18.03,-1,0.672905062,0.921124395,0,0.552674637,6,0.3,1.5,N4 S2 P1 O3,de-protonated,0,-9999,C10 H15 O3 N4 P1 S2,10,15,3,4,1,2,-9999,-9999,-9999
1245,333.061875,333.061718336,333.061590955,3840100.8,-9999,315729.9,25.36,-1,0.382451983,0.973808689,0,0.584285214,10,0.5,0.875,O8,de-protonated,0,-9999,C16 H14 O8,16,14,8,-9999,-9999,-9999,-9999,-9999,-9999
1245,333.061875,333.061718336,333.061428764,3840100.8,-9999,315729.9,25.36,-1,0.869423388,0.871833754,0,0.523100252,5,0.181818182,1.727272727,N4 S2 P1 O2,de-protonated,0,-9999,C11 H19 O2 N4 P1 S2,11,19,2,4,1,2,-9999,-9999,-9999
1246,333.082905,333.082748328,333.082720324,2050665.6,-9999,325107.3,12.43,-1,0.084075878,0.998718206,0,0.599230924,5,0.769230769,1.384615385,O10,de-protonated,0,-9999,C13 H18 O10,13,18,10,-9999,-9999,-9999,-9999,-9999,-9999
1247,333.098165,333.098008322,333.097976465,2066541.3,-9999,319551.9,12.54,-1,0.09563938,0.998341685,0,0.599005011,9,0.411764706,1.058823529,O7,de-protonated,0,-9999,C17 H18 O7,17,18,7,-9999,-9999,-9999,-9999,-9999,-9999
1247,333.098165,333.098008322,333.097814273,2066541.3,-9999,319551.9,12.54,-1,0.582557452,0.940278831,0,0.564167299,4,0.083333333,1.916666667,N4 S2 P1 O1,de-protonated,0,-9999,C12 H23 O1 N4 P1 S2,12,23,1,4,1,2,-9999,-9999,-9999
1248,333.111272,333.111115317,333.110863624,22482032,-9999,311751.1,160.06,-1,0.755582871,0.898963456,0.971301206,0.927898556,4,0.5,1.642857143,P1 O7,de-protonated,0,-9999,C14 H23 O7 P1,14,23,7,-9999,1,-9999,-9999,-9999,-9999
1250,333.147635,333.147478304,333.147249134,3405944.8,-9999,371021.9,22.22,-1,0.68789418,0.917721576,0,0.550632945,3,0.4,1.8,P1 O6,de-protonated,0,-9999,C15 H27 O6 P1,15,27,6,-9999,1,-9999,-9999,-9999,-9999
1251,333.15649,333.156333301,333.156360722,2665083,-9999,300846.8,16.87,-1,-0.08230845,0.998771498,0,0.599262899,2,0.1875,1.875,S2 O3,de-protonated,0,-9999,C16 H30 O3 S2,16,30,3,-9999,-9999,2,-9999,-9999,-9999
1252,333.171054,333.170897295,333.170747484,1590398.4,-9999,372333.8,9.1,-1,0.44965414,0.963977909,0,0.578386745,7,0.263157895,1.368421053,O5,de-protonated,0,-9999,C19 H26 O5,19,26,5,-9999,-9999,-9999,-9999,-9999,-9999
1253,333.184049,333.18389229,333.183634643,4417665.5,-9999,319413.6,29.53,-1,0.77328896,0.897177167,0,0.5383063,2,0.3125,1.9375,P1 O5,de-protonated,0,-9999,C16 H31 O5 P1,16,31,5,-9999,1,-9999,-9999,-9999,-9999
1255,333.207371,333.207214282,333.207132993,4624519,-9999,325878.6,31.02,-1,0.243958806,0.989259019,0,0.593555411,6,0.2,1.5,O4,de-protonated,0,-9999,C20 H30 O4,20,30,4,-9999,-9999,-9999,-9999,-9999,-9999
1256,333.220427,333.220270277,333.220020152,22453386,-9999,313068.6,159.85,-1,0.750628403,0.897537427,0.987633818,0.933575983,1,0.235294118,2.058823529,P1 O4,de-protonated,0,-9999,C17 H35 O4 P1,17,35,4,-9999,1,-9999,-9999,-9999,-9999
1258,334.114635,334.114477946,334.11421845900003,4288861,-9999,310458.7,28.6,-1,0.776639867,0.89633208,0.971301206,0.92631973,4,0.5,1.642857143,13C1 P1 O7,de-protonated,1,1248,C13 H23 O7 P1 13C1,13,23,7,-9999,1,-9999,1,-9999,-9999
1258,334.114635,334.114477946,334.114354805,4288861,-9999,310458.7,28.6,-1,0.368558849,0.975654066,0,0.58539244,4,0.692307692,1.615384615,N1 O9,de-protonated,0,-9999,C13 H21 O9 N1,13,21,9,1,-9999,-9999,-9999,-9999,-9999
1261,334.223797,334.223639905,334.223374987,4523383,-9999,319954.8,30.29,-1,0.792637464,0.892258385,0.987633818,0.930408558,1,0.235294118,2.058823529,13C1 P1 O4,de-protonated,1,1256,C16 H35 O4 P1 13C1,16,35,4,-9999,1,-9999,1,-9999,-9999
1261,334.223797,334.223639905,334.223511333,4523383,-9999,319954.8,30.29,-1,0.384689718,0.973505409,0,0.584103245,1,0.375,2.0625,N1 O6,de-protonated,0,-9999,C16 H33 O6 N1,16,33,6,1,-9999,-9999,-9999,-9999,-9999
1263,334.252065,334.251907895,334.251654634,70634880,-9999,311599.7,507.99,-1,0.757695653,0.600952401,0.986739801,0.755267361,0,0.176470588,2.235294118,N1 P1 O3,de-protonated,0,-9999,C17 H38 O3 N1 P1,17,38,3,1,1,-9999,-9999,-9999,-9999
1269,335.029401,335.029243607,335.02945993,5431863,-9999,322733.9,36.85,-1,-0.645682492,0.927143408,0,0.556286045,5,0.363636364,1.545454545,N2 S2 P1 O4,de-protonated,0,-9999,C11 H17 O4 N2 P1 S2,11,17,4,2,1,2,-9999,-9999,-9999
1270,335.0411,335.040942603,335.040855511,4731449.5,-9999,312185.3,31.79,-1,0.259945591,0.987814059,0,0.592688436,10,0.6,0.8,O9,de-protonated,0,-9999,C15 H12 O9,15,12,9,-9999,-9999,-9999,-9999,-9999,-9999
1270,335.0411,335.040942603,335.040693319,4731449.5,-9999,312185.3,31.79,-1,0.744040137,0.904431041,0,0.542658625,5,0.3,1.7,N4 S2 P1 O3,de-protonated,0,-9999,C10 H17 O3 N4 P1 S2,10,17,3,4,1,2,-9999,-9999,-9999
1271,335.077445,335.07728759,335.07724102,3982914.5,-9999,328673.2,26.38,-1,0.13898166,0.99650129,0,0.597900774,9,0.5,1,O8,de-protonated,0,-9999,C16 H16 O8,16,16,8,-9999,-9999,-9999,-9999,-9999,-9999
1271,335.077445,335.07728759,335.077078829,3982914.5,-9999,328673.2,26.38,-1,0.623023579,0.931992205,0,0.559195323,4,0.181818182,1.909090909,N4 S2 P1 O2,de-protonated,0,-9999,C11 H21 O2 N4 P1 S2,11,21,2,4,1,2,-9999,-9999,-9999
1272,335.090578,335.090420585,335.090128179,2971205.5,-9999,344223.5,19.07,-1,0.872616456,0.870954256,0,0.522572554,4,0.615384615,1.615384615,P1 O8,de-protonated,0,-9999,C13 H21 O8 P1,13,21,8,-9999,1,-9999,-9999,-9999,-9999
1274,335.113815,335.113657576,335.113626529,2734155,-9999,367151.5,17.36,-1,0.09264553,0.998443803,0,0.599066282,8,0.411764706,1.176470588,O7,de-protonated,0,-9999,C17 H20 O7,17,20,7,-9999,-9999,-9999,-9999,-9999,-9999
1274,335.113815,335.113657576,335.11346433800003,2734155,-9999,367151.5,17.36,-1,0.576634872,0.941450885,0,0.564870531,3,0.083333333,2.083333333,N4 S2 P1 O1,de-protonated,0,-9999,C12 H25 O1 N4 P1 S2,12,25,1,4,1,2,-9999,-9999,-9999
1275,335.126869,335.126711571,335.126513689,3014222.3,-9999,335819.6,19.39,-1,0.590470672,0.938696467,0,0.56321788,3,0.5,1.785714286,P1 O7,de-protonated,0,-9999,C14 H25 O7 P1,14,25,7,-9999,1,-9999,-9999,-9999,-9999
1277,335.150363,335.150205563,335.150012039,1613651.8,-9999,328686.2,9.27,-1,0.577424721,0.941295185,0,0.564777111,7,0.333333333,1.333333333,O6,de-protonated,0,-9999,C18 H24 O6,18,24,6,-9999,-9999,-9999,-9999,-9999,-9999
1278,335.163327,335.163169558,335.162899198,4886103,-9999,319905.6,32.91,-1,0.806651137,0.888637285,0,0.533182371,2,0.4,1.933333333,P1 O6,de-protonated,0,-9999,C15 H29 O6 P1,15,29,6,-9999,1,-9999,-9999,-9999,-9999
1279,335.19971,335.199552544,335.199284708,7804511.5,-9999,318156.3,54,-1,0.799037259,0.917259916,0.952173782,0.931225462,1,0.3125,2.0625,P1 O5,de-protonated,0,-9999,C16 H33 O5 P1,16,33,5,-9999,1,-9999,-9999,-9999,-9999
1281,335.223008,335.222850536,335.222783057,4764261,-9999,318486.9,32.03,-1,0.201293939,0.986846166,0.957150114,0.974967745,5,0.2,1.6,O4,de-protonated,0,-9999,C20 H32 O4,20,32,4,-9999,-9999,-9999,-9999,-9999,-9999
1282,335.236075,335.235917531,335.235670217,18591336,-9999,310894.3,131.94,-1,0.737731483,0.903393617,0.992381836,0.938988905,0,0.235294118,2.176470588,P1 O4,de-protonated,0,-9999,C17 H37 O4 P1,17,37,4,-9999,1,-9999,-9999,-9999,-9999
1283,335.25542,335.255262524,335.255009469,12985965,-9999,309810.4,91.44,-1,0.75481225,0.601190177,0.986739801,0.755410027,0,0.176470588,2.235294118,13C1 N1 P1 O3,de-protonated,1,1263,C16 H38 O3 N1 P1 13C1,16,38,3,1,1,-9999,1,-9999,-9999
1283,335.25542,335.255262524,335.255145815,12985965,-9999,309810.4,91.44,-1,0.348119841,0.489125352,0.85247738,0.634466163,0,0.3125,2.25,N2 O5,de-protonated,0,-9999,C16 H36 O5 N2,16,36,5,2,-9999,-9999,-9999,-9999,-9999
1285,336.120591,336.120433203,336.120108891,1339196.9,-9999,373268.2,7.28,-1,0.964871327,0.84457267,0,0.506743602,8,0.4,1.266666667,N3 O6,de-protonated,0,-9999,C15 H19 O6 N3,15,19,6,3,-9999,-9999,-9999,-9999,-9999
1286,336.169754,336.169596185,336.16938156,3112264.8,-9999,316832.2,20.09,-1,0.638444638,0.928708302,0,0.557224981,2,0.384615385,2.153846154,N3 P1 O5,de-protonated,0,-9999,C13 H28 O5 N3 P1,13,28,5,3,1,-9999,-9999,-9999,-9999
1287,336.202987,336.202829173,336.202639543,1894736.9,-9999,306490.8,11.29,-1,0.564035752,0.943909091,0.952173782,0.947214968,1,0.3125,2.0625,13C1 P1 O5,de-protonated,1,1279,C15 H33 O5 P1 13C1,15,33,5,-9999,1,-9999,1,-9999,-9999
1287,336.202987,336.202829173,336.202775888,1894736.9,-9999,306490.8,11.29,-1,0.158489735,0.995452562,0,0.597271537,1,0.466666667,2.066666667,N1 O7,de-protonated,0,-9999,C15 H31 O7 N1,15,31,7,1,-9999,-9999,-9999,-9999,-9999
1288,336.206172,336.206014172,336.205767069,2677585.5,-9999,293335.1,16.95,-1,0.734974632,0.90663408,0,0.543980448,1,0.285714286,2.285714286,N3 P1 O4,de-protonated,0,-9999,C14 H32 O4 N3 P1,14,32,4,3,1,-9999,-9999,-9999,-9999
1289,336.220855,336.220697166,336.22102321,1460053.1,-9999,383922.3,8.15,-1,-0.969731195,0.843133087,0,0.505879852,5,0.055555556,1.777777778,N3 P1 O1,de-protonated,0,-9999,C18 H32 O1 N3 P1,18,32,1,3,1,-9999,-9999,-9999,-9999
1290,336.226405,336.226247164,336.226137892,1349206.5,-9999,369556,7.35,-1,0.324995141,0.981017536,0.957150114,0.971470567,5,0.2,1.6,13C1 O4,de-protonated,1,1281,C19 H32 O4 13C1,19,32,4,-9999,-9999,-9999,1,-9999,-9999
1291,336.239438,336.239280159,336.239025052,3618649.8,-9999,312677.8,23.75,-1,0.758708681,0.900820814,0.992381836,0.937445223,0,0.235294118,2.176470588,13C1 P1 O4,de-protonated,1,1282,C16 H37 O4 P1 13C1,16,37,4,-9999,1,-9999,1,-9999,-9999
1291,336.239438,336.239280159,336.239161398,3618649.8,-9999,312677.8,23.75,-1,0.35320647,0.977617689,0,0.586570613,0,0.375,2.1875,N1 O6,de-protonated,0,-9999,C16 H35 O6 N1,16,35,6,1,-9999,-9999,-9999,-9999,-9999
1298,336.986665,336.986506883,336.986725737,1641486.9,-9999,325220.7,9.46,-1,-0.649444783,0.92632405,0,0.55579443,11,0.666666667,0.583333333,N2 P1 O8,de-protonated,0,-9999,C12 H7 O8 N2 P1,12,7,8,2,1,-9999,-9999,-9999,-9999
1299,337.020289,337.02013087,337.020120066,3198487,-9999,306512.4,20.71,-1,0.032059611,0.999813521,0,0.599888113,10,0.714285714,0.714285714,O10,de-protonated,0,-9999,C14 H10 O10,14,10,10,-9999,-9999,-9999,-9999,-9999,-9999
1299,337.020289,337.02013087,337.019957874,3198487,-9999,306512.4,20.71,-1,0.513311037,0.953315289,0,0.571989173,5,0.444444444,1.666666667,N4 S2 P1 O4,de-protonated,0,-9999,C9 H15 O4 N4 P1 S2,9,15,4,4,1,2,-9999,-9999,-9999
1300,337.056686,337.056527857,337.056505575,5774368,-9999,330843.8,39.33,-1,0.06610735,0.999207351,0,0.59952441,9,0.6,0.933333333,O9,de-protonated,0,-9999,C15 H14 O9,15,14,9,-9999,-9999,-9999,-9999,-9999,-9999
1300,337.056686,337.056527857,337.056343384,5774368,-9999,330843.8,39.33,-1,0.547306841,0.947098663,0,0.568259198,4,0.3,1.9,N4 S2 P1 O3,de-protonated,0,-9999,C10 H19 O3 N4 P1 S2,10,19,3,4,1,2,-9999,-9999,-9999
1301,337.093123,337.092964843,337.092891084,4587561,-9999,310533.3,30.75,-1,0.218809349,0.991350311,0,0.594810186,8,0.5,1.125,O8,de-protonated,0,-9999,C16 H18 O8,16,18,8,-9999,-9999,-9999,-9999,-9999,-9999
1301,337.093123,337.092964843,337.092728893,4587561,-9999,310533.3,30.75,-1,0.699956973,0.914938045,0,0.548962827,3,0.181818182,2.090909091,N4 S2 P1 O2,de-protonated,0,-9999,C11 H23 O2 N4 P1 S2,11,23,2,4,1,2,-9999,-9999,-9999
1302,337.129512,337.12935383,337.129276594,3153969.8,-9999,320317.2,20.39,-1,0.229099823,0.990521558,0,0.594312935,7,0.411764706,1.294117647,O7,de-protonated,0,-9999,C17 H22 O7,17,22,7,-9999,-9999,-9999,-9999,-9999,-9999
1302,337.129512,337.12935383,337.129114402,3153969.8,-9999,320317.2,20.39,-1,0.710195523,0.912544281,0,0.547526569,2,0.083333333,2.25,N4 S2 P1 O1,de-protonated,0,-9999,C12 H27 O1 N4 P1 S2,12,27,1,4,1,2,-9999,-9999,-9999
1303,337.142598,337.142439825,337.142163753,2453556.8,-9999,333188.4,15.33,-1,0.81885884900000006,0.88544339,0,0.531266034,2,0.5,1.928571429,P1 O7,de-protonated,0,-9999,C14 H27 O7 P1,14,27,7,-9999,1,-9999,-9999,-9999,-9999
1304,337.160233,337.160074819,337.159788876,1596089.1,-9999,262420.9,9.14,-1,0.848091369,0.877648949,0,0.52658937,15,0.04,0.88,O1,de-protonated,0,-9999,C25 H22 O1,25,22,1,-9999,-9999,-9999,-9999,-9999,-9999
1305,337.165871,337.165712817,337.165662103,1598522.5,-9999,427762.6,9.15,-1,0.150411077,0.995903411,0,0.597542047,6,0.333333333,1.444444444,O6,de-protonated,0,-9999,C18 H26 O6,18,26,6,-9999,-9999,-9999,-9999,-9999,-9999
1306,337.178925,337.178766812,337.178549263,5593149.5,-9999,316342.2,38.02,-1,0.645204296,0.927247261,0,0.556348356,1,0.4,2.066666667,P1 O6,de-protonated,0,-9999,C15 H31 O6 P1,15,31,6,-9999,1,-9999,-9999,-9999,-9999
1309,337.20567,337.205511802,337.205418916,3199044.3,-9999,312615.5,20.72,-1,0.275458354,0.986326506,0,0.591795904,0,0.3125,2.125,S1 O5,de-protonated,0,-9999,C16 H34 O5 S1,16,34,5,-9999,-9999,1,-9999,-9999,-9999
1310,337.2153,337.215141798,337.214934772,4918342.5,-9999,315866.3,33.14,-1,0.613929616,0.933896419,0,0.560337852,0,0.3125,2.1875,P1 O5,de-protonated,0,-9999,C16 H35 O5 P1,16,35,5,-9999,1,-9999,-9999,-9999,-9999
1312,337.238726,337.23856779,337.238433122,1766988.3,-9999,326386.3,10.37,-1,0.399325141,0.971480667,0,0.5828884,4,0.2,1.7,O4,de-protonated,0,-9999,C20 H34 O4,20,34,4,-9999,-9999,-9999,-9999,-9999,-9999
1315,338.027621,338.027462498,338.027471807,1429773.5,-9999,315883.7,7.93,-1,-0.02754056,0.999862384,0,0.59991743,9,0.307692308,1,N3 S2 O4,de-protonated,0,-9999,C13 H13 O4 N3 S2,13,13,4,3,-9999,2,-9999,-9999,-9999
1317,338.209019,338.20886043,338.208529974,1310778.1,-9999,359807.7,7.07,-1,0.977079183,0.840947448,0,0.504568469,5,0.235294118,1.705882353,N3 O4,de-protonated,0,-9999,C17 H29 O4 N3,17,29,4,3,-9999,-9999,-9999,-9999,-9999
1324,338.969921,338.969762149,338.970013044,1474294.4,-9999,341992.5,8.25,-1,-0.740170003,0.905374183,0,0.54322451,15,0.4375,0.3125,P1 O7,de-protonated,0,-9999,C16 H5 O7 P1,16,5,7,-9999,1,-9999,-9999,-9999,-9999
1325,339.01481,339.014651132,339.014640762,1506305.5,-9999,406177,8.48,-1,0.030588974,0.999830236,0,0.599898141,14,0.470588235,0.470588235,O8,de-protonated,0,-9999,C17 H8 O8,17,8,8,-9999,-9999,-9999,-9999,-9999,-9999
1325,339.01481,339.014651132,339.014478571,1506305.5,-9999,406177,8.48,-1,0.509009057,0.954076349,0,0.57244581,9,0.166666667,1.083333333,N4 S2 P1 O2,de-protonated,0,-9999,C12 H13 O2 N4 P1 S2,12,13,2,4,1,2,-9999,-9999,-9999
1326,339.036013,339.035854124,339.03577013,4367879,-9999,323007.8,29.16,-1,0.247744367,0.98892496,0,0.593354976,9,0.714285714,0.857142857,O10,de-protonated,0,-9999,C14 H12 O10,14,12,10,-9999,-9999,-9999,-9999,-9999,-9999
1326,339.036013,339.035854124,339.035607939,4367879,-9999,323007.8,29.16,-1,0.726134738,0.90876136,0,0.545256816,4,0.444444444,1.888888889,N4 S2 P1 O4,de-protonated,0,-9999,C9 H17 O4 N4 P1 S2,9,17,4,4,1,2,-9999,-9999,-9999
1327,339.072355,339.072196111,339.072155639,6696464,-9999,302382.3,45.98,-1,0.119359258,0.498709153,0.860410506,0.643389694,8,0.6,1.066666667,O9,de-protonated,0,-9999,C15 H16 O9,15,16,9,-9999,-9999,-9999,-9999,-9999,-9999
1327,339.072355,339.072196111,339.071993448,6696464,-9999,302382.3,45.98,-1,0.597698232,0.937234928,0,0.562340957,3,0.3,2.1,N4 S2 P1 O3,de-protonated,0,-9999,C10 H21 O3 N4 P1 S2,10,21,3,4,1,2,-9999,-9999,-9999
1328,339.108744,339.108585097,339.108541149,5956121,-9999,310635.6,40.64,-1,0.129600341,0.498478491,0.85247738,0.640078047,7,0.5,1.25,O8,de-protonated,0,-9999,C16 H20 O8,16,20,8,-9999,-9999,-9999,-9999,-9999,-9999
1328,339.108744,339.108585097,339.108378958,5956121,-9999,310635.6,40.64,-1,0.607887995,0.935148128,0,0.561088877,2,0.181818182,2.272727273,N4 S2 P1 O2,de-protonated,0,-9999,C11 H25 O2 N4 P1 S2,11,25,2,4,1,2,-9999,-9999,-9999
1329,339.137047,339.136888087,339.13668445,1335327.9,-9999,357698.1,7.25,-1,0.600457739,0.936672823,0,0.562003694,6,0.294117647,1.470588235,P1 O5,de-protonated,0,-9999,C17 H25 O5 P1,17,25,5,-9999,1,-9999,-9999,-9999,-9999
1330,339.145096,339.144937084,339.144926658,2325538,-9999,306507.3,14.4,-1,0.030741364,0.99982854,0,0.599897124,6,0.411764706,1.411764706,O7,de-protonated,0,-9999,C17 H24 O7,17,24,7,-9999,-9999,-9999,-9999,-9999,-9999
1330,339.145096,339.144937084,339.144764467,2325538,-9999,306507.3,14.4,-1,0.508977657,0.954081883,0,0.57244913,1,0.083333333,2.416666667,N4 S2 P1 O1,de-protonated,0,-9999,C12 H29 O1 N4 P1 S2,12,29,1,4,1,2,-9999,-9999,-9999
1331,339.158226,339.158067079,339.157813818,1516069.1,-9999,333012.7,8.55,-1,0.746735996,0.903771745,0,0.542263047,1,0.5,2.071428571,P1 O7,de-protonated,0,-9999,C14 H29 O7 P1,14,29,7,-9999,1,-9999,-9999,-9999,-9999
1332,339.163671,339.163512077,339.163554103,1559846.5,-9999,330309.6,8.87,-1,-0.123909857,0.997217977,0,0.598330786,5,0.222222222,1.555555556,S1 O4,de-protonated,0,-9999,C18 H28 O4 S1,18,28,4,-9999,-9999,1,-9999,-9999,-9999
1332,339.163671,339.163512077,339.16317398,1559846.5,-9999,330309.6,8.87,-1,0.996855905,0.835011739,0,0.501007043,10,0.05,1.25,N2 P1 O1,de-protonated,0,-9999,C20 H25 O1 N2 P1,20,25,1,2,1,-9999,-9999,-9999,-9999
1333,339.166296,339.166137076,339.166056026,6539815,-9999,320076.9,44.85,-1,0.238968109,0.989691734,0,0.59381504,1,0.642857143,2,O9,de-protonated,0,-9999,C14 H28 O9,14,28,9,-9999,-9999,-9999,-9999,-9999,-9999
1335,339.181513,339.18135407,339.181312168,3218987,-9999,350504.4,20.86,-1,0.123541443,0.997234473,0,0.598340684,5,0.333333333,1.555555556,O6,de-protonated,0,-9999,C18 H28 O6,18,28,6,-9999,-9999,-9999,-9999,-9999,-9999
1336,339.194656,339.194497066,339.194199327,4148782.3,-9999,326252.8,27.58,-1,0.877781857,0.869526566,0,0.52171594,0,0.4,2.2,P1 O6,de-protonated,0,-9999,C15 H33 O6 P1,15,33,6,-9999,1,-9999,-9999,-9999,-9999
1337,339.200186,339.200027064,339.199939612,20738608,-9999,304800.4,147.45,-1,0.257816754,0.990152822,0.988351603,0.989432334,4,0.157894737,1.684210526,S1 O3,de-protonated,0,-9999,C19 H32 O3 S1,19,32,3,-9999,-9999,1,-9999,-9999,-9999
1339,339.218008,339.217849057,339.217697677,1409844,-9999,327036.9,7.79,-1,0.446262362,0.964509571,0,0.578705743,4,0.263157895,1.684210526,O5,de-protonated,0,-9999,C19 H32 O5,19,32,5,-9999,-9999,-9999,-9999,-9999,-9999
1340,339.222895,339.222736055,339.222406391,2662965.3,-9999,319614.7,16.84,-1,0.971823901,0.842511721,0,0.505507033,4,0.058823529,1.882352941,N4 S1 O1,de-protonated,0,-9999,C17 H32 O1 N4 S1,17,32,1,4,-9999,1,-9999,-9999,-9999
1343,340.203524,340.203364692,340.203294447,3915562.8,-9999,319166.5,25.89,-1,0.20647947,0.992294003,0.988351603,0.990717043,4,0.157894737,1.684210526,13C1 S1 O3,de-protonated,1,1337,C18 H32 O3 S1 13C1,18,32,3,-9999,-9999,1,1,-9999,-9999
1343,340.203524,340.203364692,340.20305067,3915562.8,-9999,319166.5,25.89,-1,0.923042563,0.856761535,0,0.514056921,9,0.1,1.35,N3 O2,de-protonated,0,-9999,C20 H27 O2 N3,20,27,2,3,-9999,-9999,-9999,-9999,-9999
1348,341.030541,341.030381386,341.030290827,1979387.4,-9999,361141.5,11.9,-1,0.265547014,0.987286613,0,0.592371968,13,0.470588235,0.588235294,O8,de-protonated,0,-9999,C17 H10 O8,17,10,8,-9999,-9999,-9999,-9999,-9999,-9999
1348,341.030541,341.030381386,341.030128635,1979387.4,-9999,361141.5,11.9,-1,0.741139519,0.905138284,0,0.54308297,8,0.166666667,1.25,N4 S2 P1 O2,de-protonated,0,-9999,C12 H15 O2 N4 P1 S2,12,15,2,4,1,2,-9999,-9999,-9999
1349,341.051668,341.051508378,341.051420195,5096448.5,-9999,319401,34.42,-1,0.258564224,0.987942447,0,0.592765468,8,0.714285714,1,O10,de-protonated,0,-9999,C14 H14 O10,14,14,10,-9999,-9999,-9999,-9999,-9999,-9999
1349,341.051668,341.051508378,341.051258003,5096448.5,-9999,319401,34.42,-1,0.734127261,0.906838894,0,0.544103337,3,0.444444444,2.111111111,N4 S2 P1 O4,de-protonated,0,-9999,C9 H19 O4 N4 P1 S2,9,19,4,4,1,2,-9999,-9999,-9999
1350,341.066796,341.066636373,341.066676336,1642756.5,-9999,298549.6,9.47,-1,-0.117171205,0.997511975,0,0.598507185,12,0.388888889,0.777777778,O7,de-protonated,0,-9999,C18 H14 O7,18,14,7,-9999,-9999,-9999,-9999,-9999,-9999
1350,341.066796,341.066636373,341.066514145,1642756.5,-9999,298549.6,9.47,-1,0.358370381,0.976966093,0,0.586179656,7,0.076923077,1.461538462,N4 S2 P1 O1,de-protonated,0,-9999,C13 H19 O1 N4 P1 S2,13,19,1,4,1,2,-9999,-9999,-9999
1351,341.088031,341.087871365,341.087805704,7310346,-9999,310008.9,50.42,-1,0.192504352,0.496649222,0.860410506,0.642153736,7,0.6,1.2,O9,de-protonated,0,-9999,C15 H18 O9,15,18,9,-9999,-9999,-9999,-9999,-9999,-9999
1351,341.088031,341.087871365,341.087643513,7310346,-9999,310008.9,50.42,-1,0.668016626,0.92222063,0,0.553332378,2,0.3,2.3,N4 S2 P1 O3,de-protonated,0,-9999,C10 H23 O3 N4 P1 S2,10,23,3,4,1,2,-9999,-9999,-9999
1352,341.103403,341.103243359,341.103061845,1747469.9,-9999,314958.3,10.22,-1,0.532138018,0.9499167,0,0.56995002,11,0.315789474,0.947368421,O6,de-protonated,0,-9999,C19 H18 O6,19,18,6,-9999,-9999,-9999,-9999,-9999,-9999
1353,341.124422,341.124262351,341.124191213,4620307,-9999,319390.6,30.98,-1,0.208540084,0.992140036,0,0.595284022,6,0.5,1.375,O8,de-protonated,0,-9999,C16 H22 O8,16,22,8,-9999,-9999,-9999,-9999,-9999,-9999
1353,341.124422,341.124262351,341.124029022,4620307,-9999,319390.6,30.98,-1,0.684001647,0.918611245,0,0.551166747,1,0.181818182,2.454545455,N4 S2 P1 O2,de-protonated,0,-9999,C11 H27 O2 N4 P1 S2,11,27,2,4,1,2,-9999,-9999,-9999
1355,341.142919,341.142759345,341.142818658,1504279.9,-9999,347077.2,8.46,-1,-0.173866736,0.994529887,0,0.596717932,5,0.294117647,1.529411765,S1 O5,de-protonated,0,-9999,C17 H26 O5 S1,17,26,5,-9999,-9999,1,-9999,-9999,-9999
1355,341.142919,341.142759345,341.142438535,1504279.9,-9999,347077.2,8.46,-1,0.94039643,0.851749066,0,0.511049439,10,0.105263158,1.210526316,N2 P1 O2,de-protonated,0,-9999,C19 H23 O2 N2 P1,19,23,2,2,1,-9999,-9999,-9999,-9999
1356,341.152828,341.152668341,341.152334514,2381850.5,-9999,336012.4,14.81,-1,0.978526776,0.840515592,0,0.504309355,5,0.294117647,1.588235294,P1 O5,de-protonated,0,-9999,C17 H27 O5 P1,17,27,5,-9999,1,-9999,-9999,-9999,-9999
1357,341.160846,341.160686338,341.160576723,3308572.5,-9999,333994.2,21.5,-1,0.321301005,0.981442614,0,0.588865568,5,0.411764706,1.529411765,O7,de-protonated,0,-9999,C17 H26 O7,17,26,7,-9999,-9999,-9999,-9999,-9999,-9999
1358,341.179422,341.179262331,341.179204167,3078689,-9999,332720.3,19.84,-1,0.170478593,0.994740446,0,0.596844268,4,0.222222222,1.666666667,S1 O4,de-protonated,0,-9999,C18 H30 O4 S1,18,30,4,-9999,-9999,1,-9999,-9999,-9999
1359,341.183276,341.18311633,341.183043501,2460194,-9999,354305.7,15.37,-1,0.213458305,0.991766473,0,0.595059884,5,0.333333333,1.733333333,N4 O5,de-protonated,0,-9999,C15 H26 O5 N4,15,26,5,4,-9999,-9999,-9999,-9999,-9999
1360,341.197198,341.197038324,341.196962232,7259173.5,-9999,306439.3,50.05,-1,0.223016146,0.994619188,0.979660355,0.988635655,4,0.333333333,1.666666667,O6,de-protonated,0,-9999,C18 H30 O6,18,30,6,-9999,-9999,-9999,-9999,-9999,-9999
1362,341.233583,341.233423311,341.233347741,2495535,-9999,344834.5,15.63,-1,0.221460226,0.991140396,0,0.594684237,3,0.263157895,1.789473684,O5,de-protonated,0,-9999,C19 H34 O5,19,34,5,-9999,-9999,-9999,-9999,-9999,-9999
1363,341.27001,341.269850297,341.269733251,3066424,-9999,310751.8,19.75,-1,0.342974399,0.978882103,0,0.587329262,2,0.2,1.9,O4,de-protonated,0,-9999,C20 H38 O4,20,38,4,-9999,-9999,-9999,-9999,-9999,-9999
1366,342.167287,342.167126965,342.167059084,6251805,-9999,306503.4,42.32,-1,0.19838624,0.992884144,0,0.595730487,5,0.4,1.666666667,N3 O6,de-protonated,0,-9999,C15 H25 O6 N3,15,25,6,3,-9999,-9999,-9999,-9999,-9999
1367,342.200511,342.200350953,342.200317067,1629221.4,-9999,322110.7,9.27,-1,0.099023898,0.998222345,0.979660355,0.990797549,4,0.333333333,1.666666667,13C1 O6,de-protonated,1,1360,C17 H30 O6 13C1,17,30,6,-9999,-9999,-9999,1,-9999,-9999
1374,343.009759,343.009598654,343.009555382,2052085.4,-9999,317194.3,12.29,-1,0.126153644,0.997116456,0,0.598269874,13,0.5625,0.5,O9,de-protonated,0,-9999,C16 H8 O9,16,8,9,-9999,-9999,-9999,-9999,-9999,-9999
1374,343.009759,343.009598654,343.00939319,2052085.4,-9999,317194.3,12.29,-1,0.599001775,0.93696968,0,0.562181808,8,0.272727273,1.181818182,N4 S2 P1 O3,de-protonated,0,-9999,C11 H13 O3 N4 P1 S2,11,13,3,4,1,2,-9999,-9999,-9999
1375,343.046143,343.04598264,343.045940891,2605054.8,-9999,304580.5,16.25,-1,0.121701159,0.99731614,0,0.598389684,12,0.470588235,0.705882353,O8,de-protonated,0,-9999,C17 H12 O8,17,12,8,-9999,-9999,-9999,-9999,-9999,-9999
1375,343.046143,343.04598264,343.0457787,2605054.8,-9999,304580.5,16.25,-1,0.594499135,0.937883753,0,0.562730252,7,0.166666667,1.416666667,N4 S2 P1 O2,de-protonated,0,-9999,C12 H17 O2 N4 P1 S2,12,17,2,4,1,2,-9999,-9999,-9999
1377,343.067291,343.067130632,343.067070259,5589508.5,-9999,325302.5,37.59,-1,0.175980753,0.994396434,0,0.59663786,7,0.714285714,1.142857143,O10,de-protonated,0,-9999,C14 H16 O10,14,16,10,-9999,-9999,-9999,-9999,-9999,-9999
1377,343.067291,343.067130632,343.066908068,5589508.5,-9999,325302.5,37.59,-1,0.648749635,0.926475744,0,0.555885447,2,0.444444444,2.333333333,N4 S2 P1 O4,de-protonated,0,-9999,C9 H21 O4 N4 P1 S2,9,21,4,4,1,2,-9999,-9999,-9999
1378,343.103636,343.103475619,343.103455768,5101069.5,-9999,315122,34.09,-1,0.057855433,0.99939283,0,0.599635698,6,0.6,1.333333333,O9,de-protonated,0,-9999,C15 H20 O9,15,20,9,-9999,-9999,-9999,-9999,-9999,-9999
1378,343.103636,343.103475619,343.103293577,5101069.5,-9999,315122,34.09,-1,0.530574123,0.950203202,0,0.570121921,1,0.3,2.5,N4 S2 P1 O3,de-protonated,0,-9999,C10 H25 O3 N4 P1 S2,10,25,3,4,1,2,-9999,-9999,-9999
1379,343.119014,343.118853613,343.11871191,2087953.6,-9999,317412.3,12.55,-1,0.412986562,0.969526465,0,0.581715879,10,0.315789474,1.052631579,O6,de-protonated,0,-9999,C19 H20 O6,19,20,6,-9999,-9999,-9999,-9999,-9999,-9999
1380,343.13202,343.131859608,343.131599069,1930261,-9999,400910.3,11.42,-1,0.759297698,0.900674678,0,0.540404807,5,0.375,1.5625,P1 O6,de-protonated,0,-9999,C16 H25 O6 P1,16,25,6,-9999,1,-9999,-9999,-9999,-9999
1381,343.14004,343.139879605,343.139841278,2616855,-9999,262223.1,16.33,-1,0.111696662,0.99773878,0,0.598643268,5,0.5,1.5,O8,de-protonated,0,-9999,C16 H24 O8,16,24,8,-9999,-9999,-9999,-9999,-9999,-9999
1382,343.168387,343.168226595,343.167984579,7564830.5,-9999,308705,51.71,-1,0.705241264,0.886842607,0.955752754,0.914406666,4,0.294117647,1.705882353,P1 O5,de-protonated,0,-9999,C17 H29 O5 P1,17,29,5,-9999,1,-9999,-9999,-9999,-9999
1383,343.176476,343.176315592,343.176226787,1411104.5,-9999,389503.9,7.71,-1,0.258772992,0.987923086,0,0.592753852,4,0.411764706,1.647058824,O7,de-protonated,0,-9999,C17 H28 O7,17,28,7,-9999,-9999,-9999,-9999,-9999,-9999
1385,343.199049,343.198888583,343.198693566,1472038.3,-9999,380009.7,8.14,-1,0.568235858,0.943094935,0,0.565856961,4,0.333333333,1.866666667,N4 O5,de-protonated,0,-9999,C15 H28 O5 N4,15,28,5,4,-9999,-9999,-9999,-9999,-9999
1386,343.212865,343.212704578,343.212612296,13133354,-9999,309121,91.53,-1,0.268876834,0.968997642,0.987827981,0.976529778,3,0.333333333,1.777777778,O6,de-protonated,0,-9999,C18 H32 O6,18,32,6,-9999,-9999,-9999,-9999,-9999,-9999
1387,343.249281,343.249120565,343.248997806,3834419.3,-9999,303050.8,25.04,-1,0.357638603,0.977058979,0,0.586235387,2,0.263157895,1.894736842,O5,de-protonated,0,-9999,C19 H36 O5,19,36,5,-9999,-9999,-9999,-9999,-9999,-9999
1390,344.171814,344.171653223,344.171339414,1885986.5,-9999,349345.6,11.1,-1,0.91178353,0.859979075,0.955752754,0.898288547,4,0.294117647,1.705882353,13C1 P1 O5,de-protonated,1,1382,C16 H29 O5 P1 13C1,16,29,5,-9999,1,-9999,1,-9999,-9999
1390,344.171814,344.171653223,344.171475759,1885986.5,-9999,349345.6,11.1,-1,0.515627096,0.952903158,0,0.57174189500000006,4,0.4375,1.6875,N1 O7,de-protonated,0,-9999,C16 H27 O7 N1,16,27,7,1,-9999,-9999,-9999,-9999,-9999
1391,344.182944,344.182783219,344.182709149,7640869.5,-9999,296662,52.25,-1,0.215207584,0.988867198,0.937698781,0.968399831,4,0.4,1.8,N3 O6,de-protonated,0,-9999,C15 H27 O6 N3,15,27,6,3,-9999,-9999,-9999,-9999,-9999
1392,344.216309,344.216148207,344.215967132,2331950.3,-9999,339062,14.29,-1,0.52605186,0.951027408,0.987827981,0.965747637,3,0.333333333,1.777777778,13C1 O6,de-protonated,1,1386,C17 H32 O6 13C1,17,32,6,-9999,-9999,-9999,1,-9999,-9999
1393,344.219317,344.219156206,344.219094658,1476398.9,-9999,399796.9,8.17,-1,0.178804481,0.99421569,0,0.596529414,3,0.3125,1.9375,N3 O5,de-protonated,0,-9999,C16 H31 O5 N3,16,31,5,3,-9999,-9999,-9999,-9999,-9999
1394,344.272702,344.272541186,344.272390079,1664572.9,-9999,303607,9.52,-1,0.438917676,0.965648041,0,0.579388824,1,0.105263158,2.105263158,N1 P1 O2,de-protonated,0,-9999,C19 H40 O2 N1 P1,19,40,2,1,1,-9999,-9999,-9999,-9999
1400,345.025502,345.025340907,345.025205446,2426881.5,-9999,327670.6,14.97,-1,0.392612958,0.972418126,0,0.583450876,12,0.5625,0.625,O9,de-protonated,0,-9999,C16 H10 O9,16,10,9,-9999,-9999,-9999,-9999,-9999,-9999
1400,345.025502,345.025340907,345.025043255,2426881.5,-9999,327670.6,14.97,-1,0.862698817,0.8736783,0,0.52420698,7,0.272727273,1.363636364,N4 S2 P1 O3,de-protonated,0,-9999,C11 H15 O3 N4 P1 S2,11,15,3,4,1,2,-9999,-9999,-9999
1401,345.046504,345.0463429,345.046334814,2187783,-9999,307005.1,13.26,-1,0.023433181,0.999900369,0,0.599940221,7,0.846153846,1.076923077,O11,de-protonated,0,-9999,C13 H14 O11,13,14,11,-9999,-9999,-9999,-9999,-9999,-9999
1401,345.046504,345.0463429,345.046172623,2187783,-9999,307005.1,13.26,-1,0.49349008,0.95677345,0,0.57406407,2,0.625,2.375,N4 S2 P1 O5,de-protonated,0,-9999,C8 H19 O5 N4 P1 S2,8,19,5,4,1,2,-9999,-9999,-9999
1402,345.061775,345.061613894,345.061590955,2645003,-9999,334557.2,16.53,-1,0.066476802,0.99919847,0,0.599519082,11,0.470588235,0.823529412,O8,de-protonated,0,-9999,C17 H14 O8,17,14,8,-9999,-9999,-9999,-9999,-9999,-9999
1402,345.061775,345.061613894,345.061428764,2645003,-9999,334557.2,16.53,-1,0.536512938,0.949111208,0,0.569466725,6,0.166666667,1.583333333,N4 S2 P1 O2,de-protonated,0,-9999,C12 H19 O2 N4 P1 S2,12,19,2,4,1,2,-9999,-9999,-9999
1403,345.082955,345.082793886,345.082720324,4875280.5,-9999,303622.3,32.48,-1,0.213174081,0.991788295,0,0.595072977,6,0.714285714,1.285714286,O10,de-protonated,0,-9999,C14 H18 O10,14,18,10,-9999,-9999,-9999,-9999,-9999,-9999
1404,345.098228,345.098066881,345.097976465,1668116.6,-9999,374663.1,9.54,-1,0.262000229,0.987621862,0,0.592573117,10,0.388888889,1,O7,de-protonated,0,-9999,C18 H18 O7,18,18,7,-9999,-9999,-9999,-9999,-9999,-9999
1404,345.098228,345.098066881,345.097814273,1668116.6,-9999,374663.1,9.54,-1,0.731986899,0.907355385,0,0.544413231,5,0.076923077,1.769230769,N4 S2 P1 O1,de-protonated,0,-9999,C13 H23 O1 N4 P1 S2,13,23,1,4,1,2,-9999,-9999,-9999
1405,345.119326,345.119164873,345.119105833,2908186.3,-9999,333035.3,18.41,-1,0.171071027,0.994703924,0,0.596822355,5,0.6,1.466666667,O9,de-protonated,0,-9999,C15 H22 O9,15,22,9,-9999,-9999,-9999,-9999,-9999,-9999
1406,345.134654,345.134492867,345.134361974,1903902.1,-9999,299218.7,11.23,-1,0.379252057,0.974239464,0,0.584543678,9,0.315789474,1.157894737,O6,de-protonated,0,-9999,C19 H22 O6,19,22,6,-9999,-9999,-9999,-9999,-9999,-9999
1407,345.147688,345.147526862,345.147249134,14112802,-9999,296426.5,98.53,-1,0.804666771,0.901293552,0.973569464,0.930203916,4,0.375,1.6875,P1 O6,de-protonated,0,-9999,C16 H27 O6 P1,16,27,6,-9999,1,-9999,-9999,-9999,-9999
1408,345.155725,345.155563859,345.155491342,1880099.6,-9999,361627.9,11.06,-1,0.210099678,0.992022505,0,0.595213503,4,0.5,1.625,O8,de-protonated,0,-9999,C16 H26 O8,16,26,8,-9999,-9999,-9999,-9999,-9999,-9999
1410,345.178323,345.178161851,345.177958121,1462057.6,-9999,378330.5,8.07,-1,0.590217622,0.938747357,0,0.563248414,4,0.428571429,1.857142857,N4 O6,de-protonated,0,-9999,C14 H26 O6 N4,14,26,6,4,-9999,-9999,-9999,-9999,-9999
1411,345.184072,345.183910849,345.183634643,13207595,-9999,298819.4,92.06,-1,0.800170338,0.912267837,0.95171521,0.928046786,3,0.294117647,1.823529412,P1 O5,de-protonated,0,-9999,C17 H31 O5 P1,17,31,5,-9999,1,-9999,-9999,-9999,-9999
1412,345.186321,345.186159848,345.186003625,1932843.8,-9999,311801.4,11.43,-1,0.452576732,0.963516801,0,0.578110081,12,0.083333333,1.083333333,O2,de-protonated,0,-9999,C24 H26 O2,24,26,2,-9999,-9999,-9999,-9999,-9999,-9999
1412,345.186321,345.186159848,345.186063984,1932843.8,-9999,311801.4,11.43,-1,0.27771771,0.986102854,0.937698781,0.966741225,4,0.4,1.8,13C1 N3 O6,de-protonated,1,1391,C14 H27 O6 N3 13C1,14,27,6,3,-9999,-9999,1,-9999,-9999
1413,345.192072,345.191910846,345.191876852,2026029.3,-9999,318135.4,12.1,-1,0.098479301,0.998241827,0,0.598945096,3,0.411764706,1.764705882,O7,de-protonated,0,-9999,C17 H30 O7,17,30,7,-9999,-9999,-9999,-9999,-9999,-9999
1414,345.195345,345.195183845,345.194868032,1636910.1,-9999,335352.3,9.32,-1,0.91488105,0.859096622,0,0.515457973,3,0.25,1.9375,N2 P1 O4,de-protonated,0,-9999,C16 H31 O4 N2 P1,16,31,4,2,1,-9999,-9999,-9999,-9999
1415,345.22851000000003,345.228348832,345.228262361,8591415,-9999,302762.6,59.05,-1,0.250476069,0.97034233,0.999470212,0.981993483,2,0.333333333,1.888888889,O6,de-protonated,0,-9999,C18 H34 O6,18,34,6,-9999,-9999,-9999,-9999,-9999,-9999
1416,345.256734,345.256572822,345.256405662,1520190.3,-9999,273981.9,8.48,-1,0.484162231,0.958357936,0,0.575014761,1,0.157894737,2.052631579,P1 O3,de-protonated,0,-9999,C19 H39 O3 P1,19,39,3,-9999,1,-9999,-9999,-9999,-9999
1418,346.15101,346.150848491,346.150603969,2971945.8,-9999,339070.8,18.86,-1,0.706403785,0.913434106,0.973569464,0.937488249,4,0.375,1.6875,13C1 P1 O6,de-protonated,1,1407,C15 H27 O6 P1 13C1,15,27,6,-9999,1,-9999,1,-9999,-9999
1418,346.15101,346.150848491,346.150740314,2971945.8,-9999,339070.8,18.86,-1,0.312512626,0.982435064,0,0.589461038,4,0.533333333,1.666666667,N1 O8,de-protonated,0,-9999,C15 H25 O8 N1,15,25,8,1,-9999,-9999,-9999,-9999,-9999
1419,346.162211,346.162049487,346.161973704,5924140.5,-9999,305768.3,39.97,-1,0.218923645,0.991341311,0,0.594804787,4,0.5,1.785714286,N3 O7,de-protonated,0,-9999,C14 H25 O7 N3,14,25,7,3,-9999,-9999,-9999,-9999,-9999
1420,346.187363,346.187201477,346.186989478,3376435.3,-9999,296199.3,21.76,-1,0.612383764,0.934217709,0.95171521,0.94121671,3,0.294117647,1.823529412,13C1 P1 O5,de-protonated,1,1411,C16 H31 O5 P1 13C1,16,31,5,-9999,1,-9999,1,-9999,-9999
1420,346.187363,346.187201477,346.187125824,3376435.3,-9999,296199.3,21.76,-1,0.218534041,0.991371969,0,0.594823181,3,0.4375,1.8125,N1 O7,de-protonated,0,-9999,C16 H29 O7 N1,16,29,7,1,-9999,-9999,-9999,-9999,-9999
1421,346.21567,346.215508467,346.215269125,7248187,-9999,296520.5,49.44,-1,0.691310741,0.893090786,0.97943591,0.927628836,2,0.235294118,2,N1 P1 O4,de-protonated,0,-9999,C17 H34 O4 N1 P1,17,34,4,1,1,-9999,-9999,-9999,-9999
1422,346.231959,346.231797461,346.231617196,1666111.1,-9999,334073.3,9.52,-1,0.520648423,0.952003886,0.999470212,0.970990416,2,0.333333333,1.888888889,13C1 O6,de-protonated,1,1415,C17 H34 O6 13C1,17,34,6,-9999,-9999,-9999,1,-9999,-9999
1426,347.01125,347.011088172,347.010832485,1605133.8,-9999,290307.7,9.09,-1,0.736827602,0.906185545,0,0.543711327,7,0.636363636,1.181818182,N2 S1 P1 O7,de-protonated,0,-9999,C11 H13 O7 N2 P1 S1,11,13,7,2,1,1,-9999,-9999,-9999
1427,347.041087,347.040925161,347.040855511,3404821.8,-9999,297934.6,21.96,-1,0.200699385,0.992717847,0,0.595630708,11,0.5625,0.75,O9,de-protonated,0,-9999,C16 H12 O9,16,12,9,-9999,-9999,-9999,-9999,-9999,-9999
1427,347.041087,347.040925161,347.040693319,3404821.8,-9999,297934.6,21.96,-1,0.668054844,0.922212086,0,0.553327251,6,0.272727273,1.545454545,N4 S2 P1 O3,de-protonated,0,-9999,C11 H17 O3 N4 P1 S2,11,17,3,4,1,2,-9999,-9999,-9999
1428,347.062085,347.061923154,347.061984879,1766427.3,-9999,297441.7,10.24,-1,-0.177849919,0.994277109,0,0.596566265,6,0.846153846,1.230769231,O11,de-protonated,0,-9999,C13 H16 O11,13,16,11,-9999,-9999,-9999,-9999,-9999,-9999
1429,347.077462,347.077300148,347.07724102,2763807.3,-9999,306384.2,17.37,-1,0.170359983,0.994747743,0,0.596848646,10,0.470588235,0.941176471,O8,de-protonated,0,-9999,C17 H16 O8,17,16,8,-9999,-9999,-9999,-9999,-9999,-9999
1429,347.077462,347.077300148,347.077078829,2763807.3,-9999,306384.2,17.37,-1,0.637666433,0.928875663,0,0.557325398,5,0.166666667,1.75,N4 S2 P1 O2,de-protonated,0,-9999,C12 H21 O2 N4 P1 S2,12,21,2,4,1,2,-9999,-9999,-9999
1430,347.090489,347.090327143,347.090128179,1505314.8,-9999,311867,8.37,-1,0.573233477,0.942119245,0,0.565271547,5,0.571428571,1.5,P1 O8,de-protonated,0,-9999,C14 H21 O8 P1,14,21,8,-9999,1,-9999,-9999,-9999,-9999
1431,347.098502,347.09834014,347.098370388,1651748.9,-9999,327266.3,9.42,-1,-0.087144675,0.998622992,0,0.599173795,5,0.714285714,1.428571429,O10,de-protonated,0,-9999,C14 H20 O10,14,20,10,-9999,-9999,-9999,-9999,-9999,-9999
1432,347.113836,347.113674135,347.113626529,2348073,-9999,345484,14.4,-1,0.137146041,0.996592942,0,0.597955765,9,0.388888889,1.111111111,O7,de-protonated,0,-9999,C18 H20 O7,18,20,7,-9999,-9999,-9999,-9999,-9999,-9999
1432,347.113836,347.113674135,347.11346433800003,2348073,-9999,345484,14.4,-1,0.604403491,0.935865177,0,0.561519106,4,0.076923077,1.923076923,N4 S2 P1 O1,de-protonated,0,-9999,C13 H25 O1 N4 P1 S2,13,25,1,4,1,2,-9999,-9999,-9999
1433,347.126823,347.12666113,347.126513689,2449964.5,-9999,345815,15.13,-1,0.42474682,0.967794863,0,0.580676918,4,0.466666667,1.666666667,P1 O7,de-protonated,0,-9999,C15 H25 O7 P1,15,25,7,-9999,1,-9999,-9999,-9999,-9999
1435,347.150256,347.150094121,347.150012039,1636402.6,-9999,340361.9,9.31,-1,0.236446571,0.989907031,0,0.593944219,8,0.315789474,1.263157895,O6,de-protonated,0,-9999,C19 H24 O6,19,24,6,-9999,-9999,-9999,-9999,-9999,-9999
1436,347.163346,347.163184116,347.162899198,2761782.3,-9999,316770,17.36,-1,0.8207041,0.884957454,0,0.530974472,3,0.375,1.8125,P1 O6,de-protonated,0,-9999,C16 H29 O6 P1,16,29,6,-9999,1,-9999,-9999,-9999,-9999
1438,347.186648,347.186486108,347.186397548,3243068.3,-9999,314848.6,20.8,-1,0.255077995,0.988263497,0,0.592958098,7,0.25,1.4,O5,de-protonated,0,-9999,C20 H28 O5,20,28,5,-9999,-9999,-9999,-9999,-9999,-9999
1439,347.199706,347.199544103,347.199284708,53615168,-9999,296232.3,381.01,-1,0.747107551,0.911467098,0.994559962,0.944704243,2,0.294117647,1.941176471,P1 O5,de-protonated,0,-9999,C17 H33 O5 P1,17,33,5,-9999,1,-9999,-9999,-9999,-9999
1440,347.219091,347.218929096,347.21862396,1546821,-9999,362352.4,8.67,-1,0.878800419,0.869244324,0.97943591,0.913320958,2,0.235294118,2,13C1 N1 P1 O4,de-protonated,1,1421,C16 H34 O4 N1 P1 13C1,16,34,4,1,1,-9999,1,-9999,-9999
1440,347.219091,347.218929096,347.218760305,1546821,-9999,362352.4,8.67,-1,0.486120773,0.958027537,0,0.574816522,2,0.375,2,N2 O6,de-protonated,0,-9999,C16 H32 O6 N2,16,32,6,2,-9999,-9999,-9999,-9999,-9999
1441,347.272426,347.272264076,347.272055726,3070035.3,-9999,311412.8,19.56,-1,0.599960717,0.936774232,0,0.562064539,0,0.157894737,2.157894737,P1 O3,de-protonated,0,-9999,C19 H41 O3 P1,19,41,3,-9999,1,-9999,-9999,-9999,-9999
1442,348.203039,348.202876731,348.202639543,10269516,-9999,305523.4,71.04,-1,0.681180297,0.919253467,0.994559962,0.949376065,2,0.294117647,1.941176471,13C1 P1 O5,de-protonated,1,1439,C16 H33 O5 P1 13C1,16,33,5,-9999,1,-9999,1,-9999,-9999
1442,348.203039,348.202876731,348.202775888,10269516,-9999,305523.4,71.04,-1,0.289610435,0.492448179,0.85247738,0.636459859,2,0.4375,1.9375,N1 O7,de-protonated,0,-9999,C16 H31 O7 N1,16,31,7,1,-9999,-9999,-9999,-9999,-9999
1444,348.231346,348.231183721,348.230919189,7060307.5,-9999,313217.7,48.09,-1,0.759644838,0.450294255,0.844689208,0.608052236,1,0.235294118,2.117647059,N1 P1 O4,de-protonated,0,-9999,C17 H36 O4 N1 P1,17,36,4,1,1,-9999,-9999,-9999,-9999
1448,349.020333,349.020170429,349.020120066,2897447.3,-9999,294826.4,18.32,-1,0.144298861,0.996228974,0,0.597737385,11,0.666666667,0.666666667,O10,de-protonated,0,-9999,C15 H10 O10,15,10,10,-9999,-9999,-9999,-9999,-9999,-9999
1448,349.020333,349.020170429,349.019957874,2897447.3,-9999,294826.4,18.32,-1,0.609003958,0.934917728,0,0.560950637,6,0.4,1.5,N4 S2 P1 O4,de-protonated,0,-9999,C10 H15 O4 N4 P1 S2,10,15,4,4,1,2,-9999,-9999,-9999
1449,349.035423,349.035260423,349.035376207,1457451.3,-9999,324733.9,8.03,-1,-0.33172474,0.980231168,0,0.588138701,15,0.368421053,0.526315789,O7,de-protonated,0,-9999,C19 H10 O7,19,10,7,-9999,-9999,-9999,-9999,-9999,-9999
1449,349.035423,349.035260423,349.035214016,1457451.3,-9999,324733.9,8.03,-1,0.132959824,0.996797432,0,0.598078459,10,0.071428571,1.071428571,N4 S2 P1 O1,de-protonated,0,-9999,C14 H15 O1 N4 P1 S2,14,15,1,4,1,2,-9999,-9999,-9999
1450,349.056736,349.056573415,349.056505575,4154417,-9999,314593.3,27.31,-1,0.194353581,0.993169516,0,0.59590171,10,0.5625,0.875,O9,de-protonated,0,-9999,C16 H14 O9,16,14,9,-9999,-9999,-9999,-9999,-9999,-9999
1450,349.056736,349.056573415,349.056343384,4154417,-9999,314593.3,27.31,-1,0.659010261,0.924222745,0,0.554533647,5,0.272727273,1.727272727,N4 S2 P1 O3,de-protonated,0,-9999,C11 H19 O3 N4 P1 S2,11,19,3,4,1,2,-9999,-9999,-9999
1451,349.093125,349.092962402,349.092891084,3662906.8,-9999,315088.7,23.8,-1,0.204293944,0.992455657,0,0.595473394,9,0.470588235,1.058823529,O8,de-protonated,0,-9999,C17 H18 O8,17,18,8,-9999,-9999,-9999,-9999,-9999,-9999
1451,349.093125,349.092962402,349.092728893,3662906.8,-9999,315088.7,23.8,-1,0.668902197,0.922022536,0,0.553213522,4,0.166666667,1.916666667,N4 S2 P1 O2,de-protonated,0,-9999,C12 H23 O2 N4 P1 S2,12,23,2,4,1,2,-9999,-9999,-9999
1452,349.106186,349.106023397,349.105778244,6820926.5,-9999,289634.7,46.38,-1,0.702231743,0.457204335,0.86849267,0.621719669,4,0.571428571,1.642857143,P1 O8,de-protonated,0,-9999,C14 H23 O8 P1,14,23,8,-9999,1,-9999,-9999,-9999,-9999
1453,349.129715,349.129552388,349.129276594,1772612.6,-9999,323409.3,10.28,-1,0.789949996,0.892947233,0,0.53576834,8,0.388888889,1.222222222,O7,de-protonated,0,-9999,C18 H22 O7,18,22,7,-9999,-9999,-9999,-9999,-9999,-9999
1454,349.142587,349.142424384,349.142163753,2877000,-9999,322734.6,18.18,-1,0.746487716,0.903832543,0,0.542299526,3,0.466666667,1.8,P1 O7,de-protonated,0,-9999,C15 H27 O7 P1,15,27,7,-9999,1,-9999,-9999,-9999,-9999
1455,349.165719,349.165556375,349.165662103,1368910.4,-9999,311236.5,7.39,-1,-0.302801841,0.983500787,0,0.590100472,7,0.315789474,1.368421053,O6,de-protonated,0,-9999,C19 H26 O6,19,26,6,-9999,-9999,-9999,-9999,-9999,-9999
1456,349.178967,349.17880437,349.178549263,3394642,-9999,311287.3,21.88,-1,0.730593336,0.907691013,0,0.54461460799999994,2,0.375,1.9375,P1 O6,de-protonated,0,-9999,C16 H31 O6 P1,16,31,6,-9999,1,-9999,-9999,-9999,-9999
1458,349.202307,349.202144362,349.202047612,6837336,-9999,299031.6,46.5,-1,0.277057661,0.971048297,0.94874244,0.962125954,6,0.25,1.5,O5,de-protonated,0,-9999,C20 H30 O5,20,30,5,-9999,-9999,-9999,-9999,-9999,-9999
1459,349.215349,349.215186357,349.214934772,111680600,-9999,297461,796.22,-1,0.720429398,0.457535769,0.978361051,0.665865882,1,0.294117647,2.058823529,P1 O5,de-protonated,0,-9999,C17 H35 O5 P1,17,35,5,-9999,1,-9999,-9999,-9999,-9999
1460,349.251771,349.251608343,349.251320281,1729125.5,-9999,350563.4,9.97,-1,0.824798241,0.883876338,0,0.530325803,0,0.222222222,2.166666667,P1 O4,de-protonated,0,-9999,C18 H39 O4 P1,18,39,4,-9999,1,-9999,-9999,-9999,-9999
1463,350.109734,350.109571026,350.109269425,1803341.3,-9999,260039.2,10.5,-1,0.861448286,0.874020169,0,0.524412101,4,0.769230769,1.615384615,N1 O10,de-protonated,0,-9999,C13 H21 O10 N1,13,21,10,1,-9999,-9999,-9999,-9999,-9999
1463,350.109734,350.109571026,350.109758682,1803341.3,-9999,260039.2,10.5,-1,-0.535992829,0.949207278,0,0.569524367,8,0.125,1.375,N3 S1 P1 O2,de-protonated,0,-9999,C16 H22 O2 N3 P1 S1,16,22,2,3,1,1,-9999,-9999,-9999
1464,350.136064,350.135901016,350.13575895499997,2086740.4,-9999,293352.9,12.53,-1,0.405730352,0.970572127,0,0.582343276,8,0.375,1.3125,N3 O6,de-protonated,0,-9999,C16 H21 O6 N3,16,21,6,3,-9999,-9999,-9999,-9999,-9999
1465,350.200103,350.199939992,350.200287765,3446117.8,-9999,326121.9,22.25,-1,-0.993069452,0.836154124,0,0.501692474,6,0.111111111,1.666666667,N3 P1 O2,de-protonated,0,-9999,C18 H30 O2 N3 P1,18,30,2,3,1,-9999,-9999,-9999,-9999
1466,350.20574,350.20557699,350.205402447,2031975.4,-9999,311459.4,12.13,-1,0.498400752,0.955928218,0.94874244,0.953053907,6,0.25,1.5,13C1 O5,de-protonated,1,1458,C19 H30 O5 13C1,19,30,5,-9999,-9999,-9999,1,-9999,-9999
1467,350.21869,350.218526985,350.218289607,22277482,-9999,295974.5,156.91,-1,0.677800902,0.460009904,0.978361051,0.667350363,1,0.294117647,2.058823529,13C1 P1 O5,de-protonated,1,1459,C16 H35 O5 P1 13C1,16,35,5,-9999,1,-9999,1,-9999,-9999
1467,350.21869,350.218526985,350.218425953,22277482,-9999,295974.5,156.91,-1,0.288484686,0.492506333,0.85247738,0.636494752,1,0.4375,2.0625,N1 O7,de-protonated,0,-9999,C16 H33 O7 N1,16,33,7,1,-9999,-9999,-9999,-9999,-9999
1469,350.246992,350.246828975,350.246569254,9500018,-9999,296047.1,65.54,-1,0.741538505,0.915247173,0.990320037,0.945276319,0,0.235294118,2.235294118,N1 P1 O4,de-protonated,0,-9999,C17 H38 O4 N1 P1,17,38,4,1,1,-9999,-9999,-9999,-9999
1471,351.036055,351.035891683,351.03577013,4721225,-9999,316109.3,31.36,-1,0.346268628,0.978478902,0,0.587087341,10,0.666666667,0.8,O10,de-protonated,0,-9999,C15 H12 O10,15,12,10,-9999,-9999,-9999,-9999,-9999,-9999
1471,351.036055,351.035891683,351.035607939,4721225,-9999,316109.3,31.36,-1,0.808305477,0.888206601,0,0.532923961,5,0.4,1.7,N4 S2 P1 O4,de-protonated,0,-9999,C10 H17 O4 N4 P1 S2,10,17,4,4,1,2,-9999,-9999,-9999
1472,351.07238,351.072216669,351.072155639,6188626.5,-9999,310775.3,41.86,-1,0.173838565,0.497265827,0.85247738,0.639350449,9,0.5625,1,O9,de-protonated,0,-9999,C16 H16 O9,16,16,9,-9999,-9999,-9999,-9999,-9999,-9999
1472,351.07238,351.072216669,351.071993448,6188626.5,-9999,310775.3,41.86,-1,0.635827448,0.929270464,0,0.557562278,4,0.272727273,1.909090909,N4 S2 P1 O3,de-protonated,0,-9999,C11 H21 O3 N4 P1 S2,11,21,3,4,1,2,-9999,-9999,-9999
1474,351.108711,351.108547656,351.108541149,4640348.5,-9999,334509.5,30.78,-1,0.018532966,0.99993768,0,0.599962608,8,0.470588235,1.176470588,O8,de-protonated,0,-9999,C17 H20 O8,17,20,8,-9999,-9999,-9999,-9999,-9999,-9999
1474,351.108711,351.108547656,351.108378958,4640348.5,-9999,334509.5,30.78,-1,0.480473902,0.958976828,0,0.575386097,3,0.166666667,2.083333333,N4 S2 P1 O2,de-protonated,0,-9999,C12 H25 O2 N4 P1 S2,12,25,2,4,1,2,-9999,-9999,-9999
1475,351.121789,351.121625651,351.121428308,1983584.1,-9999,316892.7,11.79,-1,0.562035399,0.944294965,0,0.566576979,3,0.571428571,1.785714286,P1 O8,de-protonated,0,-9999,C14 H25 O8 P1,14,25,8,-9999,1,-9999,-9999,-9999,-9999
1476,351.134685,351.134521646,351.134379231,23367268,-9999,292127.7,164.7,-1,0.405587084,0.648193365,0.954439486,0.770691814,3,0.5,2,N4 S1 O6,de-protonated,0,-9999,C12 H24 O6 N4 S1,12,24,6,4,-9999,1,-9999,-9999,-9999
1478,351.145241,351.145077642,351.144926658,2739302.5,-9999,312140.4,17.19,-1,0.429976914,0.967010177,0,0.580206106,7,0.388888889,1.333333333,O7,de-protonated,0,-9999,C18 H24 O7,18,24,7,-9999,-9999,-9999,-9999,-9999,-9999
1478,351.145241,351.145077642,351.144764467,2739302.5,-9999,312140.4,17.19,-1,0.891870174,0.865601909,0,0.519361146,2,0.076923077,2.230769231,N4 S2 P1 O1,de-protonated,0,-9999,C13 H29 O1 N4 P1 S2,13,29,1,4,1,2,-9999,-9999,-9999
1479,351.158261,351.158097638,351.157813818,3199594,-9999,317817.4,20.48,-1,0.80824009,0.888223636,0,0.532934182,2,0.466666667,1.933333333,P1 O7,de-protonated,0,-9999,C15 H29 O7 P1,15,29,7,-9999,1,-9999,-9999,-9999,-9999
1480,351.181605,351.181441629,351.181312168,2135664.5,-9999,295437.5,12.87,-1,0.368645478,0.97564276,0,0.585385656,6,0.315789474,1.473684211,O6,de-protonated,0,-9999,C19 H28 O6,19,28,6,-9999,-9999,-9999,-9999,-9999,-9999
1481,351.194588,351.194424624,351.194199327,4054644,-9999,311905.2,26.6,-1,0.641516938,0.928045873,0,0.556827524,1,0.375,2.0625,P1 O6,de-protonated,0,-9999,C16 H33 O6 P1,16,33,6,-9999,1,-9999,-9999,-9999,-9999
1483,351.21795,351.217786615,351.217697677,12758650,-9999,292339.8,88.84,-1,0.253229268,0.988231843,0.985575083,0.987169139,5,0.25,1.6,O5,de-protonated,0,-9999,C20 H32 O5,20,32,5,-9999,-9999,-9999,-9999,-9999,-9999
1484,351.221158,351.220994614,351.22106898,3796603.3,-9999,337279.4,24.75,-1,-0.211735324,0.991898317,0,0.59513899,0,0.294117647,2.117647059,S1 O5,de-protonated,0,-9999,C17 H36 O5 S1,17,36,5,-9999,-9999,1,-9999,-9999,-9999
1484,351.221158,351.220994614,351.220688858,3796603.3,-9999,337279.4,24.75,-1,0.870554107,0.871522576,0,0.522913546,5,0.105263158,1.736842105,N2 P1 O2,de-protonated,0,-9999,C19 H33 O2 N2 P1,19,33,2,2,1,-9999,-9999,-9999,-9999
1485,351.230989,351.230825611,351.230584836,12764798,-9999,292725,88.88,-1,0.685516054,0.929730207,0.999362408,0.957583087,0,0.294117647,2.176470588,P1 O5,de-protonated,0,-9999,C17 H37 O5 P1,17,37,5,-9999,1,-9999,-9999,-9999,-9999
1486,351.250317,351.250153604,351.249924089,1877123.1,-9999,311399.9,11.02,-1,0.653423317,0.925453215,0.990320037,0.951399944,0,0.235294118,2.235294118,13C1 N1 P1 O4,de-protonated,1,1469,C16 H38 O4 N1 P1 13C1,16,38,4,1,1,-9999,1,-9999,-9999
1486,351.250317,351.250153604,351.250060434,1877123.1,-9999,311399.9,11.02,-1,0.265250547,0.987314804,0,0.592388882,0,0.375,2.25,N2 O6,de-protonated,0,-9999,C16 H36 O6 N2,16,36,6,2,-9999,-9999,-9999,-9999,-9999
1488,352.076699,352.076535298,352.076787526,1717092.8,-9999,354985.3,9.88,-1,-0.716402142,0.911079355,0,0.546647613,22,0.038461538,0.423076923,N1 O1,de-protonated,0,-9999,C26 H11 O1 N1,26,11,1,1,-9999,-9999,-9999,-9999,-9999
1489,352.138032,352.137868275,352.137673707,4321141.5,-9999,281445.6,28.5,-1,0.552533906,0.946111224,0,0.567666734,11,0.095238095,1.095238095,N1 S1 O2,de-protonated,0,-9999,C21 H23 O2 N1 S1,21,23,2,1,-9999,1,-9999,-9999,-9999
1489,352.138032,352.137868275,352.137734066,4321141.5,-9999,281445.6,28.5,-1,0.381126819,0.649324999,0.954439486,0.771370794,3,0.5,2,13C1 N4 S1 O6,de-protonated,1,1476,C11 H24 O6 N4 S1 13C1,11,24,6,4,-9999,1,1,-9999,-9999
1490,352.164722,352.164558265,352.164296179,1458556.8,-9999,352931.1,8.03,-1,0.744214613,0.904388429,0,0.542633057,2,0.461538462,2.153846154,N3 P1 O6,de-protonated,0,-9999,C13 H28 O6 N3 P1,13,28,6,3,1,-9999,-9999,-9999,-9999
1491,352.189866,352.189702256,352.189448299,1320323.6,-9999,280726,7.04,-1,0.721079096,0.90996862,0,0.545981172,1,0.4,2.133333333,N1 P1 O6,de-protonated,0,-9999,C15 H32 O6 N1 P1,15,32,6,1,1,-9999,-9999,-9999,-9999
1493,352.221307,352.221143244,352.22105251200003,2492300.3,-9999,308570.6,15.42,-1,0.257600054,0.988031664,0.985575083,0.987049031,5,0.25,1.6,13C1 O5,de-protonated,1,1483,C19 H32 O5 13C1,19,32,5,-9999,-9999,-9999,1,-9999,-9999
1494,352.234307,352.234143239,352.233939672,2335631.8,-9999,356177.5,14.3,-1,0.577933463,0.9411948,0.999362408,0.964461843,0,0.294117647,2.176470588,13C1 P1 O5,de-protonated,1,1485,C16 H37 O5 P1 13C1,16,37,5,-9999,1,-9999,1,-9999,-9999
1494,352.234307,352.234143239,352.234076017,2335631.8,-9999,356177.5,14.3,-1,0.190845137,0.99341309,0,0.596047854,0,0.4375,2.1875,N1 O7,de-protonated,0,-9999,C16 H35 O7 N1,16,35,7,1,-9999,-9999,-9999,-9999,-9999
1497,353.015259,353.01509495,353.015034685,1856614,-9999,333124.3,10.76,-1,0.170715136,0.994725879,0,0.596835527,10,0.785714286,0.714285714,O11,de-protonated,0,-9999,C14 H10 O11,14,10,11,-9999,-9999,-9999,-9999,-9999,-9999
1497,353.015259,353.01509495,353.014872494,1856614,-9999,333124.3,10.76,-1,0.630161381,0.930480756,0,0.558288454,5,0.555555556,1.666666667,N4 S2 P1 O5,de-protonated,0,-9999,C9 H15 O5 N4 P1 S2,9,15,5,4,1,2,-9999,-9999,-9999
1498,353.030526,353.030361945,353.030290827,2641002.3,-9999,315258,16.3,-1,0.201450331,0.992663451,0,0.595598071,14,0.444444444,0.555555556,O8,de-protonated,0,-9999,C18 H10 O8,18,10,8,-9999,-9999,-9999,-9999,-9999,-9999
1498,353.030526,353.030361945,353.030128635,2641002.3,-9999,315258,16.3,-1,0.660876736,0.923809704,0,0.554285823,9,0.153846154,1.153846154,N4 S2 P1 O2,de-protonated,0,-9999,C13 H15 O2 N4 P1 S2,13,15,2,4,1,2,-9999,-9999,-9999
1499,353.05169,353.051525937,353.051420195,5889136,-9999,305194.5,39.28,-1,0.299509277,0.983854754,0,0.590312852,9,0.666666667,0.933333333,O10,de-protonated,0,-9999,C15 H14 O10,15,14,10,-9999,-9999,-9999,-9999,-9999,-9999
1499,353.05169,353.051525937,353.051258003,5889136,-9999,305194.5,39.28,-1,0.758908231,0.900771316,0,0.540462789,4,0.4,1.9,N4 S2 P1 O4,de-protonated,0,-9999,C10 H19 O4 N4 P1 S2,10,19,4,4,1,2,-9999,-9999,-9999
1500,353.088062,353.087897923,353.087805704,6895738,-9999,298802.8,46.4,-1,0.261179689,0.493849397,0.85247738,0.637300591,8,0.5625,1.125,O9,de-protonated,0,-9999,C16 H18 O9,16,18,9,-9999,-9999,-9999,-9999,-9999,-9999
1500,353.088062,353.087897923,353.087643513,6895738,-9999,298802.8,46.4,-1,0.720531285,0.910099024,0,0.546059415,3,0.272727273,2.090909091,N4 S2 P1 O3,de-protonated,0,-9999,C11 H23 O3 N4 P1 S2,11,23,3,4,1,2,-9999,-9999,-9999
1501,353.124429,353.12426491,353.124191213,3772548,-9999,318739.7,24.31,-1,0.208698681,0.992128124,0,0.595276874,7,0.470588235,1.294117647,O8,de-protonated,0,-9999,C17 H22 O8,17,22,8,-9999,-9999,-9999,-9999,-9999,-9999
1501,353.124429,353.12426491,353.124029022,3772548,-9999,318739.7,24.31,-1,0.668002922,0.922223694,0,0.553334216,2,0.166666667,2.25,N4 S2 P1 O2,de-protonated,0,-9999,C12 H27 O2 N4 P1 S2,12,27,2,4,1,2,-9999,-9999,-9999
1502,353.131754,353.131589907,353.131401851,7252102,-9999,307522.7,48.92,-1,0.532539873,0.949842959,0,0.569905775,3,0.818181818,2,N4 O9,de-protonated,0,-9999,C11 H22 O9 N4,11,22,9,4,-9999,-9999,-9999,-9999,-9999
1503,353.137439,353.137274905,353.137078373,2053767.5,-9999,328239.9,12.15,-1,0.556532236,0.945350272,0,0.567210163,2,0.571428571,1.928571429,P1 O8,de-protonated,0,-9999,C14 H27 O8 P1,14,27,8,-9999,1,-9999,-9999,-9999,-9999
1504,353.160714,353.160549896,353.160576723,2143374,-9999,332247.7,12.78,-1,-0.075960423,0.998953592,0,0.599372155,6,0.388888889,1.444444444,O7,de-protonated,0,-9999,C18 H26 O7,18,26,7,-9999,-9999,-9999,-9999,-9999,-9999
1504,353.160714,353.160549896,353.160414531,2143374,-9999,332247.7,12.78,-1,0.38329636500000003,0.973694447,0,0.584216668,1,0.076923077,2.384615385,N4 S2 P1 O1,de-protonated,0,-9999,C13 H31 O1 N4 P1 S2,13,31,1,4,1,2,-9999,-9999,-9999
1505,353.173885,353.173720892,353.173463882,1960081.6,-9999,289318.9,11.49,-1,0.727714153,0.908382805,0,0.545029683,1,0.466666667,2.066666667,P1 O7,de-protonated,0,-9999,C15 H31 O7 P1,15,31,7,-9999,1,-9999,-9999,-9999,-9999
1506,353.189176,353.189011886,353.188720024,2641045.8,-9999,295154.4,16.3,-1,0.826363816,0.883461855,0,0.530077113,5,0.210526316,1.631578947,P1 O4,de-protonated,0,-9999,C19 H31 O4 P1,19,31,4,-9999,1,-9999,-9999,-9999,-9999
1508,353.197089,353.196924883,353.196962232,1678487.9,-9999,343073.6,9.5,-1,-0.105745644,0.997973072,0,0.598783843,5,0.315789474,1.578947368,O6,de-protonated,0,-9999,C19 H30 O6,19,30,6,-9999,-9999,-9999,-9999,-9999,-9999
1509,353.200569,353.200404882,353.200333535,4195481,-9999,301931.9,27.3,-1,0.201999672,0.992623532,0,0.595574119,0,0.375,2.125,S1 O6,de-protonated,0,-9999,C16 H34 O6 S1,16,34,6,-9999,-9999,1,-9999,-9999,-9999
1510,353.210207,353.210042878,353.209849392,2669723.5,-9999,304385.3,16.51,-1,0.547794844,0.947006829,0,0.568204097,0,0.375,2.1875,P1 O6,de-protonated,0,-9999,C16 H35 O6 P1,16,35,6,-9999,1,-9999,-9999,-9999,-9999
1512,353.233578,353.233413869,353.233347741,5551266,-9999,303282.3,36.89,-1,0.187207988,0.993792449,0.967026498,0.983086069,4,0.25,1.7,O5,de-protonated,0,-9999,C20 H34 O5,20,34,5,-9999,-9999,-9999,-9999,-9999,-9999
1515,354.135142,354.134977536,354.134696327,1808794.3,-9999,286482.5,10.41,-1,0.794073483,0.891889566,0,0.53513374,11,0.25,1.05,N1 O5,de-protonated,0,-9999,C20 H21 O5 N1,20,21,5,1,-9999,-9999,-9999,-9999,-9999
1516,354.236932,354.236767498,354.236702576,1482934.4,-9999,330735.4,8.11,-1,0.183271994,0.993923923,0.967026498,0.983164953,4,0.25,1.7,13C1 O5,de-protonated,1,1512,C19 H34 O5 13C1,19,34,5,-9999,-9999,-9999,1,-9999,-9999
1518,355.009819,355.009654212,355.009555382,3119756,-9999,315075.2,19.69,-1,0.278387919,0.986036169,0,0.591621701,14,0.529411765,0.470588235,O9,de-protonated,0,-9999,C17 H8 O9,17,8,9,-9999,-9999,-9999,-9999,-9999,-9999
1518,355.009819,355.009654212,355.00939319,3119756,-9999,315075.2,19.69,-1,0.735252943,0.906566769,0,0.543940061,9,0.25,1.083333333,N4 S2 P1 O3,de-protonated,0,-9999,C12 H13 O3 N4 P1 S2,12,13,3,4,1,2,-9999,-9999,-9999
1519,355.030857,355.030692204,355.03068475,3003025.8,-9999,296011,18.86,-1,0.020996846,0.999920008,0,0.599952005,9,0.785714286,0.857142857,O11,de-protonated,0,-9999,C14 H12 O11,14,12,11,-9999,-9999,-9999,-9999,-9999,-9999
1519,355.030857,355.030692204,355.030522558,3003025.8,-9999,296011,18.86,-1,0.477834563,0.95941704,0,0.575650224,4,0.555555556,1.888888889,N4 S2 P1 O5,de-protonated,0,-9999,C9 H17 O5 N4 P1 S2,9,17,5,4,1,2,-9999,-9999,-9999
1520,355.046168,355.046003199,355.045940891,1565590.1,-9999,309742,8.69,-1,0.175491564,0.994427457,0,0.596656474,13,0.444444444,0.666666667,O8,de-protonated,0,-9999,C18 H12 O8,18,12,8,-9999,-9999,-9999,-9999,-9999,-9999
1520,355.046168,355.046003199,355.0457787,1565590.1,-9999,309742,8.69,-1,0.632309722,0.930022953,0,0.558013772,8,0.153846154,1.307692308,N4 S2 P1 O2,de-protonated,0,-9999,C13 H17 O2 N4 P1 S2,13,17,2,4,1,2,-9999,-9999,-9999
1521,355.067335,355.067170191,355.067070259,7219868,-9999,305204.5,48.68,-1,0.281444497,0.492865031,0.860410506,0.639883221,8,0.666666667,1.066666667,O10,de-protonated,0,-9999,C15 H16 O10,15,16,10,-9999,-9999,-9999,-9999,-9999,-9999
1521,355.067335,355.067170191,355.066908068,7219868,-9999,305204.5,48.68,-1,0.738235519,0.905844135,0,0.543506481,3,0.4,2.1,N4 S2 P1 O4,de-protonated,0,-9999,C10 H21 O4 N4 P1 S2,10,21,4,4,1,2,-9999,-9999,-9999
1522,355.103688,355.103523177,355.103455768,7590566,-9999,301369.9,51.31,-1,0.189828814,0.496741415,0.85247738,0.639035801,7,0.5625,1.25,O9,de-protonated,0,-9999,C16 H20 O9,16,20,9,-9999,-9999,-9999,-9999,-9999,-9999
1522,355.103688,355.103523177,355.103293577,7590566,-9999,301369.9,51.31,-1,0.646572989,0.926949839,0,0.556169903,2,0.272727273,2.272727273,N4 S2 P1 O3,de-protonated,0,-9999,C11 H25 O3 N4 P1 S2,11,25,3,4,1,2,-9999,-9999,-9999
1523,355.111891,355.111726174,355.111535786,3331752.3,-9999,317742.1,21.18,-1,0.536137671,0.949180532,0,0.569508319,2,0.454545455,2.181818182,N4 S2 O5,de-protonated,0,-9999,C11 H24 O5 N4 S2,11,24,5,4,-9999,2,-9999,-9999,-9999
1524,355.140129,355.139964164,355.139841278,3330224.3,-9999,296659.3,21.17,-1,0.346021527,0.978509274,0,0.587105565,6,0.470588235,1.411764706,O8,de-protonated,0,-9999,C17 H24 O8,17,24,8,-9999,-9999,-9999,-9999,-9999,-9999
1524,355.140129,355.139964164,355.139679086,3330224.3,-9999,296659.3,21.17,-1,0.802718978,0.889658259,0,0.533794955,1,0.166666667,2.416666667,N4 S2 P1 O2,de-protonated,0,-9999,C12 H29 O2 N4 P1 S2,12,29,2,4,1,2,-9999,-9999,-9999
1525,355.176418,355.17625315,355.176226787,2931386.3,-9999,293856.7,18.35,-1,0.074225825,0.999000813,0,0.599400488,5,0.388888889,1.555555556,O7,de-protonated,0,-9999,C18 H28 O7,18,28,7,-9999,-9999,-9999,-9999,-9999,-9999
1526,355.198949,355.198784142,355.198693566,1958080.4,-9999,290614.9,11.47,-1,0.255001865,0.98827046,0,0.592962276,5,0.3125,1.75,N4 O5,de-protonated,0,-9999,C16 H28 O5 N4,16,28,5,4,-9999,-9999,-9999,-9999,-9999
1527,355.204481,355.20431614,355.204370088,1380418,-9999,178884.6,7.38,-1,-0.151878757,0.995823242,0,0.597493945,4,0.210526316,1.736842105,P1 O4,de-protonated,0,-9999,C19 H33 O4 P1,19,33,4,-9999,1,-9999,-9999,-9999,-9999
1528,355.212834,355.212669137,355.212612296,2599108.3,-9999,317985.7,16,-1,0.160018023,0.995364644,0,0.597218786,4,0.315789474,1.684210526,O6,de-protonated,0,-9999,C19 H32 O6,19,32,6,-9999,-9999,-9999,-9999,-9999,-9999
1530,355.249263,355.249098123,355.248997806,2343118.5,-9999,287098.4,14.19,-1,0.282386685,0.98563505,0,0.59138103,3,0.25,1.8,O5,de-protonated,0,-9999,C20 H36 O5,20,36,5,-9999,-9999,-9999,-9999,-9999,-9999
1531,355.322147,355.321982096,355.321768825,1412834.6,-9999,319527.4,7.61,-1,0.600221909,0.936720949,0,0.562032569,1,0.136363636,2,O3,de-protonated,0,-9999,C22 H44 O3,22,44,3,-9999,-9999,-9999,-9999,-9999,-9999
1532,356.171759,356.171593782,356.171475759,5018574.5,-9999,300068,33.11,-1,0.33136468,0.980273633,0,0.58816418,5,0.411764706,1.588235294,N1 O7,de-protonated,0,-9999,C17 H27 O7 N1,17,27,7,1,-9999,-9999,-9999,-9999,-9999
1533,356.182914,356.182748778,356.182709149,4297681.5,-9999,315942.2,28.01,-1,0.111260955,0.997756367,0,0.59865382,5,0.375,1.6875,N3 O6,de-protonated,0,-9999,C16 H27 O6 N3,16,27,6,3,-9999,-9999,-9999,-9999,-9999
1534,356.207957,356.207791769,356.207861269,1493208.5,-9999,343293,8.18,-1,-0.195111081,0.993116352,0,0.595869811,4,0.333333333,1.722222222,N1 O6,de-protonated,0,-9999,C18 H31 O6 N1,18,31,6,1,-9999,-9999,-9999,-9999,-9999
1539,357.025477,357.025311466,357.025205446,2133180,-9999,333044.4,12.7,-1,0.296953443,0.984126937,0,0.590476162,13,0.529411765,0.588235294,O9,de-protonated,0,-9999,C17 H10 O9,17,10,9,-9999,-9999,-9999,-9999,-9999,-9999
1539,357.025477,357.025311466,357.025043255,2133180,-9999,333044.4,12.7,-1,0.751239161,0.902666218,0,0.541599731,8,0.25,1.25,N4 S2 P1 O3,de-protonated,0,-9999,C12 H15 O3 N4 P1 S2,12,15,3,4,1,2,-9999,-9999,-9999
1540,357.046591,357.046425458,357.046334814,3982529.8,-9999,275608.5,25.78,-1,0.253871781,0.988373587,0,0.593024152,8,0.785714286,1,O11,de-protonated,0,-9999,C14 H14 O11,14,14,11,-9999,-9999,-9999,-9999,-9999,-9999
1540,357.046591,357.046425458,357.046172623,3982529.8,-9999,275608.5,25.78,-1,0.708130596,0.913029351,0,0.54781761,3,0.555555556,2.111111111,N4 S2 P1 O5,de-protonated,0,-9999,C9 H19 O5 N4 P1 S2,9,19,5,4,1,2,-9999,-9999,-9999
1541,357.061882,357.061716452,357.061590955,2165446,-9999,302245.6,12.93,-1,0.351471686,0.977834563,0,0.586700738,12,0.444444444,0.777777778,O8,de-protonated,0,-9999,C18 H14 O8,18,14,8,-9999,-9999,-9999,-9999,-9999,-9999
1541,357.061882,357.061716452,357.061428764,2165446,-9999,302245.6,12.93,-1,0.805711136,0.888881701,0,0.53332902,7,0.153846154,1.461538462,N4 S2 P1 O2,de-protonated,0,-9999,C13 H19 O2 N4 P1 S2,13,19,2,4,1,2,-9999,-9999,-9999
1542,357.082971,357.082805445,357.082720324,7908556,-9999,302238.4,53.55,-1,0.238379426,0.494871099,0.860410506,0.641086862,7,0.666666667,1.2,O10,de-protonated,0,-9999,C15 H18 O10,15,18,10,-9999,-9999,-9999,-9999,-9999,-9999
1542,357.082971,357.082805445,357.082558132,7908556,-9999,302238.4,53.55,-1,0.692591946,0.916642299,0,0.54998538,2,0.4,2.3,N4 S2 P1 O4,de-protonated,0,-9999,C10 H23 O4 N4 P1 S2,10,23,4,4,1,2,-9999,-9999,-9999
1543,357.098153,357.097987439,357.097976465,1659088.1,-9999,337782.4,9.35,-1,0.030731803,0.999828647,0,0.599897188,11,0.368421053,0.947368421,O7,de-protonated,0,-9999,C19 H18 O7,19,18,7,-9999,-9999,-9999,-9999,-9999,-9999
1543,357.098153,357.097987439,357.097814273,1659088.1,-9999,337782.4,9.35,-1,0.484924824,0.958229434,0,0.574937661,6,0.071428571,1.642857143,N4 S2 P1 O1,de-protonated,0,-9999,C14 H23 O1 N4 P1 S2,14,23,1,4,1,2,-9999,-9999,-9999
1544,357.108889,357.108723435,357.108558405,1399891.3,-9999,226626.4,7.52,-1,0.462127487,0.961990686,0,0.577194411,2,0.8,2.2,N4 S1 O8,de-protonated,0,-9999,C10 H22 O8 N4 S1,10,22,8,4,-9999,1,-9999,-9999,-9999
1545,357.119334,357.119168431,357.119105833,4920534,-9999,299186.9,32.42,-1,0.175287079,0.9944404,0,0.59666424,6,0.5625,1.375,O9,de-protonated,0,-9999,C16 H22 O9,16,22,9,-9999,-9999,-9999,-9999,-9999,-9999
1545,357.119334,357.119168431,357.118943642,4920534,-9999,299186.9,32.42,-1,0.629453293,0.930631355,0,0.558378813,1,0.272727273,2.454545455,N4 S2 P1 O3,de-protonated,0,-9999,C11 H27 O3 N4 P1 S2,11,27,3,4,1,2,-9999,-9999,-9999
1546,357.134444,357.134278426,357.134361974,1551834.3,-9999,307802.5,8.59,-1,-0.233941415,0.990118714,0,0.594071228,10,0.3,1.1,O6,de-protonated,0,-9999,C20 H22 O6,20,22,6,-9999,-9999,-9999,-9999,-9999,-9999
1547,357.147668,357.147502421,357.147249134,2519262,-9999,279070.9,15.43,-1,0.709194928,0.912779474,0,0.547667684,5,0.352941176,1.588235294,P1 O6,de-protonated,0,-9999,C17 H27 O6 P1,17,27,6,-9999,1,-9999,-9999,-9999,-9999
1548,357.155815,357.155649418,357.155491342,2497760.3,-9999,301301.8,15.28,-1,0.442595777,0.965080107,0,0.579048064,5,0.470588235,1.529411765,O8,de-protonated,0,-9999,C17 H26 O8,17,26,8,-9999,-9999,-9999,-9999,-9999,-9999
1549,357.192165,357.191999404,357.191876852,3234026.5,-9999,316625.6,20.49,-1,0.343100491,0.978866737,0,0.587320042,4,0.388888889,1.666666667,O7,de-protonated,0,-9999,C18 H30 O7,18,30,7,-9999,-9999,-9999,-9999,-9999,-9999
1550,357.21463,357.214464396,357.21434363,2890992.8,-9999,274525.4,18.06,-1,0.338076607,0.979474749,0,0.587684849,4,0.3125,1.875,N4 O5,de-protonated,0,-9999,C16 H30 O5 N4,16,30,5,4,-9999,-9999,-9999,-9999,-9999
1551,357.2285,357.228334391,357.228262361,3737844.5,-9999,289967.3,24.05,-1,0.201635529,0.992650006,0,0.595590003,3,0.315789474,1.789473684,O6,de-protonated,0,-9999,C19 H34 O6,19,34,6,-9999,-9999,-9999,-9999,-9999,-9999
1552,357.264894,357.264728377,357.26464787,2139902.8,-9999,354622.1,12.75,-1,0.225343005,0.99082845,0,0.59449707,2,0.25,1.9,O5,de-protonated,0,-9999,C20 H38 O5,20,38,5,-9999,-9999,-9999,-9999,-9999,-9999
1554,357.99368,357.993514108,357.993802696,1847242,-9999,338575,10.68,-1,-0.806127875,0.888773369,0,0.533264021,4,0.875,1.75,N3 S2 P1 O7,de-protonated,0,-9999,C8 H14 O7 N3 P1 S2,8,14,7,3,1,2,-9999,-9999,-9999
1555,358.093591,358.093425071,358.093225437,1465318,-9999,343273.6,7.98,-1,0.557490656,0.945167144,0,0.567100286,11,0.388888889,0.944444444,N1 O7,de-protonated,0,-9999,C18 H17 O7 N1,18,17,7,1,-9999,-9999,-9999,-9999,-9999
1556,358.198615,358.198449032,358.198359213,16172547,-9999,294046.8,112,-1,0.250751302,0.987807762,0.992535538,0.989698872,4,0.375,1.8125,N3 O6,de-protonated,0,-9999,C16 H29 O6 N3,16,29,6,3,-9999,-9999,-9999,-9999,-9999
1557,358.22377,358.223604022,358.223511333,1846282.4,-9999,306907.2,10.67,-1,0.258747211,0.987925478,0,0.592755287,3,0.333333333,1.833333333,N1 O6,de-protonated,0,-9999,C18 H33 O6 N1,18,33,6,1,-9999,-9999,-9999,-9999,-9999
1563,359.04108,359.04091372,359.040855511,2545391,-9999,316021.8,15.62,-1,0.16212466,0.995242084,0,0.59714525,12,0.529411765,0.705882353,O9,de-protonated,0,-9999,C17 H12 O9,17,12,9,-9999,-9999,-9999,-9999,-9999,-9999
1563,359.04108,359.04091372,359.040693319,2545391,-9999,316021.8,15.62,-1,0.613859963,0.933910911,0,0.560346547,7,0.25,1.416666667,N4 S2 P1 O3,de-protonated,0,-9999,C12 H17 O3 N4 P1 S2,12,17,3,4,1,2,-9999,-9999,-9999
1564,359.062258,359.062091712,359.061984879,4467445,-9999,297544.7,29.21,-1,0.297534918,0.984065211,0,0.590439127,7,0.785714286,1.142857143,O11,de-protonated,0,-9999,C14 H16 O11,14,16,11,-9999,-9999,-9999,-9999,-9999,-9999
1564,359.062258,359.062091712,359.061822687,4467445,-9999,297544.7,29.21,-1,0.749243699,0.903156757,0,0.541894054,2,0.555555556,2.333333333,N4 S2 P1 O5,de-protonated,0,-9999,C9 H21 O5 N4 P1 S2,9,21,5,4,1,2,-9999,-9999,-9999
1565,359.077428,359.077261706,359.07724102,3005177.3,-9999,306018.6,18.87,-1,0.057610372,0.999397961,0,0.599638777,11,0.444444444,0.888888889,O8,de-protonated,0,-9999,C18 H16 O8,18,16,8,-9999,-9999,-9999,-9999,-9999,-9999
1565,359.077428,359.077261706,359.077078829,3005177.3,-9999,306018.6,18.87,-1,0.509299853,0.954025088,0,0.572415053,6,0.153846154,1.615384615,N4 S2 P1 O2,de-protonated,0,-9999,C13 H21 O2 N4 P1 S2,13,21,2,4,1,2,-9999,-9999,-9999
1567,359.098589,359.098422699,359.098370388,3849983,-9999,317407.1,24.84,-1,0.145672288,0.996156987,0,0.597694192,6,0.666666667,1.333333333,O10,de-protonated,0,-9999,C15 H20 O10,15,20,10,-9999,-9999,-9999,-9999,-9999,-9999
1567,359.098589,359.098422699,359.098208197,3849983,-9999,317407.1,24.84,-1,0.597335231,0.937308702,0,0.562385221,1,0.4,2.5,N4 S2 P1 O4,de-protonated,0,-9999,C10 H25 O4 N4 P1 S2,10,25,4,4,1,2,-9999,-9999,-9999
1569,359.113814,359.113647693,359.113626529,2263299.3,-9999,309616,13.62,-1,0.058933314,0.999370003,0,0.599622002,10,0.368421053,1.052631579,O7,de-protonated,0,-9999,C19 H20 O7,19,20,7,-9999,-9999,-9999,-9999,-9999,-9999
1569,359.113814,359.113647693,359.11346433800003,2263299.3,-9999,309616,13.62,-1,0.51057703,0.953799632,0,0.572279779,5,0.071428571,1.785714286,N4 S2 P1 O1,de-protonated,0,-9999,C14 H25 O1 N4 P1 S2,14,25,1,4,1,2,-9999,-9999,-9999
1570,359.126814,359.126647688,359.126513689,1654535,-9999,337158.4,9.31,-1,0.373125818,0.975054601,0,0.585032761,5,0.4375,1.5625,P1 O7,de-protonated,0,-9999,C16 H25 O7 P1,16,25,7,-9999,1,-9999,-9999,-9999,-9999
1571,359.135047,359.134880685,359.134755897,2459401.3,-9999,310186.7,15.01,-1,0.347468005,0.978331188,0,0.586998713,5,0.5625,1.5,O9,de-protonated,0,-9999,C16 H24 O9,16,24,9,-9999,-9999,-9999,-9999,-9999,-9999
1573,359.157445,359.157278677,359.157025971,1809679.6,-9999,341441.1,10.41,-1,0.703607165,0.914087902,0,0.548452741,13,0.041666667,1.041666667,P1 O1,de-protonated,0,-9999,C24 H25 O1 P1,24,25,1,-9999,1,-9999,-9999,-9999,-9999
1573,359.157445,359.157278677,359.157222676,1809679.6,-9999,341441.1,10.41,-1,0.155923266,0.995598324,0,0.597358994,5,0.5,1.714285714,N4 O7,de-protonated,0,-9999,C14 H24 O7 N4,14,24,7,4,-9999,-9999,-9999,-9999,-9999
1574,359.163359,359.163192675,359.162899198,5249809,-9999,299593.7,34.74,-1,0.81711251,0.885902515,0,0.531541509,4,0.352941176,1.705882353,P1 O6,de-protonated,0,-9999,C17 H29 O6 P1,17,29,6,-9999,1,-9999,-9999,-9999,-9999
1575,359.171336,359.171169672,359.171141407,1358099.5,-9999,394207.7,7.22,-1,0.07869523,0.99887693,0,0.599326158,4,0.470588235,1.647058824,O8,de-protonated,0,-9999,C17 H28 O8,17,28,8,-9999,-9999,-9999,-9999,-9999,-9999
1576,359.193915,359.193748663,359.193608185,1758489.8,-9999,298038.8,10.05,-1,0.391093035,0.972628324,0,0.583576995,4,0.4,1.866666667,N4 O6,de-protonated,0,-9999,C15 H28 O6 N4,15,28,6,4,-9999,-9999,-9999,-9999,-9999
1578,359.201977,359.20181066,359.201653689,2634012,-9999,332232.5,16.24,-1,0.437000033,0.965942395,0,0.579565437,12,0.08,1.12,O2,de-protonated,0,-9999,C25 H28 O2,25,28,2,-9999,-9999,-9999,-9999,-9999,-9999
1578,359.201977,359.20181066,359.201714048,2634012,-9999,332232.5,16.24,-1,0.268963818,0.986959497,0.992535538,0.989189913,4,0.375,1.8125,13C1 N3 O6,de-protonated,1,1556,C15 H29 O6 N3 13C1,15,29,6,3,-9999,-9999,1,-9999,-9999
1579,359.20779,359.207623658,359.207526916,3920669.8,-9999,296409,25.34,-1,0.26932123,0.986925044,0,0.592155027,3,0.388888889,1.777777778,O7,de-protonated,0,-9999,C18 H32 O7,18,32,7,-9999,-9999,-9999,-9999,-9999,-9999
1580,359.210934,359.210767657,359.210518097,8296222.5,-9999,286586.7,56.29,-1,0.694746498,0.932088414,0.976735357,0.949947191,3,0.235294118,1.941176471,N2 P1 O4,de-protonated,0,-9999,C17 H33 O4 N2 P1,17,33,4,2,1,-9999,-9999,-9999,-9999
1582,359.244258,359.244091645,359.243912425,1935655.9,-9999,329990,11.3,-1,0.498879338,0.955845436,0,0.573507262,2,0.315789474,1.894736842,O6,de-protonated,0,-9999,C19 H36 O6,19,36,6,-9999,-9999,-9999,-9999,-9999,-9999
1584,360.177875,360.177708299,360.177623768,4479021.5,-9999,277031.5,29.29,-1,0.23469259,0.990055472,0,0.594033283,4,0.466666667,1.8,N3 O7,de-protonated,0,-9999,C15 H27 O7 N3,15,27,7,3,-9999,-9999,-9999,-9999,-9999
1585,360.195004,360.194837293,360.19453368,3871794.5,-9999,311065.7,24.99,-1,0.842914262,0.879044199,0,0.527426519,3,0.294117647,1.882352941,N1 P1 O5,de-protonated,0,-9999,C17 H32 O5 N1 P1,17,32,5,1,1,-9999,-9999,-9999,-9999
1586,360.214235,360.214068286,360.213872932,1803575.9,-9999,272980.7,10.37,-1,0.54232734,0.948031551,0.976735357,0.959513073,3,0.235294118,1.941176471,13C1 N2 P1 O4,de-protonated,1,1580,C16 H33 O4 N2 P1 13C1,16,33,4,2,1,-9999,1,-9999,-9999
1586,360.214235,360.214068286,360.214009278,1803575.9,-9999,272980.7,10.37,-1,0.163814316,0.995142636,0,0.597085582,3,0.375,1.9375,N3 O6,de-protonated,0,-9999,C16 H31 O6 N3,16,31,6,3,-9999,-9999,-9999,-9999,-9999
1588,360.984167,360.984000001,360.983734556,1353488,-9999,329339.7,7.18,-1,0.735336261,0.906546614,0,0.543927969,13,0.733333333,0.4,O11,de-protonated,0,-9999,C15 H6 O11,15,6,11,-9999,-9999,-9999,-9999,-9999,-9999
1588,360.984167,360.984000001,360.984223814,1353488,-9999,329339.7,7.18,-1,-0.620007484,0.932626426,0,0.559575856,17,0.166666667,0.388888889,N2 S1 P1 O3,de-protonated,0,-9999,C18 H7 O3 N2 P1 S1,18,7,3,2,1,1,-9999,-9999,-9999
1589,361.020313,361.020145987,361.020120066,2010394.3,-9999,361484,11.83,-1,0.071801265,0.999064993,0,0.599438996,12,0.625,0.625,O10,de-protonated,0,-9999,C16 H10 O10,16,10,10,-9999,-9999,-9999,-9999,-9999,-9999
1589,361.020313,361.020145987,361.019957874,2010394.3,-9999,361484,11.83,-1,0.521059922,0.951929841,0,0.571157905,7,0.363636364,1.363636364,N4 S2 P1 O4,de-protonated,0,-9999,C11 H15 O4 N4 P1 S2,11,15,4,4,1,2,-9999,-9999,-9999
1590,361.056747,361.056579974,361.056505575,4292900.5,-9999,302902.1,27.97,-1,0.206058788,0.992325251,0,0.59539515,11,0.529411765,0.823529412,O9,de-protonated,0,-9999,C17 H14 O9,17,14,9,-9999,-9999,-9999,-9999,-9999,-9999
1590,361.056747,361.056579974,361.056343384,4292900.5,-9999,302902.1,27.97,-1,0.655272232,0.925046988,0,0.555028193,6,0.25,1.583333333,N4 S2 P1 O3,de-protonated,0,-9999,C12 H19 O3 N4 P1 S2,12,19,3,4,1,2,-9999,-9999,-9999
1591,361.077862,361.077694966,361.077634943,2701098.5,-9999,258930.4,16.71,-1,0.166232923,0.994998508,0,0.596999105,6,0.785714286,1.285714286,O11,de-protonated,0,-9999,C14 H18 O11,14,18,11,-9999,-9999,-9999,-9999,-9999,-9999
1592,361.093145,361.09297796,361.092891084,3336494.8,-9999,303652,21.21,-1,0.240591954,0.9895519,0,0.59373114,10,0.444444444,1,O8,de-protonated,0,-9999,C18 H18 O8,18,18,8,-9999,-9999,-9999,-9999,-9999,-9999
1592,361.093145,361.09297796,361.092728893,3336494.8,-9999,303652,21.21,-1,0.689760148,0.917293611,0,0.550376167,5,0.153846154,1.769230769,N4 S2 P1 O2,de-protonated,0,-9999,C13 H23 O2 N4 P1 S2,13,23,2,4,1,2,-9999,-9999,-9999
1593,361.114166,361.113998953,361.114020452,1691700.6,-9999,273737.1,9.57,-1,-0.059537418,0.999357025,0,0.599614215,5,0.666666667,1.466666667,O10,de-protonated,0,-9999,C15 H22 O10,15,22,10,-9999,-9999,-9999,-9999,-9999,-9999
1594,361.129434,361.129266947,361.129276594,2130233,-9999,315131.8,12.67,-1,-0.026712698,0.999870532,0,0.599922319,9,0.368421053,1.157894737,O7,de-protonated,0,-9999,C19 H22 O7,19,22,7,-9999,-9999,-9999,-9999,-9999,-9999
1594,361.129434,361.129266947,361.129114402,2130233,-9999,315131.8,12.67,-1,0.42241012,0.968142545,0,0.580885527,4,0.071428571,1.928571429,N4 S2 P1 O1,de-protonated,0,-9999,C14 H27 O1 N4 P1 S2,14,27,1,4,1,2,-9999,-9999,-9999
1595,361.142515,361.142347942,361.142163753,3307836.5,-9999,302678.7,21,-1,0.510017576,0.953898453,0,0.572339072,4,0.4375,1.6875,P1 O7,de-protonated,0,-9999,C16 H27 O7 P1,16,27,7,-9999,1,-9999,-9999,-9999,-9999
1596,361.150714,361.150546939,361.150405962,1832766.9,-9999,276432.7,10.57,-1,0.390356272,0.972729938,0,0.583637963,4,0.5625,1.625,O9,de-protonated,0,-9999,C16 H26 O9,16,26,9,-9999,-9999,-9999,-9999,-9999,-9999
1596,361.150714,361.150546939,361.150895219,1832766.9,-9999,276432.7,10.57,-1,-0.964361513,0.844723409,0,0.506834046,8,0.052631579,1.421052632,N2 S1 P1 O1,de-protonated,0,-9999,C19 H27 O1 N2 P1 S1,19,27,1,2,1,1,-9999,-9999,-9999
1598,361.163686,361.163518934,361.16316018,3585346.5,-9999,285029.6,22.97,-1,0.993331338,0.836075202,0,0.501645121,12,0.041666667,1.083333333,S1 O1,de-protonated,0,-9999,C24 H26 O1 S1,24,26,1,-9999,-9999,1,-9999,-9999,-9999
1599,361.165828,361.165660934,361.165662103,2192195,-9999,301147.5,13.11,-1,-0.003238286,0.999998097,0,0.599998858,8,0.3,1.3,O6,de-protonated,0,-9999,C20 H26 O6,20,26,6,-9999,-9999,-9999,-9999,-9999,-9999
1600,361.178982,361.178814929,361.178549263,9689415,-9999,288241.7,66.14,-1,0.735553106,0.877564719,0.99233659,0.923473468,3,0.352941176,1.823529412,P1 O6,de-protonated,0,-9999,C17 H31 O6 P1,17,31,6,-9999,1,-9999,-9999,-9999,-9999
1602,361.215374,361.215206915,361.214934772,3709265,-9999,318824,23.84,-1,0.753410664,0.902131225,0,0.541278735,2,0.277777778,1.944444444,P1 O5,de-protonated,0,-9999,C18 H35 O5 P1,18,35,5,-9999,1,-9999,-9999,-9999,-9999
1603,361.223527,361.223359912,361.22317698,1468243.3,-9999,334261.2,7.99,-1,0.506422865,0.954531078,0,0.572718647,2,0.388888889,1.888888889,O7,de-protonated,0,-9999,C18 H34 O7,18,34,7,-9999,-9999,-9999,-9999,-9999,-9999
1604,361.251834,361.251666902,361.251320281,1896027.3,-9999,272511.1,11.02,-1,0.959499162,0.846158426,0,0.507695056,1,0.210526316,2.052631579,P1 O4,de-protonated,0,-9999,C19 H39 O4 P1,19,39,4,-9999,1,-9999,-9999,-9999,-9999
1605,362.172276,362.172108561,362.172144465,1586782.1,-9999,356030.1,8.83,-1,-0.099133964,0.998218394,0,0.598931037,8,0.277777778,1.388888889,N3 O5,de-protonated,0,-9999,C18 H25 O5 N3,18,25,5,3,-9999,-9999,-9999,-9999,-9999
1606,362.182416,362.182248557,362.181904098,1678433,-9999,365775.8,9.48,-1,0.951067772,0.848635288,0.99233659,0.906115809,3,0.352941176,1.823529412,13C1 P1 O6,de-protonated,1,1600,C16 H31 O6 P1 13C1,16,31,6,-9999,1,-9999,1,-9999,-9999
1606,362.182416,362.182248557,362.182040443,1678433,-9999,365775.8,9.48,-1,0.574611365,0.941848915,0,0.565109349,3,0.5,1.8125,N1 O8,de-protonated,0,-9999,C16 H29 O8 N1,16,29,8,1,-9999,-9999,-9999,-9999,-9999
1608,362.210556,362.210388547,362.210183744,2585705,-9999,315373,15.89,-1,0.565424857,0.943640416,0,0.566184249,2,0.294117647,2,N1 P1 O5,de-protonated,0,-9999,C17 H34 O5 N1 P1,17,34,5,1,1,-9999,-9999,-9999,-9999
1609,362.283471,362.28330352,362.282954763,1407613.4,-9999,339020,7.56,-1,0.962664539,0.845224781,0,0.507134869,0,0.157894737,2.210526316,N1 P1 O3,de-protonated,0,-9999,C19 H42 O3 N1 P1,19,42,3,1,1,-9999,-9999,-9999,-9999
1610,362.969843,362.969675266,362.969361596,2122558.5,-9999,319823.3,12.62,-1,0.86417831,0.873273371,0,0.523964023,8,0.9,0.9,N2 S1 P1 O9,de-protonated,0,-9999,C10 H9 O9 N2 P1 S1,10,9,9,2,1,1,-9999,-9999,-9999
1611,363.006331,363.006163252,363.006398554,1816392.9,-9999,310789.7,10.45,-1,-0.648201483,0.926595264,0,0.555957159,16,0.315789474,0.473684211,P1 O6,de-protonated,0,-9999,C19 H9 O6 P1,19,9,6,-9999,1,-9999,-9999,-9999,-9999
1612,363.036005,363.035837241,363.03577013,3369297.3,-9999,275822.8,21.43,-1,0.184861071,0.993818427,0,0.596291056,11,0.625,0.75,O10,de-protonated,0,-9999,C16 H12 O10,16,12,10,-9999,-9999,-9999,-9999,-9999,-9999
1612,363.036005,363.035837241,363.035607939,3369297.3,-9999,275822.8,21.43,-1,0.6316254,0.930168924,0,0.558101354,6,0.363636364,1.545454545,N4 S2 P1 O4,de-protonated,0,-9999,C11 H17 O4 N4 P1 S2,11,17,4,4,1,2,-9999,-9999,-9999
1613,363.072356,363.072188228,363.072155639,4405083.5,-9999,280585.5,28.76,-1,0.089757301,0.99853925,0,0.59912355,10,0.529411765,0.941176471,O9,de-protonated,0,-9999,C17 H16 O9,17,16,9,-9999,-9999,-9999,-9999,-9999,-9999
1613,363.072356,363.072188228,363.071993448,4405083.5,-9999,280585.5,28.76,-1,0.536476815,0.949117883,0,0.56947073,5,0.25,1.75,N4 S2 P1 O3,de-protonated,0,-9999,C12 H21 O3 N4 P1 S2,12,21,3,4,1,2,-9999,-9999,-9999
1614,363.08547,363.085302223,363.085042799,1547615.1,-9999,303882.3,8.55,-1,0.714499145,0.911529617,0,0.54691777,5,0.642857143,1.5,P1 O9,de-protonated,0,-9999,C14 H21 O9 P1,14,21,9,-9999,1,-9999,-9999,-9999,-9999
1615,363.108823,363.108655214,363.108541149,3478373.8,-9999,303144.7,22.21,-1,0.314136178,0.982253718,0,0.589352231,9,0.444444444,1.111111111,O8,de-protonated,0,-9999,C18 H20 O8,18,20,8,-9999,-9999,-9999,-9999,-9999,-9999
1615,363.108823,363.108655214,363.108378958,3478373.8,-9999,303144.7,22.21,-1,0.760811028,0.900298806,0,0.540179284,4,0.153846154,1.923076923,N4 S2 P1 O2,de-protonated,0,-9999,C13 H25 O2 N4 P1 S2,13,25,2,4,1,2,-9999,-9999,-9999
1616,363.121908,363.12174021,363.121428308,1472873.4,-9999,260243.6,8.02,-1,0.858944397,0.874703589,0,0.524822153,4,0.533333333,1.666666667,P1 O8,de-protonated,0,-9999,C15 H25 O8 P1,15,25,8,-9999,1,-9999,-9999,-9999,-9999
1617,363.145238,363.145070201,363.144926658,1658736,-9999,319270.1,9.34,-1,0.395276625,0.972047898,0,0.583228739,8,0.368421053,1.263157895,O7,de-protonated,0,-9999,C19 H24 O7,19,24,7,-9999,-9999,-9999,-9999,-9999,-9999
1617,363.145238,363.145070201,363.144764467,1658736,-9999,319270.1,9.34,-1,0.841906757,0.879314988,0,0.527588993,3,0.071428571,2.071428571,N4 S2 P1 O1,de-protonated,0,-9999,C14 H29 O1 N4 P1 S2,14,29,1,4,1,2,-9999,-9999,-9999
1618,363.15826,363.158092196,363.157813818,2153331.8,-9999,333005.7,12.83,-1,0.766549144,0.898868247,0,0.539320948,3,0.4375,1.8125,P1 O7,de-protonated,0,-9999,C16 H29 O7 P1,16,29,7,-9999,1,-9999,-9999,-9999,-9999
1619,363.160706,363.160538195,363.160182799,1513076.4,-9999,326609.6,8.31,-1,0.978619636,0.840487875,0,0.504292725,12,0.173913043,1.043478261,O4,de-protonated,0,-9999,C23 H24 O4,23,24,4,-9999,-9999,-9999,-9999,-9999,-9999
1620,363.17593,363.17576219,363.175438941,3314552.8,-9999,302927.8,21.05,-1,0.890062285,0.866108039,0,0.519664823,16,0.037037037,0.888888889,O1,de-protonated,0,-9999,C27 H24 O1,27,24,1,-9999,-9999,-9999,-9999,-9999,-9999
1621,363.18149,363.181322187,363.181312168,2876794.3,-9999,318951.5,17.95,-1,0.027589342,0.999861896,0,0.599917138,7,0.3,1.4,O6,de-protonated,0,-9999,C20 H28 O6,20,28,6,-9999,-9999,-9999,-9999,-9999,-9999
1622,363.194605,363.194437183,363.194199327,17808254,-9999,289040.9,123.56,-1,0.654898976,0.907286614,0.980869311,0.936719693,2,0.352941176,1.941176471,P1 O6,de-protonated,0,-9999,C17 H33 O6 P1,17,33,6,-9999,1,-9999,-9999,-9999,-9999
1623,363.230971,363.230803169,363.230584836,4174728.3,-9999,300547,27.13,-1,0.601085669,0.936544601,0,0.561926761,1,0.277777778,2.055555556,P1 O5,de-protonated,0,-9999,C18 H37 O5 P1,18,37,5,-9999,1,-9999,-9999,-9999,-9999
1624,363.267357,363.267189156,363.266970346,2171282.5,-9999,322522.1,12.96,-1,0.60233905,0.936288315,0,0.561772989,0,0.210526316,2.157894737,P1 O4,de-protonated,0,-9999,C19 H41 O4 P1,19,41,4,-9999,1,-9999,-9999,-9999,-9999
1626,364.198015,364.197846811,364.197554162,2807448.5,-9999,317082.2,17.46,-1,0.803544801,0.889444153,0.980869311,0.926014216,2,0.352941176,1.941176471,13C1 P1 O6,de-protonated,1,1622,C16 H33 O6 P1 13C1,16,33,6,-9999,1,-9999,1,-9999,-9999
1626,364.198015,364.197846811,364.197690508,2807448.5,-9999,317082.2,17.46,-1,0.429171944,0.967131532,0,0.580278919,2,0.5,1.9375,N1 O8,de-protonated,0,-9999,C16 H31 O8 N1,16,31,8,1,-9999,-9999,-9999,-9999,-9999
1627,364.226274,364.226105801,364.225833809,10437792,-9999,288783.6,71.43,-1,0.746767764,0.920363264,0.970529216,0.940429645,1,0.294117647,2.117647059,N1 P1 O5,de-protonated,0,-9999,C17 H36 O5 N1 P1,17,36,5,1,1,-9999,-9999,-9999,-9999
1628,364.270775,364.270606784,364.270461526,1577645,-9999,306733.7,8.76,-1,0.3987636,0.971559669,0,0.582935801,0,0.333333333,2.166666667,N1 O6,de-protonated,0,-9999,C18 H39 O6 N1,18,39,6,1,-9999,-9999,-9999,-9999,-9999
1629,365.015447,365.015278509,365.015034685,1760638.8,-9999,315617.9,9.94,-1,0.667981877,0.922228398,0,0.553337039,11,0.733333333,0.666666667,O11,de-protonated,0,-9999,C15 H10 O11,15,10,11,-9999,-9999,-9999,-9999,-9999,-9999
1629,365.015447,365.015278509,365.015523943,1760638.8,-9999,315617.9,9.94,-1,-0.672393106,0.921239515,0,0.552743709,15,0.166666667,0.611111111,N2 S1 P1 O3,de-protonated,0,-9999,C18 H11 O3 N2 P1 S1,18,11,3,2,1,1,-9999,-9999,-9999
1630,365.051627,365.051458495,365.051420195,5375369,-9999,272975.8,35.21,-1,0.104918608,0.998004622,0,0.598802773,10,0.625,0.875,O10,de-protonated,0,-9999,C16 H14 O10,16,14,10,-9999,-9999,-9999,-9999,-9999,-9999
1630,365.051627,365.051458495,365.051258003,5375369,-9999,272975.8,35.21,-1,0.549216069,0.946738962,0,0.568043377,5,0.363636364,1.727272727,N4 S2 P1 O4,de-protonated,0,-9999,C11 H19 O4 N4 P1 S2,11,19,4,4,1,2,-9999,-9999,-9999
1631,365.088032,365.087863482,365.087805704,4520339,-9999,284489.1,29.23,-1,0.158257443,0.995465852,0,0.597279511,9,0.529411765,1.058823529,O9,de-protonated,0,-9999,C17 H18 O9,17,18,9,-9999,-9999,-9999,-9999,-9999,-9999
1631,365.088032,365.087863482,365.087643513,4520339,-9999,284489.1,29.23,-1,0.602510648,0.936253192,0,0.561751915,4,0.25,1.916666667,N4 S2 P1 O3,de-protonated,0,-9999,C12 H23 O3 N4 P1 S2,12,23,3,4,1,2,-9999,-9999,-9999
1632,365.124438,365.124269468,365.124191213,3415453.5,-9999,281275,21.51,-1,0.21432444,0.991699799,0,0.59501988,8,0.444444444,1.222222222,O8,de-protonated,0,-9999,C18 H22 O8,18,22,8,-9999,-9999,-9999,-9999,-9999,-9999
1632,365.124438,365.124269468,365.124029022,3415453.5,-9999,281275,21.51,-1,0.658533399,0.924328114,0,0.554596868,3,0.153846154,2.076923077,N4 S2 P1 O2,de-protonated,0,-9999,C13 H27 O2 N4 P1 S2,13,27,2,4,1,2,-9999,-9999,-9999
1633,365.133394,365.133225465,365.132922679,2109856,-9999,308318.4,12.38,-1,0.829248375,0.882696626,0,0.529617976,12,0.095238095,1.047619048,N2 S1 O2,de-protonated,0,-9999,C21 H22 O2 N2 S1,21,22,2,2,-9999,1,-9999,-9999,-9999
1634,365.13744,365.137271464,365.137078373,2592673.3,-9999,281538.8,15.75,-1,0.528816893,0.95052422,0,0.570314532,3,0.533333333,1.8,P1 O8,de-protonated,0,-9999,C15 H27 O8 P1,15,27,8,-9999,1,-9999,-9999,-9999,-9999
1635,365.160866,365.160697455,365.160576723,1904551.8,-9999,357621.6,10.94,-1,0.330627709,0.980360414,0,0.588216248,7,0.368421053,1.368421053,O7,de-protonated,0,-9999,C19 H26 O7,19,26,7,-9999,-9999,-9999,-9999,-9999,-9999
1635,365.160866,365.160697455,365.160414531,1904551.8,-9999,357621.6,10.94,-1,0.774792457,0.896798343,0,0.538079006,2,0.071428571,2.214285714,N4 S2 P1 O1,de-protonated,0,-9999,C14 H31 O1 N4 P1 S2,14,31,1,4,1,2,-9999,-9999,-9999
1636,365.17385,365.17368145,365.173463882,1976747.4,-9999,305653.3,11.45,-1,0.595793097,0.937621683,0,0.56257301,2,0.4375,1.9375,P1 O7,de-protonated,0,-9999,C16 H31 O7 P1,16,31,7,-9999,1,-9999,-9999,-9999,-9999
1638,365.197185,365.197016441,365.196962232,5575090,-9999,291813.9,36.6,-1,0.148438837,0.498004963,0.822155738,0.627665273,6,0.3,1.5,O6,de-protonated,0,-9999,C20 H30 O6,20,30,6,-9999,-9999,-9999,-9999,-9999,-9999
1639,365.210258,365.210089437,365.209849392,42077620,-9999,282518.6,291.8,-1,0.657279654,0.908933764,0.986395448,0.939918438,1,0.352941176,2.058823529,P1 O6,de-protonated,0,-9999,C17 H35 O6 P1,17,35,6,-9999,1,-9999,-9999,-9999,-9999
1640,365.229576,365.229407429,365.229188644,2365883.3,-9999,227327.5,14.17,-1,0.599036715,0.936962563,0.970529216,0.950389225,1,0.294117647,2.117647059,13C1 N1 P1 O5,de-protonated,1,1627,C16 H36 O5 N1 P1 13C1,16,36,5,1,1,-9999,1,-9999,-9999
1640,365.229576,365.229407429,365.229324989,2365883.3,-9999,227327.5,14.17,-1,0.225721397,0.990797765,0,0.594478659,1,0.4375,2.125,N2 O7,de-protonated,0,-9999,C16 H34 O7 N2,16,34,7,2,-9999,-9999,-9999,-9999,-9999
1641,365.246705,365.246536423,365.246234901,6374848,-9999,295985,42.2,-1,0.825531203,0.441841181,0.837042051,0.599921529,0,0.277777778,2.166666667,P1 O5,de-protonated,0,-9999,C18 H39 O5 P1,18,39,5,-9999,1,-9999,-9999,-9999,-9999
1642,366.001445,366.001276144,366.001257059,2083988.6,-9999,247678,12.2,-1,0.052145134,0.999506742,0,0.599704045,15,0.176470588,0.529411765,N3 S2 O3,de-protonated,0,-9999,C17 H9 O3 N3 S2,17,9,3,3,-9999,2,-9999,-9999,-9999
1643,366.131165,366.130996096,366.130673575,1356729.1,-9999,278696.7,7.11,-1,0.880890226,0.868664504,0,0.521198702,8,0.4375,1.3125,N3 O7,de-protonated,0,-9999,C16 H21 O7 N3,16,21,7,3,-9999,-9999,-9999,-9999,-9999
1644,366.18027,366.180101078,366.179946244,1727943,-9999,271390.3,9.71,-1,0.42283538,0.968079403,0,0.580847642,2,0.428571429,2.142857143,N3 P1 O6,de-protonated,0,-9999,C14 H30 O6 N3 P1,14,30,6,3,1,-9999,-9999,-9999,-9999
1645,366.213662,366.213493065,366.213204227,8552144,-9999,286568,57.42,-1,0.788716912,0.893262689,0.986395448,0.930515793,1,0.352941176,2.058823529,13C1 P1 O6,de-protonated,1,1639,C16 H35 O6 P1 13C1,16,35,6,-9999,1,-9999,1,-9999,-9999
1645,366.213662,366.213493065,366.213340572,8552144,-9999,286568,57.42,-1,0.416404622,0.484513939,0.85247738,0.631699316,1,0.5,2.0625,N1 O8,de-protonated,0,-9999,C16 H33 O8 N1,16,33,8,1,-9999,-9999,-9999,-9999,-9999
1649,367.030918,367.030748763,367.03068475,3898806.5,-9999,242000,24.88,-1,0.174407734,0.994495887,0,0.596697532,10,0.733333333,0.8,O11,de-protonated,0,-9999,C15 H12 O11,15,12,11,-9999,-9999,-9999,-9999,-9999,-9999
1649,367.030918,367.030748763,367.030522558,3898806.5,-9999,242000,24.88,-1,0.616309288,0.933400463,0,0.560040278,5,0.5,1.7,N4 S2 P1 O5,de-protonated,0,-9999,C10 H17 O5 N4 P1 S2,10,17,5,4,1,2,-9999,-9999,-9999
1650,367.067326,367.067156749,367.067070259,6492097,-9999,294614.7,43.01,-1,0.235624962,0.992945821,0.952962123,0.976952342,9,0.625,1,O10,de-protonated,0,-9999,C16 H16 O10,16,16,10,-9999,-9999,-9999,-9999,-9999,-9999
1650,367.067326,367.067156749,367.066908068,6492097,-9999,294614.7,43.01,-1,0.677482739,0.920091794,0,0.552055077,4,0.363636364,1.909090909,N4 S2 P1 O4,de-protonated,0,-9999,C11 H21 O4 N4 P1 S2,11,21,4,4,1,2,-9999,-9999,-9999
1651,367.103697,367.103527736,367.103455768,6881227,-9999,282967.2,45.73,-1,0.196041065,0.496525402,0.844689208,0.635790924,8,0.529411765,1.176470588,O9,de-protonated,0,-9999,C17 H20 O9,17,20,9,-9999,-9999,-9999,-9999,-9999,-9999
1651,367.103697,367.103527736,367.103293577,6881227,-9999,282967.2,45.73,-1,0.637855031,0.928835119,0,0.557301071,3,0.25,2.083333333,N4 S2 P1 O3,de-protonated,0,-9999,C12 H25 O3 N4 P1 S2,12,25,3,4,1,2,-9999,-9999,-9999
1652,367.108668,367.108498734,367.108815931,1657804.4,-9999,313132.4,9.21,-1,-0.864040834,0.873311019,0,0.523986611,17,0.130434783,0.695652174,N2 O3,de-protonated,0,-9999,C23 H16 O3 N2,23,16,3,2,-9999,-9999,-9999,-9999,-9999
1652,367.108668,367.108498734,367.108164482,1657804.4,-9999,313132.4,9.21,-1,0.910499153,0.860344369,0,0.516206621,8,0.333333333,1.333333333,N4 S1 O5,de-protonated,0,-9999,C15 H20 O5 N4 S1,15,20,5,4,-9999,1,-9999,-9999,-9999
1653,367.140154,367.139984722,367.139841278,3121621.3,-9999,295242.4,19.45,-1,0.390708097,0.972681437,0,0.583608862,7,0.444444444,1.333333333,O8,de-protonated,0,-9999,C18 H24 O8,18,24,8,-9999,-9999,-9999,-9999,-9999,-9999
1653,367.140154,367.139984722,367.139679086,3121621.3,-9999,295242.4,19.45,-1,0.832478363,0.881837386,0,0.529102432,2,0.153846154,2.230769231,N4 S2 P1 O2,de-protonated,0,-9999,C13 H29 O2 N4 P1 S2,13,29,2,4,1,2,-9999,-9999,-9999
1656,367.17643,367.176260709,367.176226787,1392607.5,-9999,314447.7,7.36,-1,0.092385426,0.998452522,0,0.59907151300000006,6,0.368421053,1.473684211,O7,de-protonated,0,-9999,C19 H28 O7,19,28,7,-9999,-9999,-9999,-9999,-9999,-9999
1656,367.17643,367.176260709,367.176064596,1392607.5,-9999,314447.7,7.36,-1,0.534111782,0.949554031,0,0.569732419,1,0.071428571,2.357142857,N4 S2 P1 O1,de-protonated,0,-9999,C14 H33 O1 N4 P1 S2,14,33,1,4,1,2,-9999,-9999,-9999
1657,367.189577,367.189407704,367.189113947,1577443.1,-9999,321690.5,8.65,-1,0.800016354,0.890357771,0,0.534214663,1,0.4375,2.0625,P1 O7,de-protonated,0,-9999,C16 H33 O7 P1,16,33,7,-9999,1,-9999,-9999,-9999,-9999
1659,367.212876,367.212706695,367.212612296,6860778,-9999,284778.8,45.59,-1,0.257068764,0.942815096,0.96406684,0.951315794,5,0.3,1.6,O6,de-protonated,0,-9999,C20 H32 O6,20,32,6,-9999,-9999,-9999,-9999,-9999,-9999
1660,367.215968,367.215798694,367.2159836,1422570.6,-9999,345369.7,7.57,-1,-0.503533561,0.955036617,0,0.57302197,0,0.352941176,2.117647059,S1 O6,de-protonated,0,-9999,C17 H36 O6 S1,17,36,6,-9999,-9999,1,-9999,-9999,-9999
1660,367.215968,367.215798694,367.215603477,1422570.6,-9999,345369.7,7.57,-1,0.531613979,0.950012787,0,0.570007672,5,0.157894737,1.736842105,N2 P1 O3,de-protonated,0,-9999,C19 H33 O3 N2 P1,19,33,3,2,1,-9999,-9999,-9999,-9999
1661,367.225907,367.225737691,367.225499456,13414381,-9999,282828.4,91.41,-1,0.648741713,0.921873548,0.980598019,0.945363336,0,0.352941176,2.176470588,P1 O6,de-protonated,0,-9999,C17 H37 O6 P1,17,37,6,-9999,1,-9999,-9999,-9999,-9999
1665,367.998552,367.998382405,367.998279678,2448070.8,-9999,311069,14.74,-1,0.279148461,0.985960306,0,0.591576184,15,0.375,0.4375,N3 S1 O6,de-protonated,0,-9999,C16 H7 O6 N3 S1,16,7,6,3,-9999,1,-9999,-9999,-9999
1666,368.07065,368.070480378,368.070425094,1568219.1,-9999,306906.9,8.59,-1,0.150198805,0.995914942,0.952962123,0.978733815,9,0.625,1,13C1 O10,de-protonated,1,1650,C15 H16 O10 13C1,15,16,10,-9999,-9999,-9999,1,-9999,-9999
1667,368.210674,368.210504326,368.210852449,3339522.5,-9999,299972.8,20.97,-1,-0.945445839,0.850278663,0,0.510167198,5,0.166666667,1.777777778,N3 P1 O3,de-protonated,0,-9999,C18 H32 O3 N3 P1,18,32,3,3,1,-9999,-9999,-9999,-9999
1668,368.216421,368.216251324,368.215967132,1865476.1,-9999,307061.8,10.66,-1,0.771808965,0.897549506,0.96406684,0.924156439,5,0.3,1.6,13C1 O6,de-protonated,1,1659,C19 H32 O6 13C1,19,32,6,-9999,-9999,-9999,1,-9999,-9999
1669,368.229278,368.229108319,368.228854291,2839815.8,-9999,310409.5,17.48,-1,0.689864612,0.917269624,0.980598019,0.942600982,0,0.352941176,2.176470588,13C1 P1 O6,de-protonated,1,1661,C16 H37 O6 P1 13C1,16,37,6,-9999,1,-9999,1,-9999,-9999
1669,368.229278,368.229108319,368.228990637,2839815.8,-9999,310409.5,17.48,-1,0.31959036,0.981637871,0,0.588982722,0,0.5,2.1875,N1 O8,de-protonated,0,-9999,C16 H35 O8 N1,16,35,8,1,-9999,-9999,-9999,-9999,-9999
1671,369.025525,369.025355024,369.025205446,2226663.5,-9999,213167.7,13.19,-1,0.405333652,0.970628791,0,0.582377275,14,0.5,0.555555556,O9,de-protonated,0,-9999,C18 H10 O9,18,10,9,-9999,-9999,-9999,-9999,-9999,-9999
1671,369.025525,369.025355024,369.025694703,2226663.5,-9999,213167.7,13.19,-1,-0.920475243,0.857497619,0,0.514498572,18,0.047619048,0.523809524,N2 S1 P1 O1,de-protonated,0,-9999,C21 H11 O1 N2 P1 S1,21,11,1,2,1,1,-9999,-9999,-9999
1671,369.025525,369.025355024,369.025043255,2226663.5,-9999,213167.7,13.19,-1,0.844846901,0.878524086,0,0.527114451,9,0.230769231,1.153846154,N4 S2 P1 O3,de-protonated,0,-9999,C13 H15 O3 N4 P1 S2,13,15,3,4,1,2,-9999,-9999,-9999
1672,369.046539,369.046369017,369.046334814,6355437.5,-9999,270906.3,42.05,-1,0.092678054,0.499221355,0.860410506,0.643697016,9,0.733333333,0.933333333,O11,de-protonated,0,-9999,C15 H14 O11,15,14,11,-9999,-9999,-9999,-9999,-9999,-9999
1672,369.046539,369.046369017,369.046172623,6355437.5,-9999,270906.3,42.05,-1,0.532166002,0.949911567,0,0.56994694,4,0.5,1.9,N4 S2 P1 O5,de-protonated,0,-9999,C10 H19 O5 N4 P1 S2,10,19,5,4,1,2,-9999,-9999,-9999
1673,369.082987,369.082817003,369.082720324,9056760,-9999,275210.8,60.94,-1,0.261945766,0.992128844,0.986580791,0.989909623,8,0.625,1.125,O10,de-protonated,0,-9999,C16 H18 O10,16,18,10,-9999,-9999,-9999,-9999,-9999,-9999
1673,369.082987,369.082817003,369.082558132,9056760,-9999,275210.8,60.94,-1,0.701390462,0.928224378,0.972219986,0.945822621,3,0.363636364,2.090909091,N4 S2 P1 O4,de-protonated,0,-9999,C11 H23 O4 N4 P1 S2,11,23,4,4,1,2,-9999,-9999,-9999
1674,369.119333,369.11916299,369.119105833,5910018,-9999,286580.1,38.94,-1,0.15484664,0.497829384,0.844689208,0.636573313,7,0.529411765,1.294117647,O9,de-protonated,0,-9999,C17 H22 O9,17,22,9,-9999,-9999,-9999,-9999,-9999,-9999
1674,369.119333,369.11916299,369.118943642,5910018,-9999,286580.1,38.94,-1,0.594247971,0.937934565,0,0.562760739,2,0.25,2.25,N4 S2 P1 O3,de-protonated,0,-9999,C12 H27 O3 N4 P1 S2,12,27,3,4,1,2,-9999,-9999,-9999
1675,369.127515,369.127344987,369.12718585,4685316,-9999,302507.5,30.38,-1,0.431116079,0.966838076,0,0.580102845,2,0.416666667,2.166666667,N4 S2 O5,de-protonated,0,-9999,C12 H26 O5 N4 S2,12,26,5,4,-9999,2,-9999,-9999,-9999
1676,369.155759,369.155588976,369.155491342,2895884.3,-9999,291742.9,17.87,-1,0.264479395,0.987387989,0,0.592432793,6,0.444444444,1.444444444,O8,de-protonated,0,-9999,C18 H26 O8,18,26,8,-9999,-9999,-9999,-9999,-9999,-9999
1676,369.155759,369.155588976,369.155329151,2895884.3,-9999,291742.9,17.87,-1,0.703837465,0.914034143,0,0.548420486,1,0.153846154,2.384615385,N4 S2 P1 O2,de-protonated,0,-9999,C13 H31 O2 N4 P1 S2,13,31,2,4,1,2,-9999,-9999,-9999
1677,369.181669,369.181498967,369.181329424,1763347.4,-9999,325843.7,9.95,-1,0.45923918,0.962455314,0,0.577473188,1,0.461538462,2.307692308,N4 S1 O6,de-protonated,0,-9999,C13 H30 O6 N4 S1,13,30,6,4,-9999,1,-9999,-9999,-9999
1678,369.184029,369.183858966,369.183634643,4556308,-9999,305291,29.47,-1,0.607618206,0.935203773,0,0.561122264,5,0.263157895,1.631578947,P1 O5,de-protonated,0,-9999,C19 H31 O5 P1,19,31,5,-9999,1,-9999,-9999,-9999,-9999
1679,369.192184,369.192013963,369.191876852,1802774.4,-9999,306176.8,10.22,-1,0.371381923,0.975284335,0,0.585170601,5,0.368421053,1.578947368,O7,de-protonated,0,-9999,C19 H30 O7,19,30,7,-9999,-9999,-9999,-9999,-9999,-9999
1679,369.192184,369.192013963,369.19171466,1802774.4,-9999,306176.8,10.22,-1,0.810696739,0.887582881,0,0.532549728,0,0.071428571,2.5,N4 S2 P1 O1,de-protonated,0,-9999,C14 H35 O1 N4 P1 S2,14,35,1,4,1,2,-9999,-9999,-9999
1680,369.197104,369.196933961,369.197237014,1427991.8,-9999,317850.6,7.6,-1,-0.820843499,0.88492071,0,0.530952426,14,0.04,1.04,N2 O1,de-protonated,0,-9999,C25 H26 O1 N2,25,26,1,2,-9999,-9999,-9999,-9999,-9999
1680,369.197104,369.196933961,369.196585565,1427991.8,-9999,317850.6,7.6,-1,0.943658587,0.850799726,0,0.510479835,5,0.176470588,1.764705882,N4 S1 O3,de-protonated,0,-9999,C17 H30 O3 N4 S1,17,30,3,4,-9999,1,-9999,-9999,-9999
1682,369.22852,369.228349949,369.228262361,4395552.5,-9999,282766.3,28.35,-1,0.237220168,0.989841217,0,0.59390473,4,0.3,1.7,O6,de-protonated,0,-9999,C20 H34 O6,20,34,6,-9999,-9999,-9999,-9999,-9999,-9999
1684,369.301393,369.301222922,369.30103338,1402165,-9999,289004.8,7.42,-1,0.513247191,0.953326626,0,0.571995976,2,0.181818182,1.909090909,O4,de-protonated,0,-9999,C22 H42 O4,22,42,4,-9999,-9999,-9999,-9999,-9999,-9999
1685,370.086296,370.086125632,370.086075159,1402641.4,-9999,348242.4,7.42,-1,0.136382421,0.996630713,0.986580791,0.992610744,8,0.625,1.125,13C1 O10,de-protonated,1,1673,C15 H18 O10 13C1,15,18,10,-9999,-9999,-9999,1,-9999,-9999
1685,370.086296,370.086125632,370.085912967,1402641.4,-9999,348242.4,7.42,-1,0.574635666,0.941844142,0.972219986,0.95399448,3,0.363636364,2.090909091,13C1 N4 S2 P1 O4,de-protonated,1,1673,C10 H23 O4 N4 P1 S2 13C1,10,23,4,4,1,2,1,-9999,-9999
1688,371.02585,371.025679284,371.025599369,1476888.6,-9999,306563.6,7.94,-1,0.215388889,0.991617496,0,0.594970497,9,0.857142857,0.857142857,O12,de-protonated,0,-9999,C14 H12 O12,14,12,12,-9999,-9999,-9999,-9999,-9999,-9999
1688,371.02585,371.025679284,371.025437178,1476888.6,-9999,306563.6,7.94,-1,0.652532407,0.925648611,0,0.555389167,4,0.666666667,1.888888889,N4 S2 P1 O6,de-protonated,0,-9999,C9 H17 O6 N4 P1 S2,9,17,6,4,1,2,-9999,-9999,-9999
1689,371.041115,371.040944278,371.040855511,2620444.8,-9999,277489.7,15.94,-1,0.239240101,0.989668376,0,0.593801026,13,0.5,0.666666667,O9,de-protonated,0,-9999,C18 H12 O9,18,12,9,-9999,-9999,-9999,-9999,-9999,-9999
1689,371.041115,371.040944278,371.040693319,2620444.8,-9999,277489.7,15.94,-1,0.676365656,0.920344317,0,0.55220659,8,0.230769231,1.307692308,N4 S2 P1 O3,de-protonated,0,-9999,C13 H17 O3 N4 P1 S2,13,17,3,4,1,2,-9999,-9999,-9999
1690,371.062265,371.062094271,371.061984879,6388771,-9999,290170.5,42.28,-1,0.29480779,0.989314215,0.955406303,0.975751051,8,0.733333333,1.066666667,O11,de-protonated,0,-9999,C15 H16 O11,15,16,11,-9999,-9999,-9999,-9999,-9999,-9999
1690,371.062265,371.062094271,371.061822687,6388771,-9999,290170.5,42.28,-1,0.731908477,0.907374286,0,0.544424572,3,0.5,2.1,N4 S2 P1 O5,de-protonated,0,-9999,C10 H21 O5 N4 P1 S2,10,21,5,4,1,2,-9999,-9999,-9999
1691,371.077436,371.077265265,371.07724102,1909287,-9999,294084.4,10.96,-1,0.065336959,0.99922571,0,0.599535426,12,0.421052632,0.842105263,O8,de-protonated,0,-9999,C19 H16 O8,19,16,8,-9999,-9999,-9999,-9999,-9999,-9999
1691,371.077436,371.077265265,371.077078829,1909287,-9999,294084.4,10.96,-1,0.502419575,0.955230828,0,0.573138497,7,0.142857143,1.5,N4 S2 P1 O2,de-protonated,0,-9999,C14 H21 O2 N4 P1 S2,14,21,2,4,1,2,-9999,-9999,-9999
1692,371.098621,371.098450257,371.098370388,6632493,-9999,280008.3,43.99,-1,0.215223681,0.994935178,0.9608015,0.981281707,7,0.625,1.25,O10,de-protonated,0,-9999,C16 H20 O10,16,20,10,-9999,-9999,-9999,-9999,-9999,-9999
1692,371.098621,371.098450257,371.098208197,6632493,-9999,280008.3,43.99,-1,0.652281477,0.925703605,0,0.555422163,2,0.363636364,2.272727273,N4 S2 P1 O4,de-protonated,0,-9999,C11 H25 O4 N4 P1 S2,11,25,4,4,1,2,-9999,-9999,-9999
1693,371.113956,371.113785251,371.113626529,2106417.3,-9999,298302.1,12.34,-1,0.427691629,0.967354148,0,0.580412489,11,0.35,1,O7,de-protonated,0,-9999,C20 H20 O7,20,20,7,-9999,-9999,-9999,-9999,-9999,-9999
1693,371.113956,371.113785251,371.11346433800003,2106417.3,-9999,298302.1,12.34,-1,0.86473155,0.873121822,0,0.523873093,6,0.066666667,1.666666667,N4 S2 P1 O1,de-protonated,0,-9999,C15 H25 O1 N4 P1 S2,15,25,1,4,1,2,-9999,-9999,-9999
1694,371.135043,371.134872244,371.134755897,3677239.3,-9999,282357.1,23.32,-1,0.313488092,0.982326216,0,0.589395729,6,0.529411765,1.411764706,O9,de-protonated,0,-9999,C17 H24 O9,17,24,9,-9999,-9999,-9999,-9999,-9999,-9999
1694,371.135043,371.134872244,371.134593706,3677239.3,-9999,282357.1,23.32,-1,0.750503082,0.902847287,0,0.541708372,1,0.25,2.416666667,N4 S2 P1 O3,de-protonated,0,-9999,C12 H29 O3 N4 P1 S2,12,29,3,4,1,2,-9999,-9999,-9999
1695,371.163396,371.163225233,371.162899198,1470527,-9999,347292.3,7.9,-1,0.878414769,0.869351215,0,0.521610729,5,0.333333333,1.611111111,P1 O6,de-protonated,0,-9999,C18 H29 O6 P1,18,29,6,-9999,1,-9999,-9999,-9999,-9999
1696,371.171346,371.17117523,371.171141407,1915969.3,-9999,303353.6,11.01,-1,0.091126535,0.998494376,0,0.599096626,5,0.444444444,1.555555556,O8,de-protonated,0,-9999,C18 H28 O8,18,28,8,-9999,-9999,-9999,-9999,-9999,-9999
1698,371.194025,371.193854222,371.193608185,1556551.6,-9999,262291.4,8.5,-1,0.662825438,0.923377419,0,0.554026451,5,0.375,1.75,N4 O6,de-protonated,0,-9999,C16 H28 O6 N4,16,28,6,4,-9999,-9999,-9999,-9999,-9999
1699,371.197344,371.197173221,371.196979489,5475400.5,-9999,282084.6,35.9,-1,0.521911621,0.951776421,0,0.571065853,0,0.461538462,2.461538462,N4 S1 O6,de-protonated,0,-9999,C13 H32 O6 N4 S1,13,32,6,4,-9999,1,-9999,-9999,-9999
1700,371.199755,371.19958422,371.199284708,3183689.3,-9999,280862.1,19.87,-1,0.806876999,0.888578525,0,0.533147115,4,0.263157895,1.736842105,P1 O5,de-protonated,0,-9999,C19 H33 O5 P1,19,33,5,-9999,1,-9999,-9999,-9999,-9999
1701,371.207672,371.207501217,371.207526916,2314827.5,-9999,255880.1,13.8,-1,-0.069231504,0.999130694,0,0.599478417,4,0.368421053,1.684210526,O7,de-protonated,0,-9999,C19 H32 O7,19,32,7,-9999,-9999,-9999,-9999,-9999,-9999
1702,371.244133,371.243962203,371.243912425,3143765.8,-9999,321536.7,19.59,-1,0.134084083,0.996743132,0,0.598045879,3,0.3,1.8,O6,de-protonated,0,-9999,C20 H36 O6,20,36,6,-9999,-9999,-9999,-9999,-9999,-9999
1703,371.280474,371.28030319,371.280297935,1457759.9,-9999,340157.5,7.81,-1,0.014153993,0.99996365,0,0.59997819,2,0.238095238,1.904761905,O5,de-protonated,0,-9999,C21 H40 O5,21,40,5,-9999,-9999,-9999,-9999,-9999,-9999
1705,372.065577,372.065405899,372.065339714,1442363.3,-9999,307910,7.7,-1,0.177886878,0.994274737,0.955406303,0.978727363,8,0.733333333,1.066666667,13C1 O11,de-protonated,1,1690,C14 H16 O11 13C1,14,16,11,-9999,-9999,-9999,1,-9999,-9999
1705,372.065577,372.065405899,372.065117163,1442363.3,-9999,307910,7.7,-1,0.776035507,0.896484708,0,0.537890825,11,0.052631579,1.052631579,N1 S2 P1 O1,de-protonated,0,-9999,C19 H20 O1 N1 P1 S2,19,20,1,1,1,2,-9999,-9999,-9999
1706,372.101933,372.101761886,372.101725223,1522757.5,-9999,330279.9,8.26,-1,0.098528797,0.99824006,0.9608015,0.983264636,7,0.625,1.25,13C1 O10,de-protonated,1,1692,C15 H20 O10 13C1,15,20,10,-9999,-9999,-9999,1,-9999,-9999
1707,372.203082,372.202910848,372.202775888,1446753.8,-9999,340096.2,7.73,-1,0.362598364,0.976425882,0,0.585855529,4,0.388888889,1.722222222,N1 O7,de-protonated,0,-9999,C18 H31 O7 N1,18,31,7,1,-9999,-9999,-9999,-9999,-9999
1708,372.214275,372.214103844,372.214009278,12666213,-9999,281805.3,86.17,-1,0.254065356,0.991810574,0.983042153,0.988303206,4,0.352941176,1.823529412,N3 O6,de-protonated,0,-9999,C17 H31 O6 N3,17,31,6,3,-9999,-9999,-9999,-9999,-9999
1709,372.304122,372.303950811,372.303690208,15807870,-9999,281178,108.13,-1,0.69997469,0.932732574,0.994733138,0.957532799,1,0.095238095,2.095238095,N1 P1 O2,de-protonated,0,-9999,C21 H44 O2 N1 P1,21,44,2,1,1,-9999,-9999,-9999,-9999
1713,373.020313,373.020141546,373.020120066,2546757.5,-9999,315617,15.42,-1,0.057584532,0.999398501,0,0.599639101,13,0.588235294,0.588235294,O10,de-protonated,0,-9999,C17 H10 O10,17,10,10,-9999,-9999,-9999,-9999,-9999,-9999
1713,373.020313,373.020141546,373.019957874,2546757.5,-9999,315617,15.42,-1,0.492390595,0.95696165,0,0.57417699,8,0.333333333,1.25,N4 S2 P1 O4,de-protonated,0,-9999,C12 H15 O4 N4 P1 S2,12,15,4,4,1,2,-9999,-9999,-9999
1714,373.041503,373.041331538,373.041249434,2398795.5,-9999,320355.4,14.38,-1,0.22009439,0.991248862,0,0.594749317,8,0.857142857,1,O12,de-protonated,0,-9999,C14 H14 O12,14,14,12,-9999,-9999,-9999,-9999,-9999,-9999
1714,373.041503,373.041331538,373.041087242,2398795.5,-9999,320355.4,14.38,-1,0.654875896,0.925134149,0,0.555080489,3,0.666666667,2.111111111,N4 S2 P1 O6,de-protonated,0,-9999,C9 H19 O6 N4 P1 S2,9,19,6,4,1,2,-9999,-9999,-9999
1715,373.056711,373.056539532,373.056505575,2431567.8,-9999,269593.1,14.61,-1,0.091024729,0.998497736,0,0.599098642,12,0.5,0.777777778,O9,de-protonated,0,-9999,C18 H14 O9,18,14,9,-9999,-9999,-9999,-9999,-9999,-9999
1715,373.056711,373.056539532,373.056343384,2431567.8,-9999,269593.1,14.61,-1,0.525788398,0.95107523,0,0.570645138,7,0.230769231,1.461538462,N4 S2 P1 O3,de-protonated,0,-9999,C13 H19 O3 N4 P1 S2,13,19,3,4,1,2,-9999,-9999,-9999
1716,373.077913,373.077741525,373.077634943,5708373.5,-9999,283957.7,37.52,-1,0.285681718,0.985300349,0,0.59118021,7,0.733333333,1.2,O11,de-protonated,0,-9999,C15 H18 O11,15,18,11,-9999,-9999,-9999,-9999,-9999,-9999
1716,373.077913,373.077741525,373.077472752,5708373.5,-9999,283957.7,37.52,-1,0.72042085,0.910125303,0,0.546075182,2,0.5,2.3,N4 S2 P1 O5,de-protonated,0,-9999,C10 H23 O5 N4 P1 S2,10,23,5,4,1,2,-9999,-9999,-9999
1717,373.093003,373.092831519,373.092891084,2829913.8,-9999,291947.7,17.4,-1,-0.159653043,0.995385716,0,0.59723143,11,0.421052632,0.947368421,O8,de-protonated,0,-9999,C19 H18 O8,19,18,8,-9999,-9999,-9999,-9999,-9999,-9999
1717,373.093003,373.092831519,373.092728893,2829913.8,-9999,291947.7,17.4,-1,0.275068118,0.986364955,0,0.591818973,6,0.142857143,1.642857143,N4 S2 P1 O2,de-protonated,0,-9999,C14 H23 O2 N4 P1 S2,14,23,2,4,1,2,-9999,-9999,-9999
1718,373.102234,373.102062516,373.101755492,31987292,-9999,278636.3,221.24,-1,0.822895078,0.881539695,0.953480026,0.910315827,2,0.909090909,2.090909091,N2 P1 O10,de-protonated,0,-9999,C11 H23 O10 N2 P1,11,23,10,2,1,-9999,-9999,-9999,-9999
1719,373.114267,373.114095511,373.114020452,3884639.8,-9999,297107.8,24.77,-1,0.201168142,0.992683916,0,0.595610349,6,0.625,1.375,O10,de-protonated,0,-9999,C16 H22 O10,16,22,10,-9999,-9999,-9999,-9999,-9999,-9999
1719,373.114267,373.114095511,373.113858261,3884639.8,-9999,297107.8,24.77,-1,0.635864841,0.929262446,0,0.557557468,1,0.363636364,2.454545455,N4 S2 P1 O4,de-protonated,0,-9999,C11 H27 O4 N4 P1 S2,11,27,4,4,1,2,-9999,-9999,-9999
1720,373.129713,373.129541505,373.129276594,1381988,-9999,382211.4,7.27,-1,0.709972827,0.91259665,0,0.54755799,10,0.35,1.1,O7,de-protonated,0,-9999,C20 H22 O7,20,22,7,-9999,-9999,-9999,-9999,-9999,-9999
1721,373.142645,373.142473501,373.142163753,1578087.6,-9999,324903.2,8.64,-1,0.830105308,0.882468909,0,0.529481345,5,0.411764706,1.588235294,P1 O7,de-protonated,0,-9999,C17 H27 O7 P1,17,27,7,-9999,1,-9999,-9999,-9999,-9999
1722,373.150545,373.150373498,373.150405962,2176617.8,-9999,279012.3,12.83,-1,-0.087000101,0.998627554,0,0.599176533,5,0.529411765,1.529411765,O9,de-protonated,0,-9999,C17 H26 O9,17,26,9,-9999,-9999,-9999,-9999,-9999,-9999
1723,373.173161,373.172989489,373.172676036,6384240,-9999,277133.7,42.25,-1,0.83996883,0.439917587,0.787157861,0.578813697,13,0.04,1.08,P1 O1,de-protonated,0,-9999,C25 H27 O1 P1,25,27,1,-9999,1,-9999,-9999,-9999,-9999
1723,373.173161,373.172989489,373.17287274,6384240,-9999,277133.7,42.25,-1,0.312854804,0.491198459,0.860410506,0.638883278,5,0.466666667,1.733333333,N4 O7,de-protonated,0,-9999,C15 H26 O7 N4,15,26,7,4,-9999,-9999,-9999,-9999,-9999
1724,373.179007,373.178835487,373.178549263,2526833.8,-9999,295073.1,15.28,-1,0.766990715,0.898757808,0,0.539254685,4,0.333333333,1.722222222,P1 O6,de-protonated,0,-9999,C18 H31 O6 P1,18,31,6,-9999,1,-9999,-9999,-9999,-9999
1725,373.187097,373.186925484,373.186791471,2198644,-9999,324990.8,12.98,-1,0.359104344,0.976872747,0,0.586123648,4,0.444444444,1.666666667,O8,de-protonated,0,-9999,C18 H30 O8,18,30,8,-9999,-9999,-9999,-9999,-9999,-9999
1726,373.194448,373.194276481,373.194002108,1985654.1,-9999,312458.4,11.49,-1,0.735202028,0.906579085,0,0.543947451,0,0.75,2.5,N4 O9,de-protonated,0,-9999,C12 H30 O9 N4,12,30,9,4,-9999,-9999,-9999,-9999,-9999
1728,373.215465,373.215293474,373.214934772,2872956,-9999,291726.1,17.7,-1,0.961112766,0.84568274,0,0.507409644,3,0.263157895,1.842105263,P1 O5,de-protonated,0,-9999,C19 H35 O5 P1,19,35,5,-9999,1,-9999,-9999,-9999,-9999
1729,373.217596,373.217424473,373.217303754,2033788.5,-9999,316068.4,11.83,-1,0.323455339,0.98119528600000006,0,0.588717172,12,0.076923077,1.153846154,O2,de-protonated,0,-9999,C26 H30 O2,26,30,2,-9999,-9999,-9999,-9999,-9999,-9999
1729,373.217596,373.217424473,373.217364113,2033788.5,-9999,316068.4,11.83,-1,0.161729505,0.995265194,0.983042153,0.990375978,4,0.352941176,1.823529412,13C1 N3 O6,de-protonated,1,1708,C16 H31 O6 N3 13C1,16,31,6,3,-9999,-9999,1,-9999,-9999
1730,373.2234,373.223228471,373.22317698,1825918.1,-9999,339421.5,10.38,-1,0.137960916,0.996552405,0,0.597931443,3,0.368421053,1.789473684,O7,de-protonated,0,-9999,C19 H34 O7,19,34,7,-9999,-9999,-9999,-9999,-9999,-9999
1731,373.259814,373.259642457,373.25956249,1980040.3,-9999,298687.5,11.45,-1,0.214240683,0.991706258,0,0.595023755,2,0.3,1.9,O6,de-protonated,0,-9999,C20 H38 O6,20,38,6,-9999,-9999,-9999,-9999,-9999,-9999
1732,373.307414,373.30724244,373.307045043,3465877.5,-9999,285795.5,21.84,-1,0.528778517,0.95053122,0.994733138,0.968211987,1,0.095238095,2.095238095,13C1 N1 P1 O2,de-protonated,1,1709,C20 H44 O2 N1 P1 13C1,20,44,2,1,1,-9999,1,-9999,-9999
1732,373.307414,373.30724244,373.307181388,3465877.5,-9999,285795.5,21.84,-1,0.163541257,0.995158777,0,0.597095266,1,0.2,2.1,N2 O4,de-protonated,0,-9999,C20 H42 O4 N2,20,42,4,2,-9999,-9999,-9999,-9999,-9999
1734,374.105598,374.105426144,374.105110327,5771123.5,-9999,280200.4,37.96,-1,0.844193646,0.878699989,0.953480026,0.908612004,2,0.909090909,2.090909091,13C1 N2 P1 O10,de-protonated,1,1718,C10 H23 O10 N2 P1 13C1,10,23,10,2,1,-9999,1,-9999,-9999
1735,374.110462,374.110290142,374.110138805,1716596.8,-9999,344637.6,9.61,-1,0.404527573,0.970743771,0,0.582446263,5,0.3125,1.5625,N1 S2 O5,de-protonated,0,-9999,C16 H25 O5 N1 S2,16,25,5,1,-9999,2,-9999,-9999,-9999
1736,374.157172,374.157000125,374.156888323,3270529.8,-9999,288789.7,20.47,-1,0.298809968,0.983929451,0,0.59035767,5,0.533333333,1.666666667,N3 O8,de-protonated,0,-9999,C15 H25 O8 N3,15,25,8,3,-9999,-9999,-9999,-9999,-9999
1742,375.036048,375.0358758,375.03577013,3305589.3,-9999,289253.4,20.72,-1,0.281758866,0.985698395,0,0.591419037,12,0.588235294,0.705882353,O10,de-protonated,0,-9999,C17 H12 O10,17,12,10,-9999,-9999,-9999,-9999,-9999,-9999
1742,375.036048,375.0358758,375.035607939,3305589.3,-9999,289253.4,20.72,-1,0.714228136,0.91159366,0,0.546956196,7,0.333333333,1.416666667,N4 S2 P1 O4,de-protonated,0,-9999,C12 H17 O4 N4 P1 S2,12,17,4,4,1,2,-9999,-9999,-9999
1743,375.057186,375.057013792,375.056899498,2256507.3,-9999,308062.1,13.38,-1,0.304737147,0.983290987,0,0.589974592,7,0.857142857,1.142857143,O12,de-protonated,0,-9999,C14 H16 O12,14,16,12,-9999,-9999,-9999,-9999,-9999,-9999
1743,375.057186,375.057013792,375.057388756,2256507.3,-9999,308062.1,13.38,-1,-0.999749883,0.834136742,0,0.500482045,11,0.235294118,1,N2 S1 P1 O4,de-protonated,0,-9999,C17 H17 O4 N2 P1 S1,17,17,4,2,1,1,-9999,-9999,-9999
1743,375.057186,375.057013792,375.056737307,2256507.3,-9999,308062.1,13.38,-1,0.737182063,0.90609964,0,0.543659784,2,0.666666667,2.333333333,N4 S2 P1 O6,de-protonated,0,-9999,C9 H21 O6 N4 P1 S2,9,21,6,4,1,2,-9999,-9999,-9999
1744,375.072453,375.072280786,375.072155639,4466815.5,-9999,292631,28.84,-1,0.333660675,0.980002083,0,0.58800125,11,0.5,0.888888889,O9,de-protonated,0,-9999,C18 H16 O9,18,16,9,-9999,-9999,-9999,-9999,-9999,-9999
1744,375.072453,375.072280786,375.072644897,4466815.5,-9999,292631,28.84,-1,-0.970773332,0.842823766,0,0.50569426,15,0.047619048,0.80952381,N2 S1 P1 O1,de-protonated,0,-9999,C21 H17 O1 N2 P1 S1,21,17,1,2,1,1,-9999,-9999,-9999
1744,375.072453,375.072280786,375.071993448,4466815.5,-9999,292631,28.84,-1,0.766088015,0.898983523,0,0.539390114,6,0.230769231,1.615384615,N4 S2 P1 O3,de-protonated,0,-9999,C13 H21 O3 N4 P1 S2,13,21,3,4,1,2,-9999,-9999,-9999
1745,375.093469,375.093296779,375.093285008,2403461.3,-9999,301752.3,14.41,-1,0.031381501,0.999821326,0,0.599892795,6,0.733333333,1.333333333,O11,de-protonated,0,-9999,C15 H20 O11,15,20,11,-9999,-9999,-9999,-9999,-9999,-9999
1745,375.093469,375.093296779,375.093122816,2403461.3,-9999,301752.3,14.41,-1,0.46378435,0.961722941,0,0.577033765,1,0.5,2.5,N4 S2 P1 O5,de-protonated,0,-9999,C10 H25 O5 N4 P1 S2,10,25,5,4,1,2,-9999,-9999,-9999
1746,375.100202,375.100029776,375.10029894,31938696,-9999,276663.1,220.9,-1,-0.717579545,0.89586745,0.983090521,0.930756678,10,0.315789474,1.105263158,P1 O6,de-protonated,0,-9999,C19 H21 O6 P1,19,21,6,-9999,1,-9999,-9999,-9999,-9999
1747,375.108881,375.108708773,375.108541149,3959945.5,-9999,287470.6,25.29,-1,0.446867979,0.964414914,0,0.578648949,10,0.421052632,1.052631579,O8,de-protonated,0,-9999,C19 H20 O8,19,20,8,-9999,-9999,-9999,-9999,-9999,-9999
1747,375.108881,375.108708773,375.108378958,3959945.5,-9999,287470.6,25.29,-1,0.879253422,0.869118722,0,0.521471233,5,0.142857143,1.785714286,N4 S2 P1 O2,de-protonated,0,-9999,C14 H25 O2 N4 P1 S2,14,25,2,4,1,2,-9999,-9999,-9999
1748,375.13002,375.129847765,375.129670517,1351567.4,-9999,296457.5,7.06,-1,0.472498247,0.960300279,0,0.576180167,5,0.625,1.5,O10,de-protonated,0,-9999,C16 H24 O10,16,24,10,-9999,-9999,-9999,-9999,-9999,-9999
1748,375.13002,375.129847765,375.130159774,1351567.4,-9999,296457.5,7.06,-1,-0.831735946,0.882035105,0,0.529221063,9,0.105263158,1.315789474,N2 S1 P1 O2,de-protonated,0,-9999,C19 H25 O2 N2 P1 S1,19,25,2,2,1,1,-9999,-9999,-9999
1749,375.145311,375.145138759,375.144926658,1735315.5,-9999,294998.2,9.74,-1,0.565384594,0.943648211,0,0.566188927,9,0.35,1.2,O7,de-protonated,0,-9999,C20 H24 O7,20,24,7,-9999,-9999,-9999,-9999,-9999,-9999
1749,375.145311,375.145138759,375.144764467,1735315.5,-9999,294998.2,9.74,-1,0.997728151,0.834748185,0,0.500848911,4,0.066666667,1.933333333,N4 S2 P1 O1,de-protonated,0,-9999,C15 H29 O1 N4 P1 S2,15,29,1,4,1,2,-9999,-9999,-9999
1750,375.15817,375.157997755,375.157813818,4000919,-9999,269039.2,25.58,-1,0.490291888,0.957319825,0,0.574391895,4,0.411764706,1.705882353,P1 O7,de-protonated,0,-9999,C17 H29 O7 P1,17,29,7,-9999,1,-9999,-9999,-9999,-9999
1751,375.166944,375.166771751,375.166925406,1712921.5,-9999,171164.9,9.58,-1,-0.409563755,0.97002188,0,0.582013128,3,0.222222222,1.777777778,S2 O4,de-protonated,0,-9999,C18 H32 O4 S2,18,32,4,-9999,-9999,2,-9999,-9999,-9999
1751,375.166944,375.166771751,375.166545284,1712921.5,-9999,171164.9,9.58,-1,0.603645895,0.936020603,0,0.561612362,8,0.05,1.45,N2 S1 P1 O1,de-protonated,0,-9999,C20 H29 O1 N2 P1 S1,20,29,1,2,1,1,-9999,-9999,-9999
1752,375.194626,375.194453741,375.194199327,2861217.3,-9999,291773,17.61,-1,0.678086148,0.919955246,0,0.551973148,3,0.333333333,1.833333333,P1 O6,de-protonated,0,-9999,C18 H33 O6 P1,18,33,6,-9999,1,-9999,-9999,-9999,-9999
1753,375.202549,375.202376738,375.202441536,1754275.4,-9999,287638.9,9.87,-1,-0.172699924,0.994602862,0,0.596761717,3,0.444444444,1.777777778,O8,de-protonated,0,-9999,C18 H32 O8,18,32,8,-9999,-9999,-9999,-9999,-9999,-9999
1754,375.231088,375.230915728,375.230584836,2602667.3,-9999,248724.6,15.8,-1,0.88183415,0.868402286,0,0.521041372,2,0.263157895,1.947368421,P1 O5,de-protonated,0,-9999,C19 H37 O5 P1,19,37,5,-9999,1,-9999,-9999,-9999,-9999
1755,375.303686,375.303513701,375.303355855,3393727.3,-9999,320130,21.33,-1,0.4205813,0.968413407,0,0.581048044,0,0.142857143,2.142857143,P1 O3,de-protonated,0,-9999,C21 H45 O3 P1,21,45,3,-9999,1,-9999,-9999,-9999,-9999
1757,376.103512,376.103339405,376.103653775,5794204,-9999,265505.3,38.11,-1,-0.835861922,0.880934614,0.983090521,0.921796977,10,0.315789474,1.105263158,13C1 P1 O6,de-protonated,1,1746,C18 H21 O6 P1 13C1,18,21,6,-9999,1,-9999,1,-9999,-9999
1758,376.151765,376.151592387,376.15140902,1444265.4,-9999,305463.7,7.7,-1,0.487482309,0.957797133,0,0.57467828,9,0.333333333,1.277777778,N3 O6,de-protonated,0,-9999,C18 H23 O6 N3,18,23,6,3,-9999,-9999,-9999,-9999,-9999
1759,376.189764,376.189591373,376.189448299,1889715.9,-9999,261490,10.82,-1,0.380322903,0.974095688,0,0.584457413,3,0.352941176,1.882352941,N1 P1 O6,de-protonated,0,-9999,C17 H32 O6 N1 P1,17,32,6,1,1,-9999,-9999,-9999,-9999
1760,376.201209,376.201036369,376.200681689,1618871,-9999,215230.6,8.92,-1,0.942794508,0.851051403,0,0.510630842,3,0.3125,2,N3 P1 O5,de-protonated,0,-9999,C16 H32 O5 N3 P1,16,32,5,3,1,-9999,-9999,-9999,-9999
1761,376.216645,376.216472363,376.216317952,2703291.3,-9999,287121,16.51,-1,0.410429868,0.969896885,0,0.581938131,2,0.277777778,1.944444444,N1 S1 O5,de-protonated,0,-9999,C18 H35 O5 N1 S1,18,35,5,1,-9999,1,-9999,-9999,-9999
1768,376.996569,376.996396074,376.996245049,3350673.8,-9999,250730.3,21.03,-1,0.400600392,0.971300866,0,0.582780519,8,0.8,1.1,N4 S1 P1 O8,de-protonated,0,-9999,C10 H11 O8 N4 P1 S1,10,11,8,4,1,1,-9999,-9999,-9999
1769,377.015441,377.015268067,377.015034685,1368727,-9999,333106.8,7.17,-1,0.619025495,0.932832347,0,0.559699408,12,0.6875,0.625,O11,de-protonated,0,-9999,C16 H10 O11,16,10,11,-9999,-9999,-9999,-9999,-9999,-9999
1769,377.015441,377.015268067,377.015523943,1368727,-9999,333106.8,7.17,-1,-0.678686726,0.919819238,0,0.551891543,16,0.157894737,0.578947368,N2 S1 P1 O3,de-protonated,0,-9999,C19 H11 O3 N2 P1 S1,19,11,3,2,1,1,-9999,-9999,-9999
1770,377.051622,377.051449054,377.051420195,4999841,-9999,291326.9,32.25,-1,0.076539101,0.998937596,0,0.599362558,11,0.588235294,0.823529412,O10,de-protonated,0,-9999,C17 H14 O10,17,14,10,-9999,-9999,-9999,-9999,-9999,-9999
1770,377.051622,377.051449054,377.051258003,4999841,-9999,291326.9,32.25,-1,0.506696378,0.954483085,0,0.572689851,6,0.333333333,1.583333333,N4 S2 P1 O4,de-protonated,0,-9999,C12 H19 O4 N4 P1 S2,12,19,4,4,1,2,-9999,-9999,-9999
1772,377.088041,377.08786804,377.087805704,4843179,-9999,287024,31.17,-1,0.165309899,0.995053759,0,0.597032255,10,0.5,1,O9,de-protonated,0,-9999,C18 H18 O9,18,18,9,-9999,-9999,-9999,-9999,-9999,-9999
1772,377.088041,377.08786804,377.087643513,4843179,-9999,287024,31.17,-1,0.595425708,0.937696142,0,0.562617685,5,0.230769231,1.769230769,N4 S2 P1 O3,de-protonated,0,-9999,C13 H23 O3 N4 P1 S2,13,23,3,4,1,2,-9999,-9999,-9999
1773,377.124515,377.124342027,377.124191213,2796213,-9999,295114.5,16.99,-1,0.399904065,0.97139911,0,0.582839466,9,0.421052632,1.157894737,O8,de-protonated,0,-9999,C19 H22 O8,19,22,8,-9999,-9999,-9999,-9999,-9999,-9999
1773,377.124515,377.124342027,377.124029022,2796213,-9999,295114.5,16.99,-1,0.829978477,0.882502624,0,0.529501574,4,0.142857143,1.928571429,N4 S2 P1 O2,de-protonated,0,-9999,C14 H27 O2 N4 P1 S2,14,27,2,4,1,2,-9999,-9999,-9999
1775,377.160998,377.160825013,377.160576723,2036415,-9999,306039.6,11.73,-1,0.658315474,0.924376246,0,0.554625747,8,0.35,1.3,O7,de-protonated,0,-9999,C20 H26 O7,20,26,7,-9999,-9999,-9999,-9999,-9999,-9999
1776,377.173904,377.173731009,377.173463882,5073602.5,-9999,274384.7,32.76,-1,0.708231948,0.913005569,0,0.547803341,3,0.411764706,1.823529412,P1 O7,de-protonated,0,-9999,C17 H31 O7 P1,17,31,7,-9999,1,-9999,-9999,-9999,-9999
1777,377.210322,377.210148995,377.209849392,5301964.5,-9999,281141.4,34.35,-1,0.794262049,0.445920549,0.837042051,0.60236915,2,0.333333333,1.944444444,P1 O6,de-protonated,0,-9999,C18 H35 O6 P1,18,35,6,-9999,1,-9999,-9999,-9999,-9999
1778,377.246633,377.246459982,377.246234901,2841302.5,-9999,306432.6,17.3,-1,0.596641284,0.937449628,0,0.562469777,1,0.263157895,2.052631579,P1 O5,de-protonated,0,-9999,C19 H39 O5 P1,19,39,5,-9999,1,-9999,-9999,-9999,-9999
1781,378.167316,378.167142641,378.167059084,2115538.5,-9999,268054.6,12.28,-1,0.220951792,0.991180849,0,0.59470851,8,0.333333333,1.388888889,N3 O6,de-protonated,0,-9999,C18 H25 O6 N3,18,25,6,3,-9999,-9999,-9999,-9999,-9999
1783,378.205641,378.205467627,378.205098364,1918429,-9999,294244.4,10.91,-1,0.976356152,0.841162991,0,0.504697795,2,0.352941176,2,N1 P1 O6,de-protonated,0,-9999,C17 H34 O6 N1 P1,17,34,6,1,1,-9999,-9999,-9999,-9999
1784,378.216773,378.216599623,378.216331753,1801184,-9999,312492.3,10.1,-1,0.708244044,0.913002731,0,0.547801638,2,0.3125,2.125,N3 P1 O5,de-protonated,0,-9999,C16 H34 O5 N3 P1,16,34,5,3,1,-9999,-9999,-9999,-9999
1785,378.241857,378.241683613,378.241483873,3438566.8,-9999,293206,21.44,-1,0.528075656,0.950659345,0,0.570395607,1,0.277777778,2.111111111,N1 P1 O5,de-protonated,0,-9999,C18 H38 O5 N1 P1,18,38,5,1,1,-9999,-9999,-9999,-9999
1788,379.030904,379.030730321,379.03068475,3569854,-9999,293676.8,22.35,-1,0.120231646,0.997380478,0,0.598428287,11,0.6875,0.75,O11,de-protonated,0,-9999,C16 H12 O11,16,12,11,-9999,-9999,-9999,-9999,-9999,-9999
1788,379.030904,379.030730321,379.030522558,3569854,-9999,293676.8,22.35,-1,0.548142698,0.946941324,0,0.568164794,6,0.454545455,1.545454545,N4 S2 P1 O5,de-protonated,0,-9999,C11 H17 O5 N4 P1 S2,11,17,5,4,1,2,-9999,-9999,-9999
1789,379.067299,379.067125308,379.067070259,6630600,-9999,284788.8,43.54,-1,0.145221431,0.998025548,0.95406125,0.980439829,10,0.588235294,0.941176471,O10,de-protonated,0,-9999,C17 H16 O10,17,16,10,-9999,-9999,-9999,-9999,-9999,-9999
1789,379.067299,379.067125308,379.066908068,6630600,-9999,284788.8,43.54,-1,0.573091419,0.942147083,0,0.56528825,5,0.333333333,1.75,N4 S2 P1 O4,de-protonated,0,-9999,C12 H21 O4 N4 P1 S2,12,21,4,4,1,2,-9999,-9999,-9999
1790,379.082872,379.082698302,379.0823264,1863372,-9999,287884,10.53,-1,0.981057629,0.839759569,0,0.503855741,14,0.333333333,0.761904762,O7,de-protonated,0,-9999,C21 H16 O7,21,16,7,-9999,-9999,-9999,-9999,-9999,-9999
1791,379.103692,379.103518294,379.103455768,5207249.5,-9999,279426.2,33.69,-1,0.164930816,0.995076362,0,0.597045817,9,0.5,1.111111111,O9,de-protonated,0,-9999,C18 H20 O9,18,20,9,-9999,-9999,-9999,-9999,-9999,-9999
1791,379.103692,379.103518294,379.103293577,5207249.5,-9999,279426.2,33.69,-1,0.592759747,0.938235254,0,0.562941152,4,0.230769231,1.923076923,N4 S2 P1 O3,de-protonated,0,-9999,C13 H25 O3 N4 P1 S2,13,25,3,4,1,2,-9999,-9999,-9999
1792,379.14015,379.139976281,379.139841278,3263707.5,-9999,288486.4,20.23,-1,0.356077056,0.977256584,0,0.586353951,8,0.421052632,1.263157895,O8,de-protonated,0,-9999,C19 H24 O8,19,24,8,-9999,-9999,-9999,-9999,-9999,-9999
1792,379.14015,379.139976281,379.139679086,3263707.5,-9999,288486.4,20.23,-1,0.78386501,0.894500228,0,0.536700137,3,0.142857143,2.071428571,N4 S2 P1 O2,de-protonated,0,-9999,C14 H29 O2 N4 P1 S2,14,29,2,4,1,2,-9999,-9999,-9999
1793,379.153262,379.153088276,379.152728437,2588895.3,-9999,280862.6,15.55,-1,0.949059701,0.84922303,0,0.509533818,3,0.5,1.8125,P1 O8,de-protonated,0,-9999,C16 H29 O8 P1,16,29,8,-9999,1,-9999,-9999,-9999,-9999
1794,379.162475,379.162301272,379.162308056,1367521.6,-9999,256400.8,7.09,-1,-0.017891664,0.999941918,0,0.599965151,8,0.352941176,1.411764706,N4 O6,de-protonated,0,-9999,C17 H24 O6 N4,17,24,6,4,-9999,-9999,-9999,-9999,-9999
1795,379.170683,379.170509269,379.17035356,2358243.8,-9999,242166.1,13.95,-1,0.410657415,0.969864005,0,0.581918403,16,0.074074074,0.888888889,O2,de-protonated,0,-9999,C27 H24 O2,27,24,2,-9999,-9999,-9999,-9999,-9999,-9999
1796,379.176619,379.176445267,379.176226787,2723045.5,-9999,329165.1,16.48,-1,0.576196857,0.941537148,0,0.564922289,7,0.35,1.4,O7,de-protonated,0,-9999,C20 H28 O7,20,28,7,-9999,-9999,-9999,-9999,-9999,-9999
1797,379.18955,379.189376262,379.189113947,7730409,-9999,278820.1,51.16,-1,0.69178092,0.45841453,0.844689208,0.612924401,2,0.411764706,1.941176471,P1 O7,de-protonated,0,-9999,C17 H33 O7 P1,17,33,7,-9999,1,-9999,-9999,-9999,-9999
1799,379.22599,379.225816249,379.225499456,8477939,-9999,284271.6,56.34,-1,0.835368289,0.91825112,0.971142575,0.939407702,1,0.333333333,2.055555556,P1 O6,de-protonated,0,-9999,C18 H37 O6 P1,18,37,6,-9999,1,-9999,-9999,-9999,-9999
1800,379.262323,379.262149236,379.261884965,1814268.8,-9999,305379.8,10.19,-1,0.696801259,0.91567009,0,0.549402054,0,0.263157895,2.157894737,P1 O5,de-protonated,0,-9999,C19 H41 O5 P1,19,41,5,-9999,1,-9999,-9999,-9999,-9999
1802,380.070589,380.070414936,380.070425094,1670615.9,-9999,277484.4,9.19,-1,-0.026725971,0.999870404,0.95406125,0.981546742,10,0.588235294,0.941176471,13C1 O10,de-protonated,1,1789,C16 H16 O10 13C1,16,16,10,-9999,-9999,-9999,1,-9999,-9999
1804,380.146595,380.146420908,380.146323639,2709996.5,-9999,271007.9,16.39,-1,0.255872518,0.988190703,0,0.592914422,8,0.411764706,1.352941176,N3 O7,de-protonated,0,-9999,C17 H23 O7 N3,17,23,7,3,-9999,-9999,-9999,-9999,-9999
1805,380.221096,380.220921881,380.220748428,1671680.6,-9999,308671.3,9.2,-1,0.456188787,0.962943094,0,0.577765856,1,0.352941176,2.117647059,N1 P1 O6,de-protonated,0,-9999,C17 H36 O6 N1 P1,17,36,6,1,1,-9999,-9999,-9999,-9999
1806,380.229219,380.229044878,380.228854291,2012162.8,-9999,258187.3,11.56,-1,0.501241722,0.95543575,0.971142575,0.96171848,1,0.333333333,2.055555556,13C1 P1 O6,de-protonated,1,1799,C17 H37 O6 P1 13C1,17,37,6,-9999,1,-9999,1,-9999,-9999
1806,380.229219,380.229044878,380.228990637,2012162.8,-9999,258187.3,11.56,-1,0.142653367,0.996314331,0,0.597788599,1,0.470588235,2.058823529,N1 O8,de-protonated,0,-9999,C17 H35 O8 N1,17,35,8,1,-9999,-9999,-9999,-9999,-9999
1808,380.980502,380.9803276,380.980577728,17551054,-9999,275012.3,119.17,-1,-0.656539174,0.462384034,0.837042051,0.612247241,16,0.444444444,0.388888889,P1 O8,de-protonated,0,-9999,C18 H7 O8 P1,18,7,8,-9999,1,-9999,-9999,-9999,-9999
1809,381.046561,381.046386575,381.046334814,5740255,-9999,228835.2,37.37,-1,0.13583906,0.996657462,0,0.597994477,10,0.6875,0.875,O11,de-protonated,0,-9999,C16 H14 O11,16,14,11,-9999,-9999,-9999,-9999,-9999,-9999
1809,381.046561,381.046386575,381.046172623,5740255,-9999,228835.2,37.37,-1,0.561486564,0.944400625,0,0.566640375,5,0.454545455,1.727272727,N4 S2 P1 O5,de-protonated,0,-9999,C11 H19 O5 N4 P1 S2,11,19,5,4,1,2,-9999,-9999,-9999
1810,381.082971,381.082796562,381.082720324,7481065,-9999,282038,49.43,-1,0.200056696,0.996332141,0.957964438,0.98098506,9,0.588235294,1.058823529,O10,de-protonated,0,-9999,C17 H18 O10,17,18,10,-9999,-9999,-9999,-9999,-9999,-9999
1810,381.082971,381.082796562,381.082558132,7481065,-9999,282038,49.43,-1,0.625663586,0.931434897,0,0.558860938,4,0.333333333,1.916666667,N4 S2 P1 O4,de-protonated,0,-9999,C12 H23 O4 N4 P1 S2,12,23,4,4,1,2,-9999,-9999,-9999
1811,381.119293,381.119118548,381.119105833,5060338.5,-9999,298441.1,32.66,-1,0.033363208,0.999798049,0,0.59987883,8,0.5,1.222222222,O9,de-protonated,0,-9999,C18 H22 O9,18,22,9,-9999,-9999,-9999,-9999,-9999,-9999
1811,381.119293,381.119118548,381.118943642,5060338.5,-9999,298441.1,32.66,-1,0.458929395,0.962504988,0,0.577502993,3,0.230769231,2.076923077,N4 S2 P1 O3,de-protonated,0,-9999,C13 H27 O3 N4 P1 S2,13,27,3,4,1,2,-9999,-9999,-9999
1812,381.132461,381.132286543,381.131992992,2273526.3,-9999,271842.1,13.36,-1,0.770208006,0.897951647,0,0.538770988,3,0.6,1.8,P1 O9,de-protonated,0,-9999,C15 H27 O9 P1,15,27,9,-9999,1,-9999,-9999,-9999,-9999
1813,381.147749,381.147574538,381.147249134,1516538.4,-9999,312988.5,8.12,-1,0.853748688,0.876117069,0,0.525670242,7,0.315789474,1.421052632,P1 O6,de-protonated,0,-9999,C19 H27 O6 P1,19,27,6,-9999,1,-9999,-9999,-9999,-9999
1814,381.155822,381.155647535,381.155491342,2039036.5,-9999,362402.1,11.74,-1,0.409786791,0.969989716,0,0.58199383,7,0.421052632,1.368421053,O8,de-protonated,0,-9999,C19 H26 O8,19,26,8,-9999,-9999,-9999,-9999,-9999,-9999
1814,381.155822,381.155647535,381.155329151,2039036.5,-9999,362402.1,11.74,-1,0.835312513,0.881081388,0,0.528648833,2,0.142857143,2.214285714,N4 S2 P1 O2,de-protonated,0,-9999,C14 H31 O2 N4 P1 S2,14,31,2,4,1,2,-9999,-9999,-9999
1815,381.16866,381.16848553,381.168378502,1474304,-9999,367495.6,7.83,-1,0.280789725,0.985795909,0,0.591477545,2,0.5,1.9375,P1 O8,de-protonated,0,-9999,C16 H31 O8 P1,16,31,8,-9999,1,-9999,-9999,-9999,-9999
1816,381.186449,381.186274523,381.186003625,2456324.8,-9999,278016,14.63,-1,0.710672919,0.912431972,0,0.547459183,15,0.074074074,0.962962963,O2,de-protonated,0,-9999,C27 H26 O2,27,26,2,-9999,-9999,-9999,-9999,-9999,-9999
1817,381.192107,381.191932521,381.191876852,4813574.5,-9999,274754.8,30.96,-1,0.146041165,0.498068769,0.822155738,0.627703556,6,0.35,1.5,O7,de-protonated,0,-9999,C20 H30 O7,20,30,7,-9999,-9999,-9999,-9999,-9999,-9999
1817,381.192107,381.191932521,381.19171466,4813574.5,-9999,274754.8,30.96,-1,0.571526157,0.942453414,0,0.565472049,1,0.066666667,2.333333333,N4 S2 P1 O1,de-protonated,0,-9999,C15 H35 O1 N4 P1 S2,15,35,1,4,1,2,-9999,-9999,-9999
1818,381.205192,381.205017516,381.204764011,4730634,-9999,277199.6,30.38,-1,0.66501082,0.922891358,0,0.553734815,1,0.411764706,2.058823529,P1 O7,de-protonated,0,-9999,C17 H35 O7 P1,17,35,7,-9999,1,-9999,-9999,-9999,-9999
1819,381.222909,381.22273451,381.222389134,2242830.5,-9999,289993.7,13.15,-1,0.905969153,0.861629882,0,0.516977929,14,0.035714286,1.071428571,O1,de-protonated,0,-9999,C28 H30 O1,28,30,1,-9999,-9999,-9999,-9999,-9999,-9999
1820,381.231689,381.231514507,381.231633664,1754896.9,-9999,259143.2,9.77,-1,-0.31255962,0.982429828,0,0.589457897,0,0.333333333,2.111111111,S1 O6,de-protonated,0,-9999,C18 H38 O6 S1,18,38,6,-9999,-9999,1,-9999,-9999,-9999
1820,381.231689,381.231514507,381.231253542,1754896.9,-9999,259143.2,9.77,-1,0.684531772,0.918490327,0,0.551094196,5,0.15,1.75,N2 P1 O3,de-protonated,0,-9999,C20 H35 O3 N2 P1,20,35,3,2,1,-9999,-9999,-9999,-9999
1821,381.241569,381.241394503,381.24114952,1526803.6,-9999,305241,8.19,-1,0.64259191,0.927813456,0,0.556688074,0,0.333333333,2.166666667,P1 O6,de-protonated,0,-9999,C18 H39 O6 P1,18,39,6,-9999,1,-9999,-9999,-9999,-9999
1824,382.086241,382.08606619,382.086075159,1839349.9,-9999,217569.1,10.36,-1,-0.023471823,0.99990004,0.957964438,0.983125799,9,0.588235294,1.058823529,13C1 O10,de-protonated,1,1810,C16 H18 O10 13C1,16,18,10,-9999,-9999,-9999,1,-9999,-9999
1829,383.004662,383.00448685,383.004470001,1798890.6,-9999,308467.6,10.07,-1,0.043992129,0.999648903,0,0.599789342,15,0.555555556,0.444444444,O10,de-protonated,0,-9999,C18 H8 O10,18,8,10,-9999,-9999,-9999,-9999,-9999,-9999
1829,383.004662,383.00448685,383.00430781,1798890.6,-9999,308467.6,10.07,-1,0.467463442,0.961125253,0,0.576675152,10,0.307692308,1,N4 S2 P1 O4,de-protonated,0,-9999,C13 H13 O4 N4 P1 S2,13,13,4,4,1,2,-9999,-9999,-9999
1830,383.02588,383.025704843,383.025599369,1951472.3,-9999,303346,11.13,-1,0.275368719,0.986335342,0,0.591801205,10,0.8,0.8,O12,de-protonated,0,-9999,C15 H12 O12,15,12,12,-9999,-9999,-9999,-9999,-9999,-9999
1830,383.02588,383.025704843,383.025437178,1951472.3,-9999,303346,11.13,-1,0.698816769,0.915202857,0,0.549121714,5,0.6,1.7,N4 S2 P1 O6,de-protonated,0,-9999,C10 H17 O6 N4 P1 S2,10,17,6,4,1,2,-9999,-9999,-9999
1831,383.062227,383.062051829,383.061984879,7987450,-9999,275145.5,52.93,-1,0.174777107,0.497236306,0.85247738,0.639332736,9,0.6875,1,O11,de-protonated,0,-9999,C16 H16 O11,16,16,11,-9999,-9999,-9999,-9999,-9999,-9999
1831,383.062227,383.062051829,383.061822687,7987450,-9999,275145.5,52.93,-1,0.598184894,0.937135959,0,0.562281576,4,0.454545455,1.909090909,N4 S2 P1 O5,de-protonated,0,-9999,C11 H21 O5 N4 P1 S2,11,21,5,4,1,2,-9999,-9999,-9999
1832,383.077381,383.077205823,383.07724102,1502974,-9999,278488.1,8.02,-1,-0.091878163,0.998469456,0,0.599081673,13,0.4,0.8,O8,de-protonated,0,-9999,C20 H16 O8,20,16,8,-9999,-9999,-9999,-9999,-9999,-9999
1832,383.077381,383.077205823,383.077078829,1502974,-9999,278488.1,8.02,-1,0.331512648,0.980256187,0,0.588153712,8,0.133333333,1.4,N4 S2 P1 O2,de-protonated,0,-9999,C15 H21 O2 N4 P1 S2,15,21,2,4,1,2,-9999,-9999,-9999
1833,383.098606,383.098430816,383.098370388,8120579.5,-9999,281442.6,53.86,-1,0.157734033,0.988792774,0.977054753,0.984097566,8,0.588235294,1.176470588,O10,de-protonated,0,-9999,C17 H20 O10,17,20,10,-9999,-9999,-9999,-9999,-9999,-9999
1833,383.098606,383.098430816,383.098208197,8120579.5,-9999,281442.6,53.86,-1,0.581101598,0.923251788,0.93662273,0.928600165,3,0.333333333,2.083333333,N4 S2 P1 O4,de-protonated,0,-9999,C12 H25 O4 N4 P1 S2,12,25,4,4,1,2,-9999,-9999,-9999
1834,383.135022,383.134846802,383.134755897,4555021.5,-9999,276216.3,29.16,-1,0.237265925,0.989837317,0,0.59390239,7,0.5,1.333333333,O9,de-protonated,0,-9999,C18 H24 O9,18,24,9,-9999,-9999,-9999,-9999,-9999,-9999
1834,383.135022,383.134846802,383.134593706,4555021.5,-9999,276216.3,29.16,-1,0.660593318,0.923872487,0,0.554323492,2,0.230769231,2.230769231,N4 S2 P1 O3,de-protonated,0,-9999,C13 H29 O3 N4 P1 S2,13,29,3,4,1,2,-9999,-9999,-9999
1835,383.143163,383.142987799,383.142835914,2275087.5,-9999,304426.3,13.37,-1,0.396417824,0.971888558,0,0.583133135,2,0.384615385,2.153846154,N4 S2 O5,de-protonated,0,-9999,C13 H28 O5 N4 S2,13,28,5,4,-9999,2,-9999,-9999,-9999
1836,383.148117,383.147941797,383.147643057,1705744.8,-9999,256471.7,9.43,-1,0.779700491,0.895557707,0,0.537334624,2,0.6,1.933333333,P1 O9,de-protonated,0,-9999,C15 H29 O9 P1,15,29,9,-9999,1,-9999,-9999,-9999,-9999
1837,383.163361,383.163185792,383.162899198,3526932.8,-9999,298310.1,22.04,-1,0.747967702,0.903469887,0,0.542081932,6,0.315789474,1.526315789,P1 O6,de-protonated,0,-9999,C19 H29 O6 P1,19,29,6,-9999,1,-9999,-9999,-9999,-9999
1838,383.171307,383.171131789,383.171141407,1935638.9,-9999,315972.1,11.02,-1,-0.025100945,0.999885683,0,0.59993141,6,0.421052632,1.473684211,O8,de-protonated,0,-9999,C19 H28 O8,19,28,8,-9999,-9999,-9999,-9999,-9999,-9999
1838,383.171307,383.171131789,383.170979215,1935638.9,-9999,315972.1,11.02,-1,0.398186138,0.971640802,0,0.582984481,1,0.142857143,2.357142857,N4 S2 P1 O2,de-protonated,0,-9999,C14 H33 O2 N4 P1 S2,14,33,2,4,1,2,-9999,-9999,-9999
1839,383.176409,383.176233787,383.176501569,1866008.3,-9999,309670.3,10.54,-1,-0.698848612,0.915195467,0,0.54911728,15,0.08,0.96,N2 O2,de-protonated,0,-9999,C25 H24 O2 N2,25,24,2,2,-9999,-9999,-9999,-9999,-9999
1840,383.192587,383.192411781,383.192270775,4656412.5,-9999,253692.7,29.86,-1,0.367977428,0.975729881,0,0.585437928,1,0.625,2,O10,de-protonated,0,-9999,C16 H32 O10,16,32,10,-9999,-9999,-9999,-9999,-9999,-9999
1840,383.192587,383.192411781,383.192760032,4656412.5,-9999,253692.7,29.86,-1,-0.90881478,0.860822881,0,0.516493728,5,0.105263158,1.736842105,N2 S1 P1 O2,de-protonated,0,-9999,C19 H33 O2 N2 P1 S1,19,33,2,2,1,1,-9999,-9999,-9999
1842,383.207758,383.207582775,383.207526916,4110624.5,-9999,302049.7,26.08,-1,0.145767494,0.996151972,0,0.597691183,5,0.35,1.6,O7,de-protonated,0,-9999,C20 H32 O7,20,32,7,-9999,-9999,-9999,-9999,-9999,-9999
1842,383.207758,383.207582775,383.207364725,4110624.5,-9999,302049.7,26.08,-1,0.569014458,0.942943424,0,0.565766055,0,0.066666667,2.466666667,N4 S2 P1 O1,de-protonated,0,-9999,C15 H37 O1 N4 P1 S2,15,37,1,4,1,2,-9999,-9999,-9999
1843,383.220843,383.22066777,383.220414076,1362468,-9999,292209.6,7.05,-1,0.662007499,0.923558995,0,0.554135397,0,0.411764706,2.176470588,P1 O7,de-protonated,0,-9999,C17 H37 O7 P1,17,37,7,-9999,1,-9999,-9999,-9999,-9999
1844,383.23035,383.230174767,383.229993695,1488422.6,-9999,249590.5,7.92,-1,0.472489789,0.960301672,0,0.576181003,5,0.277777778,1.777777778,N4 O5,de-protonated,0,-9999,C18 H32 O5 N4,18,32,5,4,-9999,-9999,-9999,-9999,-9999
1847,383.353291,383.353115721,383.353068953,1792839.3,-9999,321683.9,10.03,-1,0.121997029,0.997303093,0,0.598381856,1,0.125,2,O3,de-protonated,0,-9999,C24 H48 O3,24,48,3,-9999,-9999,-9999,-9999,-9999,-9999
1848,384.102022,384.101846444,384.101725223,1761549.1,-9999,259315.8,9.81,-1,0.315596579,0.982089821,0.977054753,0.980075794,8,0.588235294,1.176470588,13C1 O10,de-protonated,1,1833,C16 H20 O10 13C1,16,20,10,-9999,-9999,-9999,1,-9999,-9999
1848,384.102022,384.101846444,384.101563032,1761549.1,-9999,259315.8,9.81,-1,0.737858285,0.905935663,0.93662273,0.91821049,3,0.333333333,2.083333333,13C1 N4 S2 P1 O4,de-protonated,1,1833,C11 H25 O4 N4 P1 S2 13C1,11,25,4,4,1,2,1,-9999,-9999
1851,385.020523,385.020347104,385.020120066,2399998.5,-9999,220342.8,14.23,-1,0.589679831,0.938855447,0,0.563313268,14,0.555555556,0.555555556,O10,de-protonated,0,-9999,C18 H10 O10,18,10,10,-9999,-9999,-9999,-9999,-9999,-9999
1851,385.020523,385.020347104,385.020609323,2399998.5,-9999,220342.8,14.23,-1,-0.681051207,0.919282799,0,0.551569679,18,0.095238095,0.523809524,N2 S1 P1 O2,de-protonated,0,-9999,C21 H11 O2 N2 P1 S1,21,11,2,2,1,1,-9999,-9999,-9999
1852,385.041559,385.041383096,385.041249434,3790596,-9999,301780.8,23.86,-1,0.34713879,0.978371782,0,0.587023069,9,0.8,0.933333333,O12,de-protonated,0,-9999,C15 H14 O12,15,14,12,-9999,-9999,-9999,-9999,-9999,-9999
1852,385.041559,385.041383096,385.041738691,3790596,-9999,301780.8,23.86,-1,-0.923522208,0.856623857,0,0.513974314,13,0.222222222,0.833333333,N2 S1 P1 O4,de-protonated,0,-9999,C18 H15 O4 N2 P1 S1,18,15,4,2,1,1,-9999,-9999,-9999
1852,385.041559,385.041383096,385.041087242,3790596,-9999,301780.8,23.86,-1,0.768370164,0.898412483,0,0.53904749,4,0.6,1.9,N4 S2 P1 O6,de-protonated,0,-9999,C10 H19 O6 N4 P1 S2,10,19,6,4,1,2,-9999,-9999,-9999
1853,385.056806,385.056630091,385.056505575,2327816,-9999,316228.1,13.73,-1,0.323370254,0.981205085,0,0.588723051,13,0.473684211,0.736842105,O9,de-protonated,0,-9999,C19 H14 O9,19,14,9,-9999,-9999,-9999,-9999,-9999,-9999
1853,385.056806,385.056630091,385.056994832,2327816,-9999,316228.1,13.73,-1,-0.947240369,0.849754809,0,0.509852885,17,0.045454545,0.681818182,N2 S1 P1 O1,de-protonated,0,-9999,C22 H15 O1 N2 P1 S1,22,15,1,2,1,1,-9999,-9999,-9999
1853,385.056806,385.056630091,385.056343384,2327816,-9999,316228.1,13.73,-1,0.744584929,0.904297961,0,0.542578776,8,0.214285714,1.357142857,N4 S2 P1 O3,de-protonated,0,-9999,C14 H19 O3 N4 P1 S2,14,19,3,4,1,2,-9999,-9999,-9999
1854,385.07787,385.077694083,385.077634943,8370957.5,-9999,266790,55.59,-1,0.153579326,0.497864693,0.85247738,0.639709768,8,0.6875,1.125,O11,de-protonated,0,-9999,C16 H18 O11,16,18,11,-9999,-9999,-9999,-9999,-9999,-9999
1854,385.07787,385.077694083,385.077472752,8370957.5,-9999,266790,55.59,-1,0.574770818,0.941817595,0,0.565090557,3,0.454545455,2.090909091,N4 S2 P1 O5,de-protonated,0,-9999,C11 H23 O5 N4 P1 S2,11,23,5,4,1,2,-9999,-9999,-9999
1855,385.11428,385.11410407,385.114020452,6656791,-9999,281566.2,43.71,-1,0.217123068,0.495741275,0.844689208,0.635320448,7,0.588235294,1.294117647,O10,de-protonated,0,-9999,C17 H22 O10,17,22,10,-9999,-9999,-9999,-9999,-9999,-9999
1855,385.11428,385.11410407,385.113858261,6656791,-9999,281566.2,43.71,-1,0.638274791,0.928744844,0,0.557246906,2,0.333333333,2.25,N4 S2 P1 O4,de-protonated,0,-9999,C12 H27 O4 N4 P1 S2,12,27,4,4,1,2,-9999,-9999,-9999
1856,385.150679,385.150503056,385.150405962,2797344.5,-9999,279181.1,16.98,-1,0.252094542,0.988534866,0,0.59312092,6,0.5,1.444444444,O9,de-protonated,0,-9999,C18 H26 O9,18,26,9,-9999,-9999,-9999,-9999,-9999,-9999
1856,385.150679,385.150503056,385.15024377,2797344.5,-9999,279181.1,16.98,-1,0.673206494,0.92105658,0,0.552633948,1,0.230769231,2.384615385,N4 S2 P1 O3,de-protonated,0,-9999,C13 H31 O3 N4 P1 S2,13,31,3,4,1,2,-9999,-9999,-9999
1857,385.173166,385.172990048,385.172676036,1619238.5,-9999,365368.3,8.83,-1,0.815249683,0.886391447,0,0.531834868,14,0.038461538,1.038461538,P1 O1,de-protonated,0,-9999,C26 H27 O1 P1,26,27,1,-9999,1,-9999,-9999,-9999,-9999
1857,385.173166,385.172990048,385.17287274,1619238.5,-9999,365368.3,8.83,-1,0.304557825,0.983310481,0,0.589986289,6,0.4375,1.625,N4 O7,de-protonated,0,-9999,C16 H26 O7 N4,16,26,7,4,-9999,-9999,-9999,-9999,-9999
1858,385.176582,385.176406047,385.176047339,2922279.3,-9999,272985.8,17.85,-1,0.931281476,0.854389792,0,0.512633875,9,0.043478261,1.347826087,S1 P1 O1,de-protonated,0,-9999,C23 H31 O1 P1 S1,23,31,1,-9999,1,1,-9999,-9999,-9999
1858,385.176582,385.176406047,385.176244044,2922279.3,-9999,272985.8,17.85,-1,0.420594028,0.968411526,0,0.581046915,1,0.538461538,2.307692308,N4 S1 O7,de-protonated,0,-9999,C13 H30 O7 N4 S1,13,30,7,4,-9999,1,-9999,-9999,-9999
1859,385.178999,385.178823046,385.178549263,7598888,-9999,265861.5,50.24,-1,0.710794965,0.941875458,0.991003684,0.961526748,5,0.315789474,1.631578947,P1 O6,de-protonated,0,-9999,C19 H31 O6 P1,19,31,6,-9999,1,-9999,-9999,-9999,-9999
1860,385.187013,385.186837043,385.186791471,1519658,-9999,257985.7,8.14,-1,0.118310176,0.997463431,0,0.598478059,5,0.421052632,1.578947368,O8,de-protonated,0,-9999,C19 H30 O8,19,30,8,-9999,-9999,-9999,-9999,-9999,-9999
1860,385.187013,385.186837043,385.18662928,1519658,-9999,257985.7,8.14,-1,0.539382292,0.948579708,0,0.569147825,0,0.142857143,2.5,N4 S2 P1 O2,de-protonated,0,-9999,C14 H35 O2 N4 P1 S2,14,35,2,4,1,2,-9999,-9999,-9999
1861,385.223352,385.223176029,385.22317698,2215219.5,-9999,305166.1,12.95,-1,-0.002469433,0.999998894,0,0.599999336,4,0.35,1.7,O7,de-protonated,0,-9999,C20 H34 O7,20,34,7,-9999,-9999,-9999,-9999,-9999,-9999
1862,385.296137,385.295961002,385.295947999,1410886.6,-9999,322106.4,7.38,-1,0.033748285,0.999793361,0,0.599876017,2,0.227272727,1.909090909,O5,de-protonated,0,-9999,C22 H42 O5,22,42,5,-9999,-9999,-9999,-9999,-9999,-9999
1863,386.182235,386.182058674,386.181904098,1661997.4,-9999,343840.8,9.12,-1,0.400268832,0.971347665,0.991003684,0.979210073,5,0.315789474,1.631578947,13C1 P1 O6,de-protonated,1,1859,C18 H31 O6 P1 13C1,18,31,6,-9999,1,-9999,1,-9999,-9999
1863,386.182235,386.182058674,386.182040443,1661997.4,-9999,343840.8,9.12,-1,0.047208202,0.999595703,0,0.599757422,5,0.444444444,1.611111111,N1 O8,de-protonated,0,-9999,C18 H29 O8 N1,18,29,8,1,-9999,-9999,-9999,-9999,-9999
1868,387.036059,387.035882358,387.03577013,2529546.3,-9999,272901.4,15.13,-1,0.289968385,0.984859283,0,0.59091557,13,0.555555556,0.666666667,O10,de-protonated,0,-9999,C18 H12 O10,18,12,10,-9999,-9999,-9999,-9999,-9999,-9999
1868,387.036059,387.035882358,387.036259387,2529546.3,-9999,272901.4,15.13,-1,-0.974144421,0.841821683,0,0.50509301,17,0.095238095,0.619047619,N2 S1 P1 O2,de-protonated,0,-9999,C21 H13 O2 N2 P1 S1,21,13,2,2,1,1,-9999,-9999,-9999
1868,387.036059,387.035882358,387.035607939,2529546.3,-9999,272901.4,15.13,-1,0.709028993,0.912818451,0,0.547691071,8,0.307692308,1.307692308,N4 S2 P1 O4,de-protonated,0,-9999,C13 H17 O4 N4 P1 S2,13,17,4,4,1,2,-9999,-9999,-9999
1869,387.057187,387.05701035,387.056899498,5113103.5,-9999,275642.4,33.02,-1,0.286397832,0.98522711,0,0.591136266,8,0.8,1.066666667,O12,de-protonated,0,-9999,C15 H16 O12,15,16,12,-9999,-9999,-9999,-9999,-9999,-9999
1869,387.057187,387.05701035,387.057388756,5113103.5,-9999,275642.4,33.02,-1,-0.977645961,0.840778412,0,0.504467047,12,0.222222222,0.944444444,N2 S1 P1 O4,de-protonated,0,-9999,C18 H17 O4 N2 P1 S1,18,17,4,2,1,1,-9999,-9999,-9999
1869,387.057187,387.05701035,387.056737307,5113103.5,-9999,275642.4,33.02,-1,0.705435562,0.913660699,0,0.548196419,3,0.6,2.1,N4 S2 P1 O6,de-protonated,0,-9999,C10 H21 O6 N4 P1 S2,10,21,6,4,1,2,-9999,-9999,-9999
1870,387.072339,387.072162345,387.072155639,3110163.5,-9999,253005.5,19.15,-1,0.017323279,0.999945549,0,0.59996733,12,0.473684211,0.842105263,O9,de-protonated,0,-9999,C19 H16 O9,19,16,9,-9999,-9999,-9999,-9999,-9999,-9999
1870,387.072339,387.072162345,387.071993448,3110163.5,-9999,253005.5,19.15,-1,0.43634438,0.966042761,0,0.579625656,7,0.214285714,1.5,N4 S2 P1 O3,de-protonated,0,-9999,C14 H21 O3 N4 P1 S2,14,21,3,4,1,2,-9999,-9999,-9999
1871,387.093498,387.093321337,387.093285008,6346009,-9999,261991.4,41.56,-1,0.09385197,0.499201521,0.85247738,0.640511865,7,0.6875,1.25,O11,de-protonated,0,-9999,C16 H20 O11,16,20,11,-9999,-9999,-9999,-9999,-9999,-9999
1871,387.093498,387.093321337,387.093122816,6346009,-9999,261991.4,41.56,-1,0.512850231,0.953397087,0,0.572038252,2,0.454545455,2.272727273,N4 S2 P1 O5,de-protonated,0,-9999,C11 H25 O5 N4 P1 S2,11,25,5,4,1,2,-9999,-9999,-9999
1872,387.098757,387.098580335,387.09864517,1940762.4,-9999,272484.4,11.05,-1,-0.167489605,0.994922795,0,0.596953677,16,0.227272727,0.727272727,N2 O5,de-protonated,0,-9999,C22 H16 O5 N2,22,16,5,2,-9999,-9999,-9999,-9999,-9999
1873,387.108825,387.108648331,387.108541149,1881884.9,-9999,309337.1,10.64,-1,0.27687972,0.986186013,0,0.591711608,11,0.4,1,O8,de-protonated,0,-9999,C20 H20 O8,20,20,8,-9999,-9999,-9999,-9999,-9999,-9999
1873,387.108825,387.108648331,387.108378958,1881884.9,-9999,309337.1,10.64,-1,0.695861545,0.915887554,0,0.549532532,6,0.133333333,1.666666667,N4 S2 P1 O2,de-protonated,0,-9999,C15 H25 O2 N4 P1 S2,15,25,2,4,1,2,-9999,-9999,-9999
1874,387.129916,387.129739324,387.129670517,2912546.3,-9999,295263.2,17.78,-1,0.177735378,0.994284457,0,0.596570674,6,0.588235294,1.411764706,O10,de-protonated,0,-9999,C17 H24 O10,17,24,10,-9999,-9999,-9999,-9999,-9999,-9999
1874,387.129916,387.129739324,387.129508326,2912546.3,-9999,295263.2,17.78,-1,0.596694293,0.937438868,0,0.562463321,1,0.333333333,2.416666667,N4 S2 P1 O4,de-protonated,0,-9999,C12 H29 O4 N4 P1 S2,12,29,4,4,1,2,-9999,-9999,-9999
1875,387.158239,387.158062313,387.157813818,1660713.6,-9999,302760.9,9.11,-1,0.641844969,0.927974986,0,0.556784991,5,0.388888889,1.611111111,P1 O7,de-protonated,0,-9999,C18 H29 O7 P1,18,29,7,-9999,1,-9999,-9999,-9999,-9999
1876,387.166227,387.16605031,387.166056026,1601323.8,-9999,269303.2,8.7,-1,-0.014764082,0.999960449,0,0.599976269,5,0.5,1.555555556,O9,de-protonated,0,-9999,C18 H28 O9,18,28,9,-9999,-9999,-9999,-9999,-9999,-9999
1878,387.188804,387.188627302,387.1883261,5428529.5,-9999,265456.5,35.2,-1,0.777919637,0.448004286,0.780512821,0.5810077,13,0.038461538,1.115384615,P1 O1,de-protonated,0,-9999,C26 H29 O1 P1,26,29,1,-9999,1,-9999,-9999,-9999,-9999
1878,387.188804,387.188627302,387.188522805,5428529.5,-9999,265456.5,35.2,-1,0.269886389,0.986870474,0,0.592122285,5,0.4375,1.75,N4 O7,de-protonated,0,-9999,C16 H28 O7 N4,16,28,7,4,-9999,-9999,-9999,-9999,-9999
1879,387.192213,387.1920363,387.191697404,7501106.5,-9999,263913.3,49.56,-1,0.875268821,0.435110958,0.800793265,0.581383881,8,0.043478261,1.434782609,S1 P1 O1,de-protonated,0,-9999,C23 H33 O1 P1 S1,23,33,1,-9999,1,1,-9999,-9999,-9999
1879,387.192213,387.1920363,387.191894108,7501106.5,-9999,263913.3,49.56,-1,0.367239946,0.48791294,0.876728111,0.643439008,0,0.538461538,2.461538462,N4 S1 O7,de-protonated,0,-9999,C13 H32 O7 N4 S1,13,32,7,4,-9999,1,-9999,-9999,-9999
1880,387.194631,387.1944543,387.194199327,6903091,-9999,269511.1,45.42,-1,0.65851316,0.958157459,0.935972249,0.949283375,4,0.315789474,1.736842105,P1 O6,de-protonated,0,-9999,C19 H33 O6 P1,19,33,6,-9999,1,-9999,-9999,-9999,-9999
1881,387.209886,387.209709294,387.209455468,6253879,-9999,279682.2,40.92,-1,0.655525157,0.462495671,0.800793265,0.597814709,8,0.130434783,1.434782609,P1 O3,de-protonated,0,-9999,C23 H33 O3 P1,23,33,3,-9999,1,-9999,-9999,-9999,-9999
1881,387.209886,387.209709294,387.209652173,6253879,-9999,279682.2,40.92,-1,0.147519694,0.996059089,0,0.597635453,0,0.692307692,2.461538462,N4 O9,de-protonated,0,-9999,C13 H32 O9 N4,13,32,9,4,-9999,-9999,-9999,-9999,-9999
1882,387.239125,387.238948283,387.238827045,1716542.5,-9999,237307.4,9.5,-1,0.313083706,0.982371379,0,0.589422828,3,0.35,1.8,O7,de-protonated,0,-9999,C20 H36 O7,20,36,7,-9999,-9999,-9999,-9999,-9999,-9999
1883,388.172837,388.172659938,388.172538388,3009581.8,-9999,284292.4,18.45,-1,0.313133398,0.982365832,0,0.589419499,5,0.5,1.6875,N3 O8,de-protonated,0,-9999,C16 H27 O8 N3,16,27,8,3,-9999,-9999,-9999,-9999,-9999
1884,388.197813,388.197635928,388.197554162,2114612,-9999,271728.9,12.25,-1,0.210630131,0.991982334,0.935972249,0.9695783,4,0.315789474,1.736842105,13C1 P1 O6,de-protonated,1,1880,C18 H33 O6 P1 13C1,18,33,6,-9999,1,-9999,1,-9999,-9999
1884,388.197813,388.197635928,388.197690508,2114612,-9999,271728.9,12.25,-1,-0.140597226,0.996419623,0,0.597851774,4,0.444444444,1.722222222,N1 O8,de-protonated,0,-9999,C18 H31 O8 N1,18,31,8,1,-9999,-9999,-9999,-9999,-9999
1885,388.213402,388.213224923,388.212946649,2279480,-9999,263604.7,13.39,-1,0.716806135,0.910983643,0,0.546590186,8,0.227272727,1.409090909,N1 O5,de-protonated,0,-9999,C22 H31 O5 N1,22,31,5,1,-9999,-9999,-9999,-9999,-9999
1886,388.298961,388.298783891,388.298604827,1973325.9,-9999,318538.8,11.27,-1,0.461148925,0.962148403,0,0.577289042,1,0.142857143,2.095238095,N1 P1 O3,de-protonated,0,-9999,C21 H44 O3 N1 P1,21,44,3,1,1,-9999,-9999,-9999,-9999
1892,389.051609,389.051431612,389.051420195,4011789,-9999,266344.7,25.39,-1,0.029347457,0.999843735,0,0.599906241,12,0.555555556,0.777777778,O10,de-protonated,0,-9999,C18 H14 O10,18,14,10,-9999,-9999,-9999,-9999,-9999,-9999
1892,389.051609,389.051431612,389.051258003,4011789,-9999,266344.7,25.39,-1,0.446236829,0.964513559,0,0.578708136,7,0.307692308,1.461538462,N4 S2 P1 O4,de-protonated,0,-9999,C13 H19 O4 N4 P1 S2,13,19,4,4,1,2,-9999,-9999,-9999
1893,389.072761,389.072583604,389.072549563,3761938.3,-9999,274330.3,23.66,-1,0.087494686,0.998611916,0,0.59916715,7,0.8,1.2,O12,de-protonated,0,-9999,C15 H18 O12,15,18,12,-9999,-9999,-9999,-9999,-9999,-9999
1893,389.072761,389.072583604,389.072387371,3761938.3,-9999,274330.3,23.66,-1,0.504361443,0.954892031,0,0.572935219,2,0.6,2.3,N4 S2 P1 O6,de-protonated,0,-9999,C10 H23 O6 N4 P1 S2,10,23,6,4,1,2,-9999,-9999,-9999
1894,389.088086,389.087908599,389.087805704,3203862.3,-9999,281653.6,19.79,-1,0.264451409,0.987390641,0,0.592434384,11,0.473684211,0.947368421,O9,de-protonated,0,-9999,C19 H18 O9,19,18,9,-9999,-9999,-9999,-9999,-9999,-9999
1894,389.088086,389.087908599,389.088294961,3203862.3,-9999,281653.6,19.79,-1,-0.992994486,0.836176713,0,0.501706028,15,0.045454545,0.863636364,N2 S1 P1 O1,de-protonated,0,-9999,C22 H19 O1 N2 P1 S1,22,19,1,2,1,1,-9999,-9999,-9999
1894,389.088086,389.087908599,389.087643513,3203862.3,-9999,281653.6,19.79,-1,0.681301894,0.919225833,0,0.5515355,6,0.214285714,1.642857143,N4 S2 P1 O3,de-protonated,0,-9999,C14 H23 O3 N4 P1 S2,14,23,3,4,1,2,-9999,-9999,-9999
1895,389.0958,389.095622596,389.095885721,1404440.1,-9999,227252.1,7.33,-1,-0.676247697,0.920370962,0,0.552222577,6,0.357142857,1.571428571,N4 S2 O5,de-protonated,0,-9999,C14 H22 O5 N4 S2,14,22,5,4,-9999,2,-9999,-9999,-9999
1896,389.109232,389.109054591,389.108935072,2826523.5,-9999,290166.5,17.18,-1,0.307160595,0.983026448,0,0.589815869,6,0.6875,1.375,O11,de-protonated,0,-9999,C16 H22 O11,16,22,11,-9999,-9999,-9999,-9999,-9999,-9999
1896,389.109232,389.109054591,389.109424329,2826523.5,-9999,290166.5,17.18,-1,-0.950217073,0.848884381,0,0.509330629,10,0.157894737,1.210526316,N2 S1 P1 O3,de-protonated,0,-9999,C19 H23 O3 N2 P1 S1,19,23,3,2,1,1,-9999,-9999,-9999
1896,389.109232,389.109054591,389.108772881,2826523.5,-9999,290166.5,17.18,-1,0.723988462,0.909274714,0,0.545564828,1,0.454545455,2.454545455,N4 S2 P1 O5,de-protonated,0,-9999,C11 H27 O5 N4 P1 S2,11,27,5,4,1,2,-9999,-9999,-9999
1897,389.124453,389.124275585,389.124191213,2500383.5,-9999,294593.8,14.92,-1,0.2168254,0.991505788,0,0.594903473,10,0.4,1.1,O8,de-protonated,0,-9999,C20 H22 O8,20,22,8,-9999,-9999,-9999,-9999,-9999,-9999
1897,389.124453,389.124275585,389.124029022,2500383.5,-9999,294593.8,14.92,-1,0.633636886,0.929739474,0,0.557843684,5,0.133333333,1.8,N4 S2 P1 O2,de-protonated,0,-9999,C15 H27 O2 N4 P1 S2,15,27,2,4,1,2,-9999,-9999,-9999
1898,389.160835,389.160657572,389.160576723,1362472.6,-9999,306961.4,7.04,-1,0.207752782,0.99219904,0,0.595319424,9,0.333333333,1.238095238,O7,de-protonated,0,-9999,C21 H26 O7,21,26,7,-9999,-9999,-9999,-9999,-9999,-9999
1898,389.160835,389.160657572,389.160414531,1362472.6,-9999,306961.4,7.04,-1,0.624525294,0.93167544,0,0.559005264,4,0.0625,1.9375,N4 S2 P1 O1,de-protonated,0,-9999,C16 H31 O1 N4 P1 S2,16,31,1,4,1,2,-9999,-9999,-9999
1899,389.16797,389.167792569,389.167590655,1707306.4,-9999,295734.3,9.43,-1,0.51883496,0.952329567,0,0.57139774,13,0.08,1.08,P1 O2,de-protonated,0,-9999,C25 H27 O2 P1,25,27,2,-9999,1,-9999,-9999,-9999,-9999
1899,389.16797,389.167792569,389.16778736,1707306.4,-9999,295734.3,9.43,-1,0.013385644,0.999967489,0,0.599980494,5,0.533333333,1.733333333,N4 O8,de-protonated,0,-9999,C15 H26 O8 N4,15,26,8,4,-9999,-9999,-9999,-9999,-9999
1900,389.17378,389.173602567,389.173463882,1724715.9,-9999,304842.3,9.55,-1,0.356357367,0.977221173,0,0.586332704,4,0.388888889,1.722222222,P1 O7,de-protonated,0,-9999,C18 H31 O7 P1,18,31,7,-9999,1,-9999,-9999,-9999,-9999
1901,389.189252,389.189074561,389.188720024,2590511.8,-9999,246841,15.55,-1,0.910966316,0.860211543,0,0.516126926,8,0.181818182,1.409090909,P1 O4,de-protonated,0,-9999,C22 H31 O4 P1,22,31,4,-9999,1,-9999,-9999,-9999,-9999
1901,389.189252,389.189074561,389.188916728,2590511.8,-9999,246841,15.55,-1,0.405544242,0.970598717,0,0.58235923,0,0.833333333,2.5,N4 O10,de-protonated,0,-9999,C12 H30 O10 N4,12,30,10,4,-9999,-9999,-9999,-9999,-9999
1903,389.19706,389.196882558,389.196962232,1468209.8,-9999,266026.5,7.77,-1,-0.204712712,0.992424814,0,0.595454888,8,0.272727273,1.363636364,O6,de-protonated,0,-9999,C22 H30 O6,22,30,6,-9999,-9999,-9999,-9999,-9999,-9999
1905,389.210349,389.210171554,389.209849392,4388661,-9999,277968.7,28,-1,0.827733282,0.883098807,0,0.529859284,3,0.315789474,1.842105263,P1 O6,de-protonated,0,-9999,C19 H35 O6 P1,19,35,6,-9999,1,-9999,-9999,-9999,-9999
1906,389.246696,389.24651854,389.246234901,1387838.4,-9999,363093.2,7.22,-1,0.728688212,0.908149011,0,0.544889407,2,0.25,1.95,P1 O5,de-protonated,0,-9999,C20 H39 O5 P1,20,39,5,-9999,1,-9999,-9999,-9999,-9999
1907,389.283126,389.282948527,389.28262041,1780551.5,-9999,288128.8,9.94,-1,0.842874282,0.879054949,0,0.527432969,1,0.19047619,2.047619048,P1 O4,de-protonated,0,-9999,C21 H43 O4 P1,21,43,4,-9999,1,-9999,-9999,-9999,-9999
1911,390.16744,390.167262199,390.167059084,1435685.9,-9999,322226.2,7.55,-1,0.520585034,0.952015287,0,0.571209172,9,0.315789474,1.315789474,N3 O6,de-protonated,0,-9999,C19 H25 O6 N3,19,25,6,3,-9999,-9999,-9999,-9999,-9999
1912,390.314669,390.314491145,390.314254892,18159690,-9999,264406.2,122.75,-1,0.605289085,0.937450247,0.992050849,0.959290488,0,0.142857143,2.19047619,N1 P1 O3,de-protonated,0,-9999,C21 H46 O3 N1 P1,21,46,3,1,1,-9999,-9999,-9999,-9999
1914,391.030934,391.03075588,391.03068475,3454205.3,-9999,272425,21.42,-1,0.181903781,0.994014035,0,0.596408421,12,0.647058824,0.705882353,O11,de-protonated,0,-9999,C17 H12 O11,17,12,11,-9999,-9999,-9999,-9999,-9999,-9999
1914,391.030934,391.03075588,391.030522558,3454205.3,-9999,272425,21.42,-1,0.596683063,0.937441148,0,0.562464689,7,0.416666667,1.416666667,N4 S2 P1 O5,de-protonated,0,-9999,C12 H17 O5 N4 P1 S2,12,17,5,4,1,2,-9999,-9999,-9999
1915,391.067298,391.067119866,391.067070259,4871430,-9999,276455.8,31.18,-1,0.126850749,0.997084547,0,0.598250728,11,0.555555556,0.888888889,O10,de-protonated,0,-9999,C18 H16 O10,18,16,10,-9999,-9999,-9999,-9999,-9999,-9999
1915,391.067298,391.067119866,391.066908068,4871430,-9999,276455.8,31.18,-1,0.541591417,0.948168777,0,0.568901266,6,0.307692308,1.615384615,N4 S2 P1 O4,de-protonated,0,-9999,C13 H21 O4 N4 P1 S2,13,21,4,4,1,2,-9999,-9999,-9999
1916,391.094742,391.094563856,391.09442917,1614349,-9999,268546.6,8.74,-1,0.344383691,0.978710062,0,0.587226037,14,0.045454545,0.909090909,N2 S2 O1,de-protonated,0,-9999,C22 H20 O1 N2 S2,22,20,1,2,-9999,2,-9999,-9999,-9999
1916,391.094742,391.094563856,391.094562111,1614349,-9999,268546.6,8.74,-1,0.004461358,0.999996389,0,0.599997833,1,0.818181818,2.272727273,N2 S1 P1 O9,de-protonated,0,-9999,C11 H25 O9 N2 P1 S1,11,25,9,2,1,1,-9999,-9999,-9999
1917,391.103674,391.103495853,391.103455768,4506895,-9999,279266.5,28.67,-1,0.102490368,0.998095828,0,0.598857497,10,0.473684211,1.052631579,O9,de-protonated,0,-9999,C19 H20 O9,19,20,9,-9999,-9999,-9999,-9999,-9999,-9999
1917,391.103674,391.103495853,391.103293577,4506895,-9999,279266.5,28.67,-1,0.517192441,0.952623663,0,0.571574198,5,0.214285714,1.785714286,N4 S2 P1 O3,de-protonated,0,-9999,C14 H25 O3 N4 P1 S2,14,25,3,4,1,2,-9999,-9999,-9999
1918,391.140229,391.140050839,391.139841278,2811672.3,-9999,267872.7,16.99,-1,0.535771187,0.949248192,0,0.569548915,9,0.4,1.2,O8,de-protonated,0,-9999,C20 H24 O8,20,24,8,-9999,-9999,-9999,-9999,-9999,-9999
1918,391.140229,391.140050839,391.139679086,2811672.3,-9999,267872.7,16.99,-1,0.950434862,0.848820624,0,0.509292375,4,0.133333333,1.933333333,N4 S2 P1 O2,de-protonated,0,-9999,C15 H29 O2 N4 P1 S2,15,29,2,4,1,2,-9999,-9999,-9999
1920,391.153058,391.152879834,391.152728437,4532507.5,-9999,265814.9,28.85,-1,0.387053772,0.973183191,0,0.583909914,4,0.470588235,1.705882353,P1 O8,de-protonated,0,-9999,C17 H29 O8 P1,17,29,8,-9999,1,-9999,-9999,-9999,-9999
1921,391.189563,391.189384821,391.189113947,3129636.5,-9999,285792.4,19.18,-1,0.692438178,0.91667772300000006,0,0.550006634,3,0.388888889,1.833333333,P1 O7,de-protonated,0,-9999,C18 H33 O7 P1,18,33,7,-9999,1,-9999,-9999,-9999,-9999
1922,391.207224,391.207045814,391.20673907,1771816.9,-9999,289072.3,9.82,-1,0.784098789,0.894440736,0,0.536664441,16,0.034482759,0.965517241,O1,de-protonated,0,-9999,C29 H28 O1,29,28,1,-9999,-9999,-9999,-9999,-9999,-9999
1923,391.226048,391.225869807,391.225499456,1704237.5,-9999,326285.2,9.36,-1,0.946644387,0.84992886,0,0.509957316,2,0.315789474,1.947368421,P1 O6,de-protonated,0,-9999,C19 H37 O6 P1,19,37,6,-9999,1,-9999,-9999,-9999,-9999
1924,391.298703,391.298524781,391.298270475,3080511.5,-9999,283628.7,18.84,-1,0.649902775,0.926224032,0,0.555734419,0,0.19047619,2.142857143,P1 O4,de-protonated,0,-9999,C21 H45 O4 P1,21,45,4,-9999,1,-9999,-9999,-9999,-9999
1925,391.318018,391.317839773,391.317609727,4344132.5,-9999,255493.2,27.55,-1,0.587876745,0.939217219,0.992050849,0.960350671,0,0.142857143,2.19047619,13C1 N1 P1 O3,de-protonated,1,1912,C20 H46 O3 N1 P1 13C1,20,46,3,1,1,-9999,1,-9999,-9999
1925,391.318018,391.317839773,391.317746073,4344132.5,-9999,255493.2,27.55,-1,0.239449664,0.989650362,0,0.593790217,0,0.25,2.2,N2 O5,de-protonated,0,-9999,C20 H44 O5 N2,20,44,5,2,-9999,-9999,-9999,-9999,-9999
1927,392.149836,392.149657466,392.149694943,1557777.3,-9999,225327.6,8.35,-1,-0.095568185,0.998344151,0,0.599006491,4,0.466666667,1.8,N3 S1 O7,de-protonated,0,-9999,C15 H27 O7 N3 S1,15,27,7,3,-9999,1,-9999,-9999,-9999
1928,392.182972,392.182793453,392.182709149,6431257.5,-9999,281641,41.93,-1,0.214962743,0.990655899,0.971168318,0.982860866,8,0.315789474,1.421052632,N3 O6,de-protonated,0,-9999,C19 H27 O6 N3,19,27,6,3,-9999,-9999,-9999,-9999,-9999
1930,393.025601,393.025422141,393.025205446,1375975,-9999,308972.3,7.09,-1,0.551352124,0.946335204,0,0.567801122,16,0.45,0.5,O9,de-protonated,0,-9999,C20 H10 O9,20,10,9,-9999,-9999,-9999,-9999,-9999,-9999
1930,393.025601,393.025422141,393.025694703,1375975,-9999,308972.3,7.09,-1,-0.693496817,0.916433715,0,0.549860229,20,0.043478261,0.47826087,N2 S1 P1 O1,de-protonated,0,-9999,C23 H11 O1 N2 P1 S1,23,11,1,2,1,1,-9999,-9999,-9999
1930,393.025601,393.025422141,393.025043255,1375975,-9999,308972.3,7.09,-1,0.96402664,0.844822394,0,0.506893437,11,0.2,1,N4 S2 P1 O3,de-protonated,0,-9999,C15 H15 O3 N4 P1 S2,15,15,3,4,1,2,-9999,-9999,-9999
1931,393.046575,393.046396134,393.046334814,5742316,-9999,252256.7,37.18,-1,0.156010764,0.996948688,0.941153225,0.974630503,11,0.647058824,0.823529412,O11,de-protonated,0,-9999,C17 H14 O11,17,14,11,-9999,-9999,-9999,-9999,-9999,-9999
1931,393.046575,393.046396134,393.046172623,5742316,-9999,252256.7,37.18,-1,0.568662932,0.943011852,0,0.565807111,6,0.416666667,1.583333333,N4 S2 P1 O5,de-protonated,0,-9999,C12 H19 O5 N4 P1 S2,12,19,5,4,1,2,-9999,-9999,-9999
1932,393.083034,393.08285512,393.082720324,6007541,-9999,271992.1,39.01,-1,0.34292175,0.970137145,0.92061989,0.950330243,10,0.555555556,1,O10,de-protonated,0,-9999,C18 H18 O10,18,18,10,-9999,-9999,-9999,-9999,-9999,-9999
1932,393.083034,393.08285512,393.083209581,6007541,-9999,271992.1,39.01,-1,-0.901744788,0.879705248,0.94275255,0.904924169,14,0.095238095,0.904761905,N2 S1 P1 O2,de-protonated,0,-9999,C21 H19 O2 N2 P1 S1,21,19,2,2,1,1,-9999,-9999,-9999
1932,393.083034,393.08285512,393.082558132,6007541,-9999,271992.1,39.01,-1,0.755535799,0.901606469,0,0.540963881,5,0.307692308,1.769230769,N4 S2 P1 O4,de-protonated,0,-9999,C13 H23 O4 N4 P1 S2,13,23,4,4,1,2,-9999,-9999,-9999
1933,393.11937,393.119191107,393.119105833,4949758,-9999,264570.5,31.72,-1,0.216915979,0.99149871999999994,0,0.59489923199999994,9,0.473684211,1.157894737,O9,de-protonated,0,-9999,C19 H22 O9,19,22,9,-9999,-9999,-9999,-9999,-9999,-9999
1933,393.11937,393.119191107,393.118943642,4949758,-9999,264570.5,31.72,-1,0.629491785,0.930623172,0,0.558373903,4,0.214285714,1.928571429,N4 S2 P1 O3,de-protonated,0,-9999,C14 H27 O3 N4 P1 S2,14,27,3,4,1,2,-9999,-9999,-9999
1934,393.155755,393.155576093,393.155491342,2737926.5,-9999,264743.5,16.48,-1,0.215566107,0.991603754,0,0.594962252,8,0.4,1.3,O8,de-protonated,0,-9999,C20 H26 O8,20,26,8,-9999,-9999,-9999,-9999,-9999,-9999
1934,393.155755,393.155576093,393.155329151,2737926.5,-9999,264743.5,16.48,-1,0.628103729,0.930917984,0,0.55855079,3,0.133333333,2.066666667,N4 S2 P1 O2,de-protonated,0,-9999,C15 H31 O2 N4 P1 S2,15,31,2,4,1,2,-9999,-9999,-9999
1936,393.168831,393.168652088,393.168378502,3270921.8,-9999,256137,20.15,-1,0.695850948,0.915890005,0,0.549534003,3,0.470588235,1.823529412,P1 O8,de-protonated,0,-9999,C17 H31 O8 P1,17,31,8,-9999,1,-9999,-9999,-9999,-9999
1937,393.186337,393.186158082,393.186003625,1600782,-9999,303498.9,8.64,-1,0.392834684,0.972387398,0,0.583432439,16,0.071428571,0.928571429,O2,de-protonated,0,-9999,C28 H26 O2,28,26,2,-9999,-9999,-9999,-9999,-9999,-9999
1937,393.186337,393.186158082,393.186063984,1600782,-9999,303498.9,8.64,-1,0.239322392,0.989661304,0.971168318,0.98226411,8,0.315789474,1.421052632,13C1 N3 O6,de-protonated,1,1928,C18 H27 O6 N3 13C1,18,27,6,3,-9999,-9999,1,-9999,-9999
1938,393.191092,393.19091308,393.19084528,1608975.1,-9999,375777.8,8.7,-1,0.172434761,0.994619378,0,0.596771627,3,0.4,2.066666667,N4 P1 O6,de-protonated,0,-9999,C15 H31 O6 N4 P1,15,31,6,4,1,-9999,-9999,-9999,-9999
1939,393.205228,393.205049075,393.204764011,3657490.5,-9999,283974.4,22.81,-1,0.724975365,0.909038816,0,0.545423289,2,0.388888889,1.944444444,P1 O7,de-protonated,0,-9999,C18 H35 O7 P1,18,35,7,-9999,1,-9999,-9999,-9999,-9999
1940,393.241629,393.241450061,393.24114952,3137307.5,-9999,275646.9,19.23,-1,0.764266264,0.899438402,0,0.539663041,1,0.315789474,2.052631579,P1 O6,de-protonated,0,-9999,C19 H39 O6 P1,19,39,6,-9999,1,-9999,-9999,-9999,-9999
1941,393.277994,393.277815048,393.27753503,7533348,-9999,273792.2,49.52,-1,0.712011518,0.892318605,0.971259044,0.923894781,0,0.25,2.15,P1 O5,de-protonated,0,-9999,C20 H43 O5 P1,20,43,5,-9999,1,-9999,-9999,-9999,-9999
1943,394.049907,394.049727762,394.049689649,1564894.4,-9999,286214.2,8.39,-1,0.09672138,0.998303983,0.941153225,0.97544368,11,0.647058824,0.823529412,13C1 O11,de-protonated,1,1931,C16 H14 O11 13C1,16,14,11,-9999,-9999,-9999,1,-9999,-9999
1943,394.049907,394.049727762,394.049467099,1564894.4,-9999,286214.2,8.39,-1,0.661498749,0.923671838,0,0.554203103,14,0.047619048,0.857142857,N1 S2 P1 O1,de-protonated,0,-9999,C21 H18 O1 N1 P1 S2,21,18,1,1,1,2,-9999,-9999,-9999
1944,394.086438,394.086258749,394.086075159,1921511.1,-9999,249824.6,10.85,-1,0.465863095,0.961385773,0.92061989,0.945079419,10,0.555555556,1,13C1 O10,de-protonated,1,1932,C17 H18 O10 13C1,17,18,10,-9999,-9999,-9999,1,-9999,-9999
1944,394.086438,394.086258749,394.086564416,1921511.1,-9999,249824.6,10.85,-1,-0.775634642,0.896585894,0.94275255,0.915052556,14,0.095238095,0.904761905,13C1 N2 S1 P1 O2,de-protonated,1,1932,C20 H19 O2 N2 P1 S1 13C1,20,19,2,2,1,1,1,-9999,-9999
1946,394.16225,394.162070721,394.161973704,2655225.5,-9999,276492.8,15.91,-1,0.2461348,0.989067612,0,0.593440567,8,0.388888889,1.388888889,N3 O7,de-protonated,0,-9999,C18 H25 O7 N3,18,25,7,3,-9999,-9999,-9999,-9999,-9999
1947,394.236797,394.236617693,394.236398493,2031627.3,-9999,235694.9,11.61,-1,0.556012605,0.945449442,0,0.567269665,1,0.333333333,2.111111111,N1 P1 O6,de-protonated,0,-9999,C18 H38 O6 N1 P1,18,38,6,1,1,-9999,-9999,-9999,-9999
1948,394.281411,394.281231677,394.280889865,1961494,-9999,237913.1,11.12,-1,0.866924273,0.872520476,0.971259044,0.912015903,0,0.25,2.15,13C1 P1 O5,de-protonated,1,1941,C19 H43 O5 P1 13C1,19,43,5,-9999,1,-9999,1,-9999,-9999
1948,394.281411,394.281231677,394.281026211,1961494,-9999,237913.1,11.12,-1,0.521115753,0.951919791,0,0.571151875,0,0.368421053,2.157894737,N1 O7,de-protonated,0,-9999,C19 H41 O7 N1,19,41,7,1,-9999,-9999,-9999,-9999,-9999
1951,394.996173,394.995993412,394.996227793,10282177,-9999,268491.9,68.46,-1,-0.593374522,0.469055561,0.829532115,0.613246182,16,0.421052632,0.473684211,P1 O8,de-protonated,0,-9999,C19 H9 O8 P1,19,9,8,-9999,1,-9999,-9999,-9999,-9999
1952,395.025827,395.025647401,395.025599369,2939079.5,-9999,263247,17.86,-1,0.121591553,0.997320966,0,0.59839258,11,0.75,0.75,O12,de-protonated,0,-9999,C16 H12 O12,16,12,12,-9999,-9999,-9999,-9999,-9999,-9999
1952,395.025827,395.025647401,395.025437178,2939079.5,-9999,263247,17.86,-1,0.532176125,0.94990971,0,0.569945826,6,0.545454545,1.545454545,N4 S2 P1 O6,de-protonated,0,-9999,C11 H17 O6 N4 P1 S2,11,17,6,4,1,2,-9999,-9999,-9999
1953,395.041059,395.040879395,395.040855511,1663691.3,-9999,293995,9.07,-1,0.060461717,0.999336913,0,0.599602148,15,0.45,0.6,O9,de-protonated,0,-9999,C20 H12 O9,20,12,9,-9999,-9999,-9999,-9999,-9999,-9999
1953,395.041059,395.040879395,395.040693319,1663691.3,-9999,293995,9.07,-1,0.471030407,0.96054163,0,0.576324978,10,0.2,1.133333333,N4 S2 P1 O3,de-protonated,0,-9999,C15 H17 O3 N4 P1 S2,15,17,3,4,1,2,-9999,-9999,-9999
1954,395.062241,395.062061388,395.061984879,7683280.5,-9999,263607.4,50.55,-1,0.19366315,0.496608898,0.844689208,0.635841022,10,0.647058824,0.941176471,O11,de-protonated,0,-9999,C17 H16 O11,17,16,11,-9999,-9999,-9999,-9999,-9999,-9999
1954,395.062241,395.062061388,395.061822687,7683280.5,-9999,263607.4,50.55,-1,0.604209936,0.935904902,0,0.561542941,5,0.416666667,1.75,N4 S2 P1 O5,de-protonated,0,-9999,C12 H21 O5 N4 P1 S2,12,21,5,4,1,2,-9999,-9999,-9999
1955,395.098664,395.098484374,395.098370388,7550169,-9999,269929.5,49.64,-1,0.288500601,0.987445854,0.983192074,0.985744342,9,0.555555556,1.111111111,O10,de-protonated,0,-9999,C18 H20 O10,18,20,10,-9999,-9999,-9999,-9999,-9999,-9999
1955,395.098664,395.098484374,395.098859645,7550169,-9999,269929.5,49.64,-1,-0.949816036,0.841769903,0.994675265,0.902932048,13,0.095238095,1,N2 S1 P1 O2,de-protonated,0,-9999,C21 H21 O2 N2 P1 S1,21,21,2,2,1,1,-9999,-9999,-9999
1955,395.098664,395.098484374,395.098208197,7550169,-9999,269929.5,49.64,-1,0.699009618,0.921091723,0.943506015,0.93005744,4,0.307692308,1.923076923,N4 S2 P1 O4,de-protonated,0,-9999,C13 H25 O4 N4 P1 S2,13,25,4,4,1,2,-9999,-9999,-9999
1956,395.135092,395.134912361,395.134755897,4583649.5,-9999,282273.9,29.19,-1,0.395974493,0.97195051,0,0.583170306,8,0.473684211,1.263157895,O9,de-protonated,0,-9999,C19 H24 O9,19,24,9,-9999,-9999,-9999,-9999,-9999,-9999
1956,395.135092,395.134912361,395.135245155,4583649.5,-9999,282273.9,29.19,-1,-0.842228249,0.439614303,0.807789663,0.586884447,12,0.045454545,1.136363636,N2 S1 P1 O1,de-protonated,0,-9999,C22 H25 O1 N2 P1 S1,22,25,1,2,1,1,-9999,-9999,-9999
1956,395.135092,395.134912361,395.134593706,4583649.5,-9999,282273.9,29.19,-1,0.806445752,0.888690707,0,0.533214424,3,0.214285714,2.071428571,N4 S2 P1 O3,de-protonated,0,-9999,C14 H29 O3 N4 P1 S2,14,29,3,4,1,2,-9999,-9999,-9999
1957,395.16288,395.16270035,395.162899198,2146024.3,-9999,289062.1,12.39,-1,-0.503204782,0.955093976,0,0.573056386,7,0.3,1.45,P1 O6,de-protonated,0,-9999,C20 H29 O6 P1,20,29,6,-9999,1,-9999,-9999,-9999,-9999
1958,395.165749,395.165569349,395.16526818,1611240.9,-9999,280690.1,8.71,-1,0.762135192,0.899969434,0,0.53998166,16,0.111111111,0.888888889,O3,de-protonated,0,-9999,C27 H24 O3,27,24,3,-9999,-9999,-9999,-9999,-9999,-9999
1959,395.17151,395.171330347,395.171141407,2779370.3,-9999,286580.3,16.76,-1,0.47812311,0.959369022,0,0.575621413,7,0.4,1.4,O8,de-protonated,0,-9999,C20 H28 O8,20,28,8,-9999,-9999,-9999,-9999,-9999,-9999
1959,395.17151,395.171330347,395.170979215,2779370.3,-9999,286580.3,16.76,-1,0.888556609,0.866529004,0,0.519917402,2,0.133333333,2.2,N4 S2 P1 O2,de-protonated,0,-9999,C15 H33 O2 N4 P1 S2,15,33,2,4,1,2,-9999,-9999,-9999
1960,395.184393,395.184213342,395.184028566,2519789.3,-9999,262987.7,14.97,-1,0.467569799,0.96110791,0,0.576664746,2,0.470588235,1.941176471,P1 O8,de-protonated,0,-9999,C17 H33 O8 P1,17,33,8,-9999,1,-9999,-9999,-9999,-9999
1961,395.220926,395.220746329,395.220414076,2873078,-9999,276711.4,17.4,-1,0.840678349,0.879644826,0,0.527786895,1,0.388888889,2.055555556,P1 O7,de-protonated,0,-9999,C18 H37 O7 P1,18,37,7,-9999,1,-9999,-9999,-9999,-9999
1962,395.244164,395.24398432,395.243912425,1402619.5,-9999,299368.3,7.27,-1,0.181899991,0.994014283,0,0.59640857,5,0.272727273,1.636363636,O6,de-protonated,0,-9999,C22 H36 O6,22,36,6,-9999,-9999,-9999,-9999,-9999,-9999
1965,395.995787,395.995607042,395.995696221,1736109,-9999,292749.5,9.57,-1,-0.22520288,0.9908398,0,0.59450388,12,0.923076923,0.538461538,N3 O12,de-protonated,0,-9999,C13 H7 O12 N3,13,7,12,3,-9999,-9999,-9999,-9999,-9999
1966,396.101999,396.101819003,396.101725223,1654726,-9999,296718.4,9.01,-1,0.236756573,0.989880683,0.983192074,0.987205239,9,0.555555556,1.111111111,13C1 O10,de-protonated,1,1955,C17 H20 O10 13C1,17,20,10,-9999,-9999,-9999,1,-9999,-9999
1966,396.101999,396.101819003,396.10221448,1654726,-9999,296718.4,9.01,-1,-0.998423257,0.834538049,0.994675265,0.898592936,13,0.095238095,1,13C1 N2 S1 P1 O2,de-protonated,1,1955,C20 H21 O2 N2 P1 S1 13C1,20,21,2,2,1,1,1,-9999,-9999
1966,396.101999,396.101819003,396.101563032,1654726,-9999,296718.4,9.01,-1,0.646225718,0.927025353,0.943506015,0.933617618,4,0.307692308,1.923076923,13C1 N4 S2 P1 O4,de-protonated,1,1955,C12 H25 O4 N4 P1 S2 13C1,12,25,4,4,1,2,1,-9999,-9999
1969,397.020151,397.019970663,397.020120066,1902236.6,-9999,272431.3,10.71,-1,-0.376310336,0.974632451,0,0.584779471,15,0.526315789,0.526315789,O10,de-protonated,0,-9999,C19 H10 O10,19,10,10,-9999,-9999,-9999,-9999,-9999,-9999
1969,397.020151,397.019970663,397.019957874,1902236.6,-9999,272431.3,10.71,-1,0.032211366,0.999811752,0,0.599887051,10,0.285714286,1.071428571,N4 S2 P1 O4,de-protonated,0,-9999,C14 H15 O4 N4 P1 S2,14,15,4,4,1,2,-9999,-9999,-9999
1970,397.041516,397.041335655,397.041249434,5684897.5,-9999,258826.3,36.78,-1,0.217159445,0.991479707,0,0.594887824,10,0.75,0.875,O12,de-protonated,0,-9999,C16 H14 O12,16,14,12,-9999,-9999,-9999,-9999,-9999,-9999
1970,397.041516,397.041335655,397.041087242,5684897.5,-9999,258826.3,36.78,-1,0.625659649,0.93143573,0,0.558861438,5,0.545454545,1.727272727,N4 S2 P1 O6,de-protonated,0,-9999,C11 H19 O6 N4 P1 S2,11,19,6,4,1,2,-9999,-9999,-9999
1971,397.077869,397.077688642,397.077634943,8881834,-9999,269551.7,58.81,-1,0.135234139,0.972918574,0.950654351,0.964012885,9,0.647058824,1.058823529,O11,de-protonated,0,-9999,C17 H18 O11,17,18,11,-9999,-9999,-9999,-9999,-9999,-9999
1971,397.077869,397.077688642,397.077472752,8881834,-9999,269551.7,58.81,-1,0.543696878,0.899276423,0.910222328,0.903654785,4,0.416666667,1.916666667,N4 S2 P1 O5,de-protonated,0,-9999,C12 H23 O5 N4 P1 S2,12,23,5,4,1,2,-9999,-9999,-9999
1972,397.114297,397.114116628,397.114020452,7327410.5,-9999,260638,48.1,-1,0.242186411,0.494706848,0.837042051,0.631640929,8,0.555555556,1.222222222,O10,de-protonated,0,-9999,C18 H22 O10,18,22,10,-9999,-9999,-9999,-9999,-9999,-9999
1972,397.114297,397.114116628,397.11450971,7327410.5,-9999,260638,48.1,-1,-0.989844796,0.418562406,0.81490939,0.5771012,12,0.095238095,1.095238095,N2 S1 P1 O2,de-protonated,0,-9999,C21 H23 O2 N2 P1 S1,21,23,2,2,1,1,-9999,-9999,-9999
1972,397.114297,397.114116628,397.113858261,7327410.5,-9999,260638,48.1,-1,0.650611768,0.463034541,0.876728111,0.628511969,3,0.307692308,2.076923077,N4 S2 P1 O4,de-protonated,0,-9999,C13 H27 O4 N4 P1 S2,13,27,4,4,1,2,-9999,-9999,-9999
1973,397.142491,397.142310618,397.142163753,1888953.1,-9999,257886.3,10.62,-1,0.3698029,0.975491466,0,0.58529488,7,0.368421053,1.421052632,P1 O7,de-protonated,0,-9999,C19 H27 O7 P1,19,27,7,-9999,1,-9999,-9999,-9999,-9999
1974,397.150684,397.150503615,397.150405962,3568315,-9999,294761.3,22.19,-1,0.245883675,0.989089786,0,0.593453872,7,0.473684211,1.368421053,O9,de-protonated,0,-9999,C19 H26 O9,19,26,9,-9999,-9999,-9999,-9999,-9999,-9999
1974,397.150684,397.150503615,397.150895219,3568315,-9999,294761.3,22.19,-1,-0.986034662,0.838269116,0,0.502961469,11,0.045454545,1.227272727,N2 S1 P1 O1,de-protonated,0,-9999,C22 H27 O1 N2 P1 S1,22,27,1,2,1,1,-9999,-9999,-9999
1974,397.150684,397.150503615,397.15024377,3568315,-9999,294761.3,22.19,-1,0.654271615,0.925266955,0,0.555160173,2,0.214285714,2.214285714,N4 S2 P1 O3,de-protonated,0,-9999,C14 H31 O3 N4 P1 S2,14,31,3,4,1,2,-9999,-9999,-9999
1975,397.186995,397.186814601,397.186791471,3446467.5,-9999,283473.8,21.35,-1,0.058234595,0.999384848,0,0.599630909,6,0.4,1.5,O8,de-protonated,0,-9999,C20 H30 O8,20,30,8,-9999,-9999,-9999,-9999,-9999,-9999
1975,397.186995,397.186814601,397.18662928,3446467.5,-9999,283473.8,21.35,-1,0.466585046,0.961268348,0,0.576761009,1,0.133333333,2.333333333,N4 S2 P1 O2,de-protonated,0,-9999,C15 H35 O2 N4 P1 S2,15,35,2,4,1,2,-9999,-9999,-9999
1976,397.215381,397.215200591,397.214934772,1395402.1,-9999,347659.8,7.22,-1,0.66920607,0.921954512,0,0.553172707,5,0.238095238,1.666666667,P1 O5,de-protonated,0,-9999,C21 H35 O5 P1,21,35,5,-9999,1,-9999,-9999,-9999,-9999
1977,397.226824,397.226643586,397.226548284,1943244.8,-9999,280460.4,10.99,-1,0.239920016,0.989609875,0,0.593765925,0,0.388888889,2.111111111,S1 O7,de-protonated,0,-9999,C18 H38 O7 S1,18,38,7,-9999,-9999,1,-9999,-9999,-9999
1978,398.081384,398.08120327,398.080989778,2285458.3,-9999,274586.6,13.35,-1,0.536302814,0.94915003,0.950654351,0.949751759,9,0.647058824,1.058823529,13C1 O11,de-protonated,1,1971,C16 H18 O11 13C1,16,18,11,-9999,-9999,-9999,1,-9999,-9999
1978,398.081384,398.08120327,398.080827587,2285458.3,-9999,274586.6,13.35,-1,0.943736194,0.850777114,0.910222328,0.874555199,4,0.416666667,1.916666667,13C1 N4 S2 P1 O5,de-protonated,1,1971,C11 H23 O5 N4 P1 S2 13C1,11,23,5,4,1,2,1,-9999,-9999
1982,399.020758,399.020576922,399.020513989,1656937.5,-9999,183436.2,9.02,-1,0.157720158,0.995496518,0,0.597297911,10,0.866666667,0.8,O13,de-protonated,0,-9999,C15 H12 O13,15,12,13,-9999,-9999,-9999,-9999,-9999,-9999
1982,399.020758,399.020576922,399.020351798,1656937.5,-9999,183436.2,9.02,-1,0.56419405,0.943878503,0,0.566327102,5,0.7,1.7,N4 S2 P1 O7,de-protonated,0,-9999,C10 H17 O7 N4 P1 S2,10,17,7,4,1,2,-9999,-9999,-9999
1983,399.037151,399.036969916,399.03663951,3796077.3,-9999,294300.9,23.76,-1,0.828010058,0.883025378,0,0.529815227,13,0.25,0.8,S2 O5,de-protonated,0,-9999,C20 H16 O5 S2,20,16,5,-9999,-9999,2,-9999,-9999,-9999
1983,399.037151,399.036969916,399.037107541,3796077.3,-9999,294300.9,23.76,-1,-0.34489098,0.97864797,0,0.587188782,19,0.3,0.4,N4 O6,de-protonated,0,-9999,C20 H8 O6 N4,20,8,6,4,-9999,-9999,-9999,-9999,-9999
1984,399.057131,399.056949909,399.056899498,7067762,-9999,257412.4,46.3,-1,0.126324757,0.49855432,0.85247738,0.640123544,9,0.75,1,O12,de-protonated,0,-9999,C16 H16 O12,16,16,12,-9999,-9999,-9999,-9999,-9999,-9999
1984,399.057131,399.056949909,399.056737307,7067762,-9999,257412.4,46.3,-1,0.532761575,0.949802255,0,0.569881353,4,0.545454545,1.909090909,N4 S2 P1 O6,de-protonated,0,-9999,C11 H21 O6 N4 P1 S2,11,21,6,4,1,2,-9999,-9999,-9999
1985,399.072508,399.072326903,399.072155639,1565813.4,-9999,294154.4,8.39,-1,0.429154934,0.967134094,0,0.580280457,13,0.45,0.8,O9,de-protonated,0,-9999,C20 H16 O9,20,16,9,-9999,-9999,-9999,-9999,-9999,-9999
1985,399.072508,399.072326903,399.072644897,1565813.4,-9999,294154.4,8.39,-1,-0.796831278,0.891179828,0,0.534707897,17,0.043478261,0.739130435,N2 S1 P1 O1,de-protonated,0,-9999,C23 H17 O1 N2 P1 S1,23,17,1,2,1,1,-9999,-9999,-9999
1985,399.072508,399.072326903,399.071993448,1565813.4,-9999,294154.4,8.39,-1,0.835576337,0.881010917,0,0.52860655,8,0.2,1.4,N4 S2 P1 O3,de-protonated,0,-9999,C15 H21 O3 N4 P1 S2,15,21,3,4,1,2,-9999,-9999,-9999
1986,399.093541,399.093359895,399.093285008,9101434,-9999,263571.7,60.32,-1,0.187645201,0.9962241,0.986655847,0.992396799,8,0.647058824,1.176470588,O11,de-protonated,0,-9999,C17 H20 O11,17,20,11,-9999,-9999,-9999,-9999,-9999,-9999
1986,399.093541,399.093359895,399.093122816,9101434,-9999,263571.7,60.32,-1,0.594044988,0.959519197,0.97291213,0.96487637,3,0.416666667,2.083333333,N4 S2 P1 O5,de-protonated,0,-9999,C12 H25 O5 N4 P1 S2,12,25,5,4,1,2,-9999,-9999,-9999
1987,399.129978,399.129796882,399.129670517,5427330.5,-9999,267520.3,35,-1,0.316601627,0.490988301,0.837042051,0.629409801,7,0.555555556,1.333333333,O10,de-protonated,0,-9999,C18 H24 O10,18,24,10,-9999,-9999,-9999,-9999,-9999,-9999
1987,399.129978,399.129796882,399.130159774,5427330.5,-9999,267520.3,35,-1,-0.909207781,0.430355645,0.81490939,0.584177143,11,0.095238095,1.19047619,N2 S1 P1 O2,de-protonated,0,-9999,C21 H25 O2 N2 P1 S1,21,25,2,2,1,1,-9999,-9999,-9999
1987,399.129978,399.129796882,399.129508326,5427330.5,-9999,267520.3,35,-1,0.72296442,0.909519214,0,0.545711529,2,0.307692308,2.230769231,N4 S2 P1 O4,de-protonated,0,-9999,C13 H29 O4 N4 P1 S2,13,29,4,4,1,2,-9999,-9999,-9999
1988,399.15819,399.158008872,399.157813818,3925128.8,-9999,278596.2,24.65,-1,0.488663367,0.957596793,0,0.574558076,6,0.368421053,1.526315789,P1 O7,de-protonated,0,-9999,C19 H29 O7 P1,19,29,7,-9999,1,-9999,-9999,-9999,-9999
1989,399.166089,399.165907869,399.166056026,2098826.8,-9999,284563.4,12.06,-1,-0.371167864,0.975312463,0,0.585187478,6,0.473684211,1.473684211,O9,de-protonated,0,-9999,C19 H28 O9,19,28,9,-9999,-9999,-9999,-9999,-9999,-9999
1989,399.166089,399.165907869,399.165893835,2098826.8,-9999,284563.4,12.06,-1,0.035157607,0.999775744,0,0.599865447,1,0.214285714,2.357142857,N4 S2 P1 O3,de-protonated,0,-9999,C14 H33 O3 N4 P1 S2,14,33,3,4,1,2,-9999,-9999,-9999
1990,399.188838,399.18865686,399.1883261,2775695.8,-9999,269518,16.73,-1,0.828581038,0.882873838,0,0.529724303,14,0.037037037,1.074074074,P1 O1,de-protonated,0,-9999,C27 H29 O1 P1,27,29,1,-9999,1,-9999,-9999,-9999,-9999
1990,399.188838,399.18865686,399.188522805,2775695.8,-9999,269518,16.73,-1,0.335819744,0.979745086,0,0.587847052,6,0.411764706,1.647058824,N4 O7,de-protonated,0,-9999,C17 H28 O7 N4,17,28,7,4,-9999,-9999,-9999,-9999,-9999
1991,399.194577,399.194395858,399.194199327,1752721.1,-9999,287143.9,9.68,-1,0.492319237,0.956973851,0,0.574184311,5,0.3,1.65,P1 O6,de-protonated,0,-9999,C20 H33 O6 P1,20,33,6,-9999,1,-9999,-9999,-9999,-9999
1992,399.202769,399.202587855,399.202441536,3968147,-9999,261121.5,24.94,-1,0.366529475,0.975918192,0,0.585550915,5,0.4,1.6,O8,de-protonated,0,-9999,C20 H32 O8,20,32,8,-9999,-9999,-9999,-9999,-9999,-9999
1992,399.202769,399.202587855,399.202279344,3968147,-9999,261121.5,24.94,-1,0.772818211,0.897295659,0,0.538377395,0,0.133333333,2.466666667,N4 S2 P1 O2,de-protonated,0,-9999,C15 H37 O2 N4 P1 S2,15,37,2,4,1,2,-9999,-9999,-9999
1993,399.275223,399.275041828,399.275212554,1788579.4,-9999,267301.7,9.92,-1,-0.427589919,0.967369417,0,0.58042165,3,0.272727273,1.818181818,O6,de-protonated,0,-9999,C22 H40 O6,22,40,6,-9999,-9999,-9999,-9999,-9999,-9999
1994,399.311796,399.311614815,399.311598064,1874091.8,-9999,267924.3,10.51,-1,0.04194984,0.99968074,0,0.599808444,2,0.217391304,1.913043478,O5,de-protonated,0,-9999,C23 H44 O5,23,44,5,-9999,-9999,-9999,-9999,-9999,-9999
1995,400.096789,400.096607524,400.096639843,1505885.5,-9999,256178.7,7.98,-1,-0.080776631,0.998816773,0.986655847,0.993952402,8,0.647058824,1.176470588,13C1 O11,de-protonated,1,1986,C16 H20 O11 13C1,16,20,11,-9999,-9999,-9999,1,-9999,-9999
1995,400.096789,400.096607524,400.096417292,1505885.5,-9999,256178.7,7.98,-1,0.475464746,0.959810404,0,0.575886242,11,0.047619048,1.142857143,N1 S2 P1 O1,de-protonated,0,-9999,C21 H24 O1 N1 P1 S2,21,24,1,1,1,2,-9999,-9999,-9999
1995,400.096789,400.096607524,400.096477651,1505885.5,-9999,256178.7,7.98,-1,0.324603886,0.981062778,0.97291213,0.977802519,3,0.416666667,2.083333333,13C1 N4 S2 P1 O5,de-protonated,1,1986,C11 H25 O5 N4 P1 S2 13C1,11,25,5,4,1,2,1,-9999,-9999
1999,401.016439,401.016257184,401.015904065,1391147.9,-9999,276096,7.18,-1,0.880560226,0.868756129,0,0.521253677,13,0.315789474,0.736842105,S2 O6,de-protonated,0,-9999,C19 H14 O6 S2,19,14,6,-9999,-9999,2,-9999,-9999,-9999
1999,401.016439,401.016257184,401.016372096,1391147.9,-9999,276096,7.18,-1,-0.286551879,0.985211332,0,0.591126799,19,0.368421053,0.315789474,N4 O7,de-protonated,0,-9999,C19 H6 O7 N4,19,6,7,4,-9999,-9999,-9999,-9999,-9999
2000,401.035313,401.035131177,401.03499954,3458608,-9999,202541.3,21.43,-1,0.328241698,0.980640102,0,0.588384061,18,0.2,0.5,N4 S1 O4,de-protonated,0,-9999,C20 H10 O4 N4 S1,20,10,4,4,-9999,1,-9999,-9999,-9999
2001,401.05167,401.051488171,401.051420195,2260531.8,-9999,278123.7,13.17,-1,0.169494812,0.994800816,0,0.596880489,13,0.526315789,0.736842105,O10,de-protonated,0,-9999,C19 H14 O10,19,14,10,-9999,-9999,-9999,-9999,-9999,-9999
2001,401.05167,401.051488171,401.051258003,2260531.8,-9999,278123.7,13.17,-1,0.573910343,0.941986521,0,0.565191913,8,0.285714286,1.357142857,N4 S2 P1 O4,de-protonated,0,-9999,C14 H19 O4 N4 P1 S2,14,19,4,4,1,2,-9999,-9999,-9999
2002,401.072834,401.072652163,401.072549563,6853176.5,-9999,258967.9,44.82,-1,0.25581467,0.993271451,0.979016978,0.987569662,8,0.75,1.125,O12,de-protonated,0,-9999,C16 H18 O12,16,18,12,-9999,-9999,-9999,-9999,-9999,-9999
2002,401.072834,401.072652163,401.07303882,6853176.5,-9999,258967.9,44.82,-1,-0.964056595,0.42240677,0.829532115,0.585256908,12,0.210526316,1,N2 S1 P1 O4,de-protonated,0,-9999,C19 H19 O4 N2 P1 S1,19,19,4,2,1,1,-9999,-9999,-9999
2002,401.072834,401.072652163,401.072387371,6853176.5,-9999,258967.9,44.82,-1,0.66020893,0.923957599,0,0.554374559,3,0.545454545,2.090909091,N4 S2 P1 O6,de-protonated,0,-9999,C11 H23 O6 N4 P1 S2,11,23,6,4,1,2,-9999,-9999,-9999
2003,401.088039,401.087857157,401.087805704,2699324,-9999,259208.3,16.2,-1,0.128284439,0.997018372,0,0.598211023,12,0.45,0.9,O9,de-protonated,0,-9999,C20 H18 O9,20,18,9,-9999,-9999,-9999,-9999,-9999,-9999
2003,401.088039,401.087857157,401.087643513,2699324,-9999,259208.3,16.2,-1,0.532663266,0.949820306,0,0.569892184,7,0.2,1.533333333,N4 S2 P1 O3,de-protonated,0,-9999,C15 H23 O3 N4 P1 S2,15,23,3,4,1,2,-9999,-9999,-9999
2004,401.109226,401.109044149,401.108935072,6003264.5,-9999,264507.8,38.97,-1,0.271939647,0.493335641,0.844689208,0.633877068,7,0.647058824,1.294117647,O11,de-protonated,0,-9999,C17 H22 O11,17,22,11,-9999,-9999,-9999,-9999,-9999,-9999
2004,401.109226,401.109044149,401.109424329,6003264.5,-9999,264507.8,38.97,-1,-0.947820981,0.424792587,0.822155738,0.583737848,11,0.15,1.15,N2 S1 P1 O3,de-protonated,0,-9999,C20 H23 O3 N2 P1 S1,20,23,3,2,1,1,-9999,-9999,-9999
2004,401.109226,401.109044149,401.108772881,6003264.5,-9999,264507.8,38.97,-1,0.67629723,0.920359774,0,0.552215864,2,0.416666667,2.25,N4 S2 P1 O5,de-protonated,0,-9999,C12 H27 O5 N4 P1 S2,12,27,5,4,1,2,-9999,-9999,-9999
2005,401.124771,401.124589144,401.124191213,2055236.1,-9999,256109.5,11.76,-1,0.992037846,0.836464879,0,0.501878928,11,0.380952381,1.047619048,O8,de-protonated,0,-9999,C21 H22 O8,21,22,8,-9999,-9999,-9999,-9999,-9999,-9999
2006,401.145588,401.145406136,401.145320581,2396232.8,-9999,303253.7,14.11,-1,0.213275861,0.991780484,0,0.59506829000000006,6,0.555555556,1.444444444,O10,de-protonated,0,-9999,C18 H26 O10,18,26,10,-9999,-9999,-9999,-9999,-9999,-9999
2006,401.145588,401.145406136,401.14515839,2396232.8,-9999,303253.7,14.11,-1,0.617596744,0.933131449,0,0.55987887,1,0.307692308,2.384615385,N4 S2 P1 O4,de-protonated,0,-9999,C13 H31 O4 N4 P1 S2,13,31,4,4,1,2,-9999,-9999,-9999
2007,401.173889,401.173707125,401.173463882,4875855,-9999,263200.7,31.2,-1,0.606329432,0.935469294,0,0.561281576,5,0.368421053,1.631578947,P1 O7,de-protonated,0,-9999,C19 H31 O7 P1,19,31,7,-9999,1,-9999,-9999,-9999,-9999
2008,401.204445,401.204263114,401.203976165,4217430,-9999,281667.1,26.66,-1,0.715220701,0.455679504,0.773979033,0.582999315,13,0.037037037,1.148148148,P1 O1,de-protonated,0,-9999,C27 H31 O1 P1,27,31,1,-9999,1,-9999,-9999,-9999,-9999
2008,401.204445,401.204263114,401.204172869,4217430,-9999,281667.1,26.66,-1,0.224935096,0.990861472,0,0.594516883,5,0.411764706,1.764705882,N4 O7,de-protonated,0,-9999,C17 H30 O7 N4,17,30,7,4,-9999,-9999,-9999,-9999,-9999
2009,401.210306,401.210124112,401.209849392,2516567.3,-9999,275722.7,14.94,-1,0.684730074,0.918445076,0,0.551067046,4,0.3,1.75,P1 O6,de-protonated,0,-9999,C20 H35 O6 P1,20,35,6,-9999,1,-9999,-9999,-9999,-9999
2010,401.218387,401.218205109,401.2180916,2189913,-9999,251689,12.69,-1,0.282910894,0.985582054,0,0.591349233,4,0.4,1.7,O8,de-protonated,0,-9999,C20 H34 O8,20,34,8,-9999,-9999,-9999,-9999,-9999,-9999
2012,401.233555,401.233373103,401.233347741,3595868.3,-9999,269014.5,22.38,-1,0.063210261,0.999275278,0,0.599565167,8,0.208333333,1.416666667,O5,de-protonated,0,-9999,C24 H34 O5,24,34,5,-9999,-9999,-9999,-9999,-9999,-9999
2013,401.254772,401.254590096,401.254477109,1513313.1,-9999,252519.9,8.02,-1,0.281582283,0.985716187,0,0.591429712,3,0.333333333,1.80952381,O7,de-protonated,0,-9999,C21 H38 O7,21,38,7,-9999,-9999,-9999,-9999,-9999,-9999
2014,402.076125,402.075942792,402.075904398,1388823.5,-9999,300539.8,7.17,-1,0.095489004,0.998346892,0.979016978,0.990614926,8,0.75,1.125,13C1 O12,de-protonated,1,2002,C15 H18 O12 13C1,15,18,12,-9999,-9999,-9999,1,-9999,-9999
2014,402.076125,402.075942792,402.075681848,1388823.5,-9999,300539.8,7.17,-1,0.648992315,0.926422803,0,0.555853682,11,0.1,1.1,N1 S2 P1 O2,de-protonated,0,-9999,C20 H22 O2 N1 P1 S2,20,22,2,1,1,2,-9999,-9999,-9999
2015,402.268403,402.26822072,402.268353526,1487937.9,-9999,265114.9,7.85,-1,-0.330142375,0.980417463,0,0.588250478,2,0.19047619,1.952380952,N1 S1 O4,de-protonated,0,-9999,C21 H41 O4 N1 S1,21,41,4,1,-9999,1,-9999,-9999,-9999
2015,402.268403,402.26822072,402.267973404,1487937.9,-9999,265114.9,7.85,-1,0.614805818,0.933713999,0,0.5602284,7,0.043478261,1.652173913,N3 P1 O1,de-protonated,0,-9999,C23 H38 O1 N3 P1,23,38,1,3,1,-9999,-9999,-9999,-9999
2019,403.032223,403.032040438,403.031825456,1958377.9,-9999,225712.3,11.09,-1,0.533411823,0.949682783,0,0.56980967,26,0.034482759,0.310344828,P1 O1,de-protonated,0,-9999,C29 H9 O1 P1,29,9,1,-9999,1,-9999,-9999,-9999,-9999
2019,403.032223,403.032040438,403.03202216,1958377.9,-9999,225712.3,11.09,-1,0.045349873,0.9996269,0,0.59977614,18,0.368421053,0.421052632,N4 O7,de-protonated,0,-9999,C19 H8 O7 N4,19,8,7,4,-9999,-9999,-9999,-9999,-9999
2020,403.052134,403.05195143,403.051814118,2363374.3,-9999,241145.9,13.88,-1,0.340682107,0.979160493,0,0.587496296,8,0.866666667,1.066666667,O13,de-protonated,0,-9999,C15 H16 O13,15,16,13,-9999,-9999,-9999,-9999,-9999,-9999
2020,403.052134,403.05195143,403.052303375,2363374.3,-9999,241145.9,13.88,-1,-0.873198852,0.87079359,0,0.522476154,12,0.277777778,0.944444444,N2 S1 P1 O5,de-protonated,0,-9999,C18 H17 O5 N2 P1 S1,18,17,5,2,1,1,-9999,-9999,-9999
2020,403.052134,403.05195143,403.051651926,2363374.3,-9999,241145.9,13.88,-1,0.743090544,0.904662818,0,0.542797691,3,0.7,2.1,N4 S2 P1 O7,de-protonated,0,-9999,C10 H21 O7 N4 P1 S2,10,21,7,4,1,2,-9999,-9999,-9999
2021,403.067382,403.067199425,403.067070259,3674097.5,-9999,250053.5,22.91,-1,0.32045686,0.981539092,0,0.588923455,12,0.526315789,0.842105263,O10,de-protonated,0,-9999,C19 H16 O10,19,16,10,-9999,-9999,-9999,-9999,-9999,-9999
2021,403.067382,403.067199425,403.067559516,3674097.5,-9999,250053.5,22.91,-1,-0.893378129,0.865179189,0,0.519107513,16,0.090909091,0.772727273,N2 S1 P1 O2,de-protonated,0,-9999,C22 H17 O2 N2 P1 S1,22,17,2,2,1,1,-9999,-9999,-9999
2021,403.067382,403.067199425,403.066908068,3674097.5,-9999,250053.5,22.91,-1,0.722850058,0.909546502,0,0.545727901,7,0.285714286,1.5,N4 S2 P1 O4,de-protonated,0,-9999,C14 H21 O4 N4 P1 S2,14,21,4,4,1,2,-9999,-9999,-9999
2022,403.076385,403.076202421,403.076453174,5837811.5,-9999,260554.5,37.82,-1,-0.622095989,0.46609377,0.755017935,0.581663436,25,0.066666667,0.4,O2,de-protonated,0,-9999,C30 H12 O2,30,12,2,-9999,-9999,-9999,-9999,-9999,-9999
2022,403.076385,403.076202421,403.075801725,5837811.5,-9999,260554.5,37.82,-1,0.994096976,0.417922196,0.807789663,0.573869183,16,0.181818182,0.727272727,N2 S1 O4,de-protonated,0,-9999,C22 H16 O4 N2 S1,22,16,4,2,-9999,1,-9999,-9999,-9999
2023,403.088411,403.088228417,403.088199627,3869686.3,-9999,256604.8,24.26,-1,0.07142299,0.999074814,0,0.599444889,7,0.75,1.25,O12,de-protonated,0,-9999,C16 H20 O12,16,20,12,-9999,-9999,-9999,-9999,-9999,-9999
2023,403.088411,403.088228417,403.088037436,3869686.3,-9999,256604.8,24.26,-1,0.473794994,0.960086486,0,0.576051892,2,0.545454545,2.272727273,N4 S2 P1 O6,de-protonated,0,-9999,C11 H25 O6 N4 P1 S2,11,25,6,4,1,2,-9999,-9999,-9999
2024,403.103565,403.103382411,403.103455768,3018233.5,-9999,241745.7,18.39,-1,-0.181980912,0.994008973,0,0.596405384,11,0.45,1,O9,de-protonated,0,-9999,C20 H20 O9,20,20,9,-9999,-9999,-9999,-9999,-9999,-9999
2024,403.103565,403.103382411,403.103293577,3018233.5,-9999,241745.7,18.39,-1,0.220375762,0.991226571,0,0.594735943,6,0.2,1.666666667,N4 S2 P1 O3,de-protonated,0,-9999,C15 H25 O3 N4 P1 S2,15,25,3,4,1,2,-9999,-9999,-9999
2025,403.124824,403.124641403,403.124585136,2104318.3,-9999,258093.9,12.09,-1,0.139577041,0.996471303,0,0.597882782,6,0.647058824,1.411764706,O11,de-protonated,0,-9999,C17 H24 O11,17,24,11,-9999,-9999,-9999,-9999,-9999,-9999
2025,403.124824,403.124641403,403.124422945,2104318.3,-9999,258093.9,12.09,-1,0.541912756,0.948108878,0,0.568865327,1,0.416666667,2.416666667,N4 S2 P1 O5,de-protonated,0,-9999,C12 H29 O5 N4 P1 S2,12,29,5,4,1,2,-9999,-9999,-9999
2026,403.140213,403.140030398,403.139841278,2624513.5,-9999,263174.2,15.68,-1,0.469117491,0.960855127,0,0.576513076,10,0.380952381,1.142857143,O8,de-protonated,0,-9999,C21 H24 O8,21,24,8,-9999,-9999,-9999,-9999,-9999,-9999
2026,403.140213,403.140030398,403.139679086,2624513.5,-9999,263174.2,15.68,-1,0.871438113,0.871279091,0,0.522767454,5,0.125,1.8125,N4 S2 P1 O2,de-protonated,0,-9999,C16 H29 O2 N4 P1 S2,16,29,2,4,1,2,-9999,-9999,-9999
2027,403.1712,403.171017386,403.171355882,1520648.3,-9999,302246.9,8.07,-1,-0.839582706,0.879938712,0,0.527963227,4,0.263157895,1.736842105,S1 P1 O5,de-protonated,0,-9999,C19 H33 O5 P1 S1,19,33,5,-9999,1,1,-9999,-9999,-9999
2028,403.183805,403.183622382,403.18324072,3761163,-9999,284458.4,23.51,-1,0.946620861,0.424967865,0.780512821,0.567185847,13,0.076923077,1.115384615,P1 O2,de-protonated,0,-9999,C26 H29 O2 P1,26,29,2,-9999,1,-9999,-9999,-9999,-9999
2028,403.183805,403.183622382,403.183437424,3761163,-9999,284458.4,23.51,-1,0.458742,0.962535021,0,0.577521013,5,0.5,1.75,N4 O8,de-protonated,0,-9999,C16 H28 O8 N4,16,28,8,4,-9999,-9999,-9999,-9999,-9999
2029,403.187567,403.18738438,403.187460176,1761291.9,-9999,316366.9,9.73,-1,-0.187992493,0.993607907,0,0.596164744,9,0.285714286,1.333333333,N2 O6,de-protonated,0,-9999,C21 H28 O6 N2,21,28,6,2,-9999,-9999,-9999,-9999,-9999
2030,403.189582,403.189399379,403.189113947,10138636,-9999,263695.2,67.46,-1,0.707937661,0.946777209,0.993738285,0.965561639,4,0.368421053,1.736842105,P1 O7,de-protonated,0,-9999,C19 H33 O7 P1,19,33,7,-9999,1,-9999,-9999,-9999,-9999
2031,403.225836,403.225653366,403.225499456,1665044.3,-9999,308083.1,9.07,-1,0.381697065,0.973910625,0,0.584346375,3,0.3,1.85,P1 O6,de-protonated,0,-9999,C20 H37 O6 P1,20,37,6,-9999,1,-9999,-9999,-9999,-9999
2032,403.262256,403.262073353,403.261884965,1609244.3,-9999,238984.9,8.68,-1,0.467158357,0.961174981,0,0.576704989,2,0.238095238,1.952380952,P1 O5,de-protonated,0,-9999,C21 H41 O5 P1,21,41,5,-9999,1,-9999,-9999,-9999,-9999
2033,403.298826,403.298643339,403.298270475,1420836.1,-9999,327630.2,7.38,-1,0.924537251,0.856332336,0,0.513799401,1,0.181818182,2.045454545,P1 O4,de-protonated,0,-9999,C22 H45 O4 P1,22,45,4,-9999,1,-9999,-9999,-9999,-9999
2034,403.335152,403.334969326,403.334655984,5265452,-9999,273696.1,33.88,-1,0.776877152,0.91115222,0.95402429,0.928301048,0,0.130434783,2.130434783,P1 O3,de-protonated,0,-9999,C23 H49 O3 P1,23,49,3,-9999,1,-9999,-9999,-9999,-9999
2036,404.192785,404.192602008,404.192468782,1991910.6,-9999,272646.6,11.32,-1,0.32961123,0.980479803,0.993738285,0.985783196,4,0.368421053,1.736842105,13C1 P1 O7,de-protonated,1,2030,C18 H33 O7 P1 13C1,18,33,7,-9999,1,-9999,1,-9999,-9999
2036,404.192785,404.192602008,404.192605127,1991910.6,-9999,272646.6,11.32,-1,-0.00771722,0.999989194,0,0.599993516,4,0.5,1.722222222,N1 O9,de-protonated,0,-9999,C18 H31 O9 N1,18,31,9,1,-9999,-9999,-9999,-9999,-9999
2037,404.338457,404.338273954,404.338010819,1710342.3,-9999,291938.2,9.38,-1,0.650779923,0.926032312,0.95402429,0.937229103,0,0.130434783,2.130434783,13C1 P1 O3,de-protonated,1,2034,C22 H49 O3 P1 13C1,22,49,3,-9999,1,-9999,1,-9999,-9999
2037,404.338457,404.338273954,404.338147165,1710342.3,-9999,291938.2,9.38,-1,0.313572787,0.98231675,0,0.58939005,0,0.227272727,2.136363636,N1 O5,de-protonated,0,-9999,C22 H47 O5 N1,22,47,5,1,-9999,-9999,-9999,-9999,-9999
2039,404.938564,404.938380732,404.938047666,17307016,-9999,256215.5,116.23,-1,0.822511262,0.294826916,0.792057403,0.493719111,14,0.5625,0.375,S2 O9,de-protonated,0,-9999,C16 H6 O9 S2,16,6,9,-9999,-9999,2,-9999,-9999,-9999
2040,405.046534,405.046350692,405.046334814,4180383,-9999,267288.7,26.26,-1,0.03920036,0.999721212,0,0.599832727,12,0.611111111,0.777777778,O11,de-protonated,0,-9999,C18 H14 O11,18,14,11,-9999,-9999,-9999,-9999,-9999,-9999
2040,405.046534,405.046350692,405.046172623,4180383,-9999,267288.7,26.26,-1,0.439627144,0.965538835,0,0.579323301,7,0.384615385,1.461538462,N4 S2 P1 O5,de-protonated,0,-9999,C13 H19 O5 N4 P1 S2,13,19,5,4,1,2,-9999,-9999,-9999
2041,405.073489,405.073305682,405.073693725,3780004.8,-9999,265278.7,23.51,-1,-0.957955233,0.846613073,0,0.507967844,15,0.090909091,0.818181818,N2 S2 O2,de-protonated,0,-9999,C22 H18 O2 N2 S2,22,18,2,2,-9999,2,-9999,-9999,-9999
2042,405.083002,405.082818679,405.082720324,4735398.5,-9999,273100.6,30.06,-1,0.242802542,0.989360051,0,0.593616031,11,0.526315789,0.947368421,O10,de-protonated,0,-9999,C19 H18 O10,19,18,10,-9999,-9999,-9999,-9999,-9999,-9999
2042,405.083002,405.082818679,405.083209581,4735398.5,-9999,273100.6,30.06,-1,-0.964992442,0.422268426,0.807789663,0.576476921,15,0.090909091,0.863636364,N2 S1 P1 O2,de-protonated,0,-9999,C22 H19 O2 N2 P1 S1,22,19,2,2,1,1,-9999,-9999,-9999
2042,405.083002,405.082818679,405.082558132,4735398.5,-9999,273100.6,30.06,-1,0.643193441,0.927683257,0,0.556609954,6,0.285714286,1.642857143,N4 S2 P1 O4,de-protonated,0,-9999,C14 H23 O4 N4 P1 S2,14,23,4,4,1,2,-9999,-9999,-9999
2043,405.104232,405.104048671,405.103849692,1416107.3,-9999,288561.5,7.31,-1,0.49118071,0.957168305,0,0.574300983,6,0.75,1.375,O12,de-protonated,0,-9999,C16 H22 O12,16,22,12,-9999,-9999,-9999,-9999,-9999,-9999
2043,405.104232,405.104048671,405.104338949,1416107.3,-9999,288561.5,7.31,-1,-0.716551578,0.911043957,0,0.546626374,10,0.210526316,1.210526316,N2 S1 P1 O4,de-protonated,0,-9999,C19 H23 O4 N2 P1 S1,19,23,4,2,1,1,-9999,-9999,-9999
2043,405.104232,405.104048671,405.1036875,1416107.3,-9999,288561.5,7.31,-1,0.891550824,0.865691366,0,0.51941482,1,0.545454545,2.454545455,N4 S2 P1 O6,de-protonated,0,-9999,C11 H27 O6 N4 P1 S2,11,27,6,4,1,2,-9999,-9999,-9999
2044,405.119408,405.119224665,405.119105833,3124654.5,-9999,291759.4,19.02,-1,0.293326796,0.984509279,0,0.590705568,10,0.45,1.1,O9,de-protonated,0,-9999,C20 H22 O9,20,22,9,-9999,-9999,-9999,-9999,-9999,-9999
2044,405.119408,405.119224665,405.11959509,3124654.5,-9999,291759.4,19.02,-1,-0.914359772,0.859245275,0,0.515547165,14,0.043478261,1,N2 S1 P1 O1,de-protonated,0,-9999,C23 H23 O1 N2 P1 S1,23,23,1,2,1,1,-9999,-9999,-9999
2044,405.119408,405.119224665,405.118943642,3124654.5,-9999,291759.4,19.02,-1,0.693681754,0.916391057,0,0.549834634,5,0.2,1.8,N4 S2 P1 O3,de-protonated,0,-9999,C15 H27 O3 N4 P1 S2,15,27,3,4,1,2,-9999,-9999,-9999
2045,405.136167,405.135983659,405.135699385,1394994.1,-9999,180771.3,7.17,-1,0.70167669,0.914537969,0,0.548722782,19,0.08,0.72,N4 O2,de-protonated,0,-9999,C25 H18 O2 N4,25,18,2,4,-9999,-9999,-9999,-9999,-9999
2046,405.155932,405.155748652,405.155491342,2012598.4,-9999,262255.1,11.4,-1,0.635088075,0.929428922,0,0.557657353,9,0.380952381,1.238095238,O8,de-protonated,0,-9999,C21 H26 O8,21,26,8,-9999,-9999,-9999,-9999,-9999,-9999
2048,405.189957,405.189773639,405.189374928,5124541.5,-9999,270400.7,32.73,-1,0.98401131,0.419437816,0.780512821,0.563867818,12,0.076923077,1.153846154,S1 O2,de-protonated,0,-9999,C26 H30 O2 S1,26,30,2,-9999,-9999,1,-9999,-9999,-9999
2049,405.205196,405.205012633,405.204764011,3918273,-9999,269391.8,24.46,-1,0.613571925,0.933970824,0,0.560382494,3,0.368421053,1.842105263,P1 O7,de-protonated,0,-9999,C19 H35 O7 P1,19,35,7,-9999,1,-9999,-9999,-9999,-9999
2050,405.268332,405.26814861,405.268019174,1682894.5,-9999,297128.5,9.14,-1,0.319384809,0.981661265,0,0.588996759,1,0.238095238,2,S1 O5,de-protonated,0,-9999,C21 H42 O5 S1,21,42,5,-9999,-9999,1,-9999,-9999,-9999
2051,405.278012,405.277828606,405.27753503,1904080.6,-9999,253551.7,10.65,-1,0.724384133,0.909180168,0,0.545508101,1,0.238095238,2.047619048,P1 O5,de-protonated,0,-9999,C21 H43 O5 P1,21,43,5,-9999,1,-9999,-9999,-9999,-9999
2055,406.198634,406.198450266,406.198359213,6864533,-9999,254794.6,44.65,-1,0.224158094,0.959320568,0.932546923,0.94861111,8,0.3,1.45,N3 O6,de-protonated,0,-9999,C20 H29 O6 N3,20,29,6,3,-9999,-9999,-9999,-9999,-9999
2056,406.208301,406.208117262,406.208255192,1427607.3,-9999,246160.5,7.39,-1,-0.339554148,0.979296823,0,0.587578094,3,0.5,1.833333333,N1 O9,de-protonated,0,-9999,C18 H33 O9 N1,18,33,9,1,-9999,-9999,-9999,-9999,-9999
2057,406.309699,406.309515225,406.309169511,1602732.9,-9999,276432,8.59,-1,0.850862441,0.876899541,0,0.526139724,0,0.19047619,2.19047619,N1 P1 O4,de-protonated,0,-9999,C21 H46 O4 N1 P1,21,46,4,1,1,-9999,-9999,-9999,-9999
2059,407.025831,407.02564696,407.025599369,2295620.5,-9999,299268.9,13.34,-1,0.116922038,0.997522532,0,0.598513519,12,0.705882353,0.705882353,O12,de-protonated,0,-9999,C17 H12 O12,17,12,12,-9999,-9999,-9999,-9999,-9999,-9999
2059,407.025831,407.02564696,407.025437178,2295620.5,-9999,299268.9,13.34,-1,0.515401677,0.952943344,0,0.571766006,7,0.5,1.416666667,N4 S2 P1 O6,de-protonated,0,-9999,C12 H17 O6 N4 P1 S2,12,17,6,4,1,2,-9999,-9999,-9999
2060,407.062282,407.062097946,407.061984879,5776204,-9999,264435.3,37.19,-1,0.277764629,0.493049095,0.837042051,0.630646277,11,0.611111111,0.888888889,O11,de-protonated,0,-9999,C18 H16 O11,18,16,11,-9999,-9999,-9999,-9999,-9999,-9999
2060,407.062282,407.062097946,407.062474136,5776204,-9999,264435.3,37.19,-1,-0.924157722,0.428220681,0.81490939,0.582896165,15,0.142857143,0.80952381,N2 S1 P1 O3,de-protonated,0,-9999,C21 H17 O3 N2 P1 S1,21,17,3,2,1,1,-9999,-9999,-9999
2060,407.062282,407.062097946,407.061822687,5776204,-9999,264435.3,37.19,-1,0.676208713,0.920379767,0,0.55222786,6,0.384615385,1.615384615,N4 S2 P1 O5,de-protonated,0,-9999,C13 H21 O5 N4 P1 S2,13,21,5,4,1,2,-9999,-9999,-9999
2061,407.098597,407.098412933,407.098370388,4968276,-9999,274967.4,31.65,-1,0.104507002,0.998020232,0,0.598812139,10,0.526315789,1.052631579,O10,de-protonated,0,-9999,C19 H20 O10,19,20,10,-9999,-9999,-9999,-9999,-9999,-9999
2061,407.098597,407.098412933,407.098208197,4968276,-9999,274967.4,31.65,-1,0.502915405,0.955144434,0,0.57308666,5,0.285714286,1.785714286,N4 S2 P1 O4,de-protonated,0,-9999,C14 H25 O4 N4 P1 S2,14,25,4,4,1,2,-9999,-9999,-9999
2062,407.135021,407.134836919,407.134755897,3556187.5,-9999,266145.9,21.98,-1,0.199004869,0.992839856,0,0.595703913,9,0.45,1.2,O9,de-protonated,0,-9999,C20 H24 O9,20,24,9,-9999,-9999,-9999,-9999,-9999,-9999
2062,407.135021,407.134836919,407.134593706,3556187.5,-9999,266145.9,21.98,-1,0.597377704,0.937300072,0,0.562380043,4,0.2,1.933333333,N4 S2 P1 O3,de-protonated,0,-9999,C15 H29 O3 N4 P1 S2,15,29,3,4,1,2,-9999,-9999,-9999
2063,407.15728,407.157095911,407.157025971,2110816.3,-9999,215744.8,12.07,-1,0.171775177,0.994660353,0,0.596796212,17,0.035714286,0.892857143,P1 O1,de-protonated,0,-9999,C28 H25 O1 P1,28,25,1,-9999,1,-9999,-9999,-9999,-9999
2063,407.15728,407.157095911,407.156754645,2110816.3,-9999,215744.8,12.07,-1,0.838167674,0.880317847,0,0.528190708,3,0.333333333,1.777777778,S2 O6,de-protonated,0,-9999,C18 H32 O6 S2,18,32,6,-9999,-9999,2,-9999,-9999,-9999
2063,407.15728,407.157095911,407.157222676,2110816.3,-9999,215744.8,12.07,-1,-0.311341695,0.982565291,0,0.589539174,9,0.388888889,1.333333333,N4 O7,de-protonated,0,-9999,C18 H24 O7 N4,18,24,7,4,-9999,-9999,-9999,-9999,-9999
2064,407.184694,407.184509901,407.184897946,1864550,-9999,223760.3,10.38,-1,-0.952995503,0.848070275,0,0.508842165,2,0.157894737,1.947368421,S2 P1 O3,de-protonated,0,-9999,C19 H37 O3 P1 S2,19,37,3,-9999,1,2,-9999,-9999,-9999
2065,407.20216,407.201975894,407.201653689,2231145.8,-9999,315758.5,12.89,-1,0.791266479,0.89261002,0,0.535566012,16,0.068965517,0.965517241,O2,de-protonated,0,-9999,C29 H28 O2,29,28,2,-9999,-9999,-9999,-9999,-9999,-9999
2065,407.20216,407.201975894,407.201714048,2231145.8,-9999,315758.5,12.89,-1,0.643037934,0.927716926,0.932546923,0.929648925,8,0.3,1.45,13C1 N3 O6,de-protonated,1,2055,C19 H29 O6 N3 13C1,19,29,6,3,-9999,-9999,1,-9999,-9999
2066,407.220741,407.220556887,407.220414076,3822445.5,-9999,260051.6,23.8,-1,0.350699023,0.977930829,0,0.586758497,2,0.368421053,1.947368421,P1 O7,de-protonated,0,-9999,C19 H37 O7 P1,19,37,7,-9999,1,-9999,-9999,-9999,-9999
2067,407.293499,407.29331486,407.293185094,2222973,-9999,265472.2,12.84,-1,0.318606293,0.98174974,0,0.589049844,0,0.238095238,2.142857143,P1 O5,de-protonated,0,-9999,C21 H45 O5 P1,21,45,5,-9999,1,-9999,-9999,-9999,-9999
2069,408.177857,408.177672533,408.177623768,2853942.3,-9999,245587.5,17.16,-1,0.119469993,0.997413519,0,0.598448112,8,0.368421053,1.421052632,N3 O7,de-protonated,0,-9999,C19 H27 O7 N3,19,27,7,3,-9999,-9999,-9999,-9999,-9999
2070,409.011827,409.011642224,409.011877857,3046628,-9999,257454.6,18.48,-1,-0.576102379,0.941555747,0,0.564933448,16,0.4,0.55,P1 O8,de-protonated,0,-9999,C20 H11 O8 P1,20,11,8,-9999,1,-9999,-9999,-9999,-9999
2071,409.041503,409.041318213,409.041249434,5782762,-9999,249252,37.23,-1,0.16814869,0.49744143,0.844689208,0.636340541,11,0.705882353,0.823529412,O12,de-protonated,0,-9999,C17 H14 O12,17,14,12,-9999,-9999,-9999,-9999,-9999,-9999
2071,409.041503,409.041318213,409.041087242,5782762,-9999,249252,37.23,-1,0.564664742,0.943787507,0,0.566272504,6,0.5,1.583333333,N4 S2 P1 O6,de-protonated,0,-9999,C12 H19 O6 N4 P1 S2,12,19,6,4,1,2,-9999,-9999,-9999
2072,409.077876,409.0776912,409.077634943,7000305.5,-9999,245653.3,45.58,-1,0.137521421,0.498287149,0.837042051,0.63378911,10,0.611111111,1,O11,de-protonated,0,-9999,C18 H18 O11,18,18,11,-9999,-9999,-9999,-9999,-9999,-9999
2072,409.077876,409.0776912,409.077472752,7000305.5,-9999,245653.3,45.58,-1,0.534002193,0.949574199,0,0.569744519,5,0.384615385,1.769230769,N4 S2 P1 O5,de-protonated,0,-9999,C13 H23 O5 N4 P1 S2,13,23,5,4,1,2,-9999,-9999,-9999
2073,409.093313,409.093128194,409.092891084,7749877,-9999,255971.7,50.72,-1,0.579599253,0.917855465,0.988754316,0.946215005,14,0.363636364,0.818181818,O8,de-protonated,0,-9999,C22 H18 O8,22,18,8,-9999,-9999,-9999,-9999,-9999,-9999
2073,409.093313,409.093128194,409.092728893,7749877,-9999,255971.7,50.72,-1,0.976065415,0.420624817,0.844689208,0.590250573,9,0.117647059,1.352941176,N4 S2 P1 O2,de-protonated,0,-9999,C17 H23 O2 N4 P1 S2,17,23,2,4,1,2,-9999,-9999,-9999
2074,409.114267,409.114082187,409.114020452,5489913,-9999,269251.4,35.23,-1,0.150897098,0.997436042,0.952995319,0.979659753,9,0.526315789,1.157894737,O10,de-protonated,0,-9999,C19 H22 O10,19,22,10,-9999,-9999,-9999,-9999,-9999,-9999
2074,409.114267,409.114082187,409.113858261,5489913,-9999,269251.4,35.23,-1,0.547342613,0.947091934,0,0.56825516,4,0.285714286,1.928571429,N4 S2 P1 O4,de-protonated,0,-9999,C14 H27 O4 N4 P1 S2,14,27,4,4,1,2,-9999,-9999,-9999
2075,409.150701,409.150516173,409.150405962,3622144.8,-9999,255643.7,22.43,-1,0.269366183,0.986920708,0,0.592152425,8,0.45,1.3,O9,de-protonated,0,-9999,C20 H26 O9,20,26,9,-9999,-9999,-9999,-9999,-9999,-9999
2075,409.150701,409.150516173,409.150895219,3622144.8,-9999,255643.7,22.43,-1,-0.926421209,0.855790676,0,0.513474406,12,0.043478261,1.173913043,N2 S1 P1 O1,de-protonated,0,-9999,C23 H27 O1 N2 P1 S1,23,27,1,2,1,1,-9999,-9999,-9999
2075,409.150701,409.150516173,409.15024377,3622144.8,-9999,255643.7,22.43,-1,0.66577649,0.922720744,0,0.553632447,3,0.2,2.066666667,N4 S2 P1 O3,de-protonated,0,-9999,C15 H31 O3 N4 P1 S2,15,31,3,4,1,2,-9999,-9999,-9999
2076,409.163675,409.163490168,409.16316018,1438979.4,-9999,325299.4,7.46,-1,0.806496462,0.888677518,0,0.533206511,16,0.035714286,0.928571429,S1 O1,de-protonated,0,-9999,C28 H26 O1 S1,28,26,1,-9999,-9999,1,-9999,-9999,-9999
2076,409.163675,409.163490168,409.163293121,1438979.4,-9999,325299.4,7.46,-1,0.481585016,0.958790842,0,0.575274505,3,0.529411765,1.823529412,P1 O9,de-protonated,0,-9999,C17 H31 O9 P1,17,31,9,-9999,1,-9999,-9999,-9999,-9999
2077,409.199979,409.199794155,409.199678631,2001674.9,-9999,259906.4,11.32,-1,0.28231724,0.985642064,0,0.591385238,2,0.444444444,1.944444444,P1 O8,de-protonated,0,-9999,C18 H35 O8 P1,18,35,8,-9999,1,-9999,-9999,-9999,-9999
2078,409.211252,409.211067151,409.21091202,1545485.3,-9999,282226.2,8.19,-1,0.379097079,0.97426024,0,0.584556144,2,0.411764706,2.058823529,N2 P1 O7,de-protonated,0,-9999,C17 H35 O7 N2 P1,17,35,7,2,1,-9999,-9999,-9999,-9999
2079,409.311441,409.311256114,409.31120414,81647904,-9999,252477.6,557.24,-1,0.126976976,0.991190159,0.990820156,0.991042157,8,0.071428571,1.5,O2,de-protonated,0,-9999,C28 H42 O2,28,42,2,-9999,-9999,-9999,-9999,-9999,-9999
2080,410.096752,410.096566823,410.096245919,1712323.9,-9999,220899.6,9.33,-1,0.782507688,0.894845369,0.988754316,0.932408948,14,0.363636364,0.818181818,13C1 O8,de-protonated,1,2073,C21 H18 O8 13C1,21,18,8,-9999,-9999,-9999,1,-9999,-9999
2080,410.096752,410.096566823,410.096871522,1712323.9,-9999,220899.6,9.33,-1,-0.742993976,0.904686376,0,0.542811825,18,0.083333333,0.708333333,N3 S1 O2,de-protonated,0,-9999,C24 H17 O2 N3 S1,24,17,2,3,-9999,1,-9999,-9999,-9999
2081,410.117591,410.117405815,410.117375288,1525704.3,-9999,291548.9,8.05,-1,0.074436476,0.998995136,0.952995319,0.980595209,9,0.526315789,1.157894737,13C1 O10,de-protonated,1,2074,C18 H22 O10 13C1,18,22,10,-9999,-9999,-9999,1,-9999,-9999
2082,410.221829,410.221643777,410.221797256,5653981.5,-9999,258936.4,36.35,-1,-0.374137577,0.984861924,0.92400068,0.960517426,1,0.388888889,2.055555556,N1 S1 O7,de-protonated,0,-9999,C18 H37 O7 N1 S1,18,37,7,1,-9999,1,-9999,-9999,-9999
2082,410.221829,410.221643777,410.221417133,5653981.5,-9999,258936.4,36.35,-1,0.552489757,0.923940668,0.938886992,0.929919198,6,0.2,1.7,N3 P1 O4,de-protonated,0,-9999,C20 H34 O4 N3 P1,20,34,4,3,1,-9999,-9999,-9999,-9999
2083,410.314825,410.314639742,410.314558976,24066544,-9999,253383.1,162.56,-1,0.196840811,0.989828638,0.990820156,0.990225245,8,0.071428571,1.5,13C1 O2,de-protonated,1,2079,C27 H42 O2 13C1,27,42,2,-9999,-9999,-9999,1,-9999,-9999
2084,411.037622,411.037436475,411.037107541,1386884.5,-9999,309211.2,7.1,-1,0.800253818,0.890296381,0,0.534177829,20,0.285714286,0.380952381,N4 O6,de-protonated,0,-9999,C21 H8 O6 N4,21,8,6,4,-9999,-9999,-9999,-9999,-9999
2085,411.057145,411.056959467,411.056899498,6941320.5,-9999,251229.6,45.17,-1,0.145890383,0.498072747,0.844689208,0.636719331,10,0.705882353,0.941176471,O12,de-protonated,0,-9999,C17 H16 O12,17,16,12,-9999,-9999,-9999,-9999,-9999,-9999
2085,411.057145,411.056959467,411.056737307,6941320.5,-9999,251229.6,45.17,-1,0.540462079,0.948379039,0,0.569027423,5,0.5,1.75,N4 S2 P1 O6,de-protonated,0,-9999,C12 H21 O6 N4 P1 S2,12,21,6,4,1,2,-9999,-9999,-9999
2086,411.090398,411.090212455,411.090402962,5261967.5,-9999,265309.1,33.66,-1,-0.463417384,0.480891159,0.793917021,0.606101504,18,0.125,0.708333333,N2 P1 O3,de-protonated,0,-9999,C24 H17 O3 N2 P1,24,17,3,2,1,-9999,-9999,-9999,-9999
2086,411.090398,411.090212455,411.090131635,5261967.5,-9999,265309.1,33.66,-1,0.196598543,0.993011364,0,0.595806818,4,0.571428571,1.714285714,N2 S2 O8,de-protonated,0,-9999,C14 H24 O8 N2 S2,14,24,8,2,-9999,2,-9999,-9999,-9999
2087,411.093575,411.093389454,411.093285008,7631504,-9999,255610.9,49.9,-1,0.254069864,0.494177772,0.837042051,0.631323483,9,0.611111111,1.111111111,O11,de-protonated,0,-9999,C18 H20 O11,18,20,11,-9999,-9999,-9999,-9999,-9999,-9999
2087,411.093575,411.093389454,411.093774265,7631504,-9999,255610.9,49.9,-1,-0.936066073,0.426502908,0.81490939,0.581865501,13,0.142857143,1,N2 S1 P1 O3,de-protonated,0,-9999,C21 H21 O3 N2 P1 S1,21,21,3,2,1,1,-9999,-9999,-9999
2087,411.093575,411.093389454,411.093122816,7631504,-9999,255610.9,49.9,-1,0.648606679,0.463253462,0.876728111,0.628643321,4,0.384615385,1.923076923,N4 S2 P1 O5,de-protonated,0,-9999,C13 H25 O5 N4 P1 S2,13,25,5,4,1,2,-9999,-9999,-9999
2088,411.129935,411.129749441,411.129670517,5205655.5,-9999,262044.9,33.28,-1,0.191967676,0.496667817,0.829532115,0.629813536,8,0.526315789,1.263157895,O10,de-protonated,0,-9999,C19 H24 O10,19,24,10,-9999,-9999,-9999,-9999,-9999,-9999
2088,411.129935,411.129749441,411.130159774,5205655.5,-9999,262044.9,33.28,-1,-0.998062859,0.417323506,0.807789663,0.573509969,12,0.090909091,1.136363636,N2 S1 P1 O2,de-protonated,0,-9999,C22 H25 O2 N2 P1 S1,22,25,2,2,1,1,-9999,-9999,-9999
2088,411.129935,411.129749441,411.129508326,5205655.5,-9999,262044.9,33.28,-1,0.586469549,0.939498886,0,0.563699331,3,0.285714286,2.071428571,N4 S2 P1 O4,de-protonated,0,-9999,C14 H29 O4 N4 P1 S2,14,29,4,4,1,2,-9999,-9999,-9999
2089,411.143043,411.142857436,411.142557676,1390234,-9999,259700.4,7.12,-1,0.729088196,0.908052934,0,0.54483176,3,0.625,1.8125,P1 O10,de-protonated,0,-9999,C16 H29 O10 P1,16,29,10,-9999,1,-9999,-9999,-9999,-9999
2090,411.158231,411.15804543,411.157813818,2319517,-9999,284948.2,13.49,-1,0.563317214,0.944047839,0,0.566428703,7,0.35,1.45,P1 O7,de-protonated,0,-9999,C20 H29 O7 P1,20,29,7,-9999,1,-9999,-9999,-9999,-9999
2091,411.166277,411.166091427,411.166056026,2542750.8,-9999,278550,15.02,-1,0.086098562,0.998655832,0,0.599193499,7,0.45,1.4,O9,de-protonated,0,-9999,C20 H28 O9,20,28,9,-9999,-9999,-9999,-9999,-9999,-9999
2091,411.166277,411.166091427,411.165893835,2542750.8,-9999,278550,15.02,-1,0.480565482,0.958961513,0,0.575376908,2,0.2,2.2,N4 S2 P1 O3,de-protonated,0,-9999,C15 H33 O3 N4 P1 S2,15,33,3,4,1,2,-9999,-9999,-9999
2092,411.21561,411.215424409,411.215328695,2351272.8,-9999,239946.4,13.71,-1,0.232757925,0.990217949,0,0.594130769,1,0.444444444,2.055555556,P1 O8,de-protonated,0,-9999,C18 H37 O8 P1,18,37,8,-9999,1,-9999,-9999,-9999,-9999
2093,411.225268,411.225082405,411.225152091,1775274.8,-9999,305117.3,9.76,-1,-0.169459134,0.994802999,0.92400068,0.966482071,1,0.388888889,2.055555556,13C1 N1 S1 O7,de-protonated,1,2082,C17 H37 O7 N1 S1 13C1,17,37,7,1,-9999,1,1,-9999,-9999
2093,411.225268,411.225082405,411.224771969,1775274.8,-9999,305117.3,9.76,-1,0.754907494,0.901761737,0.938886992,0.916611839,6,0.2,1.7,13C1 N3 P1 O4,de-protonated,1,2082,C19 H34 O4 N3 P1 13C1,19,34,4,3,1,-9999,1,-9999,-9999
2093,411.225268,411.225082405,411.224908314,1775274.8,-9999,305117.3,9.76,-1,0.423347512,0.968003284,0,0.58080197,6,0.315789474,1.684210526,N4 O6,de-protonated,0,-9999,C19 H32 O6 N4,19,32,6,4,-9999,-9999,-9999,-9999,-9999
2094,411.239341,411.2391554,411.238827045,1522861.6,-9999,239842.4,8.03,-1,0.798453457,0.890761464,0,0.534456879,5,0.318181818,1.636363636,O7,de-protonated,0,-9999,C22 H36 O7,22,36,7,-9999,-9999,-9999,-9999,-9999,-9999
2095,411.318224,411.318038371,411.317913811,4635325.5,-9999,244213.7,29.37,-1,0.302831927,0.986663087,0.990820156,0.988325915,8,0.071428571,1.5,13C2 O2,de-protonated,1,2079,C26 H42 O2 13C2,26,42,2,-9999,-9999,-9999,2,-9999,-9999
2096,412.219149,412.218963037,412.218819876,2349428.3,-9999,208396,13.7,-1,0.347294917,0.978352535,0,0.587011521,1,0.588235294,2.058823529,N1 O10,de-protonated,0,-9999,C17 H35 O10 N1,17,35,10,1,-9999,-9999,-9999,-9999,-9999
2096,412.219149,412.218963037,412.219309133,2349428.3,-9999,208396,13.7,-1,-0.839591551,0.879936341,0,0.527961804,5,0.1,1.8,N3 S1 P1 O2,de-protonated,0,-9999,C20 H36 O2 N3 P1 S1,20,36,2,3,1,1,-9999,-9999,-9999
2098,413.036433,413.036246735,413.036164053,3168280.8,-9999,227956.1,19.31,-1,0.200179936,0.992755357,0,0.595653214,10,0.8125,0.875,O13,de-protonated,0,-9999,C16 H14 O13,16,14,13,-9999,-9999,-9999,-9999,-9999,-9999
2098,413.036433,413.036246735,413.036653311,3168280.8,-9999,227956.1,19.31,-1,-0.984357669,0.838771865,0,0.503263119,14,0.263157895,0.789473684,N2 S1 P1 O5,de-protonated,0,-9999,C19 H15 O5 N2 P1 S1,19,15,5,2,1,1,-9999,-9999,-9999
2098,413.036433,413.036246735,413.036001862,3168280.8,-9999,227956.1,19.31,-1,0.592860868,0.938214844,0,0.562928906,5,0.636363636,1.727272727,N4 S2 P1 O7,de-protonated,0,-9999,C11 H19 O7 N4 P1 S2,11,19,7,4,1,2,-9999,-9999,-9999
2099,413.072798,413.072611721,413.072549563,7973920,-9999,251919.7,52.25,-1,0.150478997,0.996928723,0.966564811,0.984783159,9,0.705882353,1.058823529,O12,de-protonated,0,-9999,C17 H18 O12,17,18,12,-9999,-9999,-9999,-9999,-9999,-9999
2099,413.072798,413.072611721,413.072387371,7973920,-9999,251919.7,52.25,-1,0.543125321,0.951953806,0.926132788,0.941625399,4,0.5,1.916666667,N4 S2 P1 O6,de-protonated,0,-9999,C12 H23 O6 N4 P1 S2,12,23,6,4,1,2,-9999,-9999,-9999
2100,413.109189,413.109002708,413.108935072,7896103.5,-9999,248430.2,51.71,-1,0.163724185,0.497573983,0.837042051,0.63336121,8,0.611111111,1.222222222,O11,de-protonated,0,-9999,C18 H22 O11,18,22,11,-9999,-9999,-9999,-9999,-9999,-9999
2100,413.109189,413.109002708,413.108772881,7896103.5,-9999,248430.2,51.71,-1,0.556335931,0.472693873,0.876728111,0.634307568,3,0.384615385,2.076923077,N4 S2 P1 O5,de-protonated,0,-9999,C13 H27 O5 N4 P1 S2,13,27,5,4,1,2,-9999,-9999,-9999
2101,413.145548,413.145361694,413.145320581,3491886.8,-9999,275567.3,21.53,-1,0.099512482,0.998204775,0,0.598922865,7,0.526315789,1.368421053,O10,de-protonated,0,-9999,C19 H26 O10,19,26,10,-9999,-9999,-9999,-9999,-9999,-9999
2101,413.145548,413.145361694,413.14515839,3491886.8,-9999,275567.3,21.53,-1,0.492089626,0.9570131,0,0.57420786,2,0.285714286,2.214285714,N4 S2 P1 O4,de-protonated,0,-9999,C14 H31 O4 N4 P1 S2,14,31,4,4,1,2,-9999,-9999,-9999
2102,413.174177,413.173990684,413.174333262,1740340.4,-9999,242249.6,9.52,-1,-0.8291372,0.882726156,0,0.529635694,5,0.095238095,1.666666667,S2 P1 O2,de-protonated,0,-9999,C21 H35 O2 P1 S2,21,35,2,-9999,1,2,-9999,-9999,-9999
2103,413.204425,413.204238673,413.203976165,2734138.5,-9999,293529.7,16.33,-1,0.635298544,0.929383832,0,0.557630299,14,0.035714286,1.107142857,P1 O1,de-protonated,0,-9999,C28 H31 O1 P1,28,31,1,-9999,1,-9999,-9999,-9999,-9999
2103,413.204425,413.204238673,413.204172869,2734138.5,-9999,293529.7,16.33,-1,0.159251525,0.995408843,0,0.597245306,6,0.388888889,1.666666667,N4 O7,de-protonated,0,-9999,C18 H30 O7 N4,18,30,7,4,-9999,-9999,-9999,-9999,-9999
2104,413.254496,413.254309654,413.254477109,1499716.5,-9999,277508.9,7.87,-1,-0.405210996,0.970646301,0,0.582387781,4,0.318181818,1.727272727,O7,de-protonated,0,-9999,C22 H38 O7,22,38,7,-9999,-9999,-9999,-9999,-9999,-9999
2105,413.327562,413.327375627,413.327248128,1402963.1,-9999,280310.2,7.21,-1,0.30846986,0.982882689,0,0.589729613,2,0.208333333,1.916666667,O5,de-protonated,0,-9999,C24 H46 O5,24,46,5,-9999,-9999,-9999,-9999,-9999,-9999
2106,413.915445,413.91525841,413.914883669,1911496.5,-9999,280439,10.69,-1,0.905356855,0.861803293,0,0.517081976,12,0.692307692,0.461538462,N1 S2 P1 O9,de-protonated,0,-9999,C13 H6 O9 N1 P1 S2,13,6,9,1,1,2,-9999,-9999,-9999
2108,414.076135,414.07594835,414.075904398,1855208.5,-9999,265244.4,10.31,-1,0.106145544,0.997957728,0.966564811,0.985400562,9,0.705882353,1.058823529,13C1 O12,de-protonated,1,2099,C16 H18 O12 13C1,16,18,12,-9999,-9999,-9999,1,-9999,-9999
2108,414.076135,414.07594835,414.075681848,1855208.5,-9999,265244.4,10.31,-1,0.643608219,0.927593419,0,0.556556051,12,0.095238095,1.047619048,N1 S2 P1 O2,de-protonated,0,-9999,C21 H22 O2 N1 P1 S2,21,22,2,1,1,2,-9999,-9999,-9999
2108,414.076135,414.07594835,414.075742206,1855208.5,-9999,265244.4,10.31,-1,0.497840421,0.956025048,0.926132788,0.944068144,4,0.5,1.916666667,13C1 N4 S2 P1 O6,de-protonated,1,2099,C11 H23 O6 N4 P1 S2 13C1,11,23,6,4,1,2,1,-9999,-9999
2111,415.014404,415.014217003,415.014264095,4442530.5,-9999,257055,28.04,-1,-0.11347254700000001,0.99766639,0,0.598599834,19,0.25,0.4,N4 S1 O5,de-protonated,0,-9999,C20 H8 O5 N4 S1,20,8,5,4,-9999,1,-9999,-9999,-9999
2112,415.030922,415.030734997,415.03068475,2113958,-9999,282564.1,12.08,-1,0.121068013,0.997343956,0,0.598406374,14,0.578947368,0.631578947,O11,de-protonated,0,-9999,C19 H12 O11,19,12,11,-9999,-9999,-9999,-9999,-9999,-9999
2112,415.030922,415.030734997,415.030522558,2113958,-9999,282564.1,12.08,-1,0.5118618,0.95357232,0,0.572143392,9,0.357142857,1.214285714,N4 S2 P1 O5,de-protonated,0,-9999,C14 H17 O5 N4 P1 S2,14,17,5,4,1,2,-9999,-9999,-9999
2113,415.052069,415.051881989,415.051814118,4474282,-9999,272579.5,28.26,-1,0.163524291,0.995159779,0,0.597095867,9,0.8125,1,O13,de-protonated,0,-9999,C16 H16 O13,16,16,13,-9999,-9999,-9999,-9999,-9999,-9999
2113,415.052069,415.051881989,415.051651926,4474282,-9999,272579.5,28.26,-1,0.5542982,0.945776049,0,0.567465629,4,0.636363636,1.909090909,N4 S2 P1 O7,de-protonated,0,-9999,C11 H21 O7 N4 P1 S2,11,21,7,4,1,2,-9999,-9999,-9999
2114,415.067313,415.067125983,415.067070259,2982317,-9999,284885.6,18.03,-1,0.134253294,0.996734921,0,0.598040952,13,0.5,0.8,O10,de-protonated,0,-9999,C20 H16 O10,20,16,10,-9999,-9999,-9999,-9999,-9999,-9999
2114,415.067313,415.067125983,415.066908068,2982317,-9999,284885.6,18.03,-1,0.525012828,0.951215881,0,0.570729528,8,0.266666667,1.4,N4 S2 P1 O4,de-protonated,0,-9999,C15 H21 O4 N4 P1 S2,15,21,4,4,1,2,-9999,-9999,-9999
2115,415.088446,415.088258975,415.088199627,6536625,-9999,260153.2,42.39,-1,0.142977419,0.998105007,0.96923336,0.986556348,8,0.705882353,1.176470588,O12,de-protonated,0,-9999,C17 H20 O12,17,20,12,-9999,-9999,-9999,-9999,-9999,-9999
2115,415.088446,415.088258975,415.088037436,6536625,-9999,260153.2,42.39,-1,0.533717066,0.949626654,0,0.569775993,3,0.5,2.083333333,N4 S2 P1 O6,de-protonated,0,-9999,C12 H25 O6 N4 P1 S2,12,25,6,4,1,2,-9999,-9999,-9999
2116,415.10384,415.10365297,415.103455768,1566132.3,-9999,323028,8.32,-1,0.475065309,0.959876529,0,0.575925917,12,0.428571429,0.952380952,O9,de-protonated,0,-9999,C21 H20 O9,21,20,9,-9999,-9999,-9999,-9999,-9999,-9999
2116,415.10384,415.10365297,415.103945026,1566132.3,-9999,323028,8.32,-1,-0.703573411,0.914095781,0,0.548457468,16,0.041666667,0.875,N2 S1 P1 O1,de-protonated,0,-9999,C24 H21 O1 N2 P1 S1,24,21,1,2,1,1,-9999,-9999,-9999
2116,415.10384,415.10365297,415.103293577,1566132.3,-9999,323028,8.32,-1,0.865790725,0.872831486,0,0.523698892,7,0.1875,1.5625,N4 S2 P1 O3,de-protonated,0,-9999,C16 H25 O3 N4 P1 S2,16,25,3,4,1,2,-9999,-9999,-9999
2117,415.124854,415.124666962,415.124585136,5162424.5,-9999,248553.3,32.97,-1,0.197110498,0.992975047,0,0.595785028,7,0.611111111,1.333333333,O11,de-protonated,0,-9999,C18 H24 O11,18,24,11,-9999,-9999,-9999,-9999,-9999,-9999
2117,415.124854,415.124666962,415.125074394,5162424.5,-9999,248553.3,32.97,-1,-0.981467903,0.419818445,0.81490939,0.577854823,11,0.142857143,1.19047619,N2 S1 P1 O3,de-protonated,0,-9999,C21 H25 O3 N2 P1 S1,21,25,3,2,1,1,-9999,-9999,-9999
2117,415.124854,415.124666962,415.124422945,5162424.5,-9999,248553.3,32.97,-1,0.587815918,0.939229406,0,0.563537644,2,0.384615385,2.230769231,N4 S2 P1 O5,de-protonated,0,-9999,C13 H29 O5 N4 P1 S2,13,29,5,4,1,2,-9999,-9999,-9999
2118,415.153025,415.152837951,415.152728437,1547710,-9999,319359.4,8.2,-1,0.263792382,0.987453014,0,0.592471808,6,0.421052632,1.526315789,P1 O8,de-protonated,0,-9999,C19 H29 O8 P1,19,29,8,-9999,1,-9999,-9999,-9999,-9999
2119,415.161319,415.161131948,415.160970646,1425855.6,-9999,277194.6,7.36,-1,0.388530181,0.97298101,0,0.583788606,6,0.526315789,1.473684211,O10,de-protonated,0,-9999,C19 H28 O10,19,28,10,-9999,-9999,-9999,-9999,-9999,-9999
2119,415.161319,415.161131948,415.161459903,1425855.6,-9999,277194.6,7.36,-1,-0.789945153,0.892948472,0,0.535769083,10,0.090909091,1.318181818,N2 S1 P1 O2,de-protonated,0,-9999,C22 H29 O2 N2 P1 S1,22,29,2,2,1,1,-9999,-9999,-9999
2119,415.161319,415.161131948,415.160808454,1425855.6,-9999,277194.6,7.36,-1,0.779201434,0.895684137,0,0.537410482,1,0.285714286,2.357142857,N4 S2 P1 O4,de-protonated,0,-9999,C14 H33 O4 N4 P1 S2,14,33,4,4,1,2,-9999,-9999,-9999
2120,415.189552,415.189364938,415.189113947,1612741.3,-9999,328031.8,8.64,-1,0.604522732,0.935840698,0,0.561504419,5,0.35,1.65,P1 O7,de-protonated,0,-9999,C20 H33 O7 P1,20,33,7,-9999,1,-9999,-9999,-9999,-9999
2121,415.220081,415.219893927,415.219626229,5883339,-9999,247541.4,37.92,-1,0.644712728,0.463676975,0.767553728,0.585227676,13,0.035714286,1.178571429,P1 O1,de-protonated,0,-9999,C28 H33 O1 P1,28,33,1,-9999,1,-9999,-9999,-9999,-9999
2121,415.220081,415.219893927,415.219822934,5883339,-9999,247541.4,37.92,-1,0.170976634,0.497354876,0.837042051,0.633229746,5,0.388888889,1.777777778,N4 O7,de-protonated,0,-9999,C18 H32 O7 N4,18,32,7,4,-9999,-9999,-9999,-9999,-9999
2122,415.226032,415.225844924,415.225499456,1671628.4,-9999,285896.7,9.05,-1,0.832001902,0.881964292,0,0.529178575,4,0.285714286,1.761904762,P1 O6,de-protonated,0,-9999,C21 H37 O6 P1,21,37,6,-9999,1,-9999,-9999,-9999,-9999
2123,415.249226,415.249038916,415.248997806,4956625,-9999,263963.9,31.56,-1,0.099000939,0.499111584,0.787157861,0.614330095,8,0.2,1.44,O5,de-protonated,0,-9999,C25 H36 O5,25,36,5,-9999,-9999,-9999,-9999,-9999,-9999
2125,416.074909,416.07472161,416.075073449,1788531.4,-9999,294988.4,9.85,-1,-0.845613878,0.878317432,0,0.526990459,21,0.074074074,0.555555556,N1 S1 O2,de-protonated,0,-9999,C27 H15 O2 N1 S1,27,15,2,1,-9999,1,-9999,-9999,-9999
2125,416.074909,416.07472161,416.074422,1788531.4,-9999,294988.4,9.85,-1,0.7200871,0.910204701,0,0.546122821,12,0.210526316,1,N3 S2 O4,de-protonated,0,-9999,C19 H19 O4 N3 S2,19,19,4,3,-9999,2,-9999,-9999,-9999
2126,416.091751,416.091563604,416.091554462,1494390.8,-9999,258596.1,7.83,-1,0.021970694,0.999912416,0.96923336,0.987640794,8,0.705882353,1.176470588,13C1 O12,de-protonated,1,2115,C16 H20 O12 13C1,16,20,12,-9999,-9999,-9999,1,-9999,-9999
2126,416.091751,416.091563604,416.091331912,1494390.8,-9999,258596.1,7.83,-1,0.556829721,0.94529346,0,0.567176076,11,0.095238095,1.142857143,N1 S2 P1 O2,de-protonated,0,-9999,C21 H24 O2 N1 P1 S2,21,24,2,1,1,2,-9999,-9999,-9999
2127,416.110096,416.109908597,416.10993813,1417082.3,-9999,268743.4,7.3,-1,-0.070973262,0.999086424,0,0.599451854,12,0.421052632,1,N3 O8,de-protonated,0,-9999,C19 H19 O8 N3,19,19,8,3,-9999,-9999,-9999,-9999,-9999
2128,416.157218,416.15703058,416.157088998,1851267.5,-9999,228688,10.28,-1,-0.140375143,0.996430905,0,0.597858543,5,0.263157895,1.631578947,N1 S2 O5,de-protonated,0,-9999,C19 H31 O5 N1 S2,19,31,5,1,-9999,2,-9999,-9999,-9999
2128,416.157218,416.15703058,416.156708875,1851267.5,-9999,228688,10.28,-1,0.7730367,0.89724067,0,0.538344402,10,0.095238095,1.333333333,N3 S1 P1 O2,de-protonated,0,-9999,C21 H28 O2 N3 P1 S1,21,28,2,3,1,1,-9999,-9999,-9999
2131,417.011519,417.011331264,417.011286715,1509674.5,-9999,315095.5,7.93,-1,0.10682742,0.997931432,0,0.598758859,19,0.421052632,0.315789474,N4 O8,de-protonated,0,-9999,C19 H6 O8 N4,19,6,8,4,-9999,-9999,-9999,-9999,-9999
2132,417.046545,417.046357251,417.046334814,3388209.3,-9999,291905.8,20.81,-1,0.053798449,0.999474976,0,0.599684985,13,0.578947368,0.736842105,O11,de-protonated,0,-9999,C19 H14 O11,19,14,11,-9999,-9999,-9999,-9999,-9999,-9999
2132,417.046545,417.046357251,417.046172623,3388209.3,-9999,291905.8,20.81,-1,0.442703442,0.965063416,0,0.57903805,8,0.357142857,1.357142857,N4 S2 P1 O5,de-protonated,0,-9999,C14 H19 O5 N4 P1 S2,14,19,5,4,1,2,-9999,-9999,-9999
2133,417.06778,417.067592243,417.067464182,3360565.5,-9999,251097.4,20.62,-1,0.307049908,0.983038575,0,0.589823145,8,0.8125,1.125,O13,de-protonated,0,-9999,C16 H18 O13,16,18,13,-9999,-9999,-9999,-9999,-9999,-9999
2133,417.06778,417.067592243,417.06795344,3360565.5,-9999,251097.4,20.62,-1,-0.866038305,0.872763583,0,0.52365815,12,0.263157895,1,N2 S1 P1 O5,de-protonated,0,-9999,C19 H19 O5 N2 P1 S1,19,19,5,2,1,1,-9999,-9999,-9999
2133,417.06778,417.067592243,417.067301991,3360565.5,-9999,251097.4,20.62,-1,0.695935296,0.915870495,0,0.549522297,3,0.636363636,2.090909091,N4 S2 P1 O7,de-protonated,0,-9999,C11 H23 O7 N4 P1 S2,11,23,7,4,1,2,-9999,-9999,-9999
2134,417.08286,417.082672237,417.082720324,3138360.3,-9999,267319.1,19.1,-1,-0.115292106,0.997591041,0,0.598554625,12,0.5,0.9,O10,de-protonated,0,-9999,C20 H18 O10,20,18,10,-9999,-9999,-9999,-9999,-9999,-9999
2134,417.08286,417.082672237,417.082558132,3138360.3,-9999,267319.1,19.1,-1,0.273578894,0.986511199,0,0.591906719,7,0.266666667,1.533333333,N4 S2 P1 O4,de-protonated,0,-9999,C15 H23 O4 N4 P1 S2,15,23,4,4,1,2,-9999,-9999,-9999
2135,417.104095,417.103907229,417.103849692,3176252.5,-9999,282916.1,19.36,-1,0.137945826,0.996553158,0,0.597931895,7,0.705882353,1.294117647,O12,de-protonated,0,-9999,C17 H22 O12,17,22,12,-9999,-9999,-9999,-9999,-9999,-9999
2135,417.104095,417.103907229,417.1036875,3176252.5,-9999,282916.1,19.36,-1,0.526797225,0.950891998,0,0.570535199,2,0.5,2.25,N4 S2 P1 O6,de-protonated,0,-9999,C12 H27 O6 N4 P1 S2,12,27,6,4,1,2,-9999,-9999,-9999
2136,417.11931,417.119122224,417.119105833,2049343.5,-9999,296131.7,11.63,-1,0.039295284,0.999719861,0,0.599831916,11,0.428571429,1.047619048,O9,de-protonated,0,-9999,C21 H22 O9,21,22,9,-9999,-9999,-9999,-9999,-9999,-9999
2136,417.11931,417.119122224,417.118943642,2049343.5,-9999,296131.7,11.63,-1,0.428132422,0.967287935,0,0.580372761,6,0.1875,1.6875,N4 S2 P1 O3,de-protonated,0,-9999,C16 H27 O3 N4 P1 S2,16,27,3,4,1,2,-9999,-9999,-9999
2137,417.140282,417.140094216,417.140235201,1724739.5,-9999,257182.6,9.41,-1,-0.337979884,0.979486371,0,0.587691822,6,0.611111111,1.444444444,O11,de-protonated,0,-9999,C18 H26 O11,18,26,11,-9999,-9999,-9999,-9999,-9999,-9999
2137,417.140282,417.140094216,417.14007301,1724739.5,-9999,257182.6,9.41,-1,0.050837412,0.999531166,0,0.5997187,1,0.384615385,2.384615385,N4 S2 P1 O5,de-protonated,0,-9999,C13 H31 O5 N4 P1 S2,13,31,5,4,1,2,-9999,-9999,-9999
2139,417.163138,417.162950207,417.16270198,1515848,-9999,254567.5,7.98,-1,0.5950387,0.937774534,0,0.56266472,6,0.5625,1.625,N4 O9,de-protonated,0,-9999,C16 H26 O9 N4,16,26,9,4,-9999,-9999,-9999,-9999,-9999
2140,417.168814,417.168626205,417.168378502,3102537,-9999,257608.1,18.85,-1,0.593773603,0.93803048,0,0.562818288,5,0.421052632,1.631578947,P1 O8,de-protonated,0,-9999,C19 H31 O8 P1,19,31,8,-9999,1,-9999,-9999,-9999,-9999
2141,417.199432,417.199244194,417.198890784,3518287,-9999,262305.9,21.7,-1,0.847101146,0.438958154,0.773979033,0.572966505,13,0.074074074,1.148148148,P1 O2,de-protonated,0,-9999,C27 H31 O2 P1,27,31,2,-9999,1,-9999,-9999,-9999,-9999
2141,417.199432,417.199244194,417.199087489,3518287,-9999,262305.9,21.7,-1,0.375612443,0.974725258,0,0.584835155,5,0.470588235,1.764705882,N4 O8,de-protonated,0,-9999,C17 H30 O8 N4,17,30,8,4,-9999,-9999,-9999,-9999,-9999
2142,417.205145,417.204957192,417.204764011,2366288.3,-9999,291108.6,13.81,-1,0.463035877,0.961844002,0,0.577106401,4,0.35,1.75,P1 O7,de-protonated,0,-9999,C20 H35 O7 P1,20,35,7,-9999,1,-9999,-9999,-9999,-9999
2143,417.228511,417.228323183,417.228262361,1673556.8,-9999,269360.9,9.06,-1,0.145777147,0.996151463,0,0.597690878,8,0.25,1.416666667,O6,de-protonated,0,-9999,C24 H34 O6,24,34,6,-9999,-9999,-9999,-9999,-9999,-9999
2144,417.314392,417.314204151,417.313920539,1439333.4,-9999,242852.2,7.45,-1,0.679613775,0.9196091,0,0.55176546,1,0.173913043,2.043478261,P1 O4,de-protonated,0,-9999,C23 H47 O4 P1,23,47,4,-9999,1,-9999,-9999,-9999,-9999
2147,417.960496,417.960307912,417.960570559,2203618.8,-9999,287599.7,12.69,-1,-0.628401001,0.930854892,0,0.558512935,15,0.6875,0.375,N1 P1 O11,de-protonated,0,-9999,C16 H6 O11 N1 P1,16,6,11,1,1,-9999,-9999,-9999,-9999
2148,418.07174,418.071551871,418.07144462,1946104.3,-9999,295806.5,10.92,-1,0.25653724,0.988129631,0,0.592877779,12,0.388888889,0.944444444,N3 S1 O7,de-protonated,0,-9999,C18 H17 O7 N3 S1,18,17,7,3,-9999,1,-9999,-9999,-9999
2151,418.954193,418.954004545,418.95369773,19927202,-9999,248732.9,134.17,-1,0.73233414,0.302423892,0.785329736,0.495586229,14,0.529411765,0.470588235,S2 O9,de-protonated,0,-9999,C17 H8 O9 S2,17,8,9,-9999,-9999,2,-9999,-9999,-9999
2152,419.025835,419.025646518,419.025599369,2601648.3,-9999,278409.9,15.42,-1,0.112519973,0.997705361,0,0.598623217,13,0.666666667,0.666666667,O12,de-protonated,0,-9999,C18 H12 O12,18,12,12,-9999,-9999,-9999,-9999,-9999,-9999
2152,419.025835,419.025646518,419.025437178,2601648.3,-9999,278409.9,15.42,-1,0.499587998,0.955722724,0,0.573433635,8,0.461538462,1.307692308,N4 S2 P1 O6,de-protonated,0,-9999,C13 H17 O6 N4 P1 S2,13,17,6,4,1,2,-9999,-9999,-9999
2153,419.062345,419.062156505,419.061984879,4517047,-9999,242194.1,28.55,-1,0.409547733,0.97002419,0,0.582014514,12,0.578947368,0.842105263,O11,de-protonated,0,-9999,C19 H16 O11,19,16,11,-9999,-9999,-9999,-9999,-9999,-9999
2153,419.062345,419.062156505,419.062474136,4517047,-9999,242194.1,28.55,-1,-0.757957306,0.450503551,0.807789663,0.593417996,16,0.136363636,0.772727273,N2 S1 P1 O3,de-protonated,0,-9999,C22 H17 O3 N2 P1 S1,22,17,3,2,1,1,-9999,-9999,-9999
2153,419.062345,419.062156505,419.061822687,4517047,-9999,242194.1,28.55,-1,0.796582265,0.891243991,0,0.534746395,7,0.357142857,1.5,N4 S2 P1 O5,de-protonated,0,-9999,C14 H21 O5 N4 P1 S2,14,21,5,4,1,2,-9999,-9999,-9999
2154,419.0836,419.083411497,419.083114247,1541307.4,-9999,271380.8,8.15,-1,0.709286413,0.912757981,0,0.547654789,7,0.8125,1.25,O13,de-protonated,0,-9999,C16 H20 O13,16,20,13,-9999,-9999,-9999,-9999,-9999,-9999
2154,419.0836,419.083411497,419.083603504,1541307.4,-9999,271380.8,8.15,-1,-0.458160113,0.962628208,0,0.577576925,11,0.263157895,1.105263158,N2 S1 P1 O5,de-protonated,0,-9999,C19 H21 O5 N2 P1 S1,19,21,5,2,1,1,-9999,-9999,-9999
2155,419.098576,419.098387491,419.098370388,3688638.3,-9999,259550.2,22.87,-1,0.040809335,0.999697861,0,0.599818716,11,0.5,1,O10,de-protonated,0,-9999,C20 H20 O10,20,20,10,-9999,-9999,-9999,-9999,-9999,-9999
2155,419.098576,419.098387491,419.098208197,3688638.3,-9999,259550.2,22.87,-1,0.427810123,0.967336355,0,0.580401813,6,0.266666667,1.666666667,N4 S2 P1 O4,de-protonated,0,-9999,C15 H25 O4 N4 P1 S2,15,25,4,4,1,2,-9999,-9999,-9999
2156,419.135085,419.134896478,419.134755897,2586821.3,-9999,286582.7,15.31,-1,0.335405883,0.979794472,0,0.587876683,10,0.428571429,1.142857143,O9,de-protonated,0,-9999,C21 H24 O9,21,24,9,-9999,-9999,-9999,-9999,-9999,-9999
2156,419.135085,419.134896478,419.135245155,2586821.3,-9999,286582.7,15.31,-1,-0.831896365,0.881992394,0,0.529195436,14,0.041666667,1.041666667,N2 S1 P1 O1,de-protonated,0,-9999,C24 H25 O1 N2 P1 S1,24,25,1,2,1,1,-9999,-9999,-9999
2156,419.135085,419.134896478,419.134593706,2586821.3,-9999,286582.7,15.31,-1,0.722373189,0.909660249,0,0.545796149,5,0.1875,1.8125,N4 S2 P1 O3,de-protonated,0,-9999,C16 H29 O3 N4 P1 S2,16,29,3,4,1,2,-9999,-9999,-9999
2157,419.151641,419.151452471,419.151349449,2052296.4,-9999,284653.9,11.65,-1,0.245787889,0.989098239,0,0.593458943,19,0.076923077,0.769230769,N4 O2,de-protonated,0,-9999,C26 H20 O2 N4,26,20,2,4,-9999,-9999,-9999,-9999,-9999
2158,419.184474,419.184285459,419.184028566,6014158.5,-9999,231744.7,38.81,-1,0.61284077,0.467061399,0.829532115,0.612049685,4,0.421052632,1.736842105,P1 O8,de-protonated,0,-9999,C19 H33 O8 P1,19,33,8,-9999,1,-9999,-9999,-9999,-9999
2159,419.220793,419.220604446,419.220414076,2488533.8,-9999,264274.2,14.64,-1,0.454105439,0.96327451,0,0.577964706,3,0.35,1.85,P1 O7,de-protonated,0,-9999,C20 H37 O7 P1,20,37,7,-9999,1,-9999,-9999,-9999,-9999
2160,419.329967,419.329778405,419.329570604,3323114.5,-9999,252084.6,20.36,-1,0.495557258,0.956418574,0,0.573851144,0,0.173913043,2.130434783,P1 O4,de-protonated,0,-9999,C23 H49 O4 P1,23,49,4,-9999,1,-9999,-9999,-9999,-9999
2162,420.252427,420.252238064,420.252048557,1413275,-9999,245370.4,7.23,-1,0.450936257,0.963775965,0,0.578265579,2,0.3,2,N1 P1 O6,de-protonated,0,-9999,C20 H40 O6 N1 P1,20,40,6,1,1,-9999,-9999,-9999,-9999
2164,420.950885,420.950695806,420.95072035,1495072,-9999,366364.3,7.78,-1,-0.058307969,0.999383297,0,0.599629978,14,0.75,0.375,S1 O12,de-protonated,0,-9999,C16 H6 O12 S1,16,6,12,-9999,-9999,1,-9999,-9999,-9999
2165,421.041536,421.041346772,421.041249434,4485681,-9999,253668,28.17,-1,0.231184536,0.990349113,0,0.594209468,12,0.666666667,0.777777778,O12,de-protonated,0,-9999,C18 H14 O12,18,14,12,-9999,-9999,-9999,-9999,-9999,-9999
2165,421.041536,421.041346772,421.041738691,4485681,-9999,253668,28.17,-1,-0.930832001,0.854519557,0,0.512711734,16,0.19047619,0.714285714,N2 S1 P1 O4,de-protonated,0,-9999,C21 H15 O4 N2 P1 S1,21,15,4,2,1,1,-9999,-9999,-9999
2165,421.041536,421.041346772,421.041087242,4485681,-9999,253668,28.17,-1,0.616399596,0.933381609,0,0.560028965,7,0.461538462,1.461538462,N4 S2 P1 O6,de-protonated,0,-9999,C13 H19 O6 N4 P1 S2,13,19,6,4,1,2,-9999,-9999,-9999
2166,421.077845,421.077655759,421.077634943,6171192,-9999,241898.9,39.65,-1,0.049433727,0.499778347,0.829532115,0.631679854,11,0.578947368,0.947368421,O11,de-protonated,0,-9999,C19 H18 O11,19,18,11,-9999,-9999,-9999,-9999,-9999,-9999
2166,421.077845,421.077655759,421.077472752,6171192,-9999,241898.9,39.65,-1,0.43461543,0.966306752,0,0.579784051,6,0.357142857,1.642857143,N4 S2 P1 O5,de-protonated,0,-9999,C14 H23 O5 N4 P1 S2,14,23,5,4,1,2,-9999,-9999,-9999
2167,421.114251,421.114061745,421.114020452,4618815,-9999,257365.9,29.07,-1,0.098055658,0.998256908,0,0.598954145,10,0.5,1.1,O10,de-protonated,0,-9999,C20 H22 O10,20,22,10,-9999,-9999,-9999,-9999,-9999,-9999
2167,421.114251,421.114061745,421.113858261,4618815,-9999,257365.9,29.07,-1,0.483204098,0.958519124,0,0.575111475,5,0.266666667,1.8,N4 S2 P1 O4,de-protonated,0,-9999,C15 H27 O4 N4 P1 S2,15,27,4,4,1,2,-9999,-9999,-9999
2168,421.142625,421.142435735,421.142163753,13136452,-9999,245313.3,87.12,-1,0.645818143,0.948245348,0.99834707600000006,0.968286039,9,0.333333333,1.285714286,P1 O7,de-protonated,0,-9999,C21 H27 O7 P1,21,27,7,-9999,1,-9999,-9999,-9999,-9999
2169,421.150826,421.150636732,421.150405962,2928198,-9999,283296.9,17.55,-1,0.547950855,0.946977455,0,0.568186473,9,0.428571429,1.238095238,O9,de-protonated,0,-9999,C21 H26 O9,21,26,9,-9999,-9999,-9999,-9999,-9999,-9999
2169,421.150826,421.150636732,421.150895219,2928198,-9999,283296.9,17.55,-1,-0.613764872,0.933930693,0,0.560358416,13,0.041666667,1.125,N2 S1 P1 O1,de-protonated,0,-9999,C24 H27 O1 N2 P1 S1,24,27,1,2,1,1,-9999,-9999,-9999
2169,421.150826,421.150636732,421.15024377,2928198,-9999,283296.9,17.55,-1,0.933066193,0.853874118,0,0.512324471,4,0.1875,1.9375,N4 S2 P1 O3,de-protonated,0,-9999,C16 H31 O3 N4 P1 S2,16,31,3,4,1,2,-9999,-9999,-9999
2170,421.155502,421.15531273,421.155114676,49979976,-9999,244971.9,338.21,-1,0.470264155,0.641545635,0.964213641,0.770612837,9,0.263157895,1.368421053,N4 S1 O5,de-protonated,0,-9999,C19 H26 O5 N4 S1,19,26,5,4,-9999,1,-9999,-9999,-9999
2172,421.2002,421.200010713,421.199678631,2570319.3,-9999,212684.9,15.11,-1,0.788420664,0.893338421,0,0.536003052,3,0.421052632,1.842105263,P1 O8,de-protonated,0,-9999,C19 H35 O8 P1,19,35,8,-9999,1,-9999,-9999,-9999,-9999
2173,421.215429,421.215239708,421.214934772,2544210.3,-9999,273417.5,14.93,-1,0.723943,0.909285574,0,0.545571344,7,0.217391304,1.52173913,P1 O5,de-protonated,0,-9999,C23 H35 O5 P1,23,35,5,-9999,1,-9999,-9999,-9999,-9999
2174,421.226834,421.226644703,421.226548284,37921364,-9999,244883.3,256.03,-1,0.228901936,0.993730197,0.986707929,0.99092129,2,0.35,1.9,S1 O7,de-protonated,0,-9999,C20 H38 O7 S1,20,38,7,-9999,-9999,1,-9999,-9999,-9999
2175,422.145883,422.145693363,422.145518588,3016450,-9999,291932.9,18.15,-1,0.414015643,0.96937676,0.99834707600000006,0.980964886,9,0.333333333,1.285714286,13C1 P1 O7,de-protonated,1,2168,C20 H27 O7 P1 13C1,20,27,7,-9999,1,-9999,1,-9999,-9999
2175,422.145883,422.145693363,422.145654934,3016450,-9999,291932.9,18.15,-1,0.091033102,0.99849746,0,0.599098476,9,0.45,1.25,N1 O9,de-protonated,0,-9999,C20 H25 O9 N1,20,25,9,1,-9999,-9999,-9999,-9999,-9999
2176,422.158849,422.158659358,422.158409152,10242821,-9999,245138.8,67.4,-1,0.59268413,0.469125257,0.767553728,0.588496646,17,0.035714286,0.892857143,N1 S1 O1,de-protonated,0,-9999,C28 H25 O1 N1 S1,28,25,1,1,-9999,1,-9999,-9999,-9999
2176,422.158849,422.158659358,422.158542094,10242821,-9999,245138.8,67.4,-1,0.277774456,0.493048607,0.844689208,0.633704847,4,0.529411765,1.764705882,N1 P1 O9,de-protonated,0,-9999,C17 H30 O9 N1 P1,17,30,9,1,1,-9999,-9999,-9999,-9999
2176,422.158849,422.158659358,422.158469511,10242821,-9999,245138.8,67.4,-1,0.449707238,0.642646371,0.964213641,0.771273279,9,0.263157895,1.368421053,13C1 N4 S1 O5,de-protonated,1,2170,C18 H26 O5 N4 S1 13C1,18,26,5,4,-9999,1,1,-9999,-9999
2177,422.193412,422.193222346,422.193273833,3631883,-9999,268908.4,22.35,-1,-0.121951264,0.997305113,0,0.598383068,8,0.35,1.45,N3 O7,de-protonated,0,-9999,C20 H29 O7 N3,20,29,7,3,-9999,-9999,-9999,-9999,-9999
2178,422.230185,422.229995332,422.229903119,8925970,-9999,246188.6,58.42,-1,0.21839556,0.994011865,0.986707929,0.991090291,2,0.35,1.9,13C1 S1 O7,de-protonated,1,2174,C19 H38 O7 S1 13C1,19,38,7,-9999,-9999,1,1,-9999,-9999
2178,422.230185,422.229995332,422.229659342,8925970,-9999,246188.6,58.42,-1,0.795751858,0.445728925,0.81490939,0.593401111,7,0.285714286,1.571428571,N3 O6,de-protonated,0,-9999,C21 H33 O6 N3,21,33,6,3,-9999,-9999,-9999,-9999,-9999
2179,423.057192,423.057002026,423.056899498,7138221.5,-9999,239021.3,46.24,-1,0.242349715,0.992211121,0.990659327,0.991590403,11,0.666666667,0.888888889,O12,de-protonated,0,-9999,C18 H16 O12,18,16,12,-9999,-9999,-9999,-9999,-9999,-9999
2179,423.057192,423.057002026,423.057388756,7138221.5,-9999,239021.3,46.24,-1,-0.914130425,0.848507672,0.987208013,0.903987808,15,0.19047619,0.80952381,N2 S1 P1 O4,de-protonated,0,-9999,C21 H17 O4 N2 P1 S1,21,17,4,2,1,1,-9999,-9999,-9999
2179,423.057192,423.057002026,423.056737307,7138221.5,-9999,239021.3,46.24,-1,0.625729426,0.931420973,0,0.558852584,6,0.461538462,1.615384615,N4 S2 P1 O6,de-protonated,0,-9999,C13 H21 O6 N4 P1 S2,13,21,6,4,1,2,-9999,-9999,-9999
2180,423.093507,423.093317012,423.093285008,6894516.5,-9999,255151.5,44.58,-1,0.075645086,0.499481128,0.829532115,0.631501523,10,0.578947368,1.052631579,O11,de-protonated,0,-9999,C19 H20 O11,19,20,11,-9999,-9999,-9999,-9999,-9999,-9999
2180,423.093507,423.093317012,423.093122816,6894516.5,-9999,255151.5,44.58,-1,0.458991762,0.481247495,0.86849267,0.636145565,5,0.357142857,1.785714286,N4 S2 P1 O5,de-protonated,0,-9999,C14 H25 O5 N4 P1 S2,14,25,5,4,1,2,-9999,-9999,-9999
2181,423.129944,423.129753999,423.129670517,5564347,-9999,256818.3,35.51,-1,0.19729671,0.496480907,0.822155738,0.62675084,9,0.5,1.2,O10,de-protonated,0,-9999,C20 H24 O10,20,24,10,-9999,-9999,-9999,-9999,-9999,-9999
2181,423.129944,423.129753999,423.130159774,5564347,-9999,256818.3,35.51,-1,-0.958984485,0.42315502,0.800793265,0.574210318,13,0.086956522,1.086956522,N2 S1 P1 O2,de-protonated,0,-9999,C23 H25 O2 N2 P1 S1,23,25,2,2,1,1,-9999,-9999,-9999
2181,423.129944,423.129753999,423.129508326,5564347,-9999,256818.3,35.51,-1,0.580610468,0.940665291,0,0.564399175,4,0.266666667,1.933333333,N4 S2 P1 O4,de-protonated,0,-9999,C15 H29 O4 N4 P1 S2,15,29,4,4,1,2,-9999,-9999,-9999
2182,423.139898,423.139707995,423.140055753,3009469,-9999,247083.2,18.1,-1,-0.821850136,0.884655236,0,0.530793142,8,0.238095238,1.380952381,S1 P1 O5,de-protonated,0,-9999,C21 H29 O5 P1 S1,21,29,5,-9999,1,1,-9999,-9999,-9999
2183,423.143282,423.143091994,423.143427056,1491133.6,-9999,225040.8,7.75,-1,-0.79184093,0.89246274,0,0.535477644,3,0.277777778,1.833333333,S2 P1 O5,de-protonated,0,-9999,C18 H33 O5 P1 S2,18,33,5,-9999,1,2,-9999,-9999,-9999
2184,423.152566,423.152375991,423.152137295,16708543,-9999,244584.3,111.46,-1,0.564088227,0.948656288,0.990159373,0.965257522,9,0.444444444,1.333333333,N4 O8,de-protonated,0,-9999,C18 H24 O8 N4,18,24,8,4,-9999,-9999,-9999,-9999,-9999
2185,423.166433,423.166242985,423.166056026,2044354,-9999,303645.2,11.53,-1,0.44181057,0.96520172,0,0.579121032,8,0.428571429,1.333333333,O9,de-protonated,0,-9999,C21 H28 O9,21,28,9,-9999,-9999,-9999,-9999,-9999,-9999
2185,423.166433,423.166242985,423.166545284,2044354,-9999,303645.2,11.53,-1,-0.714371486,0.911559787,0,0.546935872,12,0.041666667,1.208333333,N2 S1 P1 O1,de-protonated,0,-9999,C24 H29 O1 N2 P1 S1,24,29,1,2,1,1,-9999,-9999,-9999
2185,423.166433,423.166242985,423.165893835,2044354,-9999,303645.2,11.53,-1,0.825091463,0.883798754,0,0.530279252,3,0.1875,2.0625,N4 S2 P1 O3,de-protonated,0,-9999,C16 H33 O3 N4 P1 S2,16,33,3,4,1,2,-9999,-9999,-9999
2186,423.179218,423.179027981,423.178810244,1527236.4,-9999,298292,8,-1,0.514526387,0.953099233,0,0.57185954,16,0.034482759,0.965517241,S1 O1,de-protonated,0,-9999,C29 H28 O1 S1,29,28,1,-9999,-9999,1,-9999,-9999,-9999
2186,423.179218,423.179027981,423.178943186,1527236.4,-9999,298292,8,-1,0.200376072,0.992741205,0,0.595644723,3,0.5,1.833333333,P1 O9,de-protonated,0,-9999,C18 H33 O9 P1,18,33,9,-9999,1,-9999,-9999,-9999,-9999
2187,423.197159,423.196968974,423.196568309,1688519.8,-9999,271825.6,9.1,-1,0.946759293,0.849895309,0,0.509937185,16,0.103448276,0.965517241,O3,de-protonated,0,-9999,C29 H28 O3,29,28,3,-9999,-9999,-9999,-9999,-9999,-9999
2188,423.203041,423.202850972,423.202441536,1501640.9,-9999,334573.6,7.83,-1,0.967471585,0.84380302,0,0.506281812,7,0.363636364,1.454545455,O8,de-protonated,0,-9999,C22 H32 O8,22,32,8,-9999,-9999,-9999,-9999,-9999,-9999
2189,423.222561,423.222370965,423.222344113,1788876.5,-9999,273659.5,9.78,-1,0.063444906,0.996640877,0.986707929,0.992667698,2,0.35,1.9,34S1 O7,de-protonated,1,2174,C20 H38 O7 34S1,20,38,7,-9999,-9999,-9999,-9999,-9999,1
2189,423.222561,423.222370965,423.222406391,1788876.5,-9999,273659.5,9.78,-1,-0.083705441,0.998729469,0,0.599237682,11,0.041666667,1.333333333,N4 S1 O1,de-protonated,0,-9999,C24 H32 O1 N4 S1,24,32,1,4,-9999,1,-9999,-9999,-9999
2190,423.239105,423.238914959,423.238827045,2604495.5,-9999,248256,15.34,-1,0.207716383,0.992201763,0,0.595321058,6,0.304347826,1.565217391,O7,de-protonated,0,-9999,C23 H36 O7,23,36,7,-9999,-9999,-9999,-9999,-9999,-9999
2190,423.239105,423.238914959,423.238664854,2604495.5,-9999,248256,15.34,-1,0.590931286,0.938603786,0,0.563162271,1,0.055555556,2.277777778,N4 S2 P1 O1,de-protonated,0,-9999,C18 H41 O1 N4 P1 S2,18,41,1,4,1,2,-9999,-9999,-9999
2191,423.316896,423.31670593,423.316306777,3034078.3,-9999,253858.9,18.27,-1,0.942917387,0.851015622,0,0.510609373,4,0.043478261,1.913043478,N4 S1 O1,de-protonated,0,-9999,C23 H44 O1 N4 S1,23,44,1,4,-9999,1,-9999,-9999,-9999
2192,424.060515,424.060324655,424.060254333,1485929.3,-9999,318209.6,7.72,-1,0.165828541,0.995022751,0.990659327,0.993277382,11,0.666666667,0.888888889,13C1 O12,de-protonated,1,2179,C17 H16 O12 13C1,17,16,12,-9999,-9999,-9999,1,-9999,-9999
2192,424.060515,424.060324655,424.060031783,1485929.3,-9999,318209.6,7.72,-1,0.690636871,0.917092201,0,0.550255321,14,0.090909091,0.909090909,N1 S2 P1 O2,de-protonated,0,-9999,C22 H20 O2 N1 P1 S2,22,20,2,1,1,2,-9999,-9999,-9999
2192,424.060515,424.060324655,424.060743591,1485929.3,-9999,318209.6,7.72,-1,-0.987915206,0.837704685,0.987208013,0.897506016,15,0.19047619,0.80952381,13C1 N2 S1 P1 O4,de-protonated,1,2179,C20 H17 O4 N2 P1 S1 13C1,20,17,4,2,1,1,1,-9999,-9999
2193,424.1559,424.155709619,424.155431772,3020923,-9999,259864,18.18,-1,0.655060759,0.9250935,0,0.5550561,17,0.148148148,0.851851852,N1 O4,de-protonated,0,-9999,C27 H23 O4 N1,27,23,4,1,-9999,-9999,-9999,-9999,-9999
2193,424.1559,424.155709619,424.155492131,3020923,-9999,259864,18.18,-1,0.512757026,0.953413624,0.990159373,0.968111924,9,0.444444444,1.333333333,13C1 N4 O8,de-protonated,1,2184,C17 H24 O8 N4 13C1,17,24,8,4,-9999,-9999,1,-9999,-9999
2194,424.183654,424.183463609,424.183575073,1525376.1,-9999,287244.7,7.99,-1,-0.26277197,0.98754929,0,0.592529574,16,0.035714286,1,N1 P1 O1,de-protonated,0,-9999,C28 H28 O1 N1 P1,28,28,1,1,1,-9999,-9999,-9999,-9999
2194,424.183654,424.183463609,424.183303746,1525376.1,-9999,287244.7,7.99,-1,0.37687152,0.974557706,0,0.584734624,2,0.333333333,1.944444444,N1 S2 O6,de-protonated,0,-9999,C18 H35 O6 N1 S2,18,35,6,1,-9999,2,-9999,-9999,-9999
2195,425.036438,425.036247293,425.036164053,3955998.8,-9999,233479,24.55,-1,0.19584225,0.993064843,0,0.595838906,11,0.764705882,0.823529412,O13,de-protonated,0,-9999,C17 H14 O13,17,14,13,-9999,-9999,-9999,-9999,-9999,-9999
2195,425.036438,425.036247293,425.036653311,3955998.8,-9999,233479,24.55,-1,-0.955252466,0.847407792,0,0.508444675,15,0.25,0.75,N2 S1 P1 O5,de-protonated,0,-9999,C20 H15 O5 N2 P1 S1,20,15,5,2,1,1,-9999,-9999,-9999
2195,425.036438,425.036247293,425.036001862,3955998.8,-9999,233479,24.55,-1,0.577436659,0.94129283,0,0.564775698,6,0.583333333,1.583333333,N4 S2 P1 O7,de-protonated,0,-9999,C12 H19 O7 N4 P1 S2,12,19,7,4,1,2,-9999,-9999,-9999
2196,425.052849,425.052658287,425.052289574,1424161.9,-9999,377012.2,7.3,-1,0.867452814,0.87237536,0,0.523425216,14,0.227272727,0.818181818,S2 O5,de-protonated,0,-9999,C22 H18 O5 S2,22,18,5,-9999,-9999,2,-9999,-9999,-9999
2196,425.052849,425.052658287,425.052757605,1424161.9,-9999,377012.2,7.3,-1,-0.233660042,0.990142352,0,0.594085411,20,0.272727273,0.454545455,N4 O6,de-protonated,0,-9999,C22 H10 O6 N4,22,10,6,4,-9999,-9999,-9999,-9999,-9999
2197,425.067325,425.067134282,425.067545716,1558308.6,-9999,321178.2,8.21,-1,-0.967925798,0.843668437,0,0.506201062,18,0.076923077,0.692307692,S2 O2,de-protonated,0,-9999,C26 H18 O2 S2,26,18,2,-9999,-9999,2,-9999,-9999,-9999
2198,425.07286,425.07266928,425.072549563,8684838,-9999,247129.3,56.78,-1,0.281639471,0.992420179,0.986003901,0.989853668,10,0.666666667,1,O12,de-protonated,0,-9999,C18 H18 O12,18,18,12,-9999,-9999,-9999,-9999,-9999,-9999
2198,425.07286,425.07266928,425.07303882,8684838,-9999,247129.3,56.78,-1,-0.869356812,0.435926033,0.81490939,0.587519376,14,0.19047619,0.904761905,N2 S1 P1 O4,de-protonated,0,-9999,C21 H19 O4 N2 P1 S1,21,19,4,2,1,1,-9999,-9999,-9999
2198,425.07286,425.07266928,425.072387371,8684838,-9999,247129.3,56.78,-1,0.663201249,0.943614609,0.946317841,0.944695902,5,0.461538462,1.769230769,N4 S2 P1 O6,de-protonated,0,-9999,C13 H23 O6 N4 P1 S2,13,23,6,4,1,2,-9999,-9999,-9999
2199,425.087852,425.087661274,425.087805704,1452328.4,-9999,319858.9,7.49,-1,-0.33976423,0.979271464,0,0.587562879,14,0.409090909,0.818181818,O9,de-protonated,0,-9999,C22 H18 O9,22,18,9,-9999,-9999,-9999,-9999,-9999,-9999
2199,425.087852,425.087661274,425.087643513,1452328.4,-9999,319858.9,7.49,-1,0.041783617,0.999683264,0,0.599809959,9,0.176470588,1.352941176,N4 S2 P1 O3,de-protonated,0,-9999,C17 H23 O3 N4 P1 S2,17,23,3,4,1,2,-9999,-9999,-9999
2200,425.109236,425.109045266,425.108935072,8152364.5,-9999,243996.4,53.15,-1,0.259214487,0.961282511,0.9978071,0.975892347,9,0.578947368,1.157894737,O11,de-protonated,0,-9999,C19 H22 O11,19,22,11,-9999,-9999,-9999,-9999,-9999,-9999
2200,425.109236,425.109045266,425.109424329,8152364.5,-9999,243996.4,53.15,-1,-0.891683256,0.907240656,0.980450448,0.936524573,13,0.136363636,1.045454545,N2 S1 P1 O3,de-protonated,0,-9999,C22 H23 O3 N2 P1 S1,22,23,3,2,1,1,-9999,-9999,-9999
2200,425.109236,425.109045266,425.108772881,8152364.5,-9999,243996.4,53.15,-1,0.640743598,0.882529651,0.958846545,0.913056408,4,0.357142857,1.928571429,N4 S2 P1 O5,de-protonated,0,-9999,C14 H27 O5 N4 P1 S2,14,27,5,4,1,2,-9999,-9999,-9999
2202,425.145639,425.145448253,425.145320581,4543795,-9999,257101.7,28.56,-1,0.300301014,0.98376998,0,0.590261988,8,0.5,1.3,O10,de-protonated,0,-9999,C20 H26 O10,20,26,10,-9999,-9999,-9999,-9999,-9999,-9999
2202,425.145639,425.145448253,425.145809839,4543795,-9999,257101.7,28.56,-1,-0.850498278,0.438499064,0.800793265,0.583416745,12,0.086956522,1.173913043,N2 S1 P1 O2,de-protonated,0,-9999,C23 H27 O2 N2 P1 S1,23,27,2,2,1,1,-9999,-9999,-9999
2202,425.145639,425.145448253,425.14515839,4543795,-9999,257101.7,28.56,-1,0.681797487,0.919113165,0,0.551467899,3,0.266666667,2.066666667,N4 S2 P1 O4,de-protonated,0,-9999,C15 H31 O4 N4 P1 S2,15,31,4,4,1,2,-9999,-9999,-9999
2203,425.181812,425.18162124,425.181706091,1552185.9,-9999,292182.2,8.17,-1,-0.199564484,0.992799675,0,0.595679805,7,0.428571429,1.428571429,O9,de-protonated,0,-9999,C21 H30 O9,21,30,9,-9999,-9999,-9999,-9999,-9999,-9999
2203,425.181812,425.18162124,425.181543899,1552185.9,-9999,292182.2,8.17,-1,0.181899152,0.994014339,0,0.596408603,2,0.1875,2.1875,N4 S2 P1 O3,de-protonated,0,-9999,C16 H35 O3 N4 P1 S2,16,35,3,4,1,2,-9999,-9999,-9999
2204,425.217997,425.217806226,425.2180916,1484352.5,-9999,252437.8,7.71,-1,-0.671123634,0.921524656,0,0.552914793,6,0.363636364,1.545454545,O8,de-protonated,0,-9999,C22 H34 O8,22,34,8,-9999,-9999,-9999,-9999,-9999,-9999
2204,425.217997,425.217806226,425.217929409,1484352.5,-9999,252437.8,7.71,-1,-0.289692819,0.984887829,0,0.590932697,1,0.117647059,2.294117647,N4 S2 P1 O2,de-protonated,0,-9999,C17 H39 O2 N4 P1 S2,17,39,2,4,1,2,-9999,-9999,-9999
2205,426.076125,426.075933909,426.075904398,1867231.4,-9999,261970.2,10.31,-1,0.069261846,0.999129932,0.986003901,0.99387952,10,0.666666667,1,13C1 O12,de-protonated,1,2198,C17 H18 O12 13C1,17,18,12,-9999,-9999,-9999,1,-9999,-9999
2205,426.076125,426.075933909,426.075681848,1867231.4,-9999,261970.2,10.31,-1,0.591587397,0.938471659,0,0.563082995,13,0.090909091,1,N1 S2 P1 O2,de-protonated,0,-9999,C22 H22 O2 N1 P1 S2,22,22,2,1,1,2,-9999,-9999,-9999
2205,426.076125,426.075933909,426.075742206,1867231.4,-9999,261970.2,10.31,-1,0.449925013,0.963935289,0.946317841,0.95688831,5,0.461538462,1.769230769,13C1 N4 S2 P1 O6,de-protonated,1,2198,C12 H23 O6 N4 P1 S2 13C1,12,23,6,4,1,2,1,-9999,-9999
2206,426.112741,426.112549895,426.112289907,1701350.1,-9999,303565,9.18,-1,0.61013941,0.934682929,0.9978071,0.959932597,9,0.578947368,1.157894737,13C1 O11,de-protonated,1,2200,C18 H22 O11 13C1,18,22,11,-9999,-9999,-9999,1,-9999,-9999
2206,426.112741,426.112549895,426.112779164,1701350.1,-9999,303565,9.18,-1,-0.538048751,0.94882704,0.980450448,0.961476403,13,0.136363636,1.045454545,13C1 N2 S1 P1 O3,de-protonated,1,2200,C21 H23 O3 N2 P1 S1 13C1,21,23,3,2,1,1,1,-9999,-9999
2206,426.112741,426.112549895,426.11291551,1701350.1,-9999,303565,9.18,-1,-0.858023908,0.874954464,0,0.524972679,13,0.238095238,1,N3 S1 O5,de-protonated,0,-9999,C21 H21 O5 N3 S1,21,21,5,3,-9999,1,-9999,-9999,-9999
2206,426.112741,426.112549895,426.112127716,1701350.1,-9999,303565,9.18,-1,0.990770278,0.83684643,0.958846545,0.885646476,4,0.357142857,1.928571429,13C1 N4 S2 P1 O5,de-protonated,1,2200,C13 H27 O5 N4 P1 S2 13C1,13,27,5,4,1,2,1,-9999,-9999
2209,426.968192,426.968000578,426.968298967,7581316,-9999,248250.5,49.25,-1,-0.698854632,0.457597035,0.829532115,0.606371067,16,0.421052632,0.473684211,S1 P1 O8,de-protonated,0,-9999,C19 H9 O8 P1 S1,19,9,8,-9999,1,1,-9999,-9999,-9999
2209,426.968192,426.968000578,426.967647518,7581316,-9999,248250.5,49.25,-1,0.82690084,0.883319543,0,0.529991726,7,0.909090909,1.181818182,N2 S2 P1 O10,de-protonated,0,-9999,C11 H13 O10 N2 P1 S2,11,13,10,2,1,2,-9999,-9999,-9999
2210,427.030939,427.030747555,427.03068475,1473679.4,-9999,338655.2,7.63,-1,0.147074729,0.99608278,0,0.597649668,15,0.55,0.6,O11,de-protonated,0,-9999,C20 H12 O11,20,12,11,-9999,-9999,-9999,-9999,-9999,-9999
2210,427.030939,427.030747555,427.031174007,1473679.4,-9999,338655.2,7.63,-1,-0.998643551,0.834471434,0,0.50068286,19,0.130434783,0.565217391,N2 S1 P1 O3,de-protonated,0,-9999,C23 H13 O3 N2 P1 S1,23,13,3,2,1,1,-9999,-9999,-9999
2210,427.030939,427.030747555,427.030522558,1473679.4,-9999,338655.2,7.63,-1,0.526886816,0.950875711,0,0.570525426,10,0.333333333,1.133333333,N4 S2 P1 O5,de-protonated,0,-9999,C15 H17 O5 N4 P1 S2,15,17,5,4,1,2,-9999,-9999,-9999
2211,427.052061,427.051869547,427.051814118,5027475.5,-9999,221480,31.85,-1,0.129795829,0.996947809,0,0.598168685,10,0.764705882,0.941176471,O13,de-protonated,0,-9999,C17 H16 O13,17,16,13,-9999,-9999,-9999,-9999,-9999,-9999
2211,427.052061,427.051869547,427.051651926,5027475.5,-9999,221480,31.85,-1,0.509589117,0.953974069,0,0.572384442,5,0.583333333,1.75,N4 S2 P1 O7,de-protonated,0,-9999,C12 H21 O7 N4 P1 S2,12,21,7,4,1,2,-9999,-9999,-9999
2212,427.068676,427.068484541,427.06840767,2431638.3,-9999,295855.1,14.16,-1,0.179998294,0.994138421,0,0.596483052,19,0.272727273,0.545454545,N4 O6,de-protonated,0,-9999,C22 H12 O6 N4,22,12,6,4,-9999,-9999,-9999,-9999,-9999
2213,427.088508,427.088316534,427.088199627,8105626,-9999,249560.8,52.83,-1,0.273729652,0.993191536,0.967886364,0.983069467,9,0.666666667,1.111111111,O12,de-protonated,0,-9999,C18 H20 O12,18,20,12,-9999,-9999,-9999,-9999,-9999,-9999
2213,427.088508,427.088316534,427.088688884,8105626,-9999,249560.8,52.83,-1,-0.871834482,0.435584929,0.81490939,0.587314714,13,0.19047619,1,N2 S1 P1 O4,de-protonated,0,-9999,C21 H21 O4 N2 P1 S1,21,21,4,2,1,1,-9999,-9999,-9999
2213,427.088508,427.088316534,427.088037436,8105626,-9999,249560.8,52.83,-1,0.653490639,0.948138196,0.928200304,0.940163039,4,0.461538462,1.923076923,N4 S2 P1 O6,de-protonated,0,-9999,C13 H25 O6 N4 P1 S2,13,25,6,4,1,2,-9999,-9999,-9999
2214,427.12487,427.12467852,427.124585136,6553248.5,-9999,253174.6,42.25,-1,0.218633858,0.995368395,0.993152308,0.99448196,8,0.578947368,1.263157895,O11,de-protonated,0,-9999,C19 H24 O11,19,24,11,-9999,-9999,-9999,-9999,-9999,-9999
2214,427.12487,427.12467852,427.125074394,6553248.5,-9999,253174.6,42.25,-1,-0.926832626,0.427836144,0.807789663,0.579817551,12,0.136363636,1.136363636,N2 S1 P1 O3,de-protonated,0,-9999,C22 H25 O3 N2 P1 S1,22,25,3,2,1,1,-9999,-9999,-9999
2214,427.12487,427.12467852,427.124422945,6553248.5,-9999,253174.6,42.25,-1,0.598362473,0.937099829,0,0.562259898,3,0.357142857,2.071428571,N4 S2 P1 O5,de-protonated,0,-9999,C14 H29 O5 N4 P1 S2,14,29,5,4,1,2,-9999,-9999,-9999
2215,427.140208,427.140016515,427.139841278,2177187.5,-9999,242680.7,12.43,-1,0.410256576,0.969921914,0,0.581953149,12,0.347826087,1.043478261,O8,de-protonated,0,-9999,C23 H24 O8,23,24,8,-9999,-9999,-9999,-9999,-9999,-9999
2215,427.140208,427.140016515,427.139679086,2177187.5,-9999,242680.7,12.43,-1,0.789971701,0.892941676,0,0.535765006,7,0.111111111,1.611111111,N4 S2 P1 O2,de-protonated,0,-9999,C18 H29 O2 N4 P1 S2,18,29,2,4,1,2,-9999,-9999,-9999
2216,427.161255,427.161063507,427.160970646,2817703.5,-9999,265014,16.79,-1,0.2173913,0.991461582,0,0.594876949,7,0.5,1.4,O10,de-protonated,0,-9999,C20 H28 O10,20,28,10,-9999,-9999,-9999,-9999,-9999,-9999
2216,427.161255,427.161063507,427.161459903,2817703.5,-9999,265014,16.79,-1,-0.927977611,0.855342619,0,0.513205572,11,0.086956522,1.260869565,N2 S1 P1 O2,de-protonated,0,-9999,C23 H29 O2 N2 P1 S1,23,29,2,2,1,1,-9999,-9999,-9999
2216,427.161255,427.161063507,427.160808454,2817703.5,-9999,265014,16.79,-1,0.597087569,0.937359013,0,0.562415408,2,0.266666667,2.2,N4 S2 P1 O4,de-protonated,0,-9999,C15 H33 O4 N4 P1 S2,15,33,4,4,1,2,-9999,-9999,-9999
2217,427.189761,427.189569496,427.189983327,1774252.6,-9999,241609.8,9.68,-1,-0.96872637,0.843431127,0,0.506058676,5,0.090909091,1.681818182,S2 P1 O2,de-protonated,0,-9999,C22 H37 O2 P1 S2,22,37,2,-9999,1,2,-9999,-9999,-9999
2218,427.218785,427.218593486,427.218485523,3068082,-9999,203695.3,18.5,-1,0.252709982,0.988479142,0,0.593087485,1,0.611111111,2,O11,de-protonated,0,-9999,C18 H36 O11,18,36,11,-9999,-9999,-9999,-9999,-9999,-9999
2218,427.218785,427.218593486,427.218974781,3068082,-9999,203695.3,18.5,-1,-0.892504774,0.865424076,0,0.519254445,5,0.142857143,1.761904762,N2 S1 P1 O3,de-protonated,0,-9999,C21 H37 O3 N2 P1 S1,21,37,3,2,1,1,-9999,-9999,-9999
2219,427.93109,427.930898222,427.930533733,3017524.8,-9999,287164.9,18.15,-1,0.851747268,0.876659869,0,0.525995921,12,0.642857143,0.571428571,N1 S2 P1 O9,de-protonated,0,-9999,C14 H8 O9 N1 P1 S2,14,8,9,1,1,2,-9999,-9999,-9999
2220,428.091757,428.091565162,428.091554462,1964370.1,-9999,285381.5,10.97,-1,0.024995368,0.999886643,0.967886364,0.987086531,9,0.666666667,1.111111111,13C1 O12,de-protonated,1,2213,C17 H20 O12 13C1,17,20,12,-9999,-9999,-9999,1,-9999,-9999
2220,428.091757,428.091565162,428.091331912,1964370.1,-9999,285381.5,10.97,-1,0.544861548,0.947557729,0,0.568534637,12,0.090909091,1.090909091,N1 S2 P1 O2,de-protonated,0,-9999,C22 H24 O2 N1 P1 S2,22,24,2,1,1,2,-9999,-9999,-9999
2220,428.091757,428.091565162,428.091392271,1964370.1,-9999,285381.5,10.97,-1,0.403866181,0.970837952,0.928200304,0.953782893,4,0.461538462,1.923076923,13C1 N4 S2 P1 O6,de-protonated,1,2213,C12 H25 O6 N4 P1 S2 13C1,12,25,6,4,1,2,1,-9999,-9999
2221,428.128157,428.127965149,428.127939972,1412440.8,-9999,292688.2,7.21,-1,0.058808316,0.999372671,0.993152308,0.996884526,8,0.578947368,1.263157895,13C1 O11,de-protonated,1,2214,C18 H24 O11 13C1,18,24,11,-9999,-9999,-9999,1,-9999,-9999
2221,428.128157,428.127965149,428.127717421,1412440.8,-9999,292688.2,7.21,-1,0.578630332,0.941057167,0,0.5646343,11,0.043478261,1.217391304,N1 S2 P1 O1,de-protonated,0,-9999,C23 H28 O1 N1 P1 S2,23,28,1,1,1,2,-9999,-9999,-9999
2225,429.03002,429.029827815,429.02991416,2777597.5,-9999,230147.2,16.51,-1,-0.201255733,0.992677567,0,0.59560654,19,0.238095238,0.476190476,N4 S1 O5,de-protonated,0,-9999,C21 H10 O5 N4 S1,21,10,5,4,-9999,1,-9999,-9999,-9999
2226,429.046677,429.046484809,429.046334814,1595392.6,-9999,299703.2,8.46,-1,0.349600668,0.978067325,0,0.586840395,14,0.55,0.7,O11,de-protonated,0,-9999,C20 H14 O11,20,14,11,-9999,-9999,-9999,-9999,-9999,-9999
2226,429.046677,429.046484809,429.046824072,1595392.6,-9999,299703.2,8.46,-1,-0.79073529,0.892746134,0,0.535647681,18,0.130434783,0.652173913,N2 S1 P1 O3,de-protonated,0,-9999,C23 H15 O3 N2 P1 S1,23,15,3,2,1,1,-9999,-9999,-9999
2226,429.046677,429.046484809,429.046172623,1595392.6,-9999,299703.2,8.46,-1,0.727628482,0.908403356,0,0.545042014,9,0.333333333,1.266666667,N4 S2 P1 O5,de-protonated,0,-9999,C15 H19 O5 N4 P1 S2,15,19,5,4,1,2,-9999,-9999,-9999
2227,429.067741,429.067548801,429.067464182,5997572.5,-9999,230345.2,38.46,-1,0.197216139,0.496483771,0.844689208,0.635765946,9,0.764705882,1.058823529,O13,de-protonated,0,-9999,C17 H18 O13,17,18,13,-9999,-9999,-9999,-9999,-9999,-9999
2227,429.067741,429.067548801,429.06795344,5997572.5,-9999,230345.2,38.46,-1,-0.943063489,0.425486537,0.822155738,0.584154218,13,0.25,0.95,N2 S1 P1 O5,de-protonated,0,-9999,C20 H19 O5 N2 P1 S1,20,19,5,2,1,1,-9999,-9999,-9999
2227,429.067741,429.067548801,429.067301991,5997572.5,-9999,230345.2,38.46,-1,0.57522528,0.941728286,0,0.565036972,4,0.583333333,1.916666667,N4 S2 P1 O7,de-protonated,0,-9999,C12 H23 O7 N4 P1 S2,12,23,7,4,1,2,-9999,-9999,-9999
2228,429.083056,429.082863796,429.082720324,2874887.3,-9999,243597.4,17.18,-1,0.334369257,0.979917915,0,0.587950749,13,0.476190476,0.857142857,O10,de-protonated,0,-9999,C21 H18 O10,21,18,10,-9999,-9999,-9999,-9999,-9999,-9999
2228,429.083056,429.082863796,429.083209581,2874887.3,-9999,243597.4,17.18,-1,-0.805869985,0.888840412,0,0.533304247,17,0.083333333,0.791666667,N2 S1 P1 O2,de-protonated,0,-9999,C24 H19 O2 N2 P1 S1,24,19,2,2,1,1,-9999,-9999,-9999
2228,429.083056,429.082863796,429.082558132,2874887.3,-9999,243597.4,17.18,-1,0.712365009,0.912033407,0,0.547220044,8,0.25,1.4375,N4 S2 P1 O4,de-protonated,0,-9999,C16 H23 O4 N4 P1 S2,16,23,4,4,1,2,-9999,-9999,-9999
2229,429.104138,429.103945788,429.103849692,6127627,-9999,253311.9,39.34,-1,0.223946272,0.495470639,0.837042051,0.632099204,8,0.666666667,1.222222222,O12,de-protonated,0,-9999,C18 H22 O12,18,22,12,-9999,-9999,-9999,-9999,-9999,-9999
2229,429.104138,429.103945788,429.104338949,6127627,-9999,253311.9,39.34,-1,-0.916236698,0.429354878,0.81490939,0.583576683,12,0.19047619,1.095238095,N2 S1 P1 O4,de-protonated,0,-9999,C21 H23 O4 N2 P1 S1,21,23,4,2,1,1,-9999,-9999,-9999
2229,429.104138,429.103945788,429.1036875,6127627,-9999,253311.9,39.34,-1,0.601923369,0.936373363,0,0.561824018,3,0.461538462,2.076923077,N4 S2 P1 O6,de-protonated,0,-9999,C13 H27 O6 N4 P1 S2,13,27,6,4,1,2,-9999,-9999,-9999
2230,429.119502,429.119309782,429.119105833,1464333.9,-9999,313003.8,7.56,-1,0.475274179,0.959841958,0,0.575905175,12,0.409090909,1,O9,de-protonated,0,-9999,C22 H22 O9,22,22,9,-9999,-9999,-9999,-9999,-9999,-9999
2230,429.119502,429.119309782,429.11959509,1464333.9,-9999,313003.8,7.56,-1,-0.664868541,0.922923044,0,0.553753826,16,0.04,0.92,N2 S1 P1 O1,de-protonated,0,-9999,C25 H23 O1 N2 P1 S1,25,23,1,2,1,1,-9999,-9999,-9999
2230,429.119502,429.119309782,429.118943642,1464333.9,-9999,313003.8,7.56,-1,0.853237933,0.876255679,0,0.525753407,7,0.176470588,1.588235294,N4 S2 P1 O3,de-protonated,0,-9999,C17 H27 O3 N4 P1 S2,17,27,3,4,1,2,-9999,-9999,-9999
2231,429.132545,429.132352777,429.131992992,1387024.3,-9999,280682.7,7.04,-1,0.838401329,0.880255275,0,0.528153165,7,0.473684211,1.421052632,P1 O9,de-protonated,0,-9999,C19 H27 O9 P1,19,27,9,-9999,1,-9999,-9999,-9999,-9999
2232,429.140432,429.140239774,429.140235201,3690513.8,-9999,257018.2,22.74,-1,0.010657178,0.999979392,0,0.599987635,7,0.578947368,1.368421053,O11,de-protonated,0,-9999,C19 H26 O11,19,26,11,-9999,-9999,-9999,-9999,-9999,-9999
2232,429.140432,429.140239774,429.14007301,3690513.8,-9999,257018.2,22.74,-1,0.388602148,0.972971136,0,0.583782682,2,0.357142857,2.214285714,N4 S2 P1 O5,de-protonated,0,-9999,C14 H31 O5 N4 P1 S2,14,31,5,4,1,2,-9999,-9999,-9999
2233,429.155976,429.155783769,429.155491342,3134484.5,-9999,280675.7,18.95,-1,0.681399601,0.919203626,0,0.551522175,11,0.347826087,1.130434783,O8,de-protonated,0,-9999,C23 H26 O8,23,26,8,-9999,-9999,-9999,-9999,-9999,-9999
2234,429.168879,429.168686764,429.168378502,1400342.9,-9999,311719.8,7.13,-1,0.718277605,0.910634655,0,0.546380793,6,0.4,1.55,P1 O8,de-protonated,0,-9999,C20 H31 O8 P1,20,31,8,-9999,1,-9999,-9999,-9999,-9999
2235,429.176859,429.176666761,429.17662071,1549848.4,-9999,265023.5,8.15,-1,0.10729986,0.997913115,0,0.598747869,6,0.5,1.5,O10,de-protonated,0,-9999,C20 H30 O10,20,30,10,-9999,-9999,-9999,-9999,-9999,-9999
2235,429.176859,429.176666761,429.176458519,1549848.4,-9999,265023.5,8.15,-1,0.485212824,0.958180856,0,0.574908514,1,0.266666667,2.333333333,N4 S2 P1 O4,de-protonated,0,-9999,C15 H35 O4 N4 P1 S2,15,35,4,4,1,2,-9999,-9999,-9999
2236,429.199455,429.199262753,429.198890784,2480156.5,-9999,230752.1,14.49,-1,0.866656802,0.872593889,0,0.523556333,14,0.071428571,1.107142857,P1 O2,de-protonated,0,-9999,C28 H31 O2 P1,28,31,2,-9999,1,-9999,-9999,-9999,-9999
2236,429.199455,429.199262753,429.199087489,2480156.5,-9999,230752.1,14.49,-1,0.408350468,0.970196561,0,0.582117937,6,0.444444444,1.666666667,N4 O8,de-protonated,0,-9999,C18 H30 O8 N4,18,30,8,4,-9999,-9999,-9999,-9999,-9999
2237,429.205284,429.20509175,429.204764011,1567261.5,-9999,327209.5,8.27,-1,0.763596395,0.89960545,0,0.53976327,5,0.333333333,1.666666667,P1 O7,de-protonated,0,-9999,C21 H35 O7 P1,21,35,7,-9999,1,-9999,-9999,-9999,-9999
2238,429.228335,429.228142742,429.228262361,1410721.8,-9999,180402.2,7.2,-1,-0.278684121,0.986006647,0,0.591603988,9,0.24,1.36,O6,de-protonated,0,-9999,C25 H34 O6,25,34,6,-9999,-9999,-9999,-9999,-9999,-9999
2239,429.235805,429.235612739,429.235276294,4786211,-9999,249307.4,30.2,-1,0.783824985,0.447255206,0.761234226,0.572846814,13,0.034482759,1.206896552,P1 O1,de-protonated,0,-9999,C29 H35 O1 P1,29,35,1,-9999,1,-9999,-9999,-9999,-9999
2239,429.235805,429.235612739,429.235472998,4786211,-9999,249307.4,30.2,-1,0.325557538,0.980952411,0,0.588571447,5,0.368421053,1.789473684,N4 O7,de-protonated,0,-9999,C19 H34 O7 N4,19,34,7,4,-9999,-9999,-9999,-9999,-9999
2240,429.297196,429.297003716,429.297010628,1462062.3,-9999,273238.5,7.55,-1,-0.016099084,0.999952973,0,0.599971784,3,0.272727273,1.909090909,N2 O6,de-protonated,0,-9999,C22 H42 O6 N2,22,42,6,2,-9999,-9999,-9999,-9999,-9999
2241,430.172855,430.172662392,430.172739062,1618125.6,-9999,279226,8.61,-1,-0.178231012,0.99425262700000006,0,0.596551576,5,0.25,1.65,N1 S2 O5,de-protonated,0,-9999,C20 H33 O5 N1 S2,20,33,5,1,-9999,2,-9999,-9999,-9999
2241,430.172855,430.172662392,430.17235894,1618125.6,-9999,279226,8.61,-1,0.705420493,0.913664224,0,0.548198534,10,0.090909091,1.363636364,N3 S1 P1 O2,de-protonated,0,-9999,C22 H30 O2 N3 P1 S1,22,30,2,3,1,1,-9999,-9999,-9999
2242,430.194544,430.194351384,430.194139757,3260625.5,-9999,249740,19.81,-1,0.491935176,0.957039492,0,0.574223695,14,0.074074074,1.111111111,N1 P1 O2,de-protonated,0,-9999,C27 H30 O2 N1 P1,27,30,2,1,1,-9999,-9999,-9999,-9999
2245,431.047126,431.046933069,431.046728737,2502508.3,-9999,244163.9,14.64,-1,0.474035141,0.960046834,0,0.576028101,9,0.875,1,O14,de-protonated,0,-9999,C16 H16 O14,16,16,14,-9999,-9999,-9999,-9999,-9999,-9999
2245,431.047126,431.046933069,431.047217995,2502508.3,-9999,244163.9,14.64,-1,-0.661008913,0.923780417,0,0.55426825,13,0.315789474,0.894736842,N2 S1 P1 O6,de-protonated,0,-9999,C19 H17 O6 N2 P1 S1,19,17,6,2,1,1,-9999,-9999,-9999
2245,431.047126,431.046933069,431.046566546,2502508.3,-9999,244163.9,14.64,-1,0.850308657,0.87704945,0,0.52622967,4,0.727272727,1.909090909,N4 S2 P1 O8,de-protonated,0,-9999,C11 H21 O8 N4 P1 S2,11,21,8,4,1,2,-9999,-9999,-9999
2246,431.062235,431.062042063,431.061984879,2996591,-9999,277542.9,18,-1,0.132659378,0.996811866,0,0.59808712,13,0.55,0.8,O11,de-protonated,0,-9999,C20 H16 O11,20,16,11,-9999,-9999,-9999,-9999,-9999,-9999
2246,431.062235,431.062042063,431.061822687,2996591,-9999,277542.9,18,-1,0.508919448,0.95409214,0,0.572455284,8,0.333333333,1.4,N4 S2 P1 O5,de-protonated,0,-9999,C15 H21 O5 N4 P1 S2,15,21,5,4,1,2,-9999,-9999,-9999
2247,431.083403,431.083210055,431.083114247,4893043,-9999,236100.7,30.93,-1,0.222250691,0.991077321,0,0.594646392,8,0.764705882,1.176470588,O13,de-protonated,0,-9999,C17 H20 O13,17,20,13,-9999,-9999,-9999,-9999,-9999,-9999
2247,431.083403,431.083210055,431.083603504,4893043,-9999,236100.7,30.93,-1,-0.912697275,0.429859488,0.822155738,0.586777988,12,0.25,1.05,N2 S1 P1 O5,de-protonated,0,-9999,C20 H21 O5 N2 P1 S1,20,21,5,2,1,1,-9999,-9999,-9999
2247,431.083403,431.083210055,431.082952055,4893043,-9999,236100.7,30.93,-1,0.598492352,0.937073398,0,0.562244039,3,0.583333333,2.083333333,N4 S2 P1 O7,de-protonated,0,-9999,C12 H25 O7 N4 P1 S2,12,25,7,4,1,2,-9999,-9999,-9999
2248,431.098644,431.09845105,431.098370388,3588469.5,-9999,249152.6,22.04,-1,0.187107153,0.993667781,0,0.596200668,12,0.476190476,0.952380952,O10,de-protonated,0,-9999,C21 H20 O10,21,20,10,-9999,-9999,-9999,-9999,-9999,-9999
2248,431.098644,431.09845105,431.098859645,3588469.5,-9999,249152.6,22.04,-1,-0.947800608,0.849591128,0,0.509754677,16,0.083333333,0.875,N2 S1 P1 O2,de-protonated,0,-9999,C24 H21 O2 N2 P1 S1,24,21,2,2,1,1,-9999,-9999,-9999
2248,431.098644,431.09845105,431.098208197,3588469.5,-9999,249152.6,22.04,-1,0.563335486,0.944044313,0,0.566426588,7,0.25,1.5625,N4 S2 P1 O4,de-protonated,0,-9999,C16 H25 O4 N4 P1 S2,16,25,4,4,1,2,-9999,-9999,-9999
2249,431.11987,431.119677042,431.119499756,2948473.3,-9999,264107.9,17.68,-1,0.411221651,0.969782401,0,0.58186944,7,0.666666667,1.333333333,O12,de-protonated,0,-9999,C18 H24 O12,18,24,12,-9999,-9999,-9999,-9999,-9999,-9999
2249,431.11987,431.119677042,431.119989013,2948473.3,-9999,264107.9,17.68,-1,-0.723630742,0.909360155,0,0.545616093,11,0.19047619,1.19047619,N2 S1 P1 O4,de-protonated,0,-9999,C21 H25 O4 N2 P1 S1,21,25,4,2,1,1,-9999,-9999,-9999
2249,431.11987,431.119677042,431.119337565,2948473.3,-9999,264107.9,17.68,-1,0.78743163,0.893591093,0,0.536154656,2,0.461538462,2.230769231,N4 S2 P1 O6,de-protonated,0,-9999,C13 H29 O6 N4 P1 S2,13,29,6,4,1,2,-9999,-9999,-9999
2250,431.135235,431.135042036,431.134755897,1855356.1,-9999,281479.8,10.23,-1,0.663687378,0.923185872,0,0.553911523,11,0.409090909,1.090909091,O9,de-protonated,0,-9999,C22 H24 O9,22,24,9,-9999,-9999,-9999,-9999,-9999,-9999
2250,431.135235,431.135042036,431.135245155,1855356.1,-9999,281479.8,10.23,-1,-0.471125144,0.960526074,0,0.576315644,15,0.04,1,N2 S1 P1 O1,de-protonated,0,-9999,C25 H25 O1 N2 P1 S1,25,25,1,2,1,1,-9999,-9999,-9999
2251,431.148086,431.147893031,431.147510115,1611134.5,-9999,268167.7,8.56,-1,0.888132461,0.866647498,0,0.519988499,19,0.033333333,0.8,S1 O1,de-protonated,0,-9999,C30 H24 O1 S1,30,24,1,-9999,-9999,1,-9999,-9999,-9999
2251,431.148086,431.147893031,431.147643057,1611134.5,-9999,268167.7,8.56,-1,0.579788323,0.940828139,0,0.564496884,6,0.473684211,1.526315789,P1 O9,de-protonated,0,-9999,C19 H29 O9 P1,19,29,9,-9999,1,-9999,-9999,-9999,-9999
2252,431.156142,431.155949028,431.155885265,1383295.9,-9999,323076,7.01,-1,0.147888268,0.996039411,0,0.597623646,6,0.578947368,1.473684211,O11,de-protonated,0,-9999,C19 H28 O11,19,28,11,-9999,-9999,-9999,-9999,-9999,-9999
2252,431.156142,431.155949028,431.156374523,1383295.9,-9999,323076,7.01,-1,-0.986868055,0.838019065,0,0.502811439,10,0.136363636,1.318181818,N2 S1 P1 O3,de-protonated,0,-9999,C22 H29 O3 N2 P1 S1,22,29,3,2,1,1,-9999,-9999,-9999
2252,431.156142,431.155949028,431.155723074,1383295.9,-9999,323076,7.01,-1,0.524066399,0.951387264,0,0.570832358,1,0.357142857,2.357142857,N4 S2 P1 O5,de-protonated,0,-9999,C14 H33 O5 N4 P1 S2,14,33,5,4,1,2,-9999,-9999,-9999
2253,431.178642,431.17844902,431.178155339,1974660,-9999,257060.6,11.04,-1,0.681111684,0.919269058,0,0.551561435,14,0.111111111,1.074074074,P1 O3,de-protonated,0,-9999,C27 H29 O3 P1,27,29,3,-9999,1,-9999,-9999,-9999,-9999
2253,431.178642,431.17844902,431.178352044,1974660,-9999,257060.6,11.04,-1,0.224909226,0.990863564,0,0.594518138,6,0.529411765,1.647058824,N4 O9,de-protonated,0,-9999,C17 H28 O9 N4,17,28,9,4,-9999,-9999,-9999,-9999,-9999
2254,431.184468,431.184275018,431.184028566,1929093,-9999,287805.4,10.73,-1,0.571569299,0.942444981,0,0.565466989,5,0.4,1.65,P1 O8,de-protonated,0,-9999,C20 H33 O8 P1,20,33,8,-9999,1,-9999,-9999,-9999,-9999
2255,431.194004,431.193811014,431.193608185,1999750.8,-9999,206417.4,11.21,-1,0.470389657,0.96064677,0,0.576388062,10,0.285714286,1.333333333,N4 O6,de-protonated,0,-9999,C21 H28 O6 N4,21,28,6,4,-9999,-9999,-9999,-9999,-9999
2256,431.215144,431.214951006,431.214540849,2920330.5,-9999,251118.8,17.48,-1,0.95116834,0.848605831,0,0.509163498,13,0.071428571,1.178571429,P1 O2,de-protonated,0,-9999,C28 H33 O2 P1,28,33,2,-9999,1,-9999,-9999,-9999,-9999
2256,431.215144,431.214951006,431.214737553,2920330.5,-9999,251118.8,17.48,-1,0.495004253,0.956513641,0,0.573908185,5,0.444444444,1.777777778,N4 O8,de-protonated,0,-9999,C18 H32 O8 N4,18,32,8,4,-9999,-9999,-9999,-9999,-9999
2257,431.220924,431.220731004,431.220414076,1957259.6,-9999,251562.8,10.92,-1,0.734957575,0.906638205,0,0.543982923,4,0.333333333,1.761904762,P1 O7,de-protonated,0,-9999,C21 H37 O7 P1,21,37,7,-9999,1,-9999,-9999,-9999,-9999
2258,431.228666,431.228473001,431.228656284,1882509,-9999,270772.4,10.41,-1,-0.425024272,0.967753462,0,0.580652077,4,0.428571429,1.714285714,O9,de-protonated,0,-9999,C21 H36 O9,21,36,9,-9999,-9999,-9999,-9999,-9999,-9999
2259,431.366429,431.36623595,431.365956113,3407270,-9999,238335.1,20.8,-1,0.648724014,0.926481333,0,0.5558888,0,0.12,2.12,P1 O3,de-protonated,0,-9999,C25 H53 O3 P1,25,53,3,-9999,1,-9999,-9999,-9999,-9999
2262,432.969882,432.969688357,432.969347795,7576263.5,-9999,244817.1,49.21,-1,0.786573153,0.446905106,0.837042051,0.602959884,14,0.5,0.555555556,S2 O9,de-protonated,0,-9999,C18 H10 O9 S2,18,10,9,-9999,-9999,2,-9999,-9999,-9999
2263,433.041561,433.04136733,433.041249434,3936980.3,-9999,244879,24.41,-1,0.272252828,0.98664077,0,0.591984462,13,0.631578947,0.736842105,O12,de-protonated,0,-9999,C19 H14 O12,19,14,12,-9999,-9999,-9999,-9999,-9999,-9999
2263,433.041561,433.04136733,433.041738691,3936980.3,-9999,244879,24.41,-1,-0.857563168,0.875079963,0,0.525047978,17,0.181818182,0.681818182,N2 S1 P1 O4,de-protonated,0,-9999,C22 H15 O4 N2 P1 S1,22,15,4,2,1,1,-9999,-9999,-9999
2263,433.041561,433.04136733,433.041087242,3936980.3,-9999,244879,24.41,-1,0.64679321,0.926901934,0,0.55614116,8,0.428571429,1.357142857,N4 S2 P1 O6,de-protonated,0,-9999,C14 H19 O6 N4 P1 S2,14,19,6,4,1,2,-9999,-9999,-9999
2264,433.077821,433.077627317,433.077634943,4021978.8,-9999,259636.6,24.99,-1,-0.017609005,0.999943739,0,0.599966243,12,0.55,0.9,O11,de-protonated,0,-9999,C20 H18 O11,20,18,11,-9999,-9999,-9999,-9999,-9999,-9999
2264,433.077821,433.077627317,433.077472752,4021978.8,-9999,259636.6,24.99,-1,0.356899801,0.977152573,0,0.586291544,7,0.333333333,1.533333333,N4 S2 P1 O5,de-protonated,0,-9999,C15 H23 O5 N4 P1 S2,15,23,5,4,1,2,-9999,-9999,-9999
2265,433.099107,433.098913309,433.098764311,1497822.6,-9999,289986.7,7.79,-1,0.344027755,0.978753577,0,0.587252146,7,0.764705882,1.294117647,O13,de-protonated,0,-9999,C17 H22 O13,17,22,13,-9999,-9999,-9999,-9999,-9999,-9999
2265,433.099107,433.098913309,433.099253568,1497822.6,-9999,289986.7,7.79,-1,-0.785638284,0.894048619,0,0.536429171,11,0.25,1.15,N2 S1 P1 O5,de-protonated,0,-9999,C20 H23 O5 N2 P1 S1,20,23,5,2,1,1,-9999,-9999,-9999
2265,433.099107,433.098913309,433.09860212,1497822.6,-9999,289986.7,7.79,-1,0.718518425,0.910577485,0,0.546346491,2,0.583333333,2.25,N4 S2 P1 O7,de-protonated,0,-9999,C12 H27 O7 N4 P1 S2,12,27,7,4,1,2,-9999,-9999,-9999
2266,433.114262,433.114068304,433.114020452,3196641.3,-9999,241518.9,19.37,-1,0.110481522,0.997787658,0,0.598672595,11,0.476190476,1.047619048,O10,de-protonated,0,-9999,C21 H22 O10,21,22,10,-9999,-9999,-9999,-9999,-9999,-9999
2266,433.114262,433.114068304,433.113858261,3196641.3,-9999,241518.9,19.37,-1,0.484958914,0.958223685,0,0.574934211,6,0.25,1.6875,N4 S2 P1 O4,de-protonated,0,-9999,C16 H27 O4 N4 P1 S2,16,27,4,4,1,2,-9999,-9999,-9999
2267,433.150828,433.15063429,433.150405962,1742056,-9999,272198.5,9.45,-1,0.527133783,0.950830799,0,0.57049848,10,0.409090909,1.181818182,O9,de-protonated,0,-9999,C22 H26 O9,22,26,9,-9999,-9999,-9999,-9999,-9999,-9999
2267,433.150828,433.15063429,433.150895219,1742056,-9999,272198.5,9.45,-1,-0.60239778,0.936276295,0,0.561765777,14,0.04,1.08,N2 S1 P1 O1,de-protonated,0,-9999,C25 H27 O1 N2 P1 S1,25,27,1,2,1,1,-9999,-9999,-9999
2267,433.150828,433.15063429,433.15024377,1742056,-9999,272198.5,9.45,-1,0.901579874,0.862871164,0,0.517722698,5,0.176470588,1.823529412,N4 S2 P1 O3,de-protonated,0,-9999,C17 H31 O3 N4 P1 S2,17,31,3,4,1,2,-9999,-9999,-9999
2268,433.16366,433.163466285,433.16316018,2240234.3,-9999,237555,12.85,-1,0.706675107,0.913370563,0,0.548022338,18,0.033333333,0.866666667,S1 O1,de-protonated,0,-9999,C30 H26 O1 S1,30,26,1,-9999,-9999,1,-9999,-9999,-9999
2268,433.16366,433.163466285,433.163293121,2240234.3,-9999,237555,12.85,-1,0.399765851,0.971418591,0,0.582851155,5,0.473684211,1.631578947,P1 O9,de-protonated,0,-9999,C19 H31 O9 P1,19,31,9,-9999,1,-9999,-9999,-9999,-9999
2269,433.194249,433.194055274,433.193805404,1414383.8,-9999,261737.8,7.22,-1,0.576808781,0.941416619,0,0.564849971,13,0.111111111,1.148148148,P1 O3,de-protonated,0,-9999,C27 H31 O3 P1,27,31,3,-9999,1,-9999,-9999,-9999,-9999
2269,433.194249,433.194055274,433.194002108,1414383.8,-9999,261737.8,7.22,-1,0.122729079,0.997270674,0,0.598362404,5,0.529411765,1.764705882,N4 O9,de-protonated,0,-9999,C17 H30 O9 N4,17,30,9,4,-9999,-9999,-9999,-9999,-9999
2270,433.199992,433.199798272,433.199678631,1772784.8,-9999,255611.8,9.66,-1,0.276180018,0.986255262,0,0.591753157,4,0.4,1.75,P1 O8,de-protonated,0,-9999,C20 H35 O8 P1,20,35,8,-9999,1,-9999,-9999,-9999,-9999
2271,433.272898,433.272704245,433.272449649,1401085.9,-9999,280326.3,7.13,-1,0.587610431,0.93927057,0,0.563562342,2,0.272727273,1.954545455,P1 O6,de-protonated,0,-9999,C22 H43 O6 P1,22,43,6,-9999,1,-9999,-9999,-9999,-9999
2272,433.309134,433.308940231,433.308835159,1864452.4,-9999,257493.5,10.29,-1,0.242489053,0.989387362,0,0.593632417,1,0.217391304,2.043478261,P1 O5,de-protonated,0,-9999,C23 H47 O5 P1,23,47,5,-9999,1,-9999,-9999,-9999,-9999
2278,435.057182,435.056987584,435.056899498,5422142,-9999,245870.1,34.53,-1,0.202470553,0.496294615,0.829532115,0.629589615,12,0.631578947,0.842105263,O12,de-protonated,0,-9999,C19 H16 O12,19,16,12,-9999,-9999,-9999,-9999,-9999,-9999
2278,435.057182,435.056987584,435.057388756,5422142,-9999,245870.1,34.53,-1,-0.922110851,0.428514416,0.807789663,0.580224515,16,0.181818182,0.772727273,N2 S1 P1 O4,de-protonated,0,-9999,C22 H17 O4 N2 P1 S1,22,17,4,2,1,1,-9999,-9999,-9999
2278,435.057182,435.056987584,435.056737307,5422142,-9999,245870.1,34.53,-1,0.575275635,0.941718387,0,0.565031032,7,0.428571429,1.5,N4 S2 P1 O6,de-protonated,0,-9999,C14 H21 O6 N4 P1 S2,14,21,6,4,1,2,-9999,-9999,-9999
2279,435.093574,435.093379571,435.093285008,5548100.5,-9999,236616.5,35.39,-1,0.217340498,0.495732777,0.822155738,0.626301962,11,0.55,1,O11,de-protonated,0,-9999,C20 H20 O11,20,20,11,-9999,-9999,-9999,-9999,-9999,-9999
2279,435.093574,435.093379571,435.093774265,5548100.5,-9999,236616.5,35.39,-1,-0.907146877,0.430648051,0.800793265,0.578706137,15,0.130434783,0.913043478,N2 S1 P1 O3,de-protonated,0,-9999,C23 H21 O3 N2 P1 S1,23,21,3,2,1,1,-9999,-9999,-9999
2279,435.093574,435.093379571,435.093122816,5548100.5,-9999,236616.5,35.39,-1,0.59011441,0.938768108,0,0.563260865,6,0.333333333,1.666666667,N4 S2 P1 O5,de-protonated,0,-9999,C15 H25 O5 N4 P1 S2,15,25,5,4,1,2,-9999,-9999,-9999
2280,435.129935,435.129740557,435.129670517,4295755,-9999,258147.9,26.85,-1,0.160964852,0.995309756,0,0.597185853,10,0.476190476,1.142857143,O10,de-protonated,0,-9999,C21 H24 O10,21,24,10,-9999,-9999,-9999,-9999,-9999,-9999
2280,435.129935,435.129740557,435.130159774,4295755,-9999,258147.9,26.85,-1,-0.96342843,0.422499581,0.793917021,0.571066557,14,0.083333333,1.041666667,N2 S1 P1 O2,de-protonated,0,-9999,C24 H25 O2 N2 P1 S1,24,25,2,2,1,1,-9999,-9999,-9999
2280,435.129935,435.129740557,435.129508326,4295755,-9999,258147.9,26.85,-1,0.533707572,0.949628401,0,0.56977704,5,0.25,1.8125,N4 S2 P1 O4,de-protonated,0,-9999,C16 H29 O4 N4 P1 S2,16,29,4,4,1,2,-9999,-9999,-9999
2281,435.16643,435.166235544,435.166056026,1780305.8,-9999,256821.8,9.71,-1,0.412526949,0.969593214,0,0.581755928,9,0.409090909,1.272727273,O9,de-protonated,0,-9999,C22 H28 O9,22,28,9,-9999,-9999,-9999,-9999,-9999,-9999
2281,435.16643,435.166235544,435.166545284,1780305.8,-9999,256821.8,9.71,-1,-0.711772603,0.912173034,0,0.54730382,13,0.04,1.16,N2 S1 P1 O1,de-protonated,0,-9999,C25 H29 O1 N2 P1 S1,25,29,1,2,1,1,-9999,-9999,-9999
2281,435.16643,435.166235544,435.165893835,1780305.8,-9999,256821.8,9.71,-1,0.785238596,0.894150479,0,0.536490287,4,0.176470588,1.941176471,N4 S2 P1 O3,de-protonated,0,-9999,C17 H33 O3 N4 P1 S2,17,33,3,4,1,2,-9999,-9999,-9999
2282,435.179312,435.179117539,435.178810244,2363988,-9999,221121.8,13.69,-1,0.706135295,0.913496966,0,0.54809818,17,0.033333333,0.933333333,S1 O1,de-protonated,0,-9999,C30 H28 O1 S1,30,28,1,-9999,-9999,1,-9999,-9999,-9999
2282,435.179312,435.179117539,435.178943186,2363988,-9999,221121.8,13.69,-1,0.400647573,0.971294203,0,0.582776522,4,0.473684211,1.736842105,P1 O9,de-protonated,0,-9999,C19 H33 O9 P1,19,33,9,-9999,1,-9999,-9999,-9999,-9999
2283,435.215739,435.215544526,435.215328695,1960026.6,-9999,269578.8,10.94,-1,0.495916712,0.956356727,0,0.573814036,3,0.4,1.85,P1 O8,de-protonated,0,-9999,C20 H37 O8 P1,20,37,8,-9999,1,-9999,-9999,-9999,-9999
2285,436.964611,436.964415878,436.964262414,1725843.3,-9999,252290.4,9.29,-1,0.35120479,0.977867838,0,0.586720703,13,0.588235294,0.588235294,S2 O10,de-protonated,0,-9999,C17 H10 O10 S2,17,10,10,-9999,-9999,2,-9999,-9999,-9999
2286,437.036427,437.036231852,437.036164053,4040096,-9999,220382.8,24.98,-1,0.155132542,0.995642757,0,0.597385654,12,0.722222222,0.777777778,O13,de-protonated,0,-9999,C18 H14 O13,18,14,13,-9999,-9999,-9999,-9999,-9999,-9999
2286,437.036427,437.036231852,437.036653311,4040096,-9999,220382.8,24.98,-1,-0.964355772,0.844725107,0,0.506835064,16,0.238095238,0.714285714,N2 S1 P1 O5,de-protonated,0,-9999,C21 H15 O5 N2 P1 S1,21,15,5,2,1,1,-9999,-9999,-9999
2286,437.036427,437.036231852,437.036001862,4040096,-9999,220382.8,24.98,-1,0.526249233,0.950991568,0,0.570594941,7,0.538461538,1.461538462,N4 S2 P1 O7,de-protonated,0,-9999,C13 H19 O7 N4 P1 S2,13,19,7,4,1,2,-9999,-9999,-9999
2287,437.072856,437.072660838,437.072549563,6872486.5,-9999,240339.5,44.19,-1,0.254593197,0.494153903,0.829532115,0.628305188,11,0.631578947,0.947368421,O12,de-protonated,0,-9999,C19 H18 O12,19,18,12,-9999,-9999,-9999,-9999,-9999,-9999
2287,437.072856,437.072660838,437.07303882,6872486.5,-9999,240339.5,44.19,-1,-0.864802033,0.436551255,0.807789663,0.585046618,15,0.181818182,0.863636364,N2 S1 P1 O4,de-protonated,0,-9999,C22 H19 O4 N2 P1 S1,22,19,4,2,1,1,-9999,-9999,-9999
2287,437.072856,437.072660838,437.072387371,6872486.5,-9999,240339.5,44.19,-1,0.625679031,0.465715816,0.86849267,0.626826557,6,0.428571429,1.642857143,N4 S2 P1 O6,de-protonated,0,-9999,C14 H23 O6 N4 P1 S2,14,23,6,4,1,2,-9999,-9999,-9999
2288,437.109245,437.109049825,437.108935072,6647213,-9999,235224.4,42.66,-1,0.262526958,0.493786176,0.822155738,0.625134001,10,0.55,1.1,O11,de-protonated,0,-9999,C20 H22 O11,20,22,11,-9999,-9999,-9999,-9999,-9999,-9999
2288,437.109245,437.109049825,437.109424329,6647213,-9999,235224.4,42.66,-1,-0.8567751,0.437647253,0.800793265,0.582905658,14,0.130434783,1,N2 S1 P1 O3,de-protonated,0,-9999,C23 H23 O3 N2 P1 S1,23,23,3,2,1,1,-9999,-9999,-9999
2288,437.109245,437.109049825,437.108772881,6647213,-9999,235224.4,42.66,-1,0.633581905,0.464875614,0.860410506,0.623089571,5,0.333333333,1.8,N4 S2 P1 O5,de-protonated,0,-9999,C15 H27 O5 N4 P1 S2,15,27,5,4,1,2,-9999,-9999,-9999
2289,437.137625,437.137429814,437.137078373,2509746.3,-9999,204989.5,14.6,-1,0.803961806,0.889335975,0,0.533601585,9,0.380952381,1.285714286,P1 O8,de-protonated,0,-9999,C21 H27 O8 P1,21,27,8,-9999,1,-9999,-9999,-9999,-9999
2290,437.145698,437.145502811,437.145320581,3728819.5,-9999,244329.4,22.87,-1,0.416863748,0.968960613,0,0.581376368,9,0.476190476,1.238095238,O10,de-protonated,0,-9999,C21 H26 O10,21,26,10,-9999,-9999,-9999,-9999,-9999,-9999
2290,437.145698,437.145502811,437.145809839,3728819.5,-9999,244329.4,22.87,-1,-0.702345319,0.914382201,0,0.548629321,13,0.083333333,1.125,N2 S1 P1 O2,de-protonated,0,-9999,C24 H27 O2 N2 P1 S1,24,27,2,2,1,1,-9999,-9999,-9999
2290,437.145698,437.145502811,437.14515839,3728819.5,-9999,244329.4,22.87,-1,0.787887868,0.893474567,0,0.53608474,4,0.25,1.9375,N4 S2 P1 O4,de-protonated,0,-9999,C16 H31 O4 N4 P1 S2,16,31,4,4,1,2,-9999,-9999,-9999
2291,437.168416,437.168220803,437.16865674,1612983.6,-9999,226583.6,8.52,-1,-0.997182243,0.834913151,0,0.500947891,8,0.15,1.5,N4 S2 O3,de-protonated,0,-9999,C20 H30 O3 N4 S2,20,30,3,4,-9999,2,-9999,-9999,-9999
2291,437.168416,437.168220803,437.16778736,1612983.6,-9999,226583.6,8.52,-1,0.991479841,0.836632883,0,0.50197973,9,0.421052632,1.368421053,N4 O8,de-protonated,0,-9999,C19 H26 O8 N4,19,26,8,4,-9999,-9999,-9999,-9999,-9999
2292,437.176236,437.1760408,437.175832864,1535929,-9999,301643.7,8,-1,0.475635061,0.959782193,0,0.575869316,17,0.137931034,0.896551724,O4,de-protonated,0,-9999,C29 H26 O4,29,26,4,-9999,-9999,-9999,-9999,-9999,-9999
2293,437.195373,437.195177793,437.19546263,2162620.5,-9999,218174.6,12.25,-1,-0.651509824,0.925872608,0,0.555523565,2,0.2,1.95,S2 P1 O4,de-protonated,0,-9999,C20 H39 O4 P1 S2,20,39,4,-9999,1,2,-9999,-9999,-9999
2294,437.210143,437.209947788,437.209849392,1653183.1,-9999,255581.7,8.8,-1,0.22505434,0.990851824,0,0.594511095,7,0.260869565,1.52173913,P1 O6,de-protonated,0,-9999,C23 H35 O6 P1,23,35,6,-9999,1,-9999,-9999,-9999,-9999
2295,437.30431599999997,437.304120753,437.303749778,1491407.9,-9999,233796.3,7.7,-1,0.848321924,0.877586667,0,0.526552,0,0.272727273,2.136363636,P1 O6,de-protonated,0,-9999,C22 H47 O6 P1,22,47,6,-9999,1,-9999,-9999,-9999,-9999
2296,438.249829,438.249633403,438.249726082,1663608.5,-9999,224602.4,8.87,-1,-0.211475045,0.991918142,0,0.595150885,6,0.304347826,1.608695652,N1 O7,de-protonated,0,-9999,C23 H37 O7 N1,23,37,7,1,-9999,-9999,-9999,-9999,-9999
2299,439.052048,439.051852106,439.051814118,6395655.5,-9999,239632.9,40.95,-1,0.086522902,0.499321279,0.837042051,0.634409588,11,0.722222222,0.888888889,O13,de-protonated,0,-9999,C18 H16 O13,18,16,13,-9999,-9999,-9999,-9999,-9999,-9999
2299,439.052048,439.051852106,439.051651926,6395655.5,-9999,239632.9,40.95,-1,0.455935802,0.962983413,0,0.577790048,6,0.538461538,1.615384615,N4 S2 P1 O7,de-protonated,0,-9999,C13 H21 O7 N4 P1 S2,13,21,7,4,1,2,-9999,-9999,-9999
2300,439.088486,439.088290092,439.088199627,7554830,-9999,239846.2,48.81,-1,0.206029678,0.995268279,0.977424519,0.988130775,10,0.631578947,1.052631579,O12,de-protonated,0,-9999,C19 H20 O12,19,20,12,-9999,-9999,-9999,-9999,-9999,-9999
2300,439.088486,439.088290092,439.088688884,7554830,-9999,239846.2,48.81,-1,-0.908226879,0.430494876,0.807789663,0.58141279,14,0.181818182,0.954545455,N2 S1 P1 O4,de-protonated,0,-9999,C22 H21 O4 N2 P1 S1,22,21,4,2,1,1,-9999,-9999,-9999
2300,439.088486,439.088290092,439.088037436,7554830,-9999,239846.2,48.81,-1,0.575412011,0.964316614,0.938463964,0.953975554,5,0.428571429,1.785714286,N4 S2 P1 O6,de-protonated,0,-9999,C14 H25 O6 N4 P1 S2,14,25,6,4,1,2,-9999,-9999,-9999
2301,439.12491,439.124714079,439.124585136,6033172.5,-9999,231233.3,38.49,-1,0.293635049,0.492238479,0.822155738,0.624205383,9,0.55,1.2,O11,de-protonated,0,-9999,C20 H24 O11,20,24,11,-9999,-9999,-9999,-9999,-9999,-9999
2301,439.12491,439.124714079,439.125074394,6033172.5,-9999,231233.3,38.49,-1,-0.82052928,0.442501764,0.800793265,0.585818364,13,0.130434783,1.086956522,N2 S1 P1 O3,de-protonated,0,-9999,C23 H25 O3 N2 P1 S1,23,25,3,2,1,1,-9999,-9999,-9999
2301,439.12491,439.124714079,439.124422945,6033172.5,-9999,231233.3,38.49,-1,0.662986807,0.923341574,0,0.554004944,4,0.333333333,1.933333333,N4 S2 P1 O5,de-protonated,0,-9999,C15 H29 O5 N4 P1 S2,15,29,5,4,1,2,-9999,-9999,-9999
2302,439.161288,439.161092065,439.160970646,3314458.8,-9999,258449.3,20.06,-1,0.27648075,0.98622552,0,0.591735312,8,0.476190476,1.333333333,O10,de-protonated,0,-9999,C21 H28 O10,21,28,10,-9999,-9999,-9999,-9999,-9999,-9999
2302,439.161288,439.161092065,439.161459903,3314458.8,-9999,258449.3,20.06,-1,-0.837591248,0.880472154,0,0.528283292,12,0.083333333,1.208333333,N2 S1 P1 O2,de-protonated,0,-9999,C24 H29 O2 N2 P1 S1,24,29,2,2,1,1,-9999,-9999,-9999
2302,439.161288,439.161092065,439.160808454,3314458.8,-9999,258449.3,20.06,-1,0.6458019,0.927117465,0,0.556270479,3,0.25,2.0625,N4 S2 P1 O4,de-protonated,0,-9999,C16 H33 O4 N4 P1 S2,16,33,4,4,1,2,-9999,-9999,-9999
2303,440.091707,440.091510721,440.091554462,1807296.4,-9999,286375.1,9.84,-1,-0.099391109,0.998209148,0.977424519,0.989895296,10,0.631578947,1.052631579,13C1 O12,de-protonated,1,2300,C18 H20 O12 13C1,18,20,12,-9999,-9999,-9999,1,-9999,-9999
2303,440.091707,440.091510721,440.091331912,1807296.4,-9999,286375.1,9.84,-1,0.406299782,0.970490698,0,0.582294419,13,0.086956522,1.043478261,N1 S2 P1 O2,de-protonated,0,-9999,C23 H24 O2 N1 P1 S2,23,24,2,1,1,2,-9999,-9999,-9999
2303,440.091707,440.091510721,440.091392271,1807296.4,-9999,286375.1,9.84,-1,0.269148964,0.986941656,0.938463964,0.967550579,5,0.428571429,1.785714286,13C1 N4 S2 P1 O6,de-protonated,1,2300,C13 H25 O6 N4 P1 S2 13C1,13,25,6,4,1,2,1,-9999,-9999
2308,441.012125,441.01192838,441.012156095,1822820.1,-9999,289896.2,9.94,-1,-0.516346035,0.952774885,0,0.571664931,20,0.136363636,0.454545455,N4 S2 O3,de-protonated,0,-9999,C22 H10 O3 N4 S2,22,10,3,4,-9999,2,-9999,-9999,-9999
2309,441.031295,441.031098373,441.031078673,1706599.5,-9999,259168.1,9.15,-1,0.044668862,0.99963802,0,0.599782812,11,0.823529412,0.823529412,O14,de-protonated,0,-9999,C17 H14 O14,17,14,14,-9999,-9999,-9999,-9999,-9999,-9999
2309,441.031295,441.031098373,441.030916482,1706599.5,-9999,259168.1,9.15,-1,0.41242389,0.969608172,0,0.58176490300000006,6,0.666666667,1.583333333,N4 S2 P1 O8,de-protonated,0,-9999,C12 H19 O8 N4 P1 S2,12,19,8,4,1,2,-9999,-9999,-9999
2310,441.046325,441.046128368,441.046334814,1733738.3,-9999,306454.1,9.34,-1,-0.468083465,0.961024099,0,0.576614459,15,0.523809524,0.666666667,O11,de-protonated,0,-9999,C21 H14 O11,21,14,11,-9999,-9999,-9999,-9999,-9999,-9999
2310,441.046325,441.046128368,441.046172623,1733738.3,-9999,306454.1,9.34,-1,-0.100341346,0.998174772,0,0.598904863,10,0.3125,1.1875,N4 S2 P1 O5,de-protonated,0,-9999,C16 H19 O5 N4 P1 S2,16,19,5,4,1,2,-9999,-9999,-9999
2311,441.067759,441.06756236,441.067464182,8054894,-9999,238009.5,52.2,-1,0.222590688,0.954935377,0.988064497,0.968187025,10,0.722222222,1,O13,de-protonated,0,-9999,C18 H18 O13,18,18,13,-9999,-9999,-9999,-9999,-9999,-9999
2311,441.067759,441.06756236,441.06795344,8054894,-9999,238009.5,52.2,-1,-0.886665732,0.917507136,0.965931837,0.936877016,14,0.238095238,0.904761905,N2 S1 P1 O5,de-protonated,0,-9999,C21 H19 O5 N2 P1 S1,21,19,5,2,1,1,-9999,-9999,-9999
2311,441.067759,441.06756236,441.067301991,8054894,-9999,238009.5,52.2,-1,0.590315444,0.469363843,0.876728111,0.63230955,5,0.538461538,1.769230769,N4 S2 P1 O7,de-protonated,0,-9999,C13 H23 O7 N4 P1 S2,13,23,7,4,1,2,-9999,-9999,-9999
2312,441.082783,441.082586354,441.082720324,1963632.6,-9999,268356.2,10.9,-1,-0.303728381,0.983400506,0,0.590040303,14,0.454545455,0.818181818,O10,de-protonated,0,-9999,C22 H18 O10,22,18,10,-9999,-9999,-9999,-9999,-9999,-9999
2312,441.082783,441.082586354,441.082558132,1963632.6,-9999,268356.2,10.9,-1,0.063983463,0.999257446,0,0.599554468,9,0.235294118,1.352941176,N4 S2 P1 O4,de-protonated,0,-9999,C17 H23 O4 N4 P1 S2,17,23,4,4,1,2,-9999,-9999,-9999
2313,441.104156,441.103959346,441.103849692,7944308.5,-9999,232177.5,51.45,-1,0.248591548,0.984833094,0.993400223,0.988259946,9,0.631578947,1.157894737,O12,de-protonated,0,-9999,C19 H22 O12,19,22,12,-9999,-9999,-9999,-9999,-9999,-9999
2313,441.104156,441.103959346,441.104338949,7944308.5,-9999,232177.5,51.45,-1,-0.860573401,0.884880466,0.984857325,0.924871209,13,0.181818182,1.045454545,N2 S1 P1 O4,de-protonated,0,-9999,C22 H23 O4 N2 P1 S1,22,23,4,2,1,1,-9999,-9999,-9999
2313,441.104156,441.103959346,441.1036875,7944308.5,-9999,232177.5,51.45,-1,0.616285981,0.924909155,0.954439668,0.93672136,4,0.428571429,1.928571429,N4 S2 P1 O6,de-protonated,0,-9999,C14 H27 O6 N4 P1 S2,14,27,6,4,1,2,-9999,-9999,-9999
2314,441.140513,441.140316333,441.140235201,4962427,-9999,236034.3,31.23,-1,0.183914038,0.496940704,0.822155738,0.627026718,8,0.55,1.3,O11,de-protonated,0,-9999,C20 H26 O11,20,26,11,-9999,-9999,-9999,-9999,-9999,-9999
2314,441.140513,441.140316333,441.140724458,4962427,-9999,236034.3,31.23,-1,-0.925159355,0.428076779,0.800793265,0.577163373,12,0.130434783,1.173913043,N2 S1 P1 O3,de-protonated,0,-9999,C23 H27 O3 N2 P1 S1,23,27,3,2,1,1,-9999,-9999,-9999
2314,441.140513,441.140316333,441.14007301,4962427,-9999,236034.3,31.23,-1,0.55157812,0.946292404,0,0.567775443,3,0.333333333,2.066666667,N4 S2 P1 O5,de-protonated,0,-9999,C15 H31 O5 N4 P1 S2,15,31,5,4,1,2,-9999,-9999,-9999
2315,441.168841,441.168644322,441.168378502,1532800,-9999,247719.1,7.98,-1,0.602537603,0.936247673,0,0.561748604,7,0.380952381,1.476190476,P1 O8,de-protonated,0,-9999,C21 H31 O8 P1,21,31,8,-9999,1,-9999,-9999,-9999,-9999
2316,441.176862,441.176665319,441.17662071,1690241.4,-9999,285046.2,9.04,-1,0.101113877,0.998146585,0,0.598887951,7,0.476190476,1.428571429,O10,de-protonated,0,-9999,C21 H30 O10,21,30,10,-9999,-9999,-9999,-9999,-9999,-9999
2316,441.176862,441.176665319,441.176458519,1690241.4,-9999,285046.2,9.04,-1,0.468747605,0.96091561,0,0.576549366,2,0.25,2.1875,N4 S2 P1 O4,de-protonated,0,-9999,C16 H35 O4 N4 P1 S2,16,35,4,4,1,2,-9999,-9999,-9999
2317,441.20341,441.20321331,441.203110241,4138118,-9999,238596.9,25.64,-1,0.233608218,0.495073351,0.793917021,0.614610819,11,0.25,1.25,N2 O6,de-protonated,0,-9999,C24 H30 O6 N2,24,30,6,2,-9999,-9999,-9999,-9999,-9999
2318,441.235699,441.235502298,441.235276294,2101387.8,-9999,258733.2,11.83,-1,0.512207145,0.953511131,0,0.572106678,14,0.033333333,1.166666667,P1 O1,de-protonated,0,-9999,C30 H35 O1 P1,30,35,1,-9999,1,-9999,-9999,-9999,-9999
2318,441.235699,441.235502298,441.235472998,2101387.8,-9999,258733.2,11.83,-1,0.066403027,0.999200247,0,0.599520148,6,0.35,1.7,N4 O7,de-protonated,0,-9999,C20 H34 O7 N4,20,34,7,4,-9999,-9999,-9999,-9999,-9999
2319,441.946801,441.946604034,441.946183798,4356362.5,-9999,239151,27.12,-1,0.950877368,0.848691053,0,0.509214632,12,0.6,0.666666667,N1 S2 P1 O9,de-protonated,0,-9999,C15 H10 O9 N1 P1 S2,15,10,9,1,1,2,-9999,-9999,-9999
2320,442.071318,442.071120988,442.070819017,1432864.5,-9999,196297.3,7.3,-1,0.683082854,0.918820631,0.988064497,0.946518178,10,0.722222222,1,13C1 O13,de-protonated,1,2311,C17 H18 O13 13C1,17,18,13,-9999,-9999,-9999,1,-9999,-9999
2320,442.071318,442.071120988,442.071308275,1432864.5,-9999,196297.3,7.3,-1,-0.423656432,0.967957327,0.965931837,0.967147131,14,0.238095238,0.904761905,13C1 N2 S1 P1 O5,de-protonated,1,2311,C20 H19 O5 N2 P1 S1 13C1,20,19,5,2,1,1,1,-9999,-9999
2320,442.071318,442.071120988,442.07144462,1432864.5,-9999,196297.3,7.3,-1,-0.732080701,0.907332775,0,0.544399665,14,0.35,0.85,N3 S1 O7,de-protonated,0,-9999,C20 H17 O7 N3 S1,20,17,7,3,-9999,1,-9999,-9999,-9999
2321,442.107546,442.107348975,442.107204527,1709350.9,-9999,259741.4,9.17,-1,0.326726722,0.980816677,0.993400223,0.985850095,9,0.631578947,1.157894737,13C1 O12,de-protonated,1,2313,C18 H22 O12 13C1,18,22,12,-9999,-9999,-9999,1,-9999,-9999
2321,442.107546,442.107348975,442.106981976,1709350.9,-9999,259741.4,9.17,-1,0.830112287,0.882467054,0,0.529480232,12,0.086956522,1.130434783,N1 S2 P1 O2,de-protonated,0,-9999,C23 H26 O2 N1 P1 S2,23,26,2,1,1,2,-9999,-9999,-9999
2321,442.107546,442.107348975,442.107693784,1709350.9,-9999,259741.4,9.17,-1,-0.779921085,0.895501803,0.984857325,0.931244012,13,0.181818182,1.045454545,13C1 N2 S1 P1 O4,de-protonated,1,2313,C21 H23 O4 N2 P1 S1 13C1,21,23,4,2,1,1,1,-9999,-9999
2321,442.107546,442.107348975,442.107042335,1709350.9,-9999,259741.4,9.17,-1,0.693586708,0.916412982,0.954439668,0.931623656,4,0.428571429,1.928571429,13C1 N4 S2 P1 O6,de-protonated,1,2313,C13 H27 O6 N4 P1 S2 13C1,13,27,6,4,1,2,1,-9999,-9999
2325,443.047089,443.046891627,443.046728737,2934222,-9999,259211.8,17.48,-1,0.367658281,0.975771447,0,0.585462868,10,0.823529412,0.941176471,O14,de-protonated,0,-9999,C17 H16 O14,17,16,14,-9999,-9999,-9999,-9999,-9999,-9999
2325,443.047089,443.046891627,443.047217995,2934222,-9999,259211.8,17.48,-1,-0.736642818,0.906230315,0,0.543738189,14,0.3,0.85,N2 S1 P1 O6,de-protonated,0,-9999,C20 H17 O6 N2 P1 S1,20,17,6,2,1,1,-9999,-9999,-9999
2325,443.047089,443.046891627,443.046566546,2934222,-9999,259211.8,17.48,-1,0.733740318,0.906932357,0,0.544159414,5,0.666666667,1.75,N4 S2 P1 O8,de-protonated,0,-9999,C12 H21 O8 N4 P1 S2,12,21,8,4,1,2,-9999,-9999,-9999
2326,443.062147,443.061949622,443.061984879,2293200.5,-9999,278399.9,13.13,-1,-0.079575919,0.998851667,0,0.599311,14,0.523809524,0.761904762,O11,de-protonated,0,-9999,C21 H16 O11,21,16,11,-9999,-9999,-9999,-9999,-9999,-9999
2326,443.062147,443.061949622,443.061822687,2293200.5,-9999,278399.9,13.13,-1,0.286493349,0.985217328,0,0.591130397,9,0.3125,1.3125,N4 S2 P1 O5,de-protonated,0,-9999,C16 H21 O5 N4 P1 S2,16,21,5,4,1,2,-9999,-9999,-9999
2327,443.083395,443.083197614,443.083114247,6982100.5,-9999,240545.9,44.92,-1,0.188152083,0.496798542,0.837042051,0.632895946,9,0.722222222,1.111111111,O13,de-protonated,0,-9999,C18 H20 O13,18,20,13,-9999,-9999,-9999,-9999,-9999,-9999
2327,443.083395,443.083197614,443.083603504,6982100.5,-9999,240545.9,44.92,-1,-0.916058134,0.429380368,0.81490939,0.583591977,13,0.238095238,1,N2 S1 P1 O5,de-protonated,0,-9999,C21 H21 O5 N2 P1 S1,21,21,5,2,1,1,-9999,-9999,-9999
2327,443.083395,443.083197614,443.082952055,6982100.5,-9999,240545.9,44.92,-1,0.554203992,0.94579397,0,0.567476382,4,0.538461538,1.923076923,N4 S2 P1 O7,de-protonated,0,-9999,C13 H25 O7 N4 P1 S2,13,25,7,4,1,2,-9999,-9999,-9999
2328,443.098836,443.098638608,443.098370388,1955287.1,-9999,278674.8,10.84,-1,0.605328351,0.935675206,0,0.561405123,13,0.454545455,0.909090909,O10,de-protonated,0,-9999,C22 H20 O10,22,20,10,-9999,-9999,-9999,-9999,-9999,-9999
2328,443.098836,443.098638608,443.098859645,1955287.1,-9999,278674.8,10.84,-1,-0.498844309,0.955851498,0,0.573510899,17,0.08,0.84,N2 S1 P1 O2,de-protonated,0,-9999,C25 H21 O2 N2 P1 S1,25,21,2,2,1,1,-9999,-9999,-9999
2328,443.098836,443.098638608,443.098208197,1955287.1,-9999,278674.8,10.84,-1,0.971367809,0.842647219,0,0.505588331,8,0.235294118,1.470588235,N4 S2 P1 O4,de-protonated,0,-9999,C17 H25 O4 N4 P1 S2,17,25,4,4,1,2,-9999,-9999,-9999
2329,443.11979,443.1195926,443.119499756,5458395,-9999,253874.5,34.59,-1,0.209524045,0.496032993,0.829532115,0.629432641,8,0.631578947,1.263157895,O12,de-protonated,0,-9999,C19 H24 O12,19,24,12,-9999,-9999,-9999,-9999,-9999,-9999
2329,443.11979,443.1195926,443.119989013,5458395,-9999,253874.5,34.59,-1,-0.894595527,0.432418775,0.807789663,0.58256713,12,0.181818182,1.136363636,N2 S1 P1 O4,de-protonated,0,-9999,C22 H25 O4 N2 P1 S1,22,25,4,2,1,1,-9999,-9999,-9999
2329,443.11979,443.1195926,443.119337565,5458395,-9999,253874.5,34.59,-1,0.575545905,0.941665241,0,0.564999145,3,0.428571429,2.071428571,N4 S2 P1 O6,de-protonated,0,-9999,C14 H29 O6 N4 P1 S2,14,29,6,4,1,2,-9999,-9999,-9999
2330,443.135328,443.135130594,443.134755897,1689053.6,-9999,248999.8,9.03,-1,0.845560282,0.878331877,0,0.526999126,12,0.391304348,1.043478261,O9,de-protonated,0,-9999,C23 H24 O9,23,24,9,-9999,-9999,-9999,-9999,-9999,-9999
2330,443.135328,443.135130594,443.135245155,1689053.6,-9999,248999.8,9.03,-1,-0.25852198,0.987946363,0,0.592767818,16,0.038461538,0.961538462,N2 S1 P1 O1,de-protonated,0,-9999,C26 H25 O1 N2 P1 S1,26,25,1,2,1,1,-9999,-9999,-9999
2331,443.156262,443.156064587,443.155885265,2255329.3,-9999,246237.1,12.87,-1,0.404646191,0.970726865,0,0.582436119,7,0.55,1.4,O11,de-protonated,0,-9999,C20 H28 O11,20,28,11,-9999,-9999,-9999,-9999,-9999,-9999
2331,443.156262,443.156064587,443.156374523,2255329.3,-9999,246237.1,12.87,-1,-0.699382942,0.915071408,0,0.549042845,11,0.130434783,1.260869565,N2 S1 P1 O3,de-protonated,0,-9999,C23 H29 O3 N2 P1 S1,23,29,3,2,1,1,-9999,-9999,-9999
2331,443.156262,443.156064587,443.155723074,2255329.3,-9999,246237.1,12.87,-1,0.770638069,0.897843685,0,0.538706211,2,0.333333333,2.2,N4 S2 P1 O5,de-protonated,0,-9999,C15 H33 O5 N4 P1 S2,15,33,5,4,1,2,-9999,-9999,-9999
2332,443.184554,443.184356576,443.184028566,1511910.4,-9999,271102.1,7.83,-1,0.740121458,0.905385988,0,0.543231593,6,0.380952381,1.571428571,P1 O8,de-protonated,0,-9999,C21 H33 O8 P1,21,33,8,-9999,1,-9999,-9999,-9999,-9999
2333,443.215095,443.214897565,443.214540849,2712043.8,-9999,226852,15.97,-1,0.804838498,0.889108406,0,0.533465043,14,0.068965517,1.137931034,P1 O2,de-protonated,0,-9999,C29 H33 O2 P1,29,33,2,-9999,1,-9999,-9999,-9999,-9999
2333,443.215095,443.214897565,443.214737553,2712043.8,-9999,226852,15.97,-1,0.361025078,0.976627607,0,0.585976564,6,0.421052632,1.684210526,N4 O8,de-protonated,0,-9999,C19 H32 O8 N4,19,32,8,4,-9999,-9999,-9999,-9999,-9999
2334,443.251431,443.251233552,443.250926358,2761202.3,-9999,240509.7,16.3,-1,0.693046101,0.916537639,0,0.549922583,13,0.033333333,1.233333333,P1 O1,de-protonated,0,-9999,C30 H37 O1 P1,30,37,1,-9999,1,-9999,-9999,-9999,-9999
2334,443.251431,443.251233552,443.251123063,2761202.3,-9999,240509.7,16.3,-1,0.249269163,0.988788982,0,0.593273389,5,0.35,1.8,N4 O7,de-protonated,0,-9999,C20 H36 O7 N4,20,36,7,4,-9999,-9999,-9999,-9999,-9999
2335,443.301791,443.301593533,443.301427303,1426171.3,-9999,218938.5,7.25,-1,0.374982047,0.974808948,0,0.584885369,3,0.291666667,1.833333333,O7,de-protonated,0,-9999,C24 H44 O7,24,44,7,-9999,-9999,-9999,-9999,-9999,-9999
2336,443.338148,443.337950519,443.337812812,1611265.8,-9999,248347.7,8.51,-1,0.310614764,0.9826459,0,0.58958754,2,0.24,1.92,O6,de-protonated,0,-9999,C25 H48 O6,25,48,6,-9999,-9999,-9999,-9999,-9999,-9999
2337,444.210187,444.209989197,444.209789821,3255964.8,-9999,253089.5,19.66,-1,0.448832107,0.964107106,0,0.578464263,14,0.071428571,1.142857143,N1 P1 O2,de-protonated,0,-9999,C28 H32 O2 N1 P1,28,32,2,1,1,-9999,-9999,-9999,-9999
2340,445.041283,445.041084889,445.041249434,2579248.8,-9999,236912.3,15.07,-1,-0.369729108,0.975501125,0,0.585300675,14,0.6,0.7,O12,de-protonated,0,-9999,C20 H14 O12,20,14,12,-9999,-9999,-9999,-9999,-9999,-9999
2340,445.041283,445.041084889,445.041087242,2579248.8,-9999,236912.3,15.07,-1,-0.005287994,0.999994926,0,0.599996956,9,0.4,1.266666667,N4 S2 P1 O6,de-protonated,0,-9999,C15 H19 O6 N4 P1 S2,15,19,6,4,1,2,-9999,-9999,-9999
2341,445.062658,445.062459881,445.062378802,3441460.5,-9999,255593.3,20.91,-1,0.182175192,0.993996212,0,0.596397727,9,0.823529412,1.058823529,O14,de-protonated,0,-9999,C17 H18 O14,17,18,14,-9999,-9999,-9999,-9999,-9999,-9999
2341,445.062658,445.062459881,445.062868059,3441460.5,-9999,255593.3,20.91,-1,-0.917124423,0.858456206,0,0.515073724,13,0.3,0.95,N2 S1 P1 O6,de-protonated,0,-9999,C20 H19 O6 N2 P1 S1,20,19,6,2,1,1,-9999,-9999,-9999
2341,445.062658,445.062459881,445.06221661,3441460.5,-9999,255593.3,20.91,-1,0.546599206,0.947231699,0,0.568339019,4,0.666666667,1.916666667,N4 S2 P1 O8,de-protonated,0,-9999,C12 H23 O8 N4 P1 S2,12,23,8,4,1,2,-9999,-9999,-9999
2342,445.070141,445.069942878,445.070262114,2486581.8,-9999,216516.1,14.44,-1,-0.717271277,0.910873388,0,0.546524033,12,0.181818182,1.045454545,S2 P1 O4,de-protonated,0,-9999,C22 H23 O4 P1 S2,22,23,4,-9999,1,2,-9999,-9999,-9999
2343,445.077977,445.077778875,445.077634943,2478391.3,-9999,244833.7,14.38,-1,0.323387097,0.981203145,0,0.588721887,13,0.523809524,0.857142857,O11,de-protonated,0,-9999,C21 H18 O11,21,18,11,-9999,-9999,-9999,-9999,-9999,-9999
2343,445.077977,445.077778875,445.0781242,2478391.3,-9999,244833.7,14.38,-1,-0.775874991,0.89652523,0,0.537915138,17,0.125,0.791666667,N2 S1 P1 O3,de-protonated,0,-9999,C24 H19 O3 N2 P1 S1,24,19,3,2,1,1,-9999,-9999,-9999
2343,445.077977,445.077778875,445.077472752,2478391.3,-9999,244833.7,14.38,-1,0.687798671,0.917743455,0,0.550646073,8,0.3125,1.4375,N4 S2 P1 O5,de-protonated,0,-9999,C16 H23 O5 N4 P1 S2,16,23,5,4,1,2,-9999,-9999,-9999
2344,445.099019,445.098820868,445.098764311,4508475,-9999,241952.4,28.15,-1,0.127065093,0.9970747,0,0.59824482,8,0.722222222,1.222222222,O13,de-protonated,0,-9999,C18 H22 O13,18,22,13,-9999,-9999,-9999,-9999,-9999,-9999
2344,445.099019,445.098820868,445.099253568,4508475,-9999,241952.4,28.15,-1,-0.972144596,0.842416422,0,0.505449853,12,0.238095238,1.095238095,N2 S1 P1 O5,de-protonated,0,-9999,C21 H23 O5 N2 P1 S1,21,23,5,2,1,1,-9999,-9999,-9999
2344,445.099019,445.098820868,445.09860212,4508475,-9999,241952.4,28.15,-1,0.491459297,0.957120762,0,0.574272457,3,0.538461538,2.076923077,N4 S2 P1 O7,de-protonated,0,-9999,C13 H27 O7 N4 P1 S2,13,27,7,4,1,2,-9999,-9999,-9999
2345,445.114415,445.114216862,445.114020452,2626365.8,-9999,235958.2,15.39,-1,0.441256664,0.965287389,0,0.579172433,12,0.454545455,1,O10,de-protonated,0,-9999,C22 H22 O10,22,22,10,-9999,-9999,-9999,-9999,-9999,-9999
2345,445.114415,445.114216862,445.11450971,2626365.8,-9999,235958.2,15.39,-1,-0.657915696,0.924464508,0,0.554678705,16,0.08,0.92,N2 S1 P1 O2,de-protonated,0,-9999,C25 H23 O2 N2 P1 S1,25,23,2,2,1,1,-9999,-9999,-9999
2345,445.114415,445.114216862,445.113858261,2626365.8,-9999,235958.2,15.39,-1,0.805638492,0.88890058,0,0.533340348,7,0.235294118,1.588235294,N4 S2 P1 O4,de-protonated,0,-9999,C17 H27 O4 N4 P1 S2,17,27,4,4,1,2,-9999,-9999,-9999
2346,445.13222,445.132021855,445.132267775,1481280.9,-9999,219423.2,7.62,-1,-0.5524631,0.946124656,0,0.567674793,16,0.16,0.92,N2 P1 O4,de-protonated,0,-9999,C25 H23 O4 N2 P1,25,23,4,2,1,-9999,-9999,-9999,-9999
2346,445.13222,445.132021855,445.131996448,1481280.9,-9999,219423.2,7.62,-1,0.057077468,0.999409044,0,0.599645427,2,0.6,2,N2 S2 O9,de-protonated,0,-9999,C15 H30 O9 N2 S2,15,30,9,2,-9999,2,-9999,-9999,-9999
2346,445.13222,445.132021855,445.131616326,1481280.9,-9999,219423.2,7.62,-1,0.911032855,0.860192621,0,0.516115572,7,0.352941176,1.588235294,N4 S1 P1 O6,de-protonated,0,-9999,C17 H27 O6 N4 P1 S1,17,27,6,4,1,1,-9999,-9999,-9999
2347,445.13535,445.135151854,445.13514982,2227521.5,-9999,272743.2,12.68,-1,0.004568767,0.999996213,0,0.599997728,7,0.631578947,1.368421053,O12,de-protonated,0,-9999,C19 H26 O12,19,26,12,-9999,-9999,-9999,-9999,-9999,-9999
2347,445.13535,445.135151854,445.134987629,2227521.5,-9999,272743.2,12.68,-1,0.368933141,0.9756052,0,0.58536312,2,0.428571429,2.214285714,N4 S2 P1 O6,de-protonated,0,-9999,C14 H31 O6 N4 P1 S2,14,31,6,4,1,2,-9999,-9999,-9999
2348,445.150892,445.150693848,445.150405962,2889540.3,-9999,246462.7,17.17,-1,0.646717767,0.926918347,0,0.556151008,11,0.391304348,1.130434783,O9,de-protonated,0,-9999,C23 H26 O9,23,26,9,-9999,-9999,-9999,-9999,-9999,-9999
2348,445.150892,445.150693848,445.150895219,2889540.3,-9999,246462.7,17.17,-1,-0.452364975,0.963550304,0,0.578130182,15,0.038461538,1.038461538,N2 S1 P1 O1,de-protonated,0,-9999,C26 H27 O1 N2 P1 S1,26,27,1,2,1,1,-9999,-9999,-9999
2349,445.171934,445.171735841,445.17153533,1621320,-9999,276662.1,8.57,-1,0.450412509,0.963858524,0,0.578315115,6,0.55,1.5,O11,de-protonated,0,-9999,C20 H30 O11,20,30,11,-9999,-9999,-9999,-9999,-9999,-9999
2349,445.171934,445.171735841,445.172024587,1621320,-9999,276662.1,8.57,-1,-0.648617851,0.926504487,0,0.555902692,10,0.130434783,1.347826087,N2 S1 P1 O3,de-protonated,0,-9999,C23 H31 O3 N2 P1 S1,23,31,3,2,1,1,-9999,-9999,-9999
2349,445.171934,445.171735841,445.171373139,1621320,-9999,276662.1,8.57,-1,0.814747264,0.886523171,0,0.531913903,1,0.333333333,2.333333333,N4 S2 P1 O5,de-protonated,0,-9999,C15 H35 O5 N4 P1 S2,15,35,5,4,1,2,-9999,-9999,-9999
2350,445.1945,445.194301832,445.194002108,2791244,-9999,248920.2,16.5,-1,0.673243338,0.921048289,0,0.552628973,6,0.5,1.666666667,N4 O9,de-protonated,0,-9999,C18 H30 O9 N4,18,30,9,4,-9999,-9999,-9999,-9999,-9999
2351,445.210151,445.209952827,445.21012763,1418318.8,-9999,268938.6,7.19,-1,-0.392630459,0.972415701,0,0.583449421,9,0.043478261,1.47826087,N4 S2 O1,de-protonated,0,-9999,C23 H34 O1 N4 S2,23,34,1,4,-9999,2,-9999,-9999,-9999
2352,445.230656,445.230457819,445.230190913,3332946.5,-9999,233252,20.18,-1,0.599477886,0.468436337,0.761234226,0.585555493,13,0.068965517,1.206896552,P1 O2,de-protonated,0,-9999,C29 H35 O2 P1,29,35,2,-9999,1,-9999,-9999,-9999,-9999
2352,445.230656,445.230457819,445.230387618,3332946.5,-9999,233252,20.18,-1,0.157673793,0.995499159,0,0.597299495,5,0.421052632,1.789473684,N4 O8,de-protonated,0,-9999,C19 H34 O8 N4,19,34,8,4,-9999,-9999,-9999,-9999,-9999
2353,445.381823,445.381624763,445.381606177,2063725.4,-9999,245928.1,11.57,-1,0.041729458,0.99968408499999994,0,0.599810451,0,0.115384615,2.115384615,P1 O3,de-protonated,0,-9999,C26 H55 O3 P1,26,55,3,-9999,1,-9999,-9999,-9999,-9999
2357,447.035633,447.035434151,447.03577013,1421972.1,-9999,196166.8,7.22,-1,-0.751571323,0.902584463,0,0.541550678,18,0.434782609,0.52173913,O10,de-protonated,0,-9999,C23 H12 O10,23,12,10,-9999,-9999,-9999,-9999,-9999,-9999
2357,447.035633,447.035434151,447.035118681,1421972.1,-9999,196166.8,7.22,-1,0.705692689,0.913600549,0,0.548160329,9,0.8,1.066666667,N2 S1 O12,de-protonated,0,-9999,C15 H16 O12 N2 S1,15,16,12,2,-9999,1,-9999,-9999,-9999
2357,447.035633,447.035434151,447.035607939,1421972.1,-9999,196166.8,7.22,-1,-0.388756359,0.972949973,0,0.583769984,13,0.222222222,0.944444444,N4 S2 P1 O4,de-protonated,0,-9999,C18 H17 O4 N4 P1 S2,18,17,4,4,1,2,-9999,-9999,-9999
2358,447.057165,447.056966143,447.056899498,3788952,-9999,218241.2,23.27,-1,0.149074324,0.995975757,0,0.597585454,13,0.6,0.8,O12,de-protonated,0,-9999,C20 H16 O12,20,16,12,-9999,-9999,-9999,-9999,-9999,-9999
2358,447.057165,447.056966143,447.057388756,3788952,-9999,218241.2,23.27,-1,-0.945320792,0.850315142,0,0.510189085,17,0.173913043,0.739130435,N2 S1 P1 O4,de-protonated,0,-9999,C23 H17 O4 N2 P1 S1,23,17,4,2,1,1,-9999,-9999,-9999
2358,447.057165,447.056966143,447.056737307,3788952,-9999,218241.2,23.27,-1,0.511872467,0.953570431,0,0.572142258,8,0.4,1.4,N4 S2 P1 O6,de-protonated,0,-9999,C15 H21 O6 N4 P1 S2,15,21,6,4,1,2,-9999,-9999,-9999
2359,447.066841,447.066642139,447.066282413,1480345.8,-9999,270532.2,7.61,-1,0.804638189,0.889160418,0,0.533496251,26,0.129032258,0.387096774,O4,de-protonated,0,-9999,C31 H12 O4,31,12,4,-9999,-9999,-9999,-9999,-9999,-9999
2359,447.066841,447.066642139,447.066633286,1480345.8,-9999,270532.2,7.61,-1,0.019803947,0.999928839,0,0.599957303,3,0.692307692,1.923076923,N2 S2 P1 O9,de-protonated,0,-9999,C13 H25 O9 N2 P1 S2,13,25,9,2,1,2,-9999,-9999,-9999
2360,447.078183,447.077984135,447.078028866,2543259.8,-9999,245420.2,14.82,-1,-0.100052186,0.998185267,0,0.59891116,8,0.823529412,1.176470588,O14,de-protonated,0,-9999,C17 H20 O14,17,20,14,-9999,-9999,-9999,-9999,-9999,-9999
2360,447.078183,447.077984135,447.077866675,2543259.8,-9999,245420.2,14.82,-1,0.262728721,0.987553362,0,0.592532017,3,0.666666667,2.083333333,N4 S2 P1 O8,de-protonated,0,-9999,C12 H25 O8 N4 P1 S2,12,25,8,4,1,2,-9999,-9999,-9999
2361,447.093576,447.093377129,447.093285008,3552414.5,-9999,240545.9,21.66,-1,0.206046214,0.99232618399999994,0,0.59539571,12,0.523809524,0.952380952,O11,de-protonated,0,-9999,C21 H20 O11,21,20,11,-9999,-9999,-9999,-9999,-9999,-9999
2361,447.093576,447.093377129,447.093774265,3552414.5,-9999,240545.9,21.66,-1,-0.8882599,0.866611899,0,0.51996714,16,0.125,0.875,N2 S1 P1 O3,de-protonated,0,-9999,C24 H21 O3 N2 P1 S1,24,21,3,2,1,1,-9999,-9999,-9999
2361,447.093576,447.093377129,447.093122816,3552414.5,-9999,240545.9,21.66,-1,0.568814852,0.942982284,0,0.56578937,7,0.3125,1.5625,N4 S2 P1 O5,de-protonated,0,-9999,C16 H25 O5 N4 P1 S2,16,25,5,4,1,2,-9999,-9999,-9999
2362,447.130038,447.129839116,447.129670517,1908901,-9999,225090.9,10.52,-1,0.377069661,0.97453129,0,0.584718774,11,0.454545455,1.090909091,O10,de-protonated,0,-9999,C22 H24 O10,22,24,10,-9999,-9999,-9999,-9999,-9999,-9999
2362,447.130038,447.129839116,447.130159774,1908901,-9999,225090.9,10.52,-1,-0.717147591,0.910902712,0,0.546541627,15,0.08,1,N2 S1 P1 O2,de-protonated,0,-9999,C25 H25 O2 N2 P1 S1,25,25,2,2,1,1,-9999,-9999,-9999
2362,447.130038,447.129839116,447.129508326,1908901,-9999,225090.9,10.52,-1,0.739808841,0.905461996,0,0.543277198,6,0.235294118,1.705882353,N4 S2 P1 O4,de-protonated,0,-9999,C17 H29 O4 N4 P1 S2,17,29,4,4,1,2,-9999,-9999,-9999
2363,447.134654,447.134455114,447.134379231,19993766,-9999,232742.5,133.14,-1,0.169710691,0.997332204,0.986550787,0.993019638,11,0.3,1.2,N4 S1 O6,de-protonated,0,-9999,C20 H24 O6 N4 S1,20,24,6,4,-9999,1,-9999,-9999,-9999
2364,447.148186,447.147987109,447.148297962,1544872.3,-9999,253207.3,8.05,-1,-0.695188365,0.916043189,0,0.549625913,10,0.304347826,1.217391304,S1 O7,de-protonated,0,-9999,C23 H28 O7 S1,23,28,7,-9999,-9999,1,-9999,-9999,-9999
2364,447.148186,447.147987109,447.147917839,1544872.3,-9999,253207.3,8.05,-1,0.154915685,0.995654904,0,0.597392942,15,0.16,1,N2 P1 O4,de-protonated,0,-9999,C25 H25 O4 N2 P1,25,25,4,2,1,-9999,-9999,-9999,-9999
2364,447.148186,447.147987109,447.147646513,1544872.3,-9999,253207.3,8.05,-1,0.761708999,0.900075495,0,0.540045297,1,0.6,2.133333333,N2 S2 O9,de-protonated,0,-9999,C15 H32 O9 N2 S2,15,32,9,2,-9999,2,-9999,-9999,-9999
2365,447.166425,447.166226102,447.166056026,1470635.5,-9999,236744.8,7.55,-1,0.38034241,0.974093065,0,0.584455839,10,0.391304348,1.217391304,O9,de-protonated,0,-9999,C23 H28 O9,23,28,9,-9999,-9999,-9999,-9999,-9999,-9999
2365,447.166425,447.166226102,447.166545284,1470635.5,-9999,236744.8,7.55,-1,-0.71378581,0.911698146,0,0.547018887,14,0.038461538,1.115384615,N2 S1 P1 O1,de-protonated,0,-9999,C26 H29 O1 N2 P1 S1,26,29,1,2,1,1,-9999,-9999,-9999
2365,447.166425,447.166226102,447.165893835,1470635.5,-9999,236744.8,7.55,-1,0.743052075,0.904672203,0,0.542803322,5,0.166666667,1.833333333,N4 S2 P1 O3,de-protonated,0,-9999,C18 H33 O3 N4 P1 S2,18,33,3,4,1,2,-9999,-9999,-9999
2366,447.179313,447.179114098,447.178810244,1427373.8,-9999,224609.2,7.25,-1,0.679490168,0.919637132,0,0.551782279,18,0.032258065,0.903225806,S1 O1,de-protonated,0,-9999,C31 H28 O1 S1,31,28,1,-9999,-9999,1,-9999,-9999,-9999
2366,447.179313,447.179114098,447.178943186,1427373.8,-9999,224609.2,7.25,-1,0.382200186,0.973842711,0,0.584305626,5,0.45,1.65,P1 O9,de-protonated,0,-9999,C20 H33 O9 P1,20,33,9,-9999,1,-9999,-9999,-9999,-9999
2367,447.209853,447.209654086,447.209455468,1485235.3,-9999,219268.5,7.65,-1,0.444127442,0.964842305,0,0.578905383,13,0.107142857,1.178571429,P1 O3,de-protonated,0,-9999,C28 H33 O3 P1,28,33,3,-9999,1,-9999,-9999,-9999,-9999
2367,447.209853,447.209654086,447.209652173,1485235.3,-9999,219268.5,7.65,-1,0.004278757,0.999996678,0,0.59999800700000006,5,0.5,1.777777778,N4 O9,de-protonated,0,-9999,C18 H32 O9 N4,18,32,9,4,-9999,-9999,-9999,-9999,-9999
2368,447.215687,447.215488084,447.215328695,2117812.3,-9999,240992.9,11.94,-1,0.356403397,0.977215356,0,0.586329213,4,0.380952381,1.761904762,P1 O8,de-protonated,0,-9999,C21 H37 O8 P1,21,37,8,-9999,1,-9999,-9999,-9999,-9999
2370,448.137945,448.137745743,448.137673707,3933528.8,-9999,250148,24.25,-1,0.160745112,0.497661261,0.761234226,0.603090447,19,0.068965517,0.793103448,N1 S1 O2,de-protonated,0,-9999,C29 H23 O2 N1 S1,29,23,2,1,-9999,1,-9999,-9999,-9999
2370,448.137945,448.137745743,448.137806649,3933528.8,-9999,250148,24.25,-1,-0.135908617,0.996654044,0,0.597992426,6,0.555555556,1.555555556,N1 P1 O10,de-protonated,0,-9999,C18 H28 O10 N1 P1,18,28,10,1,1,-9999,-9999,-9999,-9999
2370,448.137945,448.137745743,448.137734066,3933528.8,-9999,250148,24.25,-1,0.026056878,0.999876811,0.986550787,0.994546402,11,0.3,1.2,13C1 N4 S1 O6,de-protonated,1,2363,C19 H24 O6 N4 S1 13C1,19,24,6,4,-9999,1,1,-9999,-9999
2375,448.983449,448.98324943,448.98335789,4269552,-9999,250443.7,26.52,-1,-0.241567534,0.989467445,0,0.593680467,19,0.421052632,0.315789474,N4 S1 O8,de-protonated,0,-9999,C19 H6 O8 N4 S1,19,6,8,4,-9999,1,-9999,-9999,-9999
2376,449.036421,449.03622141,449.036164053,3327481.3,-9999,252859.6,20.13,-1,0.127733634,0.997043883,0,0.59822633,13,0.684210526,0.736842105,O13,de-protonated,0,-9999,C19 H14 O13,19,14,13,-9999,-9999,-9999,-9999,-9999,-9999
2376,449.036421,449.03622141,449.036653311,3327481.3,-9999,252859.6,20.13,-1,-0.961837582,0.845468894,0,0.507281336,17,0.227272727,0.681818182,N2 S1 P1 O5,de-protonated,0,-9999,C22 H15 O5 N2 P1 S1,22,15,5,2,1,1,-9999,-9999,-9999
2376,449.036421,449.03622141,449.036001862,3327481.3,-9999,252859.6,20.13,-1,0.488932625,0.957551057,0,0.574530634,8,0.5,1.357142857,N4 S2 P1 O7,de-protonated,0,-9999,C14 H19 O7 N4 P1 S2,14,19,7,4,1,2,-9999,-9999,-9999
2377,449.072888,449.072688397,449.072549563,4371968,-9999,253135.5,27.22,-1,0.30915756,0.982806942,0,0.589684165,12,0.6,0.9,O12,de-protonated,0,-9999,C20 H18 O12,20,18,12,-9999,-9999,-9999,-9999,-9999,-9999
2377,449.072888,449.072688397,449.07303882,4371968,-9999,253135.5,27.22,-1,-0.780325573,0.447699631,0.800793265,0.588937085,16,0.173913043,0.826086957,N2 S1 P1 O4,de-protonated,0,-9999,C23 H19 O4 N2 P1 S1,23,19,4,2,1,1,-9999,-9999,-9999
2377,449.072888,449.072688397,449.072387371,4371968,-9999,253135.5,27.22,-1,0.670327351,0.921703282,0,0.553021969,7,0.4,1.533333333,N4 S2 P1 O6,de-protonated,0,-9999,C15 H23 O6 N4 P1 S2,15,23,6,4,1,2,-9999,-9999,-9999
2378,449.109312,449.109112383,449.108935072,4153862.3,-9999,233880.9,25.74,-1,0.39480698,0.972113347,0,0.583268008,11,0.523809524,1.047619048,O11,de-protonated,0,-9999,C21 H22 O11,21,22,11,-9999,-9999,-9999,-9999,-9999,-9999
2378,449.109312,449.109112383,449.109424329,4153862.3,-9999,233880.9,25.74,-1,-0.69458798,0.458090944,0.793917021,0.592421375,15,0.125,0.958333333,N2 S1 P1 O3,de-protonated,0,-9999,C24 H23 O3 N2 P1 S1,24,23,3,2,1,1,-9999,-9999,-9999
2378,449.109312,449.109112383,449.108772881,4153862.3,-9999,233880.9,25.74,-1,0.75594754,0.901504662,0,0.540902797,6,0.3125,1.6875,N4 S2 P1 O5,de-protonated,0,-9999,C16 H27 O5 N4 P1 S2,16,27,5,4,1,2,-9999,-9999,-9999
2379,449.145499,449.14529937,449.145320581,2662924.8,-9999,256861.8,15.63,-1,-0.047226144,0.999595395,0,0.599757237,10,0.454545455,1.181818182,O10,de-protonated,0,-9999,C22 H26 O10,22,26,10,-9999,-9999,-9999,-9999,-9999,-9999
2379,449.145499,449.14529937,449.14515839,2662924.8,-9999,256861.8,15.63,-1,0.313885001,0.982281833,0,0.5893691,5,0.235294118,1.823529412,N4 S2 P1 O4,de-protonated,0,-9999,C17 H31 O4 N4 P1 S2,17,31,4,4,1,2,-9999,-9999,-9999
2380,449.150343,449.150143368,449.150029295,3456525.8,-9999,236419.2,21.01,-1,0.253975194,0.988364169,0,0.593018501,10,0.3,1.3,N4 S1 O6,de-protonated,0,-9999,C20 H26 O6 N4 S1,20,26,6,4,-9999,1,-9999,-9999,-9999
2381,449.173921,449.173721359,449.173463882,37271056,-9999,228389.2,250.28,-1,0.573224466,0.941121193,0.991658083,0.961335949,9,0.304347826,1.347826087,P1 O7,de-protonated,0,-9999,C23 H31 O7 P1,23,31,7,-9999,1,-9999,-9999,-9999,-9999
2382,449.194847,449.194647352,449.194460309,1949205.6,-9999,219321.7,10.79,-1,0.416396817,0.969029021,0,0.581417413,17,0.032258065,0.967741935,S1 O1,de-protonated,0,-9999,C31 H30 O1 S1,31,30,1,-9999,-9999,1,-9999,-9999,-9999
2382,449.194847,449.194647352,449.19459325,1949205.6,-9999,219321.7,10.79,-1,0.120440928,0.997371363,0,0.598422818,4,0.45,1.75,P1 O9,de-protonated,0,-9999,C20 H35 O9 P1,20,35,9,-9999,1,-9999,-9999,-9999,-9999
2383,449.204345,449.204145348,449.203976165,1829399.4,-9999,227702.2,9.98,-1,0.376629298,0.974589981,0,0.584753989,17,0.032258065,1,P1 O1,de-protonated,0,-9999,C31 H31 O1 P1,31,31,1,-9999,1,-9999,-9999,-9999,-9999
2383,449.204345,449.204145348,449.203704839,1829399.4,-9999,227702.2,9.98,-1,0.980645381,0.839882803,0,0.503929682,3,0.285714286,1.80952381,S2 O6,de-protonated,0,-9999,C21 H38 O6 S2,21,38,6,-9999,-9999,2,-9999,-9999,-9999
2383,449.204345,449.204145348,449.204172869,1829399.4,-9999,227702.2,9.98,-1,-0.061266376,0.999319152,0,0.599591491,9,0.333333333,1.428571429,N4 O7,de-protonated,0,-9999,C21 H30 O7 N4,21,30,7,4,-9999,-9999,-9999,-9999,-9999
2384,449.216106,449.215906344,449.215589677,6231577.5,-9999,219071.5,39.83,-1,0.704933716,0.456889023,0.767553728,0.581154905,12,0.107142857,1.214285714,S1 O3,de-protonated,0,-9999,C28 H34 O3 S1,28,34,3,-9999,-9999,1,-9999,-9999,-9999
2386,450.07579,450.075590026,450.075681848,1436595,-9999,210454.4,7.31,-1,-0.204014347,0.992476216,0,0.595485729,15,0.083333333,0.916666667,N1 S2 P1 O2,de-protonated,0,-9999,C24 H22 O2 N1 P1 S2,24,22,2,1,1,2,-9999,-9999,-9999
2387,450.177272,450.177071988,450.176818717,9471685,-9999,234423.7,61.79,-1,0.562602897,0.941809395,0.991658083,0.96174887,9,0.304347826,1.347826087,13C1 P1 O7,de-protonated,1,2381,C22 H31 O7 P1 13C1,22,31,7,-9999,1,-9999,1,-9999,-9999
2387,450.177272,450.177071988,450.176955063,9471685,-9999,234423.7,61.79,-1,0.259731559,0.986011092,0.93789028,0.966762767,9,0.409090909,1.318181818,N1 O9,de-protonated,0,-9999,C22 H29 O9 N1,22,29,9,1,-9999,-9999,-9999,-9999,-9999
2387,450.177272,450.177071988,450.17744432,9471685,-9999,234423.7,61.79,-1,-0.827078727,0.888356842,0.917258478,0.899917497,13,0.04,1.2,N3 S1 P1 O1,de-protonated,0,-9999,C25 H30 O1 N3 P1 S1,25,30,1,3,1,1,-9999,-9999,-9999
2388,450.980499,450.980298691,450.979912479,1788756.8,-9999,298032.8,9.7,-1,0.856383681,0.875401012,0,0.525240607,13,0.555555556,0.666666667,S2 O10,de-protonated,0,-9999,C18 H12 O10 S2,18,12,10,-9999,-9999,2,-9999,-9999,-9999
2389,451.052067,451.051866664,451.051814118,4515681.5,-9999,226723.3,28.19,-1,0.116497743,0.997540458,0,0.598524275,12,0.684210526,0.842105263,O13,de-protonated,0,-9999,C19 H16 O13,19,16,13,-9999,-9999,-9999,-9999,-9999,-9999
2389,451.052067,451.051866664,451.052303375,4515681.5,-9999,226723.3,28.19,-1,-0.968204416,0.421792931,0.807789663,0.576191624,16,0.227272727,0.772727273,N2 S1 P1 O5,de-protonated,0,-9999,C22 H17 O5 N2 P1 S1,22,17,5,2,1,1,-9999,-9999,-9999
2389,451.052067,451.051866664,451.051651926,4515681.5,-9999,226723.3,28.19,-1,0.476082611,0.959708018,0,0.575824811,7,0.5,1.5,N4 S2 P1 O7,de-protonated,0,-9999,C14 H21 O7 N4 P1 S2,14,21,7,4,1,2,-9999,-9999,-9999
2390,451.08857,451.088369651,451.088199627,6473576,-9999,228772.7,41.46,-1,0.376918877,0.487275697,0.822155738,0.621227713,11,0.6,1,O12,de-protonated,0,-9999,C20 H20 O12,20,20,12,-9999,-9999,-9999,-9999,-9999,-9999
2390,451.08857,451.088369651,451.088688884,6473576,-9999,228772.7,41.46,-1,-0.70769607,0.456565639,0.800793265,0.594256689,15,0.173913043,0.913043478,N2 S1 P1 O4,de-protonated,0,-9999,C23 H21 O4 N2 P1 S1,23,21,4,2,1,1,-9999,-9999,-9999
2390,451.08857,451.088369651,451.088037436,6473576,-9999,228772.7,41.46,-1,0.736474834,0.453135503,0.860410506,0.616045505,6,0.4,1.666666667,N4 S2 P1 O6,de-protonated,0,-9999,C15 H25 O6 N4 P1 S2,15,25,6,4,1,2,-9999,-9999,-9999
2391,451.124988,451.124787637,451.124585136,4969326.5,-9999,231563.8,31.26,-1,0.448880054,0.977744449,0.95023705,0.96674149,10,0.523809524,1.142857143,O11,de-protonated,0,-9999,C21 H24 O11,21,24,11,-9999,-9999,-9999,-9999,-9999,-9999
2391,451.124988,451.124787637,451.125074394,4969326.5,-9999,231563.8,31.26,-1,-0.635647491,0.464654523,0.793917021,0.596359522,14,0.125,1.041666667,N2 S1 P1 O3,de-protonated,0,-9999,C24 H25 O3 N2 P1 S1,24,25,3,2,1,1,-9999,-9999,-9999
2391,451.124988,451.124787637,451.124422945,4969326.5,-9999,231563.8,31.26,-1,0.808407037,0.888180139,0,0.532908083,5,0.3125,1.8125,N4 S2 P1 O5,de-protonated,0,-9999,C16 H29 O5 N4 P1 S2,16,29,5,4,1,2,-9999,-9999,-9999
2392,451.16131,451.161109624,451.160970646,2593141,-9999,252114.5,15.15,-1,0.30804534,0.982929367,0,0.58975762,9,0.454545455,1.272727273,O10,de-protonated,0,-9999,C22 H28 O10,22,28,10,-9999,-9999,-9999,-9999,-9999,-9999
2392,451.16131,451.161109624,451.161459903,2593141,-9999,252114.5,15.15,-1,-0.776394588,0.896394035,0,0.537836421,13,0.08,1.16,N2 S1 P1 O2,de-protonated,0,-9999,C25 H29 O2 N2 P1 S1,25,29,2,2,1,1,-9999,-9999,-9999
2392,451.16131,451.161109624,451.160808454,2593141,-9999,252114.5,15.15,-1,0.667543277,0.922326423,0,0.553395854,4,0.235294118,1.941176471,N4 S2 P1 O4,de-protonated,0,-9999,C17 H33 O4 N4 P1 S2,17,33,4,4,1,2,-9999,-9999,-9999
2393,451.170946,451.17074562,451.17035356,12969847,-9999,227948.4,85.51,-1,0.868984287,0.435977258,0.736963647,0.556371814,22,0.060606061,0.727272727,O2,de-protonated,0,-9999,C33 H24 O2,33,24,2,-9999,-9999,-9999,-9999,-9999,-9999
2394,451.180644,451.180443617,451.180173552,1416568.5,-9999,295843.7,7.18,-1,0.598573152,0.939433174,0.991658083,0.960323138,9,0.304347826,1.347826087,13C2 P1 O7,de-protonated,1,2381,C21 H31 O7 P1 13C2,21,31,7,-9999,1,-9999,2,-9999,-9999
2394,451.180644,451.180443617,451.180309898,1416568.5,-9999,295843.7,7.18,-1,0.296375341,0.984188188,0.93789028,0.965669025,9,0.409090909,1.318181818,13C1 N1 O9,de-protonated,1,2387,C21 H29 O9 N1 13C1,21,29,9,1,-9999,-9999,1,-9999,-9999
2394,451.180644,451.180443617,451.180799155,1416568.5,-9999,295843.7,7.18,-1,-0.78801809,0.893441297,0.917258478,0.90296817,13,0.04,1.2,13C1 N3 S1 P1 O1,de-protonated,1,2387,C24 H30 O1 N3 P1 S1 13C1,24,30,1,3,1,1,1,-9999,-9999
2395,451.210757,451.210556606,451.210110373,2070397.9,-9999,227130.4,11.61,-1,0.988968404,0.837388272,0,0.502432963,16,0.032258065,1.032258065,S1 O1,de-protonated,0,-9999,C31 H32 O1 S1,31,32,1,-9999,-9999,1,-9999,-9999,-9999
2395,451.210757,451.210556606,451.210243315,2070397.9,-9999,227130.4,11.61,-1,0.694334443,0.916240431,0,0.549744259,3,0.45,1.85,P1 O9,de-protonated,0,-9999,C20 H37 O9 P1,20,37,9,-9999,1,-9999,-9999,-9999,-9999
2396,452.055197,452.054996293,452.054946403,1462292.9,-9999,260797.7,7.48,-1,0.110363495,0.997792377,0,0.598675426,15,0.130434783,0.869565217,N1 S2 P1 O3,de-protonated,0,-9999,C23 H20 O3 N1 P1 S2,23,20,3,1,1,2,-9999,-9999,-9999
2397,452.128042,452.127841266,452.127939972,1525281.9,-9999,232146.1,7.91,-1,-0.218313202,0.991389323,0.95023705,0.974928414,10,0.523809524,1.142857143,13C1 O11,de-protonated,1,2391,C20 H24 O11 13C1,20,24,11,-9999,-9999,-9999,1,-9999,-9999
2397,452.128042,452.127841266,452.127717421,1525281.9,-9999,232146.1,7.91,-1,0.273915305,0.98647823,0,0.591886938,13,0.04,1.12,N1 S2 P1 O1,de-protonated,0,-9999,C25 H28 O1 N1 P1 S2,25,28,1,1,1,2,-9999,-9999,-9999
2398,452.174365,452.174164249,452.17446694,3440682.3,-9999,228256.7,20.9,-1,-0.669412441,0.9219083,0,0.55314498,13,0.166666667,1.166666667,N3 P1 O4,de-protonated,0,-9999,C24 H28 O4 N3 P1,24,28,4,3,1,-9999,-9999,-9999,-9999
2400,453.031186,453.030984932,453.031078673,2050755.4,-9999,210950.6,11.47,-1,-0.206919833,0.992261226,0,0.595356736,12,0.777777778,0.777777778,O14,de-protonated,0,-9999,C18 H14 O14,18,14,14,-9999,-9999,-9999,-9999,-9999,-9999
2400,453.031186,453.030984932,453.030916482,2050755.4,-9999,210950.6,11.47,-1,0.151093915,0.995866208,0,0.597519725,7,0.615384615,1.461538462,N4 S2 P1 O8,de-protonated,0,-9999,C13 H19 O8 N4 P1 S2,13,19,8,4,1,2,-9999,-9999,-9999
2401,453.067761,453.067559918,453.067464182,6695114,-9999,230048.5,42.96,-1,0.211306273,0.96951204,0.985926148,0.976077684,11,0.684210526,0.947368421,O13,de-protonated,0,-9999,C19 H18 O13,19,18,13,-9999,-9999,-9999,-9999,-9999,-9999
2401,453.067761,453.067559918,453.06795344,6695114,-9999,230048.5,42.96,-1,-0.868570265,0.911174165,0.9923314,0.943637059,15,0.227272727,0.863636364,N2 S1 P1 O5,de-protonated,0,-9999,C22 H19 O5 N2 P1 S1,22,19,5,2,1,1,-9999,-9999,-9999
2401,453.067761,453.067559918,453.067301991,6695114,-9999,230048.5,42.96,-1,0.569291419,0.942889485,0,0.565733691,6,0.5,1.642857143,N4 S2 P1 O7,de-protonated,0,-9999,C14 H23 O7 N4 P1 S2,14,23,7,4,1,2,-9999,-9999,-9999
2402,453.104096,453.103894905,453.103849692,6559952.5,-9999,237952.2,42.05,-1,0.09978551,0.49909746,0.822155738,0.628320771,10,0.6,1.1,O12,de-protonated,0,-9999,C20 H22 O12,20,22,12,-9999,-9999,-9999,-9999,-9999,-9999
2402,453.104096,453.103894905,453.104338949,6559952.5,-9999,237952.2,42.05,-1,-0.980004191,0.420037205,0.800793265,0.572339629,14,0.173913043,1,N2 S1 P1 O4,de-protonated,0,-9999,C23 H23 O4 N2 P1 S1,23,23,4,2,1,1,-9999,-9999,-9999
2402,453.104096,453.103894905,453.1036875,6559952.5,-9999,237952.2,42.05,-1,0.457741869,0.48134756,0.860410506,0.632972739,5,0.4,1.8,N4 S2 P1 O6,de-protonated,0,-9999,C15 H27 O6 N4 P1 S2,15,27,6,4,1,2,-9999,-9999,-9999
2403,453.132542,453.132340894,453.131992992,2479829.5,-9999,261871.7,14.38,-1,0.767771457,0.89856242099999994,0,0.539137452,9,0.428571429,1.285714286,P1 O9,de-protonated,0,-9999,C21 H27 O9 P1,21,27,9,-9999,1,-9999,-9999,-9999,-9999
2404,453.140535,453.140333891,453.140235201,4527319,-9999,249348.9,28.27,-1,0.217792097,0.495715102,0.81490939,0.623392817,9,0.523809524,1.238095238,O11,de-protonated,0,-9999,C21 H26 O11,21,26,11,-9999,-9999,-9999,-9999,-9999,-9999
2404,453.140535,453.140333891,453.140724458,4527319,-9999,249348.9,28.27,-1,-0.861911029,0.436946853,0.793917021,0.579734921,13,0.125,1.125,N2 S1 P1 O3,de-protonated,0,-9999,C24 H27 O3 N2 P1 S1,24,27,3,2,1,1,-9999,-9999,-9999
2404,453.140535,453.140333891,453.14007301,4527319,-9999,249348.9,28.27,-1,0.575719755,0.941631044,0,0.564978626,4,0.3125,1.9375,N4 S2 P1 O5,de-protonated,0,-9999,C16 H31 O5 N4 P1 S2,16,31,5,4,1,2,-9999,-9999,-9999
2405,453.176909,453.176707878,453.17662071,1681117.4,-9999,276400.8,8.97,-1,0.192347851,0.9933093,0,0.59598558,8,0.454545455,1.363636364,O10,de-protonated,0,-9999,C22 H30 O10,22,30,10,-9999,-9999,-9999,-9999,-9999,-9999
2405,453.176909,453.176707878,453.177109968,1681117.4,-9999,276400.8,8.97,-1,-0.887268559,0.86688872,0,0.520133232,12,0.08,1.24,N2 S1 P1 O2,de-protonated,0,-9999,C25 H31 O2 N2 P1 S1,25,31,2,2,1,1,-9999,-9999,-9999
2405,453.176909,453.176707878,453.176458519,1681117.4,-9999,276400.8,8.97,-1,0.550246762,0.946544314,0,0.567926588,3,0.235294118,2.058823529,N4 S2 P1 O4,de-protonated,0,-9999,C17 H35 O4 N4 P1 S2,17,35,4,4,1,2,-9999,-9999,-9999
2406,453.205383,453.205181867,453.205633391,2071266.5,-9999,233995.9,11.61,-1,-0.996288852,0.835182998,0,0.501109799,6,0.083333333,1.625,S2 P1 O2,de-protonated,0,-9999,C24 H39 O2 P1 S2,24,39,2,-9999,1,2,-9999,-9999,-9999
2406,453.205383,453.205181867,453.204764011,2071266.5,-9999,233995.9,11.61,-1,0.922002995,0.857059763,0,0.514235858,7,0.304347826,1.52173913,P1 O7,de-protonated,0,-9999,C23 H35 O7 P1,23,35,7,-9999,1,-9999,-9999,-9999,-9999
2407,454.071269,454.071067547,454.070819017,1515133.3,-9999,177822.3,7.84,-1,0.547336434,0.947093096,0.985926148,0.962626317,11,0.684210526,0.947368421,13C1 O13,de-protonated,1,2401,C18 H18 O13 13C1,18,18,13,-9999,-9999,-9999,1,-9999,-9999
2407,454.071269,454.071067547,454.071308275,1515133.3,-9999,177822.3,7.84,-1,-0.530154279,0.950279988,0.9923314,0.967100553,15,0.227272727,0.863636364,13C1 N2 S1 P1 O5,de-protonated,1,2401,C21 H19 O5 N2 P1 S1 13C1,21,19,5,2,1,1,1,-9999,-9999
2407,454.071269,454.071067547,454.07144462,1515133.3,-9999,177822.3,7.84,-1,-0.830427616,0.882383215,0,0.529429929,15,0.333333333,0.80952381,N3 S1 O7,de-protonated,0,-9999,C21 H17 O7 N3 S1,21,17,7,3,-9999,1,-9999,-9999,-9999
2410,454.962904,454.962702217,454.962562138,8612381,-9999,224936.2,55.65,-1,0.307890753,0.491473174,0.885121231,0.648932397,8,0.916666667,1.083333333,N2 S2 P1 O11,de-protonated,0,-9999,C12 H13 O11 N2 P1 S2,12,13,11,2,1,2,-9999,-9999,-9999
2411,455.047013,455.046811186,455.046728737,3779115.8,-9999,249766.1,23.06,-1,0.181186479,0.99406101,0,0.596436606,11,0.777777778,0.888888889,O14,de-protonated,0,-9999,C18 H16 O14,18,16,14,-9999,-9999,-9999,-9999,-9999,-9999
2411,455.047013,455.046811186,455.047217995,3779115.8,-9999,249766.1,23.06,-1,-0.893993017,0.865006674,0,0.519004004,15,0.285714286,0.80952381,N2 S1 P1 O6,de-protonated,0,-9999,C21 H17 O6 N2 P1 S1,21,17,6,2,1,1,-9999,-9999,-9999
2411,455.047013,455.046811186,455.046566546,3779115.8,-9999,249766.1,23.06,-1,0.537614527,0.948907457,0,0.569344474,6,0.615384615,1.615384615,N4 S2 P1 O8,de-protonated,0,-9999,C13 H21 O8 N4 P1 S2,13,21,8,4,1,2,-9999,-9999,-9999
2412,455.083435,455.083233172,455.083114247,7053874,-9999,244194.3,45.14,-1,0.261326954,0.493842502,0.829532115,0.628118347,10,0.684210526,1.052631579,O13,de-protonated,0,-9999,C19 H20 O13,19,20,13,-9999,-9999,-9999,-9999,-9999,-9999
2412,455.083435,455.083233172,455.083603504,7053874,-9999,244194.3,45.14,-1,-0.813766664,0.443390043,0.807789663,0.589149891,14,0.227272727,0.954545455,N2 S1 P1 O5,de-protonated,0,-9999,C22 H21 O5 N2 P1 S1,22,21,5,2,1,1,-9999,-9999,-9999
2412,455.083435,455.083233172,455.082952055,7053874,-9999,244194.3,45.14,-1,0.617726533,0.466552152,0.86849267,0.627328359,5,0.5,1.785714286,N4 S2 P1 O7,de-protonated,0,-9999,C14 H25 O7 N4 P1 S2,14,25,7,4,1,2,-9999,-9999,-9999
2413,455.119789,455.119587159,455.119499756,6048312.5,-9999,243122.7,38.36,-1,0.192043361,0.932692927,0.981234705,0.952109638,9,0.6,1.2,O12,de-protonated,0,-9999,C20 H24 O12,20,24,12,-9999,-9999,-9999,-9999,-9999,-9999
2413,455.119789,455.119587159,455.119989013,6048312.5,-9999,243122.7,38.36,-1,-0.882964232,0.930281708,0.997402822,0.957130154,13,0.173913043,1.086956522,N2 S1 P1 O4,de-protonated,0,-9999,C23 H25 O4 N2 P1 S1,23,25,4,2,1,1,-9999,-9999,-9999
2413,455.119789,455.119587159,455.119337565,6048312.5,-9999,243122.7,38.36,-1,0.548414422,0.946890129,0,0.568134077,4,0.4,1.933333333,N4 S2 P1 O6,de-protonated,0,-9999,C15 H29 O6 N4 P1 S2,15,29,6,4,1,2,-9999,-9999,-9999
2414,455.148012,455.147810148,455.147510115,1763901.8,-9999,171146.7,9.47,-1,0.659199701,0.924180867,0,0.55450852,21,0.03125,0.75,S1 O1,de-protonated,0,-9999,C32 H24 O1 S1,32,24,1,-9999,-9999,1,-9999,-9999,-9999
2414,455.148012,455.147810148,455.147643057,1763901.8,-9999,171146.7,9.47,-1,0.36711466,0.975842171,0,0.585505303,8,0.428571429,1.380952381,P1 O9,de-protonated,0,-9999,C21 H29 O9 P1,21,29,9,-9999,1,-9999,-9999,-9999,-9999
2415,455.156279,455.156077145,455.155885265,3115583.3,-9999,217246.9,18.59,-1,0.421569464,0.968267189,0,0.580960313,8,0.523809524,1.333333333,O11,de-protonated,0,-9999,C21 H28 O11,21,28,11,-9999,-9999,-9999,-9999,-9999,-9999
2415,455.156279,455.156077145,455.156374523,3115583.3,-9999,217246.9,18.59,-1,-0.653352439,0.925468768,0,0.555281261,12,0.125,1.208333333,N2 S1 P1 O3,de-protonated,0,-9999,C24 H29 O3 N2 P1 S1,24,29,3,2,1,1,-9999,-9999,-9999
2415,455.156279,455.156077145,455.155723074,3115583.3,-9999,217246.9,18.59,-1,0.777912118,0.896010474,0,0.537606285,3,0.3125,2.0625,N4 S2 P1 O5,de-protonated,0,-9999,C16 H33 O5 N4 P1 S2,16,33,5,4,1,2,-9999,-9999,-9999
2416,455.251589,455.25138711,455.251123063,2299472.3,-9999,248855.7,13.08,-1,0.580003546,0.940785528,0,0.564471317,6,0.333333333,1.714285714,N4 O7,de-protonated,0,-9999,C21 H36 O7 N4,21,36,7,4,-9999,-9999,-9999,-9999,-9999
2417,455.316963,455.316761086,455.316683444,10918492,-9999,230637.7,71.2,-1,0.170522325,0.991192226,0.965717712,0.98100242,8,0.137931034,1.517241379,O4,de-protonated,0,-9999,C29 H44 O4,29,44,4,-9999,-9999,-9999,-9999,-9999,-9999
2418,455.96255,455.962347847,455.962682015,2404559.3,-9999,234068.7,13.79,-1,-0.732885853,0.907138606,0,0.544283164,13,0.928571429,0.5,N3 S1 O13,de-protonated,0,-9999,C14 H7 O13 N3 S1,14,7,13,3,-9999,1,-9999,-9999,-9999
2419,456.123453,456.123250787,456.122854591,1480172,-9999,209402.1,7.56,-1,0.868617133,0.872055458,0.981234705,0.915727157,9,0.6,1.2,13C1 O12,de-protonated,1,2413,C19 H24 O12 13C1,19,24,12,-9999,-9999,-9999,1,-9999,-9999
2419,456.123453,456.123250787,456.123343848,1480172,-9999,209402.1,7.56,-1,-0.204026444,0.992475327,0.997402822,0.994446325,13,0.173913043,1.086956522,13C1 N2 S1 P1 O4,de-protonated,1,2413,C22 H25 O4 N2 P1 S1 13C1,22,25,4,2,1,1,1,-9999,-9999
2419,456.123453,456.123250787,456.123480194,1480172,-9999,209402.1,7.56,-1,-0.50294899,0.955138579,0,0.573083148,13,0.272727273,1.045454545,N3 S1 O6,de-protonated,0,-9999,C22 H23 O6 N3 S1,22,23,6,3,-9999,1,-9999,-9999,-9999
2420,456.21019,456.209987755,456.209789821,2181371.5,-9999,262825.2,12.29,-1,0.433866408,0.966420817,0,0.57985249,15,0.068965517,1.103448276,N1 P1 O2,de-protonated,0,-9999,C29 H32 O2 N1 P1,29,32,2,1,1,-9999,-9999,-9999,-9999
2421,456.32036,456.320157714,456.320038279,2806543,-9999,252660.8,16.5,-1,0.261735615,0.987646697,0.965717712,0.978875103,8,0.137931034,1.517241379,13C1 O4,de-protonated,1,2417,C28 H44 O4 13C1,28,44,4,-9999,-9999,-9999,1,-9999,-9999
2422,457.041479,457.041276447,457.041249434,1417615.9,-9999,306615.5,7.14,-1,0.05910563,0.999366314,0,0.599619789,15,0.571428571,0.666666667,O12,de-protonated,0,-9999,C21 H14 O12,21,14,12,-9999,-9999,-9999,-9999,-9999,-9999
2422,457.041479,457.041276447,457.041087242,1417615.9,-9999,306615.5,7.14,-1,0.413978188,0.969382215,0,0.581629329,10,0.375,1.1875,N4 S2 P1 O6,de-protonated,0,-9999,C16 H19 O6 N4 P1 S2,16,19,6,4,1,2,-9999,-9999,-9999
2423,457.062554,457.06235144,457.062378802,4579219.5,-9999,223836,28.45,-1,-0.059865241,0.999349927,0,0.599609956,10,0.777777778,1,O14,de-protonated,0,-9999,C18 H18 O14,18,18,14,-9999,-9999,-9999,-9999,-9999,-9999
2423,457.062554,457.06235144,457.06221661,4579219.5,-9999,223836,28.45,-1,0.294990869,0.984334408,0,0.590600645,5,0.615384615,1.769230769,N4 S2 P1 O8,de-protonated,0,-9999,C13 H23 O8 N4 P1 S2,13,23,8,4,1,2,-9999,-9999,-9999
2424,457.077948,457.077745434,457.077634943,2088854.4,-9999,254143.6,11.66,-1,0.241733252,0.989453065,0,0.593671839,14,0.5,0.818181818,O11,de-protonated,0,-9999,C22 H18 O11,22,18,11,-9999,-9999,-9999,-9999,-9999,-9999
2424,457.077948,457.077745434,457.0781242,2088854.4,-9999,254143.6,11.66,-1,-0.828669033,0.882850477,0,0.529710286,18,0.12,0.76,N2 S1 P1 O3,de-protonated,0,-9999,C25 H19 O3 N2 P1 S1,25,19,3,2,1,1,-9999,-9999,-9999
2424,457.077948,457.077745434,457.077472752,2088854.4,-9999,254143.6,11.66,-1,0.596577625,0.937462549,0,0.562477529,9,0.294117647,1.352941176,N4 S2 P1 O5,de-protonated,0,-9999,C17 H23 O5 N4 P1 S2,17,23,5,4,1,2,-9999,-9999,-9999
2425,457.099019,457.098816426,457.098764311,5370778,-9999,243986.4,33.79,-1,0.114012568,0.498822076,0.829532115,0.631106092,9,0.684210526,1.157894737,O13,de-protonated,0,-9999,C19 H22 O13,19,22,13,-9999,-9999,-9999,-9999,-9999,-9999
2425,457.099019,457.098816426,457.099253568,5370778,-9999,243986.4,33.79,-1,-0.9563401,0.423544083,0.807789663,0.577242315,13,0.227272727,1.045454545,N2 S1 P1 O5,de-protonated,0,-9999,C22 H23 O5 N2 P1 S1,22,23,5,2,1,1,-9999,-9999,-9999
2425,457.099019,457.098816426,457.09860212,5370778,-9999,243986.4,33.79,-1,0.468840493,0.960900425,0,0.576540255,4,0.5,1.928571429,N4 S2 P1 O7,de-protonated,0,-9999,C14 H27 O7 N4 P1 S2,14,27,7,4,1,2,-9999,-9999,-9999
2426,457.135395,457.135192413,457.13514982,3905440.8,-9999,240522.6,23.91,-1,0.093171987,0.99842608,0,0.599055648,8,0.6,1.3,O12,de-protonated,0,-9999,C20 H26 O12,20,26,12,-9999,-9999,-9999,-9999,-9999,-9999
2426,457.135395,457.135192413,457.135639078,3905440.8,-9999,240522.6,23.91,-1,-0.977095465,0.840942593,0,0.504565556,12,0.173913043,1.173913043,N2 S1 P1 O4,de-protonated,0,-9999,C23 H27 O4 N2 P1 S1,23,27,4,2,1,1,-9999,-9999,-9999
2426,457.135395,457.135192413,457.134987629,3905440.8,-9999,240522.6,23.91,-1,0.447971662,0.964242104,0,0.578545263,3,0.4,2.066666667,N4 S2 P1 O6,de-protonated,0,-9999,C15 H31 O6 N4 P1 S2,15,31,6,4,1,2,-9999,-9999,-9999
2427,457.267072,457.266869364,457.266576423,1845688.1,-9999,251430.9,10.02,-1,0.640635744,0.928236147,0,0.556941688,13,0.032258065,1.258064516,P1 O1,de-protonated,0,-9999,C31 H39 O1 P1,31,39,1,-9999,1,-9999,-9999,-9999,-9999
2427,457.267072,457.266869364,457.266773127,1845688.1,-9999,251430.9,10.02,-1,0.210461002,0.991995153,0,0.595197092,5,0.333333333,1.80952381,N4 O7,de-protonated,0,-9999,C21 H38 O7 N4,21,38,7,4,-9999,-9999,-9999,-9999,-9999
2428,458.225995,458.225792009,458.225439885,2671203.3,-9999,232956.8,15.59,-1,0.76845044,0.898392372,0,0.539035423,14,0.068965517,1.172413793,N1 P1 O2,de-protonated,0,-9999,C29 H34 O2 N1 P1,29,34,2,1,1,-9999,-9999,-9999,-9999
2432,459.042076,459.041872707,459.041643357,1988852.6,-9999,197274.3,10.99,-1,0.499628022,0.955715789,0,0.573429474,10,0.882352941,0.941176471,O15,de-protonated,0,-9999,C17 H16 O15,17,16,15,-9999,-9999,-9999,-9999,-9999,-9999
2432,459.042076,459.041872707,459.042132614,1988852.6,-9999,197274.3,10.99,-1,-0.566194829,0.943491239,0,0.566094743,14,0.35,0.85,N2 S1 P1 O7,de-protonated,0,-9999,C20 H17 O7 N2 P1 S1,20,17,7,2,1,1,-9999,-9999,-9999
2432,459.042076,459.041872707,459.041481166,1988852.6,-9999,197274.3,10.99,-1,0.852954284,0.876332629,0,0.525799578,5,0.75,1.75,N4 S2 P1 O9,de-protonated,0,-9999,C12 H21 O9 N4 P1 S2,12,21,9,4,1,2,-9999,-9999,-9999
2433,459.057097,459.056893701,459.056899498,2678007.3,-9999,249345.2,15.63,-1,-0.012627588,0.999971067,0,0.59998264,14,0.571428571,0.761904762,O12,de-protonated,0,-9999,C21 H16 O12,21,16,12,-9999,-9999,-9999,-9999,-9999,-9999
2433,459.057097,459.056893701,459.056737307,2678007.3,-9999,249345.2,15.63,-1,0.340686751,0.979159931,0,0.587495958,9,0.375,1.3125,N4 S2 P1 O6,de-protonated,0,-9999,C16 H21 O6 N4 P1 S2,16,21,6,4,1,2,-9999,-9999,-9999
2434,459.078323,459.078119694,459.078028866,3205371,-9999,240082.4,19.19,-1,0.197847199,0.992922624,0,0.595753575,9,0.777777778,1.111111111,O14,de-protonated,0,-9999,C18 H20 O14,18,20,14,-9999,-9999,-9999,-9999,-9999,-9999
2434,459.078323,459.078119694,459.078518124,3205371,-9999,240082.4,19.19,-1,-0.867890856,0.872255043,0,0.523353026,13,0.285714286,1,N2 S1 P1 O6,de-protonated,0,-9999,C21 H21 O6 N2 P1 S1,21,21,6,2,1,1,-9999,-9999,-9999
2434,459.078323,459.078119694,459.077866675,3205371,-9999,240082.4,19.19,-1,0.551145351,0.946374349,0,0.567824609,4,0.615384615,1.923076923,N4 S2 P1 O8,de-protonated,0,-9999,C13 H25 O8 N4 P1 S2,13,25,8,4,1,2,-9999,-9999,-9999
2435,459.093645,459.093441688,459.093285008,2678013.8,-9999,230973.5,15.63,-1,0.341282145,0.979087793,0,0.587452676,13,0.5,0.909090909,O11,de-protonated,0,-9999,C22 H20 O11,22,20,11,-9999,-9999,-9999,-9999,-9999,-9999
2435,459.093645,459.093441688,459.093774265,2678013.8,-9999,230973.5,15.63,-1,-0.724420647,0.909171441,0,0.545502865,17,0.12,0.84,N2 S1 P1 O3,de-protonated,0,-9999,C25 H21 O3 N2 P1 S1,25,21,3,2,1,1,-9999,-9999,-9999
2435,459.093645,459.093441688,459.093122816,2678013.8,-9999,230973.5,15.63,-1,0.694568608,0.916186363,0,0.549711818,8,0.294117647,1.470588235,N4 S2 P1 O5,de-protonated,0,-9999,C17 H25 O5 N4 P1 S2,17,25,5,4,1,2,-9999,-9999,-9999
2436,459.114732,459.11452868,459.114414376,3739905.5,-9999,226189.4,22.79,-1,0.2489673,0.988815966,0,0.59328958,8,0.684210526,1.263157895,O13,de-protonated,0,-9999,C19 H24 O13,19,24,13,-9999,-9999,-9999,-9999,-9999,-9999
2436,459.114732,459.11452868,459.114903633,3739905.5,-9999,226189.4,22.79,-1,-0.816686348,0.886014444,0,0.531608666,12,0.227272727,1.136363636,N2 S1 P1 O5,de-protonated,0,-9999,C22 H25 O5 N2 P1 S1,22,25,5,2,1,1,-9999,-9999,-9999
2436,459.114732,459.11452868,459.114252184,3739905.5,-9999,226189.4,22.79,-1,0.602237471,0.936309103,0,0.561785462,3,0.5,2.071428571,N4 S2 P1 O7,de-protonated,0,-9999,C14 H29 O7 N4 P1 S2,14,29,7,4,1,2,-9999,-9999,-9999
2437,459.130202,459.129998674,459.129670517,1630468.3,-9999,287787,8.57,-1,0.714738083,0.911473137,0,0.546883882,12,0.434782609,1.043478261,O10,de-protonated,0,-9999,C23 H24 O10,23,24,10,-9999,-9999,-9999,-9999,-9999,-9999
2437,459.130202,459.129998674,459.130159774,1630468.3,-9999,287787,8.57,-1,-0.350880652,0.977908218,0,0.586744931,16,0.076923077,0.961538462,N2 S1 P1 O2,de-protonated,0,-9999,C26 H25 O2 N2 P1 S1,26,25,2,2,1,1,-9999,-9999,-9999
2438,459.151036,459.150832667,459.150799885,1776904,-9999,264437.2,9.56,-1,0.071396345,0.999075504,0,0.599445302,7,0.6,1.4,O12,de-protonated,0,-9999,C20 H28 O12,20,28,12,-9999,-9999,-9999,-9999,-9999,-9999
2438,459.151036,459.150832667,459.151289142,1776904,-9999,264437.2,9.56,-1,-0.994172665,0.835821569,0,0.501492941,11,0.173913043,1.260869565,N2 S1 P1 O4,de-protonated,0,-9999,C23 H29 O4 N2 P1 S1,23,29,4,2,1,1,-9999,-9999,-9999
2438,459.151036,459.150832667,459.150637694,1776904,-9999,264437.2,9.56,-1,0.424638459,0.967811026,0,0.580686616,2,0.4,2.2,N4 S2 P1 O6,de-protonated,0,-9999,C15 H33 O6 N4 P1 S2,15,33,6,4,1,2,-9999,-9999,-9999
2439,459.209911,459.209707645,459.209455468,1591570.5,-9999,283529.6,8.31,-1,0.549153453,0.946750776,0,0.568050466,14,0.103448276,1.137931034,P1 O3,de-protonated,0,-9999,C29 H33 O3 P1,29,33,3,-9999,1,-9999,-9999,-9999,-9999
2439,459.209911,459.209707645,459.209652173,1591570.5,-9999,283529.6,8.31,-1,0.120798785,0.99735574,0,0.598413444,6,0.473684211,1.684210526,N4 O9,de-protonated,0,-9999,C19 H32 O9 N4,19,32,9,4,-9999,-9999,-9999,-9999,-9999
2440,459.246393,459.246189631,459.245840978,2522393,-9999,249669.7,14.58,-1,0.759187289,0.900702077,0,0.540421246,13,0.066666667,1.233333333,P1 O2,de-protonated,0,-9999,C30 H37 O2 P1,30,37,2,-9999,1,-9999,-9999,-9999,-9999
2440,459.246393,459.246189631,459.246037682,2522393,-9999,249669.7,14.58,-1,0.330866469,0.98033232,0,0.588199392,5,0.4,1.8,N4 O8,de-protonated,0,-9999,C20 H36 O8 N4,20,36,8,4,-9999,-9999,-9999,-9999,-9999
2442,459.39776,459.397556575,459.397256242,2182452,-9999,265548.9,12.29,-1,0.653755342,0.925380337,0,0.555228202,0,0.111111111,2.111111111,P1 O3,de-protonated,0,-9999,C27 H57 O3 P1,27,57,3,-9999,1,-9999,-9999,-9999,-9999
2443,460.205207,460.205003276,460.204704441,1967043.6,-9999,265475.3,10.84,-1,0.649354233,0.926343817,0,0.55580629,14,0.107142857,1.142857143,N1 P1 O3,de-protonated,0,-9999,C28 H32 O3 N1 P1,28,32,3,1,1,-9999,-9999,-9999,-9999
2446,460.9655,460.965295995,460.965599825,1883210.9,-9999,291153.2,10.27,-1,-0.65911628,0.92419931,0,0.554519586,20,0.3,0.3,N4 S2 O6,de-protonated,0,-9999,C20 H6 O6 N4 S2,20,6,6,4,-9999,2,-9999,-9999,-9999
2447,461.035109,461.034904969,461.034664451,1964119.3,-9999,219690.9,10.82,-1,0.521691455,0.951816102,0,0.571089661,4,0.785714286,1.642857143,S2 P1 O11,de-protonated,0,-9999,C14 H23 O11 P1 S2,14,23,11,-9999,1,2,-9999,-9999,-9999
2447,461.035109,461.034904969,461.03499954,1964119.3,-9999,219690.9,10.82,-1,-0.205127757,0.992394183,0,0.59543651,23,0.16,0.4,N4 S1 O4,de-protonated,0,-9999,C25 H10 O4 N4 S1,25,10,4,4,-9999,1,-9999,-9999,-9999
2447,461.035109,461.034904969,461.035132482,1964119.3,-9999,219690.9,10.82,-1,-0.493482577,0.956774736,0,0.574064841,10,0.857142857,1.071428571,N4 P1 O12,de-protonated,0,-9999,C14 H15 O12 N4 P1,14,15,12,4,1,-9999,-9999,-9999,-9999
2448,461.057371,461.057166961,461.057293421,2165851.3,-9999,223250.2,12.18,-1,-0.274283276,0.986442124,0,0.591865274,9,0.882352941,1.058823529,O15,de-protonated,0,-9999,C17 H18 O15,17,18,15,-9999,-9999,-9999,-9999,-9999,-9999
2448,461.057371,461.057166961,461.056780357,2165851.3,-9999,223250.2,12.18,-1,0.838516993,0.880224297,0,0.528134578,27,0.133333333,0.333333333,N2 O4,de-protonated,0,-9999,C30 H10 O4 N2,30,10,4,2,-9999,-9999,-9999,-9999,-9999
2448,461.057371,461.057166961,461.05713123,2165851.3,-9999,223250.2,12.18,-1,0.077498042,0.998910822,0,0.599346493,4,0.75,1.916666667,N4 S2 P1 O9,de-protonated,0,-9999,C12 H23 O9 N4 P1 S2,12,23,9,4,1,2,-9999,-9999,-9999
2449,461.072846,461.072641955,461.072549563,3478110,-9999,234799.8,21.03,-1,0.20038642,0.992740458,0,0.595644275,13,0.571428571,0.857142857,O12,de-protonated,0,-9999,C21 H18 O12,21,18,12,-9999,-9999,-9999,-9999,-9999,-9999
2449,461.072846,461.072641955,461.07303882,3478110,-9999,234799.8,21.03,-1,-0.860741443,0.874213244,0,0.524527947,17,0.166666667,0.791666667,N2 S1 P1 O4,de-protonated,0,-9999,C24 H19 O4 N2 P1 S1,24,19,4,2,1,1,-9999,-9999,-9999
2449,461.072846,461.072641955,461.072387371,3478110,-9999,234799.8,21.03,-1,0.552156265,0.946182844,0,0.567709706,8,0.375,1.4375,N4 S2 P1 O6,de-protonated,0,-9999,C16 H23 O6 N4 P1 S2,16,23,6,4,1,2,-9999,-9999,-9999
2450,461.093819,461.093614948,461.093678931,1835105.6,-9999,270674.9,9.95,-1,-0.138763874,0.996512227,0,0.597907336,8,0.777777778,1.222222222,O14,de-protonated,0,-9999,C18 H22 O14,18,22,14,-9999,-9999,-9999,-9999,-9999,-9999
2450,461.093819,461.093614948,461.093165866,1835105.6,-9999,270674.9,9.95,-1,0.973948733,0.841879915,0,0.505127949,26,0.096774194,0.451612903,N2 O3,de-protonated,0,-9999,C31 H14 O3 N2,31,14,3,2,-9999,-9999,-9999,-9999,-9999
2450,461.093819,461.093614948,461.093516739,1835105.6,-9999,270674.9,9.95,-1,0.212989732,0.991802433,0,0.59508146,3,0.615384615,2.076923077,N4 S2 P1 O8,de-protonated,0,-9999,C13 H27 O8 N4 P1 S2,13,27,8,4,1,2,-9999,-9999,-9999
2451,461.109226,461.109021942,461.108935072,2419300.3,-9999,271819.6,13.89,-1,0.188393361,0.993580705,0,0.596148423,12,0.5,1,O11,de-protonated,0,-9999,C22 H22 O11,22,22,11,-9999,-9999,-9999,-9999,-9999,-9999
2451,461.109226,461.109021942,461.109424329,2419300.3,-9999,271819.6,13.89,-1,-0.872650756,0.870944796,0,0.522566878,16,0.12,0.92,N2 S1 P1 O3,de-protonated,0,-9999,C25 H23 O3 N2 P1 S1,25,23,3,2,1,1,-9999,-9999,-9999
2451,461.109226,461.109021942,461.108772881,2419300.3,-9999,271819.6,13.89,-1,0.540135445,0.948439779,0,0.569063867,7,0.294117647,1.588235294,N4 S2 P1 O5,de-protonated,0,-9999,C17 H27 O5 N4 P1 S2,17,27,5,4,1,2,-9999,-9999,-9999
2452,461.130346,461.130141934,461.13006444,1572712.1,-9999,232237.7,8.18,-1,0.168052337,0.994888708,0,0.596933225,7,0.684210526,1.368421053,O13,de-protonated,0,-9999,C19 H26 O13,19,26,13,-9999,-9999,-9999,-9999,-9999,-9999
2452,461.130346,461.130141934,461.130553697,1572712.1,-9999,232237.7,8.18,-1,-0.892943141,0.86530118,0,0.519180708,11,0.227272727,1.227272727,N2 S1 P1 O5,de-protonated,0,-9999,C22 H27 O5 N2 P1 S1,22,27,5,2,1,1,-9999,-9999,-9999
2452,461.130346,461.130141934,461.129902249,1572712.1,-9999,232237.7,8.18,-1,0.519778296,0.95216028,0,0.571296168,2,0.5,2.214285714,N4 S2 P1 O7,de-protonated,0,-9999,C14 H31 O7 N4 P1 S2,14,31,7,4,1,2,-9999,-9999,-9999
2453,461.145687,461.145482928,461.145320581,2199658.8,-9999,205069.5,12.4,-1,0.35205175,0.97776216,0,0.586657296,11,0.434782609,1.130434783,O10,de-protonated,0,-9999,C23 H26 O10,23,26,10,-9999,-9999,-9999,-9999,-9999,-9999
2453,461.145687,461.145482928,461.145809839,2199658.8,-9999,205069.5,12.4,-1,-0.708908823,0.912846674,0,0.547708004,15,0.076923077,1.038461538,N2 S1 P1 O2,de-protonated,0,-9999,C26 H27 O2 N2 P1 S1,26,27,2,2,1,1,-9999,-9999,-9999
2453,461.145687,461.145482928,461.14515839,2199658.8,-9999,205069.5,12.4,-1,0.703766138,0.914050795,0,0.548430477,6,0.222222222,1.722222222,N4 S2 P1 O4,de-protonated,0,-9999,C18 H31 O4 N4 P1 S2,18,31,4,4,1,2,-9999,-9999,-9999
2454,461.189227,461.189022912,461.188720024,1986674.6,-9999,245057.8,10.97,-1,0.656756635,0.924720147,0,0.554832088,14,0.142857143,1.107142857,P1 O4,de-protonated,0,-9999,C28 H31 O4 P1,28,31,4,-9999,1,-9999,-9999,-9999,-9999
2454,461.189227,461.189022912,461.188916728,1986674.6,-9999,245057.8,10.97,-1,0.230240272,0.990427411,0,0.594256447,6,0.555555556,1.666666667,N4 O10,de-protonated,0,-9999,C18 H30 O10 N4,18,30,10,4,-9999,-9999,-9999,-9999,-9999
2455,461.194971,461.19476691,461.194460309,1597043.6,-9999,241460,8.34,-1,0.664798934,0.922938544,0,0.553763126,18,0.03125,0.9375,S1 O1,de-protonated,0,-9999,C32 H30 O1 S1,32,30,1,-9999,-9999,1,-9999,-9999,-9999
2455,461.194971,461.19476691,461.19459325,1597043.6,-9999,241460,8.34,-1,0.376543564,0.9746014,0,0.58476084,5,0.428571429,1.666666667,P1 O9,de-protonated,0,-9999,C21 H35 O9 P1,21,35,9,-9999,1,-9999,-9999,-9999,-9999
2456,461.218647,461.218442901,461.2180916,1565815.9,-9999,250421.2,8.13,-1,0.761681554,0.900082323,0,0.540049394,9,0.32,1.36,O8,de-protonated,0,-9999,C25 H34 O8,25,34,8,-9999,-9999,-9999,-9999,-9999,-9999
2460,462.999036,462.998831242,462.99881125,4759475.5,-9999,224423.2,29.66,-1,0.043180876,0.499830865,0.755017935,0.601905693,27,0.066666667,0.3,S1 P1 O2,de-protonated,0,-9999,C30 H9 O2 P1 S1,30,9,2,-9999,1,1,-9999,-9999,-9999
2460,462.999036,462.998831242,462.999007954,4759475.5,-9999,224423.2,29.66,-1,-0.381667763,0.486957289,0.822155738,0.621036669,19,0.4,0.4,N4 S1 O8,de-protonated,0,-9999,C20 H8 O8 N4 S1,20,8,8,4,-9999,1,-9999,-9999,-9999
2461,463.052222,463.052017223,463.051814118,3764157,-9999,238549.7,22.95,-1,0.43862251,0.965693426,0,0.579416056,13,0.65,0.8,O13,de-protonated,0,-9999,C20 H16 O13,20,16,13,-9999,-9999,-9999,-9999,-9999,-9999
2461,463.052222,463.052017223,463.052303375,3764157,-9999,238549.7,22.95,-1,-0.617969934,0.933053381,0,0.559832029,17,0.217391304,0.739130435,N2 S1 P1 O5,de-protonated,0,-9999,C23 H17 O5 N2 P1 S1,23,17,5,2,1,1,-9999,-9999,-9999
2461,463.052222,463.052017223,463.051651926,3764157,-9999,238549.7,22.95,-1,0.788888836,0.893218729,0,0.535931237,8,0.466666667,1.4,N4 S2 P1 O7,de-protonated,0,-9999,C15 H21 O7 N4 P1 S2,15,21,7,4,1,2,-9999,-9999,-9999
2462,463.088571,463.088366209,463.088199627,4286403.5,-9999,224475.9,26.47,-1,0.359720125,0.976794292,0,0.586076575,12,0.571428571,0.952380952,O12,de-protonated,0,-9999,C21 H20 O12,21,20,12,-9999,-9999,-9999,-9999,-9999,-9999
2462,463.088571,463.088366209,463.088688884,4286403.5,-9999,224475.9,26.47,-1,-0.696789217,0.457836439,0.793917021,0.592268672,16,0.166666667,0.875,N2 S1 P1 O4,de-protonated,0,-9999,C24 H21 O4 N2 P1 S1,24,21,4,2,1,1,-9999,-9999,-9999
2462,463.088571,463.088366209,463.088037436,4286403.5,-9999,224475.9,26.47,-1,0.709958903,0.912599924,0,0.547559954,7,0.375,1.5625,N4 S2 P1 O6,de-protonated,0,-9999,C16 H25 O6 N4 P1 S2,16,25,6,4,1,2,-9999,-9999,-9999
2463,463.124914,463.124709196,463.124585136,3115978,-9999,244426.8,18.58,-1,0.267874666,0.987064212,0,0.592238527,11,0.5,1.090909091,O11,de-protonated,0,-9999,C22 H24 O11,22,24,11,-9999,-9999,-9999,-9999,-9999,-9999
2463,463.124914,463.124709196,463.125074394,3115978,-9999,244426.8,18.58,-1,-0.788551574,0.893304958,0,0.535982975,15,0.12,1,N2 S1 P1 O3,de-protonated,0,-9999,C25 H25 O3 N2 P1 S1,25,25,3,2,1,1,-9999,-9999,-9999
2463,463.124914,463.124709196,463.124422945,3115978,-9999,244426.8,18.58,-1,0.618085895,0.933029115,0,0.559817469,6,0.294117647,1.705882353,N4 S2 P1 O5,de-protonated,0,-9999,C17 H29 O5 N4 P1 S2,17,29,5,4,1,2,-9999,-9999,-9999
2464,463.161121,463.160916182,463.160970646,2341840.3,-9999,241608.4,13.36,-1,-0.117590667,0.997494151,0,0.598496491,10,0.434782609,1.217391304,O10,de-protonated,0,-9999,C23 H28 O10,23,28,10,-9999,-9999,-9999,-9999,-9999,-9999
2464,463.161121,463.160916182,463.160808454,2341840.3,-9999,241608.4,13.36,-1,0.232592915,0.990231746,0,0.594139047,5,0.222222222,1.833333333,N4 S2 P1 O4,de-protonated,0,-9999,C18 H33 O4 N4 P1 S2,18,33,4,4,1,2,-9999,-9999,-9999
2466,464.99615,464.995944503,464.995562543,1834260.8,-9999,206679.3,9.94,-1,0.821426808,0.884766908,0,0.530860145,13,0.526315789,0.736842105,S2 O10,de-protonated,0,-9999,C19 H14 O10 S2,19,14,10,-9999,-9999,2,-9999,-9999,-9999
2466,464.99615,464.995944503,464.996030574,1834260.8,-9999,206679.3,9.94,-1,-0.185100138,0.993802478,0,0.596281487,19,0.578947368,0.315789474,N4 O11,de-protonated,0,-9999,C19 H6 O11 N4,19,6,11,4,-9999,-9999,-9999,-9999,-9999
2467,465.029047,465.028841491,465.028576749,1925658.6,-9999,155598.7,10.55,-1,0.569301819,0.942887459,0,0.565732476,17,0.391304348,0.608695652,S1 O9,de-protonated,0,-9999,C23 H14 O9 S1,23,14,9,-9999,-9999,1,-9999,-9999,-9999
2467,465.029047,465.028841491,465.029066007,1925658.6,-9999,155598.7,10.55,-1,-0.48279936,0.958587126,0,0.575152276,21,0.038461538,0.576923077,N2 S2 P1 O1,de-protonated,0,-9999,C26 H15 O1 N2 P1 S2,26,15,1,2,1,2,-9999,-9999,-9999
2468,465.067687,465.067481477,465.067464182,5202209.5,-9999,229521.9,32.65,-1,0.037187105,0.996345249,0.921256235,0.966309644,12,0.65,0.9,O13,de-protonated,0,-9999,C20 H18 O13,20,18,13,-9999,-9999,-9999,-9999,-9999,-9999
2468,465.067687,465.067481477,465.067301991,5202209.5,-9999,229521.9,32.65,-1,0.385935201,0.973335884,0,0.58400153,7,0.466666667,1.533333333,N4 S2 P1 O7,de-protonated,0,-9999,C15 H23 O7 N4 P1 S2,15,23,7,4,1,2,-9999,-9999,-9999
2469,465.103967,465.103761463,465.103849692,3524903.8,-9999,272720.2,21.34,-1,-0.18969584,0.993491927,0,0.596095156,11,0.571428571,1.047619048,O12,de-protonated,0,-9999,C21 H22 O12,21,22,12,-9999,-9999,-9999,-9999,-9999,-9999
2469,465.103967,465.103761463,465.103336627,3524903.8,-9999,272720.2,21.34,-1,0.913422784,0.429756164,0.73113591,0.550308062,29,0.029411765,0.411764706,N2 O1,de-protonated,0,-9999,C34 H14 O1 N2,34,14,1,2,-9999,-9999,-9999,-9999,-9999
2469,465.103967,465.103761463,465.1036875,3524903.8,-9999,272720.2,21.34,-1,0.159024894,0.995421871,0,0.597253123,6,0.375,1.6875,N4 S2 P1 O6,de-protonated,0,-9999,C16 H27 O6 N4 P1 S2,16,27,6,4,1,2,-9999,-9999,-9999
2470,465.140579,465.14037345,465.140235201,3218734.3,-9999,215259.9,19.27,-1,0.297219684,0.984098689,0,0.590459213,10,0.5,1.181818182,O11,de-protonated,0,-9999,C22 H26 O11,22,26,11,-9999,-9999,-9999,-9999,-9999,-9999
2470,465.140579,465.14037345,465.140724458,3218734.3,-9999,215259.9,19.27,-1,-0.754628649,0.901830613,0,0.541098368,14,0.12,1.08,N2 S1 P1 O3,de-protonated,0,-9999,C25 H27 O3 N2 P1 S1,25,27,3,2,1,1,-9999,-9999,-9999
2470,465.140579,465.14037345,465.14007301,3218734.3,-9999,215259.9,19.27,-1,0.645913309,0.927093256,0,0.556255954,5,0.294117647,1.823529412,N4 S2 P1 O5,de-protonated,0,-9999,C17 H31 O5 N4 P1 S2,17,31,5,4,1,2,-9999,-9999,-9999
2471,465.168816,465.168610439,465.168378502,4581683.5,-9999,231371.5,28.46,-1,0.498609822,0.925382869,0.908256923,0.918532491,9,0.347826087,1.347826087,P1 O8,de-protonated,0,-9999,C23 H31 O8 P1,23,31,8,-9999,1,-9999,-9999,-9999,-9999
2473,466.071117,466.070911105,466.070819017,1795538.3,-9999,244163.7,9.67,-1,0.197583808,0.992941389,0.921256235,0.964267327,12,0.65,0.9,13C1 O13,de-protonated,1,2468,C19 H18 O13 13C1,19,18,13,-9999,-9999,-9999,1,-9999,-9999
2473,466.071117,466.070911105,466.070596467,1795538.3,-9999,244163.7,9.67,-1,0.6750871,0.920632915,0,0.552379749,15,0.125,0.916666667,N1 S2 P1 O3,de-protonated,0,-9999,C24 H22 O3 N1 P1 S2,24,22,3,1,1,2,-9999,-9999,-9999
2474,466.172304,466.172098068,466.171733337,1880036.1,-9999,243499.6,10.24,-1,0.782396291,0.894873674,0.908256923,0.900226974,9,0.347826087,1.347826087,13C1 P1 O8,de-protonated,1,2471,C22 H31 O8 P1 13C1,22,31,8,-9999,1,-9999,1,-9999,-9999
2474,466.172304,466.172098068,466.171869682,1880036.1,-9999,243499.6,10.24,-1,0.489916767,0.957383697,0,0.574430218,9,0.454545455,1.318181818,N1 O10,de-protonated,0,-9999,C22 H29 O10 N1,22,29,10,1,-9999,-9999,-9999,-9999,-9999
2474,466.172304,466.172098068,466.17235894,1880036.1,-9999,243499.6,10.24,-1,-0.559604038,0.944762347,0,0.566857408,13,0.08,1.2,N3 S1 P1 O2,de-protonated,0,-9999,C25 H30 O2 N3 P1 S1,25,30,2,3,1,1,-9999,-9999,-9999
2476,467.047012,467.046805744,467.046728737,4237950,-9999,222460.6,26.14,-1,0.164880297,0.995079371,0,0.59704762199999994,12,0.736842105,0.842105263,O14,de-protonated,0,-9999,C19 H16 O14,19,16,14,-9999,-9999,-9999,-9999,-9999,-9999
2476,467.047012,467.046805744,467.047217995,4237950,-9999,222460.6,26.14,-1,-0.882674237,0.868168745,0,0.520901247,16,0.272727273,0.772727273,N2 S1 P1 O6,de-protonated,0,-9999,C22 H17 O6 N2 P1 S1,22,17,6,2,1,1,-9999,-9999,-9999
2476,467.047012,467.046805744,467.046566546,4237950,-9999,222460.6,26.14,-1,0.512150501,0.95352117,0,0.572112702,7,0.571428571,1.5,N4 S2 P1 O8,de-protonated,0,-9999,C14 H21 O8 N4 P1 S2,14,21,8,4,1,2,-9999,-9999,-9999
2477,467.051881,467.051674742,467.051240747,1942654.8,-9999,235531.1,10.66,-1,0.929224918,0.854983172,0,0.512989903,20,0.148148148,0.62962963,S1 P1 O4,de-protonated,0,-9999,C27 H17 O4 P1 S1,27,17,4,-9999,1,1,-9999,-9999,-9999
2477,467.051881,467.051674742,467.0520889,1942654.8,-9999,235531.1,10.66,-1,-0.886748029,0.867033984,0,0.52022039,21,0.32,0.48,N2 O8,de-protonated,0,-9999,C25 H12 O8 N2,25,12,8,2,-9999,-9999,-9999,-9999,-9999
2477,467.051881,467.051674742,467.051437451,1942654.8,-9999,235531.1,10.66,-1,0.508062158,0.954243086,0,0.572545851,12,0.588235294,0.941176471,N4 S1 O10,de-protonated,0,-9999,C17 H16 O10 N4 S1,17,16,10,4,-9999,1,-9999,-9999,-9999
2478,467.083469,467.083262731,467.083114247,6132356,-9999,230227.5,38.92,-1,0.317896227,0.99089881,0.966971177,0.981327757,11,0.65,1,O13,de-protonated,0,-9999,C20 H20 O13,20,20,13,-9999,-9999,-9999,-9999,-9999,-9999
2478,467.083469,467.083262731,467.083603504,6132356,-9999,230227.5,38.92,-1,-0.729576864,0.453967748,0.800793265,0.592697955,15,0.217391304,0.913043478,N2 S1 P1 O5,de-protonated,0,-9999,C23 H21 O5 N2 P1 S1,23,21,5,2,1,1,-9999,-9999,-9999
2478,467.083469,467.083262731,467.082952055,6132356,-9999,230227.5,38.92,-1,0.665139432,0.922862711,0,0.553717627,6,0.466666667,1.666666667,N4 S2 P1 O7,de-protonated,0,-9999,C15 H25 O7 N4 P1 S2,15,25,7,4,1,2,-9999,-9999,-9999
2479,467.103152,467.102945723,467.103079102,1868935.8,-9999,234480.8,10.17,-1,-0.285543945,0.98531442,0,0.591188652,15,0.272727273,0.909090909,N4 S1 O6,de-protonated,0,-9999,C22 H20 O6 N4 S1,22,20,6,4,-9999,1,-9999,-9999,-9999
2480,467.119917,467.119710717,467.119499756,4915850.5,-9999,242992.6,30.71,-1,0.451621307,0.981820213,0.960394203,0.973249809,10,0.571428571,1.142857143,O12,de-protonated,0,-9999,C21 H24 O12,21,24,12,-9999,-9999,-9999,-9999,-9999,-9999
2480,467.119917,467.119710717,467.119989013,4915850.5,-9999,242992.6,30.71,-1,-0.595770332,0.468813149,0.793917021,0.598854698,14,0.166666667,1.041666667,N2 S1 P1 O4,de-protonated,0,-9999,C24 H25 O4 N2 P1 S1,24,25,4,2,1,1,-9999,-9999,-9999
2480,467.119917,467.119710717,467.119337565,4915850.5,-9999,242992.6,30.71,-1,0.798837511,0.89066232,0,0.534397392,5,0.375,1.8125,N4 S2 P1 O6,de-protonated,0,-9999,C16 H29 O6 N4 P1 S2,16,29,6,4,1,2,-9999,-9999,-9999
2481,467.156168,467.155961704,467.155885265,3502737,-9999,230445.1,21.18,-1,0.163624936,0.995153833,0,0.5970923,9,0.5,1.272727273,O11,de-protonated,0,-9999,C22 H28 O11,22,28,11,-9999,-9999,-9999,-9999,-9999,-9999
2481,467.156168,467.155961704,467.156374523,3502737,-9999,230445.1,21.18,-1,-0.883684824,0.867887593,0,0.520732556,13,0.12,1.16,N2 S1 P1 O3,de-protonated,0,-9999,C25 H29 O3 N2 P1 S1,25,29,3,2,1,1,-9999,-9999,-9999
2481,467.156168,467.155961704,467.155723074,3502737,-9999,230445.1,21.18,-1,0.510813996,0.953757745,0,0.572254647,4,0.294117647,1.941176471,N4 S2 P1 O5,de-protonated,0,-9999,C17 H33 O5 N4 P1 S2,17,33,5,4,1,2,-9999,-9999,-9999
2482,467.192519,467.19231269,467.192270775,1597591.4,-9999,278543.4,8.34,-1,0.089717981,0.998540528,0,0.599124317,8,0.434782609,1.391304348,O10,de-protonated,0,-9999,C23 H32 O10,23,32,10,-9999,-9999,-9999,-9999,-9999,-9999
2482,467.192519,467.19231269,467.192760032,1597591.4,-9999,278543.4,8.34,-1,-0.957510135,0.846744052,0,0.508046431,12,0.076923077,1.269230769,N2 S1 P1 O2,de-protonated,0,-9999,C26 H33 O2 N2 P1 S1,26,33,2,2,1,1,-9999,-9999,-9999
2482,467.192519,467.19231269,467.192108583,1597591.4,-9999,278543.4,8.34,-1,0.436879976,0.965960783,0,0.57957647,3,0.222222222,2.055555556,N4 S2 P1 O4,de-protonated,0,-9999,C18 H37 O4 N4 P1 S2,18,37,4,4,1,2,-9999,-9999,-9999
2483,468.086682,468.086475359,468.086469082,1638708.3,-9999,247678.9,8.61,-1,0.013411142,0.999967365,0.966971177,0.98676889,11,0.65,1,13C1 O13,de-protonated,1,2478,C19 H20 O13 13C1,19,20,13,-9999,-9999,-9999,1,-9999,-9999
2483,468.086682,468.086475359,468.086246532,1638708.3,-9999,247678.9,8.61,-1,0.488858145,0.95756371,0,0.574538226,14,0.125,1,N1 S2 P1 O3,de-protonated,0,-9999,C24 H24 O3 N1 P1 S2,24,24,3,1,1,2,-9999,-9999,-9999
2484,468.123067,468.122860346,468.122854591,1424698.6,-9999,254253,7.17,-1,0.012293263,0.999972579,0.960394203,0.984141229,10,0.571428571,1.142857143,13C1 O12,de-protonated,1,2480,C20 H24 O12 13C1,20,24,12,-9999,-9999,-9999,1,-9999,-9999
2484,468.123067,468.122860346,468.122632041,1424698.6,-9999,254253,7.17,-1,0.48770331,0.957759679,0,0.574655807,13,0.08,1.12,N1 S2 P1 O2,de-protonated,0,-9999,C25 H28 O2 N1 P1 S2,25,28,2,1,1,2,-9999,-9999,-9999
2486,468.978545,468.978338029,468.978212202,3694544.3,-9999,238484.2,22.48,-1,0.268299783,0.987023389,0,0.592214033,8,0.846153846,1.153846154,N2 S2 P1 O11,de-protonated,0,-9999,C13 H15 O11 N2 P1 S2,13,15,11,2,1,2,-9999,-9999,-9999
2487,469.049254,469.049047003,469.049132746,1826268.6,-9999,252689.9,9.88,-1,-0.182802488,0.99395492,0,0.596372952,19,0.074074074,0.703703704,S2 P1 O2,de-protonated,0,-9999,C27 H19 O2 P1 S2,27,19,2,-9999,1,2,-9999,-9999,-9999
2487,469.049254,469.049047003,469.049329451,1826268.6,-9999,252689.9,9.88,-1,-0.602170861,0.936322733,0,0.56179364,11,0.470588235,1.058823529,N4 S2 O8,de-protonated,0,-9999,C17 H18 O8 N4 S2,17,18,8,4,-9999,2,-9999,-9999,-9999
2488,469.062855,469.062647998,469.062378802,5985247,-9999,215054.8,37.92,-1,0.573902831,0.470993998,0.829532115,0.614409244,11,0.736842105,0.947368421,O14,de-protonated,0,-9999,C19 H18 O14,19,18,14,-9999,-9999,-9999,-9999,-9999,-9999
2488,469.062855,469.062647998,469.062868059,5985247,-9999,215054.8,37.92,-1,-0.469150593,0.480424856,0.807789663,0.611370779,15,0.272727273,0.863636364,N2 S1 P1 O6,de-protonated,0,-9999,C22 H19 O6 N2 P1 S1,22,19,6,2,1,1,-9999,-9999,-9999
2488,469.062855,469.062647998,469.06221661,5985247,-9999,215054.8,37.92,-1,0.919680891,0.857725083,0,0.51463505,6,0.571428571,1.642857143,N4 S2 P1 O8,de-protonated,0,-9999,C14 H23 O8 N4 P1 S2,14,23,8,4,1,2,-9999,-9999,-9999
2489,469.099044,469.098836985,469.098764311,6996965.5,-9999,220427.7,44.74,-1,0.154921497,0.497827289,0.822155738,0.627558669,10,0.65,1.1,O13,de-protonated,0,-9999,C20 H22 O13,20,22,13,-9999,-9999,-9999,-9999,-9999,-9999
2489,469.099044,469.098836985,469.099253568,6996965.5,-9999,220427.7,44.74,-1,-0.888050587,0.433335183,0.800793265,0.580318416,14,0.217391304,1,N2 S1 P1 O5,de-protonated,0,-9999,C23 H23 O5 N2 P1 S1,23,23,5,2,1,1,-9999,-9999,-9999
2489,469.099044,469.098836985,469.09860212,6996965.5,-9999,220427.7,44.74,-1,0.500672591,0.477767305,0.860410506,0.630824585,5,0.466666667,1.8,N4 S2 P1 O7,de-protonated,0,-9999,C15 H27 O7 N4 P1 S2,15,27,7,4,1,2,-9999,-9999,-9999
2490,469.135346,469.135138971,469.13514982,4944875.5,-9999,222284.4,30.91,-1,-0.023126179,0.499951481,0.81490939,0.625934645,9,0.571428571,1.238095238,O12,de-protonated,0,-9999,C21 H26 O12,21,26,12,-9999,-9999,-9999,-9999,-9999,-9999
2490,469.135346,469.135138971,469.134987629,4944875.5,-9999,222284.4,30.91,-1,0.322598038,0.981293899,0,0.588776339,4,0.375,1.9375,N4 S2 P1 O6,de-protonated,0,-9999,C16 H31 O6 N4 P1 S2,16,31,6,4,1,2,-9999,-9999,-9999
2491,469.171772,469.171564958,469.17153533,2516466,-9999,183696.9,14.53,-1,0.063149322,0.999276674,0,0.599566004,8,0.5,1.363636364,O11,de-protonated,0,-9999,C22 H30 O11,22,30,11,-9999,-9999,-9999,-9999,-9999,-9999
2491,469.171772,469.171564958,469.172024587,2516466,-9999,183696.9,14.53,-1,-0.979660896,0.840176962,0,0.504106177,12,0.12,1.24,N2 S1 P1 O3,de-protonated,0,-9999,C25 H31 O3 N2 P1 S1,25,31,3,2,1,1,-9999,-9999,-9999
2491,469.171772,469.171564958,469.171373139,2516466,-9999,183696.9,14.53,-1,0.408846757,0.970125168,0,0.582075101,3,0.294117647,2.058823529,N4 S2 P1 O5,de-protonated,0,-9999,C17 H35 O5 N4 P1 S2,17,35,5,4,1,2,-9999,-9999,-9999
2493,470.225889,470.225681568,470.225439885,2896042,-9999,245639.2,17.09,-1,0.513970635,0.953198088,0,0.571918853,15,0.066666667,1.133333333,N1 P1 O2,de-protonated,0,-9999,C30 H34 O2 N1 P1,30,34,2,1,1,-9999,-9999,-9999,-9999
2494,471.041711,471.041503266,471.041643357,1521463.8,-9999,231539.6,7.82,-1,-0.297407481,0.984078749,0,0.590447249,11,0.833333333,0.888888889,O15,de-protonated,0,-9999,C18 H16 O15,18,16,15,-9999,-9999,-9999,-9999,-9999,-9999
2494,471.041711,471.041503266,471.041481166,1521463.8,-9999,231539.6,7.82,-1,0.046917357,0.999600668,0,0.599760401,6,0.692307692,1.615384615,N4 S2 P1 O9,de-protonated,0,-9999,C13 H21 O9 N4 P1 S2,13,21,9,4,1,2,-9999,-9999,-9999
2495,471.078377,471.078169252,471.078028866,5395774,-9999,234265.9,33.94,-1,0.29800959,0.492007368,0.829532115,0.627017267,10,0.736842105,1.052631579,O14,de-protonated,0,-9999,C19 H20 O14,19,20,14,-9999,-9999,-9999,-9999,-9999,-9999
2495,471.078377,471.078169252,471.078518124,5395774,-9999,234265.9,33.94,-1,-0.740580533,0.452637162,0.807789663,0.594698162,14,0.272727273,0.954545455,N2 S1 P1 O6,de-protonated,0,-9999,C22 H21 O6 N2 P1 S1,22,21,6,2,1,1,-9999,-9999,-9999
2495,471.078377,471.078169252,471.077866675,5395774,-9999,234265.9,33.94,-1,0.642308038,0.927874864,0,0.556724918,5,0.571428571,1.785714286,N4 S2 P1 O8,de-protonated,0,-9999,C14 H25 O8 N4 P1 S2,14,25,8,4,1,2,-9999,-9999,-9999
2496,471.093566,471.093358246,471.093285008,1856832.9,-9999,242320,10.08,-1,0.155465723,0.995624062,0,0.597374437,14,0.47826087,0.869565217,O11,de-protonated,0,-9999,C23 H20 O11,23,20,11,-9999,-9999,-9999,-9999,-9999,-9999
2496,471.093566,471.093358246,471.093774265,1856832.9,-9999,242320,10.08,-1,-0.883090617,0.868052933,0,0.52083176,18,0.115384615,0.807692308,N2 S1 P1 O3,de-protonated,0,-9999,C26 H21 O3 N2 P1 S1,26,21,3,2,1,1,-9999,-9999,-9999
2496,471.093566,471.093358246,471.093122816,1856832.9,-9999,242320,10.08,-1,0.499752972,0.955694135,0,0.573416481,9,0.277777778,1.388888889,N4 S2 P1 O5,de-protonated,0,-9999,C18 H25 O5 N4 P1 S2,18,25,5,4,1,2,-9999,-9999,-9999
2497,471.114745,471.114537239,471.114414376,5220676.5,-9999,232157.6,32.76,-1,0.260792189,0.493867522,0.822155738,0.625182809,9,0.65,1.2,O13,de-protonated,0,-9999,C20 H24 O13,20,24,13,-9999,-9999,-9999,-9999,-9999,-9999
2497,471.114745,471.114537239,471.114903633,5220676.5,-9999,232157.6,32.76,-1,-0.777717682,0.448029826,0.800793265,0.589135202,13,0.217391304,1.086956522,N2 S1 P1 O5,de-protonated,0,-9999,C23 H25 O5 N2 P1 S1,23,25,5,2,1,1,-9999,-9999,-9999
2497,471.114745,471.114537239,471.114252184,5220676.5,-9999,232157.6,32.76,-1,0.605064033,0.935729524,0,0.561437714,4,0.466666667,1.933333333,N4 S2 P1 O7,de-protonated,0,-9999,C15 H29 O7 N4 P1 S2,15,29,7,4,1,2,-9999,-9999,-9999
2498,471.151119,471.150911225,471.150799885,2944330.8,-9999,222819.9,17.41,-1,0.236315308,0.989918178,0,0.593950907,8,0.571428571,1.333333333,O12,de-protonated,0,-9999,C21 H28 O12,21,28,12,-9999,-9999,-9999,-9999,-9999,-9999
2498,471.151119,471.150911225,471.151289142,2944330.8,-9999,222819.9,17.41,-1,-0.802114336,0.889814914,0,0.533888948,12,0.166666667,1.208333333,N2 S1 P1 O4,de-protonated,0,-9999,C24 H29 O4 N2 P1 S1,24,29,4,2,1,1,-9999,-9999,-9999
2498,471.151119,471.150911225,471.150637694,2944330.8,-9999,222819.9,17.41,-1,0.580560556,0.940675183,0,0.56440511,3,0.375,2.0625,N4 S2 P1 O6,de-protonated,0,-9999,C16 H33 O6 N4 P1 S2,16,33,6,4,1,2,-9999,-9999,-9999
2499,471.244939,471.24473119,471.244700272,2145627,-9999,277682.3,12.03,-1,0.065610629,0.999219213,0,0.599531528,1,0.6,2,O12,de-protonated,0,-9999,C20 H40 O12,20,40,12,-9999,-9999,-9999,-9999,-9999,-9999
2499,471.244939,471.24473119,471.245189529,2145627,-9999,277682.3,12.03,-1,-0.97261192,0.842277514,0,0.505366508,5,0.173913043,1.782608696,N2 S1 P1 O4,de-protonated,0,-9999,C23 H41 O4 N2 P1 S1,23,41,4,2,1,1,-9999,-9999,-9999
2500,471.282438,471.282230177,471.282226487,1654113.6,-9999,233559.3,8.71,-1,0.007828434,0.99998888,0,0.599993328,13,0.03125,1.28125,P1 O1,de-protonated,0,-9999,C32 H41 O1 P1,32,41,1,-9999,1,-9999,-9999,-9999,-9999
2500,471.282438,471.282230177,471.282423192,1654113.6,-9999,233559.3,8.71,-1,-0.409552911,0.970023444,0,0.582014066,5,0.318181818,1.818181818,N4 O7,de-protonated,0,-9999,C22 H40 O7 N4,22,40,7,4,-9999,-9999,-9999,-9999,-9999
2502,472.211306,472.211097833,472.211447047,1600002.6,-9999,249329.7,8.35,-1,-0.73953001,0.905529768,0,0.543317861,5,0.130434783,1.739130435,N1 S2 P1 O3,de-protonated,0,-9999,C23 H40 O3 N1 P1 S2,23,40,3,1,1,2,-9999,-9999,-9999
2503,472.241649,472.241440821,472.24108995,4589064,-9999,224892.4,28.5,-1,0.742992362,0.452343385,0.755017935,0.573413205,14,0.066666667,1.2,N1 P1 O2,de-protonated,0,-9999,C30 H36 O2 N1 P1,30,36,2,1,1,-9999,-9999,-9999,-9999
2505,472.973534,472.973325551,472.973778271,1731206.4,-9999,251526,9.23,-1,-0.957178109,0.846841731,0,0.508105039,16,0.5,0.55,S1 P1 O10,de-protonated,0,-9999,C20 H11 O10 P1 S1,20,11,10,-9999,1,1,-9999,-9999,-9999
2506,473.036577,473.036368527,473.036164053,1988753.3,-9999,144486.1,10.97,-1,0.432258578,0.966665045,0,0.579999027,15,0.619047619,0.666666667,O13,de-protonated,0,-9999,C21 H14 O13,21,14,13,-9999,-9999,-9999,-9999,-9999,-9999
2506,473.036577,473.036368527,473.036653311,1988753.3,-9999,144486.1,10.97,-1,-0.60203244,0.936351052,0,0.561810631,19,0.208333333,0.625,N2 S1 P1 O5,de-protonated,0,-9999,C24 H15 O5 N2 P1 S1,24,15,5,2,1,1,-9999,-9999,-9999
2506,473.036577,473.036368527,473.036001862,1988753.3,-9999,144486.1,10.97,-1,0.775131846,0.896712751,0,0.53802765,10,0.4375,1.1875,N4 S2 P1 O7,de-protonated,0,-9999,C16 H19 O7 N4 P1 S2,16,19,7,4,1,2,-9999,-9999,-9999
2507,473.057632,473.057423519,473.057293421,3435157,-9999,249546.4,20.72,-1,0.275015497,0.986370136,0,0.591822082,10,0.833333333,1,O15,de-protonated,0,-9999,C18 H18 O15,18,18,15,-9999,-9999,-9999,-9999,-9999,-9999
2507,473.057632,473.057423519,473.057782679,3435157,-9999,249546.4,20.72,-1,-0.759229161,0.900691687,0,0.540415012,14,0.333333333,0.904761905,N2 S1 P1 O7,de-protonated,0,-9999,C21 H19 O7 N2 P1 S1,21,19,7,2,1,1,-9999,-9999,-9999
2507,473.057632,473.057423519,473.05713123,3435157,-9999,249546.4,20.72,-1,0.617873397,0.93307358,0,0.559844148,5,0.692307692,1.769230769,N4 S2 P1 O9,de-protonated,0,-9999,C13 H23 O9 N4 P1 S2,13,23,9,4,1,2,-9999,-9999,-9999
2508,473.073006,473.072797514,473.072549563,2058391.5,-9999,253071.3,11.44,-1,0.524129135,0.951375912,0,0.570825547,14,0.545454545,0.818181818,O12,de-protonated,0,-9999,C22 H18 O12,22,18,12,-9999,-9999,-9999,-9999,-9999,-9999
2508,473.073006,473.072797514,473.07303882,2058391.5,-9999,253071.3,11.44,-1,-0.510082427,0.953887003,0,0.572332202,18,0.16,0.76,N2 S1 P1 O4,de-protonated,0,-9999,C25 H19 O4 N2 P1 S1,25,19,4,2,1,1,-9999,-9999,-9999
2508,473.073006,473.072797514,473.072387371,2058391.5,-9999,253071.3,11.44,-1,0.866976064,0.87250626,0,0.523503756,9,0.352941176,1.352941176,N4 S2 P1 O6,de-protonated,0,-9999,C17 H23 O6 N4 P1 S2,17,23,6,4,1,2,-9999,-9999,-9999
2509,473.094059,473.093850506,473.093678931,4207259,-9999,227490.8,25.93,-1,0.362666553,0.97641712,0,0.585850272,9,0.736842105,1.157894737,O14,de-protonated,0,-9999,C19 H22 O14,19,22,14,-9999,-9999,-9999,-9999,-9999,-9999
2509,473.094059,473.093850506,473.094168188,4207259,-9999,227490.8,25.93,-1,-0.671498652,0.921440468,0,0.552864281,13,0.272727273,1.045454545,N2 S1 P1 O6,de-protonated,0,-9999,C22 H23 O6 N2 P1 S1,22,23,6,2,1,1,-9999,-9999,-9999
2509,473.094059,473.093850506,473.093516739,4207259,-9999,227490.8,25.93,-1,0.705498114,0.913646067,0,0.54818764,4,0.571428571,1.928571429,N4 S2 P1 O8,de-protonated,0,-9999,C14 H27 O8 N4 P1 S2,14,27,8,4,1,2,-9999,-9999,-9999
2510,473.109677,473.1094685,473.109804452,1789597.9,-9999,256603.3,9.63,-1,-0.710092422,0.912568528,0,0.547541117,12,0.25,1.083333333,S2 O6,de-protonated,0,-9999,C24 H26 O6 S2,24,26,6,-9999,-9999,2,-9999,-9999,-9999
2510,473.109677,473.1094685,473.109424329,1789597.9,-9999,256603.3,9.63,-1,0.093362827,0.998419631,0,0.599051779,17,0.115384615,0.884615385,N2 S1 P1 O3,de-protonated,0,-9999,C26 H23 O3 N2 P1 S1,26,23,3,2,1,1,-9999,-9999,-9999
2511,473.130343,473.130134493,473.13006444,2678433.5,-9999,264378.7,15.62,-1,0.148061769,0.996030131,0,0.597618078,8,0.65,1.3,O13,de-protonated,0,-9999,C20 H26 O13,20,26,13,-9999,-9999,-9999,-9999,-9999,-9999
2511,473.130343,473.130134493,473.130553697,2678433.5,-9999,264378.7,15.62,-1,-0.886023683,0.867236025,0,0.520341615,12,0.217391304,1.173913043,N2 S1 P1 O5,de-protonated,0,-9999,C23 H27 O5 N2 P1 S1,23,27,5,2,1,1,-9999,-9999,-9999
2511,473.130343,473.130134493,473.129902249,2678433.5,-9999,264378.7,15.62,-1,0.490866891,0.957221831,0,0.574333098,3,0.466666667,2.066666667,N4 S2 P1 O7,de-protonated,0,-9999,C15 H31 O7 N4 P1 S2,15,31,7,4,1,2,-9999,-9999,-9999
2512,473.225726,473.225517457,473.225105533,1701041.9,-9999,242839.5,9.03,-1,0.870461807,0.871547988,0,0.522928793,14,0.1,1.166666667,P1 O3,de-protonated,0,-9999,C30 H35 O3 P1,30,35,3,-9999,1,-9999,-9999,-9999,-9999
2512,473.225726,473.225517457,473.225302237,1701041.9,-9999,242839.5,9.03,-1,0.454793709,0.963165176,0,0.577899106,6,0.45,1.7,N4 O9,de-protonated,0,-9999,C20 H34 O9 N4,20,34,9,4,-9999,-9999,-9999,-9999,-9999
2513,473.262431,473.262222444,473.262557127,1591736.3,-9999,234608.1,8.29,-1,-0.707182324,0.913251721,0,0.547951032,4,0.136363636,1.909090909,N4 S2 O3,de-protonated,0,-9999,C22 H42 O3 N4 S2,22,42,3,4,-9999,2,-9999,-9999,-9999
2514,473.283008,473.282799436,473.28262041,4794043.5,-9999,223006.1,29.88,-1,0.378263983,0.983496604,0.978527061,0.981508787,8,0.142857143,1.535714286,P1 O4,de-protonated,0,-9999,C28 H43 O4 P1,28,43,4,-9999,1,-9999,-9999,-9999,-9999
2514,473.283008,473.282799436,473.282817115,4794043.5,-9999,223006.1,29.88,-1,-0.037353397000000003,0.999746861,0,0.599848117,0,0.555555556,2.333333333,N4 O10,de-protonated,0,-9999,C18 H42 O10 N4,18,42,10,4,-9999,-9999,-9999,-9999,-9999
2516,474.220844,474.220635089,474.220354505,2424669.3,-9999,234020.4,13.91,-1,0.591674016,0.938454206,0,0.563072524,14,0.103448276,1.172413793,N1 P1 O3,de-protonated,0,-9999,C29 H34 O3 N1 P1,29,34,3,1,1,-9999,-9999,-9999,-9999
2517,474.28628,474.286071065,474.285975245,1631592.4,-9999,214259.2,8.52,-1,0.202028664,0.992621423,0.978527061,0.986983678,8,0.142857143,1.535714286,13C1 P1 O4,de-protonated,1,2514,C27 H43 O4 P1 13C1,27,43,4,-9999,1,-9999,1,-9999,-9999
2517,474.28628,474.286071065,474.286111591,1631592.4,-9999,214259.2,8.52,-1,-0.085446858,0.99867609,0,0.599205654,8,0.222222222,1.518518519,N1 O6,de-protonated,0,-9999,C27 H41 O6 N1,27,41,6,1,-9999,-9999,-9999,-9999,-9999
2518,474.981183,474.980973807,474.981249889,3115999.8,-9999,220924.3,18.49,-1,-0.581248123,0.940538847,0,0.564323308,20,0.285714286,0.380952381,N4 S2 O6,de-protonated,0,-9999,C21 H8 O6 N4 S2,21,8,6,4,-9999,2,-9999,-9999,-9999
2519,475.052172,475.051962781,475.051814118,2837483.8,-9999,248081.4,16.62,-1,0.312941559,0.982387241,0,0.589432345,14,0.619047619,0.761904762,O13,de-protonated,0,-9999,C21 H16 O13,21,16,13,-9999,-9999,-9999,-9999,-9999,-9999
2519,475.052172,475.051962781,475.052303375,2837483.8,-9999,248081.4,16.62,-1,-0.716960832,0.910946981,0,0.546568188,18,0.208333333,0.708333333,N2 S1 P1 O5,de-protonated,0,-9999,C24 H17 O5 N2 P1 S1,24,17,5,2,1,1,-9999,-9999,-9999
2519,475.052172,475.051962781,475.051651926,2837483.8,-9999,248081.4,16.62,-1,0.654359971,0.925247543,0,0.555148526,9,0.4375,1.3125,N4 S2 P1 O7,de-protonated,0,-9999,C16 H21 O7 N4 P1 S2,16,21,7,4,1,2,-9999,-9999,-9999
2520,475.073168,475.072958773,475.072943486,2151919.5,-9999,256776,12.02,-1,0.03217953,0.999812124,0,0.599887274,9,0.833333333,1.111111111,O15,de-protonated,0,-9999,C18 H20 O15,18,20,15,-9999,-9999,-9999,-9999,-9999,-9999
2520,475.073168,475.072958773,475.073432743,2151919.5,-9999,256776,12.02,-1,-0.997676766,0.834763715,0,0.500858229,13,0.333333333,1,N2 S1 P1 O7,de-protonated,0,-9999,C21 H21 O7 N2 P1 S1,21,21,7,2,1,1,-9999,-9999,-9999
2520,475.073168,475.072958773,475.072781294,2151919.5,-9999,256776,12.02,-1,0.373582662,0.97499425,0,0.58499655,4,0.692307692,1.923076923,N4 S2 P1 O9,de-protonated,0,-9999,C13 H25 O9 N4 P1 S2,13,25,9,4,1,2,-9999,-9999,-9999
2521,475.08836,475.088150768,475.088199627,3415026,-9999,217572.4,20.5,-1,-0.102842564,0.998082731,0,0.598849639,13,0.545454545,0.909090909,O12,de-protonated,0,-9999,C22 H20 O12,22,20,12,-9999,-9999,-9999,-9999,-9999,-9999
2521,475.08836,475.088150768,475.087686563,3415026,-9999,217572.4,20.5,-1,0.977093228,0.42047163,0.725399619,0.542442825,31,0.028571429,0.342857143,N2 O1,de-protonated,0,-9999,C35 H12 O1 N2,35,12,1,2,-9999,-9999,-9999,-9999,-9999
2521,475.08836,475.088150768,475.088037436,3415026,-9999,217572.4,20.5,-1,0.238549558,0.989727626,0,0.593836575,8,0.352941176,1.470588235,N4 S2 P1 O6,de-protonated,0,-9999,C17 H25 O6 N4 P1 S2,17,25,6,4,1,2,-9999,-9999,-9999
2522,475.109377,475.10916776,475.109328995,2051573.6,-9999,236905.6,11.34,-1,-0.339364264,0.97931973,0,0.587591838,8,0.736842105,1.263157895,O14,de-protonated,0,-9999,C19 H24 O14,19,24,14,-9999,-9999,-9999,-9999,-9999,-9999
2522,475.109377,475.10916776,475.108815931,2051573.6,-9999,236905.6,11.34,-1,0.740523245,0.905288262,0,0.543172957,26,0.09375,0.5,N2 O3,de-protonated,0,-9999,C32 H16 O3 N2,32,16,3,2,-9999,-9999,-9999,-9999,-9999
2522,475.109377,475.10916776,475.109166804,2051573.6,-9999,236905.6,11.34,-1,0.002012595,0.999999265,0,0.599999559,3,0.571428571,2.071428571,N4 S2 P1 O8,de-protonated,0,-9999,C14 H29 O8 N4 P1 S2,14,29,8,4,1,2,-9999,-9999,-9999
2523,475.124942,475.124732754,475.124585136,2395128.3,-9999,234286.6,13.65,-1,0.31069287,0.982637248,0,0.589582349,12,0.47826087,1.043478261,O11,de-protonated,0,-9999,C23 H24 O11,23,24,11,-9999,-9999,-9999,-9999,-9999,-9999
2523,475.124942,475.124732754,475.125074394,2395128.3,-9999,234286.6,13.65,-1,-0.719051777,0.910450812,0,0.546270487,16,0.115384615,0.961538462,N2 S1 P1 O3,de-protonated,0,-9999,C26 H25 O3 N2 P1 S1,26,25,3,2,1,1,-9999,-9999,-9999
2523,475.124942,475.124732754,475.124422945,2395128.3,-9999,234286.6,13.65,-1,0.65205899,0.92575235,0,0.55545141,7,0.277777778,1.611111111,N4 S2 P1 O5,de-protonated,0,-9999,C18 H29 O5 N4 P1 S2,18,29,5,4,1,2,-9999,-9999,-9999
2524,475.16149,475.161280741,475.160970646,1802238.5,-9999,240284.3,9.67,-1,0.652610301,0.925631536,0,0.555378922,11,0.416666667,1.166666667,O10,de-protonated,0,-9999,C24 H28 O10,24,28,10,-9999,-9999,-9999,-9999,-9999,-9999
2524,475.16149,475.161280741,475.161459903,1802238.5,-9999,240284.3,9.67,-1,-0.377055846,0.974533132,0,0.584719879,15,0.074074074,1.074074074,N2 S1 P1 O2,de-protonated,0,-9999,C27 H29 O2 N2 P1 S1,27,29,2,2,1,1,-9999,-9999,-9999
2524,475.16149,475.161280741,475.160808454,1802238.5,-9999,240284.3,9.67,-1,0.993950396,0.835888589,0,0.501533153,6,0.210526316,1.736842105,N4 S2 P1 O4,de-protonated,0,-9999,C19 H33 O4 N4 P1 S2,19,33,4,4,1,2,-9999,-9999,-9999
2525,476.092028,476.091818396,476.092180065,1421981.6,-9999,205220.5,7.11,-1,-0.759661317,0.900584419,0,0.540350651,17,0.25,0.791666667,N3 S1 O6,de-protonated,0,-9999,C24 H19 O6 N3 S1,24,19,6,3,-9999,1,-9999,-9999,-9999
2526,476.265461,476.265251332,476.265376146,1429435.1,-9999,227096.2,7.16,-1,-0.262068,0.987615497,0,0.592569298,8,0.269230769,1.5,N1 O7,de-protonated,0,-9999,C26 H39 O7 N1,26,39,7,1,-9999,-9999,-9999,-9999,-9999
2528,476.929802,476.929592086,476.929805457,1656620.3,-9999,250874.4,8.69,-1,-0.447384986,0.964334013,0,0.578600408,20,0.318181818,0.318181818,S2 P1 O7,de-protonated,0,-9999,C22 H7 O7 P1 S2,22,7,7,-9999,1,2,-9999,-9999,-9999
2529,476.978272,476.978062068,476.978272509,1617204.5,-9999,231536,8.42,-1,-0.441196164,0.96529674,0,0.579178044,20,0.45,0.3,N4 S1 O9,de-protonated,0,-9999,C20 H6 O9 N4 S1,20,6,9,4,-9999,1,-9999,-9999,-9999
2530,477.014967,477.014757055,477.014461314,1923898.8,-9999,228349.2,10.48,-1,0.619982407,0.932631688,0,0.559579013,27,0.064516129,0.35483871,S1 P1 O2,de-protonated,0,-9999,C31 H11 O2 P1 S1,31,11,2,-9999,1,1,-9999,-9999,-9999
2530,477.014967,477.014757055,477.014658019,1923898.8,-9999,228349.2,10.48,-1,0.207616437,0.992209236,0,0.595325542,19,0.380952381,0.476190476,N4 S1 O8,de-protonated,0,-9999,C21 H10 O8 N4 S1,21,10,8,4,-9999,1,-9999,-9999,-9999
2531,477.031299,477.031089049,477.031078673,1590589.5,-9999,253190.1,8.25,-1,0.021750824,0.999914161,0,0.599948496,14,0.7,0.7,O14,de-protonated,0,-9999,C20 H14 O14,20,14,14,-9999,-9999,-9999,-9999,-9999,-9999
2531,477.031299,477.031089049,477.030916482,1590589.5,-9999,253190.1,8.25,-1,0.361752547,0.976534435,0,0.585920661,9,0.533333333,1.266666667,N4 S2 P1 O8,de-protonated,0,-9999,C15 H19 O8 N4 P1 S2,15,19,8,4,1,2,-9999,-9999,-9999
2532,477.067801,477.067591035,477.067464182,3491139.8,-9999,234473.1,21.01,-1,0.265901509,0.987252864,0,0.592351719,13,0.619047619,0.857142857,O13,de-protonated,0,-9999,C21 H18 O13,21,18,13,-9999,-9999,-9999,-9999,-9999,-9999
2532,477.067801,477.067591035,477.06795344,3491139.8,-9999,234473.1,21.01,-1,-0.759649414,0.900587374,0,0.540352424,17,0.208333333,0.791666667,N2 S1 P1 O5,de-protonated,0,-9999,C24 H19 O5 N2 P1 S1,24,19,5,2,1,1,-9999,-9999,-9999
2532,477.067801,477.067591035,477.067301991,3491139.8,-9999,234473.1,21.01,-1,0.605877383,0.935562312,0,0.561337387,8,0.4375,1.4375,N4 S2 P1 O7,de-protonated,0,-9999,C16 H23 O7 N4 P1 S2,16,23,7,4,1,2,-9999,-9999,-9999
2533,477.104123,477.103913022,477.103849692,3901769.8,-9999,199900.1,23.77,-1,0.132738742,0.996808057,0,0.598084834,12,0.545454545,1,O12,de-protonated,0,-9999,C22 H22 O12,22,22,12,-9999,-9999,-9999,-9999,-9999,-9999
2533,477.104123,477.103913022,477.104338949,3901769.8,-9999,199900.1,23.77,-1,-0.892733833,0.432679932,0.787157861,0.574471104,16,0.16,0.92,N2 S1 P1 O4,de-protonated,0,-9999,C25 H23 O4 N2 P1 S1,25,23,4,2,1,1,-9999,-9999,-9999
2533,477.104123,477.103913022,477.1036875,3901769.8,-9999,199900.1,23.77,-1,0.472688644,0.960268922,0,0.576161353,7,0.352941176,1.588235294,N4 S2 P1 O6,de-protonated,0,-9999,C17 H27 O6 N4 P1 S2,17,27,6,4,1,2,-9999,-9999,-9999
2534,477.140528,477.140318008,477.140235201,2434896,-9999,209262.6,13.92,-1,0.173549272,0.99454979,0,0.596729874,11,0.47826087,1.130434783,O11,de-protonated,0,-9999,C23 H26 O11,23,26,11,-9999,-9999,-9999,-9999,-9999,-9999
2534,477.140528,477.140318008,477.140724458,2434896,-9999,209262.6,13.92,-1,-0.851845145,0.876633346,0,0.525980007,15,0.115384615,1.038461538,N2 S1 P1 O3,de-protonated,0,-9999,C26 H27 O3 N2 P1 S1,26,27,3,2,1,1,-9999,-9999,-9999
2534,477.140528,477.140318008,477.14007301,2434896,-9999,209262.6,13.92,-1,0.513473264,0.953286476,0,0.571971886,6,0.277777778,1.722222222,N4 S2 P1 O5,de-protonated,0,-9999,C18 H31 O5 N4 P1 S2,18,31,5,4,1,2,-9999,-9999,-9999
2535,477.172874,477.172663996,477.172597958,1839445.5,-9999,248359.5,9.92,-1,0.138394406,0.996530743,0,0.597918446,6,0.631578947,1.578947368,N2 O12,de-protonated,0,-9999,C19 H30 O12 N2,19,30,12,2,-9999,-9999,-9999,-9999,-9999
2535,477.172874,477.172663996,477.173087216,1839445.5,-9999,248359.5,9.92,-1,-0.88693043,0.866983088,0,0.520189853,10,0.181818182,1.409090909,N4 S1 P1 O4,de-protonated,0,-9999,C22 H31 O4 N4 P1 S1,22,31,4,4,1,1,-9999,-9999,-9999
2536,477.177003,477.176792995,477.17662071,1642326.3,-9999,196939.3,8.59,-1,0.36104973,0.976624452,0,0.585974671,10,0.416666667,1.25,O10,de-protonated,0,-9999,C24 H30 O10,24,30,10,-9999,-9999,-9999,-9999,-9999,-9999
2536,477.177003,477.176792995,477.177109968,1642326.3,-9999,196939.3,8.59,-1,-0.664266691,0.923057014,0,0.553834209,14,0.074074074,1.148148148,N2 S1 P1 O2,de-protonated,0,-9999,C27 H31 O2 N2 P1 S1,27,31,2,2,1,1,-9999,-9999,-9999
2536,477.177003,477.176792995,477.176458519,1642326.3,-9999,196939.3,8.59,-1,0.700947866,0.914707622,0,0.548824573,5,0.210526316,1.842105263,N4 S2 P1 O4,de-protonated,0,-9999,C19 H35 O4 N4 P1 S2,19,35,4,4,1,2,-9999,-9999,-9999
2537,478.945313,478.94510234,478.945455522,1511553.4,-9999,231715.7,7.71,-1,-0.737415259,0.906043106,0,0.543625863,19,0.318181818,0.409090909,S2 P1 O7,de-protonated,0,-9999,C22 H9 O7 P1 S2,22,9,7,-9999,1,2,-9999,-9999,-9999
2538,479.047144,479.046933303,479.046728737,2906770.5,-9999,231914.9,17.08,-1,0.427025653,0.967454065,0,0.580472439,13,0.7,0.8,O14,de-protonated,0,-9999,C20 H16 O14,20,16,14,-9999,-9999,-9999,-9999,-9999,-9999
2538,479.047144,479.046933303,479.047217995,2906770.5,-9999,231914.9,17.08,-1,-0.594288197,0.937926428,0,0.562755857,17,0.260869565,0.739130435,N2 S1 P1 O6,de-protonated,0,-9999,C23 H17 O6 N2 P1 S1,23,17,6,2,1,1,-9999,-9999,-9999
2538,479.047144,479.046933303,479.046566546,2906770.5,-9999,231914.9,17.08,-1,0.765596912,0.899106232,0,0.539463739,8,0.533333333,1.4,N4 S2 P1 O8,de-protonated,0,-9999,C15 H21 O8 N4 P1 S2,15,21,8,4,1,2,-9999,-9999,-9999
2539,479.083501,479.083290289,479.083114247,3824280.8,-9999,220787.3,23.25,-1,0.367456983,0.975797647,0,0.585478588,12,0.619047619,0.952380952,O13,de-protonated,0,-9999,C21 H20 O13,21,20,13,-9999,-9999,-9999,-9999,-9999,-9999
2539,479.083501,479.083290289,479.083603504,3824280.8,-9999,220787.3,23.25,-1,-0.65377924,0.92537509,0,0.555225054,16,0.208333333,0.875,N2 S1 P1 O5,de-protonated,0,-9999,C24 H21 O5 N2 P1 S1,24,21,5,2,1,1,-9999,-9999,-9999
2539,479.083501,479.083290289,479.082952055,3824280.8,-9999,220787.3,23.25,-1,0.706002508,0.913528048,0,0.548116829,7,0.4375,1.5625,N4 S2 P1 O7,de-protonated,0,-9999,C16 H25 O7 N4 P1 S2,16,25,7,4,1,2,-9999,-9999,-9999
2540,479.119889,479.119678276,479.119499756,3437214.8,-9999,241875.2,20.65,-1,0.372599357,0.975124063,0,0.585074438,11,0.545454545,1.090909091,O12,de-protonated,0,-9999,C22 H24 O12,22,24,12,-9999,-9999,-9999,-9999,-9999,-9999
2540,479.119889,479.119678276,479.119989013,3437214.8,-9999,241875.2,20.65,-1,-0.648559316,0.926517251,0,0.555910351,15,0.16,1,N2 S1 P1 O4,de-protonated,0,-9999,C25 H25 O4 N2 P1 S1,25,25,4,2,1,1,-9999,-9999,-9999
2540,479.119889,479.119678276,479.119337565,3437214.8,-9999,241875.2,20.65,-1,0.711119174,0.912326934,0,0.54739616,6,0.352941176,1.705882353,N4 S2 P1 O6,de-protonated,0,-9999,C17 H29 O6 N4 P1 S2,17,29,6,4,1,2,-9999,-9999,-9999
2541,479.14814,479.147929265,479.147510115,6711971.5,-9999,221170.9,42.64,-1,0.874782864,0.855403857,0.946192225,0.891719204,23,0.029411765,0.705882353,S1 O1,de-protonated,0,-9999,C34 H24 O1 S1,34,24,1,-9999,-9999,1,-9999,-9999,-9999
2541,479.14814,479.147929265,479.147643057,6711971.5,-9999,221170.9,42.64,-1,0.597327995,0.925901981,0.984150419,0.949201356,10,0.391304348,1.260869565,P1 O9,de-protonated,0,-9999,C23 H29 O9 P1,23,29,9,-9999,1,-9999,-9999,-9999,-9999
2542,479.156228,479.156017262,479.155885265,2421925,-9999,206624.2,13.83,-1,0.275477817,0.986324587,0,0.591794752,10,0.47826087,1.217391304,O11,de-protonated,0,-9999,C23 H28 O11,23,28,11,-9999,-9999,-9999,-9999,-9999,-9999
2542,479.156228,479.156017262,479.156374523,2421925,-9999,206624.2,13.83,-1,-0.745603213,0.904049009,0,0.542429405,14,0.115384615,1.115384615,N2 S1 P1 O3,de-protonated,0,-9999,C26 H29 O3 N2 P1 S1,26,29,3,2,1,1,-9999,-9999,-9999
2542,479.156228,479.156017262,479.155723074,2421925,-9999,206624.2,13.83,-1,0.613971895,0.933887622,0,0.560332573,5,0.277777778,1.833333333,N4 S2 P1 O5,de-protonated,0,-9999,C18 H33 O5 N4 P1 S2,18,33,5,4,1,2,-9999,-9999,-9999
2543,479.215087,479.21487624,479.214540849,1993390.9,-9999,227305.1,10.95,-1,0.699877745,0.914956457,0,0.548973874,17,0.0625,1.03125,P1 O2,de-protonated,0,-9999,C32 H33 O2 P1,32,33,2,-9999,1,-9999,-9999,-9999,-9999
2543,479.215087,479.21487624,479.214737553,1993390.9,-9999,227305.1,10.95,-1,0.289404919,0.984917623,0,0.590950574,9,0.363636364,1.454545455,N4 O8,de-protonated,0,-9999,C22 H32 O8 N4,22,32,8,4,-9999,-9999,-9999,-9999,-9999
2544,480.151546,480.151334894,480.15086495,1838924.1,-9999,241415.2,9.91,-1,0.978741493,0.8404515,0.946192225,0.88274779,23,0.029411765,0.705882353,13C1 S1 O1,de-protonated,1,2541,C33 H24 O1 S1 13C1,33,24,1,-9999,-9999,1,1,-9999,-9999
2544,480.151546,480.151334894,480.150997892,1838924.1,-9999,241415.2,9.91,-1,0.701866383,0.91449379,0.984150419,0.942356441,10,0.391304348,1.260869565,13C1 P1 O9,de-protonated,1,2541,C22 H29 O9 P1 13C1,22,29,9,-9999,1,-9999,1,-9999,-9999
2544,480.151546,480.151334894,480.151134238,1838924.1,-9999,241415.2,9.91,-1,0.417902219,0.968808213,0,0.581284928,10,0.5,1.227272727,N1 O11,de-protonated,0,-9999,C22 H27 O11 N1,22,27,11,1,-9999,-9999,-9999,-9999,-9999
2544,480.151546,480.151334894,480.151623495,1838924.1,-9999,241415.2,9.91,-1,-0.60106248,0.936549338,0,0.56192960300000006,14,0.12,1.12,N3 S1 P1 O3,de-protonated,0,-9999,C25 H28 O3 N3 P1 S1,25,28,3,3,1,1,-9999,-9999,-9999
2546,481.062667,481.062455557,481.062378802,4401124.5,-9999,217290.1,27.12,-1,0.159552666,0.995391503,0,0.597234902,12,0.7,0.9,O14,de-protonated,0,-9999,C20 H18 O14,20,18,14,-9999,-9999,-9999,-9999,-9999,-9999
2546,481.062667,481.062455557,481.062868059,4401124.5,-9999,217290.1,27.12,-1,-0.857481615,0.437551086,0.800793265,0.582847958,16,0.260869565,0.826086957,N2 S1 P1 O6,de-protonated,0,-9999,C23 H19 O6 N2 P1 S1,23,19,6,2,1,1,-9999,-9999,-9999
2546,481.062667,481.062455557,481.06221661,4401124.5,-9999,217290.1,27.12,-1,0.496705221,0.956220917,0,0.57373255,7,0.533333333,1.533333333,N4 S2 P1 O8,de-protonated,0,-9999,C15 H23 O8 N4 P1 S2,15,23,8,4,1,2,-9999,-9999,-9999
2547,481.09918,481.098968543,481.098764311,4628458.5,-9999,236574.2,28.64,-1,0.424511422,0.483914985,0.81490939,0.616312747,11,0.619047619,1.047619048,O13,de-protonated,0,-9999,C21 H22 O13,21,22,13,-9999,-9999,-9999,-9999,-9999,-9999
2547,481.09918,481.098968543,481.099253568,4628458.5,-9999,236574.2,28.64,-1,-0.59244621,0.469149259,0.793917021,0.599056364,15,0.208333333,0.958333333,N2 S1 P1 O5,de-protonated,0,-9999,C24 H23 O5 N2 P1 S1,24,23,5,2,1,1,-9999,-9999,-9999
2547,481.09918,481.098968543,481.09860212,4628458.5,-9999,236574.2,28.64,-1,0.761638568,0.900093017,0,0.54005581,6,0.4375,1.6875,N4 S2 P1 O7,de-protonated,0,-9999,C16 H27 O7 N4 P1 S2,16,27,7,4,1,2,-9999,-9999,-9999
2548,481.13547,481.13525853,481.13514982,4317168.5,-9999,215282.6,26.55,-1,0.22594304,0.495389884,0.807789663,0.620349795,10,0.545454545,1.181818182,O12,de-protonated,0,-9999,C22 H26 O12,22,26,12,-9999,-9999,-9999,-9999,-9999,-9999
2548,481.13547,481.13525853,481.135639078,4317168.5,-9999,215282.6,26.55,-1,-0.790937483,0.446347166,0.787157861,0.582671444,14,0.16,1.08,N2 S1 P1 O4,de-protonated,0,-9999,C25 H27 O4 N2 P1 S1,25,27,4,2,1,1,-9999,-9999,-9999
2548,481.13547,481.13525853,481.134987629,4317168.5,-9999,215282.6,26.55,-1,0.563044625,0.944100434,0,0.566460261,5,0.352941176,1.823529412,N4 S2 P1 O6,de-protonated,0,-9999,C17 H31 O6 N4 P1 S2,17,31,6,4,1,2,-9999,-9999,-9999
2549,481.145045,481.144833526,481.144532735,2309618.3,-9999,244810,13.07,-1,0.62515742,0.931541906,0,0.558925144,23,0.121212121,0.666666667,O4,de-protonated,0,-9999,C33 H22 O4,33,22,4,-9999,-9999,-9999,-9999,-9999,-9999
2549,481.145045,481.144833526,481.144883608,2309618.3,-9999,244810,13.07,-1,-0.104088908,0.998036025,0,0.598821615,0,0.6,2.333333333,N2 S2 P1 O9,de-protonated,0,-9999,C15 H35 O9 N2 P1 S2,15,35,9,2,1,2,-9999,-9999,-9999
2550,481.163843,481.163631519,481.16316018,1569269.3,-9999,225836.3,8.1,-1,0.97958353,0.84020007,0,0.504120042,22,0.029411765,0.764705882,S1 O1,de-protonated,0,-9999,C34 H26 O1 S1,34,26,1,-9999,-9999,1,-9999,-9999,-9999
2550,481.163843,481.163631519,481.163293121,1569269.3,-9999,225836.3,8.1,-1,0.703290924,0.9141617,0,0.54849702,9,0.391304348,1.347826087,P1 O9,de-protonated,0,-9999,C23 H31 O9 P1,23,31,9,-9999,1,-9999,-9999,-9999,-9999
2551,481.171851,481.171639516,481.17153533,2177014.8,-9999,242188.6,12.18,-1,0.216526364,0.991529102,0,0.594917461,9,0.47826087,1.304347826,O11,de-protonated,0,-9999,C23 H30 O11,23,30,11,-9999,-9999,-9999,-9999,-9999,-9999
2551,481.171851,481.171639516,481.172024587,2177014.8,-9999,242188.6,12.18,-1,-0.800277255,0.890290322,0,0.534174193,13,0.115384615,1.192307692,N2 S1 P1 O3,de-protonated,0,-9999,C26 H31 O3 N2 P1 S1,26,31,3,2,1,1,-9999,-9999,-9999
2551,481.171851,481.171639516,481.171373139,2177014.8,-9999,242188.6,12.18,-1,0.553602454,0.945908338,0,0.567545003,4,0.277777778,1.944444444,N4 S2 P1 O5,de-protonated,0,-9999,C18 H35 O5 N4 P1 S2,18,35,5,4,1,2,-9999,-9999,-9999
2554,483.041956,483.041743824,483.041643357,2731821,-9999,217130.9,15.9,-1,0.207988462,0.9921814,0,0.59530884,12,0.789473684,0.842105263,O15,de-protonated,0,-9999,C19 H16 O15,19,16,15,-9999,-9999,-9999,-9999,-9999,-9999
2554,483.041956,483.041743824,483.042132614,2731821,-9999,217130.9,15.9,-1,-0.804878571,0.889097999,0,0.533458799,16,0.318181818,0.772727273,N2 S1 P1 O7,de-protonated,0,-9999,C22 H17 O7 N2 P1 S1,22,17,7,2,1,1,-9999,-9999,-9999
2554,483.041956,483.041743824,483.041481166,2731821,-9999,217130.9,15.9,-1,0.54375955,0.947764012,0,0.568658407,7,0.642857143,1.5,N4 S2 P1 O9,de-protonated,0,-9999,C14 H21 O9 N4 P1 S2,14,21,9,4,1,2,-9999,-9999,-9999
2555,483.078294,483.078081811,483.078028866,5276979,-9999,223417.7,33,-1,0.109597799,0.985091085,0.928314523,0.96238046,11,0.7,1,O14,de-protonated,0,-9999,C20 H20 O14,20,20,14,-9999,-9999,-9999,-9999,-9999,-9999
2555,483.078294,483.078081811,483.078518124,5276979,-9999,223417.7,33,-1,-0.903192845,0.431207755,0.800793265,0.579041959,15,0.260869565,0.913043478,N2 S1 P1 O6,de-protonated,0,-9999,C23 H21 O6 N2 P1 S1,23,21,6,2,1,1,-9999,-9999,-9999
2555,483.078294,483.078081811,483.077866675,5276979,-9999,223417.7,33,-1,0.445343564,0.96465295,0,0.57879177,6,0.533333333,1.666666667,N4 S2 P1 O8,de-protonated,0,-9999,C15 H25 O8 N4 P1 S2,15,25,8,4,1,2,-9999,-9999,-9999
2556,483.114832,483.114619797,483.114414376,4826425,-9999,226124.5,29.97,-1,0.425202414,0.483863433,0.81490939,0.616281816,10,0.619047619,1.142857143,O13,de-protonated,0,-9999,C21 H24 O13,21,24,13,-9999,-9999,-9999,-9999,-9999,-9999
2556,483.114832,483.114619797,483.114903633,4826425,-9999,226124.5,29.97,-1,-0.587512272,0.469645114,0.793917021,0.599353877,14,0.208333333,1.041666667,N2 S1 P1 O5,de-protonated,0,-9999,C24 H25 O5 N2 P1 S1,24,25,5,2,1,1,-9999,-9999,-9999
2556,483.114832,483.114619797,483.114252184,4826425,-9999,226124.5,29.97,-1,0.760922998,0.900270972,0,0.540162583,5,0.4375,1.8125,N4 S2 P1 O7,de-protonated,0,-9999,C16 H29 O7 N4 P1 S2,16,29,7,4,1,2,-9999,-9999,-9999
2557,483.151065,483.150852784,483.150799885,3177791,-9999,233344.5,18.9,-1,0.10948684,0.997827272,0,0.598696363,9,0.545454545,1.272727273,O12,de-protonated,0,-9999,C22 H28 O12,22,28,12,-9999,-9999,-9999,-9999,-9999,-9999
2557,483.151065,483.150852784,483.151289142,3177791,-9999,233344.5,18.9,-1,-0.90315126,0.862427266,0,0.517456359,13,0.16,1.16,N2 S1 P1 O4,de-protonated,0,-9999,C25 H29 O4 N2 P1 S1,25,29,4,2,1,1,-9999,-9999,-9999
2557,483.151065,483.150852784,483.150637694,3177791,-9999,233344.5,18.9,-1,0.445182036,0.964678128,0,0.578806877,4,0.352941176,1.941176471,N4 S2 P1 O6,de-protonated,0,-9999,C17 H33 O6 N4 P1 S2,17,33,6,4,1,2,-9999,-9999,-9999
2558,484.081406,484.081193439,484.081383701,1754584.1,-9999,232994.5,9.34,-1,-0.393037339,0.972359299,0.928314523,0.954741389,11,0.7,1,13C1 O14,de-protonated,1,2555,C19 H20 O14 13C1,19,20,14,-9999,-9999,-9999,1,-9999,-9999
2558,484.081406,484.081193439,484.081161151,1754584.1,-9999,232994.5,9.34,-1,0.066699851,0.999193084,0,0.59951585,14,0.166666667,1,N1 S2 P1 O4,de-protonated,0,-9999,C24 H24 O4 N1 P1 S2,24,24,4,1,1,2,-9999,-9999,-9999
2559,484.24172,484.24150738,484.24108995,1694194.4,-9999,234643.8,8.93,-1,0.862029252,0.87386139,0,0.524316834,15,0.064516129,1.161290323,N1 P1 O2,de-protonated,0,-9999,C31 H36 O2 N1 P1,31,36,2,1,1,-9999,-9999,-9999,-9999
2560,485.05759,485.057377078,485.057293421,3189368,-9999,236515.2,18.97,-1,0.172467441,0.994617344,0,0.596770407,11,0.789473684,0.947368421,O15,de-protonated,0,-9999,C19 H18 O15,19,18,15,-9999,-9999,-9999,-9999,-9999,-9999
2560,485.05759,485.057377078,485.057782679,3189368,-9999,236515.2,18.97,-1,-0.836190603,0.88084677199999994,0,0.528508063,15,0.318181818,0.863636364,N2 S1 P1 O7,de-protonated,0,-9999,C22 H19 O7 N2 P1 S1,22,19,7,2,1,1,-9999,-9999,-9999
2560,485.05759,485.057377078,485.05713123,3189368,-9999,236515.2,18.97,-1,0.506843224,0.954457309,0,0.572674385,6,0.642857143,1.642857143,N4 S2 P1 O9,de-protonated,0,-9999,C14 H23 O9 N4 P1 S2,14,23,9,4,1,2,-9999,-9999,-9999
2561,485.094054,485.093841064,485.093678931,4592254,-9999,235162.3,28.4,-1,0.334231821,0.979934253,0,0.587960552,10,0.7,1.1,O14,de-protonated,0,-9999,C20 H22 O14,20,22,14,-9999,-9999,-9999,-9999,-9999,-9999
2561,485.094054,485.093841064,485.094168188,4592254,-9999,235162.3,28.4,-1,-0.67435073,0.460399461,0.800793265,0.596556983,14,0.260869565,1,N2 S1 P1 O6,de-protonated,0,-9999,C23 H23 O6 N2 P1 S1,23,23,6,2,1,1,-9999,-9999,-9999
2561,485.094054,485.093841064,485.093516739,4592254,-9999,235162.3,28.4,-1,0.668582577,0.922094058,0,0.553256435,5,0.533333333,1.8,N4 S2 P1 O8,de-protonated,0,-9999,C15 H27 O8 N4 P1 S2,15,27,8,4,1,2,-9999,-9999,-9999
2562,485.130375,485.130162051,485.13006444,4130435.8,-9999,229634.4,25.29,-1,0.201205733,0.992681191,0,0.595608715,9,0.619047619,1.238095238,O13,de-protonated,0,-9999,C21 H26 O13,21,26,13,-9999,-9999,-9999,-9999,-9999,-9999
2562,485.130375,485.130162051,485.130553697,4130435.8,-9999,229634.4,25.29,-1,-0.807301038,0.444234086,0.793917021,0.58410726,13,0.208333333,1.125,N2 S1 P1 O5,de-protonated,0,-9999,C24 H27 O5 N2 P1 S1,24,27,5,2,1,1,-9999,-9999,-9999
2562,485.130375,485.130162051,485.129902249,4130435.8,-9999,229634.4,25.29,-1,0.535531368,0.949292445,0,0.569575467,4,0.4375,1.9375,N4 S2 P1 O7,de-protonated,0,-9999,C16 H31 O7 N4 P1 S2,16,31,7,4,1,2,-9999,-9999,-9999
2563,485.166852,485.166639038,485.166449949,1818249.8,-9999,249623.8,9.77,-1,0.389738613,0.972814985,0,0.583688991,8,0.545454545,1.363636364,O12,de-protonated,0,-9999,C22 H30 O12,22,30,12,-9999,-9999,-9999,-9999,-9999,-9999
2563,485.166852,485.166639038,485.166939207,1818249.8,-9999,249623.8,9.77,-1,-0.618692715,0.932902066,0,0.559741239,12,0.16,1.24,N2 S1 P1 O4,de-protonated,0,-9999,C25 H31 O4 N2 P1 S1,25,31,4,2,1,1,-9999,-9999,-9999
2563,485.166852,485.166639038,485.166287758,1818249.8,-9999,249623.8,9.77,-1,0.724039238,0.909262583,0,0.54555755,3,0.352941176,2.058823529,N4 S2 P1 O6,de-protonated,0,-9999,C17 H35 O6 N4 P1 S2,17,35,6,4,1,2,-9999,-9999,-9999
2564,486.257394,486.257180634,486.256740014,3972923,-9999,222756.8,24.24,-1,0.906145735,0.430789928,0.748902347,0.558034895,14,0.064516129,1.225806452,N1 P1 O2,de-protonated,0,-9999,C31 H38 O2 N1 P1,31,38,2,1,1,-9999,-9999,-9999,-9999
2566,487.051889,487.05167534,487.051814118,1553339.5,-9999,253106.3,7.98,-1,-0.284934678,0.985376562,0,0.591225937,15,0.590909091,0.727272727,O13,de-protonated,0,-9999,C22 H16 O13,22,16,13,-9999,-9999,-9999,-9999,-9999,-9999
2566,487.051889,487.05167534,487.051651926,1553339.5,-9999,253106.3,7.98,-1,0.048071653,0.999580781,0,0.599748469,10,0.411764706,1.235294118,N4 S2 P1 O7,de-protonated,0,-9999,C17 H21 O7 N4 P1 S2,17,21,7,4,1,2,-9999,-9999,-9999
2567,487.073275,487.073061332,487.072943486,3091391,-9999,230135.3,18.31,-1,0.241947483,0.989434462,0,0.593660677,10,0.789473684,1.052631579,O15,de-protonated,0,-9999,C19 H20 O15,19,20,15,-9999,-9999,-9999,-9999,-9999,-9999
2567,487.073275,487.073061332,487.073432743,3091391,-9999,230135.3,18.31,-1,-0.762536514,0.89986952,0,0.539921712,14,0.318181818,0.954545455,N2 S1 P1 O7,de-protonated,0,-9999,C22 H21 O7 N2 P1 S1,22,21,7,2,1,1,-9999,-9999,-9999
2567,487.073275,487.073061332,487.072781294,3091391,-9999,230135.3,18.31,-1,0.574939544,0.941784445,0,0.565070667,5,0.642857143,1.785714286,N4 S2 P1 O9,de-protonated,0,-9999,C14 H25 O9 N4 P1 S2,14,25,9,4,1,2,-9999,-9999,-9999
2568,487.088443,487.088229326,487.088199627,2255297.5,-9999,208696.3,12.7,-1,0.060972876,0.999325657,0,0.599595394,14,0.52173913,0.869565217,O12,de-protonated,0,-9999,C23 H20 O12,23,20,12,-9999,-9999,-9999,-9999,-9999,-9999
2568,487.088443,487.088229326,487.088688884,2255297.5,-9999,208696.3,12.7,-1,-0.943479477,0.850851907,0,0.510511144,18,0.153846154,0.807692308,N2 S1 P1 O4,de-protonated,0,-9999,C26 H21 O4 N2 P1 S1,26,21,4,2,1,1,-9999,-9999,-9999
2568,487.088443,487.088229326,487.088037436,2255297.5,-9999,208696.3,12.7,-1,0.393954447,0.972231965,0,0.583339179,9,0.333333333,1.388888889,N4 S2 P1 O6,de-protonated,0,-9999,C18 H25 O6 N4 P1 S2,18,25,6,4,1,2,-9999,-9999,-9999
2569,487.101961,487.101747321,487.101956167,1463747.6,-9999,192234.9,7.38,-1,-0.428750639,0.967194963,0,0.580316978,8,0.333333333,1.380952381,S2 P1 O7,de-protonated,0,-9999,C21 H29 O7 P1 S2,21,29,7,-9999,1,2,-9999,-9999,-9999
2570,487.109614,487.109400318,487.109328995,3608516.8,-9999,206901.6,21.79,-1,0.146421488,0.996117433,0,0.59767046,9,0.7,1.2,O14,de-protonated,0,-9999,C20 H24 O14,20,24,14,-9999,-9999,-9999,-9999,-9999,-9999
2570,487.109614,487.109400318,487.109818253,3608516.8,-9999,206901.6,21.79,-1,-0.857987381,0.874964415,0,0.524978649,13,0.260869565,1.086956522,N2 S1 P1 O6,de-protonated,0,-9999,C23 H25 O6 N2 P1 S1,23,25,6,2,1,1,-9999,-9999,-9999
2570,487.109614,487.109400318,487.109166804,3608516.8,-9999,206901.6,21.79,-1,0.479388643,0.959158106,0,0.575494863,4,0.533333333,1.933333333,N4 S2 P1 O8,de-protonated,0,-9999,C15 H29 O8 N4 P1 S2,15,29,8,4,1,2,-9999,-9999,-9999
2571,487.124722,487.124508313,487.124585136,2089415.3,-9999,195533.8,11.58,-1,-0.157708339,0.995497191,0,0.597298315,13,0.458333333,1,O11,de-protonated,0,-9999,C24 H24 O11,24,24,11,-9999,-9999,-9999,-9999,-9999,-9999
2571,487.124722,487.124508313,487.124422945,2089415.3,-9999,195533.8,11.58,-1,0.175248287,0.994442853,0,0.596665712,8,0.263157895,1.526315789,N4 S2 P1 O5,de-protonated,0,-9999,C19 H29 O5 N4 P1 S2,19,29,5,4,1,2,-9999,-9999,-9999
2572,487.146146,487.145932305,487.145714505,1519562.8,-9999,251656.4,7.76,-1,0.447094975,0.964379405,0,0.578627643,8,0.619047619,1.333333333,O13,de-protonated,0,-9999,C21 H28 O13,21,28,13,-9999,-9999,-9999,-9999,-9999,-9999
2572,487.146146,487.145932305,487.146203762,1519562.8,-9999,251656.4,7.76,-1,-0.557239176,0.945215222,0,0.567129133,12,0.208333333,1.208333333,N2 S1 P1 O5,de-protonated,0,-9999,C24 H29 O5 N2 P1 S1,24,29,5,2,1,1,-9999,-9999,-9999
2572,487.146146,487.145932305,487.145552313,1519562.8,-9999,251656.4,7.76,-1,0.780037361,0.89547233,0,0.537283398,3,0.4375,2.0625,N4 S2 P1 O7,de-protonated,0,-9999,C16 H33 O7 N4 P1 S2,16,33,7,4,1,2,-9999,-9999,-9999
2573,487.241239,487.24102527,487.240755597,1637850,-9999,236185.7,8.55,-1,0.553468509,0.945933789,0,0.567560274,14,0.096774194,1.193548387,P1 O3,de-protonated,0,-9999,C31 H37 O3 P1,31,37,3,-9999,1,-9999,-9999,-9999,-9999
2573,487.241239,487.24102527,487.240952302,1637850,-9999,236185.7,8.55,-1,0.149757372,0.99593887,0,0.597563322,6,0.428571429,1.714285714,N4 O9,de-protonated,0,-9999,C21 H36 O9 N4,21,36,9,4,-9999,-9999,-9999,-9999,-9999
2574,487.429158,487.4289442,487.428556371,3117048.3,-9999,239663.4,18.49,-1,0.795663971,0.891480474,0,0.534888285,0,0.103448276,2.103448276,P1 O3,de-protonated,0,-9999,C29 H61 O3 P1,29,61,3,-9999,1,-9999,-9999,-9999,-9999
2576,488.432578,488.432363829,488.432047552,1408153.3,-9999,241275.5,7.01,-1,0.647535846,0.926740286,0,0.556044171,0,0.178571429,2.107142857,N1 O5,de-protonated,0,-9999,C28 H59 O5 N1,28,59,5,1,-9999,-9999,-9999,-9999,-9999
2578,488.996802,488.99658762,488.996899954,2058995.3,-9999,209330.3,11.38,-1,-0.638723814,0.92864822,0,0.557188932,20,0.272727273,0.454545455,N4 S2 O6,de-protonated,0,-9999,C22 H10 O6 N4 S2,22,10,6,4,-9999,2,-9999,-9999,-9999
2579,489.067763,489.067548594,489.067464182,2856190.5,-9999,229605,16.73,-1,0.172596762,0.994609291,0,0.596765575,14,0.590909091,0.818181818,O13,de-protonated,0,-9999,C22 H18 O13,22,18,13,-9999,-9999,-9999,-9999,-9999,-9999
2579,489.067763,489.067548594,489.06795344,2856190.5,-9999,229605,16.73,-1,-0.827790671,0.883083583,0,0.52985015,18,0.2,0.76,N2 S1 P1 O5,de-protonated,0,-9999,C25 H19 O5 N2 P1 S1,25,19,5,2,1,1,-9999,-9999,-9999
2579,489.067763,489.067548594,489.067301991,2856190.5,-9999,229605,16.73,-1,0.504230787,0.954914864,0,0.572948918,9,0.411764706,1.352941176,N4 S2 P1 O7,de-protonated,0,-9999,C17 H23 O7 N4 P1 S2,17,23,7,4,1,2,-9999,-9999,-9999
2580,489.088869,489.088654586,489.08859355,1913090,-9999,249535.7,10.4,-1,0.124794546,0.997178165,0,0.598306899,9,0.789473684,1.157894737,O15,de-protonated,0,-9999,C19 H22 O15,19,22,15,-9999,-9999,-9999,-9999,-9999,-9999
2580,489.088869,489.088654586,489.089082808,1913090,-9999,249535.7,10.4,-1,-0.875549621,0.870144291,0,0.522086575,13,0.318181818,1.045454545,N2 S1 P1 O7,de-protonated,0,-9999,C22 H23 O7 N2 P1 S1,22,23,7,2,1,1,-9999,-9999,-9999
2580,489.088869,489.088654586,489.088431359,1913090,-9999,249535.7,10.4,-1,0.456414228,0.962907147,0,0.577744288,4,0.642857143,1.928571429,N4 S2 P1 O9,de-protonated,0,-9999,C14 H27 O9 N4 P1 S2,14,27,9,4,1,2,-9999,-9999,-9999
2581,489.104107,489.10389258,489.103849692,2342660.5,-9999,194805.4,13.28,-1,0.087688246,0.998605772,0,0.599163463,13,0.52173913,0.956521739,O12,de-protonated,0,-9999,C23 H22 O12,23,22,12,-9999,-9999,-9999,-9999,-9999,-9999
2581,489.104107,489.10389258,489.104338949,2342660.5,-9999,194805.4,13.28,-1,-0.912624681,0.859739646,0,0.515843788,17,0.153846154,0.884615385,N2 S1 P1 O4,de-protonated,0,-9999,C26 H23 O4 N2 P1 S1,26,23,4,2,1,1,-9999,-9999,-9999
2581,489.104107,489.10389258,489.1036875,2342660.5,-9999,194805.4,13.28,-1,0.419297572,0.96860288,0,0.581161728,8,0.333333333,1.5,N4 S2 P1 O6,de-protonated,0,-9999,C18 H27 O6 N4 P1 S2,18,27,6,4,1,2,-9999,-9999,-9999
2582,489.125186,489.124971572,489.12497906,1453831.8,-9999,268428.2,7.31,-1,-0.015307342,0.999957485,0,0.599974491,8,0.7,1.3,O14,de-protonated,0,-9999,C20 H26 O14,20,26,14,-9999,-9999,-9999,-9999,-9999,-9999
2582,489.125186,489.124971572,489.124816868,1453831.8,-9999,268428.2,7.31,-1,0.316287625,0.982012012,0,0.589207207,3,0.533333333,2.066666667,N4 S2 P1 O8,de-protonated,0,-9999,C15 H31 O8 N4 P1 S2,15,31,8,4,1,2,-9999,-9999,-9999
2583,489.140635,489.140420567,489.140235201,2377994.3,-9999,226099.6,13.52,-1,0.378962464,0.974278279,0,0.584566968,12,0.458333333,1.083333333,O11,de-protonated,0,-9999,C24 H26 O11,24,26,11,-9999,-9999,-9999,-9999,-9999,-9999
2583,489.140635,489.140420567,489.140724458,2377994.3,-9999,226099.6,13.52,-1,-0.621276344,0.932359934,0,0.55941596,16,0.111111111,1,N2 S1 P1 O3,de-protonated,0,-9999,C27 H27 O3 N2 P1 S1,27,27,3,2,1,1,-9999,-9999,-9999
2583,489.140635,489.140420567,489.14007301,2377994.3,-9999,226099.6,13.52,-1,0.71054722,0.912461549,0,0.54747693,7,0.263157895,1.631578947,N4 S2 P1 O5,de-protonated,0,-9999,C19 H31 O5 N4 P1 S2,19,31,5,4,1,2,-9999,-9999,-9999
2586,491.046986,491.046770861,491.046728737,2318391.5,-9999,246966,13.12,-1,0.085783667,0.99866564,0,0.599199384,14,0.666666667,0.761904762,O14,de-protonated,0,-9999,C21 H16 O14,21,16,14,-9999,-9999,-9999,-9999,-9999,-9999
2586,491.046986,491.046770861,491.047217995,2318391.5,-9999,246966,13.12,-1,-0.910571417,0.860323826,0,0.516194295,18,0.25,0.708333333,N2 S1 P1 O6,de-protonated,0,-9999,C24 H17 O6 N2 P1 S1,24,17,6,2,1,1,-9999,-9999,-9999
2586,491.046986,491.046770861,491.046566546,2318391.5,-9999,246966,13.12,-1,0.416080943,0.969075258,0,0.581445155,9,0.5,1.3125,N4 S2 P1 O8,de-protonated,0,-9999,C16 H21 O8 N4 P1 S2,16,21,8,4,1,2,-9999,-9999,-9999
2587,491.083333,491.083117848,491.083114247,3181117.3,-9999,232482.3,18.91,-1,0.007332742,0.999990244,0,0.599994146,13,0.590909091,0.909090909,O13,de-protonated,0,-9999,C22 H20 O13,22,20,13,-9999,-9999,-9999,-9999,-9999,-9999
2587,491.083333,491.083117848,491.083603504,3181117.3,-9999,232482.3,18.91,-1,-0.988948441,0.837394271,0,0.502436563,17,0.2,0.84,N2 S1 P1 O5,de-protonated,0,-9999,C25 H21 O5 N2 P1 S1,25,21,5,2,1,1,-9999,-9999,-9999
2587,491.083333,491.083117848,491.082952055,3181117.3,-9999,232482.3,18.91,-1,0.337605521,0.979531321,0,0.587718793,8,0.411764706,1.470588235,N4 S2 P1 O7,de-protonated,0,-9999,C17 H25 O7 N4 P1 S2,17,25,7,4,1,2,-9999,-9999,-9999
2588,491.119732,491.119516834,491.119499756,3034691,-9999,208241.4,17.93,-1,0.034773947,0.999780611,0,0.599868367,12,0.52173913,1.043478261,O12,de-protonated,0,-9999,C23 H24 O12,23,24,12,-9999,-9999,-9999,-9999,-9999,-9999
2588,491.119732,491.119516834,491.119989013,3034691,-9999,208241.4,17.93,-1,-0.961433452,0.84558814,0,0.507352884,16,0.153846154,0.961538462,N2 S1 P1 O4,de-protonated,0,-9999,C26 H25 O4 N2 P1 S1,26,25,4,2,1,1,-9999,-9999,-9999
2588,491.119732,491.119516834,491.119337565,3034691,-9999,208241.4,17.93,-1,0.365022266,0.976113459,0,0.585668075,7,0.333333333,1.611111111,N4 S2 P1 O6,de-protonated,0,-9999,C18 H29 O6 N4 P1 S2,18,29,6,4,1,2,-9999,-9999,-9999
2589,491.155945,491.155729821,491.155885265,2197064.8,-9999,182266.8,12.3,-1,-0.316487279,0.981989501,0,0.589193701,11,0.458333333,1.166666667,O11,de-protonated,0,-9999,C24 H28 O11,24,28,11,-9999,-9999,-9999,-9999,-9999,-9999
2589,491.155945,491.155729821,491.155723074,2197064.8,-9999,182266.8,12.3,-1,0.013736459,0.999965763,0,0.599979458,6,0.263157895,1.736842105,N4 S2 P1 O5,de-protonated,0,-9999,C19 H33 O5 N4 P1 S2,19,33,5,4,1,2,-9999,-9999,-9999
2590,491.293689,491.29347377,491.293185094,16020062,-9999,215951.9,105.14,-1,0.587582988,0.948967635,0.976812309,0.960105505,7,0.178571429,1.607142857,P1 O5,de-protonated,0,-9999,C28 H45 O5 P1,28,45,5,-9999,1,-9999,-9999,-9999,-9999
2591,492.183721,492.18350544,492.183496995,1436393.4,-9999,217901.2,7.19,-1,0.017159156,0.999946576,0,0.599967946,6,0.631578947,1.631578947,N3 O12,de-protonated,0,-9999,C19 H31 O12 N3,19,31,12,3,-9999,-9999,-9999,-9999,-9999
2592,492.210185,492.209969431,492.209789821,1813229.5,-9999,209068.6,9.72,-1,0.364904503,0.976128683,0,0.58567721,18,0.0625,1,N1 P1 O2,de-protonated,0,-9999,C32 H32 O2 N1 P1,32,32,2,1,1,-9999,-9999,-9999,-9999
2592,492.210185,492.209969431,492.209518495,1813229.5,-9999,209068.6,9.72,-1,0.916145893,0.858735681,0,0.515241409,4,0.318181818,1.772727273,N1 S2 O7,de-protonated,0,-9999,C22 H39 O7 N1 S2,22,39,7,1,-9999,2,-9999,-9999,-9999
2593,492.296993,492.296777398,492.296539929,5501691,-9999,208591.9,34.5,-1,0.482370034,0.958659203,0.976812309,0.965920445,7,0.178571429,1.607142857,13C1 P1 O5,de-protonated,1,2590,C27 H45 O5 P1 13C1,27,45,5,-9999,1,-9999,1,-9999,-9999
2593,492.296993,492.296777398,492.296676275,5501691,-9999,208591.9,34.5,-1,0.205411662,0.496186598,0.773979033,0.607303572,7,0.259259259,1.592592593,N1 O7,de-protonated,0,-9999,C27 H43 O7 N1,27,43,7,1,-9999,-9999,-9999,-9999,-9999
2595,493.062616,493.062400115,493.062378802,4123505.8,-9999,224914,25.24,-1,0.04322636,0.999661017,0,0.59979661,13,0.666666667,0.857142857,O14,de-protonated,0,-9999,C21 H18 O14,21,18,14,-9999,-9999,-9999,-9999,-9999,-9999
2595,493.062616,493.062400115,493.062868059,4123505.8,-9999,224914,25.24,-1,-0.949055564,0.42461212,0.793917021,0.572334081,17,0.25,0.791666667,N2 S1 P1 O6,de-protonated,0,-9999,C24 H19 O6 N2 P1 S1,24,19,6,2,1,1,-9999,-9999,-9999
2595,493.062616,493.062400115,493.06221661,4123505.8,-9999,224914,25.24,-1,0.37217336,0.975180201,0,0.585108121,8,0.5,1.4375,N4 S2 P1 O8,de-protonated,0,-9999,C16 H23 O8 N4 P1 S2,16,23,8,4,1,2,-9999,-9999,-9999
2596,493.099018,493.098802102,493.098764311,4572023.5,-9999,218872.4,28.25,-1,0.076638741,0.997468467,0.939858231,0.974424373,12,0.590909091,1,O13,de-protonated,0,-9999,C22 H22 O13,22,22,13,-9999,-9999,-9999,-9999,-9999,-9999
2596,493.099018,493.098802102,493.099253568,4572023.5,-9999,218872.4,28.25,-1,-0.915569996,0.429450032,0.787157861,0.572533164,16,0.2,0.92,N2 S1 P1 O5,de-protonated,0,-9999,C25 H23 O5 N2 P1 S1,25,23,5,2,1,1,-9999,-9999,-9999
2596,493.099018,493.098802102,493.09860212,4572023.5,-9999,218872.4,28.25,-1,0.405561479,0.970596255,0,0.582357753,7,0.411764706,1.588235294,N4 S2 P1 O7,de-protonated,0,-9999,C17 H27 O7 N4 P1 S2,17,27,7,4,1,2,-9999,-9999,-9999
2597,493.135617,493.135401088,493.13514982,2773885,-9999,220872.3,16.18,-1,0.50953085,0.953984348,0,0.572390609,11,0.52173913,1.130434783,O12,de-protonated,0,-9999,C23 H26 O12,23,26,12,-9999,-9999,-9999,-9999,-9999,-9999
2597,493.135617,493.135401088,493.135639078,2773885,-9999,220872.3,16.18,-1,-0.482605107,0.958619745,0,0.575171847,15,0.153846154,1.038461538,N2 S1 P1 O4,de-protonated,0,-9999,C26 H27 O4 N2 P1 S1,26,27,4,2,1,1,-9999,-9999,-9999
2597,493.135617,493.135401088,493.134987629,2773885,-9999,220872.3,16.18,-1,0.838429462,0.880247741,0,0.528148645,6,0.333333333,1.722222222,N4 S2 P1 O6,de-protonated,0,-9999,C18 H31 O6 N4 P1 S2,18,31,6,4,1,2,-9999,-9999,-9999
2598,493.17198,493.171764075,493.17153533,1832322.6,-9999,244871.4,9.85,-1,0.463823937,0.961716533,0,0.57702992,10,0.458333333,1.25,O11,de-protonated,0,-9999,C24 H30 O11,24,30,11,-9999,-9999,-9999,-9999,-9999,-9999
2598,493.17198,493.171764075,493.172024587,1832322.6,-9999,244871.4,9.85,-1,-0.528238776,0.950629623,0,0.570377774,14,0.111111111,1.148148148,N2 S1 P1 O3,de-protonated,0,-9999,C27 H31 O3 N2 P1 S1,27,31,3,2,1,1,-9999,-9999,-9999
2598,493.17198,493.171764075,493.171373139,1832322.6,-9999,244871.4,9.85,-1,0.792698268,0.892242779,0,0.535345667,5,0.263157895,1.842105263,N4 S2 P1 O5,de-protonated,0,-9999,C19 H35 O5 N4 P1 S2,19,35,5,4,1,2,-9999,-9999,-9999
2599,493.230799,493.230583053,493.230190913,2468235.8,-9999,227383.4,14.12,-1,0.795043694,0.891640092,0,0.534984055,17,0.060606061,1.060606061,P1 O2,de-protonated,0,-9999,C33 H35 O2 P1,33,35,2,-9999,1,-9999,-9999,-9999,-9999
2599,493.230799,493.230583053,493.230387618,2468235.8,-9999,227383.4,14.12,-1,0.396234838,0.971914137,0,0.583148482,9,0.347826087,1.47826087,N4 O8,de-protonated,0,-9999,C23 H34 O8 N4,23,34,8,4,-9999,-9999,-9999,-9999,-9999
2600,493.242435,493.242219049,493.241804425,4856717.5,-9999,216421.4,30.16,-1,0.84060887,0.439831735,0.755017935,0.565906215,12,0.133333333,1.266666667,S1 O4,de-protonated,0,-9999,C30 H38 O4 S1,30,38,4,-9999,-9999,1,-9999,-9999,-9999
2601,493.257884,493.257668043,493.258062888,1436304,-9999,198076.8,7.19,-1,-0.800483969,0.890236869,0,0.534142121,2,0.166666667,1.958333333,S2 P1 O4,de-protonated,0,-9999,C24 H47 O4 P1 S2,24,47,4,-9999,1,2,-9999,-9999,-9999
2601,493.257884,493.257668043,493.257193508,1436304,-9999,198076.8,7.19,-1,0.962043137,0.845408228,0,0.507244937,3,0.391304348,1.869565217,P1 O9,de-protonated,0,-9999,C23 H43 O9 P1,23,43,9,-9999,1,-9999,-9999,-9999,-9999
2603,494.102262,494.10204573,494.102119146,1543186,-9999,257147.7,7.91,-1,-0.148584524,0.996002105,0.939858231,0.973544555,12,0.590909091,1,13C1 O13,de-protonated,1,2596,C21 H22 O13 13C1,21,22,13,-9999,-9999,-9999,1,-9999,-9999
2603,494.102262,494.10204573,494.101896596,1543186,-9999,257147.7,7.91,-1,0.30182898,0.983605764,0,0.590163458,15,0.115384615,1,N1 S2 P1 O3,de-protonated,0,-9999,C26 H26 O3 N1 P1 S2,26,26,3,1,1,2,-9999,-9999,-9999
2604,494.294144,494.293927659,494.294188152,1728047.4,-9999,258531.6,9.15,-1,-0.526999761,0.950855174,0,0.570513104,11,0.068965517,1.448275862,N3 P1 O2,de-protonated,0,-9999,C29 H42 O2 N3 P1,29,42,2,3,1,-9999,-9999,-9999,-9999
2607,494.969471,494.969254409,494.969741718,1835158.6,-9999,191420.9,9.87,-1,-0.984522333,0.838722524,0,0.503233515,14,0.631578947,0.631578947,S2 O12,de-protonated,0,-9999,C19 H12 O12 S2,19,12,12,-9999,-9999,2,-9999,-9999,-9999
2607,494.969471,494.969254409,494.968872338,1835158.6,-9999,191420.9,9.87,-1,0.771909359,0.897524266,0,0.53851456,15,0.944444444,0.444444444,O17,de-protonated,0,-9999,C18 H8 O17,18,8,17,-9999,-9999,-9999,-9999,-9999,-9999
2607,494.969471,494.969254409,494.969361596,1835158.6,-9999,191420.9,9.87,-1,-0.216551272,0.991527162,0,0.594916297,19,0.428571429,0.428571429,N2 S1 P1 O9,de-protonated,0,-9999,C21 H9 O9 N2 P1 S1,21,9,9,2,1,1,-9999,-9999,-9999
2608,495.04195,495.041733382,495.041643357,2657441.5,-9999,220037.7,15.39,-1,0.181854557,0.994017264,0,0.596410359,13,0.75,0.8,O15,de-protonated,0,-9999,C20 H16 O15,20,16,15,-9999,-9999,-9999,-9999,-9999,-9999
2608,495.04195,495.041733382,495.042132614,2657441.5,-9999,220037.7,15.39,-1,-0.806460188,0.888686952,0,0.533212171,17,0.304347826,0.739130435,N2 S1 P1 O7,de-protonated,0,-9999,C23 H17 O7 N2 P1 S1,23,17,7,2,1,1,-9999,-9999,-9999
2608,495.04195,495.041733382,495.041481166,2657441.5,-9999,220037.7,15.39,-1,0.509486413,0.953992187,0,0.572395312,8,0.6,1.4,N4 S2 P1 O9,de-protonated,0,-9999,C15 H21 O9 N4 P1 S2,15,21,9,4,1,2,-9999,-9999,-9999
2609,495.078358,495.078141369,495.078028866,4542631,-9999,218479.9,28.05,-1,0.227242468,0.495336953,0.81490939,0.623165928,12,0.666666667,0.952380952,O14,de-protonated,0,-9999,C21 H20 O14,21,20,14,-9999,-9999,-9999,-9999,-9999,-9999
2609,495.078358,495.078141369,495.078518124,4542631,-9999,218479.9,28.05,-1,-0.760999686,0.450125954,0.793917021,0.587642381,16,0.25,0.875,N2 S1 P1 O6,de-protonated,0,-9999,C24 H21 O6 N2 P1 S1,24,21,6,2,1,1,-9999,-9999,-9999
2609,495.078358,495.078141369,495.077866675,4542631,-9999,218479.9,28.05,-1,0.55485026,0.945670975,0,0.567402585,7,0.5,1.5625,N4 S2 P1 O8,de-protonated,0,-9999,C16 H25 O8 N4 P1 S2,16,25,8,4,1,2,-9999,-9999,-9999
2610,495.114837,495.114620356,495.114414376,4354221,-9999,219080.9,26.79,-1,0.41602485299999997,0.484541732,0.807789663,0.613840905,11,0.590909091,1.090909091,O13,de-protonated,0,-9999,C22 H24 O13,22,24,13,-9999,-9999,-9999,-9999,-9999,-9999
2610,495.114837,495.114620356,495.114903633,4354221,-9999,219080.9,26.79,-1,-0.572144863,0.471166209,0.787157861,0.59756287,15,0.2,1,N2 S1 P1 O5,de-protonated,0,-9999,C25 H25 O5 N2 P1 S1,25,25,5,2,1,1,-9999,-9999,-9999
2610,495.114837,495.114620356,495.114252184,4354221,-9999,219080.9,26.79,-1,0.743608631,0.904536393,0,0.542721836,6,0.411764706,1.705882353,N4 S2 P1 O7,de-protonated,0,-9999,C17 H29 O7 N4 P1 S2,17,29,7,4,1,2,-9999,-9999,-9999
2611,495.151158,495.150941342,495.150799885,3419314.3,-9999,224004.1,20.51,-1,0.285684903,0.985300024,0,0.591180014,10,0.52173913,1.217391304,O12,de-protonated,0,-9999,C23 H28 O12,23,28,12,-9999,-9999,-9999,-9999,-9999,-9999
2611,495.151158,495.150941342,495.151289142,3419314.3,-9999,224004.1,20.51,-1,-0.70241207,0.914366644,0,0.548619986,14,0.153846154,1.115384615,N2 S1 P1 O4,de-protonated,0,-9999,C26 H29 O4 N2 P1 S1,26,29,4,2,1,1,-9999,-9999,-9999
2611,495.151158,495.150941342,495.150637694,3419314.3,-9999,224004.1,20.51,-1,0.613244566,0.934038886,0,0.560423332,5,0.333333333,1.833333333,N4 S2 P1 O6,de-protonated,0,-9999,C18 H33 O6 N4 P1 S2,18,33,6,4,1,2,-9999,-9999,-9999
2612,495.183356,495.18313933,495.183162642,2532535.3,-9999,230703,14.55,-1,-0.047077851,0.999597932,0,0.599758759,5,0.684210526,1.684210526,N2 O13,de-protonated,0,-9999,C19 H32 O13 N2,19,32,13,2,-9999,-9999,-9999,-9999,-9999
2612,495.183356,495.18313933,495.182649578,2532535.3,-9999,230703,14.55,-1,0.989033221,0.837368792,0,0.502421275,23,0.0625,0.75,N4 O2,de-protonated,0,-9999,C32 H24 O2 N4,32,24,2,4,-9999,-9999,-9999,-9999,-9999
2613,495.239248,495.239031309,495.238827045,1456319.6,-9999,236362.2,7.32,-1,0.412456581,0.969603427,0,0.581762056,12,0.24137931,1.24137931,O7,de-protonated,0,-9999,C29 H36 O7,29,36,7,-9999,-9999,-9999,-9999,-9999,-9999
2613,495.239248,495.239031309,495.238664854,1456319.6,-9999,236362.2,7.32,-1,0.739958064,0.905425718,0,0.543255431,7,0.041666667,1.708333333,N4 S2 P1 O1,de-protonated,0,-9999,C24 H41 O1 N4 P1 S2,24,41,1,4,1,2,-9999,-9999,-9999
2614,495.2883,495.288083291,495.288099714,1578695.1,-9999,240007.5,8.14,-1,-0.033157594,0.99980053,0,0.599880318,6,0.222222222,1.666666667,P1 O6,de-protonated,0,-9999,C27 H45 O6 P1,27,45,6,-9999,1,-9999,-9999,-9999,-9999
2618,497.057696,497.057478636,497.057293421,3198418,-9999,240940.6,19.02,-1,0.372623119,0.97512093,0,0.585072558,12,0.75,0.9,O15,de-protonated,0,-9999,C20 H18 O15,20,18,15,-9999,-9999,-9999,-9999,-9999,-9999
2618,497.057696,497.057478636,497.057782679,3198418,-9999,240940.6,19.02,-1,-0.611684037,0.93436291,0,0.560617746,16,0.304347826,0.826086957,N2 S1 P1 O7,de-protonated,0,-9999,C23 H19 O7 N2 P1 S1,23,19,7,2,1,1,-9999,-9999,-9999
2618,497.057696,497.057478636,497.05713123,3198418,-9999,240940.6,19.02,-1,0.698926435,0.915177403,0,0.549106442,7,0.6,1.533333333,N4 S2 P1 O9,de-protonated,0,-9999,C15 H23 O9 N4 P1 S2,15,23,9,4,1,2,-9999,-9999,-9999
2619,497.094323,497.094105623,497.094548311,4207063.5,-9999,238735.1,25.79,-1,-0.890550378,0.865971466,0,0.51958288,10,0.409090909,1.181818182,S2 O9,de-protonated,0,-9999,C22 H26 O9 S2,22,26,9,-9999,-9999,2,-9999,-9999,-9999
2619,497.094323,497.094105623,497.093678931,4207063.5,-9999,238735.1,25.79,-1,0.858373683,0.874859158,0,0.524915495,11,0.666666667,1.047619048,O14,de-protonated,0,-9999,C21 H22 O14,21,22,14,-9999,-9999,-9999,-9999,-9999,-9999
2619,497.094323,497.094105623,497.094168188,4207063.5,-9999,238735.1,25.79,-1,-0.125861903,0.498564879,0.793917021,0.616705736,15,0.25,0.958333333,N2 S1 P1 O6,de-protonated,0,-9999,C24 H23 O6 N2 P1 S1,24,23,6,2,1,1,-9999,-9999,-9999
2620,497.130446,497.130228609,497.13006444,3529181,-9999,242462.5,21.24,-1,0.330234327,0.98040666,0,0.588243996,10,0.590909091,1.181818182,O13,de-protonated,0,-9999,C22 H26 O13,22,26,13,-9999,-9999,-9999,-9999,-9999,-9999
2620,497.130446,497.130228609,497.130553697,3529181,-9999,242462.5,21.24,-1,-0.653928702,0.925342272,0,0.555205363,14,0.2,1.08,N2 S1 P1 O5,de-protonated,0,-9999,C25 H27 O5 N2 P1 S1,25,27,5,2,1,1,-9999,-9999,-9999
2620,497.130446,497.130228609,497.129902249,3529181,-9999,242462.5,21.24,-1,0.656489864,0.924778932,0,0.554867359,5,0.411764706,1.823529412,N4 S2 P1 O7,de-protonated,0,-9999,C17 H31 O7 N4 P1 S2,17,31,7,4,1,2,-9999,-9999,-9999
2621,497.166787,497.166569596,497.166449949,2161122.5,-9999,253473.4,12.05,-1,0.24065705,0.989546275,0,0.593727765,9,0.52173913,1.304347826,O12,de-protonated,0,-9999,C23 H30 O12,23,30,12,-9999,-9999,-9999,-9999,-9999,-9999
2621,497.166787,497.166569596,497.166939207,2161122.5,-9999,253473.4,12.05,-1,-0.743433864,0.904579048,0,0.542747429,13,0.153846154,1.192307692,N2 S1 P1 O4,de-protonated,0,-9999,C26 H31 O4 N2 P1 S1,26,31,4,2,1,1,-9999,-9999,-9999
2621,497.166787,497.166569596,497.166287758,2161122.5,-9999,253473.4,12.05,-1,0.566888681,0.943356656,0,0.566013994,4,0.333333333,1.944444444,N4 S2 P1 O6,de-protonated,0,-9999,C18 H35 O6 N4 P1 S2,18,35,6,4,1,2,-9999,-9999,-9999
2624,499.036898,499.036679904,499.036557976,1455095.9,-9999,213780.5,7.31,-1,0.244325536,0.989226877,0,0.593536126,12,0.842105263,0.842105263,O16,de-protonated,0,-9999,C19 H16 O16,19,16,16,-9999,-9999,-9999,-9999,-9999,-9999
2624,499.036898,499.036679904,499.037047234,1455095.9,-9999,213780.5,7.31,-1,-0.736077567,0.90636721,0,0.543820326,16,0.363636364,0.772727273,N2 S1 P1 O8,de-protonated,0,-9999,C22 H17 O8 N2 P1 S1,22,17,8,2,1,1,-9999,-9999,-9999
2624,499.036898,499.036679904,499.036395785,1455095.9,-9999,213780.5,7.31,-1,0.569334636,0.942881066,0,0.56572864,7,0.714285714,1.5,N4 S2 P1 O10,de-protonated,0,-9999,C14 H21 O10 N4 P1 S2,14,21,10,4,1,2,-9999,-9999,-9999
2625,499.052013,499.051794898,499.051814118,2018554.1,-9999,219778.1,11.09,-1,-0.038512053,0.999730915,0,0.599838549,16,0.565217391,0.695652174,O13,de-protonated,0,-9999,C23 H16 O13,23,16,13,-9999,-9999,-9999,-9999,-9999,-9999
2625,499.052013,499.051794898,499.051651926,2018554.1,-9999,219778.1,11.09,-1,0.286487019,0.985217976,0,0.591130786,11,0.388888889,1.166666667,N4 S2 P1 O7,de-protonated,0,-9999,C18 H21 O7 N4 P1 S2,18,21,7,4,1,2,-9999,-9999,-9999
2626,499.073411,499.07319289,499.072943486,3815165.3,-9999,214883.2,23.15,-1,0.499735587,0.955697148,0,0.573418289,11,0.75,1,O15,de-protonated,0,-9999,C20 H20 O15,20,20,15,-9999,-9999,-9999,-9999,-9999,-9999
2626,499.073411,499.07319289,499.073432743,3815165.3,-9999,214883.2,23.15,-1,-0.480596289,0.958956361,0,0.575373817,15,0.304347826,0.913043478,N2 S1 P1 O7,de-protonated,0,-9999,C23 H21 O7 N2 P1 S1,23,21,7,2,1,1,-9999,-9999,-9999
2626,499.073411,499.07319289,499.072781294,3815165.3,-9999,214883.2,23.15,-1,0.824721074,0.883896753,0,0.530338052,6,0.6,1.666666667,N4 S2 P1 O9,de-protonated,0,-9999,C15 H25 O9 N4 P1 S2,15,25,9,4,1,2,-9999,-9999,-9999
2627,499.109706,499.109487877,499.109328995,4515586.5,-9999,220679.7,27.86,-1,0.318330509,0.981781031,0,0.589068619,10,0.666666667,1.142857143,O14,de-protonated,0,-9999,C21 H24 O14,21,24,14,-9999,-9999,-9999,-9999,-9999,-9999
2627,499.109706,499.109487877,499.109818253,4515586.5,-9999,220679.7,27.86,-1,-0.661929723,0.461788125,0.793917021,0.594639684,14,0.25,1.041666667,N2 S1 P1 O6,de-protonated,0,-9999,C24 H25 O6 N2 P1 S1,24,25,6,2,1,1,-9999,-9999,-9999
2627,499.109706,499.109487877,499.109166804,4515586.5,-9999,220679.7,27.86,-1,0.643292245,0.927661861,0,0.556597116,5,0.5,1.8125,N4 S2 P1 O8,de-protonated,0,-9999,C16 H29 O8 N4 P1 S2,16,29,8,4,1,2,-9999,-9999,-9999
2628,499.146064,499.145845863,499.145714505,3236616,-9999,243858.3,19.27,-1,0.263167479,0.987512016,0,0.59250721,9,0.590909091,1.272727273,O13,de-protonated,0,-9999,C22 H28 O13,22,28,13,-9999,-9999,-9999,-9999,-9999,-9999
2628,499.146064,499.145845863,499.146203762,3236616,-9999,243858.3,19.27,-1,-0.717021241,0.910932662,0,0.546559597,13,0.2,1.16,N2 S1 P1 O5,de-protonated,0,-9999,C25 H29 O5 N2 P1 S1,25,29,5,2,1,1,-9999,-9999,-9999
2628,499.146064,499.145845863,499.145552313,3236616,-9999,243858.3,19.27,-1,0.58810551,0.939171373,0,0.563502824,4,0.411764706,1.941176471,N4 S2 P1 O7,de-protonated,0,-9999,C17 H33 O7 N4 P1 S2,17,33,7,4,1,2,-9999,-9999,-9999
2629,499.182534,499.18231585,499.182100014,1704717.4,-9999,220298.6,8.99,-1,0.432379428,0.966646717,0,0.57998803,8,0.52173913,1.391304348,O12,de-protonated,0,-9999,C23 H32 O12,23,32,12,-9999,-9999,-9999,-9999,-9999,-9999
2629,499.182534,499.18231585,499.182589271,1704717.4,-9999,220298.6,8.99,-1,-0.547738012,0.947017527,0,0.568210516,12,0.153846154,1.269230769,N2 S1 P1 O4,de-protonated,0,-9999,C26 H33 O4 N2 P1 S1,26,33,4,2,1,1,-9999,-9999,-9999
2629,499.182534,499.18231585,499.181937823,1704717.4,-9999,220298.6,8.99,-1,0.757293829,0.901171476,0,0.540702885,3,0.333333333,2.055555556,N4 S2 P1 O6,de-protonated,0,-9999,C18 H37 O6 N4 P1 S2,18,37,6,4,1,2,-9999,-9999,-9999
2630,500.236435,500.23621646,500.23600457,2517927.5,-9999,214001.7,14.44,-1,0.423580775,0.967968585,0,0.580781151,15,0.096774194,1.161290323,N1 P1 O3,de-protonated,0,-9999,C31 H36 O3 N1 P1,31,36,3,1,1,-9999,-9999,-9999,-9999
2630,500.236435,500.23621646,500.235733243,2517927.5,-9999,214001.7,14.44,-1,0.965977603,0.844245391,0,0.506547235,1,0.380952381,2.047619048,N1 S2 O8,de-protonated,0,-9999,C21 H43 O8 N1 S2,21,43,8,1,-9999,2,-9999,-9999,-9999
2634,500.930704,500.930485203,500.930002162,1655564.1,-9999,148698.6,8.65,-1,0.964288255,0.844745066,0,0.506847039,14,0.928571429,0.428571429,N4 S2 O13,de-protonated,0,-9999,C14 H6 O13 N4 S2,14,6,13,4,-9999,2,-9999,-9999,-9999
2635,501.052338,501.052119158,501.052208041,2309149.8,-9999,222379.9,13.04,-1,-0.177392796,0.994306406,0,0.596583844,11,0.842105263,0.947368421,O16,de-protonated,0,-9999,C19 H18 O16,19,18,16,-9999,-9999,-9999,-9999,-9999,-9999
2635,501.052338,501.052119158,501.051694977,2309149.8,-9999,222379.9,13.04,-1,0.846581704,0.878056463,0,0.526833878,29,0.15625,0.3125,N2 O5,de-protonated,0,-9999,C32 H10 O5 N2,32,10,5,2,-9999,-9999,-9999,-9999,-9999
2635,501.052338,501.052119158,501.05204585,2309149.8,-9999,222379.9,13.04,-1,0.146308709,0.9961234,0,0.59767404,6,0.714285714,1.642857143,N4 S2 P1 O10,de-protonated,0,-9999,C14 H23 O10 N4 P1 S2,14,23,10,4,1,2,-9999,-9999,-9999
2636,501.067672,501.067453152,501.067464182,2287648,-9999,187779.9,12.9,-1,-0.022013039,0.999912079,0,0.599947247,15,0.565217391,0.782608696,O13,de-protonated,0,-9999,C23 H18 O13,23,18,13,-9999,-9999,-9999,-9999,-9999,-9999
2636,501.067672,501.067453152,501.06795344,2287648,-9999,187779.9,12.9,-1,-0.998442156,0.834532335,0,0.500719401,19,0.192307692,0.730769231,N2 S1 P1 O5,de-protonated,0,-9999,C26 H19 O5 N2 P1 S1,26,19,5,2,1,1,-9999,-9999,-9999
2636,501.067672,501.067453152,501.067301991,2287648,-9999,187779.9,12.9,-1,0.30167866,0.983621955,0,0.590173173,10,0.388888889,1.277777778,N4 S2 P1 O7,de-protonated,0,-9999,C18 H23 O7 N4 P1 S2,18,23,7,4,1,2,-9999,-9999,-9999
2637,501.088906,501.088687144,501.08859355,3743779,-9999,212690.9,22.67,-1,0.186781468,0.993689736,0,0.596213842,10,0.75,1.1,O15,de-protonated,0,-9999,C20 H22 O15,20,22,15,-9999,-9999,-9999,-9999,-9999,-9999
2637,501.088906,501.088687144,501.089082808,3743779,-9999,212690.9,22.67,-1,-0.78960668,0.8930351,0,0.53582106,14,0.304347826,1,N2 S1 P1 O7,de-protonated,0,-9999,C23 H23 O7 N2 P1 S1,23,23,7,2,1,1,-9999,-9999,-9999
2637,501.088906,501.088687144,501.088431359,3743779,-9999,212690.9,22.67,-1,0.510459586,0.953820385,0,0.572292231,5,0.6,1.8,N4 S2 P1 O9,de-protonated,0,-9999,C15 H27 O9 N4 P1 S2,15,27,9,4,1,2,-9999,-9999,-9999
2638,501.103906,501.103687139,501.103849692,2128421,-9999,243068.3,11.83,-1,-0.324389403,0.981087557,0,0.588652534,14,0.5,0.916666667,O12,de-protonated,0,-9999,C24 H22 O12,24,22,12,-9999,-9999,-9999,-9999,-9999,-9999
2638,501.103906,501.103687139,501.103336627,2128421,-9999,243068.3,11.83,-1,0.69947942,0.915049,0,0.5490294,32,0.027027027,0.378378378,N2 O1,de-protonated,0,-9999,C37 H14 O1 N2,37,14,1,2,-9999,-9999,-9999,-9999,-9999
2638,501.103906,501.103687139,501.103198243,2128421,-9999,243068.3,11.83,-1,0.975639156,0.841376632,0,0.504825979,5,0.875,1.625,N2 S1 O14,de-protonated,0,-9999,C16 H26 O14 N2 S1,16,26,14,2,-9999,1,-9999,-9999,-9999
2638,501.103906,501.103687139,501.1036875,2128421,-9999,243068.3,11.83,-1,-7.21305e-4,0.999999906,0,0.599999943,9,0.315789474,1.421052632,N4 S2 P1 O6,de-protonated,0,-9999,C19 H27 O6 N4 P1 S2,19,27,6,4,1,2,-9999,-9999,-9999
2639,501.125391,501.125172131,501.12497906,2619944.3,-9999,201403.2,15.13,-1,0.385275564,0.973425733,0,0.58405544,9,0.666666667,1.238095238,O14,de-protonated,0,-9999,C21 H26 O14,21,26,14,-9999,-9999,-9999,-9999,-9999,-9999
2639,501.125391,501.125172131,501.125468317,2619944.3,-9999,201403.2,15.13,-1,-0.591041884,0.938581523,0,0.563148914,13,0.25,1.125,N2 S1 P1 O6,de-protonated,0,-9999,C24 H27 O6 N2 P1 S1,24,27,6,2,1,1,-9999,-9999,-9999
2639,501.125391,501.125172131,501.124816868,2619944.3,-9999,201403.2,15.13,-1,0.708930245,0.912841643,0,0.547704986,4,0.5,1.9375,N4 S2 P1 O8,de-protonated,0,-9999,C16 H31 O8 N4 P1 S2,16,31,8,4,1,2,-9999,-9999,-9999
2640,501.140877,501.140658125,501.141104581,1866282.5,-9999,249948.7,10.07,-1,-0.890878195,0.86587971,0,0.519527826,12,0.230769231,1.153846154,S2 O6,de-protonated,0,-9999,C26 H30 O6 S2,26,30,6,-9999,-9999,2,-9999,-9999,-9999
2640,501.140877,501.140658125,501.140235201,1866282.5,-9999,249948.7,10.07,-1,0.843923831,0.878772613,0,0.527263568,13,0.44,1.04,O11,de-protonated,0,-9999,C25 H26 O11,25,26,11,-9999,-9999,-9999,-9999,-9999,-9999
2640,501.140877,501.140658125,501.140724458,1866282.5,-9999,249948.7,10.07,-1,-0.132364343,0.996826009,0,0.598095605,17,0.107142857,0.964285714,N2 S1 P1 O3,de-protonated,0,-9999,C28 H27 O3 N2 P1 S1,28,27,3,2,1,1,-9999,-9999,-9999
2641,501.161865,501.161646117,501.161364569,1698861.5,-9999,175384.1,8.94,-1,0.561791828,0.944341868,0,0.566605121,8,0.590909091,1.363636364,O13,de-protonated,0,-9999,C22 H30 O13,22,30,13,-9999,-9999,-9999,-9999,-9999,-9999
2641,501.161865,501.161646117,501.161853826,1698861.5,-9999,175384.1,8.94,-1,-0.41445491,0.969312752,0,0.581587651,12,0.2,1.24,N2 S1 P1 O5,de-protonated,0,-9999,C25 H31 O5 N2 P1 S1,25,31,5,2,1,1,-9999,-9999,-9999
2641,501.161865,501.161646117,501.161202378,1698861.5,-9999,175384.1,8.94,-1,0.885423067,0.867403464,0,0.520442078,3,0.411764706,2.058823529,N4 S2 P1 O7,de-protonated,0,-9999,C17 H35 O7 N4 P1 S2,17,35,7,4,1,2,-9999,-9999,-9999
2643,502.215751,502.215531727,502.215269125,1926340.9,-9999,210351.5,10.47,-1,0.522888619,0.951600152,0,0.570960091,15,0.133333333,1.133333333,N1 P1 O4,de-protonated,0,-9999,C30 H34 O4 N1 P1,30,34,4,1,1,-9999,-9999,-9999,-9999
2644,502.251801,502.251581714,502.251654634,1683658,-9999,230997.1,8.84,-1,-0.14518627,0.996182539,0,0.597709523,14,0.096774194,1.225806452,N1 P1 O3,de-protonated,0,-9999,C31 H38 O3 N1 P1,31,38,3,1,1,-9999,-9999,-9999,-9999
2644,502.251801,502.251581714,502.251383308,1683658,-9999,230997.1,8.84,-1,0.395033487,0.97208179,0,0.583249074,0,0.380952381,2.142857143,N1 S2 O8,de-protonated,0,-9999,C21 H45 O8 N1 S2,21,45,8,1,-9999,2,-9999,-9999,-9999
2646,502.932528,502.932308462,502.932701304,1430826.9,-9999,235260.7,7.14,-1,-0.781102796,0.895202115,0,0.537121269,13,0.9375,0.5625,S1 P1 O15,de-protonated,0,-9999,C16 H9 O15 P1 S1,16,9,15,-9999,1,1,-9999,-9999,-9999
2647,502.963385,502.963165451,502.963213587,1705775.3,-9999,256915.6,8.99,-1,-0.095705091,0.998339408,0,0.599003645,21,0.375,0.375,S1 P1 O9,de-protonated,0,-9999,C24 H9 O9 P1 S1,24,9,9,-9999,1,1,-9999,-9999,-9999
2648,503.047118,503.04689842,503.046728737,1817403.1,-9999,238145,9.74,-1,0.337309077,0.979566882,0,0.58774012899999994,15,0.636363636,0.727272727,O14,de-protonated,0,-9999,C22 H16 O14,22,16,14,-9999,-9999,-9999,-9999,-9999,-9999
2648,503.047118,503.04689842,503.047217995,1817403.1,-9999,238145,9.74,-1,-0.63527858,0.929388109,0,0.557632866,19,0.24,0.68,N2 S1 P1 O6,de-protonated,0,-9999,C25 H17 O6 N2 P1 S1,25,17,6,2,1,1,-9999,-9999,-9999
2648,503.047118,503.04689842,503.046566546,1817403.1,-9999,238145,9.74,-1,0.659727309,0.924064182,0,0.554438509,10,0.470588235,1.235294118,N4 S2 P1 O8,de-protonated,0,-9999,C17 H21 O8 N4 P1 S2,17,21,8,4,1,2,-9999,-9999,-9999
2649,503.068277,503.068057412,503.067858105,1566014.1,-9999,293300.9,8.05,-1,0.396181814,0.971921547,0,0.583152928,10,0.842105263,1.052631579,O16,de-protonated,0,-9999,C19 H20 O16,19,20,16,-9999,-9999,-9999,-9999,-9999,-9999
2649,503.068277,503.068057412,503.068347363,1566014.1,-9999,293300.9,8.05,-1,-0.576365051,0.941504031,0,0.564902418,14,0.363636364,0.954545455,N2 S1 P1 O8,de-protonated,0,-9999,C22 H21 O8 N2 P1 S1,22,21,8,2,1,1,-9999,-9999,-9999
2649,503.068277,503.068057412,503.067695914,1566014.1,-9999,293300.9,8.05,-1,0.718586523,0.910561315,0,0.546336789,5,0.714285714,1.785714286,N4 S2 P1 O10,de-protonated,0,-9999,C14 H25 O10 N4 P1 S2,14,25,10,4,1,2,-9999,-9999,-9999
2650,503.083574,503.083354406,503.083114247,3305792.3,-9999,204702.4,19.73,-1,0.477375165,0.959493435,0,0.575696061,14,0.565217391,0.869565217,O13,de-protonated,0,-9999,C23 H20 O13,23,20,13,-9999,-9999,-9999,-9999,-9999,-9999
2650,503.083574,503.083354406,503.083603504,3305792.3,-9999,204702.4,19.73,-1,-0.495142286,0.956489921,0,0.573893953,18,0.192307692,0.807692308,N2 S1 P1 O5,de-protonated,0,-9999,C26 H21 O5 N2 P1 S1,26,21,5,2,1,1,-9999,-9999,-9999
2650,503.083574,503.083354406,503.082952055,3305792.3,-9999,204702.4,19.73,-1,0.799770123,0.890421412,0,0.534252847,9,0.388888889,1.388888889,N4 S2 P1 O7,de-protonated,0,-9999,C18 H25 O7 N4 P1 S2,18,25,7,4,1,2,-9999,-9999,-9999
2651,503.104827,503.104607398,503.104243615,2136387.3,-9999,222010.1,11.88,-1,0.723077698,0.909492182,0,0.545695309,9,0.75,1.2,O15,de-protonated,0,-9999,C20 H24 O15,20,24,15,-9999,-9999,-9999,-9999,-9999,-9999
2651,503.104827,503.104607398,503.104732872,2136387.3,-9999,222010.1,11.88,-1,-0.249399148,0.988777353,0,0.593266412,13,0.304347826,1.086956522,N2 S1 P1 O7,de-protonated,0,-9999,C23 H25 O7 N2 P1 S1,23,25,7,2,1,1,-9999,-9999,-9999
2652,503.119987,503.119767393,503.119499756,2194245.5,-9999,240461.6,12.27,-1,0.531954252,0.949950405,0,0.569970243,13,0.5,1,O12,de-protonated,0,-9999,C24 H24 O12,24,24,12,-9999,-9999,-9999,-9999,-9999,-9999
2652,503.119987,503.119767393,503.119989013,2194245.5,-9999,240461.6,12.27,-1,-0.440492919,0.965405348,0,0.579243209,17,0.148148148,0.925925926,N2 S1 P1 O4,de-protonated,0,-9999,C27 H25 O4 N2 P1 S1,27,25,4,2,1,1,-9999,-9999,-9999
2652,503.119987,503.119767393,503.119337565,2194245.5,-9999,240461.6,12.27,-1,0.854325912,0.875960348,0,0.525576209,8,0.315789474,1.526315789,N4 S2 P1 O6,de-protonated,0,-9999,C19 H29 O6 N4 P1 S2,19,29,6,4,1,2,-9999,-9999,-9999
2654,504.961439,504.961218711,504.961105586,3134024.3,-9999,223196.7,18.58,-1,0.224026379,0.990934825,0,0.594560895,20,0.291666667,0.458333333,S2 P1 O7,de-protonated,0,-9999,C24 H11 O7 P1 S2,24,11,7,-9999,1,2,-9999,-9999,-9999
2654,504.961439,504.961218711,504.961302291,3134024.3,-9999,223196.7,18.58,-1,-0.1655174,0.995041365,0,0.597024819,12,0.928571429,0.714285714,N4 S2 O13,de-protonated,0,-9999,C14 H10 O13 N4 S2,14,10,13,4,-9999,2,-9999,-9999,-9999
2655,504.979007,504.978786705,504.978863651,4195914.5,-9999,227248.8,25.7,-1,-0.152375951,0.497897954,0.793917021,0.616305581,20,0.375,0.458333333,S1 P1 O9,de-protonated,0,-9999,C24 H11 O9 P1 S1,24,11,9,-9999,1,1,-9999,-9999,-9999
2656,505.062546,505.062325674,505.062378802,3597910.3,-9999,201738.5,21.69,-1,-0.105191352,0.997994245,0,0.598796547,14,0.636363636,0.818181818,O14,de-protonated,0,-9999,C22 H18 O14,22,18,14,-9999,-9999,-9999,-9999,-9999,-9999
2656,505.062546,505.062325674,505.06221661,3597910.3,-9999,201738.5,21.69,-1,0.215940001,0.991574726,0,0.594944835,9,0.470588235,1.352941176,N4 S2 P1 O8,de-protonated,0,-9999,C17 H23 O8 N4 P1 S2,17,23,8,4,1,2,-9999,-9999,-9999
2657,505.099226,505.09900566,505.098764311,3337819.5,-9999,215651.8,19.94,-1,0.477825123,0.95941861,0,0.575651166,13,0.565217391,0.956521739,O13,de-protonated,0,-9999,C23 H22 O13,23,22,13,-9999,-9999,-9999,-9999,-9999,-9999
2657,505.099226,505.09900566,505.099253568,3337819.5,-9999,215651.8,19.94,-1,-0.490811398,0.957231293,0,0.574338776,17,0.192307692,0.884615385,N2 S1 P1 O5,de-protonated,0,-9999,C26 H23 O5 N2 P1 S1,26,23,5,2,1,1,-9999,-9999,-9999
2657,505.099226,505.09900566,505.09860212,3337819.5,-9999,215651.8,19.94,-1,0.79893353,0.890637527,0,0.534382516,8,0.388888889,1.5,N4 S2 P1 O7,de-protonated,0,-9999,C18 H27 O7 N4 P1 S2,18,27,7,4,1,2,-9999,-9999,-9999
2658,505.135619,505.135398647,505.13514982,2901600.5,-9999,228285.1,17.02,-1,0.492593041,0.956927026,0,0.574156216,12,0.5,1.083333333,O12,de-protonated,0,-9999,C24 H26 O12,24,26,12,-9999,-9999,-9999,-9999,-9999,-9999
2658,505.135619,505.135398647,505.135639078,2901600.5,-9999,228285.1,17.02,-1,-0.475973723,0.95972607,0,0.575835642,16,0.148148148,1,N2 S1 P1 O4,de-protonated,0,-9999,C27 H27 O4 N2 P1 S1,27,27,4,2,1,1,-9999,-9999,-9999
2658,505.135619,505.135398647,505.134987629,2901600.5,-9999,228285.1,17.02,-1,0.813678323,0.886803221,0,0.532081932,7,0.315789474,1.631578947,N4 S2 P1 O6,de-protonated,0,-9999,C19 H31 O6 N4 P1 S2,19,31,6,4,1,2,-9999,-9999,-9999
2659,505.17177,505.171549633,505.17153533,1810533.6,-9999,208331.8,9.69,-1,0.028313806,0.999854548,0,0.599912729,11,0.44,1.2,O11,de-protonated,0,-9999,C25 H30 O11,25,30,11,-9999,-9999,-9999,-9999,-9999,-9999
2659,505.17177,505.171549633,505.172024587,1810533.6,-9999,208331.8,9.69,-1,-0.940182746,0.851811173,0,0.511086704,15,0.107142857,1.107142857,N2 S1 P1 O3,de-protonated,0,-9999,C28 H31 O3 N2 P1 S1,28,31,3,2,1,1,-9999,-9999,-9999
2659,505.17177,505.171549633,505.171373139,1810533.6,-9999,208331.8,9.69,-1,0.349375813,0.978095218,0,0.586857131,6,0.25,1.75,N4 S2 P1 O5,de-protonated,0,-9999,C20 H35 O5 N4 P1 S2,20,35,5,4,1,2,-9999,-9999,-9999
2660,505.965055,505.96483434,505.964596767,1653459.6,-9999,233901.8,8.63,-1,0.46954363,0.960785391,0,0.576471235,20,0.391304348,0.391304348,N1 S2 O9,de-protonated,0,-9999,C23 H9 O9 N1 S2,23,9,9,1,-9999,2,-9999,-9999,-9999
2661,506.95876,506.958538972,506.958128206,1761116.3,-9999,195415.9,9.36,-1,0.810255275,0.887698135,0,0.532618881,20,0.434782609,0.391304348,S1 P1 O10,de-protonated,0,-9999,C23 H9 O10 P1 S1,23,9,10,-9999,1,1,-9999,-9999,-9999
2662,506.976969,506.976747965,506.976755651,7687006.5,-9999,215727,49.14,-1,-0.015160167,0.984118761,0.987234364,0.985365002,19,0.291666667,0.541666667,S2 P1 O7,de-protonated,0,-9999,C24 H13 O7 P1 S2,24,13,7,-9999,1,2,-9999,-9999,-9999
2662,506.976969,506.976747965,506.976952355,7687006.5,-9999,215727,49.14,-1,-0.403155096,0.98536305,0.938189988,0.966493825,11,0.928571429,0.857142857,N4 S2 O13,de-protonated,0,-9999,C14 H12 O13 N4 S2,14,12,13,4,-9999,2,-9999,-9999,-9999
2663,507.042123,507.041901941,507.041643357,2471783.8,-9999,207113.9,14.13,-1,0.50998573,0.953904076,0,0.572342445,14,0.714285714,0.761904762,O15,de-protonated,0,-9999,C21 H16 O15,21,16,15,-9999,-9999,-9999,-9999,-9999,-9999
2663,507.042123,507.041901941,507.042132614,2471783.8,-9999,207113.9,14.13,-1,-0.45493921,0.963142043,0,0.577885226,18,0.291666667,0.708333333,N2 S1 P1 O7,de-protonated,0,-9999,C24 H17 O7 N2 P1 S1,24,17,7,2,1,1,-9999,-9999,-9999
2663,507.042123,507.041901941,507.041481166,2471783.8,-9999,207113.9,14.13,-1,0.829863726,0.882533124,0,0.529519874,9,0.5625,1.3125,N4 S2 P1 O9,de-protonated,0,-9999,C16 H21 O9 N4 P1 S2,16,21,9,4,1,2,-9999,-9999,-9999
2664,507.078523,507.078301927,507.078028866,3783532.8,-9999,211273.9,22.93,-1,0.538499333,0.948743532,0,0.569246119,13,0.636363636,0.909090909,O14,de-protonated,0,-9999,C22 H20 O14,22,20,14,-9999,-9999,-9999,-9999,-9999,-9999
2664,507.078523,507.078301927,507.078518124,3783532.8,-9999,211273.9,22.93,-1,-0.426356397,0.967554329,0,0.580532597,17,0.24,0.84,N2 S1 P1 O6,de-protonated,0,-9999,C25 H21 O6 N2 P1 S1,25,21,6,2,1,1,-9999,-9999,-9999
2664,507.078523,507.078301927,507.077866675,3783532.8,-9999,211273.9,22.93,-1,0.858354384,0.874864417,0,0.52491865,8,0.470588235,1.470588235,N4 S2 P1 O8,de-protonated,0,-9999,C17 H25 O8 N4 P1 S2,17,25,8,4,1,2,-9999,-9999,-9999
2665,507.114779,507.114557914,507.114414376,3839857.5,-9999,212333.6,23.31,-1,0.283049361,0.98556804,0,0.591340824,12,0.565217391,1.043478261,O13,de-protonated,0,-9999,C23 H24 O13,23,24,13,-9999,-9999,-9999,-9999,-9999,-9999
2665,507.114779,507.114557914,507.114903633,3839857.5,-9999,212333.6,23.31,-1,-0.681736894,0.459563472,0.780512821,0.587943211,16,0.192307692,0.961538462,N2 S1 P1 O5,de-protonated,0,-9999,C26 H25 O5 N2 P1 S1,26,25,5,2,1,1,-9999,-9999,-9999
2665,507.114779,507.114557914,507.114252184,3839857.5,-9999,212333.6,23.31,-1,0.602881381,0.936177278,0,0.561706367,7,0.388888889,1.611111111,N4 S2 P1 O7,de-protonated,0,-9999,C18 H29 O7 N4 P1 S2,18,29,7,4,1,2,-9999,-9999,-9999
2666,507.151319,507.1510979,507.150799885,2301302.5,-9999,234017.8,12.98,-1,0.587627066,0.939267238,0,0.563560343,11,0.5,1.166666667,O12,de-protonated,0,-9999,C24 H28 O12,24,28,12,-9999,-9999,-9999,-9999,-9999,-9999
2666,507.151319,507.1510979,507.151289142,2301302.5,-9999,234017.8,12.98,-1,-0.377090264,0.974528543,0,0.584717126,15,0.148148148,1.074074074,N2 S1 P1 O4,de-protonated,0,-9999,C27 H29 O4 N2 P1 S1,27,29,4,2,1,1,-9999,-9999,-9999
2666,507.151319,507.1510979,507.150637694,2301302.5,-9999,234017.8,12.98,-1,0.907436237,0.861214048,0,0.516728429,6,0.315789474,1.736842105,N4 S2 P1 O6,de-protonated,0,-9999,C19 H33 O6 N4 P1 S2,19,33,6,4,1,2,-9999,-9999,-9999
2667,507.288437,507.28821585,507.288099714,2035081.3,-9999,202923.1,11.2,-1,0.228934752,0.990535147,0,0.594321088,7,0.214285714,1.607142857,P1 O6,de-protonated,0,-9999,C28 H45 O6 P1,28,45,6,-9999,1,-9999,-9999,-9999,-9999
2669,507.980546,507.980324594,507.980110486,1842151.5,-9999,232762.1,9.9,-1,0.421488211,0.968279224,0.987234364,0.97586128,19,0.291666667,0.541666667,13C1 S2 P1 O7,de-protonated,1,2662,C23 H13 O7 P1 S2 13C1,23,13,7,-9999,1,2,1,-9999,-9999
2669,507.980546,507.980324594,507.980246832,1842151.5,-9999,232762.1,9.9,-1,0.153080771,0.995757009,0,0.597454205,19,0.391304348,0.47826087,N1 S2 O9,de-protonated,0,-9999,C23 H11 O9 N1 S2,23,11,9,1,-9999,2,-9999,-9999,-9999
2669,507.980546,507.980324594,507.979866709,1842151.5,-9999,232762.1,9.9,-1,0.90138322,0.862926678,0,0.517756007,24,0.24,0.32,N3 S1 P1 O6,de-protonated,0,-9999,C25 H8 O6 N3 P1 S1,25,8,6,3,1,1,-9999,-9999,-9999
2669,507.980546,507.980324594,507.98030719,1842151.5,-9999,232762.1,9.9,-1,0.034259474,0.999787054,0.938189988,0.975148228,11,0.928571429,0.857142857,13C1 N4 S2 O13,de-protonated,1,2662,C13 H12 O13 N4 S2 13C1,13,12,13,4,-9999,2,1,-9999,-9999
2670,508.950231,508.950009235,508.950343684,20388970,-9999,202389.2,134.42,-1,-0.657134909,0.308212253,0.765815427,0.491253522,20,0.45,0.3,N4 S2 O9,de-protonated,0,-9999,C20 H6 O9 N4 S2,20,6,9,4,-9999,2,-9999,-9999,-9999
2672,509.057813,509.057591195,509.057293421,3263609,-9999,235152,19.44,-1,0.584950824,0.939802213,0,0.563881328,13,0.714285714,0.857142857,O15,de-protonated,0,-9999,C21 H18 O15,21,18,15,-9999,-9999,-9999,-9999,-9999,-9999
2672,509.057813,509.057591195,509.057782679,3263609,-9999,235152,19.44,-1,-0.3761535,0.974653322,0,0.584791993,17,0.291666667,0.791666667,N2 S1 P1 O7,de-protonated,0,-9999,C24 H19 O7 N2 P1 S1,24,19,7,2,1,1,-9999,-9999,-9999
2672,509.057813,509.057591195,509.05713123,3263609,-9999,235152,19.44,-1,0.903562263,0.862311072,0,0.517386643,8,0.5625,1.4375,N4 S2 P1 O9,de-protonated,0,-9999,C16 H23 O9 N4 P1 S2,16,23,9,4,1,2,-9999,-9999,-9999
2673,509.094086,509.093864181,509.093678931,4136061.8,-9999,207656.6,25.3,-1,0.363883339,0.976260505,0,0.585756303,12,0.636363636,1,O14,de-protonated,0,-9999,C22 H22 O14,22,22,14,-9999,-9999,-9999,-9999,-9999,-9999
2673,509.094086,509.093864181,509.094168188,4136061.8,-9999,207656.6,25.3,-1,-0.597152081,0.468672955,0.787157861,0.596066917,16,0.24,0.92,N2 S1 P1 O6,de-protonated,0,-9999,C25 H23 O6 N2 P1 S1,25,23,6,2,1,1,-9999,-9999,-9999
2673,509.094086,509.093864181,509.093516739,4136061.8,-9999,207656.6,25.3,-1,0.682471936,0.918959726,0,0.551375836,7,0.470588235,1.588235294,N4 S2 P1 O8,de-protonated,0,-9999,C17 H27 O8 N4 P1 S2,17,27,8,4,1,2,-9999,-9999,-9999
2674,509.130441,509.130219168,509.13006444,3339394.8,-9999,208564.4,19.95,-1,0.303906433,0.9833812,0,0.59002872,11,0.565217391,1.130434783,O13,de-protonated,0,-9999,C23 H26 O13,23,26,13,-9999,-9999,-9999,-9999,-9999,-9999
2674,509.130441,509.130219168,509.130553697,3339394.8,-9999,208564.4,19.95,-1,-0.657060248,0.92465322,0,0.554791932,15,0.192307692,1.038461538,N2 S1 P1 O5,de-protonated,0,-9999,C26 H27 O5 N2 P1 S1,26,27,5,2,1,1,-9999,-9999,-9999
2674,509.130441,509.130219168,509.129902249,3339394.8,-9999,208564.4,19.95,-1,0.622472243,0.932108337,0,0.559265002,6,0.388888889,1.722222222,N4 S2 P1 O7,de-protonated,0,-9999,C18 H31 O7 N4 P1 S2,18,31,7,4,1,2,-9999,-9999,-9999
2675,509.166789,509.166567155,509.166449949,2122887.8,-9999,245544.3,11.78,-1,0.230190144,0.990431559,0,0.594258935,10,0.5,1.25,O12,de-protonated,0,-9999,C24 H30 O12,24,30,12,-9999,-9999,-9999,-9999,-9999,-9999
2675,509.166789,509.166567155,509.166939207,2122887.8,-9999,245544.3,11.78,-1,-0.730707795,0.907663466,0,0.54459808,14,0.148148148,1.148148148,N2 S1 P1 O4,de-protonated,0,-9999,C27 H31 O4 N2 P1 S1,27,31,4,2,1,1,-9999,-9999,-9999
2675,509.166789,509.166567155,509.166287758,2122887.8,-9999,245544.3,11.78,-1,0.548733165,0.946830047,0,0.568098028,5,0.315789474,1.842105263,N4 S2 P1 O6,de-protonated,0,-9999,C19 H35 O6 N4 P1 S2,19,35,6,4,1,2,-9999,-9999,-9999
2676,509.195017,509.194795144,509.194460309,2637963.5,-9999,247591.6,15.24,-1,0.657578876,0.462269418,0.719752637,0.565262705,22,0.027777778,0.833333333,S1 O1,de-protonated,0,-9999,C36 H30 O1 S1,36,30,1,-9999,-9999,1,-9999,-9999,-9999
2676,509.195017,509.194795144,509.19459325,2637963.5,-9999,247591.6,15.24,-1,0.396496336,0.97187758,0,0.583126548,9,0.36,1.4,P1 O9,de-protonated,0,-9999,C25 H35 O9 P1,25,35,9,-9999,1,-9999,-9999,-9999,-9999
2678,510.133535,510.133312797,510.133196725,1646856.9,-9999,217188.4,8.59,-1,0.227532263,0.990650216,0,0.59439013,14,0.111111111,1.111111111,N1 S2 P1 O3,de-protonated,0,-9999,C27 H30 O3 N1 P1 S2,27,30,3,1,1,2,-9999,-9999,-9999
2680,511.073467,511.073244449,511.072943486,3444101.5,-9999,222405.6,20.65,-1,0.588884584,0.939015125,0,0.563409075,12,0.714285714,0.952380952,O15,de-protonated,0,-9999,C21 H20 O15,21,20,15,-9999,-9999,-9999,-9999,-9999,-9999
2680,511.073467,511.073244449,511.073432743,3444101.5,-9999,222405.6,20.65,-1,-0.368429193,0.975670983,0,0.58540259,16,0.291666667,0.875,N2 S1 P1 O7,de-protonated,0,-9999,C24 H21 O7 N2 P1 S1,24,21,7,2,1,1,-9999,-9999,-9999
2680,511.073467,511.073244449,511.072781294,3444101.5,-9999,222405.6,20.65,-1,0.906239433,0.861553308,0,0.516931985,7,0.5625,1.5625,N4 S2 P1 O9,de-protonated,0,-9999,C16 H25 O9 N4 P1 S2,16,25,9,4,1,2,-9999,-9999,-9999
2681,511.109775,511.109552435,511.109328995,3929482.5,-9999,235120.7,23.91,-1,0.437167112,0.965916796,0,0.579550078,11,0.636363636,1.090909091,O14,de-protonated,0,-9999,C22 H24 O14,22,24,14,-9999,-9999,-9999,-9999,-9999,-9999
2681,511.109775,511.109552435,511.109818253,3929482.5,-9999,235120.7,23.91,-1,-0.52007837,0.476053186,0.787157861,0.600495056,15,0.24,1,N2 S1 P1 O6,de-protonated,0,-9999,C25 H25 O6 N2 P1 S1,25,25,6,2,1,1,-9999,-9999,-9999
2681,511.109775,511.109552435,511.109166804,3929482.5,-9999,235120.7,23.91,-1,0.75449932,0.901862551,0,0.541117531,6,0.470588235,1.705882353,N4 S2 P1 O8,de-protonated,0,-9999,C17 H29 O8 N4 P1 S2,17,29,8,4,1,2,-9999,-9999,-9999
2682,511.145999,511.145776422,511.145714505,2418063.3,-9999,240998.4,13.76,-1,0.1211346,0.997341037,0,0.598404622,10,0.565217391,1.217391304,O13,de-protonated,0,-9999,C23 H28 O13,23,28,13,-9999,-9999,-9999,-9999,-9999,-9999
2682,511.145999,511.145776422,511.146203762,2418063.3,-9999,240998.4,13.76,-1,-0.836042438,0.880886373,0,0.528531824,14,0.192307692,1.115384615,N2 S1 P1 O5,de-protonated,0,-9999,C26 H29 O5 N2 P1 S1,26,29,5,2,1,1,-9999,-9999,-9999
2682,511.145999,511.145776422,511.145552313,2418063.3,-9999,240998.4,13.76,-1,0.438444119,0.965720842,0,0.579432505,5,0.388888889,1.833333333,N4 S2 P1 O7,de-protonated,0,-9999,C18 H33 O7 N4 P1 S2,18,33,7,4,1,2,-9999,-9999,-9999
2683,511.182386,511.182163408,511.182100014,1588116,-9999,248986.6,8.19,-1,0.124015715,0.997213228,0,0.598327937,9,0.5,1.333333333,O12,de-protonated,0,-9999,C24 H32 O12,24,32,12,-9999,-9999,-9999,-9999,-9999,-9999
2683,511.182386,511.182163408,511.182589271,1588116,-9999,248986.6,8.19,-1,-0.833093195,0.881673546,0,0.529004127,13,0.148148148,1.222222222,N2 S1 P1 O4,de-protonated,0,-9999,C27 H33 O4 N2 P1 S1,27,33,4,2,1,1,-9999,-9999,-9999
2683,511.182386,511.182163408,511.181937823,1588116,-9999,248986.6,8.19,-1,0.44130265,0.96528028,0,0.579168168,4,0.315789474,1.947368421,N4 S2 P1 O6,de-protonated,0,-9999,C19 H37 O6 N4 P1 S2,19,37,6,4,1,2,-9999,-9999,-9999
2685,513.052476,513.052252716,513.052208041,1738376.8,-9999,212085.6,9.2,-1,0.087077658,0.998625108,0,0.599175065,12,0.8,0.9,O16,de-protonated,0,-9999,C20 H18 O16,20,18,16,-9999,-9999,-9999,-9999,-9999,-9999
2685,513.052476,513.052252716,513.052697298,1738376.8,-9999,212085.6,9.2,-1,-0.866542496,0.872625257,0,0.523575154,16,0.347826087,0.826086957,N2 S1 P1 O8,de-protonated,0,-9999,C23 H19 O8 N2 P1 S1,23,19,8,2,1,1,-9999,-9999,-9999
2685,513.052476,513.052252716,513.05204585,1738376.8,-9999,212085.6,9.2,-1,0.40320805,0.970931524,0,0.582558914,7,0.666666667,1.533333333,N4 S2 P1 O10,de-protonated,0,-9999,C15 H23 O10 N4 P1 S2,15,23,10,4,1,2,-9999,-9999,-9999
2686,513.088976,513.088752703,513.08859355,3198605.5,-9999,217931,19,-1,0.310185273,0.982693441,0,0.589616065,11,0.714285714,1.047619048,O15,de-protonated,0,-9999,C21 H22 O15,21,22,15,-9999,-9999,-9999,-9999,-9999,-9999
2686,513.088976,513.088752703,513.089082808,3198605.5,-9999,217931,19,-1,-0.643367469,0.927645569,0,0.556587342,15,0.291666667,0.958333333,N2 S1 P1 O7,de-protonated,0,-9999,C24 H23 O7 N2 P1 S1,24,23,7,2,1,1,-9999,-9999,-9999
2686,513.088976,513.088752703,513.088431359,3198605.5,-9999,217931,19,-1,0.626293316,0.931301662,0,0.558780997,6,0.5625,1.6875,N4 S2 P1 O9,de-protonated,0,-9999,C16 H27 O9 N4 P1 S2,16,27,9,4,1,2,-9999,-9999,-9999
2687,513.125374,513.125150689,513.12497906,2520722.3,-9999,237402,14.45,-1,0.334479338,0.979904824,0,0.587942894,10,0.636363636,1.181818182,O14,de-protonated,0,-9999,C22 H26 O14,22,26,14,-9999,-9999,-9999,-9999,-9999,-9999
2687,513.125374,513.125150689,513.125468317,2520722.3,-9999,237402,14.45,-1,-0.619005811,0.932836471,0,0.559701883,14,0.24,1.08,N2 S1 P1 O6,de-protonated,0,-9999,C25 H27 O6 N2 P1 S1,25,27,6,2,1,1,-9999,-9999,-9999
2687,513.125374,513.125150689,513.124816868,2520722.3,-9999,237402,14.45,-1,0.650564975,0.926079314,0,0.555647588,5,0.470588235,1.823529412,N4 S2 P1 O8,de-protonated,0,-9999,C17 H31 O8 N4 P1 S2,17,31,8,4,1,2,-9999,-9999,-9999
2688,513.161865,513.161641676,513.16136456900006,1599639,-9999,217903.8,8.27,-1,0.539999436,0.948465061,0,0.569079037,9,0.565217391,1.304347826,O13,de-protonated,0,-9999,C23 H30 O13,23,30,13,-9999,-9999,-9999,-9999,-9999,-9999
2688,513.161865,513.161641676,513.161853826,1599639,-9999,217903.8,8.27,-1,-0.413418303,0.9694637,0,0.58167822,13,0.192307692,1.192307692,N2 S1 P1 O5,de-protonated,0,-9999,C26 H31 O5 N2 P1 S1,26,31,5,2,1,1,-9999,-9999,-9999
2688,513.161865,513.161641676,513.161202378,1599639,-9999,217903.8,8.27,-1,0.856062725,0.875488318,0,0.525292991,4,0.388888889,1.944444444,N4 S2 P1 O7,de-protonated,0,-9999,C18 H35 O7 N4 P1 S2,18,35,7,4,1,2,-9999,-9999,-9999
2689,514.929921,514.929697021,514.930199381,2276218.8,-9999,199179.5,12.81,-1,-0.975587054,0.841392153,0,0.504835292,18,0.476190476,0.428571429,S2 P1 O10,de-protonated,0,-9999,C21 H9 O10 P1 S2,21,9,10,-9999,1,2,-9999,-9999,-9999
2690,515.068394,515.06816997,515.067858105,2094476.5,-9999,206355.1,11.59,-1,0.605482902,0.935643435,0,0.561386061,11,0.8,1,O16,de-protonated,0,-9999,C20 H20 O16,20,20,16,-9999,-9999,-9999,-9999,-9999,-9999
2690,515.068394,515.06816997,515.068347363,2094476.5,-9999,206355.1,11.59,-1,-0.344405883,0.978707348,0,0.587224409,15,0.347826087,0.913043478,N2 S1 P1 O8,de-protonated,0,-9999,C23 H21 O8 N2 P1 S1,23,21,8,2,1,1,-9999,-9999,-9999
2690,515.068394,515.06816997,515.067695914,2094476.5,-9999,206355.1,11.59,-1,0.920376321,0.857525953,0,0.514515572,6,0.666666667,1.666666667,N4 S2 P1 O10,de-protonated,0,-9999,C15 H25 O10 N4 P1 S2,15,25,10,4,1,2,-9999,-9999,-9999
2691,515.104426,515.104201957,515.104243615,2838417,-9999,229566.3,16.58,-1,-0.080872766,0.998813956,0,0.599288374,10,0.714285714,1.142857143,O15,de-protonated,0,-9999,C21 H24 O15,21,24,15,-9999,-9999,-9999,-9999,-9999,-9999
2691,515.104426,515.104201957,515.10373055,2838417,-9999,229566.3,16.58,-1,0.915167794,0.429507413,0.73113591,0.550158812,28,0.117647059,0.470588235,N2 O4,de-protonated,0,-9999,C34 H16 O4 N2,34,16,4,2,-9999,-9999,-9999,-9999,-9999
2691,515.104426,515.104201957,515.104081423,2838417,-9999,229566.3,16.58,-1,0.233998194,0.990113941,0,0.594068364,5,0.5625,1.8125,N4 S2 P1 O9,de-protonated,0,-9999,C16 H29 O9 N4 P1 S2,16,29,9,4,1,2,-9999,-9999,-9999
2692,515.140994,515.140769943,515.140629124,1868181.8,-9999,261532.8,10.07,-1,0.273360714,0.986532559,0,0.591919536,9,0.636363636,1.272727273,O14,de-protonated,0,-9999,C22 H28 O14,22,28,14,-9999,-9999,-9999,-9999,-9999,-9999
2692,515.140994,515.140769943,515.141118381,1868181.8,-9999,261532.8,10.07,-1,-0.67639357,0.920338011,0,0.552202807,13,0.24,1.16,N2 S1 P1 O6,de-protonated,0,-9999,C25 H29 O6 N2 P1 S1,25,29,6,2,1,1,-9999,-9999,-9999
2692,515.140994,515.140769943,515.140466933,1868181.8,-9999,261532.8,10.07,-1,0.588209546,0.939150518,0,0.563490311,4,0.470588235,1.941176471,N4 S2 P1 O8,de-protonated,0,-9999,C17 H33 O8 N4 P1 S2,17,33,8,4,1,2,-9999,-9999,-9999
2693,515.271083,515.270858895,515.27091502,1420454.3,-9999,218504,7.06,-1,-0.108923379,0.997849553,0,0.598709732,1,0.590909091,2,O13,de-protonated,0,-9999,C22 H44 O13,22,44,13,-9999,-9999,-9999,-9999,-9999,-9999
2693,515.271083,515.270858895,515.270401956,1420454.3,-9999,218504,7.06,-1,0.88679497,0.867020886,0,0.520212532,19,0.057142857,1.028571429,N2 O2,de-protonated,0,-9999,C35 H36 O2 N2,35,36,2,2,-9999,-9999,-9999,-9999,-9999
2694,515.460522,515.460297825,515.4598565,2148798.5,-9999,208707.4,11.95,-1,0.856177797,0.875457019,0,0.525274212,0,0.096774194,2.096774194,P1 O3,de-protonated,0,-9999,C31 H65 O3 P1,31,65,3,-9999,1,-9999,-9999,-9999,-9999
2698,516.93262,516.93239528,516.931930714,1433720.6,-9999,207975,7.15,-1,0.898698252,0.863683771,0,0.518210263,18,0.5,0.388888889,N4 S2 P1 O9,de-protonated,0,-9999,C18 H7 O9 N4 P1 S2,18,7,9,4,1,2,-9999,-9999,-9999
2699,517.062691,517.062466232,517.062378802,2034313,-9999,195704,11.18,-1,0.169090314,0.994825538,0,0.596895323,15,0.608695652,0.782608696,O14,de-protonated,0,-9999,C23 H18 O14,23,18,14,-9999,-9999,-9999,-9999,-9999,-9999
2699,517.062691,517.062466232,517.062868059,2034313,-9999,195704,11.18,-1,-0.777133952,0.896207231,0,0.537724339,19,0.230769231,0.730769231,N2 S1 P1 O6,de-protonated,0,-9999,C26 H19 O6 N2 P1 S1,26,19,6,2,1,1,-9999,-9999,-9999
2699,517.062691,517.062466232,517.06221661,2034313,-9999,195704,11.18,-1,0.482768924,0.958592238,0,0.575155343,10,0.444444444,1.277777778,N4 S2 P1 O8,de-protonated,0,-9999,C18 H23 O8 N4 P1 S2,18,23,8,4,1,2,-9999,-9999,-9999
2700,517.099042,517.098817219,517.098764311,2050189.6,-9999,202820.8,11.29,-1,0.10231592,0.998102299,0,0.598861379,14,0.541666667,0.916666667,O13,de-protonated,0,-9999,C24 H22 O13,24,22,13,-9999,-9999,-9999,-9999,-9999,-9999
2700,517.099042,517.098817219,517.099253568,2050189.6,-9999,202820.8,11.29,-1,-0.843841702,0.878794716,0,0.527276829,18,0.185185185,0.851851852,N2 S1 P1 O5,de-protonated,0,-9999,C27 H23 O5 N2 P1 S1,27,23,5,2,1,1,-9999,-9999,-9999
2700,517.099042,517.098817219,517.09860212,2050189.6,-9999,202820.8,11.29,-1,0.415972437,0.969091133,0,0.58145468,9,0.368421053,1.421052632,N4 S2 P1 O7,de-protonated,0,-9999,C19 H27 O7 N4 P1 S2,19,27,7,4,1,2,-9999,-9999,-9999
2701,517.135688,517.135463205,517.13514982,1460882.3,-9999,181446.6,7.33,-1,0.606001201,0.93553684,0,0.561322104,13,0.48,1.04,O12,de-protonated,0,-9999,C25 H26 O12,25,26,12,-9999,-9999,-9999,-9999,-9999,-9999
2701,517.135688,517.135463205,517.135639078,1460882.3,-9999,181446.6,7.33,-1,-0.340090326,0.979232072,0,0.587539243,17,0.142857143,0.964285714,N2 S1 P1 O4,de-protonated,0,-9999,C28 H27 O4 N2 P1 S1,28,27,4,2,1,1,-9999,-9999,-9999
2701,517.135688,517.135463205,517.134987629,1460882.3,-9999,181446.6,7.33,-1,0.919635808,0.857737989,0,0.514642793,8,0.3,1.55,N4 S2 P1 O6,de-protonated,0,-9999,C20 H31 O6 N4 P1 S2,20,31,6,4,1,2,-9999,-9999,-9999
2704,519.042127,519.041901499,519.041643357,1489791.8,-9999,229438.6,7.52,-1,0.497344467,0.956110671,0,0.573666403,15,0.681818182,0.727272727,O15,de-protonated,0,-9999,C22 H16 O15,22,16,15,-9999,-9999,-9999,-9999,-9999,-9999
2704,519.042127,519.041901499,519.042132614,1489791.8,-9999,229438.6,7.52,-1,-0.445271869,0.964664127,0,0.578798476,19,0.28,0.68,N2 S1 P1 O7,de-protonated,0,-9999,C25 H17 O7 N2 P1 S1,25,17,7,2,1,1,-9999,-9999,-9999
2704,519.042127,519.041901499,519.041481166,1489791.8,-9999,229438.6,7.52,-1,0.809827027,0.887809893,0,0.532685936,10,0.529411765,1.235294118,N4 S2 P1 O9,de-protonated,0,-9999,C17 H21 O9 N4 P1 S2,17,21,9,4,1,2,-9999,-9999,-9999
2705,519.078448,519.078222486,519.078028866,3239300.3,-9999,217188.2,19.27,-1,0.373006918,0.975070297,0,0.585042178,14,0.608695652,0.869565217,O14,de-protonated,0,-9999,C23 H20 O14,23,20,14,-9999,-9999,-9999,-9999,-9999,-9999
2705,519.078448,519.078222486,519.078518124,3239300.3,-9999,217188.2,19.27,-1,-0.569543227,0.942840424,0,0.565704255,18,0.230769231,0.807692308,N2 S1 P1 O6,de-protonated,0,-9999,C26 H21 O6 N2 P1 S1,26,21,6,2,1,1,-9999,-9999,-9999
2705,519.078448,519.078222486,519.077866675,3239300.3,-9999,217188.2,19.27,-1,0.685467535,0.918276696,0,0.550966018,9,0.444444444,1.388888889,N4 S2 P1 O8,de-protonated,0,-9999,C18 H25 O8 N4 P1 S2,18,25,8,4,1,2,-9999,-9999,-9999
2706,519.114736,519.114510473,519.114414376,2160008.8,-9999,215243.4,12.02,-1,0.185117023,0.993801351,0,0.596280811,13,0.541666667,1,O13,de-protonated,0,-9999,C24 H24 O13,24,24,13,-9999,-9999,-9999,-9999,-9999,-9999
2706,519.114736,519.114510473,519.114903633,2160008.8,-9999,215243.4,12.02,-1,-0.75736688,0.901153383,0,0.54069203,17,0.185185185,0.925925926,N2 S1 P1 O5,de-protonated,0,-9999,C27 H25 O5 N2 P1 S1,27,25,5,2,1,1,-9999,-9999,-9999
2706,519.114736,519.114510473,519.114252184,2160008.8,-9999,215243.4,12.02,-1,0.49755568,0.956074216,0,0.57364453,8,0.368421053,1.526315789,N4 S2 P1 O7,de-protonated,0,-9999,C19 H29 O7 N4 P1 S2,19,29,7,4,1,2,-9999,-9999,-9999
2707,521.057776,521.057549753,521.057293421,2068599,-9999,226007.7,11.41,-1,0.491945873,0.957037665,0,0.574222599,14,0.681818182,0.818181818,O15,de-protonated,0,-9999,C22 H18 O15,22,18,15,-9999,-9999,-9999,-9999,-9999,-9999
2707,521.057776,521.057549753,521.057782679,2068599,-9999,226007.7,11.41,-1,-0.447024059,0.9643905,0,0.5786343,18,0.28,0.76,N2 S1 P1 O7,de-protonated,0,-9999,C25 H19 O7 N2 P1 S1,25,19,7,2,1,1,-9999,-9999,-9999
2707,521.057776,521.057549753,521.05713123,2068599,-9999,226007.7,11.41,-1,0.803219628,0.889528479,0,0.533717087,9,0.529411765,1.352941176,N4 S2 P1 O9,de-protonated,0,-9999,C17 H23 O9 N4 P1 S2,17,23,9,4,1,2,-9999,-9999,-9999
2708,521.094106,521.09387974,521.093678931,2653819.3,-9999,228731.9,15.34,-1,0.385361014,0.973414102,0,0.584048461,13,0.608695652,0.956521739,O14,de-protonated,0,-9999,C23 H22 O14,23,22,14,-9999,-9999,-9999,-9999,-9999,-9999
2708,521.094106,521.09387974,521.094168188,2653819.3,-9999,228731.9,15.34,-1,-0.553543254,0.945919587,0,0.567551752,17,0.230769231,0.884615385,N2 S1 P1 O6,de-protonated,0,-9999,C26 H23 O6 N2 P1 S1,26,23,6,2,1,1,-9999,-9999,-9999
2708,521.094106,521.09387974,521.093516739,2653819.3,-9999,228731.9,15.34,-1,0.696613001,0.915713675,0,0.549428205,8,0.444444444,1.5,N4 S2 P1 O8,de-protonated,0,-9999,C18 H27 O8 N4 P1 S2,18,27,8,4,1,2,-9999,-9999,-9999
2709,521.130397,521.130170726,521.13006444,2459263.8,-9999,208616.5,14.03,-1,0.203953703,0.992480671,0,0.595488403,12,0.541666667,1.083333333,O13,de-protonated,0,-9999,C24 H26 O13,24,26,13,-9999,-9999,-9999,-9999,-9999,-9999
2709,521.130397,521.130170726,521.130553697,2459263.8,-9999,208616.5,14.03,-1,-0.73488484,0.906655792,0,0.543993475,16,0.185185185,1,N2 S1 P1 O5,de-protonated,0,-9999,C27 H27 O5 N2 P1 S1,27,27,5,2,1,1,-9999,-9999,-9999
2709,521.130397,521.130170726,521.129902249,2459263.8,-9999,208616.5,14.03,-1,0.515183902,0.952982152,0,0.571789291,7,0.368421053,1.631578947,N4 S2 P1 O7,de-protonated,0,-9999,C19 H31 O7 N4 P1 S2,19,31,7,4,1,2,-9999,-9999,-9999
2710,521.166473,521.166246713,521.166449949,2007684.1,-9999,206517.9,11,-1,-0.389964274,0.972783928,0,0.583670357,11,0.48,1.2,O12,de-protonated,0,-9999,C25 H30 O12,25,30,12,-9999,-9999,-9999,-9999,-9999,-9999
2710,521.166473,521.166246713,521.165936885,2007684.1,-9999,206517.9,11,-1,0.594490031,0.937885596,0,0.562731357,29,0.026315789,0.578947368,N2 O1,de-protonated,0,-9999,C38 H22 O1 N2,38,22,1,2,-9999,-9999,-9999,-9999,-9999
2710,521.166473,521.166246713,521.165798501,2007684.1,-9999,206517.9,11,-1,0.860018798,0.874410516,0,0.52464631,2,0.823529412,2,N2 S1 O14,de-protonated,0,-9999,C17 H34 O14 N2 S1,17,34,14,2,-9999,1,-9999,-9999,-9999
2710,521.166473,521.166246713,521.166287758,2007684.1,-9999,206517.9,11,-1,-0.078755989,0.998875197,0,0.599325118,6,0.3,1.75,N4 S2 P1 O6,de-protonated,0,-9999,C20 H35 O6 N4 P1 S2,20,35,6,4,1,2,-9999,-9999,-9999
2711,521.192433,521.192206704,521.192091327,1463175.3,-9999,143454.8,7.34,-1,0.221370752,0.991147521,0,0.594688513,14,0.133333333,1.166666667,S1 P1 O4,de-protonated,0,-9999,C30 H35 O4 P1 S1,30,35,4,-9999,1,1,-9999,-9999,-9999
2711,521.192433,521.192206704,521.192288031,1463175.3,-9999,143454.8,7.34,-1,-0.156041842,0.995591641,0,0.597354985,6,0.5,1.7,N4 S1 O10,de-protonated,0,-9999,C20 H34 O10 N4 S1,20,34,10,4,-9999,1,-9999,-9999,-9999
2712,522.965952,522.965725047,522.965993748,11653981,-9999,200795.8,75.75,-1,-0.513802204,0.317742676,0.759524399,0.494455365,20,0.428571429,0.380952381,N4 S2 O9,de-protonated,0,-9999,C21 H8 O9 N4 S2,21,8,9,4,-9999,2,-9999,-9999,-9999
2713,523.036886,523.036659021,523.036557976,1646438,-9999,219541.6,8.57,-1,0.19318794,0.993250926,0,0.595950556,14,0.761904762,0.761904762,O16,de-protonated,0,-9999,C21 H16 O16,21,16,16,-9999,-9999,-9999,-9999,-9999,-9999
2713,523.036886,523.036659021,523.037047234,1646438,-9999,219541.6,8.57,-1,-0.742228484,0.904873026,0,0.542923816,18,0.333333333,0.708333333,N2 S1 P1 O8,de-protonated,0,-9999,C24 H17 O8 N2 P1 S1,24,17,8,2,1,1,-9999,-9999,-9999
2713,523.036886,523.036659021,523.036395785,1646438,-9999,219541.6,8.57,-1,0.503283686,0.955080214,0,0.573048128,9,0.625,1.3125,N4 S2 P1 O10,de-protonated,0,-9999,C16 H21 O10 N4 P1 S2,16,21,10,4,1,2,-9999,-9999,-9999
2714,523.07316,523.072933007,523.072943486,2714986.3,-9999,196595.7,15.75,-1,-0.020032427,0.999927188,0,0.599956313,13,0.681818182,0.909090909,O15,de-protonated,0,-9999,C22 H20 O15,22,20,15,-9999,-9999,-9999,-9999,-9999,-9999
2714,523.07316,523.072933007,523.072430422,2714986.3,-9999,196595.7,15.75,-1,0.960834103,0.422882464,0.725399619,0.543889326,31,0.114285714,0.342857143,N2 O4,de-protonated,0,-9999,C35 H12 O4 N2,35,12,4,2,-9999,-9999,-9999,-9999,-9999
2714,523.07316,523.072933007,523.073432743,2714986.3,-9999,196595.7,15.75,-1,-0.955383584,0.847369273,0,0.508421564,17,0.28,0.84,N2 S1 P1 O7,de-protonated,0,-9999,C25 H21 O7 N2 P1 S1,25,21,7,2,1,1,-9999,-9999,-9999
2714,523.07316,523.072933007,523.072781294,2714986.3,-9999,196595.7,15.75,-1,0.290041682,0.984851686,0,0.590911012,8,0.529411765,1.470588235,N4 S2 P1 O9,de-protonated,0,-9999,C17 H25 O9 N4 P1 S2,17,25,9,4,1,2,-9999,-9999,-9999
2715,523.109658,523.109430994,523.109328995,2132334.8,-9999,220563.2,11.83,-1,0.194985474,0.993125182,0,0.595875109,12,0.608695652,1.043478261,O14,de-protonated,0,-9999,C23 H24 O14,23,24,14,-9999,-9999,-9999,-9999,-9999,-9999
2715,523.109658,523.109430994,523.109818253,2132334.8,-9999,220563.2,11.83,-1,-0.740300824,0.905342366,0,0.54320542,16,0.230769231,0.961538462,N2 S1 P1 O6,de-protonated,0,-9999,C26 H25 O6 N2 P1 S1,26,25,6,2,1,1,-9999,-9999,-9999
2715,523.109658,523.109430994,523.109166804,2132334.8,-9999,220563.2,11.83,-1,0.505038082,0.954773699,0,0.57286422,7,0.444444444,1.611111111,N4 S2 P1 O8,de-protonated,0,-9999,C18 H29 O8 N4 P1 S2,18,29,8,4,1,2,-9999,-9999,-9999
2716,523.145871,523.14564398,523.145714505,2026355,-9999,202544.2,11.12,-1,-0.134807628,0.996707946,0,0.598024768,11,0.541666667,1.166666667,O13,de-protonated,0,-9999,C24 H28 O13,24,28,13,-9999,-9999,-9999,-9999,-9999,-9999
2716,523.145871,523.14564398,523.14520144,2026355,-9999,202544.2,11.12,-1,0.845922348,0.878234278,0,0.526940567,29,0.054054054,0.540540541,N2 O2,de-protonated,0,-9999,C37 H20 O2 N2,37,20,2,2,-9999,-9999,-9999,-9999,-9999
2716,523.145871,523.14564398,523.145552313,2026355,-9999,202544.2,11.12,-1,0.175223313,0.994444433,0,0.59666666,6,0.368421053,1.736842105,N4 S2 P1 O7,de-protonated,0,-9999,C19 H33 O7 N4 P1 S2,19,33,7,4,1,2,-9999,-9999,-9999
2718,524.962869,524.962641308,524.962168215,5432395,-9999,207377.6,33.99,-1,0.90119471,0.431489943,0.807789663,0.582009831,19,0.363636364,0.5,N2 S2 P1 O8,de-protonated,0,-9999,C22 H11 O8 N2 P1 S2,22,11,8,2,1,2,-9999,-9999,-9999
2718,524.962869,524.962641308,524.963016368,5432395,-9999,207377.6,33.99,-1,-0.714450408,0.455770568,0.822155738,0.602324636,20,0.6,0.3,N4 S1 O12,de-protonated,0,-9999,C20 H6 O12 N4 S1,20,6,12,4,-9999,1,-9999,-9999,-9999
2719,525.052539,525.052311275,525.052208041,1910357.6,-9999,196153.8,10.34,-1,0.196616352,0.993010102,0,0.595806061,13,0.761904762,0.857142857,O16,de-protonated,0,-9999,C21 H18 O16,21,18,16,-9999,-9999,-9999,-9999,-9999,-9999
2719,525.052539,525.052311275,525.052697298,1910357.6,-9999,196153.8,10.34,-1,-0.735209061,0.906577384,0,0.54394643,17,0.333333333,0.791666667,N2 S1 P1 O8,de-protonated,0,-9999,C24 H19 O8 N2 P1 S1,24,19,8,2,1,1,-9999,-9999,-9999
2719,525.052539,525.052311275,525.05204585,1910357.6,-9999,196153.8,10.34,-1,0.505521656,0.954689043,0,0.572813426,8,0.625,1.4375,N4 S2 P1 O10,de-protonated,0,-9999,C16 H23 O10 N4 P1 S2,16,23,10,4,1,2,-9999,-9999,-9999
2720,525.088739,525.088511261,525.08859355,2660442,-9999,220205.5,15.38,-1,-0.156714314,0.995553648,0,0.597332189,12,0.681818182,1,O15,de-protonated,0,-9999,C22 H22 O15,22,22,15,-9999,-9999,-9999,-9999,-9999,-9999
2720,525.088739,525.088511261,525.088080486,2660442,-9999,220205.5,15.38,-1,0.82038684,0.885041061,0,0.531024637,30,0.114285714,0.4,N2 O4,de-protonated,0,-9999,C35 H14 O4 N2,35,14,4,2,-9999,-9999,-9999,-9999,-9999
2720,525.088739,525.088511261,525.088431359,2660442,-9999,220205.5,15.38,-1,0.152169475,0.99580727,0,0.597484362,7,0.529411765,1.588235294,N4 S2 P1 O9,de-protonated,0,-9999,C17 H27 O9 N4 P1 S2,17,27,9,4,1,2,-9999,-9999,-9999
2721,525.12532,525.125092248,525.12497906,2588766.3,-9999,219052.8,14.9,-1,0.215545282,0.991605369,0,0.594963222,11,0.608695652,1.130434783,O14,de-protonated,0,-9999,C23 H26 O14,23,26,14,-9999,-9999,-9999,-9999,-9999,-9999
2721,525.12532,525.125092248,525.125468317,2588766.3,-9999,219052.8,14.9,-1,-0.716151018,0.911138829,0,0.546683297,15,0.230769231,1.038461538,N2 S1 P1 O6,de-protonated,0,-9999,C26 H27 O6 N2 P1 S1,26,27,6,2,1,1,-9999,-9999,-9999
2721,525.12532,525.125092248,525.124816868,2588766.3,-9999,219052.8,14.9,-1,0.524407784,0.951325477,0,0.570795286,6,0.444444444,1.722222222,N4 S2 P1 O8,de-protonated,0,-9999,C18 H31 O8 N4 P1 S2,18,31,8,4,1,2,-9999,-9999,-9999
2722,525.16161,525.161382234,525.16136456900006,1681250.5,-9999,185700.4,8.8,-1,0.033638098,0.999794708,0,0.599876825,10,0.541666667,1.25,O13,de-protonated,0,-9999,C24 H30 O13,24,30,13,-9999,-9999,-9999,-9999,-9999,-9999
2722,525.16161,525.161382234,525.161853826,1681250.5,-9999,185700.4,8.8,-1,-0.89799348,0.863882235,0,0.518329341,14,0.185185185,1.148148148,N2 S1 P1 O5,de-protonated,0,-9999,C27 H31 O5 N2 P1 S1,27,31,5,2,1,1,-9999,-9999,-9999
2722,525.16161,525.161382234,525.161202378,1681250.5,-9999,185700.4,8.8,-1,0.342479145,0.978942401,0,0.58736544,5,0.368421053,1.842105263,N4 S2 P1 O7,de-protonated,0,-9999,C19 H35 O7 N4 P1 S2,19,35,7,4,1,2,-9999,-9999,-9999
2723,526.288441,526.288212817,526.288040143,1423334.9,-9999,180827.3,7.07,-1,0.328097937,0.980656891,0,0.588394135,15,0.058823529,1.235294118,N1 P1 O2,de-protonated,0,-9999,C34 H42 O2 N1 P1,34,42,2,1,1,-9999,-9999,-9999,-9999
2723,526.288441,526.288212817,526.287768817,1423334.9,-9999,180827.3,7.07,-1,0.843645257,0.878847577,0,0.527308546,1,0.291666667,2.041666667,N1 S2 O7,de-protonated,0,-9999,C24 H49 O7 N1 S2,24,49,7,1,-9999,2,-9999,-9999,-9999
2725,527.068244,527.068015529,527.067858105,2242881.8,-9999,226838.5,12.57,-1,0.298677528,0.983943578,0,0.590366147,12,0.761904762,0.952380952,O16,de-protonated,0,-9999,C21 H20 O16,21,20,16,-9999,-9999,-9999,-9999,-9999,-9999
2725,527.068244,527.068015529,527.068347363,2242881.8,-9999,226838.5,12.57,-1,-0.62958443,0.930603475,0,0.558362085,16,0.333333333,0.875,N2 S1 P1 O8,de-protonated,0,-9999,C24 H21 O8 N2 P1 S1,24,21,8,2,1,1,-9999,-9999,-9999
2725,527.068244,527.068015529,527.067695914,2242881.8,-9999,226838.5,12.57,-1,0.606401525,0.935454454,0,0.561272672,7,0.625,1.5625,N4 S2 P1 O10,de-protonated,0,-9999,C16 H25 O10 N4 P1 S2,16,25,10,4,1,2,-9999,-9999,-9999
2726,527.104562,527.104333515,527.104243615,2851142,-9999,211645.9,16.66,-1,0.170555509,0.994735711,0,0.596841427,11,0.681818182,1.090909091,O15,de-protonated,0,-9999,C22 H24 O15,22,24,15,-9999,-9999,-9999,-9999,-9999,-9999
2726,527.104562,527.104333515,527.104732872,2851142,-9999,211645.9,16.66,-1,-0.757642253,0.901085169,0,0.540651101,15,0.28,1,N2 S1 P1 O7,de-protonated,0,-9999,C25 H25 O7 N2 P1 S1,25,25,7,2,1,1,-9999,-9999,-9999
2726,527.104562,527.104333515,527.104081423,2851142,-9999,211645.9,16.66,-1,0.478258226,0.959346528,0,0.575607917,6,0.529411765,1.705882353,N4 S2 P1 O9,de-protonated,0,-9999,C17 H29 O9 N4 P1 S2,17,29,9,4,1,2,-9999,-9999,-9999
2727,527.140832,527.140603502,527.140629124,2223434.3,-9999,192305.9,12.44,-1,-0.048606084,0.99957141,0,0.599742846,10,0.608695652,1.217391304,O14,de-protonated,0,-9999,C23 H28 O14,23,28,14,-9999,-9999,-9999,-9999,-9999,-9999
2727,527.140832,527.140603502,527.14011606,2223434.3,-9999,192305.9,12.44,-1,0.924691545,0.856288003,0,0.513772802,28,0.083333333,0.555555556,N2 O3,de-protonated,0,-9999,C36 H20 O3 N2,36,20,3,2,-9999,-9999,-9999,-9999,-9999
2727,527.140832,527.140603502,527.141118381,2223434.3,-9999,192305.9,12.44,-1,-0.976739575,0.841048702,0,0.504629221,14,0.230769231,1.115384615,N2 S1 P1 O6,de-protonated,0,-9999,C26 H29 O6 N2 P1 S1,26,29,6,2,1,1,-9999,-9999,-9999
2727,527.140832,527.140603502,527.140466933,2223434.3,-9999,192305.9,12.44,-1,0.259075326,0.987895022,0,0.592737013,5,0.444444444,1.833333333,N4 S2 P1 O8,de-protonated,0,-9999,C18 H33 O8 N4 P1 S2,18,33,8,4,1,2,-9999,-9999,-9999
2729,528.945378,528.945148834,528.944980065,1531418.8,-9999,230047.6,7.8,-1,0.319066623,0.981697451,0,0.58901847,19,0.714285714,0.333333333,P1 O15,de-protonated,0,-9999,C21 H7 O15 P1,21,7,15,-9999,1,-9999,-9999,-9999,-9999
2730,529.083851,529.083621783,529.08350817,2135594.8,-9999,243591.8,11.85,-1,0.214735168,0.991668089,0,0.595000853,11,0.761904762,1.047619048,O16,de-protonated,0,-9999,C21 H22 O16,21,22,16,-9999,-9999,-9999,-9999,-9999,-9999
2730,529.083851,529.083621783,529.083997427,2135594.8,-9999,243591.8,11.85,-1,-0.709990315,0.912592538,0,0.547555523,15,0.333333333,0.958333333,N2 S1 P1 O8,de-protonated,0,-9999,C24 H23 O8 N2 P1 S1,24,23,8,2,1,1,-9999,-9999,-9999
2730,529.083851,529.083621783,529.083345979,2135594.8,-9999,243591.8,11.85,-1,0.521286803,0.951888994,0,0.571133397,6,0.625,1.6875,N4 S2 P1 O10,de-protonated,0,-9999,C16 H27 O10 N4 P1 S2,16,27,10,4,1,2,-9999,-9999,-9999
2731,529.099336,529.099106777,529.099633691,1780268.4,-9999,205877.1,9.47,-1,-0.99586925,0.835309684,0,0.50118581,14,0.307692308,1,S2 O8,de-protonated,0,-9999,C26 H26 O8 S2,26,26,8,-9999,-9999,2,-9999,-9999,-9999
2731,529.099336,529.099106777,529.098764311,1780268.4,-9999,205877.1,9.47,-1,0.647262549,0.926799792,0,0.556079875,15,0.52,0.88,O13,de-protonated,0,-9999,C25 H22 O13,25,22,13,-9999,-9999,-9999,-9999,-9999,-9999
2731,529.099336,529.099106777,529.099253568,1780268.4,-9999,205877.1,9.47,-1,-0.27743667,0.98613077,0,0.591678462,19,0.178571429,0.821428571,N2 S1 P1 O5,de-protonated,0,-9999,C28 H23 O5 N2 P1 S1,28,23,5,2,1,1,-9999,-9999,-9999
2731,529.099336,529.099106777,529.09860212,1780268.4,-9999,205877.1,9.47,-1,0.953805477,0.847832645,0,0.508699587,10,0.35,1.35,N4 S2 P1 O7,de-protonated,0,-9999,C20 H27 O7 N4 P1 S2,20,27,7,4,1,2,-9999,-9999,-9999
2732,529.120333,529.120103769,529.119893679,2368558.8,-9999,218623.3,13.41,-1,0.397055537,0.971799329,0,0.583079597,10,0.681818182,1.181818182,O15,de-protonated,0,-9999,C22 H26 O15,22,26,15,-9999,-9999,-9999,-9999,-9999,-9999
2732,529.120333,529.120103769,529.120382937,2368558.8,-9999,218623.3,13.41,-1,-0.527606525,0.950744778,0,0.570446867,14,0.28,1.08,N2 S1 P1 O7,de-protonated,0,-9999,C25 H27 O7 N2 P1 S1,25,27,7,2,1,1,-9999,-9999,-9999
2732,529.120333,529.120103769,529.119731488,2368558.8,-9999,218623.3,13.41,-1,0.703586147,0.914092808,0,0.548455685,5,0.529411765,1.823529412,N4 S2 P1 O9,de-protonated,0,-9999,C17 H31 O9 N4 P1 S2,17,31,9,4,1,2,-9999,-9999,-9999
2733,530.247252,530.247022352,530.246569254,1557167.5,-9999,219889.3,7.97,-1,0.854505371,0.875911607,0,0.525546964,15,0.125,1.1875,N1 P1 O4,de-protonated,0,-9999,C32 H38 O4 N1 P1,32,38,4,1,1,-9999,-9999,-9999,-9999
2734,531.063514,531.06328405,531.063642105,1511948.1,-9999,157077.4,7.66,-1,-0.674222146,0.920827895,0,0.552496737,10,0.571428571,1.142857143,S2 O12,de-protonated,0,-9999,C21 H24 O12 S2,21,24,12,-9999,-9999,2,-9999,-9999,-9999
2734,531.063514,531.06328405,531.062772725,1511948.1,-9999,157077.4,7.66,-1,0.96283345,0.845174903,0,0.507104942,11,0.85,1,O17,de-protonated,0,-9999,C20 H20 O17,20,20,17,-9999,-9999,-9999,-9999,-9999,-9999
2734,531.063514,531.06328405,531.063129041,1511948.1,-9999,157077.4,7.66,-1,0.291885038,0.984660014,0,0.590796008,28,0.029411765,0.470588235,N2 S2 O1,de-protonated,0,-9999,C34 H16 O1 N2 S2,34,16,1,2,-9999,2,-9999,-9999,-9999
2734,531.063514,531.06328405,531.063261982,1511948.1,-9999,157077.4,7.66,-1,0.041553715,0.99968674,0,0.599812044,15,0.391304348,0.913043478,N2 S1 P1 O9,de-protonated,0,-9999,C23 H21 O9 N2 P1 S1,23,21,9,2,1,1,-9999,-9999,-9999
2735,531.07821,531.077980045,531.078028866,2192141.8,-9999,194823.8,12.23,-1,-0.091929482,0.998467747,0,0.599080648,15,0.583333333,0.833333333,O14,de-protonated,0,-9999,C24 H20 O14,24,20,14,-9999,-9999,-9999,-9999,-9999,-9999
2735,531.07821,531.077980045,531.077515802,2192141.8,-9999,194823.8,12.23,-1,0.874152093,0.87053045,0,0.52231827,33,0.081081081,0.324324324,N2 O3,de-protonated,0,-9999,C37 H12 O3 N2,37,12,3,2,-9999,-9999,-9999,-9999,-9999
2735,531.07821,531.077980045,531.077866675,2192141.8,-9999,194823.8,12.23,-1,0.213470772,0.991765516,0,0.595059309,10,0.421052632,1.315789474,N4 S2 P1 O8,de-protonated,0,-9999,C19 H25 O8 N4 P1 S2,19,25,8,4,1,2,-9999,-9999,-9999
2736,531.09977,531.099540037,531.100027614,1719056.3,-9999,250134.8,9.05,-1,-0.918052368,0.858190987,0,0.514914592,9,0.5,1.272727273,S2 O11,de-protonated,0,-9999,C22 H28 O11 S2,22,28,11,-9999,-9999,2,-9999,-9999,-9999
2736,531.09977,531.099540037,531.099158234,1719056.3,-9999,250134.8,9.05,-1,0.718890675,0.910489082,0,0.546293449,10,0.761904762,1.142857143,O16,de-protonated,0,-9999,C21 H24 O16,21,24,16,-9999,-9999,-9999,-9999,-9999,-9999
2736,531.09977,531.099540037,531.099647492,1719056.3,-9999,250134.8,9.05,-1,-0.202325719,0.992599789,0,0.595559873,14,0.333333333,1.041666667,N2 S1 P1 O8,de-protonated,0,-9999,C24 H25 O8 N2 P1 S1,24,25,8,2,1,1,-9999,-9999,-9999
2737,531.114836,531.114606031,531.114414376,2264338,-9999,180990.5,12.71,-1,0.360855139,0.976649346,0,0.585989608,14,0.52,0.96,O13,de-protonated,0,-9999,C25 H24 O13,25,24,13,-9999,-9999,-9999,-9999,-9999,-9999
2737,531.114836,531.114606031,531.114903633,2264338,-9999,180990.5,12.71,-1,-0.560334463,0.944622125,0,0.566773275,18,0.178571429,0.892857143,N2 S1 P1 O5,de-protonated,0,-9999,C28 H25 O5 N2 P1 S1,28,25,5,2,1,1,-9999,-9999,-9999
2737,531.114836,531.114606031,531.114252184,2264338,-9999,180990.5,12.71,-1,0.666234608,0.922618583,0,0.55357115,9,0.35,1.45,N4 S2 P1 O7,de-protonated,0,-9999,C20 H29 O7 N4 P1 S2,20,29,7,4,1,2,-9999,-9999,-9999
2738,533.057695,533.057464312,533.057293421,1922028.3,-9999,207807.7,10.41,-1,0.32058562,0.981524392,0,0.588914635,15,0.652173913,0.782608696,O15,de-protonated,0,-9999,C23 H18 O15,23,18,15,-9999,-9999,-9999,-9999,-9999,-9999
2738,533.057695,533.057464312,533.057782679,1922028.3,-9999,207807.7,10.41,-1,-0.59724641,0.937326748,0,0.562396049,19,0.269230769,0.730769231,N2 S1 P1 O7,de-protonated,0,-9999,C26 H19 O7 N2 P1 S1,26,19,7,2,1,1,-9999,-9999,-9999
2738,533.057695,533.057464312,533.05713123,1922028.3,-9999,207807.7,10.41,-1,0.624852035,0.931606432,0,0.558963859,10,0.5,1.277777778,N4 S2 P1 O9,de-protonated,0,-9999,C18 H23 O9 N4 P1 S2,18,23,9,4,1,2,-9999,-9999,-9999
2739,533.094092,533.093861298,533.093678931,2441712.3,-9999,209582.6,13.9,-1,0.342093124,0.978989342,0,0.587393605,14,0.583333333,0.916666667,O14,de-protonated,0,-9999,C24 H22 O14,24,22,14,-9999,-9999,-9999,-9999,-9999,-9999
2739,533.094092,533.093861298,533.094168188,2441712.3,-9999,209582.6,13.9,-1,-0.575676281,0.941639596,0,0.564983758,18,0.222222222,0.851851852,N2 S1 P1 O6,de-protonated,0,-9999,C27 H23 O6 N2 P1 S1,27,23,6,2,1,1,-9999,-9999,-9999
2739,533.094092,533.093861298,533.093516739,2441712.3,-9999,209582.6,13.9,-1,0.646338777,0.927000772,0,0.556200463,9,0.421052632,1.421052632,N4 S2 P1 O8,de-protonated,0,-9999,C19 H27 O8 N4 P1 S2,19,27,8,4,1,2,-9999,-9999,-9999
2740,535.073536,535.073304566,535.073812866,2824907.8,-9999,191840.8,16.47,-1,-0.949962285,0.848958956,0,0.509375374,13,0.416666667,1,S2 O10,de-protonated,0,-9999,C24 H24 O10 S2,24,24,10,-9999,-9999,2,-9999,-9999,-9999
2740,535.073536,535.073304566,535.072943486,2824907.8,-9999,191840.8,16.47,-1,0.674823746,0.920692303,0,0.552415382,14,0.652173913,0.869565217,O15,de-protonated,0,-9999,C23 H20 O15,23,20,15,-9999,-9999,-9999,-9999,-9999,-9999
2740,535.073536,535.073304566,535.073432743,2824907.8,-9999,191840.8,16.47,-1,-0.239551086,0.989641639,0,0.593784983,18,0.269230769,0.807692308,N2 S1 P1 O7,de-protonated,0,-9999,C26 H21 O7 N2 P1 S1,26,21,7,2,1,1,-9999,-9999,-9999
2740,535.073536,535.073304566,535.072781294,2824907.8,-9999,191840.8,16.47,-1,0.977944079,0.840689476,0,0.504413686,9,0.5,1.388888889,N4 S2 P1 O9,de-protonated,0,-9999,C18 H25 O9 N4 P1 S2,18,25,9,4,1,2,-9999,-9999,-9999
2741,535.109594,535.109362552,535.109328995,2395343.8,-9999,209097.2,13.59,-1,0.062710983,0.999286677,0,0.599572006,13,0.583333333,1,O14,de-protonated,0,-9999,C24 H24 O14,24,24,14,-9999,-9999,-9999,-9999,-9999,-9999
2741,535.109594,535.109362552,535.109818253,2395343.8,-9999,209097.2,13.59,-1,-0.851601115,0.87669947,0,0.526019682,17,0.222222222,0.925925926,N2 S1 P1 O6,de-protonated,0,-9999,C27 H25 O6 N2 P1 S1,27,25,6,2,1,1,-9999,-9999,-9999
2741,535.109594,535.109362552,535.109166804,2395343.8,-9999,209097.2,13.59,-1,0.365810519,0.976011432,0,0.585606859,8,0.421052632,1.526315789,N4 S2 P1 O8,de-protonated,0,-9999,C19 H29 O8 N4 P1 S2,19,29,8,4,1,2,-9999,-9999,-9999
2742,535.146018,535.145786539,535.145714505,1711827.9,-9999,234904.5,9,-1,0.134607077,0.996717718,0,0.598030631,12,0.52,1.12,O13,de-protonated,0,-9999,C25 H28 O13,25,28,13,-9999,-9999,-9999,-9999,-9999,-9999
2742,535.146018,535.145786539,535.146203762,1711827.9,-9999,234904.5,9,-1,-0.779642921,0.895572295,0,0.537343377,16,0.178571429,1.035714286,N2 S1 P1 O5,de-protonated,0,-9999,C28 H29 O5 N2 P1 S1,28,29,5,2,1,1,-9999,-9999,-9999
2742,535.146018,535.145786539,535.145552313,1711827.9,-9999,234904.5,9,-1,0.437686027,0.965837234,0,0.57950234,7,0.35,1.65,N4 S2 P1 O7,de-protonated,0,-9999,C20 H33 O7 N4 P1 S2,20,33,7,4,1,2,-9999,-9999,-9999
2743,536.981558,536.98132586,536.981447108,4346269,-9999,201385.6,26.69,-1,-0.22579661,0.49539583,0.742885034,0.594391511,28,0.09375,0.34375,S2 P1 O3,de-protonated,0,-9999,C32 H11 O3 P1 S2,32,11,3,-9999,1,2,-9999,-9999,-9999
2743,536.981558,536.98132586,536.981643813,4346269,-9999,201385.6,26.69,-1,-0.592111638,0.469182998,0.807789663,0.604625664,20,0.409090909,0.454545455,N4 S2 O9,de-protonated,0,-9999,C22 H10 O9 N4 S2,22,10,9,4,-9999,2,-9999,-9999,-9999
2744,537.052505,537.052272833,537.052208041,1929636.6,-9999,193785.3,10.46,-1,0.120644416,0.997362485,0,0.598417491,14,0.727272727,0.818181818,O16,de-protonated,0,-9999,C22 H18 O16,22,18,16,-9999,-9999,-9999,-9999,-9999,-9999
2744,537.052505,537.052272833,537.052697298,1929636.6,-9999,193785.3,10.46,-1,-0.790360056,0.892842244,0,0.535705346,18,0.32,0.76,N2 S1 P1 O8,de-protonated,0,-9999,C25 H19 O8 N2 P1 S1,25,19,8,2,1,1,-9999,-9999,-9999
2744,537.052505,537.052272833,537.05204585,1929636.6,-9999,193785.3,10.46,-1,0.422647455,0.968107313,0,0.580864388,9,0.588235294,1.352941176,N4 S2 P1 O10,de-protonated,0,-9999,C17 H23 O10 N4 P1 S2,17,23,10,4,1,2,-9999,-9999,-9999
2745,537.088798,537.08856582,537.08859355,3041704.5,-9999,201472.4,17.93,-1,-0.051631022,0.999516418,0,0.599709851,13,0.652173913,0.956521739,O15,de-protonated,0,-9999,C23 H22 O15,23,22,15,-9999,-9999,-9999,-9999,-9999,-9999
2745,537.088798,537.08856582,537.088080486,3041704.5,-9999,201472.4,17.93,-1,0.903639151,0.431144666,0.719752637,0.546587854,31,0.111111111,0.388888889,N2 O4,de-protonated,0,-9999,C36 H14 O4 N2,36,14,4,2,-9999,-9999,-9999,-9999,-9999
2745,537.088798,537.08856582,537.089082808,3041704.5,-9999,201472.4,17.93,-1,-0.96257362,0.845251627,0,0.507150976,17,0.269230769,0.884615385,N2 S1 P1 O7,de-protonated,0,-9999,C26 H23 O7 N2 P1 S1,26,23,7,2,1,1,-9999,-9999,-9999
2745,537.088798,537.08856582,537.088431359,3041704.5,-9999,201472.4,17.93,-1,0.250351505,0.988691967,0,0.59321518,8,0.5,1.5,N4 S2 P1 O9,de-protonated,0,-9999,C18 H27 O9 N4 P1 S2,18,27,9,4,1,2,-9999,-9999,-9999
2746,537.12534,537.125107806,537.12497906,2530732.5,-9999,235427.7,14.5,-1,0.239695969,0.98962917,0,0.593777502,12,0.583333333,1.083333333,O14,de-protonated,0,-9999,C24 H26 O14,24,26,14,-9999,-9999,-9999,-9999,-9999,-9999
2746,537.12534,537.125107806,537.125468317,2530732.5,-9999,235427.7,14.5,-1,-0.671185187,0.92151084,0,0.552906504,16,0.222222222,1,N2 S1 P1 O6,de-protonated,0,-9999,C27 H27 O6 N2 P1 S1,27,27,6,2,1,1,-9999,-9999,-9999
2746,537.12534,537.125107806,537.124816868,2530732.5,-9999,235427.7,14.5,-1,0.541658127,0.948156345,0,0.568893807,7,0.421052632,1.631578947,N4 S2 P1 O8,de-protonated,0,-9999,C19 H31 O8 N4 P1 S2,19,31,8,4,1,2,-9999,-9999,-9999
2747,537.161498,537.161265793,537.16136456900006,2123184.5,-9999,214461.9,11.76,-1,-0.18388523,0.993883318,0,0.596329991,11,0.52,1.2,O13,de-protonated,0,-9999,C25 H30 O13,25,30,13,-9999,-9999,-9999,-9999,-9999,-9999
2747,537.161498,537.161265793,537.160851505,2123184.5,-9999,214461.9,11.76,-1,0.771255403,0.897688628,0,0.538613177,29,0.052631579,0.578947368,N2 O2,de-protonated,0,-9999,C38 H22 O2 N2,38,22,2,2,-9999,-9999,-9999,-9999,-9999
2747,537.161498,537.161265793,537.161202378,2123184.5,-9999,214461.9,11.76,-1,0.118056347,0.99747429,0,0.598484574,6,0.35,1.75,N4 S2 P1 O7,de-protonated,0,-9999,C20 H35 O7 N4 P1 S2,20,35,7,4,1,2,-9999,-9999,-9999
2748,537.268716,537.268483753,537.268019174,3348924.3,-9999,199892.4,19.99,-1,0.86470748,0.436564209,0.742885034,0.559092539,12,0.15625,1.3125,S1 O5,de-protonated,0,-9999,C32 H42 O5 S1,32,42,5,-9999,-9999,1,-9999,-9999,-9999
2749,538.964131,538.963898126,538.963410291,1453299.6,-9999,126665.1,7.26,-1,0.905134835,0.861866152,0,0.517119691,16,0.882352941,0.470588235,N4 S1 O15,de-protonated,0,-9999,C17 H8 O15 N4 S1,17,8,15,4,-9999,1,-9999,-9999,-9999
2750,538.978829,538.97859612,538.978666432,2296437.3,-9999,195120.6,12.92,-1,-0.130454463,0.996916803,0,0.598150082,20,0.571428571,0.380952381,N4 S1 O12,de-protonated,0,-9999,C21 H8 O12 N4 S1,21,8,12,4,-9999,1,-9999,-9999,-9999
2751,539.068309,539.068076087,539.067858105,3053694.8,-9999,185556.2,18.01,-1,0.404367994,0.970766508,0,0.582459905,13,0.727272727,0.909090909,O16,de-protonated,0,-9999,C22 H20 O16,22,20,16,-9999,-9999,-9999,-9999,-9999,-9999
2751,539.068309,539.068076087,539.068347363,3053694.8,-9999,185556.2,18.01,-1,-0.503230365,0.955089514,0,0.573053709,17,0.32,0.84,N2 S1 P1 O8,de-protonated,0,-9999,C25 H21 O8 N2 P1 S1,25,21,8,2,1,1,-9999,-9999,-9999
2751,539.068309,539.068076087,539.067695914,3053694.8,-9999,185556.2,18.01,-1,0.705241886,0.913705994,0,0.548223596,8,0.588235294,1.470588235,N4 S2 P1 O10,de-protonated,0,-9999,C17 H25 O10 N4 P1 S2,17,25,10,4,1,2,-9999,-9999,-9999
2752,539.10464,539.104407074,539.104243615,2947714.8,-9999,211489.9,17.3,-1,0.303204795,0.983457211,0,0.590074327,12,0.652173913,1.043478261,O15,de-protonated,0,-9999,C23 H24 O15,23,24,15,-9999,-9999,-9999,-9999,-9999,-9999
2752,539.10464,539.104407074,539.104732872,2947714.8,-9999,211489.9,17.3,-1,-0.604332217,0.935879807,0,0.561527884,16,0.269230769,0.961538462,N2 S1 P1 O7,de-protonated,0,-9999,C26 H25 O7 N2 P1 S1,26,25,7,2,1,1,-9999,-9999,-9999
2752,539.10464,539.104407074,539.104081423,2947714.8,-9999,211489.9,17.3,-1,0.60405835,0.935936006,0,0.561561604,7,0.5,1.611111111,N4 S2 P1 O9,de-protonated,0,-9999,C18 H29 O9 N4 P1 S2,18,29,9,4,1,2,-9999,-9999,-9999
2753,539.141131,539.14089806,539.140629124,2504838.8,-9999,180387.4,14.32,-1,0.498823722,0.95585506,0,0.573513036,11,0.583333333,1.166666667,O14,de-protonated,0,-9999,C24 H28 O14,24,28,14,-9999,-9999,-9999,-9999,-9999,-9999
2753,539.141131,539.14089806,539.141118381,2504838.8,-9999,180387.4,14.32,-1,-0.408652219,0.970153163,0,0.582091898,15,0.222222222,1.074074074,N2 S1 P1 O6,de-protonated,0,-9999,C27 H29 O6 N2 P1 S1,27,29,6,2,1,1,-9999,-9999,-9999
2753,539.141131,539.14089806,539.140466933,2504838.8,-9999,180387.4,14.32,-1,0.799657032,0.890450637,0,0.534270382,6,0.421052632,1.736842105,N4 S2 P1 O8,de-protonated,0,-9999,C19 H33 O8 N4 P1 S2,19,33,8,4,1,2,-9999,-9999,-9999
2755,541.047629,541.047395355,541.047122661,1558354.8,-9999,211026.4,7.97,-1,0.504011702,0.954953138,0,0.572971883,13,0.80952381,0.857142857,O17,de-protonated,0,-9999,C21 H18 O17,21,18,17,-9999,-9999,-9999,-9999,-9999,-9999
2755,541.047629,541.047395355,541.047478976,1558354.8,-9999,211026.4,7.97,-1,-0.1545549,0.995675075,0,0.597405045,30,0.028571429,0.4,N2 S2 O1,de-protonated,0,-9999,C35 H14 O1 N2 S2,35,14,1,2,-9999,2,-9999,-9999,-9999
2755,541.047629,541.047395355,541.047611918,1558354.8,-9999,211026.4,7.97,-1,-0.400266565,0.971347985,0,0.582808791,17,0.375,0.791666667,N2 S1 P1 O9,de-protonated,0,-9999,C24 H19 O9 N2 P1 S1,24,19,9,2,1,1,-9999,-9999,-9999
2755,541.047629,541.047395355,541.046960469,1558354.8,-9999,211026.4,7.97,-1,0.803784963,0.889381856,0,0.533629114,8,0.6875,1.4375,N4 S2 P1 O11,de-protonated,0,-9999,C16 H23 O11 N4 P1 S2,16,23,11,4,1,2,-9999,-9999,-9999
2756,541.084068,541.083834341,541.08350817,2655062.8,-9999,226661,15.33,-1,0.602811283,0.936191635,0,0.561714981,12,0.727272727,1,O16,de-protonated,0,-9999,C22 H22 O16,22,22,16,-9999,-9999,-9999,-9999,-9999,-9999
2756,541.084068,541.083834341,541.083997427,2655062.8,-9999,226661,15.33,-1,-0.301406264,0.983651276,0,0.590190765,16,0.32,0.92,N2 S1 P1 O8,de-protonated,0,-9999,C25 H23 O8 N2 P1 S1,25,23,8,2,1,1,-9999,-9999,-9999
2756,541.084068,541.083834341,541.083345979,2655062.8,-9999,226661,15.33,-1,0.902564415,0.862593106,0,0.517555864,7,0.588235294,1.588235294,N4 S2 P1 O10,de-protonated,0,-9999,C17 H27 O10 N4 P1 S2,17,27,10,4,1,2,-9999,-9999,-9999
2757,541.120418,541.120184328,541.119893679,2321242.5,-9999,201782.7,13.09,-1,0.537123923,0.948998246,0,0.569398948,11,0.652173913,1.130434783,O15,de-protonated,0,-9999,C23 H26 O15,23,26,15,-9999,-9999,-9999,-9999,-9999,-9999
2757,541.120418,541.120184328,541.120382937,2321242.5,-9999,201782.7,13.09,-1,-0.367032765,0.975852817,0,0.58551169,15,0.269230769,1.038461538,N2 S1 P1 O7,de-protonated,0,-9999,C26 H27 O7 N2 P1 S1,26,27,7,2,1,1,-9999,-9999,-9999
2757,541.120418,541.120184328,541.119731488,2321242.5,-9999,201782.7,13.09,-1,0.836856879,0.880668627,0,0.528401176,6,0.5,1.722222222,N4 S2 P1 O9,de-protonated,0,-9999,C18 H31 O9 N4 P1 S2,18,31,9,4,1,2,-9999,-9999,-9999
2758,541.156755,541.156521314,541.156279189,1816926.4,-9999,168534.8,9.7,-1,0.447422768,0.964328097,0,0.578596858,10,0.583333333,1.25,O14,de-protonated,0,-9999,C24 H30 O14,24,30,14,-9999,-9999,-9999,-9999,-9999,-9999
2758,541.156755,541.156521314,541.156768446,1816926.4,-9999,168534.8,9.7,-1,-0.456673045,0.962865858,0,0.577719515,14,0.222222222,1.148148148,N2 S1 P1 O6,de-protonated,0,-9999,C27 H31 O6 N2 P1 S1,27,31,6,2,1,1,-9999,-9999,-9999
2758,541.156755,541.156521314,541.156116997,1816926.4,-9999,168534.8,9.7,-1,0.747135545,0.903673869,0,0.542204322,5,0.421052632,1.842105263,N4 S2 P1 O8,de-protonated,0,-9999,C19 H35 O8 N4 P1 S2,19,35,8,4,1,2,-9999,-9999,-9999
2759,541.263189,541.262955275,541.262933793,1616233.8,-9999,147750.6,8.36,-1,0.039688006,0.999714234,0,0.59982854,11,0.193548387,1.35483871,S1 O6,de-protonated,0,-9999,C31 H42 O6 S1,31,42,6,-9999,-9999,1,-9999,-9999,-9999
2759,541.263189,541.262955275,541.262553671,1616233.8,-9999,147750.6,8.36,-1,0.741976632,0.904934402,0,0.542960641,16,0.090909091,1.181818182,N2 P1 O3,de-protonated,0,-9999,C33 H39 O3 N2 P1,33,39,3,2,1,-9999,-9999,-9999,-9999
2761,542.283538,542.283303897,542.282954763,1767893.9,-9999,197143.9,9.37,-1,0.643823019,0.927546875,0,0.556528125,15,0.088235294,1.235294118,N1 P1 O3,de-protonated,0,-9999,C34 H42 O3 N1 P1,34,42,3,1,1,-9999,-9999,-9999,-9999
2763,543.09945,543.099215595,543.099158234,1868332,-9999,243540,10.05,-1,0.105617617,0.997977972,0,0.598786783,11,0.727272727,1.090909091,O16,de-protonated,0,-9999,C22 H24 O16,22,24,16,-9999,-9999,-9999,-9999,-9999,-9999
2763,543.09945,543.099215595,543.099647492,1868332,-9999,243540,10.05,-1,-0.795243586,0.891588664,0,0.534953198,15,0.32,1,N2 S1 P1 O8,de-protonated,0,-9999,C25 H25 O8 N2 P1 S1,25,25,8,2,1,1,-9999,-9999,-9999
2763,543.09945,543.099215595,543.098996043,1868332,-9999,243540,10.05,-1,0.404258101,0.970782161,0,0.582469296,6,0.588235294,1.705882353,N4 S2 P1 O10,de-protonated,0,-9999,C17 H29 O10 N4 P1 S2,17,29,10,4,1,2,-9999,-9999,-9999
2764,543.114734,543.11449959,543.114414376,1641005.6,-9999,215459.3,8.52,-1,0.156898601,0.995543208,0,0.597325925,15,0.5,0.923076923,O13,de-protonated,0,-9999,C26 H24 O13,26,24,13,-9999,-9999,-9999,-9999,-9999,-9999
2764,543.114734,543.11449959,543.114903633,1641005.6,-9999,215459.3,8.52,-1,-0.743937343,0.904456142,0,0.542673685,19,0.172413793,0.862068966,N2 S1 P1 O5,de-protonated,0,-9999,C29 H25 O5 N2 P1 S1,29,25,5,2,1,1,-9999,-9999,-9999
2764,543.114734,543.11449959,543.114252184,1641005.6,-9999,215459.3,8.52,-1,0.455530711,0.963047931,0,0.577828759,10,0.333333333,1.380952381,N4 S2 P1 O7,de-protonated,0,-9999,C21 H29 O7 N4 P1 S2,21,29,7,4,1,2,-9999,-9999,-9999
2765,543.136183,543.135948582,543.136413124,1952815.9,-9999,214455.8,10.61,-1,-0.855295219,0.875696997,0,0.525418198,9,0.416666667,1.333333333,S2 O10,de-protonated,0,-9999,C24 H32 O10 S2,24,32,10,-9999,-9999,2,-9999,-9999,-9999
2765,543.136183,543.135948582,543.135543744,1952815.9,-9999,214455.8,10.61,-1,0.745371754,0.90410562,0,0.542463372,10,0.652173913,1.217391304,O15,de-protonated,0,-9999,C23 H28 O15,23,28,15,-9999,-9999,-9999,-9999,-9999,-9999
2765,543.136183,543.135948582,543.136033001,1952815.9,-9999,214455.8,10.61,-1,-0.155429675,0.995626087,0,0.597375652,14,0.269230769,1.115384615,N2 S1 P1 O7,de-protonated,0,-9999,C26 H29 O7 N2 P1 S1,26,29,7,2,1,1,-9999,-9999,-9999
2766,544.262662,544.262427165,544.262219318,1495206.1,-9999,200259.4,7.54,-1,0.381886904,0.97388501,0,0.584331006,15,0.121212121,1.212121212,N1 P1 O4,de-protonated,0,-9999,C33 H40 O4 N1 P1,33,40,4,1,1,-9999,-9999,-9999,-9999
2766,544.262662,544.262427165,544.261947992,1495206.1,-9999,200259.4,7.54,-1,0.880408368,0.868798284,0,0.52127897,1,0.391304348,2.043478261,N1 S2 O9,de-protonated,0,-9999,C23 H47 O9 N1 S2,23,47,9,1,-9999,2,-9999,-9999,-9999
2768,545.057349,545.05711387,545.057293421,1794809.1,-9999,205181.5,9.56,-1,-0.329416527,0.980502632,0,0.588301579,16,0.625,0.75,O15,de-protonated,0,-9999,C24 H18 O15,24,18,15,-9999,-9999,-9999,-9999,-9999,-9999
2768,545.057349,545.05711387,545.05713123,1794809.1,-9999,205181.5,9.56,-1,-0.031849048,0.999815962,0,0.599889577,11,0.473684211,1.210526316,N4 S2 P1 O9,de-protonated,0,-9999,C19 H23 O9 N4 P1 S2,19,23,9,4,1,2,-9999,-9999,-9999
2769,545.078935,545.078699862,545.078422789,1632507.5,-9999,205387.7,8.47,-1,0.508317809,0.954198096,0,0.572518858,11,0.80952381,1.047619048,O17,de-protonated,0,-9999,C21 H22 O17,21,22,17,-9999,-9999,-9999,-9999,-9999,-9999
2769,545.078935,545.078699862,545.078779105,1632507.5,-9999,205387.7,8.47,-1,-0.14537816,0.99617246,0,0.597703476,28,0.028571429,0.514285714,N2 S2 O1,de-protonated,0,-9999,C35 H18 O1 N2 S2,35,18,1,2,-9999,2,-9999,-9999,-9999
2769,545.078935,545.078699862,545.078912047,1632507.5,-9999,205387.7,8.47,-1,-0.389272591,0.972879069,0,0.583727442,15,0.375,0.958333333,N2 S1 P1 O9,de-protonated,0,-9999,C24 H23 O9 N2 P1 S1,24,23,9,2,1,1,-9999,-9999,-9999
2769,545.078935,545.078699862,545.078260598,1632507.5,-9999,205387.7,8.47,-1,0.805874003,0.888839368,0,0.533303621,6,0.6875,1.6875,N4 S2 P1 O11,de-protonated,0,-9999,C16 H27 O11 N4 P1 S2,16,27,11,4,1,2,-9999,-9999,-9999
2770,545.094209,545.093973857,545.093678931,1727741,-9999,256724.4,9.11,-1,0.541055855,0.948268538,0,0.568961123,15,0.56,0.88,O14,de-protonated,0,-9999,C25 H22 O14,25,22,14,-9999,-9999,-9999,-9999,-9999,-9999
2770,545.094209,545.093973857,545.094168188,1727741,-9999,256724.4,9.11,-1,-0.356509453,0.977201949,0,0.58632117,19,0.214285714,0.821428571,N2 S1 P1 O6,de-protonated,0,-9999,C28 H23 O6 N2 P1 S1,28,23,6,2,1,1,-9999,-9999,-9999
2770,545.094209,545.093973857,545.093516739,1727741,-9999,256724.4,9.11,-1,0.83860373,0.880201063,0,0.528120638,10,0.4,1.35,N4 S2 P1 O8,de-protonated,0,-9999,C20 H27 O8 N4 P1 S2,20,27,8,4,1,2,-9999,-9999,-9999
2771,545.115435,545.115199849,545.115677679,1498367.3,-9999,228412.7,7.57,-1,-0.876565616,0.869863276,0,0.521917966,9,0.47826087,1.304347826,S2 O11,de-protonated,0,-9999,C23 H30 O11 S2,23,30,11,-9999,-9999,2,-9999,-9999,-9999
2771,545.115435,545.115199849,545.114808299,1498367.3,-9999,228412.7,7.57,-1,0.71828944,0.910631846,0,0.546379108,10,0.727272727,1.181818182,O16,de-protonated,0,-9999,C22 H26 O16,22,26,16,-9999,-9999,-9999,-9999,-9999,-9999
2771,545.115435,545.115199849,545.115297556,1498367.3,-9999,228412.7,7.57,-1,-0.179241236,0.99418748,0,0.596512488,14,0.32,1.08,N2 S1 P1 O8,de-protonated,0,-9999,C25 H27 O8 N2 P1 S1,25,27,8,2,1,1,-9999,-9999,-9999
2772,545.130917,545.130681843,545.131205146,1636864.9,-9999,167122.1,8.5,-1,-0.959957594,0.846023336,0,0.507614001,27,0.081081081,0.621621622,P1 O3,de-protonated,0,-9999,C37 H23 O3 P1,37,23,3,-9999,1,-9999,-9999,-9999,-9999
2772,545.130917,545.130681843,545.13093382,1636864.9,-9999,167122.1,8.5,-1,-0.462231483,0.961973906,0,0.577184344,13,0.296296296,1.111111111,S2 O8,de-protonated,0,-9999,C27 H30 O8 S2,27,30,8,-9999,-9999,2,-9999,-9999,-9999
2772,545.130917,545.130681843,545.130553697,1636864.9,-9999,167122.1,8.5,-1,0.23507367,0.990023313,0,0.594013988,18,0.172413793,0.931034483,N2 S1 P1 O5,de-protonated,0,-9999,C29 H27 O5 N2 P1 S1,29,27,5,2,1,1,-9999,-9999,-9999
2773,545.258161,545.257925796,545.257848413,1445390.1,-9999,172587.9,7.21,-1,0.141920806,0.996352019,0,0.597811211,10,0.233333333,1.4,S1 O7,de-protonated,0,-9999,C30 H42 O7 S1,30,42,7,-9999,-9999,1,-9999,-9999,-9999
2773,545.258161,545.257925796,545.25746829,1445390.1,-9999,172587.9,7.21,-1,0.839064075,0.880077726,0,0.528046636,15,0.125,1.21875,N2 P1 O4,de-protonated,0,-9999,C32 H39 O4 N2 P1,32,39,4,2,1,-9999,-9999,-9999,-9999
2774,547.07355,547.073314124,547.073812866,1964490.5,-9999,199407.3,10.7,-1,-0.911652957,0.860016228,0,0.516009737,14,0.4,0.96,S2 O10,de-protonated,0,-9999,C25 H24 O10 S2,25,24,10,-9999,-9999,2,-9999,-9999,-9999
2774,547.07355,547.073314124,547.072943486,1964490.5,-9999,199407.3,10.7,-1,0.677493587,0.920089341,0,0.552053604,15,0.625,0.833333333,O15,de-protonated,0,-9999,C24 H20 O15,24,20,15,-9999,-9999,-9999,-9999,-9999,-9999
2774,547.07355,547.073314124,547.073432743,1964490.5,-9999,199407.3,10.7,-1,-0.216824529,0.991505856,0,0.594903514,19,0.259259259,0.777777778,N2 S1 P1 O7,de-protonated,0,-9999,C27 H21 O7 N2 P1 S1,27,21,7,2,1,1,-9999,-9999,-9999
2774,547.07355,547.073314124,547.072781294,1964490.5,-9999,199407.3,10.7,-1,0.973964999,0.841875075,0,0.505125045,10,0.473684211,1.315789474,N4 S2 P1 O9,de-protonated,0,-9999,C19 H25 O9 N4 P1 S2,19,25,9,4,1,2,-9999,-9999,-9999
2775,547.109542,547.109306111,547.109328995,2130894.3,-9999,225977.2,11.82,-1,-0.041827583,0.999682597,0,0.599809558,14,0.56,0.96,O14,de-protonated,0,-9999,C25 H24 O14,25,24,14,-9999,-9999,-9999,-9999,-9999,-9999
2775,547.109542,547.109306111,547.108815931,2130894.3,-9999,225977.2,11.82,-1,0.895946062,0.864458162,0,0.518674897,32,0.078947368,0.421052632,N2 O3,de-protonated,0,-9999,C38 H16 O3 N2,38,16,3,2,-9999,-9999,-9999,-9999,-9999
2775,547.109542,547.109306111,547.109818253,2130894.3,-9999,225977.2,11.82,-1,-0.936085578,0.853000165,0,0.511800099,18,0.214285714,0.892857143,N2 S1 P1 O6,de-protonated,0,-9999,C28 H25 O6 N2 P1 S1,28,25,6,2,1,1,-9999,-9999,-9999
2775,547.109542,547.109306111,547.109166804,2130894.3,-9999,225977.2,11.82,-1,0.254623899,0.988305002,0,0.592983001,9,0.4,1.45,N4 S2 P1 O8,de-protonated,0,-9999,C20 H29 O8 N4 P1 S2,20,29,8,4,1,2,-9999,-9999,-9999
2776,547.146047,547.145811097,547.145714505,1530834,-9999,224259.4,7.79,-1,0.176539586,0.994360889,0,0.596616533,13,0.5,1.076923077,O13,de-protonated,0,-9999,C26 H28 O13,26,28,13,-9999,-9999,-9999,-9999,-9999,-9999
2776,547.146047,547.145811097,547.146203762,1530834,-9999,224259.4,7.79,-1,-0.717659137,0.910781408,0,0.546468845,17,0.172413793,1,N2 S1 P1 O5,de-protonated,0,-9999,C29 H29 O5 N2 P1 S1,29,29,5,2,1,1,-9999,-9999,-9999
2776,547.146047,547.145811097,547.145552313,1530834,-9999,224259.4,7.79,-1,0.472971418,0.96022233,0,0.576133398,8,0.333333333,1.571428571,N4 S2 P1 O7,de-protonated,0,-9999,C21 H33 O7 N4 P1 S2,21,33,7,4,1,2,-9999,-9999,-9999
2777,549.088923,549.088686378,549.08859355,1867929.9,-9999,207085.7,10.05,-1,0.169058345,0.994827489,0,0.596896493,14,0.625,0.916666667,O15,de-protonated,0,-9999,C24 H22 O15,24,22,15,-9999,-9999,-9999,-9999,-9999,-9999
2777,549.088923,549.088686378,549.089082808,1867929.9,-9999,207085.7,10.05,-1,-0.721976367,0.909754856,0,0.545852914,18,0.259259259,0.851851852,N2 S1 P1 O7,de-protonated,0,-9999,C27 H23 O7 N2 P1 S1,27,23,7,2,1,1,-9999,-9999,-9999
2777,549.088923,549.088686378,549.088431359,1867929.9,-9999,207085.7,10.05,-1,0.464441289,0.961616537,0,0.576969922,9,0.473684211,1.421052632,N4 S2 P1 O9,de-protonated,0,-9999,C19 H27 O9 N4 P1 S2,19,27,9,4,1,2,-9999,-9999,-9999
2778,549.125186,549.124949365,549.12497906,1774237.6,-9999,241557.2,9.42,-1,-0.054076511,0.999469536,0,0.599681722,13,0.56,1.04,O14,de-protonated,0,-9999,C25 H26 O14,25,26,14,-9999,-9999,-9999,-9999,-9999,-9999
2778,549.125186,549.124949365,549.124465995,1774237.6,-9999,241557.2,9.42,-1,0.880254873,0.868840888,0,0.521304533,31,0.078947368,0.473684211,N2 O3,de-protonated,0,-9999,C38 H18 O3 N2,38,18,3,2,-9999,-9999,-9999,-9999,-9999
2778,549.125186,549.124949365,549.125468317,1774237.6,-9999,241557.2,9.42,-1,-0.945051983,0.850393547,0,0.510236128,17,0.214285714,0.964285714,N2 S1 P1 O6,de-protonated,0,-9999,C28 H27 O6 N2 P1 S1,28,27,6,2,1,1,-9999,-9999,-9999
2778,549.125186,549.124949365,549.124816868,1774237.6,-9999,241557.2,9.42,-1,0.241286795,0.989491783,0,0.59369507,8,0.4,1.55,N4 S2 P1 O8,de-protonated,0,-9999,C20 H31 O8 N4 P1 S2,20,31,8,4,1,2,-9999,-9999,-9999
2779,551.06824,551.068002646,551.067858105,2488163.8,-9999,217625.7,14.22,-1,0.262291295,0.987594515,0,0.592556709,14,0.695652174,0.869565217,O16,de-protonated,0,-9999,C23 H20 O16,23,20,16,-9999,-9999,-9999,-9999,-9999,-9999
2779,551.06824,551.068002646,551.068347363,2488163.8,-9999,217625.7,14.22,-1,-0.625543183,0.931460359,0,0.558876215,18,0.307692308,0.807692308,N2 S1 P1 O8,de-protonated,0,-9999,C26 H21 O8 N2 P1 S1,26,21,8,2,1,1,-9999,-9999,-9999
2779,551.06824,551.068002646,551.067695914,2488163.8,-9999,217625.7,14.22,-1,0.556613342,0.945334785,0,0.567200871,9,0.555555556,1.388888889,N4 S2 P1 O10,de-protonated,0,-9999,C18 H25 O10 N4 P1 S2,18,25,10,4,1,2,-9999,-9999,-9999
2780,551.104761,551.104523632,551.104243615,1821543.5,-9999,207498,9.74,-1,0.508102484,0.95423599,0,0.572541594,13,0.625,1,O15,de-protonated,0,-9999,C24 H24 O15,24,24,15,-9999,-9999,-9999,-9999,-9999,-9999
2780,551.104761,551.104523632,551.104732872,1821543.5,-9999,207498,9.74,-1,-0.379673595,0.974182912,0,0.584509747,17,0.259259259,0.925925926,N2 S1 P1 O7,de-protonated,0,-9999,C27 H25 O7 N2 P1 S1,27,25,7,2,1,1,-9999,-9999,-9999
2780,551.104761,551.104523632,551.104081423,1821543.5,-9999,207498,9.74,-1,0.802405171,0.889739573,0,0.533843744,8,0.473684211,1.526315789,N4 S2 P1 O9,de-protonated,0,-9999,C19 H29 O9 N4 P1 S2,19,29,9,4,1,2,-9999,-9999,-9999
2781,551.141211,551.140973619,551.141498504,1859947.3,-9999,240046.9,10,-1,-0.952360288,0.84825654,0,0.508953924,11,0.346153846,1.230769231,S2 O9,de-protonated,0,-9999,C26 H32 O9 S2,26,32,9,-9999,-9999,2,-9999,-9999,-9999
2781,551.141211,551.140973619,551.140629124,1859947.3,-9999,240046.9,10,-1,0.625057518,0.931563018,0,0.558937811,12,0.56,1.12,O14,de-protonated,0,-9999,C25 H28 O14,25,28,14,-9999,-9999,-9999,-9999,-9999,-9999
2781,551.141211,551.140973619,551.141118381,1859947.3,-9999,240046.9,10,-1,-0.262660055,0.987559827,0,0.592535896,16,0.214285714,1.035714286,N2 S1 P1 O6,de-protonated,0,-9999,C28 H29 O6 N2 P1 S1,28,29,6,2,1,1,-9999,-9999,-9999
2781,551.141211,551.140973619,551.140466933,1859947.3,-9999,240046.9,10,-1,0.919340811,0.857822424,0,0.514693454,7,0.4,1.65,N4 S2 P1 O8,de-protonated,0,-9999,C20 H33 O8 N4 P1 S2,20,33,8,4,1,2,-9999,-9999,-9999
2782,551.177151,551.176913605,551.177014633,1607534.9,-9999,196660.9,8.3,-1,-0.183295123,0.993922394,0,0.596353436,11,0.5,1.230769231,O13,de-protonated,0,-9999,C26 H32 O13,26,32,13,-9999,-9999,-9999,-9999,-9999,-9999
2782,551.177151,551.176913605,551.176501569,1607534.9,-9999,196660.9,8.3,-1,0.747557616,0.903570432,0,0.542142259,29,0.051282051,0.615384615,N2 O2,de-protonated,0,-9999,C39 H24 O2 N2,39,24,2,2,-9999,-9999,-9999,-9999,-9999
2782,551.177151,551.176913605,551.176363185,1607534.9,-9999,196660.9,8.3,-1,0.998628857,0.834475877,0,0.500685526,2,0.833333333,2,N2 S1 O15,de-protonated,0,-9999,C18 H36 O15 N2 S1,18,36,15,2,-9999,1,-9999,-9999,-9999
2782,551.177151,551.176913605,551.176852442,1607534.9,-9999,196660.9,8.3,-1,0.110968505,0.997768134,0,0.59866088,6,0.333333333,1.761904762,N4 S2 P1 O7,de-protonated,0,-9999,C21 H37 O7 N4 P1 S2,21,37,7,4,1,2,-9999,-9999,-9999
2783,553.083948,553.0837099,553.08350817,2265648,-9999,196620.5,12.72,-1,0.36473656,0.976150387,0,0.585690232,13,0.695652174,0.956521739,O16,de-protonated,0,-9999,C23 H22 O16,23,22,16,-9999,-9999,-9999,-9999,-9999,-9999
2783,553.083948,553.0837099,553.083997427,2265648,-9999,196620.5,12.72,-1,-0.519862399,0.952145174,0,0.571287104,17,0.307692308,0.884615385,N2 S1 P1 O8,de-protonated,0,-9999,C26 H23 O8 N2 P1 S1,26,23,8,2,1,1,-9999,-9999,-9999
2783,553.083948,553.0837099,553.083345979,2265648,-9999,196620.5,12.72,-1,0.657986014,0.924448986,0,0.554669392,8,0.555555556,1.5,N4 S2 P1 O10,de-protonated,0,-9999,C18 H27 O10 N4 P1 S2,18,27,10,4,1,2,-9999,-9999,-9999
2784,553.120118,553.119879886,553.119893679,2058291.6,-9999,201942.2,11.33,-1,-0.024936657,0.999887175,0,0.599932305,12,0.625,1.083333333,O15,de-protonated,0,-9999,C24 H26 O15,24,26,15,-9999,-9999,-9999,-9999,-9999,-9999
2784,553.120118,553.119879886,553.119380615,2058291.6,-9999,201942.2,11.33,-1,0.902646529,0.862569906,0,0.517541943,30,0.108108108,0.486486486,N2 O4,de-protonated,0,-9999,C37 H18 O4 N2,37,18,4,2,-9999,-9999,-9999,-9999,-9999
2784,553.120118,553.119879886,553.120382937,2058291.6,-9999,201942.2,11.33,-1,-0.909477081,0.860634802,0,0.516380881,16,0.259259259,1,N2 S1 P1 O7,de-protonated,0,-9999,C27 H27 O7 N2 P1 S1,27,27,7,2,1,1,-9999,-9999,-9999
2784,553.120118,553.119879886,553.119731488,2058291.6,-9999,201942.2,11.33,-1,0.268293392,0.987024003,0,0.592214402,7,0.473684211,1.631578947,N4 S2 P1 O9,de-protonated,0,-9999,C19 H31 O9 N4 P1 S2,19,31,9,4,1,2,-9999,-9999,-9999
2785,553.156616,553.156377873,553.156279189,1959479.3,-9999,188141.9,10.66,-1,0.178401988,0.994241627,0,0.596544976,11,0.56,1.2,O14,de-protonated,0,-9999,C25 H30 O14,25,30,14,-9999,-9999,-9999,-9999,-9999,-9999
2785,553.156616,553.156377873,553.156768446,1959479.3,-9999,188141.9,10.66,-1,-0.706080432,0.913509809,0,0.548105885,15,0.214285714,1.107142857,N2 S1 P1 O6,de-protonated,0,-9999,C28 H31 O6 N2 P1 S1,28,31,6,2,1,1,-9999,-9999,-9999
2785,553.156616,553.156377873,553.156116997,1959479.3,-9999,188141.9,10.66,-1,0.471612808,0.960445951,0,0.576267571,6,0.4,1.75,N4 S2 P1 O8,de-protonated,0,-9999,C20 H35 O8 N4 P1 S2,20,35,8,4,1,2,-9999,-9999,-9999
2788,555.063207,555.062968167,555.062772725,1488118.9,-9999,241001.9,7.49,-1,0.352108087,0.977755122,0,0.586653073,13,0.772727273,0.909090909,O17,de-protonated,0,-9999,C22 H20 O17,22,20,17,-9999,-9999,-9999,-9999,-9999,-9999
2788,555.063207,555.062968167,555.063129041,1488118.9,-9999,241001.9,7.49,-1,-0.289829247,0.9848737,0,0.59092422,30,0.027777778,0.444444444,N2 S2 O1,de-protonated,0,-9999,C36 H16 O1 N2 S2,36,16,1,2,-9999,2,-9999,-9999,-9999
2788,555.063207,555.062968167,555.063261982,1488118.9,-9999,241001.9,7.49,-1,-0.529336526,0.950429391,0,0.570257634,17,0.36,0.84,N2 S1 P1 O9,de-protonated,0,-9999,C25 H21 O9 N2 P1 S1,25,21,9,2,1,1,-9999,-9999,-9999
2788,555.063207,555.062968167,555.062610534,1488118.9,-9999,241001.9,7.49,-1,0.644311857,0.927440903,0,0.556464542,8,0.647058824,1.470588235,N4 S2 P1 O11,de-protonated,0,-9999,C17 H25 O11 N4 P1 S2,17,25,11,4,1,2,-9999,-9999,-9999
2789,555.099342,555.099103154,555.099158234,1928954.5,-9999,219286.3,10.46,-1,-0.099226656,0.998215064,0,0.598929038,12,0.695652174,1.043478261,O16,de-protonated,0,-9999,C23 H24 O16,23,24,16,-9999,-9999,-9999,-9999,-9999,-9999
2789,555.099342,555.099103154,555.09864517,1928954.5,-9999,219286.3,10.46,-1,0.825049062,0.883809974,0,0.530285984,30,0.138888889,0.444444444,N2 O5,de-protonated,0,-9999,C36 H16 O5 N2,36,16,5,2,-9999,-9999,-9999,-9999,-9999
2789,555.099342,555.099103154,555.099647492,1928954.5,-9999,219286.3,10.46,-1,-0.980613095,0.839892453,0,0.503935472,16,0.307692308,0.961538462,N2 S1 P1 O8,de-protonated,0,-9999,C26 H25 O8 N2 P1 S1,26,25,8,2,1,1,-9999,-9999,-9999
2789,555.099342,555.099103154,555.098996043,1928954.5,-9999,219286.3,10.46,-1,0.192957828,0.993266941,0,0.595960164,7,0.555555556,1.611111111,N4 S2 P1 O10,de-protonated,0,-9999,C18 H29 O10 N4 P1 S2,18,29,10,4,1,2,-9999,-9999,-9999
2790,555.136088,555.13584914,555.135543744,1631998.1,-9999,191419.8,8.46,-1,0.550129458,0.946566483,0,0.56793989,11,0.625,1.166666667,O15,de-protonated,0,-9999,C24 H28 O15,24,28,15,-9999,-9999,-9999,-9999,-9999,-9999
2790,555.136088,555.13584914,555.136033001,1631998.1,-9999,191419.8,8.46,-1,-0.331199784,0.980293066,0,0.58817584,15,0.259259259,1.074074074,N2 S1 P1 O7,de-protonated,0,-9999,C27 H29 O7 N2 P1 S1,27,29,7,2,1,1,-9999,-9999,-9999
2790,555.136088,555.13584914,555.135381552,1631998.1,-9999,191419.8,8.46,-1,0.842294981,0.879210673,0,0.527526404,6,0.473684211,1.736842105,N4 S2 P1 O9,de-protonated,0,-9999,C19 H33 O9 N4 P1 S2,19,33,9,4,1,2,-9999,-9999,-9999
2794,557.115186,557.114946408,557.114808299,2098627.3,-9999,157007,11.6,-1,0.247900053,0.988911113,0,0.593346668,11,0.695652174,1.130434783,O16,de-protonated,0,-9999,C23 H26 O16,23,26,16,-9999,-9999,-9999,-9999,-9999,-9999
2794,557.115186,557.114946408,557.115297556,2098627.3,-9999,157007,11.6,-1,-0.630297824,0.930451721,0,0.558271032,15,0.307692308,1.038461538,N2 S1 P1 O8,de-protonated,0,-9999,C26 H27 O8 N2 P1 S1,26,27,8,2,1,1,-9999,-9999,-9999
2794,557.115186,557.114946408,557.114646107,2098627.3,-9999,157007,11.6,-1,0.53902751,0.948645563,0,0.569187338,6,0.555555556,1.722222222,N4 S2 P1 O10,de-protonated,0,-9999,C18 H31 O10 N4 P1 S2,18,31,10,4,1,2,-9999,-9999,-9999
2795,557.151748,557.151508394,557.152063188,1583558.8,-9999,216949.3,8.13,-1,-0.995767581,0.835340375,0,0.501204225,9,0.4,1.36,S2 O10,de-protonated,0,-9999,C25 H34 O10 S2,25,34,10,-9999,-9999,2,-9999,-9999,-9999
2795,557.151748,557.151508394,557.151193808,1583558.8,-9999,216949.3,8.13,-1,0.564632924,0.94379366,0,0.566276196,10,0.625,1.25,O15,de-protonated,0,-9999,C24 H30 O15,24,30,15,-9999,-9999,-9999,-9999,-9999,-9999
2795,557.151748,557.151508394,557.151683065,1583558.8,-9999,216949.3,8.13,-1,-0.313507879,0.982324005,0,0.589394403,14,0.259259259,1.148148148,N2 S1 P1 O7,de-protonated,0,-9999,C27 H31 O7 N2 P1 S1,27,31,7,2,1,1,-9999,-9999,-9999
2795,557.151748,557.151508394,557.151031617,1583558.8,-9999,216949.3,8.13,-1,0.855741461,0.875575684,0,0.525345411,5,0.473684211,1.842105263,N4 S2 P1 O9,de-protonated,0,-9999,C19 H35 O9 N4 P1 S2,19,35,9,4,1,2,-9999,-9999,-9999
2802,559.072635,559.072394683,559.072943486,1447044,-9999,211366.3,7.22,-1,-0.98162998,0.839588418,0,0.503753051,16,0.6,0.8,O15,de-protonated,0,-9999,C25 H20 O15,25,20,15,-9999,-9999,-9999,-9999,-9999,-9999
2802,559.072635,559.072394683,559.072430422,1447044,-9999,211366.3,7.22,-1,-0.063924655,0.99925881,0,0.599555286,34,0.105263158,0.315789474,N2 O4,de-protonated,0,-9999,C38 H12 O4 N2,38,12,4,2,-9999,-9999,-9999,-9999,-9999
2802,559.072635,559.072394683,559.072781294,1447044,-9999,211366.3,7.22,-1,-0.691522545,0.91688852,0,0.550133112,11,0.45,1.25,N4 S2 P1 O9,de-protonated,0,-9999,C20 H25 O9 N4 P1 S2,20,25,9,4,1,2,-9999,-9999,-9999
2802,559.072635,559.072394683,559.071911915,1447044,-9999,211366.3,7.22,-1,0.863517604,0.873454265,0,0.524072559,12,0.736842105,1.105263158,N4 P1 O14,de-protonated,0,-9999,C19 H21 O14 N4 P1,19,21,14,4,1,-9999,-9999,-9999,-9999
2803,559.130812,559.130571662,559.130458363,1518217.6,-9999,168662.1,7.69,-1,0.202633023,0.992577376,0,0.595546426,10,0.695652174,1.217391304,O16,de-protonated,0,-9999,C23 H28 O16,23,28,16,-9999,-9999,-9999,-9999,-9999,-9999
2803,559.130812,559.130571662,559.130947621,1518217.6,-9999,168662.1,7.69,-1,-0.672398938,0.921238204,0,0.552742922,14,0.307692308,1.115384615,N2 S1 P1 O8,de-protonated,0,-9999,C26 H29 O8 N2 P1 S1,26,29,8,2,1,1,-9999,-9999,-9999
2803,559.130812,559.130571662,559.130296172,1518217.6,-9999,168662.1,7.69,-1,0.49271096,0.956906852,0,0.574144111,5,0.555555556,1.833333333,N4 S2 P1 O10,de-protonated,0,-9999,C18 H33 O10 N4 P1 S2,18,33,10,4,1,2,-9999,-9999,-9999
2804,559.162026,559.16178565,559.161840026,1432204.8,-9999,169472.5,7.12,-1,-0.097245027,0.998285584,0,0.598971351,17,0.15625,1,S2 O5,de-protonated,0,-9999,C32 H32 O5 S2,32,32,5,-9999,-9999,2,-9999,-9999,-9999
2804,559.162026,559.16178565,559.161972967,1432204.8,-9999,169472.5,7.12,-1,-0.334996741,0.979843237,0,0.587905942,4,0.619047619,1.761904762,S1 P1 O13,de-protonated,0,-9999,C21 H37 O13 P1 S1,21,37,13,-9999,1,1,-9999,-9999,-9999
2804,559.162026,559.16178565,559.161459903,1432204.8,-9999,169472.5,7.12,-1,0.582563061,0.940277716,0,0.56416663,22,0.058823529,0.852941176,N2 S1 P1 O2,de-protonated,0,-9999,C34 H29 O2 N2 P1 S1,34,29,2,2,1,1,-9999,-9999,-9999
2804,559.162026,559.16178565,559.162308056,1432204.8,-9999,169472.5,7.12,-1,-0.934266046,0.853527055,0,0.512116233,23,0.1875,0.75,N4 O6,de-protonated,0,-9999,C32 H24 O6 N4,32,24,6,4,-9999,-9999,-9999,-9999,-9999
2806,561.089049,561.088807937,561.08859355,1772872.1,-9999,216957.3,9.4,-1,0.382090195,0.973857565,0,0.584314539,15,0.6,0.88,O15,de-protonated,0,-9999,C25 H22 O15,25,22,15,-9999,-9999,-9999,-9999,-9999,-9999
2806,561.089049,561.088807937,561.089082808,1772872.1,-9999,216957.3,9.4,-1,-0.489888162,0.957388566,0,0.57443314,19,0.25,0.821428571,N2 S1 P1 O7,de-protonated,0,-9999,C28 H23 O7 N2 P1 S1,28,23,7,2,1,1,-9999,-9999,-9999
2806,561.089049,561.088807937,561.088431359,1772872.1,-9999,216957.3,9.4,-1,0.671155845,0.921517426,0,0.552910456,10,0.45,1.35,N4 S2 P1 O9,de-protonated,0,-9999,C20 H27 O9 N4 P1 S2,20,27,9,4,1,2,-9999,-9999,-9999
2808,563.104951,563.104709191,563.105112995,2287113.5,-9999,195016.9,12.86,-1,-0.717102381,0.910913429,0,0.546548057,13,0.384615385,1.076923077,S2 O10,de-protonated,0,-9999,C26 H28 O10 S2,26,28,10,-9999,-9999,2,-9999,-9999,-9999
2808,563.104951,563.104709191,563.104243615,2287113.5,-9999,195016.9,12.86,-1,0.826802245,0.883345676,0,0.530007405,14,0.6,0.96,O15,de-protonated,0,-9999,C25 H24 O15,25,24,15,-9999,-9999,-9999,-9999,-9999,-9999
2808,563.104951,563.104709191,563.104732872,2287113.5,-9999,195016.9,12.86,-1,-0.042055227,0.999679134,0,0.59980748,18,0.25,0.892857143,N2 S1 P1 O7,de-protonated,0,-9999,C28 H25 O7 N2 P1 S1,28,25,7,2,1,1,-9999,-9999,-9999
2810,565.08379,565.083547458,565.08350817,2175172,-9999,198452.8,12.1,-1,0.069526578,0.999123272,0,0.599473963,14,0.666666667,0.916666667,O16,de-protonated,0,-9999,C24 H22 O16,24,22,16,-9999,-9999,-9999,-9999,-9999,-9999
2810,565.08379,565.083547458,565.082995106,2175172,-9999,198452.8,12.1,-1,0.977471589,0.840830424,0,0.504498254,32,0.135135135,0.378378378,N2 O5,de-protonated,0,-9999,C37 H14 O5 N2,37,14,5,2,-9999,-9999,-9999,-9999,-9999
2810,565.08379,565.083547458,565.083997427,2175172,-9999,198452.8,12.1,-1,-0.796286975,0.891320059,0,0.534792035,18,0.296296296,0.851851852,N2 S1 P1 O8,de-protonated,0,-9999,C27 H23 O8 N2 P1 S1,27,23,8,2,1,1,-9999,-9999,-9999
2810,565.08379,565.083547458,565.083345979,2175172,-9999,198452.8,12.1,-1,0.356548559,0.977197005,0,0.586318203,9,0.526315789,1.421052632,N4 S2 P1 O10,de-protonated,0,-9999,C19 H27 O10 N4 P1 S2,19,27,10,4,1,2,-9999,-9999,-9999
2811,565.120524,565.120281445,565.120763059,1614023.5,-9999,219752.8,8.33,-1,-0.852232876,0.876528254,0,0.525916953,12,0.384615385,1.153846154,S2 O10,de-protonated,0,-9999,C26 H30 O10 S2,26,30,10,-9999,-9999,2,-9999,-9999,-9999
2811,565.120524,565.120281445,565.119893679,1614023.5,-9999,219752.8,8.33,-1,0.686164796,0.918117357,0,0.550870414,13,0.6,1.04,O15,de-protonated,0,-9999,C25 H26 O15,25,26,15,-9999,-9999,-9999,-9999,-9999,-9999
2811,565.120524,565.120281445,565.120382937,1614023.5,-9999,219752.8,8.33,-1,-0.179593546,0.994164675,0,0.596498805,17,0.25,0.964285714,N2 S1 P1 O7,de-protonated,0,-9999,C28 H27 O7 N2 P1 S1,28,27,7,2,1,1,-9999,-9999,-9999
2811,565.120524,565.120281445,565.119731488,1614023.5,-9999,219752.8,8.33,-1,0.973168474,0.842112026,0,0.505267215,8,0.45,1.55,N4 S2 P1 O9,de-protonated,0,-9999,C20 H31 O9 N4 P1 S2,20,31,9,4,1,2,-9999,-9999,-9999
2812,565.15632,565.156077431,565.156279189,1423562.9,-9999,199524.7,7.05,-1,-0.356993684,0.97714069,0,0.586284414,12,0.538461538,1.153846154,O14,de-protonated,0,-9999,C26 H30 O14,26,30,14,-9999,-9999,-9999,-9999,-9999,-9999
2812,565.15632,565.156077431,565.155766124,1423562.9,-9999,199524.7,7.05,-1,0.550834029,0.946433262,0,0.567859957,30,0.076923077,0.564102564,N2 O3,de-protonated,0,-9999,C39 H22 O3 N2,39,22,3,2,-9999,-9999,-9999,-9999,-9999
2812,565.15632,565.156077431,565.15562774,1423562.9,-9999,199524.7,7.05,-1,0.795694912,0.89147251,0,0.534883506,3,0.888888889,1.888888889,N2 S1 O16,de-protonated,0,-9999,C18 H34 O16 N2 S1,18,34,16,2,-9999,1,-9999,-9999,-9999
2812,565.15632,565.156077431,565.156116997,1423562.9,-9999,199524.7,7.05,-1,-0.070008784,0.999111074,0,0.599466644,7,0.380952381,1.666666667,N4 S2 P1 O8,de-protonated,0,-9999,C21 H35 O8 N4 P1 S2,21,35,8,4,1,2,-9999,-9999,-9999
2813,565.439739,565.439496326,565.439121055,17876198,-9999,185829.4,117.62,-1,0.663681647,0.620911357,0.954215449,0.754232994,4,0.117647059,1.852941176,P1 O4,de-protonated,0,-9999,C34 H63 O4 P1,34,63,4,-9999,1,-9999,-9999,-9999,-9999
2814,566.220695,566.220452037,566.220276427,1709357.9,-9999,226057,8.97,-1,0.310144182,0.982697986,0,0.589618792,6,0.636363636,1.681818182,N3 O14,de-protonated,0,-9999,C22 H37 O14 N3,22,37,14,3,-9999,-9999,-9999,-9999,-9999
2815,566.443051,566.442807955,566.44247589,7548226.5,-9999,187261.2,48.21,-1,0.586229245,0.626364617,0.954215449,0.75750495,4,0.117647059,1.852941176,13C1 P1 O4,de-protonated,1,2813,C33 H63 O4 P1 13C1,33,63,4,-9999,1,-9999,1,-9999,-9999
2815,566.443051,566.442807955,566.442612236,7548226.5,-9999,187261.2,48.21,-1,0.345524014,0.489285181,0.736963647,0.588356568,4,0.181818182,1.848484848,N1 O6,de-protonated,0,-9999,C33 H61 O6 N1,33,61,6,1,-9999,-9999,-9999,-9999,-9999
2816,566.973922,566.973678759,566.973581052,1723763.3,-9999,160117,9.07,-1,0.17232998,0.994625898,0,0.596775539,21,0.590909091,0.363636364,N4 S1 O13,de-protonated,0,-9999,C22 H8 O13 N4 S1,22,8,13,4,-9999,1,-9999,-9999,-9999
2817,567.436736,567.436492587,567.437013055,5877149.5,-9999,190623.9,36.98,-1,-0.917224787,0.882979856,0.95606172,0.912212602,3,0.058823529,1.911764706,S1 P1 O2,de-protonated,0,-9999,C34 H65 O2 P1 S1,34,65,2,-9999,1,1,-9999,-9999,-9999
2818,568.440196,568.439952216,568.44036789,2675193,-9999,201130.6,15.46,-1,-0.731253081,0.907532183,0.95606172,0.926943998,3,0.058823529,1.911764706,13C1 S1 P1 O2,de-protonated,1,2817,C33 H65 O2 P1 S1 13C1,33,65,2,-9999,1,1,1,-9999,-9999
2818,568.440196,568.439952216,568.440504235,2675193,-9999,201130.6,15.46,-1,-0.971111992,0.8427232,0,0.50563392,3,0.121212121,1.909090909,N1 S1 O4,de-protonated,0,-9999,C33 H63 O4 N1 S1,33,63,4,1,-9999,1,-9999,-9999,-9999
2818,568.440196,568.439952216,568.440124113,2675193,-9999,201130.6,15.46,-1,-0.302401014,0.983544078,0,0.590126447,8,0.028571429,1.714285714,N3 P1 O1,de-protonated,0,-9999,C35 H60 O1 N3 P1,35,60,1,3,1,-9999,-9999,-9999,-9999
2821,569.078523,569.07827898,569.078422789,1851442.5,-9999,148590.3,9.93,-1,-0.252706474,0.98847946,0,0.593087676,13,0.739130435,0.956521739,O17,de-protonated,0,-9999,C23 H22 O17,23,22,17,-9999,-9999,-9999,-9999,-9999,-9999
2821,569.078523,569.07827898,569.078779105,1851442.5,-9999,148590.3,9.93,-1,-0.878833371,0.869235189,0,0.521541113,30,0.027027027,0.486486486,N2 S2 O1,de-protonated,0,-9999,C37 H18 O1 N2 S2,37,18,1,2,-9999,2,-9999,-9999,-9999
2821,569.078523,569.07827898,569.077909725,1851442.5,-9999,148590.3,9.93,-1,0.648864491,0.92645069,0,0.555870414,31,0.166666667,0.388888889,N2 O6,de-protonated,0,-9999,C36 H14 O6 N2,36,14,6,2,-9999,-9999,-9999,-9999,-9999
2821,569.078523,569.07827898,569.078260598,1851442.5,-9999,148590.3,9.93,-1,0.032300528,0.999810708,0,0.599886425,8,0.611111111,1.5,N4 S2 P1 O11,de-protonated,0,-9999,C18 H27 O11 N4 P1 S2,18,27,11,4,1,2,-9999,-9999,-9999
2822,569.115243,569.114998966,569.114808299,1665589.8,-9999,221269.6,8.68,-1,0.33502424200000003,0.979839961,0,0.587903976,12,0.666666667,1.083333333,O16,de-protonated,0,-9999,C24 H26 O16,24,26,16,-9999,-9999,-9999,-9999,-9999,-9999
2822,569.115243,569.114998966,569.115297556,1665589.8,-9999,221269.6,8.68,-1,-0.524656593,0.951280422,0,0.570768253,16,0.296296296,1,N2 S1 P1 O8,de-protonated,0,-9999,C27 H27 O8 N2 P1 S1,27,27,8,2,1,1,-9999,-9999,-9999
2822,569.115243,569.114998966,569.114646107,1665589.8,-9999,221269.6,8.68,-1,0.62001319,0.932625229,0,0.559575137,7,0.526315789,1.631578947,N4 S2 P1 O10,de-protonated,0,-9999,C19 H31 O10 N4 P1 S2,19,31,10,4,1,2,-9999,-9999,-9999
2823,569.152324,569.152079952,569.152334514,1607737.1,-9999,193417.6,8.29,-1,-0.447264874,0.964352816,0,0.578611689,24,0.138888889,0.75,P1 O5,de-protonated,0,-9999,C36 H27 O5 P1,36,27,5,-9999,1,-9999,-9999,-9999,-9999
2823,569.152324,569.152079952,569.152063188,1607737.1,-9999,193417.6,8.29,-1,0.029454892,0.999842589,0,0.599905554,10,0.384615385,1.307692308,S2 O10,de-protonated,0,-9999,C26 H34 O10 S2,26,34,10,-9999,-9999,2,-9999,-9999,-9999
2823,569.152324,569.152079952,569.151683065,1607737.1,-9999,193417.6,8.29,-1,0.697330509,0.915547508,0,0.549328505,15,0.25,1.107142857,N2 S1 P1 O7,de-protonated,0,-9999,C28 H31 O7 N2 P1 S1,28,31,7,2,1,1,-9999,-9999,-9999
2823,569.152324,569.152079952,569.152531219,1607737.1,-9999,193417.6,8.29,-1,-0.792874164,0.892197628,0,0.535318577,16,0.423076923,1,N4 O11,de-protonated,0,-9999,C26 H26 O11 N4,26,26,11,4,-9999,-9999,-9999,-9999,-9999
2827,571.094602,571.094357233,571.094072854,1544933.4,-9999,160660.6,7.87,-1,0.497955676,0.956005139,0,0.573603084,12,0.739130435,1.043478261,O17,de-protonated,0,-9999,C23 H24 O17,23,24,17,-9999,-9999,-9999,-9999,-9999,-9999
2827,571.094602,571.094357233,571.09442917,1544933.4,-9999,160660.6,7.87,-1,-0.125961805,0.997125207,0,0.598275124,29,0.027027027,0.540540541,N2 S2 O1,de-protonated,0,-9999,C37 H20 O1 N2 S2,37,20,1,2,-9999,2,-9999,-9999,-9999
2827,571.094602,571.094357233,571.094562111,1544933.4,-9999,160660.6,7.87,-1,-0.358745869,0.976918361,0,0.586151016,16,0.346153846,0.961538462,N2 S1 P1 O9,de-protonated,0,-9999,C26 H25 O9 N2 P1 S1,26,25,9,2,1,1,-9999,-9999,-9999
2827,571.094602,571.094357233,571.093910663,1544933.4,-9999,160660.6,7.87,-1,0.781956972,0.894985273,0,0.536991164,7,0.611111111,1.611111111,N4 S2 P1 O11,de-protonated,0,-9999,C18 H29 O11 N4 P1 S2,18,29,11,4,1,2,-9999,-9999,-9999
2830,573.125648,573.125402482,573.12584844,1656213.3,-9999,194682,8.6,-1,-0.778115015,0.895959147,0,0.537575488,14,0.321428571,1.071428571,S2 O9,de-protonated,0,-9999,C28 H30 O9 S2,28,30,9,-9999,-9999,2,-9999,-9999,-9999
2830,573.125648,573.125402482,573.12497906,1656213.3,-9999,194682,8.6,-1,0.738795302,0.905708246,0,0.543424947,15,0.518518519,0.962962963,O14,de-protonated,0,-9999,C27 H26 O14,27,26,14,-9999,-9999,-9999,-9999,-9999,-9999
2830,573.125648,573.125402482,573.125468317,1656213.3,-9999,194682,8.6,-1,-0.114870672,0.997608599,0,0.59856516,19,0.2,0.9,N2 S1 P1 O6,de-protonated,0,-9999,C30 H27 O6 N2 P1 S1,30,27,6,2,1,1,-9999,-9999,-9999
2831,575.10462,575.104373749,575.104243615,1761852,-9999,187133.8,9.31,-1,0.226279782,0.990752391,0,0.594451435,15,0.576923077,0.923076923,O15,de-protonated,0,-9999,C26 H24 O15,26,24,15,-9999,-9999,-9999,-9999,-9999,-9999
2831,575.10462,575.104373749,575.104732872,1761852,-9999,187133.8,9.31,-1,-0.624447803,0.931691801,0,0.559015081,19,0.24137931,0.862068966,N2 S1 P1 O7,de-protonated,0,-9999,C29 H25 O7 N2 P1 S1,29,25,7,2,1,1,-9999,-9999,-9999
2831,575.10462,575.104373749,575.104081423,1761852,-9999,187133.8,9.31,-1,0.508300675,0.954201112,0,0.572520667,10,0.428571429,1.380952381,N4 S2 P1 O9,de-protonated,0,-9999,C21 H29 O9 N4 P1 S2,21,29,9,4,1,2,-9999,-9999,-9999
2832,575.141539,575.141292736,575.14176983,2072127,-9999,187727.1,11.39,-1,-0.829525183,0.882623088,0,0.529573853,27,0.105263158,0.657894737,P1 O4,de-protonated,0,-9999,C38 H25 O4 P1,38,25,4,-9999,1,-9999,-9999,-9999,-9999
2832,575.141539,575.141292736,575.141498504,2072127,-9999,187727.1,11.39,-1,-0.357770083,0.977042303,0,0.586225382,13,0.321428571,1.142857143,S2 O9,de-protonated,0,-9999,C28 H32 O9 S2,28,32,9,-9999,-9999,2,-9999,-9999,-9999
2832,575.141539,575.141292736,575.141118381,2072127,-9999,187727.1,11.39,-1,0.303150119,0.983463127,0,0.590077876,18,0.2,0.966666667,N2 S1 P1 O6,de-protonated,0,-9999,C30 H29 O6 N2 P1 S1,30,29,6,2,1,1,-9999,-9999,-9999
2834,577.084229,577.083982017,577.08437755,2267869.8,-9999,181701.1,12.71,-1,-0.685399288,0.918292285,0,0.550975371,14,0.423076923,1,S2 O11,de-protonated,0,-9999,C26 H26 O11 S2,26,26,11,-9999,-9999,2,-9999,-9999,-9999
2834,577.084229,577.083982017,577.08350817,2267869.8,-9999,181701.1,12.71,-1,0.821105857,0.884851544,0,0.530910926,15,0.64,0.88,O16,de-protonated,0,-9999,C25 H22 O16,25,22,16,-9999,-9999,-9999,-9999,-9999,-9999
2834,577.084229,577.083982017,577.083997427,2267869.8,-9999,181701.1,12.71,-1,-0.026704434,0.999870612,0,0.599922367,19,0.285714286,0.821428571,N2 S1 P1 O8,de-protonated,0,-9999,C28 H23 O8 N2 P1 S1,28,23,8,2,1,1,-9999,-9999,-9999
2835,577.120523,577.120276003,577.120763059,1820384.8,-9999,221148.7,9.7,-1,-0.843941227,0.878767931,0,0.527260759,13,0.37037037,1.111111111,S2 O10,de-protonated,0,-9999,C27 H30 O10 S2,27,30,10,-9999,-9999,2,-9999,-9999,-9999
2835,577.120523,577.120276003,577.119893679,1820384.8,-9999,221148.7,9.7,-1,0.662468699,0.923456635,0,0.554073981,14,0.576923077,1,O15,de-protonated,0,-9999,C26 H26 O15,26,26,15,-9999,-9999,-9999,-9999,-9999,-9999
2835,577.120523,577.120276003,577.120382937,1820384.8,-9999,221148.7,9.7,-1,-0.185288006,0.993789931,0,0.596273958,18,0.24137931,0.931034483,N2 S1 P1 O7,de-protonated,0,-9999,C29 H27 O7 N2 P1 S1,29,27,7,2,1,1,-9999,-9999,-9999
2835,577.120523,577.120276003,577.119731488,1820384.8,-9999,221148.7,9.7,-1,0.943504728,0.850844551,0,0.510506731,9,0.428571429,1.476190476,N4 S2 P1 O9,de-protonated,0,-9999,C21 H31 O9 N4 P1 S2,21,31,9,4,1,2,-9999,-9999,-9999
2836,578.563053,578.562805469,578.563002153,1566035.4,-9999,218906.5,7.99,-1,-0.339952161,0.979248767,0,0.58754926,2,0.055555556,2.027777778,N3 O2,de-protonated,0,-9999,C36 H73 O2 N3,36,73,2,3,-9999,-9999,-9999,-9999,-9999
2837,579.063628,579.063380284,579.063913431,1558394.5,-9999,217089.5,7.94,-1,-0.920705135,0.857431764,0,0.514459058,28,0.2,0.485714286,P1 O7,de-protonated,0,-9999,C35 H17 O7 P1,35,17,7,-9999,1,-9999,-9999,-9999,-9999
2837,579.063628,579.063380284,579.063642105,1558394.5,-9999,217089.5,7.94,-1,-0.452145394,0.963585029,0,0.578151017,14,0.48,0.96,S2 O12,de-protonated,0,-9999,C25 H24 O12 S2,25,24,12,-9999,-9999,2,-9999,-9999,-9999
2837,579.063628,579.063380284,579.063129041,1558394.5,-9999,217089.5,7.94,-1,0.433878931,0.966418911,0,0.579851347,32,0.026315789,0.421052632,N2 S2 O1,de-protonated,0,-9999,C38 H16 O1 N2 S2,38,16,1,2,-9999,2,-9999,-9999,-9999
2837,579.063628,579.063380284,579.063261982,1558394.5,-9999,217089.5,7.94,-1,0.204298164,0.992455347,0,0.595473208,19,0.333333333,0.777777778,N2 S1 P1 O9,de-protonated,0,-9999,C27 H21 O9 N2 P1 S1,27,21,9,2,1,1,-9999,-9999,-9999
2838,579.099381,579.099133271,579.099158234,2251645.3,-9999,177577.3,12.6,-1,-0.043107767,0.999662874,0,0.599797725,14,0.64,0.96,O16,de-protonated,0,-9999,C25 H24 O16,25,24,16,-9999,-9999,-9999,-9999,-9999,-9999
2838,579.099381,579.099133271,579.09864517,2251645.3,-9999,177577.3,12.6,-1,0.84286258,0.879058095,0,0.527434857,32,0.131578947,0.421052632,N2 O5,de-protonated,0,-9999,C38 H16 O5 N2,38,16,5,2,-9999,-9999,-9999,-9999,-9999
2838,579.099381,579.099133271,579.099647492,2251645.3,-9999,177577.3,12.6,-1,-0.887966387,0.866693882,0,0.520016329,18,0.285714286,0.892857143,N2 S1 P1 O8,de-protonated,0,-9999,C28 H25 O8 N2 P1 S1,28,25,8,2,1,1,-9999,-9999,-9999
2838,579.099381,579.099133271,579.098996043,2251645.3,-9999,177577.3,12.6,-1,0.236967529,0.989862733,0,0.59391764,9,0.5,1.45,N4 S2 P1 O10,de-protonated,0,-9999,C20 H29 O10 N4 P1 S2,20,29,10,4,1,2,-9999,-9999,-9999
2839,579.136166,579.135918257,579.136413124,1476480.1,-9999,233955.5,7.39,-1,-0.854490403,0.875915673,0,0.525549404,12,0.37037037,1.185185185,S2 O10,de-protonated,0,-9999,C27 H32 O10 S2,27,32,10,-9999,-9999,2,-9999,-9999,-9999
2839,579.136166,579.135918257,579.135543744,1476480.1,-9999,233955.5,7.39,-1,0.64667652900000006,0.926927317,0,0.55615639,13,0.576923077,1.076923077,O15,de-protonated,0,-9999,C26 H28 O15,26,28,15,-9999,-9999,-9999,-9999,-9999,-9999
2839,579.136166,579.135918257,579.136033001,1476480.1,-9999,233955.5,7.39,-1,-0.198129594,0.992902478,0,0.595741487,17,0.24137931,1,N2 S1 P1 O7,de-protonated,0,-9999,C29 H29 O7 N2 P1 S1,29,29,7,2,1,1,-9999,-9999,-9999
2839,579.136166,579.135918257,579.135381552,1476480.1,-9999,233955.5,7.39,-1,0.926734422,0.85570055,0,0.51342033,8,0.428571429,1.571428571,N4 S2 P1 O9,de-protonated,0,-9999,C21 H33 O9 N4 P1 S2,21,33,9,4,1,2,-9999,-9999,-9999
2841,581.078756,581.078507538,581.078422789,1595412.4,-9999,222032.6,8.19,-1,0.145847095,0.996147776,0,0.597688666,14,0.708333333,0.916666667,O17,de-protonated,0,-9999,C24 H22 O17,24,22,17,-9999,-9999,-9999,-9999,-9999,-9999
2841,581.078756,581.078507538,581.078779105,1595412.4,-9999,222032.6,8.19,-1,-0.467349746,0.961143789,0,0.576686273,31,0.026315789,0.473684211,N2 S2 O1,de-protonated,0,-9999,C38 H18 O1 N2 S2,38,18,1,2,-9999,2,-9999,-9999,-9999
2841,581.078756,581.078507538,581.078912047,1595412.4,-9999,222032.6,8.19,-1,-0.696133936,0.915824543,0,0.549494726,18,0.333333333,0.851851852,N2 S1 P1 O9,de-protonated,0,-9999,C27 H23 O9 N2 P1 S1,27,23,9,2,1,1,-9999,-9999,-9999
2841,581.078756,581.078507538,581.078260598,1595412.4,-9999,222032.6,8.19,-1,0.424968454,0.967761793,0,0.580657076,9,0.578947368,1.421052632,N4 S2 P1 O11,de-protonated,0,-9999,C19 H27 O11 N4 P1 S2,19,27,11,4,1,2,-9999,-9999,-9999
2842,581.115406,581.115157524,581.115677679,2446871,-9999,200861.1,13.91,-1,-0.89509577,0.86469707,0,0.518818242,12,0.423076923,1.153846154,S2 O11,de-protonated,0,-9999,C26 H30 O11 S2,26,30,11,-9999,-9999,2,-9999,-9999,-9999
2842,581.115406,581.115157524,581.114808299,2446871,-9999,200861.1,13.91,-1,0.600958158,0.936570648,0,0.561942389,13,0.64,1.04,O16,de-protonated,0,-9999,C25 H26 O16,25,26,16,-9999,-9999,-9999,-9999,-9999,-9999
2842,581.115406,581.115157524,581.115297556,2446871,-9999,200861.1,13.91,-1,-0.240970537,0.989519166,0,0.5937115,17,0.285714286,0.964285714,N2 S1 P1 O8,de-protonated,0,-9999,C28 H27 O8 N2 P1 S1,28,27,8,2,1,1,-9999,-9999,-9999
2842,581.115406,581.115157524,581.114646107,2446871,-9999,200861.1,13.91,-1,0.880062167,0.868894368,0,0.521336621,8,0.5,1.55,N4 S2 P1 O10,de-protonated,0,-9999,C20 H31 O10 N4 P1 S2,20,31,10,4,1,2,-9999,-9999,-9999
2843,581.151547,581.151298511,581.151193808,1900057.8,-9999,219730.2,10.24,-1,0.180164748,0.994127606,0,0.596476564,12,0.576923077,1.153846154,O15,de-protonated,0,-9999,C26 H30 O15,26,30,15,-9999,-9999,-9999,-9999,-9999,-9999
2843,581.151547,581.151298511,581.151683065,1900057.8,-9999,219730.2,10.24,-1,-0.66171088,0.923624795,0,0.554174877,16,0.24137931,1.068965517,N2 S1 P1 O7,de-protonated,0,-9999,C29 H31 O7 N2 P1 S1,29,31,7,2,1,1,-9999,-9999,-9999
2843,581.151547,581.151298511,581.151031617,1900057.8,-9999,219730.2,10.24,-1,0.459251165,0.962453391,0,0.577472035,7,0.428571429,1.666666667,N4 S2 P1 O9,de-protonated,0,-9999,C21 H35 O9 N4 P1 S2,21,35,9,4,1,2,-9999,-9999,-9999
2844,581.294944,581.294695458,581.294233922,2928164.5,-9999,193757.1,17.14,-1,0.793979892,0.44595681,0.73113591,0.56002845,12,0.176470588,1.352941176,S1 O6,de-protonated,0,-9999,C34 H46 O6 S1,34,46,6,-9999,-9999,1,-9999,-9999,-9999
2845,581.4346,581.434351406,581.434035674,2301487,-9999,207447.5,12.93,-1,0.543022705,0.947901734,0,0.568741041,4,0.147058824,1.852941176,P1 O5,de-protonated,0,-9999,C34 H63 O5 P1,34,63,5,-9999,1,-9999,-9999,-9999,-9999
2848,583.094925,583.094675792,583.09521356,1804968.3,-9999,198384.9,9.6,-1,-0.92226469,0.856984711,0,0.514190827,26,0.2,0.6,P1 O7,de-protonated,0,-9999,C35 H21 O7 P1,35,21,7,-9999,1,-9999,-9999,-9999,-9999
2848,583.094925,583.094675792,583.094942234,1804968.3,-9999,198384.9,9.6,-1,-0.456944397,0.962822546,0,0.577693528,12,0.48,1.12,S2 O12,de-protonated,0,-9999,C25 H28 O12 S2,25,28,12,-9999,-9999,2,-9999,-9999,-9999
2848,583.094925,583.094675792,583.09442917,1804968.3,-9999,198384.9,9.6,-1,0.422954278,0.968061739,0,0.580837043,30,0.026315789,0.526315789,N2 S2 O1,de-protonated,0,-9999,C38 H20 O1 N2 S2,38,20,1,2,-9999,2,-9999,-9999,-9999
2848,583.094925,583.094675792,583.094562111,1804968.3,-9999,198384.9,9.6,-1,0.194960751,0.993126919,0,0.595876152,17,0.333333333,0.925925926,N2 S1 P1 O9,de-protonated,0,-9999,C27 H25 O9 N2 P1 S1,27,25,9,2,1,1,-9999,-9999,-9999
2849,583.131098,583.130848778,583.131327743,2215594.8,-9999,210038.7,12.35,-1,-0.821366787,0.884782738,0,0.530869643,11,0.423076923,1.230769231,S2 O11,de-protonated,0,-9999,C26 H32 O11 S2,26,32,11,-9999,-9999,2,-9999,-9999,-9999
2849,583.131098,583.130848778,583.130458363,2215594.8,-9999,210038.7,12.35,-1,0.669515988,0.921885108,0,0.553131065,12,0.64,1.12,O16,de-protonated,0,-9999,C25 H28 O16,25,28,16,-9999,-9999,-9999,-9999,-9999,-9999
2849,583.131098,583.130848778,583.130947621,2215594.8,-9999,210038.7,12.35,-1,-0.169502554,0.994800342,0,0.596880205,16,0.285714286,1.035714286,N2 S1 P1 O8,de-protonated,0,-9999,C28 H29 O8 N2 P1 S1,28,29,8,2,1,1,-9999,-9999,-9999
2849,583.131098,583.130848778,583.130296172,2215594.8,-9999,210038.7,12.35,-1,0.947655264,0.849633598,0,0.509780159,7,0.5,1.65,N4 S2 P1 O10,de-protonated,0,-9999,C20 H33 O10 N4 P1 S2,20,33,10,4,1,2,-9999,-9999,-9999
2852,585.073641,585.073391059,585.073337409,1868595.3,-9999,186594.5,10.02,-1,0.091698623,0.998475427,0,0.599085256,13,0.782608696,0.956521739,O18,de-protonated,0,-9999,C23 H22 O18,23,22,18,-9999,-9999,-9999,-9999,-9999,-9999
2852,585.073641,585.073391059,585.073693725,1868595.3,-9999,186594.5,10.02,-1,-0.517311245,0.95260242,0,0.571561452,30,0.054054054,0.486486486,N2 S2 O2,de-protonated,0,-9999,C37 H18 O2 N2 S2,37,18,2,2,-9999,2,-9999,-9999,-9999
2852,585.073641,585.073391059,585.072824345,1868595.3,-9999,186594.5,10.02,-1,0.968622444,0.84346194,0,0.506077164,31,0.194444444,0.388888889,N2 O7,de-protonated,0,-9999,C36 H14 O7 N2,36,14,7,2,-9999,-9999,-9999,-9999,-9999
2852,585.073641,585.073391059,585.073826666,1868595.3,-9999,186594.5,10.02,-1,-0.744533272,0.904310583,0,0.54258635,17,0.384615385,0.884615385,N2 S1 P1 O10,de-protonated,0,-9999,C26 H23 O10 N2 P1 S1,26,23,10,2,1,1,-9999,-9999,-9999
2852,585.073641,585.073391059,585.073175218,1868595.3,-9999,186594.5,10.02,-1,0.368914109,0.975607686,0,0.585364612,8,0.666666667,1.5,N4 S2 P1 O12,de-protonated,0,-9999,C18 H27 O12 N4 P1 S2,18,27,12,4,1,2,-9999,-9999,-9999
2853,585.127806,585.127556039,585.127837299,1506615,-9999,219979.1,7.59,-1,-0.480680153,0.958942334,0,0.5753654,29,0.078947368,0.578947368,N2 S1 O3,de-protonated,0,-9999,C38 H22 O3 N2 S1,38,22,3,2,-9999,1,-9999,-9999,-9999
2853,585.127806,585.127556039,585.12797024,1506615,-9999,219979.1,7.59,-1,-0.707881164,0.913087866,0,0.54785272,16,0.407407407,1,N2 P1 O11,de-protonated,0,-9999,C27 H27 O11 N2 P1,27,27,11,2,1,-9999,-9999,-9999,-9999
2853,585.127806,585.127556039,585.127698914,1506615,-9999,219979.1,7.59,-1,-0.244177312,0.989239874,0,0.593543924,2,0.941176471,2,N2 S2 O16,de-protonated,0,-9999,C17 H34 O16 N2 S2,17,34,16,2,-9999,2,-9999,-9999,-9999
2853,585.127806,585.127556039,585.12718585,1506615,-9999,219979.1,7.59,-1,0.632664744,0.929947171,0,0.557968302,20,0.166666667,0.866666667,N4 S2 O5,de-protonated,0,-9999,C30 H26 O5 N4 S2,30,26,5,4,-9999,2,-9999,-9999,-9999
2853,585.127806,585.127556039,585.127318792,1506615,-9999,219979.1,7.59,-1,0.405463228,0.970610289,0,0.582366173,7,0.684210526,1.631578947,N4 S1 P1 O13,de-protonated,0,-9999,C19 H31 O13 N4 P1 S1,19,31,13,4,1,1,-9999,-9999,-9999
2854,585.146989,585.146739032,585.147249134,1578296.3,-9999,187534.5,8.07,-1,-0.871748879,0.871193452,0,0.522716071,24,0.166666667,0.75,P1 O6,de-protonated,0,-9999,C36 H27 O6 P1,36,27,6,-9999,1,-9999,-9999,-9999,-9999
2854,585.146989,585.146739032,585.146977808,1578296.3,-9999,187534.5,8.07,-1,-0.408060381,0.970238254,0,0.582142952,10,0.423076923,1.307692308,S2 O11,de-protonated,0,-9999,C26 H34 O11 S2,26,34,11,-9999,-9999,2,-9999,-9999,-9999
2854,585.146989,585.146739032,585.146597685,1578296.3,-9999,187534.5,8.07,-1,0.241558648,0.989468216,0,0.593680929,15,0.285714286,1.107142857,N2 S1 P1 O8,de-protonated,0,-9999,C28 H31 O8 N2 P1 S1,28,31,8,2,1,1,-9999,-9999,-9999
2855,586.150472,586.150221661,586.150740314,1424508.3,-9999,166257.3,7.04,-1,-0.884846727,0.86756406,0,0.520538436,24,0.228571429,0.714285714,N1 O8,de-protonated,0,-9999,C35 H25 O8 N1,35,25,8,1,-9999,-9999,-9999,-9999,-9999
2855,586.150472,586.150221661,586.150088866,1424508.3,-9999,166257.3,7.04,-1,0.2265548,0.990730003,0,0.594438002,15,0.37037037,1.074074074,N3 S1 O10,de-protonated,0,-9999,C27 H29 O10 N3 S1,27,29,10,3,-9999,1,-9999,-9999,-9999
2859,589.120432,589.120180562,589.120763059,1566267.3,-9999,188861.7,7.99,-1,-0.988757348,0.837451697,0,0.502471018,14,0.357142857,1.071428571,S2 O10,de-protonated,0,-9999,C28 H30 O10 S2,28,30,10,-9999,-9999,2,-9999,-9999,-9999
2859,589.120432,589.120180562,589.119893679,1566267.3,-9999,188861.7,7.99,-1,0.486967746,0.957884278,0,0.574730567,15,0.555555556,0.962962963,O15,de-protonated,0,-9999,C27 H26 O15,27,26,15,-9999,-9999,-9999,-9999,-9999,-9999
2859,589.120432,589.120180562,589.120382937,1566267.3,-9999,188861.7,7.99,-1,-0.343520559,0.97881551,0,0.587289306,19,0.233333333,0.9,N2 S1 P1 O7,de-protonated,0,-9999,C30 H27 O7 N2 P1 S1,30,27,7,2,1,1,-9999,-9999,-9999
2859,589.120432,589.120180562,589.119731488,1566267.3,-9999,188861.7,7.99,-1,0.762279198,0.899933586,0,0.539960152,10,0.409090909,1.409090909,N4 S2 P1 O9,de-protonated,0,-9999,C22 H31 O9 N4 P1 S2,22,31,9,4,1,2,-9999,-9999,-9999
2860,592.906828,592.90657516,592.906880479,1648919.8,-9999,178019.5,8.54,-1,-0.514952106,0.953023442,0,0.571814065,19,0.80952381,0.333333333,S1 P1 O17,de-protonated,0,-9999,C21 H7 O17 P1 S1,21,7,17,-9999,1,1,-9999,-9999,-9999
2861,597.110429,597.110174604,597.110592298,1520107.6,-9999,207304.7,7.68,-1,-0.699525238,0.915038357,0,0.549023014,12,0.461538462,1.153846154,S2 O12,de-protonated,0,-9999,C26 H30 O12 S2,26,30,12,-9999,-9999,2,-9999,-9999,-9999
2861,597.110429,597.110174604,597.109722918,1520107.6,-9999,207304.7,7.68,-1,0.756453837,0.901379416,0,0.54082765,13,0.68,1.04,O17,de-protonated,0,-9999,C25 H26 O17,25,26,17,-9999,-9999,-9999,-9999,-9999,-9999
2861,597.110429,597.110174604,597.110079234,1520107.6,-9999,207304.7,7.68,-1,0.159719831,0.995381864,0,0.597229118,30,0.025641026,0.564102564,N2 S2 O1,de-protonated,0,-9999,C39 H22 O1 N2 S2,39,22,1,2,-9999,2,-9999,-9999,-9999
2861,597.110429,597.110174604,597.110212176,1520107.6,-9999,207304.7,7.68,-1,-0.062922067,0.999281869,0,0.599569121,17,0.321428571,0.964285714,N2 S1 P1 O9,de-protonated,0,-9999,C28 H27 O9 N2 P1 S1,28,27,9,2,1,1,-9999,-9999,-9999
2862,597.429613,597.429358486,597.429819674,4924922.5,-9999,169653.1,30.53,-1,-0.771952976,0.890737358,0.989179,0.930114015,3,0.028571429,1.914285714,S2 P1 O1,de-protonated,0,-9999,C35 H67 O1 P1 S2,35,67,1,-9999,1,2,-9999,-9999,-9999
2862,597.429613,597.429358486,597.428950294,4924922.5,-9999,169653.1,30.53,-1,0.683248012,0.92483132,0.983442708,0.948275875,4,0.176470588,1.852941176,P1 O6,de-protonated,0,-9999,C34 H63 O6 P1,34,63,6,-9999,1,-9999,-9999,-9999,-9999
2863,598.432936,598.432681115,598.433174509,1967142.8,-9999,192134.8,10.68,-1,-0.824476607,0.883961417,0.989179,0.92604845,3,0.028571429,1.914285714,13C1 S2 P1 O1,de-protonated,1,2862,C34 H67 O1 P1 S2 13C1,34,67,1,-9999,1,2,1,-9999,-9999
2863,598.432936,598.432681115,598.432305129,1967142.8,-9999,192134.8,10.68,-1,0.628284459,0.93087963,0.983442708,0.951904861,4,0.176470588,1.852941176,13C1 P1 O6,de-protonated,1,2862,C33 H63 O6 P1 13C1,33,63,6,-9999,1,-9999,1,-9999,-9999
2863,598.432936,598.432681115,598.432441475,1967142.8,-9999,192134.8,10.68,-1,0.400446367,0.971322611,0,0.582793566,4,0.242424242,1.848484848,N1 O8,de-protonated,0,-9999,C33 H61 O8 N1,33,61,8,1,-9999,-9999,-9999,-9999,-9999
2864,599.08949,599.089234872,599.088987473,1606210.8,-9999,221379.8,8.26,-1,0.412957564,0.969530678,0,0.581718407,13,0.75,1,O18,de-protonated,0,-9999,C24 H24 O18,24,24,18,-9999,-9999,-9999,-9999,-9999,-9999
2864,599.08949,599.089234872,599.089343789,1606210.8,-9999,221379.8,8.26,-1,-0.181804754,0.994020531,0,0.596412319,30,0.052631579,0.526315789,N2 S2 O2,de-protonated,0,-9999,C38 H20 O2 N2 S2,38,20,2,2,-9999,2,-9999,-9999,-9999
2864,599.08949,599.089234872,599.089476731,1606210.8,-9999,221379.8,8.26,-1,-0.403711015,0.970860026,0,0.582516016,17,0.37037037,0.925925926,N2 S1 P1 O10,de-protonated,0,-9999,C27 H25 O10 N2 P1 S1,27,25,10,2,1,1,-9999,-9999,-9999
2864,599.08949,599.089234872,599.088825282,1606210.8,-9999,221379.8,8.26,-1,0.683687697,0.918682819,0,0.551209691,8,0.631578947,1.526315789,N4 S2 P1 O12,de-protonated,0,-9999,C19 H29 O12 N4 P1 S2,19,29,12,4,1,2,-9999,-9999,-9999
2865,599.42641,599.426154747,599.425839972,1754704.8,-9999,178090.2,9.25,-1,0.525127439,0.951195108,0,0.570717065,17,0.022727273,1.272727273,O1,de-protonated,0,-9999,C44 H56 O1,44,56,1,-9999,-9999,-9999,-9999,-9999,-9999
2866,599.537241,599.536985706,599.536846975,1499733.3,-9999,133211.2,7.54,-1,0.231397145,0.99033144,0,0.594198864,1,0.142857143,2.057142857,N2 O5,de-protonated,0,-9999,C35 H72 O5 N2,35,72,5,2,-9999,-9999,-9999,-9999,-9999
2868,601.283345,601.28308906,601.283683039,1457561.3,-9999,170200.8,7.26,-1,-0.987851376,0.837723854,0,0.502634313,16,0.142857143,1.228571429,N2 P1 O5,de-protonated,0,-9999,C35 H43 O5 N2 P1,35,43,5,2,1,-9999,-9999,-9999,-9999
2868,601.283345,601.28308906,601.283411713,1457561.3,-9999,170200.8,7.26,-1,-0.536606777,0.949093866,0,0.56945632,2,0.4,2,N2 S2 O10,de-protonated,0,-9999,C25 H50 O10 N2 S2,25,50,10,2,-9999,2,-9999,-9999,-9999
2868,601.283345,601.28308906,601.282542333,1457561.3,-9999,170200.8,7.26,-1,0.909268236,0.86069412,0,0.516416472,3,0.625,1.916666667,N2 O15,de-protonated,0,-9999,C24 H46 O15 N2,24,46,15,2,-9999,-9999,-9999,-9999,-9999
2868,601.283345,601.28308906,601.28303159,1457561.3,-9999,170200.8,7.26,-1,0.09557856,0.998343792,0,0.599006275,7,0.259259259,1.740740741,N4 S1 P1 O7,de-protonated,0,-9999,C27 H47 O7 N4 P1 S1,27,47,7,4,1,1,-9999,-9999,-9999
2873,605.151318,605.151060628,605.151193808,1703702.8,-9999,168737.1,8.87,-1,-0.220077201,0.991250223,0,0.594750134,14,0.535714286,1.071428571,O15,de-protonated,0,-9999,C28 H30 O15,28,30,15,-9999,-9999,-9999,-9999,-9999,-9999
2873,605.151318,605.151060628,605.150680744,1703702.8,-9999,168737.1,8.87,-1,0.627751535,0.930992698,0,0.558595619,32,0.097560976,0.536585366,N2 O4,de-protonated,0,-9999,C41 H22 O4 N2,41,22,4,2,-9999,-9999,-9999,-9999,-9999
2873,605.151318,605.151060628,605.150542359,1703702.8,-9999,168737.1,8.87,-1,0.856429372,0.875388581,0,0.525233149,5,0.85,1.7,N2 S1 O17,de-protonated,0,-9999,C20 H34 O17 N2 S1,20,34,17,2,-9999,1,-9999,-9999,-9999
2873,605.151318,605.151060628,605.151031617,1703702.8,-9999,168737.1,8.87,-1,0.047940675,0.999583062,0,0.599749837,9,0.391304348,1.52173913,N4 S2 P1 O9,de-protonated,0,-9999,C23 H35 O9 N4 P1 S2,23,35,9,4,1,2,-9999,-9999,-9999
2874,609.14647,609.146211149,609.146108428,1620339.3,-9999,200298.9,8.31,-1,0.168632349,0.994853457,0,0.596912074,13,0.592592593,1.111111111,O16,de-protonated,0,-9999,C27 H30 O16,27,30,16,-9999,-9999,-9999,-9999,-9999,-9999
2874,609.14647,609.146211149,609.146597685,1620339.3,-9999,200298.9,8.31,-1,-0.634552688,0.929543564,0,0.557726139,17,0.266666667,1.033333333,N2 S1 P1 O8,de-protonated,0,-9999,C30 H31 O8 N2 P1 S1,30,31,8,2,1,1,-9999,-9999,-9999
2874,609.14647,609.146211149,609.145946236,1620339.3,-9999,200298.9,8.31,-1,0.434892608,0.966264496,0,0.579758698,8,0.454545455,1.590909091,N4 S2 P1 O10,de-protonated,0,-9999,C22 H35 O10 N4 P1 S2,22,35,10,4,1,2,-9999,-9999,-9999
2875,611.089755,611.08949543,611.089856853,1472148.6,-9999,175755.9,7.32,-1,-0.591440272,0.938501298,0,0.563100779,13,0.5,1.076923077,S2 O13,de-protonated,0,-9999,C26 H28 O13 S2,26,28,13,-9999,-9999,2,-9999,-9999,-9999
2875,611.089755,611.08949543,611.088987473,1472148.6,-9999,175755.9,7.32,-1,0.831231996,0.882169241,0,0.529301544,14,0.72,0.96,O18,de-protonated,0,-9999,C25 H24 O18,25,24,18,-9999,-9999,-9999,-9999,-9999,-9999
2875,611.089755,611.08949543,611.089343789,1472148.6,-9999,175755.9,7.32,-1,0.248148819,0.988888971,0,0.593333383,31,0.051282051,0.512820513,N2 S2 O2,de-protonated,0,-9999,C39 H20 O2 N2 S2,39,20,2,2,-9999,2,-9999,-9999,-9999
2875,611.089755,611.08949543,611.089476731,1472148.6,-9999,175755.9,7.32,-1,0.030600051,0.999830113,0,0.599898068,18,0.357142857,0.892857143,N2 S1 P1 O10,de-protonated,0,-9999,C28 H25 O10 N2 P1 S1,28,25,10,2,1,1,-9999,-9999,-9999
2876,614.18677,614.186509284,614.186414068,1514941.8,-9999,124224.4,7.61,-1,0.155027254,0.995648657,0,0.597389194,5,0.458333333,1.75,N1 S2 P1 O11,de-protonated,0,-9999,C24 H42 O11 N1 P1 S2,24,42,11,1,1,2,-9999,-9999,-9999
2878,615.977028,615.976766621,615.97700847,1456080.8,-9999,171298.9,7.21,-1,-0.392626193,0.972416293,0,0.583449776,20,0.708333333,0.5,N1 P1 O17,de-protonated,0,-9999,C24 H12 O17 N1 P1,24,12,17,1,1,-9999,-9999,-9999,-9999
2878,615.977028,615.976766621,615.97622408,1456080.8,-9999,171298.9,7.21,-1,0.880783512,0.868694136,0,0.521216481,24,0.407407407,0.407407407,N3 S2 O11,de-protonated,0,-9999,C27 H11 O11 N3 S2,27,11,11,3,-9999,2,-9999,-9999,-9999
2879,621.145556,621.145292708,621.14474721,1510141.9,-9999,158438.5,7.57,-1,0.878213956,0.869406861,0,0.521644117,31,0.023255814,0.627906977,S1 P1 O1,de-protonated,0,-9999,C43 H27 O1 P1 S1,43,27,1,-9999,1,1,-9999,-9999,-9999
2879,621.145556,621.145292708,621.145595363,1510141.9,-9999,158438.5,7.57,-1,-0.487253209,0.957835943,0,0.574701566,32,0.12195122,0.536585366,N2 O5,de-protonated,0,-9999,C41 H22 O5 N2,41,22,5,2,-9999,-9999,-9999,-9999,-9999
2879,621.145556,621.145292708,621.145456979,1510141.9,-9999,158438.5,7.57,-1,-0.264464229,0.987389426,0,0.592433656,5,0.9,1.7,N2 S1 O18,de-protonated,0,-9999,C20 H34 O18 N2 S1,20,34,18,2,-9999,1,-9999,-9999,-9999
2879,621.145556,621.145292708,621.144943915,1510141.9,-9999,158438.5,7.57,-1,0.56153318,0.944391654,0,0.566634992,23,0.212121212,0.787878788,N4 S1 O7,de-protonated,0,-9999,C33 H26 O7 N4 S1,33,26,7,4,-9999,1,-9999,-9999,-9999
2879,621.145556,621.145292708,621.145076856,1510141.9,-9999,158438.5,7.57,-1,0.347506201,0.978326476,0,0.586995885,10,0.681818182,1.409090909,N4 P1 O15,de-protonated,0,-9999,C22 H31 O15 N4 P1,22,31,15,4,1,-9999,-9999,-9999,-9999
2880,625.104799,625.104534243,625.104637538,1595938.3,-9999,217788,8.15,-1,-0.16524445199999999,0.995057665,0,0.597034599,14,0.692307692,1,O18,de-protonated,0,-9999,C26 H26 O18,26,26,18,-9999,-9999,-9999,-9999,-9999,-9999
2880,625.104799,625.104534243,625.104993854,1595938.3,-9999,217788,8.15,-1,-0.735253594,0.906566612,0,0.543939967,31,0.05,0.55,N2 S2 O2,de-protonated,0,-9999,C40 H22 O2 N2 S2,40,22,2,2,-9999,2,-9999,-9999,-9999
2880,625.104799,625.104534243,625.104124474,1595938.3,-9999,217788,8.15,-1,0.655521474,0.924992153,0,0.554995292,32,0.179487179,0.461538462,N2 O7,de-protonated,0,-9999,C39 H18 O7 N2,39,18,7,2,-9999,-9999,-9999,-9999,-9999
2880,625.104799,625.104534243,625.105126795,1595938.3,-9999,217788,8.15,-1,-0.947924434,0.849554942,0,0.509732965,18,0.344827586,0.931034483,N2 S1 P1 O10,de-protonated,0,-9999,C29 H27 O10 N2 P1 S1,29,27,10,2,1,1,-9999,-9999,-9999
2880,625.104799,625.104534243,625.104475347,1595938.3,-9999,217788,8.15,-1,0.094218261,0.998390562,0,0.599034337,9,0.571428571,1.476190476,N4 S2 P1 O12,de-protonated,0,-9999,C21 H31 O12 N4 P1 S2,21,31,12,4,1,2,-9999,-9999,-9999
2884,637.471155,637.470885666,637.471483812,1428252.1,-9999,184748.3,7.02,-1,-0.938310965,0.8523548,0,0.51141288,5,0.138888889,1.861111111,N2 P1 O5,de-protonated,0,-9999,C36 H67 O5 N2 P1,36,67,5,2,1,-9999,-9999,-9999,-9999
2885,644.010827,644.010555245,644.010677581,1520709.9,-9999,163319.4,7.5,-1,-0.189958629,0.993473942,0,0.596084365,29,0.424242424,0.333333333,N1 O14,de-protonated,0,-9999,C33 H11 O14 N1,33,11,14,1,-9999,-9999,-9999,-9999,-9999
2885,644.010827,644.010555245,644.011166838,1520709.9,-9999,163319.4,7.5,-1,-0.949661694,0.849046921,0,0.509428152,33,0.166666667,0.333333333,N3 S1 P1 O6,de-protonated,0,-9999,C36 H12 O6 N3 P1 S1,36,12,6,3,1,1,-9999,-9999,-9999
2885,644.010827,644.010555245,644.010026132,1520709.9,-9999,163319.4,7.5,-1,0.821591703,0.884723414,0,0.530834049,20,0.64,0.6,N3 S1 O16,de-protonated,0,-9999,C25 H15 O16 N3 S1,25,15,16,3,-9999,1,-9999,-9999,-9999
2886,644.960716,644.960443894,644.961027509,1541758.8,-9999,173248.9,7.64,-1,-0.904884387,0.861937046,0,0.517162228,16,0.857142857,0.666666667,N2 S2 O18,de-protonated,0,-9999,C21 H14 O18 N2 S2,21,14,18,2,-9999,2,-9999,-9999,-9999
2886,644.960716,644.960443894,644.960647386,1541758.8,-9999,173248.9,7.64,-1,-0.315511722,0.982099365,0,0.589259619,21,0.652173913,0.47826087,N4 S1 P1 O15,de-protonated,0,-9999,C23 H11 O15 N4 P1 S1,23,11,15,4,1,1,-9999,-9999,-9999
2888,649.439589,649.439315236,649.439121055,2554306,-9999,161438.5,14.28,-1,0.298998062,0.491954688,0.692787115,0.572287659,11,0.097560976,1.536585366,P1 O4,de-protonated,0,-9999,C41 H63 O4 P1,41,63,4,-9999,1,-9999,-9999,-9999,-9999
2888,649.439589,649.439315236,649.439317759,2554306,-9999,161438.5,14.28,-1,-0.003885585,0.999997261,0,0.599998356,3,0.322580645,2,N4 O10,de-protonated,0,-9999,C31 H62 O10 N4,31,62,10,4,-9999,-9999,-9999,-9999,-9999
2889,671.267957,671.267675157,671.268032974,44847200,-9999,156055.1,291.76,-1,-0.533047249,0.629074608,0.913602665,0.742885831,23,0.12195122,1,N2 P1 O5,de-protonated,0,-9999,C41 H41 O5 N2 P1,41,41,5,2,1,-9999,-9999,-9999,-9999
2889,671.267957,671.267675157,671.267761648,44847200,-9999,156055.1,291.76,-1,-0.128847865,0.597238823,0.915465588,0.724529529,9,0.322580645,1.548387097,N2 S2 O10,de-protonated,0,-9999,C31 H48 O10 N2 S2,31,48,10,2,-9999,2,-9999,-9999,-9999
2889,671.267957,671.267675157,671.267381526,44847200,-9999,156055.1,291.76,-1,0.437427931,0.727571938,0.957903018,0.81970437,14,0.212121212,1.363636364,N4 S1 P1 O7,de-protonated,0,-9999,C33 H45 O7 N4 P1 S1,33,45,7,4,1,1,-9999,-9999,-9999
2890,672.271269,672.270986785,672.270676002,16085304,-9999,158164.9,103.04,-1,0.462289315,0.320654858,0.643094943,0.449630892,22,0.071428571,1.047619048,N1 S1 P1 O3,de-protonated,0,-9999,C42 H44 O3 N1 P1 S1,42,44,3,1,1,1,-9999,-9999,-9999
2890,672.271269,672.270986785,672.271387809,16085304,-9999,158164.9,103.04,-1,-0.596520999,0.624982694,0.913602665,0.740430682,23,0.12195122,1,13C1 N2 P1 O5,de-protonated,1,2889,C40 H41 O5 N2 P1 13C1,40,41,5,2,1,-9999,1,-9999,-9999
2890,672.271269,672.270986785,672.271116483,16085304,-9999,158164.9,103.04,-1,-0.192924903,0.596494236,0.915465588,0.724082777,9,0.322580645,1.548387097,13C1 N2 S2 O10,de-protonated,1,2889,C30 H48 O10 N2 S2 13C1,30,48,10,2,-9999,2,1,-9999,-9999
2890,672.271269,672.270986785,672.271524155,16085304,-9999,158164.9,103.04,-1,-0.799334199,0.296844682,0.656222442,0.440595786,23,0.175,0.975,N3 O7,de-protonated,0,-9999,C40 H39 O7 N3,40,39,7,3,-9999,-9999,-9999,-9999,-9999
2890,672.271269,672.270986785,672.270736361,16085304,-9999,158164.9,103.04,-1,0.372505698,0.729886837,0.957903018,0.821093309,14,0.212121212,1.363636364,13C1 N4 S1 P1 O7,de-protonated,1,2889,C32 H45 O7 N4 P1 S1 13C1,32,45,7,4,1,1,1,-9999,-9999
2891,673.264963,673.264680418,673.264784268,14701072,-9999,154531.9,93.96,-1,-0.154248989,0.990912184,0.998081162,0.993779775,9,0.433333333,1.533333333,N2 S1 O13,de-protonated,0,-9999,C30 H46 O13 N2 S1,30,46,13,2,-9999,1,-9999,-9999,-9999
2891,673.264963,673.264680418,673.264271204,14701072,-9999,154531.9,93.96,-1,0.607805665,0.631211576,0.883555973,0.732149335,27,0.046511628,0.88372093,N4 S1 O2,de-protonated,0,-9999,C43 H38 O2 N4 S1,43,38,2,4,-9999,1,-9999,-9999,-9999
2891,673.264963,673.264680418,673.265273525,14701072,-9999,154531.9,93.96,-1,-0.880942157,0.289550028,0.69137066,0.450278281,13,0.151515152,1.424242424,N4 S2 P1 O5,de-protonated,0,-9999,C33 H47 O5 N4 P1 S2,33,47,5,4,1,2,-9999,-9999,-9999
2891,673.264963,673.264680418,673.264404145,14701072,-9999,154531.9,93.96,-1,0.410347118,0.977571248,0.989785937,0.982457124,14,0.3125,1.34375,N4 P1 O10,de-protonated,0,-9999,C32 H43 O10 N4 P1,32,43,10,4,1,-9999,-9999,-9999,-9999
2891,673.264963,673.264680418,673.264132819,14701072,-9999,154531.9,93.96,-1,0.813348345,0.601472794,0.932352375,0.733824627,0,0.681818182,2.272727273,N4 S2 O15,de-protonated,0,-9999,C22 H50 O15 N4 S2,22,50,15,4,-9999,2,-9999,-9999,-9999
2892,673.274653,673.274370414,673.274818631,1928722.1,-9999,196500.4,10.15,-1,-0.66572696,0.922731786,0,0.553639072,31,0.06122449,0.775510204,O3,de-protonated,0,-9999,C49 H38 O3,49,38,3,-9999,-9999,-9999,-9999,-9999,-9999
2892,673.274653,673.274370414,673.274680247,1928722.1,-9999,196500.4,10.15,-1,-0.460187762,0.962303016,0,0.57738181,4,0.571428571,1.785714286,S1 O16,de-protonated,0,-9999,C28 H50 O16 S1,28,50,16,-9999,-9999,1,-9999,-9999,-9999
2892,673.274653,673.274370414,673.274167182,1928722.1,-9999,196500.4,10.15,-1,0.301855457,0.983602912,0,0.590161747,22,0.12195122,1.024390244,N2 S1 O5,de-protonated,0,-9999,C41 H42 O5 N2 S1,41,42,5,2,-9999,1,-9999,-9999,-9999
2892,673.274653,673.274370414,673.274471318,1928722.1,-9999,196500.4,10.15,-1,-0.149870956,0.597026934,0.915465588,0.724402395,9,0.322580645,1.548387097,13C2 N2 S2 O10,de-protonated,1,2889,C29 H48 O10 N2 S2 13C2,29,48,10,2,-9999,2,2,-9999,-9999
2892,673.274653,673.274370414,673.274300124,1928722.1,-9999,196500.4,10.15,-1,0.104399873,0.998024285,0,0.598814571,9,0.433333333,1.566666667,N2 P1 O13,de-protonated,0,-9999,C30 H47 O13 N2 P1,30,47,13,2,1,-9999,-9999,-9999,-9999
2892,673.274653,673.274370414,673.27378706,1928722.1,-9999,196500.4,10.15,-1,0.866443953,0.872652297,0,0.523591378,27,0.046511628,0.906976744,N4 P1 O2,de-protonated,0,-9999,C43 H39 O2 N4 P1,43,39,2,4,1,-9999,-9999,-9999,-9999
2892,673.274653,673.274370414,673.274091196,1928722.1,-9999,196500.4,10.15,-1,0.41471703,0.728421366,0.957903018,0.820214027,14,0.212121212,1.363636364,13C2 N4 S1 P1 O7,de-protonated,1,2889,C31 H45 O7 N4 P1 S1 13C2,31,45,7,4,1,1,2,-9999,-9999
2893,674.268235,674.267952046,674.268568001,4819695,-9999,170309.5,29.12,-1,-0.913516258,0.429742848,0.68763467,0.532899577,21,0.023809524,1.095238095,N1 S2 P1 O1,de-protonated,0,-9999,C42 H46 O1 N1 P1 S2,42,46,1,1,1,2,-9999,-9999,-9999
2893,674.268235,674.267952046,674.267698622,4819695,-9999,170309.5,29.12,-1,0.375851567,0.487346739,0.692787115,0.569522889,22,0.146341463,1.024390244,N1 P1 O6,de-protonated,0,-9999,C41 H42 O6 N1 P1,41,42,6,1,1,-9999,-9999,-9999,-9999
2893,674.268235,674.267952046,674.267427295,4819695,-9999,170309.5,29.12,-1,0.778253123,0.447962102,0.748902347,0.5683382,8,0.35483871,1.580645161,N1 S2 O11,de-protonated,0,-9999,C31 H49 O11 N1 S2,31,49,11,1,-9999,2,-9999,-9999,-9999
2893,674.268235,674.267952046,674.268139103,4819695,-9999,170309.5,29.12,-1,-0.277422005,0.986132226,0.998081162,0.990911801,9,0.433333333,1.533333333,13C1 N2 S1 O13,de-protonated,1,2891,C29 H46 O13 N2 S1 13C1,29,46,13,2,-9999,1,1,-9999,-9999
2893,674.268235,674.267952046,674.267626039,4819695,-9999,170309.5,29.12,-1,0.483498567,0.638979744,0.883555973,0.736810236,27,0.046511628,0.88372093,13C1 N4 S1 O2,de-protonated,1,2891,C42 H38 O2 N4 S1 13C1,42,38,2,4,-9999,1,1,-9999,-9999
2893,674.268235,674.267952046,674.26775898,4819695,-9999,170309.5,29.12,-1,0.286333876,0.985233658,0.989785937,0.98705457,14,0.3125,1.34375,13C1 N4 P1 O10,de-protonated,1,2891,C31 H43 O10 N4 P1 13C1,31,43,10,4,1,-9999,1,-9999,-9999
2893,674.268235,674.267952046,674.267487654,4819695,-9999,170309.5,29.12,-1,0.68873536,0.611685845,0.932352375,0.739952457,0,0.681818182,2.272727273,13C1 N4 S2 O15,de-protonated,1,2891,C21 H50 O15 N4 S2 13C1,21,50,15,4,-9999,2,1,-9999,-9999
2895,695.486958,695.486667193,695.486726153,1491446,-9999,150452.5,7.08,-1,-0.084775565,0.998696797,0,0.599218078,14,0.042553191,1.446808511,S1 O2,de-protonated,0,-9999,C47 H68 O2 S1,47,68,2,-9999,-9999,1,-9999,-9999,-9999
2895,695.486958,695.486667193,695.486859095,1491446,-9999,150452.5,7.08,-1,-0.27592471,0.986280487,0,0.591768292,1,0.277777778,2.027777778,P1 O10,de-protonated,0,-9999,C36 H73 O10 P1,36,73,10,-9999,1,-9999,-9999,-9999,-9999
2895,695.486958,695.486667193,695.486074704,1491446,-9999,150452.5,7.08,-1,0.851905482,0.876616994,0,0.525970196,5,0.102564103,1.846153846,N2 S2 O4,de-protonated,0,-9999,C39 H72 O4 N2 S2,39,72,4,2,-9999,2,-9999,-9999,-9999
2896,715.21762,715.21732189,715.216985921,2655210.8,-9999,153990.7,14.51,-1,0.469743275,0.48037635,0.719752637,0.576126865,15,0.25,1.25,S2 P1 O9,de-protonated,0,-9999,C36 H45 O9 P1 S2,36,45,9,-9999,1,2,-9999,-9999,-9999
2896,715.21762,715.21732189,715.217834075,2655210.8,-9999,153990.7,14.51,-1,-0.716124203,0.911145179,0,0.546687107,16,0.382352941,1.176470588,N2 S1 O13,de-protonated,0,-9999,C34 H40 O13 N2 S1,34,40,13,2,-9999,1,-9999,-9999,-9999
2896,715.21762,715.21732189,715.217967016,2655210.8,-9999,153990.7,14.51,-1,-0.901999895,0.862752566,0,0.51765154,3,0.913043478,1.956521739,N2 P1 O21,de-protonated,0,-9999,C23 H45 O21 N2 P1,23,45,21,2,1,-9999,-9999,-9999,-9999
2896,715.21762,715.21732189,715.21732101,2655210.8,-9999,153990.7,14.51,-1,0.001229625,0.499999863,0.662980834,0.565192251,34,0.042553191,0.680851064,N4 S1 O2,de-protonated,0,-9999,C47 H32 O2 N4 S1,47,32,2,4,-9999,1,-9999,-9999,-9999
2896,715.21762,715.21732189,715.217453952,2655210.8,-9999,153990.7,14.51,-1,-0.184646334,0.496916368,0.719752637,0.586050876,21,0.277777778,1.027777778,N4 P1 O10,de-protonated,0,-9999,C36 H37 O10 N4 P1,36,37,10,4,1,-9999,-9999,-9999,-9999
2896,715.21762,715.21732189,715.217182626,2655210.8,-9999,153990.7,14.51,-1,0.194715511,0.99314414,0,0.595886484,7,0.576923077,1.692307692,N4 S2 O15,de-protonated,0,-9999,C26 H44 O15 N4 S2,26,44,15,4,-9999,2,-9999,-9999,-9999
2897,716.222009,716.221710518,716.221617808,1500375.4,-9999,116519.1,7.1,-1,0.129443033,0.996964354,0,0.598178612,28,0.02173913,0.869565217,N1 S2 P1 O1,de-protonated,0,-9999,C46 H40 O1 N1 P1 S2,46,40,1,1,1,2,-9999,-9999,-9999
2897,716.222009,716.221710518,716.222327577,1500375.4,-9999,116519.1,7.1,-1,-0.861546503,0.873993332,0,0.524395999,2,0.782608696,2.043478261,N3 S2 O18,de-protonated,0,-9999,C23 H47 O18 N3 S2,23,47,18,3,-9999,2,-9999,-9999,-9999
2898,717.215964,717.21566515,717.216377523,2441662.3,-9999,163032.9,13.14,-1,-0.993246756,0.418050347,0.68763467,0.525884076,24,0.214285714,0.904761905,S1 O9,de-protonated,0,-9999,C42 H38 O9 S1,42,38,9,-9999,-9999,1,-9999,-9999,-9999
2898,717.215964,717.21566515,717.2159974,2441662.3,-9999,163032.9,13.14,-1,-0.463250013,0.480904693,0.677556332,0.559565348,29,0.136363636,0.795454545,N2 P1 O6,de-protonated,0,-9999,C44 H35 O6 N2 P1,44,35,6,2,1,-9999,-9999,-9999,-9999
2898,717.215964,717.21566515,717.215726074,2441662.3,-9999,163032.9,13.14,-1,-0.084945377,0.998691574,0,0.599214945,15,0.323529412,1.235294118,N2 S2 O11,de-protonated,0,-9999,C34 H42 O11 N2 S2,34,42,11,2,-9999,2,-9999,-9999,-9999
2898,717.215964,717.21566515,717.215859016,2441662.3,-9999,163032.9,13.14,-1,-0.270303407,0.986830137,0,0.592098082,2,0.826086957,2.043478261,N2 S1 P1 O19,de-protonated,0,-9999,C23 H47 O19 N2 P1 S1,23,47,19,2,1,1,-9999,-9999,-9999
2898,717.215964,717.21566515,717.215345952,2441662.3,-9999,163032.9,13.14,-1,0.445052329,0.96469834,0,0.578819004,20,0.222222222,1.083333333,N4 S1 P1 O8,de-protonated,0,-9999,C36 H39 O8 N4 P1 S1,36,39,8,4,1,1,-9999,-9999,-9999
2899,717.563311,717.563012022,717.562607493,4256270,-9999,146988.1,24.77,-1,0.563753049,0.923741109,0.914868,0.920191865,1,0.12195122,2.024390244,S1 P1 O5,de-protonated,0,-9999,C41 H83 O5 P1 S1,41,83,5,-9999,1,1,-9999,-9999,-9999
2899,717.563311,717.563012022,717.563455647,4256270,-9999,146988.1,24.77,-1,-0.618238093,0.949807416,0.904327943,0.931615627,2,0.230769231,2,N2 O9,de-protonated,0,-9999,C39 H78 O9 N2,39,78,9,2,-9999,-9999,-9999,-9999,-9999
2900,718.566799,718.56649965,718.565962329,2748147.3,-9999,154212.6,15.1,-1,0.747769375,0.903518518,0.914868,0.908058311,1,0.12195122,2.024390244,13C1 S1 P1 O5,de-protonated,1,2899,C40 H83 O5 P1 S1 13C1,40,83,5,-9999,1,1,1,-9999,-9999
2900,718.566799,718.56649965,718.566098674,2748147.3,-9999,154212.6,15.1,-1,0.55802243,0.472532708,0.698017357,0.562726567,1,0.175,2.025,N1 S1 O7,de-protonated,0,-9999,C40 H81 O7 N1 S1,40,81,7,1,-9999,1,-9999,-9999,-9999
2900,718.566799,718.56649965,718.566810482,2748147.3,-9999,154212.6,15.1,-1,-0.432571537,0.966617573,0.904327943,0.941701721,2,0.230769231,2,13C1 N2 O9,de-protonated,1,2899,C38 H78 O9 N2 13C1,38,78,9,2,-9999,-9999,1,-9999,-9999
2901,719.56015,719.559850282,719.560499493,1548755.1,-9999,171767.7,7.41,-1,-0.902232258,0.862686939,0,0.517612163,0,0.073170732,2.073170732,S2 P1 O3,de-protonated,0,-9999,C41 H85 O3 P1 S2,41,85,3,-9999,1,2,-9999,-9999,-9999
2901,719.56015,719.559850282,719.559630113,1548755.1,-9999,171767.7,7.41,-1,0.305977665,0.983155827,0,0.589893496,1,0.2,2.025,P1 O8,de-protonated,0,-9999,C40 H81 O8 P1,40,81,8,-9999,1,-9999,-9999,-9999,-9999
2902,733.558159,733.557854101,733.557522113,5257965,-9999,153038.1,30.64,-1,0.452573137,0.953520481,0.935880551,0.946464509,1,0.146341463,2.024390244,S1 P1 O6,de-protonated,0,-9999,C41 H83 O6 P1 S1,41,83,6,-9999,1,1,-9999,-9999,-9999
2902,733.558159,733.557854101,733.558370266,5257965,-9999,153038.1,30.64,-1,-0.703645084,0.92657452,0.925340494,0.926080909,2,0.256410256,2,N2 O10,de-protonated,0,-9999,C39 H78 O10 N2,39,78,10,2,-9999,-9999,-9999,-9999,-9999
2903,734.561598,734.56129273,734.560876948,3105698.8,-9999,162999,17.08,-1,0.566027913,0.943523593,0.935880551,0.940466376,1,0.146341463,2.024390244,13C1 S1 P1 O6,de-protonated,1,2902,C40 H83 O6 P1 S1 13C1,40,83,6,-9999,1,1,1,-9999,-9999
2903,734.561598,734.56129273,734.561013294,3105698.8,-9999,162999,17.08,-1,0.380412702,0.487041807,0.698017357,0.571432027,1,0.2,2.025,N1 S1 O8,de-protonated,0,-9999,C40 H81 O8 N1 S1,40,81,8,1,-9999,1,-9999,-9999,-9999
2903,734.561598,734.56129273,734.561725101,3105698.8,-9999,162999,17.08,-1,-0.588611134,0.939069988,0.925340494,0.93357819,2,0.256410256,2,13C1 N2 O10,de-protonated,1,2902,C38 H78 O10 N2 13C1,38,78,10,2,-9999,-9999,1,-9999,-9999
2903,734.561598,734.56129273,734.560633171,3105698.8,-9999,162999,17.08,-1,0.897895735,0.431954876,0.68763467,0.534226793,6,0.119047619,1.857142857,N3 P1 O5,de-protonated,0,-9999,C42 H78 O5 N3 P1,42,78,5,3,1,-9999,-9999,-9999,-9999
2904,735.554763,735.554457362,735.554411791,1743187.6,-9999,116720.9,8.49,-1,0.061955054,0.999303765,0,0.599582259,14,0.019607843,1.490196078,S1 O1,de-protonated,0,-9999,C51 H76 O1 S1,51,76,1,-9999,-9999,1,-9999,-9999,-9999
2904,735.554763,735.554457362,735.554544733,1743187.6,-9999,116720.9,8.49,-1,-0.118781696,0.997443198,0,0.598465919,1,0.225,2.025,P1 O9,de-protonated,0,-9999,C40 H81 O9 P1,40,81,9,-9999,1,-9999,-9999,-9999,-9999
2904,735.554763,735.554457362,735.553760342,1743187.6,-9999,116720.9,8.49,-1,0.947612576,0.849646071,0,0.509787643,5,0.069767442,1.860465116,N2 S2 O3,de-protonated,0,-9999,C43 H80 O3 N2 S2,43,80,3,2,-9999,2,-9999,-9999,-9999
2905,756.962882,756.962568439,756.962466804,1708194.6,-9999,117055.7,8.25,-1,0.134266766,0.996734266,0,0.59804056,24,0.733333333,0.466666667,S1 O22,de-protonated,0,-9999,C30 H14 O22 S1,30,14,22,-9999,-9999,1,-9999,-9999,-9999
2905,756.962882,756.962568439,756.962956061,1708194.6,-9999,117055.7,8.25,-1,-0.512075848,0.953534399,0,0.572120639,28,0.424242424,0.454545455,N2 S2 P1 O14,de-protonated,0,-9999,C33 H15 O14 N2 P1 S2,33,15,14,2,1,2,-9999,-9999,-9999
2905,756.962882,756.962568439,756.962086681,1708194.6,-9999,117055.7,8.25,-1,0.636435339,0.929140067,0,0.55748404,29,0.59375,0.34375,N2 P1 O19,de-protonated,0,-9999,C32 H11 O19 N2 P1,32,11,19,2,1,-9999,-9999,-9999,-9999
2906,788.97546,788.97513459,788.974566117,1695636.4,-9999,149269.9,7.88,-1,0.720521306,0.910101399,0,0.546060839,32,0.421052632,0.394736842,S1 P1 O16,de-protonated,0,-9999,C38 H15 O16 P1 S1,38,15,16,-9999,1,1,-9999,-9999,-9999
2906,788.97546,788.97513459,788.974762822,1695636.4,-9999,149269.9,7.88,-1,0.471204546,0.960513033,0,0.57630782,24,0.785714286,0.5,N4 S1 O22,de-protonated,0,-9999,C28 H14 O22 N4 S1,28,14,22,4,-9999,1,-9999,-9999,-9999
2907,797.190397,797.190068549,797.190570498,1552483.4,-9999,129099,7.01,-1,-0.629647171,0.930590135,0,0.558354081,29,0.25,0.795454545,N2 P1 O11,de-protonated,0,-9999,C44 H35 O11 N2 P1,44,35,11,2,1,-9999,-9999,-9999,-9999
2907,797.190397,797.190068549,797.190299172,1552483.4,-9999,129099,7.01,-1,-0.289294322,0.984929062,0,0.590957437,15,0.470588235,1.235294118,N2 S2 O16,de-protonated,0,-9999,C34 H42 O16 N2 S2,34,42,16,2,-9999,2,-9999,-9999,-9999
2907,797.190397,797.190068549,797.189429792,1552483.4,-9999,129099,7.01,-1,0.801261556,0.890035704,0,0.534021422,16,0.636363636,1.151515152,N2 O21,de-protonated,0,-9999,C33 H38 O21 N2,33,38,21,2,-9999,-9999,-9999,-9999,-9999
2907,797.190397,797.190068549,797.189786108,1552483.4,-9999,129099,7.01,-1,0.35429659,0.977480886,0,0.586488532,33,0.106382979,0.723404255,N4 S2 O5,de-protonated,0,-9999,C47 H34 O5 N4 S2,47,34,5,4,-9999,2,-9999,-9999,-9999
2907,797.190397,797.190068549,797.18991905,1552483.4,-9999,129099,7.01,-1,0.187533597,0.993638976,0,0.596183386,20,0.361111111,1.083333333,N4 S1 P1 O13,de-protonated,0,-9999,C36 H39 O13 N4 P1 S1,36,39,13,4,1,1,-9999,-9999,-9999
2908,818.48842,818.488083667,818.488242275,2159596,-9999,105429,10.69,-1,-0.193782208,0.496604741,0.672627142,0.567013701,10,0.222222222,1.622222222,N1 S1 O10,de-protonated,0,-9999,C45 H73 O10 N1 S1,45,73,10,1,-9999,1,-9999,-9999,-9999
2908,818.48842,818.488083667,818.488731532,2159596,-9999,105429,10.69,-1,-0.79153907,0.446270071,0.658260696,0.531066321,14,0.041666667,1.541666667,N3 S2 P1 O2,de-protonated,0,-9999,C48 H74 O2 N3 P1 S2,48,74,2,3,1,2,-9999,-9999,-9999
2908,818.48842,818.488083667,818.487862152,2159596,-9999,105429,10.69,-1,0.270638174,0.493398856,0.662980834,0.561231647,15,0.14893617,1.489361702,N3 P1 O7,de-protonated,0,-9999,C47 H70 O7 N3 P1,47,70,7,3,1,-9999,-9999,-9999,-9999
2908,818.48842,818.488083667,818.487590826,2159596,-9999,105429,10.69,-1,0.602135239,0.936330021,0,0.561798013,1,0.324324324,2.0810810810000002,N3 S2 O12,de-protonated,0,-9999,C37 H77 O12 N3 S2,37,77,12,3,-9999,2,-9999,-9999,-9999
2909,879.08042,879.08006124,879.080748721,1665694,-9999,101295.3,7.56,-1,-0.782045375,0.89496282,0,0.536977692,30,0.380952381,0.666666667,N2 S2 O16,de-protonated,0,-9999,C42 H28 O16 N2 S2,42,28,16,2,-9999,2,-9999,-9999,-9999
2909,879.08042,879.08006124,879.079879341,1665694,-9999,101295.3,7.56,-1,0.206919576,0.992261245,0,0.595356747,31,0.512195122,0.585365854,N2 O21,de-protonated,0,-9999,C41 H24 O21 N2,41,24,21,2,-9999,-9999,-9999,-9999,-9999
2909,879.08042,879.08006124,879.080881663,1665694,-9999,101295.3,7.56,-1,-0.933273355,0.853814218,0,0.512288531,17,0.774193548,1.064516129,N2 S1 P1 O24,de-protonated,0,-9999,C31 H33 O24 N2 P1 S1,31,33,24,2,1,1,-9999,-9999,-9999
2909,879.08042,879.08006124,879.080368598,1665694,-9999,101295.3,7.56,-1,-0.349636421,0.978062888,0,0.586837733,35,0.295454545,0.568181818,N4 S1 P1 O13,de-protonated,0,-9999,C44 H25 O13 N4 P1 S1,44,25,13,4,1,1,-9999,-9999,-9999
2909,879.08042,879.08006124,879.079227892,1665694,-9999,101295.3,7.56,-1,0.947977713,0.849539371,0,0.509723622,22,0.696969697,0.848484848,N4 S1 O23,de-protonated,0,-9999,C33 H28 O23 N4 S1,33,28,23,4,-9999,1,-9999,-9999,-9999
0,98.833344,98.83327403,-9999,2060245.8,-9999,1080837,16.62,-1,-9999,-9999,-9999,-9999,-9999,-9999,-9999,unassigned,N/A,-9999,-9999,N/A,-9999,-9999,-9999,-9999,-9999,-9999,-9999,-9999,-9999
1,103.947309,103.947237137,-9999,1064914.3,-9999,797701.2,7.37,-1,-9999,-9999,-9999,-9999,-9999,-9999,-9999,unassigned,N/A,-9999,-9999,N/A,-9999,-9999,-9999,-9999,-9999,-9999,-9999,-9999,-9999
2,106.051715,106.051642358,-9999,1039162.8,-9999,1294246.1,7.13,-1,-9999,-9999,-9999,-9999,-9999,-9999,-9999,unassigned,N/A,-9999,-9999,N/A,-9999,-9999,-9999,-9999,-9999,-9999,-9999,-9999,-9999
3,107.307078,107.307004893,-9999,1151908.9,-9999,951842.4,8.18,-1,-9999,-9999,-9999,-9999,-9999,-9999,-9999,unassigned,N/A,-9999,-9999,N/A,-9999,-9999,-9999,-9999,-9999,-9999,-9999,-9999,-9999
4,107.409462,107.409388855,-9999,1068377,-9999,883697.4,7.4,-1,-9999,-9999,-9999,-9999,-9999,-9999,-9999,unassigned,N/A,-9999,-9999,N/A,-9999,-9999,-9999,-9999,-9999,-9999,-9999,-9999,-9999
5,109.547678,109.547604064,-9999,1174080.9,-9999,924449.3,8.39,-1,-9999,-9999,-9999,-9999,-9999,-9999,-9999,unassigned,N/A,-9999,-9999,N/A,-9999,-9999,-9999,-9999,-9999,-9999,-9999,-9999,-9999
6,109.833362,109.833287958,-9999,1059277.8,-9999,855119.8,7.32,-1,-9999,-9999,-9999,-9999,-9999,-9999,-9999,unassigned,N/A,-9999,-9999,N/A,-9999,-9999,-9999,-9999,-9999,-9999,-9999,-9999,-9999
7,110.279822,110.279747793,-9999,1081870.8,-9999,931084.1,7.53,-1,-9999,-9999,-9999,-9999,-9999,-9999,-9999,unassigned,N/A,-9999,-9999,N/A,-9999,-9999,-9999,-9999,-9999,-9999,-9999,-9999,-9999
8,110.33339,110.333315773,-9999,1042988,-9999,892094.1,7.17,-1,-9999,-9999,-9999,-9999,-9999,-9999,-9999,unassigned,N/A,-9999,-9999,N/A,-9999,-9999,-9999,-9999,-9999,-9999,-9999,-9999,-9999
9,110.801325,110.8012506,-9999,1042864.9,-9999,952903.6,7.17,-1,-9999,-9999,-9999,-9999,-9999,-9999,-9999,unassigned,N/A,-9999,-9999,N/A,-9999,-9999,-9999,-9999,-9999,-9999,-9999,-9999,-9999
10,110.95215,110.952075544,-9999,1265853.8,-9999,737650,9.24,-1,-9999,-9999,-9999,-9999,-9999,-9999,-9999,unassigned,N/A,-9999,-9999,N/A,-9999,-9999,-9999,-9999,-9999,-9999,-9999,-9999,-9999
11,111.572382,111.572307315,-9999,1187701.5,-9999,867304.1,8.51,-1,-9999,-9999,-9999,-9999,-9999,-9999,-9999,unassigned,N/A,-9999,-9999,N/A,-9999,-9999,-9999,-9999,-9999,-9999,-9999,-9999,-9999
12,111.589521,111.589446308,-9999,1025672.8,-9999,462806.5,7.01,-1,-9999,-9999,-9999,-9999,-9999,-9999,-9999,unassigned,N/A,-9999,-9999,N/A,-9999,-9999,-9999,-9999,-9999,-9999,-9999,-9999,-9999
13,111.601739,111.601664304,-9999,1033908.3,-9999,793983.3,7.09,-1,-9999,-9999,-9999,-9999,-9999,-9999,-9999,unassigned,N/A,-9999,-9999,N/A,-9999,-9999,-9999,-9999,-9999,-9999,-9999,-9999,-9999
14,111.63988,111.63980529,-9999,1067546.6,-9999,573669,7.4,-1,-9999,-9999,-9999,-9999,-9999,-9999,-9999,unassigned,N/A,-9999,-9999,N/A,-9999,-9999,-9999,-9999,-9999,-9999,-9999,-9999,-9999
15,111.640676,111.640601289,-9999,1195962.5,-9999,614334,8.59,-1,-9999,-9999,-9999,-9999,-9999,-9999,-9999,unassigned,N/A,-9999,-9999,N/A,-9999,-9999,-9999,-9999,-9999,-9999,-9999,-9999,-9999
16,111.672327,111.672252278,-9999,1038645.2,-9999,1241827,7.13,-1,-9999,-9999,-9999,-9999,-9999,-9999,-9999,unassigned,N/A,-9999,-9999,N/A,-9999,-9999,-9999,-9999,-9999,-9999,-9999,-9999,-9999
17,111.679528,111.679453275,-9999,1122468.9,-9999,972909.6,7.91,-1,-9999,-9999,-9999,-9999,-9999,-9999,-9999,unassigned,N/A,-9999,-9999,N/A,-9999,-9999,-9999,-9999,-9999,-9999,-9999,-9999,-9999
18,111.683589,111.683514273,-9999,1156462.8,-9999,548716.9,8.22,-1,-9999,-9999,-9999,-9999,-9999,-9999,-9999,unassigned,N/A,-9999,-9999,N/A,-9999,-9999,-9999,-9999,-9999,-9999,-9999,-9999,-9999
19,111.689877,111.689802271,-9999,1075480.4,-9999,714574.3,7.47,-1,-9999,-9999,-9999,-9999,-9999,-9999,-9999,unassigned,N/A,-9999,-9999,N/A,-9999,-9999,-9999,-9999,-9999,-9999,-9999,-9999,-9999
20,111.695402,111.695327269,-9999,1094992.3,-9999,810139.1,7.65,-1,-9999,-9999,-9999,-9999,-9999,-9999,-9999,unassigned,N/A,-9999,-9999,N/A,-9999,-9999,-9999,-9999,-9999,-9999,-9999,-9999,-9999
21,111.707371,111.707296265,-9999,1099615.6,-9999,969550.2,7.7,-1,-9999,-9999,-9999,-9999,-9999,-9999,-9999,unassigned,N/A,-9999,-9999,N/A,-9999,-9999,-9999,-9999,-9999,-9999,-9999,-9999,-9999
22,111.721012,111.72093726,-9999,1146159.1,-9999,666972.6,8.13,-1,-9999,-9999,-9999,-9999,-9999,-9999,-9999,unassigned,N/A,-9999,-9999,N/A,-9999,-9999,-9999,-9999,-9999,-9999,-9999,-9999,-9999
23,111.736929,111.736854254,-9999,1050142.4,-9999,751612.5,7.24,-1,-9999,-9999,-9999,-9999,-9999,-9999,-9999,unassigned,N/A,-9999,-9999,N/A,-9999,-9999,-9999,-9999,-9999,-9999,-9999,-9999,-9999
24,111.763928,111.763853244,-9999,1060105.3,-9999,1129888,7.33,-1,-9999,-9999,-9999,-9999,-9999,-9999,-9999,unassigned,N/A,-9999,-9999,N/A,-9999,-9999,-9999,-9999,-9999,-9999,-9999,-9999,-9999
25,111.805386,111.805311228,-9999,1215511.5,-9999,818816.2,8.77,-1,-9999,-9999,-9999,-9999,-9999,-9999,-9999,unassigned,N/A,-9999,-9999,N/A,-9999,-9999,-9999,-9999,-9999,-9999,-9999,-9999,-9999
26,111.807454,111.807379228,-9999,1041943.4,-9999,700148.1,7.16,-1,-9999,-9999,-9999,-9999,-9999,-9999,-9999,unassigned,N/A,-9999,-9999,N/A,-9999,-9999,-9999,-9999,-9999,-9999,-9999,-9999,-9999
27,113.063635,113.063559763,-9999,1076128.4,-9999,967180.7,7.48,-1,-9999,-9999,-9999,-9999,-9999,-9999,-9999,unassigned,N/A,-9999,-9999,N/A,-9999,-9999,-9999,-9999,-9999,-9999,-9999,-9999,-9999
28,113.190184,113.190108716,-9999,1034532.3,-9999,913713.2,7.09,-1,-9999,-9999,-9999,-9999,-9999,-9999,-9999,unassigned,N/A,-9999,-9999,N/A,-9999,-9999,-9999,-9999,-9999,-9999,-9999,-9999,-9999
29,114.969984,114.969908057,-9999,1096915.5,-9999,797526.7,7.67,-1,-9999,-9999,-9999,-9999,-9999,-9999,-9999,unassigned,N/A,-9999,-9999,N/A,-9999,-9999,-9999,-9999,-9999,-9999,-9999,-9999,-9999
30,115.216207,115.216130966,-9999,1039088.5,-9999,869553.5,7.13,-1,-9999,-9999,-9999,-9999,-9999,-9999,-9999,unassigned,N/A,-9999,-9999,N/A,-9999,-9999,-9999,-9999,-9999,-9999,-9999,-9999,-9999
31,115.227198,115.227121962,-9999,1072792.4,-9999,600243,7.45,-1,-9999,-9999,-9999,-9999,-9999,-9999,-9999,unassigned,N/A,-9999,-9999,N/A,-9999,-9999,-9999,-9999,-9999,-9999,-9999,-9999,-9999
32,115.348205,115.348128917,-9999,1263607.1,-9999,741253.5,9.22,-1,-9999,-9999,-9999,-9999,-9999,-9999,-9999,unassigned,N/A,-9999,-9999,N/A,-9999,-9999,-9999,-9999,-9999,-9999,-9999,-9999,-9999
33,115.687589,115.687512791,-9999,1115420.8,-9999,723241.2,7.84,-1,-9999,-9999,-9999,-9999,-9999,-9999,-9999,unassigned,N/A,-9999,-9999,N/A,-9999,-9999,-9999,-9999,-9999,-9999,-9999,-9999,-9999
34,115.845864,115.845787733,-9999,1045260.1,-9999,883986.3,7.19,-1,-9999,-9999,-9999,-9999,-9999,-9999,-9999,unassigned,N/A,-9999,-9999,N/A,-9999,-9999,-9999,-9999,-9999,-9999,-9999,-9999,-9999
35,115.895934,115.895857714,-9999,1069972,-9999,862101.6,7.42,-1,-9999,-9999,-9999,-9999,-9999,-9999,-9999,unassigned,N/A,-9999,-9999,N/A,-9999,-9999,-9999,-9999,-9999,-9999,-9999,-9999,-9999
36,116.051247,116.051170657,-9999,1080915.8,-9999,970098,7.52,-1,-9999,-9999,-9999,-9999,-9999,-9999,-9999,unassigned,N/A,-9999,-9999,N/A,-9999,-9999,-9999,-9999,-9999,-9999,-9999,-9999,-9999
37,116.766012,116.765935392,-9999,1045254.7,-9999,650792.8,7.19,-1,-9999,-9999,-9999,-9999,-9999,-9999,-9999,unassigned,N/A,-9999,-9999,N/A,-9999,-9999,-9999,-9999,-9999,-9999,-9999,-9999,-9999
38,117.234295,117.234218219,-9999,1033912.5,-9999,515730.7,7.09,-1,-9999,-9999,-9999,-9999,-9999,-9999,-9999,unassigned,N/A,-9999,-9999,N/A,-9999,-9999,-9999,-9999,-9999,-9999,-9999,-9999,-9999
39,117.444242,117.444165141,-9999,1137288.1,-9999,819778.2,8.05,-1,-9999,-9999,-9999,-9999,-9999,-9999,-9999,unassigned,N/A,-9999,-9999,N/A,-9999,-9999,-9999,-9999,-9999,-9999,-9999,-9999,-9999
40,117.720064,117.719987039,-9999,1245277.9,-9999,749064.5,9.05,-1,-9999,-9999,-9999,-9999,-9999,-9999,-9999,unassigned,N/A,-9999,-9999,N/A,-9999,-9999,-9999,-9999,-9999,-9999,-9999,-9999,-9999
41,118.917456,118.917378596,-9999,1029820.8,-9999,781541.6,7.05,-1,-9999,-9999,-9999,-9999,-9999,-9999,-9999,unassigned,N/A,-9999,-9999,N/A,-9999,-9999,-9999,-9999,-9999,-9999,-9999,-9999,-9999
42,119.181362,119.181284498,-9999,1078800.5,-9999,829921.6,7.5,-1,-9999,-9999,-9999,-9999,-9999,-9999,-9999,unassigned,N/A,-9999,-9999,N/A,-9999,-9999,-9999,-9999,-9999,-9999,-9999,-9999,-9999
43,119.209744,119.209666488,-9999,1045273.9,-9999,783225.1,7.19,-1,-9999,-9999,-9999,-9999,-9999,-9999,-9999,unassigned,N/A,-9999,-9999,N/A,-9999,-9999,-9999,-9999,-9999,-9999,-9999,-9999,-9999
44,119.239636,119.239558477,-9999,1059923.3,-9999,860963,7.33,-1,-9999,-9999,-9999,-9999,-9999,-9999,-9999,unassigned,N/A,-9999,-9999,N/A,-9999,-9999,-9999,-9999,-9999,-9999,-9999,-9999,-9999
45,119.384045,119.383967423,-9999,1050050.4,-9999,860888,7.24,-1,-9999,-9999,-9999,-9999,-9999,-9999,-9999,unassigned,N/A,-9999,-9999,N/A,-9999,-9999,-9999,-9999,-9999,-9999,-9999,-9999,-9999
46,119.478289,119.478211388,-9999,1059567.3,-9999,840427.7,7.32,-1,-9999,-9999,-9999,-9999,-9999,-9999,-9999,unassigned,N/A,-9999,-9999,N/A,-9999,-9999,-9999,-9999,-9999,-9999,-9999,-9999,-9999
47,119.649728,119.649650325,-9999,1080144.4,-9999,838498,7.52,-1,-9999,-9999,-9999,-9999,-9999,-9999,-9999,unassigned,N/A,-9999,-9999,N/A,-9999,-9999,-9999,-9999,-9999,-9999,-9999,-9999,-9999
48,119.838974,119.838896255,-9999,1027091.2,-9999,950475.1,7.02,-1,-9999,-9999,-9999,-9999,-9999,-9999,-9999,unassigned,N/A,-9999,-9999,N/A,-9999,-9999,-9999,-9999,-9999,-9999,-9999,-9999,-9999
49,120.90837,120.908291859,-9999,1035708.8,-9999,860164.1,7.1,-1,-9999,-9999,-9999,-9999,-9999,-9999,-9999,unassigned,N/A,-9999,-9999,N/A,-9999,-9999,-9999,-9999,-9999,-9999,-9999,-9999,-9999
50,121.268022,121.267943726,-9999,1086122.5,-9999,824185.8,7.57,-1,-9999,-9999,-9999,-9999,-9999,-9999,-9999,unassigned,N/A,-9999,-9999,N/A,-9999,-9999,-9999,-9999,-9999,-9999,-9999,-9999,-9999
51,121.854198,121.854119509,-9999,1173184.8,-9999,726531.8,8.38,-1,-9999,-9999,-9999,-9999,-9999,-9999,-9999,unassigned,N/A,-9999,-9999,N/A,-9999,-9999,-9999,-9999,-9999,-9999,-9999,-9999,-9999
52,122.06181,122.061731432,-9999,1125797.6,-9999,744457.3,7.94,-1,-9999,-9999,-9999,-9999,-9999,-9999,-9999,unassigned,N/A,-9999,-9999,N/A,-9999,-9999,-9999,-9999,-9999,-9999,-9999,-9999,-9999
53,122.841602,122.841523144,-9999,1096364.8,-9999,980558.5,7.66,-1,-9999,-9999,-9999,-9999,-9999,-9999,-9999,unassigned,N/A,-9999,-9999,N/A,-9999,-9999,-9999,-9999,-9999,-9999,-9999,-9999,-9999
54,123.197025,123.196946012,-9999,1066320.9,-9999,718911.8,7.38,-1,-9999,-9999,-9999,-9999,-9999,-9999,-9999,unassigned,N/A,-9999,-9999,N/A,-9999,-9999,-9999,-9999,-9999,-9999,-9999,-9999,-9999
55,123.697764,123.697684827,-9999,1078284.3,-9999,926595.3,7.49,-1,-9999,-9999,-9999,-9999,-9999,-9999,-9999,unassigned,N/A,-9999,-9999,N/A,-9999,-9999,-9999,-9999,-9999,-9999,-9999,-9999,-9999
56,123.728979,123.728899815,-9999,1090784.6,-9999,907120.7,7.6,-1,-9999,-9999,-9999,-9999,-9999,-9999,-9999,unassigned,N/A,-9999,-9999,N/A,-9999,-9999,-9999,-9999,-9999,-9999,-9999,-9999,-9999
57,123.788023,123.787943793,-9999,1073817,-9999,950292.9,7.45,-1,-9999,-9999,-9999,-9999,-9999,-9999,-9999,unassigned,N/A,-9999,-9999,N/A,-9999,-9999,-9999,-9999,-9999,-9999,-9999,-9999,-9999
58,123.904976,123.90489675,-9999,1084393.9,-9999,549520.7,7.54,-1,-9999,-9999,-9999,-9999,-9999,-9999,-9999,unassigned,N/A,-9999,-9999,N/A,-9999,-9999,-9999,-9999,-9999,-9999,-9999,-9999,-9999
59,124.003509,124.003429713,-9999,1177144.3,-9999,748237.8,8.4,-1,-9999,-9999,-9999,-9999,-9999,-9999,-9999,unassigned,N/A,-9999,-9999,N/A,-9999,-9999,-9999,-9999,-9999,-9999,-9999,-9999,-9999
60,124.05113,124.051050696,-9999,1060063.4,-9999,874591.9,7.32,-1,-9999,-9999,-9999,-9999,-9999,-9999,-9999,unassigned,N/A,-9999,-9999,N/A,-9999,-9999,-9999,-9999,-9999,-9999,-9999,-9999,-9999
61,124.061144,124.061064692,-9999,1144560.9,-9999,821899.1,8.1,-1,-9999,-9999,-9999,-9999,-9999,-9999,-9999,unassigned,N/A,-9999,-9999,N/A,-9999,-9999,-9999,-9999,-9999,-9999,-9999,-9999,-9999
62,124.066692,124.06661269,-9999,1103345.6,-9999,868790.9,7.72,-1,-9999,-9999,-9999,-9999,-9999,-9999,-9999,unassigned,N/A,-9999,-9999,N/A,-9999,-9999,-9999,-9999,-9999,-9999,-9999,-9999,-9999
63,124.069888,124.069808689,-9999,1068194.1,-9999,753104.5,7.39,-1,-9999,-9999,-9999,-9999,-9999,-9999,-9999,unassigned,N/A,-9999,-9999,N/A,-9999,-9999,-9999,-9999,-9999,-9999,-9999,-9999,-9999
64,124.097175,124.097095679,-9999,1190678.3,-9999,724042.9,8.53,-1,-9999,-9999,-9999,-9999,-9999,-9999,-9999,unassigned,N/A,-9999,-9999,N/A,-9999,-9999,-9999,-9999,-9999,-9999,-9999,-9999,-9999
65,124.106337,124.106257675,-9999,1104983.6,-9999,978474.7,7.73,-1,-9999,-9999,-9999,-9999,-9999,-9999,-9999,unassigned,N/A,-9999,-9999,N/A,-9999,-9999,-9999,-9999,-9999,-9999,-9999,-9999,-9999
66,124.121585,124.12150567,-9999,1144921.9,-9999,710367.3,8.11,-1,-9999,-9999,-9999,-9999,-9999,-9999,-9999,unassigned,N/A,-9999,-9999,N/A,-9999,-9999,-9999,-9999,-9999,-9999,-9999,-9999,-9999
67,124.123317,124.123237669,-9999,1039866.2,-9999,648615.1,7.13,-1,-9999,-9999,-9999,-9999,-9999,-9999,-9999,unassigned,N/A,-9999,-9999,N/A,-9999,-9999,-9999,-9999,-9999,-9999,-9999,-9999,-9999
68,124.137768,124.137688664,-9999,1230044.4,-9999,687429.9,8.9,-1,-9999,-9999,-9999,-9999,-9999,-9999,-9999,unassigned,N/A,-9999,-9999,N/A,-9999,-9999,-9999,-9999,-9999,-9999,-9999,-9999,-9999
69,124.1419,124.141820662,-9999,1079645,-9999,995097.7,7.5,-1,-9999,-9999,-9999,-9999,-9999,-9999,-9999,unassigned,N/A,-9999,-9999,N/A,-9999,-9999,-9999,-9999,-9999,-9999,-9999,-9999,-9999
70,124.147364,124.14728466,-9999,1084509.8,-9999,652149.3,7.54,-1,-9999,-9999,-9999,-9999,-9999,-9999,-9999,unassigned,N/A,-9999,-9999,N/A,-9999,-9999,-9999,-9999,-9999,-9999,-9999,-9999,-9999
71,124.151088,124.151008659,-9999,1033934.4,-9999,873427.2,7.07,-1,-9999,-9999,-9999,-9999,-9999,-9999,-9999,unassigned,N/A,-9999,-9999,N/A,-9999,-9999,-9999,-9999,-9999,-9999,-9999,-9999,-9999
72,124.164923,124.164843654,-9999,1162144.5,-9999,576716.9,8.26,-1,-9999,-9999,-9999,-9999,-9999,-9999,-9999,unassigned,N/A,-9999,-9999,N/A,-9999,-9999,-9999,-9999,-9999,-9999,-9999,-9999,-9999
73,124.166429,124.166349653,-9999,1028176.7,-9999,646712,7.02,-1,-9999,-9999,-9999,-9999,-9999,-9999,-9999,unassigned,N/A,-9999,-9999,N/A,-9999,-9999,-9999,-9999,-9999,-9999,-9999,-9999,-9999
74,124.170215,124.170135652,-9999,1056209.3,-9999,695337,7.28,-1,-9999,-9999,-9999,-9999,-9999,-9999,-9999,unassigned,N/A,-9999,-9999,N/A,-9999,-9999,-9999,-9999,-9999,-9999,-9999,-9999,-9999
75,124.184325,124.184245647,-9999,1136579.4,-9999,654485.8,8.03,-1,-9999,-9999,-9999,-9999,-9999,-9999,-9999,unassigned,N/A,-9999,-9999,N/A,-9999,-9999,-9999,-9999,-9999,-9999,-9999,-9999,-9999
76,124.196719,124.196639642,-9999,1129637.3,-9999,772058.7,7.96,-1,-9999,-9999,-9999,-9999,-9999,-9999,-9999,unassigned,N/A,-9999,-9999,N/A,-9999,-9999,-9999,-9999,-9999,-9999,-9999,-9999,-9999
77,124.210563,124.210483637,-9999,1064311.4,-9999,832042.8,7.36,-1,-9999,-9999,-9999,-9999,-9999,-9999,-9999,unassigned,N/A,-9999,-9999,N/A,-9999,-9999,-9999,-9999,-9999,-9999,-9999,-9999,-9999
78,124.227395,124.227315631,-9999,1090074,-9999,661047.7,7.6,-1,-9999,-9999,-9999,-9999,-9999,-9999,-9999,unassigned,N/A,-9999,-9999,N/A,-9999,-9999,-9999,-9999,-9999,-9999,-9999,-9999,-9999
79,124.239667,124.239587626,-9999,1036147.9,-9999,582162.6,7.1,-1,-9999,-9999,-9999,-9999,-9999,-9999,-9999,unassigned,N/A,-9999,-9999,N/A,-9999,-9999,-9999,-9999,-9999,-9999,-9999,-9999,-9999
80,124.276472,124.276392612,-9999,1337297.5,-9999,896982,9.89,-1,-9999,-9999,-9999,-9999,-9999,-9999,-9999,unassigned,N/A,-9999,-9999,N/A,-9999,-9999,-9999,-9999,-9999,-9999,-9999,-9999,-9999
81,124.287693,124.287613608,-9999,1078411.3,-9999,711708.8,7.49,-1,-9999,-9999,-9999,-9999,-9999,-9999,-9999,unassigned,N/A,-9999,-9999,N/A,-9999,-9999,-9999,-9999,-9999,-9999,-9999,-9999,-9999
82,124.305252,124.305172602,-9999,1336534,-9999,728205.8,9.88,-1,-9999,-9999,-9999,-9999,-9999,-9999,-9999,unassigned,N/A,-9999,-9999,N/A,-9999,-9999,-9999,-9999,-9999,-9999,-9999,-9999,-9999
83,124.373545,124.373465577,-9999,1035216.7,-9999,857605.1,7.09,-1,-9999,-9999,-9999,-9999,-9999,-9999,-9999,unassigned,N/A,-9999,-9999,N/A,-9999,-9999,-9999,-9999,-9999,-9999,-9999,-9999,-9999
84,124.42787,124.427790556,-9999,1056025.3,-9999,589494.4,7.28,-1,-9999,-9999,-9999,-9999,-9999,-9999,-9999,unassigned,N/A,-9999,-9999,N/A,-9999,-9999,-9999,-9999,-9999,-9999,-9999,-9999,-9999
85,124.514503,124.514423524,-9999,1155591,-9999,661774.5,8.2,-1,-9999,-9999,-9999,-9999,-9999,-9999,-9999,unassigned,N/A,-9999,-9999,N/A,-9999,-9999,-9999,-9999,-9999,-9999,-9999,-9999,-9999
86,125.248726,125.248646253,-9999,1029331.7,-9999,890773.5,7.02,-1,-9999,-9999,-9999,-9999,-9999,-9999,-9999,unassigned,N/A,-9999,-9999,N/A,-9999,-9999,-9999,-9999,-9999,-9999,-9999,-9999,-9999
87,125.304768,125.304688232,-9999,1220893.8,-9999,724993.2,8.79,-1,-9999,-9999,-9999,-9999,-9999,-9999,-9999,unassigned,N/A,-9999,-9999,N/A,-9999,-9999,-9999,-9999,-9999,-9999,-9999,-9999,-9999
88,126.966171,126.966090617,-9999,1103068.8,-9999,615124.2,7.68,-1,-9999,-9999,-9999,-9999,-9999,-9999,-9999,unassigned,N/A,-9999,-9999,N/A,-9999,-9999,-9999,-9999,-9999,-9999,-9999,-9999,-9999
89,128.629911,128.629830001,-9999,1071855.3,-9999,875382.3,7.37,-1,-9999,-9999,-9999,-9999,-9999,-9999,-9999,unassigned,N/A,-9999,-9999,N/A,-9999,-9999,-9999,-9999,-9999,-9999,-9999,-9999,-9999
90,129.053675,129.053593844,-9999,1035664.1,-9999,724052.9,7.04,-1,-9999,-9999,-9999,-9999,-9999,-9999,-9999,unassigned,N/A,-9999,-9999,N/A,-9999,-9999,-9999,-9999,-9999,-9999,-9999,-9999,-9999
91,129.055518,129.055436844,-9999,5035360.5,-9999,722300.8,43.93,-1,-9999,-9999,-9999,-9999,-9999,-9999,-9999,unassigned,N/A,-9999,-9999,N/A,-9999,-9999,-9999,-9999,-9999,-9999,-9999,-9999,-9999
93,129.396928,129.396846717,-9999,1069310.4,-9999,816287.7,7.33,-1,-9999,-9999,-9999,-9999,-9999,-9999,-9999,unassigned,N/A,-9999,-9999,N/A,-9999,-9999,-9999,-9999,-9999,-9999,-9999,-9999,-9999
94,129.67227,129.672188615,-9999,1182316,-9999,755208.7,8.37,-1,-9999,-9999,-9999,-9999,-9999,-9999,-9999,unassigned,N/A,-9999,-9999,N/A,-9999,-9999,-9999,-9999,-9999,-9999,-9999,-9999,-9999
95,129.881003,129.880921538,-9999,1081287.9,-9999,560111.7,7.44,-1,-9999,-9999,-9999,-9999,-9999,-9999,-9999,unassigned,N/A,-9999,-9999,N/A,-9999,-9999,-9999,-9999,-9999,-9999,-9999,-9999,-9999
96,130.012495,130.012413489,-9999,1099518.1,-9999,634457.8,7.61,-1,-9999,-9999,-9999,-9999,-9999,-9999,-9999,unassigned,N/A,-9999,-9999,N/A,-9999,-9999,-9999,-9999,-9999,-9999,-9999,-9999,-9999
97,130.077079,130.076997465,-9999,1054065.1,-9999,500025.8,7.19,-1,-9999,-9999,-9999,-9999,-9999,-9999,-9999,unassigned,N/A,-9999,-9999,N/A,-9999,-9999,-9999,-9999,-9999,-9999,-9999,-9999,-9999
98,130.888966,130.888884165,-9999,1133334.6,-9999,1069050.4,7.92,-1,-9999,-9999,-9999,-9999,-9999,-9999,-9999,unassigned,N/A,-9999,-9999,N/A,-9999,-9999,-9999,-9999,-9999,-9999,-9999,-9999,-9999
99,131.32469,131.324608004,-9999,1054112.1,-9999,683361.8,7.17,-1,-9999,-9999,-9999,-9999,-9999,-9999,-9999,unassigned,N/A,-9999,-9999,N/A,-9999,-9999,-9999,-9999,-9999,-9999,-9999,-9999,-9999
100,131.415669,131.41558697,-9999,1067661.3,-9999,754728.6,7.29,-1,-9999,-9999,-9999,-9999,-9999,-9999,-9999,unassigned,N/A,-9999,-9999,N/A,-9999,-9999,-9999,-9999,-9999,-9999,-9999,-9999,-9999
101,131.551694,131.55161192,-9999,1134969.3,-9999,640759.8,7.91,-1,-9999,-9999,-9999,-9999,-9999,-9999,-9999,unassigned,N/A,-9999,-9999,N/A,-9999,-9999,-9999,-9999,-9999,-9999,-9999,-9999,-9999
102,131.646659,131.646576885,-9999,1037688.3,-9999,643066.4,7.02,-1,-9999,-9999,-9999,-9999,-9999,-9999,-9999,unassigned,N/A,-9999,-9999,N/A,-9999,-9999,-9999,-9999,-9999,-9999,-9999,-9999,-9999
103,132.810995,132.810912454,-9999,1062802.3,-9999,592586.7,7.23,-1,-9999,-9999,-9999,-9999,-9999,-9999,-9999,unassigned,N/A,-9999,-9999,N/A,-9999,-9999,-9999,-9999,-9999,-9999,-9999,-9999,-9999
104,133.170607,133.17052432,-9999,1211745.4,-9999,601286.5,8.59,-1,-9999,-9999,-9999,-9999,-9999,-9999,-9999,unassigned,N/A,-9999,-9999,N/A,-9999,-9999,-9999,-9999,-9999,-9999,-9999,-9999,-9999
105,134.752263,134.752179735,-9999,1066861.5,-9999,556867.8,7.24,-1,-9999,-9999,-9999,-9999,-9999,-9999,-9999,unassigned,N/A,-9999,-9999,N/A,-9999,-9999,-9999,-9999,-9999,-9999,-9999,-9999,-9999
106,135.132826,135.132742594,-9999,1043505.8,-9999,579543.9,7.03,-1,-9999,-9999,-9999,-9999,-9999,-9999,-9999,unassigned,N/A,-9999,-9999,N/A,-9999,-9999,-9999,-9999,-9999,-9999,-9999,-9999,-9999
107,135.980088,135.980004281,-9999,1050277,-9999,775222.3,7.07,-1,-9999,-9999,-9999,-9999,-9999,-9999,-9999,unassigned,N/A,-9999,-9999,N/A,-9999,-9999,-9999,-9999,-9999,-9999,-9999,-9999,-9999
108,136.060779,136.060695251,-9999,1056869.9,-9999,762658.2,7.13,-1,-9999,-9999,-9999,-9999,-9999,-9999,-9999,unassigned,N/A,-9999,-9999,N/A,-9999,-9999,-9999,-9999,-9999,-9999,-9999,-9999,-9999
109,136.091858,136.091774239,-9999,1070898.6,-9999,666674.8,7.26,-1,-9999,-9999,-9999,-9999,-9999,-9999,-9999,unassigned,N/A,-9999,-9999,N/A,-9999,-9999,-9999,-9999,-9999,-9999,-9999,-9999,-9999
110,136.146232,136.146148219,-9999,1129064.9,-9999,601500.5,7.79,-1,-9999,-9999,-9999,-9999,-9999,-9999,-9999,unassigned,N/A,-9999,-9999,N/A,-9999,-9999,-9999,-9999,-9999,-9999,-9999,-9999,-9999
111,136.47771,136.477626096,-9999,1170641.9,-9999,729730.9,8.17,-1,-9999,-9999,-9999,-9999,-9999,-9999,-9999,unassigned,N/A,-9999,-9999,N/A,-9999,-9999,-9999,-9999,-9999,-9999,-9999,-9999,-9999
112,136.659223,136.659139029,-9999,1093357.6,-9999,700949.4,7.46,-1,-9999,-9999,-9999,-9999,-9999,-9999,-9999,unassigned,N/A,-9999,-9999,N/A,-9999,-9999,-9999,-9999,-9999,-9999,-9999,-9999,-9999
113,137.402366,137.402281754,-9999,1115577.4,-9999,741683,7.66,-1,-9999,-9999,-9999,-9999,-9999,-9999,-9999,unassigned,N/A,-9999,-9999,N/A,-9999,-9999,-9999,-9999,-9999,-9999,-9999,-9999,-9999
114,137.513503,137.513418713,-9999,1157209.4,-9999,576217.6,8.02,-1,-9999,-9999,-9999,-9999,-9999,-9999,-9999,unassigned,N/A,-9999,-9999,N/A,-9999,-9999,-9999,-9999,-9999,-9999,-9999,-9999,-9999
115,137.553813,137.553728698,-9999,1078618.9,-9999,725705.5,7.31,-1,-9999,-9999,-9999,-9999,-9999,-9999,-9999,unassigned,N/A,-9999,-9999,N/A,-9999,-9999,-9999,-9999,-9999,-9999,-9999,-9999,-9999
116,138.580088,138.580003318,-9999,1059519.5,-9999,497413,7.13,-1,-9999,-9999,-9999,-9999,-9999,-9999,-9999,unassigned,N/A,-9999,-9999,N/A,-9999,-9999,-9999,-9999,-9999,-9999,-9999,-9999,-9999
117,139.594029,139.593943943,-9999,1050798,-9999,622517.4,7.03,-1,-9999,-9999,-9999,-9999,-9999,-9999,-9999,unassigned,N/A,-9999,-9999,N/A,-9999,-9999,-9999,-9999,-9999,-9999,-9999,-9999,-9999
118,139.784777,139.784691872,-9999,1079654.6,-9999,639336.7,7.29,-1,-9999,-9999,-9999,-9999,-9999,-9999,-9999,unassigned,N/A,-9999,-9999,N/A,-9999,-9999,-9999,-9999,-9999,-9999,-9999,-9999,-9999
119,140.326117,140.326031672,-9999,1234052.9,-9999,607166.3,8.69,-1,-9999,-9999,-9999,-9999,-9999,-9999,-9999,unassigned,N/A,-9999,-9999,N/A,-9999,-9999,-9999,-9999,-9999,-9999,-9999,-9999,-9999
120,140.577032,140.576946579,-9999,1059948,-9999,612946.1,7.11,-1,-9999,-9999,-9999,-9999,-9999,-9999,-9999,unassigned,N/A,-9999,-9999,N/A,-9999,-9999,-9999,-9999,-9999,-9999,-9999,-9999,-9999
121,140.715129,140.715043528,-9999,1085438,-9999,838523.1,7.34,-1,-9999,-9999,-9999,-9999,-9999,-9999,-9999,unassigned,N/A,-9999,-9999,N/A,-9999,-9999,-9999,-9999,-9999,-9999,-9999,-9999,-9999
122,140.9441,140.944014443,-9999,1050299.9,-9999,542114.2,7.02,-1,-9999,-9999,-9999,-9999,-9999,-9999,-9999,unassigned,N/A,-9999,-9999,N/A,-9999,-9999,-9999,-9999,-9999,-9999,-9999,-9999,-9999
123,141.966446,141.966360065,-9999,1099998.6,-9999,638238.2,7.44,-1,-9999,-9999,-9999,-9999,-9999,-9999,-9999,unassigned,N/A,-9999,-9999,N/A,-9999,-9999,-9999,-9999,-9999,-9999,-9999,-9999,-9999
124,142.329631,142.32954493,-9999,1161826.9,-9999,540422.4,8,-1,-9999,-9999,-9999,-9999,-9999,-9999,-9999,unassigned,N/A,-9999,-9999,N/A,-9999,-9999,-9999,-9999,-9999,-9999,-9999,-9999,-9999
125,143.164173,143.164086622,-9999,1133718.8,-9999,656262.5,7.72,-1,-9999,-9999,-9999,-9999,-9999,-9999,-9999,unassigned,N/A,-9999,-9999,N/A,-9999,-9999,-9999,-9999,-9999,-9999,-9999,-9999,-9999
126,143.935795,143.935708336,-9999,1060449.9,-9999,927982.7,7.06,-1,-9999,-9999,-9999,-9999,-9999,-9999,-9999,unassigned,N/A,-9999,-9999,N/A,-9999,-9999,-9999,-9999,-9999,-9999,-9999,-9999,-9999
127,144.096835,144.096748276,-9999,1123029.1,-9999,558778.1,7.62,-1,-9999,-9999,-9999,-9999,-9999,-9999,-9999,unassigned,N/A,-9999,-9999,N/A,-9999,-9999,-9999,-9999,-9999,-9999,-9999,-9999,-9999
128,144.200861,144.200774238,-9999,1065419.1,-9999,618047.4,7.1,-1,-9999,-9999,-9999,-9999,-9999,-9999,-9999,unassigned,N/A,-9999,-9999,N/A,-9999,-9999,-9999,-9999,-9999,-9999,-9999,-9999,-9999
129,144.61599,144.615903084,-9999,1218051.4,-9999,708512.3,8.48,-1,-9999,-9999,-9999,-9999,-9999,-9999,-9999,unassigned,N/A,-9999,-9999,N/A,-9999,-9999,-9999,-9999,-9999,-9999,-9999,-9999,-9999
130,144.8698,144.86971299,-9999,6485768.5,-9999,569653.3,55.9,-1,-9999,-9999,-9999,-9999,-9999,-9999,-9999,unassigned,N/A,-9999,-9999,N/A,-9999,-9999,-9999,-9999,-9999,-9999,-9999,-9999,-9999
133,145.577415,145.577327728,-9999,1068222.6,-9999,489020.3,7.1,-1,-9999,-9999,-9999,-9999,-9999,-9999,-9999,unassigned,N/A,-9999,-9999,N/A,-9999,-9999,-9999,-9999,-9999,-9999,-9999,-9999,-9999
134,146.815687,146.81559927,-9999,1075352.1,-9999,698002.6,7.14,-1,-9999,-9999,-9999,-9999,-9999,-9999,-9999,unassigned,N/A,-9999,-9999,N/A,-9999,-9999,-9999,-9999,-9999,-9999,-9999,-9999,-9999
135,146.866495,146.866407251,-9999,2304435.8,-9999,681995.4,18.18,-1,-9999,-9999,-9999,-9999,-9999,-9999,-9999,unassigned,N/A,-9999,-9999,N/A,-9999,-9999,-9999,-9999,-9999,-9999,-9999,-9999,-9999
136,146.866863,146.866775251,-9999,5793588,-9999,692948.2,49.52,-1,-9999,-9999,-9999,-9999,-9999,-9999,-9999,unassigned,N/A,-9999,-9999,N/A,-9999,-9999,-9999,-9999,-9999,-9999,-9999,-9999,-9999
137,147.093525,147.093437167,-9999,1114879.3,-9999,442395.6,7.49,-1,-9999,-9999,-9999,-9999,-9999,-9999,-9999,unassigned,N/A,-9999,-9999,N/A,-9999,-9999,-9999,-9999,-9999,-9999,-9999,-9999,-9999
138,147.460005,147.459917032,-9999,1063127.4,-9999,645058.8,7.03,-1,-9999,-9999,-9999,-9999,-9999,-9999,-9999,unassigned,N/A,-9999,-9999,N/A,-9999,-9999,-9999,-9999,-9999,-9999,-9999,-9999,-9999
139,147.521108,147.521020009,-9999,1102936.9,-9999,840515.1,7.39,-1,-9999,-9999,-9999,-9999,-9999,-9999,-9999,unassigned,N/A,-9999,-9999,N/A,-9999,-9999,-9999,-9999,-9999,-9999,-9999,-9999,-9999
140,148.168425,148.168336769,-9999,1086365.3,-9999,614275.4,7.23,-1,-9999,-9999,-9999,-9999,-9999,-9999,-9999,unassigned,N/A,-9999,-9999,N/A,-9999,-9999,-9999,-9999,-9999,-9999,-9999,-9999,-9999
141,148.40761,148.407521681,-9999,1157057.6,-9999,611544.2,7.87,-1,-9999,-9999,-9999,-9999,-9999,-9999,-9999,unassigned,N/A,-9999,-9999,N/A,-9999,-9999,-9999,-9999,-9999,-9999,-9999,-9999,-9999
142,148.6635,148.663411586,-9999,1264687.8,-9999,533454.9,8.81,-1,-9999,-9999,-9999,-9999,-9999,-9999,-9999,unassigned,N/A,-9999,-9999,N/A,-9999,-9999,-9999,-9999,-9999,-9999,-9999,-9999,-9999
143,148.690661,148.690572576,-9999,1094526.9,-9999,704451.2,7.28,-1,-9999,-9999,-9999,-9999,-9999,-9999,-9999,unassigned,N/A,-9999,-9999,N/A,-9999,-9999,-9999,-9999,-9999,-9999,-9999,-9999,-9999
144,148.863921,148.863832512,-9999,2119167.3,-9999,732615.5,16.46,-1,-9999,-9999,-9999,-9999,-9999,-9999,-9999,unassigned,N/A,-9999,-9999,N/A,-9999,-9999,-9999,-9999,-9999,-9999,-9999,-9999,-9999
145,149.333624,149.333535338,-9999,1142405.8,-9999,667913.2,7.71,-1,-9999,-9999,-9999,-9999,-9999,-9999,-9999,unassigned,N/A,-9999,-9999,N/A,-9999,-9999,-9999,-9999,-9999,-9999,-9999,-9999,-9999
146,149.804624,149.804535164,-9999,1146350.4,-9999,565430,7.74,-1,-9999,-9999,-9999,-9999,-9999,-9999,-9999,unassigned,N/A,-9999,-9999,N/A,-9999,-9999,-9999,-9999,-9999,-9999,-9999,-9999,-9999
147,149.860927,149.860838143,-9999,1075790,-9999,468200.3,7.11,-1,-9999,-9999,-9999,-9999,-9999,-9999,-9999,unassigned,N/A,-9999,-9999,N/A,-9999,-9999,-9999,-9999,-9999,-9999,-9999,-9999,-9999
148,150.622786,150.622696861,-9999,1170012.8,-9999,437226.4,7.93,-1,-9999,-9999,-9999,-9999,-9999,-9999,-9999,unassigned,N/A,-9999,-9999,N/A,-9999,-9999,-9999,-9999,-9999,-9999,-9999,-9999,-9999
149,150.886786,150.886696763,-9999,1826546.8,-9999,740824.8,13.79,-1,-9999,-9999,-9999,-9999,-9999,-9999,-9999,unassigned,N/A,-9999,-9999,N/A,-9999,-9999,-9999,-9999,-9999,-9999,-9999,-9999,-9999
150,151.861076,151.860986403,-9999,1089470.8,-9999,590564.8,7.2,-1,-9999,-9999,-9999,-9999,-9999,-9999,-9999,unassigned,N/A,-9999,-9999,N/A,-9999,-9999,-9999,-9999,-9999,-9999,-9999,-9999,-9999
151,152.20527,152.205180275,-9999,1075428.1,-9999,651801.7,7.07,-1,-9999,-9999,-9999,-9999,-9999,-9999,-9999,unassigned,N/A,-9999,-9999,N/A,-9999,-9999,-9999,-9999,-9999,-9999,-9999,-9999,-9999
152,152.662476,152.662386106,-9999,1089579,-9999,727783.3,7.18,-1,-9999,-9999,-9999,-9999,-9999,-9999,-9999,unassigned,N/A,-9999,-9999,N/A,-9999,-9999,-9999,-9999,-9999,-9999,-9999,-9999,-9999
153,153.151266,153.151175925,-9999,1190212.8,-9999,416048.2,8.07,-1,-9999,-9999,-9999,-9999,-9999,-9999,-9999,unassigned,N/A,-9999,-9999,N/A,-9999,-9999,-9999,-9999,-9999,-9999,-9999,-9999,-9999
154,154.42593,154.425839453,-9999,1152166.4,-9999,676200.1,7.73,-1,-9999,-9999,-9999,-9999,-9999,-9999,-9999,unassigned,N/A,-9999,-9999,N/A,-9999,-9999,-9999,-9999,-9999,-9999,-9999,-9999,-9999
155,154.462718,154.46262744,-9999,1096699.8,-9999,718560.4,7.23,-1,-9999,-9999,-9999,-9999,-9999,-9999,-9999,unassigned,N/A,-9999,-9999,N/A,-9999,-9999,-9999,-9999,-9999,-9999,-9999,-9999,-9999
156,154.841627,154.841536299,-9999,1101367.6,-9999,652970.9,7.25,-1,-9999,-9999,-9999,-9999,-9999,-9999,-9999,unassigned,N/A,-9999,-9999,N/A,-9999,-9999,-9999,-9999,-9999,-9999,-9999,-9999,-9999
157,155.626503,155.626412009,-9999,1246047.9,-9999,608378.9,8.53,-1,-9999,-9999,-9999,-9999,-9999,-9999,-9999,unassigned,N/A,-9999,-9999,N/A,-9999,-9999,-9999,-9999,-9999,-9999,-9999,-9999,-9999
158,155.847094,155.847002927,-9999,1121952.1,-9999,624716.6,7.43,-1,-9999,-9999,-9999,-9999,-9999,-9999,-9999,unassigned,N/A,-9999,-9999,N/A,-9999,-9999,-9999,-9999,-9999,-9999,-9999,-9999,-9999
159,155.918446,155.918354901,-9999,1080105.8,-9999,492942.7,7.06,-1,-9999,-9999,-9999,-9999,-9999,-9999,-9999,unassigned,N/A,-9999,-9999,N/A,-9999,-9999,-9999,-9999,-9999,-9999,-9999,-9999,-9999
160,156.328065,156.327973749,-9999,1119288.1,-9999,680081.4,7.4,-1,-9999,-9999,-9999,-9999,-9999,-9999,-9999,unassigned,N/A,-9999,-9999,N/A,-9999,-9999,-9999,-9999,-9999,-9999,-9999,-9999,-9999
161,157.452517,157.452425333,-9999,1083686.5,-9999,545019.1,7.06,-1,-9999,-9999,-9999,-9999,-9999,-9999,-9999,unassigned,N/A,-9999,-9999,N/A,-9999,-9999,-9999,-9999,-9999,-9999,-9999,-9999,-9999
163,159.422269,159.422176604,-9999,1228606.1,-9999,574929.1,8.3,-1,-9999,-9999,-9999,-9999,-9999,-9999,-9999,unassigned,N/A,-9999,-9999,N/A,-9999,-9999,-9999,-9999,-9999,-9999,-9999,-9999,-9999
164,159.637123,159.637030525,-9999,1199290.5,-9999,505626.7,8.04,-1,-9999,-9999,-9999,-9999,-9999,-9999,-9999,unassigned,N/A,-9999,-9999,N/A,-9999,-9999,-9999,-9999,-9999,-9999,-9999,-9999,-9999
165,159.659917,159.659824516,-9999,1166279.6,-9999,575044.4,7.75,-1,-9999,-9999,-9999,-9999,-9999,-9999,-9999,unassigned,N/A,-9999,-9999,N/A,-9999,-9999,-9999,-9999,-9999,-9999,-9999,-9999,-9999
166,159.844911,159.844818448,-9999,2456114.5,-9999,669491.9,19.13,-1,-9999,-9999,-9999,-9999,-9999,-9999,-9999,unassigned,N/A,-9999,-9999,N/A,-9999,-9999,-9999,-9999,-9999,-9999,-9999,-9999,-9999
167,159.845287,159.845194447,-9999,6525491,-9999,750891.9,55.04,-1,-9999,-9999,-9999,-9999,-9999,-9999,-9999,unassigned,N/A,-9999,-9999,N/A,-9999,-9999,-9999,-9999,-9999,-9999,-9999,-9999,-9999
168,160.84181,160.841717079,-9999,5422705,-9999,711187.8,45.31,-1,-9999,-9999,-9999,-9999,-9999,-9999,-9999,unassigned,N/A,-9999,-9999,N/A,-9999,-9999,-9999,-9999,-9999,-9999,-9999,-9999,-9999
169,160.842177,160.842084079,-9999,13542001,-9999,706915.2,116.96,-1,-9999,-9999,-9999,-9999,-9999,-9999,-9999,unassigned,N/A,-9999,-9999,N/A,-9999,-9999,-9999,-9999,-9999,-9999,-9999,-9999,-9999
170,161.657738,161.657644777,-9999,1259973,-9999,671864,8.54,-1,-9999,-9999,-9999,-9999,-9999,-9999,-9999,unassigned,N/A,-9999,-9999,N/A,-9999,-9999,-9999,-9999,-9999,-9999,-9999,-9999,-9999
171,161.841922,161.841828708,-9999,2390190.3,-9999,704255.9,18.48,-1,-9999,-9999,-9999,-9999,-9999,-9999,-9999,unassigned,N/A,-9999,-9999,N/A,-9999,-9999,-9999,-9999,-9999,-9999,-9999,-9999,-9999
172,161.842327,161.842233708,-9999,7778990.5,-9999,680413,65.88,-1,-9999,-9999,-9999,-9999,-9999,-9999,-9999,unassigned,N/A,-9999,-9999,N/A,-9999,-9999,-9999,-9999,-9999,-9999,-9999,-9999,-9999
173,161.92010200000001,161.92000868,-9999,1115930.9,-9999,597500.4,7.27,-1,-9999,-9999,-9999,-9999,-9999,-9999,-9999,unassigned,N/A,-9999,-9999,N/A,-9999,-9999,-9999,-9999,-9999,-9999,-9999,-9999,-9999
174,161.949415,161.949321669,-9999,1121835.6,-9999,612495.8,7.33,-1,-9999,-9999,-9999,-9999,-9999,-9999,-9999,unassigned,N/A,-9999,-9999,N/A,-9999,-9999,-9999,-9999,-9999,-9999,-9999,-9999,-9999
175,162.760197,162.760103369,-9999,1272696.6,-9999,494085.8,8.65,-1,-9999,-9999,-9999,-9999,-9999,-9999,-9999,unassigned,N/A,-9999,-9999,N/A,-9999,-9999,-9999,-9999,-9999,-9999,-9999,-9999,-9999
176,162.838836,162.838742339,-9999,4862181,-9999,730264.7,40.22,-1,-9999,-9999,-9999,-9999,-9999,-9999,-9999,unassigned,N/A,-9999,-9999,N/A,-9999,-9999,-9999,-9999,-9999,-9999,-9999,-9999,-9999
177,162.839214,162.839120339,-9999,17613542,-9999,679899.8,152.38,-1,-9999,-9999,-9999,-9999,-9999,-9999,-9999,unassigned,N/A,-9999,-9999,N/A,-9999,-9999,-9999,-9999,-9999,-9999,-9999,-9999,-9999
178,162.8422,162.842106338,-9999,2660199.3,-9999,689061.1,20.85,-1,-9999,-9999,-9999,-9999,-9999,-9999,-9999,unassigned,N/A,-9999,-9999,N/A,-9999,-9999,-9999,-9999,-9999,-9999,-9999,-9999,-9999
179,162.842562,162.842468338,-9999,13050599,-9999,665622.6,112.25,-1,-9999,-9999,-9999,-9999,-9999,-9999,-9999,unassigned,N/A,-9999,-9999,N/A,-9999,-9999,-9999,-9999,-9999,-9999,-9999,-9999,-9999
181,163.421247,163.421153124,-9999,1217070.1,-9999,600737.2,8.16,-1,-9999,-9999,-9999,-9999,-9999,-9999,-9999,unassigned,N/A,-9999,-9999,N/A,-9999,-9999,-9999,-9999,-9999,-9999,-9999,-9999,-9999
182,163.839366,163.839271969,-9999,2769433.3,-9999,736794.6,21.81,-1,-9999,-9999,-9999,-9999,-9999,-9999,-9999,unassigned,N/A,-9999,-9999,N/A,-9999,-9999,-9999,-9999,-9999,-9999,-9999,-9999,-9999
183,164.835886,164.8357916,-9999,1582789,-9999,600060.2,11.33,-1,-9999,-9999,-9999,-9999,-9999,-9999,-9999,unassigned,N/A,-9999,-9999,N/A,-9999,-9999,-9999,-9999,-9999,-9999,-9999,-9999,-9999
184,164.836282,164.8361876,-9999,5278021,-9999,742755.3,43.72,-1,-9999,-9999,-9999,-9999,-9999,-9999,-9999,unassigned,N/A,-9999,-9999,N/A,-9999,-9999,-9999,-9999,-9999,-9999,-9999,-9999,-9999
185,164.837653,164.8375586,-9999,1641670,-9999,816826,11.84,-1,-9999,-9999,-9999,-9999,-9999,-9999,-9999,unassigned,N/A,-9999,-9999,N/A,-9999,-9999,-9999,-9999,-9999,-9999,-9999,-9999,-9999
186,164.838013,164.8379186,-9999,4230214,-9999,681695.9,34.54,-1,-9999,-9999,-9999,-9999,-9999,-9999,-9999,unassigned,N/A,-9999,-9999,N/A,-9999,-9999,-9999,-9999,-9999,-9999,-9999,-9999,-9999
187,164.839263,164.839168599,-9999,3600454.8,-9999,708844.9,29.02,-1,-9999,-9999,-9999,-9999,-9999,-9999,-9999,unassigned,N/A,-9999,-9999,N/A,-9999,-9999,-9999,-9999,-9999,-9999,-9999,-9999,-9999
188,164.839621,164.839526599,-9999,12465991,-9999,667162.2,106.74,-1,-9999,-9999,-9999,-9999,-9999,-9999,-9999,unassigned,N/A,-9999,-9999,N/A,-9999,-9999,-9999,-9999,-9999,-9999,-9999,-9999,-9999
190,165.149751,165.149656484,-9999,1152754.8,-9999,668052.4,7.56,-1,-9999,-9999,-9999,-9999,-9999,-9999,-9999,unassigned,N/A,-9999,-9999,N/A,-9999,-9999,-9999,-9999,-9999,-9999,-9999,-9999,-9999
191,166.134286,166.13419112,-9999,1169103.1,-9999,653785.5,7.7,-1,-9999,-9999,-9999,-9999,-9999,-9999,-9999,unassigned,N/A,-9999,-9999,N/A,-9999,-9999,-9999,-9999,-9999,-9999,-9999,-9999,-9999
192,166.834719,166.834623861,-9999,1296395,-9999,843639.6,8.78,-1,-9999,-9999,-9999,-9999,-9999,-9999,-9999,unassigned,N/A,-9999,-9999,N/A,-9999,-9999,-9999,-9999,-9999,-9999,-9999,-9999,-9999
193,166.835068,166.83497286,-9999,5368203,-9999,680690.4,44.35,-1,-9999,-9999,-9999,-9999,-9999,-9999,-9999,unassigned,N/A,-9999,-9999,N/A,-9999,-9999,-9999,-9999,-9999,-9999,-9999,-9999,-9999
194,166.835559,166.83546386,-9999,1171211.4,-9999,864281.4,7.68,-1,-9999,-9999,-9999,-9999,-9999,-9999,-9999,unassigned,N/A,-9999,-9999,N/A,-9999,-9999,-9999,-9999,-9999,-9999,-9999,-9999,-9999
195,166.836304,166.83620886,-9999,1500555.8,-9999,726578.8,10.56,-1,-9999,-9999,-9999,-9999,-9999,-9999,-9999,unassigned,N/A,-9999,-9999,N/A,-9999,-9999,-9999,-9999,-9999,-9999,-9999,-9999,-9999
196,166.836665,166.83656986,-9999,4869004,-9999,708682.7,39.99,-1,-9999,-9999,-9999,-9999,-9999,-9999,-9999,unassigned,N/A,-9999,-9999,N/A,-9999,-9999,-9999,-9999,-9999,-9999,-9999,-9999,-9999
197,167.587488,167.587392582,-9999,1142494.6,-9999,459361.1,7.43,-1,-9999,-9999,-9999,-9999,-9999,-9999,-9999,unassigned,N/A,-9999,-9999,N/A,-9999,-9999,-9999,-9999,-9999,-9999,-9999,-9999,-9999
198,168.832112,168.832016121,-9999,2267310.8,-9999,693805.1,17.25,-1,-9999,-9999,-9999,-9999,-9999,-9999,-9999,unassigned,N/A,-9999,-9999,N/A,-9999,-9999,-9999,-9999,-9999,-9999,-9999,-9999,-9999
199,168.83638,168.83628412,-9999,3489457,-9999,645415.7,27.93,-1,-9999,-9999,-9999,-9999,-9999,-9999,-9999,unassigned,N/A,-9999,-9999,N/A,-9999,-9999,-9999,-9999,-9999,-9999,-9999,-9999,-9999
201,169.264446,169.264349961,-9999,1288719.3,-9999,603135.8,8.67,-1,-9999,-9999,-9999,-9999,-9999,-9999,-9999,unassigned,N/A,-9999,-9999,N/A,-9999,-9999,-9999,-9999,-9999,-9999,-9999,-9999,-9999
202,170.833185,170.833088381,-9999,1783468.8,-9999,917306.7,12.97,-1,-9999,-9999,-9999,-9999,-9999,-9999,-9999,unassigned,N/A,-9999,-9999,N/A,-9999,-9999,-9999,-9999,-9999,-9999,-9999,-9999,-9999
203,170.833463,170.83336638,-9999,3252652.8,-9999,809640.1,25.76,-1,-9999,-9999,-9999,-9999,-9999,-9999,-9999,unassigned,N/A,-9999,-9999,N/A,-9999,-9999,-9999,-9999,-9999,-9999,-9999,-9999,-9999
204,171.011947,171.011850314,-9999,1767045.9,-9999,683273.4,12.83,-1,-9999,-9999,-9999,-9999,-9999,-9999,-9999,unassigned,N/A,-9999,-9999,N/A,-9999,-9999,-9999,-9999,-9999,-9999,-9999,-9999,-9999
207,171.406193,171.406096168,-9999,1103561.1,-9999,436607.9,7.05,-1,-9999,-9999,-9999,-9999,-9999,-9999,-9999,unassigned,N/A,-9999,-9999,N/A,-9999,-9999,-9999,-9999,-9999,-9999,-9999,-9999,-9999
208,172.015607,172.015509943,-9999,1325939.1,-9999,724746.7,8.95,-1,-9999,-9999,-9999,-9999,-9999,-9999,-9999,unassigned,N/A,-9999,-9999,N/A,-9999,-9999,-9999,-9999,-9999,-9999,-9999,-9999,-9999
210,172.83028,172.830182641,-9999,1597050.3,-9999,919390.8,11.3,-1,-9999,-9999,-9999,-9999,-9999,-9999,-9999,unassigned,N/A,-9999,-9999,N/A,-9999,-9999,-9999,-9999,-9999,-9999,-9999,-9999,-9999
211,172.83205,172.831952641,-9999,1240827.1,-9999,740254.5,8.21,-1,-9999,-9999,-9999,-9999,-9999,-9999,-9999,unassigned,N/A,-9999,-9999,N/A,-9999,-9999,-9999,-9999,-9999,-9999,-9999,-9999,-9999
212,172.84313,172.843032637,-9999,1305216.4,-9999,656455.2,8.77,-1,-9999,-9999,-9999,-9999,-9999,-9999,-9999,unassigned,N/A,-9999,-9999,N/A,-9999,-9999,-9999,-9999,-9999,-9999,-9999,-9999,-9999
213,173.081728,173.081630548,-9999,1442417.1,-9999,719131,9.95,-1,-9999,-9999,-9999,-9999,-9999,-9999,-9999,unassigned,N/A,-9999,-9999,N/A,-9999,-9999,-9999,-9999,-9999,-9999,-9999,-9999,-9999
216,174.772348,174.772249923,-9999,1261754.3,-9999,456387.1,8.35,-1,-9999,-9999,-9999,-9999,-9999,-9999,-9999,unassigned,N/A,-9999,-9999,N/A,-9999,-9999,-9999,-9999,-9999,-9999,-9999,-9999,-9999
217,174.829145,174.829046902,-9999,1609875.6,-9999,667743,11.36,-1,-9999,-9999,-9999,-9999,-9999,-9999,-9999,unassigned,N/A,-9999,-9999,N/A,-9999,-9999,-9999,-9999,-9999,-9999,-9999,-9999,-9999
218,174.862565,174.862466889,-9999,1159330.6,-9999,540113.4,7.47,-1,-9999,-9999,-9999,-9999,-9999,-9999,-9999,unassigned,N/A,-9999,-9999,N/A,-9999,-9999,-9999,-9999,-9999,-9999,-9999,-9999,-9999
220,175.837975,175.837876528,-9999,1168174.6,-9999,479016.1,7.54,-1,-9999,-9999,-9999,-9999,-9999,-9999,-9999,unassigned,N/A,-9999,-9999,N/A,-9999,-9999,-9999,-9999,-9999,-9999,-9999,-9999,-9999
221,176.426575,176.42647631,-9999,1136841.6,-9999,489069.2,7.26,-1,-9999,-9999,-9999,-9999,-9999,-9999,-9999,unassigned,N/A,-9999,-9999,N/A,-9999,-9999,-9999,-9999,-9999,-9999,-9999,-9999,-9999
222,177.536542,177.536442899,-9999,1162259.8,-9999,665586.6,7.47,-1,-9999,-9999,-9999,-9999,-9999,-9999,-9999,unassigned,N/A,-9999,-9999,N/A,-9999,-9999,-9999,-9999,-9999,-9999,-9999,-9999,-9999
225,180.060524,180.060423965,-9999,1153238,-9999,439644.2,7.36,-1,-9999,-9999,-9999,-9999,-9999,-9999,-9999,unassigned,N/A,-9999,-9999,N/A,-9999,-9999,-9999,-9999,-9999,-9999,-9999,-9999,-9999
227,182.250215,182.250114155,-9999,1188544.9,-9999,613520.6,7.66,-1,-9999,-9999,-9999,-9999,-9999,-9999,-9999,unassigned,N/A,-9999,-9999,N/A,-9999,-9999,-9999,-9999,-9999,-9999,-9999,-9999,-9999
229,183.827009,183.826907571,-9999,1373099,-9999,606239,9.23,-1,-9999,-9999,-9999,-9999,-9999,-9999,-9999,unassigned,N/A,-9999,-9999,N/A,-9999,-9999,-9999,-9999,-9999,-9999,-9999,-9999,-9999
230,184.899576,184.899474174,-9999,2370658.8,-9999,668588.3,17.79,-1,-9999,-9999,-9999,-9999,-9999,-9999,-9999,unassigned,N/A,-9999,-9999,N/A,-9999,-9999,-9999,-9999,-9999,-9999,-9999,-9999,-9999
234,186.896672,186.896569435,-9999,2241146.8,-9999,683166.8,16.64,-1,-9999,-9999,-9999,-9999,-9999,-9999,-9999,unassigned,N/A,-9999,-9999,N/A,-9999,-9999,-9999,-9999,-9999,-9999,-9999,-9999,-9999
236,187.014477,187.014374391,-9999,2446744.8,-9999,673135.1,18.4,-1,-9999,-9999,-9999,-9999,-9999,-9999,-9999,unassigned,N/A,-9999,-9999,N/A,-9999,-9999,-9999,-9999,-9999,-9999,-9999,-9999,-9999
239,187.097354,187.097251361,-9999,3878829.5,-9999,931013.6,30.68,-1,-9999,-9999,-9999,-9999,-9999,-9999,-9999,unassigned,N/A,-9999,-9999,N/A,-9999,-9999,-9999,-9999,-9999,-9999,-9999,-9999,-9999
244,189.011588,189.011484652,-9999,1205111.4,-9999,451438.6,7.76,-1,-9999,-9999,-9999,-9999,-9999,-9999,-9999,unassigned,N/A,-9999,-9999,N/A,-9999,-9999,-9999,-9999,-9999,-9999,-9999,-9999,-9999
247,189.647407,189.647303417,-9999,1142277,-9999,491981.6,7.2,-1,-9999,-9999,-9999,-9999,-9999,-9999,-9999,unassigned,N/A,-9999,-9999,N/A,-9999,-9999,-9999,-9999,-9999,-9999,-9999,-9999,-9999
249,192.248064,192.247959454,-9999,1187158.4,-9999,460494.3,7.58,-1,-9999,-9999,-9999,-9999,-9999,-9999,-9999,unassigned,N/A,-9999,-9999,N/A,-9999,-9999,-9999,-9999,-9999,-9999,-9999,-9999,-9999
253,193.815725,193.815619874,-9999,2762801.3,-9999,606724.5,21,-1,-9999,-9999,-9999,-9999,-9999,-9999,-9999,unassigned,N/A,-9999,-9999,N/A,-9999,-9999,-9999,-9999,-9999,-9999,-9999,-9999,-9999
257,195.810642,195.810536136,-9999,5429877,-9999,846801.5,43.76,-1,-9999,-9999,-9999,-9999,-9999,-9999,-9999,unassigned,N/A,-9999,-9999,N/A,-9999,-9999,-9999,-9999,-9999,-9999,-9999,-9999,-9999
258,195.81105,195.810944136,-9999,41036404,-9999,563238.7,347.58,-1,-9999,-9999,-9999,-9999,-9999,-9999,-9999,unassigned,N/A,-9999,-9999,N/A,-9999,-9999,-9999,-9999,-9999,-9999,-9999,-9999,-9999
259,195.812767,195.812661135,-9999,3223157.5,-9999,584717.9,24.93,-1,-9999,-9999,-9999,-9999,-9999,-9999,-9999,unassigned,N/A,-9999,-9999,N/A,-9999,-9999,-9999,-9999,-9999,-9999,-9999,-9999,-9999
263,197.807673,197.807566397,-9999,7275413,-9999,865827.3,59.36,-1,-9999,-9999,-9999,-9999,-9999,-9999,-9999,unassigned,N/A,-9999,-9999,N/A,-9999,-9999,-9999,-9999,-9999,-9999,-9999,-9999,-9999
264,197.808096,197.807989396,-9999,53050260,-9999,555076.9,449,-1,-9999,-9999,-9999,-9999,-9999,-9999,-9999,unassigned,N/A,-9999,-9999,N/A,-9999,-9999,-9999,-9999,-9999,-9999,-9999,-9999,-9999
265,198.808542,198.808435026,-9999,1470744.5,-9999,520403.5,9.95,-1,-9999,-9999,-9999,-9999,-9999,-9999,-9999,unassigned,N/A,-9999,-9999,N/A,-9999,-9999,-9999,-9999,-9999,-9999,-9999,-9999,-9999
266,198.873128,198.873021002,-9999,1160768.8,-9999,304527.5,7.31,-1,-9999,-9999,-9999,-9999,-9999,-9999,-9999,unassigned,N/A,-9999,-9999,N/A,-9999,-9999,-9999,-9999,-9999,-9999,-9999,-9999,-9999
267,198.940167,198.940059977,-9999,9111593,-9999,526758.7,74.99,-1,-9999,-9999,-9999,-9999,-9999,-9999,-9999,unassigned,N/A,-9999,-9999,N/A,-9999,-9999,-9999,-9999,-9999,-9999,-9999,-9999,-9999
272,199.804707,199.804599657,-9999,3143316,-9999,753955.2,24.12,-1,-9999,-9999,-9999,-9999,-9999,-9999,-9999,unassigned,N/A,-9999,-9999,N/A,-9999,-9999,-9999,-9999,-9999,-9999,-9999,-9999,-9999
273,199.805145,199.805037657,-9999,27147412,-9999,539557.8,227.94,-1,-9999,-9999,-9999,-9999,-9999,-9999,-9999,unassigned,N/A,-9999,-9999,N/A,-9999,-9999,-9999,-9999,-9999,-9999,-9999,-9999,-9999
275,200.101051,200.100943548,-9999,1127863.3,-9999,693583.8,7.01,-1,-9999,-9999,-9999,-9999,-9999,-9999,-9999,unassigned,N/A,-9999,-9999,N/A,-9999,-9999,-9999,-9999,-9999,-9999,-9999,-9999,-9999
276,200.937689,200.937581238,-9999,1629975.8,-9999,962187.4,11.27,-1,-9999,-9999,-9999,-9999,-9999,-9999,-9999,unassigned,N/A,-9999,-9999,N/A,-9999,-9999,-9999,-9999,-9999,-9999,-9999,-9999,-9999
277,200.93812,200.938012238,-9999,9231640,-9999,558623.2,75.82,-1,-9999,-9999,-9999,-9999,-9999,-9999,-9999,unassigned,N/A,-9999,-9999,N/A,-9999,-9999,-9999,-9999,-9999,-9999,-9999,-9999,-9999
282,201.802188,201.802079918,-9999,5500790.5,-9999,538290.3,44.14,-1,-9999,-9999,-9999,-9999,-9999,-9999,-9999,unassigned,N/A,-9999,-9999,N/A,-9999,-9999,-9999,-9999,-9999,-9999,-9999,-9999,-9999
284,202.828476,202.828367538,-9999,4522465,-9999,538527.2,35.83,-1,-9999,-9999,-9999,-9999,-9999,-9999,-9999,unassigned,N/A,-9999,-9999,N/A,-9999,-9999,-9999,-9999,-9999,-9999,-9999,-9999,-9999
286,203.794778,203.794669181,-9999,1688512,-9999,483892.7,11.74,-1,-9999,-9999,-9999,-9999,-9999,-9999,-9999,unassigned,N/A,-9999,-9999,N/A,-9999,-9999,-9999,-9999,-9999,-9999,-9999,-9999,-9999
287,204.791676,204.791566812,-9999,6271645,-9999,551417.2,50.55,-1,-9999,-9999,-9999,-9999,-9999,-9999,-9999,unassigned,N/A,-9999,-9999,N/A,-9999,-9999,-9999,-9999,-9999,-9999,-9999,-9999,-9999
288,204.825517,204.825407799,-9999,6424224,-9999,556630.3,51.84,-1,-9999,-9999,-9999,-9999,-9999,-9999,-9999,unassigned,N/A,-9999,-9999,N/A,-9999,-9999,-9999,-9999,-9999,-9999,-9999,-9999,-9999
291,205.792728,205.792618441,-9999,1964789.4,-9999,585935.3,14.08,-1,-9999,-9999,-9999,-9999,-9999,-9999,-9999,unassigned,N/A,-9999,-9999,N/A,-9999,-9999,-9999,-9999,-9999,-9999,-9999,-9999,-9999
292,206.788741,206.788631072,-9999,4110665.3,-9999,512103.8,32.25,-1,-9999,-9999,-9999,-9999,-9999,-9999,-9999,unassigned,N/A,-9999,-9999,N/A,-9999,-9999,-9999,-9999,-9999,-9999,-9999,-9999,-9999
293,206.789611,206.789501072,-9999,5908297.5,-9999,545303.2,47.47,-1,-9999,-9999,-9999,-9999,-9999,-9999,-9999,unassigned,N/A,-9999,-9999,N/A,-9999,-9999,-9999,-9999,-9999,-9999,-9999,-9999,-9999
294,206.792077,206.791967071,-9999,4854601.5,-9999,494418.1,38.55,-1,-9999,-9999,-9999,-9999,-9999,-9999,-9999,unassigned,N/A,-9999,-9999,N/A,-9999,-9999,-9999,-9999,-9999,-9999,-9999,-9999,-9999
295,206.822566,206.82245606,-9999,3160396,-9999,582804.9,24.2,-1,-9999,-9999,-9999,-9999,-9999,-9999,-9999,unassigned,N/A,-9999,-9999,N/A,-9999,-9999,-9999,-9999,-9999,-9999,-9999,-9999,-9999
299,208.78668,208.786569333,-9999,4480487,-9999,513927.5,35.28,-1,-9999,-9999,-9999,-9999,-9999,-9999,-9999,unassigned,N/A,-9999,-9999,N/A,-9999,-9999,-9999,-9999,-9999,-9999,-9999,-9999,-9999
300,208.787553,208.787442333,-9999,2252775,-9999,554567.7,16.47,-1,-9999,-9999,-9999,-9999,-9999,-9999,-9999,unassigned,N/A,-9999,-9999,N/A,-9999,-9999,-9999,-9999,-9999,-9999,-9999,-9999,-9999
301,208.789121,208.789010332,-9999,3684839.3,-9999,543556.8,28.56,-1,-9999,-9999,-9999,-9999,-9999,-9999,-9999,unassigned,N/A,-9999,-9999,N/A,-9999,-9999,-9999,-9999,-9999,-9999,-9999,-9999,-9999
302,208.790048,208.789937332,-9999,5438951.5,-9999,510865.6,43.38,-1,-9999,-9999,-9999,-9999,-9999,-9999,-9999,unassigned,N/A,-9999,-9999,N/A,-9999,-9999,-9999,-9999,-9999,-9999,-9999,-9999,-9999
303,208.84539,208.845279311,-9999,3591659.5,-9999,540159.2,27.78,-1,-9999,-9999,-9999,-9999,-9999,-9999,-9999,unassigned,N/A,-9999,-9999,N/A,-9999,-9999,-9999,-9999,-9999,-9999,-9999,-9999,-9999
304,208.867096,208.866985303,-9999,1426797.1,-9999,500545.3,9.49,-1,-9999,-9999,-9999,-9999,-9999,-9999,-9999,unassigned,N/A,-9999,-9999,N/A,-9999,-9999,-9999,-9999,-9999,-9999,-9999,-9999,-9999
308,209.082999,209.082888223,-9999,1227261.5,-9999,526274.4,7.81,-1,-9999,-9999,-9999,-9999,-9999,-9999,-9999,unassigned,N/A,-9999,-9999,N/A,-9999,-9999,-9999,-9999,-9999,-9999,-9999,-9999,-9999
309,210.596043,210.595931663,-9999,1135980.6,-9999,415458.9,7.03,-1,-9999,-9999,-9999,-9999,-9999,-9999,-9999,unassigned,N/A,-9999,-9999,N/A,-9999,-9999,-9999,-9999,-9999,-9999,-9999,-9999,-9999
310,210.784568,210.784456594,-9999,2451322,-9999,509516.7,18.14,-1,-9999,-9999,-9999,-9999,-9999,-9999,-9999,unassigned,N/A,-9999,-9999,N/A,-9999,-9999,-9999,-9999,-9999,-9999,-9999,-9999,-9999
311,210.785481,210.785369593,-9999,2153338.3,-9999,510952,15.63,-1,-9999,-9999,-9999,-9999,-9999,-9999,-9999,unassigned,N/A,-9999,-9999,N/A,-9999,-9999,-9999,-9999,-9999,-9999,-9999,-9999,-9999
312,210.787098,210.786986593,-9999,3695226.3,-9999,529805.1,28.65,-1,-9999,-9999,-9999,-9999,-9999,-9999,-9999,unassigned,N/A,-9999,-9999,N/A,-9999,-9999,-9999,-9999,-9999,-9999,-9999,-9999,-9999
313,210.84246,210.842348572,-9999,5591166.5,-9999,492696.5,44.66,-1,-9999,-9999,-9999,-9999,-9999,-9999,-9999,unassigned,N/A,-9999,-9999,N/A,-9999,-9999,-9999,-9999,-9999,-9999,-9999,-9999,-9999
317,211.120413,211.120301469,-9999,1313810.1,-9999,442879,8.51,-1,-9999,-9999,-9999,-9999,-9999,-9999,-9999,unassigned,N/A,-9999,-9999,N/A,-9999,-9999,-9999,-9999,-9999,-9999,-9999,-9999,-9999
319,212.58165,212.581537928,-9999,1158392.5,-9999,574155.7,7.2,-1,-9999,-9999,-9999,-9999,-9999,-9999,-9999,unassigned,N/A,-9999,-9999,N/A,-9999,-9999,-9999,-9999,-9999,-9999,-9999,-9999,-9999
320,212.782551,212.782438854,-9999,1851142.5,-9999,429278.3,13.04,-1,-9999,-9999,-9999,-9999,-9999,-9999,-9999,unassigned,N/A,-9999,-9999,N/A,-9999,-9999,-9999,-9999,-9999,-9999,-9999,-9999,-9999
321,212.83952,212.839407833,-9999,2763786.5,-9999,515691.8,20.72,-1,-9999,-9999,-9999,-9999,-9999,-9999,-9999,unassigned,N/A,-9999,-9999,N/A,-9999,-9999,-9999,-9999,-9999,-9999,-9999,-9999,-9999
322,212.886916,212.886803815,-9999,1523725.6,-9999,550707.2,10.28,-1,-9999,-9999,-9999,-9999,-9999,-9999,-9999,unassigned,N/A,-9999,-9999,N/A,-9999,-9999,-9999,-9999,-9999,-9999,-9999,-9999,-9999
328,213.619115,213.619002544,-9999,1165888.1,-9999,418915.2,7.26,-1,-9999,-9999,-9999,-9999,-9999,-9999,-9999,unassigned,N/A,-9999,-9999,N/A,-9999,-9999,-9999,-9999,-9999,-9999,-9999,-9999,-9999
332,214.836498,214.836385094,-9999,1291027.9,-9999,485012,8.32,-1,-9999,-9999,-9999,-9999,-9999,-9999,-9999,unassigned,N/A,-9999,-9999,N/A,-9999,-9999,-9999,-9999,-9999,-9999,-9999,-9999,-9999
333,214.935046,214.934933057,-9999,2572442.8,-9999,472754,19.11,-1,-9999,-9999,-9999,-9999,-9999,-9999,-9999,unassigned,N/A,-9999,-9999,N/A,-9999,-9999,-9999,-9999,-9999,-9999,-9999,-9999,-9999
335,215.032869,215.032756021,-9999,1478561.4,-9999,573889.2,9.9,-1,-9999,-9999,-9999,-9999,-9999,-9999,-9999,unassigned,N/A,-9999,-9999,N/A,-9999,-9999,-9999,-9999,-9999,-9999,-9999,-9999,-9999
341,216.073893,216.073779636,-9999,1139177.5,-9999,510185.3,7.02,-1,-9999,-9999,-9999,-9999,-9999,-9999,-9999,unassigned,N/A,-9999,-9999,N/A,-9999,-9999,-9999,-9999,-9999,-9999,-9999,-9999,-9999
344,216.152929,216.152815607,-9999,1263343,-9999,456597.2,8.06,-1,-9999,-9999,-9999,-9999,-9999,-9999,-9999,unassigned,N/A,-9999,-9999,N/A,-9999,-9999,-9999,-9999,-9999,-9999,-9999,-9999,-9999
345,216.832917,216.832803355,-9999,1583006.6,-9999,477492.5,10.74,-1,-9999,-9999,-9999,-9999,-9999,-9999,-9999,unassigned,N/A,-9999,-9999,N/A,-9999,-9999,-9999,-9999,-9999,-9999,-9999,-9999,-9999
346,216.933025,216.932911318,-9999,2844453.8,-9999,494057.2,21.34,-1,-9999,-9999,-9999,-9999,-9999,-9999,-9999,unassigned,N/A,-9999,-9999,N/A,-9999,-9999,-9999,-9999,-9999,-9999,-9999,-9999,-9999
352,220.146993,220.146878128,-9999,1340306.8,-9999,460540.4,8.68,-1,-9999,-9999,-9999,-9999,-9999,-9999,-9999,unassigned,N/A,-9999,-9999,N/A,-9999,-9999,-9999,-9999,-9999,-9999,-9999,-9999,-9999
353,220.282213,220.282098078,-9999,1150173.3,-9999,357111.7,7.09,-1,-9999,-9999,-9999,-9999,-9999,-9999,-9999,unassigned,N/A,-9999,-9999,N/A,-9999,-9999,-9999,-9999,-9999,-9999,-9999,-9999,-9999
361,222.952756,222.95264009,-9999,1142330.3,-9999,324028.3,7.02,-1,-9999,-9999,-9999,-9999,-9999,-9999,-9999,unassigned,N/A,-9999,-9999,N/A,-9999,-9999,-9999,-9999,-9999,-9999,-9999,-9999,-9999
372,226.816336,226.81621866,-9999,1357043.9,-9999,499617.8,8.79,-1,-9999,-9999,-9999,-9999,-9999,-9999,-9999,unassigned,N/A,-9999,-9999,N/A,-9999,-9999,-9999,-9999,-9999,-9999,-9999,-9999,-9999
373,226.971451,226.971333602,-9999,5887365,-9999,469268.4,46.6,-1,-9999,-9999,-9999,-9999,-9999,-9999,-9999,unassigned,N/A,-9999,-9999,N/A,-9999,-9999,-9999,-9999,-9999,-9999,-9999,-9999,-9999
382,228.933038,228.932919876,-9999,1334121,-9999,684524.3,8.55,-1,-9999,-9999,-9999,-9999,-9999,-9999,-9999,unassigned,N/A,-9999,-9999,N/A,-9999,-9999,-9999,-9999,-9999,-9999,-9999,-9999,-9999
383,228.969424,228.969305863,-9999,5524077.5,-9999,443306.5,43.33,-1,-9999,-9999,-9999,-9999,-9999,-9999,-9999,unassigned,N/A,-9999,-9999,N/A,-9999,-9999,-9999,-9999,-9999,-9999,-9999,-9999,-9999
389,230.123102,230.122983436,-9999,1157888.9,-9999,412740,7.08,-1,-9999,-9999,-9999,-9999,-9999,-9999,-9999,unassigned,N/A,-9999,-9999,N/A,-9999,-9999,-9999,-9999,-9999,-9999,-9999,-9999,-9999
391,230.929985,230.929866137,-9999,1427310.4,-9999,338279.2,9.32,-1,-9999,-9999,-9999,-9999,-9999,-9999,-9999,unassigned,N/A,-9999,-9999,N/A,-9999,-9999,-9999,-9999,-9999,-9999,-9999,-9999,-9999
392,230.94875,230.94863113,-9999,1205745,-9999,553948.5,7.48,-1,-9999,-9999,-9999,-9999,-9999,-9999,-9999,unassigned,N/A,-9999,-9999,N/A,-9999,-9999,-9999,-9999,-9999,-9999,-9999,-9999,-9999
400,232.860804,232.860684423,-9999,1176458.8,-9999,624586.6,7.23,-1,-9999,-9999,-9999,-9999,-9999,-9999,-9999,unassigned,N/A,-9999,-9999,N/A,-9999,-9999,-9999,-9999,-9999,-9999,-9999,-9999,-9999
401,232.927944,232.927824398,-9999,1264533.3,-9999,572240.5,7.96,-1,-9999,-9999,-9999,-9999,-9999,-9999,-9999,unassigned,N/A,-9999,-9999,N/A,-9999,-9999,-9999,-9999,-9999,-9999,-9999,-9999,-9999
411,236.105569,236.105448222,-9999,8836784,-9999,443856.4,70.38,-1,-9999,-9999,-9999,-9999,-9999,-9999,-9999,unassigned,N/A,-9999,-9999,N/A,-9999,-9999,-9999,-9999,-9999,-9999,-9999,-9999,-9999
412,236.966082,236.965960903,-9999,2449744,-9999,486752.2,17.69,-1,-9999,-9999,-9999,-9999,-9999,-9999,-9999,unassigned,N/A,-9999,-9999,N/A,-9999,-9999,-9999,-9999,-9999,-9999,-9999,-9999,-9999
415,237.108859,237.10873785,-9999,1162603,-9999,542391.1,7.07,-1,-9999,-9999,-9999,-9999,-9999,-9999,-9999,unassigned,N/A,-9999,-9999,N/A,-9999,-9999,-9999,-9999,-9999,-9999,-9999,-9999,-9999
416,238.956181,238.956059166,-9999,1635287.1,-9999,512525.5,10.89,-1,-9999,-9999,-9999,-9999,-9999,-9999,-9999,unassigned,N/A,-9999,-9999,N/A,-9999,-9999,-9999,-9999,-9999,-9999,-9999,-9999,-9999
423,239.760535,239.760412869,-9999,8319357.5,-9999,441306.3,65.69,-1,-9999,-9999,-9999,-9999,-9999,-9999,-9999,unassigned,N/A,-9999,-9999,N/A,-9999,-9999,-9999,-9999,-9999,-9999,-9999,-9999,-9999
425,240.864698,240.86457546,-9999,1180137,-9999,405783.1,7.16,-1,-9999,-9999,-9999,-9999,-9999,-9999,-9999,unassigned,N/A,-9999,-9999,N/A,-9999,-9999,-9999,-9999,-9999,-9999,-9999,-9999,-9999
426,240.95075,240.950627428,-9999,3103867.8,-9999,497779.4,22.93,-1,-9999,-9999,-9999,-9999,-9999,-9999,-9999,unassigned,N/A,-9999,-9999,N/A,-9999,-9999,-9999,-9999,-9999,-9999,-9999,-9999,-9999
427,240.953206,240.953083427,-9999,1250172.3,-9999,605300.5,7.73,-1,-9999,-9999,-9999,-9999,-9999,-9999,-9999,unassigned,N/A,-9999,-9999,N/A,-9999,-9999,-9999,-9999,-9999,-9999,-9999,-9999,-9999
437,241.757622,241.75749913,-9999,8214317.5,-9999,439546.5,64.82,-1,-9999,-9999,-9999,-9999,-9999,-9999,-9999,unassigned,N/A,-9999,-9999,N/A,-9999,-9999,-9999,-9999,-9999,-9999,-9999,-9999,-9999
438,241.75848,241.758357129,-9999,7967534,-9999,444804.3,62.8,-1,-9999,-9999,-9999,-9999,-9999,-9999,-9999,unassigned,N/A,-9999,-9999,N/A,-9999,-9999,-9999,-9999,-9999,-9999,-9999,-9999,-9999
441,242.930024,242.929900696,-9999,2196279.5,-9999,439845.6,15.49,-1,-9999,-9999,-9999,-9999,-9999,-9999,-9999,unassigned,N/A,-9999,-9999,N/A,-9999,-9999,-9999,-9999,-9999,-9999,-9999,-9999,-9999
442,242.948674,242.948550689,-9999,3600955.8,-9999,465911.1,27,-1,-9999,-9999,-9999,-9999,-9999,-9999,-9999,unassigned,N/A,-9999,-9999,N/A,-9999,-9999,-9999,-9999,-9999,-9999,-9999,-9999,-9999
443,242.966429,242.966305682,-9999,2272832,-9999,461100.4,16.11,-1,-9999,-9999,-9999,-9999,-9999,-9999,-9999,unassigned,N/A,-9999,-9999,N/A,-9999,-9999,-9999,-9999,-9999,-9999,-9999,-9999,-9999
447,243.133679,243.13355562,-9999,43577448,-9999,428752.3,354.71,-1,-9999,-9999,-9999,-9999,-9999,-9999,-9999,unassigned,N/A,-9999,-9999,N/A,-9999,-9999,-9999,-9999,-9999,-9999,-9999,-9999,-9999
453,243.754733,243.75460939,-9999,3613431.8,-9999,435397.4,27.1,-1,-9999,-9999,-9999,-9999,-9999,-9999,-9999,unassigned,N/A,-9999,-9999,N/A,-9999,-9999,-9999,-9999,-9999,-9999,-9999,-9999,-9999
454,243.755554,243.75543039,-9999,9941240,-9999,433794.8,78.45,-1,-9999,-9999,-9999,-9999,-9999,-9999,-9999,unassigned,N/A,-9999,-9999,N/A,-9999,-9999,-9999,-9999,-9999,-9999,-9999,-9999,-9999
456,244.137049,244.136925249,-9999,7017810.5,-9999,428663.9,54.64,-1,-9999,-9999,-9999,-9999,-9999,-9999,-9999,unassigned,N/A,-9999,-9999,N/A,-9999,-9999,-9999,-9999,-9999,-9999,-9999,-9999,-9999
458,244.92796,244.927835956,-9999,2430992.3,-9999,459658,17.29,-1,-9999,-9999,-9999,-9999,-9999,-9999,-9999,unassigned,N/A,-9999,-9999,N/A,-9999,-9999,-9999,-9999,-9999,-9999,-9999,-9999,-9999
459,244.964338,244.964213943,-9999,2369561,-9999,411611.2,16.79,-1,-9999,-9999,-9999,-9999,-9999,-9999,-9999,unassigned,N/A,-9999,-9999,N/A,-9999,-9999,-9999,-9999,-9999,-9999,-9999,-9999,-9999
466,245.286708,245.286583823,-9999,1196903.6,-9999,540487.8,7.24,-1,-9999,-9999,-9999,-9999,-9999,-9999,-9999,unassigned,N/A,-9999,-9999,N/A,-9999,-9999,-9999,-9999,-9999,-9999,-9999,-9999,-9999
467,245.752589,245.752464651,-9999,2931930.3,-9999,439971.3,21.37,-1,-9999,-9999,-9999,-9999,-9999,-9999,-9999,unassigned,N/A,-9999,-9999,N/A,-9999,-9999,-9999,-9999,-9999,-9999,-9999,-9999,-9999
469,246.806597,246.806472261,-9999,1383137.8,-9999,370336.5,8.75,-1,-9999,-9999,-9999,-9999,-9999,-9999,-9999,unassigned,N/A,-9999,-9999,N/A,-9999,-9999,-9999,-9999,-9999,-9999,-9999,-9999,-9999
480,249.107901,249.107775409,-9999,2211893.5,-9999,462783.8,15.5,-1,-9999,-9999,-9999,-9999,-9999,-9999,-9999,unassigned,N/A,-9999,-9999,N/A,-9999,-9999,-9999,-9999,-9999,-9999,-9999,-9999,-9999
485,250.739104,250.738977805,-9999,1815019.3,-9999,454898,12.18,-1,-9999,-9999,-9999,-9999,-9999,-9999,-9999,unassigned,N/A,-9999,-9999,N/A,-9999,-9999,-9999,-9999,-9999,-9999,-9999,-9999,-9999
486,250.741581,250.741454804,-9999,1430763.9,-9999,559023.9,9.07,-1,-9999,-9999,-9999,-9999,-9999,-9999,-9999,unassigned,N/A,-9999,-9999,N/A,-9999,-9999,-9999,-9999,-9999,-9999,-9999,-9999,-9999
487,250.853732,250.853605763,-9999,1455882.4,-9999,408096.1,9.27,-1,-9999,-9999,-9999,-9999,-9999,-9999,-9999,unassigned,N/A,-9999,-9999,N/A,-9999,-9999,-9999,-9999,-9999,-9999,-9999,-9999,-9999
488,250.981728,250.981601716,-9999,8073261.5,-9999,422224.9,62.78,-1,-9999,-9999,-9999,-9999,-9999,-9999,-9999,unassigned,N/A,-9999,-9999,N/A,-9999,-9999,-9999,-9999,-9999,-9999,-9999,-9999,-9999
497,251.14219,251.142063656,-9999,1256793.3,-9999,496344.9,7.66,-1,-9999,-9999,-9999,-9999,-9999,-9999,-9999,unassigned,N/A,-9999,-9999,N/A,-9999,-9999,-9999,-9999,-9999,-9999,-9999,-9999,-9999
498,252.73706,252.736933066,-9999,1866515.1,-9999,389676.2,12.59,-1,-9999,-9999,-9999,-9999,-9999,-9999,-9999,unassigned,N/A,-9999,-9999,N/A,-9999,-9999,-9999,-9999,-9999,-9999,-9999,-9999,-9999
499,252.739523,252.739396065,-9999,3280403.8,-9999,417863.8,24.02,-1,-9999,-9999,-9999,-9999,-9999,-9999,-9999,unassigned,N/A,-9999,-9999,N/A,-9999,-9999,-9999,-9999,-9999,-9999,-9999,-9999,-9999
507,254.182629,254.182501531,-9999,1203756.3,-9999,360130.7,7.23,-1,-9999,-9999,-9999,-9999,-9999,-9999,-9999,unassigned,N/A,-9999,-9999,N/A,-9999,-9999,-9999,-9999,-9999,-9999,-9999,-9999,-9999
508,254.73758,254.737452325,-9999,1546827.3,-9999,451056.7,10,-1,-9999,-9999,-9999,-9999,-9999,-9999,-9999,unassigned,N/A,-9999,-9999,N/A,-9999,-9999,-9999,-9999,-9999,-9999,-9999,-9999,-9999
509,254.770174,254.770046313,-9999,4119636.8,-9999,446058.9,30.8,-1,-9999,-9999,-9999,-9999,-9999,-9999,-9999,unassigned,N/A,-9999,-9999,N/A,-9999,-9999,-9999,-9999,-9999,-9999,-9999,-9999,-9999
510,254.966383,254.966255241,-9999,2025869.3,-9999,405630.7,13.87,-1,-9999,-9999,-9999,-9999,-9999,-9999,-9999,unassigned,N/A,-9999,-9999,N/A,-9999,-9999,-9999,-9999,-9999,-9999,-9999,-9999,-9999
521,256.767237,256.767108574,-9999,7328410,-9999,410335.9,56.34,-1,-9999,-9999,-9999,-9999,-9999,-9999,-9999,unassigned,N/A,-9999,-9999,N/A,-9999,-9999,-9999,-9999,-9999,-9999,-9999,-9999,-9999
522,256.94562,256.945491508,-9999,1571534.3,-9999,457404.3,10.12,-1,-9999,-9999,-9999,-9999,-9999,-9999,-9999,unassigned,N/A,-9999,-9999,N/A,-9999,-9999,-9999,-9999,-9999,-9999,-9999,-9999,-9999
523,256.964387,256.964258501,-9999,2208979.8,-9999,404021.3,15.24,-1,-9999,-9999,-9999,-9999,-9999,-9999,-9999,unassigned,N/A,-9999,-9999,N/A,-9999,-9999,-9999,-9999,-9999,-9999,-9999,-9999,-9999
524,256.982055,256.981926495,-9999,2016985,-9999,470193.2,13.7,-1,-9999,-9999,-9999,-9999,-9999,-9999,-9999,unassigned,N/A,-9999,-9999,N/A,-9999,-9999,-9999,-9999,-9999,-9999,-9999,-9999,-9999
536,258.76427,258.764140835,-9999,5322986.5,-9999,424775.8,40.23,-1,-9999,-9999,-9999,-9999,-9999,-9999,-9999,unassigned,N/A,-9999,-9999,N/A,-9999,-9999,-9999,-9999,-9999,-9999,-9999,-9999,-9999
537,258.943665,258.943535769,-9999,1235488.5,-9999,489825.9,7.42,-1,-9999,-9999,-9999,-9999,-9999,-9999,-9999,unassigned,N/A,-9999,-9999,N/A,-9999,-9999,-9999,-9999,-9999,-9999,-9999,-9999,-9999
538,258.979957,258.979827755,-9999,1758763.4,-9999,380597.8,11.62,-1,-9999,-9999,-9999,-9999,-9999,-9999,-9999,unassigned,N/A,-9999,-9999,N/A,-9999,-9999,-9999,-9999,-9999,-9999,-9999,-9999,-9999
548,260.78711499999997,260.786985086,-9999,13570893,-9999,395960.8,106.44,-1,-9999,-9999,-9999,-9999,-9999,-9999,-9999,unassigned,N/A,-9999,-9999,N/A,-9999,-9999,-9999,-9999,-9999,-9999,-9999,-9999,-9999
549,260.892164,260.892034047,-9999,2317677.3,-9999,432324.7,16.1,-1,-9999,-9999,-9999,-9999,-9999,-9999,-9999,unassigned,N/A,-9999,-9999,N/A,-9999,-9999,-9999,-9999,-9999,-9999,-9999,-9999,-9999
550,260.956145,260.956015024,-9999,2990464.8,-9999,390200.8,21.5,-1,-9999,-9999,-9999,-9999,-9999,-9999,-9999,unassigned,N/A,-9999,-9999,N/A,-9999,-9999,-9999,-9999,-9999,-9999,-9999,-9999,-9999
551,260.976955,260.976825016,-9999,4133255,-9999,410819.8,30.68,-1,-9999,-9999,-9999,-9999,-9999,-9999,-9999,unassigned,N/A,-9999,-9999,N/A,-9999,-9999,-9999,-9999,-9999,-9999,-9999,-9999,-9999
556,262.784182,262.784051347,-9999,20952496,-9999,393383.1,164.46,-1,-9999,-9999,-9999,-9999,-9999,-9999,-9999,unassigned,N/A,-9999,-9999,N/A,-9999,-9999,-9999,-9999,-9999,-9999,-9999,-9999,-9999
557,262.890135,262.890004308,-9999,4531665,-9999,419865.7,33.62,-1,-9999,-9999,-9999,-9999,-9999,-9999,-9999,unassigned,N/A,-9999,-9999,N/A,-9999,-9999,-9999,-9999,-9999,-9999,-9999,-9999,-9999
558,262.974911,262.974780277,-9999,4358635,-9999,402601,32.24,-1,-9999,-9999,-9999,-9999,-9999,-9999,-9999,unassigned,N/A,-9999,-9999,N/A,-9999,-9999,-9999,-9999,-9999,-9999,-9999,-9999,-9999
560,263.04427,263.044139251,-9999,1772032.1,-9999,401965,11.63,-1,-9999,-9999,-9999,-9999,-9999,-9999,-9999,unassigned,N/A,-9999,-9999,N/A,-9999,-9999,-9999,-9999,-9999,-9999,-9999,-9999,-9999
569,264.781237,264.781105608,-9999,15491097,-9999,390953.3,120.94,-1,-9999,-9999,-9999,-9999,-9999,-9999,-9999,unassigned,N/A,-9999,-9999,N/A,-9999,-9999,-9999,-9999,-9999,-9999,-9999,-9999,-9999
570,264.850722,264.850590582,-9999,2248750.5,-9999,449401.1,15.42,-1,-9999,-9999,-9999,-9999,-9999,-9999,-9999,unassigned,N/A,-9999,-9999,N/A,-9999,-9999,-9999,-9999,-9999,-9999,-9999,-9999,-9999
571,264.888073,264.887941568,-9999,2170426.3,-9999,444793.7,14.8,-1,-9999,-9999,-9999,-9999,-9999,-9999,-9999,unassigned,N/A,-9999,-9999,N/A,-9999,-9999,-9999,-9999,-9999,-9999,-9999,-9999,-9999
572,264.997388,264.997256528,-9999,3997788,-9999,402676.2,29.36,-1,-9999,-9999,-9999,-9999,-9999,-9999,-9999,unassigned,N/A,-9999,-9999,N/A,-9999,-9999,-9999,-9999,-9999,-9999,-9999,-9999,-9999
580,265.132673,265.132541478,-9999,2009478.1,-9999,423052.3,13.51,-1,-9999,-9999,-9999,-9999,-9999,-9999,-9999,unassigned,N/A,-9999,-9999,N/A,-9999,-9999,-9999,-9999,-9999,-9999,-9999,-9999,-9999
586,266.089681,266.089549124,-9999,1762991.6,-9999,444852.7,11.55,-1,-9999,-9999,-9999,-9999,-9999,-9999,-9999,unassigned,N/A,-9999,-9999,N/A,-9999,-9999,-9999,-9999,-9999,-9999,-9999,-9999,-9999
588,266.241608,266.241476067,-9999,1196766.9,-9999,375278.9,7.04,-1,-9999,-9999,-9999,-9999,-9999,-9999,-9999,unassigned,N/A,-9999,-9999,N/A,-9999,-9999,-9999,-9999,-9999,-9999,-9999,-9999,-9999
589,266.572792,266.572659945,-9999,1204422,-9999,382616.8,7.1,-1,-9999,-9999,-9999,-9999,-9999,-9999,-9999,unassigned,N/A,-9999,-9999,N/A,-9999,-9999,-9999,-9999,-9999,-9999,-9999,-9999,-9999
590,266.77829,266.778157869,-9999,4932230,-9999,425690.2,36.8,-1,-9999,-9999,-9999,-9999,-9999,-9999,-9999,unassigned,N/A,-9999,-9999,N/A,-9999,-9999,-9999,-9999,-9999,-9999,-9999,-9999,-9999
591,266.80409,266.803957859,-9999,16460430,-9999,393054.5,128.65,-1,-9999,-9999,-9999,-9999,-9999,-9999,-9999,unassigned,N/A,-9999,-9999,N/A,-9999,-9999,-9999,-9999,-9999,-9999,-9999,-9999,-9999
592,266.825845,266.825712851,-9999,1480596.9,-9999,433965.1,9.3,-1,-9999,-9999,-9999,-9999,-9999,-9999,-9999,unassigned,N/A,-9999,-9999,N/A,-9999,-9999,-9999,-9999,-9999,-9999,-9999,-9999,-9999
593,266.848658,266.848525843,-9999,3736732,-9999,412559,27.27,-1,-9999,-9999,-9999,-9999,-9999,-9999,-9999,unassigned,N/A,-9999,-9999,N/A,-9999,-9999,-9999,-9999,-9999,-9999,-9999,-9999,-9999
602,267.129617,267.129484739,-9999,1213939.6,-9999,374335.9,7.17,-1,-9999,-9999,-9999,-9999,-9999,-9999,-9999,unassigned,N/A,-9999,-9999,N/A,-9999,-9999,-9999,-9999,-9999,-9999,-9999,-9999,-9999
606,268.801136,268.80100312,-9999,32460030,-9999,388449.8,254.13,-1,-9999,-9999,-9999,-9999,-9999,-9999,-9999,unassigned,N/A,-9999,-9999,N/A,-9999,-9999,-9999,-9999,-9999,-9999,-9999,-9999,-9999
607,268.827954,268.82782111,-9999,1963269.9,-9999,374671.2,13.03,-1,-9999,-9999,-9999,-9999,-9999,-9999,-9999,unassigned,N/A,-9999,-9999,N/A,-9999,-9999,-9999,-9999,-9999,-9999,-9999,-9999,-9999
608,268.846641,268.846508103,-9999,2298123.8,-9999,389639.8,15.68,-1,-9999,-9999,-9999,-9999,-9999,-9999,-9999,unassigned,N/A,-9999,-9999,N/A,-9999,-9999,-9999,-9999,-9999,-9999,-9999,-9999,-9999
622,270.798184,270.798050381,-9999,20578158,-9999,384921.2,160.19,-1,-9999,-9999,-9999,-9999,-9999,-9999,-9999,unassigned,N/A,-9999,-9999,N/A,-9999,-9999,-9999,-9999,-9999,-9999,-9999,-9999,-9999
623,270.845726,270.845592363,-9999,2086268,-9999,400038.4,14,-1,-9999,-9999,-9999,-9999,-9999,-9999,-9999,unassigned,N/A,-9999,-9999,N/A,-9999,-9999,-9999,-9999,-9999,-9999,-9999,-9999,-9999
624,270.961336,270.961202321,-9999,3750304,-9999,362221,27.16,-1,-9999,-9999,-9999,-9999,-9999,-9999,-9999,unassigned,N/A,-9999,-9999,N/A,-9999,-9999,-9999,-9999,-9999,-9999,-9999,-9999,-9999
635,271.742637,271.742503031,-9999,1341587.8,-9999,443055.4,8.11,-1,-9999,-9999,-9999,-9999,-9999,-9999,-9999,unassigned,N/A,-9999,-9999,N/A,-9999,-9999,-9999,-9999,-9999,-9999,-9999,-9999,-9999
640,272.795241,272.795106642,-9999,6689243.5,-9999,392715.1,50.39,-1,-9999,-9999,-9999,-9999,-9999,-9999,-9999,unassigned,N/A,-9999,-9999,N/A,-9999,-9999,-9999,-9999,-9999,-9999,-9999,-9999,-9999
641,272.842746,272.84261162400003,-9999,2048490.1,-9999,406932,13.7,-1,-9999,-9999,-9999,-9999,-9999,-9999,-9999,unassigned,N/A,-9999,-9999,N/A,-9999,-9999,-9999,-9999,-9999,-9999,-9999,-9999,-9999
642,272.959277,272.959142581,-9999,3090446.3,-9999,395176.4,21.93,-1,-9999,-9999,-9999,-9999,-9999,-9999,-9999,unassigned,N/A,-9999,-9999,N/A,-9999,-9999,-9999,-9999,-9999,-9999,-9999,-9999,-9999
649,273.926114,273.925979223,-9999,1257402.3,-9999,399949.6,7.44,-1,-9999,-9999,-9999,-9999,-9999,-9999,-9999,unassigned,N/A,-9999,-9999,N/A,-9999,-9999,-9999,-9999,-9999,-9999,-9999,-9999,-9999
650,273.972247,273.972112206,-9999,2006344.6,-9999,418732.3,13.25,-1,-9999,-9999,-9999,-9999,-9999,-9999,-9999,unassigned,N/A,-9999,-9999,N/A,-9999,-9999,-9999,-9999,-9999,-9999,-9999,-9999,-9999
653,275.036519,275.036383812,-9999,1583249.5,-9999,436519.3,9.93,-1,-9999,-9999,-9999,-9999,-9999,-9999,-9999,unassigned,N/A,-9999,-9999,N/A,-9999,-9999,-9999,-9999,-9999,-9999,-9999,-9999,-9999
661,276.761045,276.760909174,-9999,1356194.9,-9999,377639.6,8.15,-1,-9999,-9999,-9999,-9999,-9999,-9999,-9999,unassigned,N/A,-9999,-9999,N/A,-9999,-9999,-9999,-9999,-9999,-9999,-9999,-9999,-9999
662,276.850715,276.850579141,-9999,6137534.5,-9999,382060.3,45.64,-1,-9999,-9999,-9999,-9999,-9999,-9999,-9999,unassigned,N/A,-9999,-9999,N/A,-9999,-9999,-9999,-9999,-9999,-9999,-9999,-9999,-9999
663,276.8871,276.886964127,-9999,2284745.5,-9999,403754.6,15.43,-1,-9999,-9999,-9999,-9999,-9999,-9999,-9999,unassigned,N/A,-9999,-9999,N/A,-9999,-9999,-9999,-9999,-9999,-9999,-9999,-9999,-9999
669,277.102825,277.102689047,-9999,1367819.3,-9999,388848.5,8.24,-1,-9999,-9999,-9999,-9999,-9999,-9999,-9999,unassigned,N/A,-9999,-9999,N/A,-9999,-9999,-9999,-9999,-9999,-9999,-9999,-9999,-9999
681,278.758171,278.758034435,-9999,2739457.3,-9999,378196.9,18.99,-1,-9999,-9999,-9999,-9999,-9999,-9999,-9999,unassigned,N/A,-9999,-9999,N/A,-9999,-9999,-9999,-9999,-9999,-9999,-9999,-9999,-9999
682,278.84866,278.848523401,-9999,13496605,-9999,377669.6,103.34,-1,-9999,-9999,-9999,-9999,-9999,-9999,-9999,unassigned,N/A,-9999,-9999,N/A,-9999,-9999,-9999,-9999,-9999,-9999,-9999,-9999,-9999
683,278.885055,278.884918388,-9999,4081959.5,-9999,400366.9,29.52,-1,-9999,-9999,-9999,-9999,-9999,-9999,-9999,unassigned,N/A,-9999,-9999,N/A,-9999,-9999,-9999,-9999,-9999,-9999,-9999,-9999,-9999
686,279.05692,279.056783324,-9999,23984476,-9999,372370.5,185.57,-1,-9999,-9999,-9999,-9999,-9999,-9999,-9999,unassigned,N/A,-9999,-9999,N/A,-9999,-9999,-9999,-9999,-9999,-9999,-9999,-9999,-9999
691,279.118435,279.118298301,-9999,1282925.8,-9999,484971.6,7.57,-1,-9999,-9999,-9999,-9999,-9999,-9999,-9999,unassigned,N/A,-9999,-9999,N/A,-9999,-9999,-9999,-9999,-9999,-9999,-9999,-9999,-9999
697,279.154793,279.154656288,-9999,2124664.8,-9999,439011.9,14.17,-1,-9999,-9999,-9999,-9999,-9999,-9999,-9999,unassigned,N/A,-9999,-9999,N/A,-9999,-9999,-9999,-9999,-9999,-9999,-9999,-9999,-9999
703,280.068914,280.06877695,-9999,12049034,-9999,369383.4,91.98,-1,-9999,-9999,-9999,-9999,-9999,-9999,-9999,unassigned,N/A,-9999,-9999,N/A,-9999,-9999,-9999,-9999,-9999,-9999,-9999,-9999,-9999
704,280.150095,280.14995792,-9999,11346595,-9999,375139.3,86.48,-1,-9999,-9999,-9999,-9999,-9999,-9999,-9999,unassigned,N/A,-9999,-9999,N/A,-9999,-9999,-9999,-9999,-9999,-9999,-9999,-9999,-9999
705,280.755165,280.755027696,-9999,2063190.5,-9999,424660.7,13.68,-1,-9999,-9999,-9999,-9999,-9999,-9999,-9999,unassigned,N/A,-9999,-9999,N/A,-9999,-9999,-9999,-9999,-9999,-9999,-9999,-9999,-9999
706,280.846632,280.846494662,-9999,6485873.5,-9999,376915.1,48.36,-1,-9999,-9999,-9999,-9999,-9999,-9999,-9999,unassigned,N/A,-9999,-9999,N/A,-9999,-9999,-9999,-9999,-9999,-9999,-9999,-9999,-9999
707,280.882963,280.882825648,-9999,2965372.5,-9999,385744.9,20.76,-1,-9999,-9999,-9999,-9999,-9999,-9999,-9999,unassigned,N/A,-9999,-9999,N/A,-9999,-9999,-9999,-9999,-9999,-9999,-9999,-9999,-9999
713,281.112182,281.112044563,-9999,1254080.1,-9999,479954,7.26,-1,-9999,-9999,-9999,-9999,-9999,-9999,-9999,unassigned,N/A,-9999,-9999,N/A,-9999,-9999,-9999,-9999,-9999,-9999,-9999,-9999,-9999
717,281.152766,281.152628548,-9999,1507020.1,-9999,303413,9.22,-1,-9999,-9999,-9999,-9999,-9999,-9999,-9999,unassigned,N/A,-9999,-9999,N/A,-9999,-9999,-9999,-9999,-9999,-9999,-9999,-9999,-9999
718,281.170518,281.170380542,-9999,1772753.4,-9999,429968.4,11.29,-1,-9999,-9999,-9999,-9999,-9999,-9999,-9999,unassigned,N/A,-9999,-9999,N/A,-9999,-9999,-9999,-9999,-9999,-9999,-9999,-9999,-9999
721,282.084573,282.084435204,-9999,1917918.1,-9999,298677.2,12.41,-1,-9999,-9999,-9999,-9999,-9999,-9999,-9999,unassigned,N/A,-9999,-9999,N/A,-9999,-9999,-9999,-9999,-9999,-9999,-9999,-9999,-9999
722,282.179364,282.179226168,-9999,1234681.9,-9999,325314.9,7.11,-1,-9999,-9999,-9999,-9999,-9999,-9999,-9999,unassigned,N/A,-9999,-9999,N/A,-9999,-9999,-9999,-9999,-9999,-9999,-9999,-9999,-9999
723,282.778017,282.777878947,-9999,4067752.3,-9999,394988.2,29.09,-1,-9999,-9999,-9999,-9999,-9999,-9999,-9999,unassigned,N/A,-9999,-9999,N/A,-9999,-9999,-9999,-9999,-9999,-9999,-9999,-9999,-9999
736,283.710095,283.709956602,-9999,2814645.5,-9999,377045.2,19.36,-1,-9999,-9999,-9999,-9999,-9999,-9999,-9999,unassigned,N/A,-9999,-9999,N/A,-9999,-9999,-9999,-9999,-9999,-9999,-9999,-9999,-9999
740,284.775072,284.774933208,-9999,6807525.5,-9999,368615,50.35,-1,-9999,-9999,-9999,-9999,-9999,-9999,-9999,unassigned,N/A,-9999,-9999,N/A,-9999,-9999,-9999,-9999,-9999,-9999,-9999,-9999,-9999
741,284.940532,284.940393146,-9999,1235220.4,-9999,334112.9,7.11,-1,-9999,-9999,-9999,-9999,-9999,-9999,-9999,unassigned,N/A,-9999,-9999,N/A,-9999,-9999,-9999,-9999,-9999,-9999,-9999,-9999,-9999
742,284.976998,284.976859133,-9999,2288158.8,-9999,404971.9,15.28,-1,-9999,-9999,-9999,-9999,-9999,-9999,-9999,unassigned,N/A,-9999,-9999,N/A,-9999,-9999,-9999,-9999,-9999,-9999,-9999,-9999,-9999
750,285.147624,285.14748507,-9999,1570894.9,-9999,418035.9,9.71,-1,-9999,-9999,-9999,-9999,-9999,-9999,-9999,unassigned,N/A,-9999,-9999,N/A,-9999,-9999,-9999,-9999,-9999,-9999,-9999,-9999,-9999
754,285.707988,285.707848862,-9999,5025004.5,-9999,345267.5,36.51,-1,-9999,-9999,-9999,-9999,-9999,-9999,-9999,unassigned,N/A,-9999,-9999,N/A,-9999,-9999,-9999,-9999,-9999,-9999,-9999,-9999,-9999
758,286.772132,286.771992469,-9999,4041236.3,-9999,342897,28.88,-1,-9999,-9999,-9999,-9999,-9999,-9999,-9999,unassigned,N/A,-9999,-9999,N/A,-9999,-9999,-9999,-9999,-9999,-9999,-9999,-9999,-9999
759,286.956337,286.9561974,-9999,1233223,-9999,445073.9,7.09,-1,-9999,-9999,-9999,-9999,-9999,-9999,-9999,unassigned,N/A,-9999,-9999,N/A,-9999,-9999,-9999,-9999,-9999,-9999,-9999,-9999,-9999
760,286.974906,286.974766394,-9999,1818188,-9999,423603.4,11.62,-1,-9999,-9999,-9999,-9999,-9999,-9999,-9999,unassigned,N/A,-9999,-9999,N/A,-9999,-9999,-9999,-9999,-9999,-9999,-9999,-9999,-9999
771,287.705026,287.704886123,-9999,2582804,-9999,296693.4,17.56,-1,-9999,-9999,-9999,-9999,-9999,-9999,-9999,unassigned,N/A,-9999,-9999,N/A,-9999,-9999,-9999,-9999,-9999,-9999,-9999,-9999,-9999
772,287.74191,287.74177011,-9999,1274142.1,-9999,407069.2,7.4,-1,-9999,-9999,-9999,-9999,-9999,-9999,-9999,unassigned,N/A,-9999,-9999,N/A,-9999,-9999,-9999,-9999,-9999,-9999,-9999,-9999,-9999
775,288.7692,288.769059729,-9999,2036020.1,-9999,370290.4,13.16,-1,-9999,-9999,-9999,-9999,-9999,-9999,-9999,unassigned,N/A,-9999,-9999,N/A,-9999,-9999,-9999,-9999,-9999,-9999,-9999,-9999,-9999
778,289.052433,289.052292625,-9999,2053504.1,-9999,392358.7,13.3,-1,-9999,-9999,-9999,-9999,-9999,-9999,-9999,unassigned,N/A,-9999,-9999,N/A,-9999,-9999,-9999,-9999,-9999,-9999,-9999,-9999,-9999
789,290.984277,290.98413591,-9999,1969791.6,-9999,428148.3,12.65,-1,-9999,-9999,-9999,-9999,-9999,-9999,-9999,unassigned,N/A,-9999,-9999,N/A,-9999,-9999,-9999,-9999,-9999,-9999,-9999,-9999,-9999
796,291.118503,291.11836186,-9999,2051234.8,-9999,388548.1,13.28,-1,-9999,-9999,-9999,-9999,-9999,-9999,-9999,unassigned,N/A,-9999,-9999,N/A,-9999,-9999,-9999,-9999,-9999,-9999,-9999,-9999,-9999
800,291.191296,291.191154833,-9999,1344949.8,-9999,393293,7.86,-1,-9999,-9999,-9999,-9999,-9999,-9999,-9999,unassigned,N/A,-9999,-9999,N/A,-9999,-9999,-9999,-9999,-9999,-9999,-9999,-9999,-9999
804,292.845648,292.845506221,-9999,3811425.3,-9999,353935.2,26.78,-1,-9999,-9999,-9999,-9999,-9999,-9999,-9999,unassigned,N/A,-9999,-9999,N/A,-9999,-9999,-9999,-9999,-9999,-9999,-9999,-9999,-9999
805,292.864389,292.864247214,-9999,1931366,-9999,346940.9,12.35,-1,-9999,-9999,-9999,-9999,-9999,-9999,-9999,unassigned,N/A,-9999,-9999,N/A,-9999,-9999,-9999,-9999,-9999,-9999,-9999,-9999,-9999
807,293.036174,293.03603215,-9999,2502290,-9999,370847.2,16.73,-1,-9999,-9999,-9999,-9999,-9999,-9999,-9999,unassigned,N/A,-9999,-9999,N/A,-9999,-9999,-9999,-9999,-9999,-9999,-9999,-9999,-9999
818,293.170615,293.1704731,-9999,2329780.3,-9999,303763.6,15.41,-1,-9999,-9999,-9999,-9999,-9999,-9999,-9999,unassigned,N/A,-9999,-9999,N/A,-9999,-9999,-9999,-9999,-9999,-9999,-9999,-9999,-9999
822,293.206881,293.206739087,-9999,9519293,-9999,353095.2,70.58,-1,-9999,-9999,-9999,-9999,-9999,-9999,-9999,unassigned,N/A,-9999,-9999,N/A,-9999,-9999,-9999,-9999,-9999,-9999,-9999,-9999,-9999
824,294.070314,294.070171767,-9999,1479064.5,-9999,334617.2,8.88,-1,-9999,-9999,-9999,-9999,-9999,-9999,-9999,unassigned,N/A,-9999,-9999,N/A,-9999,-9999,-9999,-9999,-9999,-9999,-9999,-9999,-9999
827,294.210234,294.210091716,-9999,2013115.8,-9999,372608.3,12.98,-1,-9999,-9999,-9999,-9999,-9999,-9999,-9999,unassigned,N/A,-9999,-9999,N/A,-9999,-9999,-9999,-9999,-9999,-9999,-9999,-9999,-9999
828,294.843604,294.843461481,-9999,7321179,-9999,364811.2,53.71,-1,-9999,-9999,-9999,-9999,-9999,-9999,-9999,unassigned,N/A,-9999,-9999,N/A,-9999,-9999,-9999,-9999,-9999,-9999,-9999,-9999,-9999
829,294.879921,294.879778468,-9999,1335395.9,-9999,417395.6,7.78,-1,-9999,-9999,-9999,-9999,-9999,-9999,-9999,unassigned,N/A,-9999,-9999,N/A,-9999,-9999,-9999,-9999,-9999,-9999,-9999,-9999,-9999
835,295.095697,295.095554388,-9999,1647769.9,-9999,373946.8,10.17,-1,-9999,-9999,-9999,-9999,-9999,-9999,-9999,unassigned,N/A,-9999,-9999,N/A,-9999,-9999,-9999,-9999,-9999,-9999,-9999,-9999,-9999
844,295.186113,295.185970354,-9999,2112176.5,-9999,432833.9,13.74,-1,-9999,-9999,-9999,-9999,-9999,-9999,-9999,unassigned,N/A,-9999,-9999,N/A,-9999,-9999,-9999,-9999,-9999,-9999,-9999,-9999,-9999
847,296.100253,296.100110016,-9999,3580819.3,-9999,363423.6,24.72,-1,-9999,-9999,-9999,-9999,-9999,-9999,-9999,unassigned,N/A,-9999,-9999,N/A,-9999,-9999,-9999,-9999,-9999,-9999,-9999,-9999,-9999
848,296.181434,296.181290986,-9999,1402535.3,-9999,432180.7,8.19,-1,-9999,-9999,-9999,-9999,-9999,-9999,-9999,unassigned,N/A,-9999,-9999,N/A,-9999,-9999,-9999,-9999,-9999,-9999,-9999,-9999,-9999
849,296.841581,296.841437742,-9999,3985993.8,-9999,338376,27.79,-1,-9999,-9999,-9999,-9999,-9999,-9999,-9999,unassigned,N/A,-9999,-9999,N/A,-9999,-9999,-9999,-9999,-9999,-9999,-9999,-9999,-9999
850,296.91475,296.914606715,-9999,1250139.6,-9999,414009,7.04,-1,-9999,-9999,-9999,-9999,-9999,-9999,-9999,unassigned,N/A,-9999,-9999,N/A,-9999,-9999,-9999,-9999,-9999,-9999,-9999,-9999,-9999
851,296.93284,296.932696708,-9999,4642912,-9999,348167.3,32.77,-1,-9999,-9999,-9999,-9999,-9999,-9999,-9999,unassigned,N/A,-9999,-9999,N/A,-9999,-9999,-9999,-9999,-9999,-9999,-9999,-9999,-9999
852,296.935952,296.935808707,-9999,4622433,-9999,303078.7,32.62,-1,-9999,-9999,-9999,-9999,-9999,-9999,-9999,unassigned,N/A,-9999,-9999,N/A,-9999,-9999,-9999,-9999,-9999,-9999,-9999,-9999,-9999
859,297.129006,297.128862635,-9999,1271440,-9999,341837.6,7.2,-1,-9999,-9999,-9999,-9999,-9999,-9999,-9999,unassigned,N/A,-9999,-9999,N/A,-9999,-9999,-9999,-9999,-9999,-9999,-9999,-9999,-9999
862,297.165413,297.165269622,-9999,1318552.9,-9999,415803.5,7.55,-1,-9999,-9999,-9999,-9999,-9999,-9999,-9999,unassigned,N/A,-9999,-9999,N/A,-9999,-9999,-9999,-9999,-9999,-9999,-9999,-9999,-9999
869,298.748424,298.748280036,-9999,1463320.8,-9999,399611.8,8.65,-1,-9999,-9999,-9999,-9999,-9999,-9999,-9999,unassigned,N/A,-9999,-9999,N/A,-9999,-9999,-9999,-9999,-9999,-9999,-9999,-9999,-9999
870,298.911881,298.911736975,-9999,1689920.1,-9999,400348.1,10.37,-1,-9999,-9999,-9999,-9999,-9999,-9999,-9999,unassigned,N/A,-9999,-9999,N/A,-9999,-9999,-9999,-9999,-9999,-9999,-9999,-9999,-9999
871,298.929854,298.929709969,-9999,1660484.4,-9999,404464.6,10.14,-1,-9999,-9999,-9999,-9999,-9999,-9999,-9999,unassigned,N/A,-9999,-9999,N/A,-9999,-9999,-9999,-9999,-9999,-9999,-9999,-9999,-9999
873,298.951527,298.951382961,-9999,1253449.6,-9999,340528.1,7.06,-1,-9999,-9999,-9999,-9999,-9999,-9999,-9999,unassigned,N/A,-9999,-9999,N/A,-9999,-9999,-9999,-9999,-9999,-9999,-9999,-9999,-9999
888,300.080934,300.080789543,-9999,1301079.5,-9999,346022.8,7.42,-1,-9999,-9999,-9999,-9999,-9999,-9999,-9999,unassigned,N/A,-9999,-9999,N/A,-9999,-9999,-9999,-9999,-9999,-9999,-9999,-9999,-9999
893,300.809696,300.809551273,-9999,2021380.3,-9999,308773.6,12.88,-1,-9999,-9999,-9999,-9999,-9999,-9999,-9999,unassigned,N/A,-9999,-9999,N/A,-9999,-9999,-9999,-9999,-9999,-9999,-9999,-9999,-9999
905,302.066376,302.066230808,-9999,4994347.5,-9999,354508.3,35.43,-1,-9999,-9999,-9999,-9999,-9999,-9999,-9999,unassigned,N/A,-9999,-9999,N/A,-9999,-9999,-9999,-9999,-9999,-9999,-9999,-9999,-9999
909,302.78898,302.78883454,-9999,1635028.4,-9999,359818,9.94,-1,-9999,-9999,-9999,-9999,-9999,-9999,-9999,unassigned,N/A,-9999,-9999,N/A,-9999,-9999,-9999,-9999,-9999,-9999,-9999,-9999,-9999
918,303.154759,303.154613405,-9999,1488937.3,-9999,367924.1,8.84,-1,-9999,-9999,-9999,-9999,-9999,-9999,-9999,unassigned,N/A,-9999,-9999,N/A,-9999,-9999,-9999,-9999,-9999,-9999,-9999,-9999,-9999
924,304.063254,304.063108069,-9999,1281915.4,-9999,318777.7,7.26,-1,-9999,-9999,-9999,-9999,-9999,-9999,-9999,unassigned,N/A,-9999,-9999,N/A,-9999,-9999,-9999,-9999,-9999,-9999,-9999,-9999,-9999
926,304.765241,304.765094809,-9999,2264476.8,-9999,346498.2,14.54,-1,-9999,-9999,-9999,-9999,-9999,-9999,-9999,unassigned,N/A,-9999,-9999,N/A,-9999,-9999,-9999,-9999,-9999,-9999,-9999,-9999,-9999
927,304.882038,304.881891766,-9999,21275576,-9999,336468.7,157.02,-1,-9999,-9999,-9999,-9999,-9999,-9999,-9999,unassigned,N/A,-9999,-9999,N/A,-9999,-9999,-9999,-9999,-9999,-9999,-9999,-9999,-9999
932,305.134086,305.133939672,-9999,1864177.4,-9999,380739.5,11.54,-1,-9999,-9999,-9999,-9999,-9999,-9999,-9999,unassigned,N/A,-9999,-9999,N/A,-9999,-9999,-9999,-9999,-9999,-9999,-9999,-9999,-9999
935,305.17057,305.170423659,-9999,1738233.8,-9999,438782.6,10.59,-1,-9999,-9999,-9999,-9999,-9999,-9999,-9999,unassigned,N/A,-9999,-9999,N/A,-9999,-9999,-9999,-9999,-9999,-9999,-9999,-9999,-9999
938,305.206968,305.206821645,-9999,1266562,-9999,243603.2,7.06,-1,-9999,-9999,-9999,-9999,-9999,-9999,-9999,unassigned,N/A,-9999,-9999,N/A,-9999,-9999,-9999,-9999,-9999,-9999,-9999,-9999,-9999
940,305.885392,305.885245394,-9999,2759325,-9999,361021.1,18.25,-1,-9999,-9999,-9999,-9999,-9999,-9999,-9999,unassigned,N/A,-9999,-9999,N/A,-9999,-9999,-9999,-9999,-9999,-9999,-9999,-9999,-9999
942,306.762333,306.76218607,-9999,1469540.3,-9999,396267.5,8.58,-1,-9999,-9999,-9999,-9999,-9999,-9999,-9999,unassigned,N/A,-9999,-9999,N/A,-9999,-9999,-9999,-9999,-9999,-9999,-9999,-9999,-9999
943,306.843644,306.84349704,-9999,1469558.6,-9999,422102.3,8.58,-1,-9999,-9999,-9999,-9999,-9999,-9999,-9999,unassigned,N/A,-9999,-9999,N/A,-9999,-9999,-9999,-9999,-9999,-9999,-9999,-9999,-9999
944,306.879992,306.879845026,-9999,39851392,-9999,336416.6,296.23,-1,-9999,-9999,-9999,-9999,-9999,-9999,-9999,unassigned,N/A,-9999,-9999,N/A,-9999,-9999,-9999,-9999,-9999,-9999,-9999,-9999,-9999
945,307.026298,307.026150972,-9999,1512608,-9999,410322.5,8.9,-1,-9999,-9999,-9999,-9999,-9999,-9999,-9999,unassigned,N/A,-9999,-9999,N/A,-9999,-9999,-9999,-9999,-9999,-9999,-9999,-9999,-9999
955,307.186165,307.186017913,-9999,7851460,-9999,334494,56.41,-1,-9999,-9999,-9999,-9999,-9999,-9999,-9999,unassigned,N/A,-9999,-9999,N/A,-9999,-9999,-9999,-9999,-9999,-9999,-9999,-9999,-9999
959,307.883315,307.883167655,-9999,3900001.5,-9999,346188.9,26.79,-1,-9999,-9999,-9999,-9999,-9999,-9999,-9999,unassigned,N/A,-9999,-9999,N/A,-9999,-9999,-9999,-9999,-9999,-9999,-9999,-9999,-9999
961,308.138613,308.13846556,-9999,1339931,-9999,309819.9,7.6,-1,-9999,-9999,-9999,-9999,-9999,-9999,-9999,unassigned,N/A,-9999,-9999,N/A,-9999,-9999,-9999,-9999,-9999,-9999,-9999,-9999,-9999
962,308.163704,308.163556551,-9999,1442208.6,-9999,402401.8,8.37,-1,-9999,-9999,-9999,-9999,-9999,-9999,-9999,unassigned,N/A,-9999,-9999,N/A,-9999,-9999,-9999,-9999,-9999,-9999,-9999,-9999,-9999
966,308.877945,308.877797287,-9999,18966338,-9999,335157.8,139.71,-1,-9999,-9999,-9999,-9999,-9999,-9999,-9999,unassigned,N/A,-9999,-9999,N/A,-9999,-9999,-9999,-9999,-9999,-9999,-9999,-9999,-9999
967,308.940524,308.940376263,-9999,1385807.1,-9999,411234,7.95,-1,-9999,-9999,-9999,-9999,-9999,-9999,-9999,unassigned,N/A,-9999,-9999,N/A,-9999,-9999,-9999,-9999,-9999,-9999,-9999,-9999,-9999
968,309.005726,309.005578239,-9999,1393245.8,-9999,407596.9,8,-1,-9999,-9999,-9999,-9999,-9999,-9999,-9999,unassigned,N/A,-9999,-9999,N/A,-9999,-9999,-9999,-9999,-9999,-9999,-9999,-9999,-9999
972,309.067482,309.067334216,-9999,4239211.5,-9999,344615.5,29.33,-1,-9999,-9999,-9999,-9999,-9999,-9999,-9999,unassigned,N/A,-9999,-9999,N/A,-9999,-9999,-9999,-9999,-9999,-9999,-9999,-9999,-9999
982,309.201823,309.201675167,-9999,3447689.8,-9999,346885.3,23.4,-1,-9999,-9999,-9999,-9999,-9999,-9999,-9999,unassigned,N/A,-9999,-9999,N/A,-9999,-9999,-9999,-9999,-9999,-9999,-9999,-9999,-9999
984,309.88133,309.881181915,-9999,1753377.6,-9999,328372.4,10.7,-1,-9999,-9999,-9999,-9999,-9999,-9999,-9999,unassigned,N/A,-9999,-9999,N/A,-9999,-9999,-9999,-9999,-9999,-9999,-9999,-9999,-9999
988,310.838557,310.838408561,-9999,2738423,-9999,361185.2,18.08,-1,-9999,-9999,-9999,-9999,-9999,-9999,-9999,unassigned,N/A,-9999,-9999,N/A,-9999,-9999,-9999,-9999,-9999,-9999,-9999,-9999,-9999
989,310.874946,310.874797547,-9999,1379071.1,-9999,364982.3,7.89,-1,-9999,-9999,-9999,-9999,-9999,-9999,-9999,unassigned,N/A,-9999,-9999,N/A,-9999,-9999,-9999,-9999,-9999,-9999,-9999,-9999,-9999
990,310.948541,310.94839252,-9999,7344399.5,-9999,337099.6,52.6,-1,-9999,-9999,-9999,-9999,-9999,-9999,-9999,unassigned,N/A,-9999,-9999,N/A,-9999,-9999,-9999,-9999,-9999,-9999,-9999,-9999,-9999
1000,311.181132,311.180983434,-9999,1312323.1,-9999,398013.8,7.39,-1,-9999,-9999,-9999,-9999,-9999,-9999,-9999,unassigned,N/A,-9999,-9999,N/A,-9999,-9999,-9999,-9999,-9999,-9999,-9999,-9999,-9999
1003,311.948127,311.94797815,-9999,1345261.4,-9999,436508,7.64,-1,-9999,-9999,-9999,-9999,-9999,-9999,-9999,unassigned,N/A,-9999,-9999,N/A,-9999,-9999,-9999,-9999,-9999,-9999,-9999,-9999,-9999
1006,312.728761,312.728611861,-9999,2673306.3,-9999,362261.8,17.59,-1,-9999,-9999,-9999,-9999,-9999,-9999,-9999,unassigned,N/A,-9999,-9999,N/A,-9999,-9999,-9999,-9999,-9999,-9999,-9999,-9999,-9999
1007,312.83644,312.836290821,-9999,1392306.1,-9999,341319.9,7.99,-1,-9999,-9999,-9999,-9999,-9999,-9999,-9999,unassigned,N/A,-9999,-9999,N/A,-9999,-9999,-9999,-9999,-9999,-9999,-9999,-9999,-9999
1008,312.863773,312.863623811,-9999,1757112.1,-9999,343721.9,10.72,-1,-9999,-9999,-9999,-9999,-9999,-9999,-9999,unassigned,N/A,-9999,-9999,N/A,-9999,-9999,-9999,-9999,-9999,-9999,-9999,-9999,-9999
1009,312.945509,312.945359781,-9999,2847434.3,-9999,347404.4,18.66,-1,-9999,-9999,-9999,-9999,-9999,-9999,-9999,unassigned,N/A,-9999,-9999,N/A,-9999,-9999,-9999,-9999,-9999,-9999,-9999,-9999,-9999
1018,313.143017,313.142867708,-9999,2051317.9,-9999,374720.8,12.77,-1,-9999,-9999,-9999,-9999,-9999,-9999,-9999,unassigned,N/A,-9999,-9999,N/A,-9999,-9999,-9999,-9999,-9999,-9999,-9999,-9999,-9999
1029,314.725876,314.725726122,-9999,6499411.5,-9999,322225.9,45.68,-1,-9999,-9999,-9999,-9999,-9999,-9999,-9999,unassigned,N/A,-9999,-9999,N/A,-9999,-9999,-9999,-9999,-9999,-9999,-9999,-9999,-9999
1030,314.86173,314.861580072,-9999,2820209.3,-9999,334819.3,18.45,-1,-9999,-9999,-9999,-9999,-9999,-9999,-9999,unassigned,N/A,-9999,-9999,N/A,-9999,-9999,-9999,-9999,-9999,-9999,-9999,-9999,-9999
1031,314.943486,314.943336042,-9999,1474435.3,-9999,278555.5,8.49,-1,-9999,-9999,-9999,-9999,-9999,-9999,-9999,unassigned,N/A,-9999,-9999,N/A,-9999,-9999,-9999,-9999,-9999,-9999,-9999,-9999,-9999
1054,316.722987,316.722836383,-9999,5872139,-9999,320606.7,41.03,-1,-9999,-9999,-9999,-9999,-9999,-9999,-9999,unassigned,N/A,-9999,-9999,N/A,-9999,-9999,-9999,-9999,-9999,-9999,-9999,-9999,-9999
1055,316.859549,316.859398332,-9999,1876009,-9999,285054.5,11.46,-1,-9999,-9999,-9999,-9999,-9999,-9999,-9999,unassigned,N/A,-9999,-9999,N/A,-9999,-9999,-9999,-9999,-9999,-9999,-9999,-9999,-9999
1056,316.945713,316.945562301,-9999,1404476,-9999,335475.2,7.97,-1,-9999,-9999,-9999,-9999,-9999,-9999,-9999,unassigned,N/A,-9999,-9999,N/A,-9999,-9999,-9999,-9999,-9999,-9999,-9999,-9999,-9999
1064,317.137504,317.13735323,-9999,1571430.3,-9999,351067.9,9.21,-1,-9999,-9999,-9999,-9999,-9999,-9999,-9999,unassigned,N/A,-9999,-9999,N/A,-9999,-9999,-9999,-9999,-9999,-9999,-9999,-9999,-9999
1071,317.206881,317.206730204,-9999,2012533.5,-9999,325811.8,12.47,-1,-9999,-9999,-9999,-9999,-9999,-9999,-9999,unassigned,N/A,-9999,-9999,N/A,-9999,-9999,-9999,-9999,-9999,-9999,-9999,-9999,-9999
1075,318.061133,318.060981888,-9999,1325873.4,-9999,380222.8,7.39,-1,-9999,-9999,-9999,-9999,-9999,-9999,-9999,unassigned,N/A,-9999,-9999,N/A,-9999,-9999,-9999,-9999,-9999,-9999,-9999,-9999,-9999
1077,318.238539,318.238387822,-9999,6506328.5,-9999,331153.6,45.73,-1,-9999,-9999,-9999,-9999,-9999,-9999,-9999,unassigned,N/A,-9999,-9999,N/A,-9999,-9999,-9999,-9999,-9999,-9999,-9999,-9999,-9999
1078,318.719995,318.719843644,-9999,2595778.5,-9999,356679.4,16.79,-1,-9999,-9999,-9999,-9999,-9999,-9999,-9999,unassigned,N/A,-9999,-9999,N/A,-9999,-9999,-9999,-9999,-9999,-9999,-9999,-9999,-9999
1079,318.745737,318.745585634,-9999,8005576,-9999,327779.1,56.82,-1,-9999,-9999,-9999,-9999,-9999,-9999,-9999,unassigned,N/A,-9999,-9999,N/A,-9999,-9999,-9999,-9999,-9999,-9999,-9999,-9999,-9999
1080,318.861265,318.861113592,-9999,2750945.5,-9999,322984,17.93,-1,-9999,-9999,-9999,-9999,-9999,-9999,-9999,unassigned,N/A,-9999,-9999,N/A,-9999,-9999,-9999,-9999,-9999,-9999,-9999,-9999,-9999
1081,318.943749,318.943597561,-9999,1321203.8,-9999,398979.5,7.35,-1,-9999,-9999,-9999,-9999,-9999,-9999,-9999,unassigned,N/A,-9999,-9999,N/A,-9999,-9999,-9999,-9999,-9999,-9999,-9999,-9999,-9999
1088,319.149737,319.149585485,-9999,1766433,-9999,425231.2,10.65,-1,-9999,-9999,-9999,-9999,-9999,-9999,-9999,unassigned,N/A,-9999,-9999,N/A,-9999,-9999,-9999,-9999,-9999,-9999,-9999,-9999,-9999
1092,319.222555,319.222403458,-9999,3715121,-9999,337775.9,25.07,-1,-9999,-9999,-9999,-9999,-9999,-9999,-9999,unassigned,N/A,-9999,-9999,N/A,-9999,-9999,-9999,-9999,-9999,-9999,-9999,-9999,-9999
1098,320.742838,320.742685895,-9999,14266752,-9999,323617.3,103.15,-1,-9999,-9999,-9999,-9999,-9999,-9999,-9999,unassigned,N/A,-9999,-9999,N/A,-9999,-9999,-9999,-9999,-9999,-9999,-9999,-9999,-9999
1099,320.840582,320.840429859,-9999,2420117.8,-9999,334207.8,15.48,-1,-9999,-9999,-9999,-9999,-9999,-9999,-9999,unassigned,N/A,-9999,-9999,N/A,-9999,-9999,-9999,-9999,-9999,-9999,-9999,-9999,-9999
1100,320.859248,320.859095852,-9999,5743002,-9999,317447.2,40.07,-1,-9999,-9999,-9999,-9999,-9999,-9999,-9999,unassigned,N/A,-9999,-9999,N/A,-9999,-9999,-9999,-9999,-9999,-9999,-9999,-9999,-9999
1101,320.876984,320.876831845,-9999,1807005.9,-9999,314472.6,10.94,-1,-9999,-9999,-9999,-9999,-9999,-9999,-9999,unassigned,N/A,-9999,-9999,N/A,-9999,-9999,-9999,-9999,-9999,-9999,-9999,-9999,-9999
1102,320.922925,320.922772828,-9999,1848744,-9999,356529.6,11.25,-1,-9999,-9999,-9999,-9999,-9999,-9999,-9999,unassigned,N/A,-9999,-9999,N/A,-9999,-9999,-9999,-9999,-9999,-9999,-9999,-9999,-9999
1103,321.009346,321.009193796,-9999,4721083,-9999,299648.8,32.51,-1,-9999,-9999,-9999,-9999,-9999,-9999,-9999,unassigned,N/A,-9999,-9999,N/A,-9999,-9999,-9999,-9999,-9999,-9999,-9999,-9999,-9999
1107,321.092737,321.092584766,-9999,2071501.5,-9999,330411.9,12.9,-1,-9999,-9999,-9999,-9999,-9999,-9999,-9999,unassigned,N/A,-9999,-9999,N/A,-9999,-9999,-9999,-9999,-9999,-9999,-9999,-9999,-9999
1111,321.147785,321.147632745,-9999,1992153.6,-9999,328975.3,12.31,-1,-9999,-9999,-9999,-9999,-9999,-9999,-9999,unassigned,N/A,-9999,-9999,N/A,-9999,-9999,-9999,-9999,-9999,-9999,-9999,-9999,-9999
1112,321.165415,321.165262739,-9999,2437085.5,-9999,334345.5,15.61,-1,-9999,-9999,-9999,-9999,-9999,-9999,-9999,unassigned,N/A,-9999,-9999,N/A,-9999,-9999,-9999,-9999,-9999,-9999,-9999,-9999,-9999
1116,321.201817,321.201664725,-9999,2508261.8,-9999,330968.2,16.13,-1,-9999,-9999,-9999,-9999,-9999,-9999,-9999,unassigned,N/A,-9999,-9999,N/A,-9999,-9999,-9999,-9999,-9999,-9999,-9999,-9999,-9999
1118,321.238203,321.238050712,-9999,12947950,-9999,328187.9,93.39,-1,-9999,-9999,-9999,-9999,-9999,-9999,-9999,unassigned,N/A,-9999,-9999,N/A,-9999,-9999,-9999,-9999,-9999,-9999,-9999,-9999,-9999
1119,321.256802,321.256649705,-9999,6519282,-9999,318839.6,45.82,-1,-9999,-9999,-9999,-9999,-9999,-9999,-9999,unassigned,N/A,-9999,-9999,N/A,-9999,-9999,-9999,-9999,-9999,-9999,-9999,-9999,-9999
1122,322.241635,322.24148234,-9999,2554059.8,-9999,355761.6,16.25,-1,-9999,-9999,-9999,-9999,-9999,-9999,-9999,unassigned,N/A,-9999,-9999,N/A,-9999,-9999,-9999,-9999,-9999,-9999,-9999,-9999,-9999
1123,322.252131,322.251978336,-9999,2392782,-9999,335870.6,15.08,-1,-9999,-9999,-9999,-9999,-9999,-9999,-9999,unassigned,N/A,-9999,-9999,N/A,-9999,-9999,-9999,-9999,-9999,-9999,-9999,-9999,-9999
1124,322.739869,322.739716156,-9999,10779450,-9999,319113.1,76.32,-1,-9999,-9999,-9999,-9999,-9999,-9999,-9999,unassigned,N/A,-9999,-9999,N/A,-9999,-9999,-9999,-9999,-9999,-9999,-9999,-9999,-9999
1125,322.838515,322.838362119,-9999,4486992,-9999,328555.5,30.37,-1,-9999,-9999,-9999,-9999,-9999,-9999,-9999,unassigned,N/A,-9999,-9999,N/A,-9999,-9999,-9999,-9999,-9999,-9999,-9999,-9999,-9999
1126,322.857338,322.857185112,-9999,1808468.1,-9999,301359.7,10.81,-1,-9999,-9999,-9999,-9999,-9999,-9999,-9999,unassigned,N/A,-9999,-9999,N/A,-9999,-9999,-9999,-9999,-9999,-9999,-9999,-9999,-9999
1127,322.874977,322.874824106,-9999,2694488,-9999,310101.9,17.28,-1,-9999,-9999,-9999,-9999,-9999,-9999,-9999,unassigned,N/A,-9999,-9999,N/A,-9999,-9999,-9999,-9999,-9999,-9999,-9999,-9999,-9999
1130,323.021271,323.021118052,-9999,2374008.5,-9999,262663.3,14.94,-1,-9999,-9999,-9999,-9999,-9999,-9999,-9999,unassigned,N/A,-9999,-9999,N/A,-9999,-9999,-9999,-9999,-9999,-9999,-9999,-9999,-9999
1140,323.181068,323.180914993,-9999,8147868,-9999,342236.9,57.1,-1,-9999,-9999,-9999,-9999,-9999,-9999,-9999,unassigned,N/A,-9999,-9999,N/A,-9999,-9999,-9999,-9999,-9999,-9999,-9999,-9999,-9999
1143,323.253942,323.253788966,-9999,1701036.3,-9999,325775.9,10.02,-1,-9999,-9999,-9999,-9999,-9999,-9999,-9999,unassigned,N/A,-9999,-9999,N/A,-9999,-9999,-9999,-9999,-9999,-9999,-9999,-9999,-9999
1146,324.736912,324.736758417,-9999,4326646.5,-9999,318068.5,29.19,-1,-9999,-9999,-9999,-9999,-9999,-9999,-9999,unassigned,N/A,-9999,-9999,N/A,-9999,-9999,-9999,-9999,-9999,-9999,-9999,-9999,-9999
1147,324.762782,324.762628407,-9999,3556604.3,-9999,322146.9,23.57,-1,-9999,-9999,-9999,-9999,-9999,-9999,-9999,unassigned,N/A,-9999,-9999,N/A,-9999,-9999,-9999,-9999,-9999,-9999,-9999,-9999,-9999
1148,324.836456,324.83630238,-9999,1900812.8,-9999,362102.3,11.48,-1,-9999,-9999,-9999,-9999,-9999,-9999,-9999,unassigned,N/A,-9999,-9999,N/A,-9999,-9999,-9999,-9999,-9999,-9999,-9999,-9999,-9999
1149,324.890455,324.89030136,-9999,2083608.9,-9999,337133.7,12.81,-1,-9999,-9999,-9999,-9999,-9999,-9999,-9999,unassigned,N/A,-9999,-9999,N/A,-9999,-9999,-9999,-9999,-9999,-9999,-9999,-9999,-9999
1150,324.964237,324.964083333,-9999,4009257.3,-9999,339196.2,26.88,-1,-9999,-9999,-9999,-9999,-9999,-9999,-9999,unassigned,N/A,-9999,-9999,N/A,-9999,-9999,-9999,-9999,-9999,-9999,-9999,-9999,-9999
1157,325.157921,325.157767261,-9999,2143572.8,-9999,348570.3,13.25,-1,-9999,-9999,-9999,-9999,-9999,-9999,-9999,unassigned,N/A,-9999,-9999,N/A,-9999,-9999,-9999,-9999,-9999,-9999,-9999,-9999,-9999
1160,325.196751,325.196597247,-9999,3539293.3,-9999,341414.4,23.44,-1,-9999,-9999,-9999,-9999,-9999,-9999,-9999,unassigned,N/A,-9999,-9999,N/A,-9999,-9999,-9999,-9999,-9999,-9999,-9999,-9999,-9999
1165,326.759803,326.759648668,-9999,8163004.5,-9999,317072.2,57.21,-1,-9999,-9999,-9999,-9999,-9999,-9999,-9999,unassigned,N/A,-9999,-9999,N/A,-9999,-9999,-9999,-9999,-9999,-9999,-9999,-9999,-9999
1166,326.96114,326.960985594,-9999,1373417.8,-9999,455335.8,7.62,-1,-9999,-9999,-9999,-9999,-9999,-9999,-9999,unassigned,N/A,-9999,-9999,N/A,-9999,-9999,-9999,-9999,-9999,-9999,-9999,-9999,-9999
1174,327.137242,327.137087528,-9999,1967377.5,-9999,266575.5,11.96,-1,-9999,-9999,-9999,-9999,-9999,-9999,-9999,unassigned,N/A,-9999,-9999,N/A,-9999,-9999,-9999,-9999,-9999,-9999,-9999,-9999,-9999
1179,327.186597,327.18644251,-9999,1459228.6,-9999,382358,8.25,-1,-9999,-9999,-9999,-9999,-9999,-9999,-9999,unassigned,N/A,-9999,-9999,N/A,-9999,-9999,-9999,-9999,-9999,-9999,-9999,-9999,-9999
1186,328.274695,328.274540107,-9999,1290515.3,-9999,331146.9,7.02,-1,-9999,-9999,-9999,-9999,-9999,-9999,-9999,unassigned,N/A,-9999,-9999,N/A,-9999,-9999,-9999,-9999,-9999,-9999,-9999,-9999,-9999
1187,328.756812,328.756656929,-9999,6046849,-9999,323446.8,41.75,-1,-9999,-9999,-9999,-9999,-9999,-9999,-9999,unassigned,N/A,-9999,-9999,N/A,-9999,-9999,-9999,-9999,-9999,-9999,-9999,-9999,-9999
1188,328.764312,328.764156926,-9999,2607234.8,-9999,309588,16.63,-1,-9999,-9999,-9999,-9999,-9999,-9999,-9999,unassigned,N/A,-9999,-9999,N/A,-9999,-9999,-9999,-9999,-9999,-9999,-9999,-9999,-9999
1189,328.959122,328.958966854,-9999,9511087,-9999,312364.6,67.05,-1,-9999,-9999,-9999,-9999,-9999,-9999,-9999,unassigned,N/A,-9999,-9999,N/A,-9999,-9999,-9999,-9999,-9999,-9999,-9999,-9999,-9999
1203,329.701299,329.701143579,-9999,1467992.9,-9999,384058,8.31,-1,-9999,-9999,-9999,-9999,-9999,-9999,-9999,unassigned,N/A,-9999,-9999,N/A,-9999,-9999,-9999,-9999,-9999,-9999,-9999,-9999,-9999
1204,329.958565,329.958409484,-9999,1637267.9,-9999,345888.3,9.55,-1,-9999,-9999,-9999,-9999,-9999,-9999,-9999,unassigned,N/A,-9999,-9999,N/A,-9999,-9999,-9999,-9999,-9999,-9999,-9999,-9999,-9999
1211,330.753843,330.75368719,-9999,2612299,-9999,297149.6,16.66,-1,-9999,-9999,-9999,-9999,-9999,-9999,-9999,unassigned,N/A,-9999,-9999,N/A,-9999,-9999,-9999,-9999,-9999,-9999,-9999,-9999,-9999
1212,330.762227,330.762071187,-9999,2694221,-9999,340167.3,17.26,-1,-9999,-9999,-9999,-9999,-9999,-9999,-9999,unassigned,N/A,-9999,-9999,N/A,-9999,-9999,-9999,-9999,-9999,-9999,-9999,-9999,-9999
1213,330.801309,330.801153172,-9999,1581398.1,-9999,370144.5,9.14,-1,-9999,-9999,-9999,-9999,-9999,-9999,-9999,unassigned,N/A,-9999,-9999,N/A,-9999,-9999,-9999,-9999,-9999,-9999,-9999,-9999,-9999
1214,330.956186,330.956030115,-9999,3137145.8,-9999,355370.7,20.5,-1,-9999,-9999,-9999,-9999,-9999,-9999,-9999,unassigned,N/A,-9999,-9999,N/A,-9999,-9999,-9999,-9999,-9999,-9999,-9999,-9999,-9999
1224,331.149783,331.149627043,-9999,145984160,-9999,314007.4,1063.69,-1,-9999,-9999,-9999,-9999,-9999,-9999,-9999,unassigned,N/A,-9999,-9999,N/A,-9999,-9999,-9999,-9999,-9999,-9999,-9999,-9999,-9999
1229,331.186147,331.18599103,-9999,2220207,-9999,351574.5,13.8,-1,-9999,-9999,-9999,-9999,-9999,-9999,-9999,unassigned,N/A,-9999,-9999,N/A,-9999,-9999,-9999,-9999,-9999,-9999,-9999,-9999,-9999
1233,331.240251,331.24009501,-9999,1408955.6,-9999,261696.6,7.88,-1,-9999,-9999,-9999,-9999,-9999,-9999,-9999,unassigned,N/A,-9999,-9999,N/A,-9999,-9999,-9999,-9999,-9999,-9999,-9999,-9999,-9999
1235,332.07694300000003,332.0767867,-9999,1526910.1,-9999,303748,8.64,-1,-9999,-9999,-9999,-9999,-9999,-9999,-9999,unassigned,N/A,-9999,-9999,N/A,-9999,-9999,-9999,-9999,-9999,-9999,-9999,-9999,-9999
1238,332.153141,332.152984672,-9999,26217360,-9999,314641.2,187.05,-1,-9999,-9999,-9999,-9999,-9999,-9999,-9999,unassigned,N/A,-9999,-9999,N/A,-9999,-9999,-9999,-9999,-9999,-9999,-9999,-9999,-9999
1243,332.876947,332.876790404,-9999,1636409.3,-9999,356209.8,9.43,-1,-9999,-9999,-9999,-9999,-9999,-9999,-9999,unassigned,N/A,-9999,-9999,N/A,-9999,-9999,-9999,-9999,-9999,-9999,-9999,-9999,-9999
1249,333.129018,333.128861311,-9999,1555316.5,-9999,365851.3,8.85,-1,-9999,-9999,-9999,-9999,-9999,-9999,-9999,unassigned,N/A,-9999,-9999,N/A,-9999,-9999,-9999,-9999,-9999,-9999,-9999,-9999,-9999
1254,333.201841,333.201684284,-9999,5584005.5,-9999,316223,37.96,-1,-9999,-9999,-9999,-9999,-9999,-9999,-9999,unassigned,N/A,-9999,-9999,N/A,-9999,-9999,-9999,-9999,-9999,-9999,-9999,-9999,-9999
1257,333.927925,333.927768015,-9999,1413936.9,-9999,398562.2,7.82,-1,-9999,-9999,-9999,-9999,-9999,-9999,-9999,unassigned,N/A,-9999,-9999,N/A,-9999,-9999,-9999,-9999,-9999,-9999,-9999,-9999,-9999
1259,334.205135,334.204977912,-9999,1914482.6,-9999,303088.3,11.44,-1,-9999,-9999,-9999,-9999,-9999,-9999,-9999,unassigned,N/A,-9999,-9999,N/A,-9999,-9999,-9999,-9999,-9999,-9999,-9999,-9999,-9999
1260,334.210764,334.21060691,-9999,1330292,-9999,342645,7.22,-1,-9999,-9999,-9999,-9999,-9999,-9999,-9999,unassigned,N/A,-9999,-9999,N/A,-9999,-9999,-9999,-9999,-9999,-9999,-9999,-9999,-9999
1262,334.233445,334.233287902,-9999,2594681.3,-9999,334965.8,16.36,-1,-9999,-9999,-9999,-9999,-9999,-9999,-9999,unassigned,N/A,-9999,-9999,N/A,-9999,-9999,-9999,-9999,-9999,-9999,-9999,-9999,-9999
1264,334.719697,334.719539722,-9999,1921517,-9999,322710.5,11.49,-1,-9999,-9999,-9999,-9999,-9999,-9999,-9999,unassigned,N/A,-9999,-9999,N/A,-9999,-9999,-9999,-9999,-9999,-9999,-9999,-9999,-9999
1265,334.87488,334.874722664,-9999,3785234,-9999,328875,24.96,-1,-9999,-9999,-9999,-9999,-9999,-9999,-9999,unassigned,N/A,-9999,-9999,N/A,-9999,-9999,-9999,-9999,-9999,-9999,-9999,-9999,-9999
1266,334.911209,334.911051651,-9999,1542426.6,-9999,358549.7,8.75,-1,-9999,-9999,-9999,-9999,-9999,-9999,-9999,unassigned,N/A,-9999,-9999,N/A,-9999,-9999,-9999,-9999,-9999,-9999,-9999,-9999,-9999
1267,334.938687,334.938529641,-9999,3564065.3,-9999,336631.2,23.36,-1,-9999,-9999,-9999,-9999,-9999,-9999,-9999,unassigned,N/A,-9999,-9999,N/A,-9999,-9999,-9999,-9999,-9999,-9999,-9999,-9999,-9999
1268,334.988741,334.988583622,-9999,2237997.3,-9999,303114.5,13.78,-1,-9999,-9999,-9999,-9999,-9999,-9999,-9999,unassigned,N/A,-9999,-9999,N/A,-9999,-9999,-9999,-9999,-9999,-9999,-9999,-9999,-9999
1273,335.108341,335.108183578,-9999,7566921.5,-9999,316574,52.28,-1,-9999,-9999,-9999,-9999,-9999,-9999,-9999,unassigned,N/A,-9999,-9999,N/A,-9999,-9999,-9999,-9999,-9999,-9999,-9999,-9999,-9999
1276,335.144773,335.144615565,-9999,1465170.5,-9999,356049.4,8.19,-1,-9999,-9999,-9999,-9999,-9999,-9999,-9999,unassigned,N/A,-9999,-9999,N/A,-9999,-9999,-9999,-9999,-9999,-9999,-9999,-9999,-9999
1280,335.217485,335.217327538,-9999,8023652,-9999,307715.5,55.58,-1,-9999,-9999,-9999,-9999,-9999,-9999,-9999,unassigned,N/A,-9999,-9999,N/A,-9999,-9999,-9999,-9999,-9999,-9999,-9999,-9999,-9999
1284,335.718313,335.718155352,-9999,2281692,-9999,343224.2,14.09,-1,-9999,-9999,-9999,-9999,-9999,-9999,-9999,unassigned,N/A,-9999,-9999,N/A,-9999,-9999,-9999,-9999,-9999,-9999,-9999,-9999,-9999
1292,336.249126,336.248968156,-9999,21716828,-9999,306139.2,154.52,-1,-9999,-9999,-9999,-9999,-9999,-9999,-9999,unassigned,N/A,-9999,-9999,N/A,-9999,-9999,-9999,-9999,-9999,-9999,-9999,-9999,-9999
1293,336.716855,336.716696983,-9999,2812877.3,-9999,316167,17.93,-1,-9999,-9999,-9999,-9999,-9999,-9999,-9999,unassigned,N/A,-9999,-9999,N/A,-9999,-9999,-9999,-9999,-9999,-9999,-9999,-9999,-9999
1294,336.854108,336.853949932,-9999,1465326.6,-9999,359717.3,8.19,-1,-9999,-9999,-9999,-9999,-9999,-9999,-9999,unassigned,N/A,-9999,-9999,N/A,-9999,-9999,-9999,-9999,-9999,-9999,-9999,-9999,-9999
1295,336.872319,336.872160925,-9999,1623219,-9999,216023,9.33,-1,-9999,-9999,-9999,-9999,-9999,-9999,-9999,unassigned,N/A,-9999,-9999,N/A,-9999,-9999,-9999,-9999,-9999,-9999,-9999,-9999,-9999
1296,336.890657,336.890498918,-9999,2227703.5,-9999,308165.9,13.7,-1,-9999,-9999,-9999,-9999,-9999,-9999,-9999,unassigned,N/A,-9999,-9999,N/A,-9999,-9999,-9999,-9999,-9999,-9999,-9999,-9999,-9999
1297,336.971832,336.971673888,-9999,1369867.3,-9999,333846.8,7.5,-1,-9999,-9999,-9999,-9999,-9999,-9999,-9999,unassigned,N/A,-9999,-9999,N/A,-9999,-9999,-9999,-9999,-9999,-9999,-9999,-9999,-9999
1307,337.194321,337.194162806,-9999,1325249.5,-9999,261049.3,7.18,-1,-9999,-9999,-9999,-9999,-9999,-9999,-9999,unassigned,N/A,-9999,-9999,N/A,-9999,-9999,-9999,-9999,-9999,-9999,-9999,-9999,-9999
1308,337.196761,337.196602805,-9999,3499586,-9999,308776.6,22.89,-1,-9999,-9999,-9999,-9999,-9999,-9999,-9999,unassigned,N/A,-9999,-9999,N/A,-9999,-9999,-9999,-9999,-9999,-9999,-9999,-9999,-9999
1311,337.233093,337.232934792,-9999,5690443,-9999,315735.6,38.72,-1,-9999,-9999,-9999,-9999,-9999,-9999,-9999,unassigned,N/A,-9999,-9999,N/A,-9999,-9999,-9999,-9999,-9999,-9999,-9999,-9999,-9999
1313,337.252573,337.252414784,-9999,3515471.8,-9999,349248.8,23,-1,-9999,-9999,-9999,-9999,-9999,-9999,-9999,unassigned,N/A,-9999,-9999,N/A,-9999,-9999,-9999,-9999,-9999,-9999,-9999,-9999,-9999
1314,337.715386,337.715227613,-9999,1957056.9,-9999,345527.4,11.74,-1,-9999,-9999,-9999,-9999,-9999,-9999,-9999,unassigned,N/A,-9999,-9999,N/A,-9999,-9999,-9999,-9999,-9999,-9999,-9999,-9999,-9999
1316,338.060177,338.060018486,-9999,1815573.5,-9999,313158.4,10.72,-1,-9999,-9999,-9999,-9999,-9999,-9999,-9999,unassigned,N/A,-9999,-9999,N/A,-9999,-9999,-9999,-9999,-9999,-9999,-9999,-9999,-9999
1318,338.236492,338.23633342,-9999,1709377,-9999,335831.1,9.95,-1,-9999,-9999,-9999,-9999,-9999,-9999,-9999,unassigned,N/A,-9999,-9999,N/A,-9999,-9999,-9999,-9999,-9999,-9999,-9999,-9999,-9999
1319,338.713827,338.713668244,-9999,2758070.8,-9999,337330.2,17.53,-1,-9999,-9999,-9999,-9999,-9999,-9999,-9999,unassigned,N/A,-9999,-9999,N/A,-9999,-9999,-9999,-9999,-9999,-9999,-9999,-9999,-9999
1320,338.71548,338.715321243,-9999,1836471.3,-9999,327127.9,10.87,-1,-9999,-9999,-9999,-9999,-9999,-9999,-9999,unassigned,N/A,-9999,-9999,N/A,-9999,-9999,-9999,-9999,-9999,-9999,-9999,-9999,-9999
1321,338.869839,338.869680186,-9999,1616861.5,-9999,369191,9.28,-1,-9999,-9999,-9999,-9999,-9999,-9999,-9999,unassigned,N/A,-9999,-9999,N/A,-9999,-9999,-9999,-9999,-9999,-9999,-9999,-9999,-9999
1322,338.887539,338.887380179,-9999,12290530,-9999,300873.2,86.41,-1,-9999,-9999,-9999,-9999,-9999,-9999,-9999,unassigned,N/A,-9999,-9999,N/A,-9999,-9999,-9999,-9999,-9999,-9999,-9999,-9999,-9999
1323,338.933535,338.933376162,-9999,2180077.3,-9999,313996.1,13.35,-1,-9999,-9999,-9999,-9999,-9999,-9999,-9999,unassigned,N/A,-9999,-9999,N/A,-9999,-9999,-9999,-9999,-9999,-9999,-9999,-9999,-9999
1334,339.175993,339.175834073,-9999,1553449.6,-9999,360586.7,8.82,-1,-9999,-9999,-9999,-9999,-9999,-9999,-9999,unassigned,N/A,-9999,-9999,N/A,-9999,-9999,-9999,-9999,-9999,-9999,-9999,-9999,-9999
1338,339.212223,339.212064059,-9999,1758770.6,-9999,331170.4,10.31,-1,-9999,-9999,-9999,-9999,-9999,-9999,-9999,unassigned,N/A,-9999,-9999,N/A,-9999,-9999,-9999,-9999,-9999,-9999,-9999,-9999,-9999
1341,339.869918,339.869758816,-9999,3042519,-9999,303623.8,19.58,-1,-9999,-9999,-9999,-9999,-9999,-9999,-9999,unassigned,N/A,-9999,-9999,N/A,-9999,-9999,-9999,-9999,-9999,-9999,-9999,-9999,-9999
1342,339.890909,339.890749808,-9999,1837788.1,-9999,334756.8,10.88,-1,-9999,-9999,-9999,-9999,-9999,-9999,-9999,unassigned,N/A,-9999,-9999,N/A,-9999,-9999,-9999,-9999,-9999,-9999,-9999,-9999,-9999
1344,340.712731,340.712571504,-9999,1525419,-9999,341358.3,8.62,-1,-9999,-9999,-9999,-9999,-9999,-9999,-9999,unassigned,N/A,-9999,-9999,N/A,-9999,-9999,-9999,-9999,-9999,-9999,-9999,-9999,-9999
1345,340.736566,340.736406495,-9999,1308593,-9999,350106.9,7.05,-1,-9999,-9999,-9999,-9999,-9999,-9999,-9999,unassigned,N/A,-9999,-9999,N/A,-9999,-9999,-9999,-9999,-9999,-9999,-9999,-9999,-9999
1346,340.800587,340.800427471,-9999,1537217.1,-9999,321735.7,8.7,-1,-9999,-9999,-9999,-9999,-9999,-9999,-9999,unassigned,N/A,-9999,-9999,N/A,-9999,-9999,-9999,-9999,-9999,-9999,-9999,-9999,-9999
1347,340.885502,340.88534244,-9999,24404950,-9999,300097.7,173.94,-1,-9999,-9999,-9999,-9999,-9999,-9999,-9999,unassigned,N/A,-9999,-9999,N/A,-9999,-9999,-9999,-9999,-9999,-9999,-9999,-9999,-9999
1354,341.137615,341.137455346,-9999,1390102.5,-9999,392044.3,7.64,-1,-9999,-9999,-9999,-9999,-9999,-9999,-9999,unassigned,N/A,-9999,-9999,N/A,-9999,-9999,-9999,-9999,-9999,-9999,-9999,-9999,-9999
1361,341.220028,341.219868316,-9999,1439275.5,-9999,372445.6,7.99,-1,-9999,-9999,-9999,-9999,-9999,-9999,-9999,unassigned,N/A,-9999,-9999,N/A,-9999,-9999,-9999,-9999,-9999,-9999,-9999,-9999,-9999
1364,341.867023,341.866863077,-9999,1545424.1,-9999,375666.5,8.76,-1,-9999,-9999,-9999,-9999,-9999,-9999,-9999,unassigned,N/A,-9999,-9999,N/A,-9999,-9999,-9999,-9999,-9999,-9999,-9999,-9999,-9999
1365,341.888776,341.888616068,-9999,2379477.8,-9999,293208.2,14.63,-1,-9999,-9999,-9999,-9999,-9999,-9999,-9999,unassigned,N/A,-9999,-9999,N/A,-9999,-9999,-9999,-9999,-9999,-9999,-9999,-9999,-9999
1368,342.73379,342.733629756,-9999,2696110.3,-9999,322001.5,16.9,-1,-9999,-9999,-9999,-9999,-9999,-9999,-9999,unassigned,N/A,-9999,-9999,N/A,-9999,-9999,-9999,-9999,-9999,-9999,-9999,-9999,-9999
1369,342.761297,342.761136746,-9999,2405813.5,-9999,320629.7,14.82,-1,-9999,-9999,-9999,-9999,-9999,-9999,-9999,unassigned,N/A,-9999,-9999,N/A,-9999,-9999,-9999,-9999,-9999,-9999,-9999,-9999,-9999
1370,342.7985,342.798339732,-9999,1434047,-9999,292584,7.87,-1,-9999,-9999,-9999,-9999,-9999,-9999,-9999,unassigned,N/A,-9999,-9999,N/A,-9999,-9999,-9999,-9999,-9999,-9999,-9999,-9999,-9999
1371,342.856585,342.85642471,-9999,1894605.9,-9999,302283,11.17,-1,-9999,-9999,-9999,-9999,-9999,-9999,-9999,unassigned,N/A,-9999,-9999,N/A,-9999,-9999,-9999,-9999,-9999,-9999,-9999,-9999,-9999
1372,342.883475,342.8833147,-9999,10796501,-9999,305485.6,74.82,-1,-9999,-9999,-9999,-9999,-9999,-9999,-9999,unassigned,N/A,-9999,-9999,N/A,-9999,-9999,-9999,-9999,-9999,-9999,-9999,-9999,-9999
1373,342.974759,342.974598667,-9999,29513196,-9999,302580.1,208.66,-1,-9999,-9999,-9999,-9999,-9999,-9999,-9999,unassigned,N/A,-9999,-9999,N/A,-9999,-9999,-9999,-9999,-9999,-9999,-9999,-9999,-9999
1376,343.057806,343.057645636,-9999,1377281.9,-9999,337325.3,7.47,-1,-9999,-9999,-9999,-9999,-9999,-9999,-9999,unassigned,N/A,-9999,-9999,N/A,-9999,-9999,-9999,-9999,-9999,-9999,-9999,-9999,-9999
1384,343.189594,343.189433587,-9999,3289635.8,-9999,296942.6,21.14,-1,-9999,-9999,-9999,-9999,-9999,-9999,-9999,unassigned,N/A,-9999,-9999,N/A,-9999,-9999,-9999,-9999,-9999,-9999,-9999,-9999,-9999
1388,343.97438,343.974219297,-9999,4459247,-9999,295960.3,29.5,-1,-9999,-9999,-9999,-9999,-9999,-9999,-9999,unassigned,N/A,-9999,-9999,N/A,-9999,-9999,-9999,-9999,-9999,-9999,-9999,-9999,-9999
1389,344.070551,344.070390261,-9999,1787656.3,-9999,315761.3,10.4,-1,-9999,-9999,-9999,-9999,-9999,-9999,-9999,unassigned,N/A,-9999,-9999,N/A,-9999,-9999,-9999,-9999,-9999,-9999,-9999,-9999,-9999
1395,344.730744,344.730583017,-9999,2222516.5,-9999,332030.7,13.51,-1,-9999,-9999,-9999,-9999,-9999,-9999,-9999,unassigned,N/A,-9999,-9999,N/A,-9999,-9999,-9999,-9999,-9999,-9999,-9999,-9999,-9999
1396,344.740572,344.740411013,-9999,2500535,-9999,319379.7,15.49,-1,-9999,-9999,-9999,-9999,-9999,-9999,-9999,unassigned,N/A,-9999,-9999,N/A,-9999,-9999,-9999,-9999,-9999,-9999,-9999,-9999,-9999
1397,344.759233,344.759072006,-9999,7401404,-9999,306115.8,50.54,-1,-9999,-9999,-9999,-9999,-9999,-9999,-9999,unassigned,N/A,-9999,-9999,N/A,-9999,-9999,-9999,-9999,-9999,-9999,-9999,-9999,-9999
1398,344.854733,344.854571971,-9999,1413844.8,-9999,278282.5,7.72,-1,-9999,-9999,-9999,-9999,-9999,-9999,-9999,unassigned,N/A,-9999,-9999,N/A,-9999,-9999,-9999,-9999,-9999,-9999,-9999,-9999,-9999
1399,344.971757,344.971595927,-9999,10559475,-9999,290834.7,73.12,-1,-9999,-9999,-9999,-9999,-9999,-9999,-9999,unassigned,N/A,-9999,-9999,N/A,-9999,-9999,-9999,-9999,-9999,-9999,-9999,-9999,-9999
1409,345.16549,345.165328856,-9999,2304550.3,-9999,277745,14.09,-1,-9999,-9999,-9999,-9999,-9999,-9999,-9999,unassigned,N/A,-9999,-9999,N/A,-9999,-9999,-9999,-9999,-9999,-9999,-9999,-9999,-9999
1417,345.971278,345.971116557,-9999,1424890.3,-9999,350760.6,7.8,-1,-9999,-9999,-9999,-9999,-9999,-9999,-9999,unassigned,N/A,-9999,-9999,N/A,-9999,-9999,-9999,-9999,-9999,-9999,-9999,-9999,-9999
1423,346.738531,346.738369273,-9999,6560197.5,-9999,312576,44.52,-1,-9999,-9999,-9999,-9999,-9999,-9999,-9999,unassigned,N/A,-9999,-9999,N/A,-9999,-9999,-9999,-9999,-9999,-9999,-9999,-9999,-9999
1424,346.757188,346.757026267,-9999,7473610,-9999,315083.3,51.05,-1,-9999,-9999,-9999,-9999,-9999,-9999,-9999,unassigned,N/A,-9999,-9999,N/A,-9999,-9999,-9999,-9999,-9999,-9999,-9999,-9999,-9999
1425,346.766405,346.766243263,-9999,1542348.8,-9999,307007,8.64,-1,-9999,-9999,-9999,-9999,-9999,-9999,-9999,unassigned,N/A,-9999,-9999,N/A,-9999,-9999,-9999,-9999,-9999,-9999,-9999,-9999,-9999
1434,347.144712,347.144550123,-9999,4794929,-9999,291368.9,31.9,-1,-9999,-9999,-9999,-9999,-9999,-9999,-9999,unassigned,N/A,-9999,-9999,N/A,-9999,-9999,-9999,-9999,-9999,-9999,-9999,-9999,-9999
1437,347.181151,347.18098911,-9999,4357691,-9999,303498.6,28.77,-1,-9999,-9999,-9999,-9999,-9999,-9999,-9999,unassigned,N/A,-9999,-9999,N/A,-9999,-9999,-9999,-9999,-9999,-9999,-9999,-9999,-9999
1443,348.212794,348.212631728,-9999,1698382.4,-9999,301476.3,9.75,-1,-9999,-9999,-9999,-9999,-9999,-9999,-9999,unassigned,N/A,-9999,-9999,N/A,-9999,-9999,-9999,-9999,-9999,-9999,-9999,-9999,-9999
1445,348.736447,348.736284534,-9999,7302107,-9999,305647.6,49.82,-1,-9999,-9999,-9999,-9999,-9999,-9999,-9999,unassigned,N/A,-9999,-9999,N/A,-9999,-9999,-9999,-9999,-9999,-9999,-9999,-9999,-9999
1446,348.755155,348.754992527,-9999,2551263.8,-9999,334135,15.85,-1,-9999,-9999,-9999,-9999,-9999,-9999,-9999,unassigned,N/A,-9999,-9999,N/A,-9999,-9999,-9999,-9999,-9999,-9999,-9999,-9999,-9999
1447,348.954239,348.954076453,-9999,3290133.3,-9999,317691.4,21.13,-1,-9999,-9999,-9999,-9999,-9999,-9999,-9999,unassigned,N/A,-9999,-9999,N/A,-9999,-9999,-9999,-9999,-9999,-9999,-9999,-9999,-9999
1457,349.196747,349.196584364,-9999,17497174,-9999,300080,122.73,-1,-9999,-9999,-9999,-9999,-9999,-9999,-9999,unassigned,N/A,-9999,-9999,N/A,-9999,-9999,-9999,-9999,-9999,-9999,-9999,-9999,-9999
1461,349.269532,349.269369337,-9999,1849962.3,-9999,349871.3,10.83,-1,-9999,-9999,-9999,-9999,-9999,-9999,-9999,unassigned,N/A,-9999,-9999,N/A,-9999,-9999,-9999,-9999,-9999,-9999,-9999,-9999,-9999
1462,349.288143,349.28798033,-9999,5493871.5,-9999,302476.7,36.89,-1,-9999,-9999,-9999,-9999,-9999,-9999,-9999,unassigned,N/A,-9999,-9999,N/A,-9999,-9999,-9999,-9999,-9999,-9999,-9999,-9999,-9999
1468,350.228436,350.228272982,-9999,2733933.5,-9999,299301,17.15,-1,-9999,-9999,-9999,-9999,-9999,-9999,-9999,unassigned,N/A,-9999,-9999,N/A,-9999,-9999,-9999,-9999,-9999,-9999,-9999,-9999,-9999
1470,350.734331,350.734167794,-9999,2141686.8,-9999,308609.2,12.92,-1,-9999,-9999,-9999,-9999,-9999,-9999,-9999,unassigned,N/A,-9999,-9999,N/A,-9999,-9999,-9999,-9999,-9999,-9999,-9999,-9999,-9999
1473,351.10329,351.103126658,-9999,2676827,-9999,300698.9,16.74,-1,-9999,-9999,-9999,-9999,-9999,-9999,-9999,unassigned,N/A,-9999,-9999,N/A,-9999,-9999,-9999,-9999,-9999,-9999,-9999,-9999,-9999
1477,351.139755,351.139591644,-9999,1413221,-9999,315543.3,7.71,-1,-9999,-9999,-9999,-9999,-9999,-9999,-9999,unassigned,N/A,-9999,-9999,N/A,-9999,-9999,-9999,-9999,-9999,-9999,-9999,-9999,-9999
1482,351.212407,351.212243618,-9999,37396088,-9999,295990.9,265.02,-1,-9999,-9999,-9999,-9999,-9999,-9999,-9999,unassigned,N/A,-9999,-9999,N/A,-9999,-9999,-9999,-9999,-9999,-9999,-9999,-9999,-9999
1487,351.285073,351.284909591,-9999,2233996.5,-9999,314785.1,13.58,-1,-9999,-9999,-9999,-9999,-9999,-9999,-9999,unassigned,N/A,-9999,-9999,N/A,-9999,-9999,-9999,-9999,-9999,-9999,-9999,-9999,-9999
1492,352.215737,352.215573246,-9999,6985611,-9999,308011.8,47.55,-1,-9999,-9999,-9999,-9999,-9999,-9999,-9999,unassigned,N/A,-9999,-9999,N/A,-9999,-9999,-9999,-9999,-9999,-9999,-9999,-9999,-9999
1495,352.244009,352.243845236,-9999,4088722.5,-9999,283202.5,26.84,-1,-9999,-9999,-9999,-9999,-9999,-9999,-9999,unassigned,N/A,-9999,-9999,N/A,-9999,-9999,-9999,-9999,-9999,-9999,-9999,-9999,-9999
1496,352.949189,352.949024975,-9999,9080916,-9999,299391.1,61.85,-1,-9999,-9999,-9999,-9999,-9999,-9999,-9999,unassigned,N/A,-9999,-9999,N/A,-9999,-9999,-9999,-9999,-9999,-9999,-9999,-9999,-9999
1507,353.19167,353.191505885,-9999,1329046.5,-9999,382959.8,7.02,-1,-9999,-9999,-9999,-9999,-9999,-9999,-9999,unassigned,N/A,-9999,-9999,N/A,-9999,-9999,-9999,-9999,-9999,-9999,-9999,-9999,-9999
1511,353.228045,353.227880872,-9999,4202656.5,-9999,313972.2,27.35,-1,-9999,-9999,-9999,-9999,-9999,-9999,-9999,unassigned,N/A,-9999,-9999,N/A,-9999,-9999,-9999,-9999,-9999,-9999,-9999,-9999,-9999
1513,353.948731,353.948566605,-9999,2337639,-9999,343366,14.16,-1,-9999,-9999,-9999,-9999,-9999,-9999,-9999,unassigned,N/A,-9999,-9999,N/A,-9999,-9999,-9999,-9999,-9999,-9999,-9999,-9999,-9999
1514,354.073752,354.073587558,-9999,1649801.4,-9999,274812.1,9.29,-1,-9999,-9999,-9999,-9999,-9999,-9999,-9999,unassigned,N/A,-9999,-9999,N/A,-9999,-9999,-9999,-9999,-9999,-9999,-9999,-9999,-9999
1517,354.873454,354.873289262,-9999,1583206.4,-9999,267044.5,8.82,-1,-9999,-9999,-9999,-9999,-9999,-9999,-9999,unassigned,N/A,-9999,-9999,N/A,-9999,-9999,-9999,-9999,-9999,-9999,-9999,-9999,-9999
1529,355.217915,355.217750135,-9999,2602181.8,-9999,319514.6,16.02,-1,-9999,-9999,-9999,-9999,-9999,-9999,-9999,unassigned,N/A,-9999,-9999,N/A,-9999,-9999,-9999,-9999,-9999,-9999,-9999,-9999,-9999
1535,356.759266,356.759100565,-9999,3193969.8,-9999,288511.1,20.21,-1,-9999,-9999,-9999,-9999,-9999,-9999,-9999,unassigned,N/A,-9999,-9999,N/A,-9999,-9999,-9999,-9999,-9999,-9999,-9999,-9999,-9999
1536,356.795602,356.795436551,-9999,3527804,-9999,315007,22.57,-1,-9999,-9999,-9999,-9999,-9999,-9999,-9999,unassigned,N/A,-9999,-9999,N/A,-9999,-9999,-9999,-9999,-9999,-9999,-9999,-9999,-9999
1537,356.870776,356.870610523,-9999,1350032.9,-9999,299782.7,7.16,-1,-9999,-9999,-9999,-9999,-9999,-9999,-9999,unassigned,N/A,-9999,-9999,N/A,-9999,-9999,-9999,-9999,-9999,-9999,-9999,-9999,-9999
1538,356.990421,356.990255479,-9999,47555764,-9999,289451.7,333.97,-1,-9999,-9999,-9999,-9999,-9999,-9999,-9999,unassigned,N/A,-9999,-9999,N/A,-9999,-9999,-9999,-9999,-9999,-9999,-9999,-9999,-9999
1553,357.989978,357.989812109,-9999,6858185,-9999,300062.2,46.12,-1,-9999,-9999,-9999,-9999,-9999,-9999,-9999,unassigned,N/A,-9999,-9999,N/A,-9999,-9999,-9999,-9999,-9999,-9999,-9999,-9999,-9999
1558,358.757243,358.757076825,-9999,2902175.5,-9999,287073.5,18.14,-1,-9999,-9999,-9999,-9999,-9999,-9999,-9999,unassigned,N/A,-9999,-9999,N/A,-9999,-9999,-9999,-9999,-9999,-9999,-9999,-9999,-9999
1559,358.793611,358.793444812,-9999,3024041.8,-9999,316920.2,19,-1,-9999,-9999,-9999,-9999,-9999,-9999,-9999,unassigned,N/A,-9999,-9999,N/A,-9999,-9999,-9999,-9999,-9999,-9999,-9999,-9999,-9999
1560,358.887883,358.887716777,-9999,1362372.1,-9999,319909.4,7.25,-1,-9999,-9999,-9999,-9999,-9999,-9999,-9999,unassigned,N/A,-9999,-9999,N/A,-9999,-9999,-9999,-9999,-9999,-9999,-9999,-9999,-9999
1561,358.892646,358.892479775,-9999,1631941.5,-9999,317772,9.15,-1,-9999,-9999,-9999,-9999,-9999,-9999,-9999,unassigned,N/A,-9999,-9999,N/A,-9999,-9999,-9999,-9999,-9999,-9999,-9999,-9999,-9999
1562,358.98743,358.98726374,-9999,15886048,-9999,284455.1,109.97,-1,-9999,-9999,-9999,-9999,-9999,-9999,-9999,unassigned,N/A,-9999,-9999,N/A,-9999,-9999,-9999,-9999,-9999,-9999,-9999,-9999,-9999
1566,359.089015,359.088848702,-9999,1440508.4,-9999,252915.1,7.8,-1,-9999,-9999,-9999,-9999,-9999,-9999,-9999,unassigned,N/A,-9999,-9999,N/A,-9999,-9999,-9999,-9999,-9999,-9999,-9999,-9999,-9999
1568,359.11182,359.111653694,-9999,1535746.9,-9999,305679.8,8.47,-1,-9999,-9999,-9999,-9999,-9999,-9999,-9999,unassigned,N/A,-9999,-9999,N/A,-9999,-9999,-9999,-9999,-9999,-9999,-9999,-9999,-9999
1572,359.14475,359.144583682,-9999,1507852,-9999,266028.6,8.28,-1,-9999,-9999,-9999,-9999,-9999,-9999,-9999,unassigned,N/A,-9999,-9999,N/A,-9999,-9999,-9999,-9999,-9999,-9999,-9999,-9999,-9999
1577,359.199835,359.199668661,-9999,2125083.5,-9999,314613.1,12.64,-1,-9999,-9999,-9999,-9999,-9999,-9999,-9999,unassigned,N/A,-9999,-9999,N/A,-9999,-9999,-9999,-9999,-9999,-9999,-9999,-9999,-9999
1581,359.236215,359.236048648,-9999,1576741.6,-9999,362576.2,8.76,-1,-9999,-9999,-9999,-9999,-9999,-9999,-9999,unassigned,N/A,-9999,-9999,N/A,-9999,-9999,-9999,-9999,-9999,-9999,-9999,-9999,-9999
1583,359.986964,359.98679737,-9999,2235896,-9999,323730.1,13.42,-1,-9999,-9999,-9999,-9999,-9999,-9999,-9999,unassigned,N/A,-9999,-9999,N/A,-9999,-9999,-9999,-9999,-9999,-9999,-9999,-9999,-9999
1587,360.890284,360.890117036,-9999,1495285.8,-9999,307866,8.18,-1,-9999,-9999,-9999,-9999,-9999,-9999,-9999,unassigned,N/A,-9999,-9999,N/A,-9999,-9999,-9999,-9999,-9999,-9999,-9999,-9999,-9999
1597,361.160384,361.160216936,-9999,2148929.5,-9999,254473.5,12.81,-1,-9999,-9999,-9999,-9999,-9999,-9999,-9999,unassigned,N/A,-9999,-9999,N/A,-9999,-9999,-9999,-9999,-9999,-9999,-9999,-9999,-9999
1601,361.207958,361.207790918,-9999,2150223,-9999,282426,12.82,-1,-9999,-9999,-9999,-9999,-9999,-9999,-9999,unassigned,N/A,-9999,-9999,N/A,-9999,-9999,-9999,-9999,-9999,-9999,-9999,-9999,-9999
1607,362.191922,362.191754554,-9999,1487459.6,-9999,382267.5,8.13,-1,-9999,-9999,-9999,-9999,-9999,-9999,-9999,unassigned,N/A,-9999,-9999,N/A,-9999,-9999,-9999,-9999,-9999,-9999,-9999,-9999,-9999
1625,363.303837,363.303669142,-9999,3523484.8,-9999,292595.7,22.52,-1,-9999,-9999,-9999,-9999,-9999,-9999,-9999,unassigned,N/A,-9999,-9999,N/A,-9999,-9999,-9999,-9999,-9999,-9999,-9999,-9999,-9999
1637,365.191645,365.191476443,-9999,5959088.5,-9999,284050.5,39.29,-1,-9999,-9999,-9999,-9999,-9999,-9999,-9999,unassigned,N/A,-9999,-9999,N/A,-9999,-9999,-9999,-9999,-9999,-9999,-9999,-9999,-9999
1646,366.223353,366.223184062,-9999,3769043,-9999,317479.7,23.98,-1,-9999,-9999,-9999,-9999,-9999,-9999,-9999,unassigned,N/A,-9999,-9999,N/A,-9999,-9999,-9999,-9999,-9999,-9999,-9999,-9999,-9999
1647,366.964859,366.964689787,-9999,17518500,-9999,282868.8,120.1,-1,-9999,-9999,-9999,-9999,-9999,-9999,-9999,unassigned,N/A,-9999,-9999,N/A,-9999,-9999,-9999,-9999,-9999,-9999,-9999,-9999,-9999
1648,366.993192,366.993022777,-9999,1380267.9,-9999,325906.6,7.27,-1,-9999,-9999,-9999,-9999,-9999,-9999,-9999,unassigned,N/A,-9999,-9999,N/A,-9999,-9999,-9999,-9999,-9999,-9999,-9999,-9999,-9999
1654,367.153274,367.153104717,-9999,1805273,-9999,317855.7,10.24,-1,-9999,-9999,-9999,-9999,-9999,-9999,-9999,unassigned,N/A,-9999,-9999,N/A,-9999,-9999,-9999,-9999,-9999,-9999,-9999,-9999,-9999
1655,367.168537,367.168367712,-9999,1666013.3,-9999,382645.7,9.27,-1,-9999,-9999,-9999,-9999,-9999,-9999,-9999,unassigned,N/A,-9999,-9999,N/A,-9999,-9999,-9999,-9999,-9999,-9999,-9999,-9999,-9999
1658,367.207343,367.207173697,-9999,13795304,-9999,289557.2,94.07,-1,-9999,-9999,-9999,-9999,-9999,-9999,-9999,unassigned,N/A,-9999,-9999,N/A,-9999,-9999,-9999,-9999,-9999,-9999,-9999,-9999,-9999
1662,367.243669,367.243499684,-9999,2766322.5,-9999,297712.7,16.96,-1,-9999,-9999,-9999,-9999,-9999,-9999,-9999,unassigned,N/A,-9999,-9999,N/A,-9999,-9999,-9999,-9999,-9999,-9999,-9999,-9999,-9999
1663,367.254258,367.25408868,-9999,2575349.5,-9999,280716.2,15.63,-1,-9999,-9999,-9999,-9999,-9999,-9999,-9999,unassigned,N/A,-9999,-9999,N/A,-9999,-9999,-9999,-9999,-9999,-9999,-9999,-9999,-9999
1664,367.964359,367.964189417,-9999,3467453.3,-9999,289736.6,21.86,-1,-9999,-9999,-9999,-9999,-9999,-9999,-9999,unassigned,N/A,-9999,-9999,N/A,-9999,-9999,-9999,-9999,-9999,-9999,-9999,-9999,-9999
1670,368.961663,368.961493048,-9999,2376661.5,-9999,310031.7,14.24,-1,-9999,-9999,-9999,-9999,-9999,-9999,-9999,unassigned,N/A,-9999,-9999,N/A,-9999,-9999,-9999,-9999,-9999,-9999,-9999,-9999,-9999
1681,369.222959,369.222788951,-9999,4249119,-9999,305651.1,27.33,-1,-9999,-9999,-9999,-9999,-9999,-9999,-9999,unassigned,N/A,-9999,-9999,N/A,-9999,-9999,-9999,-9999,-9999,-9999,-9999,-9999,-9999
1683,369.251379,369.251208941,-9999,2155559,-9999,328856.7,12.69,-1,-9999,-9999,-9999,-9999,-9999,-9999,-9999,unassigned,N/A,-9999,-9999,N/A,-9999,-9999,-9999,-9999,-9999,-9999,-9999,-9999,-9999
1686,370.687465,370.687294409,-9999,1535929.9,-9999,291955.5,8.35,-1,-9999,-9999,-9999,-9999,-9999,-9999,-9999,unassigned,N/A,-9999,-9999,N/A,-9999,-9999,-9999,-9999,-9999,-9999,-9999,-9999,-9999
1687,371.006073,371.005902291,-9999,18998292,-9999,268882.3,130.44,-1,-9999,-9999,-9999,-9999,-9999,-9999,-9999,unassigned,N/A,-9999,-9999,N/A,-9999,-9999,-9999,-9999,-9999,-9999,-9999,-9999,-9999
1697,371.181138,371.180967227,-9999,1488964,-9999,374106.9,8.03,-1,-9999,-9999,-9999,-9999,-9999,-9999,-9999,unassigned,N/A,-9999,-9999,N/A,-9999,-9999,-9999,-9999,-9999,-9999,-9999,-9999,-9999
1704,372.005676,372.005504921,-9999,2945322.5,-9999,320315.3,18.21,-1,-9999,-9999,-9999,-9999,-9999,-9999,-9999,unassigned,N/A,-9999,-9999,N/A,-9999,-9999,-9999,-9999,-9999,-9999,-9999,-9999,-9999
1710,372.684552,372.68438067,-9999,3198440,-9999,296848.4,19.97,-1,-9999,-9999,-9999,-9999,-9999,-9999,-9999,unassigned,N/A,-9999,-9999,N/A,-9999,-9999,-9999,-9999,-9999,-9999,-9999,-9999,-9999
1711,372.867374,372.867202602,-9999,2007067,-9999,283024.5,11.64,-1,-9999,-9999,-9999,-9999,-9999,-9999,-9999,unassigned,N/A,-9999,-9999,N/A,-9999,-9999,-9999,-9999,-9999,-9999,-9999,-9999,-9999
1712,373.003134,373.002962552,-9999,8224321,-9999,282397.4,55.11,-1,-9999,-9999,-9999,-9999,-9999,-9999,-9999,unassigned,N/A,-9999,-9999,N/A,-9999,-9999,-9999,-9999,-9999,-9999,-9999,-9999,-9999
1727,373.196456,373.196284481,-9999,1607286.6,-9999,287552.9,8.85,-1,-9999,-9999,-9999,-9999,-9999,-9999,-9999,unassigned,N/A,-9999,-9999,N/A,-9999,-9999,-9999,-9999,-9999,-9999,-9999,-9999,-9999
1733,374.002789,374.002617182,-9999,1616214.9,-9999,279890.9,8.91,-1,-9999,-9999,-9999,-9999,-9999,-9999,-9999,unassigned,N/A,-9999,-9999,N/A,-9999,-9999,-9999,-9999,-9999,-9999,-9999,-9999,-9999
1737,374.301209,374.301037072,-9999,4875177.5,-9999,295735.3,31.69,-1,-9999,-9999,-9999,-9999,-9999,-9999,-9999,unassigned,N/A,-9999,-9999,N/A,-9999,-9999,-9999,-9999,-9999,-9999,-9999,-9999,-9999
1738,374.681543,374.681370931,-9999,3041299.3,-9999,307974.2,18.87,-1,-9999,-9999,-9999,-9999,-9999,-9999,-9999,unassigned,N/A,-9999,-9999,N/A,-9999,-9999,-9999,-9999,-9999,-9999,-9999,-9999,-9999
1739,374.846471,374.84629887,-9999,1503808.8,-9999,332051.8,8.12,-1,-9999,-9999,-9999,-9999,-9999,-9999,-9999,unassigned,N/A,-9999,-9999,N/A,-9999,-9999,-9999,-9999,-9999,-9999,-9999,-9999,-9999
1740,374.906363,374.906190848,-9999,1412689.4,-9999,249041.8,7.48,-1,-9999,-9999,-9999,-9999,-9999,-9999,-9999,unassigned,N/A,-9999,-9999,N/A,-9999,-9999,-9999,-9999,-9999,-9999,-9999,-9999,-9999
1741,374.910199,374.910026846,-9999,4416594.5,-9999,301500.3,28.49,-1,-9999,-9999,-9999,-9999,-9999,-9999,-9999,unassigned,N/A,-9999,-9999,N/A,-9999,-9999,-9999,-9999,-9999,-9999,-9999,-9999,-9999
1756,375.910082,375.909909476,-9999,1681254.8,-9999,304322.4,9.36,-1,-9999,-9999,-9999,-9999,-9999,-9999,-9999,unassigned,N/A,-9999,-9999,N/A,-9999,-9999,-9999,-9999,-9999,-9999,-9999,-9999,-9999
1762,376.678511,376.678338192,-9999,2085434.4,-9999,259394.1,12.18,-1,-9999,-9999,-9999,-9999,-9999,-9999,-9999,unassigned,N/A,-9999,-9999,N/A,-9999,-9999,-9999,-9999,-9999,-9999,-9999,-9999,-9999
1763,376.704469,376.704296182,-9999,3563073.5,-9999,302096.6,22.52,-1,-9999,-9999,-9999,-9999,-9999,-9999,-9999,unassigned,N/A,-9999,-9999,N/A,-9999,-9999,-9999,-9999,-9999,-9999,-9999,-9999,-9999
1764,376.816449,376.816276141,-9999,1952864.4,-9999,334367.5,11.26,-1,-9999,-9999,-9999,-9999,-9999,-9999,-9999,unassigned,N/A,-9999,-9999,N/A,-9999,-9999,-9999,-9999,-9999,-9999,-9999,-9999,-9999
1765,376.844411,376.84423813,-9999,1446248,-9999,281289.7,7.72,-1,-9999,-9999,-9999,-9999,-9999,-9999,-9999,unassigned,N/A,-9999,-9999,N/A,-9999,-9999,-9999,-9999,-9999,-9999,-9999,-9999,-9999
1766,376.862238,376.862065124,-9999,1673836.9,-9999,320756.6,9.31,-1,-9999,-9999,-9999,-9999,-9999,-9999,-9999,unassigned,N/A,-9999,-9999,N/A,-9999,-9999,-9999,-9999,-9999,-9999,-9999,-9999,-9999
1767,376.907292,376.907119107,-9999,2282105.3,-9999,319742.4,13.56,-1,-9999,-9999,-9999,-9999,-9999,-9999,-9999,unassigned,N/A,-9999,-9999,N/A,-9999,-9999,-9999,-9999,-9999,-9999,-9999,-9999,-9999
1771,377.085892,377.085719041,-9999,6710954.5,-9999,268522.3,44.1,-1,-9999,-9999,-9999,-9999,-9999,-9999,-9999,unassigned,N/A,-9999,-9999,N/A,-9999,-9999,-9999,-9999,-9999,-9999,-9999,-9999,-9999
1774,377.137632,377.137459022,-9999,2479800.5,-9999,290595.3,14.8,-1,-9999,-9999,-9999,-9999,-9999,-9999,-9999,unassigned,N/A,-9999,-9999,N/A,-9999,-9999,-9999,-9999,-9999,-9999,-9999,-9999,-9999
1779,377.300641,377.300467962,-9999,1486565.3,-9999,252549.1,7.92,-1,-9999,-9999,-9999,-9999,-9999,-9999,-9999,unassigned,N/A,-9999,-9999,N/A,-9999,-9999,-9999,-9999,-9999,-9999,-9999,-9999,-9999
1780,377.31945,377.319276955,-9999,5146346.5,-9999,273720.3,33.27,-1,-9999,-9999,-9999,-9999,-9999,-9999,-9999,unassigned,N/A,-9999,-9999,N/A,-9999,-9999,-9999,-9999,-9999,-9999,-9999,-9999,-9999
1782,378.201561,378.201387628,-9999,1358299.9,-9999,319556.9,7.03,-1,-9999,-9999,-9999,-9999,-9999,-9999,-9999,unassigned,N/A,-9999,-9999,N/A,-9999,-9999,-9999,-9999,-9999,-9999,-9999,-9999,-9999
1786,378.322843,378.322669583,-9999,1722621,-9999,241031.7,9.55,-1,-9999,-9999,-9999,-9999,-9999,-9999,-9999,unassigned,N/A,-9999,-9999,N/A,-9999,-9999,-9999,-9999,-9999,-9999,-9999,-9999,-9999
1787,378.701495,378.701321443,-9999,8596580,-9999,271923.6,57.16,-1,-9999,-9999,-9999,-9999,-9999,-9999,-9999,unassigned,N/A,-9999,-9999,N/A,-9999,-9999,-9999,-9999,-9999,-9999,-9999,-9999,-9999
1798,379.207454,379.207280256,-9999,1467373.9,-9999,264783.2,7.79,-1,-9999,-9999,-9999,-9999,-9999,-9999,-9999,unassigned,N/A,-9999,-9999,N/A,-9999,-9999,-9999,-9999,-9999,-9999,-9999,-9999,-9999
1801,379.31659,379.316416215,-9999,1941259.5,-9999,304249.7,11.07,-1,-9999,-9999,-9999,-9999,-9999,-9999,-9999,unassigned,N/A,-9999,-9999,N/A,-9999,-9999,-9999,-9999,-9999,-9999,-9999,-9999,-9999
1803,380.107122,380.106947923,-9999,1403617.8,-9999,292989.9,7.34,-1,-9999,-9999,-9999,-9999,-9999,-9999,-9999,unassigned,N/A,-9999,-9999,N/A,-9999,-9999,-9999,-9999,-9999,-9999,-9999,-9999,-9999
1807,380.698565,380.698390704,-9999,6794881.5,-9999,268893.7,44.68,-1,-9999,-9999,-9999,-9999,-9999,-9999,-9999,unassigned,N/A,-9999,-9999,N/A,-9999,-9999,-9999,-9999,-9999,-9999,-9999,-9999,-9999
1822,381.269966,381.269791492,-9999,2446619.3,-9999,322000.4,14.56,-1,-9999,-9999,-9999,-9999,-9999,-9999,-9999,unassigned,N/A,-9999,-9999,N/A,-9999,-9999,-9999,-9999,-9999,-9999,-9999,-9999,-9999
1823,381.980095,381.97992023,-9999,3839961.5,-9999,294723.3,24.21,-1,-9999,-9999,-9999,-9999,-9999,-9999,-9999,unassigned,N/A,-9999,-9999,N/A,-9999,-9999,-9999,-9999,-9999,-9999,-9999,-9999,-9999
1825,382.695589,382.695413965,-9999,4364440.5,-9999,258789,27.84,-1,-9999,-9999,-9999,-9999,-9999,-9999,-9999,unassigned,N/A,-9999,-9999,N/A,-9999,-9999,-9999,-9999,-9999,-9999,-9999,-9999,-9999
1826,382.721428,382.721252955,-9999,2170527.3,-9999,291272.8,12.65,-1,-9999,-9999,-9999,-9999,-9999,-9999,-9999,unassigned,N/A,-9999,-9999,N/A,-9999,-9999,-9999,-9999,-9999,-9999,-9999,-9999,-9999
1827,382.792673,382.792497929,-9999,1890482.3,-9999,266212.3,10.71,-1,-9999,-9999,-9999,-9999,-9999,-9999,-9999,unassigned,N/A,-9999,-9999,N/A,-9999,-9999,-9999,-9999,-9999,-9999,-9999,-9999,-9999
1828,382.977281,382.977105861,-9999,2745571.5,-9999,279249.2,16.63,-1,-9999,-9999,-9999,-9999,-9999,-9999,-9999,unassigned,N/A,-9999,-9999,N/A,-9999,-9999,-9999,-9999,-9999,-9999,-9999,-9999,-9999
1841,383.202322,383.202146777,-9999,1570335.1,-9999,289303.8,8.49,-1,-9999,-9999,-9999,-9999,-9999,-9999,-9999,unassigned,N/A,-9999,-9999,N/A,-9999,-9999,-9999,-9999,-9999,-9999,-9999,-9999,-9999
1845,383.249189,383.24901376,-9999,2394411.5,-9999,300077.1,14.2,-1,-9999,-9999,-9999,-9999,-9999,-9999,-9999,unassigned,N/A,-9999,-9999,N/A,-9999,-9999,-9999,-9999,-9999,-9999,-9999,-9999,-9999
1846,383.267039,383.266863753,-9999,1634096.4,-9999,294779,8.93,-1,-9999,-9999,-9999,-9999,-9999,-9999,-9999,unassigned,N/A,-9999,-9999,N/A,-9999,-9999,-9999,-9999,-9999,-9999,-9999,-9999,-9999
1849,384.718406,384.718230216,-9999,5313199.5,-9999,274709.5,34.41,-1,-9999,-9999,-9999,-9999,-9999,-9999,-9999,unassigned,N/A,-9999,-9999,N/A,-9999,-9999,-9999,-9999,-9999,-9999,-9999,-9999,-9999
1850,384.79052,384.790344189,-9999,4263618,-9999,276498.8,27.14,-1,-9999,-9999,-9999,-9999,-9999,-9999,-9999,unassigned,N/A,-9999,-9999,N/A,-9999,-9999,-9999,-9999,-9999,-9999,-9999,-9999,-9999
1864,386.715454,386.715277477,-9999,4797623.5,-9999,269857.2,30.84,-1,-9999,-9999,-9999,-9999,-9999,-9999,-9999,unassigned,N/A,-9999,-9999,N/A,-9999,-9999,-9999,-9999,-9999,-9999,-9999,-9999,-9999
1865,386.76316,386.762983459,-9999,1516483.8,-9999,248517.6,8.11,-1,-9999,-9999,-9999,-9999,-9999,-9999,-9999,unassigned,N/A,-9999,-9999,N/A,-9999,-9999,-9999,-9999,-9999,-9999,-9999,-9999,-9999
1866,386.769755,386.769578457,-9999,1384389.5,-9999,326206.4,7.2,-1,-9999,-9999,-9999,-9999,-9999,-9999,-9999,unassigned,N/A,-9999,-9999,N/A,-9999,-9999,-9999,-9999,-9999,-9999,-9999,-9999,-9999
1867,386.78847,386.78829345,-9999,3850442.3,-9999,290174.6,24.28,-1,-9999,-9999,-9999,-9999,-9999,-9999,-9999,unassigned,N/A,-9999,-9999,N/A,-9999,-9999,-9999,-9999,-9999,-9999,-9999,-9999,-9999
1877,387.176167,387.175990306,-9999,2253614.3,-9999,269983.6,13.22,-1,-9999,-9999,-9999,-9999,-9999,-9999,-9999,unassigned,N/A,-9999,-9999,N/A,-9999,-9999,-9999,-9999,-9999,-9999,-9999,-9999,-9999
1887,388.712615,388.712437738,-9999,2991799,-9999,286676.2,18.33,-1,-9999,-9999,-9999,-9999,-9999,-9999,-9999,unassigned,N/A,-9999,-9999,N/A,-9999,-9999,-9999,-9999,-9999,-9999,-9999,-9999,-9999
1888,388.767681,388.767503717,-9999,1456581,-9999,312035.6,7.69,-1,-9999,-9999,-9999,-9999,-9999,-9999,-9999,unassigned,N/A,-9999,-9999,N/A,-9999,-9999,-9999,-9999,-9999,-9999,-9999,-9999,-9999
1889,388.786507,388.78632971,-9999,1551049.9,-9999,315026.9,8.35,-1,-9999,-9999,-9999,-9999,-9999,-9999,-9999,unassigned,N/A,-9999,-9999,N/A,-9999,-9999,-9999,-9999,-9999,-9999,-9999,-9999,-9999
1890,388.922309,388.92213166,-9999,1631212.3,-9999,276644.3,8.9,-1,-9999,-9999,-9999,-9999,-9999,-9999,-9999,unassigned,N/A,-9999,-9999,N/A,-9999,-9999,-9999,-9999,-9999,-9999,-9999,-9999,-9999
1891,388.925917,388.925739659,-9999,20088558,-9999,268100.9,136.73,-1,-9999,-9999,-9999,-9999,-9999,-9999,-9999,unassigned,N/A,-9999,-9999,N/A,-9999,-9999,-9999,-9999,-9999,-9999,-9999,-9999,-9999
1902,389.191748,389.19157056,-9999,2338608.5,-9999,273573.4,13.8,-1,-9999,-9999,-9999,-9999,-9999,-9999,-9999,unassigned,N/A,-9999,-9999,N/A,-9999,-9999,-9999,-9999,-9999,-9999,-9999,-9999,-9999
1904,389.206691,389.206513555,-9999,2774324.3,-9999,247471.3,16.82,-1,-9999,-9999,-9999,-9999,-9999,-9999,-9999,unassigned,N/A,-9999,-9999,N/A,-9999,-9999,-9999,-9999,-9999,-9999,-9999,-9999,-9999
1908,389.319608,389.319430513,-9999,2290000.8,-9999,269175.7,13.46,-1,-9999,-9999,-9999,-9999,-9999,-9999,-9999,unassigned,N/A,-9999,-9999,N/A,-9999,-9999,-9999,-9999,-9999,-9999,-9999,-9999,-9999
1909,389.889289,389.889111302,-9999,1449952.3,-9999,299519.7,7.64,-1,-9999,-9999,-9999,-9999,-9999,-9999,-9999,unassigned,N/A,-9999,-9999,N/A,-9999,-9999,-9999,-9999,-9999,-9999,-9999,-9999,-9999
1910,389.925461,389.925283289,-9999,4044777.3,-9999,293501.9,25.62,-1,-9999,-9999,-9999,-9999,-9999,-9999,-9999,unassigned,N/A,-9999,-9999,N/A,-9999,-9999,-9999,-9999,-9999,-9999,-9999,-9999,-9999
1913,390.922881,390.92270292,-9999,8597730,-9999,264947.4,56.86,-1,-9999,-9999,-9999,-9999,-9999,-9999,-9999,unassigned,N/A,-9999,-9999,N/A,-9999,-9999,-9999,-9999,-9999,-9999,-9999,-9999,-9999
1919,391.14936,391.149181836,-9999,1426458.5,-9999,325875.3,7.44,-1,-9999,-9999,-9999,-9999,-9999,-9999,-9999,unassigned,N/A,-9999,-9999,N/A,-9999,-9999,-9999,-9999,-9999,-9999,-9999,-9999,-9999
1926,391.922559,391.92238055,-9999,1507289.4,-9999,321882,8,-1,-9999,-9999,-9999,-9999,-9999,-9999,-9999,unassigned,N/A,-9999,-9999,N/A,-9999,-9999,-9999,-9999,-9999,-9999,-9999,-9999,-9999
1929,392.31177,392.311591406,-9999,5169721,-9999,273365.6,33.24,-1,-9999,-9999,-9999,-9999,-9999,-9999,-9999,unassigned,N/A,-9999,-9999,N/A,-9999,-9999,-9999,-9999,-9999,-9999,-9999,-9999,-9999
1935,393.164837,393.16465809,-9999,2972936.8,-9999,224904.6,18.1,-1,-9999,-9999,-9999,-9999,-9999,-9999,-9999,unassigned,N/A,-9999,-9999,N/A,-9999,-9999,-9999,-9999,-9999,-9999,-9999,-9999,-9999
1942,393.295876,393.295697041,-9999,1380648.5,-9999,311086.7,7.12,-1,-9999,-9999,-9999,-9999,-9999,-9999,-9999,unassigned,N/A,-9999,-9999,N/A,-9999,-9999,-9999,-9999,-9999,-9999,-9999,-9999,-9999
1945,394.122779,394.122599735,-9999,1380079.9,-9999,290076.7,7.12,-1,-9999,-9999,-9999,-9999,-9999,-9999,-9999,unassigned,N/A,-9999,-9999,N/A,-9999,-9999,-9999,-9999,-9999,-9999,-9999,-9999,-9999
1949,394.675447,394.675267531,-9999,2439796.3,-9999,238353.8,14.42,-1,-9999,-9999,-9999,-9999,-9999,-9999,-9999,unassigned,N/A,-9999,-9999,N/A,-9999,-9999,-9999,-9999,-9999,-9999,-9999,-9999,-9999
1950,394.782561,394.782381491,-9999,1819277.8,-9999,265601.8,10.14,-1,-9999,-9999,-9999,-9999,-9999,-9999,-9999,unassigned,N/A,-9999,-9999,N/A,-9999,-9999,-9999,-9999,-9999,-9999,-9999,-9999,-9999
1963,395.275157,395.274977309,-9999,2632962.8,-9999,277961.7,15.75,-1,-9999,-9999,-9999,-9999,-9999,-9999,-9999,unassigned,N/A,-9999,-9999,N/A,-9999,-9999,-9999,-9999,-9999,-9999,-9999,-9999,-9999
1964,395.285695,395.285515305,-9999,2142469.3,-9999,326095.6,12.37,-1,-9999,-9999,-9999,-9999,-9999,-9999,-9999,unassigned,N/A,-9999,-9999,N/A,-9999,-9999,-9999,-9999,-9999,-9999,-9999,-9999,-9999
1967,396.672389,396.672208792,-9999,2085963.6,-9999,291386,11.98,-1,-9999,-9999,-9999,-9999,-9999,-9999,-9999,unassigned,N/A,-9999,-9999,N/A,-9999,-9999,-9999,-9999,-9999,-9999,-9999,-9999,-9999
1968,396.993094,396.992913673,-9999,1921686.4,-9999,286273.4,10.85,-1,-9999,-9999,-9999,-9999,-9999,-9999,-9999,unassigned,N/A,-9999,-9999,N/A,-9999,-9999,-9999,-9999,-9999,-9999,-9999,-9999,-9999
1979,398.889305,398.889123971,-9999,1459787.5,-9999,234767.3,7.66,-1,-9999,-9999,-9999,-9999,-9999,-9999,-9999,unassigned,N/A,-9999,-9999,N/A,-9999,-9999,-9999,-9999,-9999,-9999,-9999,-9999,-9999
1980,398.900396,398.900214967,-9999,2949198,-9999,270840.1,17.92,-1,-9999,-9999,-9999,-9999,-9999,-9999,-9999,unassigned,N/A,-9999,-9999,N/A,-9999,-9999,-9999,-9999,-9999,-9999,-9999,-9999,-9999
1981,398.983027,398.982845936,-9999,1507936.9,-9999,256784.1,7.99,-1,-9999,-9999,-9999,-9999,-9999,-9999,-9999,unassigned,N/A,-9999,-9999,N/A,-9999,-9999,-9999,-9999,-9999,-9999,-9999,-9999,-9999
1996,400.692374,400.692192304,-9999,2456547.5,-9999,284051.6,14.53,-1,-9999,-9999,-9999,-9999,-9999,-9999,-9999,unassigned,N/A,-9999,-9999,N/A,-9999,-9999,-9999,-9999,-9999,-9999,-9999,-9999,-9999
1997,400.885603,400.885421232,-9999,1431566.6,-9999,341323.7,7.46,-1,-9999,-9999,-9999,-9999,-9999,-9999,-9999,unassigned,N/A,-9999,-9999,N/A,-9999,-9999,-9999,-9999,-9999,-9999,-9999,-9999,-9999
1998,400.939952,400.939770212,-9999,3258906.8,-9999,263251.7,20.05,-1,-9999,-9999,-9999,-9999,-9999,-9999,-9999,unassigned,N/A,-9999,-9999,N/A,-9999,-9999,-9999,-9999,-9999,-9999,-9999,-9999,-9999
2011,401.231346,401.231164104,-9999,3456604,-9999,262951.3,21.42,-1,-9999,-9999,-9999,-9999,-9999,-9999,-9999,unassigned,N/A,-9999,-9999,N/A,-9999,-9999,-9999,-9999,-9999,-9999,-9999,-9999,-9999
2016,402.689445,402.689262565,-9999,2453918.8,-9999,293401.7,14.5,-1,-9999,-9999,-9999,-9999,-9999,-9999,-9999,unassigned,N/A,-9999,-9999,N/A,-9999,-9999,-9999,-9999,-9999,-9999,-9999,-9999,-9999
2017,402.937908,402.937725473,-9999,2993109.3,-9999,281257.8,18.22,-1,-9999,-9999,-9999,-9999,-9999,-9999,-9999,unassigned,N/A,-9999,-9999,N/A,-9999,-9999,-9999,-9999,-9999,-9999,-9999,-9999,-9999
2018,402.941551,402.941368471,-9999,45822936,-9999,256873.5,313.36,-1,-9999,-9999,-9999,-9999,-9999,-9999,-9999,unassigned,N/A,-9999,-9999,N/A,-9999,-9999,-9999,-9999,-9999,-9999,-9999,-9999,-9999
2035,403.941161,403.940978101,-9999,8729776,-9999,271493.5,57.75,-1,-9999,-9999,-9999,-9999,-9999,-9999,-9999,unassigned,N/A,-9999,-9999,N/A,-9999,-9999,-9999,-9999,-9999,-9999,-9999,-9999,-9999
2038,404.686467,404.686283825,-9999,1391953.4,-9999,352985.5,7.18,-1,-9999,-9999,-9999,-9999,-9999,-9999,-9999,unassigned,N/A,-9999,-9999,N/A,-9999,-9999,-9999,-9999,-9999,-9999,-9999,-9999,-9999
2047,405.186669,405.18648564,-9999,3898813,-9999,263268.7,24.33,-1,-9999,-9999,-9999,-9999,-9999,-9999,-9999,unassigned,N/A,-9999,-9999,N/A,-9999,-9999,-9999,-9999,-9999,-9999,-9999,-9999,-9999
2052,405.332013,405.331829586,-9999,1989596.3,-9999,278533.5,11.24,-1,-9999,-9999,-9999,-9999,-9999,-9999,-9999,unassigned,N/A,-9999,-9999,N/A,-9999,-9999,-9999,-9999,-9999,-9999,-9999,-9999,-9999
2053,405.350713,405.35052958,-9999,3848672.3,-9999,267547.4,23.98,-1,-9999,-9999,-9999,-9999,-9999,-9999,-9999,unassigned,N/A,-9999,-9999,N/A,-9999,-9999,-9999,-9999,-9999,-9999,-9999,-9999,-9999
2054,405.938151,405.937967362,-9999,3603037.8,-9999,271674.4,22.3,-1,-9999,-9999,-9999,-9999,-9999,-9999,-9999,unassigned,N/A,-9999,-9999,N/A,-9999,-9999,-9999,-9999,-9999,-9999,-9999,-9999,-9999
2058,406.935372,406.935187993,-9999,2234161.3,-9999,301680.6,12.91,-1,-9999,-9999,-9999,-9999,-9999,-9999,-9999,unassigned,N/A,-9999,-9999,N/A,-9999,-9999,-9999,-9999,-9999,-9999,-9999,-9999,-9999
2068,407.347891,407.34770684,-9999,1550472.4,-9999,266877.5,8.23,-1,-9999,-9999,-9999,-9999,-9999,-9999,-9999,unassigned,N/A,-9999,-9999,N/A,-9999,-9999,-9999,-9999,-9999,-9999,-9999,-9999,-9999
2097,412.916005,412.915818779,-9999,7017472.5,-9999,257037.6,45.69,-1,-9999,-9999,-9999,-9999,-9999,-9999,-9999,unassigned,N/A,-9999,-9999,N/A,-9999,-9999,-9999,-9999,-9999,-9999,-9999,-9999,-9999
2107,413.965233,413.965046391,-9999,3417298.5,-9999,237624.3,21.01,-1,-9999,-9999,-9999,-9999,-9999,-9999,-9999,unassigned,N/A,-9999,-9999,N/A,-9999,-9999,-9999,-9999,-9999,-9999,-9999,-9999,-9999
2109,414.864781,414.864594058,-9999,1409413,-9999,313064.4,7.25,-1,-9999,-9999,-9999,-9999,-9999,-9999,-9999,unassigned,N/A,-9999,-9999,N/A,-9999,-9999,-9999,-9999,-9999,-9999,-9999,-9999,-9999
2110,414.882414,414.882227052,-9999,2133384.5,-9999,295394.3,12.21,-1,-9999,-9999,-9999,-9999,-9999,-9999,-9999,unassigned,N/A,-9999,-9999,N/A,-9999,-9999,-9999,-9999,-9999,-9999,-9999,-9999,-9999
2124,415.962203,415.962015652,-9999,2956893.3,-9999,270588.8,17.86,-1,-9999,-9999,-9999,-9999,-9999,-9999,-9999,unassigned,N/A,-9999,-9999,N/A,-9999,-9999,-9999,-9999,-9999,-9999,-9999,-9999,-9999
2129,416.880464,416.880276312,-9999,3851025,-9999,272855.6,23.98,-1,-9999,-9999,-9999,-9999,-9999,-9999,-9999,unassigned,N/A,-9999,-9999,N/A,-9999,-9999,-9999,-9999,-9999,-9999,-9999,-9999,-9999
2130,416.957206,416.957018284,-9999,49045280,-9999,248045.4,333.76,-1,-9999,-9999,-9999,-9999,-9999,-9999,-9999,unassigned,N/A,-9999,-9999,N/A,-9999,-9999,-9999,-9999,-9999,-9999,-9999,-9999,-9999
2138,417.150331,417.150143212,-9999,1456197.5,-9999,264941.2,7.57,-1,-9999,-9999,-9999,-9999,-9999,-9999,-9999,unassigned,N/A,-9999,-9999,N/A,-9999,-9999,-9999,-9999,-9999,-9999,-9999,-9999,-9999
2145,417.350917,417.350729138,-9999,2577772.5,-9999,216872.6,15.26,-1,-9999,-9999,-9999,-9999,-9999,-9999,-9999,unassigned,N/A,-9999,-9999,N/A,-9999,-9999,-9999,-9999,-9999,-9999,-9999,-9999,-9999
2146,417.956763,417.956574914,-9999,10340322,-9999,244683.1,68.46,-1,-9999,-9999,-9999,-9999,-9999,-9999,-9999,unassigned,N/A,-9999,-9999,N/A,-9999,-9999,-9999,-9999,-9999,-9999,-9999,-9999,-9999
2149,418.796067,418.795878603,-9999,1419908,-9999,332492.8,7.32,-1,-9999,-9999,-9999,-9999,-9999,-9999,-9999,unassigned,N/A,-9999,-9999,N/A,-9999,-9999,-9999,-9999,-9999,-9999,-9999,-9999,-9999
2150,418.87847,418.878281573,-9999,1883283.9,-9999,317453.4,10.49,-1,-9999,-9999,-9999,-9999,-9999,-9999,-9999,unassigned,N/A,-9999,-9999,N/A,-9999,-9999,-9999,-9999,-9999,-9999,-9999,-9999,-9999
2161,419.953848,419.953659175,-9999,3655010,-9999,275054.9,22.64,-1,-9999,-9999,-9999,-9999,-9999,-9999,-9999,unassigned,N/A,-9999,-9999,N/A,-9999,-9999,-9999,-9999,-9999,-9999,-9999,-9999,-9999
2163,420.794197,420.794007864,-9999,2224642.3,-9999,261993.4,12.76,-1,-9999,-9999,-9999,-9999,-9999,-9999,-9999,unassigned,N/A,-9999,-9999,N/A,-9999,-9999,-9999,-9999,-9999,-9999,-9999,-9999,-9999
2171,421.181603,421.18141372,-9999,2333259.8,-9999,252646.1,13.5,-1,-9999,-9999,-9999,-9999,-9999,-9999,-9999,unassigned,N/A,-9999,-9999,N/A,-9999,-9999,-9999,-9999,-9999,-9999,-9999,-9999,-9999
2201,425.137704,425.137513256,-9999,1960241.6,-9999,249852.1,10.95,-1,-9999,-9999,-9999,-9999,-9999,-9999,-9999,unassigned,N/A,-9999,-9999,N/A,-9999,-9999,-9999,-9999,-9999,-9999,-9999,-9999,-9999
2207,426.901077,426.900885603,-9999,1759351.5,-9999,280620.9,9.58,-1,-9999,-9999,-9999,-9999,-9999,-9999,-9999,unassigned,N/A,-9999,-9999,N/A,-9999,-9999,-9999,-9999,-9999,-9999,-9999,-9999,-9999
2208,426.931653,426.931461592,-9999,16356989,-9999,239958.6,109.06,-1,-9999,-9999,-9999,-9999,-9999,-9999,-9999,unassigned,N/A,-9999,-9999,N/A,-9999,-9999,-9999,-9999,-9999,-9999,-9999,-9999,-9999
2222,428.64612,428.645927957,-9999,1500087.5,-9999,337083.5,7.81,-1,-9999,-9999,-9999,-9999,-9999,-9999,-9999,unassigned,N/A,-9999,-9999,N/A,-9999,-9999,-9999,-9999,-9999,-9999,-9999,-9999,-9999
2223,428.916509,428.916316857,-9999,1474280.9,-9999,224763.5,7.63,-1,-9999,-9999,-9999,-9999,-9999,-9999,-9999,unassigned,N/A,-9999,-9999,N/A,-9999,-9999,-9999,-9999,-9999,-9999,-9999,-9999,-9999
2224,428.928339,428.928146853,-9999,2428395,-9999,235086.6,14.13,-1,-9999,-9999,-9999,-9999,-9999,-9999,-9999,unassigned,N/A,-9999,-9999,N/A,-9999,-9999,-9999,-9999,-9999,-9999,-9999,-9999,-9999
2243,430.643319,430.643126218,-9999,3393827,-9999,252602.8,20.71,-1,-9999,-9999,-9999,-9999,-9999,-9999,-9999,unassigned,N/A,-9999,-9999,N/A,-9999,-9999,-9999,-9999,-9999,-9999,-9999,-9999,-9999
2244,430.972864,430.972671096,-9999,16738655,-9999,240474.8,111.66,-1,-9999,-9999,-9999,-9999,-9999,-9999,-9999,unassigned,N/A,-9999,-9999,N/A,-9999,-9999,-9999,-9999,-9999,-9999,-9999,-9999,-9999
2260,431.972401,431.972207726,-9999,3386899.5,-9999,249653.1,20.66,-1,-9999,-9999,-9999,-9999,-9999,-9999,-9999,unassigned,N/A,-9999,-9999,N/A,-9999,-9999,-9999,-9999,-9999,-9999,-9999,-9999,-9999
2261,432.640288,432.640094479,-9999,3931788,-9999,244874.4,24.38,-1,-9999,-9999,-9999,-9999,-9999,-9999,-9999,unassigned,N/A,-9999,-9999,N/A,-9999,-9999,-9999,-9999,-9999,-9999,-9999,-9999,-9999
2273,433.382002,433.381808204,-9999,2114321.5,-9999,252670.1,11.99,-1,-9999,-9999,-9999,-9999,-9999,-9999,-9999,unassigned,N/A,-9999,-9999,N/A,-9999,-9999,-9999,-9999,-9999,-9999,-9999,-9999,-9999
2274,433.969359,433.969164987,-9999,1497211,-9999,267640.4,7.78,-1,-9999,-9999,-9999,-9999,-9999,-9999,-9999,unassigned,N/A,-9999,-9999,N/A,-9999,-9999,-9999,-9999,-9999,-9999,-9999,-9999,-9999
2275,434.637276,434.63708174,-9999,3030003,-9999,272199.8,18.23,-1,-9999,-9999,-9999,-9999,-9999,-9999,-9999,unassigned,N/A,-9999,-9999,N/A,-9999,-9999,-9999,-9999,-9999,-9999,-9999,-9999,-9999
2276,434.66319,434.66299573,-9999,2378743.5,-9999,221705,13.79,-1,-9999,-9999,-9999,-9999,-9999,-9999,-9999,unassigned,N/A,-9999,-9999,N/A,-9999,-9999,-9999,-9999,-9999,-9999,-9999,-9999,-9999
2277,434.967879,434.967684617,-9999,3656750.3,-9999,263309.7,22.5,-1,-9999,-9999,-9999,-9999,-9999,-9999,-9999,unassigned,N/A,-9999,-9999,N/A,-9999,-9999,-9999,-9999,-9999,-9999,-9999,-9999,-9999
2284,436.660165,436.659969991,-9999,6196573,-9999,241255.1,39.6,-1,-9999,-9999,-9999,-9999,-9999,-9999,-9999,unassigned,N/A,-9999,-9999,N/A,-9999,-9999,-9999,-9999,-9999,-9999,-9999,-9999,-9999
2297,438.657238,438.657042252,-9999,7216833,-9999,242229.7,46.52,-1,-9999,-9999,-9999,-9999,-9999,-9999,-9999,unassigned,N/A,-9999,-9999,N/A,-9999,-9999,-9999,-9999,-9999,-9999,-9999,-9999,-9999
2298,438.901395,438.901199162,-9999,1853164.5,-9999,279172.7,10.15,-1,-9999,-9999,-9999,-9999,-9999,-9999,-9999,unassigned,N/A,-9999,-9999,N/A,-9999,-9999,-9999,-9999,-9999,-9999,-9999,-9999,-9999
2304,440.654297,440.654100513,-9999,4846628.5,-9999,252250.4,30.45,-1,-9999,-9999,-9999,-9999,-9999,-9999,-9999,unassigned,N/A,-9999,-9999,N/A,-9999,-9999,-9999,-9999,-9999,-9999,-9999,-9999,-9999
2305,440.680013,440.679816503,-9999,1414185,-9999,283132.8,7.17,-1,-9999,-9999,-9999,-9999,-9999,-9999,-9999,unassigned,N/A,-9999,-9999,N/A,-9999,-9999,-9999,-9999,-9999,-9999,-9999,-9999,-9999
2306,440.916657,440.916460416,-9999,1619539.1,-9999,315157.7,8.56,-1,-9999,-9999,-9999,-9999,-9999,-9999,-9999,unassigned,N/A,-9999,-9999,N/A,-9999,-9999,-9999,-9999,-9999,-9999,-9999,-9999,-9999
2307,440.947318,440.947121404,-9999,17203288,-9999,237655.4,114.23,-1,-9999,-9999,-9999,-9999,-9999,-9999,-9999,unassigned,N/A,-9999,-9999,N/A,-9999,-9999,-9999,-9999,-9999,-9999,-9999,-9999,-9999
2322,442.651394,442.651196774,-9999,2145159.5,-9999,293119.1,12.13,-1,-9999,-9999,-9999,-9999,-9999,-9999,-9999,unassigned,N/A,-9999,-9999,N/A,-9999,-9999,-9999,-9999,-9999,-9999,-9999,-9999,-9999
2323,442.677072,442.676874764,-9999,4467084,-9999,259468.9,27.87,-1,-9999,-9999,-9999,-9999,-9999,-9999,-9999,unassigned,N/A,-9999,-9999,N/A,-9999,-9999,-9999,-9999,-9999,-9999,-9999,-9999,-9999
2324,442.944101,442.943903665,-9999,2323899.5,-9999,295068,13.34,-1,-9999,-9999,-9999,-9999,-9999,-9999,-9999,unassigned,N/A,-9999,-9999,N/A,-9999,-9999,-9999,-9999,-9999,-9999,-9999,-9999,-9999
2338,444.674172,444.673974025,-9999,5322479.5,-9999,242194.1,33.67,-1,-9999,-9999,-9999,-9999,-9999,-9999,-9999,unassigned,N/A,-9999,-9999,N/A,-9999,-9999,-9999,-9999,-9999,-9999,-9999,-9999,-9999
2339,444.892925,444.892726944,-9999,1627926.3,-9999,288706.8,8.62,-1,-9999,-9999,-9999,-9999,-9999,-9999,-9999,unassigned,N/A,-9999,-9999,N/A,-9999,-9999,-9999,-9999,-9999,-9999,-9999,-9999,-9999
2354,445.878649,445.878450579,-9999,2023365.9,-9999,275703.5,11.3,-1,-9999,-9999,-9999,-9999,-9999,-9999,-9999,unassigned,N/A,-9999,-9999,N/A,-9999,-9999,-9999,-9999,-9999,-9999,-9999,-9999,-9999
2355,446.671316,446.671117286,-9999,2818131.3,-9999,237111.9,16.68,-1,-9999,-9999,-9999,-9999,-9999,-9999,-9999,unassigned,N/A,-9999,-9999,N/A,-9999,-9999,-9999,-9999,-9999,-9999,-9999,-9999,-9999
2356,446.891202,446.891003204,-9999,2602618.3,-9999,234241.7,15.22,-1,-9999,-9999,-9999,-9999,-9999,-9999,-9999,unassigned,N/A,-9999,-9999,N/A,-9999,-9999,-9999,-9999,-9999,-9999,-9999,-9999,-9999
2369,447.875821,447.87562184,-9999,1529642.1,-9999,286319.7,7.95,-1,-9999,-9999,-9999,-9999,-9999,-9999,-9999,unassigned,N/A,-9999,-9999,N/A,-9999,-9999,-9999,-9999,-9999,-9999,-9999,-9999,-9999
2371,448.614074,448.613874567,-9999,1876397.9,-9999,233382.3,10.3,-1,-9999,-9999,-9999,-9999,-9999,-9999,-9999,unassigned,N/A,-9999,-9999,N/A,-9999,-9999,-9999,-9999,-9999,-9999,-9999,-9999,-9999
2372,448.668345,448.668145547,-9999,1727415.5,-9999,259299.2,9.29,-1,-9999,-9999,-9999,-9999,-9999,-9999,-9999,unassigned,N/A,-9999,-9999,N/A,-9999,-9999,-9999,-9999,-9999,-9999,-9999,-9999,-9999
2373,448.889053,448.888853465,-9999,2133983,-9999,273072.4,12.04,-1,-9999,-9999,-9999,-9999,-9999,-9999,-9999,unassigned,N/A,-9999,-9999,N/A,-9999,-9999,-9999,-9999,-9999,-9999,-9999,-9999,-9999
2374,448.892664,448.892464464,-9999,2651615.5,-9999,280291.8,15.55,-1,-9999,-9999,-9999,-9999,-9999,-9999,-9999,unassigned,N/A,-9999,-9999,N/A,-9999,-9999,-9999,-9999,-9999,-9999,-9999,-9999,-9999
2385,449.983021,449.98282106,-9999,1647266.4,-9999,225303.9,8.74,-1,-9999,-9999,-9999,-9999,-9999,-9999,-9999,unassigned,N/A,-9999,-9999,N/A,-9999,-9999,-9999,-9999,-9999,-9999,-9999,-9999,-9999
2399,452.634244,452.634043079,-9999,2799740.5,-9999,246534.1,16.55,-1,-9999,-9999,-9999,-9999,-9999,-9999,-9999,unassigned,N/A,-9999,-9999,N/A,-9999,-9999,-9999,-9999,-9999,-9999,-9999,-9999,-9999
2408,454.631042,454.63084034,-9999,3082721.3,-9999,234931.4,18.37,-1,-9999,-9999,-9999,-9999,-9999,-9999,-9999,unassigned,N/A,-9999,-9999,N/A,-9999,-9999,-9999,-9999,-9999,-9999,-9999,-9999,-9999
2409,454.932538,454.932336228,-9999,1635351.3,-9999,201357.9,8.61,-1,-9999,-9999,-9999,-9999,-9999,-9999,-9999,unassigned,N/A,-9999,-9999,N/A,-9999,-9999,-9999,-9999,-9999,-9999,-9999,-9999,-9999
2429,458.650978,458.650774852,-9999,2310831,-9999,237478.4,13.16,-1,-9999,-9999,-9999,-9999,-9999,-9999,-9999,unassigned,N/A,-9999,-9999,N/A,-9999,-9999,-9999,-9999,-9999,-9999,-9999,-9999,-9999
2430,458.866977,458.866773772,-9999,1960661.4,-9999,263145.2,10.8,-1,-9999,-9999,-9999,-9999,-9999,-9999,-9999,unassigned,N/A,-9999,-9999,N/A,-9999,-9999,-9999,-9999,-9999,-9999,-9999,-9999,-9999
2431,458.919692,458.919488752,-9999,1458910.8,-9999,273691.5,7.41,-1,-9999,-9999,-9999,-9999,-9999,-9999,-9999,unassigned,N/A,-9999,-9999,N/A,-9999,-9999,-9999,-9999,-9999,-9999,-9999,-9999,-9999
2441,459.273685,459.273481621,-9999,1883421.9,-9999,229253.9,10.27,-1,-9999,-9999,-9999,-9999,-9999,-9999,-9999,unassigned,N/A,-9999,-9999,N/A,-9999,-9999,-9999,-9999,-9999,-9999,-9999,-9999,-9999
2444,460.647973,460.647769113,-9999,2399250.3,-9999,256400.3,13.75,-1,-9999,-9999,-9999,-9999,-9999,-9999,-9999,unassigned,N/A,-9999,-9999,N/A,-9999,-9999,-9999,-9999,-9999,-9999,-9999,-9999,-9999
2445,460.906886,460.906682017,-9999,2427456.5,-9999,231726.9,13.94,-1,-9999,-9999,-9999,-9999,-9999,-9999,-9999,unassigned,N/A,-9999,-9999,N/A,-9999,-9999,-9999,-9999,-9999,-9999,-9999,-9999,-9999
2457,461.413381,461.413176829,-9999,1613466.4,-9999,250833.8,8.45,-1,-9999,-9999,-9999,-9999,-9999,-9999,-9999,unassigned,N/A,-9999,-9999,N/A,-9999,-9999,-9999,-9999,-9999,-9999,-9999,-9999,-9999
2458,462.904849,462.904644277,-9999,2597283,-9999,230489.3,15.08,-1,-9999,-9999,-9999,-9999,-9999,-9999,-9999,unassigned,N/A,-9999,-9999,N/A,-9999,-9999,-9999,-9999,-9999,-9999,-9999,-9999,-9999
2459,462.908436,462.908231276,-9999,2856867.5,-9999,235691.8,16.83,-1,-9999,-9999,-9999,-9999,-9999,-9999,-9999,unassigned,N/A,-9999,-9999,N/A,-9999,-9999,-9999,-9999,-9999,-9999,-9999,-9999,-9999
2465,464.905273,464.905067537,-9999,1791748.8,-9999,185171.5,9.65,-1,-9999,-9999,-9999,-9999,-9999,-9999,-9999,unassigned,N/A,-9999,-9999,N/A,-9999,-9999,-9999,-9999,-9999,-9999,-9999,-9999,-9999
2472,465.750679,465.750473224,-9999,1986969.9,-9999,252121.7,10.96,-1,-9999,-9999,-9999,-9999,-9999,-9999,-9999,unassigned,N/A,-9999,-9999,N/A,-9999,-9999,-9999,-9999,-9999,-9999,-9999,-9999,-9999
2475,466.903395,466.903188797,-9999,2315364.8,-9999,244951.5,13.18,-1,-9999,-9999,-9999,-9999,-9999,-9999,-9999,unassigned,N/A,-9999,-9999,N/A,-9999,-9999,-9999,-9999,-9999,-9999,-9999,-9999,-9999
2485,468.68898,468.688773136,-9999,2830237.8,-9999,247371.7,16.65,-1,-9999,-9999,-9999,-9999,-9999,-9999,-9999,unassigned,N/A,-9999,-9999,N/A,-9999,-9999,-9999,-9999,-9999,-9999,-9999,-9999,-9999
2492,469.624215,469.62400779,-9999,2157633,-9999,262103.9,12.11,-1,-9999,-9999,-9999,-9999,-9999,-9999,-9999,unassigned,N/A,-9999,-9999,N/A,-9999,-9999,-9999,-9999,-9999,-9999,-9999,-9999,-9999
2501,471.622357,471.622149051,-9999,1564060.6,-9999,268824.4,8.11,-1,-9999,-9999,-9999,-9999,-9999,-9999,-9999,unassigned,N/A,-9999,-9999,N/A,-9999,-9999,-9999,-9999,-9999,-9999,-9999,-9999,-9999
2504,472.88284,472.882631584,-9999,4638326.5,-9999,242557.4,28.83,-1,-9999,-9999,-9999,-9999,-9999,-9999,-9999,unassigned,N/A,-9999,-9999,N/A,-9999,-9999,-9999,-9999,-9999,-9999,-9999,-9999,-9999
2515,473.882471,473.882262214,-9999,1690403,-9999,224339.9,8.96,-1,-9999,-9999,-9999,-9999,-9999,-9999,-9999,unassigned,N/A,-9999,-9999,N/A,-9999,-9999,-9999,-9999,-9999,-9999,-9999,-9999,-9999
2527,476.924071,476.923861088,-9999,1890603.3,-9999,260169.2,10.26,-1,-9999,-9999,-9999,-9999,-9999,-9999,-9999,unassigned,N/A,-9999,-9999,N/A,-9999,-9999,-9999,-9999,-9999,-9999,-9999,-9999,-9999
2545,480.918985,480.91877361,-9999,5815244.5,-9999,223422.4,36.62,-1,-9999,-9999,-9999,-9999,-9999,-9999,-9999,unassigned,N/A,-9999,-9999,N/A,-9999,-9999,-9999,-9999,-9999,-9999,-9999,-9999,-9999
2552,481.918383,481.91817124,-9999,2322035,-9999,215803.1,13.15,-1,-9999,-9999,-9999,-9999,-9999,-9999,-9999,unassigned,N/A,-9999,-9999,N/A,-9999,-9999,-9999,-9999,-9999,-9999,-9999,-9999,-9999
2553,482.916066,482.915853871,-9999,2637080.3,-9999,246598.5,15.27,-1,-9999,-9999,-9999,-9999,-9999,-9999,-9999,unassigned,N/A,-9999,-9999,N/A,-9999,-9999,-9999,-9999,-9999,-9999,-9999,-9999,-9999
2565,486.898492,486.898278397,-9999,6223779,-9999,222455.5,39.35,-1,-9999,-9999,-9999,-9999,-9999,-9999,-9999,unassigned,N/A,-9999,-9999,N/A,-9999,-9999,-9999,-9999,-9999,-9999,-9999,-9999,-9999
2575,487.898118,487.897904027,-9999,1713219.6,-9999,257288.6,9.06,-1,-9999,-9999,-9999,-9999,-9999,-9999,-9999,unassigned,N/A,-9999,-9999,N/A,-9999,-9999,-9999,-9999,-9999,-9999,-9999,-9999,-9999
2577,488.601986,488.601771766,-9999,2565300.3,-9999,244789.6,14.78,-1,-9999,-9999,-9999,-9999,-9999,-9999,-9999,unassigned,N/A,-9999,-9999,N/A,-9999,-9999,-9999,-9999,-9999,-9999,-9999,-9999,-9999
2584,489.426384,489.426169461,-9999,1467191.6,-9999,260741.4,7.4,-1,-9999,-9999,-9999,-9999,-9999,-9999,-9999,unassigned,N/A,-9999,-9999,N/A,-9999,-9999,-9999,-9999,-9999,-9999,-9999,-9999,-9999
2585,490.59875,490.598535027,-9999,1811953.1,-9999,220755.9,9.72,-1,-9999,-9999,-9999,-9999,-9999,-9999,-9999,unassigned,N/A,-9999,-9999,N/A,-9999,-9999,-9999,-9999,-9999,-9999,-9999,-9999,-9999
2594,492.595927,492.595711288,-9999,1935145.4,-9999,228455.7,10.54,-1,-9999,-9999,-9999,-9999,-9999,-9999,-9999,unassigned,N/A,-9999,-9999,N/A,-9999,-9999,-9999,-9999,-9999,-9999,-9999,-9999,-9999
2602,493.290621,493.290405031,-9999,5571477,-9999,217739.6,34.96,-1,-9999,-9999,-9999,-9999,-9999,-9999,-9999,unassigned,N/A,-9999,-9999,N/A,-9999,-9999,-9999,-9999,-9999,-9999,-9999,-9999,-9999
2605,494.618873,494.618656539,-9999,2847841,-9999,205967.8,16.67,-1,-9999,-9999,-9999,-9999,-9999,-9999,-9999,unassigned,N/A,-9999,-9999,N/A,-9999,-9999,-9999,-9999,-9999,-9999,-9999,-9999,-9999
2606,494.93463,494.934413422,-9999,14578833,-9999,208527.6,95.46,-1,-9999,-9999,-9999,-9999,-9999,-9999,-9999,unassigned,N/A,-9999,-9999,N/A,-9999,-9999,-9999,-9999,-9999,-9999,-9999,-9999,-9999
2615,495.934144,495.933927052,-9999,3452201,-9999,243051.2,20.72,-1,-9999,-9999,-9999,-9999,-9999,-9999,-9999,unassigned,N/A,-9999,-9999,N/A,-9999,-9999,-9999,-9999,-9999,-9999,-9999,-9999,-9999
2616,496.61584,496.6156228,-9999,3564943.8,-9999,225170.8,21.48,-1,-9999,-9999,-9999,-9999,-9999,-9999,-9999,unassigned,N/A,-9999,-9999,N/A,-9999,-9999,-9999,-9999,-9999,-9999,-9999,-9999,-9999
2617,496.931611,496.931393683,-9999,6774207,-9999,212826.1,43.02,-1,-9999,-9999,-9999,-9999,-9999,-9999,-9999,unassigned,N/A,-9999,-9999,N/A,-9999,-9999,-9999,-9999,-9999,-9999,-9999,-9999,-9999
2622,497.930983,497.930765313,-9999,2148948.5,-9999,200303.9,11.97,-1,-9999,-9999,-9999,-9999,-9999,-9999,-9999,unassigned,N/A,-9999,-9999,N/A,-9999,-9999,-9999,-9999,-9999,-9999,-9999,-9999,-9999
2623,498.612972,498.612754061,-9999,2420921.5,-9999,219157.8,13.79,-1,-9999,-9999,-9999,-9999,-9999,-9999,-9999,unassigned,N/A,-9999,-9999,N/A,-9999,-9999,-9999,-9999,-9999,-9999,-9999,-9999,-9999
2631,500.273153,500.272934446,-9999,2201516.8,-9999,253261.2,12.32,-1,-9999,-9999,-9999,-9999,-9999,-9999,-9999,unassigned,N/A,-9999,-9999,N/A,-9999,-9999,-9999,-9999,-9999,-9999,-9999,-9999,-9999
2632,500.635751,500.635532312,-9999,2825185.5,-9999,213998.4,16.51,-1,-9999,-9999,-9999,-9999,-9999,-9999,-9999,unassigned,N/A,-9999,-9999,N/A,-9999,-9999,-9999,-9999,-9999,-9999,-9999,-9999,-9999
2633,500.914123,500.913904209,-9999,4384777.5,-9999,210143.4,26.98,-1,-9999,-9999,-9999,-9999,-9999,-9999,-9999,unassigned,N/A,-9999,-9999,N/A,-9999,-9999,-9999,-9999,-9999,-9999,-9999,-9999,-9999
2642,501.91365,501.913430839,-9999,1508505.6,-9999,263800.4,7.67,-1,-9999,-9999,-9999,-9999,-9999,-9999,-9999,unassigned,N/A,-9999,-9999,N/A,-9999,-9999,-9999,-9999,-9999,-9999,-9999,-9999,-9999
2645,502.632839,502.632619573,-9999,3684608.3,-9999,215295.9,22.27,-1,-9999,-9999,-9999,-9999,-9999,-9999,-9999,unassigned,N/A,-9999,-9999,N/A,-9999,-9999,-9999,-9999,-9999,-9999,-9999,-9999,-9999
2653,504.629821,504.629600834,-9999,4117018,-9999,212277.5,25.18,-1,-9999,-9999,-9999,-9999,-9999,-9999,-9999,unassigned,N/A,-9999,-9999,N/A,-9999,-9999,-9999,-9999,-9999,-9999,-9999,-9999,-9999
2668,507.411067,507.410845804,-9999,1681306,-9999,210307.8,8.82,-1,-9999,-9999,-9999,-9999,-9999,-9999,-9999,unassigned,N/A,-9999,-9999,N/A,-9999,-9999,-9999,-9999,-9999,-9999,-9999,-9999,-9999
2671,508.974816,508.974594226,-9999,2998893.8,-9999,170639.2,17.66,-1,-9999,-9999,-9999,-9999,-9999,-9999,-9999,unassigned,N/A,-9999,-9999,N/A,-9999,-9999,-9999,-9999,-9999,-9999,-9999,-9999,-9999
2677,509.949781,509.949558865,-9999,4631792.5,-9999,222246.4,28.63,-1,-9999,-9999,-9999,-9999,-9999,-9999,-9999,unassigned,N/A,-9999,-9999,N/A,-9999,-9999,-9999,-9999,-9999,-9999,-9999,-9999,-9999
2679,510.947346,510.947123495,-9999,8822133,-9999,205014.2,56.76,-1,-9999,-9999,-9999,-9999,-9999,-9999,-9999,unassigned,N/A,-9999,-9999,N/A,-9999,-9999,-9999,-9999,-9999,-9999,-9999,-9999,-9999
2684,511.947031,511.946808125,-9999,1477624.5,-9999,247430.6,7.45,-1,-9999,-9999,-9999,-9999,-9999,-9999,-9999,unassigned,N/A,-9999,-9999,N/A,-9999,-9999,-9999,-9999,-9999,-9999,-9999,-9999,-9999
2695,516.231691,516.23146654,-9999,1689632.3,-9999,234203.8,8.87,-1,-9999,-9999,-9999,-9999,-9999,-9999,-9999,unassigned,N/A,-9999,-9999,N/A,-9999,-9999,-9999,-9999,-9999,-9999,-9999,-9999,-9999
2696,516.268159,516.267934526,-9999,1465380.9,-9999,263110.9,7.36,-1,-9999,-9999,-9999,-9999,-9999,-9999,-9999,unassigned,N/A,-9999,-9999,N/A,-9999,-9999,-9999,-9999,-9999,-9999,-9999,-9999,-9999
2697,516.609523,516.6092984,-9999,1913424,-9999,216607.1,10.37,-1,-9999,-9999,-9999,-9999,-9999,-9999,-9999,unassigned,N/A,-9999,-9999,N/A,-9999,-9999,-9999,-9999,-9999,-9999,-9999,-9999,-9999
2702,517.31567,517.315445138,-9999,1604264.8,-9999,239902.2,8.29,-1,-9999,-9999,-9999,-9999,-9999,-9999,-9999,unassigned,N/A,-9999,-9999,N/A,-9999,-9999,-9999,-9999,-9999,-9999,-9999,-9999,-9999
2703,518.606833,518.606607661,-9999,1493833.8,-9999,222983.1,7.55,-1,-9999,-9999,-9999,-9999,-9999,-9999,-9999,unassigned,N/A,-9999,-9999,N/A,-9999,-9999,-9999,-9999,-9999,-9999,-9999,-9999,-9999
2717,523.965373,523.965145677,-9999,3078100.8,-9999,214634.9,18.18,-1,-9999,-9999,-9999,-9999,-9999,-9999,-9999,unassigned,N/A,-9999,-9999,N/A,-9999,-9999,-9999,-9999,-9999,-9999,-9999,-9999,-9999
2724,526.869982,526.869753602,-9999,3290410.8,-9999,216500.8,19.6,-1,-9999,-9999,-9999,-9999,-9999,-9999,-9999,unassigned,N/A,-9999,-9999,N/A,-9999,-9999,-9999,-9999,-9999,-9999,-9999,-9999,-9999
2728,528.867544,528.867314863,-9999,1614865.9,-9999,246909.2,8.36,-1,-9999,-9999,-9999,-9999,-9999,-9999,-9999,unassigned,N/A,-9999,-9999,N/A,-9999,-9999,-9999,-9999,-9999,-9999,-9999,-9999,-9999
2754,540.885766,540.885532414,-9999,10218306,-9999,197887.9,66.1,-1,-9999,-9999,-9999,-9999,-9999,-9999,-9999,unassigned,N/A,-9999,-9999,N/A,-9999,-9999,-9999,-9999,-9999,-9999,-9999,-9999,-9999
2760,541.88542,541.885186045,-9999,3581867.8,-9999,195991.7,21.55,-1,-9999,-9999,-9999,-9999,-9999,-9999,-9999,unassigned,N/A,-9999,-9999,N/A,-9999,-9999,-9999,-9999,-9999,-9999,-9999,-9999,-9999
2762,542.882755,542.882520675,-9999,5557269,-9999,196894.6,34.81,-1,-9999,-9999,-9999,-9999,-9999,-9999,-9999,unassigned,N/A,-9999,-9999,N/A,-9999,-9999,-9999,-9999,-9999,-9999,-9999,-9999,-9999
2767,544.29949,544.299255151,-9999,1648554,-9999,183034.1,8.58,-1,-9999,-9999,-9999,-9999,-9999,-9999,-9999,unassigned,N/A,-9999,-9999,N/A,-9999,-9999,-9999,-9999,-9999,-9999,-9999,-9999,-9999
2786,554.574491,554.574252348,-9999,1694405.9,-9999,205672.6,8.88,-1,-9999,-9999,-9999,-9999,-9999,-9999,-9999,unassigned,N/A,-9999,-9999,N/A,-9999,-9999,-9999,-9999,-9999,-9999,-9999,-9999,-9999
2787,554.901368,554.901129227,-9999,10334439,-9999,188580.1,66.95,-1,-9999,-9999,-9999,-9999,-9999,-9999,-9999,unassigned,N/A,-9999,-9999,N/A,-9999,-9999,-9999,-9999,-9999,-9999,-9999,-9999,-9999
2791,555.901032,555.900792857,-9999,3333450.5,-9999,196627,19.9,-1,-9999,-9999,-9999,-9999,-9999,-9999,-9999,unassigned,N/A,-9999,-9999,N/A,-9999,-9999,-9999,-9999,-9999,-9999,-9999,-9999,-9999
2792,556.571562,556.571322609,-9999,1572237.3,-9999,204168,8.06,-1,-9999,-9999,-9999,-9999,-9999,-9999,-9999,unassigned,N/A,-9999,-9999,N/A,-9999,-9999,-9999,-9999,-9999,-9999,-9999,-9999,-9999
2793,556.89823,556.897990488,-9999,4828589.5,-9999,188322,29.94,-1,-9999,-9999,-9999,-9999,-9999,-9999,-9999,unassigned,N/A,-9999,-9999,N/A,-9999,-9999,-9999,-9999,-9999,-9999,-9999,-9999,-9999
2796,558.436032,558.435791919,-9999,1951045.5,-9999,148272.8,10.6,-1,-9999,-9999,-9999,-9999,-9999,-9999,-9999,unassigned,N/A,-9999,-9999,N/A,-9999,-9999,-9999,-9999,-9999,-9999,-9999,-9999,-9999
2797,558.567901,558.56766087,-9999,1496402.5,-9999,191559.1,7.55,-1,-9999,-9999,-9999,-9999,-9999,-9999,-9999,unassigned,N/A,-9999,-9999,N/A,-9999,-9999,-9999,-9999,-9999,-9999,-9999,-9999,-9999
2798,558.62961,558.629369847,-9999,1492568.5,-9999,223496.2,7.52,-1,-9999,-9999,-9999,-9999,-9999,-9999,-9999,unassigned,N/A,-9999,-9999,N/A,-9999,-9999,-9999,-9999,-9999,-9999,-9999,-9999,-9999
2799,558.80559,558.805349782,-9999,1972841.8,-9999,205501.1,10.75,-1,-9999,-9999,-9999,-9999,-9999,-9999,-9999,unassigned,N/A,-9999,-9999,N/A,-9999,-9999,-9999,-9999,-9999,-9999,-9999,-9999,-9999
2800,558.907459,558.907218744,-9999,1511027.8,-9999,206664.5,7.65,-1,-9999,-9999,-9999,-9999,-9999,-9999,-9999,unassigned,N/A,-9999,-9999,N/A,-9999,-9999,-9999,-9999,-9999,-9999,-9999,-9999,-9999
2801,558.914603,558.914362742,-9999,1626996.5,-9999,109696.9,8.42,-1,-9999,-9999,-9999,-9999,-9999,-9999,-9999,unassigned,N/A,-9999,-9999,N/A,-9999,-9999,-9999,-9999,-9999,-9999,-9999,-9999,-9999
2805,560.591764,560.591523121,-9999,2133272,-9999,204109.1,11.83,-1,-9999,-9999,-9999,-9999,-9999,-9999,-9999,unassigned,N/A,-9999,-9999,N/A,-9999,-9999,-9999,-9999,-9999,-9999,-9999,-9999,-9999
2807,562.588272,562.588030382,-9999,1628120.1,-9999,191100.6,8.43,-1,-9999,-9999,-9999,-9999,-9999,-9999,-9999,unassigned,N/A,-9999,-9999,N/A,-9999,-9999,-9999,-9999,-9999,-9999,-9999,-9999,-9999
2809,564.875811,564.875568535,-9999,1486512.6,-9999,252776.1,7.48,-1,-9999,-9999,-9999,-9999,-9999,-9999,-9999,unassigned,N/A,-9999,-9999,N/A,-9999,-9999,-9999,-9999,-9999,-9999,-9999,-9999,-9999
2819,568.551213,568.550969175,-9999,1453059,-9999,219764.7,7.25,-1,-9999,-9999,-9999,-9999,-9999,-9999,-9999,unassigned,N/A,-9999,-9999,N/A,-9999,-9999,-9999,-9999,-9999,-9999,-9999,-9999,-9999
2820,568.917137,568.916893039,-9999,7382564,-9999,182881.5,47.1,-1,-9999,-9999,-9999,-9999,-9999,-9999,-9999,unassigned,N/A,-9999,-9999,N/A,-9999,-9999,-9999,-9999,-9999,-9999,-9999,-9999,-9999
2824,569.916682,569.916437669,-9999,3109501.5,-9999,194174.9,18.38,-1,-9999,-9999,-9999,-9999,-9999,-9999,-9999,unassigned,N/A,-9999,-9999,N/A,-9999,-9999,-9999,-9999,-9999,-9999,-9999,-9999,-9999
2825,570.74053,570.740285364,-9999,1489094.4,-9999,168473.3,7.49,-1,-9999,-9999,-9999,-9999,-9999,-9999,-9999,unassigned,N/A,-9999,-9999,N/A,-9999,-9999,-9999,-9999,-9999,-9999,-9999,-9999,-9999
2826,570.914109,570.9138643,-9999,3845845.5,-9999,200449.6,23.33,-1,-9999,-9999,-9999,-9999,-9999,-9999,-9999,unassigned,N/A,-9999,-9999,N/A,-9999,-9999,-9999,-9999,-9999,-9999,-9999,-9999,-9999
2828,571.913891,571.91364593,-9999,1687340.9,-9999,199472.1,8.82,-1,-9999,-9999,-9999,-9999,-9999,-9999,-9999,unassigned,N/A,-9999,-9999,N/A,-9999,-9999,-9999,-9999,-9999,-9999,-9999,-9999,-9999
2829,572.821423,572.821177594,-9999,2168699.3,-9999,215382.4,12.04,-1,-9999,-9999,-9999,-9999,-9999,-9999,-9999,unassigned,N/A,-9999,-9999,N/A,-9999,-9999,-9999,-9999,-9999,-9999,-9999,-9999,-9999
2833,576.565817,576.565570208,-9999,1957555.9,-9999,167941.5,10.62,-1,-9999,-9999,-9999,-9999,-9999,-9999,-9999,unassigned,N/A,-9999,-9999,N/A,-9999,-9999,-9999,-9999,-9999,-9999,-9999,-9999,-9999
2840,580.560297,580.56004873,-9999,1471469.4,-9999,175379.7,7.36,-1,-9999,-9999,-9999,-9999,-9999,-9999,-9999,unassigned,N/A,-9999,-9999,N/A,-9999,-9999,-9999,-9999,-9999,-9999,-9999,-9999,-9999
2846,582.871519,582.871269874,-9999,1703064.1,-9999,197349.9,8.91,-1,-9999,-9999,-9999,-9999,-9999,-9999,-9999,unassigned,N/A,-9999,-9999,N/A,-9999,-9999,-9999,-9999,-9999,-9999,-9999,-9999,-9999
2847,582.932636,582.932386852,-9999,2948764.5,-9999,201726.2,17.27,-1,-9999,-9999,-9999,-9999,-9999,-9999,-9999,unassigned,N/A,-9999,-9999,N/A,-9999,-9999,-9999,-9999,-9999,-9999,-9999,-9999,-9999
2850,583.931827,583.931577482,-9999,1595875.9,-9999,168419.5,8.19,-1,-9999,-9999,-9999,-9999,-9999,-9999,-9999,unassigned,N/A,-9999,-9999,N/A,-9999,-9999,-9999,-9999,-9999,-9999,-9999,-9999,-9999
2851,584.869848,584.869598135,-9999,1479461.3,-9999,234187.2,7.41,-1,-9999,-9999,-9999,-9999,-9999,-9999,-9999,unassigned,N/A,-9999,-9999,N/A,-9999,-9999,-9999,-9999,-9999,-9999,-9999,-9999,-9999
2856,586.837011,586.836760407,-9999,6103978,-9999,171236.2,38.45,-1,-9999,-9999,-9999,-9999,-9999,-9999,-9999,unassigned,N/A,-9999,-9999,N/A,-9999,-9999,-9999,-9999,-9999,-9999,-9999,-9999,-9999
2857,587.836759,587.836508037,-9999,1932778.6,-9999,207998,10.45,-1,-9999,-9999,-9999,-9999,-9999,-9999,-9999,unassigned,N/A,-9999,-9999,N/A,-9999,-9999,-9999,-9999,-9999,-9999,-9999,-9999,-9999
2858,588.833866,588.833614668,-9999,2673705.5,-9999,205034.6,15.42,-1,-9999,-9999,-9999,-9999,-9999,-9999,-9999,unassigned,N/A,-9999,-9999,N/A,-9999,-9999,-9999,-9999,-9999,-9999,-9999,-9999,-9999
2867,600.85265,600.852394219,-9999,4656777,-9999,199298.6,28.73,-1,-9999,-9999,-9999,-9999,-9999,-9999,-9999,unassigned,N/A,-9999,-9999,N/A,-9999,-9999,-9999,-9999,-9999,-9999,-9999,-9999,-9999
2869,601.549389,601.549132961,-9999,1477795,-9999,154766.6,7.39,-1,-9999,-9999,-9999,-9999,-9999,-9999,-9999,unassigned,N/A,-9999,-9999,N/A,-9999,-9999,-9999,-9999,-9999,-9999,-9999,-9999,-9999
2870,601.852067,601.851810849,-9999,1432749.9,-9999,170957.7,7.09,-1,-9999,-9999,-9999,-9999,-9999,-9999,-9999,unassigned,N/A,-9999,-9999,N/A,-9999,-9999,-9999,-9999,-9999,-9999,-9999,-9999,-9999
2871,602.848989,602.84873248,-9999,2874064.3,-9999,169544.1,16.77,-1,-9999,-9999,-9999,-9999,-9999,-9999,-9999,unassigned,N/A,-9999,-9999,N/A,-9999,-9999,-9999,-9999,-9999,-9999,-9999,-9999,-9999
2872,603.849812,603.84955511,-9999,1524208.5,-9999,112688.4,7.67,-1,-9999,-9999,-9999,-9999,-9999,-9999,-9999,unassigned,N/A,-9999,-9999,N/A,-9999,-9999,-9999,-9999,-9999,-9999,-9999,-9999,-9999
2877,614.868198,614.867937032,-9999,2271173.3,-9999,197440.6,12.66,-1,-9999,-9999,-9999,-9999,-9999,-9999,-9999,unassigned,N/A,-9999,-9999,N/A,-9999,-9999,-9999,-9999,-9999,-9999,-9999,-9999,-9999
2881,632.788159,632.787891399,-9999,2022553,-9999,193023,11,-1,-9999,-9999,-9999,-9999,-9999,-9999,-9999,unassigned,N/A,-9999,-9999,N/A,-9999,-9999,-9999,-9999,-9999,-9999,-9999,-9999,-9999
2882,632.878712,632.878444366,-9999,1599643,-9999,165241.8,8.17,-1,-9999,-9999,-9999,-9999,-9999,-9999,-9999,unassigned,N/A,-9999,-9999,N/A,-9999,-9999,-9999,-9999,-9999,-9999,-9999,-9999,-9999
2883,634.784624,634.78435566,-9999,1503434,-9999,167405.9,7.53,-1,-9999,-9999,-9999,-9999,-9999,-9999,-9999,unassigned,N/A,-9999,-9999,N/A,-9999,-9999,-9999,-9999,-9999,-9999,-9999,-9999,-9999
2887,646.803799,646.803526211,-9999,1548536.4,-9999,160854,7.68,-1,-9999,-9999,-9999,-9999,-9999,-9999,-9999,unassigned,N/A,-9999,-9999,N/A,-9999,-9999,-9999,-9999,-9999,-9999,-9999,-9999,-9999
2894,678.830415,678.830130358,-9999,1504020.9,-9999,167940.1,7.19,-1,-9999,-9999,-9999,-9999,-9999,-9999,-9999,unassigned,N/A,-9999,-9999,N/A,-9999,-9999,-9999,-9999,-9999,-9999,-9999,-9999,-9999
